file_path,window_index,sample_offset,label,pred,correct,split,setup,day,receiver,location,distance,sf,config,confidence
data/raw/osu_lora/Diff_Days_Indoor_Setup/Day5/Device1/IQ_1.dat,0,0,0,2,0,test,diff_days_indoor,5,0,0,0,0,0,0.357706755399704
data/raw/osu_lora/Diff_Days_Indoor_Setup/Day5/Device1/IQ_1.dat,1,78399,0,3,0,test,diff_days_indoor,5,0,0,0,0,0,0.26383110880851746
data/raw/osu_lora/Diff_Days_Indoor_Setup/Day5/Device1/IQ_1.dat,2,156798,0,2,0,test,diff_days_indoor,5,0,0,0,0,0,0.34437355399131775
data/raw/osu_lora/Diff_Days_Indoor_Setup/Day5/Device1/IQ_1.dat,3,235197,0,3,0,test,diff_days_indoor,5,0,0,0,0,0,0.2070547342300415
data/raw/osu_lora/Diff_Days_Indoor_Setup/Day5/Device1/IQ_1.dat,4,313596,0,6,0,test,diff_days_indoor,5,0,0,0,0,0,0.16698665916919708
data/raw/osu_lora/Diff_Days_Indoor_Setup/Day5/Device1/IQ_1.dat,5,391995,0,0,1,test,diff_days_indoor,5,0,0,0,0,0,0.38809654116630554
data/raw/osu_lora/Diff_Days_Indoor_Setup/Day5/Device1/IQ_1.dat,6,470394,0,1,0,test,diff_days_indoor,5,0,0,0,0,0,0.663125216960907
data/raw/osu_lora/Diff_Days_Indoor_Setup/Day5/Device1/IQ_1.dat,7,548793,0,8,0,test,diff_days_indoor,5,0,0,0,0,0,0.17850273847579956
data/raw/osu_lora/Diff_Days_Indoor_Setup/Day5/Device1/IQ_1.dat,8,627192,0,2,0,test,diff_days_indoor,5,0,0,0,0,0,0.47167107462882996
data/raw/osu_lora/Diff_Days_Indoor_Setup/Day5/Device1/IQ_1.dat,9,705591,0,3,0,test,diff_days_indoor,5,0,0,0,0,0,0.24634763598442078
data/raw/osu_lora/Diff_Days_Indoor_Setup/Day5/Device1/IQ_1.dat,10,783990,0,2,0,test,diff_days_indoor,5,0,0,0,0,0,0.5066270232200623
data/raw/osu_lora/Diff_Days_Indoor_Setup/Day5/Device1/IQ_1.dat,11,862389,0,8,0,test,diff_days_indoor,5,0,0,0,0,0,0.22580881416797638
data/raw/osu_lora/Diff_Days_Indoor_Setup/Day5/Device1/IQ_1.dat,12,940788,0,20,0,test,diff_days_indoor,5,0,0,0,0,0,0.26612982153892517
data/raw/osu_lora/Diff_Days_Indoor_Setup/Day5/Device1/IQ_1.dat,13,1019187,0,3,0,test,diff_days_indoor,5,0,0,0,0,0,0.34162676334381104
data/raw/osu_lora/Diff_Days_Indoor_Setup/Day5/Device1/IQ_1.dat,14,1097586,0,1,0,test,diff_days_indoor,5,0,0,0,0,0,0.5279635787010193
data/raw/osu_lora/Diff_Days_Indoor_Setup/Day5/Device1/IQ_1.dat,15,1175985,0,8,0,test,diff_days_indoor,5,0,0,0,0,0,0.20918796956539154
data/raw/osu_lora/Diff_Days_Indoor_Setup/Day5/Device1/IQ_1.dat,16,1254384,0,1,0,test,diff_days_indoor,5,0,0,0,0,0,0.4619894325733185
data/raw/osu_lora/Diff_Days_Indoor_Setup/Day5/Device1/IQ_1.dat,17,1332783,0,3,0,test,diff_days_indoor,5,0,0,0,0,0,0.43645283579826355
data/raw/osu_lora/Diff_Days_Indoor_Setup/Day5/Device1/IQ_1.dat,18,1411182,0,1,0,test,diff_days_indoor,5,0,0,0,0,0,0.7147643566131592
data/raw/osu_lora/Diff_Days_Indoor_Setup/Day5/Device1/IQ_1.dat,19,1489581,0,8,0,test,diff_days_indoor,5,0,0,0,0,0,0.5204635262489319
data/raw/osu_lora/Diff_Days_Indoor_Setup/Day5/Device1/IQ_1.dat,20,1567980,0,2,0,test,diff_days_indoor,5,0,0,0,0,0,0.5286809802055359
data/raw/osu_lora/Diff_Days_Indoor_Setup/Day5/Device1/IQ_1.dat,21,1646379,0,6,0,test,diff_days_indoor,5,0,0,0,0,0,0.23336872458457947
data/raw/osu_lora/Diff_Days_Indoor_Setup/Day5/Device1/IQ_1.dat,22,1724778,0,2,0,test,diff_days_indoor,5,0,0,0,0,0,0.30948784947395325
data/raw/osu_lora/Diff_Days_Indoor_Setup/Day5/Device1/IQ_1.dat,23,1803177,0,2,0,test,diff_days_indoor,5,0,0,0,0,0,0.3933868408203125
data/raw/osu_lora/Diff_Days_Indoor_Setup/Day5/Device1/IQ_1.dat,24,1881576,0,1,0,test,diff_days_indoor,5,0,0,0,0,0,0.43607598543167114
data/raw/osu_lora/Diff_Days_Indoor_Setup/Day5/Device1/IQ_1.dat,25,1959975,0,3,0,test,diff_days_indoor,5,0,0,0,0,0,0.3739827573299408
data/raw/osu_lora/Diff_Days_Indoor_Setup/Day5/Device1/IQ_1.dat,26,2038374,0,0,1,test,diff_days_indoor,5,0,0,0,0,0,0.3418895900249481
data/raw/osu_lora/Diff_Days_Indoor_Setup/Day5/Device1/IQ_1.dat,27,2116773,0,0,1,test,diff_days_indoor,5,0,0,0,0,0,0.2877955138683319
data/raw/osu_lora/Diff_Days_Indoor_Setup/Day5/Device1/IQ_1.dat,28,2195172,0,3,0,test,diff_days_indoor,5,0,0,0,0,0,0.2808963656425476
data/raw/osu_lora/Diff_Days_Indoor_Setup/Day5/Device1/IQ_1.dat,29,2273571,0,2,0,test,diff_days_indoor,5,0,0,0,0,0,0.2347753494977951
data/raw/osu_lora/Diff_Days_Indoor_Setup/Day5/Device1/IQ_1.dat,30,2351970,0,2,0,test,diff_days_indoor,5,0,0,0,0,0,0.20107944309711456
data/raw/osu_lora/Diff_Days_Indoor_Setup/Day5/Device1/IQ_1.dat,31,2430369,0,3,0,test,diff_days_indoor,5,0,0,0,0,0,0.4110638201236725
data/raw/osu_lora/Diff_Days_Indoor_Setup/Day5/Device1/IQ_1.dat,32,2508768,0,3,0,test,diff_days_indoor,5,0,0,0,0,0,0.29505643248558044
data/raw/osu_lora/Diff_Days_Indoor_Setup/Day5/Device1/IQ_1.dat,33,2587167,0,1,0,test,diff_days_indoor,5,0,0,0,0,0,0.30481159687042236
data/raw/osu_lora/Diff_Days_Indoor_Setup/Day5/Device1/IQ_1.dat,34,2665566,0,0,1,test,diff_days_indoor,5,0,0,0,0,0,0.3248177766799927
data/raw/osu_lora/Diff_Days_Indoor_Setup/Day5/Device1/IQ_1.dat,35,2743965,0,3,0,test,diff_days_indoor,5,0,0,0,0,0,0.517428457736969
data/raw/osu_lora/Diff_Days_Indoor_Setup/Day5/Device1/IQ_1.dat,36,2822364,0,0,1,test,diff_days_indoor,5,0,0,0,0,0,0.47551000118255615
data/raw/osu_lora/Diff_Days_Indoor_Setup/Day5/Device1/IQ_1.dat,37,2900763,0,3,0,test,diff_days_indoor,5,0,0,0,0,0,0.30175694823265076
data/raw/osu_lora/Diff_Days_Indoor_Setup/Day5/Device1/IQ_1.dat,38,2979162,0,8,0,test,diff_days_indoor,5,0,0,0,0,0,0.40910735726356506
data/raw/osu_lora/Diff_Days_Indoor_Setup/Day5/Device1/IQ_1.dat,39,3057561,0,2,0,test,diff_days_indoor,5,0,0,0,0,0,0.5475418567657471
data/raw/osu_lora/Diff_Days_Indoor_Setup/Day5/Device1/IQ_1.dat,40,3135960,0,8,0,test,diff_days_indoor,5,0,0,0,0,0,0.19327738881111145
data/raw/osu_lora/Diff_Days_Indoor_Setup/Day5/Device1/IQ_1.dat,41,3214359,0,6,0,test,diff_days_indoor,5,0,0,0,0,0,0.29539427161216736
data/raw/osu_lora/Diff_Days_Indoor_Setup/Day5/Device1/IQ_1.dat,42,3292758,0,0,1,test,diff_days_indoor,5,0,0,0,0,0,0.4107317626476288
data/raw/osu_lora/Diff_Days_Indoor_Setup/Day5/Device1/IQ_1.dat,43,3371157,0,0,1,test,diff_days_indoor,5,0,0,0,0,0,0.3627479076385498
data/raw/osu_lora/Diff_Days_Indoor_Setup/Day5/Device1/IQ_1.dat,44,3449556,0,2,0,test,diff_days_indoor,5,0,0,0,0,0,0.4676681160926819
data/raw/osu_lora/Diff_Days_Indoor_Setup/Day5/Device1/IQ_1.dat,45,3527955,0,3,0,test,diff_days_indoor,5,0,0,0,0,0,0.4675045907497406
data/raw/osu_lora/Diff_Days_Indoor_Setup/Day5/Device1/IQ_1.dat,46,3606354,0,2,0,test,diff_days_indoor,5,0,0,0,0,0,0.4059600234031677
data/raw/osu_lora/Diff_Days_Indoor_Setup/Day5/Device1/IQ_1.dat,47,3684753,0,3,0,test,diff_days_indoor,5,0,0,0,0,0,0.2625795304775238
data/raw/osu_lora/Diff_Days_Indoor_Setup/Day5/Device1/IQ_1.dat,48,3763152,0,2,0,test,diff_days_indoor,5,0,0,0,0,0,0.3218863308429718
data/raw/osu_lora/Diff_Days_Indoor_Setup/Day5/Device1/IQ_1.dat,49,3841551,0,20,0,test,diff_days_indoor,5,0,0,0,0,0,0.404105007648468
data/raw/osu_lora/Diff_Days_Indoor_Setup/Day5/Device1/IQ_1.dat,50,3919950,0,1,0,test,diff_days_indoor,5,0,0,0,0,0,0.6564913988113403
data/raw/osu_lora/Diff_Days_Indoor_Setup/Day5/Device1/IQ_1.dat,51,3998349,0,2,0,test,diff_days_indoor,5,0,0,0,0,0,0.425117552280426
data/raw/osu_lora/Diff_Days_Indoor_Setup/Day5/Device1/IQ_1.dat,52,4076748,0,3,0,test,diff_days_indoor,5,0,0,0,0,0,0.37348493933677673
data/raw/osu_lora/Diff_Days_Indoor_Setup/Day5/Device1/IQ_1.dat,53,4155147,0,1,0,test,diff_days_indoor,5,0,0,0,0,0,0.33223509788513184
data/raw/osu_lora/Diff_Days_Indoor_Setup/Day5/Device1/IQ_1.dat,54,4233546,0,8,0,test,diff_days_indoor,5,0,0,0,0,0,0.29890498518943787
data/raw/osu_lora/Diff_Days_Indoor_Setup/Day5/Device1/IQ_1.dat,55,4311945,0,8,0,test,diff_days_indoor,5,0,0,0,0,0,0.21392467617988586
data/raw/osu_lora/Diff_Days_Indoor_Setup/Day5/Device1/IQ_1.dat,56,4390344,0,6,0,test,diff_days_indoor,5,0,0,0,0,0,0.5533006191253662
data/raw/osu_lora/Diff_Days_Indoor_Setup/Day5/Device1/IQ_1.dat,57,4468743,0,1,0,test,diff_days_indoor,5,0,0,0,0,0,0.3629710078239441
data/raw/osu_lora/Diff_Days_Indoor_Setup/Day5/Device1/IQ_1.dat,58,4547142,0,6,0,test,diff_days_indoor,5,0,0,0,0,0,0.49554964900016785
data/raw/osu_lora/Diff_Days_Indoor_Setup/Day5/Device1/IQ_1.dat,59,4625541,0,3,0,test,diff_days_indoor,5,0,0,0,0,0,0.36159324645996094
data/raw/osu_lora/Diff_Days_Indoor_Setup/Day5/Device1/IQ_1.dat,60,4703940,0,3,0,test,diff_days_indoor,5,0,0,0,0,0,0.27496108412742615
data/raw/osu_lora/Diff_Days_Indoor_Setup/Day5/Device1/IQ_1.dat,61,4782339,0,8,0,test,diff_days_indoor,5,0,0,0,0,0,0.4079500436782837
data/raw/osu_lora/Diff_Days_Indoor_Setup/Day5/Device1/IQ_1.dat,62,4860738,0,1,0,test,diff_days_indoor,5,0,0,0,0,0,0.5889164209365845
data/raw/osu_lora/Diff_Days_Indoor_Setup/Day5/Device1/IQ_1.dat,63,4939137,0,0,1,test,diff_days_indoor,5,0,0,0,0,0,0.35589030385017395
data/raw/osu_lora/Diff_Days_Indoor_Setup/Day5/Device1/IQ_1.dat,64,5017536,0,2,0,test,diff_days_indoor,5,0,0,0,0,0,0.4593440294265747
data/raw/osu_lora/Diff_Days_Indoor_Setup/Day5/Device1/IQ_1.dat,65,5095935,0,6,0,test,diff_days_indoor,5,0,0,0,0,0,0.3678990602493286
data/raw/osu_lora/Diff_Days_Indoor_Setup/Day5/Device1/IQ_1.dat,66,5174334,0,2,0,test,diff_days_indoor,5,0,0,0,0,0,0.25224292278289795
data/raw/osu_lora/Diff_Days_Indoor_Setup/Day5/Device1/IQ_1.dat,67,5252733,0,2,0,test,diff_days_indoor,5,0,0,0,0,0,0.35068708658218384
data/raw/osu_lora/Diff_Days_Indoor_Setup/Day5/Device1/IQ_1.dat,68,5331132,0,1,0,test,diff_days_indoor,5,0,0,0,0,0,0.7432394027709961
data/raw/osu_lora/Diff_Days_Indoor_Setup/Day5/Device1/IQ_1.dat,69,5409531,0,1,0,test,diff_days_indoor,5,0,0,0,0,0,0.5771209597587585
data/raw/osu_lora/Diff_Days_Indoor_Setup/Day5/Device1/IQ_1.dat,70,5487930,0,5,0,test,diff_days_indoor,5,0,0,0,0,0,0.2746422588825226
data/raw/osu_lora/Diff_Days_Indoor_Setup/Day5/Device1/IQ_1.dat,71,5566329,0,2,0,test,diff_days_indoor,5,0,0,0,0,0,0.41153690218925476
data/raw/osu_lora/Diff_Days_Indoor_Setup/Day5/Device1/IQ_1.dat,72,5644728,0,3,0,test,diff_days_indoor,5,0,0,0,0,0,0.20960037410259247
data/raw/osu_lora/Diff_Days_Indoor_Setup/Day5/Device1/IQ_1.dat,73,5723127,0,3,0,test,diff_days_indoor,5,0,0,0,0,0,0.3195582628250122
data/raw/osu_lora/Diff_Days_Indoor_Setup/Day5/Device1/IQ_1.dat,74,5801526,0,2,0,test,diff_days_indoor,5,0,0,0,0,0,0.2447781264781952
data/raw/osu_lora/Diff_Days_Indoor_Setup/Day5/Device1/IQ_1.dat,75,5879925,0,3,0,test,diff_days_indoor,5,0,0,0,0,0,0.4293067753314972
data/raw/osu_lora/Diff_Days_Indoor_Setup/Day5/Device1/IQ_1.dat,76,5958324,0,2,0,test,diff_days_indoor,5,0,0,0,0,0,0.4131556451320648
data/raw/osu_lora/Diff_Days_Indoor_Setup/Day5/Device1/IQ_1.dat,77,6036723,0,2,0,test,diff_days_indoor,5,0,0,0,0,0,0.3981277644634247
data/raw/osu_lora/Diff_Days_Indoor_Setup/Day5/Device1/IQ_1.dat,78,6115122,0,2,0,test,diff_days_indoor,5,0,0,0,0,0,0.36820271611213684
data/raw/osu_lora/Diff_Days_Indoor_Setup/Day5/Device1/IQ_1.dat,79,6193521,0,2,0,test,diff_days_indoor,5,0,0,0,0,0,0.4166754186153412
data/raw/osu_lora/Diff_Days_Indoor_Setup/Day5/Device1/IQ_1.dat,80,6271920,0,0,1,test,diff_days_indoor,5,0,0,0,0,0,0.416768342256546
data/raw/osu_lora/Diff_Days_Indoor_Setup/Day5/Device1/IQ_1.dat,81,6350319,0,0,1,test,diff_days_indoor,5,0,0,0,0,0,0.321245402097702
data/raw/osu_lora/Diff_Days_Indoor_Setup/Day5/Device1/IQ_1.dat,82,6428718,0,1,0,test,diff_days_indoor,5,0,0,0,0,0,0.6309479475021362
data/raw/osu_lora/Diff_Days_Indoor_Setup/Day5/Device1/IQ_1.dat,83,6507117,0,3,0,test,diff_days_indoor,5,0,0,0,0,0,0.3230760991573334
data/raw/osu_lora/Diff_Days_Indoor_Setup/Day5/Device1/IQ_1.dat,84,6585516,0,0,1,test,diff_days_indoor,5,0,0,0,0,0,0.3373742401599884
data/raw/osu_lora/Diff_Days_Indoor_Setup/Day5/Device1/IQ_1.dat,85,6663915,0,1,0,test,diff_days_indoor,5,0,0,0,0,0,0.5194051861763
data/raw/osu_lora/Diff_Days_Indoor_Setup/Day5/Device1/IQ_1.dat,86,6742314,0,2,0,test,diff_days_indoor,5,0,0,0,0,0,0.4682881236076355
data/raw/osu_lora/Diff_Days_Indoor_Setup/Day5/Device1/IQ_1.dat,87,6820713,0,2,0,test,diff_days_indoor,5,0,0,0,0,0,0.4141028821468353
data/raw/osu_lora/Diff_Days_Indoor_Setup/Day5/Device1/IQ_1.dat,88,6899112,0,6,0,test,diff_days_indoor,5,0,0,0,0,0,0.19704845547676086
data/raw/osu_lora/Diff_Days_Indoor_Setup/Day5/Device1/IQ_1.dat,89,6977511,0,2,0,test,diff_days_indoor,5,0,0,0,0,0,0.476048082113266
data/raw/osu_lora/Diff_Days_Indoor_Setup/Day5/Device1/IQ_1.dat,90,7055910,0,6,0,test,diff_days_indoor,5,0,0,0,0,0,0.32413122057914734
data/raw/osu_lora/Diff_Days_Indoor_Setup/Day5/Device1/IQ_1.dat,91,7134309,0,1,0,test,diff_days_indoor,5,0,0,0,0,0,0.5293861031532288
data/raw/osu_lora/Diff_Days_Indoor_Setup/Day5/Device1/IQ_1.dat,92,7212708,0,2,0,test,diff_days_indoor,5,0,0,0,0,0,0.24689793586730957
data/raw/osu_lora/Diff_Days_Indoor_Setup/Day5/Device1/IQ_1.dat,93,7291107,0,0,1,test,diff_days_indoor,5,0,0,0,0,0,0.5439068078994751
data/raw/osu_lora/Diff_Days_Indoor_Setup/Day5/Device1/IQ_1.dat,94,7369506,0,8,0,test,diff_days_indoor,5,0,0,0,0,0,0.272528737783432
data/raw/osu_lora/Diff_Days_Indoor_Setup/Day5/Device1/IQ_1.dat,95,7447905,0,3,0,test,diff_days_indoor,5,0,0,0,0,0,0.33276593685150146
data/raw/osu_lora/Diff_Days_Indoor_Setup/Day5/Device1/IQ_1.dat,96,7526304,0,8,0,test,diff_days_indoor,5,0,0,0,0,0,0.24123981595039368
data/raw/osu_lora/Diff_Days_Indoor_Setup/Day5/Device1/IQ_1.dat,97,7604703,0,2,0,test,diff_days_indoor,5,0,0,0,0,0,0.43823185563087463
data/raw/osu_lora/Diff_Days_Indoor_Setup/Day5/Device1/IQ_1.dat,98,7683102,0,2,0,test,diff_days_indoor,5,0,0,0,0,0,0.4175817668437958
data/raw/osu_lora/Diff_Days_Indoor_Setup/Day5/Device1/IQ_1.dat,99,7761501,0,1,0,test,diff_days_indoor,5,0,0,0,0,0,0.484976589679718
data/raw/osu_lora/Diff_Days_Indoor_Setup/Day5/Device1/IQ_1.dat,100,7839900,0,20,0,test,diff_days_indoor,5,0,0,0,0,0,0.35871627926826477
data/raw/osu_lora/Diff_Days_Indoor_Setup/Day5/Device1/IQ_1.dat,101,7918299,0,3,0,test,diff_days_indoor,5,0,0,0,0,0,0.40337347984313965
data/raw/osu_lora/Diff_Days_Indoor_Setup/Day5/Device1/IQ_1.dat,102,7996698,0,6,0,test,diff_days_indoor,5,0,0,0,0,0,0.29148396849632263
data/raw/osu_lora/Diff_Days_Indoor_Setup/Day5/Device1/IQ_1.dat,103,8075097,0,3,0,test,diff_days_indoor,5,0,0,0,0,0,0.39938250184059143
data/raw/osu_lora/Diff_Days_Indoor_Setup/Day5/Device1/IQ_1.dat,104,8153496,0,0,1,test,diff_days_indoor,5,0,0,0,0,0,0.42313942313194275
data/raw/osu_lora/Diff_Days_Indoor_Setup/Day5/Device1/IQ_1.dat,105,8231895,0,3,0,test,diff_days_indoor,5,0,0,0,0,0,0.4077891707420349
data/raw/osu_lora/Diff_Days_Indoor_Setup/Day5/Device1/IQ_1.dat,106,8310294,0,2,0,test,diff_days_indoor,5,0,0,0,0,0,0.47306767106056213
data/raw/osu_lora/Diff_Days_Indoor_Setup/Day5/Device1/IQ_1.dat,107,8388693,0,8,0,test,diff_days_indoor,5,0,0,0,0,0,0.35483089089393616
data/raw/osu_lora/Diff_Days_Indoor_Setup/Day5/Device1/IQ_1.dat,108,8467092,0,3,0,test,diff_days_indoor,5,0,0,0,0,0,0.4148612320423126
data/raw/osu_lora/Diff_Days_Indoor_Setup/Day5/Device1/IQ_1.dat,109,8545491,0,6,0,test,diff_days_indoor,5,0,0,0,0,0,0.26863881945610046
data/raw/osu_lora/Diff_Days_Indoor_Setup/Day5/Device1/IQ_1.dat,110,8623890,0,1,0,test,diff_days_indoor,5,0,0,0,0,0,0.30841803550720215
data/raw/osu_lora/Diff_Days_Indoor_Setup/Day5/Device1/IQ_1.dat,111,8702289,0,2,0,test,diff_days_indoor,5,0,0,0,0,0,0.33767929673194885
data/raw/osu_lora/Diff_Days_Indoor_Setup/Day5/Device1/IQ_1.dat,112,8780688,0,2,0,test,diff_days_indoor,5,0,0,0,0,0,0.4508211314678192
data/raw/osu_lora/Diff_Days_Indoor_Setup/Day5/Device1/IQ_1.dat,113,8859087,0,3,0,test,diff_days_indoor,5,0,0,0,0,0,0.3866739571094513
data/raw/osu_lora/Diff_Days_Indoor_Setup/Day5/Device1/IQ_1.dat,114,8937486,0,6,0,test,diff_days_indoor,5,0,0,0,0,0,0.5135499238967896
data/raw/osu_lora/Diff_Days_Indoor_Setup/Day5/Device1/IQ_1.dat,115,9015885,0,2,0,test,diff_days_indoor,5,0,0,0,0,0,0.4551472067832947
data/raw/osu_lora/Diff_Days_Indoor_Setup/Day5/Device1/IQ_1.dat,116,9094284,0,6,0,test,diff_days_indoor,5,0,0,0,0,0,0.16345593333244324
data/raw/osu_lora/Diff_Days_Indoor_Setup/Day5/Device1/IQ_1.dat,117,9172683,0,3,0,test,diff_days_indoor,5,0,0,0,0,0,0.3507292568683624
data/raw/osu_lora/Diff_Days_Indoor_Setup/Day5/Device1/IQ_1.dat,118,9251082,0,2,0,test,diff_days_indoor,5,0,0,0,0,0,0.48303455114364624
data/raw/osu_lora/Diff_Days_Indoor_Setup/Day5/Device1/IQ_1.dat,119,9329481,0,3,0,test,diff_days_indoor,5,0,0,0,0,0,0.36820679903030396
data/raw/osu_lora/Diff_Days_Indoor_Setup/Day5/Device1/IQ_1.dat,120,9407880,0,1,0,test,diff_days_indoor,5,0,0,0,0,0,0.4413984417915344
data/raw/osu_lora/Diff_Days_Indoor_Setup/Day5/Device1/IQ_1.dat,121,9486279,0,3,0,test,diff_days_indoor,5,0,0,0,0,0,0.2954879701137543
data/raw/osu_lora/Diff_Days_Indoor_Setup/Day5/Device1/IQ_1.dat,122,9564678,0,6,0,test,diff_days_indoor,5,0,0,0,0,0,0.2713737487792969
data/raw/osu_lora/Diff_Days_Indoor_Setup/Day5/Device1/IQ_1.dat,123,9643077,0,6,0,test,diff_days_indoor,5,0,0,0,0,0,0.3831551969051361
data/raw/osu_lora/Diff_Days_Indoor_Setup/Day5/Device1/IQ_1.dat,124,9721476,0,6,0,test,diff_days_indoor,5,0,0,0,0,0,0.3879174292087555
data/raw/osu_lora/Diff_Days_Indoor_Setup/Day5/Device1/IQ_1.dat,125,9799875,0,2,0,test,diff_days_indoor,5,0,0,0,0,0,0.2659130096435547
data/raw/osu_lora/Diff_Days_Indoor_Setup/Day5/Device1/IQ_1.dat,126,9878274,0,8,0,test,diff_days_indoor,5,0,0,0,0,0,0.377575546503067
data/raw/osu_lora/Diff_Days_Indoor_Setup/Day5/Device1/IQ_1.dat,127,9956673,0,2,0,test,diff_days_indoor,5,0,0,0,0,0,0.31770727038383484
data/raw/osu_lora/Diff_Days_Indoor_Setup/Day5/Device1/IQ_1.dat,128,10035072,0,1,0,test,diff_days_indoor,5,0,0,0,0,0,0.44404637813568115
data/raw/osu_lora/Diff_Days_Indoor_Setup/Day5/Device1/IQ_1.dat,129,10113471,0,3,0,test,diff_days_indoor,5,0,0,0,0,0,0.3770589232444763
data/raw/osu_lora/Diff_Days_Indoor_Setup/Day5/Device1/IQ_1.dat,130,10191870,0,3,0,test,diff_days_indoor,5,0,0,0,0,0,0.4845793843269348
data/raw/osu_lora/Diff_Days_Indoor_Setup/Day5/Device1/IQ_1.dat,131,10270269,0,0,1,test,diff_days_indoor,5,0,0,0,0,0,0.4971989393234253
data/raw/osu_lora/Diff_Days_Indoor_Setup/Day5/Device1/IQ_1.dat,132,10348668,0,6,0,test,diff_days_indoor,5,0,0,0,0,0,0.7013689875602722
data/raw/osu_lora/Diff_Days_Indoor_Setup/Day5/Device1/IQ_1.dat,133,10427067,0,2,0,test,diff_days_indoor,5,0,0,0,0,0,0.2466813325881958
data/raw/osu_lora/Diff_Days_Indoor_Setup/Day5/Device1/IQ_1.dat,134,10505466,0,1,0,test,diff_days_indoor,5,0,0,0,0,0,0.44972655177116394
data/raw/osu_lora/Diff_Days_Indoor_Setup/Day5/Device1/IQ_1.dat,135,10583865,0,20,0,test,diff_days_indoor,5,0,0,0,0,0,0.36404937505722046
data/raw/osu_lora/Diff_Days_Indoor_Setup/Day5/Device1/IQ_1.dat,136,10662264,0,2,0,test,diff_days_indoor,5,0,0,0,0,0,0.4756503105163574
data/raw/osu_lora/Diff_Days_Indoor_Setup/Day5/Device1/IQ_1.dat,137,10740663,0,5,0,test,diff_days_indoor,5,0,0,0,0,0,0.21081574261188507
data/raw/osu_lora/Diff_Days_Indoor_Setup/Day5/Device1/IQ_1.dat,138,10819062,0,2,0,test,diff_days_indoor,5,0,0,0,0,0,0.49337416887283325
data/raw/osu_lora/Diff_Days_Indoor_Setup/Day5/Device1/IQ_1.dat,139,10897461,0,1,0,test,diff_days_indoor,5,0,0,0,0,0,0.5512398481369019
data/raw/osu_lora/Diff_Days_Indoor_Setup/Day5/Device1/IQ_1.dat,140,10975860,0,1,0,test,diff_days_indoor,5,0,0,0,0,0,0.4724465608596802
data/raw/osu_lora/Diff_Days_Indoor_Setup/Day5/Device1/IQ_1.dat,141,11054259,0,2,0,test,diff_days_indoor,5,0,0,0,0,0,0.3440684974193573
data/raw/osu_lora/Diff_Days_Indoor_Setup/Day5/Device1/IQ_1.dat,142,11132658,0,0,1,test,diff_days_indoor,5,0,0,0,0,0,0.39586877822875977
data/raw/osu_lora/Diff_Days_Indoor_Setup/Day5/Device1/IQ_1.dat,143,11211057,0,0,1,test,diff_days_indoor,5,0,0,0,0,0,0.3561133146286011
data/raw/osu_lora/Diff_Days_Indoor_Setup/Day5/Device1/IQ_1.dat,144,11289456,0,2,0,test,diff_days_indoor,5,0,0,0,0,0,0.414902001619339
data/raw/osu_lora/Diff_Days_Indoor_Setup/Day5/Device1/IQ_1.dat,145,11367855,0,8,0,test,diff_days_indoor,5,0,0,0,0,0,0.33697813749313354
data/raw/osu_lora/Diff_Days_Indoor_Setup/Day5/Device1/IQ_1.dat,146,11446254,0,2,0,test,diff_days_indoor,5,0,0,0,0,0,0.4540030360221863
data/raw/osu_lora/Diff_Days_Indoor_Setup/Day5/Device1/IQ_1.dat,147,11524653,0,2,0,test,diff_days_indoor,5,0,0,0,0,0,0.43520283699035645
data/raw/osu_lora/Diff_Days_Indoor_Setup/Day5/Device1/IQ_1.dat,148,11603052,0,1,0,test,diff_days_indoor,5,0,0,0,0,0,0.6326665282249451
data/raw/osu_lora/Diff_Days_Indoor_Setup/Day5/Device1/IQ_1.dat,149,11681451,0,6,0,test,diff_days_indoor,5,0,0,0,0,0,0.3794379234313965
data/raw/osu_lora/Diff_Days_Indoor_Setup/Day5/Device1/IQ_1.dat,150,11759850,0,1,0,test,diff_days_indoor,5,0,0,0,0,0,0.7204535603523254
data/raw/osu_lora/Diff_Days_Indoor_Setup/Day5/Device1/IQ_1.dat,151,11838249,0,6,0,test,diff_days_indoor,5,0,0,0,0,0,0.20658671855926514
data/raw/osu_lora/Diff_Days_Indoor_Setup/Day5/Device1/IQ_1.dat,152,11916648,0,1,0,test,diff_days_indoor,5,0,0,0,0,0,0.5481823682785034
data/raw/osu_lora/Diff_Days_Indoor_Setup/Day5/Device1/IQ_1.dat,153,11995047,0,2,0,test,diff_days_indoor,5,0,0,0,0,0,0.5181910395622253
data/raw/osu_lora/Diff_Days_Indoor_Setup/Day5/Device1/IQ_1.dat,154,12073446,0,2,0,test,diff_days_indoor,5,0,0,0,0,0,0.5104582905769348
data/raw/osu_lora/Diff_Days_Indoor_Setup/Day5/Device1/IQ_1.dat,155,12151845,0,6,0,test,diff_days_indoor,5,0,0,0,0,0,0.3811105787754059
data/raw/osu_lora/Diff_Days_Indoor_Setup/Day5/Device1/IQ_1.dat,156,12230244,0,2,0,test,diff_days_indoor,5,0,0,0,0,0,0.49890726804733276
data/raw/osu_lora/Diff_Days_Indoor_Setup/Day5/Device1/IQ_1.dat,157,12308643,0,6,0,test,diff_days_indoor,5,0,0,0,0,0,0.7004320025444031
data/raw/osu_lora/Diff_Days_Indoor_Setup/Day5/Device1/IQ_1.dat,158,12387042,0,8,0,test,diff_days_indoor,5,0,0,0,0,0,0.4142073392868042
data/raw/osu_lora/Diff_Days_Indoor_Setup/Day5/Device1/IQ_1.dat,159,12465441,0,2,0,test,diff_days_indoor,5,0,0,0,0,0,0.23328807950019836
data/raw/osu_lora/Diff_Days_Indoor_Setup/Day5/Device1/IQ_1.dat,160,12543840,0,0,1,test,diff_days_indoor,5,0,0,0,0,0,0.5689717531204224
data/raw/osu_lora/Diff_Days_Indoor_Setup/Day5/Device1/IQ_1.dat,161,12622239,0,1,0,test,diff_days_indoor,5,0,0,0,0,0,0.4923875629901886
data/raw/osu_lora/Diff_Days_Indoor_Setup/Day5/Device1/IQ_1.dat,162,12700638,0,1,0,test,diff_days_indoor,5,0,0,0,0,0,0.3677248954772949
data/raw/osu_lora/Diff_Days_Indoor_Setup/Day5/Device1/IQ_1.dat,163,12779037,0,8,0,test,diff_days_indoor,5,0,0,0,0,0,0.24371682107448578
data/raw/osu_lora/Diff_Days_Indoor_Setup/Day5/Device1/IQ_1.dat,164,12857436,0,2,0,test,diff_days_indoor,5,0,0,0,0,0,0.5065586566925049
data/raw/osu_lora/Diff_Days_Indoor_Setup/Day5/Device1/IQ_1.dat,165,12935835,0,2,0,test,diff_days_indoor,5,0,0,0,0,0,0.37848228216171265
data/raw/osu_lora/Diff_Days_Indoor_Setup/Day5/Device1/IQ_1.dat,166,13014234,0,3,0,test,diff_days_indoor,5,0,0,0,0,0,0.2516273558139801
data/raw/osu_lora/Diff_Days_Indoor_Setup/Day5/Device1/IQ_1.dat,167,13092633,0,8,0,test,diff_days_indoor,5,0,0,0,0,0,0.32341861724853516
data/raw/osu_lora/Diff_Days_Indoor_Setup/Day5/Device1/IQ_1.dat,168,13171032,0,2,0,test,diff_days_indoor,5,0,0,0,0,0,0.40630197525024414
data/raw/osu_lora/Diff_Days_Indoor_Setup/Day5/Device1/IQ_1.dat,169,13249431,0,6,0,test,diff_days_indoor,5,0,0,0,0,0,0.7289329171180725
data/raw/osu_lora/Diff_Days_Indoor_Setup/Day5/Device1/IQ_1.dat,170,13327830,0,0,1,test,diff_days_indoor,5,0,0,0,0,0,0.44228318333625793
data/raw/osu_lora/Diff_Days_Indoor_Setup/Day5/Device1/IQ_1.dat,171,13406229,0,0,1,test,diff_days_indoor,5,0,0,0,0,0,0.5042573809623718
data/raw/osu_lora/Diff_Days_Indoor_Setup/Day5/Device1/IQ_1.dat,172,13484628,0,1,0,test,diff_days_indoor,5,0,0,0,0,0,0.6799755692481995
data/raw/osu_lora/Diff_Days_Indoor_Setup/Day5/Device1/IQ_1.dat,173,13563027,0,2,0,test,diff_days_indoor,5,0,0,0,0,0,0.3440766930580139
data/raw/osu_lora/Diff_Days_Indoor_Setup/Day5/Device1/IQ_1.dat,174,13641426,0,2,0,test,diff_days_indoor,5,0,0,0,0,0,0.3877463936805725
data/raw/osu_lora/Diff_Days_Indoor_Setup/Day5/Device1/IQ_1.dat,175,13719825,0,2,0,test,diff_days_indoor,5,0,0,0,0,0,0.315420925617218
data/raw/osu_lora/Diff_Days_Indoor_Setup/Day5/Device1/IQ_1.dat,176,13798224,0,2,0,test,diff_days_indoor,5,0,0,0,0,0,0.5112138390541077
data/raw/osu_lora/Diff_Days_Indoor_Setup/Day5/Device1/IQ_1.dat,177,13876623,0,2,0,test,diff_days_indoor,5,0,0,0,0,0,0.36443185806274414
data/raw/osu_lora/Diff_Days_Indoor_Setup/Day5/Device1/IQ_1.dat,178,13955022,0,2,0,test,diff_days_indoor,5,0,0,0,0,0,0.4648885428905487
data/raw/osu_lora/Diff_Days_Indoor_Setup/Day5/Device1/IQ_1.dat,179,14033421,0,0,1,test,diff_days_indoor,5,0,0,0,0,0,0.34162798523902893
data/raw/osu_lora/Diff_Days_Indoor_Setup/Day5/Device1/IQ_1.dat,180,14111820,0,3,0,test,diff_days_indoor,5,0,0,0,0,0,0.35941973328590393
data/raw/osu_lora/Diff_Days_Indoor_Setup/Day5/Device1/IQ_1.dat,181,14190219,0,3,0,test,diff_days_indoor,5,0,0,0,0,0,0.29287734627723694
data/raw/osu_lora/Diff_Days_Indoor_Setup/Day5/Device1/IQ_1.dat,182,14268618,0,1,0,test,diff_days_indoor,5,0,0,0,0,0,0.4811525046825409
data/raw/osu_lora/Diff_Days_Indoor_Setup/Day5/Device1/IQ_1.dat,183,14347017,0,3,0,test,diff_days_indoor,5,0,0,0,0,0,0.2632875442504883
data/raw/osu_lora/Diff_Days_Indoor_Setup/Day5/Device1/IQ_1.dat,184,14425416,0,23,0,test,diff_days_indoor,5,0,0,0,0,0,0.41228508949279785
data/raw/osu_lora/Diff_Days_Indoor_Setup/Day5/Device1/IQ_1.dat,185,14503815,0,0,1,test,diff_days_indoor,5,0,0,0,0,0,0.2730112671852112
data/raw/osu_lora/Diff_Days_Indoor_Setup/Day5/Device1/IQ_1.dat,186,14582214,0,2,0,test,diff_days_indoor,5,0,0,0,0,0,0.47680771350860596
data/raw/osu_lora/Diff_Days_Indoor_Setup/Day5/Device1/IQ_1.dat,187,14660613,0,2,0,test,diff_days_indoor,5,0,0,0,0,0,0.20602929592132568
data/raw/osu_lora/Diff_Days_Indoor_Setup/Day5/Device1/IQ_1.dat,188,14739012,0,3,0,test,diff_days_indoor,5,0,0,0,0,0,0.3398595452308655
data/raw/osu_lora/Diff_Days_Indoor_Setup/Day5/Device1/IQ_1.dat,189,14817411,0,3,0,test,diff_days_indoor,5,0,0,0,0,0,0.3331581652164459
data/raw/osu_lora/Diff_Days_Indoor_Setup/Day5/Device1/IQ_1.dat,190,14895810,0,6,0,test,diff_days_indoor,5,0,0,0,0,0,0.3998607397079468
data/raw/osu_lora/Diff_Days_Indoor_Setup/Day5/Device1/IQ_1.dat,191,14974209,0,3,0,test,diff_days_indoor,5,0,0,0,0,0,0.41032740473747253
data/raw/osu_lora/Diff_Days_Indoor_Setup/Day5/Device1/IQ_1.dat,192,15052608,0,2,0,test,diff_days_indoor,5,0,0,0,0,0,0.4300541579723358
data/raw/osu_lora/Diff_Days_Indoor_Setup/Day5/Device1/IQ_1.dat,193,15131007,0,2,0,test,diff_days_indoor,5,0,0,0,0,0,0.27417176961898804
data/raw/osu_lora/Diff_Days_Indoor_Setup/Day5/Device1/IQ_1.dat,194,15209406,0,3,0,test,diff_days_indoor,5,0,0,0,0,0,0.3375498652458191
data/raw/osu_lora/Diff_Days_Indoor_Setup/Day5/Device1/IQ_1.dat,195,15287805,0,2,0,test,diff_days_indoor,5,0,0,0,0,0,0.2012261003255844
data/raw/osu_lora/Diff_Days_Indoor_Setup/Day5/Device1/IQ_1.dat,196,15366204,0,2,0,test,diff_days_indoor,5,0,0,0,0,0,0.4391694962978363
data/raw/osu_lora/Diff_Days_Indoor_Setup/Day5/Device1/IQ_1.dat,197,15444603,0,7,0,test,diff_days_indoor,5,0,0,0,0,0,0.15965408086776733
data/raw/osu_lora/Diff_Days_Indoor_Setup/Day5/Device1/IQ_1.dat,198,15523002,0,0,1,test,diff_days_indoor,5,0,0,0,0,0,0.46668827533721924
data/raw/osu_lora/Diff_Days_Indoor_Setup/Day5/Device1/IQ_1.dat,199,15601401,0,3,0,test,diff_days_indoor,5,0,0,0,0,0,0.27517545223236084
data/raw/osu_lora/Diff_Days_Indoor_Setup/Day5/Device1/IQ_1.dat,200,15679800,0,3,0,test,diff_days_indoor,5,0,0,0,0,0,0.35840192437171936
data/raw/osu_lora/Diff_Days_Indoor_Setup/Day5/Device1/IQ_1.dat,201,15758199,0,3,0,test,diff_days_indoor,5,0,0,0,0,0,0.29536280035972595
data/raw/osu_lora/Diff_Days_Indoor_Setup/Day5/Device1/IQ_1.dat,202,15836598,0,1,0,test,diff_days_indoor,5,0,0,0,0,0,0.5874201655387878
data/raw/osu_lora/Diff_Days_Indoor_Setup/Day5/Device1/IQ_1.dat,203,15914997,0,1,0,test,diff_days_indoor,5,0,0,0,0,0,0.3821602165699005
data/raw/osu_lora/Diff_Days_Indoor_Setup/Day5/Device1/IQ_1.dat,204,15993396,0,5,0,test,diff_days_indoor,5,0,0,0,0,0,0.18348254263401031
data/raw/osu_lora/Diff_Days_Indoor_Setup/Day5/Device1/IQ_1.dat,205,16071795,0,0,1,test,diff_days_indoor,5,0,0,0,0,0,0.1765763908624649
data/raw/osu_lora/Diff_Days_Indoor_Setup/Day5/Device1/IQ_1.dat,206,16150194,0,2,0,test,diff_days_indoor,5,0,0,0,0,0,0.33658862113952637
data/raw/osu_lora/Diff_Days_Indoor_Setup/Day5/Device1/IQ_1.dat,207,16228593,0,2,0,test,diff_days_indoor,5,0,0,0,0,0,0.4155130684375763
data/raw/osu_lora/Diff_Days_Indoor_Setup/Day5/Device1/IQ_1.dat,208,16306992,0,2,0,test,diff_days_indoor,5,0,0,0,0,0,0.470744788646698
data/raw/osu_lora/Diff_Days_Indoor_Setup/Day5/Device1/IQ_1.dat,209,16385391,0,1,0,test,diff_days_indoor,5,0,0,0,0,0,0.7274565696716309
data/raw/osu_lora/Diff_Days_Indoor_Setup/Day5/Device1/IQ_1.dat,210,16463790,0,2,0,test,diff_days_indoor,5,0,0,0,0,0,0.38731199502944946
data/raw/osu_lora/Diff_Days_Indoor_Setup/Day5/Device1/IQ_1.dat,211,16542189,0,5,0,test,diff_days_indoor,5,0,0,0,0,0,0.24727003276348114
data/raw/osu_lora/Diff_Days_Indoor_Setup/Day5/Device1/IQ_1.dat,212,16620588,0,3,0,test,diff_days_indoor,5,0,0,0,0,0,0.2143813818693161
data/raw/osu_lora/Diff_Days_Indoor_Setup/Day5/Device1/IQ_1.dat,213,16698987,0,2,0,test,diff_days_indoor,5,0,0,0,0,0,0.5512148141860962
data/raw/osu_lora/Diff_Days_Indoor_Setup/Day5/Device1/IQ_1.dat,214,16777386,0,20,0,test,diff_days_indoor,5,0,0,0,0,0,0.2598784267902374
data/raw/osu_lora/Diff_Days_Indoor_Setup/Day5/Device1/IQ_1.dat,215,16855785,0,3,0,test,diff_days_indoor,5,0,0,0,0,0,0.29035258293151855
data/raw/osu_lora/Diff_Days_Indoor_Setup/Day5/Device1/IQ_1.dat,216,16934184,0,6,0,test,diff_days_indoor,5,0,0,0,0,0,0.3245897889137268
data/raw/osu_lora/Diff_Days_Indoor_Setup/Day5/Device1/IQ_1.dat,217,17012583,0,3,0,test,diff_days_indoor,5,0,0,0,0,0,0.35529905557632446
data/raw/osu_lora/Diff_Days_Indoor_Setup/Day5/Device1/IQ_1.dat,218,17090982,0,8,0,test,diff_days_indoor,5,0,0,0,0,0,0.3314869701862335
data/raw/osu_lora/Diff_Days_Indoor_Setup/Day5/Device1/IQ_1.dat,219,17169381,0,0,1,test,diff_days_indoor,5,0,0,0,0,0,0.3863105773925781
data/raw/osu_lora/Diff_Days_Indoor_Setup/Day5/Device1/IQ_1.dat,220,17247780,0,2,0,test,diff_days_indoor,5,0,0,0,0,0,0.5228409767150879
data/raw/osu_lora/Diff_Days_Indoor_Setup/Day5/Device1/IQ_1.dat,221,17326179,0,1,0,test,diff_days_indoor,5,0,0,0,0,0,0.37285396456718445
data/raw/osu_lora/Diff_Days_Indoor_Setup/Day5/Device1/IQ_1.dat,222,17404578,0,6,0,test,diff_days_indoor,5,0,0,0,0,0,0.34946122765541077
data/raw/osu_lora/Diff_Days_Indoor_Setup/Day5/Device1/IQ_1.dat,223,17482977,0,2,0,test,diff_days_indoor,5,0,0,0,0,0,0.3641289174556732
data/raw/osu_lora/Diff_Days_Indoor_Setup/Day5/Device1/IQ_1.dat,224,17561376,0,2,0,test,diff_days_indoor,5,0,0,0,0,0,0.31397098302841187
data/raw/osu_lora/Diff_Days_Indoor_Setup/Day5/Device1/IQ_1.dat,225,17639775,0,8,0,test,diff_days_indoor,5,0,0,0,0,0,0.344821959733963
data/raw/osu_lora/Diff_Days_Indoor_Setup/Day5/Device1/IQ_1.dat,226,17718174,0,2,0,test,diff_days_indoor,5,0,0,0,0,0,0.32063430547714233
data/raw/osu_lora/Diff_Days_Indoor_Setup/Day5/Device1/IQ_1.dat,227,17796573,0,2,0,test,diff_days_indoor,5,0,0,0,0,0,0.3465200960636139
data/raw/osu_lora/Diff_Days_Indoor_Setup/Day5/Device1/IQ_1.dat,228,17874972,0,2,0,test,diff_days_indoor,5,0,0,0,0,0,0.3533574044704437
data/raw/osu_lora/Diff_Days_Indoor_Setup/Day5/Device1/IQ_1.dat,229,17953371,0,2,0,test,diff_days_indoor,5,0,0,0,0,0,0.4330136179924011
data/raw/osu_lora/Diff_Days_Indoor_Setup/Day5/Device1/IQ_1.dat,230,18031770,0,1,0,test,diff_days_indoor,5,0,0,0,0,0,0.4828321039676666
data/raw/osu_lora/Diff_Days_Indoor_Setup/Day5/Device1/IQ_1.dat,231,18110169,0,22,0,test,diff_days_indoor,5,0,0,0,0,0,0.599979043006897
data/raw/osu_lora/Diff_Days_Indoor_Setup/Day5/Device1/IQ_1.dat,232,18188568,0,2,0,test,diff_days_indoor,5,0,0,0,0,0,0.3712250888347626
data/raw/osu_lora/Diff_Days_Indoor_Setup/Day5/Device1/IQ_1.dat,233,18266967,0,1,0,test,diff_days_indoor,5,0,0,0,0,0,0.5394892692565918
data/raw/osu_lora/Diff_Days_Indoor_Setup/Day5/Device1/IQ_1.dat,234,18345366,0,6,0,test,diff_days_indoor,5,0,0,0,0,0,0.43056896328926086
data/raw/osu_lora/Diff_Days_Indoor_Setup/Day5/Device1/IQ_1.dat,235,18423765,0,2,0,test,diff_days_indoor,5,0,0,0,0,0,0.6002822518348694
data/raw/osu_lora/Diff_Days_Indoor_Setup/Day5/Device1/IQ_1.dat,236,18502164,0,6,0,test,diff_days_indoor,5,0,0,0,0,0,0.3177665174007416
data/raw/osu_lora/Diff_Days_Indoor_Setup/Day5/Device1/IQ_1.dat,237,18580563,0,2,0,test,diff_days_indoor,5,0,0,0,0,0,0.43072575330734253
data/raw/osu_lora/Diff_Days_Indoor_Setup/Day5/Device1/IQ_1.dat,238,18658962,0,2,0,test,diff_days_indoor,5,0,0,0,0,0,0.5195554494857788
data/raw/osu_lora/Diff_Days_Indoor_Setup/Day5/Device1/IQ_1.dat,239,18737361,0,2,0,test,diff_days_indoor,5,0,0,0,0,0,0.28289535641670227
data/raw/osu_lora/Diff_Days_Indoor_Setup/Day5/Device1/IQ_1.dat,240,18815760,0,5,0,test,diff_days_indoor,5,0,0,0,0,0,0.2827856242656708
data/raw/osu_lora/Diff_Days_Indoor_Setup/Day5/Device1/IQ_1.dat,241,18894159,0,2,0,test,diff_days_indoor,5,0,0,0,0,0,0.279384583234787
data/raw/osu_lora/Diff_Days_Indoor_Setup/Day5/Device1/IQ_1.dat,242,18972558,0,6,0,test,diff_days_indoor,5,0,0,0,0,0,0.4868828058242798
data/raw/osu_lora/Diff_Days_Indoor_Setup/Day5/Device1/IQ_1.dat,243,19050957,0,0,1,test,diff_days_indoor,5,0,0,0,0,0,0.4139789938926697
data/raw/osu_lora/Diff_Days_Indoor_Setup/Day5/Device1/IQ_1.dat,244,19129356,0,2,0,test,diff_days_indoor,5,0,0,0,0,0,0.4377420246601105
data/raw/osu_lora/Diff_Days_Indoor_Setup/Day5/Device1/IQ_1.dat,245,19207755,0,1,0,test,diff_days_indoor,5,0,0,0,0,0,0.698755145072937
data/raw/osu_lora/Diff_Days_Indoor_Setup/Day5/Device1/IQ_1.dat,246,19286154,0,6,0,test,diff_days_indoor,5,0,0,0,0,0,0.4874210059642792
data/raw/osu_lora/Diff_Days_Indoor_Setup/Day5/Device1/IQ_1.dat,247,19364553,0,0,1,test,diff_days_indoor,5,0,0,0,0,0,0.4604908525943756
data/raw/osu_lora/Diff_Days_Indoor_Setup/Day5/Device1/IQ_1.dat,248,19442952,0,2,0,test,diff_days_indoor,5,0,0,0,0,0,0.20962637662887573
data/raw/osu_lora/Diff_Days_Indoor_Setup/Day5/Device1/IQ_1.dat,249,19521351,0,0,1,test,diff_days_indoor,5,0,0,0,0,0,0.3155573308467865
data/raw/osu_lora/Diff_Days_Indoor_Setup/Day5/Device1/IQ_1.dat,250,19599750,0,3,0,test,diff_days_indoor,5,0,0,0,0,0,0.4422270655632019
data/raw/osu_lora/Diff_Days_Indoor_Setup/Day5/Device1/IQ_1.dat,251,19678149,0,23,0,test,diff_days_indoor,5,0,0,0,0,0,0.14515705406665802
data/raw/osu_lora/Diff_Days_Indoor_Setup/Day5/Device1/IQ_1.dat,252,19756548,0,0,1,test,diff_days_indoor,5,0,0,0,0,0,0.4843670129776001
data/raw/osu_lora/Diff_Days_Indoor_Setup/Day5/Device1/IQ_1.dat,253,19834947,0,1,0,test,diff_days_indoor,5,0,0,0,0,0,0.28886833786964417
data/raw/osu_lora/Diff_Days_Indoor_Setup/Day5/Device1/IQ_1.dat,254,19913346,0,8,0,test,diff_days_indoor,5,0,0,0,0,0,0.2291792780160904
data/raw/osu_lora/Diff_Days_Indoor_Setup/Day5/Device1/IQ_1.dat,255,19991745,0,3,0,test,diff_days_indoor,5,0,0,0,0,0,0.2860914170742035
data/raw/osu_lora/Diff_Days_Indoor_Setup/Day5/Device2/IQ_1.dat,0,0,1,1,1,test,diff_days_indoor,5,0,0,0,0,0,0.3548210859298706
data/raw/osu_lora/Diff_Days_Indoor_Setup/Day5/Device2/IQ_1.dat,1,78399,1,3,0,test,diff_days_indoor,5,0,0,0,0,0,0.391091525554657
data/raw/osu_lora/Diff_Days_Indoor_Setup/Day5/Device2/IQ_1.dat,2,156798,1,2,0,test,diff_days_indoor,5,0,0,0,0,0,0.21115772426128387
data/raw/osu_lora/Diff_Days_Indoor_Setup/Day5/Device2/IQ_1.dat,3,235197,1,1,1,test,diff_days_indoor,5,0,0,0,0,0,0.8031116724014282
data/raw/osu_lora/Diff_Days_Indoor_Setup/Day5/Device2/IQ_1.dat,4,313596,1,1,1,test,diff_days_indoor,5,0,0,0,0,0,0.4164789915084839
data/raw/osu_lora/Diff_Days_Indoor_Setup/Day5/Device2/IQ_1.dat,5,391995,1,1,1,test,diff_days_indoor,5,0,0,0,0,0,0.40393194556236267
data/raw/osu_lora/Diff_Days_Indoor_Setup/Day5/Device2/IQ_1.dat,6,470394,1,1,1,test,diff_days_indoor,5,0,0,0,0,0,0.388802707195282
data/raw/osu_lora/Diff_Days_Indoor_Setup/Day5/Device2/IQ_1.dat,7,548793,1,1,1,test,diff_days_indoor,5,0,0,0,0,0,0.7551910281181335
data/raw/osu_lora/Diff_Days_Indoor_Setup/Day5/Device2/IQ_1.dat,8,627192,1,1,1,test,diff_days_indoor,5,0,0,0,0,0,0.4508572816848755
data/raw/osu_lora/Diff_Days_Indoor_Setup/Day5/Device2/IQ_1.dat,9,705591,1,1,1,test,diff_days_indoor,5,0,0,0,0,0,0.5890166759490967
data/raw/osu_lora/Diff_Days_Indoor_Setup/Day5/Device2/IQ_1.dat,10,783990,1,3,0,test,diff_days_indoor,5,0,0,0,0,0,0.4205695688724518
data/raw/osu_lora/Diff_Days_Indoor_Setup/Day5/Device2/IQ_1.dat,11,862389,1,1,1,test,diff_days_indoor,5,0,0,0,0,0,0.6029746532440186
data/raw/osu_lora/Diff_Days_Indoor_Setup/Day5/Device2/IQ_1.dat,12,940788,1,1,1,test,diff_days_indoor,5,0,0,0,0,0,0.7648824453353882
data/raw/osu_lora/Diff_Days_Indoor_Setup/Day5/Device2/IQ_1.dat,13,1019187,1,1,1,test,diff_days_indoor,5,0,0,0,0,0,0.5351760387420654
data/raw/osu_lora/Diff_Days_Indoor_Setup/Day5/Device2/IQ_1.dat,14,1097586,1,1,1,test,diff_days_indoor,5,0,0,0,0,0,0.44719624519348145
data/raw/osu_lora/Diff_Days_Indoor_Setup/Day5/Device2/IQ_1.dat,15,1175985,1,1,1,test,diff_days_indoor,5,0,0,0,0,0,0.7103056907653809
data/raw/osu_lora/Diff_Days_Indoor_Setup/Day5/Device2/IQ_1.dat,16,1254384,1,1,1,test,diff_days_indoor,5,0,0,0,0,0,0.7560480833053589
data/raw/osu_lora/Diff_Days_Indoor_Setup/Day5/Device2/IQ_1.dat,17,1332783,1,8,0,test,diff_days_indoor,5,0,0,0,0,0,0.2244074046611786
data/raw/osu_lora/Diff_Days_Indoor_Setup/Day5/Device2/IQ_1.dat,18,1411182,1,0,0,test,diff_days_indoor,5,0,0,0,0,0,0.30311092734336853
data/raw/osu_lora/Diff_Days_Indoor_Setup/Day5/Device2/IQ_1.dat,19,1489581,1,1,1,test,diff_days_indoor,5,0,0,0,0,0,0.695737361907959
data/raw/osu_lora/Diff_Days_Indoor_Setup/Day5/Device2/IQ_1.dat,20,1567980,1,1,1,test,diff_days_indoor,5,0,0,0,0,0,0.6004913449287415
data/raw/osu_lora/Diff_Days_Indoor_Setup/Day5/Device2/IQ_1.dat,21,1646379,1,1,1,test,diff_days_indoor,5,0,0,0,0,0,0.573388397693634
data/raw/osu_lora/Diff_Days_Indoor_Setup/Day5/Device2/IQ_1.dat,22,1724778,1,3,0,test,diff_days_indoor,5,0,0,0,0,0,0.4146938621997833
data/raw/osu_lora/Diff_Days_Indoor_Setup/Day5/Device2/IQ_1.dat,23,1803177,1,1,1,test,diff_days_indoor,5,0,0,0,0,0,0.4987970292568207
data/raw/osu_lora/Diff_Days_Indoor_Setup/Day5/Device2/IQ_1.dat,24,1881576,1,3,0,test,diff_days_indoor,5,0,0,0,0,0,0.4451048970222473
data/raw/osu_lora/Diff_Days_Indoor_Setup/Day5/Device2/IQ_1.dat,25,1959975,1,1,1,test,diff_days_indoor,5,0,0,0,0,0,0.5167393684387207
data/raw/osu_lora/Diff_Days_Indoor_Setup/Day5/Device2/IQ_1.dat,26,2038374,1,1,1,test,diff_days_indoor,5,0,0,0,0,0,0.5819470882415771
data/raw/osu_lora/Diff_Days_Indoor_Setup/Day5/Device2/IQ_1.dat,27,2116773,1,1,1,test,diff_days_indoor,5,0,0,0,0,0,0.7388019561767578
data/raw/osu_lora/Diff_Days_Indoor_Setup/Day5/Device2/IQ_1.dat,28,2195172,1,1,1,test,diff_days_indoor,5,0,0,0,0,0,0.5382238626480103
data/raw/osu_lora/Diff_Days_Indoor_Setup/Day5/Device2/IQ_1.dat,29,2273571,1,1,1,test,diff_days_indoor,5,0,0,0,0,0,0.7929376363754272
data/raw/osu_lora/Diff_Days_Indoor_Setup/Day5/Device2/IQ_1.dat,30,2351970,1,1,1,test,diff_days_indoor,5,0,0,0,0,0,0.637253999710083
data/raw/osu_lora/Diff_Days_Indoor_Setup/Day5/Device2/IQ_1.dat,31,2430369,1,0,0,test,diff_days_indoor,5,0,0,0,0,0,0.2861902415752411
data/raw/osu_lora/Diff_Days_Indoor_Setup/Day5/Device2/IQ_1.dat,32,2508768,1,3,0,test,diff_days_indoor,5,0,0,0,0,0,0.4427003264427185
data/raw/osu_lora/Diff_Days_Indoor_Setup/Day5/Device2/IQ_1.dat,33,2587167,1,3,0,test,diff_days_indoor,5,0,0,0,0,0,0.45932191610336304
data/raw/osu_lora/Diff_Days_Indoor_Setup/Day5/Device2/IQ_1.dat,34,2665566,1,0,0,test,diff_days_indoor,5,0,0,0,0,0,0.42047035694122314
data/raw/osu_lora/Diff_Days_Indoor_Setup/Day5/Device2/IQ_1.dat,35,2743965,1,3,0,test,diff_days_indoor,5,0,0,0,0,0,0.5116218328475952
data/raw/osu_lora/Diff_Days_Indoor_Setup/Day5/Device2/IQ_1.dat,36,2822364,1,3,0,test,diff_days_indoor,5,0,0,0,0,0,0.44728416204452515
data/raw/osu_lora/Diff_Days_Indoor_Setup/Day5/Device2/IQ_1.dat,37,2900763,1,2,0,test,diff_days_indoor,5,0,0,0,0,0,0.27721327543258667
data/raw/osu_lora/Diff_Days_Indoor_Setup/Day5/Device2/IQ_1.dat,38,2979162,1,1,1,test,diff_days_indoor,5,0,0,0,0,0,0.5884528160095215
data/raw/osu_lora/Diff_Days_Indoor_Setup/Day5/Device2/IQ_1.dat,39,3057561,1,1,1,test,diff_days_indoor,5,0,0,0,0,0,0.5465579032897949
data/raw/osu_lora/Diff_Days_Indoor_Setup/Day5/Device2/IQ_1.dat,40,3135960,1,1,1,test,diff_days_indoor,5,0,0,0,0,0,0.63409823179245
data/raw/osu_lora/Diff_Days_Indoor_Setup/Day5/Device2/IQ_1.dat,41,3214359,1,0,0,test,diff_days_indoor,5,0,0,0,0,0,0.42480021715164185
data/raw/osu_lora/Diff_Days_Indoor_Setup/Day5/Device2/IQ_1.dat,42,3292758,1,1,1,test,diff_days_indoor,5,0,0,0,0,0,0.9120258092880249
data/raw/osu_lora/Diff_Days_Indoor_Setup/Day5/Device2/IQ_1.dat,43,3371157,1,1,1,test,diff_days_indoor,5,0,0,0,0,0,0.6042795181274414
data/raw/osu_lora/Diff_Days_Indoor_Setup/Day5/Device2/IQ_1.dat,44,3449556,1,1,1,test,diff_days_indoor,5,0,0,0,0,0,0.590700626373291
data/raw/osu_lora/Diff_Days_Indoor_Setup/Day5/Device2/IQ_1.dat,45,3527955,1,1,1,test,diff_days_indoor,5,0,0,0,0,0,0.43578433990478516
data/raw/osu_lora/Diff_Days_Indoor_Setup/Day5/Device2/IQ_1.dat,46,3606354,1,1,1,test,diff_days_indoor,5,0,0,0,0,0,0.5170926451683044
data/raw/osu_lora/Diff_Days_Indoor_Setup/Day5/Device2/IQ_1.dat,47,3684753,1,3,0,test,diff_days_indoor,5,0,0,0,0,0,0.3903804123401642
data/raw/osu_lora/Diff_Days_Indoor_Setup/Day5/Device2/IQ_1.dat,48,3763152,1,3,0,test,diff_days_indoor,5,0,0,0,0,0,0.4441009759902954
data/raw/osu_lora/Diff_Days_Indoor_Setup/Day5/Device2/IQ_1.dat,49,3841551,1,3,0,test,diff_days_indoor,5,0,0,0,0,0,0.41628900170326233
data/raw/osu_lora/Diff_Days_Indoor_Setup/Day5/Device2/IQ_1.dat,50,3919950,1,1,1,test,diff_days_indoor,5,0,0,0,0,0,0.6608077883720398
data/raw/osu_lora/Diff_Days_Indoor_Setup/Day5/Device2/IQ_1.dat,51,3998349,1,1,1,test,diff_days_indoor,5,0,0,0,0,0,0.48359978199005127
data/raw/osu_lora/Diff_Days_Indoor_Setup/Day5/Device2/IQ_1.dat,52,4076748,1,1,1,test,diff_days_indoor,5,0,0,0,0,0,0.7324907779693604
data/raw/osu_lora/Diff_Days_Indoor_Setup/Day5/Device2/IQ_1.dat,53,4155147,1,1,1,test,diff_days_indoor,5,0,0,0,0,0,0.7569764852523804
data/raw/osu_lora/Diff_Days_Indoor_Setup/Day5/Device2/IQ_1.dat,54,4233546,1,1,1,test,diff_days_indoor,5,0,0,0,0,0,0.6215015649795532
data/raw/osu_lora/Diff_Days_Indoor_Setup/Day5/Device2/IQ_1.dat,55,4311945,1,1,1,test,diff_days_indoor,5,0,0,0,0,0,0.40637660026550293
data/raw/osu_lora/Diff_Days_Indoor_Setup/Day5/Device2/IQ_1.dat,56,4390344,1,1,1,test,diff_days_indoor,5,0,0,0,0,0,0.4518387019634247
data/raw/osu_lora/Diff_Days_Indoor_Setup/Day5/Device2/IQ_1.dat,57,4468743,1,3,0,test,diff_days_indoor,5,0,0,0,0,0,0.28486692905426025
data/raw/osu_lora/Diff_Days_Indoor_Setup/Day5/Device2/IQ_1.dat,58,4547142,1,1,1,test,diff_days_indoor,5,0,0,0,0,0,0.5936492085456848
data/raw/osu_lora/Diff_Days_Indoor_Setup/Day5/Device2/IQ_1.dat,59,4625541,1,2,0,test,diff_days_indoor,5,0,0,0,0,0,0.41682109236717224
data/raw/osu_lora/Diff_Days_Indoor_Setup/Day5/Device2/IQ_1.dat,60,4703940,1,3,0,test,diff_days_indoor,5,0,0,0,0,0,0.4383296072483063
data/raw/osu_lora/Diff_Days_Indoor_Setup/Day5/Device2/IQ_1.dat,61,4782339,1,1,1,test,diff_days_indoor,5,0,0,0,0,0,0.5929206609725952
data/raw/osu_lora/Diff_Days_Indoor_Setup/Day5/Device2/IQ_1.dat,62,4860738,1,0,0,test,diff_days_indoor,5,0,0,0,0,0,0.3306506872177124
data/raw/osu_lora/Diff_Days_Indoor_Setup/Day5/Device2/IQ_1.dat,63,4939137,1,3,0,test,diff_days_indoor,5,0,0,0,0,0,0.4396224915981293
data/raw/osu_lora/Diff_Days_Indoor_Setup/Day5/Device2/IQ_1.dat,64,5017536,1,2,0,test,diff_days_indoor,5,0,0,0,0,0,0.27356719970703125
data/raw/osu_lora/Diff_Days_Indoor_Setup/Day5/Device2/IQ_1.dat,65,5095935,1,1,1,test,diff_days_indoor,5,0,0,0,0,0,0.6881642937660217
data/raw/osu_lora/Diff_Days_Indoor_Setup/Day5/Device2/IQ_1.dat,66,5174334,1,1,1,test,diff_days_indoor,5,0,0,0,0,0,0.613229513168335
data/raw/osu_lora/Diff_Days_Indoor_Setup/Day5/Device2/IQ_1.dat,67,5252733,1,3,0,test,diff_days_indoor,5,0,0,0,0,0,0.4285261332988739
data/raw/osu_lora/Diff_Days_Indoor_Setup/Day5/Device2/IQ_1.dat,68,5331132,1,1,1,test,diff_days_indoor,5,0,0,0,0,0,0.30054038763046265
data/raw/osu_lora/Diff_Days_Indoor_Setup/Day5/Device2/IQ_1.dat,69,5409531,1,0,0,test,diff_days_indoor,5,0,0,0,0,0,0.24002885818481445
data/raw/osu_lora/Diff_Days_Indoor_Setup/Day5/Device2/IQ_1.dat,70,5487930,1,1,1,test,diff_days_indoor,5,0,0,0,0,0,0.7341776490211487
data/raw/osu_lora/Diff_Days_Indoor_Setup/Day5/Device2/IQ_1.dat,71,5566329,1,1,1,test,diff_days_indoor,5,0,0,0,0,0,0.7142490744590759
data/raw/osu_lora/Diff_Days_Indoor_Setup/Day5/Device2/IQ_1.dat,72,5644728,1,1,1,test,diff_days_indoor,5,0,0,0,0,0,0.6945050358772278
data/raw/osu_lora/Diff_Days_Indoor_Setup/Day5/Device2/IQ_1.dat,73,5723127,1,1,1,test,diff_days_indoor,5,0,0,0,0,0,0.7812396287918091
data/raw/osu_lora/Diff_Days_Indoor_Setup/Day5/Device2/IQ_1.dat,74,5801526,1,8,0,test,diff_days_indoor,5,0,0,0,0,0,0.37611597776412964
data/raw/osu_lora/Diff_Days_Indoor_Setup/Day5/Device2/IQ_1.dat,75,5879925,1,3,0,test,diff_days_indoor,5,0,0,0,0,0,0.33233901858329773
data/raw/osu_lora/Diff_Days_Indoor_Setup/Day5/Device2/IQ_1.dat,76,5958324,1,1,1,test,diff_days_indoor,5,0,0,0,0,0,0.3280685544013977
data/raw/osu_lora/Diff_Days_Indoor_Setup/Day5/Device2/IQ_1.dat,77,6036723,1,1,1,test,diff_days_indoor,5,0,0,0,0,0,0.6118680834770203
data/raw/osu_lora/Diff_Days_Indoor_Setup/Day5/Device2/IQ_1.dat,78,6115122,1,2,0,test,diff_days_indoor,5,0,0,0,0,0,0.4140484035015106
data/raw/osu_lora/Diff_Days_Indoor_Setup/Day5/Device2/IQ_1.dat,79,6193521,1,1,1,test,diff_days_indoor,5,0,0,0,0,0,0.6998816728591919
data/raw/osu_lora/Diff_Days_Indoor_Setup/Day5/Device2/IQ_1.dat,80,6271920,1,1,1,test,diff_days_indoor,5,0,0,0,0,0,0.7753111124038696
data/raw/osu_lora/Diff_Days_Indoor_Setup/Day5/Device2/IQ_1.dat,81,6350319,1,1,1,test,diff_days_indoor,5,0,0,0,0,0,0.5252225399017334
data/raw/osu_lora/Diff_Days_Indoor_Setup/Day5/Device2/IQ_1.dat,82,6428718,1,2,0,test,diff_days_indoor,5,0,0,0,0,0,0.47555744647979736
data/raw/osu_lora/Diff_Days_Indoor_Setup/Day5/Device2/IQ_1.dat,83,6507117,1,1,1,test,diff_days_indoor,5,0,0,0,0,0,0.6310505270957947
data/raw/osu_lora/Diff_Days_Indoor_Setup/Day5/Device2/IQ_1.dat,84,6585516,1,1,1,test,diff_days_indoor,5,0,0,0,0,0,0.5389620661735535
data/raw/osu_lora/Diff_Days_Indoor_Setup/Day5/Device2/IQ_1.dat,85,6663915,1,3,0,test,diff_days_indoor,5,0,0,0,0,0,0.36494606733322144
data/raw/osu_lora/Diff_Days_Indoor_Setup/Day5/Device2/IQ_1.dat,86,6742314,1,3,0,test,diff_days_indoor,5,0,0,0,0,0,0.43673837184906006
data/raw/osu_lora/Diff_Days_Indoor_Setup/Day5/Device2/IQ_1.dat,87,6820713,1,1,1,test,diff_days_indoor,5,0,0,0,0,0,0.5048745274543762
data/raw/osu_lora/Diff_Days_Indoor_Setup/Day5/Device2/IQ_1.dat,88,6899112,1,1,1,test,diff_days_indoor,5,0,0,0,0,0,0.646497368812561
data/raw/osu_lora/Diff_Days_Indoor_Setup/Day5/Device2/IQ_1.dat,89,6977511,1,1,1,test,diff_days_indoor,5,0,0,0,0,0,0.7513436675071716
data/raw/osu_lora/Diff_Days_Indoor_Setup/Day5/Device2/IQ_1.dat,90,7055910,1,1,1,test,diff_days_indoor,5,0,0,0,0,0,0.7789475917816162
data/raw/osu_lora/Diff_Days_Indoor_Setup/Day5/Device2/IQ_1.dat,91,7134309,1,1,1,test,diff_days_indoor,5,0,0,0,0,0,0.5970858931541443
data/raw/osu_lora/Diff_Days_Indoor_Setup/Day5/Device2/IQ_1.dat,92,7212708,1,1,1,test,diff_days_indoor,5,0,0,0,0,0,0.7227545976638794
data/raw/osu_lora/Diff_Days_Indoor_Setup/Day5/Device2/IQ_1.dat,93,7291107,1,1,1,test,diff_days_indoor,5,0,0,0,0,0,0.6831169724464417
data/raw/osu_lora/Diff_Days_Indoor_Setup/Day5/Device2/IQ_1.dat,94,7369506,1,1,1,test,diff_days_indoor,5,0,0,0,0,0,0.7969647645950317
data/raw/osu_lora/Diff_Days_Indoor_Setup/Day5/Device2/IQ_1.dat,95,7447905,1,20,0,test,diff_days_indoor,5,0,0,0,0,0,0.4363873600959778
data/raw/osu_lora/Diff_Days_Indoor_Setup/Day5/Device2/IQ_1.dat,96,7526304,1,1,1,test,diff_days_indoor,5,0,0,0,0,0,0.5426026582717896
data/raw/osu_lora/Diff_Days_Indoor_Setup/Day5/Device2/IQ_1.dat,97,7604703,1,1,1,test,diff_days_indoor,5,0,0,0,0,0,0.5718357563018799
data/raw/osu_lora/Diff_Days_Indoor_Setup/Day5/Device2/IQ_1.dat,98,7683102,1,3,0,test,diff_days_indoor,5,0,0,0,0,0,0.3951782286167145
data/raw/osu_lora/Diff_Days_Indoor_Setup/Day5/Device2/IQ_1.dat,99,7761501,1,1,1,test,diff_days_indoor,5,0,0,0,0,0,0.45925578474998474
data/raw/osu_lora/Diff_Days_Indoor_Setup/Day5/Device2/IQ_1.dat,100,7839900,1,3,0,test,diff_days_indoor,5,0,0,0,0,0,0.46794360876083374
data/raw/osu_lora/Diff_Days_Indoor_Setup/Day5/Device2/IQ_1.dat,101,7918299,1,3,0,test,diff_days_indoor,5,0,0,0,0,0,0.3076159358024597
data/raw/osu_lora/Diff_Days_Indoor_Setup/Day5/Device2/IQ_1.dat,102,7996698,1,1,1,test,diff_days_indoor,5,0,0,0,0,0,0.6207135915756226
data/raw/osu_lora/Diff_Days_Indoor_Setup/Day5/Device2/IQ_1.dat,103,8075097,1,3,0,test,diff_days_indoor,5,0,0,0,0,0,0.43042492866516113
data/raw/osu_lora/Diff_Days_Indoor_Setup/Day5/Device2/IQ_1.dat,104,8153496,1,1,1,test,diff_days_indoor,5,0,0,0,0,0,0.5261234045028687
data/raw/osu_lora/Diff_Days_Indoor_Setup/Day5/Device2/IQ_1.dat,105,8231895,1,3,0,test,diff_days_indoor,5,0,0,0,0,0,0.4526723027229309
data/raw/osu_lora/Diff_Days_Indoor_Setup/Day5/Device2/IQ_1.dat,106,8310294,1,1,1,test,diff_days_indoor,5,0,0,0,0,0,0.7772433757781982
data/raw/osu_lora/Diff_Days_Indoor_Setup/Day5/Device2/IQ_1.dat,107,8388693,1,1,1,test,diff_days_indoor,5,0,0,0,0,0,0.4722535014152527
data/raw/osu_lora/Diff_Days_Indoor_Setup/Day5/Device2/IQ_1.dat,108,8467092,1,3,0,test,diff_days_indoor,5,0,0,0,0,0,0.468192458152771
data/raw/osu_lora/Diff_Days_Indoor_Setup/Day5/Device2/IQ_1.dat,109,8545491,1,1,1,test,diff_days_indoor,5,0,0,0,0,0,0.8852211833000183
data/raw/osu_lora/Diff_Days_Indoor_Setup/Day5/Device2/IQ_1.dat,110,8623890,1,1,1,test,diff_days_indoor,5,0,0,0,0,0,0.4585225582122803
data/raw/osu_lora/Diff_Days_Indoor_Setup/Day5/Device2/IQ_1.dat,111,8702289,1,1,1,test,diff_days_indoor,5,0,0,0,0,0,0.5976011157035828
data/raw/osu_lora/Diff_Days_Indoor_Setup/Day5/Device2/IQ_1.dat,112,8780688,1,1,1,test,diff_days_indoor,5,0,0,0,0,0,0.6041104793548584
data/raw/osu_lora/Diff_Days_Indoor_Setup/Day5/Device2/IQ_1.dat,113,8859087,1,1,1,test,diff_days_indoor,5,0,0,0,0,0,0.6714413166046143
data/raw/osu_lora/Diff_Days_Indoor_Setup/Day5/Device2/IQ_1.dat,114,8937486,1,1,1,test,diff_days_indoor,5,0,0,0,0,0,0.7112829089164734
data/raw/osu_lora/Diff_Days_Indoor_Setup/Day5/Device2/IQ_1.dat,115,9015885,1,1,1,test,diff_days_indoor,5,0,0,0,0,0,0.6128634810447693
data/raw/osu_lora/Diff_Days_Indoor_Setup/Day5/Device2/IQ_1.dat,116,9094284,1,3,0,test,diff_days_indoor,5,0,0,0,0,0,0.41015395522117615
data/raw/osu_lora/Diff_Days_Indoor_Setup/Day5/Device2/IQ_1.dat,117,9172683,1,3,0,test,diff_days_indoor,5,0,0,0,0,0,0.4035133719444275
data/raw/osu_lora/Diff_Days_Indoor_Setup/Day5/Device2/IQ_1.dat,118,9251082,1,1,1,test,diff_days_indoor,5,0,0,0,0,0,0.6829834580421448
data/raw/osu_lora/Diff_Days_Indoor_Setup/Day5/Device2/IQ_1.dat,119,9329481,1,1,1,test,diff_days_indoor,5,0,0,0,0,0,0.7735520601272583
data/raw/osu_lora/Diff_Days_Indoor_Setup/Day5/Device2/IQ_1.dat,120,9407880,1,1,1,test,diff_days_indoor,5,0,0,0,0,0,0.7575327754020691
data/raw/osu_lora/Diff_Days_Indoor_Setup/Day5/Device2/IQ_1.dat,121,9486279,1,1,1,test,diff_days_indoor,5,0,0,0,0,0,0.5468947887420654
data/raw/osu_lora/Diff_Days_Indoor_Setup/Day5/Device2/IQ_1.dat,122,9564678,1,8,0,test,diff_days_indoor,5,0,0,0,0,0,0.410645455121994
data/raw/osu_lora/Diff_Days_Indoor_Setup/Day5/Device2/IQ_1.dat,123,9643077,1,1,1,test,diff_days_indoor,5,0,0,0,0,0,0.4232637286186218
data/raw/osu_lora/Diff_Days_Indoor_Setup/Day5/Device2/IQ_1.dat,124,9721476,1,1,1,test,diff_days_indoor,5,0,0,0,0,0,0.601768970489502
data/raw/osu_lora/Diff_Days_Indoor_Setup/Day5/Device2/IQ_1.dat,125,9799875,1,1,1,test,diff_days_indoor,5,0,0,0,0,0,0.6696732044219971
data/raw/osu_lora/Diff_Days_Indoor_Setup/Day5/Device2/IQ_1.dat,126,9878274,1,1,1,test,diff_days_indoor,5,0,0,0,0,0,0.7312551140785217
data/raw/osu_lora/Diff_Days_Indoor_Setup/Day5/Device2/IQ_1.dat,127,9956673,1,1,1,test,diff_days_indoor,5,0,0,0,0,0,0.5188397765159607
data/raw/osu_lora/Diff_Days_Indoor_Setup/Day5/Device2/IQ_1.dat,128,10035072,1,1,1,test,diff_days_indoor,5,0,0,0,0,0,0.7341689467430115
data/raw/osu_lora/Diff_Days_Indoor_Setup/Day5/Device2/IQ_1.dat,129,10113471,1,1,1,test,diff_days_indoor,5,0,0,0,0,0,0.4629950523376465
data/raw/osu_lora/Diff_Days_Indoor_Setup/Day5/Device2/IQ_1.dat,130,10191870,1,2,0,test,diff_days_indoor,5,0,0,0,0,0,0.38269203901290894
data/raw/osu_lora/Diff_Days_Indoor_Setup/Day5/Device2/IQ_1.dat,131,10270269,1,0,0,test,diff_days_indoor,5,0,0,0,0,0,0.3230486512184143
data/raw/osu_lora/Diff_Days_Indoor_Setup/Day5/Device2/IQ_1.dat,132,10348668,1,1,1,test,diff_days_indoor,5,0,0,0,0,0,0.7341428995132446
data/raw/osu_lora/Diff_Days_Indoor_Setup/Day5/Device2/IQ_1.dat,133,10427067,1,1,1,test,diff_days_indoor,5,0,0,0,0,0,0.6400811672210693
data/raw/osu_lora/Diff_Days_Indoor_Setup/Day5/Device2/IQ_1.dat,134,10505466,1,1,1,test,diff_days_indoor,5,0,0,0,0,0,0.5590220093727112
data/raw/osu_lora/Diff_Days_Indoor_Setup/Day5/Device2/IQ_1.dat,135,10583865,1,1,1,test,diff_days_indoor,5,0,0,0,0,0,0.7547096610069275
data/raw/osu_lora/Diff_Days_Indoor_Setup/Day5/Device2/IQ_1.dat,136,10662264,1,23,0,test,diff_days_indoor,5,0,0,0,0,0,0.20364885032176971
data/raw/osu_lora/Diff_Days_Indoor_Setup/Day5/Device2/IQ_1.dat,137,10740663,1,3,0,test,diff_days_indoor,5,0,0,0,0,0,0.3036329448223114
data/raw/osu_lora/Diff_Days_Indoor_Setup/Day5/Device2/IQ_1.dat,138,10819062,1,1,1,test,diff_days_indoor,5,0,0,0,0,0,0.6496641635894775
data/raw/osu_lora/Diff_Days_Indoor_Setup/Day5/Device2/IQ_1.dat,139,10897461,1,1,1,test,diff_days_indoor,5,0,0,0,0,0,0.7040809988975525
data/raw/osu_lora/Diff_Days_Indoor_Setup/Day5/Device2/IQ_1.dat,140,10975860,1,3,0,test,diff_days_indoor,5,0,0,0,0,0,0.43230724334716797
data/raw/osu_lora/Diff_Days_Indoor_Setup/Day5/Device2/IQ_1.dat,141,11054259,1,1,1,test,diff_days_indoor,5,0,0,0,0,0,0.5111253261566162
data/raw/osu_lora/Diff_Days_Indoor_Setup/Day5/Device2/IQ_1.dat,142,11132658,1,1,1,test,diff_days_indoor,5,0,0,0,0,0,0.4469546675682068
data/raw/osu_lora/Diff_Days_Indoor_Setup/Day5/Device2/IQ_1.dat,143,11211057,1,1,1,test,diff_days_indoor,5,0,0,0,0,0,0.38929101824760437
data/raw/osu_lora/Diff_Days_Indoor_Setup/Day5/Device2/IQ_1.dat,144,11289456,1,1,1,test,diff_days_indoor,5,0,0,0,0,0,0.5734887719154358
data/raw/osu_lora/Diff_Days_Indoor_Setup/Day5/Device2/IQ_1.dat,145,11367855,1,1,1,test,diff_days_indoor,5,0,0,0,0,0,0.7241724133491516
data/raw/osu_lora/Diff_Days_Indoor_Setup/Day5/Device2/IQ_1.dat,146,11446254,1,1,1,test,diff_days_indoor,5,0,0,0,0,0,0.662568986415863
data/raw/osu_lora/Diff_Days_Indoor_Setup/Day5/Device2/IQ_1.dat,147,11524653,1,8,0,test,diff_days_indoor,5,0,0,0,0,0,0.3382030725479126
data/raw/osu_lora/Diff_Days_Indoor_Setup/Day5/Device2/IQ_1.dat,148,11603052,1,1,1,test,diff_days_indoor,5,0,0,0,0,0,0.4748639166355133
data/raw/osu_lora/Diff_Days_Indoor_Setup/Day5/Device2/IQ_1.dat,149,11681451,1,1,1,test,diff_days_indoor,5,0,0,0,0,0,0.43343743681907654
data/raw/osu_lora/Diff_Days_Indoor_Setup/Day5/Device2/IQ_1.dat,150,11759850,1,1,1,test,diff_days_indoor,5,0,0,0,0,0,0.6548748016357422
data/raw/osu_lora/Diff_Days_Indoor_Setup/Day5/Device2/IQ_1.dat,151,11838249,1,3,0,test,diff_days_indoor,5,0,0,0,0,0,0.3460053503513336
data/raw/osu_lora/Diff_Days_Indoor_Setup/Day5/Device2/IQ_1.dat,152,11916648,1,1,1,test,diff_days_indoor,5,0,0,0,0,0,0.6094834208488464
data/raw/osu_lora/Diff_Days_Indoor_Setup/Day5/Device2/IQ_1.dat,153,11995047,1,3,0,test,diff_days_indoor,5,0,0,0,0,0,0.5086952447891235
data/raw/osu_lora/Diff_Days_Indoor_Setup/Day5/Device2/IQ_1.dat,154,12073446,1,1,1,test,diff_days_indoor,5,0,0,0,0,0,0.5674323439598083
data/raw/osu_lora/Diff_Days_Indoor_Setup/Day5/Device2/IQ_1.dat,155,12151845,1,1,1,test,diff_days_indoor,5,0,0,0,0,0,0.6636101007461548
data/raw/osu_lora/Diff_Days_Indoor_Setup/Day5/Device2/IQ_1.dat,156,12230244,1,1,1,test,diff_days_indoor,5,0,0,0,0,0,0.6886191964149475
data/raw/osu_lora/Diff_Days_Indoor_Setup/Day5/Device2/IQ_1.dat,157,12308643,1,1,1,test,diff_days_indoor,5,0,0,0,0,0,0.7553419470787048
data/raw/osu_lora/Diff_Days_Indoor_Setup/Day5/Device2/IQ_1.dat,158,12387042,1,3,0,test,diff_days_indoor,5,0,0,0,0,0,0.42059794068336487
data/raw/osu_lora/Diff_Days_Indoor_Setup/Day5/Device2/IQ_1.dat,159,12465441,1,1,1,test,diff_days_indoor,5,0,0,0,0,0,0.7228690981864929
data/raw/osu_lora/Diff_Days_Indoor_Setup/Day5/Device2/IQ_1.dat,160,12543840,1,6,0,test,diff_days_indoor,5,0,0,0,0,0,0.5647777915000916
data/raw/osu_lora/Diff_Days_Indoor_Setup/Day5/Device2/IQ_1.dat,161,12622239,1,1,1,test,diff_days_indoor,5,0,0,0,0,0,0.6960471868515015
data/raw/osu_lora/Diff_Days_Indoor_Setup/Day5/Device2/IQ_1.dat,162,12700638,1,1,1,test,diff_days_indoor,5,0,0,0,0,0,0.5858262181282043
data/raw/osu_lora/Diff_Days_Indoor_Setup/Day5/Device2/IQ_1.dat,163,12779037,1,1,1,test,diff_days_indoor,5,0,0,0,0,0,0.7643512487411499
data/raw/osu_lora/Diff_Days_Indoor_Setup/Day5/Device2/IQ_1.dat,164,12857436,1,1,1,test,diff_days_indoor,5,0,0,0,0,0,0.48903509974479675
data/raw/osu_lora/Diff_Days_Indoor_Setup/Day5/Device2/IQ_1.dat,165,12935835,1,1,1,test,diff_days_indoor,5,0,0,0,0,0,0.44444161653518677
data/raw/osu_lora/Diff_Days_Indoor_Setup/Day5/Device2/IQ_1.dat,166,13014234,1,1,1,test,diff_days_indoor,5,0,0,0,0,0,0.7210434079170227
data/raw/osu_lora/Diff_Days_Indoor_Setup/Day5/Device2/IQ_1.dat,167,13092633,1,1,1,test,diff_days_indoor,5,0,0,0,0,0,0.5883215665817261
data/raw/osu_lora/Diff_Days_Indoor_Setup/Day5/Device2/IQ_1.dat,168,13171032,1,3,0,test,diff_days_indoor,5,0,0,0,0,0,0.4722324013710022
data/raw/osu_lora/Diff_Days_Indoor_Setup/Day5/Device2/IQ_1.dat,169,13249431,1,3,0,test,diff_days_indoor,5,0,0,0,0,0,0.43113085627555847
data/raw/osu_lora/Diff_Days_Indoor_Setup/Day5/Device2/IQ_1.dat,170,13327830,1,1,1,test,diff_days_indoor,5,0,0,0,0,0,0.49754276871681213
data/raw/osu_lora/Diff_Days_Indoor_Setup/Day5/Device2/IQ_1.dat,171,13406229,1,1,1,test,diff_days_indoor,5,0,0,0,0,0,0.4833623766899109
data/raw/osu_lora/Diff_Days_Indoor_Setup/Day5/Device2/IQ_1.dat,172,13484628,1,8,0,test,diff_days_indoor,5,0,0,0,0,0,0.29866811633110046
data/raw/osu_lora/Diff_Days_Indoor_Setup/Day5/Device2/IQ_1.dat,173,13563027,1,1,1,test,diff_days_indoor,5,0,0,0,0,0,0.8359987735748291
data/raw/osu_lora/Diff_Days_Indoor_Setup/Day5/Device2/IQ_1.dat,174,13641426,1,3,0,test,diff_days_indoor,5,0,0,0,0,0,0.3888877034187317
data/raw/osu_lora/Diff_Days_Indoor_Setup/Day5/Device2/IQ_1.dat,175,13719825,1,1,1,test,diff_days_indoor,5,0,0,0,0,0,0.7727697491645813
data/raw/osu_lora/Diff_Days_Indoor_Setup/Day5/Device2/IQ_1.dat,176,13798224,1,1,1,test,diff_days_indoor,5,0,0,0,0,0,0.925258457660675
data/raw/osu_lora/Diff_Days_Indoor_Setup/Day5/Device2/IQ_1.dat,177,13876623,1,1,1,test,diff_days_indoor,5,0,0,0,0,0,0.5677114129066467
data/raw/osu_lora/Diff_Days_Indoor_Setup/Day5/Device2/IQ_1.dat,178,13955022,1,2,0,test,diff_days_indoor,5,0,0,0,0,0,0.3031521439552307
data/raw/osu_lora/Diff_Days_Indoor_Setup/Day5/Device2/IQ_1.dat,179,14033421,1,1,1,test,diff_days_indoor,5,0,0,0,0,0,0.4777497947216034
data/raw/osu_lora/Diff_Days_Indoor_Setup/Day5/Device2/IQ_1.dat,180,14111820,1,1,1,test,diff_days_indoor,5,0,0,0,0,0,0.4498113691806793
data/raw/osu_lora/Diff_Days_Indoor_Setup/Day5/Device2/IQ_1.dat,181,14190219,1,1,1,test,diff_days_indoor,5,0,0,0,0,0,0.6177379488945007
data/raw/osu_lora/Diff_Days_Indoor_Setup/Day5/Device2/IQ_1.dat,182,14268618,1,1,1,test,diff_days_indoor,5,0,0,0,0,0,0.5538213849067688
data/raw/osu_lora/Diff_Days_Indoor_Setup/Day5/Device2/IQ_1.dat,183,14347017,1,1,1,test,diff_days_indoor,5,0,0,0,0,0,0.7241674065589905
data/raw/osu_lora/Diff_Days_Indoor_Setup/Day5/Device2/IQ_1.dat,184,14425416,1,1,1,test,diff_days_indoor,5,0,0,0,0,0,0.6270533800125122
data/raw/osu_lora/Diff_Days_Indoor_Setup/Day5/Device2/IQ_1.dat,185,14503815,1,3,0,test,diff_days_indoor,5,0,0,0,0,0,0.39933741092681885
data/raw/osu_lora/Diff_Days_Indoor_Setup/Day5/Device2/IQ_1.dat,186,14582214,1,1,1,test,diff_days_indoor,5,0,0,0,0,0,0.4576351046562195
data/raw/osu_lora/Diff_Days_Indoor_Setup/Day5/Device2/IQ_1.dat,187,14660613,1,1,1,test,diff_days_indoor,5,0,0,0,0,0,0.7758103609085083
data/raw/osu_lora/Diff_Days_Indoor_Setup/Day5/Device2/IQ_1.dat,188,14739012,1,3,0,test,diff_days_indoor,5,0,0,0,0,0,0.4174228608608246
data/raw/osu_lora/Diff_Days_Indoor_Setup/Day5/Device2/IQ_1.dat,189,14817411,1,8,0,test,diff_days_indoor,5,0,0,0,0,0,0.3212660849094391
data/raw/osu_lora/Diff_Days_Indoor_Setup/Day5/Device2/IQ_1.dat,190,14895810,1,3,0,test,diff_days_indoor,5,0,0,0,0,0,0.3070831596851349
data/raw/osu_lora/Diff_Days_Indoor_Setup/Day5/Device2/IQ_1.dat,191,14974209,1,3,0,test,diff_days_indoor,5,0,0,0,0,0,0.43277665972709656
data/raw/osu_lora/Diff_Days_Indoor_Setup/Day5/Device2/IQ_1.dat,192,15052608,1,1,1,test,diff_days_indoor,5,0,0,0,0,0,0.7651116847991943
data/raw/osu_lora/Diff_Days_Indoor_Setup/Day5/Device2/IQ_1.dat,193,15131007,1,1,1,test,diff_days_indoor,5,0,0,0,0,0,0.5222193002700806
data/raw/osu_lora/Diff_Days_Indoor_Setup/Day5/Device2/IQ_1.dat,194,15209406,1,3,0,test,diff_days_indoor,5,0,0,0,0,0,0.48157456517219543
data/raw/osu_lora/Diff_Days_Indoor_Setup/Day5/Device2/IQ_1.dat,195,15287805,1,1,1,test,diff_days_indoor,5,0,0,0,0,0,0.5731237530708313
data/raw/osu_lora/Diff_Days_Indoor_Setup/Day5/Device2/IQ_1.dat,196,15366204,1,1,1,test,diff_days_indoor,5,0,0,0,0,0,0.4422798156738281
data/raw/osu_lora/Diff_Days_Indoor_Setup/Day5/Device2/IQ_1.dat,197,15444603,1,1,1,test,diff_days_indoor,5,0,0,0,0,0,0.4600362479686737
data/raw/osu_lora/Diff_Days_Indoor_Setup/Day5/Device2/IQ_1.dat,198,15523002,1,0,0,test,diff_days_indoor,5,0,0,0,0,0,0.3576514720916748
data/raw/osu_lora/Diff_Days_Indoor_Setup/Day5/Device2/IQ_1.dat,199,15601401,1,1,1,test,diff_days_indoor,5,0,0,0,0,0,0.3761061131954193
data/raw/osu_lora/Diff_Days_Indoor_Setup/Day5/Device2/IQ_1.dat,200,15679800,1,1,1,test,diff_days_indoor,5,0,0,0,0,0,0.5717160701751709
data/raw/osu_lora/Diff_Days_Indoor_Setup/Day5/Device2/IQ_1.dat,201,15758199,1,3,0,test,diff_days_indoor,5,0,0,0,0,0,0.3869742453098297
data/raw/osu_lora/Diff_Days_Indoor_Setup/Day5/Device2/IQ_1.dat,202,15836598,1,1,1,test,diff_days_indoor,5,0,0,0,0,0,0.6977983713150024
data/raw/osu_lora/Diff_Days_Indoor_Setup/Day5/Device2/IQ_1.dat,203,15914997,1,3,0,test,diff_days_indoor,5,0,0,0,0,0,0.3583935499191284
data/raw/osu_lora/Diff_Days_Indoor_Setup/Day5/Device2/IQ_1.dat,204,15993396,1,1,1,test,diff_days_indoor,5,0,0,0,0,0,0.26858392357826233
data/raw/osu_lora/Diff_Days_Indoor_Setup/Day5/Device2/IQ_1.dat,205,16071795,1,3,0,test,diff_days_indoor,5,0,0,0,0,0,0.35067635774612427
data/raw/osu_lora/Diff_Days_Indoor_Setup/Day5/Device2/IQ_1.dat,206,16150194,1,1,1,test,diff_days_indoor,5,0,0,0,0,0,0.5679025053977966
data/raw/osu_lora/Diff_Days_Indoor_Setup/Day5/Device2/IQ_1.dat,207,16228593,1,1,1,test,diff_days_indoor,5,0,0,0,0,0,0.7689873576164246
data/raw/osu_lora/Diff_Days_Indoor_Setup/Day5/Device2/IQ_1.dat,208,16306992,1,1,1,test,diff_days_indoor,5,0,0,0,0,0,0.6671845316886902
data/raw/osu_lora/Diff_Days_Indoor_Setup/Day5/Device2/IQ_1.dat,209,16385391,1,1,1,test,diff_days_indoor,5,0,0,0,0,0,0.5778616070747375
data/raw/osu_lora/Diff_Days_Indoor_Setup/Day5/Device2/IQ_1.dat,210,16463790,1,3,0,test,diff_days_indoor,5,0,0,0,0,0,0.2815822660923004
data/raw/osu_lora/Diff_Days_Indoor_Setup/Day5/Device2/IQ_1.dat,211,16542189,1,1,1,test,diff_days_indoor,5,0,0,0,0,0,0.7433391809463501
data/raw/osu_lora/Diff_Days_Indoor_Setup/Day5/Device2/IQ_1.dat,212,16620588,1,2,0,test,diff_days_indoor,5,0,0,0,0,0,0.2667486369609833
data/raw/osu_lora/Diff_Days_Indoor_Setup/Day5/Device2/IQ_1.dat,213,16698987,1,1,1,test,diff_days_indoor,5,0,0,0,0,0,0.7383986115455627
data/raw/osu_lora/Diff_Days_Indoor_Setup/Day5/Device2/IQ_1.dat,214,16777386,1,3,0,test,diff_days_indoor,5,0,0,0,0,0,0.3143989145755768
data/raw/osu_lora/Diff_Days_Indoor_Setup/Day5/Device2/IQ_1.dat,215,16855785,1,1,1,test,diff_days_indoor,5,0,0,0,0,0,0.7356717586517334
data/raw/osu_lora/Diff_Days_Indoor_Setup/Day5/Device2/IQ_1.dat,216,16934184,1,1,1,test,diff_days_indoor,5,0,0,0,0,0,0.6117590069770813
data/raw/osu_lora/Diff_Days_Indoor_Setup/Day5/Device2/IQ_1.dat,217,17012583,1,3,0,test,diff_days_indoor,5,0,0,0,0,0,0.34948426485061646
data/raw/osu_lora/Diff_Days_Indoor_Setup/Day5/Device2/IQ_1.dat,218,17090982,1,1,1,test,diff_days_indoor,5,0,0,0,0,0,0.819473147392273
data/raw/osu_lora/Diff_Days_Indoor_Setup/Day5/Device2/IQ_1.dat,219,17169381,1,1,1,test,diff_days_indoor,5,0,0,0,0,0,0.6143914461135864
data/raw/osu_lora/Diff_Days_Indoor_Setup/Day5/Device2/IQ_1.dat,220,17247780,1,3,0,test,diff_days_indoor,5,0,0,0,0,0,0.49132040143013
data/raw/osu_lora/Diff_Days_Indoor_Setup/Day5/Device2/IQ_1.dat,221,17326179,1,1,1,test,diff_days_indoor,5,0,0,0,0,0,0.41912779211997986
data/raw/osu_lora/Diff_Days_Indoor_Setup/Day5/Device2/IQ_1.dat,222,17404578,1,1,1,test,diff_days_indoor,5,0,0,0,0,0,0.34679290652275085
data/raw/osu_lora/Diff_Days_Indoor_Setup/Day5/Device2/IQ_1.dat,223,17482977,1,1,1,test,diff_days_indoor,5,0,0,0,0,0,0.551655650138855
data/raw/osu_lora/Diff_Days_Indoor_Setup/Day5/Device2/IQ_1.dat,224,17561376,1,3,0,test,diff_days_indoor,5,0,0,0,0,0,0.3374117314815521
data/raw/osu_lora/Diff_Days_Indoor_Setup/Day5/Device2/IQ_1.dat,225,17639775,1,1,1,test,diff_days_indoor,5,0,0,0,0,0,0.6871426701545715
data/raw/osu_lora/Diff_Days_Indoor_Setup/Day5/Device2/IQ_1.dat,226,17718174,1,1,1,test,diff_days_indoor,5,0,0,0,0,0,0.5253142714500427
data/raw/osu_lora/Diff_Days_Indoor_Setup/Day5/Device2/IQ_1.dat,227,17796573,1,1,1,test,diff_days_indoor,5,0,0,0,0,0,0.5677372217178345
data/raw/osu_lora/Diff_Days_Indoor_Setup/Day5/Device2/IQ_1.dat,228,17874972,1,1,1,test,diff_days_indoor,5,0,0,0,0,0,0.6362705826759338
data/raw/osu_lora/Diff_Days_Indoor_Setup/Day5/Device2/IQ_1.dat,229,17953371,1,8,0,test,diff_days_indoor,5,0,0,0,0,0,0.26667606830596924
data/raw/osu_lora/Diff_Days_Indoor_Setup/Day5/Device2/IQ_1.dat,230,18031770,1,1,1,test,diff_days_indoor,5,0,0,0,0,0,0.6319602727890015
data/raw/osu_lora/Diff_Days_Indoor_Setup/Day5/Device2/IQ_1.dat,231,18110169,1,1,1,test,diff_days_indoor,5,0,0,0,0,0,0.6595864295959473
data/raw/osu_lora/Diff_Days_Indoor_Setup/Day5/Device2/IQ_1.dat,232,18188568,1,1,1,test,diff_days_indoor,5,0,0,0,0,0,0.613884449005127
data/raw/osu_lora/Diff_Days_Indoor_Setup/Day5/Device2/IQ_1.dat,233,18266967,1,1,1,test,diff_days_indoor,5,0,0,0,0,0,0.6285363435745239
data/raw/osu_lora/Diff_Days_Indoor_Setup/Day5/Device2/IQ_1.dat,234,18345366,1,1,1,test,diff_days_indoor,5,0,0,0,0,0,0.7826875448226929
data/raw/osu_lora/Diff_Days_Indoor_Setup/Day5/Device2/IQ_1.dat,235,18423765,1,2,0,test,diff_days_indoor,5,0,0,0,0,0,0.5158193111419678
data/raw/osu_lora/Diff_Days_Indoor_Setup/Day5/Device2/IQ_1.dat,236,18502164,1,3,0,test,diff_days_indoor,5,0,0,0,0,0,0.3907596468925476
data/raw/osu_lora/Diff_Days_Indoor_Setup/Day5/Device2/IQ_1.dat,237,18580563,1,1,1,test,diff_days_indoor,5,0,0,0,0,0,0.545206606388092
data/raw/osu_lora/Diff_Days_Indoor_Setup/Day5/Device2/IQ_1.dat,238,18658962,1,3,0,test,diff_days_indoor,5,0,0,0,0,0,0.28419384360313416
data/raw/osu_lora/Diff_Days_Indoor_Setup/Day5/Device2/IQ_1.dat,239,18737361,1,3,0,test,diff_days_indoor,5,0,0,0,0,0,0.4635345935821533
data/raw/osu_lora/Diff_Days_Indoor_Setup/Day5/Device2/IQ_1.dat,240,18815760,1,1,1,test,diff_days_indoor,5,0,0,0,0,0,0.6439824104309082
data/raw/osu_lora/Diff_Days_Indoor_Setup/Day5/Device2/IQ_1.dat,241,18894159,1,1,1,test,diff_days_indoor,5,0,0,0,0,0,0.5333167910575867
data/raw/osu_lora/Diff_Days_Indoor_Setup/Day5/Device2/IQ_1.dat,242,18972558,1,1,1,test,diff_days_indoor,5,0,0,0,0,0,0.6621803045272827
data/raw/osu_lora/Diff_Days_Indoor_Setup/Day5/Device2/IQ_1.dat,243,19050957,1,1,1,test,diff_days_indoor,5,0,0,0,0,0,0.8546941876411438
data/raw/osu_lora/Diff_Days_Indoor_Setup/Day5/Device2/IQ_1.dat,244,19129356,1,1,1,test,diff_days_indoor,5,0,0,0,0,0,0.47797340154647827
data/raw/osu_lora/Diff_Days_Indoor_Setup/Day5/Device2/IQ_1.dat,245,19207755,1,1,1,test,diff_days_indoor,5,0,0,0,0,0,0.502327561378479
data/raw/osu_lora/Diff_Days_Indoor_Setup/Day5/Device2/IQ_1.dat,246,19286154,1,1,1,test,diff_days_indoor,5,0,0,0,0,0,0.39549675583839417
data/raw/osu_lora/Diff_Days_Indoor_Setup/Day5/Device2/IQ_1.dat,247,19364553,1,3,0,test,diff_days_indoor,5,0,0,0,0,0,0.3627050817012787
data/raw/osu_lora/Diff_Days_Indoor_Setup/Day5/Device2/IQ_1.dat,248,19442952,1,1,1,test,diff_days_indoor,5,0,0,0,0,0,0.6245030760765076
data/raw/osu_lora/Diff_Days_Indoor_Setup/Day5/Device2/IQ_1.dat,249,19521351,1,3,0,test,diff_days_indoor,5,0,0,0,0,0,0.36270788311958313
data/raw/osu_lora/Diff_Days_Indoor_Setup/Day5/Device2/IQ_1.dat,250,19599750,1,8,0,test,diff_days_indoor,5,0,0,0,0,0,0.19783325493335724
data/raw/osu_lora/Diff_Days_Indoor_Setup/Day5/Device2/IQ_1.dat,251,19678149,1,1,1,test,diff_days_indoor,5,0,0,0,0,0,0.6931450366973877
data/raw/osu_lora/Diff_Days_Indoor_Setup/Day5/Device2/IQ_1.dat,252,19756548,1,1,1,test,diff_days_indoor,5,0,0,0,0,0,0.5320664048194885
data/raw/osu_lora/Diff_Days_Indoor_Setup/Day5/Device2/IQ_1.dat,253,19834947,1,1,1,test,diff_days_indoor,5,0,0,0,0,0,0.6465024948120117
data/raw/osu_lora/Diff_Days_Indoor_Setup/Day5/Device2/IQ_1.dat,254,19913346,1,1,1,test,diff_days_indoor,5,0,0,0,0,0,0.3521888852119446
data/raw/osu_lora/Diff_Days_Indoor_Setup/Day5/Device2/IQ_1.dat,255,19991745,1,1,1,test,diff_days_indoor,5,0,0,0,0,0,0.6797420978546143
data/raw/osu_lora/Diff_Days_Indoor_Setup/Day5/Device3/IQ_1.dat,0,0,2,1,0,test,diff_days_indoor,5,0,0,0,0,0,0.4108794927597046
data/raw/osu_lora/Diff_Days_Indoor_Setup/Day5/Device3/IQ_1.dat,1,78399,2,8,0,test,diff_days_indoor,5,0,0,0,0,0,0.39048781991004944
data/raw/osu_lora/Diff_Days_Indoor_Setup/Day5/Device3/IQ_1.dat,2,156798,2,19,0,test,diff_days_indoor,5,0,0,0,0,0,0.25741294026374817
data/raw/osu_lora/Diff_Days_Indoor_Setup/Day5/Device3/IQ_1.dat,3,235197,2,2,1,test,diff_days_indoor,5,0,0,0,0,0,0.5224237442016602
data/raw/osu_lora/Diff_Days_Indoor_Setup/Day5/Device3/IQ_1.dat,4,313596,2,2,1,test,diff_days_indoor,5,0,0,0,0,0,0.4164210855960846
data/raw/osu_lora/Diff_Days_Indoor_Setup/Day5/Device3/IQ_1.dat,5,391995,2,2,1,test,diff_days_indoor,5,0,0,0,0,0,0.36887744069099426
data/raw/osu_lora/Diff_Days_Indoor_Setup/Day5/Device3/IQ_1.dat,6,470394,2,0,0,test,diff_days_indoor,5,0,0,0,0,0,0.31141093373298645
data/raw/osu_lora/Diff_Days_Indoor_Setup/Day5/Device3/IQ_1.dat,7,548793,2,0,0,test,diff_days_indoor,5,0,0,0,0,0,0.25869274139404297
data/raw/osu_lora/Diff_Days_Indoor_Setup/Day5/Device3/IQ_1.dat,8,627192,2,2,1,test,diff_days_indoor,5,0,0,0,0,0,0.5615952610969543
data/raw/osu_lora/Diff_Days_Indoor_Setup/Day5/Device3/IQ_1.dat,9,705591,2,0,0,test,diff_days_indoor,5,0,0,0,0,0,0.4294389486312866
data/raw/osu_lora/Diff_Days_Indoor_Setup/Day5/Device3/IQ_1.dat,10,783990,2,2,1,test,diff_days_indoor,5,0,0,0,0,0,0.4512901306152344
data/raw/osu_lora/Diff_Days_Indoor_Setup/Day5/Device3/IQ_1.dat,11,862389,2,2,1,test,diff_days_indoor,5,0,0,0,0,0,0.5923426151275635
data/raw/osu_lora/Diff_Days_Indoor_Setup/Day5/Device3/IQ_1.dat,12,940788,2,2,1,test,diff_days_indoor,5,0,0,0,0,0,0.3387509882450104
data/raw/osu_lora/Diff_Days_Indoor_Setup/Day5/Device3/IQ_1.dat,13,1019187,2,2,1,test,diff_days_indoor,5,0,0,0,0,0,0.49949684739112854
data/raw/osu_lora/Diff_Days_Indoor_Setup/Day5/Device3/IQ_1.dat,14,1097586,2,2,1,test,diff_days_indoor,5,0,0,0,0,0,0.37753552198410034
data/raw/osu_lora/Diff_Days_Indoor_Setup/Day5/Device3/IQ_1.dat,15,1175985,2,0,0,test,diff_days_indoor,5,0,0,0,0,0,0.437409907579422
data/raw/osu_lora/Diff_Days_Indoor_Setup/Day5/Device3/IQ_1.dat,16,1254384,2,0,0,test,diff_days_indoor,5,0,0,0,0,0,0.4884326457977295
data/raw/osu_lora/Diff_Days_Indoor_Setup/Day5/Device3/IQ_1.dat,17,1332783,2,2,1,test,diff_days_indoor,5,0,0,0,0,0,0.48974186182022095
data/raw/osu_lora/Diff_Days_Indoor_Setup/Day5/Device3/IQ_1.dat,18,1411182,2,8,0,test,diff_days_indoor,5,0,0,0,0,0,0.2744888663291931
data/raw/osu_lora/Diff_Days_Indoor_Setup/Day5/Device3/IQ_1.dat,19,1489581,2,1,0,test,diff_days_indoor,5,0,0,0,0,0,0.3520069718360901
data/raw/osu_lora/Diff_Days_Indoor_Setup/Day5/Device3/IQ_1.dat,20,1567980,2,2,1,test,diff_days_indoor,5,0,0,0,0,0,0.45167702436447144
data/raw/osu_lora/Diff_Days_Indoor_Setup/Day5/Device3/IQ_1.dat,21,1646379,2,3,0,test,diff_days_indoor,5,0,0,0,0,0,0.29070281982421875
data/raw/osu_lora/Diff_Days_Indoor_Setup/Day5/Device3/IQ_1.dat,22,1724778,2,6,0,test,diff_days_indoor,5,0,0,0,0,0,0.3121784031391144
data/raw/osu_lora/Diff_Days_Indoor_Setup/Day5/Device3/IQ_1.dat,23,1803177,2,3,0,test,diff_days_indoor,5,0,0,0,0,0,0.46399128437042236
data/raw/osu_lora/Diff_Days_Indoor_Setup/Day5/Device3/IQ_1.dat,24,1881576,2,2,1,test,diff_days_indoor,5,0,0,0,0,0,0.5017666220664978
data/raw/osu_lora/Diff_Days_Indoor_Setup/Day5/Device3/IQ_1.dat,25,1959975,2,2,1,test,diff_days_indoor,5,0,0,0,0,0,0.42570680379867554
data/raw/osu_lora/Diff_Days_Indoor_Setup/Day5/Device3/IQ_1.dat,26,2038374,2,2,1,test,diff_days_indoor,5,0,0,0,0,0,0.44184771180152893
data/raw/osu_lora/Diff_Days_Indoor_Setup/Day5/Device3/IQ_1.dat,27,2116773,2,2,1,test,diff_days_indoor,5,0,0,0,0,0,0.4287015497684479
data/raw/osu_lora/Diff_Days_Indoor_Setup/Day5/Device3/IQ_1.dat,28,2195172,2,2,1,test,diff_days_indoor,5,0,0,0,0,0,0.5432004332542419
data/raw/osu_lora/Diff_Days_Indoor_Setup/Day5/Device3/IQ_1.dat,29,2273571,2,19,0,test,diff_days_indoor,5,0,0,0,0,0,0.1987772434949875
data/raw/osu_lora/Diff_Days_Indoor_Setup/Day5/Device3/IQ_1.dat,30,2351970,2,2,1,test,diff_days_indoor,5,0,0,0,0,0,0.522873044013977
data/raw/osu_lora/Diff_Days_Indoor_Setup/Day5/Device3/IQ_1.dat,31,2430369,2,2,1,test,diff_days_indoor,5,0,0,0,0,0,0.5509431958198547
data/raw/osu_lora/Diff_Days_Indoor_Setup/Day5/Device3/IQ_1.dat,32,2508768,2,0,0,test,diff_days_indoor,5,0,0,0,0,0,0.4838143289089203
data/raw/osu_lora/Diff_Days_Indoor_Setup/Day5/Device3/IQ_1.dat,33,2587167,2,2,1,test,diff_days_indoor,5,0,0,0,0,0,0.1633581668138504
data/raw/osu_lora/Diff_Days_Indoor_Setup/Day5/Device3/IQ_1.dat,34,2665566,2,2,1,test,diff_days_indoor,5,0,0,0,0,0,0.4705670177936554
data/raw/osu_lora/Diff_Days_Indoor_Setup/Day5/Device3/IQ_1.dat,35,2743965,2,2,1,test,diff_days_indoor,5,0,0,0,0,0,0.30529919266700745
data/raw/osu_lora/Diff_Days_Indoor_Setup/Day5/Device3/IQ_1.dat,36,2822364,2,2,1,test,diff_days_indoor,5,0,0,0,0,0,0.5603321194648743
data/raw/osu_lora/Diff_Days_Indoor_Setup/Day5/Device3/IQ_1.dat,37,2900763,2,2,1,test,diff_days_indoor,5,0,0,0,0,0,0.5478761792182922
data/raw/osu_lora/Diff_Days_Indoor_Setup/Day5/Device3/IQ_1.dat,38,2979162,2,0,0,test,diff_days_indoor,5,0,0,0,0,0,0.3806127905845642
data/raw/osu_lora/Diff_Days_Indoor_Setup/Day5/Device3/IQ_1.dat,39,3057561,2,2,1,test,diff_days_indoor,5,0,0,0,0,0,0.35723474621772766
data/raw/osu_lora/Diff_Days_Indoor_Setup/Day5/Device3/IQ_1.dat,40,3135960,2,2,1,test,diff_days_indoor,5,0,0,0,0,0,0.27003440260887146
data/raw/osu_lora/Diff_Days_Indoor_Setup/Day5/Device3/IQ_1.dat,41,3214359,2,0,0,test,diff_days_indoor,5,0,0,0,0,0,0.49213314056396484
data/raw/osu_lora/Diff_Days_Indoor_Setup/Day5/Device3/IQ_1.dat,42,3292758,2,8,0,test,diff_days_indoor,5,0,0,0,0,0,0.35675910115242004
data/raw/osu_lora/Diff_Days_Indoor_Setup/Day5/Device3/IQ_1.dat,43,3371157,2,2,1,test,diff_days_indoor,5,0,0,0,0,0,0.38016271591186523
data/raw/osu_lora/Diff_Days_Indoor_Setup/Day5/Device3/IQ_1.dat,44,3449556,2,2,1,test,diff_days_indoor,5,0,0,0,0,0,0.6159172058105469
data/raw/osu_lora/Diff_Days_Indoor_Setup/Day5/Device3/IQ_1.dat,45,3527955,2,0,0,test,diff_days_indoor,5,0,0,0,0,0,0.42886048555374146
data/raw/osu_lora/Diff_Days_Indoor_Setup/Day5/Device3/IQ_1.dat,46,3606354,2,2,1,test,diff_days_indoor,5,0,0,0,0,0,0.5468432903289795
data/raw/osu_lora/Diff_Days_Indoor_Setup/Day5/Device3/IQ_1.dat,47,3684753,2,2,1,test,diff_days_indoor,5,0,0,0,0,0,0.41076865792274475
data/raw/osu_lora/Diff_Days_Indoor_Setup/Day5/Device3/IQ_1.dat,48,3763152,2,2,1,test,diff_days_indoor,5,0,0,0,0,0,0.443585067987442
data/raw/osu_lora/Diff_Days_Indoor_Setup/Day5/Device3/IQ_1.dat,49,3841551,2,2,1,test,diff_days_indoor,5,0,0,0,0,0,0.5141873955726624
data/raw/osu_lora/Diff_Days_Indoor_Setup/Day5/Device3/IQ_1.dat,50,3919950,2,2,1,test,diff_days_indoor,5,0,0,0,0,0,0.42971929907798767
data/raw/osu_lora/Diff_Days_Indoor_Setup/Day5/Device3/IQ_1.dat,51,3998349,2,2,1,test,diff_days_indoor,5,0,0,0,0,0,0.5472678542137146
data/raw/osu_lora/Diff_Days_Indoor_Setup/Day5/Device3/IQ_1.dat,52,4076748,2,0,0,test,diff_days_indoor,5,0,0,0,0,0,0.4182785451412201
data/raw/osu_lora/Diff_Days_Indoor_Setup/Day5/Device3/IQ_1.dat,53,4155147,2,2,1,test,diff_days_indoor,5,0,0,0,0,0,0.45470908284187317
data/raw/osu_lora/Diff_Days_Indoor_Setup/Day5/Device3/IQ_1.dat,54,4233546,2,2,1,test,diff_days_indoor,5,0,0,0,0,0,0.3680940866470337
data/raw/osu_lora/Diff_Days_Indoor_Setup/Day5/Device3/IQ_1.dat,55,4311945,2,2,1,test,diff_days_indoor,5,0,0,0,0,0,0.5545675158500671
data/raw/osu_lora/Diff_Days_Indoor_Setup/Day5/Device3/IQ_1.dat,56,4390344,2,2,1,test,diff_days_indoor,5,0,0,0,0,0,0.45595547556877136
data/raw/osu_lora/Diff_Days_Indoor_Setup/Day5/Device3/IQ_1.dat,57,4468743,2,8,0,test,diff_days_indoor,5,0,0,0,0,0,0.3113064765930176
data/raw/osu_lora/Diff_Days_Indoor_Setup/Day5/Device3/IQ_1.dat,58,4547142,2,2,1,test,diff_days_indoor,5,0,0,0,0,0,0.34046876430511475
data/raw/osu_lora/Diff_Days_Indoor_Setup/Day5/Device3/IQ_1.dat,59,4625541,2,2,1,test,diff_days_indoor,5,0,0,0,0,0,0.549261212348938
data/raw/osu_lora/Diff_Days_Indoor_Setup/Day5/Device3/IQ_1.dat,60,4703940,2,2,1,test,diff_days_indoor,5,0,0,0,0,0,0.36844342947006226
data/raw/osu_lora/Diff_Days_Indoor_Setup/Day5/Device3/IQ_1.dat,61,4782339,2,2,1,test,diff_days_indoor,5,0,0,0,0,0,0.4245149791240692
data/raw/osu_lora/Diff_Days_Indoor_Setup/Day5/Device3/IQ_1.dat,62,4860738,2,2,1,test,diff_days_indoor,5,0,0,0,0,0,0.46455493569374084
data/raw/osu_lora/Diff_Days_Indoor_Setup/Day5/Device3/IQ_1.dat,63,4939137,2,2,1,test,diff_days_indoor,5,0,0,0,0,0,0.19361965358257294
data/raw/osu_lora/Diff_Days_Indoor_Setup/Day5/Device3/IQ_1.dat,64,5017536,2,3,0,test,diff_days_indoor,5,0,0,0,0,0,0.2975537180900574
data/raw/osu_lora/Diff_Days_Indoor_Setup/Day5/Device3/IQ_1.dat,65,5095935,2,2,1,test,diff_days_indoor,5,0,0,0,0,0,0.2764054536819458
data/raw/osu_lora/Diff_Days_Indoor_Setup/Day5/Device3/IQ_1.dat,66,5174334,2,2,1,test,diff_days_indoor,5,0,0,0,0,0,0.5181933641433716
data/raw/osu_lora/Diff_Days_Indoor_Setup/Day5/Device3/IQ_1.dat,67,5252733,2,2,1,test,diff_days_indoor,5,0,0,0,0,0,0.4740430414676666
data/raw/osu_lora/Diff_Days_Indoor_Setup/Day5/Device3/IQ_1.dat,68,5331132,2,2,1,test,diff_days_indoor,5,0,0,0,0,0,0.3764936029911041
data/raw/osu_lora/Diff_Days_Indoor_Setup/Day5/Device3/IQ_1.dat,69,5409531,2,0,0,test,diff_days_indoor,5,0,0,0,0,0,0.4679097831249237
data/raw/osu_lora/Diff_Days_Indoor_Setup/Day5/Device3/IQ_1.dat,70,5487930,2,2,1,test,diff_days_indoor,5,0,0,0,0,0,0.29336467385292053
data/raw/osu_lora/Diff_Days_Indoor_Setup/Day5/Device3/IQ_1.dat,71,5566329,2,2,1,test,diff_days_indoor,5,0,0,0,0,0,0.31755778193473816
data/raw/osu_lora/Diff_Days_Indoor_Setup/Day5/Device3/IQ_1.dat,72,5644728,2,0,0,test,diff_days_indoor,5,0,0,0,0,0,0.3443226218223572
data/raw/osu_lora/Diff_Days_Indoor_Setup/Day5/Device3/IQ_1.dat,73,5723127,2,2,1,test,diff_days_indoor,5,0,0,0,0,0,0.5076636672019958
data/raw/osu_lora/Diff_Days_Indoor_Setup/Day5/Device3/IQ_1.dat,74,5801526,2,2,1,test,diff_days_indoor,5,0,0,0,0,0,0.49480119347572327
data/raw/osu_lora/Diff_Days_Indoor_Setup/Day5/Device3/IQ_1.dat,75,5879925,2,2,1,test,diff_days_indoor,5,0,0,0,0,0,0.5782846212387085
data/raw/osu_lora/Diff_Days_Indoor_Setup/Day5/Device3/IQ_1.dat,76,5958324,2,2,1,test,diff_days_indoor,5,0,0,0,0,0,0.5332087278366089
data/raw/osu_lora/Diff_Days_Indoor_Setup/Day5/Device3/IQ_1.dat,77,6036723,2,2,1,test,diff_days_indoor,5,0,0,0,0,0,0.39232510328292847
data/raw/osu_lora/Diff_Days_Indoor_Setup/Day5/Device3/IQ_1.dat,78,6115122,2,2,1,test,diff_days_indoor,5,0,0,0,0,0,0.5561350584030151
data/raw/osu_lora/Diff_Days_Indoor_Setup/Day5/Device3/IQ_1.dat,79,6193521,2,2,1,test,diff_days_indoor,5,0,0,0,0,0,0.4942034184932709
data/raw/osu_lora/Diff_Days_Indoor_Setup/Day5/Device3/IQ_1.dat,80,6271920,2,0,0,test,diff_days_indoor,5,0,0,0,0,0,0.4252788722515106
data/raw/osu_lora/Diff_Days_Indoor_Setup/Day5/Device3/IQ_1.dat,81,6350319,2,2,1,test,diff_days_indoor,5,0,0,0,0,0,0.5111764669418335
data/raw/osu_lora/Diff_Days_Indoor_Setup/Day5/Device3/IQ_1.dat,82,6428718,2,2,1,test,diff_days_indoor,5,0,0,0,0,0,0.5266513824462891
data/raw/osu_lora/Diff_Days_Indoor_Setup/Day5/Device3/IQ_1.dat,83,6507117,2,0,0,test,diff_days_indoor,5,0,0,0,0,0,0.35137641429901123
data/raw/osu_lora/Diff_Days_Indoor_Setup/Day5/Device3/IQ_1.dat,84,6585516,2,0,0,test,diff_days_indoor,5,0,0,0,0,0,0.3597147464752197
data/raw/osu_lora/Diff_Days_Indoor_Setup/Day5/Device3/IQ_1.dat,85,6663915,2,2,1,test,diff_days_indoor,5,0,0,0,0,0,0.3505328297615051
data/raw/osu_lora/Diff_Days_Indoor_Setup/Day5/Device3/IQ_1.dat,86,6742314,2,2,1,test,diff_days_indoor,5,0,0,0,0,0,0.5193427205085754
data/raw/osu_lora/Diff_Days_Indoor_Setup/Day5/Device3/IQ_1.dat,87,6820713,2,2,1,test,diff_days_indoor,5,0,0,0,0,0,0.47776830196380615
data/raw/osu_lora/Diff_Days_Indoor_Setup/Day5/Device3/IQ_1.dat,88,6899112,2,1,0,test,diff_days_indoor,5,0,0,0,0,0,0.3539590835571289
data/raw/osu_lora/Diff_Days_Indoor_Setup/Day5/Device3/IQ_1.dat,89,6977511,2,2,1,test,diff_days_indoor,5,0,0,0,0,0,0.4980117082595825
data/raw/osu_lora/Diff_Days_Indoor_Setup/Day5/Device3/IQ_1.dat,90,7055910,2,1,0,test,diff_days_indoor,5,0,0,0,0,0,0.5198893547058105
data/raw/osu_lora/Diff_Days_Indoor_Setup/Day5/Device3/IQ_1.dat,91,7134309,2,2,1,test,diff_days_indoor,5,0,0,0,0,0,0.5051867961883545
data/raw/osu_lora/Diff_Days_Indoor_Setup/Day5/Device3/IQ_1.dat,92,7212708,2,3,0,test,diff_days_indoor,5,0,0,0,0,0,0.4863010346889496
data/raw/osu_lora/Diff_Days_Indoor_Setup/Day5/Device3/IQ_1.dat,93,7291107,2,8,0,test,diff_days_indoor,5,0,0,0,0,0,0.24343156814575195
data/raw/osu_lora/Diff_Days_Indoor_Setup/Day5/Device3/IQ_1.dat,94,7369506,2,0,0,test,diff_days_indoor,5,0,0,0,0,0,0.48316213488578796
data/raw/osu_lora/Diff_Days_Indoor_Setup/Day5/Device3/IQ_1.dat,95,7447905,2,2,1,test,diff_days_indoor,5,0,0,0,0,0,0.3364468812942505
data/raw/osu_lora/Diff_Days_Indoor_Setup/Day5/Device3/IQ_1.dat,96,7526304,2,2,1,test,diff_days_indoor,5,0,0,0,0,0,0.5838392972946167
data/raw/osu_lora/Diff_Days_Indoor_Setup/Day5/Device3/IQ_1.dat,97,7604703,2,0,0,test,diff_days_indoor,5,0,0,0,0,0,0.38529837131500244
data/raw/osu_lora/Diff_Days_Indoor_Setup/Day5/Device3/IQ_1.dat,98,7683102,2,2,1,test,diff_days_indoor,5,0,0,0,0,0,0.5114278793334961
data/raw/osu_lora/Diff_Days_Indoor_Setup/Day5/Device3/IQ_1.dat,99,7761501,2,2,1,test,diff_days_indoor,5,0,0,0,0,0,0.3993183374404907
data/raw/osu_lora/Diff_Days_Indoor_Setup/Day5/Device3/IQ_1.dat,100,7839900,2,20,0,test,diff_days_indoor,5,0,0,0,0,0,0.22409425675868988
data/raw/osu_lora/Diff_Days_Indoor_Setup/Day5/Device3/IQ_1.dat,101,7918299,2,8,0,test,diff_days_indoor,5,0,0,0,0,0,0.17060789465904236
data/raw/osu_lora/Diff_Days_Indoor_Setup/Day5/Device3/IQ_1.dat,102,7996698,2,2,1,test,diff_days_indoor,5,0,0,0,0,0,0.5180954933166504
data/raw/osu_lora/Diff_Days_Indoor_Setup/Day5/Device3/IQ_1.dat,103,8075097,2,2,1,test,diff_days_indoor,5,0,0,0,0,0,0.40654802322387695
data/raw/osu_lora/Diff_Days_Indoor_Setup/Day5/Device3/IQ_1.dat,104,8153496,2,2,1,test,diff_days_indoor,5,0,0,0,0,0,0.3905618190765381
data/raw/osu_lora/Diff_Days_Indoor_Setup/Day5/Device3/IQ_1.dat,105,8231895,2,2,1,test,diff_days_indoor,5,0,0,0,0,0,0.4886941909790039
data/raw/osu_lora/Diff_Days_Indoor_Setup/Day5/Device3/IQ_1.dat,106,8310294,2,2,1,test,diff_days_indoor,5,0,0,0,0,0,0.513454258441925
data/raw/osu_lora/Diff_Days_Indoor_Setup/Day5/Device3/IQ_1.dat,107,8388693,2,2,1,test,diff_days_indoor,5,0,0,0,0,0,0.566551923751831
data/raw/osu_lora/Diff_Days_Indoor_Setup/Day5/Device3/IQ_1.dat,108,8467092,2,2,1,test,diff_days_indoor,5,0,0,0,0,0,0.5396486520767212
data/raw/osu_lora/Diff_Days_Indoor_Setup/Day5/Device3/IQ_1.dat,109,8545491,2,2,1,test,diff_days_indoor,5,0,0,0,0,0,0.3224276602268219
data/raw/osu_lora/Diff_Days_Indoor_Setup/Day5/Device3/IQ_1.dat,110,8623890,2,0,0,test,diff_days_indoor,5,0,0,0,0,0,0.3755415976047516
data/raw/osu_lora/Diff_Days_Indoor_Setup/Day5/Device3/IQ_1.dat,111,8702289,2,2,1,test,diff_days_indoor,5,0,0,0,0,0,0.5446711778640747
data/raw/osu_lora/Diff_Days_Indoor_Setup/Day5/Device3/IQ_1.dat,112,8780688,2,2,1,test,diff_days_indoor,5,0,0,0,0,0,0.512394905090332
data/raw/osu_lora/Diff_Days_Indoor_Setup/Day5/Device3/IQ_1.dat,113,8859087,2,2,1,test,diff_days_indoor,5,0,0,0,0,0,0.517200231552124
data/raw/osu_lora/Diff_Days_Indoor_Setup/Day5/Device3/IQ_1.dat,114,8937486,2,2,1,test,diff_days_indoor,5,0,0,0,0,0,0.422919899225235
data/raw/osu_lora/Diff_Days_Indoor_Setup/Day5/Device3/IQ_1.dat,115,9015885,2,2,1,test,diff_days_indoor,5,0,0,0,0,0,0.308218777179718
data/raw/osu_lora/Diff_Days_Indoor_Setup/Day5/Device3/IQ_1.dat,116,9094284,2,2,1,test,diff_days_indoor,5,0,0,0,0,0,0.5813307166099548
data/raw/osu_lora/Diff_Days_Indoor_Setup/Day5/Device3/IQ_1.dat,117,9172683,2,2,1,test,diff_days_indoor,5,0,0,0,0,0,0.5098711848258972
data/raw/osu_lora/Diff_Days_Indoor_Setup/Day5/Device3/IQ_1.dat,118,9251082,2,2,1,test,diff_days_indoor,5,0,0,0,0,0,0.3735503554344177
data/raw/osu_lora/Diff_Days_Indoor_Setup/Day5/Device3/IQ_1.dat,119,9329481,2,2,1,test,diff_days_indoor,5,0,0,0,0,0,0.4881421625614166
data/raw/osu_lora/Diff_Days_Indoor_Setup/Day5/Device3/IQ_1.dat,120,9407880,2,2,1,test,diff_days_indoor,5,0,0,0,0,0,0.4667888879776001
data/raw/osu_lora/Diff_Days_Indoor_Setup/Day5/Device3/IQ_1.dat,121,9486279,2,2,1,test,diff_days_indoor,5,0,0,0,0,0,0.47593799233436584
data/raw/osu_lora/Diff_Days_Indoor_Setup/Day5/Device3/IQ_1.dat,122,9564678,2,2,1,test,diff_days_indoor,5,0,0,0,0,0,0.42012473940849304
data/raw/osu_lora/Diff_Days_Indoor_Setup/Day5/Device3/IQ_1.dat,123,9643077,2,8,0,test,diff_days_indoor,5,0,0,0,0,0,0.1820235550403595
data/raw/osu_lora/Diff_Days_Indoor_Setup/Day5/Device3/IQ_1.dat,124,9721476,2,0,0,test,diff_days_indoor,5,0,0,0,0,0,0.4589962959289551
data/raw/osu_lora/Diff_Days_Indoor_Setup/Day5/Device3/IQ_1.dat,125,9799875,2,2,1,test,diff_days_indoor,5,0,0,0,0,0,0.47225669026374817
data/raw/osu_lora/Diff_Days_Indoor_Setup/Day5/Device3/IQ_1.dat,126,9878274,2,2,1,test,diff_days_indoor,5,0,0,0,0,0,0.4914713501930237
data/raw/osu_lora/Diff_Days_Indoor_Setup/Day5/Device3/IQ_1.dat,127,9956673,2,2,1,test,diff_days_indoor,5,0,0,0,0,0,0.5089383721351624
data/raw/osu_lora/Diff_Days_Indoor_Setup/Day5/Device3/IQ_1.dat,128,10035072,2,2,1,test,diff_days_indoor,5,0,0,0,0,0,0.5568816661834717
data/raw/osu_lora/Diff_Days_Indoor_Setup/Day5/Device3/IQ_1.dat,129,10113471,2,2,1,test,diff_days_indoor,5,0,0,0,0,0,0.5814778208732605
data/raw/osu_lora/Diff_Days_Indoor_Setup/Day5/Device3/IQ_1.dat,130,10191870,2,2,1,test,diff_days_indoor,5,0,0,0,0,0,0.4585154950618744
data/raw/osu_lora/Diff_Days_Indoor_Setup/Day5/Device3/IQ_1.dat,131,10270269,2,2,1,test,diff_days_indoor,5,0,0,0,0,0,0.4119962453842163
data/raw/osu_lora/Diff_Days_Indoor_Setup/Day5/Device3/IQ_1.dat,132,10348668,2,0,0,test,diff_days_indoor,5,0,0,0,0,0,0.503336489200592
data/raw/osu_lora/Diff_Days_Indoor_Setup/Day5/Device3/IQ_1.dat,133,10427067,2,2,1,test,diff_days_indoor,5,0,0,0,0,0,0.511874258518219
data/raw/osu_lora/Diff_Days_Indoor_Setup/Day5/Device3/IQ_1.dat,134,10505466,2,1,0,test,diff_days_indoor,5,0,0,0,0,0,0.44032666087150574
data/raw/osu_lora/Diff_Days_Indoor_Setup/Day5/Device3/IQ_1.dat,135,10583865,2,3,0,test,diff_days_indoor,5,0,0,0,0,0,0.44770896434783936
data/raw/osu_lora/Diff_Days_Indoor_Setup/Day5/Device3/IQ_1.dat,136,10662264,2,2,1,test,diff_days_indoor,5,0,0,0,0,0,0.40622562170028687
data/raw/osu_lora/Diff_Days_Indoor_Setup/Day5/Device3/IQ_1.dat,137,10740663,2,19,0,test,diff_days_indoor,5,0,0,0,0,0,0.27525806427001953
data/raw/osu_lora/Diff_Days_Indoor_Setup/Day5/Device3/IQ_1.dat,138,10819062,2,2,1,test,diff_days_indoor,5,0,0,0,0,0,0.24201221764087677
data/raw/osu_lora/Diff_Days_Indoor_Setup/Day5/Device3/IQ_1.dat,139,10897461,2,2,1,test,diff_days_indoor,5,0,0,0,0,0,0.5598271489143372
data/raw/osu_lora/Diff_Days_Indoor_Setup/Day5/Device3/IQ_1.dat,140,10975860,2,6,0,test,diff_days_indoor,5,0,0,0,0,0,0.1676923632621765
data/raw/osu_lora/Diff_Days_Indoor_Setup/Day5/Device3/IQ_1.dat,141,11054259,2,23,0,test,diff_days_indoor,5,0,0,0,0,0,0.3234338164329529
data/raw/osu_lora/Diff_Days_Indoor_Setup/Day5/Device3/IQ_1.dat,142,11132658,2,2,1,test,diff_days_indoor,5,0,0,0,0,0,0.3379194736480713
data/raw/osu_lora/Diff_Days_Indoor_Setup/Day5/Device3/IQ_1.dat,143,11211057,2,2,1,test,diff_days_indoor,5,0,0,0,0,0,0.4528210163116455
data/raw/osu_lora/Diff_Days_Indoor_Setup/Day5/Device3/IQ_1.dat,144,11289456,2,2,1,test,diff_days_indoor,5,0,0,0,0,0,0.5444867014884949
data/raw/osu_lora/Diff_Days_Indoor_Setup/Day5/Device3/IQ_1.dat,145,11367855,2,0,0,test,diff_days_indoor,5,0,0,0,0,0,0.4474889934062958
data/raw/osu_lora/Diff_Days_Indoor_Setup/Day5/Device3/IQ_1.dat,146,11446254,2,2,1,test,diff_days_indoor,5,0,0,0,0,0,0.5399640202522278
data/raw/osu_lora/Diff_Days_Indoor_Setup/Day5/Device3/IQ_1.dat,147,11524653,2,2,1,test,diff_days_indoor,5,0,0,0,0,0,0.32494112849235535
data/raw/osu_lora/Diff_Days_Indoor_Setup/Day5/Device3/IQ_1.dat,148,11603052,2,8,0,test,diff_days_indoor,5,0,0,0,0,0,0.26951533555984497
data/raw/osu_lora/Diff_Days_Indoor_Setup/Day5/Device3/IQ_1.dat,149,11681451,2,2,1,test,diff_days_indoor,5,0,0,0,0,0,0.5705288052558899
data/raw/osu_lora/Diff_Days_Indoor_Setup/Day5/Device3/IQ_1.dat,150,11759850,2,2,1,test,diff_days_indoor,5,0,0,0,0,0,0.35883012413978577
data/raw/osu_lora/Diff_Days_Indoor_Setup/Day5/Device3/IQ_1.dat,151,11838249,2,23,0,test,diff_days_indoor,5,0,0,0,0,0,0.40790408849716187
data/raw/osu_lora/Diff_Days_Indoor_Setup/Day5/Device3/IQ_1.dat,152,11916648,2,2,1,test,diff_days_indoor,5,0,0,0,0,0,0.40738794207572937
data/raw/osu_lora/Diff_Days_Indoor_Setup/Day5/Device3/IQ_1.dat,153,11995047,2,3,0,test,diff_days_indoor,5,0,0,0,0,0,0.2964063882827759
data/raw/osu_lora/Diff_Days_Indoor_Setup/Day5/Device3/IQ_1.dat,154,12073446,2,23,0,test,diff_days_indoor,5,0,0,0,0,0,0.1561983972787857
data/raw/osu_lora/Diff_Days_Indoor_Setup/Day5/Device3/IQ_1.dat,155,12151845,2,1,0,test,diff_days_indoor,5,0,0,0,0,0,0.44588640332221985
data/raw/osu_lora/Diff_Days_Indoor_Setup/Day5/Device3/IQ_1.dat,156,12230244,2,2,1,test,diff_days_indoor,5,0,0,0,0,0,0.5728892087936401
data/raw/osu_lora/Diff_Days_Indoor_Setup/Day5/Device3/IQ_1.dat,157,12308643,2,8,0,test,diff_days_indoor,5,0,0,0,0,0,0.2716694176197052
data/raw/osu_lora/Diff_Days_Indoor_Setup/Day5/Device3/IQ_1.dat,158,12387042,2,2,1,test,diff_days_indoor,5,0,0,0,0,0,0.35794952511787415
data/raw/osu_lora/Diff_Days_Indoor_Setup/Day5/Device3/IQ_1.dat,159,12465441,2,8,0,test,diff_days_indoor,5,0,0,0,0,0,0.27290305495262146
data/raw/osu_lora/Diff_Days_Indoor_Setup/Day5/Device3/IQ_1.dat,160,12543840,2,2,1,test,diff_days_indoor,5,0,0,0,0,0,0.4016631245613098
data/raw/osu_lora/Diff_Days_Indoor_Setup/Day5/Device3/IQ_1.dat,161,12622239,2,0,0,test,diff_days_indoor,5,0,0,0,0,0,0.46969348192214966
data/raw/osu_lora/Diff_Days_Indoor_Setup/Day5/Device3/IQ_1.dat,162,12700638,2,0,0,test,diff_days_indoor,5,0,0,0,0,0,0.5032339692115784
data/raw/osu_lora/Diff_Days_Indoor_Setup/Day5/Device3/IQ_1.dat,163,12779037,2,2,1,test,diff_days_indoor,5,0,0,0,0,0,0.4445860683917999
data/raw/osu_lora/Diff_Days_Indoor_Setup/Day5/Device3/IQ_1.dat,164,12857436,2,2,1,test,diff_days_indoor,5,0,0,0,0,0,0.4591607451438904
data/raw/osu_lora/Diff_Days_Indoor_Setup/Day5/Device3/IQ_1.dat,165,12935835,2,2,1,test,diff_days_indoor,5,0,0,0,0,0,0.5736164450645447
data/raw/osu_lora/Diff_Days_Indoor_Setup/Day5/Device3/IQ_1.dat,166,13014234,2,6,0,test,diff_days_indoor,5,0,0,0,0,0,0.5544120669364929
data/raw/osu_lora/Diff_Days_Indoor_Setup/Day5/Device3/IQ_1.dat,167,13092633,2,1,0,test,diff_days_indoor,5,0,0,0,0,0,0.42849794030189514
data/raw/osu_lora/Diff_Days_Indoor_Setup/Day5/Device3/IQ_1.dat,168,13171032,2,6,0,test,diff_days_indoor,5,0,0,0,0,0,0.1715230792760849
data/raw/osu_lora/Diff_Days_Indoor_Setup/Day5/Device3/IQ_1.dat,169,13249431,2,2,1,test,diff_days_indoor,5,0,0,0,0,0,0.46735629439353943
data/raw/osu_lora/Diff_Days_Indoor_Setup/Day5/Device3/IQ_1.dat,170,13327830,2,2,1,test,diff_days_indoor,5,0,0,0,0,0,0.41550159454345703
data/raw/osu_lora/Diff_Days_Indoor_Setup/Day5/Device3/IQ_1.dat,171,13406229,2,2,1,test,diff_days_indoor,5,0,0,0,0,0,0.28799664974212646
data/raw/osu_lora/Diff_Days_Indoor_Setup/Day5/Device3/IQ_1.dat,172,13484628,2,6,0,test,diff_days_indoor,5,0,0,0,0,0,0.20570211112499237
data/raw/osu_lora/Diff_Days_Indoor_Setup/Day5/Device3/IQ_1.dat,173,13563027,2,2,1,test,diff_days_indoor,5,0,0,0,0,0,0.43882450461387634
data/raw/osu_lora/Diff_Days_Indoor_Setup/Day5/Device3/IQ_1.dat,174,13641426,2,0,0,test,diff_days_indoor,5,0,0,0,0,0,0.30136963725090027
data/raw/osu_lora/Diff_Days_Indoor_Setup/Day5/Device3/IQ_1.dat,175,13719825,2,2,1,test,diff_days_indoor,5,0,0,0,0,0,0.5186536312103271
data/raw/osu_lora/Diff_Days_Indoor_Setup/Day5/Device3/IQ_1.dat,176,13798224,2,2,1,test,diff_days_indoor,5,0,0,0,0,0,0.3367936611175537
data/raw/osu_lora/Diff_Days_Indoor_Setup/Day5/Device3/IQ_1.dat,177,13876623,2,2,1,test,diff_days_indoor,5,0,0,0,0,0,0.34734177589416504
data/raw/osu_lora/Diff_Days_Indoor_Setup/Day5/Device3/IQ_1.dat,178,13955022,2,2,1,test,diff_days_indoor,5,0,0,0,0,0,0.44498980045318604
data/raw/osu_lora/Diff_Days_Indoor_Setup/Day5/Device3/IQ_1.dat,179,14033421,2,2,1,test,diff_days_indoor,5,0,0,0,0,0,0.49318405985832214
data/raw/osu_lora/Diff_Days_Indoor_Setup/Day5/Device3/IQ_1.dat,180,14111820,2,2,1,test,diff_days_indoor,5,0,0,0,0,0,0.5407745838165283
data/raw/osu_lora/Diff_Days_Indoor_Setup/Day5/Device3/IQ_1.dat,181,14190219,2,2,1,test,diff_days_indoor,5,0,0,0,0,0,0.4885227680206299
data/raw/osu_lora/Diff_Days_Indoor_Setup/Day5/Device3/IQ_1.dat,182,14268618,2,2,1,test,diff_days_indoor,5,0,0,0,0,0,0.4523814618587494
data/raw/osu_lora/Diff_Days_Indoor_Setup/Day5/Device3/IQ_1.dat,183,14347017,2,2,1,test,diff_days_indoor,5,0,0,0,0,0,0.5715498328208923
data/raw/osu_lora/Diff_Days_Indoor_Setup/Day5/Device3/IQ_1.dat,184,14425416,2,1,0,test,diff_days_indoor,5,0,0,0,0,0,0.5641933083534241
data/raw/osu_lora/Diff_Days_Indoor_Setup/Day5/Device3/IQ_1.dat,185,14503815,2,8,0,test,diff_days_indoor,5,0,0,0,0,0,0.4023626446723938
data/raw/osu_lora/Diff_Days_Indoor_Setup/Day5/Device3/IQ_1.dat,186,14582214,2,2,1,test,diff_days_indoor,5,0,0,0,0,0,0.4634582996368408
data/raw/osu_lora/Diff_Days_Indoor_Setup/Day5/Device3/IQ_1.dat,187,14660613,2,8,0,test,diff_days_indoor,5,0,0,0,0,0,0.36572369933128357
data/raw/osu_lora/Diff_Days_Indoor_Setup/Day5/Device3/IQ_1.dat,188,14739012,2,0,0,test,diff_days_indoor,5,0,0,0,0,0,0.2457982897758484
data/raw/osu_lora/Diff_Days_Indoor_Setup/Day5/Device3/IQ_1.dat,189,14817411,2,2,1,test,diff_days_indoor,5,0,0,0,0,0,0.46974265575408936
data/raw/osu_lora/Diff_Days_Indoor_Setup/Day5/Device3/IQ_1.dat,190,14895810,2,2,1,test,diff_days_indoor,5,0,0,0,0,0,0.28489068150520325
data/raw/osu_lora/Diff_Days_Indoor_Setup/Day5/Device3/IQ_1.dat,191,14974209,2,2,1,test,diff_days_indoor,5,0,0,0,0,0,0.41085532307624817
data/raw/osu_lora/Diff_Days_Indoor_Setup/Day5/Device3/IQ_1.dat,192,15052608,2,2,1,test,diff_days_indoor,5,0,0,0,0,0,0.45922237634658813
data/raw/osu_lora/Diff_Days_Indoor_Setup/Day5/Device3/IQ_1.dat,193,15131007,2,2,1,test,diff_days_indoor,5,0,0,0,0,0,0.4602760672569275
data/raw/osu_lora/Diff_Days_Indoor_Setup/Day5/Device3/IQ_1.dat,194,15209406,2,2,1,test,diff_days_indoor,5,0,0,0,0,0,0.343618780374527
data/raw/osu_lora/Diff_Days_Indoor_Setup/Day5/Device3/IQ_1.dat,195,15287805,2,2,1,test,diff_days_indoor,5,0,0,0,0,0,0.5374698042869568
data/raw/osu_lora/Diff_Days_Indoor_Setup/Day5/Device3/IQ_1.dat,196,15366204,2,2,1,test,diff_days_indoor,5,0,0,0,0,0,0.3410559892654419
data/raw/osu_lora/Diff_Days_Indoor_Setup/Day5/Device3/IQ_1.dat,197,15444603,2,2,1,test,diff_days_indoor,5,0,0,0,0,0,0.427353173494339
data/raw/osu_lora/Diff_Days_Indoor_Setup/Day5/Device3/IQ_1.dat,198,15523002,2,8,0,test,diff_days_indoor,5,0,0,0,0,0,0.21032899618148804
data/raw/osu_lora/Diff_Days_Indoor_Setup/Day5/Device3/IQ_1.dat,199,15601401,2,2,1,test,diff_days_indoor,5,0,0,0,0,0,0.3606888949871063
data/raw/osu_lora/Diff_Days_Indoor_Setup/Day5/Device3/IQ_1.dat,200,15679800,2,2,1,test,diff_days_indoor,5,0,0,0,0,0,0.5025438070297241
data/raw/osu_lora/Diff_Days_Indoor_Setup/Day5/Device3/IQ_1.dat,201,15758199,2,1,0,test,diff_days_indoor,5,0,0,0,0,0,0.44987815618515015
data/raw/osu_lora/Diff_Days_Indoor_Setup/Day5/Device3/IQ_1.dat,202,15836598,2,1,0,test,diff_days_indoor,5,0,0,0,0,0,0.7700693011283875
data/raw/osu_lora/Diff_Days_Indoor_Setup/Day5/Device3/IQ_1.dat,203,15914997,2,0,0,test,diff_days_indoor,5,0,0,0,0,0,0.5127389430999756
data/raw/osu_lora/Diff_Days_Indoor_Setup/Day5/Device3/IQ_1.dat,204,15993396,2,2,1,test,diff_days_indoor,5,0,0,0,0,0,0.41333648562431335
data/raw/osu_lora/Diff_Days_Indoor_Setup/Day5/Device3/IQ_1.dat,205,16071795,2,2,1,test,diff_days_indoor,5,0,0,0,0,0,0.32271644473075867
data/raw/osu_lora/Diff_Days_Indoor_Setup/Day5/Device3/IQ_1.dat,206,16150194,2,2,1,test,diff_days_indoor,5,0,0,0,0,0,0.3707581162452698
data/raw/osu_lora/Diff_Days_Indoor_Setup/Day5/Device3/IQ_1.dat,207,16228593,2,2,1,test,diff_days_indoor,5,0,0,0,0,0,0.3156388998031616
data/raw/osu_lora/Diff_Days_Indoor_Setup/Day5/Device3/IQ_1.dat,208,16306992,2,0,0,test,diff_days_indoor,5,0,0,0,0,0,0.3705413341522217
data/raw/osu_lora/Diff_Days_Indoor_Setup/Day5/Device3/IQ_1.dat,209,16385391,2,2,1,test,diff_days_indoor,5,0,0,0,0,0,0.57786625623703
data/raw/osu_lora/Diff_Days_Indoor_Setup/Day5/Device3/IQ_1.dat,210,16463790,2,2,1,test,diff_days_indoor,5,0,0,0,0,0,0.2559935748577118
data/raw/osu_lora/Diff_Days_Indoor_Setup/Day5/Device3/IQ_1.dat,211,16542189,2,2,1,test,diff_days_indoor,5,0,0,0,0,0,0.46575555205345154
data/raw/osu_lora/Diff_Days_Indoor_Setup/Day5/Device3/IQ_1.dat,212,16620588,2,2,1,test,diff_days_indoor,5,0,0,0,0,0,0.6192975640296936
data/raw/osu_lora/Diff_Days_Indoor_Setup/Day5/Device3/IQ_1.dat,213,16698987,2,2,1,test,diff_days_indoor,5,0,0,0,0,0,0.5501652359962463
data/raw/osu_lora/Diff_Days_Indoor_Setup/Day5/Device3/IQ_1.dat,214,16777386,2,2,1,test,diff_days_indoor,5,0,0,0,0,0,0.5171576738357544
data/raw/osu_lora/Diff_Days_Indoor_Setup/Day5/Device3/IQ_1.dat,215,16855785,2,2,1,test,diff_days_indoor,5,0,0,0,0,0,0.28553760051727295
data/raw/osu_lora/Diff_Days_Indoor_Setup/Day5/Device3/IQ_1.dat,216,16934184,2,2,1,test,diff_days_indoor,5,0,0,0,0,0,0.4815748929977417
data/raw/osu_lora/Diff_Days_Indoor_Setup/Day5/Device3/IQ_1.dat,217,17012583,2,2,1,test,diff_days_indoor,5,0,0,0,0,0,0.5300931930541992
data/raw/osu_lora/Diff_Days_Indoor_Setup/Day5/Device3/IQ_1.dat,218,17090982,2,2,1,test,diff_days_indoor,5,0,0,0,0,0,0.4682296812534332
data/raw/osu_lora/Diff_Days_Indoor_Setup/Day5/Device3/IQ_1.dat,219,17169381,2,2,1,test,diff_days_indoor,5,0,0,0,0,0,0.4280632436275482
data/raw/osu_lora/Diff_Days_Indoor_Setup/Day5/Device3/IQ_1.dat,220,17247780,2,3,0,test,diff_days_indoor,5,0,0,0,0,0,0.45043665170669556
data/raw/osu_lora/Diff_Days_Indoor_Setup/Day5/Device3/IQ_1.dat,221,17326179,2,23,0,test,diff_days_indoor,5,0,0,0,0,0,0.27439844608306885
data/raw/osu_lora/Diff_Days_Indoor_Setup/Day5/Device3/IQ_1.dat,222,17404578,2,3,0,test,diff_days_indoor,5,0,0,0,0,0,0.2249438613653183
data/raw/osu_lora/Diff_Days_Indoor_Setup/Day5/Device3/IQ_1.dat,223,17482977,2,2,1,test,diff_days_indoor,5,0,0,0,0,0,0.5629525780677795
data/raw/osu_lora/Diff_Days_Indoor_Setup/Day5/Device3/IQ_1.dat,224,17561376,2,2,1,test,diff_days_indoor,5,0,0,0,0,0,0.5423145294189453
data/raw/osu_lora/Diff_Days_Indoor_Setup/Day5/Device3/IQ_1.dat,225,17639775,2,2,1,test,diff_days_indoor,5,0,0,0,0,0,0.4064015746116638
data/raw/osu_lora/Diff_Days_Indoor_Setup/Day5/Device3/IQ_1.dat,226,17718174,2,2,1,test,diff_days_indoor,5,0,0,0,0,0,0.2361881583929062
data/raw/osu_lora/Diff_Days_Indoor_Setup/Day5/Device3/IQ_1.dat,227,17796573,2,2,1,test,diff_days_indoor,5,0,0,0,0,0,0.46073490381240845
data/raw/osu_lora/Diff_Days_Indoor_Setup/Day5/Device3/IQ_1.dat,228,17874972,2,2,1,test,diff_days_indoor,5,0,0,0,0,0,0.46944040060043335
data/raw/osu_lora/Diff_Days_Indoor_Setup/Day5/Device3/IQ_1.dat,229,17953371,2,2,1,test,diff_days_indoor,5,0,0,0,0,0,0.5369618535041809
data/raw/osu_lora/Diff_Days_Indoor_Setup/Day5/Device3/IQ_1.dat,230,18031770,2,2,1,test,diff_days_indoor,5,0,0,0,0,0,0.29596951603889465
data/raw/osu_lora/Diff_Days_Indoor_Setup/Day5/Device3/IQ_1.dat,231,18110169,2,6,0,test,diff_days_indoor,5,0,0,0,0,0,0.3459374010562897
data/raw/osu_lora/Diff_Days_Indoor_Setup/Day5/Device3/IQ_1.dat,232,18188568,2,2,1,test,diff_days_indoor,5,0,0,0,0,0,0.41720888018608093
data/raw/osu_lora/Diff_Days_Indoor_Setup/Day5/Device3/IQ_1.dat,233,18266967,2,2,1,test,diff_days_indoor,5,0,0,0,0,0,0.22851279377937317
data/raw/osu_lora/Diff_Days_Indoor_Setup/Day5/Device3/IQ_1.dat,234,18345366,2,0,0,test,diff_days_indoor,5,0,0,0,0,0,0.356979101896286
data/raw/osu_lora/Diff_Days_Indoor_Setup/Day5/Device3/IQ_1.dat,235,18423765,2,2,1,test,diff_days_indoor,5,0,0,0,0,0,0.4238317608833313
data/raw/osu_lora/Diff_Days_Indoor_Setup/Day5/Device3/IQ_1.dat,236,18502164,2,2,1,test,diff_days_indoor,5,0,0,0,0,0,0.450970321893692
data/raw/osu_lora/Diff_Days_Indoor_Setup/Day5/Device3/IQ_1.dat,237,18580563,2,6,0,test,diff_days_indoor,5,0,0,0,0,0,0.4622771143913269
data/raw/osu_lora/Diff_Days_Indoor_Setup/Day5/Device3/IQ_1.dat,238,18658962,2,3,0,test,diff_days_indoor,5,0,0,0,0,0,0.3530866205692291
data/raw/osu_lora/Diff_Days_Indoor_Setup/Day5/Device3/IQ_1.dat,239,18737361,2,2,1,test,diff_days_indoor,5,0,0,0,0,0,0.3038693368434906
data/raw/osu_lora/Diff_Days_Indoor_Setup/Day5/Device3/IQ_1.dat,240,18815760,2,22,0,test,diff_days_indoor,5,0,0,0,0,0,0.3215338885784149
data/raw/osu_lora/Diff_Days_Indoor_Setup/Day5/Device3/IQ_1.dat,241,18894159,2,2,1,test,diff_days_indoor,5,0,0,0,0,0,0.5322566628456116
data/raw/osu_lora/Diff_Days_Indoor_Setup/Day5/Device3/IQ_1.dat,242,18972558,2,2,1,test,diff_days_indoor,5,0,0,0,0,0,0.3215335011482239
data/raw/osu_lora/Diff_Days_Indoor_Setup/Day5/Device3/IQ_1.dat,243,19050957,2,2,1,test,diff_days_indoor,5,0,0,0,0,0,0.40398484468460083
data/raw/osu_lora/Diff_Days_Indoor_Setup/Day5/Device3/IQ_1.dat,244,19129356,2,2,1,test,diff_days_indoor,5,0,0,0,0,0,0.38505110144615173
data/raw/osu_lora/Diff_Days_Indoor_Setup/Day5/Device3/IQ_1.dat,245,19207755,2,2,1,test,diff_days_indoor,5,0,0,0,0,0,0.22194074094295502
data/raw/osu_lora/Diff_Days_Indoor_Setup/Day5/Device3/IQ_1.dat,246,19286154,2,2,1,test,diff_days_indoor,5,0,0,0,0,0,0.5449361205101013
data/raw/osu_lora/Diff_Days_Indoor_Setup/Day5/Device3/IQ_1.dat,247,19364553,2,23,0,test,diff_days_indoor,5,0,0,0,0,0,0.2476474940776825
data/raw/osu_lora/Diff_Days_Indoor_Setup/Day5/Device3/IQ_1.dat,248,19442952,2,0,0,test,diff_days_indoor,5,0,0,0,0,0,0.29947978258132935
data/raw/osu_lora/Diff_Days_Indoor_Setup/Day5/Device3/IQ_1.dat,249,19521351,2,2,1,test,diff_days_indoor,5,0,0,0,0,0,0.5161750316619873
data/raw/osu_lora/Diff_Days_Indoor_Setup/Day5/Device3/IQ_1.dat,250,19599750,2,8,0,test,diff_days_indoor,5,0,0,0,0,0,0.2862119972705841
data/raw/osu_lora/Diff_Days_Indoor_Setup/Day5/Device3/IQ_1.dat,251,19678149,2,2,1,test,diff_days_indoor,5,0,0,0,0,0,0.5076113939285278
data/raw/osu_lora/Diff_Days_Indoor_Setup/Day5/Device3/IQ_1.dat,252,19756548,2,2,1,test,diff_days_indoor,5,0,0,0,0,0,0.6110067963600159
data/raw/osu_lora/Diff_Days_Indoor_Setup/Day5/Device3/IQ_1.dat,253,19834947,2,2,1,test,diff_days_indoor,5,0,0,0,0,0,0.4680778682231903
data/raw/osu_lora/Diff_Days_Indoor_Setup/Day5/Device3/IQ_1.dat,254,19913346,2,6,0,test,diff_days_indoor,5,0,0,0,0,0,0.3211124837398529
data/raw/osu_lora/Diff_Days_Indoor_Setup/Day5/Device3/IQ_1.dat,255,19991745,2,6,0,test,diff_days_indoor,5,0,0,0,0,0,0.42110973596572876
data/raw/osu_lora/Diff_Days_Indoor_Setup/Day5/Device4/IQ_1.dat,0,0,3,3,1,test,diff_days_indoor,5,0,0,0,0,0,0.36240652203559875
data/raw/osu_lora/Diff_Days_Indoor_Setup/Day5/Device4/IQ_1.dat,1,78399,3,0,0,test,diff_days_indoor,5,0,0,0,0,0,0.3595001697540283
data/raw/osu_lora/Diff_Days_Indoor_Setup/Day5/Device4/IQ_1.dat,2,156798,3,6,0,test,diff_days_indoor,5,0,0,0,0,0,0.36041539907455444
data/raw/osu_lora/Diff_Days_Indoor_Setup/Day5/Device4/IQ_1.dat,3,235197,3,2,0,test,diff_days_indoor,5,0,0,0,0,0,0.40745192766189575
data/raw/osu_lora/Diff_Days_Indoor_Setup/Day5/Device4/IQ_1.dat,4,313596,3,1,0,test,diff_days_indoor,5,0,0,0,0,0,0.534466564655304
data/raw/osu_lora/Diff_Days_Indoor_Setup/Day5/Device4/IQ_1.dat,5,391995,3,0,0,test,diff_days_indoor,5,0,0,0,0,0,0.3977552056312561
data/raw/osu_lora/Diff_Days_Indoor_Setup/Day5/Device4/IQ_1.dat,6,470394,3,3,1,test,diff_days_indoor,5,0,0,0,0,0,0.4485809803009033
data/raw/osu_lora/Diff_Days_Indoor_Setup/Day5/Device4/IQ_1.dat,7,548793,3,1,0,test,diff_days_indoor,5,0,0,0,0,0,0.23057980835437775
data/raw/osu_lora/Diff_Days_Indoor_Setup/Day5/Device4/IQ_1.dat,8,627192,3,3,1,test,diff_days_indoor,5,0,0,0,0,0,0.32555171847343445
data/raw/osu_lora/Diff_Days_Indoor_Setup/Day5/Device4/IQ_1.dat,9,705591,3,3,1,test,diff_days_indoor,5,0,0,0,0,0,0.35953235626220703
data/raw/osu_lora/Diff_Days_Indoor_Setup/Day5/Device4/IQ_1.dat,10,783990,3,3,1,test,diff_days_indoor,5,0,0,0,0,0,0.2522604465484619
data/raw/osu_lora/Diff_Days_Indoor_Setup/Day5/Device4/IQ_1.dat,11,862389,3,3,1,test,diff_days_indoor,5,0,0,0,0,0,0.28923508524894714
data/raw/osu_lora/Diff_Days_Indoor_Setup/Day5/Device4/IQ_1.dat,12,940788,3,3,1,test,diff_days_indoor,5,0,0,0,0,0,0.3045733571052551
data/raw/osu_lora/Diff_Days_Indoor_Setup/Day5/Device4/IQ_1.dat,13,1019187,3,2,0,test,diff_days_indoor,5,0,0,0,0,0,0.39992445707321167
data/raw/osu_lora/Diff_Days_Indoor_Setup/Day5/Device4/IQ_1.dat,14,1097586,3,2,0,test,diff_days_indoor,5,0,0,0,0,0,0.46088314056396484
data/raw/osu_lora/Diff_Days_Indoor_Setup/Day5/Device4/IQ_1.dat,15,1175985,3,3,1,test,diff_days_indoor,5,0,0,0,0,0,0.3058849275112152
data/raw/osu_lora/Diff_Days_Indoor_Setup/Day5/Device4/IQ_1.dat,16,1254384,3,1,0,test,diff_days_indoor,5,0,0,0,0,0,0.36401399970054626
data/raw/osu_lora/Diff_Days_Indoor_Setup/Day5/Device4/IQ_1.dat,17,1332783,3,6,0,test,diff_days_indoor,5,0,0,0,0,0,0.20258250832557678
data/raw/osu_lora/Diff_Days_Indoor_Setup/Day5/Device4/IQ_1.dat,18,1411182,3,8,0,test,diff_days_indoor,5,0,0,0,0,0,0.2120087891817093
data/raw/osu_lora/Diff_Days_Indoor_Setup/Day5/Device4/IQ_1.dat,19,1489581,3,0,0,test,diff_days_indoor,5,0,0,0,0,0,0.46759459376335144
data/raw/osu_lora/Diff_Days_Indoor_Setup/Day5/Device4/IQ_1.dat,20,1567980,3,1,0,test,diff_days_indoor,5,0,0,0,0,0,0.6593438982963562
data/raw/osu_lora/Diff_Days_Indoor_Setup/Day5/Device4/IQ_1.dat,21,1646379,3,6,0,test,diff_days_indoor,5,0,0,0,0,0,0.3998955190181732
data/raw/osu_lora/Diff_Days_Indoor_Setup/Day5/Device4/IQ_1.dat,22,1724778,3,1,0,test,diff_days_indoor,5,0,0,0,0,0,0.27286455035209656
data/raw/osu_lora/Diff_Days_Indoor_Setup/Day5/Device4/IQ_1.dat,23,1803177,3,1,0,test,diff_days_indoor,5,0,0,0,0,0,0.6796713471412659
data/raw/osu_lora/Diff_Days_Indoor_Setup/Day5/Device4/IQ_1.dat,24,1881576,3,3,1,test,diff_days_indoor,5,0,0,0,0,0,0.3748226761817932
data/raw/osu_lora/Diff_Days_Indoor_Setup/Day5/Device4/IQ_1.dat,25,1959975,3,2,0,test,diff_days_indoor,5,0,0,0,0,0,0.2951054871082306
data/raw/osu_lora/Diff_Days_Indoor_Setup/Day5/Device4/IQ_1.dat,26,2038374,3,3,1,test,diff_days_indoor,5,0,0,0,0,0,0.2420479655265808
data/raw/osu_lora/Diff_Days_Indoor_Setup/Day5/Device4/IQ_1.dat,27,2116773,3,0,0,test,diff_days_indoor,5,0,0,0,0,0,0.5259271264076233
data/raw/osu_lora/Diff_Days_Indoor_Setup/Day5/Device4/IQ_1.dat,28,2195172,3,2,0,test,diff_days_indoor,5,0,0,0,0,0,0.3238360285758972
data/raw/osu_lora/Diff_Days_Indoor_Setup/Day5/Device4/IQ_1.dat,29,2273571,3,2,0,test,diff_days_indoor,5,0,0,0,0,0,0.2816638946533203
data/raw/osu_lora/Diff_Days_Indoor_Setup/Day5/Device4/IQ_1.dat,30,2351970,3,1,0,test,diff_days_indoor,5,0,0,0,0,0,0.5839849710464478
data/raw/osu_lora/Diff_Days_Indoor_Setup/Day5/Device4/IQ_1.dat,31,2430369,3,0,0,test,diff_days_indoor,5,0,0,0,0,0,0.31670382618904114
data/raw/osu_lora/Diff_Days_Indoor_Setup/Day5/Device4/IQ_1.dat,32,2508768,3,0,0,test,diff_days_indoor,5,0,0,0,0,0,0.34712910652160645
data/raw/osu_lora/Diff_Days_Indoor_Setup/Day5/Device4/IQ_1.dat,33,2587167,3,3,1,test,diff_days_indoor,5,0,0,0,0,0,0.4090449810028076
data/raw/osu_lora/Diff_Days_Indoor_Setup/Day5/Device4/IQ_1.dat,34,2665566,3,3,1,test,diff_days_indoor,5,0,0,0,0,0,0.41271427273750305
data/raw/osu_lora/Diff_Days_Indoor_Setup/Day5/Device4/IQ_1.dat,35,2743965,3,1,0,test,diff_days_indoor,5,0,0,0,0,0,0.465365469455719
data/raw/osu_lora/Diff_Days_Indoor_Setup/Day5/Device4/IQ_1.dat,36,2822364,3,0,0,test,diff_days_indoor,5,0,0,0,0,0,0.31142091751098633
data/raw/osu_lora/Diff_Days_Indoor_Setup/Day5/Device4/IQ_1.dat,37,2900763,3,2,0,test,diff_days_indoor,5,0,0,0,0,0,0.35954704880714417
data/raw/osu_lora/Diff_Days_Indoor_Setup/Day5/Device4/IQ_1.dat,38,2979162,3,1,0,test,diff_days_indoor,5,0,0,0,0,0,0.4068814516067505
data/raw/osu_lora/Diff_Days_Indoor_Setup/Day5/Device4/IQ_1.dat,39,3057561,3,3,1,test,diff_days_indoor,5,0,0,0,0,0,0.4517461657524109
data/raw/osu_lora/Diff_Days_Indoor_Setup/Day5/Device4/IQ_1.dat,40,3135960,3,3,1,test,diff_days_indoor,5,0,0,0,0,0,0.39124253392219543
data/raw/osu_lora/Diff_Days_Indoor_Setup/Day5/Device4/IQ_1.dat,41,3214359,3,8,0,test,diff_days_indoor,5,0,0,0,0,0,0.46080607175827026
data/raw/osu_lora/Diff_Days_Indoor_Setup/Day5/Device4/IQ_1.dat,42,3292758,3,3,1,test,diff_days_indoor,5,0,0,0,0,0,0.4259915351867676
data/raw/osu_lora/Diff_Days_Indoor_Setup/Day5/Device4/IQ_1.dat,43,3371157,3,3,1,test,diff_days_indoor,5,0,0,0,0,0,0.6021380424499512
data/raw/osu_lora/Diff_Days_Indoor_Setup/Day5/Device4/IQ_1.dat,44,3449556,3,1,0,test,diff_days_indoor,5,0,0,0,0,0,0.8091129660606384
data/raw/osu_lora/Diff_Days_Indoor_Setup/Day5/Device4/IQ_1.dat,45,3527955,3,3,1,test,diff_days_indoor,5,0,0,0,0,0,0.4294928014278412
data/raw/osu_lora/Diff_Days_Indoor_Setup/Day5/Device4/IQ_1.dat,46,3606354,3,3,1,test,diff_days_indoor,5,0,0,0,0,0,0.41334304213523865
data/raw/osu_lora/Diff_Days_Indoor_Setup/Day5/Device4/IQ_1.dat,47,3684753,3,3,1,test,diff_days_indoor,5,0,0,0,0,0,0.41782593727111816
data/raw/osu_lora/Diff_Days_Indoor_Setup/Day5/Device4/IQ_1.dat,48,3763152,3,1,0,test,diff_days_indoor,5,0,0,0,0,0,0.5220916867256165
data/raw/osu_lora/Diff_Days_Indoor_Setup/Day5/Device4/IQ_1.dat,49,3841551,3,2,0,test,diff_days_indoor,5,0,0,0,0,0,0.385096937417984
data/raw/osu_lora/Diff_Days_Indoor_Setup/Day5/Device4/IQ_1.dat,50,3919950,3,1,0,test,diff_days_indoor,5,0,0,0,0,0,0.3728472590446472
data/raw/osu_lora/Diff_Days_Indoor_Setup/Day5/Device4/IQ_1.dat,51,3998349,3,3,1,test,diff_days_indoor,5,0,0,0,0,0,0.3453812301158905
data/raw/osu_lora/Diff_Days_Indoor_Setup/Day5/Device4/IQ_1.dat,52,4076748,3,2,0,test,diff_days_indoor,5,0,0,0,0,0,0.1973409354686737
data/raw/osu_lora/Diff_Days_Indoor_Setup/Day5/Device4/IQ_1.dat,53,4155147,3,2,0,test,diff_days_indoor,5,0,0,0,0,0,0.28906697034835815
data/raw/osu_lora/Diff_Days_Indoor_Setup/Day5/Device4/IQ_1.dat,54,4233546,3,3,1,test,diff_days_indoor,5,0,0,0,0,0,0.20498019456863403
data/raw/osu_lora/Diff_Days_Indoor_Setup/Day5/Device4/IQ_1.dat,55,4311945,3,6,0,test,diff_days_indoor,5,0,0,0,0,0,0.2357221394777298
data/raw/osu_lora/Diff_Days_Indoor_Setup/Day5/Device4/IQ_1.dat,56,4390344,3,0,0,test,diff_days_indoor,5,0,0,0,0,0,0.2529512047767639
data/raw/osu_lora/Diff_Days_Indoor_Setup/Day5/Device4/IQ_1.dat,57,4468743,3,6,0,test,diff_days_indoor,5,0,0,0,0,0,0.359984815120697
data/raw/osu_lora/Diff_Days_Indoor_Setup/Day5/Device4/IQ_1.dat,58,4547142,3,8,0,test,diff_days_indoor,5,0,0,0,0,0,0.4423631727695465
data/raw/osu_lora/Diff_Days_Indoor_Setup/Day5/Device4/IQ_1.dat,59,4625541,3,8,0,test,diff_days_indoor,5,0,0,0,0,0,0.23654994368553162
data/raw/osu_lora/Diff_Days_Indoor_Setup/Day5/Device4/IQ_1.dat,60,4703940,3,8,0,test,diff_days_indoor,5,0,0,0,0,0,0.21249713003635406
data/raw/osu_lora/Diff_Days_Indoor_Setup/Day5/Device4/IQ_1.dat,61,4782339,3,3,1,test,diff_days_indoor,5,0,0,0,0,0,0.3785955607891083
data/raw/osu_lora/Diff_Days_Indoor_Setup/Day5/Device4/IQ_1.dat,62,4860738,3,6,0,test,diff_days_indoor,5,0,0,0,0,0,0.32829463481903076
data/raw/osu_lora/Diff_Days_Indoor_Setup/Day5/Device4/IQ_1.dat,63,4939137,3,1,0,test,diff_days_indoor,5,0,0,0,0,0,0.26810508966445923
data/raw/osu_lora/Diff_Days_Indoor_Setup/Day5/Device4/IQ_1.dat,64,5017536,3,6,0,test,diff_days_indoor,5,0,0,0,0,0,0.3489188551902771
data/raw/osu_lora/Diff_Days_Indoor_Setup/Day5/Device4/IQ_1.dat,65,5095935,3,1,0,test,diff_days_indoor,5,0,0,0,0,0,0.6263435482978821
data/raw/osu_lora/Diff_Days_Indoor_Setup/Day5/Device4/IQ_1.dat,66,5174334,3,0,0,test,diff_days_indoor,5,0,0,0,0,0,0.2897047996520996
data/raw/osu_lora/Diff_Days_Indoor_Setup/Day5/Device4/IQ_1.dat,67,5252733,3,3,1,test,diff_days_indoor,5,0,0,0,0,0,0.4002949297428131
data/raw/osu_lora/Diff_Days_Indoor_Setup/Day5/Device4/IQ_1.dat,68,5331132,3,2,0,test,diff_days_indoor,5,0,0,0,0,0,0.35884901881217957
data/raw/osu_lora/Diff_Days_Indoor_Setup/Day5/Device4/IQ_1.dat,69,5409531,3,2,0,test,diff_days_indoor,5,0,0,0,0,0,0.44349709153175354
data/raw/osu_lora/Diff_Days_Indoor_Setup/Day5/Device4/IQ_1.dat,70,5487930,3,2,0,test,diff_days_indoor,5,0,0,0,0,0,0.3413768410682678
data/raw/osu_lora/Diff_Days_Indoor_Setup/Day5/Device4/IQ_1.dat,71,5566329,3,1,0,test,diff_days_indoor,5,0,0,0,0,0,0.3432302474975586
data/raw/osu_lora/Diff_Days_Indoor_Setup/Day5/Device4/IQ_1.dat,72,5644728,3,2,0,test,diff_days_indoor,5,0,0,0,0,0,0.529741644859314
data/raw/osu_lora/Diff_Days_Indoor_Setup/Day5/Device4/IQ_1.dat,73,5723127,3,0,0,test,diff_days_indoor,5,0,0,0,0,0,0.4915880560874939
data/raw/osu_lora/Diff_Days_Indoor_Setup/Day5/Device4/IQ_1.dat,74,5801526,3,3,1,test,diff_days_indoor,5,0,0,0,0,0,0.20685464143753052
data/raw/osu_lora/Diff_Days_Indoor_Setup/Day5/Device4/IQ_1.dat,75,5879925,3,0,0,test,diff_days_indoor,5,0,0,0,0,0,0.29125311970710754
data/raw/osu_lora/Diff_Days_Indoor_Setup/Day5/Device4/IQ_1.dat,76,5958324,3,2,0,test,diff_days_indoor,5,0,0,0,0,0,0.43318042159080505
data/raw/osu_lora/Diff_Days_Indoor_Setup/Day5/Device4/IQ_1.dat,77,6036723,3,1,0,test,diff_days_indoor,5,0,0,0,0,0,0.43961119651794434
data/raw/osu_lora/Diff_Days_Indoor_Setup/Day5/Device4/IQ_1.dat,78,6115122,3,3,1,test,diff_days_indoor,5,0,0,0,0,0,0.410920649766922
data/raw/osu_lora/Diff_Days_Indoor_Setup/Day5/Device4/IQ_1.dat,79,6193521,3,3,1,test,diff_days_indoor,5,0,0,0,0,0,0.49568885564804077
data/raw/osu_lora/Diff_Days_Indoor_Setup/Day5/Device4/IQ_1.dat,80,6271920,3,2,0,test,diff_days_indoor,5,0,0,0,0,0,0.36530163884162903
data/raw/osu_lora/Diff_Days_Indoor_Setup/Day5/Device4/IQ_1.dat,81,6350319,3,1,0,test,diff_days_indoor,5,0,0,0,0,0,0.4397276043891907
data/raw/osu_lora/Diff_Days_Indoor_Setup/Day5/Device4/IQ_1.dat,82,6428718,3,1,0,test,diff_days_indoor,5,0,0,0,0,0,0.4016583561897278
data/raw/osu_lora/Diff_Days_Indoor_Setup/Day5/Device4/IQ_1.dat,83,6507117,3,2,0,test,diff_days_indoor,5,0,0,0,0,0,0.39947372674942017
data/raw/osu_lora/Diff_Days_Indoor_Setup/Day5/Device4/IQ_1.dat,84,6585516,3,8,0,test,diff_days_indoor,5,0,0,0,0,0,0.26167646050453186
data/raw/osu_lora/Diff_Days_Indoor_Setup/Day5/Device4/IQ_1.dat,85,6663915,3,2,0,test,diff_days_indoor,5,0,0,0,0,0,0.2566918134689331
data/raw/osu_lora/Diff_Days_Indoor_Setup/Day5/Device4/IQ_1.dat,86,6742314,3,0,0,test,diff_days_indoor,5,0,0,0,0,0,0.43219858407974243
data/raw/osu_lora/Diff_Days_Indoor_Setup/Day5/Device4/IQ_1.dat,87,6820713,3,8,0,test,diff_days_indoor,5,0,0,0,0,0,0.39070120453834534
data/raw/osu_lora/Diff_Days_Indoor_Setup/Day5/Device4/IQ_1.dat,88,6899112,3,6,0,test,diff_days_indoor,5,0,0,0,0,0,0.2967633903026581
data/raw/osu_lora/Diff_Days_Indoor_Setup/Day5/Device4/IQ_1.dat,89,6977511,3,1,0,test,diff_days_indoor,5,0,0,0,0,0,0.710989773273468
data/raw/osu_lora/Diff_Days_Indoor_Setup/Day5/Device4/IQ_1.dat,90,7055910,3,1,0,test,diff_days_indoor,5,0,0,0,0,0,0.5949174165725708
data/raw/osu_lora/Diff_Days_Indoor_Setup/Day5/Device4/IQ_1.dat,91,7134309,3,1,0,test,diff_days_indoor,5,0,0,0,0,0,0.6177213788032532
data/raw/osu_lora/Diff_Days_Indoor_Setup/Day5/Device4/IQ_1.dat,92,7212708,3,3,1,test,diff_days_indoor,5,0,0,0,0,0,0.4099034368991852
data/raw/osu_lora/Diff_Days_Indoor_Setup/Day5/Device4/IQ_1.dat,93,7291107,3,8,0,test,diff_days_indoor,5,0,0,0,0,0,0.3412623405456543
data/raw/osu_lora/Diff_Days_Indoor_Setup/Day5/Device4/IQ_1.dat,94,7369506,3,3,1,test,diff_days_indoor,5,0,0,0,0,0,0.4470401406288147
data/raw/osu_lora/Diff_Days_Indoor_Setup/Day5/Device4/IQ_1.dat,95,7447905,3,3,1,test,diff_days_indoor,5,0,0,0,0,0,0.2951120436191559
data/raw/osu_lora/Diff_Days_Indoor_Setup/Day5/Device4/IQ_1.dat,96,7526304,3,3,1,test,diff_days_indoor,5,0,0,0,0,0,0.2740587592124939
data/raw/osu_lora/Diff_Days_Indoor_Setup/Day5/Device4/IQ_1.dat,97,7604703,3,1,0,test,diff_days_indoor,5,0,0,0,0,0,0.6144790649414062
data/raw/osu_lora/Diff_Days_Indoor_Setup/Day5/Device4/IQ_1.dat,98,7683102,3,3,1,test,diff_days_indoor,5,0,0,0,0,0,0.46232032775878906
data/raw/osu_lora/Diff_Days_Indoor_Setup/Day5/Device4/IQ_1.dat,99,7761501,3,3,1,test,diff_days_indoor,5,0,0,0,0,0,0.37547826766967773
data/raw/osu_lora/Diff_Days_Indoor_Setup/Day5/Device4/IQ_1.dat,100,7839900,3,0,0,test,diff_days_indoor,5,0,0,0,0,0,0.3801746964454651
data/raw/osu_lora/Diff_Days_Indoor_Setup/Day5/Device4/IQ_1.dat,101,7918299,3,3,1,test,diff_days_indoor,5,0,0,0,0,0,0.40363627672195435
data/raw/osu_lora/Diff_Days_Indoor_Setup/Day5/Device4/IQ_1.dat,102,7996698,3,1,0,test,diff_days_indoor,5,0,0,0,0,0,0.4700673818588257
data/raw/osu_lora/Diff_Days_Indoor_Setup/Day5/Device4/IQ_1.dat,103,8075097,3,8,0,test,diff_days_indoor,5,0,0,0,0,0,0.5267232060432434
data/raw/osu_lora/Diff_Days_Indoor_Setup/Day5/Device4/IQ_1.dat,104,8153496,3,1,0,test,diff_days_indoor,5,0,0,0,0,0,0.429739385843277
data/raw/osu_lora/Diff_Days_Indoor_Setup/Day5/Device4/IQ_1.dat,105,8231895,3,1,0,test,diff_days_indoor,5,0,0,0,0,0,0.7077783942222595
data/raw/osu_lora/Diff_Days_Indoor_Setup/Day5/Device4/IQ_1.dat,106,8310294,3,3,1,test,diff_days_indoor,5,0,0,0,0,0,0.3661215305328369
data/raw/osu_lora/Diff_Days_Indoor_Setup/Day5/Device4/IQ_1.dat,107,8388693,3,3,1,test,diff_days_indoor,5,0,0,0,0,0,0.4022977948188782
data/raw/osu_lora/Diff_Days_Indoor_Setup/Day5/Device4/IQ_1.dat,108,8467092,3,1,0,test,diff_days_indoor,5,0,0,0,0,0,0.4579106867313385
data/raw/osu_lora/Diff_Days_Indoor_Setup/Day5/Device4/IQ_1.dat,109,8545491,3,1,0,test,diff_days_indoor,5,0,0,0,0,0,0.5017465949058533
data/raw/osu_lora/Diff_Days_Indoor_Setup/Day5/Device4/IQ_1.dat,110,8623890,3,3,1,test,diff_days_indoor,5,0,0,0,0,0,0.5937382578849792
data/raw/osu_lora/Diff_Days_Indoor_Setup/Day5/Device4/IQ_1.dat,111,8702289,3,1,0,test,diff_days_indoor,5,0,0,0,0,0,0.6313740015029907
data/raw/osu_lora/Diff_Days_Indoor_Setup/Day5/Device4/IQ_1.dat,112,8780688,3,3,1,test,diff_days_indoor,5,0,0,0,0,0,0.22669705748558044
data/raw/osu_lora/Diff_Days_Indoor_Setup/Day5/Device4/IQ_1.dat,113,8859087,3,1,0,test,diff_days_indoor,5,0,0,0,0,0,0.6704225540161133
data/raw/osu_lora/Diff_Days_Indoor_Setup/Day5/Device4/IQ_1.dat,114,8937486,3,0,0,test,diff_days_indoor,5,0,0,0,0,0,0.4552832841873169
data/raw/osu_lora/Diff_Days_Indoor_Setup/Day5/Device4/IQ_1.dat,115,9015885,3,2,0,test,diff_days_indoor,5,0,0,0,0,0,0.33846625685691833
data/raw/osu_lora/Diff_Days_Indoor_Setup/Day5/Device4/IQ_1.dat,116,9094284,3,2,0,test,diff_days_indoor,5,0,0,0,0,0,0.3326442837715149
data/raw/osu_lora/Diff_Days_Indoor_Setup/Day5/Device4/IQ_1.dat,117,9172683,3,0,0,test,diff_days_indoor,5,0,0,0,0,0,0.40661677718162537
data/raw/osu_lora/Diff_Days_Indoor_Setup/Day5/Device4/IQ_1.dat,118,9251082,3,3,1,test,diff_days_indoor,5,0,0,0,0,0,0.4114353060722351
data/raw/osu_lora/Diff_Days_Indoor_Setup/Day5/Device4/IQ_1.dat,119,9329481,3,2,0,test,diff_days_indoor,5,0,0,0,0,0,0.4760683476924896
data/raw/osu_lora/Diff_Days_Indoor_Setup/Day5/Device4/IQ_1.dat,120,9407880,3,3,1,test,diff_days_indoor,5,0,0,0,0,0,0.3097459077835083
data/raw/osu_lora/Diff_Days_Indoor_Setup/Day5/Device4/IQ_1.dat,121,9486279,3,2,0,test,diff_days_indoor,5,0,0,0,0,0,0.3056606948375702
data/raw/osu_lora/Diff_Days_Indoor_Setup/Day5/Device4/IQ_1.dat,122,9564678,3,20,0,test,diff_days_indoor,5,0,0,0,0,0,0.4346556067466736
data/raw/osu_lora/Diff_Days_Indoor_Setup/Day5/Device4/IQ_1.dat,123,9643077,3,1,0,test,diff_days_indoor,5,0,0,0,0,0,0.6152383089065552
data/raw/osu_lora/Diff_Days_Indoor_Setup/Day5/Device4/IQ_1.dat,124,9721476,3,6,0,test,diff_days_indoor,5,0,0,0,0,0,0.27792033553123474
data/raw/osu_lora/Diff_Days_Indoor_Setup/Day5/Device4/IQ_1.dat,125,9799875,3,8,0,test,diff_days_indoor,5,0,0,0,0,0,0.3323676884174347
data/raw/osu_lora/Diff_Days_Indoor_Setup/Day5/Device4/IQ_1.dat,126,9878274,3,3,1,test,diff_days_indoor,5,0,0,0,0,0,0.3990330994129181
data/raw/osu_lora/Diff_Days_Indoor_Setup/Day5/Device4/IQ_1.dat,127,9956673,3,20,0,test,diff_days_indoor,5,0,0,0,0,0,0.165853813290596
data/raw/osu_lora/Diff_Days_Indoor_Setup/Day5/Device4/IQ_1.dat,128,10035072,3,3,1,test,diff_days_indoor,5,0,0,0,0,0,0.33936476707458496
data/raw/osu_lora/Diff_Days_Indoor_Setup/Day5/Device4/IQ_1.dat,129,10113471,3,3,1,test,diff_days_indoor,5,0,0,0,0,0,0.42748549580574036
data/raw/osu_lora/Diff_Days_Indoor_Setup/Day5/Device4/IQ_1.dat,130,10191870,3,1,0,test,diff_days_indoor,5,0,0,0,0,0,0.5515462160110474
data/raw/osu_lora/Diff_Days_Indoor_Setup/Day5/Device4/IQ_1.dat,131,10270269,3,6,0,test,diff_days_indoor,5,0,0,0,0,0,0.2665947675704956
data/raw/osu_lora/Diff_Days_Indoor_Setup/Day5/Device4/IQ_1.dat,132,10348668,3,3,1,test,diff_days_indoor,5,0,0,0,0,0,0.4411543905735016
data/raw/osu_lora/Diff_Days_Indoor_Setup/Day5/Device4/IQ_1.dat,133,10427067,3,1,0,test,diff_days_indoor,5,0,0,0,0,0,0.46718737483024597
data/raw/osu_lora/Diff_Days_Indoor_Setup/Day5/Device4/IQ_1.dat,134,10505466,3,0,0,test,diff_days_indoor,5,0,0,0,0,0,0.2990317940711975
data/raw/osu_lora/Diff_Days_Indoor_Setup/Day5/Device4/IQ_1.dat,135,10583865,3,3,1,test,diff_days_indoor,5,0,0,0,0,0,0.34068793058395386
data/raw/osu_lora/Diff_Days_Indoor_Setup/Day5/Device4/IQ_1.dat,136,10662264,3,6,0,test,diff_days_indoor,5,0,0,0,0,0,0.2882830500602722
data/raw/osu_lora/Diff_Days_Indoor_Setup/Day5/Device4/IQ_1.dat,137,10740663,3,6,0,test,diff_days_indoor,5,0,0,0,0,0,0.20423579216003418
data/raw/osu_lora/Diff_Days_Indoor_Setup/Day5/Device4/IQ_1.dat,138,10819062,3,1,0,test,diff_days_indoor,5,0,0,0,0,0,0.49969834089279175
data/raw/osu_lora/Diff_Days_Indoor_Setup/Day5/Device4/IQ_1.dat,139,10897461,3,1,0,test,diff_days_indoor,5,0,0,0,0,0,0.5806890726089478
data/raw/osu_lora/Diff_Days_Indoor_Setup/Day5/Device4/IQ_1.dat,140,10975860,3,3,1,test,diff_days_indoor,5,0,0,0,0,0,0.489546537399292
data/raw/osu_lora/Diff_Days_Indoor_Setup/Day5/Device4/IQ_1.dat,141,11054259,3,3,1,test,diff_days_indoor,5,0,0,0,0,0,0.49285945296287537
data/raw/osu_lora/Diff_Days_Indoor_Setup/Day5/Device4/IQ_1.dat,142,11132658,3,3,1,test,diff_days_indoor,5,0,0,0,0,0,0.4170096516609192
data/raw/osu_lora/Diff_Days_Indoor_Setup/Day5/Device4/IQ_1.dat,143,11211057,3,3,1,test,diff_days_indoor,5,0,0,0,0,0,0.31110772490501404
data/raw/osu_lora/Diff_Days_Indoor_Setup/Day5/Device4/IQ_1.dat,144,11289456,3,0,0,test,diff_days_indoor,5,0,0,0,0,0,0.38594308495521545
data/raw/osu_lora/Diff_Days_Indoor_Setup/Day5/Device4/IQ_1.dat,145,11367855,3,20,0,test,diff_days_indoor,5,0,0,0,0,0,0.3906446695327759
data/raw/osu_lora/Diff_Days_Indoor_Setup/Day5/Device4/IQ_1.dat,146,11446254,3,3,1,test,diff_days_indoor,5,0,0,0,0,0,0.4161602854728699
data/raw/osu_lora/Diff_Days_Indoor_Setup/Day5/Device4/IQ_1.dat,147,11524653,3,1,0,test,diff_days_indoor,5,0,0,0,0,0,0.5130951404571533
data/raw/osu_lora/Diff_Days_Indoor_Setup/Day5/Device4/IQ_1.dat,148,11603052,3,6,0,test,diff_days_indoor,5,0,0,0,0,0,0.3545994162559509
data/raw/osu_lora/Diff_Days_Indoor_Setup/Day5/Device4/IQ_1.dat,149,11681451,3,1,0,test,diff_days_indoor,5,0,0,0,0,0,0.40100133419036865
data/raw/osu_lora/Diff_Days_Indoor_Setup/Day5/Device4/IQ_1.dat,150,11759850,3,1,0,test,diff_days_indoor,5,0,0,0,0,0,0.4604414105415344
data/raw/osu_lora/Diff_Days_Indoor_Setup/Day5/Device4/IQ_1.dat,151,11838249,3,1,0,test,diff_days_indoor,5,0,0,0,0,0,0.6010964512825012
data/raw/osu_lora/Diff_Days_Indoor_Setup/Day5/Device4/IQ_1.dat,152,11916648,3,3,1,test,diff_days_indoor,5,0,0,0,0,0,0.30951449275016785
data/raw/osu_lora/Diff_Days_Indoor_Setup/Day5/Device4/IQ_1.dat,153,11995047,3,3,1,test,diff_days_indoor,5,0,0,0,0,0,0.36900147795677185
data/raw/osu_lora/Diff_Days_Indoor_Setup/Day5/Device4/IQ_1.dat,154,12073446,3,1,0,test,diff_days_indoor,5,0,0,0,0,0,0.4730137288570404
data/raw/osu_lora/Diff_Days_Indoor_Setup/Day5/Device4/IQ_1.dat,155,12151845,3,2,0,test,diff_days_indoor,5,0,0,0,0,0,0.2936566174030304
data/raw/osu_lora/Diff_Days_Indoor_Setup/Day5/Device4/IQ_1.dat,156,12230244,3,1,0,test,diff_days_indoor,5,0,0,0,0,0,0.5567989349365234
data/raw/osu_lora/Diff_Days_Indoor_Setup/Day5/Device4/IQ_1.dat,157,12308643,3,1,0,test,diff_days_indoor,5,0,0,0,0,0,0.6333478689193726
data/raw/osu_lora/Diff_Days_Indoor_Setup/Day5/Device4/IQ_1.dat,158,12387042,3,1,0,test,diff_days_indoor,5,0,0,0,0,0,0.4591861367225647
data/raw/osu_lora/Diff_Days_Indoor_Setup/Day5/Device4/IQ_1.dat,159,12465441,3,2,0,test,diff_days_indoor,5,0,0,0,0,0,0.3930155038833618
data/raw/osu_lora/Diff_Days_Indoor_Setup/Day5/Device4/IQ_1.dat,160,12543840,3,8,0,test,diff_days_indoor,5,0,0,0,0,0,0.4244329035282135
data/raw/osu_lora/Diff_Days_Indoor_Setup/Day5/Device4/IQ_1.dat,161,12622239,3,8,0,test,diff_days_indoor,5,0,0,0,0,0,0.32817769050598145
data/raw/osu_lora/Diff_Days_Indoor_Setup/Day5/Device4/IQ_1.dat,162,12700638,3,1,0,test,diff_days_indoor,5,0,0,0,0,0,0.45274975895881653
data/raw/osu_lora/Diff_Days_Indoor_Setup/Day5/Device4/IQ_1.dat,163,12779037,3,0,0,test,diff_days_indoor,5,0,0,0,0,0,0.2909202575683594
data/raw/osu_lora/Diff_Days_Indoor_Setup/Day5/Device4/IQ_1.dat,164,12857436,3,1,0,test,diff_days_indoor,5,0,0,0,0,0,0.47624471783638
data/raw/osu_lora/Diff_Days_Indoor_Setup/Day5/Device4/IQ_1.dat,165,12935835,3,3,1,test,diff_days_indoor,5,0,0,0,0,0,0.3825846016407013
data/raw/osu_lora/Diff_Days_Indoor_Setup/Day5/Device4/IQ_1.dat,166,13014234,3,1,0,test,diff_days_indoor,5,0,0,0,0,0,0.404649943113327
data/raw/osu_lora/Diff_Days_Indoor_Setup/Day5/Device4/IQ_1.dat,167,13092633,3,3,1,test,diff_days_indoor,5,0,0,0,0,0,0.4786195456981659
data/raw/osu_lora/Diff_Days_Indoor_Setup/Day5/Device4/IQ_1.dat,168,13171032,3,3,1,test,diff_days_indoor,5,0,0,0,0,0,0.44678860902786255
data/raw/osu_lora/Diff_Days_Indoor_Setup/Day5/Device4/IQ_1.dat,169,13249431,3,0,0,test,diff_days_indoor,5,0,0,0,0,0,0.35960716009140015
data/raw/osu_lora/Diff_Days_Indoor_Setup/Day5/Device4/IQ_1.dat,170,13327830,3,3,1,test,diff_days_indoor,5,0,0,0,0,0,0.34219396114349365
data/raw/osu_lora/Diff_Days_Indoor_Setup/Day5/Device4/IQ_1.dat,171,13406229,3,1,0,test,diff_days_indoor,5,0,0,0,0,0,0.49860474467277527
data/raw/osu_lora/Diff_Days_Indoor_Setup/Day5/Device4/IQ_1.dat,172,13484628,3,3,1,test,diff_days_indoor,5,0,0,0,0,0,0.26766106486320496
data/raw/osu_lora/Diff_Days_Indoor_Setup/Day5/Device4/IQ_1.dat,173,13563027,3,3,1,test,diff_days_indoor,5,0,0,0,0,0,0.22729606926441193
data/raw/osu_lora/Diff_Days_Indoor_Setup/Day5/Device4/IQ_1.dat,174,13641426,3,1,0,test,diff_days_indoor,5,0,0,0,0,0,0.5783745050430298
data/raw/osu_lora/Diff_Days_Indoor_Setup/Day5/Device4/IQ_1.dat,175,13719825,3,3,1,test,diff_days_indoor,5,0,0,0,0,0,0.34739676117897034
data/raw/osu_lora/Diff_Days_Indoor_Setup/Day5/Device4/IQ_1.dat,176,13798224,3,1,0,test,diff_days_indoor,5,0,0,0,0,0,0.4535169005393982
data/raw/osu_lora/Diff_Days_Indoor_Setup/Day5/Device4/IQ_1.dat,177,13876623,3,3,1,test,diff_days_indoor,5,0,0,0,0,0,0.5910033583641052
data/raw/osu_lora/Diff_Days_Indoor_Setup/Day5/Device4/IQ_1.dat,178,13955022,3,1,0,test,diff_days_indoor,5,0,0,0,0,0,0.7947231531143188
data/raw/osu_lora/Diff_Days_Indoor_Setup/Day5/Device4/IQ_1.dat,179,14033421,3,2,0,test,diff_days_indoor,5,0,0,0,0,0,0.35752108693122864
data/raw/osu_lora/Diff_Days_Indoor_Setup/Day5/Device4/IQ_1.dat,180,14111820,3,1,0,test,diff_days_indoor,5,0,0,0,0,0,0.42530936002731323
data/raw/osu_lora/Diff_Days_Indoor_Setup/Day5/Device4/IQ_1.dat,181,14190219,3,2,0,test,diff_days_indoor,5,0,0,0,0,0,0.4657979905605316
data/raw/osu_lora/Diff_Days_Indoor_Setup/Day5/Device4/IQ_1.dat,182,14268618,3,8,0,test,diff_days_indoor,5,0,0,0,0,0,0.40085646510124207
data/raw/osu_lora/Diff_Days_Indoor_Setup/Day5/Device4/IQ_1.dat,183,14347017,3,20,0,test,diff_days_indoor,5,0,0,0,0,0,0.28279030323028564
data/raw/osu_lora/Diff_Days_Indoor_Setup/Day5/Device4/IQ_1.dat,184,14425416,3,1,0,test,diff_days_indoor,5,0,0,0,0,0,0.5286176204681396
data/raw/osu_lora/Diff_Days_Indoor_Setup/Day5/Device4/IQ_1.dat,185,14503815,3,3,1,test,diff_days_indoor,5,0,0,0,0,0,0.3764180839061737
data/raw/osu_lora/Diff_Days_Indoor_Setup/Day5/Device4/IQ_1.dat,186,14582214,3,8,0,test,diff_days_indoor,5,0,0,0,0,0,0.2576965391635895
data/raw/osu_lora/Diff_Days_Indoor_Setup/Day5/Device4/IQ_1.dat,187,14660613,3,3,1,test,diff_days_indoor,5,0,0,0,0,0,0.42054876685142517
data/raw/osu_lora/Diff_Days_Indoor_Setup/Day5/Device4/IQ_1.dat,188,14739012,3,1,0,test,diff_days_indoor,5,0,0,0,0,0,0.48910075426101685
data/raw/osu_lora/Diff_Days_Indoor_Setup/Day5/Device4/IQ_1.dat,189,14817411,3,20,0,test,diff_days_indoor,5,0,0,0,0,0,0.35594117641448975
data/raw/osu_lora/Diff_Days_Indoor_Setup/Day5/Device4/IQ_1.dat,190,14895810,3,1,0,test,diff_days_indoor,5,0,0,0,0,0,0.42175501585006714
data/raw/osu_lora/Diff_Days_Indoor_Setup/Day5/Device4/IQ_1.dat,191,14974209,3,6,0,test,diff_days_indoor,5,0,0,0,0,0,0.379747211933136
data/raw/osu_lora/Diff_Days_Indoor_Setup/Day5/Device4/IQ_1.dat,192,15052608,3,8,0,test,diff_days_indoor,5,0,0,0,0,0,0.24077945947647095
data/raw/osu_lora/Diff_Days_Indoor_Setup/Day5/Device4/IQ_1.dat,193,15131007,3,2,0,test,diff_days_indoor,5,0,0,0,0,0,0.3271876871585846
data/raw/osu_lora/Diff_Days_Indoor_Setup/Day5/Device4/IQ_1.dat,194,15209406,3,3,1,test,diff_days_indoor,5,0,0,0,0,0,0.2784336805343628
data/raw/osu_lora/Diff_Days_Indoor_Setup/Day5/Device4/IQ_1.dat,195,15287805,3,1,0,test,diff_days_indoor,5,0,0,0,0,0,0.5666825175285339
data/raw/osu_lora/Diff_Days_Indoor_Setup/Day5/Device4/IQ_1.dat,196,15366204,3,8,0,test,diff_days_indoor,5,0,0,0,0,0,0.39825159311294556
data/raw/osu_lora/Diff_Days_Indoor_Setup/Day5/Device4/IQ_1.dat,197,15444603,3,3,1,test,diff_days_indoor,5,0,0,0,0,0,0.39196598529815674
data/raw/osu_lora/Diff_Days_Indoor_Setup/Day5/Device4/IQ_1.dat,198,15523002,3,6,0,test,diff_days_indoor,5,0,0,0,0,0,0.7395994663238525
data/raw/osu_lora/Diff_Days_Indoor_Setup/Day5/Device4/IQ_1.dat,199,15601401,3,2,0,test,diff_days_indoor,5,0,0,0,0,0,0.3963375985622406
data/raw/osu_lora/Diff_Days_Indoor_Setup/Day5/Device4/IQ_1.dat,200,15679800,3,0,0,test,diff_days_indoor,5,0,0,0,0,0,0.3133929669857025
data/raw/osu_lora/Diff_Days_Indoor_Setup/Day5/Device4/IQ_1.dat,201,15758199,3,1,0,test,diff_days_indoor,5,0,0,0,0,0,0.6290327310562134
data/raw/osu_lora/Diff_Days_Indoor_Setup/Day5/Device4/IQ_1.dat,202,15836598,3,1,0,test,diff_days_indoor,5,0,0,0,0,0,0.5077666640281677
data/raw/osu_lora/Diff_Days_Indoor_Setup/Day5/Device4/IQ_1.dat,203,15914997,3,6,0,test,diff_days_indoor,5,0,0,0,0,0,0.28974708914756775
data/raw/osu_lora/Diff_Days_Indoor_Setup/Day5/Device4/IQ_1.dat,204,15993396,3,16,0,test,diff_days_indoor,5,0,0,0,0,0,0.21832984685897827
data/raw/osu_lora/Diff_Days_Indoor_Setup/Day5/Device4/IQ_1.dat,205,16071795,3,1,0,test,diff_days_indoor,5,0,0,0,0,0,0.4385843575000763
data/raw/osu_lora/Diff_Days_Indoor_Setup/Day5/Device4/IQ_1.dat,206,16150194,3,1,0,test,diff_days_indoor,5,0,0,0,0,0,0.3755492568016052
data/raw/osu_lora/Diff_Days_Indoor_Setup/Day5/Device4/IQ_1.dat,207,16228593,3,3,1,test,diff_days_indoor,5,0,0,0,0,0,0.4578729569911957
data/raw/osu_lora/Diff_Days_Indoor_Setup/Day5/Device4/IQ_1.dat,208,16306992,3,3,1,test,diff_days_indoor,5,0,0,0,0,0,0.4721876382827759
data/raw/osu_lora/Diff_Days_Indoor_Setup/Day5/Device4/IQ_1.dat,209,16385391,3,3,1,test,diff_days_indoor,5,0,0,0,0,0,0.35843223333358765
data/raw/osu_lora/Diff_Days_Indoor_Setup/Day5/Device4/IQ_1.dat,210,16463790,3,3,1,test,diff_days_indoor,5,0,0,0,0,0,0.3068881928920746
data/raw/osu_lora/Diff_Days_Indoor_Setup/Day5/Device4/IQ_1.dat,211,16542189,3,3,1,test,diff_days_indoor,5,0,0,0,0,0,0.2654575705528259
data/raw/osu_lora/Diff_Days_Indoor_Setup/Day5/Device4/IQ_1.dat,212,16620588,3,1,0,test,diff_days_indoor,5,0,0,0,0,0,0.38765135407447815
data/raw/osu_lora/Diff_Days_Indoor_Setup/Day5/Device4/IQ_1.dat,213,16698987,3,3,1,test,diff_days_indoor,5,0,0,0,0,0,0.32525140047073364
data/raw/osu_lora/Diff_Days_Indoor_Setup/Day5/Device4/IQ_1.dat,214,16777386,3,0,0,test,diff_days_indoor,5,0,0,0,0,0,0.402153879404068
data/raw/osu_lora/Diff_Days_Indoor_Setup/Day5/Device4/IQ_1.dat,215,16855785,3,3,1,test,diff_days_indoor,5,0,0,0,0,0,0.3247617483139038
data/raw/osu_lora/Diff_Days_Indoor_Setup/Day5/Device4/IQ_1.dat,216,16934184,3,1,0,test,diff_days_indoor,5,0,0,0,0,0,0.7404055595397949
data/raw/osu_lora/Diff_Days_Indoor_Setup/Day5/Device4/IQ_1.dat,217,17012583,3,1,0,test,diff_days_indoor,5,0,0,0,0,0,0.37815725803375244
data/raw/osu_lora/Diff_Days_Indoor_Setup/Day5/Device4/IQ_1.dat,218,17090982,3,0,0,test,diff_days_indoor,5,0,0,0,0,0,0.398739218711853
data/raw/osu_lora/Diff_Days_Indoor_Setup/Day5/Device4/IQ_1.dat,219,17169381,3,3,1,test,diff_days_indoor,5,0,0,0,0,0,0.35379159450531006
data/raw/osu_lora/Diff_Days_Indoor_Setup/Day5/Device4/IQ_1.dat,220,17247780,3,3,1,test,diff_days_indoor,5,0,0,0,0,0,0.31115230917930603
data/raw/osu_lora/Diff_Days_Indoor_Setup/Day5/Device4/IQ_1.dat,221,17326179,3,3,1,test,diff_days_indoor,5,0,0,0,0,0,0.28219693899154663
data/raw/osu_lora/Diff_Days_Indoor_Setup/Day5/Device4/IQ_1.dat,222,17404578,3,2,0,test,diff_days_indoor,5,0,0,0,0,0,0.18650780618190765
data/raw/osu_lora/Diff_Days_Indoor_Setup/Day5/Device4/IQ_1.dat,223,17482977,3,1,0,test,diff_days_indoor,5,0,0,0,0,0,0.41845712065696716
data/raw/osu_lora/Diff_Days_Indoor_Setup/Day5/Device4/IQ_1.dat,224,17561376,3,1,0,test,diff_days_indoor,5,0,0,0,0,0,0.4644179046154022
data/raw/osu_lora/Diff_Days_Indoor_Setup/Day5/Device4/IQ_1.dat,225,17639775,3,1,0,test,diff_days_indoor,5,0,0,0,0,0,0.720148503780365
data/raw/osu_lora/Diff_Days_Indoor_Setup/Day5/Device4/IQ_1.dat,226,17718174,3,3,1,test,diff_days_indoor,5,0,0,0,0,0,0.35563263297080994
data/raw/osu_lora/Diff_Days_Indoor_Setup/Day5/Device4/IQ_1.dat,227,17796573,3,3,1,test,diff_days_indoor,5,0,0,0,0,0,0.43910878896713257
data/raw/osu_lora/Diff_Days_Indoor_Setup/Day5/Device4/IQ_1.dat,228,17874972,3,1,0,test,diff_days_indoor,5,0,0,0,0,0,0.4282900094985962
data/raw/osu_lora/Diff_Days_Indoor_Setup/Day5/Device4/IQ_1.dat,229,17953371,3,1,0,test,diff_days_indoor,5,0,0,0,0,0,0.38330718874931335
data/raw/osu_lora/Diff_Days_Indoor_Setup/Day5/Device4/IQ_1.dat,230,18031770,3,3,1,test,diff_days_indoor,5,0,0,0,0,0,0.23972827196121216
data/raw/osu_lora/Diff_Days_Indoor_Setup/Day5/Device4/IQ_1.dat,231,18110169,3,3,1,test,diff_days_indoor,5,0,0,0,0,0,0.29693111777305603
data/raw/osu_lora/Diff_Days_Indoor_Setup/Day5/Device4/IQ_1.dat,232,18188568,3,1,0,test,diff_days_indoor,5,0,0,0,0,0,0.6718397736549377
data/raw/osu_lora/Diff_Days_Indoor_Setup/Day5/Device4/IQ_1.dat,233,18266967,3,1,0,test,diff_days_indoor,5,0,0,0,0,0,0.5105898976325989
data/raw/osu_lora/Diff_Days_Indoor_Setup/Day5/Device4/IQ_1.dat,234,18345366,3,2,0,test,diff_days_indoor,5,0,0,0,0,0,0.48257195949554443
data/raw/osu_lora/Diff_Days_Indoor_Setup/Day5/Device4/IQ_1.dat,235,18423765,3,2,0,test,diff_days_indoor,5,0,0,0,0,0,0.3441629111766815
data/raw/osu_lora/Diff_Days_Indoor_Setup/Day5/Device4/IQ_1.dat,236,18502164,3,3,1,test,diff_days_indoor,5,0,0,0,0,0,0.43161720037460327
data/raw/osu_lora/Diff_Days_Indoor_Setup/Day5/Device4/IQ_1.dat,237,18580563,3,8,0,test,diff_days_indoor,5,0,0,0,0,0,0.2963487505912781
data/raw/osu_lora/Diff_Days_Indoor_Setup/Day5/Device4/IQ_1.dat,238,18658962,3,1,0,test,diff_days_indoor,5,0,0,0,0,0,0.5577640533447266
data/raw/osu_lora/Diff_Days_Indoor_Setup/Day5/Device4/IQ_1.dat,239,18737361,3,3,1,test,diff_days_indoor,5,0,0,0,0,0,0.45559167861938477
data/raw/osu_lora/Diff_Days_Indoor_Setup/Day5/Device4/IQ_1.dat,240,18815760,3,2,0,test,diff_days_indoor,5,0,0,0,0,0,0.46051764488220215
data/raw/osu_lora/Diff_Days_Indoor_Setup/Day5/Device4/IQ_1.dat,241,18894159,3,6,0,test,diff_days_indoor,5,0,0,0,0,0,0.2483091503381729
data/raw/osu_lora/Diff_Days_Indoor_Setup/Day5/Device4/IQ_1.dat,242,18972558,3,3,1,test,diff_days_indoor,5,0,0,0,0,0,0.2568293511867523
data/raw/osu_lora/Diff_Days_Indoor_Setup/Day5/Device4/IQ_1.dat,243,19050957,3,1,0,test,diff_days_indoor,5,0,0,0,0,0,0.502310574054718
data/raw/osu_lora/Diff_Days_Indoor_Setup/Day5/Device4/IQ_1.dat,244,19129356,3,3,1,test,diff_days_indoor,5,0,0,0,0,0,0.24289190769195557
data/raw/osu_lora/Diff_Days_Indoor_Setup/Day5/Device4/IQ_1.dat,245,19207755,3,8,0,test,diff_days_indoor,5,0,0,0,0,0,0.3082328140735626
data/raw/osu_lora/Diff_Days_Indoor_Setup/Day5/Device4/IQ_1.dat,246,19286154,3,1,0,test,diff_days_indoor,5,0,0,0,0,0,0.6296586394309998
data/raw/osu_lora/Diff_Days_Indoor_Setup/Day5/Device4/IQ_1.dat,247,19364553,3,3,1,test,diff_days_indoor,5,0,0,0,0,0,0.31036806106567383
data/raw/osu_lora/Diff_Days_Indoor_Setup/Day5/Device4/IQ_1.dat,248,19442952,3,8,0,test,diff_days_indoor,5,0,0,0,0,0,0.2735438942909241
data/raw/osu_lora/Diff_Days_Indoor_Setup/Day5/Device4/IQ_1.dat,249,19521351,3,8,0,test,diff_days_indoor,5,0,0,0,0,0,0.36140432953834534
data/raw/osu_lora/Diff_Days_Indoor_Setup/Day5/Device4/IQ_1.dat,250,19599750,3,3,1,test,diff_days_indoor,5,0,0,0,0,0,0.5078920722007751
data/raw/osu_lora/Diff_Days_Indoor_Setup/Day5/Device4/IQ_1.dat,251,19678149,3,3,1,test,diff_days_indoor,5,0,0,0,0,0,0.3442785143852234
data/raw/osu_lora/Diff_Days_Indoor_Setup/Day5/Device4/IQ_1.dat,252,19756548,3,0,0,test,diff_days_indoor,5,0,0,0,0,0,0.25218111276626587
data/raw/osu_lora/Diff_Days_Indoor_Setup/Day5/Device4/IQ_1.dat,253,19834947,3,1,0,test,diff_days_indoor,5,0,0,0,0,0,0.7260096669197083
data/raw/osu_lora/Diff_Days_Indoor_Setup/Day5/Device4/IQ_1.dat,254,19913346,3,1,0,test,diff_days_indoor,5,0,0,0,0,0,0.603162944316864
data/raw/osu_lora/Diff_Days_Indoor_Setup/Day5/Device4/IQ_1.dat,255,19991745,3,1,0,test,diff_days_indoor,5,0,0,0,0,0,0.582138180732727
data/raw/osu_lora/Diff_Days_Indoor_Setup/Day5/Device5/IQ_1.dat,0,0,4,22,0,test,diff_days_indoor,5,0,0,0,0,0,0.3765193819999695
data/raw/osu_lora/Diff_Days_Indoor_Setup/Day5/Device5/IQ_1.dat,1,78399,4,4,1,test,diff_days_indoor,5,0,0,0,0,0,0.6850427389144897
data/raw/osu_lora/Diff_Days_Indoor_Setup/Day5/Device5/IQ_1.dat,2,156798,4,4,1,test,diff_days_indoor,5,0,0,0,0,0,0.593132734298706
data/raw/osu_lora/Diff_Days_Indoor_Setup/Day5/Device5/IQ_1.dat,3,235197,4,4,1,test,diff_days_indoor,5,0,0,0,0,0,0.7892622947692871
data/raw/osu_lora/Diff_Days_Indoor_Setup/Day5/Device5/IQ_1.dat,4,313596,4,4,1,test,diff_days_indoor,5,0,0,0,0,0,0.5999203324317932
data/raw/osu_lora/Diff_Days_Indoor_Setup/Day5/Device5/IQ_1.dat,5,391995,4,11,0,test,diff_days_indoor,5,0,0,0,0,0,0.5887848734855652
data/raw/osu_lora/Diff_Days_Indoor_Setup/Day5/Device5/IQ_1.dat,6,470394,4,4,1,test,diff_days_indoor,5,0,0,0,0,0,0.7581636905670166
data/raw/osu_lora/Diff_Days_Indoor_Setup/Day5/Device5/IQ_1.dat,7,548793,4,4,1,test,diff_days_indoor,5,0,0,0,0,0,0.7580142021179199
data/raw/osu_lora/Diff_Days_Indoor_Setup/Day5/Device5/IQ_1.dat,8,627192,4,14,0,test,diff_days_indoor,5,0,0,0,0,0,0.393247127532959
data/raw/osu_lora/Diff_Days_Indoor_Setup/Day5/Device5/IQ_1.dat,9,705591,4,10,0,test,diff_days_indoor,5,0,0,0,0,0,0.46724602580070496
data/raw/osu_lora/Diff_Days_Indoor_Setup/Day5/Device5/IQ_1.dat,10,783990,4,11,0,test,diff_days_indoor,5,0,0,0,0,0,0.5797964930534363
data/raw/osu_lora/Diff_Days_Indoor_Setup/Day5/Device5/IQ_1.dat,11,862389,4,4,1,test,diff_days_indoor,5,0,0,0,0,0,0.7293472290039062
data/raw/osu_lora/Diff_Days_Indoor_Setup/Day5/Device5/IQ_1.dat,12,940788,4,10,0,test,diff_days_indoor,5,0,0,0,0,0,0.5665866136550903
data/raw/osu_lora/Diff_Days_Indoor_Setup/Day5/Device5/IQ_1.dat,13,1019187,4,4,1,test,diff_days_indoor,5,0,0,0,0,0,0.6480826139450073
data/raw/osu_lora/Diff_Days_Indoor_Setup/Day5/Device5/IQ_1.dat,14,1097586,4,4,1,test,diff_days_indoor,5,0,0,0,0,0,0.7190586924552917
data/raw/osu_lora/Diff_Days_Indoor_Setup/Day5/Device5/IQ_1.dat,15,1175985,4,4,1,test,diff_days_indoor,5,0,0,0,0,0,0.8024023771286011
data/raw/osu_lora/Diff_Days_Indoor_Setup/Day5/Device5/IQ_1.dat,16,1254384,4,4,1,test,diff_days_indoor,5,0,0,0,0,0,0.7850210666656494
data/raw/osu_lora/Diff_Days_Indoor_Setup/Day5/Device5/IQ_1.dat,17,1332783,4,11,0,test,diff_days_indoor,5,0,0,0,0,0,0.4746280312538147
data/raw/osu_lora/Diff_Days_Indoor_Setup/Day5/Device5/IQ_1.dat,18,1411182,4,11,0,test,diff_days_indoor,5,0,0,0,0,0,0.4966241717338562
data/raw/osu_lora/Diff_Days_Indoor_Setup/Day5/Device5/IQ_1.dat,19,1489581,4,11,0,test,diff_days_indoor,5,0,0,0,0,0,0.5998596549034119
data/raw/osu_lora/Diff_Days_Indoor_Setup/Day5/Device5/IQ_1.dat,20,1567980,4,4,1,test,diff_days_indoor,5,0,0,0,0,0,0.5744816660881042
data/raw/osu_lora/Diff_Days_Indoor_Setup/Day5/Device5/IQ_1.dat,21,1646379,4,4,1,test,diff_days_indoor,5,0,0,0,0,0,0.8052242994308472
data/raw/osu_lora/Diff_Days_Indoor_Setup/Day5/Device5/IQ_1.dat,22,1724778,4,4,1,test,diff_days_indoor,5,0,0,0,0,0,0.45438092947006226
data/raw/osu_lora/Diff_Days_Indoor_Setup/Day5/Device5/IQ_1.dat,23,1803177,4,4,1,test,diff_days_indoor,5,0,0,0,0,0,0.6030746102333069
data/raw/osu_lora/Diff_Days_Indoor_Setup/Day5/Device5/IQ_1.dat,24,1881576,4,4,1,test,diff_days_indoor,5,0,0,0,0,0,0.3654398024082184
data/raw/osu_lora/Diff_Days_Indoor_Setup/Day5/Device5/IQ_1.dat,25,1959975,4,17,0,test,diff_days_indoor,5,0,0,0,0,0,0.29890796542167664
data/raw/osu_lora/Diff_Days_Indoor_Setup/Day5/Device5/IQ_1.dat,26,2038374,4,4,1,test,diff_days_indoor,5,0,0,0,0,0,0.4073520004749298
data/raw/osu_lora/Diff_Days_Indoor_Setup/Day5/Device5/IQ_1.dat,27,2116773,4,4,1,test,diff_days_indoor,5,0,0,0,0,0,0.6567384600639343
data/raw/osu_lora/Diff_Days_Indoor_Setup/Day5/Device5/IQ_1.dat,28,2195172,4,4,1,test,diff_days_indoor,5,0,0,0,0,0,0.6197001934051514
data/raw/osu_lora/Diff_Days_Indoor_Setup/Day5/Device5/IQ_1.dat,29,2273571,4,11,0,test,diff_days_indoor,5,0,0,0,0,0,0.49199995398521423
data/raw/osu_lora/Diff_Days_Indoor_Setup/Day5/Device5/IQ_1.dat,30,2351970,4,4,1,test,diff_days_indoor,5,0,0,0,0,0,0.6116337776184082
data/raw/osu_lora/Diff_Days_Indoor_Setup/Day5/Device5/IQ_1.dat,31,2430369,4,11,0,test,diff_days_indoor,5,0,0,0,0,0,0.19855937361717224
data/raw/osu_lora/Diff_Days_Indoor_Setup/Day5/Device5/IQ_1.dat,32,2508768,4,4,1,test,diff_days_indoor,5,0,0,0,0,0,0.6756423711776733
data/raw/osu_lora/Diff_Days_Indoor_Setup/Day5/Device5/IQ_1.dat,33,2587167,4,18,0,test,diff_days_indoor,5,0,0,0,0,0,0.30356675386428833
data/raw/osu_lora/Diff_Days_Indoor_Setup/Day5/Device5/IQ_1.dat,34,2665566,4,4,1,test,diff_days_indoor,5,0,0,0,0,0,0.7455137372016907
data/raw/osu_lora/Diff_Days_Indoor_Setup/Day5/Device5/IQ_1.dat,35,2743965,4,11,0,test,diff_days_indoor,5,0,0,0,0,0,0.5186874866485596
data/raw/osu_lora/Diff_Days_Indoor_Setup/Day5/Device5/IQ_1.dat,36,2822364,4,4,1,test,diff_days_indoor,5,0,0,0,0,0,0.8248384594917297
data/raw/osu_lora/Diff_Days_Indoor_Setup/Day5/Device5/IQ_1.dat,37,2900763,4,4,1,test,diff_days_indoor,5,0,0,0,0,0,0.5698522329330444
data/raw/osu_lora/Diff_Days_Indoor_Setup/Day5/Device5/IQ_1.dat,38,2979162,4,11,0,test,diff_days_indoor,5,0,0,0,0,0,0.5576503872871399
data/raw/osu_lora/Diff_Days_Indoor_Setup/Day5/Device5/IQ_1.dat,39,3057561,4,4,1,test,diff_days_indoor,5,0,0,0,0,0,0.631898045539856
data/raw/osu_lora/Diff_Days_Indoor_Setup/Day5/Device5/IQ_1.dat,40,3135960,4,4,1,test,diff_days_indoor,5,0,0,0,0,0,0.7651112675666809
data/raw/osu_lora/Diff_Days_Indoor_Setup/Day5/Device5/IQ_1.dat,41,3214359,4,4,1,test,diff_days_indoor,5,0,0,0,0,0,0.5377016663551331
data/raw/osu_lora/Diff_Days_Indoor_Setup/Day5/Device5/IQ_1.dat,42,3292758,4,4,1,test,diff_days_indoor,5,0,0,0,0,0,0.7276577353477478
data/raw/osu_lora/Diff_Days_Indoor_Setup/Day5/Device5/IQ_1.dat,43,3371157,4,4,1,test,diff_days_indoor,5,0,0,0,0,0,0.8620883226394653
data/raw/osu_lora/Diff_Days_Indoor_Setup/Day5/Device5/IQ_1.dat,44,3449556,4,22,0,test,diff_days_indoor,5,0,0,0,0,0,0.34959810972213745
data/raw/osu_lora/Diff_Days_Indoor_Setup/Day5/Device5/IQ_1.dat,45,3527955,4,4,1,test,diff_days_indoor,5,0,0,0,0,0,0.8639143109321594
data/raw/osu_lora/Diff_Days_Indoor_Setup/Day5/Device5/IQ_1.dat,46,3606354,4,12,0,test,diff_days_indoor,5,0,0,0,0,0,0.15905043482780457
data/raw/osu_lora/Diff_Days_Indoor_Setup/Day5/Device5/IQ_1.dat,47,3684753,4,4,1,test,diff_days_indoor,5,0,0,0,0,0,0.26805686950683594
data/raw/osu_lora/Diff_Days_Indoor_Setup/Day5/Device5/IQ_1.dat,48,3763152,4,11,0,test,diff_days_indoor,5,0,0,0,0,0,0.5932250618934631
data/raw/osu_lora/Diff_Days_Indoor_Setup/Day5/Device5/IQ_1.dat,49,3841551,4,11,0,test,diff_days_indoor,5,0,0,0,0,0,0.602383553981781
data/raw/osu_lora/Diff_Days_Indoor_Setup/Day5/Device5/IQ_1.dat,50,3919950,4,4,1,test,diff_days_indoor,5,0,0,0,0,0,0.6030125021934509
data/raw/osu_lora/Diff_Days_Indoor_Setup/Day5/Device5/IQ_1.dat,51,3998349,4,4,1,test,diff_days_indoor,5,0,0,0,0,0,0.5312292575836182
data/raw/osu_lora/Diff_Days_Indoor_Setup/Day5/Device5/IQ_1.dat,52,4076748,4,4,1,test,diff_days_indoor,5,0,0,0,0,0,0.8325055241584778
data/raw/osu_lora/Diff_Days_Indoor_Setup/Day5/Device5/IQ_1.dat,53,4155147,4,4,1,test,diff_days_indoor,5,0,0,0,0,0,0.5614060759544373
data/raw/osu_lora/Diff_Days_Indoor_Setup/Day5/Device5/IQ_1.dat,54,4233546,4,4,1,test,diff_days_indoor,5,0,0,0,0,0,0.7193592190742493
data/raw/osu_lora/Diff_Days_Indoor_Setup/Day5/Device5/IQ_1.dat,55,4311945,4,4,1,test,diff_days_indoor,5,0,0,0,0,0,0.5723415613174438
data/raw/osu_lora/Diff_Days_Indoor_Setup/Day5/Device5/IQ_1.dat,56,4390344,4,4,1,test,diff_days_indoor,5,0,0,0,0,0,0.49435797333717346
data/raw/osu_lora/Diff_Days_Indoor_Setup/Day5/Device5/IQ_1.dat,57,4468743,4,4,1,test,diff_days_indoor,5,0,0,0,0,0,0.8643983006477356
data/raw/osu_lora/Diff_Days_Indoor_Setup/Day5/Device5/IQ_1.dat,58,4547142,4,4,1,test,diff_days_indoor,5,0,0,0,0,0,0.5854820609092712
data/raw/osu_lora/Diff_Days_Indoor_Setup/Day5/Device5/IQ_1.dat,59,4625541,4,4,1,test,diff_days_indoor,5,0,0,0,0,0,0.6410977244377136
data/raw/osu_lora/Diff_Days_Indoor_Setup/Day5/Device5/IQ_1.dat,60,4703940,4,10,0,test,diff_days_indoor,5,0,0,0,0,0,0.14414489269256592
data/raw/osu_lora/Diff_Days_Indoor_Setup/Day5/Device5/IQ_1.dat,61,4782339,4,4,1,test,diff_days_indoor,5,0,0,0,0,0,0.5302243828773499
data/raw/osu_lora/Diff_Days_Indoor_Setup/Day5/Device5/IQ_1.dat,62,4860738,4,11,0,test,diff_days_indoor,5,0,0,0,0,0,0.2417403906583786
data/raw/osu_lora/Diff_Days_Indoor_Setup/Day5/Device5/IQ_1.dat,63,4939137,4,4,1,test,diff_days_indoor,5,0,0,0,0,0,0.53570556640625
data/raw/osu_lora/Diff_Days_Indoor_Setup/Day5/Device5/IQ_1.dat,64,5017536,4,21,0,test,diff_days_indoor,5,0,0,0,0,0,0.2305227369070053
data/raw/osu_lora/Diff_Days_Indoor_Setup/Day5/Device5/IQ_1.dat,65,5095935,4,14,0,test,diff_days_indoor,5,0,0,0,0,0,0.5522869825363159
data/raw/osu_lora/Diff_Days_Indoor_Setup/Day5/Device5/IQ_1.dat,66,5174334,4,4,1,test,diff_days_indoor,5,0,0,0,0,0,0.6961889863014221
data/raw/osu_lora/Diff_Days_Indoor_Setup/Day5/Device5/IQ_1.dat,67,5252733,4,4,1,test,diff_days_indoor,5,0,0,0,0,0,0.87138432264328
data/raw/osu_lora/Diff_Days_Indoor_Setup/Day5/Device5/IQ_1.dat,68,5331132,4,4,1,test,diff_days_indoor,5,0,0,0,0,0,0.48865166306495667
data/raw/osu_lora/Diff_Days_Indoor_Setup/Day5/Device5/IQ_1.dat,69,5409531,4,4,1,test,diff_days_indoor,5,0,0,0,0,0,0.6809300780296326
data/raw/osu_lora/Diff_Days_Indoor_Setup/Day5/Device5/IQ_1.dat,70,5487930,4,4,1,test,diff_days_indoor,5,0,0,0,0,0,0.8484392762184143
data/raw/osu_lora/Diff_Days_Indoor_Setup/Day5/Device5/IQ_1.dat,71,5566329,4,4,1,test,diff_days_indoor,5,0,0,0,0,0,0.16899028420448303
data/raw/osu_lora/Diff_Days_Indoor_Setup/Day5/Device5/IQ_1.dat,72,5644728,4,4,1,test,diff_days_indoor,5,0,0,0,0,0,0.6228839755058289
data/raw/osu_lora/Diff_Days_Indoor_Setup/Day5/Device5/IQ_1.dat,73,5723127,4,4,1,test,diff_days_indoor,5,0,0,0,0,0,0.7335816025733948
data/raw/osu_lora/Diff_Days_Indoor_Setup/Day5/Device5/IQ_1.dat,74,5801526,4,4,1,test,diff_days_indoor,5,0,0,0,0,0,0.6567323207855225
data/raw/osu_lora/Diff_Days_Indoor_Setup/Day5/Device5/IQ_1.dat,75,5879925,4,4,1,test,diff_days_indoor,5,0,0,0,0,0,0.588665783405304
data/raw/osu_lora/Diff_Days_Indoor_Setup/Day5/Device5/IQ_1.dat,76,5958324,4,4,1,test,diff_days_indoor,5,0,0,0,0,0,0.6151059865951538
data/raw/osu_lora/Diff_Days_Indoor_Setup/Day5/Device5/IQ_1.dat,77,6036723,4,11,0,test,diff_days_indoor,5,0,0,0,0,0,0.49757519364356995
data/raw/osu_lora/Diff_Days_Indoor_Setup/Day5/Device5/IQ_1.dat,78,6115122,4,10,0,test,diff_days_indoor,5,0,0,0,0,0,0.5124630928039551
data/raw/osu_lora/Diff_Days_Indoor_Setup/Day5/Device5/IQ_1.dat,79,6193521,4,4,1,test,diff_days_indoor,5,0,0,0,0,0,0.8372402191162109
data/raw/osu_lora/Diff_Days_Indoor_Setup/Day5/Device5/IQ_1.dat,80,6271920,4,4,1,test,diff_days_indoor,5,0,0,0,0,0,0.7390739917755127
data/raw/osu_lora/Diff_Days_Indoor_Setup/Day5/Device5/IQ_1.dat,81,6350319,4,13,0,test,diff_days_indoor,5,0,0,0,0,0,0.20316490530967712
data/raw/osu_lora/Diff_Days_Indoor_Setup/Day5/Device5/IQ_1.dat,82,6428718,4,4,1,test,diff_days_indoor,5,0,0,0,0,0,0.4215712249279022
data/raw/osu_lora/Diff_Days_Indoor_Setup/Day5/Device5/IQ_1.dat,83,6507117,4,4,1,test,diff_days_indoor,5,0,0,0,0,0,0.4085899889469147
data/raw/osu_lora/Diff_Days_Indoor_Setup/Day5/Device5/IQ_1.dat,84,6585516,4,2,0,test,diff_days_indoor,5,0,0,0,0,0,0.301195353269577
data/raw/osu_lora/Diff_Days_Indoor_Setup/Day5/Device5/IQ_1.dat,85,6663915,4,4,1,test,diff_days_indoor,5,0,0,0,0,0,0.5612348914146423
data/raw/osu_lora/Diff_Days_Indoor_Setup/Day5/Device5/IQ_1.dat,86,6742314,4,4,1,test,diff_days_indoor,5,0,0,0,0,0,0.7609757781028748
data/raw/osu_lora/Diff_Days_Indoor_Setup/Day5/Device5/IQ_1.dat,87,6820713,4,4,1,test,diff_days_indoor,5,0,0,0,0,0,0.5913149118423462
data/raw/osu_lora/Diff_Days_Indoor_Setup/Day5/Device5/IQ_1.dat,88,6899112,4,4,1,test,diff_days_indoor,5,0,0,0,0,0,0.886890172958374
data/raw/osu_lora/Diff_Days_Indoor_Setup/Day5/Device5/IQ_1.dat,89,6977511,4,4,1,test,diff_days_indoor,5,0,0,0,0,0,0.6503362655639648
data/raw/osu_lora/Diff_Days_Indoor_Setup/Day5/Device5/IQ_1.dat,90,7055910,4,4,1,test,diff_days_indoor,5,0,0,0,0,0,0.7347239851951599
data/raw/osu_lora/Diff_Days_Indoor_Setup/Day5/Device5/IQ_1.dat,91,7134309,4,4,1,test,diff_days_indoor,5,0,0,0,0,0,0.7430487871170044
data/raw/osu_lora/Diff_Days_Indoor_Setup/Day5/Device5/IQ_1.dat,92,7212708,4,22,0,test,diff_days_indoor,5,0,0,0,0,0,0.3354093134403229
data/raw/osu_lora/Diff_Days_Indoor_Setup/Day5/Device5/IQ_1.dat,93,7291107,4,12,0,test,diff_days_indoor,5,0,0,0,0,0,0.22422251105308533
data/raw/osu_lora/Diff_Days_Indoor_Setup/Day5/Device5/IQ_1.dat,94,7369506,4,4,1,test,diff_days_indoor,5,0,0,0,0,0,0.22370685636997223
data/raw/osu_lora/Diff_Days_Indoor_Setup/Day5/Device5/IQ_1.dat,95,7447905,4,4,1,test,diff_days_indoor,5,0,0,0,0,0,0.5612817406654358
data/raw/osu_lora/Diff_Days_Indoor_Setup/Day5/Device5/IQ_1.dat,96,7526304,4,4,1,test,diff_days_indoor,5,0,0,0,0,0,0.6876721382141113
data/raw/osu_lora/Diff_Days_Indoor_Setup/Day5/Device5/IQ_1.dat,97,7604703,4,4,1,test,diff_days_indoor,5,0,0,0,0,0,0.7663021087646484
data/raw/osu_lora/Diff_Days_Indoor_Setup/Day5/Device5/IQ_1.dat,98,7683102,4,13,0,test,diff_days_indoor,5,0,0,0,0,0,0.35696232318878174
data/raw/osu_lora/Diff_Days_Indoor_Setup/Day5/Device5/IQ_1.dat,99,7761501,4,11,0,test,diff_days_indoor,5,0,0,0,0,0,0.37129029631614685
data/raw/osu_lora/Diff_Days_Indoor_Setup/Day5/Device5/IQ_1.dat,100,7839900,4,11,0,test,diff_days_indoor,5,0,0,0,0,0,0.4113093912601471
data/raw/osu_lora/Diff_Days_Indoor_Setup/Day5/Device5/IQ_1.dat,101,7918299,4,4,1,test,diff_days_indoor,5,0,0,0,0,0,0.6689130663871765
data/raw/osu_lora/Diff_Days_Indoor_Setup/Day5/Device5/IQ_1.dat,102,7996698,4,4,1,test,diff_days_indoor,5,0,0,0,0,0,0.5426574945449829
data/raw/osu_lora/Diff_Days_Indoor_Setup/Day5/Device5/IQ_1.dat,103,8075097,4,4,1,test,diff_days_indoor,5,0,0,0,0,0,0.5607244968414307
data/raw/osu_lora/Diff_Days_Indoor_Setup/Day5/Device5/IQ_1.dat,104,8153496,4,4,1,test,diff_days_indoor,5,0,0,0,0,0,0.7629502415657043
data/raw/osu_lora/Diff_Days_Indoor_Setup/Day5/Device5/IQ_1.dat,105,8231895,4,4,1,test,diff_days_indoor,5,0,0,0,0,0,0.801677405834198
data/raw/osu_lora/Diff_Days_Indoor_Setup/Day5/Device5/IQ_1.dat,106,8310294,4,4,1,test,diff_days_indoor,5,0,0,0,0,0,0.509746253490448
data/raw/osu_lora/Diff_Days_Indoor_Setup/Day5/Device5/IQ_1.dat,107,8388693,4,4,1,test,diff_days_indoor,5,0,0,0,0,0,0.7707251310348511
data/raw/osu_lora/Diff_Days_Indoor_Setup/Day5/Device5/IQ_1.dat,108,8467092,4,4,1,test,diff_days_indoor,5,0,0,0,0,0,0.46675100922584534
data/raw/osu_lora/Diff_Days_Indoor_Setup/Day5/Device5/IQ_1.dat,109,8545491,4,4,1,test,diff_days_indoor,5,0,0,0,0,0,0.6879585981369019
data/raw/osu_lora/Diff_Days_Indoor_Setup/Day5/Device5/IQ_1.dat,110,8623890,4,4,1,test,diff_days_indoor,5,0,0,0,0,0,0.8821799159049988
data/raw/osu_lora/Diff_Days_Indoor_Setup/Day5/Device5/IQ_1.dat,111,8702289,4,4,1,test,diff_days_indoor,5,0,0,0,0,0,0.5983090400695801
data/raw/osu_lora/Diff_Days_Indoor_Setup/Day5/Device5/IQ_1.dat,112,8780688,4,17,0,test,diff_days_indoor,5,0,0,0,0,0,0.3074144124984741
data/raw/osu_lora/Diff_Days_Indoor_Setup/Day5/Device5/IQ_1.dat,113,8859087,4,4,1,test,diff_days_indoor,5,0,0,0,0,0,0.4276736080646515
data/raw/osu_lora/Diff_Days_Indoor_Setup/Day5/Device5/IQ_1.dat,114,8937486,4,4,1,test,diff_days_indoor,5,0,0,0,0,0,0.7471778392791748
data/raw/osu_lora/Diff_Days_Indoor_Setup/Day5/Device5/IQ_1.dat,115,9015885,4,19,0,test,diff_days_indoor,5,0,0,0,0,0,0.2574729025363922
data/raw/osu_lora/Diff_Days_Indoor_Setup/Day5/Device5/IQ_1.dat,116,9094284,4,4,1,test,diff_days_indoor,5,0,0,0,0,0,0.7744778394699097
data/raw/osu_lora/Diff_Days_Indoor_Setup/Day5/Device5/IQ_1.dat,117,9172683,4,4,1,test,diff_days_indoor,5,0,0,0,0,0,0.6429764032363892
data/raw/osu_lora/Diff_Days_Indoor_Setup/Day5/Device5/IQ_1.dat,118,9251082,4,4,1,test,diff_days_indoor,5,0,0,0,0,0,0.561477780342102
data/raw/osu_lora/Diff_Days_Indoor_Setup/Day5/Device5/IQ_1.dat,119,9329481,4,4,1,test,diff_days_indoor,5,0,0,0,0,0,0.6254997253417969
data/raw/osu_lora/Diff_Days_Indoor_Setup/Day5/Device5/IQ_1.dat,120,9407880,4,4,1,test,diff_days_indoor,5,0,0,0,0,0,0.7860889434814453
data/raw/osu_lora/Diff_Days_Indoor_Setup/Day5/Device5/IQ_1.dat,121,9486279,4,4,1,test,diff_days_indoor,5,0,0,0,0,0,0.9013076424598694
data/raw/osu_lora/Diff_Days_Indoor_Setup/Day5/Device5/IQ_1.dat,122,9564678,4,4,1,test,diff_days_indoor,5,0,0,0,0,0,0.8195331692695618
data/raw/osu_lora/Diff_Days_Indoor_Setup/Day5/Device5/IQ_1.dat,123,9643077,4,11,0,test,diff_days_indoor,5,0,0,0,0,0,0.5084975957870483
data/raw/osu_lora/Diff_Days_Indoor_Setup/Day5/Device5/IQ_1.dat,124,9721476,4,4,1,test,diff_days_indoor,5,0,0,0,0,0,0.6938046813011169
data/raw/osu_lora/Diff_Days_Indoor_Setup/Day5/Device5/IQ_1.dat,125,9799875,4,21,0,test,diff_days_indoor,5,0,0,0,0,0,0.18458008766174316
data/raw/osu_lora/Diff_Days_Indoor_Setup/Day5/Device5/IQ_1.dat,126,9878274,4,11,0,test,diff_days_indoor,5,0,0,0,0,0,0.41828781366348267
data/raw/osu_lora/Diff_Days_Indoor_Setup/Day5/Device5/IQ_1.dat,127,9956673,4,4,1,test,diff_days_indoor,5,0,0,0,0,0,0.6324051022529602
data/raw/osu_lora/Diff_Days_Indoor_Setup/Day5/Device5/IQ_1.dat,128,10035072,4,11,0,test,diff_days_indoor,5,0,0,0,0,0,0.45403042435646057
data/raw/osu_lora/Diff_Days_Indoor_Setup/Day5/Device5/IQ_1.dat,129,10113471,4,4,1,test,diff_days_indoor,5,0,0,0,0,0,0.7254292368888855
data/raw/osu_lora/Diff_Days_Indoor_Setup/Day5/Device5/IQ_1.dat,130,10191870,4,22,0,test,diff_days_indoor,5,0,0,0,0,0,0.43524178862571716
data/raw/osu_lora/Diff_Days_Indoor_Setup/Day5/Device5/IQ_1.dat,131,10270269,4,11,0,test,diff_days_indoor,5,0,0,0,0,0,0.40535321831703186
data/raw/osu_lora/Diff_Days_Indoor_Setup/Day5/Device5/IQ_1.dat,132,10348668,4,4,1,test,diff_days_indoor,5,0,0,0,0,0,0.7593653202056885
data/raw/osu_lora/Diff_Days_Indoor_Setup/Day5/Device5/IQ_1.dat,133,10427067,4,4,1,test,diff_days_indoor,5,0,0,0,0,0,0.7314350008964539
data/raw/osu_lora/Diff_Days_Indoor_Setup/Day5/Device5/IQ_1.dat,134,10505466,4,4,1,test,diff_days_indoor,5,0,0,0,0,0,0.7948017716407776
data/raw/osu_lora/Diff_Days_Indoor_Setup/Day5/Device5/IQ_1.dat,135,10583865,4,11,0,test,diff_days_indoor,5,0,0,0,0,0,0.5190747976303101
data/raw/osu_lora/Diff_Days_Indoor_Setup/Day5/Device5/IQ_1.dat,136,10662264,4,4,1,test,diff_days_indoor,5,0,0,0,0,0,0.5701969861984253
data/raw/osu_lora/Diff_Days_Indoor_Setup/Day5/Device5/IQ_1.dat,137,10740663,4,4,1,test,diff_days_indoor,5,0,0,0,0,0,0.8344219326972961
data/raw/osu_lora/Diff_Days_Indoor_Setup/Day5/Device5/IQ_1.dat,138,10819062,4,4,1,test,diff_days_indoor,5,0,0,0,0,0,0.6755794286727905
data/raw/osu_lora/Diff_Days_Indoor_Setup/Day5/Device5/IQ_1.dat,139,10897461,4,12,0,test,diff_days_indoor,5,0,0,0,0,0,0.25844013690948486
data/raw/osu_lora/Diff_Days_Indoor_Setup/Day5/Device5/IQ_1.dat,140,10975860,4,10,0,test,diff_days_indoor,5,0,0,0,0,0,0.4412494897842407
data/raw/osu_lora/Diff_Days_Indoor_Setup/Day5/Device5/IQ_1.dat,141,11054259,4,4,1,test,diff_days_indoor,5,0,0,0,0,0,0.7146806120872498
data/raw/osu_lora/Diff_Days_Indoor_Setup/Day5/Device5/IQ_1.dat,142,11132658,4,4,1,test,diff_days_indoor,5,0,0,0,0,0,0.7177303433418274
data/raw/osu_lora/Diff_Days_Indoor_Setup/Day5/Device5/IQ_1.dat,143,11211057,4,10,0,test,diff_days_indoor,5,0,0,0,0,0,0.3950943350791931
data/raw/osu_lora/Diff_Days_Indoor_Setup/Day5/Device5/IQ_1.dat,144,11289456,4,11,0,test,diff_days_indoor,5,0,0,0,0,0,0.5552380681037903
data/raw/osu_lora/Diff_Days_Indoor_Setup/Day5/Device5/IQ_1.dat,145,11367855,4,10,0,test,diff_days_indoor,5,0,0,0,0,0,0.3591555655002594
data/raw/osu_lora/Diff_Days_Indoor_Setup/Day5/Device5/IQ_1.dat,146,11446254,4,4,1,test,diff_days_indoor,5,0,0,0,0,0,0.3308023512363434
data/raw/osu_lora/Diff_Days_Indoor_Setup/Day5/Device5/IQ_1.dat,147,11524653,4,4,1,test,diff_days_indoor,5,0,0,0,0,0,0.6007093787193298
data/raw/osu_lora/Diff_Days_Indoor_Setup/Day5/Device5/IQ_1.dat,148,11603052,4,4,1,test,diff_days_indoor,5,0,0,0,0,0,0.46124306321144104
data/raw/osu_lora/Diff_Days_Indoor_Setup/Day5/Device5/IQ_1.dat,149,11681451,4,4,1,test,diff_days_indoor,5,0,0,0,0,0,0.8720090985298157
data/raw/osu_lora/Diff_Days_Indoor_Setup/Day5/Device5/IQ_1.dat,150,11759850,4,4,1,test,diff_days_indoor,5,0,0,0,0,0,0.7922278642654419
data/raw/osu_lora/Diff_Days_Indoor_Setup/Day5/Device5/IQ_1.dat,151,11838249,4,10,0,test,diff_days_indoor,5,0,0,0,0,0,0.2798556685447693
data/raw/osu_lora/Diff_Days_Indoor_Setup/Day5/Device5/IQ_1.dat,152,11916648,4,4,1,test,diff_days_indoor,5,0,0,0,0,0,0.4646975100040436
data/raw/osu_lora/Diff_Days_Indoor_Setup/Day5/Device5/IQ_1.dat,153,11995047,4,4,1,test,diff_days_indoor,5,0,0,0,0,0,0.6013398170471191
data/raw/osu_lora/Diff_Days_Indoor_Setup/Day5/Device5/IQ_1.dat,154,12073446,4,4,1,test,diff_days_indoor,5,0,0,0,0,0,0.5859401822090149
data/raw/osu_lora/Diff_Days_Indoor_Setup/Day5/Device5/IQ_1.dat,155,12151845,4,4,1,test,diff_days_indoor,5,0,0,0,0,0,0.5556076169013977
data/raw/osu_lora/Diff_Days_Indoor_Setup/Day5/Device5/IQ_1.dat,156,12230244,4,4,1,test,diff_days_indoor,5,0,0,0,0,0,0.7923455834388733
data/raw/osu_lora/Diff_Days_Indoor_Setup/Day5/Device5/IQ_1.dat,157,12308643,4,11,0,test,diff_days_indoor,5,0,0,0,0,0,0.27233007550239563
data/raw/osu_lora/Diff_Days_Indoor_Setup/Day5/Device5/IQ_1.dat,158,12387042,4,4,1,test,diff_days_indoor,5,0,0,0,0,0,0.870164692401886
data/raw/osu_lora/Diff_Days_Indoor_Setup/Day5/Device5/IQ_1.dat,159,12465441,4,11,0,test,diff_days_indoor,5,0,0,0,0,0,0.601198673248291
data/raw/osu_lora/Diff_Days_Indoor_Setup/Day5/Device5/IQ_1.dat,160,12543840,4,4,1,test,diff_days_indoor,5,0,0,0,0,0,0.6975767612457275
data/raw/osu_lora/Diff_Days_Indoor_Setup/Day5/Device5/IQ_1.dat,161,12622239,4,4,1,test,diff_days_indoor,5,0,0,0,0,0,0.15547505021095276
data/raw/osu_lora/Diff_Days_Indoor_Setup/Day5/Device5/IQ_1.dat,162,12700638,4,11,0,test,diff_days_indoor,5,0,0,0,0,0,0.29362013936042786
data/raw/osu_lora/Diff_Days_Indoor_Setup/Day5/Device5/IQ_1.dat,163,12779037,4,4,1,test,diff_days_indoor,5,0,0,0,0,0,0.6485681533813477
data/raw/osu_lora/Diff_Days_Indoor_Setup/Day5/Device5/IQ_1.dat,164,12857436,4,4,1,test,diff_days_indoor,5,0,0,0,0,0,0.7199633717536926
data/raw/osu_lora/Diff_Days_Indoor_Setup/Day5/Device5/IQ_1.dat,165,12935835,4,4,1,test,diff_days_indoor,5,0,0,0,0,0,0.34199896454811096
data/raw/osu_lora/Diff_Days_Indoor_Setup/Day5/Device5/IQ_1.dat,166,13014234,4,4,1,test,diff_days_indoor,5,0,0,0,0,0,0.615449845790863
data/raw/osu_lora/Diff_Days_Indoor_Setup/Day5/Device5/IQ_1.dat,167,13092633,4,4,1,test,diff_days_indoor,5,0,0,0,0,0,0.6000118255615234
data/raw/osu_lora/Diff_Days_Indoor_Setup/Day5/Device5/IQ_1.dat,168,13171032,4,4,1,test,diff_days_indoor,5,0,0,0,0,0,0.6527396440505981
data/raw/osu_lora/Diff_Days_Indoor_Setup/Day5/Device5/IQ_1.dat,169,13249431,4,4,1,test,diff_days_indoor,5,0,0,0,0,0,0.771737813949585
data/raw/osu_lora/Diff_Days_Indoor_Setup/Day5/Device5/IQ_1.dat,170,13327830,4,4,1,test,diff_days_indoor,5,0,0,0,0,0,0.3518521189689636
data/raw/osu_lora/Diff_Days_Indoor_Setup/Day5/Device5/IQ_1.dat,171,13406229,4,4,1,test,diff_days_indoor,5,0,0,0,0,0,0.722059965133667
data/raw/osu_lora/Diff_Days_Indoor_Setup/Day5/Device5/IQ_1.dat,172,13484628,4,4,1,test,diff_days_indoor,5,0,0,0,0,0,0.6081051230430603
data/raw/osu_lora/Diff_Days_Indoor_Setup/Day5/Device5/IQ_1.dat,173,13563027,4,4,1,test,diff_days_indoor,5,0,0,0,0,0,0.5180433988571167
data/raw/osu_lora/Diff_Days_Indoor_Setup/Day5/Device5/IQ_1.dat,174,13641426,4,12,0,test,diff_days_indoor,5,0,0,0,0,0,0.19879668951034546
data/raw/osu_lora/Diff_Days_Indoor_Setup/Day5/Device5/IQ_1.dat,175,13719825,4,4,1,test,diff_days_indoor,5,0,0,0,0,0,0.7759741544723511
data/raw/osu_lora/Diff_Days_Indoor_Setup/Day5/Device5/IQ_1.dat,176,13798224,4,4,1,test,diff_days_indoor,5,0,0,0,0,0,0.6524060368537903
data/raw/osu_lora/Diff_Days_Indoor_Setup/Day5/Device5/IQ_1.dat,177,13876623,4,4,1,test,diff_days_indoor,5,0,0,0,0,0,0.4241650104522705
data/raw/osu_lora/Diff_Days_Indoor_Setup/Day5/Device5/IQ_1.dat,178,13955022,4,4,1,test,diff_days_indoor,5,0,0,0,0,0,0.8230138421058655
data/raw/osu_lora/Diff_Days_Indoor_Setup/Day5/Device5/IQ_1.dat,179,14033421,4,11,0,test,diff_days_indoor,5,0,0,0,0,0,0.5271968245506287
data/raw/osu_lora/Diff_Days_Indoor_Setup/Day5/Device5/IQ_1.dat,180,14111820,4,4,1,test,diff_days_indoor,5,0,0,0,0,0,0.5485674738883972
data/raw/osu_lora/Diff_Days_Indoor_Setup/Day5/Device5/IQ_1.dat,181,14190219,4,4,1,test,diff_days_indoor,5,0,0,0,0,0,0.6162671446800232
data/raw/osu_lora/Diff_Days_Indoor_Setup/Day5/Device5/IQ_1.dat,182,14268618,4,9,0,test,diff_days_indoor,5,0,0,0,0,0,0.2332792729139328
data/raw/osu_lora/Diff_Days_Indoor_Setup/Day5/Device5/IQ_1.dat,183,14347017,4,4,1,test,diff_days_indoor,5,0,0,0,0,0,0.7460142970085144
data/raw/osu_lora/Diff_Days_Indoor_Setup/Day5/Device5/IQ_1.dat,184,14425416,4,4,1,test,diff_days_indoor,5,0,0,0,0,0,0.7300649285316467
data/raw/osu_lora/Diff_Days_Indoor_Setup/Day5/Device5/IQ_1.dat,185,14503815,4,4,1,test,diff_days_indoor,5,0,0,0,0,0,0.6322574019432068
data/raw/osu_lora/Diff_Days_Indoor_Setup/Day5/Device5/IQ_1.dat,186,14582214,4,11,0,test,diff_days_indoor,5,0,0,0,0,0,0.5225214958190918
data/raw/osu_lora/Diff_Days_Indoor_Setup/Day5/Device5/IQ_1.dat,187,14660613,4,4,1,test,diff_days_indoor,5,0,0,0,0,0,0.5599608421325684
data/raw/osu_lora/Diff_Days_Indoor_Setup/Day5/Device5/IQ_1.dat,188,14739012,4,11,0,test,diff_days_indoor,5,0,0,0,0,0,0.4825499653816223
data/raw/osu_lora/Diff_Days_Indoor_Setup/Day5/Device5/IQ_1.dat,189,14817411,4,21,0,test,diff_days_indoor,5,0,0,0,0,0,0.29045456647872925
data/raw/osu_lora/Diff_Days_Indoor_Setup/Day5/Device5/IQ_1.dat,190,14895810,4,11,0,test,diff_days_indoor,5,0,0,0,0,0,0.5579069256782532
data/raw/osu_lora/Diff_Days_Indoor_Setup/Day5/Device5/IQ_1.dat,191,14974209,4,4,1,test,diff_days_indoor,5,0,0,0,0,0,0.34668201208114624
data/raw/osu_lora/Diff_Days_Indoor_Setup/Day5/Device5/IQ_1.dat,192,15052608,4,22,0,test,diff_days_indoor,5,0,0,0,0,0,0.38547807931900024
data/raw/osu_lora/Diff_Days_Indoor_Setup/Day5/Device5/IQ_1.dat,193,15131007,4,11,0,test,diff_days_indoor,5,0,0,0,0,0,0.7416695952415466
data/raw/osu_lora/Diff_Days_Indoor_Setup/Day5/Device5/IQ_1.dat,194,15209406,4,4,1,test,diff_days_indoor,5,0,0,0,0,0,0.678989827632904
data/raw/osu_lora/Diff_Days_Indoor_Setup/Day5/Device5/IQ_1.dat,195,15287805,4,4,1,test,diff_days_indoor,5,0,0,0,0,0,0.6159813404083252
data/raw/osu_lora/Diff_Days_Indoor_Setup/Day5/Device5/IQ_1.dat,196,15366204,4,11,0,test,diff_days_indoor,5,0,0,0,0,0,0.39552217721939087
data/raw/osu_lora/Diff_Days_Indoor_Setup/Day5/Device5/IQ_1.dat,197,15444603,4,4,1,test,diff_days_indoor,5,0,0,0,0,0,0.6669861078262329
data/raw/osu_lora/Diff_Days_Indoor_Setup/Day5/Device5/IQ_1.dat,198,15523002,4,21,0,test,diff_days_indoor,5,0,0,0,0,0,0.3017538785934448
data/raw/osu_lora/Diff_Days_Indoor_Setup/Day5/Device5/IQ_1.dat,199,15601401,4,4,1,test,diff_days_indoor,5,0,0,0,0,0,0.7941925525665283
data/raw/osu_lora/Diff_Days_Indoor_Setup/Day5/Device5/IQ_1.dat,200,15679800,4,11,0,test,diff_days_indoor,5,0,0,0,0,0,0.3380337655544281
data/raw/osu_lora/Diff_Days_Indoor_Setup/Day5/Device5/IQ_1.dat,201,15758199,4,4,1,test,diff_days_indoor,5,0,0,0,0,0,0.8647860288619995
data/raw/osu_lora/Diff_Days_Indoor_Setup/Day5/Device5/IQ_1.dat,202,15836598,4,10,0,test,diff_days_indoor,5,0,0,0,0,0,0.500465989112854
data/raw/osu_lora/Diff_Days_Indoor_Setup/Day5/Device5/IQ_1.dat,203,15914997,4,4,1,test,diff_days_indoor,5,0,0,0,0,0,0.8387633562088013
data/raw/osu_lora/Diff_Days_Indoor_Setup/Day5/Device5/IQ_1.dat,204,15993396,4,4,1,test,diff_days_indoor,5,0,0,0,0,0,0.7661288976669312
data/raw/osu_lora/Diff_Days_Indoor_Setup/Day5/Device5/IQ_1.dat,205,16071795,4,4,1,test,diff_days_indoor,5,0,0,0,0,0,0.291100412607193
data/raw/osu_lora/Diff_Days_Indoor_Setup/Day5/Device5/IQ_1.dat,206,16150194,4,11,0,test,diff_days_indoor,5,0,0,0,0,0,0.5189748406410217
data/raw/osu_lora/Diff_Days_Indoor_Setup/Day5/Device5/IQ_1.dat,207,16228593,4,11,0,test,diff_days_indoor,5,0,0,0,0,0,0.46764495968818665
data/raw/osu_lora/Diff_Days_Indoor_Setup/Day5/Device5/IQ_1.dat,208,16306992,4,9,0,test,diff_days_indoor,5,0,0,0,0,0,0.12023864686489105
data/raw/osu_lora/Diff_Days_Indoor_Setup/Day5/Device5/IQ_1.dat,209,16385391,4,9,0,test,diff_days_indoor,5,0,0,0,0,0,0.07961616665124893
data/raw/osu_lora/Diff_Days_Indoor_Setup/Day5/Device5/IQ_1.dat,210,16463790,4,9,0,test,diff_days_indoor,5,0,0,0,0,0,0.10035369545221329
data/raw/osu_lora/Diff_Days_Indoor_Setup/Day5/Device5/IQ_1.dat,211,16542189,4,9,0,test,diff_days_indoor,5,0,0,0,0,0,0.08001546561717987
data/raw/osu_lora/Diff_Days_Indoor_Setup/Day5/Device5/IQ_1.dat,212,16620588,4,9,0,test,diff_days_indoor,5,0,0,0,0,0,0.1009928435087204
data/raw/osu_lora/Diff_Days_Indoor_Setup/Day5/Device5/IQ_1.dat,213,16698987,4,9,0,test,diff_days_indoor,5,0,0,0,0,0,0.07913604378700256
data/raw/osu_lora/Diff_Days_Indoor_Setup/Day5/Device5/IQ_1.dat,214,16777386,4,20,0,test,diff_days_indoor,5,0,0,0,0,0,0.0843702033162117
data/raw/osu_lora/Diff_Days_Indoor_Setup/Day5/Device5/IQ_1.dat,215,16855785,4,9,0,test,diff_days_indoor,5,0,0,0,0,0,0.08845958858728409
data/raw/osu_lora/Diff_Days_Indoor_Setup/Day5/Device5/IQ_1.dat,216,16934184,4,9,0,test,diff_days_indoor,5,0,0,0,0,0,0.0859997496008873
data/raw/osu_lora/Diff_Days_Indoor_Setup/Day5/Device5/IQ_1.dat,217,17012583,4,20,0,test,diff_days_indoor,5,0,0,0,0,0,0.09516273438930511
data/raw/osu_lora/Diff_Days_Indoor_Setup/Day5/Device5/IQ_1.dat,218,17090982,4,20,0,test,diff_days_indoor,5,0,0,0,0,0,0.09451073408126831
data/raw/osu_lora/Diff_Days_Indoor_Setup/Day5/Device5/IQ_1.dat,219,17169381,4,20,0,test,diff_days_indoor,5,0,0,0,0,0,0.08850891888141632
data/raw/osu_lora/Diff_Days_Indoor_Setup/Day5/Device5/IQ_1.dat,220,17247780,4,20,0,test,diff_days_indoor,5,0,0,0,0,0,0.08157406002283096
data/raw/osu_lora/Diff_Days_Indoor_Setup/Day5/Device5/IQ_1.dat,221,17326179,4,9,0,test,diff_days_indoor,5,0,0,0,0,0,0.09445798397064209
data/raw/osu_lora/Diff_Days_Indoor_Setup/Day5/Device5/IQ_1.dat,222,17404578,4,9,0,test,diff_days_indoor,5,0,0,0,0,0,0.08334176987409592
data/raw/osu_lora/Diff_Days_Indoor_Setup/Day5/Device5/IQ_1.dat,223,17482977,4,9,0,test,diff_days_indoor,5,0,0,0,0,0,0.08365976065397263
data/raw/osu_lora/Diff_Days_Indoor_Setup/Day5/Device5/IQ_1.dat,224,17561376,4,9,0,test,diff_days_indoor,5,0,0,0,0,0,0.08904287219047546
data/raw/osu_lora/Diff_Days_Indoor_Setup/Day5/Device5/IQ_1.dat,225,17639775,4,20,0,test,diff_days_indoor,5,0,0,0,0,0,0.08251343667507172
data/raw/osu_lora/Diff_Days_Indoor_Setup/Day5/Device5/IQ_1.dat,226,17718174,4,5,0,test,diff_days_indoor,5,0,0,0,0,0,0.07514528930187225
data/raw/osu_lora/Diff_Days_Indoor_Setup/Day5/Device5/IQ_1.dat,227,17796573,4,19,0,test,diff_days_indoor,5,0,0,0,0,0,0.2500768005847931
data/raw/osu_lora/Diff_Days_Indoor_Setup/Day5/Device5/IQ_1.dat,228,17874972,4,4,1,test,diff_days_indoor,5,0,0,0,0,0,0.4714634120464325
data/raw/osu_lora/Diff_Days_Indoor_Setup/Day5/Device5/IQ_1.dat,229,17953371,4,11,0,test,diff_days_indoor,5,0,0,0,0,0,0.3516297936439514
data/raw/osu_lora/Diff_Days_Indoor_Setup/Day5/Device5/IQ_1.dat,230,18031770,4,14,0,test,diff_days_indoor,5,0,0,0,0,0,0.14407680928707123
data/raw/osu_lora/Diff_Days_Indoor_Setup/Day5/Device5/IQ_1.dat,231,18110169,4,4,1,test,diff_days_indoor,5,0,0,0,0,0,0.5242056250572205
data/raw/osu_lora/Diff_Days_Indoor_Setup/Day5/Device5/IQ_1.dat,232,18188568,4,4,1,test,diff_days_indoor,5,0,0,0,0,0,0.8139955997467041
data/raw/osu_lora/Diff_Days_Indoor_Setup/Day5/Device5/IQ_1.dat,233,18266967,4,10,0,test,diff_days_indoor,5,0,0,0,0,0,0.37282219529151917
data/raw/osu_lora/Diff_Days_Indoor_Setup/Day5/Device5/IQ_1.dat,234,18345366,4,10,0,test,diff_days_indoor,5,0,0,0,0,0,0.4678081274032593
data/raw/osu_lora/Diff_Days_Indoor_Setup/Day5/Device5/IQ_1.dat,235,18423765,4,21,0,test,diff_days_indoor,5,0,0,0,0,0,0.4045732617378235
data/raw/osu_lora/Diff_Days_Indoor_Setup/Day5/Device5/IQ_1.dat,236,18502164,4,4,1,test,diff_days_indoor,5,0,0,0,0,0,0.7071350812911987
data/raw/osu_lora/Diff_Days_Indoor_Setup/Day5/Device5/IQ_1.dat,237,18580563,4,4,1,test,diff_days_indoor,5,0,0,0,0,0,0.8025093078613281
data/raw/osu_lora/Diff_Days_Indoor_Setup/Day5/Device5/IQ_1.dat,238,18658962,4,11,0,test,diff_days_indoor,5,0,0,0,0,0,0.5439357757568359
data/raw/osu_lora/Diff_Days_Indoor_Setup/Day5/Device5/IQ_1.dat,239,18737361,4,4,1,test,diff_days_indoor,5,0,0,0,0,0,0.6368171572685242
data/raw/osu_lora/Diff_Days_Indoor_Setup/Day5/Device5/IQ_1.dat,240,18815760,4,11,0,test,diff_days_indoor,5,0,0,0,0,0,0.4044952988624573
data/raw/osu_lora/Diff_Days_Indoor_Setup/Day5/Device5/IQ_1.dat,241,18894159,4,4,1,test,diff_days_indoor,5,0,0,0,0,0,0.532192587852478
data/raw/osu_lora/Diff_Days_Indoor_Setup/Day5/Device5/IQ_1.dat,242,18972558,4,4,1,test,diff_days_indoor,5,0,0,0,0,0,0.8315558433532715
data/raw/osu_lora/Diff_Days_Indoor_Setup/Day5/Device5/IQ_1.dat,243,19050957,4,13,0,test,diff_days_indoor,5,0,0,0,0,0,0.22731748223304749
data/raw/osu_lora/Diff_Days_Indoor_Setup/Day5/Device5/IQ_1.dat,244,19129356,4,4,1,test,diff_days_indoor,5,0,0,0,0,0,0.9243099093437195
data/raw/osu_lora/Diff_Days_Indoor_Setup/Day5/Device5/IQ_1.dat,245,19207755,4,11,0,test,diff_days_indoor,5,0,0,0,0,0,0.5689083337783813
data/raw/osu_lora/Diff_Days_Indoor_Setup/Day5/Device5/IQ_1.dat,246,19286154,4,10,0,test,diff_days_indoor,5,0,0,0,0,0,0.562919557094574
data/raw/osu_lora/Diff_Days_Indoor_Setup/Day5/Device5/IQ_1.dat,247,19364553,4,4,1,test,diff_days_indoor,5,0,0,0,0,0,0.8305841684341431
data/raw/osu_lora/Diff_Days_Indoor_Setup/Day5/Device5/IQ_1.dat,248,19442952,4,4,1,test,diff_days_indoor,5,0,0,0,0,0,0.5884324908256531
data/raw/osu_lora/Diff_Days_Indoor_Setup/Day5/Device5/IQ_1.dat,249,19521351,4,11,0,test,diff_days_indoor,5,0,0,0,0,0,0.38977354764938354
data/raw/osu_lora/Diff_Days_Indoor_Setup/Day5/Device5/IQ_1.dat,250,19599750,4,11,0,test,diff_days_indoor,5,0,0,0,0,0,0.401956707239151
data/raw/osu_lora/Diff_Days_Indoor_Setup/Day5/Device5/IQ_1.dat,251,19678149,4,10,0,test,diff_days_indoor,5,0,0,0,0,0,0.28752872347831726
data/raw/osu_lora/Diff_Days_Indoor_Setup/Day5/Device5/IQ_1.dat,252,19756548,4,4,1,test,diff_days_indoor,5,0,0,0,0,0,0.7424842119216919
data/raw/osu_lora/Diff_Days_Indoor_Setup/Day5/Device5/IQ_1.dat,253,19834947,4,4,1,test,diff_days_indoor,5,0,0,0,0,0,0.5353224873542786
data/raw/osu_lora/Diff_Days_Indoor_Setup/Day5/Device5/IQ_1.dat,254,19913346,4,11,0,test,diff_days_indoor,5,0,0,0,0,0,0.5632954835891724
data/raw/osu_lora/Diff_Days_Indoor_Setup/Day5/Device5/IQ_1.dat,255,19991745,4,4,1,test,diff_days_indoor,5,0,0,0,0,0,0.5322730541229248
data/raw/osu_lora/Diff_Days_Indoor_Setup/Day5/Device6/IQ_1.dat,0,0,5,5,1,test,diff_days_indoor,5,0,0,0,0,0,0.4766700863838196
data/raw/osu_lora/Diff_Days_Indoor_Setup/Day5/Device6/IQ_1.dat,1,78399,5,6,0,test,diff_days_indoor,5,0,0,0,0,0,0.46157628297805786
data/raw/osu_lora/Diff_Days_Indoor_Setup/Day5/Device6/IQ_1.dat,2,156798,5,5,1,test,diff_days_indoor,5,0,0,0,0,0,0.36480870842933655
data/raw/osu_lora/Diff_Days_Indoor_Setup/Day5/Device6/IQ_1.dat,3,235197,5,11,0,test,diff_days_indoor,5,0,0,0,0,0,0.3359622061252594
data/raw/osu_lora/Diff_Days_Indoor_Setup/Day5/Device6/IQ_1.dat,4,313596,5,5,1,test,diff_days_indoor,5,0,0,0,0,0,0.4842435419559479
data/raw/osu_lora/Diff_Days_Indoor_Setup/Day5/Device6/IQ_1.dat,5,391995,5,5,1,test,diff_days_indoor,5,0,0,0,0,0,0.46582576632499695
data/raw/osu_lora/Diff_Days_Indoor_Setup/Day5/Device6/IQ_1.dat,6,470394,5,6,0,test,diff_days_indoor,5,0,0,0,0,0,0.513025164604187
data/raw/osu_lora/Diff_Days_Indoor_Setup/Day5/Device6/IQ_1.dat,7,548793,5,5,1,test,diff_days_indoor,5,0,0,0,0,0,0.5106340646743774
data/raw/osu_lora/Diff_Days_Indoor_Setup/Day5/Device6/IQ_1.dat,8,627192,5,5,1,test,diff_days_indoor,5,0,0,0,0,0,0.4896000921726227
data/raw/osu_lora/Diff_Days_Indoor_Setup/Day5/Device6/IQ_1.dat,9,705591,5,22,0,test,diff_days_indoor,5,0,0,0,0,0,0.35183870792388916
data/raw/osu_lora/Diff_Days_Indoor_Setup/Day5/Device6/IQ_1.dat,10,783990,5,22,0,test,diff_days_indoor,5,0,0,0,0,0,0.31282904744148254
data/raw/osu_lora/Diff_Days_Indoor_Setup/Day5/Device6/IQ_1.dat,11,862389,5,5,1,test,diff_days_indoor,5,0,0,0,0,0,0.3360767066478729
data/raw/osu_lora/Diff_Days_Indoor_Setup/Day5/Device6/IQ_1.dat,12,940788,5,5,1,test,diff_days_indoor,5,0,0,0,0,0,0.17076335847377777
data/raw/osu_lora/Diff_Days_Indoor_Setup/Day5/Device6/IQ_1.dat,13,1019187,5,5,1,test,diff_days_indoor,5,0,0,0,0,0,0.6811937689781189
data/raw/osu_lora/Diff_Days_Indoor_Setup/Day5/Device6/IQ_1.dat,14,1097586,5,5,1,test,diff_days_indoor,5,0,0,0,0,0,0.36324119567871094
data/raw/osu_lora/Diff_Days_Indoor_Setup/Day5/Device6/IQ_1.dat,15,1175985,5,5,1,test,diff_days_indoor,5,0,0,0,0,0,0.658476710319519
data/raw/osu_lora/Diff_Days_Indoor_Setup/Day5/Device6/IQ_1.dat,16,1254384,5,6,0,test,diff_days_indoor,5,0,0,0,0,0,0.31260791420936584
data/raw/osu_lora/Diff_Days_Indoor_Setup/Day5/Device6/IQ_1.dat,17,1332783,5,19,0,test,diff_days_indoor,5,0,0,0,0,0,0.2849452793598175
data/raw/osu_lora/Diff_Days_Indoor_Setup/Day5/Device6/IQ_1.dat,18,1411182,5,5,1,test,diff_days_indoor,5,0,0,0,0,0,0.2829708158969879
data/raw/osu_lora/Diff_Days_Indoor_Setup/Day5/Device6/IQ_1.dat,19,1489581,5,6,0,test,diff_days_indoor,5,0,0,0,0,0,0.5297082662582397
data/raw/osu_lora/Diff_Days_Indoor_Setup/Day5/Device6/IQ_1.dat,20,1567980,5,5,1,test,diff_days_indoor,5,0,0,0,0,0,0.3176494538784027
data/raw/osu_lora/Diff_Days_Indoor_Setup/Day5/Device6/IQ_1.dat,21,1646379,5,6,0,test,diff_days_indoor,5,0,0,0,0,0,0.6703010201454163
data/raw/osu_lora/Diff_Days_Indoor_Setup/Day5/Device6/IQ_1.dat,22,1724778,5,17,0,test,diff_days_indoor,5,0,0,0,0,0,0.18931950628757477
data/raw/osu_lora/Diff_Days_Indoor_Setup/Day5/Device6/IQ_1.dat,23,1803177,5,6,0,test,diff_days_indoor,5,0,0,0,0,0,0.4453871548175812
data/raw/osu_lora/Diff_Days_Indoor_Setup/Day5/Device6/IQ_1.dat,24,1881576,5,22,0,test,diff_days_indoor,5,0,0,0,0,0,0.23383423686027527
data/raw/osu_lora/Diff_Days_Indoor_Setup/Day5/Device6/IQ_1.dat,25,1959975,5,5,1,test,diff_days_indoor,5,0,0,0,0,0,0.3722101151943207
data/raw/osu_lora/Diff_Days_Indoor_Setup/Day5/Device6/IQ_1.dat,26,2038374,5,22,0,test,diff_days_indoor,5,0,0,0,0,0,0.612520158290863
data/raw/osu_lora/Diff_Days_Indoor_Setup/Day5/Device6/IQ_1.dat,27,2116773,5,5,1,test,diff_days_indoor,5,0,0,0,0,0,0.5705433487892151
data/raw/osu_lora/Diff_Days_Indoor_Setup/Day5/Device6/IQ_1.dat,28,2195172,5,6,0,test,diff_days_indoor,5,0,0,0,0,0,0.5224416851997375
data/raw/osu_lora/Diff_Days_Indoor_Setup/Day5/Device6/IQ_1.dat,29,2273571,5,6,0,test,diff_days_indoor,5,0,0,0,0,0,0.3279946744441986
data/raw/osu_lora/Diff_Days_Indoor_Setup/Day5/Device6/IQ_1.dat,30,2351970,5,5,1,test,diff_days_indoor,5,0,0,0,0,0,0.5131217837333679
data/raw/osu_lora/Diff_Days_Indoor_Setup/Day5/Device6/IQ_1.dat,31,2430369,5,6,0,test,diff_days_indoor,5,0,0,0,0,0,0.5714098215103149
data/raw/osu_lora/Diff_Days_Indoor_Setup/Day5/Device6/IQ_1.dat,32,2508768,5,2,0,test,diff_days_indoor,5,0,0,0,0,0,0.4787852168083191
data/raw/osu_lora/Diff_Days_Indoor_Setup/Day5/Device6/IQ_1.dat,33,2587167,5,5,1,test,diff_days_indoor,5,0,0,0,0,0,0.6283962726593018
data/raw/osu_lora/Diff_Days_Indoor_Setup/Day5/Device6/IQ_1.dat,34,2665566,5,6,0,test,diff_days_indoor,5,0,0,0,0,0,0.7860212922096252
data/raw/osu_lora/Diff_Days_Indoor_Setup/Day5/Device6/IQ_1.dat,35,2743965,5,6,0,test,diff_days_indoor,5,0,0,0,0,0,0.43960410356521606
data/raw/osu_lora/Diff_Days_Indoor_Setup/Day5/Device6/IQ_1.dat,36,2822364,5,23,0,test,diff_days_indoor,5,0,0,0,0,0,0.30938029289245605
data/raw/osu_lora/Diff_Days_Indoor_Setup/Day5/Device6/IQ_1.dat,37,2900763,5,6,0,test,diff_days_indoor,5,0,0,0,0,0,0.3388558626174927
data/raw/osu_lora/Diff_Days_Indoor_Setup/Day5/Device6/IQ_1.dat,38,2979162,5,5,1,test,diff_days_indoor,5,0,0,0,0,0,0.7932995557785034
data/raw/osu_lora/Diff_Days_Indoor_Setup/Day5/Device6/IQ_1.dat,39,3057561,5,8,0,test,diff_days_indoor,5,0,0,0,0,0,0.4182978570461273
data/raw/osu_lora/Diff_Days_Indoor_Setup/Day5/Device6/IQ_1.dat,40,3135960,5,5,1,test,diff_days_indoor,5,0,0,0,0,0,0.4795560836791992
data/raw/osu_lora/Diff_Days_Indoor_Setup/Day5/Device6/IQ_1.dat,41,3214359,5,5,1,test,diff_days_indoor,5,0,0,0,0,0,0.2863600552082062
data/raw/osu_lora/Diff_Days_Indoor_Setup/Day5/Device6/IQ_1.dat,42,3292758,5,12,0,test,diff_days_indoor,5,0,0,0,0,0,0.36577287316322327
data/raw/osu_lora/Diff_Days_Indoor_Setup/Day5/Device6/IQ_1.dat,43,3371157,5,19,0,test,diff_days_indoor,5,0,0,0,0,0,0.22634907066822052
data/raw/osu_lora/Diff_Days_Indoor_Setup/Day5/Device6/IQ_1.dat,44,3449556,5,6,0,test,diff_days_indoor,5,0,0,0,0,0,0.19349420070648193
data/raw/osu_lora/Diff_Days_Indoor_Setup/Day5/Device6/IQ_1.dat,45,3527955,5,5,1,test,diff_days_indoor,5,0,0,0,0,0,0.3311009705066681
data/raw/osu_lora/Diff_Days_Indoor_Setup/Day5/Device6/IQ_1.dat,46,3606354,5,5,1,test,diff_days_indoor,5,0,0,0,0,0,0.7535092234611511
data/raw/osu_lora/Diff_Days_Indoor_Setup/Day5/Device6/IQ_1.dat,47,3684753,5,22,0,test,diff_days_indoor,5,0,0,0,0,0,0.5453470945358276
data/raw/osu_lora/Diff_Days_Indoor_Setup/Day5/Device6/IQ_1.dat,48,3763152,5,5,1,test,diff_days_indoor,5,0,0,0,0,0,0.4664101302623749
data/raw/osu_lora/Diff_Days_Indoor_Setup/Day5/Device6/IQ_1.dat,49,3841551,5,6,0,test,diff_days_indoor,5,0,0,0,0,0,0.4756016135215759
data/raw/osu_lora/Diff_Days_Indoor_Setup/Day5/Device6/IQ_1.dat,50,3919950,5,11,0,test,diff_days_indoor,5,0,0,0,0,0,0.49032217264175415
data/raw/osu_lora/Diff_Days_Indoor_Setup/Day5/Device6/IQ_1.dat,51,3998349,5,6,0,test,diff_days_indoor,5,0,0,0,0,0,0.5008246302604675
data/raw/osu_lora/Diff_Days_Indoor_Setup/Day5/Device6/IQ_1.dat,52,4076748,5,5,1,test,diff_days_indoor,5,0,0,0,0,0,0.6837248802185059
data/raw/osu_lora/Diff_Days_Indoor_Setup/Day5/Device6/IQ_1.dat,53,4155147,5,2,0,test,diff_days_indoor,5,0,0,0,0,0,0.2875877916812897
data/raw/osu_lora/Diff_Days_Indoor_Setup/Day5/Device6/IQ_1.dat,54,4233546,5,5,1,test,diff_days_indoor,5,0,0,0,0,0,0.41000428795814514
data/raw/osu_lora/Diff_Days_Indoor_Setup/Day5/Device6/IQ_1.dat,55,4311945,5,6,0,test,diff_days_indoor,5,0,0,0,0,0,0.6774136424064636
data/raw/osu_lora/Diff_Days_Indoor_Setup/Day5/Device6/IQ_1.dat,56,4390344,5,22,0,test,diff_days_indoor,5,0,0,0,0,0,0.2779293954372406
data/raw/osu_lora/Diff_Days_Indoor_Setup/Day5/Device6/IQ_1.dat,57,4468743,5,14,0,test,diff_days_indoor,5,0,0,0,0,0,0.208943173289299
data/raw/osu_lora/Diff_Days_Indoor_Setup/Day5/Device6/IQ_1.dat,58,4547142,5,5,1,test,diff_days_indoor,5,0,0,0,0,0,0.404065877199173
data/raw/osu_lora/Diff_Days_Indoor_Setup/Day5/Device6/IQ_1.dat,59,4625541,5,5,1,test,diff_days_indoor,5,0,0,0,0,0,0.3479766845703125
data/raw/osu_lora/Diff_Days_Indoor_Setup/Day5/Device6/IQ_1.dat,60,4703940,5,5,1,test,diff_days_indoor,5,0,0,0,0,0,0.6685024499893188
data/raw/osu_lora/Diff_Days_Indoor_Setup/Day5/Device6/IQ_1.dat,61,4782339,5,5,1,test,diff_days_indoor,5,0,0,0,0,0,0.5010777711868286
data/raw/osu_lora/Diff_Days_Indoor_Setup/Day5/Device6/IQ_1.dat,62,4860738,5,6,0,test,diff_days_indoor,5,0,0,0,0,0,0.5672715902328491
data/raw/osu_lora/Diff_Days_Indoor_Setup/Day5/Device6/IQ_1.dat,63,4939137,5,6,0,test,diff_days_indoor,5,0,0,0,0,0,0.3892390727996826
data/raw/osu_lora/Diff_Days_Indoor_Setup/Day5/Device6/IQ_1.dat,64,5017536,5,5,1,test,diff_days_indoor,5,0,0,0,0,0,0.5472273826599121
data/raw/osu_lora/Diff_Days_Indoor_Setup/Day5/Device6/IQ_1.dat,65,5095935,5,6,0,test,diff_days_indoor,5,0,0,0,0,0,0.31878992915153503
data/raw/osu_lora/Diff_Days_Indoor_Setup/Day5/Device6/IQ_1.dat,66,5174334,5,6,0,test,diff_days_indoor,5,0,0,0,0,0,0.4015863239765167
data/raw/osu_lora/Diff_Days_Indoor_Setup/Day5/Device6/IQ_1.dat,67,5252733,5,6,0,test,diff_days_indoor,5,0,0,0,0,0,0.7357995510101318
data/raw/osu_lora/Diff_Days_Indoor_Setup/Day5/Device6/IQ_1.dat,68,5331132,5,8,0,test,diff_days_indoor,5,0,0,0,0,0,0.31153926253318787
data/raw/osu_lora/Diff_Days_Indoor_Setup/Day5/Device6/IQ_1.dat,69,5409531,5,10,0,test,diff_days_indoor,5,0,0,0,0,0,0.40564215183258057
data/raw/osu_lora/Diff_Days_Indoor_Setup/Day5/Device6/IQ_1.dat,70,5487930,5,5,1,test,diff_days_indoor,5,0,0,0,0,0,0.2130327969789505
data/raw/osu_lora/Diff_Days_Indoor_Setup/Day5/Device6/IQ_1.dat,71,5566329,5,22,0,test,diff_days_indoor,5,0,0,0,0,0,0.40492719411849976
data/raw/osu_lora/Diff_Days_Indoor_Setup/Day5/Device6/IQ_1.dat,72,5644728,5,5,1,test,diff_days_indoor,5,0,0,0,0,0,0.38266992568969727
data/raw/osu_lora/Diff_Days_Indoor_Setup/Day5/Device6/IQ_1.dat,73,5723127,5,6,0,test,diff_days_indoor,5,0,0,0,0,0,0.37719449400901794
data/raw/osu_lora/Diff_Days_Indoor_Setup/Day5/Device6/IQ_1.dat,74,5801526,5,6,0,test,diff_days_indoor,5,0,0,0,0,0,0.5086164474487305
data/raw/osu_lora/Diff_Days_Indoor_Setup/Day5/Device6/IQ_1.dat,75,5879925,5,6,0,test,diff_days_indoor,5,0,0,0,0,0,0.672552764415741
data/raw/osu_lora/Diff_Days_Indoor_Setup/Day5/Device6/IQ_1.dat,76,5958324,5,9,0,test,diff_days_indoor,5,0,0,0,0,0,0.1212841272354126
data/raw/osu_lora/Diff_Days_Indoor_Setup/Day5/Device6/IQ_1.dat,77,6036723,5,5,1,test,diff_days_indoor,5,0,0,0,0,0,0.33534932136535645
data/raw/osu_lora/Diff_Days_Indoor_Setup/Day5/Device6/IQ_1.dat,78,6115122,5,19,0,test,diff_days_indoor,5,0,0,0,0,0,0.1763252168893814
data/raw/osu_lora/Diff_Days_Indoor_Setup/Day5/Device6/IQ_1.dat,79,6193521,5,22,0,test,diff_days_indoor,5,0,0,0,0,0,0.31989359855651855
data/raw/osu_lora/Diff_Days_Indoor_Setup/Day5/Device6/IQ_1.dat,80,6271920,5,5,1,test,diff_days_indoor,5,0,0,0,0,0,0.4494262635707855
data/raw/osu_lora/Diff_Days_Indoor_Setup/Day5/Device6/IQ_1.dat,81,6350319,5,5,1,test,diff_days_indoor,5,0,0,0,0,0,0.5222041010856628
data/raw/osu_lora/Diff_Days_Indoor_Setup/Day5/Device6/IQ_1.dat,82,6428718,5,2,0,test,diff_days_indoor,5,0,0,0,0,0,0.41183480620384216
data/raw/osu_lora/Diff_Days_Indoor_Setup/Day5/Device6/IQ_1.dat,83,6507117,5,6,0,test,diff_days_indoor,5,0,0,0,0,0,0.6170117259025574
data/raw/osu_lora/Diff_Days_Indoor_Setup/Day5/Device6/IQ_1.dat,84,6585516,5,5,1,test,diff_days_indoor,5,0,0,0,0,0,0.2652868926525116
data/raw/osu_lora/Diff_Days_Indoor_Setup/Day5/Device6/IQ_1.dat,85,6663915,5,6,0,test,diff_days_indoor,5,0,0,0,0,0,0.703201949596405
data/raw/osu_lora/Diff_Days_Indoor_Setup/Day5/Device6/IQ_1.dat,86,6742314,5,6,0,test,diff_days_indoor,5,0,0,0,0,0,0.5429471731185913
data/raw/osu_lora/Diff_Days_Indoor_Setup/Day5/Device6/IQ_1.dat,87,6820713,5,5,1,test,diff_days_indoor,5,0,0,0,0,0,0.5672792792320251
data/raw/osu_lora/Diff_Days_Indoor_Setup/Day5/Device6/IQ_1.dat,88,6899112,5,5,1,test,diff_days_indoor,5,0,0,0,0,0,0.7601054906845093
data/raw/osu_lora/Diff_Days_Indoor_Setup/Day5/Device6/IQ_1.dat,89,6977511,5,5,1,test,diff_days_indoor,5,0,0,0,0,0,0.4777401089668274
data/raw/osu_lora/Diff_Days_Indoor_Setup/Day5/Device6/IQ_1.dat,90,7055910,5,14,0,test,diff_days_indoor,5,0,0,0,0,0,0.22480477392673492
data/raw/osu_lora/Diff_Days_Indoor_Setup/Day5/Device6/IQ_1.dat,91,7134309,5,5,1,test,diff_days_indoor,5,0,0,0,0,0,0.5271678566932678
data/raw/osu_lora/Diff_Days_Indoor_Setup/Day5/Device6/IQ_1.dat,92,7212708,5,6,0,test,diff_days_indoor,5,0,0,0,0,0,0.45272818207740784
data/raw/osu_lora/Diff_Days_Indoor_Setup/Day5/Device6/IQ_1.dat,93,7291107,5,5,1,test,diff_days_indoor,5,0,0,0,0,0,0.4442099332809448
data/raw/osu_lora/Diff_Days_Indoor_Setup/Day5/Device6/IQ_1.dat,94,7369506,5,22,0,test,diff_days_indoor,5,0,0,0,0,0,0.3254048228263855
data/raw/osu_lora/Diff_Days_Indoor_Setup/Day5/Device6/IQ_1.dat,95,7447905,5,5,1,test,diff_days_indoor,5,0,0,0,0,0,0.4404040277004242
data/raw/osu_lora/Diff_Days_Indoor_Setup/Day5/Device6/IQ_1.dat,96,7526304,5,6,0,test,diff_days_indoor,5,0,0,0,0,0,0.6157712936401367
data/raw/osu_lora/Diff_Days_Indoor_Setup/Day5/Device6/IQ_1.dat,97,7604703,5,5,1,test,diff_days_indoor,5,0,0,0,0,0,0.6231683492660522
data/raw/osu_lora/Diff_Days_Indoor_Setup/Day5/Device6/IQ_1.dat,98,7683102,5,19,0,test,diff_days_indoor,5,0,0,0,0,0,0.1630696803331375
data/raw/osu_lora/Diff_Days_Indoor_Setup/Day5/Device6/IQ_1.dat,99,7761501,5,5,1,test,diff_days_indoor,5,0,0,0,0,0,0.34579992294311523
data/raw/osu_lora/Diff_Days_Indoor_Setup/Day5/Device6/IQ_1.dat,100,7839900,5,0,0,test,diff_days_indoor,5,0,0,0,0,0,0.37512561678886414
data/raw/osu_lora/Diff_Days_Indoor_Setup/Day5/Device6/IQ_1.dat,101,7918299,5,5,1,test,diff_days_indoor,5,0,0,0,0,0,0.3112559914588928
data/raw/osu_lora/Diff_Days_Indoor_Setup/Day5/Device6/IQ_1.dat,102,7996698,5,6,0,test,diff_days_indoor,5,0,0,0,0,0,0.41448819637298584
data/raw/osu_lora/Diff_Days_Indoor_Setup/Day5/Device6/IQ_1.dat,103,8075097,5,7,0,test,diff_days_indoor,5,0,0,0,0,0,0.21217912435531616
data/raw/osu_lora/Diff_Days_Indoor_Setup/Day5/Device6/IQ_1.dat,104,8153496,5,2,0,test,diff_days_indoor,5,0,0,0,0,0,0.3305884897708893
data/raw/osu_lora/Diff_Days_Indoor_Setup/Day5/Device6/IQ_1.dat,105,8231895,5,2,0,test,diff_days_indoor,5,0,0,0,0,0,0.2964019179344177
data/raw/osu_lora/Diff_Days_Indoor_Setup/Day5/Device6/IQ_1.dat,106,8310294,5,6,0,test,diff_days_indoor,5,0,0,0,0,0,0.5277310013771057
data/raw/osu_lora/Diff_Days_Indoor_Setup/Day5/Device6/IQ_1.dat,107,8388693,5,2,0,test,diff_days_indoor,5,0,0,0,0,0,0.37713101506233215
data/raw/osu_lora/Diff_Days_Indoor_Setup/Day5/Device6/IQ_1.dat,108,8467092,5,6,0,test,diff_days_indoor,5,0,0,0,0,0,0.5075718760490417
data/raw/osu_lora/Diff_Days_Indoor_Setup/Day5/Device6/IQ_1.dat,109,8545491,5,20,0,test,diff_days_indoor,5,0,0,0,0,0,0.2603737711906433
data/raw/osu_lora/Diff_Days_Indoor_Setup/Day5/Device6/IQ_1.dat,110,8623890,5,20,0,test,diff_days_indoor,5,0,0,0,0,0,0.2976893186569214
data/raw/osu_lora/Diff_Days_Indoor_Setup/Day5/Device6/IQ_1.dat,111,8702289,5,5,1,test,diff_days_indoor,5,0,0,0,0,0,0.4261738359928131
data/raw/osu_lora/Diff_Days_Indoor_Setup/Day5/Device6/IQ_1.dat,112,8780688,5,6,0,test,diff_days_indoor,5,0,0,0,0,0,0.6154438257217407
data/raw/osu_lora/Diff_Days_Indoor_Setup/Day5/Device6/IQ_1.dat,113,8859087,5,5,1,test,diff_days_indoor,5,0,0,0,0,0,0.27515578269958496
data/raw/osu_lora/Diff_Days_Indoor_Setup/Day5/Device6/IQ_1.dat,114,8937486,5,10,0,test,diff_days_indoor,5,0,0,0,0,0,0.2311163991689682
data/raw/osu_lora/Diff_Days_Indoor_Setup/Day5/Device6/IQ_1.dat,115,9015885,5,6,0,test,diff_days_indoor,5,0,0,0,0,0,0.4451383948326111
data/raw/osu_lora/Diff_Days_Indoor_Setup/Day5/Device6/IQ_1.dat,116,9094284,5,6,0,test,diff_days_indoor,5,0,0,0,0,0,0.4960213005542755
data/raw/osu_lora/Diff_Days_Indoor_Setup/Day5/Device6/IQ_1.dat,117,9172683,5,19,0,test,diff_days_indoor,5,0,0,0,0,0,0.22422228753566742
data/raw/osu_lora/Diff_Days_Indoor_Setup/Day5/Device6/IQ_1.dat,118,9251082,5,20,0,test,diff_days_indoor,5,0,0,0,0,0,0.36681634187698364
data/raw/osu_lora/Diff_Days_Indoor_Setup/Day5/Device6/IQ_1.dat,119,9329481,5,5,1,test,diff_days_indoor,5,0,0,0,0,0,0.24777625501155853
data/raw/osu_lora/Diff_Days_Indoor_Setup/Day5/Device6/IQ_1.dat,120,9407880,5,6,0,test,diff_days_indoor,5,0,0,0,0,0,0.6072072386741638
data/raw/osu_lora/Diff_Days_Indoor_Setup/Day5/Device6/IQ_1.dat,121,9486279,5,5,1,test,diff_days_indoor,5,0,0,0,0,0,0.40985897183418274
data/raw/osu_lora/Diff_Days_Indoor_Setup/Day5/Device6/IQ_1.dat,122,9564678,5,8,0,test,diff_days_indoor,5,0,0,0,0,0,0.24197761714458466
data/raw/osu_lora/Diff_Days_Indoor_Setup/Day5/Device6/IQ_1.dat,123,9643077,5,6,0,test,diff_days_indoor,5,0,0,0,0,0,0.6283966898918152
data/raw/osu_lora/Diff_Days_Indoor_Setup/Day5/Device6/IQ_1.dat,124,9721476,5,5,1,test,diff_days_indoor,5,0,0,0,0,0,0.3322918713092804
data/raw/osu_lora/Diff_Days_Indoor_Setup/Day5/Device6/IQ_1.dat,125,9799875,5,5,1,test,diff_days_indoor,5,0,0,0,0,0,0.5893669128417969
data/raw/osu_lora/Diff_Days_Indoor_Setup/Day5/Device6/IQ_1.dat,126,9878274,5,5,1,test,diff_days_indoor,5,0,0,0,0,0,0.5178035497665405
data/raw/osu_lora/Diff_Days_Indoor_Setup/Day5/Device6/IQ_1.dat,127,9956673,5,5,1,test,diff_days_indoor,5,0,0,0,0,0,0.39904269576072693
data/raw/osu_lora/Diff_Days_Indoor_Setup/Day5/Device6/IQ_1.dat,128,10035072,5,22,0,test,diff_days_indoor,5,0,0,0,0,0,0.3255403935909271
data/raw/osu_lora/Diff_Days_Indoor_Setup/Day5/Device6/IQ_1.dat,129,10113471,5,6,0,test,diff_days_indoor,5,0,0,0,0,0,0.6579901576042175
data/raw/osu_lora/Diff_Days_Indoor_Setup/Day5/Device6/IQ_1.dat,130,10191870,5,10,0,test,diff_days_indoor,5,0,0,0,0,0,0.18327483534812927
data/raw/osu_lora/Diff_Days_Indoor_Setup/Day5/Device6/IQ_1.dat,131,10270269,5,6,0,test,diff_days_indoor,5,0,0,0,0,0,0.47768858075141907
data/raw/osu_lora/Diff_Days_Indoor_Setup/Day5/Device6/IQ_1.dat,132,10348668,5,6,0,test,diff_days_indoor,5,0,0,0,0,0,0.34605908393859863
data/raw/osu_lora/Diff_Days_Indoor_Setup/Day5/Device6/IQ_1.dat,133,10427067,5,5,1,test,diff_days_indoor,5,0,0,0,0,0,0.4958885908126831
data/raw/osu_lora/Diff_Days_Indoor_Setup/Day5/Device6/IQ_1.dat,134,10505466,5,23,0,test,diff_days_indoor,5,0,0,0,0,0,0.2036169320344925
data/raw/osu_lora/Diff_Days_Indoor_Setup/Day5/Device6/IQ_1.dat,135,10583865,5,6,0,test,diff_days_indoor,5,0,0,0,0,0,0.5202128291130066
data/raw/osu_lora/Diff_Days_Indoor_Setup/Day5/Device6/IQ_1.dat,136,10662264,5,6,0,test,diff_days_indoor,5,0,0,0,0,0,0.28548184037208557
data/raw/osu_lora/Diff_Days_Indoor_Setup/Day5/Device6/IQ_1.dat,137,10740663,5,6,0,test,diff_days_indoor,5,0,0,0,0,0,0.44992655515670776
data/raw/osu_lora/Diff_Days_Indoor_Setup/Day5/Device6/IQ_1.dat,138,10819062,5,6,0,test,diff_days_indoor,5,0,0,0,0,0,0.31488749384880066
data/raw/osu_lora/Diff_Days_Indoor_Setup/Day5/Device6/IQ_1.dat,139,10897461,5,5,1,test,diff_days_indoor,5,0,0,0,0,0,0.5487880110740662
data/raw/osu_lora/Diff_Days_Indoor_Setup/Day5/Device6/IQ_1.dat,140,10975860,5,5,1,test,diff_days_indoor,5,0,0,0,0,0,0.5078648328781128
data/raw/osu_lora/Diff_Days_Indoor_Setup/Day5/Device6/IQ_1.dat,141,11054259,5,5,1,test,diff_days_indoor,5,0,0,0,0,0,0.5308095812797546
data/raw/osu_lora/Diff_Days_Indoor_Setup/Day5/Device6/IQ_1.dat,142,11132658,5,19,0,test,diff_days_indoor,5,0,0,0,0,0,0.18827997148036957
data/raw/osu_lora/Diff_Days_Indoor_Setup/Day5/Device6/IQ_1.dat,143,11211057,5,5,1,test,diff_days_indoor,5,0,0,0,0,0,0.6703399419784546
data/raw/osu_lora/Diff_Days_Indoor_Setup/Day5/Device6/IQ_1.dat,144,11289456,5,5,1,test,diff_days_indoor,5,0,0,0,0,0,0.25121283531188965
data/raw/osu_lora/Diff_Days_Indoor_Setup/Day5/Device6/IQ_1.dat,145,11367855,5,5,1,test,diff_days_indoor,5,0,0,0,0,0,0.47503313422203064
data/raw/osu_lora/Diff_Days_Indoor_Setup/Day5/Device6/IQ_1.dat,146,11446254,5,2,0,test,diff_days_indoor,5,0,0,0,0,0,0.2935166656970978
data/raw/osu_lora/Diff_Days_Indoor_Setup/Day5/Device6/IQ_1.dat,147,11524653,5,5,1,test,diff_days_indoor,5,0,0,0,0,0,0.6768579483032227
data/raw/osu_lora/Diff_Days_Indoor_Setup/Day5/Device6/IQ_1.dat,148,11603052,5,5,1,test,diff_days_indoor,5,0,0,0,0,0,0.7083324790000916
data/raw/osu_lora/Diff_Days_Indoor_Setup/Day5/Device6/IQ_1.dat,149,11681451,5,9,0,test,diff_days_indoor,5,0,0,0,0,0,0.1253666877746582
data/raw/osu_lora/Diff_Days_Indoor_Setup/Day5/Device6/IQ_1.dat,150,11759850,5,6,0,test,diff_days_indoor,5,0,0,0,0,0,0.5265397429466248
data/raw/osu_lora/Diff_Days_Indoor_Setup/Day5/Device6/IQ_1.dat,151,11838249,5,22,0,test,diff_days_indoor,5,0,0,0,0,0,0.35553792119026184
data/raw/osu_lora/Diff_Days_Indoor_Setup/Day5/Device6/IQ_1.dat,152,11916648,5,19,0,test,diff_days_indoor,5,0,0,0,0,0,0.2579028010368347
data/raw/osu_lora/Diff_Days_Indoor_Setup/Day5/Device6/IQ_1.dat,153,11995047,5,19,0,test,diff_days_indoor,5,0,0,0,0,0,0.22996747493743896
data/raw/osu_lora/Diff_Days_Indoor_Setup/Day5/Device6/IQ_1.dat,154,12073446,5,6,0,test,diff_days_indoor,5,0,0,0,0,0,0.63129723072052
data/raw/osu_lora/Diff_Days_Indoor_Setup/Day5/Device6/IQ_1.dat,155,12151845,5,6,0,test,diff_days_indoor,5,0,0,0,0,0,0.2558325529098511
data/raw/osu_lora/Diff_Days_Indoor_Setup/Day5/Device6/IQ_1.dat,156,12230244,5,23,0,test,diff_days_indoor,5,0,0,0,0,0,0.29990994930267334
data/raw/osu_lora/Diff_Days_Indoor_Setup/Day5/Device6/IQ_1.dat,157,12308643,5,6,0,test,diff_days_indoor,5,0,0,0,0,0,0.3464696407318115
data/raw/osu_lora/Diff_Days_Indoor_Setup/Day5/Device6/IQ_1.dat,158,12387042,5,22,0,test,diff_days_indoor,5,0,0,0,0,0,0.2422938048839569
data/raw/osu_lora/Diff_Days_Indoor_Setup/Day5/Device6/IQ_1.dat,159,12465441,5,6,0,test,diff_days_indoor,5,0,0,0,0,0,0.4580730199813843
data/raw/osu_lora/Diff_Days_Indoor_Setup/Day5/Device6/IQ_1.dat,160,12543840,5,5,1,test,diff_days_indoor,5,0,0,0,0,0,0.5324512720108032
data/raw/osu_lora/Diff_Days_Indoor_Setup/Day5/Device6/IQ_1.dat,161,12622239,5,11,0,test,diff_days_indoor,5,0,0,0,0,0,0.5144529342651367
data/raw/osu_lora/Diff_Days_Indoor_Setup/Day5/Device6/IQ_1.dat,162,12700638,5,5,1,test,diff_days_indoor,5,0,0,0,0,0,0.5139228105545044
data/raw/osu_lora/Diff_Days_Indoor_Setup/Day5/Device6/IQ_1.dat,163,12779037,5,15,0,test,diff_days_indoor,5,0,0,0,0,0,0.21391800045967102
data/raw/osu_lora/Diff_Days_Indoor_Setup/Day5/Device6/IQ_1.dat,164,12857436,5,5,1,test,diff_days_indoor,5,0,0,0,0,0,0.4618717432022095
data/raw/osu_lora/Diff_Days_Indoor_Setup/Day5/Device6/IQ_1.dat,165,12935835,5,6,0,test,diff_days_indoor,5,0,0,0,0,0,0.5254330039024353
data/raw/osu_lora/Diff_Days_Indoor_Setup/Day5/Device6/IQ_1.dat,166,13014234,5,5,1,test,diff_days_indoor,5,0,0,0,0,0,0.2746618986129761
data/raw/osu_lora/Diff_Days_Indoor_Setup/Day5/Device6/IQ_1.dat,167,13092633,5,6,0,test,diff_days_indoor,5,0,0,0,0,0,0.4564782679080963
data/raw/osu_lora/Diff_Days_Indoor_Setup/Day5/Device6/IQ_1.dat,168,13171032,5,23,0,test,diff_days_indoor,5,0,0,0,0,0,0.42667677998542786
data/raw/osu_lora/Diff_Days_Indoor_Setup/Day5/Device6/IQ_1.dat,169,13249431,5,6,0,test,diff_days_indoor,5,0,0,0,0,0,0.5436944961547852
data/raw/osu_lora/Diff_Days_Indoor_Setup/Day5/Device6/IQ_1.dat,170,13327830,5,1,0,test,diff_days_indoor,5,0,0,0,0,0,0.6558272838592529
data/raw/osu_lora/Diff_Days_Indoor_Setup/Day5/Device6/IQ_1.dat,171,13406229,5,5,1,test,diff_days_indoor,5,0,0,0,0,0,0.432151198387146
data/raw/osu_lora/Diff_Days_Indoor_Setup/Day5/Device6/IQ_1.dat,172,13484628,5,5,1,test,diff_days_indoor,5,0,0,0,0,0,0.29754307866096497
data/raw/osu_lora/Diff_Days_Indoor_Setup/Day5/Device6/IQ_1.dat,173,13563027,5,22,0,test,diff_days_indoor,5,0,0,0,0,0,0.5512653589248657
data/raw/osu_lora/Diff_Days_Indoor_Setup/Day5/Device6/IQ_1.dat,174,13641426,5,5,1,test,diff_days_indoor,5,0,0,0,0,0,0.2922983765602112
data/raw/osu_lora/Diff_Days_Indoor_Setup/Day5/Device6/IQ_1.dat,175,13719825,5,5,1,test,diff_days_indoor,5,0,0,0,0,0,0.6180242896080017
data/raw/osu_lora/Diff_Days_Indoor_Setup/Day5/Device6/IQ_1.dat,176,13798224,5,5,1,test,diff_days_indoor,5,0,0,0,0,0,0.4232894480228424
data/raw/osu_lora/Diff_Days_Indoor_Setup/Day5/Device6/IQ_1.dat,177,13876623,5,5,1,test,diff_days_indoor,5,0,0,0,0,0,0.27090296149253845
data/raw/osu_lora/Diff_Days_Indoor_Setup/Day5/Device6/IQ_1.dat,178,13955022,5,5,1,test,diff_days_indoor,5,0,0,0,0,0,0.5014417767524719
data/raw/osu_lora/Diff_Days_Indoor_Setup/Day5/Device6/IQ_1.dat,179,14033421,5,5,1,test,diff_days_indoor,5,0,0,0,0,0,0.4967167377471924
data/raw/osu_lora/Diff_Days_Indoor_Setup/Day5/Device6/IQ_1.dat,180,14111820,5,5,1,test,diff_days_indoor,5,0,0,0,0,0,0.39198970794677734
data/raw/osu_lora/Diff_Days_Indoor_Setup/Day5/Device6/IQ_1.dat,181,14190219,5,5,1,test,diff_days_indoor,5,0,0,0,0,0,0.5116943120956421
data/raw/osu_lora/Diff_Days_Indoor_Setup/Day5/Device6/IQ_1.dat,182,14268618,5,5,1,test,diff_days_indoor,5,0,0,0,0,0,0.3404466211795807
data/raw/osu_lora/Diff_Days_Indoor_Setup/Day5/Device6/IQ_1.dat,183,14347017,5,5,1,test,diff_days_indoor,5,0,0,0,0,0,0.22353778779506683
data/raw/osu_lora/Diff_Days_Indoor_Setup/Day5/Device6/IQ_1.dat,184,14425416,5,14,0,test,diff_days_indoor,5,0,0,0,0,0,0.17804375290870667
data/raw/osu_lora/Diff_Days_Indoor_Setup/Day5/Device6/IQ_1.dat,185,14503815,5,5,1,test,diff_days_indoor,5,0,0,0,0,0,0.21629178524017334
data/raw/osu_lora/Diff_Days_Indoor_Setup/Day5/Device6/IQ_1.dat,186,14582214,5,5,1,test,diff_days_indoor,5,0,0,0,0,0,0.2778429388999939
data/raw/osu_lora/Diff_Days_Indoor_Setup/Day5/Device6/IQ_1.dat,187,14660613,5,5,1,test,diff_days_indoor,5,0,0,0,0,0,0.5359243750572205
data/raw/osu_lora/Diff_Days_Indoor_Setup/Day5/Device6/IQ_1.dat,188,14739012,5,6,0,test,diff_days_indoor,5,0,0,0,0,0,0.3288731276988983
data/raw/osu_lora/Diff_Days_Indoor_Setup/Day5/Device6/IQ_1.dat,189,14817411,5,23,0,test,diff_days_indoor,5,0,0,0,0,0,0.307166188955307
data/raw/osu_lora/Diff_Days_Indoor_Setup/Day5/Device6/IQ_1.dat,190,14895810,5,6,0,test,diff_days_indoor,5,0,0,0,0,0,0.5243163704872131
data/raw/osu_lora/Diff_Days_Indoor_Setup/Day5/Device6/IQ_1.dat,191,14974209,5,13,0,test,diff_days_indoor,5,0,0,0,0,0,0.2431952804327011
data/raw/osu_lora/Diff_Days_Indoor_Setup/Day5/Device6/IQ_1.dat,192,15052608,5,5,1,test,diff_days_indoor,5,0,0,0,0,0,0.562511146068573
data/raw/osu_lora/Diff_Days_Indoor_Setup/Day5/Device6/IQ_1.dat,193,15131007,5,2,0,test,diff_days_indoor,5,0,0,0,0,0,0.23373644053936005
data/raw/osu_lora/Diff_Days_Indoor_Setup/Day5/Device6/IQ_1.dat,194,15209406,5,6,0,test,diff_days_indoor,5,0,0,0,0,0,0.7331737875938416
data/raw/osu_lora/Diff_Days_Indoor_Setup/Day5/Device6/IQ_1.dat,195,15287805,5,6,0,test,diff_days_indoor,5,0,0,0,0,0,0.6051528453826904
data/raw/osu_lora/Diff_Days_Indoor_Setup/Day5/Device6/IQ_1.dat,196,15366204,5,5,1,test,diff_days_indoor,5,0,0,0,0,0,0.08767437189817429
data/raw/osu_lora/Diff_Days_Indoor_Setup/Day5/Device6/IQ_1.dat,197,15444603,5,5,1,test,diff_days_indoor,5,0,0,0,0,0,0.24085871875286102
data/raw/osu_lora/Diff_Days_Indoor_Setup/Day5/Device6/IQ_1.dat,198,15523002,5,9,0,test,diff_days_indoor,5,0,0,0,0,0,0.18366220593452454
data/raw/osu_lora/Diff_Days_Indoor_Setup/Day5/Device6/IQ_1.dat,199,15601401,5,6,0,test,diff_days_indoor,5,0,0,0,0,0,0.563883364200592
data/raw/osu_lora/Diff_Days_Indoor_Setup/Day5/Device6/IQ_1.dat,200,15679800,5,5,1,test,diff_days_indoor,5,0,0,0,0,0,0.4927528202533722
data/raw/osu_lora/Diff_Days_Indoor_Setup/Day5/Device6/IQ_1.dat,201,15758199,5,13,0,test,diff_days_indoor,5,0,0,0,0,0,0.19926871359348297
data/raw/osu_lora/Diff_Days_Indoor_Setup/Day5/Device6/IQ_1.dat,202,15836598,5,5,1,test,diff_days_indoor,5,0,0,0,0,0,0.2890160381793976
data/raw/osu_lora/Diff_Days_Indoor_Setup/Day5/Device6/IQ_1.dat,203,15914997,5,6,0,test,diff_days_indoor,5,0,0,0,0,0,0.602224588394165
data/raw/osu_lora/Diff_Days_Indoor_Setup/Day5/Device6/IQ_1.dat,204,15993396,5,6,0,test,diff_days_indoor,5,0,0,0,0,0,0.5139071345329285
data/raw/osu_lora/Diff_Days_Indoor_Setup/Day5/Device6/IQ_1.dat,205,16071795,5,6,0,test,diff_days_indoor,5,0,0,0,0,0,0.642577588558197
data/raw/osu_lora/Diff_Days_Indoor_Setup/Day5/Device6/IQ_1.dat,206,16150194,5,6,0,test,diff_days_indoor,5,0,0,0,0,0,0.4681469798088074
data/raw/osu_lora/Diff_Days_Indoor_Setup/Day5/Device6/IQ_1.dat,207,16228593,5,5,1,test,diff_days_indoor,5,0,0,0,0,0,0.31258293986320496
data/raw/osu_lora/Diff_Days_Indoor_Setup/Day5/Device6/IQ_1.dat,208,16306992,5,5,1,test,diff_days_indoor,5,0,0,0,0,0,0.45514973998069763
data/raw/osu_lora/Diff_Days_Indoor_Setup/Day5/Device6/IQ_1.dat,209,16385391,5,6,0,test,diff_days_indoor,5,0,0,0,0,0,0.655558168888092
data/raw/osu_lora/Diff_Days_Indoor_Setup/Day5/Device6/IQ_1.dat,210,16463790,5,6,0,test,diff_days_indoor,5,0,0,0,0,0,0.5831378102302551
data/raw/osu_lora/Diff_Days_Indoor_Setup/Day5/Device6/IQ_1.dat,211,16542189,5,6,0,test,diff_days_indoor,5,0,0,0,0,0,0.41701871156692505
data/raw/osu_lora/Diff_Days_Indoor_Setup/Day5/Device6/IQ_1.dat,212,16620588,5,5,1,test,diff_days_indoor,5,0,0,0,0,0,0.6681987047195435
data/raw/osu_lora/Diff_Days_Indoor_Setup/Day5/Device6/IQ_1.dat,213,16698987,5,5,1,test,diff_days_indoor,5,0,0,0,0,0,0.3260538876056671
data/raw/osu_lora/Diff_Days_Indoor_Setup/Day5/Device6/IQ_1.dat,214,16777386,5,5,1,test,diff_days_indoor,5,0,0,0,0,0,0.2478308081626892
data/raw/osu_lora/Diff_Days_Indoor_Setup/Day5/Device6/IQ_1.dat,215,16855785,5,8,0,test,diff_days_indoor,5,0,0,0,0,0,0.22303280234336853
data/raw/osu_lora/Diff_Days_Indoor_Setup/Day5/Device6/IQ_1.dat,216,16934184,5,6,0,test,diff_days_indoor,5,0,0,0,0,0,0.456586092710495
data/raw/osu_lora/Diff_Days_Indoor_Setup/Day5/Device6/IQ_1.dat,217,17012583,5,5,1,test,diff_days_indoor,5,0,0,0,0,0,0.6487894058227539
data/raw/osu_lora/Diff_Days_Indoor_Setup/Day5/Device6/IQ_1.dat,218,17090982,5,23,0,test,diff_days_indoor,5,0,0,0,0,0,0.23057647049427032
data/raw/osu_lora/Diff_Days_Indoor_Setup/Day5/Device6/IQ_1.dat,219,17169381,5,5,1,test,diff_days_indoor,5,0,0,0,0,0,0.2795681655406952
data/raw/osu_lora/Diff_Days_Indoor_Setup/Day5/Device6/IQ_1.dat,220,17247780,5,20,0,test,diff_days_indoor,5,0,0,0,0,0,0.37902921438217163
data/raw/osu_lora/Diff_Days_Indoor_Setup/Day5/Device6/IQ_1.dat,221,17326179,5,6,0,test,diff_days_indoor,5,0,0,0,0,0,0.4341236650943756
data/raw/osu_lora/Diff_Days_Indoor_Setup/Day5/Device6/IQ_1.dat,222,17404578,5,0,0,test,diff_days_indoor,5,0,0,0,0,0,0.18778620660305023
data/raw/osu_lora/Diff_Days_Indoor_Setup/Day5/Device6/IQ_1.dat,223,17482977,5,6,0,test,diff_days_indoor,5,0,0,0,0,0,0.6702450513839722
data/raw/osu_lora/Diff_Days_Indoor_Setup/Day5/Device6/IQ_1.dat,224,17561376,5,8,0,test,diff_days_indoor,5,0,0,0,0,0,0.2475329339504242
data/raw/osu_lora/Diff_Days_Indoor_Setup/Day5/Device6/IQ_1.dat,225,17639775,5,5,1,test,diff_days_indoor,5,0,0,0,0,0,0.32899153232574463
data/raw/osu_lora/Diff_Days_Indoor_Setup/Day5/Device6/IQ_1.dat,226,17718174,5,5,1,test,diff_days_indoor,5,0,0,0,0,0,0.5123420357704163
data/raw/osu_lora/Diff_Days_Indoor_Setup/Day5/Device6/IQ_1.dat,227,17796573,5,5,1,test,diff_days_indoor,5,0,0,0,0,0,0.3367852568626404
data/raw/osu_lora/Diff_Days_Indoor_Setup/Day5/Device6/IQ_1.dat,228,17874972,5,5,1,test,diff_days_indoor,5,0,0,0,0,0,0.5735993385314941
data/raw/osu_lora/Diff_Days_Indoor_Setup/Day5/Device6/IQ_1.dat,229,17953371,5,23,0,test,diff_days_indoor,5,0,0,0,0,0,0.17314288020133972
data/raw/osu_lora/Diff_Days_Indoor_Setup/Day5/Device6/IQ_1.dat,230,18031770,5,5,1,test,diff_days_indoor,5,0,0,0,0,0,0.5481083989143372
data/raw/osu_lora/Diff_Days_Indoor_Setup/Day5/Device6/IQ_1.dat,231,18110169,5,22,0,test,diff_days_indoor,5,0,0,0,0,0,0.345127135515213
data/raw/osu_lora/Diff_Days_Indoor_Setup/Day5/Device6/IQ_1.dat,232,18188568,5,5,1,test,diff_days_indoor,5,0,0,0,0,0,0.6356209516525269
data/raw/osu_lora/Diff_Days_Indoor_Setup/Day5/Device6/IQ_1.dat,233,18266967,5,10,0,test,diff_days_indoor,5,0,0,0,0,0,0.23586280643939972
data/raw/osu_lora/Diff_Days_Indoor_Setup/Day5/Device6/IQ_1.dat,234,18345366,5,5,1,test,diff_days_indoor,5,0,0,0,0,0,0.45660221576690674
data/raw/osu_lora/Diff_Days_Indoor_Setup/Day5/Device6/IQ_1.dat,235,18423765,5,5,1,test,diff_days_indoor,5,0,0,0,0,0,0.3935343325138092
data/raw/osu_lora/Diff_Days_Indoor_Setup/Day5/Device6/IQ_1.dat,236,18502164,5,22,0,test,diff_days_indoor,5,0,0,0,0,0,0.6000511050224304
data/raw/osu_lora/Diff_Days_Indoor_Setup/Day5/Device6/IQ_1.dat,237,18580563,5,5,1,test,diff_days_indoor,5,0,0,0,0,0,0.34415191411972046
data/raw/osu_lora/Diff_Days_Indoor_Setup/Day5/Device6/IQ_1.dat,238,18658962,5,5,1,test,diff_days_indoor,5,0,0,0,0,0,0.4158308804035187
data/raw/osu_lora/Diff_Days_Indoor_Setup/Day5/Device6/IQ_1.dat,239,18737361,5,19,0,test,diff_days_indoor,5,0,0,0,0,0,0.2745494246482849
data/raw/osu_lora/Diff_Days_Indoor_Setup/Day5/Device6/IQ_1.dat,240,18815760,5,5,1,test,diff_days_indoor,5,0,0,0,0,0,0.5235270261764526
data/raw/osu_lora/Diff_Days_Indoor_Setup/Day5/Device6/IQ_1.dat,241,18894159,5,22,0,test,diff_days_indoor,5,0,0,0,0,0,0.5914243459701538
data/raw/osu_lora/Diff_Days_Indoor_Setup/Day5/Device6/IQ_1.dat,242,18972558,5,5,1,test,diff_days_indoor,5,0,0,0,0,0,0.35956478118896484
data/raw/osu_lora/Diff_Days_Indoor_Setup/Day5/Device6/IQ_1.dat,243,19050957,5,6,0,test,diff_days_indoor,5,0,0,0,0,0,0.45786017179489136
data/raw/osu_lora/Diff_Days_Indoor_Setup/Day5/Device6/IQ_1.dat,244,19129356,5,5,1,test,diff_days_indoor,5,0,0,0,0,0,0.3660961389541626
data/raw/osu_lora/Diff_Days_Indoor_Setup/Day5/Device6/IQ_1.dat,245,19207755,5,19,0,test,diff_days_indoor,5,0,0,0,0,0,0.253164142370224
data/raw/osu_lora/Diff_Days_Indoor_Setup/Day5/Device6/IQ_1.dat,246,19286154,5,5,1,test,diff_days_indoor,5,0,0,0,0,0,0.500667154788971
data/raw/osu_lora/Diff_Days_Indoor_Setup/Day5/Device6/IQ_1.dat,247,19364553,5,5,1,test,diff_days_indoor,5,0,0,0,0,0,0.27506813406944275
data/raw/osu_lora/Diff_Days_Indoor_Setup/Day5/Device6/IQ_1.dat,248,19442952,5,19,0,test,diff_days_indoor,5,0,0,0,0,0,0.25022533535957336
data/raw/osu_lora/Diff_Days_Indoor_Setup/Day5/Device6/IQ_1.dat,249,19521351,5,5,1,test,diff_days_indoor,5,0,0,0,0,0,0.2584269344806671
data/raw/osu_lora/Diff_Days_Indoor_Setup/Day5/Device6/IQ_1.dat,250,19599750,5,5,1,test,diff_days_indoor,5,0,0,0,0,0,0.3406135141849518
data/raw/osu_lora/Diff_Days_Indoor_Setup/Day5/Device6/IQ_1.dat,251,19678149,5,5,1,test,diff_days_indoor,5,0,0,0,0,0,0.3085245192050934
data/raw/osu_lora/Diff_Days_Indoor_Setup/Day5/Device6/IQ_1.dat,252,19756548,5,8,0,test,diff_days_indoor,5,0,0,0,0,0,0.3594333827495575
data/raw/osu_lora/Diff_Days_Indoor_Setup/Day5/Device6/IQ_1.dat,253,19834947,5,6,0,test,diff_days_indoor,5,0,0,0,0,0,0.48780450224876404
data/raw/osu_lora/Diff_Days_Indoor_Setup/Day5/Device6/IQ_1.dat,254,19913346,5,19,0,test,diff_days_indoor,5,0,0,0,0,0,0.1727704256772995
data/raw/osu_lora/Diff_Days_Indoor_Setup/Day5/Device6/IQ_1.dat,255,19991745,5,6,0,test,diff_days_indoor,5,0,0,0,0,0,0.17726489901542664
data/raw/osu_lora/Diff_Days_Indoor_Setup/Day5/Device7/IQ_1.dat,0,0,6,6,1,test,diff_days_indoor,5,0,0,0,0,0,0.7432777881622314
data/raw/osu_lora/Diff_Days_Indoor_Setup/Day5/Device7/IQ_1.dat,1,78399,6,13,0,test,diff_days_indoor,5,0,0,0,0,0,0.2258373647928238
data/raw/osu_lora/Diff_Days_Indoor_Setup/Day5/Device7/IQ_1.dat,2,156798,6,6,1,test,diff_days_indoor,5,0,0,0,0,0,0.5899233222007751
data/raw/osu_lora/Diff_Days_Indoor_Setup/Day5/Device7/IQ_1.dat,3,235197,6,6,1,test,diff_days_indoor,5,0,0,0,0,0,0.5087331533432007
data/raw/osu_lora/Diff_Days_Indoor_Setup/Day5/Device7/IQ_1.dat,4,313596,6,5,0,test,diff_days_indoor,5,0,0,0,0,0,0.4410572946071625
data/raw/osu_lora/Diff_Days_Indoor_Setup/Day5/Device7/IQ_1.dat,5,391995,6,8,0,test,diff_days_indoor,5,0,0,0,0,0,0.2446318417787552
data/raw/osu_lora/Diff_Days_Indoor_Setup/Day5/Device7/IQ_1.dat,6,470394,6,6,1,test,diff_days_indoor,5,0,0,0,0,0,0.6295063495635986
data/raw/osu_lora/Diff_Days_Indoor_Setup/Day5/Device7/IQ_1.dat,7,548793,6,5,0,test,diff_days_indoor,5,0,0,0,0,0,0.36067822575569153
data/raw/osu_lora/Diff_Days_Indoor_Setup/Day5/Device7/IQ_1.dat,8,627192,6,6,1,test,diff_days_indoor,5,0,0,0,0,0,0.7251858711242676
data/raw/osu_lora/Diff_Days_Indoor_Setup/Day5/Device7/IQ_1.dat,9,705591,6,6,1,test,diff_days_indoor,5,0,0,0,0,0,0.41881006956100464
data/raw/osu_lora/Diff_Days_Indoor_Setup/Day5/Device7/IQ_1.dat,10,783990,6,6,1,test,diff_days_indoor,5,0,0,0,0,0,0.254846453666687
data/raw/osu_lora/Diff_Days_Indoor_Setup/Day5/Device7/IQ_1.dat,11,862389,6,6,1,test,diff_days_indoor,5,0,0,0,0,0,0.40752965211868286
data/raw/osu_lora/Diff_Days_Indoor_Setup/Day5/Device7/IQ_1.dat,12,940788,6,5,0,test,diff_days_indoor,5,0,0,0,0,0,0.5743449926376343
data/raw/osu_lora/Diff_Days_Indoor_Setup/Day5/Device7/IQ_1.dat,13,1019187,6,5,0,test,diff_days_indoor,5,0,0,0,0,0,0.5344653129577637
data/raw/osu_lora/Diff_Days_Indoor_Setup/Day5/Device7/IQ_1.dat,14,1097586,6,6,1,test,diff_days_indoor,5,0,0,0,0,0,0.33072447776794434
data/raw/osu_lora/Diff_Days_Indoor_Setup/Day5/Device7/IQ_1.dat,15,1175985,6,2,0,test,diff_days_indoor,5,0,0,0,0,0,0.33837106823921204
data/raw/osu_lora/Diff_Days_Indoor_Setup/Day5/Device7/IQ_1.dat,16,1254384,6,6,1,test,diff_days_indoor,5,0,0,0,0,0,0.3374141454696655
data/raw/osu_lora/Diff_Days_Indoor_Setup/Day5/Device7/IQ_1.dat,17,1332783,6,6,1,test,diff_days_indoor,5,0,0,0,0,0,0.5292936563491821
data/raw/osu_lora/Diff_Days_Indoor_Setup/Day5/Device7/IQ_1.dat,18,1411182,6,6,1,test,diff_days_indoor,5,0,0,0,0,0,0.5297053456306458
data/raw/osu_lora/Diff_Days_Indoor_Setup/Day5/Device7/IQ_1.dat,19,1489581,6,8,0,test,diff_days_indoor,5,0,0,0,0,0,0.17693619430065155
data/raw/osu_lora/Diff_Days_Indoor_Setup/Day5/Device7/IQ_1.dat,20,1567980,6,6,1,test,diff_days_indoor,5,0,0,0,0,0,0.7133570313453674
data/raw/osu_lora/Diff_Days_Indoor_Setup/Day5/Device7/IQ_1.dat,21,1646379,6,0,0,test,diff_days_indoor,5,0,0,0,0,0,0.34618669748306274
data/raw/osu_lora/Diff_Days_Indoor_Setup/Day5/Device7/IQ_1.dat,22,1724778,6,6,1,test,diff_days_indoor,5,0,0,0,0,0,0.5731420516967773
data/raw/osu_lora/Diff_Days_Indoor_Setup/Day5/Device7/IQ_1.dat,23,1803177,6,6,1,test,diff_days_indoor,5,0,0,0,0,0,0.371774822473526
data/raw/osu_lora/Diff_Days_Indoor_Setup/Day5/Device7/IQ_1.dat,24,1881576,6,8,0,test,diff_days_indoor,5,0,0,0,0,0,0.21392686665058136
data/raw/osu_lora/Diff_Days_Indoor_Setup/Day5/Device7/IQ_1.dat,25,1959975,6,6,1,test,diff_days_indoor,5,0,0,0,0,0,0.5018808841705322
data/raw/osu_lora/Diff_Days_Indoor_Setup/Day5/Device7/IQ_1.dat,26,2038374,6,20,0,test,diff_days_indoor,5,0,0,0,0,0,0.431692898273468
data/raw/osu_lora/Diff_Days_Indoor_Setup/Day5/Device7/IQ_1.dat,27,2116773,6,6,1,test,diff_days_indoor,5,0,0,0,0,0,0.5835420489311218
data/raw/osu_lora/Diff_Days_Indoor_Setup/Day5/Device7/IQ_1.dat,28,2195172,6,6,1,test,diff_days_indoor,5,0,0,0,0,0,0.5001755952835083
data/raw/osu_lora/Diff_Days_Indoor_Setup/Day5/Device7/IQ_1.dat,29,2273571,6,6,1,test,diff_days_indoor,5,0,0,0,0,0,0.32753539085388184
data/raw/osu_lora/Diff_Days_Indoor_Setup/Day5/Device7/IQ_1.dat,30,2351970,6,0,0,test,diff_days_indoor,5,0,0,0,0,0,0.2100326418876648
data/raw/osu_lora/Diff_Days_Indoor_Setup/Day5/Device7/IQ_1.dat,31,2430369,6,5,0,test,diff_days_indoor,5,0,0,0,0,0,0.43204453587532043
data/raw/osu_lora/Diff_Days_Indoor_Setup/Day5/Device7/IQ_1.dat,32,2508768,6,6,1,test,diff_days_indoor,5,0,0,0,0,0,0.2930854260921478
data/raw/osu_lora/Diff_Days_Indoor_Setup/Day5/Device7/IQ_1.dat,33,2587167,6,6,1,test,diff_days_indoor,5,0,0,0,0,0,0.5315792560577393
data/raw/osu_lora/Diff_Days_Indoor_Setup/Day5/Device7/IQ_1.dat,34,2665566,6,6,1,test,diff_days_indoor,5,0,0,0,0,0,0.4500691294670105
data/raw/osu_lora/Diff_Days_Indoor_Setup/Day5/Device7/IQ_1.dat,35,2743965,6,8,0,test,diff_days_indoor,5,0,0,0,0,0,0.2260567992925644
data/raw/osu_lora/Diff_Days_Indoor_Setup/Day5/Device7/IQ_1.dat,36,2822364,6,6,1,test,diff_days_indoor,5,0,0,0,0,0,0.5657763481140137
data/raw/osu_lora/Diff_Days_Indoor_Setup/Day5/Device7/IQ_1.dat,37,2900763,6,5,0,test,diff_days_indoor,5,0,0,0,0,0,0.3340775966644287
data/raw/osu_lora/Diff_Days_Indoor_Setup/Day5/Device7/IQ_1.dat,38,2979162,6,5,0,test,diff_days_indoor,5,0,0,0,0,0,0.32790011167526245
data/raw/osu_lora/Diff_Days_Indoor_Setup/Day5/Device7/IQ_1.dat,39,3057561,6,8,0,test,diff_days_indoor,5,0,0,0,0,0,0.25707578659057617
data/raw/osu_lora/Diff_Days_Indoor_Setup/Day5/Device7/IQ_1.dat,40,3135960,6,20,0,test,diff_days_indoor,5,0,0,0,0,0,0.28922387957572937
data/raw/osu_lora/Diff_Days_Indoor_Setup/Day5/Device7/IQ_1.dat,41,3214359,6,20,0,test,diff_days_indoor,5,0,0,0,0,0,0.47953689098358154
data/raw/osu_lora/Diff_Days_Indoor_Setup/Day5/Device7/IQ_1.dat,42,3292758,6,9,0,test,diff_days_indoor,5,0,0,0,0,0,0.11327885091304779
data/raw/osu_lora/Diff_Days_Indoor_Setup/Day5/Device7/IQ_1.dat,43,3371157,6,6,1,test,diff_days_indoor,5,0,0,0,0,0,0.6375253200531006
data/raw/osu_lora/Diff_Days_Indoor_Setup/Day5/Device7/IQ_1.dat,44,3449556,6,6,1,test,diff_days_indoor,5,0,0,0,0,0,0.6677391529083252
data/raw/osu_lora/Diff_Days_Indoor_Setup/Day5/Device7/IQ_1.dat,45,3527955,6,6,1,test,diff_days_indoor,5,0,0,0,0,0,0.4343757927417755
data/raw/osu_lora/Diff_Days_Indoor_Setup/Day5/Device7/IQ_1.dat,46,3606354,6,6,1,test,diff_days_indoor,5,0,0,0,0,0,0.511266827583313
data/raw/osu_lora/Diff_Days_Indoor_Setup/Day5/Device7/IQ_1.dat,47,3684753,6,6,1,test,diff_days_indoor,5,0,0,0,0,0,0.6567358374595642
data/raw/osu_lora/Diff_Days_Indoor_Setup/Day5/Device7/IQ_1.dat,48,3763152,6,5,0,test,diff_days_indoor,5,0,0,0,0,0,0.6376516819000244
data/raw/osu_lora/Diff_Days_Indoor_Setup/Day5/Device7/IQ_1.dat,49,3841551,6,6,1,test,diff_days_indoor,5,0,0,0,0,0,0.5472575426101685
data/raw/osu_lora/Diff_Days_Indoor_Setup/Day5/Device7/IQ_1.dat,50,3919950,6,6,1,test,diff_days_indoor,5,0,0,0,0,0,0.46889549493789673
data/raw/osu_lora/Diff_Days_Indoor_Setup/Day5/Device7/IQ_1.dat,51,3998349,6,8,0,test,diff_days_indoor,5,0,0,0,0,0,0.2107408344745636
data/raw/osu_lora/Diff_Days_Indoor_Setup/Day5/Device7/IQ_1.dat,52,4076748,6,6,1,test,diff_days_indoor,5,0,0,0,0,0,0.7053529620170593
data/raw/osu_lora/Diff_Days_Indoor_Setup/Day5/Device7/IQ_1.dat,53,4155147,6,6,1,test,diff_days_indoor,5,0,0,0,0,0,0.44220879673957825
data/raw/osu_lora/Diff_Days_Indoor_Setup/Day5/Device7/IQ_1.dat,54,4233546,6,20,0,test,diff_days_indoor,5,0,0,0,0,0,0.44058045744895935
data/raw/osu_lora/Diff_Days_Indoor_Setup/Day5/Device7/IQ_1.dat,55,4311945,6,6,1,test,diff_days_indoor,5,0,0,0,0,0,0.5248974561691284
data/raw/osu_lora/Diff_Days_Indoor_Setup/Day5/Device7/IQ_1.dat,56,4390344,6,6,1,test,diff_days_indoor,5,0,0,0,0,0,0.6232571005821228
data/raw/osu_lora/Diff_Days_Indoor_Setup/Day5/Device7/IQ_1.dat,57,4468743,6,5,0,test,diff_days_indoor,5,0,0,0,0,0,0.1984083652496338
data/raw/osu_lora/Diff_Days_Indoor_Setup/Day5/Device7/IQ_1.dat,58,4547142,6,23,0,test,diff_days_indoor,5,0,0,0,0,0,0.18454934656620026
data/raw/osu_lora/Diff_Days_Indoor_Setup/Day5/Device7/IQ_1.dat,59,4625541,6,8,0,test,diff_days_indoor,5,0,0,0,0,0,0.3228890299797058
data/raw/osu_lora/Diff_Days_Indoor_Setup/Day5/Device7/IQ_1.dat,60,4703940,6,6,1,test,diff_days_indoor,5,0,0,0,0,0,0.6128363609313965
data/raw/osu_lora/Diff_Days_Indoor_Setup/Day5/Device7/IQ_1.dat,61,4782339,6,22,0,test,diff_days_indoor,5,0,0,0,0,0,0.30365100502967834
data/raw/osu_lora/Diff_Days_Indoor_Setup/Day5/Device7/IQ_1.dat,62,4860738,6,6,1,test,diff_days_indoor,5,0,0,0,0,0,0.6112948060035706
data/raw/osu_lora/Diff_Days_Indoor_Setup/Day5/Device7/IQ_1.dat,63,4939137,6,6,1,test,diff_days_indoor,5,0,0,0,0,0,0.2771705090999603
data/raw/osu_lora/Diff_Days_Indoor_Setup/Day5/Device7/IQ_1.dat,64,5017536,6,6,1,test,diff_days_indoor,5,0,0,0,0,0,0.299695760011673
data/raw/osu_lora/Diff_Days_Indoor_Setup/Day5/Device7/IQ_1.dat,65,5095935,6,5,0,test,diff_days_indoor,5,0,0,0,0,0,0.3611593544483185
data/raw/osu_lora/Diff_Days_Indoor_Setup/Day5/Device7/IQ_1.dat,66,5174334,6,6,1,test,diff_days_indoor,5,0,0,0,0,0,0.5943292379379272
data/raw/osu_lora/Diff_Days_Indoor_Setup/Day5/Device7/IQ_1.dat,67,5252733,6,2,0,test,diff_days_indoor,5,0,0,0,0,0,0.4986046254634857
data/raw/osu_lora/Diff_Days_Indoor_Setup/Day5/Device7/IQ_1.dat,68,5331132,6,6,1,test,diff_days_indoor,5,0,0,0,0,0,0.49812301993370056
data/raw/osu_lora/Diff_Days_Indoor_Setup/Day5/Device7/IQ_1.dat,69,5409531,6,6,1,test,diff_days_indoor,5,0,0,0,0,0,0.6482119560241699
data/raw/osu_lora/Diff_Days_Indoor_Setup/Day5/Device7/IQ_1.dat,70,5487930,6,8,0,test,diff_days_indoor,5,0,0,0,0,0,0.25330230593681335
data/raw/osu_lora/Diff_Days_Indoor_Setup/Day5/Device7/IQ_1.dat,71,5566329,6,6,1,test,diff_days_indoor,5,0,0,0,0,0,0.6231710910797119
data/raw/osu_lora/Diff_Days_Indoor_Setup/Day5/Device7/IQ_1.dat,72,5644728,6,6,1,test,diff_days_indoor,5,0,0,0,0,0,0.6326390504837036
data/raw/osu_lora/Diff_Days_Indoor_Setup/Day5/Device7/IQ_1.dat,73,5723127,6,2,0,test,diff_days_indoor,5,0,0,0,0,0,0.29234203696250916
data/raw/osu_lora/Diff_Days_Indoor_Setup/Day5/Device7/IQ_1.dat,74,5801526,6,6,1,test,diff_days_indoor,5,0,0,0,0,0,0.3173649311065674
data/raw/osu_lora/Diff_Days_Indoor_Setup/Day5/Device7/IQ_1.dat,75,5879925,6,6,1,test,diff_days_indoor,5,0,0,0,0,0,0.45854341983795166
data/raw/osu_lora/Diff_Days_Indoor_Setup/Day5/Device7/IQ_1.dat,76,5958324,6,6,1,test,diff_days_indoor,5,0,0,0,0,0,0.23728950321674347
data/raw/osu_lora/Diff_Days_Indoor_Setup/Day5/Device7/IQ_1.dat,77,6036723,6,5,0,test,diff_days_indoor,5,0,0,0,0,0,0.5404979586601257
data/raw/osu_lora/Diff_Days_Indoor_Setup/Day5/Device7/IQ_1.dat,78,6115122,6,20,0,test,diff_days_indoor,5,0,0,0,0,0,0.4756886065006256
data/raw/osu_lora/Diff_Days_Indoor_Setup/Day5/Device7/IQ_1.dat,79,6193521,6,6,1,test,diff_days_indoor,5,0,0,0,0,0,0.3185812830924988
data/raw/osu_lora/Diff_Days_Indoor_Setup/Day5/Device7/IQ_1.dat,80,6271920,6,6,1,test,diff_days_indoor,5,0,0,0,0,0,0.6696358919143677
data/raw/osu_lora/Diff_Days_Indoor_Setup/Day5/Device7/IQ_1.dat,81,6350319,6,6,1,test,diff_days_indoor,5,0,0,0,0,0,0.7114728093147278
data/raw/osu_lora/Diff_Days_Indoor_Setup/Day5/Device7/IQ_1.dat,82,6428718,6,6,1,test,diff_days_indoor,5,0,0,0,0,0,0.31014078855514526
data/raw/osu_lora/Diff_Days_Indoor_Setup/Day5/Device7/IQ_1.dat,83,6507117,6,6,1,test,diff_days_indoor,5,0,0,0,0,0,0.3886341154575348
data/raw/osu_lora/Diff_Days_Indoor_Setup/Day5/Device7/IQ_1.dat,84,6585516,6,6,1,test,diff_days_indoor,5,0,0,0,0,0,0.3527373969554901
data/raw/osu_lora/Diff_Days_Indoor_Setup/Day5/Device7/IQ_1.dat,85,6663915,6,5,0,test,diff_days_indoor,5,0,0,0,0,0,0.7479518055915833
data/raw/osu_lora/Diff_Days_Indoor_Setup/Day5/Device7/IQ_1.dat,86,6742314,6,6,1,test,diff_days_indoor,5,0,0,0,0,0,0.3862994909286499
data/raw/osu_lora/Diff_Days_Indoor_Setup/Day5/Device7/IQ_1.dat,87,6820713,6,6,1,test,diff_days_indoor,5,0,0,0,0,0,0.5961391925811768
data/raw/osu_lora/Diff_Days_Indoor_Setup/Day5/Device7/IQ_1.dat,88,6899112,6,6,1,test,diff_days_indoor,5,0,0,0,0,0,0.46602797508239746
data/raw/osu_lora/Diff_Days_Indoor_Setup/Day5/Device7/IQ_1.dat,89,6977511,6,6,1,test,diff_days_indoor,5,0,0,0,0,0,0.5024511814117432
data/raw/osu_lora/Diff_Days_Indoor_Setup/Day5/Device7/IQ_1.dat,90,7055910,6,8,0,test,diff_days_indoor,5,0,0,0,0,0,0.42766112089157104
data/raw/osu_lora/Diff_Days_Indoor_Setup/Day5/Device7/IQ_1.dat,91,7134309,6,5,0,test,diff_days_indoor,5,0,0,0,0,0,0.47665080428123474
data/raw/osu_lora/Diff_Days_Indoor_Setup/Day5/Device7/IQ_1.dat,92,7212708,6,2,0,test,diff_days_indoor,5,0,0,0,0,0,0.43485283851623535
data/raw/osu_lora/Diff_Days_Indoor_Setup/Day5/Device7/IQ_1.dat,93,7291107,6,5,0,test,diff_days_indoor,5,0,0,0,0,0,0.43727606534957886
data/raw/osu_lora/Diff_Days_Indoor_Setup/Day5/Device7/IQ_1.dat,94,7369506,6,6,1,test,diff_days_indoor,5,0,0,0,0,0,0.6284538507461548
data/raw/osu_lora/Diff_Days_Indoor_Setup/Day5/Device7/IQ_1.dat,95,7447905,6,6,1,test,diff_days_indoor,5,0,0,0,0,0,0.7398380041122437
data/raw/osu_lora/Diff_Days_Indoor_Setup/Day5/Device7/IQ_1.dat,96,7526304,6,6,1,test,diff_days_indoor,5,0,0,0,0,0,0.7181727290153503
data/raw/osu_lora/Diff_Days_Indoor_Setup/Day5/Device7/IQ_1.dat,97,7604703,6,20,0,test,diff_days_indoor,5,0,0,0,0,0,0.4111841320991516
data/raw/osu_lora/Diff_Days_Indoor_Setup/Day5/Device7/IQ_1.dat,98,7683102,6,6,1,test,diff_days_indoor,5,0,0,0,0,0,0.3888498544692993
data/raw/osu_lora/Diff_Days_Indoor_Setup/Day5/Device7/IQ_1.dat,99,7761501,6,6,1,test,diff_days_indoor,5,0,0,0,0,0,0.5031211972236633
data/raw/osu_lora/Diff_Days_Indoor_Setup/Day5/Device7/IQ_1.dat,100,7839900,6,8,0,test,diff_days_indoor,5,0,0,0,0,0,0.3784540593624115
data/raw/osu_lora/Diff_Days_Indoor_Setup/Day5/Device7/IQ_1.dat,101,7918299,6,6,1,test,diff_days_indoor,5,0,0,0,0,0,0.5224983096122742
data/raw/osu_lora/Diff_Days_Indoor_Setup/Day5/Device7/IQ_1.dat,102,7996698,6,6,1,test,diff_days_indoor,5,0,0,0,0,0,0.5190025568008423
data/raw/osu_lora/Diff_Days_Indoor_Setup/Day5/Device7/IQ_1.dat,103,8075097,6,6,1,test,diff_days_indoor,5,0,0,0,0,0,0.7099854350090027
data/raw/osu_lora/Diff_Days_Indoor_Setup/Day5/Device7/IQ_1.dat,104,8153496,6,20,0,test,diff_days_indoor,5,0,0,0,0,0,0.22943243384361267
data/raw/osu_lora/Diff_Days_Indoor_Setup/Day5/Device7/IQ_1.dat,105,8231895,6,2,0,test,diff_days_indoor,5,0,0,0,0,0,0.1853044331073761
data/raw/osu_lora/Diff_Days_Indoor_Setup/Day5/Device7/IQ_1.dat,106,8310294,6,6,1,test,diff_days_indoor,5,0,0,0,0,0,0.556677520275116
data/raw/osu_lora/Diff_Days_Indoor_Setup/Day5/Device7/IQ_1.dat,107,8388693,6,6,1,test,diff_days_indoor,5,0,0,0,0,0,0.5008840560913086
data/raw/osu_lora/Diff_Days_Indoor_Setup/Day5/Device7/IQ_1.dat,108,8467092,6,23,0,test,diff_days_indoor,5,0,0,0,0,0,0.22182758152484894
data/raw/osu_lora/Diff_Days_Indoor_Setup/Day5/Device7/IQ_1.dat,109,8545491,6,20,0,test,diff_days_indoor,5,0,0,0,0,0,0.4297230541706085
data/raw/osu_lora/Diff_Days_Indoor_Setup/Day5/Device7/IQ_1.dat,110,8623890,6,5,0,test,diff_days_indoor,5,0,0,0,0,0,0.2851713299751282
data/raw/osu_lora/Diff_Days_Indoor_Setup/Day5/Device7/IQ_1.dat,111,8702289,6,5,0,test,diff_days_indoor,5,0,0,0,0,0,0.30574363470077515
data/raw/osu_lora/Diff_Days_Indoor_Setup/Day5/Device7/IQ_1.dat,112,8780688,6,6,1,test,diff_days_indoor,5,0,0,0,0,0,0.4522955119609833
data/raw/osu_lora/Diff_Days_Indoor_Setup/Day5/Device7/IQ_1.dat,113,8859087,6,6,1,test,diff_days_indoor,5,0,0,0,0,0,0.4154428541660309
data/raw/osu_lora/Diff_Days_Indoor_Setup/Day5/Device7/IQ_1.dat,114,8937486,6,20,0,test,diff_days_indoor,5,0,0,0,0,0,0.39843040704727173
data/raw/osu_lora/Diff_Days_Indoor_Setup/Day5/Device7/IQ_1.dat,115,9015885,6,8,0,test,diff_days_indoor,5,0,0,0,0,0,0.23697035014629364
data/raw/osu_lora/Diff_Days_Indoor_Setup/Day5/Device7/IQ_1.dat,116,9094284,6,6,1,test,diff_days_indoor,5,0,0,0,0,0,0.2730535566806793
data/raw/osu_lora/Diff_Days_Indoor_Setup/Day5/Device7/IQ_1.dat,117,9172683,6,8,0,test,diff_days_indoor,5,0,0,0,0,0,0.27059638500213623
data/raw/osu_lora/Diff_Days_Indoor_Setup/Day5/Device7/IQ_1.dat,118,9251082,6,6,1,test,diff_days_indoor,5,0,0,0,0,0,0.636344850063324
data/raw/osu_lora/Diff_Days_Indoor_Setup/Day5/Device7/IQ_1.dat,119,9329481,6,20,0,test,diff_days_indoor,5,0,0,0,0,0,0.2881581485271454
data/raw/osu_lora/Diff_Days_Indoor_Setup/Day5/Device7/IQ_1.dat,120,9407880,6,6,1,test,diff_days_indoor,5,0,0,0,0,0,0.6890820860862732
data/raw/osu_lora/Diff_Days_Indoor_Setup/Day5/Device7/IQ_1.dat,121,9486279,6,16,0,test,diff_days_indoor,5,0,0,0,0,0,0.194888636469841
data/raw/osu_lora/Diff_Days_Indoor_Setup/Day5/Device7/IQ_1.dat,122,9564678,6,6,1,test,diff_days_indoor,5,0,0,0,0,0,0.6473047137260437
data/raw/osu_lora/Diff_Days_Indoor_Setup/Day5/Device7/IQ_1.dat,123,9643077,6,6,1,test,diff_days_indoor,5,0,0,0,0,0,0.7333037257194519
data/raw/osu_lora/Diff_Days_Indoor_Setup/Day5/Device7/IQ_1.dat,124,9721476,6,22,0,test,diff_days_indoor,5,0,0,0,0,0,0.3375183939933777
data/raw/osu_lora/Diff_Days_Indoor_Setup/Day5/Device7/IQ_1.dat,125,9799875,6,6,1,test,diff_days_indoor,5,0,0,0,0,0,0.24465061724185944
data/raw/osu_lora/Diff_Days_Indoor_Setup/Day5/Device7/IQ_1.dat,126,9878274,6,2,0,test,diff_days_indoor,5,0,0,0,0,0,0.4397556483745575
data/raw/osu_lora/Diff_Days_Indoor_Setup/Day5/Device7/IQ_1.dat,127,9956673,6,15,0,test,diff_days_indoor,5,0,0,0,0,0,0.19692160189151764
data/raw/osu_lora/Diff_Days_Indoor_Setup/Day5/Device7/IQ_1.dat,128,10035072,6,6,1,test,diff_days_indoor,5,0,0,0,0,0,0.26673492789268494
data/raw/osu_lora/Diff_Days_Indoor_Setup/Day5/Device7/IQ_1.dat,129,10113471,6,6,1,test,diff_days_indoor,5,0,0,0,0,0,0.7466917634010315
data/raw/osu_lora/Diff_Days_Indoor_Setup/Day5/Device7/IQ_1.dat,130,10191870,6,5,0,test,diff_days_indoor,5,0,0,0,0,0,0.5731089115142822
data/raw/osu_lora/Diff_Days_Indoor_Setup/Day5/Device7/IQ_1.dat,131,10270269,6,20,0,test,diff_days_indoor,5,0,0,0,0,0,0.3965224623680115
data/raw/osu_lora/Diff_Days_Indoor_Setup/Day5/Device7/IQ_1.dat,132,10348668,6,6,1,test,diff_days_indoor,5,0,0,0,0,0,0.5011722445487976
data/raw/osu_lora/Diff_Days_Indoor_Setup/Day5/Device7/IQ_1.dat,133,10427067,6,5,0,test,diff_days_indoor,5,0,0,0,0,0,0.42636874318122864
data/raw/osu_lora/Diff_Days_Indoor_Setup/Day5/Device7/IQ_1.dat,134,10505466,6,6,1,test,diff_days_indoor,5,0,0,0,0,0,0.49204936623573303
data/raw/osu_lora/Diff_Days_Indoor_Setup/Day5/Device7/IQ_1.dat,135,10583865,6,0,0,test,diff_days_indoor,5,0,0,0,0,0,0.3377235233783722
data/raw/osu_lora/Diff_Days_Indoor_Setup/Day5/Device7/IQ_1.dat,136,10662264,6,5,0,test,diff_days_indoor,5,0,0,0,0,0,0.6730602979660034
data/raw/osu_lora/Diff_Days_Indoor_Setup/Day5/Device7/IQ_1.dat,137,10740663,6,5,0,test,diff_days_indoor,5,0,0,0,0,0,0.572319507598877
data/raw/osu_lora/Diff_Days_Indoor_Setup/Day5/Device7/IQ_1.dat,138,10819062,6,6,1,test,diff_days_indoor,5,0,0,0,0,0,0.573445200920105
data/raw/osu_lora/Diff_Days_Indoor_Setup/Day5/Device7/IQ_1.dat,139,10897461,6,5,0,test,diff_days_indoor,5,0,0,0,0,0,0.4563107192516327
data/raw/osu_lora/Diff_Days_Indoor_Setup/Day5/Device7/IQ_1.dat,140,10975860,6,2,0,test,diff_days_indoor,5,0,0,0,0,0,0.25801795721054077
data/raw/osu_lora/Diff_Days_Indoor_Setup/Day5/Device7/IQ_1.dat,141,11054259,6,6,1,test,diff_days_indoor,5,0,0,0,0,0,0.514966607093811
data/raw/osu_lora/Diff_Days_Indoor_Setup/Day5/Device7/IQ_1.dat,142,11132658,6,6,1,test,diff_days_indoor,5,0,0,0,0,0,0.3485434353351593
data/raw/osu_lora/Diff_Days_Indoor_Setup/Day5/Device7/IQ_1.dat,143,11211057,6,6,1,test,diff_days_indoor,5,0,0,0,0,0,0.2601647973060608
data/raw/osu_lora/Diff_Days_Indoor_Setup/Day5/Device7/IQ_1.dat,144,11289456,6,6,1,test,diff_days_indoor,5,0,0,0,0,0,0.30142101645469666
data/raw/osu_lora/Diff_Days_Indoor_Setup/Day5/Device7/IQ_1.dat,145,11367855,6,6,1,test,diff_days_indoor,5,0,0,0,0,0,0.38702067732810974
data/raw/osu_lora/Diff_Days_Indoor_Setup/Day5/Device7/IQ_1.dat,146,11446254,6,20,0,test,diff_days_indoor,5,0,0,0,0,0,0.2446776032447815
data/raw/osu_lora/Diff_Days_Indoor_Setup/Day5/Device7/IQ_1.dat,147,11524653,6,5,0,test,diff_days_indoor,5,0,0,0,0,0,0.4424924850463867
data/raw/osu_lora/Diff_Days_Indoor_Setup/Day5/Device7/IQ_1.dat,148,11603052,6,20,0,test,diff_days_indoor,5,0,0,0,0,0,0.47375985980033875
data/raw/osu_lora/Diff_Days_Indoor_Setup/Day5/Device7/IQ_1.dat,149,11681451,6,6,1,test,diff_days_indoor,5,0,0,0,0,0,0.2722970247268677
data/raw/osu_lora/Diff_Days_Indoor_Setup/Day5/Device7/IQ_1.dat,150,11759850,6,6,1,test,diff_days_indoor,5,0,0,0,0,0,0.6100602746009827
data/raw/osu_lora/Diff_Days_Indoor_Setup/Day5/Device7/IQ_1.dat,151,11838249,6,6,1,test,diff_days_indoor,5,0,0,0,0,0,0.5095258951187134
data/raw/osu_lora/Diff_Days_Indoor_Setup/Day5/Device7/IQ_1.dat,152,11916648,6,6,1,test,diff_days_indoor,5,0,0,0,0,0,0.5848208665847778
data/raw/osu_lora/Diff_Days_Indoor_Setup/Day5/Device7/IQ_1.dat,153,11995047,6,6,1,test,diff_days_indoor,5,0,0,0,0,0,0.6286904215812683
data/raw/osu_lora/Diff_Days_Indoor_Setup/Day5/Device7/IQ_1.dat,154,12073446,6,6,1,test,diff_days_indoor,5,0,0,0,0,0,0.5877549052238464
data/raw/osu_lora/Diff_Days_Indoor_Setup/Day5/Device7/IQ_1.dat,155,12151845,6,6,1,test,diff_days_indoor,5,0,0,0,0,0,0.31128400564193726
data/raw/osu_lora/Diff_Days_Indoor_Setup/Day5/Device7/IQ_1.dat,156,12230244,6,6,1,test,diff_days_indoor,5,0,0,0,0,0,0.42509815096855164
data/raw/osu_lora/Diff_Days_Indoor_Setup/Day5/Device7/IQ_1.dat,157,12308643,6,5,0,test,diff_days_indoor,5,0,0,0,0,0,0.5426326394081116
data/raw/osu_lora/Diff_Days_Indoor_Setup/Day5/Device7/IQ_1.dat,158,12387042,6,5,0,test,diff_days_indoor,5,0,0,0,0,0,0.2788153886795044
data/raw/osu_lora/Diff_Days_Indoor_Setup/Day5/Device7/IQ_1.dat,159,12465441,6,2,0,test,diff_days_indoor,5,0,0,0,0,0,0.24667701125144958
data/raw/osu_lora/Diff_Days_Indoor_Setup/Day5/Device7/IQ_1.dat,160,12543840,6,6,1,test,diff_days_indoor,5,0,0,0,0,0,0.5780644416809082
data/raw/osu_lora/Diff_Days_Indoor_Setup/Day5/Device7/IQ_1.dat,161,12622239,6,6,1,test,diff_days_indoor,5,0,0,0,0,0,0.6781542301177979
data/raw/osu_lora/Diff_Days_Indoor_Setup/Day5/Device7/IQ_1.dat,162,12700638,6,4,0,test,diff_days_indoor,5,0,0,0,0,0,0.07829292118549347
data/raw/osu_lora/Diff_Days_Indoor_Setup/Day5/Device7/IQ_1.dat,163,12779037,6,6,1,test,diff_days_indoor,5,0,0,0,0,0,0.4452863931655884
data/raw/osu_lora/Diff_Days_Indoor_Setup/Day5/Device7/IQ_1.dat,164,12857436,6,6,1,test,diff_days_indoor,5,0,0,0,0,0,0.7940331101417542
data/raw/osu_lora/Diff_Days_Indoor_Setup/Day5/Device7/IQ_1.dat,165,12935835,6,6,1,test,diff_days_indoor,5,0,0,0,0,0,0.6862217783927917
data/raw/osu_lora/Diff_Days_Indoor_Setup/Day5/Device7/IQ_1.dat,166,13014234,6,6,1,test,diff_days_indoor,5,0,0,0,0,0,0.6937012672424316
data/raw/osu_lora/Diff_Days_Indoor_Setup/Day5/Device7/IQ_1.dat,167,13092633,6,6,1,test,diff_days_indoor,5,0,0,0,0,0,0.6047186255455017
data/raw/osu_lora/Diff_Days_Indoor_Setup/Day5/Device7/IQ_1.dat,168,13171032,6,19,0,test,diff_days_indoor,5,0,0,0,0,0,0.24924130737781525
data/raw/osu_lora/Diff_Days_Indoor_Setup/Day5/Device7/IQ_1.dat,169,13249431,6,6,1,test,diff_days_indoor,5,0,0,0,0,0,0.6321624517440796
data/raw/osu_lora/Diff_Days_Indoor_Setup/Day5/Device7/IQ_1.dat,170,13327830,6,5,0,test,diff_days_indoor,5,0,0,0,0,0,0.30041903257369995
data/raw/osu_lora/Diff_Days_Indoor_Setup/Day5/Device7/IQ_1.dat,171,13406229,6,2,0,test,diff_days_indoor,5,0,0,0,0,0,0.4246453046798706
data/raw/osu_lora/Diff_Days_Indoor_Setup/Day5/Device7/IQ_1.dat,172,13484628,6,6,1,test,diff_days_indoor,5,0,0,0,0,0,0.6224178075790405
data/raw/osu_lora/Diff_Days_Indoor_Setup/Day5/Device7/IQ_1.dat,173,13563027,6,6,1,test,diff_days_indoor,5,0,0,0,0,0,0.4849899411201477
data/raw/osu_lora/Diff_Days_Indoor_Setup/Day5/Device7/IQ_1.dat,174,13641426,6,9,0,test,diff_days_indoor,5,0,0,0,0,0,0.22883865237236023
data/raw/osu_lora/Diff_Days_Indoor_Setup/Day5/Device7/IQ_1.dat,175,13719825,6,8,0,test,diff_days_indoor,5,0,0,0,0,0,0.31018757820129395
data/raw/osu_lora/Diff_Days_Indoor_Setup/Day5/Device7/IQ_1.dat,176,13798224,6,6,1,test,diff_days_indoor,5,0,0,0,0,0,0.6769511103630066
data/raw/osu_lora/Diff_Days_Indoor_Setup/Day5/Device7/IQ_1.dat,177,13876623,6,6,1,test,diff_days_indoor,5,0,0,0,0,0,0.5269518494606018
data/raw/osu_lora/Diff_Days_Indoor_Setup/Day5/Device7/IQ_1.dat,178,13955022,6,6,1,test,diff_days_indoor,5,0,0,0,0,0,0.3253907859325409
data/raw/osu_lora/Diff_Days_Indoor_Setup/Day5/Device7/IQ_1.dat,179,14033421,6,6,1,test,diff_days_indoor,5,0,0,0,0,0,0.3855101466178894
data/raw/osu_lora/Diff_Days_Indoor_Setup/Day5/Device7/IQ_1.dat,180,14111820,6,6,1,test,diff_days_indoor,5,0,0,0,0,0,0.6585142612457275
data/raw/osu_lora/Diff_Days_Indoor_Setup/Day5/Device7/IQ_1.dat,181,14190219,6,23,0,test,diff_days_indoor,5,0,0,0,0,0,0.3220120966434479
data/raw/osu_lora/Diff_Days_Indoor_Setup/Day5/Device7/IQ_1.dat,182,14268618,6,6,1,test,diff_days_indoor,5,0,0,0,0,0,0.686901330947876
data/raw/osu_lora/Diff_Days_Indoor_Setup/Day5/Device7/IQ_1.dat,183,14347017,6,6,1,test,diff_days_indoor,5,0,0,0,0,0,0.4255075752735138
data/raw/osu_lora/Diff_Days_Indoor_Setup/Day5/Device7/IQ_1.dat,184,14425416,6,5,0,test,diff_days_indoor,5,0,0,0,0,0,0.3628605902194977
data/raw/osu_lora/Diff_Days_Indoor_Setup/Day5/Device7/IQ_1.dat,185,14503815,6,5,0,test,diff_days_indoor,5,0,0,0,0,0,0.11742197722196579
data/raw/osu_lora/Diff_Days_Indoor_Setup/Day5/Device7/IQ_1.dat,186,14582214,6,6,1,test,diff_days_indoor,5,0,0,0,0,0,0.613650918006897
data/raw/osu_lora/Diff_Days_Indoor_Setup/Day5/Device7/IQ_1.dat,187,14660613,6,8,0,test,diff_days_indoor,5,0,0,0,0,0,0.25722426176071167
data/raw/osu_lora/Diff_Days_Indoor_Setup/Day5/Device7/IQ_1.dat,188,14739012,6,6,1,test,diff_days_indoor,5,0,0,0,0,0,0.6770130395889282
data/raw/osu_lora/Diff_Days_Indoor_Setup/Day5/Device7/IQ_1.dat,189,14817411,6,6,1,test,diff_days_indoor,5,0,0,0,0,0,0.7452114224433899
data/raw/osu_lora/Diff_Days_Indoor_Setup/Day5/Device7/IQ_1.dat,190,14895810,6,6,1,test,diff_days_indoor,5,0,0,0,0,0,0.31519606709480286
data/raw/osu_lora/Diff_Days_Indoor_Setup/Day5/Device7/IQ_1.dat,191,14974209,6,6,1,test,diff_days_indoor,5,0,0,0,0,0,0.6876860857009888
data/raw/osu_lora/Diff_Days_Indoor_Setup/Day5/Device7/IQ_1.dat,192,15052608,6,0,0,test,diff_days_indoor,5,0,0,0,0,0,0.356426864862442
data/raw/osu_lora/Diff_Days_Indoor_Setup/Day5/Device7/IQ_1.dat,193,15131007,6,6,1,test,diff_days_indoor,5,0,0,0,0,0,0.3621375560760498
data/raw/osu_lora/Diff_Days_Indoor_Setup/Day5/Device7/IQ_1.dat,194,15209406,6,6,1,test,diff_days_indoor,5,0,0,0,0,0,0.2213176190853119
data/raw/osu_lora/Diff_Days_Indoor_Setup/Day5/Device7/IQ_1.dat,195,15287805,6,0,0,test,diff_days_indoor,5,0,0,0,0,0,0.45378613471984863
data/raw/osu_lora/Diff_Days_Indoor_Setup/Day5/Device7/IQ_1.dat,196,15366204,6,6,1,test,diff_days_indoor,5,0,0,0,0,0,0.270091712474823
data/raw/osu_lora/Diff_Days_Indoor_Setup/Day5/Device7/IQ_1.dat,197,15444603,6,6,1,test,diff_days_indoor,5,0,0,0,0,0,0.4899401366710663
data/raw/osu_lora/Diff_Days_Indoor_Setup/Day5/Device7/IQ_1.dat,198,15523002,6,6,1,test,diff_days_indoor,5,0,0,0,0,0,0.4627514183521271
data/raw/osu_lora/Diff_Days_Indoor_Setup/Day5/Device7/IQ_1.dat,199,15601401,6,6,1,test,diff_days_indoor,5,0,0,0,0,0,0.46965929865837097
data/raw/osu_lora/Diff_Days_Indoor_Setup/Day5/Device7/IQ_1.dat,200,15679800,6,6,1,test,diff_days_indoor,5,0,0,0,0,0,0.5934326648712158
data/raw/osu_lora/Diff_Days_Indoor_Setup/Day5/Device7/IQ_1.dat,201,15758199,6,6,1,test,diff_days_indoor,5,0,0,0,0,0,0.4629870653152466
data/raw/osu_lora/Diff_Days_Indoor_Setup/Day5/Device7/IQ_1.dat,202,15836598,6,6,1,test,diff_days_indoor,5,0,0,0,0,0,0.6070597767829895
data/raw/osu_lora/Diff_Days_Indoor_Setup/Day5/Device7/IQ_1.dat,203,15914997,6,6,1,test,diff_days_indoor,5,0,0,0,0,0,0.17703434824943542
data/raw/osu_lora/Diff_Days_Indoor_Setup/Day5/Device7/IQ_1.dat,204,15993396,6,2,0,test,diff_days_indoor,5,0,0,0,0,0,0.410800963640213
data/raw/osu_lora/Diff_Days_Indoor_Setup/Day5/Device7/IQ_1.dat,205,16071795,6,6,1,test,diff_days_indoor,5,0,0,0,0,0,0.4105278253555298
data/raw/osu_lora/Diff_Days_Indoor_Setup/Day5/Device7/IQ_1.dat,206,16150194,6,5,0,test,diff_days_indoor,5,0,0,0,0,0,0.377582848072052
data/raw/osu_lora/Diff_Days_Indoor_Setup/Day5/Device7/IQ_1.dat,207,16228593,6,6,1,test,diff_days_indoor,5,0,0,0,0,0,0.560251772403717
data/raw/osu_lora/Diff_Days_Indoor_Setup/Day5/Device7/IQ_1.dat,208,16306992,6,6,1,test,diff_days_indoor,5,0,0,0,0,0,0.333880752325058
data/raw/osu_lora/Diff_Days_Indoor_Setup/Day5/Device7/IQ_1.dat,209,16385391,6,6,1,test,diff_days_indoor,5,0,0,0,0,0,0.6029159426689148
data/raw/osu_lora/Diff_Days_Indoor_Setup/Day5/Device7/IQ_1.dat,210,16463790,6,6,1,test,diff_days_indoor,5,0,0,0,0,0,0.6774268746376038
data/raw/osu_lora/Diff_Days_Indoor_Setup/Day5/Device7/IQ_1.dat,211,16542189,6,6,1,test,diff_days_indoor,5,0,0,0,0,0,0.6872646808624268
data/raw/osu_lora/Diff_Days_Indoor_Setup/Day5/Device7/IQ_1.dat,212,16620588,6,6,1,test,diff_days_indoor,5,0,0,0,0,0,0.26361581683158875
data/raw/osu_lora/Diff_Days_Indoor_Setup/Day5/Device7/IQ_1.dat,213,16698987,6,6,1,test,diff_days_indoor,5,0,0,0,0,0,0.46542122960090637
data/raw/osu_lora/Diff_Days_Indoor_Setup/Day5/Device7/IQ_1.dat,214,16777386,6,5,0,test,diff_days_indoor,5,0,0,0,0,0,0.3571638762950897
data/raw/osu_lora/Diff_Days_Indoor_Setup/Day5/Device7/IQ_1.dat,215,16855785,6,6,1,test,diff_days_indoor,5,0,0,0,0,0,0.7544889450073242
data/raw/osu_lora/Diff_Days_Indoor_Setup/Day5/Device7/IQ_1.dat,216,16934184,6,5,0,test,diff_days_indoor,5,0,0,0,0,0,0.4127867519855499
data/raw/osu_lora/Diff_Days_Indoor_Setup/Day5/Device7/IQ_1.dat,217,17012583,6,6,1,test,diff_days_indoor,5,0,0,0,0,0,0.5385223627090454
data/raw/osu_lora/Diff_Days_Indoor_Setup/Day5/Device7/IQ_1.dat,218,17090982,6,6,1,test,diff_days_indoor,5,0,0,0,0,0,0.4173041582107544
data/raw/osu_lora/Diff_Days_Indoor_Setup/Day5/Device7/IQ_1.dat,219,17169381,6,6,1,test,diff_days_indoor,5,0,0,0,0,0,0.3368382155895233
data/raw/osu_lora/Diff_Days_Indoor_Setup/Day5/Device7/IQ_1.dat,220,17247780,6,6,1,test,diff_days_indoor,5,0,0,0,0,0,0.2681610882282257
data/raw/osu_lora/Diff_Days_Indoor_Setup/Day5/Device7/IQ_1.dat,221,17326179,6,6,1,test,diff_days_indoor,5,0,0,0,0,0,0.3232881426811218
data/raw/osu_lora/Diff_Days_Indoor_Setup/Day5/Device7/IQ_1.dat,222,17404578,6,6,1,test,diff_days_indoor,5,0,0,0,0,0,0.41855528950691223
data/raw/osu_lora/Diff_Days_Indoor_Setup/Day5/Device7/IQ_1.dat,223,17482977,6,6,1,test,diff_days_indoor,5,0,0,0,0,0,0.6146422028541565
data/raw/osu_lora/Diff_Days_Indoor_Setup/Day5/Device7/IQ_1.dat,224,17561376,6,6,1,test,diff_days_indoor,5,0,0,0,0,0,0.6659219861030579
data/raw/osu_lora/Diff_Days_Indoor_Setup/Day5/Device7/IQ_1.dat,225,17639775,6,6,1,test,diff_days_indoor,5,0,0,0,0,0,0.3165116012096405
data/raw/osu_lora/Diff_Days_Indoor_Setup/Day5/Device7/IQ_1.dat,226,17718174,6,6,1,test,diff_days_indoor,5,0,0,0,0,0,0.5439151525497437
data/raw/osu_lora/Diff_Days_Indoor_Setup/Day5/Device7/IQ_1.dat,227,17796573,6,19,0,test,diff_days_indoor,5,0,0,0,0,0,0.22271056473255157
data/raw/osu_lora/Diff_Days_Indoor_Setup/Day5/Device7/IQ_1.dat,228,17874972,6,8,0,test,diff_days_indoor,5,0,0,0,0,0,0.43872636556625366
data/raw/osu_lora/Diff_Days_Indoor_Setup/Day5/Device7/IQ_1.dat,229,17953371,6,20,0,test,diff_days_indoor,5,0,0,0,0,0,0.46749892830848694
data/raw/osu_lora/Diff_Days_Indoor_Setup/Day5/Device7/IQ_1.dat,230,18031770,6,5,0,test,diff_days_indoor,5,0,0,0,0,0,0.346709668636322
data/raw/osu_lora/Diff_Days_Indoor_Setup/Day5/Device7/IQ_1.dat,231,18110169,6,5,0,test,diff_days_indoor,5,0,0,0,0,0,0.5933896899223328
data/raw/osu_lora/Diff_Days_Indoor_Setup/Day5/Device7/IQ_1.dat,232,18188568,6,2,0,test,diff_days_indoor,5,0,0,0,0,0,0.3734661340713501
data/raw/osu_lora/Diff_Days_Indoor_Setup/Day5/Device7/IQ_1.dat,233,18266967,6,6,1,test,diff_days_indoor,5,0,0,0,0,0,0.569808840751648
data/raw/osu_lora/Diff_Days_Indoor_Setup/Day5/Device7/IQ_1.dat,234,18345366,6,6,1,test,diff_days_indoor,5,0,0,0,0,0,0.3660726547241211
data/raw/osu_lora/Diff_Days_Indoor_Setup/Day5/Device7/IQ_1.dat,235,18423765,6,9,0,test,diff_days_indoor,5,0,0,0,0,0,0.09936332702636719
data/raw/osu_lora/Diff_Days_Indoor_Setup/Day5/Device7/IQ_1.dat,236,18502164,6,6,1,test,diff_days_indoor,5,0,0,0,0,0,0.7584246397018433
data/raw/osu_lora/Diff_Days_Indoor_Setup/Day5/Device7/IQ_1.dat,237,18580563,6,6,1,test,diff_days_indoor,5,0,0,0,0,0,0.32369592785835266
data/raw/osu_lora/Diff_Days_Indoor_Setup/Day5/Device7/IQ_1.dat,238,18658962,6,6,1,test,diff_days_indoor,5,0,0,0,0,0,0.4938473701477051
data/raw/osu_lora/Diff_Days_Indoor_Setup/Day5/Device7/IQ_1.dat,239,18737361,6,6,1,test,diff_days_indoor,5,0,0,0,0,0,0.2863776981830597
data/raw/osu_lora/Diff_Days_Indoor_Setup/Day5/Device7/IQ_1.dat,240,18815760,6,6,1,test,diff_days_indoor,5,0,0,0,0,0,0.6267262697219849
data/raw/osu_lora/Diff_Days_Indoor_Setup/Day5/Device7/IQ_1.dat,241,18894159,6,16,0,test,diff_days_indoor,5,0,0,0,0,0,0.1822778880596161
data/raw/osu_lora/Diff_Days_Indoor_Setup/Day5/Device7/IQ_1.dat,242,18972558,6,5,0,test,diff_days_indoor,5,0,0,0,0,0,0.4367901384830475
data/raw/osu_lora/Diff_Days_Indoor_Setup/Day5/Device7/IQ_1.dat,243,19050957,6,6,1,test,diff_days_indoor,5,0,0,0,0,0,0.5493736863136292
data/raw/osu_lora/Diff_Days_Indoor_Setup/Day5/Device7/IQ_1.dat,244,19129356,6,2,0,test,diff_days_indoor,5,0,0,0,0,0,0.22911964356899261
data/raw/osu_lora/Diff_Days_Indoor_Setup/Day5/Device7/IQ_1.dat,245,19207755,6,6,1,test,diff_days_indoor,5,0,0,0,0,0,0.22195373475551605
data/raw/osu_lora/Diff_Days_Indoor_Setup/Day5/Device7/IQ_1.dat,246,19286154,6,0,0,test,diff_days_indoor,5,0,0,0,0,0,0.24390454590320587
data/raw/osu_lora/Diff_Days_Indoor_Setup/Day5/Device7/IQ_1.dat,247,19364553,6,20,0,test,diff_days_indoor,5,0,0,0,0,0,0.41530826687812805
data/raw/osu_lora/Diff_Days_Indoor_Setup/Day5/Device7/IQ_1.dat,248,19442952,6,6,1,test,diff_days_indoor,5,0,0,0,0,0,0.6470997929573059
data/raw/osu_lora/Diff_Days_Indoor_Setup/Day5/Device7/IQ_1.dat,249,19521351,6,6,1,test,diff_days_indoor,5,0,0,0,0,0,0.6872067451477051
data/raw/osu_lora/Diff_Days_Indoor_Setup/Day5/Device7/IQ_1.dat,250,19599750,6,7,0,test,diff_days_indoor,5,0,0,0,0,0,0.33604931831359863
data/raw/osu_lora/Diff_Days_Indoor_Setup/Day5/Device7/IQ_1.dat,251,19678149,6,6,1,test,diff_days_indoor,5,0,0,0,0,0,0.35602667927742004
data/raw/osu_lora/Diff_Days_Indoor_Setup/Day5/Device7/IQ_1.dat,252,19756548,6,20,0,test,diff_days_indoor,5,0,0,0,0,0,0.2994333803653717
data/raw/osu_lora/Diff_Days_Indoor_Setup/Day5/Device7/IQ_1.dat,253,19834947,6,5,0,test,diff_days_indoor,5,0,0,0,0,0,0.3836851418018341
data/raw/osu_lora/Diff_Days_Indoor_Setup/Day5/Device7/IQ_1.dat,254,19913346,6,5,0,test,diff_days_indoor,5,0,0,0,0,0,0.2859049141407013
data/raw/osu_lora/Diff_Days_Indoor_Setup/Day5/Device7/IQ_1.dat,255,19991745,6,6,1,test,diff_days_indoor,5,0,0,0,0,0,0.4501075744628906
data/raw/osu_lora/Diff_Days_Indoor_Setup/Day5/Device8/IQ_1.dat,0,0,7,17,0,test,diff_days_indoor,5,0,0,0,0,0,0.2380378544330597
data/raw/osu_lora/Diff_Days_Indoor_Setup/Day5/Device8/IQ_1.dat,1,78399,7,22,0,test,diff_days_indoor,5,0,0,0,0,0,0.20249274373054504
data/raw/osu_lora/Diff_Days_Indoor_Setup/Day5/Device8/IQ_1.dat,2,156798,7,13,0,test,diff_days_indoor,5,0,0,0,0,0,0.2207331359386444
data/raw/osu_lora/Diff_Days_Indoor_Setup/Day5/Device8/IQ_1.dat,3,235197,7,7,1,test,diff_days_indoor,5,0,0,0,0,0,0.38408249616622925
data/raw/osu_lora/Diff_Days_Indoor_Setup/Day5/Device8/IQ_1.dat,4,313596,7,12,0,test,diff_days_indoor,5,0,0,0,0,0,0.34906473755836487
data/raw/osu_lora/Diff_Days_Indoor_Setup/Day5/Device8/IQ_1.dat,5,391995,7,9,0,test,diff_days_indoor,5,0,0,0,0,0,0.19192369282245636
data/raw/osu_lora/Diff_Days_Indoor_Setup/Day5/Device8/IQ_1.dat,6,470394,7,7,1,test,diff_days_indoor,5,0,0,0,0,0,0.35097286105155945
data/raw/osu_lora/Diff_Days_Indoor_Setup/Day5/Device8/IQ_1.dat,7,548793,7,15,0,test,diff_days_indoor,5,0,0,0,0,0,0.3046870827674866
data/raw/osu_lora/Diff_Days_Indoor_Setup/Day5/Device8/IQ_1.dat,8,627192,7,9,0,test,diff_days_indoor,5,0,0,0,0,0,0.29852205514907837
data/raw/osu_lora/Diff_Days_Indoor_Setup/Day5/Device8/IQ_1.dat,9,705591,7,11,0,test,diff_days_indoor,5,0,0,0,0,0,0.21258144080638885
data/raw/osu_lora/Diff_Days_Indoor_Setup/Day5/Device8/IQ_1.dat,10,783990,7,17,0,test,diff_days_indoor,5,0,0,0,0,0,0.19722174108028412
data/raw/osu_lora/Diff_Days_Indoor_Setup/Day5/Device8/IQ_1.dat,11,862389,7,17,0,test,diff_days_indoor,5,0,0,0,0,0,0.2941436767578125
data/raw/osu_lora/Diff_Days_Indoor_Setup/Day5/Device8/IQ_1.dat,12,940788,7,23,0,test,diff_days_indoor,5,0,0,0,0,0,0.3710893988609314
data/raw/osu_lora/Diff_Days_Indoor_Setup/Day5/Device8/IQ_1.dat,13,1019187,7,7,1,test,diff_days_indoor,5,0,0,0,0,0,0.23845484852790833
data/raw/osu_lora/Diff_Days_Indoor_Setup/Day5/Device8/IQ_1.dat,14,1097586,7,17,0,test,diff_days_indoor,5,0,0,0,0,0,0.4445958137512207
data/raw/osu_lora/Diff_Days_Indoor_Setup/Day5/Device8/IQ_1.dat,15,1175985,7,17,0,test,diff_days_indoor,5,0,0,0,0,0,0.2544272541999817
data/raw/osu_lora/Diff_Days_Indoor_Setup/Day5/Device8/IQ_1.dat,16,1254384,7,22,0,test,diff_days_indoor,5,0,0,0,0,0,0.32683834433555603
data/raw/osu_lora/Diff_Days_Indoor_Setup/Day5/Device8/IQ_1.dat,17,1332783,7,17,0,test,diff_days_indoor,5,0,0,0,0,0,0.3496304750442505
data/raw/osu_lora/Diff_Days_Indoor_Setup/Day5/Device8/IQ_1.dat,18,1411182,7,8,0,test,diff_days_indoor,5,0,0,0,0,0,0.2725229561328888
data/raw/osu_lora/Diff_Days_Indoor_Setup/Day5/Device8/IQ_1.dat,19,1489581,7,17,0,test,diff_days_indoor,5,0,0,0,0,0,0.5169097185134888
data/raw/osu_lora/Diff_Days_Indoor_Setup/Day5/Device8/IQ_1.dat,20,1567980,7,23,0,test,diff_days_indoor,5,0,0,0,0,0,0.29708486795425415
data/raw/osu_lora/Diff_Days_Indoor_Setup/Day5/Device8/IQ_1.dat,21,1646379,7,4,0,test,diff_days_indoor,5,0,0,0,0,0,0.16604989767074585
data/raw/osu_lora/Diff_Days_Indoor_Setup/Day5/Device8/IQ_1.dat,22,1724778,7,17,0,test,diff_days_indoor,5,0,0,0,0,0,0.23556044697761536
data/raw/osu_lora/Diff_Days_Indoor_Setup/Day5/Device8/IQ_1.dat,23,1803177,7,23,0,test,diff_days_indoor,5,0,0,0,0,0,0.34558185935020447
data/raw/osu_lora/Diff_Days_Indoor_Setup/Day5/Device8/IQ_1.dat,24,1881576,7,17,0,test,diff_days_indoor,5,0,0,0,0,0,0.25606024265289307
data/raw/osu_lora/Diff_Days_Indoor_Setup/Day5/Device8/IQ_1.dat,25,1959975,7,9,0,test,diff_days_indoor,5,0,0,0,0,0,0.16291750967502594
data/raw/osu_lora/Diff_Days_Indoor_Setup/Day5/Device8/IQ_1.dat,26,2038374,7,17,0,test,diff_days_indoor,5,0,0,0,0,0,0.4156350791454315
data/raw/osu_lora/Diff_Days_Indoor_Setup/Day5/Device8/IQ_1.dat,27,2116773,7,7,1,test,diff_days_indoor,5,0,0,0,0,0,0.3437311053276062
data/raw/osu_lora/Diff_Days_Indoor_Setup/Day5/Device8/IQ_1.dat,28,2195172,7,7,1,test,diff_days_indoor,5,0,0,0,0,0,0.33863458037376404
data/raw/osu_lora/Diff_Days_Indoor_Setup/Day5/Device8/IQ_1.dat,29,2273571,7,17,0,test,diff_days_indoor,5,0,0,0,0,0,0.3308399021625519
data/raw/osu_lora/Diff_Days_Indoor_Setup/Day5/Device8/IQ_1.dat,30,2351970,7,17,0,test,diff_days_indoor,5,0,0,0,0,0,0.21903903782367706
data/raw/osu_lora/Diff_Days_Indoor_Setup/Day5/Device8/IQ_1.dat,31,2430369,7,19,0,test,diff_days_indoor,5,0,0,0,0,0,0.1634199619293213
data/raw/osu_lora/Diff_Days_Indoor_Setup/Day5/Device8/IQ_1.dat,32,2508768,7,17,0,test,diff_days_indoor,5,0,0,0,0,0,0.4200591444969177
data/raw/osu_lora/Diff_Days_Indoor_Setup/Day5/Device8/IQ_1.dat,33,2587167,7,17,0,test,diff_days_indoor,5,0,0,0,0,0,0.3665131628513336
data/raw/osu_lora/Diff_Days_Indoor_Setup/Day5/Device8/IQ_1.dat,34,2665566,7,12,0,test,diff_days_indoor,5,0,0,0,0,0,0.23128046095371246
data/raw/osu_lora/Diff_Days_Indoor_Setup/Day5/Device8/IQ_1.dat,35,2743965,7,7,1,test,diff_days_indoor,5,0,0,0,0,0,0.42214250564575195
data/raw/osu_lora/Diff_Days_Indoor_Setup/Day5/Device8/IQ_1.dat,36,2822364,7,7,1,test,diff_days_indoor,5,0,0,0,0,0,0.2045549750328064
data/raw/osu_lora/Diff_Days_Indoor_Setup/Day5/Device8/IQ_1.dat,37,2900763,7,11,0,test,diff_days_indoor,5,0,0,0,0,0,0.4392179548740387
data/raw/osu_lora/Diff_Days_Indoor_Setup/Day5/Device8/IQ_1.dat,38,2979162,7,22,0,test,diff_days_indoor,5,0,0,0,0,0,0.255777508020401
data/raw/osu_lora/Diff_Days_Indoor_Setup/Day5/Device8/IQ_1.dat,39,3057561,7,12,0,test,diff_days_indoor,5,0,0,0,0,0,0.30047011375427246
data/raw/osu_lora/Diff_Days_Indoor_Setup/Day5/Device8/IQ_1.dat,40,3135960,7,15,0,test,diff_days_indoor,5,0,0,0,0,0,0.2792968451976776
data/raw/osu_lora/Diff_Days_Indoor_Setup/Day5/Device8/IQ_1.dat,41,3214359,7,17,0,test,diff_days_indoor,5,0,0,0,0,0,0.3034745454788208
data/raw/osu_lora/Diff_Days_Indoor_Setup/Day5/Device8/IQ_1.dat,42,3292758,7,17,0,test,diff_days_indoor,5,0,0,0,0,0,0.2967855632305145
data/raw/osu_lora/Diff_Days_Indoor_Setup/Day5/Device8/IQ_1.dat,43,3371157,7,19,0,test,diff_days_indoor,5,0,0,0,0,0,0.17870955169200897
data/raw/osu_lora/Diff_Days_Indoor_Setup/Day5/Device8/IQ_1.dat,44,3449556,7,22,0,test,diff_days_indoor,5,0,0,0,0,0,0.4446903169155121
data/raw/osu_lora/Diff_Days_Indoor_Setup/Day5/Device8/IQ_1.dat,45,3527955,7,15,0,test,diff_days_indoor,5,0,0,0,0,0,0.18606196343898773
data/raw/osu_lora/Diff_Days_Indoor_Setup/Day5/Device8/IQ_1.dat,46,3606354,7,17,0,test,diff_days_indoor,5,0,0,0,0,0,0.400768518447876
data/raw/osu_lora/Diff_Days_Indoor_Setup/Day5/Device8/IQ_1.dat,47,3684753,7,3,0,test,diff_days_indoor,5,0,0,0,0,0,0.1498752385377884
data/raw/osu_lora/Diff_Days_Indoor_Setup/Day5/Device8/IQ_1.dat,48,3763152,7,16,0,test,diff_days_indoor,5,0,0,0,0,0,0.25925156474113464
data/raw/osu_lora/Diff_Days_Indoor_Setup/Day5/Device8/IQ_1.dat,49,3841551,7,7,1,test,diff_days_indoor,5,0,0,0,0,0,0.18711774051189423
data/raw/osu_lora/Diff_Days_Indoor_Setup/Day5/Device8/IQ_1.dat,50,3919950,7,17,0,test,diff_days_indoor,5,0,0,0,0,0,0.29261574149131775
data/raw/osu_lora/Diff_Days_Indoor_Setup/Day5/Device8/IQ_1.dat,51,3998349,7,17,0,test,diff_days_indoor,5,0,0,0,0,0,0.2622471749782562
data/raw/osu_lora/Diff_Days_Indoor_Setup/Day5/Device8/IQ_1.dat,52,4076748,7,12,0,test,diff_days_indoor,5,0,0,0,0,0,0.2169550508260727
data/raw/osu_lora/Diff_Days_Indoor_Setup/Day5/Device8/IQ_1.dat,53,4155147,7,17,0,test,diff_days_indoor,5,0,0,0,0,0,0.19217820465564728
data/raw/osu_lora/Diff_Days_Indoor_Setup/Day5/Device8/IQ_1.dat,54,4233546,7,12,0,test,diff_days_indoor,5,0,0,0,0,0,0.2371542751789093
data/raw/osu_lora/Diff_Days_Indoor_Setup/Day5/Device8/IQ_1.dat,55,4311945,7,17,0,test,diff_days_indoor,5,0,0,0,0,0,0.2849610149860382
data/raw/osu_lora/Diff_Days_Indoor_Setup/Day5/Device8/IQ_1.dat,56,4390344,7,17,0,test,diff_days_indoor,5,0,0,0,0,0,0.5082207918167114
data/raw/osu_lora/Diff_Days_Indoor_Setup/Day5/Device8/IQ_1.dat,57,4468743,7,23,0,test,diff_days_indoor,5,0,0,0,0,0,0.33661893010139465
data/raw/osu_lora/Diff_Days_Indoor_Setup/Day5/Device8/IQ_1.dat,58,4547142,7,7,1,test,diff_days_indoor,5,0,0,0,0,0,0.30029234290122986
data/raw/osu_lora/Diff_Days_Indoor_Setup/Day5/Device8/IQ_1.dat,59,4625541,7,17,0,test,diff_days_indoor,5,0,0,0,0,0,0.2556972801685333
data/raw/osu_lora/Diff_Days_Indoor_Setup/Day5/Device8/IQ_1.dat,60,4703940,7,17,0,test,diff_days_indoor,5,0,0,0,0,0,0.3905597925186157
data/raw/osu_lora/Diff_Days_Indoor_Setup/Day5/Device8/IQ_1.dat,61,4782339,7,15,0,test,diff_days_indoor,5,0,0,0,0,0,0.2224240005016327
data/raw/osu_lora/Diff_Days_Indoor_Setup/Day5/Device8/IQ_1.dat,62,4860738,7,15,0,test,diff_days_indoor,5,0,0,0,0,0,0.21013124287128448
data/raw/osu_lora/Diff_Days_Indoor_Setup/Day5/Device8/IQ_1.dat,63,4939137,7,15,0,test,diff_days_indoor,5,0,0,0,0,0,0.21335208415985107
data/raw/osu_lora/Diff_Days_Indoor_Setup/Day5/Device8/IQ_1.dat,64,5017536,7,12,0,test,diff_days_indoor,5,0,0,0,0,0,0.34896615147590637
data/raw/osu_lora/Diff_Days_Indoor_Setup/Day5/Device8/IQ_1.dat,65,5095935,7,17,0,test,diff_days_indoor,5,0,0,0,0,0,0.31966209411621094
data/raw/osu_lora/Diff_Days_Indoor_Setup/Day5/Device8/IQ_1.dat,66,5174334,7,10,0,test,diff_days_indoor,5,0,0,0,0,0,0.33646875619888306
data/raw/osu_lora/Diff_Days_Indoor_Setup/Day5/Device8/IQ_1.dat,67,5252733,7,17,0,test,diff_days_indoor,5,0,0,0,0,0,0.2559906542301178
data/raw/osu_lora/Diff_Days_Indoor_Setup/Day5/Device8/IQ_1.dat,68,5331132,7,17,0,test,diff_days_indoor,5,0,0,0,0,0,0.4923309087753296
data/raw/osu_lora/Diff_Days_Indoor_Setup/Day5/Device8/IQ_1.dat,69,5409531,7,17,0,test,diff_days_indoor,5,0,0,0,0,0,0.17278483510017395
data/raw/osu_lora/Diff_Days_Indoor_Setup/Day5/Device8/IQ_1.dat,70,5487930,7,17,0,test,diff_days_indoor,5,0,0,0,0,0,0.3194478154182434
data/raw/osu_lora/Diff_Days_Indoor_Setup/Day5/Device8/IQ_1.dat,71,5566329,7,10,0,test,diff_days_indoor,5,0,0,0,0,0,0.2034740447998047
data/raw/osu_lora/Diff_Days_Indoor_Setup/Day5/Device8/IQ_1.dat,72,5644728,7,4,0,test,diff_days_indoor,5,0,0,0,0,0,0.46248140931129456
data/raw/osu_lora/Diff_Days_Indoor_Setup/Day5/Device8/IQ_1.dat,73,5723127,7,7,1,test,diff_days_indoor,5,0,0,0,0,0,0.3692694902420044
data/raw/osu_lora/Diff_Days_Indoor_Setup/Day5/Device8/IQ_1.dat,74,5801526,7,17,0,test,diff_days_indoor,5,0,0,0,0,0,0.2618211805820465
data/raw/osu_lora/Diff_Days_Indoor_Setup/Day5/Device8/IQ_1.dat,75,5879925,7,17,0,test,diff_days_indoor,5,0,0,0,0,0,0.2454363852739334
data/raw/osu_lora/Diff_Days_Indoor_Setup/Day5/Device8/IQ_1.dat,76,5958324,7,17,0,test,diff_days_indoor,5,0,0,0,0,0,0.4408906102180481
data/raw/osu_lora/Diff_Days_Indoor_Setup/Day5/Device8/IQ_1.dat,77,6036723,7,7,1,test,diff_days_indoor,5,0,0,0,0,0,0.25165581703186035
data/raw/osu_lora/Diff_Days_Indoor_Setup/Day5/Device8/IQ_1.dat,78,6115122,7,17,0,test,diff_days_indoor,5,0,0,0,0,0,0.18253836035728455
data/raw/osu_lora/Diff_Days_Indoor_Setup/Day5/Device8/IQ_1.dat,79,6193521,7,15,0,test,diff_days_indoor,5,0,0,0,0,0,0.2688540816307068
data/raw/osu_lora/Diff_Days_Indoor_Setup/Day5/Device8/IQ_1.dat,80,6271920,7,17,0,test,diff_days_indoor,5,0,0,0,0,0,0.4173749089241028
data/raw/osu_lora/Diff_Days_Indoor_Setup/Day5/Device8/IQ_1.dat,81,6350319,7,23,0,test,diff_days_indoor,5,0,0,0,0,0,0.41237872838974
data/raw/osu_lora/Diff_Days_Indoor_Setup/Day5/Device8/IQ_1.dat,82,6428718,7,17,0,test,diff_days_indoor,5,0,0,0,0,0,0.3076567053794861
data/raw/osu_lora/Diff_Days_Indoor_Setup/Day5/Device8/IQ_1.dat,83,6507117,7,19,0,test,diff_days_indoor,5,0,0,0,0,0,0.23703329265117645
data/raw/osu_lora/Diff_Days_Indoor_Setup/Day5/Device8/IQ_1.dat,84,6585516,7,17,0,test,diff_days_indoor,5,0,0,0,0,0,0.34175875782966614
data/raw/osu_lora/Diff_Days_Indoor_Setup/Day5/Device8/IQ_1.dat,85,6663915,7,17,0,test,diff_days_indoor,5,0,0,0,0,0,0.2687124013900757
data/raw/osu_lora/Diff_Days_Indoor_Setup/Day5/Device8/IQ_1.dat,86,6742314,7,15,0,test,diff_days_indoor,5,0,0,0,0,0,0.2438115030527115
data/raw/osu_lora/Diff_Days_Indoor_Setup/Day5/Device8/IQ_1.dat,87,6820713,7,15,0,test,diff_days_indoor,5,0,0,0,0,0,0.26589012145996094
data/raw/osu_lora/Diff_Days_Indoor_Setup/Day5/Device8/IQ_1.dat,88,6899112,7,17,0,test,diff_days_indoor,5,0,0,0,0,0,0.2508782744407654
data/raw/osu_lora/Diff_Days_Indoor_Setup/Day5/Device8/IQ_1.dat,89,6977511,7,22,0,test,diff_days_indoor,5,0,0,0,0,0,0.4778672456741333
data/raw/osu_lora/Diff_Days_Indoor_Setup/Day5/Device8/IQ_1.dat,90,7055910,7,17,0,test,diff_days_indoor,5,0,0,0,0,0,0.2576539218425751
data/raw/osu_lora/Diff_Days_Indoor_Setup/Day5/Device8/IQ_1.dat,91,7134309,7,23,0,test,diff_days_indoor,5,0,0,0,0,0,0.4810008108615875
data/raw/osu_lora/Diff_Days_Indoor_Setup/Day5/Device8/IQ_1.dat,92,7212708,7,8,0,test,diff_days_indoor,5,0,0,0,0,0,0.20808999240398407
data/raw/osu_lora/Diff_Days_Indoor_Setup/Day5/Device8/IQ_1.dat,93,7291107,7,7,1,test,diff_days_indoor,5,0,0,0,0,0,0.28153496980667114
data/raw/osu_lora/Diff_Days_Indoor_Setup/Day5/Device8/IQ_1.dat,94,7369506,7,22,0,test,diff_days_indoor,5,0,0,0,0,0,0.12965664267539978
data/raw/osu_lora/Diff_Days_Indoor_Setup/Day5/Device8/IQ_1.dat,95,7447905,7,23,0,test,diff_days_indoor,5,0,0,0,0,0,0.2752305865287781
data/raw/osu_lora/Diff_Days_Indoor_Setup/Day5/Device8/IQ_1.dat,96,7526304,7,17,0,test,diff_days_indoor,5,0,0,0,0,0,0.4122333824634552
data/raw/osu_lora/Diff_Days_Indoor_Setup/Day5/Device8/IQ_1.dat,97,7604703,7,17,0,test,diff_days_indoor,5,0,0,0,0,0,0.2947920858860016
data/raw/osu_lora/Diff_Days_Indoor_Setup/Day5/Device8/IQ_1.dat,98,7683102,7,7,1,test,diff_days_indoor,5,0,0,0,0,0,0.2760482728481293
data/raw/osu_lora/Diff_Days_Indoor_Setup/Day5/Device8/IQ_1.dat,99,7761501,7,17,0,test,diff_days_indoor,5,0,0,0,0,0,0.3276262581348419
data/raw/osu_lora/Diff_Days_Indoor_Setup/Day5/Device8/IQ_1.dat,100,7839900,7,5,0,test,diff_days_indoor,5,0,0,0,0,0,0.4425521492958069
data/raw/osu_lora/Diff_Days_Indoor_Setup/Day5/Device8/IQ_1.dat,101,7918299,7,12,0,test,diff_days_indoor,5,0,0,0,0,0,0.2265634983778
data/raw/osu_lora/Diff_Days_Indoor_Setup/Day5/Device8/IQ_1.dat,102,7996698,7,17,0,test,diff_days_indoor,5,0,0,0,0,0,0.4715398848056793
data/raw/osu_lora/Diff_Days_Indoor_Setup/Day5/Device8/IQ_1.dat,103,8075097,7,5,0,test,diff_days_indoor,5,0,0,0,0,0,0.3906252980232239
data/raw/osu_lora/Diff_Days_Indoor_Setup/Day5/Device8/IQ_1.dat,104,8153496,7,17,0,test,diff_days_indoor,5,0,0,0,0,0,0.2471340000629425
data/raw/osu_lora/Diff_Days_Indoor_Setup/Day5/Device8/IQ_1.dat,105,8231895,7,17,0,test,diff_days_indoor,5,0,0,0,0,0,0.14533834159374237
data/raw/osu_lora/Diff_Days_Indoor_Setup/Day5/Device8/IQ_1.dat,106,8310294,7,13,0,test,diff_days_indoor,5,0,0,0,0,0,0.2028239667415619
data/raw/osu_lora/Diff_Days_Indoor_Setup/Day5/Device8/IQ_1.dat,107,8388693,7,10,0,test,diff_days_indoor,5,0,0,0,0,0,0.15181025862693787
data/raw/osu_lora/Diff_Days_Indoor_Setup/Day5/Device8/IQ_1.dat,108,8467092,7,20,0,test,diff_days_indoor,5,0,0,0,0,0,0.34445348381996155
data/raw/osu_lora/Diff_Days_Indoor_Setup/Day5/Device8/IQ_1.dat,109,8545491,7,14,0,test,diff_days_indoor,5,0,0,0,0,0,0.1719214916229248
data/raw/osu_lora/Diff_Days_Indoor_Setup/Day5/Device8/IQ_1.dat,110,8623890,7,15,0,test,diff_days_indoor,5,0,0,0,0,0,0.21164433658123016
data/raw/osu_lora/Diff_Days_Indoor_Setup/Day5/Device8/IQ_1.dat,111,8702289,7,18,0,test,diff_days_indoor,5,0,0,0,0,0,0.1764705926179886
data/raw/osu_lora/Diff_Days_Indoor_Setup/Day5/Device8/IQ_1.dat,112,8780688,7,17,0,test,diff_days_indoor,5,0,0,0,0,0,0.35244208574295044
data/raw/osu_lora/Diff_Days_Indoor_Setup/Day5/Device8/IQ_1.dat,113,8859087,7,12,0,test,diff_days_indoor,5,0,0,0,0,0,0.2604822814464569
data/raw/osu_lora/Diff_Days_Indoor_Setup/Day5/Device8/IQ_1.dat,114,8937486,7,19,0,test,diff_days_indoor,5,0,0,0,0,0,0.2337849736213684
data/raw/osu_lora/Diff_Days_Indoor_Setup/Day5/Device8/IQ_1.dat,115,9015885,7,7,1,test,diff_days_indoor,5,0,0,0,0,0,0.4627412259578705
data/raw/osu_lora/Diff_Days_Indoor_Setup/Day5/Device8/IQ_1.dat,116,9094284,7,16,0,test,diff_days_indoor,5,0,0,0,0,0,0.24695450067520142
data/raw/osu_lora/Diff_Days_Indoor_Setup/Day5/Device8/IQ_1.dat,117,9172683,7,12,0,test,diff_days_indoor,5,0,0,0,0,0,0.35714107751846313
data/raw/osu_lora/Diff_Days_Indoor_Setup/Day5/Device8/IQ_1.dat,118,9251082,7,13,0,test,diff_days_indoor,5,0,0,0,0,0,0.26682132482528687
data/raw/osu_lora/Diff_Days_Indoor_Setup/Day5/Device8/IQ_1.dat,119,9329481,7,13,0,test,diff_days_indoor,5,0,0,0,0,0,0.1303790956735611
data/raw/osu_lora/Diff_Days_Indoor_Setup/Day5/Device8/IQ_1.dat,120,9407880,7,7,1,test,diff_days_indoor,5,0,0,0,0,0,0.2757193148136139
data/raw/osu_lora/Diff_Days_Indoor_Setup/Day5/Device8/IQ_1.dat,121,9486279,7,17,0,test,diff_days_indoor,5,0,0,0,0,0,0.22436314821243286
data/raw/osu_lora/Diff_Days_Indoor_Setup/Day5/Device8/IQ_1.dat,122,9564678,7,7,1,test,diff_days_indoor,5,0,0,0,0,0,0.22628875076770782
data/raw/osu_lora/Diff_Days_Indoor_Setup/Day5/Device8/IQ_1.dat,123,9643077,7,17,0,test,diff_days_indoor,5,0,0,0,0,0,0.24148491024971008
data/raw/osu_lora/Diff_Days_Indoor_Setup/Day5/Device8/IQ_1.dat,124,9721476,7,7,1,test,diff_days_indoor,5,0,0,0,0,0,0.2674064636230469
data/raw/osu_lora/Diff_Days_Indoor_Setup/Day5/Device8/IQ_1.dat,125,9799875,7,18,0,test,diff_days_indoor,5,0,0,0,0,0,0.292935848236084
data/raw/osu_lora/Diff_Days_Indoor_Setup/Day5/Device8/IQ_1.dat,126,9878274,7,17,0,test,diff_days_indoor,5,0,0,0,0,0,0.31613293290138245
data/raw/osu_lora/Diff_Days_Indoor_Setup/Day5/Device8/IQ_1.dat,127,9956673,7,7,1,test,diff_days_indoor,5,0,0,0,0,0,0.32320311665534973
data/raw/osu_lora/Diff_Days_Indoor_Setup/Day5/Device8/IQ_1.dat,128,10035072,7,17,0,test,diff_days_indoor,5,0,0,0,0,0,0.26783522963523865
data/raw/osu_lora/Diff_Days_Indoor_Setup/Day5/Device8/IQ_1.dat,129,10113471,7,7,1,test,diff_days_indoor,5,0,0,0,0,0,0.336667537689209
data/raw/osu_lora/Diff_Days_Indoor_Setup/Day5/Device8/IQ_1.dat,130,10191870,7,10,0,test,diff_days_indoor,5,0,0,0,0,0,0.5145940184593201
data/raw/osu_lora/Diff_Days_Indoor_Setup/Day5/Device8/IQ_1.dat,131,10270269,7,17,0,test,diff_days_indoor,5,0,0,0,0,0,0.33723002672195435
data/raw/osu_lora/Diff_Days_Indoor_Setup/Day5/Device8/IQ_1.dat,132,10348668,7,17,0,test,diff_days_indoor,5,0,0,0,0,0,0.29478347301483154
data/raw/osu_lora/Diff_Days_Indoor_Setup/Day5/Device8/IQ_1.dat,133,10427067,7,17,0,test,diff_days_indoor,5,0,0,0,0,0,0.31258538365364075
data/raw/osu_lora/Diff_Days_Indoor_Setup/Day5/Device8/IQ_1.dat,134,10505466,7,17,0,test,diff_days_indoor,5,0,0,0,0,0,0.4336201548576355
data/raw/osu_lora/Diff_Days_Indoor_Setup/Day5/Device8/IQ_1.dat,135,10583865,7,23,0,test,diff_days_indoor,5,0,0,0,0,0,0.33757761120796204
data/raw/osu_lora/Diff_Days_Indoor_Setup/Day5/Device8/IQ_1.dat,136,10662264,7,17,0,test,diff_days_indoor,5,0,0,0,0,0,0.34777402877807617
data/raw/osu_lora/Diff_Days_Indoor_Setup/Day5/Device8/IQ_1.dat,137,10740663,7,17,0,test,diff_days_indoor,5,0,0,0,0,0,0.26604482531547546
data/raw/osu_lora/Diff_Days_Indoor_Setup/Day5/Device8/IQ_1.dat,138,10819062,7,17,0,test,diff_days_indoor,5,0,0,0,0,0,0.18204070627689362
data/raw/osu_lora/Diff_Days_Indoor_Setup/Day5/Device8/IQ_1.dat,139,10897461,7,17,0,test,diff_days_indoor,5,0,0,0,0,0,0.37226173281669617
data/raw/osu_lora/Diff_Days_Indoor_Setup/Day5/Device8/IQ_1.dat,140,10975860,7,17,0,test,diff_days_indoor,5,0,0,0,0,0,0.2975456118583679
data/raw/osu_lora/Diff_Days_Indoor_Setup/Day5/Device8/IQ_1.dat,141,11054259,7,23,0,test,diff_days_indoor,5,0,0,0,0,0,0.17388108372688293
data/raw/osu_lora/Diff_Days_Indoor_Setup/Day5/Device8/IQ_1.dat,142,11132658,7,7,1,test,diff_days_indoor,5,0,0,0,0,0,0.24622277915477753
data/raw/osu_lora/Diff_Days_Indoor_Setup/Day5/Device8/IQ_1.dat,143,11211057,7,17,0,test,diff_days_indoor,5,0,0,0,0,0,0.3211020231246948
data/raw/osu_lora/Diff_Days_Indoor_Setup/Day5/Device8/IQ_1.dat,144,11289456,7,20,0,test,diff_days_indoor,5,0,0,0,0,0,0.27356868982315063
data/raw/osu_lora/Diff_Days_Indoor_Setup/Day5/Device8/IQ_1.dat,145,11367855,7,12,0,test,diff_days_indoor,5,0,0,0,0,0,0.37728336453437805
data/raw/osu_lora/Diff_Days_Indoor_Setup/Day5/Device8/IQ_1.dat,146,11446254,7,17,0,test,diff_days_indoor,5,0,0,0,0,0,0.40190589427948
data/raw/osu_lora/Diff_Days_Indoor_Setup/Day5/Device8/IQ_1.dat,147,11524653,7,7,1,test,diff_days_indoor,5,0,0,0,0,0,0.3379698693752289
data/raw/osu_lora/Diff_Days_Indoor_Setup/Day5/Device8/IQ_1.dat,148,11603052,7,16,0,test,diff_days_indoor,5,0,0,0,0,0,0.22178812325000763
data/raw/osu_lora/Diff_Days_Indoor_Setup/Day5/Device8/IQ_1.dat,149,11681451,7,22,0,test,diff_days_indoor,5,0,0,0,0,0,0.25639158487319946
data/raw/osu_lora/Diff_Days_Indoor_Setup/Day5/Device8/IQ_1.dat,150,11759850,7,19,0,test,diff_days_indoor,5,0,0,0,0,0,0.3062082827091217
data/raw/osu_lora/Diff_Days_Indoor_Setup/Day5/Device8/IQ_1.dat,151,11838249,7,7,1,test,diff_days_indoor,5,0,0,0,0,0,0.3766065835952759
data/raw/osu_lora/Diff_Days_Indoor_Setup/Day5/Device8/IQ_1.dat,152,11916648,7,17,0,test,diff_days_indoor,5,0,0,0,0,0,0.25352126359939575
data/raw/osu_lora/Diff_Days_Indoor_Setup/Day5/Device8/IQ_1.dat,153,11995047,7,17,0,test,diff_days_indoor,5,0,0,0,0,0,0.3794698715209961
data/raw/osu_lora/Diff_Days_Indoor_Setup/Day5/Device8/IQ_1.dat,154,12073446,7,17,0,test,diff_days_indoor,5,0,0,0,0,0,0.18790748715400696
data/raw/osu_lora/Diff_Days_Indoor_Setup/Day5/Device8/IQ_1.dat,155,12151845,7,7,1,test,diff_days_indoor,5,0,0,0,0,0,0.31326210498809814
data/raw/osu_lora/Diff_Days_Indoor_Setup/Day5/Device8/IQ_1.dat,156,12230244,7,17,0,test,diff_days_indoor,5,0,0,0,0,0,0.25246044993400574
data/raw/osu_lora/Diff_Days_Indoor_Setup/Day5/Device8/IQ_1.dat,157,12308643,7,17,0,test,diff_days_indoor,5,0,0,0,0,0,0.1984548717737198
data/raw/osu_lora/Diff_Days_Indoor_Setup/Day5/Device8/IQ_1.dat,158,12387042,7,17,0,test,diff_days_indoor,5,0,0,0,0,0,0.3212938904762268
data/raw/osu_lora/Diff_Days_Indoor_Setup/Day5/Device8/IQ_1.dat,159,12465441,7,15,0,test,diff_days_indoor,5,0,0,0,0,0,0.22583100199699402
data/raw/osu_lora/Diff_Days_Indoor_Setup/Day5/Device8/IQ_1.dat,160,12543840,7,15,0,test,diff_days_indoor,5,0,0,0,0,0,0.27335938811302185
data/raw/osu_lora/Diff_Days_Indoor_Setup/Day5/Device8/IQ_1.dat,161,12622239,7,19,0,test,diff_days_indoor,5,0,0,0,0,0,0.14906831085681915
data/raw/osu_lora/Diff_Days_Indoor_Setup/Day5/Device8/IQ_1.dat,162,12700638,7,10,0,test,diff_days_indoor,5,0,0,0,0,0,0.15406788885593414
data/raw/osu_lora/Diff_Days_Indoor_Setup/Day5/Device8/IQ_1.dat,163,12779037,7,17,0,test,diff_days_indoor,5,0,0,0,0,0,0.21453189849853516
data/raw/osu_lora/Diff_Days_Indoor_Setup/Day5/Device8/IQ_1.dat,164,12857436,7,7,1,test,diff_days_indoor,5,0,0,0,0,0,0.20057499408721924
data/raw/osu_lora/Diff_Days_Indoor_Setup/Day5/Device8/IQ_1.dat,165,12935835,7,10,0,test,diff_days_indoor,5,0,0,0,0,0,0.2767496407032013
data/raw/osu_lora/Diff_Days_Indoor_Setup/Day5/Device8/IQ_1.dat,166,13014234,7,17,0,test,diff_days_indoor,5,0,0,0,0,0,0.3214013874530792
data/raw/osu_lora/Diff_Days_Indoor_Setup/Day5/Device8/IQ_1.dat,167,13092633,7,23,0,test,diff_days_indoor,5,0,0,0,0,0,0.33006539940834045
data/raw/osu_lora/Diff_Days_Indoor_Setup/Day5/Device8/IQ_1.dat,168,13171032,7,7,1,test,diff_days_indoor,5,0,0,0,0,0,0.36072662472724915
data/raw/osu_lora/Diff_Days_Indoor_Setup/Day5/Device8/IQ_1.dat,169,13249431,7,17,0,test,diff_days_indoor,5,0,0,0,0,0,0.3734435737133026
data/raw/osu_lora/Diff_Days_Indoor_Setup/Day5/Device8/IQ_1.dat,170,13327830,7,21,0,test,diff_days_indoor,5,0,0,0,0,0,0.2208966314792633
data/raw/osu_lora/Diff_Days_Indoor_Setup/Day5/Device8/IQ_1.dat,171,13406229,7,12,0,test,diff_days_indoor,5,0,0,0,0,0,0.20021174848079681
data/raw/osu_lora/Diff_Days_Indoor_Setup/Day5/Device8/IQ_1.dat,172,13484628,7,17,0,test,diff_days_indoor,5,0,0,0,0,0,0.3616378605365753
data/raw/osu_lora/Diff_Days_Indoor_Setup/Day5/Device8/IQ_1.dat,173,13563027,7,17,0,test,diff_days_indoor,5,0,0,0,0,0,0.36993932723999023
data/raw/osu_lora/Diff_Days_Indoor_Setup/Day5/Device8/IQ_1.dat,174,13641426,7,7,1,test,diff_days_indoor,5,0,0,0,0,0,0.19061802327632904
data/raw/osu_lora/Diff_Days_Indoor_Setup/Day5/Device8/IQ_1.dat,175,13719825,7,17,0,test,diff_days_indoor,5,0,0,0,0,0,0.2836509346961975
data/raw/osu_lora/Diff_Days_Indoor_Setup/Day5/Device8/IQ_1.dat,176,13798224,7,22,0,test,diff_days_indoor,5,0,0,0,0,0,0.18221786618232727
data/raw/osu_lora/Diff_Days_Indoor_Setup/Day5/Device8/IQ_1.dat,177,13876623,7,23,0,test,diff_days_indoor,5,0,0,0,0,0,0.23426403105258942
data/raw/osu_lora/Diff_Days_Indoor_Setup/Day5/Device8/IQ_1.dat,178,13955022,7,22,0,test,diff_days_indoor,5,0,0,0,0,0,0.2041417807340622
data/raw/osu_lora/Diff_Days_Indoor_Setup/Day5/Device8/IQ_1.dat,179,14033421,7,17,0,test,diff_days_indoor,5,0,0,0,0,0,0.35327014327049255
data/raw/osu_lora/Diff_Days_Indoor_Setup/Day5/Device8/IQ_1.dat,180,14111820,7,7,1,test,diff_days_indoor,5,0,0,0,0,0,0.34253165125846863
data/raw/osu_lora/Diff_Days_Indoor_Setup/Day5/Device8/IQ_1.dat,181,14190219,7,17,0,test,diff_days_indoor,5,0,0,0,0,0,0.28717735409736633
data/raw/osu_lora/Diff_Days_Indoor_Setup/Day5/Device8/IQ_1.dat,182,14268618,7,7,1,test,diff_days_indoor,5,0,0,0,0,0,0.16650263965129852
data/raw/osu_lora/Diff_Days_Indoor_Setup/Day5/Device8/IQ_1.dat,183,14347017,7,13,0,test,diff_days_indoor,5,0,0,0,0,0,0.23406986892223358
data/raw/osu_lora/Diff_Days_Indoor_Setup/Day5/Device8/IQ_1.dat,184,14425416,7,17,0,test,diff_days_indoor,5,0,0,0,0,0,0.2449941337108612
data/raw/osu_lora/Diff_Days_Indoor_Setup/Day5/Device8/IQ_1.dat,185,14503815,7,17,0,test,diff_days_indoor,5,0,0,0,0,0,0.41047513484954834
data/raw/osu_lora/Diff_Days_Indoor_Setup/Day5/Device8/IQ_1.dat,186,14582214,7,18,0,test,diff_days_indoor,5,0,0,0,0,0,0.2092559039592743
data/raw/osu_lora/Diff_Days_Indoor_Setup/Day5/Device8/IQ_1.dat,187,14660613,7,20,0,test,diff_days_indoor,5,0,0,0,0,0,0.31410717964172363
data/raw/osu_lora/Diff_Days_Indoor_Setup/Day5/Device8/IQ_1.dat,188,14739012,7,17,0,test,diff_days_indoor,5,0,0,0,0,0,0.39095309376716614
data/raw/osu_lora/Diff_Days_Indoor_Setup/Day5/Device8/IQ_1.dat,189,14817411,7,10,0,test,diff_days_indoor,5,0,0,0,0,0,0.2968689501285553
data/raw/osu_lora/Diff_Days_Indoor_Setup/Day5/Device8/IQ_1.dat,190,14895810,7,4,0,test,diff_days_indoor,5,0,0,0,0,0,0.37169626355171204
data/raw/osu_lora/Diff_Days_Indoor_Setup/Day5/Device8/IQ_1.dat,191,14974209,7,20,0,test,diff_days_indoor,5,0,0,0,0,0,0.45563265681266785
data/raw/osu_lora/Diff_Days_Indoor_Setup/Day5/Device8/IQ_1.dat,192,15052608,7,17,0,test,diff_days_indoor,5,0,0,0,0,0,0.14459750056266785
data/raw/osu_lora/Diff_Days_Indoor_Setup/Day5/Device8/IQ_1.dat,193,15131007,7,16,0,test,diff_days_indoor,5,0,0,0,0,0,0.25591668486595154
data/raw/osu_lora/Diff_Days_Indoor_Setup/Day5/Device8/IQ_1.dat,194,15209406,7,15,0,test,diff_days_indoor,5,0,0,0,0,0,0.19270619750022888
data/raw/osu_lora/Diff_Days_Indoor_Setup/Day5/Device8/IQ_1.dat,195,15287805,7,17,0,test,diff_days_indoor,5,0,0,0,0,0,0.22138036787509918
data/raw/osu_lora/Diff_Days_Indoor_Setup/Day5/Device8/IQ_1.dat,196,15366204,7,7,1,test,diff_days_indoor,5,0,0,0,0,0,0.3557579517364502
data/raw/osu_lora/Diff_Days_Indoor_Setup/Day5/Device8/IQ_1.dat,197,15444603,7,23,0,test,diff_days_indoor,5,0,0,0,0,0,0.277473509311676
data/raw/osu_lora/Diff_Days_Indoor_Setup/Day5/Device8/IQ_1.dat,198,15523002,7,16,0,test,diff_days_indoor,5,0,0,0,0,0,0.25125256180763245
data/raw/osu_lora/Diff_Days_Indoor_Setup/Day5/Device8/IQ_1.dat,199,15601401,7,16,0,test,diff_days_indoor,5,0,0,0,0,0,0.3321964144706726
data/raw/osu_lora/Diff_Days_Indoor_Setup/Day5/Device8/IQ_1.dat,200,15679800,7,17,0,test,diff_days_indoor,5,0,0,0,0,0,0.4416554868221283
data/raw/osu_lora/Diff_Days_Indoor_Setup/Day5/Device8/IQ_1.dat,201,15758199,7,15,0,test,diff_days_indoor,5,0,0,0,0,0,0.16392949223518372
data/raw/osu_lora/Diff_Days_Indoor_Setup/Day5/Device8/IQ_1.dat,202,15836598,7,17,0,test,diff_days_indoor,5,0,0,0,0,0,0.39374643564224243
data/raw/osu_lora/Diff_Days_Indoor_Setup/Day5/Device8/IQ_1.dat,203,15914997,7,17,0,test,diff_days_indoor,5,0,0,0,0,0,0.34394600987434387
data/raw/osu_lora/Diff_Days_Indoor_Setup/Day5/Device8/IQ_1.dat,204,15993396,7,7,1,test,diff_days_indoor,5,0,0,0,0,0,0.3502899706363678
data/raw/osu_lora/Diff_Days_Indoor_Setup/Day5/Device8/IQ_1.dat,205,16071795,7,17,0,test,diff_days_indoor,5,0,0,0,0,0,0.15485124289989471
data/raw/osu_lora/Diff_Days_Indoor_Setup/Day5/Device8/IQ_1.dat,206,16150194,7,15,0,test,diff_days_indoor,5,0,0,0,0,0,0.2267424464225769
data/raw/osu_lora/Diff_Days_Indoor_Setup/Day5/Device8/IQ_1.dat,207,16228593,7,17,0,test,diff_days_indoor,5,0,0,0,0,0,0.4678047299385071
data/raw/osu_lora/Diff_Days_Indoor_Setup/Day5/Device8/IQ_1.dat,208,16306992,7,17,0,test,diff_days_indoor,5,0,0,0,0,0,0.1386105716228485
data/raw/osu_lora/Diff_Days_Indoor_Setup/Day5/Device8/IQ_1.dat,209,16385391,7,17,0,test,diff_days_indoor,5,0,0,0,0,0,0.10432437807321548
data/raw/osu_lora/Diff_Days_Indoor_Setup/Day5/Device8/IQ_1.dat,210,16463790,7,17,0,test,diff_days_indoor,5,0,0,0,0,0,0.41971245408058167
data/raw/osu_lora/Diff_Days_Indoor_Setup/Day5/Device8/IQ_1.dat,211,16542189,7,15,0,test,diff_days_indoor,5,0,0,0,0,0,0.2841974198818207
data/raw/osu_lora/Diff_Days_Indoor_Setup/Day5/Device8/IQ_1.dat,212,16620588,7,17,0,test,diff_days_indoor,5,0,0,0,0,0,0.32058337330818176
data/raw/osu_lora/Diff_Days_Indoor_Setup/Day5/Device8/IQ_1.dat,213,16698987,7,15,0,test,diff_days_indoor,5,0,0,0,0,0,0.29215922951698303
data/raw/osu_lora/Diff_Days_Indoor_Setup/Day5/Device8/IQ_1.dat,214,16777386,7,9,0,test,diff_days_indoor,5,0,0,0,0,0,0.09185468405485153
data/raw/osu_lora/Diff_Days_Indoor_Setup/Day5/Device8/IQ_1.dat,215,16855785,7,23,0,test,diff_days_indoor,5,0,0,0,0,0,0.3415720760822296
data/raw/osu_lora/Diff_Days_Indoor_Setup/Day5/Device8/IQ_1.dat,216,16934184,7,7,1,test,diff_days_indoor,5,0,0,0,0,0,0.33740100264549255
data/raw/osu_lora/Diff_Days_Indoor_Setup/Day5/Device8/IQ_1.dat,217,17012583,7,17,0,test,diff_days_indoor,5,0,0,0,0,0,0.36066702008247375
data/raw/osu_lora/Diff_Days_Indoor_Setup/Day5/Device8/IQ_1.dat,218,17090982,7,19,0,test,diff_days_indoor,5,0,0,0,0,0,0.17187544703483582
data/raw/osu_lora/Diff_Days_Indoor_Setup/Day5/Device8/IQ_1.dat,219,17169381,7,7,1,test,diff_days_indoor,5,0,0,0,0,0,0.36234137415885925
data/raw/osu_lora/Diff_Days_Indoor_Setup/Day5/Device8/IQ_1.dat,220,17247780,7,17,0,test,diff_days_indoor,5,0,0,0,0,0,0.25359830260276794
data/raw/osu_lora/Diff_Days_Indoor_Setup/Day5/Device8/IQ_1.dat,221,17326179,7,17,0,test,diff_days_indoor,5,0,0,0,0,0,0.3534693419933319
data/raw/osu_lora/Diff_Days_Indoor_Setup/Day5/Device8/IQ_1.dat,222,17404578,7,17,0,test,diff_days_indoor,5,0,0,0,0,0,0.3180694580078125
data/raw/osu_lora/Diff_Days_Indoor_Setup/Day5/Device8/IQ_1.dat,223,17482977,7,8,0,test,diff_days_indoor,5,0,0,0,0,0,0.2153007984161377
data/raw/osu_lora/Diff_Days_Indoor_Setup/Day5/Device8/IQ_1.dat,224,17561376,7,17,0,test,diff_days_indoor,5,0,0,0,0,0,0.30340704321861267
data/raw/osu_lora/Diff_Days_Indoor_Setup/Day5/Device8/IQ_1.dat,225,17639775,7,7,1,test,diff_days_indoor,5,0,0,0,0,0,0.30925753712654114
data/raw/osu_lora/Diff_Days_Indoor_Setup/Day5/Device8/IQ_1.dat,226,17718174,7,7,1,test,diff_days_indoor,5,0,0,0,0,0,0.2114812582731247
data/raw/osu_lora/Diff_Days_Indoor_Setup/Day5/Device8/IQ_1.dat,227,17796573,7,7,1,test,diff_days_indoor,5,0,0,0,0,0,0.2461652308702469
data/raw/osu_lora/Diff_Days_Indoor_Setup/Day5/Device8/IQ_1.dat,228,17874972,7,17,0,test,diff_days_indoor,5,0,0,0,0,0,0.332027792930603
data/raw/osu_lora/Diff_Days_Indoor_Setup/Day5/Device8/IQ_1.dat,229,17953371,7,10,0,test,diff_days_indoor,5,0,0,0,0,0,0.3327217102050781
data/raw/osu_lora/Diff_Days_Indoor_Setup/Day5/Device8/IQ_1.dat,230,18031770,7,17,0,test,diff_days_indoor,5,0,0,0,0,0,0.4061824083328247
data/raw/osu_lora/Diff_Days_Indoor_Setup/Day5/Device8/IQ_1.dat,231,18110169,7,17,0,test,diff_days_indoor,5,0,0,0,0,0,0.2634379267692566
data/raw/osu_lora/Diff_Days_Indoor_Setup/Day5/Device8/IQ_1.dat,232,18188568,7,13,0,test,diff_days_indoor,5,0,0,0,0,0,0.18997731804847717
data/raw/osu_lora/Diff_Days_Indoor_Setup/Day5/Device8/IQ_1.dat,233,18266967,7,7,1,test,diff_days_indoor,5,0,0,0,0,0,0.2796231508255005
data/raw/osu_lora/Diff_Days_Indoor_Setup/Day5/Device8/IQ_1.dat,234,18345366,7,7,1,test,diff_days_indoor,5,0,0,0,0,0,0.16802364587783813
data/raw/osu_lora/Diff_Days_Indoor_Setup/Day5/Device8/IQ_1.dat,235,18423765,7,7,1,test,diff_days_indoor,5,0,0,0,0,0,0.3445812165737152
data/raw/osu_lora/Diff_Days_Indoor_Setup/Day5/Device8/IQ_1.dat,236,18502164,7,22,0,test,diff_days_indoor,5,0,0,0,0,0,0.13802316784858704
data/raw/osu_lora/Diff_Days_Indoor_Setup/Day5/Device8/IQ_1.dat,237,18580563,7,7,1,test,diff_days_indoor,5,0,0,0,0,0,0.22601447999477386
data/raw/osu_lora/Diff_Days_Indoor_Setup/Day5/Device8/IQ_1.dat,238,18658962,7,17,0,test,diff_days_indoor,5,0,0,0,0,0,0.18478509783744812
data/raw/osu_lora/Diff_Days_Indoor_Setup/Day5/Device8/IQ_1.dat,239,18737361,7,7,1,test,diff_days_indoor,5,0,0,0,0,0,0.28056153655052185
data/raw/osu_lora/Diff_Days_Indoor_Setup/Day5/Device8/IQ_1.dat,240,18815760,7,3,0,test,diff_days_indoor,5,0,0,0,0,0,0.20418879389762878
data/raw/osu_lora/Diff_Days_Indoor_Setup/Day5/Device8/IQ_1.dat,241,18894159,7,12,0,test,diff_days_indoor,5,0,0,0,0,0,0.3275364935398102
data/raw/osu_lora/Diff_Days_Indoor_Setup/Day5/Device8/IQ_1.dat,242,18972558,7,15,0,test,diff_days_indoor,5,0,0,0,0,0,0.24220800399780273
data/raw/osu_lora/Diff_Days_Indoor_Setup/Day5/Device8/IQ_1.dat,243,19050957,7,12,0,test,diff_days_indoor,5,0,0,0,0,0,0.22080160677433014
data/raw/osu_lora/Diff_Days_Indoor_Setup/Day5/Device8/IQ_1.dat,244,19129356,7,7,1,test,diff_days_indoor,5,0,0,0,0,0,0.3008277714252472
data/raw/osu_lora/Diff_Days_Indoor_Setup/Day5/Device8/IQ_1.dat,245,19207755,7,17,0,test,diff_days_indoor,5,0,0,0,0,0,0.1734318733215332
data/raw/osu_lora/Diff_Days_Indoor_Setup/Day5/Device8/IQ_1.dat,246,19286154,7,7,1,test,diff_days_indoor,5,0,0,0,0,0,0.20207497477531433
data/raw/osu_lora/Diff_Days_Indoor_Setup/Day5/Device8/IQ_1.dat,247,19364553,7,7,1,test,diff_days_indoor,5,0,0,0,0,0,0.215286985039711
data/raw/osu_lora/Diff_Days_Indoor_Setup/Day5/Device8/IQ_1.dat,248,19442952,7,16,0,test,diff_days_indoor,5,0,0,0,0,0,0.23867882788181305
data/raw/osu_lora/Diff_Days_Indoor_Setup/Day5/Device8/IQ_1.dat,249,19521351,7,12,0,test,diff_days_indoor,5,0,0,0,0,0,0.37686610221862793
data/raw/osu_lora/Diff_Days_Indoor_Setup/Day5/Device8/IQ_1.dat,250,19599750,7,18,0,test,diff_days_indoor,5,0,0,0,0,0,0.19123098254203796
data/raw/osu_lora/Diff_Days_Indoor_Setup/Day5/Device8/IQ_1.dat,251,19678149,7,17,0,test,diff_days_indoor,5,0,0,0,0,0,0.32645660638809204
data/raw/osu_lora/Diff_Days_Indoor_Setup/Day5/Device8/IQ_1.dat,252,19756548,7,7,1,test,diff_days_indoor,5,0,0,0,0,0,0.3430098295211792
data/raw/osu_lora/Diff_Days_Indoor_Setup/Day5/Device8/IQ_1.dat,253,19834947,7,17,0,test,diff_days_indoor,5,0,0,0,0,0,0.12346199154853821
data/raw/osu_lora/Diff_Days_Indoor_Setup/Day5/Device8/IQ_1.dat,254,19913346,7,17,0,test,diff_days_indoor,5,0,0,0,0,0,0.43417274951934814
data/raw/osu_lora/Diff_Days_Indoor_Setup/Day5/Device8/IQ_1.dat,255,19991745,7,23,0,test,diff_days_indoor,5,0,0,0,0,0,0.1870419681072235
data/raw/osu_lora/Diff_Days_Indoor_Setup/Day5/Device10/IQ_1.dat,0,0,8,1,0,test,diff_days_indoor,5,0,0,0,0,0,0.35896459221839905
data/raw/osu_lora/Diff_Days_Indoor_Setup/Day5/Device10/IQ_1.dat,1,78399,8,8,1,test,diff_days_indoor,5,0,0,0,0,0,0.476518839597702
data/raw/osu_lora/Diff_Days_Indoor_Setup/Day5/Device10/IQ_1.dat,2,156798,8,20,0,test,diff_days_indoor,5,0,0,0,0,0,0.47054678201675415
data/raw/osu_lora/Diff_Days_Indoor_Setup/Day5/Device10/IQ_1.dat,3,235197,8,6,0,test,diff_days_indoor,5,0,0,0,0,0,0.3196428418159485
data/raw/osu_lora/Diff_Days_Indoor_Setup/Day5/Device10/IQ_1.dat,4,313596,8,8,1,test,diff_days_indoor,5,0,0,0,0,0,0.3303830921649933
data/raw/osu_lora/Diff_Days_Indoor_Setup/Day5/Device10/IQ_1.dat,5,391995,8,6,0,test,diff_days_indoor,5,0,0,0,0,0,0.7780485153198242
data/raw/osu_lora/Diff_Days_Indoor_Setup/Day5/Device10/IQ_1.dat,6,470394,8,8,1,test,diff_days_indoor,5,0,0,0,0,0,0.5311977863311768
data/raw/osu_lora/Diff_Days_Indoor_Setup/Day5/Device10/IQ_1.dat,7,548793,8,8,1,test,diff_days_indoor,5,0,0,0,0,0,0.3353246748447418
data/raw/osu_lora/Diff_Days_Indoor_Setup/Day5/Device10/IQ_1.dat,8,627192,8,20,0,test,diff_days_indoor,5,0,0,0,0,0,0.231856107711792
data/raw/osu_lora/Diff_Days_Indoor_Setup/Day5/Device10/IQ_1.dat,9,705591,8,20,0,test,diff_days_indoor,5,0,0,0,0,0,0.28872042894363403
data/raw/osu_lora/Diff_Days_Indoor_Setup/Day5/Device10/IQ_1.dat,10,783990,8,8,1,test,diff_days_indoor,5,0,0,0,0,0,0.3225289583206177
data/raw/osu_lora/Diff_Days_Indoor_Setup/Day5/Device10/IQ_1.dat,11,862389,8,8,1,test,diff_days_indoor,5,0,0,0,0,0,0.2361559271812439
data/raw/osu_lora/Diff_Days_Indoor_Setup/Day5/Device10/IQ_1.dat,12,940788,8,6,0,test,diff_days_indoor,5,0,0,0,0,0,0.22134380042552948
data/raw/osu_lora/Diff_Days_Indoor_Setup/Day5/Device10/IQ_1.dat,13,1019187,8,9,0,test,diff_days_indoor,5,0,0,0,0,0,0.17558160424232483
data/raw/osu_lora/Diff_Days_Indoor_Setup/Day5/Device10/IQ_1.dat,14,1097586,8,19,0,test,diff_days_indoor,5,0,0,0,0,0,0.1664729118347168
data/raw/osu_lora/Diff_Days_Indoor_Setup/Day5/Device10/IQ_1.dat,15,1175985,8,20,0,test,diff_days_indoor,5,0,0,0,0,0,0.42158642411231995
data/raw/osu_lora/Diff_Days_Indoor_Setup/Day5/Device10/IQ_1.dat,16,1254384,8,8,1,test,diff_days_indoor,5,0,0,0,0,0,0.5185737609863281
data/raw/osu_lora/Diff_Days_Indoor_Setup/Day5/Device10/IQ_1.dat,17,1332783,8,8,1,test,diff_days_indoor,5,0,0,0,0,0,0.3747231662273407
data/raw/osu_lora/Diff_Days_Indoor_Setup/Day5/Device10/IQ_1.dat,18,1411182,8,8,1,test,diff_days_indoor,5,0,0,0,0,0,0.07585623115301132
data/raw/osu_lora/Diff_Days_Indoor_Setup/Day5/Device10/IQ_1.dat,19,1489581,8,8,1,test,diff_days_indoor,5,0,0,0,0,0,0.3690095543861389
data/raw/osu_lora/Diff_Days_Indoor_Setup/Day5/Device10/IQ_1.dat,20,1567980,8,8,1,test,diff_days_indoor,5,0,0,0,0,0,0.3931184709072113
data/raw/osu_lora/Diff_Days_Indoor_Setup/Day5/Device10/IQ_1.dat,21,1646379,8,8,1,test,diff_days_indoor,5,0,0,0,0,0,0.5056450366973877
data/raw/osu_lora/Diff_Days_Indoor_Setup/Day5/Device10/IQ_1.dat,22,1724778,8,6,0,test,diff_days_indoor,5,0,0,0,0,0,0.29282882809638977
data/raw/osu_lora/Diff_Days_Indoor_Setup/Day5/Device10/IQ_1.dat,23,1803177,8,20,0,test,diff_days_indoor,5,0,0,0,0,0,0.4019816517829895
data/raw/osu_lora/Diff_Days_Indoor_Setup/Day5/Device10/IQ_1.dat,24,1881576,8,1,0,test,diff_days_indoor,5,0,0,0,0,0,0.42059245705604553
data/raw/osu_lora/Diff_Days_Indoor_Setup/Day5/Device10/IQ_1.dat,25,1959975,8,8,1,test,diff_days_indoor,5,0,0,0,0,0,0.5158469676971436
data/raw/osu_lora/Diff_Days_Indoor_Setup/Day5/Device10/IQ_1.dat,26,2038374,8,2,0,test,diff_days_indoor,5,0,0,0,0,0,0.28631606698036194
data/raw/osu_lora/Diff_Days_Indoor_Setup/Day5/Device10/IQ_1.dat,27,2116773,8,3,0,test,diff_days_indoor,5,0,0,0,0,0,0.2822462022304535
data/raw/osu_lora/Diff_Days_Indoor_Setup/Day5/Device10/IQ_1.dat,28,2195172,8,8,1,test,diff_days_indoor,5,0,0,0,0,0,0.42132145166397095
data/raw/osu_lora/Diff_Days_Indoor_Setup/Day5/Device10/IQ_1.dat,29,2273571,8,23,0,test,diff_days_indoor,5,0,0,0,0,0,0.2524508237838745
data/raw/osu_lora/Diff_Days_Indoor_Setup/Day5/Device10/IQ_1.dat,30,2351970,8,20,0,test,diff_days_indoor,5,0,0,0,0,0,0.24870595335960388
data/raw/osu_lora/Diff_Days_Indoor_Setup/Day5/Device10/IQ_1.dat,31,2430369,8,8,1,test,diff_days_indoor,5,0,0,0,0,0,0.35499635338783264
data/raw/osu_lora/Diff_Days_Indoor_Setup/Day5/Device10/IQ_1.dat,32,2508768,8,1,0,test,diff_days_indoor,5,0,0,0,0,0,0.33542534708976746
data/raw/osu_lora/Diff_Days_Indoor_Setup/Day5/Device10/IQ_1.dat,33,2587167,8,8,1,test,diff_days_indoor,5,0,0,0,0,0,0.39636242389678955
data/raw/osu_lora/Diff_Days_Indoor_Setup/Day5/Device10/IQ_1.dat,34,2665566,8,20,0,test,diff_days_indoor,5,0,0,0,0,0,0.2652416229248047
data/raw/osu_lora/Diff_Days_Indoor_Setup/Day5/Device10/IQ_1.dat,35,2743965,8,8,1,test,diff_days_indoor,5,0,0,0,0,0,0.4585368037223816
data/raw/osu_lora/Diff_Days_Indoor_Setup/Day5/Device10/IQ_1.dat,36,2822364,8,20,0,test,diff_days_indoor,5,0,0,0,0,0,0.2946229875087738
data/raw/osu_lora/Diff_Days_Indoor_Setup/Day5/Device10/IQ_1.dat,37,2900763,8,7,0,test,diff_days_indoor,5,0,0,0,0,0,0.2593505382537842
data/raw/osu_lora/Diff_Days_Indoor_Setup/Day5/Device10/IQ_1.dat,38,2979162,8,8,1,test,diff_days_indoor,5,0,0,0,0,0,0.4083452820777893
data/raw/osu_lora/Diff_Days_Indoor_Setup/Day5/Device10/IQ_1.dat,39,3057561,8,8,1,test,diff_days_indoor,5,0,0,0,0,0,0.5842588543891907
data/raw/osu_lora/Diff_Days_Indoor_Setup/Day5/Device10/IQ_1.dat,40,3135960,8,20,0,test,diff_days_indoor,5,0,0,0,0,0,0.4551289975643158
data/raw/osu_lora/Diff_Days_Indoor_Setup/Day5/Device10/IQ_1.dat,41,3214359,8,8,1,test,diff_days_indoor,5,0,0,0,0,0,0.37081247568130493
data/raw/osu_lora/Diff_Days_Indoor_Setup/Day5/Device10/IQ_1.dat,42,3292758,8,20,0,test,diff_days_indoor,5,0,0,0,0,0,0.4789775013923645
data/raw/osu_lora/Diff_Days_Indoor_Setup/Day5/Device10/IQ_1.dat,43,3371157,8,3,0,test,diff_days_indoor,5,0,0,0,0,0,0.22887910902500153
data/raw/osu_lora/Diff_Days_Indoor_Setup/Day5/Device10/IQ_1.dat,44,3449556,8,8,1,test,diff_days_indoor,5,0,0,0,0,0,0.5956382155418396
data/raw/osu_lora/Diff_Days_Indoor_Setup/Day5/Device10/IQ_1.dat,45,3527955,8,8,1,test,diff_days_indoor,5,0,0,0,0,0,0.4725191593170166
data/raw/osu_lora/Diff_Days_Indoor_Setup/Day5/Device10/IQ_1.dat,46,3606354,8,3,0,test,diff_days_indoor,5,0,0,0,0,0,0.23813845217227936
data/raw/osu_lora/Diff_Days_Indoor_Setup/Day5/Device10/IQ_1.dat,47,3684753,8,1,0,test,diff_days_indoor,5,0,0,0,0,0,0.3503868877887726
data/raw/osu_lora/Diff_Days_Indoor_Setup/Day5/Device10/IQ_1.dat,48,3763152,8,3,0,test,diff_days_indoor,5,0,0,0,0,0,0.2776799201965332
data/raw/osu_lora/Diff_Days_Indoor_Setup/Day5/Device10/IQ_1.dat,49,3841551,8,8,1,test,diff_days_indoor,5,0,0,0,0,0,0.37803032994270325
data/raw/osu_lora/Diff_Days_Indoor_Setup/Day5/Device10/IQ_1.dat,50,3919950,8,1,0,test,diff_days_indoor,5,0,0,0,0,0,0.3579675555229187
data/raw/osu_lora/Diff_Days_Indoor_Setup/Day5/Device10/IQ_1.dat,51,3998349,8,20,0,test,diff_days_indoor,5,0,0,0,0,0,0.30515754222869873
data/raw/osu_lora/Diff_Days_Indoor_Setup/Day5/Device10/IQ_1.dat,52,4076748,8,8,1,test,diff_days_indoor,5,0,0,0,0,0,0.4483397603034973
data/raw/osu_lora/Diff_Days_Indoor_Setup/Day5/Device10/IQ_1.dat,53,4155147,8,6,0,test,diff_days_indoor,5,0,0,0,0,0,0.29324838519096375
data/raw/osu_lora/Diff_Days_Indoor_Setup/Day5/Device10/IQ_1.dat,54,4233546,8,8,1,test,diff_days_indoor,5,0,0,0,0,0,0.3041938245296478
data/raw/osu_lora/Diff_Days_Indoor_Setup/Day5/Device10/IQ_1.dat,55,4311945,8,8,1,test,diff_days_indoor,5,0,0,0,0,0,0.46279677748680115
data/raw/osu_lora/Diff_Days_Indoor_Setup/Day5/Device10/IQ_1.dat,56,4390344,8,8,1,test,diff_days_indoor,5,0,0,0,0,0,0.5364859104156494
data/raw/osu_lora/Diff_Days_Indoor_Setup/Day5/Device10/IQ_1.dat,57,4468743,8,8,1,test,diff_days_indoor,5,0,0,0,0,0,0.4431177079677582
data/raw/osu_lora/Diff_Days_Indoor_Setup/Day5/Device10/IQ_1.dat,58,4547142,8,8,1,test,diff_days_indoor,5,0,0,0,0,0,0.19350434839725494
data/raw/osu_lora/Diff_Days_Indoor_Setup/Day5/Device10/IQ_1.dat,59,4625541,8,8,1,test,diff_days_indoor,5,0,0,0,0,0,0.4186384677886963
data/raw/osu_lora/Diff_Days_Indoor_Setup/Day5/Device10/IQ_1.dat,60,4703940,8,3,0,test,diff_days_indoor,5,0,0,0,0,0,0.24204885959625244
data/raw/osu_lora/Diff_Days_Indoor_Setup/Day5/Device10/IQ_1.dat,61,4782339,8,8,1,test,diff_days_indoor,5,0,0,0,0,0,0.4429531693458557
data/raw/osu_lora/Diff_Days_Indoor_Setup/Day5/Device10/IQ_1.dat,62,4860738,8,20,0,test,diff_days_indoor,5,0,0,0,0,0,0.37546926736831665
data/raw/osu_lora/Diff_Days_Indoor_Setup/Day5/Device10/IQ_1.dat,63,4939137,8,8,1,test,diff_days_indoor,5,0,0,0,0,0,0.524719774723053
data/raw/osu_lora/Diff_Days_Indoor_Setup/Day5/Device10/IQ_1.dat,64,5017536,8,6,0,test,diff_days_indoor,5,0,0,0,0,0,0.18945612013339996
data/raw/osu_lora/Diff_Days_Indoor_Setup/Day5/Device10/IQ_1.dat,65,5095935,8,8,1,test,diff_days_indoor,5,0,0,0,0,0,0.34777599573135376
data/raw/osu_lora/Diff_Days_Indoor_Setup/Day5/Device10/IQ_1.dat,66,5174334,8,6,0,test,diff_days_indoor,5,0,0,0,0,0,0.4152010679244995
data/raw/osu_lora/Diff_Days_Indoor_Setup/Day5/Device10/IQ_1.dat,67,5252733,8,6,0,test,diff_days_indoor,5,0,0,0,0,0,0.45756617188453674
data/raw/osu_lora/Diff_Days_Indoor_Setup/Day5/Device10/IQ_1.dat,68,5331132,8,3,0,test,diff_days_indoor,5,0,0,0,0,0,0.4519044756889343
data/raw/osu_lora/Diff_Days_Indoor_Setup/Day5/Device10/IQ_1.dat,69,5409531,8,20,0,test,diff_days_indoor,5,0,0,0,0,0,0.3837501108646393
data/raw/osu_lora/Diff_Days_Indoor_Setup/Day5/Device10/IQ_1.dat,70,5487930,8,8,1,test,diff_days_indoor,5,0,0,0,0,0,0.36169078946113586
data/raw/osu_lora/Diff_Days_Indoor_Setup/Day5/Device10/IQ_1.dat,71,5566329,8,8,1,test,diff_days_indoor,5,0,0,0,0,0,0.3073437213897705
data/raw/osu_lora/Diff_Days_Indoor_Setup/Day5/Device10/IQ_1.dat,72,5644728,8,8,1,test,diff_days_indoor,5,0,0,0,0,0,0.5160706043243408
data/raw/osu_lora/Diff_Days_Indoor_Setup/Day5/Device10/IQ_1.dat,73,5723127,8,8,1,test,diff_days_indoor,5,0,0,0,0,0,0.4908028542995453
data/raw/osu_lora/Diff_Days_Indoor_Setup/Day5/Device10/IQ_1.dat,74,5801526,8,8,1,test,diff_days_indoor,5,0,0,0,0,0,0.27577754855155945
data/raw/osu_lora/Diff_Days_Indoor_Setup/Day5/Device10/IQ_1.dat,75,5879925,8,8,1,test,diff_days_indoor,5,0,0,0,0,0,0.460220068693161
data/raw/osu_lora/Diff_Days_Indoor_Setup/Day5/Device10/IQ_1.dat,76,5958324,8,3,0,test,diff_days_indoor,5,0,0,0,0,0,0.25372573733329773
data/raw/osu_lora/Diff_Days_Indoor_Setup/Day5/Device10/IQ_1.dat,77,6036723,8,8,1,test,diff_days_indoor,5,0,0,0,0,0,0.40557143092155457
data/raw/osu_lora/Diff_Days_Indoor_Setup/Day5/Device10/IQ_1.dat,78,6115122,8,6,0,test,diff_days_indoor,5,0,0,0,0,0,0.2704659402370453
data/raw/osu_lora/Diff_Days_Indoor_Setup/Day5/Device10/IQ_1.dat,79,6193521,8,8,1,test,diff_days_indoor,5,0,0,0,0,0,0.3518056273460388
data/raw/osu_lora/Diff_Days_Indoor_Setup/Day5/Device10/IQ_1.dat,80,6271920,8,8,1,test,diff_days_indoor,5,0,0,0,0,0,0.2552333176136017
data/raw/osu_lora/Diff_Days_Indoor_Setup/Day5/Device10/IQ_1.dat,81,6350319,8,8,1,test,diff_days_indoor,5,0,0,0,0,0,0.28959959745407104
data/raw/osu_lora/Diff_Days_Indoor_Setup/Day5/Device10/IQ_1.dat,82,6428718,8,8,1,test,diff_days_indoor,5,0,0,0,0,0,0.28327199816703796
data/raw/osu_lora/Diff_Days_Indoor_Setup/Day5/Device10/IQ_1.dat,83,6507117,8,8,1,test,diff_days_indoor,5,0,0,0,0,0,0.41056162118911743
data/raw/osu_lora/Diff_Days_Indoor_Setup/Day5/Device10/IQ_1.dat,84,6585516,8,8,1,test,diff_days_indoor,5,0,0,0,0,0,0.4937818944454193
data/raw/osu_lora/Diff_Days_Indoor_Setup/Day5/Device10/IQ_1.dat,85,6663915,8,5,0,test,diff_days_indoor,5,0,0,0,0,0,0.24202291667461395
data/raw/osu_lora/Diff_Days_Indoor_Setup/Day5/Device10/IQ_1.dat,86,6742314,8,8,1,test,diff_days_indoor,5,0,0,0,0,0,0.2305496484041214
data/raw/osu_lora/Diff_Days_Indoor_Setup/Day5/Device10/IQ_1.dat,87,6820713,8,5,0,test,diff_days_indoor,5,0,0,0,0,0,0.2620997428894043
data/raw/osu_lora/Diff_Days_Indoor_Setup/Day5/Device10/IQ_1.dat,88,6899112,8,8,1,test,diff_days_indoor,5,0,0,0,0,0,0.400343120098114
data/raw/osu_lora/Diff_Days_Indoor_Setup/Day5/Device10/IQ_1.dat,89,6977511,8,1,0,test,diff_days_indoor,5,0,0,0,0,0,0.47642990946769714
data/raw/osu_lora/Diff_Days_Indoor_Setup/Day5/Device10/IQ_1.dat,90,7055910,8,20,0,test,diff_days_indoor,5,0,0,0,0,0,0.4752700626850128
data/raw/osu_lora/Diff_Days_Indoor_Setup/Day5/Device10/IQ_1.dat,91,7134309,8,9,0,test,diff_days_indoor,5,0,0,0,0,0,0.08696635812520981
data/raw/osu_lora/Diff_Days_Indoor_Setup/Day5/Device10/IQ_1.dat,92,7212708,8,6,0,test,diff_days_indoor,5,0,0,0,0,0,0.36236169934272766
data/raw/osu_lora/Diff_Days_Indoor_Setup/Day5/Device10/IQ_1.dat,93,7291107,8,8,1,test,diff_days_indoor,5,0,0,0,0,0,0.5072321891784668
data/raw/osu_lora/Diff_Days_Indoor_Setup/Day5/Device10/IQ_1.dat,94,7369506,8,6,0,test,diff_days_indoor,5,0,0,0,0,0,0.22979380190372467
data/raw/osu_lora/Diff_Days_Indoor_Setup/Day5/Device10/IQ_1.dat,95,7447905,8,6,0,test,diff_days_indoor,5,0,0,0,0,0,0.24889884889125824
data/raw/osu_lora/Diff_Days_Indoor_Setup/Day5/Device10/IQ_1.dat,96,7526304,8,3,0,test,diff_days_indoor,5,0,0,0,0,0,0.3097797632217407
data/raw/osu_lora/Diff_Days_Indoor_Setup/Day5/Device10/IQ_1.dat,97,7604703,8,3,0,test,diff_days_indoor,5,0,0,0,0,0,0.30807366967201233
data/raw/osu_lora/Diff_Days_Indoor_Setup/Day5/Device10/IQ_1.dat,98,7683102,8,20,0,test,diff_days_indoor,5,0,0,0,0,0,0.49518585205078125
data/raw/osu_lora/Diff_Days_Indoor_Setup/Day5/Device10/IQ_1.dat,99,7761501,8,8,1,test,diff_days_indoor,5,0,0,0,0,0,0.49968376755714417
data/raw/osu_lora/Diff_Days_Indoor_Setup/Day5/Device10/IQ_1.dat,100,7839900,8,3,0,test,diff_days_indoor,5,0,0,0,0,0,0.259184330701828
data/raw/osu_lora/Diff_Days_Indoor_Setup/Day5/Device10/IQ_1.dat,101,7918299,8,8,1,test,diff_days_indoor,5,0,0,0,0,0,0.3391578197479248
data/raw/osu_lora/Diff_Days_Indoor_Setup/Day5/Device10/IQ_1.dat,102,7996698,8,8,1,test,diff_days_indoor,5,0,0,0,0,0,0.24156145751476288
data/raw/osu_lora/Diff_Days_Indoor_Setup/Day5/Device10/IQ_1.dat,103,8075097,8,20,0,test,diff_days_indoor,5,0,0,0,0,0,0.1363047957420349
data/raw/osu_lora/Diff_Days_Indoor_Setup/Day5/Device10/IQ_1.dat,104,8153496,8,8,1,test,diff_days_indoor,5,0,0,0,0,0,0.23344756662845612
data/raw/osu_lora/Diff_Days_Indoor_Setup/Day5/Device10/IQ_1.dat,105,8231895,8,3,0,test,diff_days_indoor,5,0,0,0,0,0,0.280070424079895
data/raw/osu_lora/Diff_Days_Indoor_Setup/Day5/Device10/IQ_1.dat,106,8310294,8,6,0,test,diff_days_indoor,5,0,0,0,0,0,0.31114667654037476
data/raw/osu_lora/Diff_Days_Indoor_Setup/Day5/Device10/IQ_1.dat,107,8388693,8,8,1,test,diff_days_indoor,5,0,0,0,0,0,0.5277831554412842
data/raw/osu_lora/Diff_Days_Indoor_Setup/Day5/Device10/IQ_1.dat,108,8467092,8,8,1,test,diff_days_indoor,5,0,0,0,0,0,0.30523696541786194
data/raw/osu_lora/Diff_Days_Indoor_Setup/Day5/Device10/IQ_1.dat,109,8545491,8,8,1,test,diff_days_indoor,5,0,0,0,0,0,0.27039316296577454
data/raw/osu_lora/Diff_Days_Indoor_Setup/Day5/Device10/IQ_1.dat,110,8623890,8,20,0,test,diff_days_indoor,5,0,0,0,0,0,0.31806614995002747
data/raw/osu_lora/Diff_Days_Indoor_Setup/Day5/Device10/IQ_1.dat,111,8702289,8,3,0,test,diff_days_indoor,5,0,0,0,0,0,0.29812607169151306
data/raw/osu_lora/Diff_Days_Indoor_Setup/Day5/Device10/IQ_1.dat,112,8780688,8,8,1,test,diff_days_indoor,5,0,0,0,0,0,0.2511116862297058
data/raw/osu_lora/Diff_Days_Indoor_Setup/Day5/Device10/IQ_1.dat,113,8859087,8,23,0,test,diff_days_indoor,5,0,0,0,0,0,0.4166123867034912
data/raw/osu_lora/Diff_Days_Indoor_Setup/Day5/Device10/IQ_1.dat,114,8937486,8,15,0,test,diff_days_indoor,5,0,0,0,0,0,0.23048001527786255
data/raw/osu_lora/Diff_Days_Indoor_Setup/Day5/Device10/IQ_1.dat,115,9015885,8,20,0,test,diff_days_indoor,5,0,0,0,0,0,0.33759403228759766
data/raw/osu_lora/Diff_Days_Indoor_Setup/Day5/Device10/IQ_1.dat,116,9094284,8,8,1,test,diff_days_indoor,5,0,0,0,0,0,0.4522077143192291
data/raw/osu_lora/Diff_Days_Indoor_Setup/Day5/Device10/IQ_1.dat,117,9172683,8,20,0,test,diff_days_indoor,5,0,0,0,0,0,0.39760294556617737
data/raw/osu_lora/Diff_Days_Indoor_Setup/Day5/Device10/IQ_1.dat,118,9251082,8,8,1,test,diff_days_indoor,5,0,0,0,0,0,0.44823840260505676
data/raw/osu_lora/Diff_Days_Indoor_Setup/Day5/Device10/IQ_1.dat,119,9329481,8,8,1,test,diff_days_indoor,5,0,0,0,0,0,0.3215533196926117
data/raw/osu_lora/Diff_Days_Indoor_Setup/Day5/Device10/IQ_1.dat,120,9407880,8,8,1,test,diff_days_indoor,5,0,0,0,0,0,0.44485700130462646
data/raw/osu_lora/Diff_Days_Indoor_Setup/Day5/Device10/IQ_1.dat,121,9486279,8,1,0,test,diff_days_indoor,5,0,0,0,0,0,0.46971040964126587
data/raw/osu_lora/Diff_Days_Indoor_Setup/Day5/Device10/IQ_1.dat,122,9564678,8,20,0,test,diff_days_indoor,5,0,0,0,0,0,0.32255876064300537
data/raw/osu_lora/Diff_Days_Indoor_Setup/Day5/Device10/IQ_1.dat,123,9643077,8,8,1,test,diff_days_indoor,5,0,0,0,0,0,0.48024916648864746
data/raw/osu_lora/Diff_Days_Indoor_Setup/Day5/Device10/IQ_1.dat,124,9721476,8,1,0,test,diff_days_indoor,5,0,0,0,0,0,0.5837265253067017
data/raw/osu_lora/Diff_Days_Indoor_Setup/Day5/Device10/IQ_1.dat,125,9799875,8,20,0,test,diff_days_indoor,5,0,0,0,0,0,0.406471848487854
data/raw/osu_lora/Diff_Days_Indoor_Setup/Day5/Device10/IQ_1.dat,126,9878274,8,8,1,test,diff_days_indoor,5,0,0,0,0,0,0.3537108898162842
data/raw/osu_lora/Diff_Days_Indoor_Setup/Day5/Device10/IQ_1.dat,127,9956673,8,8,1,test,diff_days_indoor,5,0,0,0,0,0,0.45731401443481445
data/raw/osu_lora/Diff_Days_Indoor_Setup/Day5/Device10/IQ_1.dat,128,10035072,8,3,0,test,diff_days_indoor,5,0,0,0,0,0,0.21881625056266785
data/raw/osu_lora/Diff_Days_Indoor_Setup/Day5/Device10/IQ_1.dat,129,10113471,8,8,1,test,diff_days_indoor,5,0,0,0,0,0,0.48050305247306824
data/raw/osu_lora/Diff_Days_Indoor_Setup/Day5/Device10/IQ_1.dat,130,10191870,8,20,0,test,diff_days_indoor,5,0,0,0,0,0,0.25860026478767395
data/raw/osu_lora/Diff_Days_Indoor_Setup/Day5/Device10/IQ_1.dat,131,10270269,8,7,0,test,diff_days_indoor,5,0,0,0,0,0,0.22868385910987854
data/raw/osu_lora/Diff_Days_Indoor_Setup/Day5/Device10/IQ_1.dat,132,10348668,8,2,0,test,diff_days_indoor,5,0,0,0,0,0,0.42546868324279785
data/raw/osu_lora/Diff_Days_Indoor_Setup/Day5/Device10/IQ_1.dat,133,10427067,8,14,0,test,diff_days_indoor,5,0,0,0,0,0,0.22749830782413483
data/raw/osu_lora/Diff_Days_Indoor_Setup/Day5/Device10/IQ_1.dat,134,10505466,8,20,0,test,diff_days_indoor,5,0,0,0,0,0,0.20253489911556244
data/raw/osu_lora/Diff_Days_Indoor_Setup/Day5/Device10/IQ_1.dat,135,10583865,8,8,1,test,diff_days_indoor,5,0,0,0,0,0,0.44216111302375793
data/raw/osu_lora/Diff_Days_Indoor_Setup/Day5/Device10/IQ_1.dat,136,10662264,8,8,1,test,diff_days_indoor,5,0,0,0,0,0,0.49285292625427246
data/raw/osu_lora/Diff_Days_Indoor_Setup/Day5/Device10/IQ_1.dat,137,10740663,8,8,1,test,diff_days_indoor,5,0,0,0,0,0,0.3222653269767761
data/raw/osu_lora/Diff_Days_Indoor_Setup/Day5/Device10/IQ_1.dat,138,10819062,8,8,1,test,diff_days_indoor,5,0,0,0,0,0,0.18310019373893738
data/raw/osu_lora/Diff_Days_Indoor_Setup/Day5/Device10/IQ_1.dat,139,10897461,8,8,1,test,diff_days_indoor,5,0,0,0,0,0,0.47820472717285156
data/raw/osu_lora/Diff_Days_Indoor_Setup/Day5/Device10/IQ_1.dat,140,10975860,8,20,0,test,diff_days_indoor,5,0,0,0,0,0,0.3403506577014923
data/raw/osu_lora/Diff_Days_Indoor_Setup/Day5/Device10/IQ_1.dat,141,11054259,8,3,0,test,diff_days_indoor,5,0,0,0,0,0,0.25832071900367737
data/raw/osu_lora/Diff_Days_Indoor_Setup/Day5/Device10/IQ_1.dat,142,11132658,8,8,1,test,diff_days_indoor,5,0,0,0,0,0,0.3878248333930969
data/raw/osu_lora/Diff_Days_Indoor_Setup/Day5/Device10/IQ_1.dat,143,11211057,8,23,0,test,diff_days_indoor,5,0,0,0,0,0,0.19528022408485413
data/raw/osu_lora/Diff_Days_Indoor_Setup/Day5/Device10/IQ_1.dat,144,11289456,8,1,0,test,diff_days_indoor,5,0,0,0,0,0,0.4190833568572998
data/raw/osu_lora/Diff_Days_Indoor_Setup/Day5/Device10/IQ_1.dat,145,11367855,8,8,1,test,diff_days_indoor,5,0,0,0,0,0,0.5580297708511353
data/raw/osu_lora/Diff_Days_Indoor_Setup/Day5/Device10/IQ_1.dat,146,11446254,8,6,0,test,diff_days_indoor,5,0,0,0,0,0,0.3036397397518158
data/raw/osu_lora/Diff_Days_Indoor_Setup/Day5/Device10/IQ_1.dat,147,11524653,8,6,0,test,diff_days_indoor,5,0,0,0,0,0,0.33881521224975586
data/raw/osu_lora/Diff_Days_Indoor_Setup/Day5/Device10/IQ_1.dat,148,11603052,8,8,1,test,diff_days_indoor,5,0,0,0,0,0,0.38004404306411743
data/raw/osu_lora/Diff_Days_Indoor_Setup/Day5/Device10/IQ_1.dat,149,11681451,8,23,0,test,diff_days_indoor,5,0,0,0,0,0,0.1980508416891098
data/raw/osu_lora/Diff_Days_Indoor_Setup/Day5/Device10/IQ_1.dat,150,11759850,8,20,0,test,diff_days_indoor,5,0,0,0,0,0,0.18629924952983856
data/raw/osu_lora/Diff_Days_Indoor_Setup/Day5/Device10/IQ_1.dat,151,11838249,8,8,1,test,diff_days_indoor,5,0,0,0,0,0,0.4332360327243805
data/raw/osu_lora/Diff_Days_Indoor_Setup/Day5/Device10/IQ_1.dat,152,11916648,8,8,1,test,diff_days_indoor,5,0,0,0,0,0,0.323184996843338
data/raw/osu_lora/Diff_Days_Indoor_Setup/Day5/Device10/IQ_1.dat,153,11995047,8,8,1,test,diff_days_indoor,5,0,0,0,0,0,0.5154664516448975
data/raw/osu_lora/Diff_Days_Indoor_Setup/Day5/Device10/IQ_1.dat,154,12073446,8,20,0,test,diff_days_indoor,5,0,0,0,0,0,0.36070558428764343
data/raw/osu_lora/Diff_Days_Indoor_Setup/Day5/Device10/IQ_1.dat,155,12151845,8,8,1,test,diff_days_indoor,5,0,0,0,0,0,0.35955482721328735
data/raw/osu_lora/Diff_Days_Indoor_Setup/Day5/Device10/IQ_1.dat,156,12230244,8,8,1,test,diff_days_indoor,5,0,0,0,0,0,0.41698336601257324
data/raw/osu_lora/Diff_Days_Indoor_Setup/Day5/Device10/IQ_1.dat,157,12308643,8,8,1,test,diff_days_indoor,5,0,0,0,0,0,0.44244682788848877
data/raw/osu_lora/Diff_Days_Indoor_Setup/Day5/Device10/IQ_1.dat,158,12387042,8,20,0,test,diff_days_indoor,5,0,0,0,0,0,0.29875147342681885
data/raw/osu_lora/Diff_Days_Indoor_Setup/Day5/Device10/IQ_1.dat,159,12465441,8,8,1,test,diff_days_indoor,5,0,0,0,0,0,0.4862019121646881
data/raw/osu_lora/Diff_Days_Indoor_Setup/Day5/Device10/IQ_1.dat,160,12543840,8,8,1,test,diff_days_indoor,5,0,0,0,0,0,0.5015854239463806
data/raw/osu_lora/Diff_Days_Indoor_Setup/Day5/Device10/IQ_1.dat,161,12622239,8,3,0,test,diff_days_indoor,5,0,0,0,0,0,0.30040794610977173
data/raw/osu_lora/Diff_Days_Indoor_Setup/Day5/Device10/IQ_1.dat,162,12700638,8,6,0,test,diff_days_indoor,5,0,0,0,0,0,0.4024944305419922
data/raw/osu_lora/Diff_Days_Indoor_Setup/Day5/Device10/IQ_1.dat,163,12779037,8,20,0,test,diff_days_indoor,5,0,0,0,0,0,0.4187144935131073
data/raw/osu_lora/Diff_Days_Indoor_Setup/Day5/Device10/IQ_1.dat,164,12857436,8,3,0,test,diff_days_indoor,5,0,0,0,0,0,0.22116127610206604
data/raw/osu_lora/Diff_Days_Indoor_Setup/Day5/Device10/IQ_1.dat,165,12935835,8,8,1,test,diff_days_indoor,5,0,0,0,0,0,0.3057600259780884
data/raw/osu_lora/Diff_Days_Indoor_Setup/Day5/Device10/IQ_1.dat,166,13014234,8,2,0,test,diff_days_indoor,5,0,0,0,0,0,0.27853724360466003
data/raw/osu_lora/Diff_Days_Indoor_Setup/Day5/Device10/IQ_1.dat,167,13092633,8,8,1,test,diff_days_indoor,5,0,0,0,0,0,0.4768790602684021
data/raw/osu_lora/Diff_Days_Indoor_Setup/Day5/Device10/IQ_1.dat,168,13171032,8,1,0,test,diff_days_indoor,5,0,0,0,0,0,0.36371883749961853
data/raw/osu_lora/Diff_Days_Indoor_Setup/Day5/Device10/IQ_1.dat,169,13249431,8,8,1,test,diff_days_indoor,5,0,0,0,0,0,0.431194007396698
data/raw/osu_lora/Diff_Days_Indoor_Setup/Day5/Device10/IQ_1.dat,170,13327830,8,3,0,test,diff_days_indoor,5,0,0,0,0,0,0.25978386402130127
data/raw/osu_lora/Diff_Days_Indoor_Setup/Day5/Device10/IQ_1.dat,171,13406229,8,8,1,test,diff_days_indoor,5,0,0,0,0,0,0.4219111204147339
data/raw/osu_lora/Diff_Days_Indoor_Setup/Day5/Device10/IQ_1.dat,172,13484628,8,20,0,test,diff_days_indoor,5,0,0,0,0,0,0.41202062368392944
data/raw/osu_lora/Diff_Days_Indoor_Setup/Day5/Device10/IQ_1.dat,173,13563027,8,20,0,test,diff_days_indoor,5,0,0,0,0,0,0.3531203866004944
data/raw/osu_lora/Diff_Days_Indoor_Setup/Day5/Device10/IQ_1.dat,174,13641426,8,8,1,test,diff_days_indoor,5,0,0,0,0,0,0.5009743571281433
data/raw/osu_lora/Diff_Days_Indoor_Setup/Day5/Device10/IQ_1.dat,175,13719825,8,8,1,test,diff_days_indoor,5,0,0,0,0,0,0.4862719178199768
data/raw/osu_lora/Diff_Days_Indoor_Setup/Day5/Device10/IQ_1.dat,176,13798224,8,8,1,test,diff_days_indoor,5,0,0,0,0,0,0.612174391746521
data/raw/osu_lora/Diff_Days_Indoor_Setup/Day5/Device10/IQ_1.dat,177,13876623,8,8,1,test,diff_days_indoor,5,0,0,0,0,0,0.4721794128417969
data/raw/osu_lora/Diff_Days_Indoor_Setup/Day5/Device10/IQ_1.dat,178,13955022,8,20,0,test,diff_days_indoor,5,0,0,0,0,0,0.2874699532985687
data/raw/osu_lora/Diff_Days_Indoor_Setup/Day5/Device10/IQ_1.dat,179,14033421,8,8,1,test,diff_days_indoor,5,0,0,0,0,0,0.24579106271266937
data/raw/osu_lora/Diff_Days_Indoor_Setup/Day5/Device10/IQ_1.dat,180,14111820,8,6,0,test,diff_days_indoor,5,0,0,0,0,0,0.4163060784339905
data/raw/osu_lora/Diff_Days_Indoor_Setup/Day5/Device10/IQ_1.dat,181,14190219,8,0,0,test,diff_days_indoor,5,0,0,0,0,0,0.2734007239341736
data/raw/osu_lora/Diff_Days_Indoor_Setup/Day5/Device10/IQ_1.dat,182,14268618,8,6,0,test,diff_days_indoor,5,0,0,0,0,0,0.41780027747154236
data/raw/osu_lora/Diff_Days_Indoor_Setup/Day5/Device10/IQ_1.dat,183,14347017,8,20,0,test,diff_days_indoor,5,0,0,0,0,0,0.5007941126823425
data/raw/osu_lora/Diff_Days_Indoor_Setup/Day5/Device10/IQ_1.dat,184,14425416,8,8,1,test,diff_days_indoor,5,0,0,0,0,0,0.5227794051170349
data/raw/osu_lora/Diff_Days_Indoor_Setup/Day5/Device10/IQ_1.dat,185,14503815,8,8,1,test,diff_days_indoor,5,0,0,0,0,0,0.32464852929115295
data/raw/osu_lora/Diff_Days_Indoor_Setup/Day5/Device10/IQ_1.dat,186,14582214,8,8,1,test,diff_days_indoor,5,0,0,0,0,0,0.4944506883621216
data/raw/osu_lora/Diff_Days_Indoor_Setup/Day5/Device10/IQ_1.dat,187,14660613,8,20,0,test,diff_days_indoor,5,0,0,0,0,0,0.4410996735095978
data/raw/osu_lora/Diff_Days_Indoor_Setup/Day5/Device10/IQ_1.dat,188,14739012,8,6,0,test,diff_days_indoor,5,0,0,0,0,0,0.3641996681690216
data/raw/osu_lora/Diff_Days_Indoor_Setup/Day5/Device10/IQ_1.dat,189,14817411,8,20,0,test,diff_days_indoor,5,0,0,0,0,0,0.38074102997779846
data/raw/osu_lora/Diff_Days_Indoor_Setup/Day5/Device10/IQ_1.dat,190,14895810,8,8,1,test,diff_days_indoor,5,0,0,0,0,0,0.4124892055988312
data/raw/osu_lora/Diff_Days_Indoor_Setup/Day5/Device10/IQ_1.dat,191,14974209,8,8,1,test,diff_days_indoor,5,0,0,0,0,0,0.2567119300365448
data/raw/osu_lora/Diff_Days_Indoor_Setup/Day5/Device10/IQ_1.dat,192,15052608,8,8,1,test,diff_days_indoor,5,0,0,0,0,0,0.3919132351875305
data/raw/osu_lora/Diff_Days_Indoor_Setup/Day5/Device10/IQ_1.dat,193,15131007,8,20,0,test,diff_days_indoor,5,0,0,0,0,0,0.5043519735336304
data/raw/osu_lora/Diff_Days_Indoor_Setup/Day5/Device10/IQ_1.dat,194,15209406,8,6,0,test,diff_days_indoor,5,0,0,0,0,0,0.48685845732688904
data/raw/osu_lora/Diff_Days_Indoor_Setup/Day5/Device10/IQ_1.dat,195,15287805,8,20,0,test,diff_days_indoor,5,0,0,0,0,0,0.33916914463043213
data/raw/osu_lora/Diff_Days_Indoor_Setup/Day5/Device10/IQ_1.dat,196,15366204,8,20,0,test,diff_days_indoor,5,0,0,0,0,0,0.46161341667175293
data/raw/osu_lora/Diff_Days_Indoor_Setup/Day5/Device10/IQ_1.dat,197,15444603,8,8,1,test,diff_days_indoor,5,0,0,0,0,0,0.5802482962608337
data/raw/osu_lora/Diff_Days_Indoor_Setup/Day5/Device10/IQ_1.dat,198,15523002,8,6,0,test,diff_days_indoor,5,0,0,0,0,0,0.36281469464302063
data/raw/osu_lora/Diff_Days_Indoor_Setup/Day5/Device10/IQ_1.dat,199,15601401,8,8,1,test,diff_days_indoor,5,0,0,0,0,0,0.5279685258865356
data/raw/osu_lora/Diff_Days_Indoor_Setup/Day5/Device10/IQ_1.dat,200,15679800,8,8,1,test,diff_days_indoor,5,0,0,0,0,0,0.37681588530540466
data/raw/osu_lora/Diff_Days_Indoor_Setup/Day5/Device10/IQ_1.dat,201,15758199,8,8,1,test,diff_days_indoor,5,0,0,0,0,0,0.4108377993106842
data/raw/osu_lora/Diff_Days_Indoor_Setup/Day5/Device10/IQ_1.dat,202,15836598,8,8,1,test,diff_days_indoor,5,0,0,0,0,0,0.30477362871170044
data/raw/osu_lora/Diff_Days_Indoor_Setup/Day5/Device10/IQ_1.dat,203,15914997,8,2,0,test,diff_days_indoor,5,0,0,0,0,0,0.2430528700351715
data/raw/osu_lora/Diff_Days_Indoor_Setup/Day5/Device10/IQ_1.dat,204,15993396,8,8,1,test,diff_days_indoor,5,0,0,0,0,0,0.46102625131607056
data/raw/osu_lora/Diff_Days_Indoor_Setup/Day5/Device10/IQ_1.dat,205,16071795,8,8,1,test,diff_days_indoor,5,0,0,0,0,0,0.5181360244750977
data/raw/osu_lora/Diff_Days_Indoor_Setup/Day5/Device10/IQ_1.dat,206,16150194,8,5,0,test,diff_days_indoor,5,0,0,0,0,0,0.2421654760837555
data/raw/osu_lora/Diff_Days_Indoor_Setup/Day5/Device10/IQ_1.dat,207,16228593,8,20,0,test,diff_days_indoor,5,0,0,0,0,0,0.4112946093082428
data/raw/osu_lora/Diff_Days_Indoor_Setup/Day5/Device10/IQ_1.dat,208,16306992,8,8,1,test,diff_days_indoor,5,0,0,0,0,0,0.4588610529899597
data/raw/osu_lora/Diff_Days_Indoor_Setup/Day5/Device10/IQ_1.dat,209,16385391,8,8,1,test,diff_days_indoor,5,0,0,0,0,0,0.3089185059070587
data/raw/osu_lora/Diff_Days_Indoor_Setup/Day5/Device10/IQ_1.dat,210,16463790,8,20,0,test,diff_days_indoor,5,0,0,0,0,0,0.452146977186203
data/raw/osu_lora/Diff_Days_Indoor_Setup/Day5/Device10/IQ_1.dat,211,16542189,8,20,0,test,diff_days_indoor,5,0,0,0,0,0,0.07959605753421783
data/raw/osu_lora/Diff_Days_Indoor_Setup/Day5/Device10/IQ_1.dat,212,16620588,8,8,1,test,diff_days_indoor,5,0,0,0,0,0,0.5009891986846924
data/raw/osu_lora/Diff_Days_Indoor_Setup/Day5/Device10/IQ_1.dat,213,16698987,8,8,1,test,diff_days_indoor,5,0,0,0,0,0,0.3814668357372284
data/raw/osu_lora/Diff_Days_Indoor_Setup/Day5/Device10/IQ_1.dat,214,16777386,8,20,0,test,diff_days_indoor,5,0,0,0,0,0,0.4489423930644989
data/raw/osu_lora/Diff_Days_Indoor_Setup/Day5/Device10/IQ_1.dat,215,16855785,8,20,0,test,diff_days_indoor,5,0,0,0,0,0,0.34524762630462646
data/raw/osu_lora/Diff_Days_Indoor_Setup/Day5/Device10/IQ_1.dat,216,16934184,8,8,1,test,diff_days_indoor,5,0,0,0,0,0,0.5232009887695312
data/raw/osu_lora/Diff_Days_Indoor_Setup/Day5/Device10/IQ_1.dat,217,17012583,8,20,0,test,diff_days_indoor,5,0,0,0,0,0,0.3845144212245941
data/raw/osu_lora/Diff_Days_Indoor_Setup/Day5/Device10/IQ_1.dat,218,17090982,8,8,1,test,diff_days_indoor,5,0,0,0,0,0,0.4347591698169708
data/raw/osu_lora/Diff_Days_Indoor_Setup/Day5/Device10/IQ_1.dat,219,17169381,8,3,0,test,diff_days_indoor,5,0,0,0,0,0,0.2997364103794098
data/raw/osu_lora/Diff_Days_Indoor_Setup/Day5/Device10/IQ_1.dat,220,17247780,8,2,0,test,diff_days_indoor,5,0,0,0,0,0,0.2508598864078522
data/raw/osu_lora/Diff_Days_Indoor_Setup/Day5/Device10/IQ_1.dat,221,17326179,8,20,0,test,diff_days_indoor,5,0,0,0,0,0,0.3414507210254669
data/raw/osu_lora/Diff_Days_Indoor_Setup/Day5/Device10/IQ_1.dat,222,17404578,8,8,1,test,diff_days_indoor,5,0,0,0,0,0,0.4403875768184662
data/raw/osu_lora/Diff_Days_Indoor_Setup/Day5/Device10/IQ_1.dat,223,17482977,8,8,1,test,diff_days_indoor,5,0,0,0,0,0,0.20146435499191284
data/raw/osu_lora/Diff_Days_Indoor_Setup/Day5/Device10/IQ_1.dat,224,17561376,8,8,1,test,diff_days_indoor,5,0,0,0,0,0,0.4646635949611664
data/raw/osu_lora/Diff_Days_Indoor_Setup/Day5/Device10/IQ_1.dat,225,17639775,8,3,0,test,diff_days_indoor,5,0,0,0,0,0,0.36750632524490356
data/raw/osu_lora/Diff_Days_Indoor_Setup/Day5/Device10/IQ_1.dat,226,17718174,8,8,1,test,diff_days_indoor,5,0,0,0,0,0,0.3905929625034332
data/raw/osu_lora/Diff_Days_Indoor_Setup/Day5/Device10/IQ_1.dat,227,17796573,8,8,1,test,diff_days_indoor,5,0,0,0,0,0,0.32184508442878723
data/raw/osu_lora/Diff_Days_Indoor_Setup/Day5/Device10/IQ_1.dat,228,17874972,8,8,1,test,diff_days_indoor,5,0,0,0,0,0,0.3348424732685089
data/raw/osu_lora/Diff_Days_Indoor_Setup/Day5/Device10/IQ_1.dat,229,17953371,8,6,0,test,diff_days_indoor,5,0,0,0,0,0,0.5786869525909424
data/raw/osu_lora/Diff_Days_Indoor_Setup/Day5/Device10/IQ_1.dat,230,18031770,8,8,1,test,diff_days_indoor,5,0,0,0,0,0,0.5054817795753479
data/raw/osu_lora/Diff_Days_Indoor_Setup/Day5/Device10/IQ_1.dat,231,18110169,8,20,0,test,diff_days_indoor,5,0,0,0,0,0,0.3503875434398651
data/raw/osu_lora/Diff_Days_Indoor_Setup/Day5/Device10/IQ_1.dat,232,18188568,8,8,1,test,diff_days_indoor,5,0,0,0,0,0,0.581697404384613
data/raw/osu_lora/Diff_Days_Indoor_Setup/Day5/Device10/IQ_1.dat,233,18266967,8,23,0,test,diff_days_indoor,5,0,0,0,0,0,0.23654012382030487
data/raw/osu_lora/Diff_Days_Indoor_Setup/Day5/Device10/IQ_1.dat,234,18345366,8,2,0,test,diff_days_indoor,5,0,0,0,0,0,0.24289049208164215
data/raw/osu_lora/Diff_Days_Indoor_Setup/Day5/Device10/IQ_1.dat,235,18423765,8,20,0,test,diff_days_indoor,5,0,0,0,0,0,0.3741568326950073
data/raw/osu_lora/Diff_Days_Indoor_Setup/Day5/Device10/IQ_1.dat,236,18502164,8,8,1,test,diff_days_indoor,5,0,0,0,0,0,0.36304742097854614
data/raw/osu_lora/Diff_Days_Indoor_Setup/Day5/Device10/IQ_1.dat,237,18580563,8,20,0,test,diff_days_indoor,5,0,0,0,0,0,0.4543232321739197
data/raw/osu_lora/Diff_Days_Indoor_Setup/Day5/Device10/IQ_1.dat,238,18658962,8,8,1,test,diff_days_indoor,5,0,0,0,0,0,0.39707380533218384
data/raw/osu_lora/Diff_Days_Indoor_Setup/Day5/Device10/IQ_1.dat,239,18737361,8,20,0,test,diff_days_indoor,5,0,0,0,0,0,0.1789981573820114
data/raw/osu_lora/Diff_Days_Indoor_Setup/Day5/Device10/IQ_1.dat,240,18815760,8,20,0,test,diff_days_indoor,5,0,0,0,0,0,0.4980030953884125
data/raw/osu_lora/Diff_Days_Indoor_Setup/Day5/Device10/IQ_1.dat,241,18894159,8,8,1,test,diff_days_indoor,5,0,0,0,0,0,0.36583688855171204
data/raw/osu_lora/Diff_Days_Indoor_Setup/Day5/Device10/IQ_1.dat,242,18972558,8,20,0,test,diff_days_indoor,5,0,0,0,0,0,0.352984219789505
data/raw/osu_lora/Diff_Days_Indoor_Setup/Day5/Device10/IQ_1.dat,243,19050957,8,8,1,test,diff_days_indoor,5,0,0,0,0,0,0.3260285258293152
data/raw/osu_lora/Diff_Days_Indoor_Setup/Day5/Device10/IQ_1.dat,244,19129356,8,8,1,test,diff_days_indoor,5,0,0,0,0,0,0.5756410956382751
data/raw/osu_lora/Diff_Days_Indoor_Setup/Day5/Device10/IQ_1.dat,245,19207755,8,23,0,test,diff_days_indoor,5,0,0,0,0,0,0.19147729873657227
data/raw/osu_lora/Diff_Days_Indoor_Setup/Day5/Device10/IQ_1.dat,246,19286154,8,8,1,test,diff_days_indoor,5,0,0,0,0,0,0.17550000548362732
data/raw/osu_lora/Diff_Days_Indoor_Setup/Day5/Device10/IQ_1.dat,247,19364553,8,8,1,test,diff_days_indoor,5,0,0,0,0,0,0.5153525471687317
data/raw/osu_lora/Diff_Days_Indoor_Setup/Day5/Device10/IQ_1.dat,248,19442952,8,20,0,test,diff_days_indoor,5,0,0,0,0,0,0.501495361328125
data/raw/osu_lora/Diff_Days_Indoor_Setup/Day5/Device10/IQ_1.dat,249,19521351,8,20,0,test,diff_days_indoor,5,0,0,0,0,0,0.3702496886253357
data/raw/osu_lora/Diff_Days_Indoor_Setup/Day5/Device10/IQ_1.dat,250,19599750,8,6,0,test,diff_days_indoor,5,0,0,0,0,0,0.2838297486305237
data/raw/osu_lora/Diff_Days_Indoor_Setup/Day5/Device10/IQ_1.dat,251,19678149,8,7,0,test,diff_days_indoor,5,0,0,0,0,0,0.2934415936470032
data/raw/osu_lora/Diff_Days_Indoor_Setup/Day5/Device10/IQ_1.dat,252,19756548,8,8,1,test,diff_days_indoor,5,0,0,0,0,0,0.3225858509540558
data/raw/osu_lora/Diff_Days_Indoor_Setup/Day5/Device10/IQ_1.dat,253,19834947,8,8,1,test,diff_days_indoor,5,0,0,0,0,0,0.3418899476528168
data/raw/osu_lora/Diff_Days_Indoor_Setup/Day5/Device10/IQ_1.dat,254,19913346,8,19,0,test,diff_days_indoor,5,0,0,0,0,0,0.20727519690990448
data/raw/osu_lora/Diff_Days_Indoor_Setup/Day5/Device10/IQ_1.dat,255,19991745,8,8,1,test,diff_days_indoor,5,0,0,0,0,0,0.2555025517940521
data/raw/osu_lora/Diff_Days_Indoor_Setup/Day5/Device11/IQ_1.dat,0,0,9,18,0,test,diff_days_indoor,5,0,0,0,0,0,0.33889713883399963
data/raw/osu_lora/Diff_Days_Indoor_Setup/Day5/Device11/IQ_1.dat,1,78399,9,18,0,test,diff_days_indoor,5,0,0,0,0,0,0.37791287899017334
data/raw/osu_lora/Diff_Days_Indoor_Setup/Day5/Device11/IQ_1.dat,2,156798,9,9,1,test,diff_days_indoor,5,0,0,0,0,0,0.4070882201194763
data/raw/osu_lora/Diff_Days_Indoor_Setup/Day5/Device11/IQ_1.dat,3,235197,9,21,0,test,diff_days_indoor,5,0,0,0,0,0,0.15609712898731232
data/raw/osu_lora/Diff_Days_Indoor_Setup/Day5/Device11/IQ_1.dat,4,313596,9,22,0,test,diff_days_indoor,5,0,0,0,0,0,0.3046932816505432
data/raw/osu_lora/Diff_Days_Indoor_Setup/Day5/Device11/IQ_1.dat,5,391995,9,14,0,test,diff_days_indoor,5,0,0,0,0,0,0.2529628574848175
data/raw/osu_lora/Diff_Days_Indoor_Setup/Day5/Device11/IQ_1.dat,6,470394,9,13,0,test,diff_days_indoor,5,0,0,0,0,0,0.1862850785255432
data/raw/osu_lora/Diff_Days_Indoor_Setup/Day5/Device11/IQ_1.dat,7,548793,9,18,0,test,diff_days_indoor,5,0,0,0,0,0,0.2388012409210205
data/raw/osu_lora/Diff_Days_Indoor_Setup/Day5/Device11/IQ_1.dat,8,627192,9,9,1,test,diff_days_indoor,5,0,0,0,0,0,0.3660156726837158
data/raw/osu_lora/Diff_Days_Indoor_Setup/Day5/Device11/IQ_1.dat,9,705591,9,9,1,test,diff_days_indoor,5,0,0,0,0,0,0.23124141991138458
data/raw/osu_lora/Diff_Days_Indoor_Setup/Day5/Device11/IQ_1.dat,10,783990,9,14,0,test,diff_days_indoor,5,0,0,0,0,0,0.413548082113266
data/raw/osu_lora/Diff_Days_Indoor_Setup/Day5/Device11/IQ_1.dat,11,862389,9,18,0,test,diff_days_indoor,5,0,0,0,0,0,0.21579620242118835
data/raw/osu_lora/Diff_Days_Indoor_Setup/Day5/Device11/IQ_1.dat,12,940788,9,9,1,test,diff_days_indoor,5,0,0,0,0,0,0.4236140847206116
data/raw/osu_lora/Diff_Days_Indoor_Setup/Day5/Device11/IQ_1.dat,13,1019187,9,9,1,test,diff_days_indoor,5,0,0,0,0,0,0.39301684498786926
data/raw/osu_lora/Diff_Days_Indoor_Setup/Day5/Device11/IQ_1.dat,14,1097586,9,21,0,test,diff_days_indoor,5,0,0,0,0,0,0.15464726090431213
data/raw/osu_lora/Diff_Days_Indoor_Setup/Day5/Device11/IQ_1.dat,15,1175985,9,11,0,test,diff_days_indoor,5,0,0,0,0,0,0.24362850189208984
data/raw/osu_lora/Diff_Days_Indoor_Setup/Day5/Device11/IQ_1.dat,16,1254384,9,9,1,test,diff_days_indoor,5,0,0,0,0,0,0.3243884742259979
data/raw/osu_lora/Diff_Days_Indoor_Setup/Day5/Device11/IQ_1.dat,17,1332783,9,10,0,test,diff_days_indoor,5,0,0,0,0,0,0.3283948302268982
data/raw/osu_lora/Diff_Days_Indoor_Setup/Day5/Device11/IQ_1.dat,18,1411182,9,14,0,test,diff_days_indoor,5,0,0,0,0,0,0.2418467104434967
data/raw/osu_lora/Diff_Days_Indoor_Setup/Day5/Device11/IQ_1.dat,19,1489581,9,18,0,test,diff_days_indoor,5,0,0,0,0,0,0.33929240703582764
data/raw/osu_lora/Diff_Days_Indoor_Setup/Day5/Device11/IQ_1.dat,20,1567980,9,9,1,test,diff_days_indoor,5,0,0,0,0,0,0.3680676519870758
data/raw/osu_lora/Diff_Days_Indoor_Setup/Day5/Device11/IQ_1.dat,21,1646379,9,9,1,test,diff_days_indoor,5,0,0,0,0,0,0.19938096404075623
data/raw/osu_lora/Diff_Days_Indoor_Setup/Day5/Device11/IQ_1.dat,22,1724778,9,14,0,test,diff_days_indoor,5,0,0,0,0,0,0.19147931039333344
data/raw/osu_lora/Diff_Days_Indoor_Setup/Day5/Device11/IQ_1.dat,23,1803177,9,9,1,test,diff_days_indoor,5,0,0,0,0,0,0.377519816160202
data/raw/osu_lora/Diff_Days_Indoor_Setup/Day5/Device11/IQ_1.dat,24,1881576,9,13,0,test,diff_days_indoor,5,0,0,0,0,0,0.1501554399728775
data/raw/osu_lora/Diff_Days_Indoor_Setup/Day5/Device11/IQ_1.dat,25,1959975,9,9,1,test,diff_days_indoor,5,0,0,0,0,0,0.41451671719551086
data/raw/osu_lora/Diff_Days_Indoor_Setup/Day5/Device11/IQ_1.dat,26,2038374,9,18,0,test,diff_days_indoor,5,0,0,0,0,0,0.2907266616821289
data/raw/osu_lora/Diff_Days_Indoor_Setup/Day5/Device11/IQ_1.dat,27,2116773,9,14,0,test,diff_days_indoor,5,0,0,0,0,0,0.32197415828704834
data/raw/osu_lora/Diff_Days_Indoor_Setup/Day5/Device11/IQ_1.dat,28,2195172,9,4,0,test,diff_days_indoor,5,0,0,0,0,0,0.27050644159317017
data/raw/osu_lora/Diff_Days_Indoor_Setup/Day5/Device11/IQ_1.dat,29,2273571,9,18,0,test,diff_days_indoor,5,0,0,0,0,0,0.21877014636993408
data/raw/osu_lora/Diff_Days_Indoor_Setup/Day5/Device11/IQ_1.dat,30,2351970,9,14,0,test,diff_days_indoor,5,0,0,0,0,0,0.640109658241272
data/raw/osu_lora/Diff_Days_Indoor_Setup/Day5/Device11/IQ_1.dat,31,2430369,9,21,0,test,diff_days_indoor,5,0,0,0,0,0,0.36274462938308716
data/raw/osu_lora/Diff_Days_Indoor_Setup/Day5/Device11/IQ_1.dat,32,2508768,9,18,0,test,diff_days_indoor,5,0,0,0,0,0,0.372074693441391
data/raw/osu_lora/Diff_Days_Indoor_Setup/Day5/Device11/IQ_1.dat,33,2587167,9,14,0,test,diff_days_indoor,5,0,0,0,0,0,0.3077388107776642
data/raw/osu_lora/Diff_Days_Indoor_Setup/Day5/Device11/IQ_1.dat,34,2665566,9,9,1,test,diff_days_indoor,5,0,0,0,0,0,0.2306041568517685
data/raw/osu_lora/Diff_Days_Indoor_Setup/Day5/Device11/IQ_1.dat,35,2743965,9,18,0,test,diff_days_indoor,5,0,0,0,0,0,0.3570461571216583
data/raw/osu_lora/Diff_Days_Indoor_Setup/Day5/Device11/IQ_1.dat,36,2822364,9,18,0,test,diff_days_indoor,5,0,0,0,0,0,0.24004201591014862
data/raw/osu_lora/Diff_Days_Indoor_Setup/Day5/Device11/IQ_1.dat,37,2900763,9,9,1,test,diff_days_indoor,5,0,0,0,0,0,0.3125002980232239
data/raw/osu_lora/Diff_Days_Indoor_Setup/Day5/Device11/IQ_1.dat,38,2979162,9,14,0,test,diff_days_indoor,5,0,0,0,0,0,0.348184198141098
data/raw/osu_lora/Diff_Days_Indoor_Setup/Day5/Device11/IQ_1.dat,39,3057561,9,18,0,test,diff_days_indoor,5,0,0,0,0,0,0.40991801023483276
data/raw/osu_lora/Diff_Days_Indoor_Setup/Day5/Device11/IQ_1.dat,40,3135960,9,14,0,test,diff_days_indoor,5,0,0,0,0,0,0.2518281936645508
data/raw/osu_lora/Diff_Days_Indoor_Setup/Day5/Device11/IQ_1.dat,41,3214359,9,21,0,test,diff_days_indoor,5,0,0,0,0,0,0.22935570776462555
data/raw/osu_lora/Diff_Days_Indoor_Setup/Day5/Device11/IQ_1.dat,42,3292758,9,22,0,test,diff_days_indoor,5,0,0,0,0,0,0.5223556756973267
data/raw/osu_lora/Diff_Days_Indoor_Setup/Day5/Device11/IQ_1.dat,43,3371157,9,18,0,test,diff_days_indoor,5,0,0,0,0,0,0.16613709926605225
data/raw/osu_lora/Diff_Days_Indoor_Setup/Day5/Device11/IQ_1.dat,44,3449556,9,9,1,test,diff_days_indoor,5,0,0,0,0,0,0.38316237926483154
data/raw/osu_lora/Diff_Days_Indoor_Setup/Day5/Device11/IQ_1.dat,45,3527955,9,22,0,test,diff_days_indoor,5,0,0,0,0,0,0.367154061794281
data/raw/osu_lora/Diff_Days_Indoor_Setup/Day5/Device11/IQ_1.dat,46,3606354,9,18,0,test,diff_days_indoor,5,0,0,0,0,0,0.323885440826416
data/raw/osu_lora/Diff_Days_Indoor_Setup/Day5/Device11/IQ_1.dat,47,3684753,9,18,0,test,diff_days_indoor,5,0,0,0,0,0,0.31494420766830444
data/raw/osu_lora/Diff_Days_Indoor_Setup/Day5/Device11/IQ_1.dat,48,3763152,9,9,1,test,diff_days_indoor,5,0,0,0,0,0,0.37316083908081055
data/raw/osu_lora/Diff_Days_Indoor_Setup/Day5/Device11/IQ_1.dat,49,3841551,9,18,0,test,diff_days_indoor,5,0,0,0,0,0,0.24561306834220886
data/raw/osu_lora/Diff_Days_Indoor_Setup/Day5/Device11/IQ_1.dat,50,3919950,9,18,0,test,diff_days_indoor,5,0,0,0,0,0,0.3504340946674347
data/raw/osu_lora/Diff_Days_Indoor_Setup/Day5/Device11/IQ_1.dat,51,3998349,9,13,0,test,diff_days_indoor,5,0,0,0,0,0,0.2278764694929123
data/raw/osu_lora/Diff_Days_Indoor_Setup/Day5/Device11/IQ_1.dat,52,4076748,9,18,0,test,diff_days_indoor,5,0,0,0,0,0,0.36551982164382935
data/raw/osu_lora/Diff_Days_Indoor_Setup/Day5/Device11/IQ_1.dat,53,4155147,9,13,0,test,diff_days_indoor,5,0,0,0,0,0,0.23452189564704895
data/raw/osu_lora/Diff_Days_Indoor_Setup/Day5/Device11/IQ_1.dat,54,4233546,9,18,0,test,diff_days_indoor,5,0,0,0,0,0,0.3988085985183716
data/raw/osu_lora/Diff_Days_Indoor_Setup/Day5/Device11/IQ_1.dat,55,4311945,9,14,0,test,diff_days_indoor,5,0,0,0,0,0,0.1474669724702835
data/raw/osu_lora/Diff_Days_Indoor_Setup/Day5/Device11/IQ_1.dat,56,4390344,9,13,0,test,diff_days_indoor,5,0,0,0,0,0,0.18729376792907715
data/raw/osu_lora/Diff_Days_Indoor_Setup/Day5/Device11/IQ_1.dat,57,4468743,9,22,0,test,diff_days_indoor,5,0,0,0,0,0,0.6622554659843445
data/raw/osu_lora/Diff_Days_Indoor_Setup/Day5/Device11/IQ_1.dat,58,4547142,9,9,1,test,diff_days_indoor,5,0,0,0,0,0,0.314775675535202
data/raw/osu_lora/Diff_Days_Indoor_Setup/Day5/Device11/IQ_1.dat,59,4625541,9,10,0,test,diff_days_indoor,5,0,0,0,0,0,0.41347870230674744
data/raw/osu_lora/Diff_Days_Indoor_Setup/Day5/Device11/IQ_1.dat,60,4703940,9,9,1,test,diff_days_indoor,5,0,0,0,0,0,0.16735661029815674
data/raw/osu_lora/Diff_Days_Indoor_Setup/Day5/Device11/IQ_1.dat,61,4782339,9,18,0,test,diff_days_indoor,5,0,0,0,0,0,0.3700107932090759
data/raw/osu_lora/Diff_Days_Indoor_Setup/Day5/Device11/IQ_1.dat,62,4860738,9,12,0,test,diff_days_indoor,5,0,0,0,0,0,0.33242636919021606
data/raw/osu_lora/Diff_Days_Indoor_Setup/Day5/Device11/IQ_1.dat,63,4939137,9,9,1,test,diff_days_indoor,5,0,0,0,0,0,0.17717435956001282
data/raw/osu_lora/Diff_Days_Indoor_Setup/Day5/Device11/IQ_1.dat,64,5017536,9,14,0,test,diff_days_indoor,5,0,0,0,0,0,0.19674642384052277
data/raw/osu_lora/Diff_Days_Indoor_Setup/Day5/Device11/IQ_1.dat,65,5095935,9,9,1,test,diff_days_indoor,5,0,0,0,0,0,0.3778079152107239
data/raw/osu_lora/Diff_Days_Indoor_Setup/Day5/Device11/IQ_1.dat,66,5174334,9,14,0,test,diff_days_indoor,5,0,0,0,0,0,0.3116518557071686
data/raw/osu_lora/Diff_Days_Indoor_Setup/Day5/Device11/IQ_1.dat,67,5252733,9,9,1,test,diff_days_indoor,5,0,0,0,0,0,0.30977320671081543
data/raw/osu_lora/Diff_Days_Indoor_Setup/Day5/Device11/IQ_1.dat,68,5331132,9,18,0,test,diff_days_indoor,5,0,0,0,0,0,0.34127235412597656
data/raw/osu_lora/Diff_Days_Indoor_Setup/Day5/Device11/IQ_1.dat,69,5409531,9,14,0,test,diff_days_indoor,5,0,0,0,0,0,0.369324266910553
data/raw/osu_lora/Diff_Days_Indoor_Setup/Day5/Device11/IQ_1.dat,70,5487930,9,9,1,test,diff_days_indoor,5,0,0,0,0,0,0.3140784800052643
data/raw/osu_lora/Diff_Days_Indoor_Setup/Day5/Device11/IQ_1.dat,71,5566329,9,9,1,test,diff_days_indoor,5,0,0,0,0,0,0.14799103140830994
data/raw/osu_lora/Diff_Days_Indoor_Setup/Day5/Device11/IQ_1.dat,72,5644728,9,14,0,test,diff_days_indoor,5,0,0,0,0,0,0.22705282270908356
data/raw/osu_lora/Diff_Days_Indoor_Setup/Day5/Device11/IQ_1.dat,73,5723127,9,18,0,test,diff_days_indoor,5,0,0,0,0,0,0.3804897964000702
data/raw/osu_lora/Diff_Days_Indoor_Setup/Day5/Device11/IQ_1.dat,74,5801526,9,6,0,test,diff_days_indoor,5,0,0,0,0,0,0.33999818563461304
data/raw/osu_lora/Diff_Days_Indoor_Setup/Day5/Device11/IQ_1.dat,75,5879925,9,18,0,test,diff_days_indoor,5,0,0,0,0,0,0.1455887407064438
data/raw/osu_lora/Diff_Days_Indoor_Setup/Day5/Device11/IQ_1.dat,76,5958324,9,14,0,test,diff_days_indoor,5,0,0,0,0,0,0.25796300172805786
data/raw/osu_lora/Diff_Days_Indoor_Setup/Day5/Device11/IQ_1.dat,77,6036723,9,14,0,test,diff_days_indoor,5,0,0,0,0,0,0.28125274181365967
data/raw/osu_lora/Diff_Days_Indoor_Setup/Day5/Device11/IQ_1.dat,78,6115122,9,14,0,test,diff_days_indoor,5,0,0,0,0,0,0.29667413234710693
data/raw/osu_lora/Diff_Days_Indoor_Setup/Day5/Device11/IQ_1.dat,79,6193521,9,18,0,test,diff_days_indoor,5,0,0,0,0,0,0.3219946324825287
data/raw/osu_lora/Diff_Days_Indoor_Setup/Day5/Device11/IQ_1.dat,80,6271920,9,14,0,test,diff_days_indoor,5,0,0,0,0,0,0.43167844414711
data/raw/osu_lora/Diff_Days_Indoor_Setup/Day5/Device11/IQ_1.dat,81,6350319,9,18,0,test,diff_days_indoor,5,0,0,0,0,0,0.42155665159225464
data/raw/osu_lora/Diff_Days_Indoor_Setup/Day5/Device11/IQ_1.dat,82,6428718,9,18,0,test,diff_days_indoor,5,0,0,0,0,0,0.3711947500705719
data/raw/osu_lora/Diff_Days_Indoor_Setup/Day5/Device11/IQ_1.dat,83,6507117,9,14,0,test,diff_days_indoor,5,0,0,0,0,0,0.5047433972358704
data/raw/osu_lora/Diff_Days_Indoor_Setup/Day5/Device11/IQ_1.dat,84,6585516,9,21,0,test,diff_days_indoor,5,0,0,0,0,0,0.3661858141422272
data/raw/osu_lora/Diff_Days_Indoor_Setup/Day5/Device11/IQ_1.dat,85,6663915,9,9,1,test,diff_days_indoor,5,0,0,0,0,0,0.3623111844062805
data/raw/osu_lora/Diff_Days_Indoor_Setup/Day5/Device11/IQ_1.dat,86,6742314,9,9,1,test,diff_days_indoor,5,0,0,0,0,0,0.22748738527297974
data/raw/osu_lora/Diff_Days_Indoor_Setup/Day5/Device11/IQ_1.dat,87,6820713,9,4,0,test,diff_days_indoor,5,0,0,0,0,0,0.687164843082428
data/raw/osu_lora/Diff_Days_Indoor_Setup/Day5/Device11/IQ_1.dat,88,6899112,9,9,1,test,diff_days_indoor,5,0,0,0,0,0,0.23151545226573944
data/raw/osu_lora/Diff_Days_Indoor_Setup/Day5/Device11/IQ_1.dat,89,6977511,9,21,0,test,diff_days_indoor,5,0,0,0,0,0,0.21811895072460175
data/raw/osu_lora/Diff_Days_Indoor_Setup/Day5/Device11/IQ_1.dat,90,7055910,9,18,0,test,diff_days_indoor,5,0,0,0,0,0,0.23812055587768555
data/raw/osu_lora/Diff_Days_Indoor_Setup/Day5/Device11/IQ_1.dat,91,7134309,9,5,0,test,diff_days_indoor,5,0,0,0,0,0,0.27693191170692444
data/raw/osu_lora/Diff_Days_Indoor_Setup/Day5/Device11/IQ_1.dat,92,7212708,9,9,1,test,diff_days_indoor,5,0,0,0,0,0,0.347247838973999
data/raw/osu_lora/Diff_Days_Indoor_Setup/Day5/Device11/IQ_1.dat,93,7291107,9,9,1,test,diff_days_indoor,5,0,0,0,0,0,0.3612843453884125
data/raw/osu_lora/Diff_Days_Indoor_Setup/Day5/Device11/IQ_1.dat,94,7369506,9,9,1,test,diff_days_indoor,5,0,0,0,0,0,0.3308367133140564
data/raw/osu_lora/Diff_Days_Indoor_Setup/Day5/Device11/IQ_1.dat,95,7447905,9,15,0,test,diff_days_indoor,5,0,0,0,0,0,0.18397192656993866
data/raw/osu_lora/Diff_Days_Indoor_Setup/Day5/Device11/IQ_1.dat,96,7526304,9,21,0,test,diff_days_indoor,5,0,0,0,0,0,0.24547289311885834
data/raw/osu_lora/Diff_Days_Indoor_Setup/Day5/Device11/IQ_1.dat,97,7604703,9,18,0,test,diff_days_indoor,5,0,0,0,0,0,0.2403307408094406
data/raw/osu_lora/Diff_Days_Indoor_Setup/Day5/Device11/IQ_1.dat,98,7683102,9,9,1,test,diff_days_indoor,5,0,0,0,0,0,0.36966878175735474
data/raw/osu_lora/Diff_Days_Indoor_Setup/Day5/Device11/IQ_1.dat,99,7761501,9,9,1,test,diff_days_indoor,5,0,0,0,0,0,0.3226049244403839
data/raw/osu_lora/Diff_Days_Indoor_Setup/Day5/Device11/IQ_1.dat,100,7839900,9,13,0,test,diff_days_indoor,5,0,0,0,0,0,0.37174779176712036
data/raw/osu_lora/Diff_Days_Indoor_Setup/Day5/Device11/IQ_1.dat,101,7918299,9,18,0,test,diff_days_indoor,5,0,0,0,0,0,0.380232036113739
data/raw/osu_lora/Diff_Days_Indoor_Setup/Day5/Device11/IQ_1.dat,102,7996698,9,14,0,test,diff_days_indoor,5,0,0,0,0,0,0.34371230006217957
data/raw/osu_lora/Diff_Days_Indoor_Setup/Day5/Device11/IQ_1.dat,103,8075097,9,14,0,test,diff_days_indoor,5,0,0,0,0,0,0.37651726603507996
data/raw/osu_lora/Diff_Days_Indoor_Setup/Day5/Device11/IQ_1.dat,104,8153496,9,9,1,test,diff_days_indoor,5,0,0,0,0,0,0.17146073281764984
data/raw/osu_lora/Diff_Days_Indoor_Setup/Day5/Device11/IQ_1.dat,105,8231895,9,18,0,test,diff_days_indoor,5,0,0,0,0,0,0.3245435059070587
data/raw/osu_lora/Diff_Days_Indoor_Setup/Day5/Device11/IQ_1.dat,106,8310294,9,9,1,test,diff_days_indoor,5,0,0,0,0,0,0.3172845244407654
data/raw/osu_lora/Diff_Days_Indoor_Setup/Day5/Device11/IQ_1.dat,107,8388693,9,9,1,test,diff_days_indoor,5,0,0,0,0,0,0.12209367752075195
data/raw/osu_lora/Diff_Days_Indoor_Setup/Day5/Device11/IQ_1.dat,108,8467092,9,9,1,test,diff_days_indoor,5,0,0,0,0,0,0.3915998041629791
data/raw/osu_lora/Diff_Days_Indoor_Setup/Day5/Device11/IQ_1.dat,109,8545491,9,18,0,test,diff_days_indoor,5,0,0,0,0,0,0.38969743251800537
data/raw/osu_lora/Diff_Days_Indoor_Setup/Day5/Device11/IQ_1.dat,110,8623890,9,9,1,test,diff_days_indoor,5,0,0,0,0,0,0.40090054273605347
data/raw/osu_lora/Diff_Days_Indoor_Setup/Day5/Device11/IQ_1.dat,111,8702289,9,9,1,test,diff_days_indoor,5,0,0,0,0,0,0.3854960799217224
data/raw/osu_lora/Diff_Days_Indoor_Setup/Day5/Device11/IQ_1.dat,112,8780688,9,18,0,test,diff_days_indoor,5,0,0,0,0,0,0.4095199406147003
data/raw/osu_lora/Diff_Days_Indoor_Setup/Day5/Device11/IQ_1.dat,113,8859087,9,14,0,test,diff_days_indoor,5,0,0,0,0,0,0.3195599913597107
data/raw/osu_lora/Diff_Days_Indoor_Setup/Day5/Device11/IQ_1.dat,114,8937486,9,10,0,test,diff_days_indoor,5,0,0,0,0,0,0.26336613297462463
data/raw/osu_lora/Diff_Days_Indoor_Setup/Day5/Device11/IQ_1.dat,115,9015885,9,18,0,test,diff_days_indoor,5,0,0,0,0,0,0.4222940504550934
data/raw/osu_lora/Diff_Days_Indoor_Setup/Day5/Device11/IQ_1.dat,116,9094284,9,9,1,test,diff_days_indoor,5,0,0,0,0,0,0.3301001489162445
data/raw/osu_lora/Diff_Days_Indoor_Setup/Day5/Device11/IQ_1.dat,117,9172683,9,21,0,test,diff_days_indoor,5,0,0,0,0,0,0.27404308319091797
data/raw/osu_lora/Diff_Days_Indoor_Setup/Day5/Device11/IQ_1.dat,118,9251082,9,14,0,test,diff_days_indoor,5,0,0,0,0,0,0.3587556779384613
data/raw/osu_lora/Diff_Days_Indoor_Setup/Day5/Device11/IQ_1.dat,119,9329481,9,9,1,test,diff_days_indoor,5,0,0,0,0,0,0.21862740814685822
data/raw/osu_lora/Diff_Days_Indoor_Setup/Day5/Device11/IQ_1.dat,120,9407880,9,9,1,test,diff_days_indoor,5,0,0,0,0,0,0.3505724370479584
data/raw/osu_lora/Diff_Days_Indoor_Setup/Day5/Device11/IQ_1.dat,121,9486279,9,9,1,test,diff_days_indoor,5,0,0,0,0,0,0.33511051535606384
data/raw/osu_lora/Diff_Days_Indoor_Setup/Day5/Device11/IQ_1.dat,122,9564678,9,14,0,test,diff_days_indoor,5,0,0,0,0,0,0.3462998867034912
data/raw/osu_lora/Diff_Days_Indoor_Setup/Day5/Device11/IQ_1.dat,123,9643077,9,10,0,test,diff_days_indoor,5,0,0,0,0,0,0.3743583858013153
data/raw/osu_lora/Diff_Days_Indoor_Setup/Day5/Device11/IQ_1.dat,124,9721476,9,14,0,test,diff_days_indoor,5,0,0,0,0,0,0.3680758476257324
data/raw/osu_lora/Diff_Days_Indoor_Setup/Day5/Device11/IQ_1.dat,125,9799875,9,9,1,test,diff_days_indoor,5,0,0,0,0,0,0.3033153712749481
data/raw/osu_lora/Diff_Days_Indoor_Setup/Day5/Device11/IQ_1.dat,126,9878274,9,18,0,test,diff_days_indoor,5,0,0,0,0,0,0.37598279118537903
data/raw/osu_lora/Diff_Days_Indoor_Setup/Day5/Device11/IQ_1.dat,127,9956673,9,18,0,test,diff_days_indoor,5,0,0,0,0,0,0.38308078050613403
data/raw/osu_lora/Diff_Days_Indoor_Setup/Day5/Device11/IQ_1.dat,128,10035072,9,18,0,test,diff_days_indoor,5,0,0,0,0,0,0.3871297240257263
data/raw/osu_lora/Diff_Days_Indoor_Setup/Day5/Device11/IQ_1.dat,129,10113471,9,22,0,test,diff_days_indoor,5,0,0,0,0,0,0.5525647401809692
data/raw/osu_lora/Diff_Days_Indoor_Setup/Day5/Device11/IQ_1.dat,130,10191870,9,14,0,test,diff_days_indoor,5,0,0,0,0,0,0.4223588705062866
data/raw/osu_lora/Diff_Days_Indoor_Setup/Day5/Device11/IQ_1.dat,131,10270269,9,18,0,test,diff_days_indoor,5,0,0,0,0,0,0.3402380347251892
data/raw/osu_lora/Diff_Days_Indoor_Setup/Day5/Device11/IQ_1.dat,132,10348668,9,19,0,test,diff_days_indoor,5,0,0,0,0,0,0.16922836005687714
data/raw/osu_lora/Diff_Days_Indoor_Setup/Day5/Device11/IQ_1.dat,133,10427067,9,21,0,test,diff_days_indoor,5,0,0,0,0,0,0.3253207504749298
data/raw/osu_lora/Diff_Days_Indoor_Setup/Day5/Device11/IQ_1.dat,134,10505466,9,14,0,test,diff_days_indoor,5,0,0,0,0,0,0.3527924716472626
data/raw/osu_lora/Diff_Days_Indoor_Setup/Day5/Device11/IQ_1.dat,135,10583865,9,13,0,test,diff_days_indoor,5,0,0,0,0,0,0.1545935869216919
data/raw/osu_lora/Diff_Days_Indoor_Setup/Day5/Device11/IQ_1.dat,136,10662264,9,9,1,test,diff_days_indoor,5,0,0,0,0,0,0.3624582588672638
data/raw/osu_lora/Diff_Days_Indoor_Setup/Day5/Device11/IQ_1.dat,137,10740663,9,21,0,test,diff_days_indoor,5,0,0,0,0,0,0.22789861261844635
data/raw/osu_lora/Diff_Days_Indoor_Setup/Day5/Device11/IQ_1.dat,138,10819062,9,8,0,test,diff_days_indoor,5,0,0,0,0,0,0.16812802851200104
data/raw/osu_lora/Diff_Days_Indoor_Setup/Day5/Device11/IQ_1.dat,139,10897461,9,15,0,test,diff_days_indoor,5,0,0,0,0,0,0.2173144668340683
data/raw/osu_lora/Diff_Days_Indoor_Setup/Day5/Device11/IQ_1.dat,140,10975860,9,23,0,test,diff_days_indoor,5,0,0,0,0,0,0.231343612074852
data/raw/osu_lora/Diff_Days_Indoor_Setup/Day5/Device11/IQ_1.dat,141,11054259,9,18,0,test,diff_days_indoor,5,0,0,0,0,0,0.284931480884552
data/raw/osu_lora/Diff_Days_Indoor_Setup/Day5/Device11/IQ_1.dat,142,11132658,9,9,1,test,diff_days_indoor,5,0,0,0,0,0,0.3231671452522278
data/raw/osu_lora/Diff_Days_Indoor_Setup/Day5/Device11/IQ_1.dat,143,11211057,9,9,1,test,diff_days_indoor,5,0,0,0,0,0,0.25939473509788513
data/raw/osu_lora/Diff_Days_Indoor_Setup/Day5/Device11/IQ_1.dat,144,11289456,9,23,0,test,diff_days_indoor,5,0,0,0,0,0,0.24555779993534088
data/raw/osu_lora/Diff_Days_Indoor_Setup/Day5/Device11/IQ_1.dat,145,11367855,9,8,0,test,diff_days_indoor,5,0,0,0,0,0,0.18666718900203705
data/raw/osu_lora/Diff_Days_Indoor_Setup/Day5/Device11/IQ_1.dat,146,11446254,9,18,0,test,diff_days_indoor,5,0,0,0,0,0,0.3591715395450592
data/raw/osu_lora/Diff_Days_Indoor_Setup/Day5/Device11/IQ_1.dat,147,11524653,9,9,1,test,diff_days_indoor,5,0,0,0,0,0,0.3927668035030365
data/raw/osu_lora/Diff_Days_Indoor_Setup/Day5/Device11/IQ_1.dat,148,11603052,9,21,0,test,diff_days_indoor,5,0,0,0,0,0,0.21780255436897278
data/raw/osu_lora/Diff_Days_Indoor_Setup/Day5/Device11/IQ_1.dat,149,11681451,9,18,0,test,diff_days_indoor,5,0,0,0,0,0,0.3940137028694153
data/raw/osu_lora/Diff_Days_Indoor_Setup/Day5/Device11/IQ_1.dat,150,11759850,9,11,0,test,diff_days_indoor,5,0,0,0,0,0,0.28850099444389343
data/raw/osu_lora/Diff_Days_Indoor_Setup/Day5/Device11/IQ_1.dat,151,11838249,9,13,0,test,diff_days_indoor,5,0,0,0,0,0,0.12186765670776367
data/raw/osu_lora/Diff_Days_Indoor_Setup/Day5/Device11/IQ_1.dat,152,11916648,9,18,0,test,diff_days_indoor,5,0,0,0,0,0,0.4064560830593109
data/raw/osu_lora/Diff_Days_Indoor_Setup/Day5/Device11/IQ_1.dat,153,11995047,9,18,0,test,diff_days_indoor,5,0,0,0,0,0,0.3734140396118164
data/raw/osu_lora/Diff_Days_Indoor_Setup/Day5/Device11/IQ_1.dat,154,12073446,9,9,1,test,diff_days_indoor,5,0,0,0,0,0,0.3531093895435333
data/raw/osu_lora/Diff_Days_Indoor_Setup/Day5/Device11/IQ_1.dat,155,12151845,9,18,0,test,diff_days_indoor,5,0,0,0,0,0,0.42005258798599243
data/raw/osu_lora/Diff_Days_Indoor_Setup/Day5/Device11/IQ_1.dat,156,12230244,9,14,0,test,diff_days_indoor,5,0,0,0,0,0,0.41430729627609253
data/raw/osu_lora/Diff_Days_Indoor_Setup/Day5/Device11/IQ_1.dat,157,12308643,9,22,0,test,diff_days_indoor,5,0,0,0,0,0,0.20809224247932434
data/raw/osu_lora/Diff_Days_Indoor_Setup/Day5/Device11/IQ_1.dat,158,12387042,9,18,0,test,diff_days_indoor,5,0,0,0,0,0,0.388285756111145
data/raw/osu_lora/Diff_Days_Indoor_Setup/Day5/Device11/IQ_1.dat,159,12465441,9,18,0,test,diff_days_indoor,5,0,0,0,0,0,0.16133956611156464
data/raw/osu_lora/Diff_Days_Indoor_Setup/Day5/Device11/IQ_1.dat,160,12543840,9,14,0,test,diff_days_indoor,5,0,0,0,0,0,0.3177574872970581
data/raw/osu_lora/Diff_Days_Indoor_Setup/Day5/Device11/IQ_1.dat,161,12622239,9,9,1,test,diff_days_indoor,5,0,0,0,0,0,0.34260094165802
data/raw/osu_lora/Diff_Days_Indoor_Setup/Day5/Device11/IQ_1.dat,162,12700638,9,19,0,test,diff_days_indoor,5,0,0,0,0,0,0.1473093330860138
data/raw/osu_lora/Diff_Days_Indoor_Setup/Day5/Device11/IQ_1.dat,163,12779037,9,14,0,test,diff_days_indoor,5,0,0,0,0,0,0.4735451936721802
data/raw/osu_lora/Diff_Days_Indoor_Setup/Day5/Device11/IQ_1.dat,164,12857436,9,9,1,test,diff_days_indoor,5,0,0,0,0,0,0.3824601471424103
data/raw/osu_lora/Diff_Days_Indoor_Setup/Day5/Device11/IQ_1.dat,165,12935835,9,9,1,test,diff_days_indoor,5,0,0,0,0,0,0.3094731271266937
data/raw/osu_lora/Diff_Days_Indoor_Setup/Day5/Device11/IQ_1.dat,166,13014234,9,9,1,test,diff_days_indoor,5,0,0,0,0,0,0.3440163731575012
data/raw/osu_lora/Diff_Days_Indoor_Setup/Day5/Device11/IQ_1.dat,167,13092633,9,18,0,test,diff_days_indoor,5,0,0,0,0,0,0.28383132815361023
data/raw/osu_lora/Diff_Days_Indoor_Setup/Day5/Device11/IQ_1.dat,168,13171032,9,9,1,test,diff_days_indoor,5,0,0,0,0,0,0.2783547639846802
data/raw/osu_lora/Diff_Days_Indoor_Setup/Day5/Device11/IQ_1.dat,169,13249431,9,18,0,test,diff_days_indoor,5,0,0,0,0,0,0.24333815276622772
data/raw/osu_lora/Diff_Days_Indoor_Setup/Day5/Device11/IQ_1.dat,170,13327830,9,18,0,test,diff_days_indoor,5,0,0,0,0,0,0.33769339323043823
data/raw/osu_lora/Diff_Days_Indoor_Setup/Day5/Device11/IQ_1.dat,171,13406229,9,9,1,test,diff_days_indoor,5,0,0,0,0,0,0.24321302771568298
data/raw/osu_lora/Diff_Days_Indoor_Setup/Day5/Device11/IQ_1.dat,172,13484628,9,9,1,test,diff_days_indoor,5,0,0,0,0,0,0.37298887968063354
data/raw/osu_lora/Diff_Days_Indoor_Setup/Day5/Device11/IQ_1.dat,173,13563027,9,22,0,test,diff_days_indoor,5,0,0,0,0,0,0.4952840507030487
data/raw/osu_lora/Diff_Days_Indoor_Setup/Day5/Device11/IQ_1.dat,174,13641426,9,19,0,test,diff_days_indoor,5,0,0,0,0,0,0.2008572220802307
data/raw/osu_lora/Diff_Days_Indoor_Setup/Day5/Device11/IQ_1.dat,175,13719825,9,14,0,test,diff_days_indoor,5,0,0,0,0,0,0.30567672848701477
data/raw/osu_lora/Diff_Days_Indoor_Setup/Day5/Device11/IQ_1.dat,176,13798224,9,9,1,test,diff_days_indoor,5,0,0,0,0,0,0.3356470465660095
data/raw/osu_lora/Diff_Days_Indoor_Setup/Day5/Device11/IQ_1.dat,177,13876623,9,22,0,test,diff_days_indoor,5,0,0,0,0,0,0.23312871158123016
data/raw/osu_lora/Diff_Days_Indoor_Setup/Day5/Device11/IQ_1.dat,178,13955022,9,5,0,test,diff_days_indoor,5,0,0,0,0,0,0.17257574200630188
data/raw/osu_lora/Diff_Days_Indoor_Setup/Day5/Device11/IQ_1.dat,179,14033421,9,18,0,test,diff_days_indoor,5,0,0,0,0,0,0.28423935174942017
data/raw/osu_lora/Diff_Days_Indoor_Setup/Day5/Device11/IQ_1.dat,180,14111820,9,9,1,test,diff_days_indoor,5,0,0,0,0,0,0.11131705343723297
data/raw/osu_lora/Diff_Days_Indoor_Setup/Day5/Device11/IQ_1.dat,181,14190219,9,18,0,test,diff_days_indoor,5,0,0,0,0,0,0.38051578402519226
data/raw/osu_lora/Diff_Days_Indoor_Setup/Day5/Device11/IQ_1.dat,182,14268618,9,22,0,test,diff_days_indoor,5,0,0,0,0,0,0.17226722836494446
data/raw/osu_lora/Diff_Days_Indoor_Setup/Day5/Device11/IQ_1.dat,183,14347017,9,18,0,test,diff_days_indoor,5,0,0,0,0,0,0.29896584153175354
data/raw/osu_lora/Diff_Days_Indoor_Setup/Day5/Device11/IQ_1.dat,184,14425416,9,9,1,test,diff_days_indoor,5,0,0,0,0,0,0.3305973410606384
data/raw/osu_lora/Diff_Days_Indoor_Setup/Day5/Device11/IQ_1.dat,185,14503815,9,14,0,test,diff_days_indoor,5,0,0,0,0,0,0.3273634910583496
data/raw/osu_lora/Diff_Days_Indoor_Setup/Day5/Device11/IQ_1.dat,186,14582214,9,9,1,test,diff_days_indoor,5,0,0,0,0,0,0.31726208329200745
data/raw/osu_lora/Diff_Days_Indoor_Setup/Day5/Device11/IQ_1.dat,187,14660613,9,19,0,test,diff_days_indoor,5,0,0,0,0,0,0.2363884150981903
data/raw/osu_lora/Diff_Days_Indoor_Setup/Day5/Device11/IQ_1.dat,188,14739012,9,9,1,test,diff_days_indoor,5,0,0,0,0,0,0.26998376846313477
data/raw/osu_lora/Diff_Days_Indoor_Setup/Day5/Device11/IQ_1.dat,189,14817411,9,14,0,test,diff_days_indoor,5,0,0,0,0,0,0.47159668803215027
data/raw/osu_lora/Diff_Days_Indoor_Setup/Day5/Device11/IQ_1.dat,190,14895810,9,13,0,test,diff_days_indoor,5,0,0,0,0,0,0.2144189476966858
data/raw/osu_lora/Diff_Days_Indoor_Setup/Day5/Device11/IQ_1.dat,191,14974209,9,21,0,test,diff_days_indoor,5,0,0,0,0,0,0.10870571434497833
data/raw/osu_lora/Diff_Days_Indoor_Setup/Day5/Device11/IQ_1.dat,192,15052608,9,14,0,test,diff_days_indoor,5,0,0,0,0,0,0.1698017716407776
data/raw/osu_lora/Diff_Days_Indoor_Setup/Day5/Device11/IQ_1.dat,193,15131007,9,9,1,test,diff_days_indoor,5,0,0,0,0,0,0.35361167788505554
data/raw/osu_lora/Diff_Days_Indoor_Setup/Day5/Device11/IQ_1.dat,194,15209406,9,18,0,test,diff_days_indoor,5,0,0,0,0,0,0.38805118203163147
data/raw/osu_lora/Diff_Days_Indoor_Setup/Day5/Device11/IQ_1.dat,195,15287805,9,15,0,test,diff_days_indoor,5,0,0,0,0,0,0.1886371225118637
data/raw/osu_lora/Diff_Days_Indoor_Setup/Day5/Device11/IQ_1.dat,196,15366204,9,18,0,test,diff_days_indoor,5,0,0,0,0,0,0.24178048968315125
data/raw/osu_lora/Diff_Days_Indoor_Setup/Day5/Device11/IQ_1.dat,197,15444603,9,14,0,test,diff_days_indoor,5,0,0,0,0,0,0.5568401217460632
data/raw/osu_lora/Diff_Days_Indoor_Setup/Day5/Device11/IQ_1.dat,198,15523002,9,10,0,test,diff_days_indoor,5,0,0,0,0,0,0.32803094387054443
data/raw/osu_lora/Diff_Days_Indoor_Setup/Day5/Device11/IQ_1.dat,199,15601401,9,18,0,test,diff_days_indoor,5,0,0,0,0,0,0.32863301038742065
data/raw/osu_lora/Diff_Days_Indoor_Setup/Day5/Device11/IQ_1.dat,200,15679800,9,13,0,test,diff_days_indoor,5,0,0,0,0,0,0.27242887020111084
data/raw/osu_lora/Diff_Days_Indoor_Setup/Day5/Device11/IQ_1.dat,201,15758199,9,18,0,test,diff_days_indoor,5,0,0,0,0,0,0.4516090750694275
data/raw/osu_lora/Diff_Days_Indoor_Setup/Day5/Device11/IQ_1.dat,202,15836598,9,18,0,test,diff_days_indoor,5,0,0,0,0,0,0.3170054256916046
data/raw/osu_lora/Diff_Days_Indoor_Setup/Day5/Device11/IQ_1.dat,203,15914997,9,14,0,test,diff_days_indoor,5,0,0,0,0,0,0.5276849269866943
data/raw/osu_lora/Diff_Days_Indoor_Setup/Day5/Device11/IQ_1.dat,204,15993396,9,18,0,test,diff_days_indoor,5,0,0,0,0,0,0.18264557421207428
data/raw/osu_lora/Diff_Days_Indoor_Setup/Day5/Device11/IQ_1.dat,205,16071795,9,13,0,test,diff_days_indoor,5,0,0,0,0,0,0.2587650418281555
data/raw/osu_lora/Diff_Days_Indoor_Setup/Day5/Device11/IQ_1.dat,206,16150194,9,9,1,test,diff_days_indoor,5,0,0,0,0,0,0.38242003321647644
data/raw/osu_lora/Diff_Days_Indoor_Setup/Day5/Device11/IQ_1.dat,207,16228593,9,21,0,test,diff_days_indoor,5,0,0,0,0,0,0.35920071601867676
data/raw/osu_lora/Diff_Days_Indoor_Setup/Day5/Device11/IQ_1.dat,208,16306992,9,9,1,test,diff_days_indoor,5,0,0,0,0,0,0.19819241762161255
data/raw/osu_lora/Diff_Days_Indoor_Setup/Day5/Device11/IQ_1.dat,209,16385391,9,21,0,test,diff_days_indoor,5,0,0,0,0,0,0.2662396728992462
data/raw/osu_lora/Diff_Days_Indoor_Setup/Day5/Device11/IQ_1.dat,210,16463790,9,4,0,test,diff_days_indoor,5,0,0,0,0,0,0.36031192541122437
data/raw/osu_lora/Diff_Days_Indoor_Setup/Day5/Device11/IQ_1.dat,211,16542189,9,18,0,test,diff_days_indoor,5,0,0,0,0,0,0.31828773021698
data/raw/osu_lora/Diff_Days_Indoor_Setup/Day5/Device11/IQ_1.dat,212,16620588,9,18,0,test,diff_days_indoor,5,0,0,0,0,0,0.3976489007472992
data/raw/osu_lora/Diff_Days_Indoor_Setup/Day5/Device11/IQ_1.dat,213,16698987,9,10,0,test,diff_days_indoor,5,0,0,0,0,0,0.45479443669319153
data/raw/osu_lora/Diff_Days_Indoor_Setup/Day5/Device11/IQ_1.dat,214,16777386,9,18,0,test,diff_days_indoor,5,0,0,0,0,0,0.3915290832519531
data/raw/osu_lora/Diff_Days_Indoor_Setup/Day5/Device11/IQ_1.dat,215,16855785,9,22,0,test,diff_days_indoor,5,0,0,0,0,0,0.2398432046175003
data/raw/osu_lora/Diff_Days_Indoor_Setup/Day5/Device11/IQ_1.dat,216,16934184,9,18,0,test,diff_days_indoor,5,0,0,0,0,0,0.33670100569725037
data/raw/osu_lora/Diff_Days_Indoor_Setup/Day5/Device11/IQ_1.dat,217,17012583,9,9,1,test,diff_days_indoor,5,0,0,0,0,0,0.2889101505279541
data/raw/osu_lora/Diff_Days_Indoor_Setup/Day5/Device11/IQ_1.dat,218,17090982,9,18,0,test,diff_days_indoor,5,0,0,0,0,0,0.2394556999206543
data/raw/osu_lora/Diff_Days_Indoor_Setup/Day5/Device11/IQ_1.dat,219,17169381,9,18,0,test,diff_days_indoor,5,0,0,0,0,0,0.3265340328216553
data/raw/osu_lora/Diff_Days_Indoor_Setup/Day5/Device11/IQ_1.dat,220,17247780,9,13,0,test,diff_days_indoor,5,0,0,0,0,0,0.18878811597824097
data/raw/osu_lora/Diff_Days_Indoor_Setup/Day5/Device11/IQ_1.dat,221,17326179,9,18,0,test,diff_days_indoor,5,0,0,0,0,0,0.3209683299064636
data/raw/osu_lora/Diff_Days_Indoor_Setup/Day5/Device11/IQ_1.dat,222,17404578,9,11,0,test,diff_days_indoor,5,0,0,0,0,0,0.39547744393348694
data/raw/osu_lora/Diff_Days_Indoor_Setup/Day5/Device11/IQ_1.dat,223,17482977,9,14,0,test,diff_days_indoor,5,0,0,0,0,0,0.47571057081222534
data/raw/osu_lora/Diff_Days_Indoor_Setup/Day5/Device11/IQ_1.dat,224,17561376,9,18,0,test,diff_days_indoor,5,0,0,0,0,0,0.23211529850959778
data/raw/osu_lora/Diff_Days_Indoor_Setup/Day5/Device11/IQ_1.dat,225,17639775,9,18,0,test,diff_days_indoor,5,0,0,0,0,0,0.36445358395576477
data/raw/osu_lora/Diff_Days_Indoor_Setup/Day5/Device11/IQ_1.dat,226,17718174,9,18,0,test,diff_days_indoor,5,0,0,0,0,0,0.3144870102405548
data/raw/osu_lora/Diff_Days_Indoor_Setup/Day5/Device11/IQ_1.dat,227,17796573,9,11,0,test,diff_days_indoor,5,0,0,0,0,0,0.09681849926710129
data/raw/osu_lora/Diff_Days_Indoor_Setup/Day5/Device11/IQ_1.dat,228,17874972,9,18,0,test,diff_days_indoor,5,0,0,0,0,0,0.24984268844127655
data/raw/osu_lora/Diff_Days_Indoor_Setup/Day5/Device11/IQ_1.dat,229,17953371,9,10,0,test,diff_days_indoor,5,0,0,0,0,0,0.351393461227417
data/raw/osu_lora/Diff_Days_Indoor_Setup/Day5/Device11/IQ_1.dat,230,18031770,9,9,1,test,diff_days_indoor,5,0,0,0,0,0,0.20711135864257812
data/raw/osu_lora/Diff_Days_Indoor_Setup/Day5/Device11/IQ_1.dat,231,18110169,9,9,1,test,diff_days_indoor,5,0,0,0,0,0,0.3687942624092102
data/raw/osu_lora/Diff_Days_Indoor_Setup/Day5/Device11/IQ_1.dat,232,18188568,9,18,0,test,diff_days_indoor,5,0,0,0,0,0,0.3893663287162781
data/raw/osu_lora/Diff_Days_Indoor_Setup/Day5/Device11/IQ_1.dat,233,18266967,9,22,0,test,diff_days_indoor,5,0,0,0,0,0,0.5089307427406311
data/raw/osu_lora/Diff_Days_Indoor_Setup/Day5/Device11/IQ_1.dat,234,18345366,9,18,0,test,diff_days_indoor,5,0,0,0,0,0,0.3482431471347809
data/raw/osu_lora/Diff_Days_Indoor_Setup/Day5/Device11/IQ_1.dat,235,18423765,9,18,0,test,diff_days_indoor,5,0,0,0,0,0,0.41372954845428467
data/raw/osu_lora/Diff_Days_Indoor_Setup/Day5/Device11/IQ_1.dat,236,18502164,9,9,1,test,diff_days_indoor,5,0,0,0,0,0,0.2859298884868622
data/raw/osu_lora/Diff_Days_Indoor_Setup/Day5/Device11/IQ_1.dat,237,18580563,9,21,0,test,diff_days_indoor,5,0,0,0,0,0,0.285696804523468
data/raw/osu_lora/Diff_Days_Indoor_Setup/Day5/Device11/IQ_1.dat,238,18658962,9,13,0,test,diff_days_indoor,5,0,0,0,0,0,0.3676519989967346
data/raw/osu_lora/Diff_Days_Indoor_Setup/Day5/Device11/IQ_1.dat,239,18737361,9,21,0,test,diff_days_indoor,5,0,0,0,0,0,0.37895750999450684
data/raw/osu_lora/Diff_Days_Indoor_Setup/Day5/Device11/IQ_1.dat,240,18815760,9,18,0,test,diff_days_indoor,5,0,0,0,0,0,0.37682482600212097
data/raw/osu_lora/Diff_Days_Indoor_Setup/Day5/Device11/IQ_1.dat,241,18894159,9,21,0,test,diff_days_indoor,5,0,0,0,0,0,0.28511521220207214
data/raw/osu_lora/Diff_Days_Indoor_Setup/Day5/Device11/IQ_1.dat,242,18972558,9,18,0,test,diff_days_indoor,5,0,0,0,0,0,0.2847491204738617
data/raw/osu_lora/Diff_Days_Indoor_Setup/Day5/Device11/IQ_1.dat,243,19050957,9,18,0,test,diff_days_indoor,5,0,0,0,0,0,0.2783687114715576
data/raw/osu_lora/Diff_Days_Indoor_Setup/Day5/Device11/IQ_1.dat,244,19129356,9,18,0,test,diff_days_indoor,5,0,0,0,0,0,0.28677862882614136
data/raw/osu_lora/Diff_Days_Indoor_Setup/Day5/Device11/IQ_1.dat,245,19207755,9,11,0,test,diff_days_indoor,5,0,0,0,0,0,0.5219038128852844
data/raw/osu_lora/Diff_Days_Indoor_Setup/Day5/Device11/IQ_1.dat,246,19286154,9,9,1,test,diff_days_indoor,5,0,0,0,0,0,0.3059348464012146
data/raw/osu_lora/Diff_Days_Indoor_Setup/Day5/Device11/IQ_1.dat,247,19364553,9,18,0,test,diff_days_indoor,5,0,0,0,0,0,0.37099480628967285
data/raw/osu_lora/Diff_Days_Indoor_Setup/Day5/Device11/IQ_1.dat,248,19442952,9,14,0,test,diff_days_indoor,5,0,0,0,0,0,0.3072790801525116
data/raw/osu_lora/Diff_Days_Indoor_Setup/Day5/Device11/IQ_1.dat,249,19521351,9,22,0,test,diff_days_indoor,5,0,0,0,0,0,0.41156870126724243
data/raw/osu_lora/Diff_Days_Indoor_Setup/Day5/Device11/IQ_1.dat,250,19599750,9,14,0,test,diff_days_indoor,5,0,0,0,0,0,0.5178790092468262
data/raw/osu_lora/Diff_Days_Indoor_Setup/Day5/Device11/IQ_1.dat,251,19678149,9,9,1,test,diff_days_indoor,5,0,0,0,0,0,0.2692359387874603
data/raw/osu_lora/Diff_Days_Indoor_Setup/Day5/Device11/IQ_1.dat,252,19756548,9,18,0,test,diff_days_indoor,5,0,0,0,0,0,0.30799540877342224
data/raw/osu_lora/Diff_Days_Indoor_Setup/Day5/Device11/IQ_1.dat,253,19834947,9,9,1,test,diff_days_indoor,5,0,0,0,0,0,0.3202721178531647
data/raw/osu_lora/Diff_Days_Indoor_Setup/Day5/Device11/IQ_1.dat,254,19913346,9,9,1,test,diff_days_indoor,5,0,0,0,0,0,0.24275358021259308
data/raw/osu_lora/Diff_Days_Indoor_Setup/Day5/Device11/IQ_1.dat,255,19991745,9,13,0,test,diff_days_indoor,5,0,0,0,0,0,0.2885762155056
data/raw/osu_lora/Diff_Days_Indoor_Setup/Day5/Device12/IQ_1.dat,0,0,10,21,0,test,diff_days_indoor,5,0,0,0,0,0,0.12450280785560608
data/raw/osu_lora/Diff_Days_Indoor_Setup/Day5/Device12/IQ_1.dat,1,78399,10,10,1,test,diff_days_indoor,5,0,0,0,0,0,0.4247070550918579
data/raw/osu_lora/Diff_Days_Indoor_Setup/Day5/Device12/IQ_1.dat,2,156798,10,10,1,test,diff_days_indoor,5,0,0,0,0,0,0.1306302547454834
data/raw/osu_lora/Diff_Days_Indoor_Setup/Day5/Device12/IQ_1.dat,3,235197,10,10,1,test,diff_days_indoor,5,0,0,0,0,0,0.2091212123632431
data/raw/osu_lora/Diff_Days_Indoor_Setup/Day5/Device12/IQ_1.dat,4,313596,10,21,0,test,diff_days_indoor,5,0,0,0,0,0,0.25624364614486694
data/raw/osu_lora/Diff_Days_Indoor_Setup/Day5/Device12/IQ_1.dat,5,391995,10,10,1,test,diff_days_indoor,5,0,0,0,0,0,0.2585318386554718
data/raw/osu_lora/Diff_Days_Indoor_Setup/Day5/Device12/IQ_1.dat,6,470394,10,10,1,test,diff_days_indoor,5,0,0,0,0,0,0.40219879150390625
data/raw/osu_lora/Diff_Days_Indoor_Setup/Day5/Device12/IQ_1.dat,7,548793,10,14,0,test,diff_days_indoor,5,0,0,0,0,0,0.1774781346321106
data/raw/osu_lora/Diff_Days_Indoor_Setup/Day5/Device12/IQ_1.dat,8,627192,10,10,1,test,diff_days_indoor,5,0,0,0,0,0,0.3394158184528351
data/raw/osu_lora/Diff_Days_Indoor_Setup/Day5/Device12/IQ_1.dat,9,705591,10,22,0,test,diff_days_indoor,5,0,0,0,0,0,0.2175970822572708
data/raw/osu_lora/Diff_Days_Indoor_Setup/Day5/Device12/IQ_1.dat,10,783990,10,10,1,test,diff_days_indoor,5,0,0,0,0,0,0.5213289260864258
data/raw/osu_lora/Diff_Days_Indoor_Setup/Day5/Device12/IQ_1.dat,11,862389,10,10,1,test,diff_days_indoor,5,0,0,0,0,0,0.3824314475059509
data/raw/osu_lora/Diff_Days_Indoor_Setup/Day5/Device12/IQ_1.dat,12,940788,10,10,1,test,diff_days_indoor,5,0,0,0,0,0,0.4404440224170685
data/raw/osu_lora/Diff_Days_Indoor_Setup/Day5/Device12/IQ_1.dat,13,1019187,10,10,1,test,diff_days_indoor,5,0,0,0,0,0,0.6138968467712402
data/raw/osu_lora/Diff_Days_Indoor_Setup/Day5/Device12/IQ_1.dat,14,1097586,10,10,1,test,diff_days_indoor,5,0,0,0,0,0,0.3579331040382385
data/raw/osu_lora/Diff_Days_Indoor_Setup/Day5/Device12/IQ_1.dat,15,1175985,10,4,0,test,diff_days_indoor,5,0,0,0,0,0,0.4825942814350128
data/raw/osu_lora/Diff_Days_Indoor_Setup/Day5/Device12/IQ_1.dat,16,1254384,10,22,0,test,diff_days_indoor,5,0,0,0,0,0,0.2171153575181961
data/raw/osu_lora/Diff_Days_Indoor_Setup/Day5/Device12/IQ_1.dat,17,1332783,10,10,1,test,diff_days_indoor,5,0,0,0,0,0,0.6454346179962158
data/raw/osu_lora/Diff_Days_Indoor_Setup/Day5/Device12/IQ_1.dat,18,1411182,10,10,1,test,diff_days_indoor,5,0,0,0,0,0,0.5436041355133057
data/raw/osu_lora/Diff_Days_Indoor_Setup/Day5/Device12/IQ_1.dat,19,1489581,10,9,0,test,diff_days_indoor,5,0,0,0,0,0,0.17300733923912048
data/raw/osu_lora/Diff_Days_Indoor_Setup/Day5/Device12/IQ_1.dat,20,1567980,10,10,1,test,diff_days_indoor,5,0,0,0,0,0,0.2897096872329712
data/raw/osu_lora/Diff_Days_Indoor_Setup/Day5/Device12/IQ_1.dat,21,1646379,10,10,1,test,diff_days_indoor,5,0,0,0,0,0,0.6107170581817627
data/raw/osu_lora/Diff_Days_Indoor_Setup/Day5/Device12/IQ_1.dat,22,1724778,10,10,1,test,diff_days_indoor,5,0,0,0,0,0,0.5011703968048096
data/raw/osu_lora/Diff_Days_Indoor_Setup/Day5/Device12/IQ_1.dat,23,1803177,10,10,1,test,diff_days_indoor,5,0,0,0,0,0,0.378277450799942
data/raw/osu_lora/Diff_Days_Indoor_Setup/Day5/Device12/IQ_1.dat,24,1881576,10,10,1,test,diff_days_indoor,5,0,0,0,0,0,0.4638320207595825
data/raw/osu_lora/Diff_Days_Indoor_Setup/Day5/Device12/IQ_1.dat,25,1959975,10,10,1,test,diff_days_indoor,5,0,0,0,0,0,0.44687071442604065
data/raw/osu_lora/Diff_Days_Indoor_Setup/Day5/Device12/IQ_1.dat,26,2038374,10,21,0,test,diff_days_indoor,5,0,0,0,0,0,0.43965691328048706
data/raw/osu_lora/Diff_Days_Indoor_Setup/Day5/Device12/IQ_1.dat,27,2116773,10,4,0,test,diff_days_indoor,5,0,0,0,0,0,0.4185265600681305
data/raw/osu_lora/Diff_Days_Indoor_Setup/Day5/Device12/IQ_1.dat,28,2195172,10,17,0,test,diff_days_indoor,5,0,0,0,0,0,0.16569207608699799
data/raw/osu_lora/Diff_Days_Indoor_Setup/Day5/Device12/IQ_1.dat,29,2273571,10,10,1,test,diff_days_indoor,5,0,0,0,0,0,0.6099140048027039
data/raw/osu_lora/Diff_Days_Indoor_Setup/Day5/Device12/IQ_1.dat,30,2351970,10,11,0,test,diff_days_indoor,5,0,0,0,0,0,0.20330192148685455
data/raw/osu_lora/Diff_Days_Indoor_Setup/Day5/Device12/IQ_1.dat,31,2430369,10,10,1,test,diff_days_indoor,5,0,0,0,0,0,0.6110033392906189
data/raw/osu_lora/Diff_Days_Indoor_Setup/Day5/Device12/IQ_1.dat,32,2508768,10,17,0,test,diff_days_indoor,5,0,0,0,0,0,0.342922180891037
data/raw/osu_lora/Diff_Days_Indoor_Setup/Day5/Device12/IQ_1.dat,33,2587167,10,10,1,test,diff_days_indoor,5,0,0,0,0,0,0.49621278047561646
data/raw/osu_lora/Diff_Days_Indoor_Setup/Day5/Device12/IQ_1.dat,34,2665566,10,10,1,test,diff_days_indoor,5,0,0,0,0,0,0.6106094121932983
data/raw/osu_lora/Diff_Days_Indoor_Setup/Day5/Device12/IQ_1.dat,35,2743965,10,10,1,test,diff_days_indoor,5,0,0,0,0,0,0.3921107351779938
data/raw/osu_lora/Diff_Days_Indoor_Setup/Day5/Device12/IQ_1.dat,36,2822364,10,11,0,test,diff_days_indoor,5,0,0,0,0,0,0.25514477491378784
data/raw/osu_lora/Diff_Days_Indoor_Setup/Day5/Device12/IQ_1.dat,37,2900763,10,10,1,test,diff_days_indoor,5,0,0,0,0,0,0.26398223638534546
data/raw/osu_lora/Diff_Days_Indoor_Setup/Day5/Device12/IQ_1.dat,38,2979162,10,17,0,test,diff_days_indoor,5,0,0,0,0,0,0.29922881722450256
data/raw/osu_lora/Diff_Days_Indoor_Setup/Day5/Device12/IQ_1.dat,39,3057561,10,21,0,test,diff_days_indoor,5,0,0,0,0,0,0.15797320008277893
data/raw/osu_lora/Diff_Days_Indoor_Setup/Day5/Device12/IQ_1.dat,40,3135960,10,10,1,test,diff_days_indoor,5,0,0,0,0,0,0.5397397875785828
data/raw/osu_lora/Diff_Days_Indoor_Setup/Day5/Device12/IQ_1.dat,41,3214359,10,10,1,test,diff_days_indoor,5,0,0,0,0,0,0.3286176919937134
data/raw/osu_lora/Diff_Days_Indoor_Setup/Day5/Device12/IQ_1.dat,42,3292758,10,22,0,test,diff_days_indoor,5,0,0,0,0,0,0.34204044938087463
data/raw/osu_lora/Diff_Days_Indoor_Setup/Day5/Device12/IQ_1.dat,43,3371157,10,18,0,test,diff_days_indoor,5,0,0,0,0,0,0.30360695719718933
data/raw/osu_lora/Diff_Days_Indoor_Setup/Day5/Device12/IQ_1.dat,44,3449556,10,13,0,test,diff_days_indoor,5,0,0,0,0,0,0.17121180891990662
data/raw/osu_lora/Diff_Days_Indoor_Setup/Day5/Device12/IQ_1.dat,45,3527955,10,10,1,test,diff_days_indoor,5,0,0,0,0,0,0.18562646210193634
data/raw/osu_lora/Diff_Days_Indoor_Setup/Day5/Device12/IQ_1.dat,46,3606354,10,10,1,test,diff_days_indoor,5,0,0,0,0,0,0.4833534061908722
data/raw/osu_lora/Diff_Days_Indoor_Setup/Day5/Device12/IQ_1.dat,47,3684753,10,21,0,test,diff_days_indoor,5,0,0,0,0,0,0.4176616072654724
data/raw/osu_lora/Diff_Days_Indoor_Setup/Day5/Device12/IQ_1.dat,48,3763152,10,21,0,test,diff_days_indoor,5,0,0,0,0,0,0.20622025430202484
data/raw/osu_lora/Diff_Days_Indoor_Setup/Day5/Device12/IQ_1.dat,49,3841551,10,5,0,test,diff_days_indoor,5,0,0,0,0,0,0.24345505237579346
data/raw/osu_lora/Diff_Days_Indoor_Setup/Day5/Device12/IQ_1.dat,50,3919950,10,10,1,test,diff_days_indoor,5,0,0,0,0,0,0.4814499020576477
data/raw/osu_lora/Diff_Days_Indoor_Setup/Day5/Device12/IQ_1.dat,51,3998349,10,18,0,test,diff_days_indoor,5,0,0,0,0,0,0.2597559094429016
data/raw/osu_lora/Diff_Days_Indoor_Setup/Day5/Device12/IQ_1.dat,52,4076748,10,22,0,test,diff_days_indoor,5,0,0,0,0,0,0.18500737845897675
data/raw/osu_lora/Diff_Days_Indoor_Setup/Day5/Device12/IQ_1.dat,53,4155147,10,4,0,test,diff_days_indoor,5,0,0,0,0,0,0.8579350113868713
data/raw/osu_lora/Diff_Days_Indoor_Setup/Day5/Device12/IQ_1.dat,54,4233546,10,10,1,test,diff_days_indoor,5,0,0,0,0,0,0.3498099744319916
data/raw/osu_lora/Diff_Days_Indoor_Setup/Day5/Device12/IQ_1.dat,55,4311945,10,10,1,test,diff_days_indoor,5,0,0,0,0,0,0.5490545034408569
data/raw/osu_lora/Diff_Days_Indoor_Setup/Day5/Device12/IQ_1.dat,56,4390344,10,10,1,test,diff_days_indoor,5,0,0,0,0,0,0.4575095474720001
data/raw/osu_lora/Diff_Days_Indoor_Setup/Day5/Device12/IQ_1.dat,57,4468743,10,10,1,test,diff_days_indoor,5,0,0,0,0,0,0.33946603536605835
data/raw/osu_lora/Diff_Days_Indoor_Setup/Day5/Device12/IQ_1.dat,58,4547142,10,17,0,test,diff_days_indoor,5,0,0,0,0,0,0.4800245761871338
data/raw/osu_lora/Diff_Days_Indoor_Setup/Day5/Device12/IQ_1.dat,59,4625541,10,21,0,test,diff_days_indoor,5,0,0,0,0,0,0.252830445766449
data/raw/osu_lora/Diff_Days_Indoor_Setup/Day5/Device12/IQ_1.dat,60,4703940,10,10,1,test,diff_days_indoor,5,0,0,0,0,0,0.2916899621486664
data/raw/osu_lora/Diff_Days_Indoor_Setup/Day5/Device12/IQ_1.dat,61,4782339,10,10,1,test,diff_days_indoor,5,0,0,0,0,0,0.49727892875671387
data/raw/osu_lora/Diff_Days_Indoor_Setup/Day5/Device12/IQ_1.dat,62,4860738,10,10,1,test,diff_days_indoor,5,0,0,0,0,0,0.4916552007198334
data/raw/osu_lora/Diff_Days_Indoor_Setup/Day5/Device12/IQ_1.dat,63,4939137,10,10,1,test,diff_days_indoor,5,0,0,0,0,0,0.5201218128204346
data/raw/osu_lora/Diff_Days_Indoor_Setup/Day5/Device12/IQ_1.dat,64,5017536,10,10,1,test,diff_days_indoor,5,0,0,0,0,0,0.5676290392875671
data/raw/osu_lora/Diff_Days_Indoor_Setup/Day5/Device12/IQ_1.dat,65,5095935,10,22,0,test,diff_days_indoor,5,0,0,0,0,0,0.27353140711784363
data/raw/osu_lora/Diff_Days_Indoor_Setup/Day5/Device12/IQ_1.dat,66,5174334,10,8,0,test,diff_days_indoor,5,0,0,0,0,0,0.3229261636734009
data/raw/osu_lora/Diff_Days_Indoor_Setup/Day5/Device12/IQ_1.dat,67,5252733,10,10,1,test,diff_days_indoor,5,0,0,0,0,0,0.6661367416381836
data/raw/osu_lora/Diff_Days_Indoor_Setup/Day5/Device12/IQ_1.dat,68,5331132,10,10,1,test,diff_days_indoor,5,0,0,0,0,0,0.520301878452301
data/raw/osu_lora/Diff_Days_Indoor_Setup/Day5/Device12/IQ_1.dat,69,5409531,10,10,1,test,diff_days_indoor,5,0,0,0,0,0,0.25396326184272766
data/raw/osu_lora/Diff_Days_Indoor_Setup/Day5/Device12/IQ_1.dat,70,5487930,10,10,1,test,diff_days_indoor,5,0,0,0,0,0,0.6323159337043762
data/raw/osu_lora/Diff_Days_Indoor_Setup/Day5/Device12/IQ_1.dat,71,5566329,10,10,1,test,diff_days_indoor,5,0,0,0,0,0,0.37504538893699646
data/raw/osu_lora/Diff_Days_Indoor_Setup/Day5/Device12/IQ_1.dat,72,5644728,10,10,1,test,diff_days_indoor,5,0,0,0,0,0,0.4645487666130066
data/raw/osu_lora/Diff_Days_Indoor_Setup/Day5/Device12/IQ_1.dat,73,5723127,10,23,0,test,diff_days_indoor,5,0,0,0,0,0,0.26633572578430176
data/raw/osu_lora/Diff_Days_Indoor_Setup/Day5/Device12/IQ_1.dat,74,5801526,10,10,1,test,diff_days_indoor,5,0,0,0,0,0,0.26444873213768005
data/raw/osu_lora/Diff_Days_Indoor_Setup/Day5/Device12/IQ_1.dat,75,5879925,10,10,1,test,diff_days_indoor,5,0,0,0,0,0,0.13902892172336578
data/raw/osu_lora/Diff_Days_Indoor_Setup/Day5/Device12/IQ_1.dat,76,5958324,10,10,1,test,diff_days_indoor,5,0,0,0,0,0,0.5043408274650574
data/raw/osu_lora/Diff_Days_Indoor_Setup/Day5/Device12/IQ_1.dat,77,6036723,10,18,0,test,diff_days_indoor,5,0,0,0,0,0,0.23295681178569794
data/raw/osu_lora/Diff_Days_Indoor_Setup/Day5/Device12/IQ_1.dat,78,6115122,10,10,1,test,diff_days_indoor,5,0,0,0,0,0,0.35417184233665466
data/raw/osu_lora/Diff_Days_Indoor_Setup/Day5/Device12/IQ_1.dat,79,6193521,10,14,0,test,diff_days_indoor,5,0,0,0,0,0,0.38644173741340637
data/raw/osu_lora/Diff_Days_Indoor_Setup/Day5/Device12/IQ_1.dat,80,6271920,10,21,0,test,diff_days_indoor,5,0,0,0,0,0,0.30552008748054504
data/raw/osu_lora/Diff_Days_Indoor_Setup/Day5/Device12/IQ_1.dat,81,6350319,10,10,1,test,diff_days_indoor,5,0,0,0,0,0,0.5109419226646423
data/raw/osu_lora/Diff_Days_Indoor_Setup/Day5/Device12/IQ_1.dat,82,6428718,10,22,0,test,diff_days_indoor,5,0,0,0,0,0,0.24830611050128937
data/raw/osu_lora/Diff_Days_Indoor_Setup/Day5/Device12/IQ_1.dat,83,6507117,10,4,0,test,diff_days_indoor,5,0,0,0,0,0,0.31258487701416016
data/raw/osu_lora/Diff_Days_Indoor_Setup/Day5/Device12/IQ_1.dat,84,6585516,10,10,1,test,diff_days_indoor,5,0,0,0,0,0,0.5833041071891785
data/raw/osu_lora/Diff_Days_Indoor_Setup/Day5/Device12/IQ_1.dat,85,6663915,10,18,0,test,diff_days_indoor,5,0,0,0,0,0,0.24060498178005219
data/raw/osu_lora/Diff_Days_Indoor_Setup/Day5/Device12/IQ_1.dat,86,6742314,10,10,1,test,diff_days_indoor,5,0,0,0,0,0,0.39535483717918396
data/raw/osu_lora/Diff_Days_Indoor_Setup/Day5/Device12/IQ_1.dat,87,6820713,10,11,0,test,diff_days_indoor,5,0,0,0,0,0,0.41108739376068115
data/raw/osu_lora/Diff_Days_Indoor_Setup/Day5/Device12/IQ_1.dat,88,6899112,10,10,1,test,diff_days_indoor,5,0,0,0,0,0,0.5938649773597717
data/raw/osu_lora/Diff_Days_Indoor_Setup/Day5/Device12/IQ_1.dat,89,6977511,10,19,0,test,diff_days_indoor,5,0,0,0,0,0,0.1968170702457428
data/raw/osu_lora/Diff_Days_Indoor_Setup/Day5/Device12/IQ_1.dat,90,7055910,10,10,1,test,diff_days_indoor,5,0,0,0,0,0,0.3800254762172699
data/raw/osu_lora/Diff_Days_Indoor_Setup/Day5/Device12/IQ_1.dat,91,7134309,10,21,0,test,diff_days_indoor,5,0,0,0,0,0,0.3173080384731293
data/raw/osu_lora/Diff_Days_Indoor_Setup/Day5/Device12/IQ_1.dat,92,7212708,10,9,0,test,diff_days_indoor,5,0,0,0,0,0,0.0828750804066658
data/raw/osu_lora/Diff_Days_Indoor_Setup/Day5/Device12/IQ_1.dat,93,7291107,10,5,0,test,diff_days_indoor,5,0,0,0,0,0,0.3455025851726532
data/raw/osu_lora/Diff_Days_Indoor_Setup/Day5/Device12/IQ_1.dat,94,7369506,10,10,1,test,diff_days_indoor,5,0,0,0,0,0,0.574609100818634
data/raw/osu_lora/Diff_Days_Indoor_Setup/Day5/Device12/IQ_1.dat,95,7447905,10,10,1,test,diff_days_indoor,5,0,0,0,0,0,0.5579407811164856
data/raw/osu_lora/Diff_Days_Indoor_Setup/Day5/Device12/IQ_1.dat,96,7526304,10,10,1,test,diff_days_indoor,5,0,0,0,0,0,0.38813111186027527
data/raw/osu_lora/Diff_Days_Indoor_Setup/Day5/Device12/IQ_1.dat,97,7604703,10,10,1,test,diff_days_indoor,5,0,0,0,0,0,0.23481442034244537
data/raw/osu_lora/Diff_Days_Indoor_Setup/Day5/Device12/IQ_1.dat,98,7683102,10,10,1,test,diff_days_indoor,5,0,0,0,0,0,0.3495838940143585
data/raw/osu_lora/Diff_Days_Indoor_Setup/Day5/Device12/IQ_1.dat,99,7761501,10,10,1,test,diff_days_indoor,5,0,0,0,0,0,0.313730925321579
data/raw/osu_lora/Diff_Days_Indoor_Setup/Day5/Device12/IQ_1.dat,100,7839900,10,17,0,test,diff_days_indoor,5,0,0,0,0,0,0.3548150658607483
data/raw/osu_lora/Diff_Days_Indoor_Setup/Day5/Device12/IQ_1.dat,101,7918299,10,10,1,test,diff_days_indoor,5,0,0,0,0,0,0.22056078910827637
data/raw/osu_lora/Diff_Days_Indoor_Setup/Day5/Device12/IQ_1.dat,102,7996698,10,13,0,test,diff_days_indoor,5,0,0,0,0,0,0.2717417776584625
data/raw/osu_lora/Diff_Days_Indoor_Setup/Day5/Device12/IQ_1.dat,103,8075097,10,22,0,test,diff_days_indoor,5,0,0,0,0,0,0.4711076021194458
data/raw/osu_lora/Diff_Days_Indoor_Setup/Day5/Device12/IQ_1.dat,104,8153496,10,10,1,test,diff_days_indoor,5,0,0,0,0,0,0.3970073461532593
data/raw/osu_lora/Diff_Days_Indoor_Setup/Day5/Device12/IQ_1.dat,105,8231895,10,10,1,test,diff_days_indoor,5,0,0,0,0,0,0.5902513265609741
data/raw/osu_lora/Diff_Days_Indoor_Setup/Day5/Device12/IQ_1.dat,106,8310294,10,10,1,test,diff_days_indoor,5,0,0,0,0,0,0.49621647596359253
data/raw/osu_lora/Diff_Days_Indoor_Setup/Day5/Device12/IQ_1.dat,107,8388693,10,10,1,test,diff_days_indoor,5,0,0,0,0,0,0.6538498401641846
data/raw/osu_lora/Diff_Days_Indoor_Setup/Day5/Device12/IQ_1.dat,108,8467092,10,10,1,test,diff_days_indoor,5,0,0,0,0,0,0.5659059286117554
data/raw/osu_lora/Diff_Days_Indoor_Setup/Day5/Device12/IQ_1.dat,109,8545491,10,18,0,test,diff_days_indoor,5,0,0,0,0,0,0.11643277853727341
data/raw/osu_lora/Diff_Days_Indoor_Setup/Day5/Device12/IQ_1.dat,110,8623890,10,14,0,test,diff_days_indoor,5,0,0,0,0,0,0.48860982060432434
data/raw/osu_lora/Diff_Days_Indoor_Setup/Day5/Device12/IQ_1.dat,111,8702289,10,21,0,test,diff_days_indoor,5,0,0,0,0,0,0.38105523586273193
data/raw/osu_lora/Diff_Days_Indoor_Setup/Day5/Device12/IQ_1.dat,112,8780688,10,10,1,test,diff_days_indoor,5,0,0,0,0,0,0.6786257028579712
data/raw/osu_lora/Diff_Days_Indoor_Setup/Day5/Device12/IQ_1.dat,113,8859087,10,10,1,test,diff_days_indoor,5,0,0,0,0,0,0.647628903388977
data/raw/osu_lora/Diff_Days_Indoor_Setup/Day5/Device12/IQ_1.dat,114,8937486,10,11,0,test,diff_days_indoor,5,0,0,0,0,0,0.25785547494888306
data/raw/osu_lora/Diff_Days_Indoor_Setup/Day5/Device12/IQ_1.dat,115,9015885,10,10,1,test,diff_days_indoor,5,0,0,0,0,0,0.6844728589057922
data/raw/osu_lora/Diff_Days_Indoor_Setup/Day5/Device12/IQ_1.dat,116,9094284,10,4,0,test,diff_days_indoor,5,0,0,0,0,0,0.7521930932998657
data/raw/osu_lora/Diff_Days_Indoor_Setup/Day5/Device12/IQ_1.dat,117,9172683,10,10,1,test,diff_days_indoor,5,0,0,0,0,0,0.672076940536499
data/raw/osu_lora/Diff_Days_Indoor_Setup/Day5/Device12/IQ_1.dat,118,9251082,10,10,1,test,diff_days_indoor,5,0,0,0,0,0,0.674199104309082
data/raw/osu_lora/Diff_Days_Indoor_Setup/Day5/Device12/IQ_1.dat,119,9329481,10,4,0,test,diff_days_indoor,5,0,0,0,0,0,0.7250834107398987
data/raw/osu_lora/Diff_Days_Indoor_Setup/Day5/Device12/IQ_1.dat,120,9407880,10,22,0,test,diff_days_indoor,5,0,0,0,0,0,0.38334760069847107
data/raw/osu_lora/Diff_Days_Indoor_Setup/Day5/Device12/IQ_1.dat,121,9486279,10,17,0,test,diff_days_indoor,5,0,0,0,0,0,0.19920969009399414
data/raw/osu_lora/Diff_Days_Indoor_Setup/Day5/Device12/IQ_1.dat,122,9564678,10,10,1,test,diff_days_indoor,5,0,0,0,0,0,0.2963915765285492
data/raw/osu_lora/Diff_Days_Indoor_Setup/Day5/Device12/IQ_1.dat,123,9643077,10,10,1,test,diff_days_indoor,5,0,0,0,0,0,0.46407604217529297
data/raw/osu_lora/Diff_Days_Indoor_Setup/Day5/Device12/IQ_1.dat,124,9721476,10,22,0,test,diff_days_indoor,5,0,0,0,0,0,0.4484638273715973
data/raw/osu_lora/Diff_Days_Indoor_Setup/Day5/Device12/IQ_1.dat,125,9799875,10,10,1,test,diff_days_indoor,5,0,0,0,0,0,0.3223203718662262
data/raw/osu_lora/Diff_Days_Indoor_Setup/Day5/Device12/IQ_1.dat,126,9878274,10,5,0,test,diff_days_indoor,5,0,0,0,0,0,0.4397587776184082
data/raw/osu_lora/Diff_Days_Indoor_Setup/Day5/Device12/IQ_1.dat,127,9956673,10,4,0,test,diff_days_indoor,5,0,0,0,0,0,0.4269246459007263
data/raw/osu_lora/Diff_Days_Indoor_Setup/Day5/Device12/IQ_1.dat,128,10035072,10,10,1,test,diff_days_indoor,5,0,0,0,0,0,0.3841429650783539
data/raw/osu_lora/Diff_Days_Indoor_Setup/Day5/Device12/IQ_1.dat,129,10113471,10,18,0,test,diff_days_indoor,5,0,0,0,0,0,0.2687976062297821
data/raw/osu_lora/Diff_Days_Indoor_Setup/Day5/Device12/IQ_1.dat,130,10191870,10,4,0,test,diff_days_indoor,5,0,0,0,0,0,0.5293269157409668
data/raw/osu_lora/Diff_Days_Indoor_Setup/Day5/Device12/IQ_1.dat,131,10270269,10,10,1,test,diff_days_indoor,5,0,0,0,0,0,0.5807582139968872
data/raw/osu_lora/Diff_Days_Indoor_Setup/Day5/Device12/IQ_1.dat,132,10348668,10,10,1,test,diff_days_indoor,5,0,0,0,0,0,0.41045835614204407
data/raw/osu_lora/Diff_Days_Indoor_Setup/Day5/Device12/IQ_1.dat,133,10427067,10,4,0,test,diff_days_indoor,5,0,0,0,0,0,0.3789895474910736
data/raw/osu_lora/Diff_Days_Indoor_Setup/Day5/Device12/IQ_1.dat,134,10505466,10,10,1,test,diff_days_indoor,5,0,0,0,0,0,0.7462800145149231
data/raw/osu_lora/Diff_Days_Indoor_Setup/Day5/Device12/IQ_1.dat,135,10583865,10,10,1,test,diff_days_indoor,5,0,0,0,0,0,0.4135482609272003
data/raw/osu_lora/Diff_Days_Indoor_Setup/Day5/Device12/IQ_1.dat,136,10662264,10,10,1,test,diff_days_indoor,5,0,0,0,0,0,0.23830395936965942
data/raw/osu_lora/Diff_Days_Indoor_Setup/Day5/Device12/IQ_1.dat,137,10740663,10,10,1,test,diff_days_indoor,5,0,0,0,0,0,0.6308978199958801
data/raw/osu_lora/Diff_Days_Indoor_Setup/Day5/Device12/IQ_1.dat,138,10819062,10,21,0,test,diff_days_indoor,5,0,0,0,0,0,0.1984117180109024
data/raw/osu_lora/Diff_Days_Indoor_Setup/Day5/Device12/IQ_1.dat,139,10897461,10,8,0,test,diff_days_indoor,5,0,0,0,0,0,0.27274417877197266
data/raw/osu_lora/Diff_Days_Indoor_Setup/Day5/Device12/IQ_1.dat,140,10975860,10,10,1,test,diff_days_indoor,5,0,0,0,0,0,0.6028356552124023
data/raw/osu_lora/Diff_Days_Indoor_Setup/Day5/Device12/IQ_1.dat,141,11054259,10,10,1,test,diff_days_indoor,5,0,0,0,0,0,0.4411156475543976
data/raw/osu_lora/Diff_Days_Indoor_Setup/Day5/Device12/IQ_1.dat,142,11132658,10,10,1,test,diff_days_indoor,5,0,0,0,0,0,0.3796538710594177
data/raw/osu_lora/Diff_Days_Indoor_Setup/Day5/Device12/IQ_1.dat,143,11211057,10,21,0,test,diff_days_indoor,5,0,0,0,0,0,0.20430824160575867
data/raw/osu_lora/Diff_Days_Indoor_Setup/Day5/Device12/IQ_1.dat,144,11289456,10,10,1,test,diff_days_indoor,5,0,0,0,0,0,0.6580849289894104
data/raw/osu_lora/Diff_Days_Indoor_Setup/Day5/Device12/IQ_1.dat,145,11367855,10,10,1,test,diff_days_indoor,5,0,0,0,0,0,0.49600881338119507
data/raw/osu_lora/Diff_Days_Indoor_Setup/Day5/Device12/IQ_1.dat,146,11446254,10,10,1,test,diff_days_indoor,5,0,0,0,0,0,0.22486773133277893
data/raw/osu_lora/Diff_Days_Indoor_Setup/Day5/Device12/IQ_1.dat,147,11524653,10,10,1,test,diff_days_indoor,5,0,0,0,0,0,0.5555252432823181
data/raw/osu_lora/Diff_Days_Indoor_Setup/Day5/Device12/IQ_1.dat,148,11603052,10,10,1,test,diff_days_indoor,5,0,0,0,0,0,0.4450550675392151
data/raw/osu_lora/Diff_Days_Indoor_Setup/Day5/Device12/IQ_1.dat,149,11681451,10,10,1,test,diff_days_indoor,5,0,0,0,0,0,0.42993685603141785
data/raw/osu_lora/Diff_Days_Indoor_Setup/Day5/Device12/IQ_1.dat,150,11759850,10,9,0,test,diff_days_indoor,5,0,0,0,0,0,0.15083198249340057
data/raw/osu_lora/Diff_Days_Indoor_Setup/Day5/Device12/IQ_1.dat,151,11838249,10,10,1,test,diff_days_indoor,5,0,0,0,0,0,0.3973272144794464
data/raw/osu_lora/Diff_Days_Indoor_Setup/Day5/Device12/IQ_1.dat,152,11916648,10,10,1,test,diff_days_indoor,5,0,0,0,0,0,0.44304266571998596
data/raw/osu_lora/Diff_Days_Indoor_Setup/Day5/Device12/IQ_1.dat,153,11995047,10,10,1,test,diff_days_indoor,5,0,0,0,0,0,0.4707361161708832
data/raw/osu_lora/Diff_Days_Indoor_Setup/Day5/Device12/IQ_1.dat,154,12073446,10,4,0,test,diff_days_indoor,5,0,0,0,0,0,0.5567552447319031
data/raw/osu_lora/Diff_Days_Indoor_Setup/Day5/Device12/IQ_1.dat,155,12151845,10,10,1,test,diff_days_indoor,5,0,0,0,0,0,0.463412880897522
data/raw/osu_lora/Diff_Days_Indoor_Setup/Day5/Device12/IQ_1.dat,156,12230244,10,21,0,test,diff_days_indoor,5,0,0,0,0,0,0.17763680219650269
data/raw/osu_lora/Diff_Days_Indoor_Setup/Day5/Device12/IQ_1.dat,157,12308643,10,11,0,test,diff_days_indoor,5,0,0,0,0,0,0.2466430962085724
data/raw/osu_lora/Diff_Days_Indoor_Setup/Day5/Device12/IQ_1.dat,158,12387042,10,23,0,test,diff_days_indoor,5,0,0,0,0,0,0.3218024969100952
data/raw/osu_lora/Diff_Days_Indoor_Setup/Day5/Device12/IQ_1.dat,159,12465441,10,17,0,test,diff_days_indoor,5,0,0,0,0,0,0.1496439427137375
data/raw/osu_lora/Diff_Days_Indoor_Setup/Day5/Device12/IQ_1.dat,160,12543840,10,10,1,test,diff_days_indoor,5,0,0,0,0,0,0.4156818091869354
data/raw/osu_lora/Diff_Days_Indoor_Setup/Day5/Device12/IQ_1.dat,161,12622239,10,9,0,test,diff_days_indoor,5,0,0,0,0,0,0.12130656093358994
data/raw/osu_lora/Diff_Days_Indoor_Setup/Day5/Device12/IQ_1.dat,162,12700638,10,9,0,test,diff_days_indoor,5,0,0,0,0,0,0.27494269609451294
data/raw/osu_lora/Diff_Days_Indoor_Setup/Day5/Device12/IQ_1.dat,163,12779037,10,10,1,test,diff_days_indoor,5,0,0,0,0,0,0.46660488843917847
data/raw/osu_lora/Diff_Days_Indoor_Setup/Day5/Device12/IQ_1.dat,164,12857436,10,17,0,test,diff_days_indoor,5,0,0,0,0,0,0.18910473585128784
data/raw/osu_lora/Diff_Days_Indoor_Setup/Day5/Device12/IQ_1.dat,165,12935835,10,9,0,test,diff_days_indoor,5,0,0,0,0,0,0.17167767882347107
data/raw/osu_lora/Diff_Days_Indoor_Setup/Day5/Device12/IQ_1.dat,166,13014234,10,10,1,test,diff_days_indoor,5,0,0,0,0,0,0.40488937497138977
data/raw/osu_lora/Diff_Days_Indoor_Setup/Day5/Device12/IQ_1.dat,167,13092633,10,21,0,test,diff_days_indoor,5,0,0,0,0,0,0.29714205861091614
data/raw/osu_lora/Diff_Days_Indoor_Setup/Day5/Device12/IQ_1.dat,168,13171032,10,10,1,test,diff_days_indoor,5,0,0,0,0,0,0.21335768699645996
data/raw/osu_lora/Diff_Days_Indoor_Setup/Day5/Device12/IQ_1.dat,169,13249431,10,10,1,test,diff_days_indoor,5,0,0,0,0,0,0.6529191136360168
data/raw/osu_lora/Diff_Days_Indoor_Setup/Day5/Device12/IQ_1.dat,170,13327830,10,10,1,test,diff_days_indoor,5,0,0,0,0,0,0.6737197637557983
data/raw/osu_lora/Diff_Days_Indoor_Setup/Day5/Device12/IQ_1.dat,171,13406229,10,10,1,test,diff_days_indoor,5,0,0,0,0,0,0.4024614095687866
data/raw/osu_lora/Diff_Days_Indoor_Setup/Day5/Device12/IQ_1.dat,172,13484628,10,5,0,test,diff_days_indoor,5,0,0,0,0,0,0.41920205950737
data/raw/osu_lora/Diff_Days_Indoor_Setup/Day5/Device12/IQ_1.dat,173,13563027,10,10,1,test,diff_days_indoor,5,0,0,0,0,0,0.5090451240539551
data/raw/osu_lora/Diff_Days_Indoor_Setup/Day5/Device12/IQ_1.dat,174,13641426,10,10,1,test,diff_days_indoor,5,0,0,0,0,0,0.3022210896015167
data/raw/osu_lora/Diff_Days_Indoor_Setup/Day5/Device12/IQ_1.dat,175,13719825,10,10,1,test,diff_days_indoor,5,0,0,0,0,0,0.35163289308547974
data/raw/osu_lora/Diff_Days_Indoor_Setup/Day5/Device12/IQ_1.dat,176,13798224,10,10,1,test,diff_days_indoor,5,0,0,0,0,0,0.22772002220153809
data/raw/osu_lora/Diff_Days_Indoor_Setup/Day5/Device12/IQ_1.dat,177,13876623,10,10,1,test,diff_days_indoor,5,0,0,0,0,0,0.29192519187927246
data/raw/osu_lora/Diff_Days_Indoor_Setup/Day5/Device12/IQ_1.dat,178,13955022,10,10,1,test,diff_days_indoor,5,0,0,0,0,0,0.6462180614471436
data/raw/osu_lora/Diff_Days_Indoor_Setup/Day5/Device12/IQ_1.dat,179,14033421,10,18,0,test,diff_days_indoor,5,0,0,0,0,0,0.3015229403972626
data/raw/osu_lora/Diff_Days_Indoor_Setup/Day5/Device12/IQ_1.dat,180,14111820,10,17,0,test,diff_days_indoor,5,0,0,0,0,0,0.14001576602458954
data/raw/osu_lora/Diff_Days_Indoor_Setup/Day5/Device12/IQ_1.dat,181,14190219,10,10,1,test,diff_days_indoor,5,0,0,0,0,0,0.56960529088974
data/raw/osu_lora/Diff_Days_Indoor_Setup/Day5/Device12/IQ_1.dat,182,14268618,10,10,1,test,diff_days_indoor,5,0,0,0,0,0,0.3288918733596802
data/raw/osu_lora/Diff_Days_Indoor_Setup/Day5/Device12/IQ_1.dat,183,14347017,10,10,1,test,diff_days_indoor,5,0,0,0,0,0,0.4148629307746887
data/raw/osu_lora/Diff_Days_Indoor_Setup/Day5/Device12/IQ_1.dat,184,14425416,10,10,1,test,diff_days_indoor,5,0,0,0,0,0,0.5757790803909302
data/raw/osu_lora/Diff_Days_Indoor_Setup/Day5/Device12/IQ_1.dat,185,14503815,10,21,0,test,diff_days_indoor,5,0,0,0,0,0,0.3235675096511841
data/raw/osu_lora/Diff_Days_Indoor_Setup/Day5/Device12/IQ_1.dat,186,14582214,10,10,1,test,diff_days_indoor,5,0,0,0,0,0,0.48932790756225586
data/raw/osu_lora/Diff_Days_Indoor_Setup/Day5/Device12/IQ_1.dat,187,14660613,10,10,1,test,diff_days_indoor,5,0,0,0,0,0,0.6045504808425903
data/raw/osu_lora/Diff_Days_Indoor_Setup/Day5/Device12/IQ_1.dat,188,14739012,10,10,1,test,diff_days_indoor,5,0,0,0,0,0,0.4251165986061096
data/raw/osu_lora/Diff_Days_Indoor_Setup/Day5/Device12/IQ_1.dat,189,14817411,10,10,1,test,diff_days_indoor,5,0,0,0,0,0,0.4661329686641693
data/raw/osu_lora/Diff_Days_Indoor_Setup/Day5/Device12/IQ_1.dat,190,14895810,10,10,1,test,diff_days_indoor,5,0,0,0,0,0,0.5912840962409973
data/raw/osu_lora/Diff_Days_Indoor_Setup/Day5/Device12/IQ_1.dat,191,14974209,10,10,1,test,diff_days_indoor,5,0,0,0,0,0,0.517364501953125
data/raw/osu_lora/Diff_Days_Indoor_Setup/Day5/Device12/IQ_1.dat,192,15052608,10,21,0,test,diff_days_indoor,5,0,0,0,0,0,0.2445560246706009
data/raw/osu_lora/Diff_Days_Indoor_Setup/Day5/Device12/IQ_1.dat,193,15131007,10,21,0,test,diff_days_indoor,5,0,0,0,0,0,0.1818840354681015
data/raw/osu_lora/Diff_Days_Indoor_Setup/Day5/Device12/IQ_1.dat,194,15209406,10,10,1,test,diff_days_indoor,5,0,0,0,0,0,0.2629878520965576
data/raw/osu_lora/Diff_Days_Indoor_Setup/Day5/Device12/IQ_1.dat,195,15287805,10,17,0,test,diff_days_indoor,5,0,0,0,0,0,0.13728435337543488
data/raw/osu_lora/Diff_Days_Indoor_Setup/Day5/Device12/IQ_1.dat,196,15366204,10,10,1,test,diff_days_indoor,5,0,0,0,0,0,0.5404864549636841
data/raw/osu_lora/Diff_Days_Indoor_Setup/Day5/Device12/IQ_1.dat,197,15444603,10,10,1,test,diff_days_indoor,5,0,0,0,0,0,0.23443713784217834
data/raw/osu_lora/Diff_Days_Indoor_Setup/Day5/Device12/IQ_1.dat,198,15523002,10,22,0,test,diff_days_indoor,5,0,0,0,0,0,0.3550681471824646
data/raw/osu_lora/Diff_Days_Indoor_Setup/Day5/Device12/IQ_1.dat,199,15601401,10,21,0,test,diff_days_indoor,5,0,0,0,0,0,0.24544177949428558
data/raw/osu_lora/Diff_Days_Indoor_Setup/Day5/Device12/IQ_1.dat,200,15679800,10,10,1,test,diff_days_indoor,5,0,0,0,0,0,0.4368648827075958
data/raw/osu_lora/Diff_Days_Indoor_Setup/Day5/Device12/IQ_1.dat,201,15758199,10,10,1,test,diff_days_indoor,5,0,0,0,0,0,0.3808710277080536
data/raw/osu_lora/Diff_Days_Indoor_Setup/Day5/Device12/IQ_1.dat,202,15836598,10,10,1,test,diff_days_indoor,5,0,0,0,0,0,0.5238909721374512
data/raw/osu_lora/Diff_Days_Indoor_Setup/Day5/Device12/IQ_1.dat,203,15914997,10,10,1,test,diff_days_indoor,5,0,0,0,0,0,0.556657612323761
data/raw/osu_lora/Diff_Days_Indoor_Setup/Day5/Device12/IQ_1.dat,204,15993396,10,21,0,test,diff_days_indoor,5,0,0,0,0,0,0.3366917073726654
data/raw/osu_lora/Diff_Days_Indoor_Setup/Day5/Device12/IQ_1.dat,205,16071795,10,18,0,test,diff_days_indoor,5,0,0,0,0,0,0.16142943501472473
data/raw/osu_lora/Diff_Days_Indoor_Setup/Day5/Device12/IQ_1.dat,206,16150194,10,4,0,test,diff_days_indoor,5,0,0,0,0,0,0.34104979038238525
data/raw/osu_lora/Diff_Days_Indoor_Setup/Day5/Device12/IQ_1.dat,207,16228593,10,14,0,test,diff_days_indoor,5,0,0,0,0,0,0.15854746103286743
data/raw/osu_lora/Diff_Days_Indoor_Setup/Day5/Device12/IQ_1.dat,208,16306992,10,10,1,test,diff_days_indoor,5,0,0,0,0,0,0.25442904233932495
data/raw/osu_lora/Diff_Days_Indoor_Setup/Day5/Device12/IQ_1.dat,209,16385391,10,22,0,test,diff_days_indoor,5,0,0,0,0,0,0.18385083973407745
data/raw/osu_lora/Diff_Days_Indoor_Setup/Day5/Device12/IQ_1.dat,210,16463790,10,10,1,test,diff_days_indoor,5,0,0,0,0,0,0.354225218296051
data/raw/osu_lora/Diff_Days_Indoor_Setup/Day5/Device12/IQ_1.dat,211,16542189,10,18,0,test,diff_days_indoor,5,0,0,0,0,0,0.22566065192222595
data/raw/osu_lora/Diff_Days_Indoor_Setup/Day5/Device12/IQ_1.dat,212,16620588,10,9,0,test,diff_days_indoor,5,0,0,0,0,0,0.10990269482135773
data/raw/osu_lora/Diff_Days_Indoor_Setup/Day5/Device12/IQ_1.dat,213,16698987,10,21,0,test,diff_days_indoor,5,0,0,0,0,0,0.26308536529541016
data/raw/osu_lora/Diff_Days_Indoor_Setup/Day5/Device12/IQ_1.dat,214,16777386,10,10,1,test,diff_days_indoor,5,0,0,0,0,0,0.5535292625427246
data/raw/osu_lora/Diff_Days_Indoor_Setup/Day5/Device12/IQ_1.dat,215,16855785,10,21,0,test,diff_days_indoor,5,0,0,0,0,0,0.4009726345539093
data/raw/osu_lora/Diff_Days_Indoor_Setup/Day5/Device12/IQ_1.dat,216,16934184,10,22,0,test,diff_days_indoor,5,0,0,0,0,0,0.19012515246868134
data/raw/osu_lora/Diff_Days_Indoor_Setup/Day5/Device12/IQ_1.dat,217,17012583,10,10,1,test,diff_days_indoor,5,0,0,0,0,0,0.6717699766159058
data/raw/osu_lora/Diff_Days_Indoor_Setup/Day5/Device12/IQ_1.dat,218,17090982,10,13,0,test,diff_days_indoor,5,0,0,0,0,0,0.18256831169128418
data/raw/osu_lora/Diff_Days_Indoor_Setup/Day5/Device12/IQ_1.dat,219,17169381,10,10,1,test,diff_days_indoor,5,0,0,0,0,0,0.39398282766342163
data/raw/osu_lora/Diff_Days_Indoor_Setup/Day5/Device12/IQ_1.dat,220,17247780,10,10,1,test,diff_days_indoor,5,0,0,0,0,0,0.5555571913719177
data/raw/osu_lora/Diff_Days_Indoor_Setup/Day5/Device12/IQ_1.dat,221,17326179,10,10,1,test,diff_days_indoor,5,0,0,0,0,0,0.6700917482376099
data/raw/osu_lora/Diff_Days_Indoor_Setup/Day5/Device12/IQ_1.dat,222,17404578,10,10,1,test,diff_days_indoor,5,0,0,0,0,0,0.6341109275817871
data/raw/osu_lora/Diff_Days_Indoor_Setup/Day5/Device12/IQ_1.dat,223,17482977,10,22,0,test,diff_days_indoor,5,0,0,0,0,0,0.2948988676071167
data/raw/osu_lora/Diff_Days_Indoor_Setup/Day5/Device12/IQ_1.dat,224,17561376,10,10,1,test,diff_days_indoor,5,0,0,0,0,0,0.242974191904068
data/raw/osu_lora/Diff_Days_Indoor_Setup/Day5/Device12/IQ_1.dat,225,17639775,10,10,1,test,diff_days_indoor,5,0,0,0,0,0,0.40077048540115356
data/raw/osu_lora/Diff_Days_Indoor_Setup/Day5/Device12/IQ_1.dat,226,17718174,10,22,0,test,diff_days_indoor,5,0,0,0,0,0,0.7038635015487671
data/raw/osu_lora/Diff_Days_Indoor_Setup/Day5/Device12/IQ_1.dat,227,17796573,10,10,1,test,diff_days_indoor,5,0,0,0,0,0,0.6327790021896362
data/raw/osu_lora/Diff_Days_Indoor_Setup/Day5/Device12/IQ_1.dat,228,17874972,10,21,0,test,diff_days_indoor,5,0,0,0,0,0,0.16946488618850708
data/raw/osu_lora/Diff_Days_Indoor_Setup/Day5/Device12/IQ_1.dat,229,17953371,10,11,0,test,diff_days_indoor,5,0,0,0,0,0,0.192271888256073
data/raw/osu_lora/Diff_Days_Indoor_Setup/Day5/Device12/IQ_1.dat,230,18031770,10,22,0,test,diff_days_indoor,5,0,0,0,0,0,0.2685092091560364
data/raw/osu_lora/Diff_Days_Indoor_Setup/Day5/Device12/IQ_1.dat,231,18110169,10,4,0,test,diff_days_indoor,5,0,0,0,0,0,0.6843181252479553
data/raw/osu_lora/Diff_Days_Indoor_Setup/Day5/Device12/IQ_1.dat,232,18188568,10,10,1,test,diff_days_indoor,5,0,0,0,0,0,0.5757606625556946
data/raw/osu_lora/Diff_Days_Indoor_Setup/Day5/Device12/IQ_1.dat,233,18266967,10,10,1,test,diff_days_indoor,5,0,0,0,0,0,0.3407287001609802
data/raw/osu_lora/Diff_Days_Indoor_Setup/Day5/Device12/IQ_1.dat,234,18345366,10,9,0,test,diff_days_indoor,5,0,0,0,0,0,0.2156769037246704
data/raw/osu_lora/Diff_Days_Indoor_Setup/Day5/Device12/IQ_1.dat,235,18423765,10,10,1,test,diff_days_indoor,5,0,0,0,0,0,0.4215526282787323
data/raw/osu_lora/Diff_Days_Indoor_Setup/Day5/Device12/IQ_1.dat,236,18502164,10,10,1,test,diff_days_indoor,5,0,0,0,0,0,0.3582746982574463
data/raw/osu_lora/Diff_Days_Indoor_Setup/Day5/Device12/IQ_1.dat,237,18580563,10,10,1,test,diff_days_indoor,5,0,0,0,0,0,0.5074195265769958
data/raw/osu_lora/Diff_Days_Indoor_Setup/Day5/Device12/IQ_1.dat,238,18658962,10,10,1,test,diff_days_indoor,5,0,0,0,0,0,0.44997167587280273
data/raw/osu_lora/Diff_Days_Indoor_Setup/Day5/Device12/IQ_1.dat,239,18737361,10,10,1,test,diff_days_indoor,5,0,0,0,0,0,0.6236768364906311
data/raw/osu_lora/Diff_Days_Indoor_Setup/Day5/Device12/IQ_1.dat,240,18815760,10,22,0,test,diff_days_indoor,5,0,0,0,0,0,0.4475550353527069
data/raw/osu_lora/Diff_Days_Indoor_Setup/Day5/Device12/IQ_1.dat,241,18894159,10,13,0,test,diff_days_indoor,5,0,0,0,0,0,0.1567685604095459
data/raw/osu_lora/Diff_Days_Indoor_Setup/Day5/Device12/IQ_1.dat,242,18972558,10,11,0,test,diff_days_indoor,5,0,0,0,0,0,0.30694833397865295
data/raw/osu_lora/Diff_Days_Indoor_Setup/Day5/Device12/IQ_1.dat,243,19050957,10,5,0,test,diff_days_indoor,5,0,0,0,0,0,0.2906375527381897
data/raw/osu_lora/Diff_Days_Indoor_Setup/Day5/Device12/IQ_1.dat,244,19129356,10,22,0,test,diff_days_indoor,5,0,0,0,0,0,0.4157369136810303
data/raw/osu_lora/Diff_Days_Indoor_Setup/Day5/Device12/IQ_1.dat,245,19207755,10,22,0,test,diff_days_indoor,5,0,0,0,0,0,0.2496773898601532
data/raw/osu_lora/Diff_Days_Indoor_Setup/Day5/Device12/IQ_1.dat,246,19286154,10,10,1,test,diff_days_indoor,5,0,0,0,0,0,0.3185441195964813
data/raw/osu_lora/Diff_Days_Indoor_Setup/Day5/Device12/IQ_1.dat,247,19364553,10,10,1,test,diff_days_indoor,5,0,0,0,0,0,0.3775789141654968
data/raw/osu_lora/Diff_Days_Indoor_Setup/Day5/Device12/IQ_1.dat,248,19442952,10,18,0,test,diff_days_indoor,5,0,0,0,0,0,0.26001790165901184
data/raw/osu_lora/Diff_Days_Indoor_Setup/Day5/Device12/IQ_1.dat,249,19521351,10,10,1,test,diff_days_indoor,5,0,0,0,0,0,0.18323031067848206
data/raw/osu_lora/Diff_Days_Indoor_Setup/Day5/Device12/IQ_1.dat,250,19599750,10,10,1,test,diff_days_indoor,5,0,0,0,0,0,0.514823317527771
data/raw/osu_lora/Diff_Days_Indoor_Setup/Day5/Device12/IQ_1.dat,251,19678149,10,10,1,test,diff_days_indoor,5,0,0,0,0,0,0.5146791338920593
data/raw/osu_lora/Diff_Days_Indoor_Setup/Day5/Device12/IQ_1.dat,252,19756548,10,10,1,test,diff_days_indoor,5,0,0,0,0,0,0.4930236339569092
data/raw/osu_lora/Diff_Days_Indoor_Setup/Day5/Device12/IQ_1.dat,253,19834947,10,10,1,test,diff_days_indoor,5,0,0,0,0,0,0.3029293417930603
data/raw/osu_lora/Diff_Days_Indoor_Setup/Day5/Device12/IQ_1.dat,254,19913346,10,10,1,test,diff_days_indoor,5,0,0,0,0,0,0.7219609022140503
data/raw/osu_lora/Diff_Days_Indoor_Setup/Day5/Device12/IQ_1.dat,255,19991745,10,10,1,test,diff_days_indoor,5,0,0,0,0,0,0.49381354451179504
data/raw/osu_lora/Diff_Days_Indoor_Setup/Day5/Device13/IQ_1.dat,0,0,11,4,0,test,diff_days_indoor,5,0,0,0,0,0,0.34426939487457275
data/raw/osu_lora/Diff_Days_Indoor_Setup/Day5/Device13/IQ_1.dat,1,78399,11,4,0,test,diff_days_indoor,5,0,0,0,0,0,0.758097231388092
data/raw/osu_lora/Diff_Days_Indoor_Setup/Day5/Device13/IQ_1.dat,2,156798,11,8,0,test,diff_days_indoor,5,0,0,0,0,0,0.3965798616409302
data/raw/osu_lora/Diff_Days_Indoor_Setup/Day5/Device13/IQ_1.dat,3,235197,11,4,0,test,diff_days_indoor,5,0,0,0,0,0,0.34567105770111084
data/raw/osu_lora/Diff_Days_Indoor_Setup/Day5/Device13/IQ_1.dat,4,313596,11,4,0,test,diff_days_indoor,5,0,0,0,0,0,0.6230348348617554
data/raw/osu_lora/Diff_Days_Indoor_Setup/Day5/Device13/IQ_1.dat,5,391995,11,11,1,test,diff_days_indoor,5,0,0,0,0,0,0.5549280643463135
data/raw/osu_lora/Diff_Days_Indoor_Setup/Day5/Device13/IQ_1.dat,6,470394,11,4,0,test,diff_days_indoor,5,0,0,0,0,0,0.34907224774360657
data/raw/osu_lora/Diff_Days_Indoor_Setup/Day5/Device13/IQ_1.dat,7,548793,11,11,1,test,diff_days_indoor,5,0,0,0,0,0,0.43576255440711975
data/raw/osu_lora/Diff_Days_Indoor_Setup/Day5/Device13/IQ_1.dat,8,627192,11,13,0,test,diff_days_indoor,5,0,0,0,0,0,0.24510720372200012
data/raw/osu_lora/Diff_Days_Indoor_Setup/Day5/Device13/IQ_1.dat,9,705591,11,4,0,test,diff_days_indoor,5,0,0,0,0,0,0.6039642691612244
data/raw/osu_lora/Diff_Days_Indoor_Setup/Day5/Device13/IQ_1.dat,10,783990,11,4,0,test,diff_days_indoor,5,0,0,0,0,0,0.6855316162109375
data/raw/osu_lora/Diff_Days_Indoor_Setup/Day5/Device13/IQ_1.dat,11,862389,11,11,1,test,diff_days_indoor,5,0,0,0,0,0,0.5076613426208496
data/raw/osu_lora/Diff_Days_Indoor_Setup/Day5/Device13/IQ_1.dat,12,940788,11,11,1,test,diff_days_indoor,5,0,0,0,0,0,0.5088194608688354
data/raw/osu_lora/Diff_Days_Indoor_Setup/Day5/Device13/IQ_1.dat,13,1019187,11,4,0,test,diff_days_indoor,5,0,0,0,0,0,0.4992069602012634
data/raw/osu_lora/Diff_Days_Indoor_Setup/Day5/Device13/IQ_1.dat,14,1097586,11,11,1,test,diff_days_indoor,5,0,0,0,0,0,0.3461633324623108
data/raw/osu_lora/Diff_Days_Indoor_Setup/Day5/Device13/IQ_1.dat,15,1175985,11,11,1,test,diff_days_indoor,5,0,0,0,0,0,0.640561580657959
data/raw/osu_lora/Diff_Days_Indoor_Setup/Day5/Device13/IQ_1.dat,16,1254384,11,4,0,test,diff_days_indoor,5,0,0,0,0,0,0.6163817644119263
data/raw/osu_lora/Diff_Days_Indoor_Setup/Day5/Device13/IQ_1.dat,17,1332783,11,11,1,test,diff_days_indoor,5,0,0,0,0,0,0.5206599831581116
data/raw/osu_lora/Diff_Days_Indoor_Setup/Day5/Device13/IQ_1.dat,18,1411182,11,11,1,test,diff_days_indoor,5,0,0,0,0,0,0.597769558429718
data/raw/osu_lora/Diff_Days_Indoor_Setup/Day5/Device13/IQ_1.dat,19,1489581,11,4,0,test,diff_days_indoor,5,0,0,0,0,0,0.9259434938430786
data/raw/osu_lora/Diff_Days_Indoor_Setup/Day5/Device13/IQ_1.dat,20,1567980,11,11,1,test,diff_days_indoor,5,0,0,0,0,0,0.6165066957473755
data/raw/osu_lora/Diff_Days_Indoor_Setup/Day5/Device13/IQ_1.dat,21,1646379,11,11,1,test,diff_days_indoor,5,0,0,0,0,0,0.5700087547302246
data/raw/osu_lora/Diff_Days_Indoor_Setup/Day5/Device13/IQ_1.dat,22,1724778,11,11,1,test,diff_days_indoor,5,0,0,0,0,0,0.6566554307937622
data/raw/osu_lora/Diff_Days_Indoor_Setup/Day5/Device13/IQ_1.dat,23,1803177,11,11,1,test,diff_days_indoor,5,0,0,0,0,0,0.8074437975883484
data/raw/osu_lora/Diff_Days_Indoor_Setup/Day5/Device13/IQ_1.dat,24,1881576,11,11,1,test,diff_days_indoor,5,0,0,0,0,0,0.5806745290756226
data/raw/osu_lora/Diff_Days_Indoor_Setup/Day5/Device13/IQ_1.dat,25,1959975,11,14,0,test,diff_days_indoor,5,0,0,0,0,0,0.3648723065853119
data/raw/osu_lora/Diff_Days_Indoor_Setup/Day5/Device13/IQ_1.dat,26,2038374,11,11,1,test,diff_days_indoor,5,0,0,0,0,0,0.7021121382713318
data/raw/osu_lora/Diff_Days_Indoor_Setup/Day5/Device13/IQ_1.dat,27,2116773,11,10,0,test,diff_days_indoor,5,0,0,0,0,0,0.35960716009140015
data/raw/osu_lora/Diff_Days_Indoor_Setup/Day5/Device13/IQ_1.dat,28,2195172,11,11,1,test,diff_days_indoor,5,0,0,0,0,0,0.2313513159751892
data/raw/osu_lora/Diff_Days_Indoor_Setup/Day5/Device13/IQ_1.dat,29,2273571,11,4,0,test,diff_days_indoor,5,0,0,0,0,0,0.514889121055603
data/raw/osu_lora/Diff_Days_Indoor_Setup/Day5/Device13/IQ_1.dat,30,2351970,11,11,1,test,diff_days_indoor,5,0,0,0,0,0,0.49791380763053894
data/raw/osu_lora/Diff_Days_Indoor_Setup/Day5/Device13/IQ_1.dat,31,2430369,11,11,1,test,diff_days_indoor,5,0,0,0,0,0,0.5620377063751221
data/raw/osu_lora/Diff_Days_Indoor_Setup/Day5/Device13/IQ_1.dat,32,2508768,11,11,1,test,diff_days_indoor,5,0,0,0,0,0,0.766671895980835
data/raw/osu_lora/Diff_Days_Indoor_Setup/Day5/Device13/IQ_1.dat,33,2587167,11,4,0,test,diff_days_indoor,5,0,0,0,0,0,0.7862101197242737
data/raw/osu_lora/Diff_Days_Indoor_Setup/Day5/Device13/IQ_1.dat,34,2665566,11,11,1,test,diff_days_indoor,5,0,0,0,0,0,0.45218923687934875
data/raw/osu_lora/Diff_Days_Indoor_Setup/Day5/Device13/IQ_1.dat,35,2743965,11,11,1,test,diff_days_indoor,5,0,0,0,0,0,0.5161792635917664
data/raw/osu_lora/Diff_Days_Indoor_Setup/Day5/Device13/IQ_1.dat,36,2822364,11,4,0,test,diff_days_indoor,5,0,0,0,0,0,0.5287463665008545
data/raw/osu_lora/Diff_Days_Indoor_Setup/Day5/Device13/IQ_1.dat,37,2900763,11,11,1,test,diff_days_indoor,5,0,0,0,0,0,0.6602534651756287
data/raw/osu_lora/Diff_Days_Indoor_Setup/Day5/Device13/IQ_1.dat,38,2979162,11,4,0,test,diff_days_indoor,5,0,0,0,0,0,0.8000138998031616
data/raw/osu_lora/Diff_Days_Indoor_Setup/Day5/Device13/IQ_1.dat,39,3057561,11,11,1,test,diff_days_indoor,5,0,0,0,0,0,0.6011820435523987
data/raw/osu_lora/Diff_Days_Indoor_Setup/Day5/Device13/IQ_1.dat,40,3135960,11,11,1,test,diff_days_indoor,5,0,0,0,0,0,0.43582209944725037
data/raw/osu_lora/Diff_Days_Indoor_Setup/Day5/Device13/IQ_1.dat,41,3214359,11,11,1,test,diff_days_indoor,5,0,0,0,0,0,0.5669225454330444
data/raw/osu_lora/Diff_Days_Indoor_Setup/Day5/Device13/IQ_1.dat,42,3292758,11,11,1,test,diff_days_indoor,5,0,0,0,0,0,0.45989009737968445
data/raw/osu_lora/Diff_Days_Indoor_Setup/Day5/Device13/IQ_1.dat,43,3371157,11,4,0,test,diff_days_indoor,5,0,0,0,0,0,0.6013635396957397
data/raw/osu_lora/Diff_Days_Indoor_Setup/Day5/Device13/IQ_1.dat,44,3449556,11,11,1,test,diff_days_indoor,5,0,0,0,0,0,0.7016353011131287
data/raw/osu_lora/Diff_Days_Indoor_Setup/Day5/Device13/IQ_1.dat,45,3527955,11,11,1,test,diff_days_indoor,5,0,0,0,0,0,0.5248258709907532
data/raw/osu_lora/Diff_Days_Indoor_Setup/Day5/Device13/IQ_1.dat,46,3606354,11,11,1,test,diff_days_indoor,5,0,0,0,0,0,0.5888066291809082
data/raw/osu_lora/Diff_Days_Indoor_Setup/Day5/Device13/IQ_1.dat,47,3684753,11,4,0,test,diff_days_indoor,5,0,0,0,0,0,0.7712709903717041
data/raw/osu_lora/Diff_Days_Indoor_Setup/Day5/Device13/IQ_1.dat,48,3763152,11,4,0,test,diff_days_indoor,5,0,0,0,0,0,0.6317985653877258
data/raw/osu_lora/Diff_Days_Indoor_Setup/Day5/Device13/IQ_1.dat,49,3841551,11,4,0,test,diff_days_indoor,5,0,0,0,0,0,0.47491052746772766
data/raw/osu_lora/Diff_Days_Indoor_Setup/Day5/Device13/IQ_1.dat,50,3919950,11,11,1,test,diff_days_indoor,5,0,0,0,0,0,0.7324972748756409
data/raw/osu_lora/Diff_Days_Indoor_Setup/Day5/Device13/IQ_1.dat,51,3998349,11,11,1,test,diff_days_indoor,5,0,0,0,0,0,0.44387170672416687
data/raw/osu_lora/Diff_Days_Indoor_Setup/Day5/Device13/IQ_1.dat,52,4076748,11,11,1,test,diff_days_indoor,5,0,0,0,0,0,0.5702555775642395
data/raw/osu_lora/Diff_Days_Indoor_Setup/Day5/Device13/IQ_1.dat,53,4155147,11,10,0,test,diff_days_indoor,5,0,0,0,0,0,0.3073342442512512
data/raw/osu_lora/Diff_Days_Indoor_Setup/Day5/Device13/IQ_1.dat,54,4233546,11,11,1,test,diff_days_indoor,5,0,0,0,0,0,0.36530357599258423
data/raw/osu_lora/Diff_Days_Indoor_Setup/Day5/Device13/IQ_1.dat,55,4311945,11,11,1,test,diff_days_indoor,5,0,0,0,0,0,0.8659169673919678
data/raw/osu_lora/Diff_Days_Indoor_Setup/Day5/Device13/IQ_1.dat,56,4390344,11,11,1,test,diff_days_indoor,5,0,0,0,0,0,0.8811418414115906
data/raw/osu_lora/Diff_Days_Indoor_Setup/Day5/Device13/IQ_1.dat,57,4468743,11,4,0,test,diff_days_indoor,5,0,0,0,0,0,0.5473792552947998
data/raw/osu_lora/Diff_Days_Indoor_Setup/Day5/Device13/IQ_1.dat,58,4547142,11,11,1,test,diff_days_indoor,5,0,0,0,0,0,0.5458716750144958
data/raw/osu_lora/Diff_Days_Indoor_Setup/Day5/Device13/IQ_1.dat,59,4625541,11,11,1,test,diff_days_indoor,5,0,0,0,0,0,0.5321096181869507
data/raw/osu_lora/Diff_Days_Indoor_Setup/Day5/Device13/IQ_1.dat,60,4703940,11,11,1,test,diff_days_indoor,5,0,0,0,0,0,0.2675565779209137
data/raw/osu_lora/Diff_Days_Indoor_Setup/Day5/Device13/IQ_1.dat,61,4782339,11,11,1,test,diff_days_indoor,5,0,0,0,0,0,0.6080414652824402
data/raw/osu_lora/Diff_Days_Indoor_Setup/Day5/Device13/IQ_1.dat,62,4860738,11,4,0,test,diff_days_indoor,5,0,0,0,0,0,0.5358736515045166
data/raw/osu_lora/Diff_Days_Indoor_Setup/Day5/Device13/IQ_1.dat,63,4939137,11,11,1,test,diff_days_indoor,5,0,0,0,0,0,0.5293070077896118
data/raw/osu_lora/Diff_Days_Indoor_Setup/Day5/Device13/IQ_1.dat,64,5017536,11,11,1,test,diff_days_indoor,5,0,0,0,0,0,0.49400559067726135
data/raw/osu_lora/Diff_Days_Indoor_Setup/Day5/Device13/IQ_1.dat,65,5095935,11,4,0,test,diff_days_indoor,5,0,0,0,0,0,0.6432700157165527
data/raw/osu_lora/Diff_Days_Indoor_Setup/Day5/Device13/IQ_1.dat,66,5174334,11,4,0,test,diff_days_indoor,5,0,0,0,0,0,0.36045610904693604
data/raw/osu_lora/Diff_Days_Indoor_Setup/Day5/Device13/IQ_1.dat,67,5252733,11,14,0,test,diff_days_indoor,5,0,0,0,0,0,0.38592302799224854
data/raw/osu_lora/Diff_Days_Indoor_Setup/Day5/Device13/IQ_1.dat,68,5331132,11,4,0,test,diff_days_indoor,5,0,0,0,0,0,0.6470886468887329
data/raw/osu_lora/Diff_Days_Indoor_Setup/Day5/Device13/IQ_1.dat,69,5409531,11,4,0,test,diff_days_indoor,5,0,0,0,0,0,0.3883189857006073
data/raw/osu_lora/Diff_Days_Indoor_Setup/Day5/Device13/IQ_1.dat,70,5487930,11,11,1,test,diff_days_indoor,5,0,0,0,0,0,0.6233469247817993
data/raw/osu_lora/Diff_Days_Indoor_Setup/Day5/Device13/IQ_1.dat,71,5566329,11,11,1,test,diff_days_indoor,5,0,0,0,0,0,0.6706783175468445
data/raw/osu_lora/Diff_Days_Indoor_Setup/Day5/Device13/IQ_1.dat,72,5644728,11,11,1,test,diff_days_indoor,5,0,0,0,0,0,0.5393680334091187
data/raw/osu_lora/Diff_Days_Indoor_Setup/Day5/Device13/IQ_1.dat,73,5723127,11,11,1,test,diff_days_indoor,5,0,0,0,0,0,0.8979341983795166
data/raw/osu_lora/Diff_Days_Indoor_Setup/Day5/Device13/IQ_1.dat,74,5801526,11,4,0,test,diff_days_indoor,5,0,0,0,0,0,0.5663411617279053
data/raw/osu_lora/Diff_Days_Indoor_Setup/Day5/Device13/IQ_1.dat,75,5879925,11,12,0,test,diff_days_indoor,5,0,0,0,0,0,0.4202580451965332
data/raw/osu_lora/Diff_Days_Indoor_Setup/Day5/Device13/IQ_1.dat,76,5958324,11,4,0,test,diff_days_indoor,5,0,0,0,0,0,0.19747135043144226
data/raw/osu_lora/Diff_Days_Indoor_Setup/Day5/Device13/IQ_1.dat,77,6036723,11,4,0,test,diff_days_indoor,5,0,0,0,0,0,0.5093898177146912
data/raw/osu_lora/Diff_Days_Indoor_Setup/Day5/Device13/IQ_1.dat,78,6115122,11,4,0,test,diff_days_indoor,5,0,0,0,0,0,0.585108757019043
data/raw/osu_lora/Diff_Days_Indoor_Setup/Day5/Device13/IQ_1.dat,79,6193521,11,11,1,test,diff_days_indoor,5,0,0,0,0,0,0.4224465787410736
data/raw/osu_lora/Diff_Days_Indoor_Setup/Day5/Device13/IQ_1.dat,80,6271920,11,4,0,test,diff_days_indoor,5,0,0,0,0,0,0.4219975769519806
data/raw/osu_lora/Diff_Days_Indoor_Setup/Day5/Device13/IQ_1.dat,81,6350319,11,4,0,test,diff_days_indoor,5,0,0,0,0,0,0.49338778853416443
data/raw/osu_lora/Diff_Days_Indoor_Setup/Day5/Device13/IQ_1.dat,82,6428718,11,11,1,test,diff_days_indoor,5,0,0,0,0,0,0.4772903025150299
data/raw/osu_lora/Diff_Days_Indoor_Setup/Day5/Device13/IQ_1.dat,83,6507117,11,4,0,test,diff_days_indoor,5,0,0,0,0,0,0.5234415531158447
data/raw/osu_lora/Diff_Days_Indoor_Setup/Day5/Device13/IQ_1.dat,84,6585516,11,11,1,test,diff_days_indoor,5,0,0,0,0,0,0.3472999036312103
data/raw/osu_lora/Diff_Days_Indoor_Setup/Day5/Device13/IQ_1.dat,85,6663915,11,4,0,test,diff_days_indoor,5,0,0,0,0,0,0.4156305491924286
data/raw/osu_lora/Diff_Days_Indoor_Setup/Day5/Device13/IQ_1.dat,86,6742314,11,11,1,test,diff_days_indoor,5,0,0,0,0,0,0.4355204403400421
data/raw/osu_lora/Diff_Days_Indoor_Setup/Day5/Device13/IQ_1.dat,87,6820713,11,11,1,test,diff_days_indoor,5,0,0,0,0,0,0.5352280139923096
data/raw/osu_lora/Diff_Days_Indoor_Setup/Day5/Device13/IQ_1.dat,88,6899112,11,4,0,test,diff_days_indoor,5,0,0,0,0,0,0.8314514756202698
data/raw/osu_lora/Diff_Days_Indoor_Setup/Day5/Device13/IQ_1.dat,89,6977511,11,11,1,test,diff_days_indoor,5,0,0,0,0,0,0.5003398060798645
data/raw/osu_lora/Diff_Days_Indoor_Setup/Day5/Device13/IQ_1.dat,90,7055910,11,22,0,test,diff_days_indoor,5,0,0,0,0,0,0.6337016820907593
data/raw/osu_lora/Diff_Days_Indoor_Setup/Day5/Device13/IQ_1.dat,91,7134309,11,11,1,test,diff_days_indoor,5,0,0,0,0,0,0.5741294622421265
data/raw/osu_lora/Diff_Days_Indoor_Setup/Day5/Device13/IQ_1.dat,92,7212708,11,11,1,test,diff_days_indoor,5,0,0,0,0,0,0.535354733467102
data/raw/osu_lora/Diff_Days_Indoor_Setup/Day5/Device13/IQ_1.dat,93,7291107,11,11,1,test,diff_days_indoor,5,0,0,0,0,0,0.49740082025527954
data/raw/osu_lora/Diff_Days_Indoor_Setup/Day5/Device13/IQ_1.dat,94,7369506,11,4,0,test,diff_days_indoor,5,0,0,0,0,0,0.675520122051239
data/raw/osu_lora/Diff_Days_Indoor_Setup/Day5/Device13/IQ_1.dat,95,7447905,11,14,0,test,diff_days_indoor,5,0,0,0,0,0,0.3451107442378998
data/raw/osu_lora/Diff_Days_Indoor_Setup/Day5/Device13/IQ_1.dat,96,7526304,11,11,1,test,diff_days_indoor,5,0,0,0,0,0,0.47097620368003845
data/raw/osu_lora/Diff_Days_Indoor_Setup/Day5/Device13/IQ_1.dat,97,7604703,11,11,1,test,diff_days_indoor,5,0,0,0,0,0,0.8007749915122986
data/raw/osu_lora/Diff_Days_Indoor_Setup/Day5/Device13/IQ_1.dat,98,7683102,11,11,1,test,diff_days_indoor,5,0,0,0,0,0,0.5747581720352173
data/raw/osu_lora/Diff_Days_Indoor_Setup/Day5/Device13/IQ_1.dat,99,7761501,11,22,0,test,diff_days_indoor,5,0,0,0,0,0,0.3040875494480133
data/raw/osu_lora/Diff_Days_Indoor_Setup/Day5/Device13/IQ_1.dat,100,7839900,11,4,0,test,diff_days_indoor,5,0,0,0,0,0,0.6642686724662781
data/raw/osu_lora/Diff_Days_Indoor_Setup/Day5/Device13/IQ_1.dat,101,7918299,11,9,0,test,diff_days_indoor,5,0,0,0,0,0,0.08992822468280792
data/raw/osu_lora/Diff_Days_Indoor_Setup/Day5/Device13/IQ_1.dat,102,7996698,11,11,1,test,diff_days_indoor,5,0,0,0,0,0,0.2941434979438782
data/raw/osu_lora/Diff_Days_Indoor_Setup/Day5/Device13/IQ_1.dat,103,8075097,11,4,0,test,diff_days_indoor,5,0,0,0,0,0,0.6500644087791443
data/raw/osu_lora/Diff_Days_Indoor_Setup/Day5/Device13/IQ_1.dat,104,8153496,11,4,0,test,diff_days_indoor,5,0,0,0,0,0,0.5359783172607422
data/raw/osu_lora/Diff_Days_Indoor_Setup/Day5/Device13/IQ_1.dat,105,8231895,11,11,1,test,diff_days_indoor,5,0,0,0,0,0,0.5982965230941772
data/raw/osu_lora/Diff_Days_Indoor_Setup/Day5/Device13/IQ_1.dat,106,8310294,11,4,0,test,diff_days_indoor,5,0,0,0,0,0,0.7283965349197388
data/raw/osu_lora/Diff_Days_Indoor_Setup/Day5/Device13/IQ_1.dat,107,8388693,11,11,1,test,diff_days_indoor,5,0,0,0,0,0,0.5632973313331604
data/raw/osu_lora/Diff_Days_Indoor_Setup/Day5/Device13/IQ_1.dat,108,8467092,11,4,0,test,diff_days_indoor,5,0,0,0,0,0,0.3090473711490631
data/raw/osu_lora/Diff_Days_Indoor_Setup/Day5/Device13/IQ_1.dat,109,8545491,11,4,0,test,diff_days_indoor,5,0,0,0,0,0,0.8782143592834473
data/raw/osu_lora/Diff_Days_Indoor_Setup/Day5/Device13/IQ_1.dat,110,8623890,11,11,1,test,diff_days_indoor,5,0,0,0,0,0,0.5443126559257507
data/raw/osu_lora/Diff_Days_Indoor_Setup/Day5/Device13/IQ_1.dat,111,8702289,11,4,0,test,diff_days_indoor,5,0,0,0,0,0,0.6894115209579468
data/raw/osu_lora/Diff_Days_Indoor_Setup/Day5/Device13/IQ_1.dat,112,8780688,11,11,1,test,diff_days_indoor,5,0,0,0,0,0,0.487832635641098
data/raw/osu_lora/Diff_Days_Indoor_Setup/Day5/Device13/IQ_1.dat,113,8859087,11,4,0,test,diff_days_indoor,5,0,0,0,0,0,0.5074742436408997
data/raw/osu_lora/Diff_Days_Indoor_Setup/Day5/Device13/IQ_1.dat,114,8937486,11,4,0,test,diff_days_indoor,5,0,0,0,0,0,0.6160299777984619
data/raw/osu_lora/Diff_Days_Indoor_Setup/Day5/Device13/IQ_1.dat,115,9015885,11,22,0,test,diff_days_indoor,5,0,0,0,0,0,0.34429293870925903
data/raw/osu_lora/Diff_Days_Indoor_Setup/Day5/Device13/IQ_1.dat,116,9094284,11,11,1,test,diff_days_indoor,5,0,0,0,0,0,0.6591715812683105
data/raw/osu_lora/Diff_Days_Indoor_Setup/Day5/Device13/IQ_1.dat,117,9172683,11,11,1,test,diff_days_indoor,5,0,0,0,0,0,0.5191200971603394
data/raw/osu_lora/Diff_Days_Indoor_Setup/Day5/Device13/IQ_1.dat,118,9251082,11,11,1,test,diff_days_indoor,5,0,0,0,0,0,0.8926858305931091
data/raw/osu_lora/Diff_Days_Indoor_Setup/Day5/Device13/IQ_1.dat,119,9329481,11,4,0,test,diff_days_indoor,5,0,0,0,0,0,0.619841992855072
data/raw/osu_lora/Diff_Days_Indoor_Setup/Day5/Device13/IQ_1.dat,120,9407880,11,11,1,test,diff_days_indoor,5,0,0,0,0,0,0.6654327511787415
data/raw/osu_lora/Diff_Days_Indoor_Setup/Day5/Device13/IQ_1.dat,121,9486279,11,4,0,test,diff_days_indoor,5,0,0,0,0,0,0.3833971917629242
data/raw/osu_lora/Diff_Days_Indoor_Setup/Day5/Device13/IQ_1.dat,122,9564678,11,12,0,test,diff_days_indoor,5,0,0,0,0,0,0.2407645285129547
data/raw/osu_lora/Diff_Days_Indoor_Setup/Day5/Device13/IQ_1.dat,123,9643077,11,4,0,test,diff_days_indoor,5,0,0,0,0,0,0.7107993364334106
data/raw/osu_lora/Diff_Days_Indoor_Setup/Day5/Device13/IQ_1.dat,124,9721476,11,11,1,test,diff_days_indoor,5,0,0,0,0,0,0.6700184941291809
data/raw/osu_lora/Diff_Days_Indoor_Setup/Day5/Device13/IQ_1.dat,125,9799875,11,11,1,test,diff_days_indoor,5,0,0,0,0,0,0.7462157011032104
data/raw/osu_lora/Diff_Days_Indoor_Setup/Day5/Device13/IQ_1.dat,126,9878274,11,4,0,test,diff_days_indoor,5,0,0,0,0,0,0.782756507396698
data/raw/osu_lora/Diff_Days_Indoor_Setup/Day5/Device13/IQ_1.dat,127,9956673,11,4,0,test,diff_days_indoor,5,0,0,0,0,0,0.46162423491477966
data/raw/osu_lora/Diff_Days_Indoor_Setup/Day5/Device13/IQ_1.dat,128,10035072,11,11,1,test,diff_days_indoor,5,0,0,0,0,0,0.8087755441665649
data/raw/osu_lora/Diff_Days_Indoor_Setup/Day5/Device13/IQ_1.dat,129,10113471,11,4,0,test,diff_days_indoor,5,0,0,0,0,0,0.5553890466690063
data/raw/osu_lora/Diff_Days_Indoor_Setup/Day5/Device13/IQ_1.dat,130,10191870,11,4,0,test,diff_days_indoor,5,0,0,0,0,0,0.74368816614151
data/raw/osu_lora/Diff_Days_Indoor_Setup/Day5/Device13/IQ_1.dat,131,10270269,11,11,1,test,diff_days_indoor,5,0,0,0,0,0,0.49027296900749207
data/raw/osu_lora/Diff_Days_Indoor_Setup/Day5/Device13/IQ_1.dat,132,10348668,11,4,0,test,diff_days_indoor,5,0,0,0,0,0,0.5104048252105713
data/raw/osu_lora/Diff_Days_Indoor_Setup/Day5/Device13/IQ_1.dat,133,10427067,11,4,0,test,diff_days_indoor,5,0,0,0,0,0,0.8313962817192078
data/raw/osu_lora/Diff_Days_Indoor_Setup/Day5/Device13/IQ_1.dat,134,10505466,11,11,1,test,diff_days_indoor,5,0,0,0,0,0,0.6033706665039062
data/raw/osu_lora/Diff_Days_Indoor_Setup/Day5/Device13/IQ_1.dat,135,10583865,11,11,1,test,diff_days_indoor,5,0,0,0,0,0,0.2728140652179718
data/raw/osu_lora/Diff_Days_Indoor_Setup/Day5/Device13/IQ_1.dat,136,10662264,11,4,0,test,diff_days_indoor,5,0,0,0,0,0,0.5945718884468079
data/raw/osu_lora/Diff_Days_Indoor_Setup/Day5/Device13/IQ_1.dat,137,10740663,11,11,1,test,diff_days_indoor,5,0,0,0,0,0,0.6132451295852661
data/raw/osu_lora/Diff_Days_Indoor_Setup/Day5/Device13/IQ_1.dat,138,10819062,11,4,0,test,diff_days_indoor,5,0,0,0,0,0,0.7084847688674927
data/raw/osu_lora/Diff_Days_Indoor_Setup/Day5/Device13/IQ_1.dat,139,10897461,11,4,0,test,diff_days_indoor,5,0,0,0,0,0,0.7948709726333618
data/raw/osu_lora/Diff_Days_Indoor_Setup/Day5/Device13/IQ_1.dat,140,10975860,11,22,0,test,diff_days_indoor,5,0,0,0,0,0,0.23709264397621155
data/raw/osu_lora/Diff_Days_Indoor_Setup/Day5/Device13/IQ_1.dat,141,11054259,11,4,0,test,diff_days_indoor,5,0,0,0,0,0,0.610255777835846
data/raw/osu_lora/Diff_Days_Indoor_Setup/Day5/Device13/IQ_1.dat,142,11132658,11,4,0,test,diff_days_indoor,5,0,0,0,0,0,0.46754705905914307
data/raw/osu_lora/Diff_Days_Indoor_Setup/Day5/Device13/IQ_1.dat,143,11211057,11,11,1,test,diff_days_indoor,5,0,0,0,0,0,0.8489676117897034
data/raw/osu_lora/Diff_Days_Indoor_Setup/Day5/Device13/IQ_1.dat,144,11289456,11,4,0,test,diff_days_indoor,5,0,0,0,0,0,0.6732640862464905
data/raw/osu_lora/Diff_Days_Indoor_Setup/Day5/Device13/IQ_1.dat,145,11367855,11,11,1,test,diff_days_indoor,5,0,0,0,0,0,0.401218444108963
data/raw/osu_lora/Diff_Days_Indoor_Setup/Day5/Device13/IQ_1.dat,146,11446254,11,11,1,test,diff_days_indoor,5,0,0,0,0,0,0.5421602129936218
data/raw/osu_lora/Diff_Days_Indoor_Setup/Day5/Device13/IQ_1.dat,147,11524653,11,11,1,test,diff_days_indoor,5,0,0,0,0,0,0.512336015701294
data/raw/osu_lora/Diff_Days_Indoor_Setup/Day5/Device13/IQ_1.dat,148,11603052,11,19,0,test,diff_days_indoor,5,0,0,0,0,0,0.08110873401165009
data/raw/osu_lora/Diff_Days_Indoor_Setup/Day5/Device13/IQ_1.dat,149,11681451,11,4,0,test,diff_days_indoor,5,0,0,0,0,0,0.5882567763328552
data/raw/osu_lora/Diff_Days_Indoor_Setup/Day5/Device13/IQ_1.dat,150,11759850,11,4,0,test,diff_days_indoor,5,0,0,0,0,0,0.6705408096313477
data/raw/osu_lora/Diff_Days_Indoor_Setup/Day5/Device13/IQ_1.dat,151,11838249,11,11,1,test,diff_days_indoor,5,0,0,0,0,0,0.5746722221374512
data/raw/osu_lora/Diff_Days_Indoor_Setup/Day5/Device13/IQ_1.dat,152,11916648,11,11,1,test,diff_days_indoor,5,0,0,0,0,0,0.5295218825340271
data/raw/osu_lora/Diff_Days_Indoor_Setup/Day5/Device13/IQ_1.dat,153,11995047,11,4,0,test,diff_days_indoor,5,0,0,0,0,0,0.4925815165042877
data/raw/osu_lora/Diff_Days_Indoor_Setup/Day5/Device13/IQ_1.dat,154,12073446,11,11,1,test,diff_days_indoor,5,0,0,0,0,0,0.3594595193862915
data/raw/osu_lora/Diff_Days_Indoor_Setup/Day5/Device13/IQ_1.dat,155,12151845,11,11,1,test,diff_days_indoor,5,0,0,0,0,0,0.6441062688827515
data/raw/osu_lora/Diff_Days_Indoor_Setup/Day5/Device13/IQ_1.dat,156,12230244,11,4,0,test,diff_days_indoor,5,0,0,0,0,0,0.5845336318016052
data/raw/osu_lora/Diff_Days_Indoor_Setup/Day5/Device13/IQ_1.dat,157,12308643,11,22,0,test,diff_days_indoor,5,0,0,0,0,0,0.21792219579219818
data/raw/osu_lora/Diff_Days_Indoor_Setup/Day5/Device13/IQ_1.dat,158,12387042,11,4,0,test,diff_days_indoor,5,0,0,0,0,0,0.6274020075798035
data/raw/osu_lora/Diff_Days_Indoor_Setup/Day5/Device13/IQ_1.dat,159,12465441,11,11,1,test,diff_days_indoor,5,0,0,0,0,0,0.28609198331832886
data/raw/osu_lora/Diff_Days_Indoor_Setup/Day5/Device13/IQ_1.dat,160,12543840,11,11,1,test,diff_days_indoor,5,0,0,0,0,0,0.5608935356140137
data/raw/osu_lora/Diff_Days_Indoor_Setup/Day5/Device13/IQ_1.dat,161,12622239,11,4,0,test,diff_days_indoor,5,0,0,0,0,0,0.7978594303131104
data/raw/osu_lora/Diff_Days_Indoor_Setup/Day5/Device13/IQ_1.dat,162,12700638,11,11,1,test,diff_days_indoor,5,0,0,0,0,0,0.4154401123523712
data/raw/osu_lora/Diff_Days_Indoor_Setup/Day5/Device13/IQ_1.dat,163,12779037,11,4,0,test,diff_days_indoor,5,0,0,0,0,0,0.7469244003295898
data/raw/osu_lora/Diff_Days_Indoor_Setup/Day5/Device13/IQ_1.dat,164,12857436,11,4,0,test,diff_days_indoor,5,0,0,0,0,0,0.5629163980484009
data/raw/osu_lora/Diff_Days_Indoor_Setup/Day5/Device13/IQ_1.dat,165,12935835,11,4,0,test,diff_days_indoor,5,0,0,0,0,0,0.4910346567630768
data/raw/osu_lora/Diff_Days_Indoor_Setup/Day5/Device13/IQ_1.dat,166,13014234,11,11,1,test,diff_days_indoor,5,0,0,0,0,0,0.6151971817016602
data/raw/osu_lora/Diff_Days_Indoor_Setup/Day5/Device13/IQ_1.dat,167,13092633,11,4,0,test,diff_days_indoor,5,0,0,0,0,0,0.7711138129234314
data/raw/osu_lora/Diff_Days_Indoor_Setup/Day5/Device13/IQ_1.dat,168,13171032,11,11,1,test,diff_days_indoor,5,0,0,0,0,0,0.42208343744277954
data/raw/osu_lora/Diff_Days_Indoor_Setup/Day5/Device13/IQ_1.dat,169,13249431,11,11,1,test,diff_days_indoor,5,0,0,0,0,0,0.6431835293769836
data/raw/osu_lora/Diff_Days_Indoor_Setup/Day5/Device13/IQ_1.dat,170,13327830,11,11,1,test,diff_days_indoor,5,0,0,0,0,0,0.8310558795928955
data/raw/osu_lora/Diff_Days_Indoor_Setup/Day5/Device13/IQ_1.dat,171,13406229,11,4,0,test,diff_days_indoor,5,0,0,0,0,0,0.19465245306491852
data/raw/osu_lora/Diff_Days_Indoor_Setup/Day5/Device13/IQ_1.dat,172,13484628,11,11,1,test,diff_days_indoor,5,0,0,0,0,0,0.6057270765304565
data/raw/osu_lora/Diff_Days_Indoor_Setup/Day5/Device13/IQ_1.dat,173,13563027,11,4,0,test,diff_days_indoor,5,0,0,0,0,0,0.7747849225997925
data/raw/osu_lora/Diff_Days_Indoor_Setup/Day5/Device13/IQ_1.dat,174,13641426,11,4,0,test,diff_days_indoor,5,0,0,0,0,0,0.35238903760910034
data/raw/osu_lora/Diff_Days_Indoor_Setup/Day5/Device13/IQ_1.dat,175,13719825,11,11,1,test,diff_days_indoor,5,0,0,0,0,0,0.7362932562828064
data/raw/osu_lora/Diff_Days_Indoor_Setup/Day5/Device13/IQ_1.dat,176,13798224,11,22,0,test,diff_days_indoor,5,0,0,0,0,0,0.503665566444397
data/raw/osu_lora/Diff_Days_Indoor_Setup/Day5/Device13/IQ_1.dat,177,13876623,11,4,0,test,diff_days_indoor,5,0,0,0,0,0,0.6792805790901184
data/raw/osu_lora/Diff_Days_Indoor_Setup/Day5/Device13/IQ_1.dat,178,13955022,11,11,1,test,diff_days_indoor,5,0,0,0,0,0,0.6726385951042175
data/raw/osu_lora/Diff_Days_Indoor_Setup/Day5/Device13/IQ_1.dat,179,14033421,11,11,1,test,diff_days_indoor,5,0,0,0,0,0,0.8589743971824646
data/raw/osu_lora/Diff_Days_Indoor_Setup/Day5/Device13/IQ_1.dat,180,14111820,11,11,1,test,diff_days_indoor,5,0,0,0,0,0,0.2951790690422058
data/raw/osu_lora/Diff_Days_Indoor_Setup/Day5/Device13/IQ_1.dat,181,14190219,11,4,0,test,diff_days_indoor,5,0,0,0,0,0,0.6651517748832703
data/raw/osu_lora/Diff_Days_Indoor_Setup/Day5/Device13/IQ_1.dat,182,14268618,11,11,1,test,diff_days_indoor,5,0,0,0,0,0,0.5593173503875732
data/raw/osu_lora/Diff_Days_Indoor_Setup/Day5/Device13/IQ_1.dat,183,14347017,11,11,1,test,diff_days_indoor,5,0,0,0,0,0,0.6861687898635864
data/raw/osu_lora/Diff_Days_Indoor_Setup/Day5/Device13/IQ_1.dat,184,14425416,11,4,0,test,diff_days_indoor,5,0,0,0,0,0,0.7785414457321167
data/raw/osu_lora/Diff_Days_Indoor_Setup/Day5/Device13/IQ_1.dat,185,14503815,11,11,1,test,diff_days_indoor,5,0,0,0,0,0,0.7011288404464722
data/raw/osu_lora/Diff_Days_Indoor_Setup/Day5/Device13/IQ_1.dat,186,14582214,11,4,0,test,diff_days_indoor,5,0,0,0,0,0,0.5527119636535645
data/raw/osu_lora/Diff_Days_Indoor_Setup/Day5/Device13/IQ_1.dat,187,14660613,11,4,0,test,diff_days_indoor,5,0,0,0,0,0,0.48992758989334106
data/raw/osu_lora/Diff_Days_Indoor_Setup/Day5/Device13/IQ_1.dat,188,14739012,11,4,0,test,diff_days_indoor,5,0,0,0,0,0,0.7510677576065063
data/raw/osu_lora/Diff_Days_Indoor_Setup/Day5/Device13/IQ_1.dat,189,14817411,11,4,0,test,diff_days_indoor,5,0,0,0,0,0,0.5059033632278442
data/raw/osu_lora/Diff_Days_Indoor_Setup/Day5/Device13/IQ_1.dat,190,14895810,11,4,0,test,diff_days_indoor,5,0,0,0,0,0,0.4955274760723114
data/raw/osu_lora/Diff_Days_Indoor_Setup/Day5/Device13/IQ_1.dat,191,14974209,11,11,1,test,diff_days_indoor,5,0,0,0,0,0,0.7743637561798096
data/raw/osu_lora/Diff_Days_Indoor_Setup/Day5/Device13/IQ_1.dat,192,15052608,11,11,1,test,diff_days_indoor,5,0,0,0,0,0,0.6285503506660461
data/raw/osu_lora/Diff_Days_Indoor_Setup/Day5/Device13/IQ_1.dat,193,15131007,11,11,1,test,diff_days_indoor,5,0,0,0,0,0,0.8164254426956177
data/raw/osu_lora/Diff_Days_Indoor_Setup/Day5/Device13/IQ_1.dat,194,15209406,11,11,1,test,diff_days_indoor,5,0,0,0,0,0,0.5581139326095581
data/raw/osu_lora/Diff_Days_Indoor_Setup/Day5/Device13/IQ_1.dat,195,15287805,11,14,0,test,diff_days_indoor,5,0,0,0,0,0,0.45628592371940613
data/raw/osu_lora/Diff_Days_Indoor_Setup/Day5/Device13/IQ_1.dat,196,15366204,11,4,0,test,diff_days_indoor,5,0,0,0,0,0,0.5393162965774536
data/raw/osu_lora/Diff_Days_Indoor_Setup/Day5/Device13/IQ_1.dat,197,15444603,11,11,1,test,diff_days_indoor,5,0,0,0,0,0,0.516464352607727
data/raw/osu_lora/Diff_Days_Indoor_Setup/Day5/Device13/IQ_1.dat,198,15523002,11,4,0,test,diff_days_indoor,5,0,0,0,0,0,0.6865546107292175
data/raw/osu_lora/Diff_Days_Indoor_Setup/Day5/Device13/IQ_1.dat,199,15601401,11,11,1,test,diff_days_indoor,5,0,0,0,0,0,0.7492619752883911
data/raw/osu_lora/Diff_Days_Indoor_Setup/Day5/Device13/IQ_1.dat,200,15679800,11,11,1,test,diff_days_indoor,5,0,0,0,0,0,0.6752141714096069
data/raw/osu_lora/Diff_Days_Indoor_Setup/Day5/Device13/IQ_1.dat,201,15758199,11,4,0,test,diff_days_indoor,5,0,0,0,0,0,0.6194989681243896
data/raw/osu_lora/Diff_Days_Indoor_Setup/Day5/Device13/IQ_1.dat,202,15836598,11,4,0,test,diff_days_indoor,5,0,0,0,0,0,0.55722576379776
data/raw/osu_lora/Diff_Days_Indoor_Setup/Day5/Device13/IQ_1.dat,203,15914997,11,4,0,test,diff_days_indoor,5,0,0,0,0,0,0.7698429822921753
data/raw/osu_lora/Diff_Days_Indoor_Setup/Day5/Device13/IQ_1.dat,204,15993396,11,4,0,test,diff_days_indoor,5,0,0,0,0,0,0.3388744592666626
data/raw/osu_lora/Diff_Days_Indoor_Setup/Day5/Device13/IQ_1.dat,205,16071795,11,4,0,test,diff_days_indoor,5,0,0,0,0,0,0.706797182559967
data/raw/osu_lora/Diff_Days_Indoor_Setup/Day5/Device13/IQ_1.dat,206,16150194,11,12,0,test,diff_days_indoor,5,0,0,0,0,0,0.313201904296875
data/raw/osu_lora/Diff_Days_Indoor_Setup/Day5/Device13/IQ_1.dat,207,16228593,11,14,0,test,diff_days_indoor,5,0,0,0,0,0,0.38306427001953125
data/raw/osu_lora/Diff_Days_Indoor_Setup/Day5/Device13/IQ_1.dat,208,16306992,11,4,0,test,diff_days_indoor,5,0,0,0,0,0,0.7817001938819885
data/raw/osu_lora/Diff_Days_Indoor_Setup/Day5/Device13/IQ_1.dat,209,16385391,11,14,0,test,diff_days_indoor,5,0,0,0,0,0,0.30266430974006653
data/raw/osu_lora/Diff_Days_Indoor_Setup/Day5/Device13/IQ_1.dat,210,16463790,11,22,0,test,diff_days_indoor,5,0,0,0,0,0,0.6278567314147949
data/raw/osu_lora/Diff_Days_Indoor_Setup/Day5/Device13/IQ_1.dat,211,16542189,11,4,0,test,diff_days_indoor,5,0,0,0,0,0,0.5329442620277405
data/raw/osu_lora/Diff_Days_Indoor_Setup/Day5/Device13/IQ_1.dat,212,16620588,11,4,0,test,diff_days_indoor,5,0,0,0,0,0,0.5200807452201843
data/raw/osu_lora/Diff_Days_Indoor_Setup/Day5/Device13/IQ_1.dat,213,16698987,11,11,1,test,diff_days_indoor,5,0,0,0,0,0,0.7962985634803772
data/raw/osu_lora/Diff_Days_Indoor_Setup/Day5/Device13/IQ_1.dat,214,16777386,11,4,0,test,diff_days_indoor,5,0,0,0,0,0,0.5815727114677429
data/raw/osu_lora/Diff_Days_Indoor_Setup/Day5/Device13/IQ_1.dat,215,16855785,11,11,1,test,diff_days_indoor,5,0,0,0,0,0,0.3067297041416168
data/raw/osu_lora/Diff_Days_Indoor_Setup/Day5/Device13/IQ_1.dat,216,16934184,11,11,1,test,diff_days_indoor,5,0,0,0,0,0,0.44273850321769714
data/raw/osu_lora/Diff_Days_Indoor_Setup/Day5/Device13/IQ_1.dat,217,17012583,11,11,1,test,diff_days_indoor,5,0,0,0,0,0,0.5605443716049194
data/raw/osu_lora/Diff_Days_Indoor_Setup/Day5/Device13/IQ_1.dat,218,17090982,11,4,0,test,diff_days_indoor,5,0,0,0,0,0,0.5892755389213562
data/raw/osu_lora/Diff_Days_Indoor_Setup/Day5/Device13/IQ_1.dat,219,17169381,11,4,0,test,diff_days_indoor,5,0,0,0,0,0,0.565963089466095
data/raw/osu_lora/Diff_Days_Indoor_Setup/Day5/Device13/IQ_1.dat,220,17247780,11,11,1,test,diff_days_indoor,5,0,0,0,0,0,0.8174101710319519
data/raw/osu_lora/Diff_Days_Indoor_Setup/Day5/Device13/IQ_1.dat,221,17326179,11,9,0,test,diff_days_indoor,5,0,0,0,0,0,0.11428327113389969
data/raw/osu_lora/Diff_Days_Indoor_Setup/Day5/Device13/IQ_1.dat,222,17404578,11,4,0,test,diff_days_indoor,5,0,0,0,0,0,0.4637872576713562
data/raw/osu_lora/Diff_Days_Indoor_Setup/Day5/Device13/IQ_1.dat,223,17482977,11,11,1,test,diff_days_indoor,5,0,0,0,0,0,0.4718737006187439
data/raw/osu_lora/Diff_Days_Indoor_Setup/Day5/Device13/IQ_1.dat,224,17561376,11,11,1,test,diff_days_indoor,5,0,0,0,0,0,0.3615187704563141
data/raw/osu_lora/Diff_Days_Indoor_Setup/Day5/Device13/IQ_1.dat,225,17639775,11,11,1,test,diff_days_indoor,5,0,0,0,0,0,0.7953387498855591
data/raw/osu_lora/Diff_Days_Indoor_Setup/Day5/Device13/IQ_1.dat,226,17718174,11,4,0,test,diff_days_indoor,5,0,0,0,0,0,0.8362857699394226
data/raw/osu_lora/Diff_Days_Indoor_Setup/Day5/Device13/IQ_1.dat,227,17796573,11,11,1,test,diff_days_indoor,5,0,0,0,0,0,0.6265568733215332
data/raw/osu_lora/Diff_Days_Indoor_Setup/Day5/Device13/IQ_1.dat,228,17874972,11,11,1,test,diff_days_indoor,5,0,0,0,0,0,0.3282945454120636
data/raw/osu_lora/Diff_Days_Indoor_Setup/Day5/Device13/IQ_1.dat,229,17953371,11,4,0,test,diff_days_indoor,5,0,0,0,0,0,0.6325217485427856
data/raw/osu_lora/Diff_Days_Indoor_Setup/Day5/Device13/IQ_1.dat,230,18031770,11,4,0,test,diff_days_indoor,5,0,0,0,0,0,0.6416594386100769
data/raw/osu_lora/Diff_Days_Indoor_Setup/Day5/Device13/IQ_1.dat,231,18110169,11,4,0,test,diff_days_indoor,5,0,0,0,0,0,0.7247013449668884
data/raw/osu_lora/Diff_Days_Indoor_Setup/Day5/Device13/IQ_1.dat,232,18188568,11,11,1,test,diff_days_indoor,5,0,0,0,0,0,0.1706438809633255
data/raw/osu_lora/Diff_Days_Indoor_Setup/Day5/Device13/IQ_1.dat,233,18266967,11,11,1,test,diff_days_indoor,5,0,0,0,0,0,0.6173864006996155
data/raw/osu_lora/Diff_Days_Indoor_Setup/Day5/Device13/IQ_1.dat,234,18345366,11,4,0,test,diff_days_indoor,5,0,0,0,0,0,0.6738399863243103
data/raw/osu_lora/Diff_Days_Indoor_Setup/Day5/Device13/IQ_1.dat,235,18423765,11,4,0,test,diff_days_indoor,5,0,0,0,0,0,0.6311701536178589
data/raw/osu_lora/Diff_Days_Indoor_Setup/Day5/Device13/IQ_1.dat,236,18502164,11,4,0,test,diff_days_indoor,5,0,0,0,0,0,0.42780590057373047
data/raw/osu_lora/Diff_Days_Indoor_Setup/Day5/Device13/IQ_1.dat,237,18580563,11,11,1,test,diff_days_indoor,5,0,0,0,0,0,0.7093175649642944
data/raw/osu_lora/Diff_Days_Indoor_Setup/Day5/Device13/IQ_1.dat,238,18658962,11,11,1,test,diff_days_indoor,5,0,0,0,0,0,0.4350466728210449
data/raw/osu_lora/Diff_Days_Indoor_Setup/Day5/Device13/IQ_1.dat,239,18737361,11,11,1,test,diff_days_indoor,5,0,0,0,0,0,0.6369603872299194
data/raw/osu_lora/Diff_Days_Indoor_Setup/Day5/Device13/IQ_1.dat,240,18815760,11,4,0,test,diff_days_indoor,5,0,0,0,0,0,0.5448024868965149
data/raw/osu_lora/Diff_Days_Indoor_Setup/Day5/Device13/IQ_1.dat,241,18894159,11,4,0,test,diff_days_indoor,5,0,0,0,0,0,0.5347963571548462
data/raw/osu_lora/Diff_Days_Indoor_Setup/Day5/Device13/IQ_1.dat,242,18972558,11,13,0,test,diff_days_indoor,5,0,0,0,0,0,0.26845288276672363
data/raw/osu_lora/Diff_Days_Indoor_Setup/Day5/Device13/IQ_1.dat,243,19050957,11,11,1,test,diff_days_indoor,5,0,0,0,0,0,0.49446532130241394
data/raw/osu_lora/Diff_Days_Indoor_Setup/Day5/Device13/IQ_1.dat,244,19129356,11,11,1,test,diff_days_indoor,5,0,0,0,0,0,0.39336255192756653
data/raw/osu_lora/Diff_Days_Indoor_Setup/Day5/Device13/IQ_1.dat,245,19207755,11,13,0,test,diff_days_indoor,5,0,0,0,0,0,0.3072187602519989
data/raw/osu_lora/Diff_Days_Indoor_Setup/Day5/Device13/IQ_1.dat,246,19286154,11,11,1,test,diff_days_indoor,5,0,0,0,0,0,0.6024568676948547
data/raw/osu_lora/Diff_Days_Indoor_Setup/Day5/Device13/IQ_1.dat,247,19364553,11,4,0,test,diff_days_indoor,5,0,0,0,0,0,0.5071984529495239
data/raw/osu_lora/Diff_Days_Indoor_Setup/Day5/Device13/IQ_1.dat,248,19442952,11,11,1,test,diff_days_indoor,5,0,0,0,0,0,0.751945436000824
data/raw/osu_lora/Diff_Days_Indoor_Setup/Day5/Device13/IQ_1.dat,249,19521351,11,11,1,test,diff_days_indoor,5,0,0,0,0,0,0.7199763059616089
data/raw/osu_lora/Diff_Days_Indoor_Setup/Day5/Device13/IQ_1.dat,250,19599750,11,4,0,test,diff_days_indoor,5,0,0,0,0,0,0.8954609036445618
data/raw/osu_lora/Diff_Days_Indoor_Setup/Day5/Device13/IQ_1.dat,251,19678149,11,11,1,test,diff_days_indoor,5,0,0,0,0,0,0.5566121339797974
data/raw/osu_lora/Diff_Days_Indoor_Setup/Day5/Device13/IQ_1.dat,252,19756548,11,11,1,test,diff_days_indoor,5,0,0,0,0,0,0.6046174168586731
data/raw/osu_lora/Diff_Days_Indoor_Setup/Day5/Device13/IQ_1.dat,253,19834947,11,4,0,test,diff_days_indoor,5,0,0,0,0,0,0.6367537379264832
data/raw/osu_lora/Diff_Days_Indoor_Setup/Day5/Device13/IQ_1.dat,254,19913346,11,11,1,test,diff_days_indoor,5,0,0,0,0,0,0.6240859031677246
data/raw/osu_lora/Diff_Days_Indoor_Setup/Day5/Device13/IQ_1.dat,255,19991745,11,11,1,test,diff_days_indoor,5,0,0,0,0,0,0.5498623251914978
data/raw/osu_lora/Diff_Days_Indoor_Setup/Day5/Device14/IQ_1.dat,0,0,12,12,1,test,diff_days_indoor,5,0,0,0,0,0,0.2491403967142105
data/raw/osu_lora/Diff_Days_Indoor_Setup/Day5/Device14/IQ_1.dat,1,78399,12,13,0,test,diff_days_indoor,5,0,0,0,0,0,0.29160991311073303
data/raw/osu_lora/Diff_Days_Indoor_Setup/Day5/Device14/IQ_1.dat,2,156798,12,7,0,test,diff_days_indoor,5,0,0,0,0,0,0.2185993194580078
data/raw/osu_lora/Diff_Days_Indoor_Setup/Day5/Device14/IQ_1.dat,3,235197,12,13,0,test,diff_days_indoor,5,0,0,0,0,0,0.26357460021972656
data/raw/osu_lora/Diff_Days_Indoor_Setup/Day5/Device14/IQ_1.dat,4,313596,12,12,1,test,diff_days_indoor,5,0,0,0,0,0,0.35248395800590515
data/raw/osu_lora/Diff_Days_Indoor_Setup/Day5/Device14/IQ_1.dat,5,391995,12,12,1,test,diff_days_indoor,5,0,0,0,0,0,0.31796151399612427
data/raw/osu_lora/Diff_Days_Indoor_Setup/Day5/Device14/IQ_1.dat,6,470394,12,7,0,test,diff_days_indoor,5,0,0,0,0,0,0.24245689809322357
data/raw/osu_lora/Diff_Days_Indoor_Setup/Day5/Device14/IQ_1.dat,7,548793,12,12,1,test,diff_days_indoor,5,0,0,0,0,0,0.3472248613834381
data/raw/osu_lora/Diff_Days_Indoor_Setup/Day5/Device14/IQ_1.dat,8,627192,12,13,0,test,diff_days_indoor,5,0,0,0,0,0,0.20146171748638153
data/raw/osu_lora/Diff_Days_Indoor_Setup/Day5/Device14/IQ_1.dat,9,705591,12,13,0,test,diff_days_indoor,5,0,0,0,0,0,0.2902151644229889
data/raw/osu_lora/Diff_Days_Indoor_Setup/Day5/Device14/IQ_1.dat,10,783990,12,17,0,test,diff_days_indoor,5,0,0,0,0,0,0.15455235540866852
data/raw/osu_lora/Diff_Days_Indoor_Setup/Day5/Device14/IQ_1.dat,11,862389,12,16,0,test,diff_days_indoor,5,0,0,0,0,0,0.34250959753990173
data/raw/osu_lora/Diff_Days_Indoor_Setup/Day5/Device14/IQ_1.dat,12,940788,12,7,0,test,diff_days_indoor,5,0,0,0,0,0,0.39537614583969116
data/raw/osu_lora/Diff_Days_Indoor_Setup/Day5/Device14/IQ_1.dat,13,1019187,12,17,0,test,diff_days_indoor,5,0,0,0,0,0,0.1663740873336792
data/raw/osu_lora/Diff_Days_Indoor_Setup/Day5/Device14/IQ_1.dat,14,1097586,12,18,0,test,diff_days_indoor,5,0,0,0,0,0,0.30446338653564453
data/raw/osu_lora/Diff_Days_Indoor_Setup/Day5/Device14/IQ_1.dat,15,1175985,12,13,0,test,diff_days_indoor,5,0,0,0,0,0,0.18602244555950165
data/raw/osu_lora/Diff_Days_Indoor_Setup/Day5/Device14/IQ_1.dat,16,1254384,12,12,1,test,diff_days_indoor,5,0,0,0,0,0,0.31581640243530273
data/raw/osu_lora/Diff_Days_Indoor_Setup/Day5/Device14/IQ_1.dat,17,1332783,12,12,1,test,diff_days_indoor,5,0,0,0,0,0,0.30939042568206787
data/raw/osu_lora/Diff_Days_Indoor_Setup/Day5/Device14/IQ_1.dat,18,1411182,12,12,1,test,diff_days_indoor,5,0,0,0,0,0,0.22559486329555511
data/raw/osu_lora/Diff_Days_Indoor_Setup/Day5/Device14/IQ_1.dat,19,1489581,12,22,0,test,diff_days_indoor,5,0,0,0,0,0,0.2904190421104431
data/raw/osu_lora/Diff_Days_Indoor_Setup/Day5/Device14/IQ_1.dat,20,1567980,12,12,1,test,diff_days_indoor,5,0,0,0,0,0,0.25638070702552795
data/raw/osu_lora/Diff_Days_Indoor_Setup/Day5/Device14/IQ_1.dat,21,1646379,12,12,1,test,diff_days_indoor,5,0,0,0,0,0,0.315080851316452
data/raw/osu_lora/Diff_Days_Indoor_Setup/Day5/Device14/IQ_1.dat,22,1724778,12,12,1,test,diff_days_indoor,5,0,0,0,0,0,0.23553940653800964
data/raw/osu_lora/Diff_Days_Indoor_Setup/Day5/Device14/IQ_1.dat,23,1803177,12,13,0,test,diff_days_indoor,5,0,0,0,0,0,0.2574395537376404
data/raw/osu_lora/Diff_Days_Indoor_Setup/Day5/Device14/IQ_1.dat,24,1881576,12,12,1,test,diff_days_indoor,5,0,0,0,0,0,0.26329708099365234
data/raw/osu_lora/Diff_Days_Indoor_Setup/Day5/Device14/IQ_1.dat,25,1959975,12,12,1,test,diff_days_indoor,5,0,0,0,0,0,0.3613583743572235
data/raw/osu_lora/Diff_Days_Indoor_Setup/Day5/Device14/IQ_1.dat,26,2038374,12,7,0,test,diff_days_indoor,5,0,0,0,0,0,0.33095917105674744
data/raw/osu_lora/Diff_Days_Indoor_Setup/Day5/Device14/IQ_1.dat,27,2116773,12,12,1,test,diff_days_indoor,5,0,0,0,0,0,0.392537385225296
data/raw/osu_lora/Diff_Days_Indoor_Setup/Day5/Device14/IQ_1.dat,28,2195172,12,13,0,test,diff_days_indoor,5,0,0,0,0,0,0.41697266697883606
data/raw/osu_lora/Diff_Days_Indoor_Setup/Day5/Device14/IQ_1.dat,29,2273571,12,13,0,test,diff_days_indoor,5,0,0,0,0,0,0.35862016677856445
data/raw/osu_lora/Diff_Days_Indoor_Setup/Day5/Device14/IQ_1.dat,30,2351970,12,13,0,test,diff_days_indoor,5,0,0,0,0,0,0.3510148525238037
data/raw/osu_lora/Diff_Days_Indoor_Setup/Day5/Device14/IQ_1.dat,31,2430369,12,13,0,test,diff_days_indoor,5,0,0,0,0,0,0.22830207645893097
data/raw/osu_lora/Diff_Days_Indoor_Setup/Day5/Device14/IQ_1.dat,32,2508768,12,17,0,test,diff_days_indoor,5,0,0,0,0,0,0.16756515204906464
data/raw/osu_lora/Diff_Days_Indoor_Setup/Day5/Device14/IQ_1.dat,33,2587167,12,7,0,test,diff_days_indoor,5,0,0,0,0,0,0.19365882873535156
data/raw/osu_lora/Diff_Days_Indoor_Setup/Day5/Device14/IQ_1.dat,34,2665566,12,13,0,test,diff_days_indoor,5,0,0,0,0,0,0.21801018714904785
data/raw/osu_lora/Diff_Days_Indoor_Setup/Day5/Device14/IQ_1.dat,35,2743965,12,16,0,test,diff_days_indoor,5,0,0,0,0,0,0.18935526907444
data/raw/osu_lora/Diff_Days_Indoor_Setup/Day5/Device14/IQ_1.dat,36,2822364,12,13,0,test,diff_days_indoor,5,0,0,0,0,0,0.3041022717952728
data/raw/osu_lora/Diff_Days_Indoor_Setup/Day5/Device14/IQ_1.dat,37,2900763,12,13,0,test,diff_days_indoor,5,0,0,0,0,0,0.24329140782356262
data/raw/osu_lora/Diff_Days_Indoor_Setup/Day5/Device14/IQ_1.dat,38,2979162,12,10,0,test,diff_days_indoor,5,0,0,0,0,0,0.2735312581062317
data/raw/osu_lora/Diff_Days_Indoor_Setup/Day5/Device14/IQ_1.dat,39,3057561,12,9,0,test,diff_days_indoor,5,0,0,0,0,0,0.1346510648727417
data/raw/osu_lora/Diff_Days_Indoor_Setup/Day5/Device14/IQ_1.dat,40,3135960,12,12,1,test,diff_days_indoor,5,0,0,0,0,0,0.356662780046463
data/raw/osu_lora/Diff_Days_Indoor_Setup/Day5/Device14/IQ_1.dat,41,3214359,12,12,1,test,diff_days_indoor,5,0,0,0,0,0,0.35461413860321045
data/raw/osu_lora/Diff_Days_Indoor_Setup/Day5/Device14/IQ_1.dat,42,3292758,12,6,0,test,diff_days_indoor,5,0,0,0,0,0,0.31827878952026367
data/raw/osu_lora/Diff_Days_Indoor_Setup/Day5/Device14/IQ_1.dat,43,3371157,12,12,1,test,diff_days_indoor,5,0,0,0,0,0,0.24308539927005768
data/raw/osu_lora/Diff_Days_Indoor_Setup/Day5/Device14/IQ_1.dat,44,3449556,12,13,0,test,diff_days_indoor,5,0,0,0,0,0,0.2760387063026428
data/raw/osu_lora/Diff_Days_Indoor_Setup/Day5/Device14/IQ_1.dat,45,3527955,12,12,1,test,diff_days_indoor,5,0,0,0,0,0,0.3499282896518707
data/raw/osu_lora/Diff_Days_Indoor_Setup/Day5/Device14/IQ_1.dat,46,3606354,12,10,0,test,diff_days_indoor,5,0,0,0,0,0,0.16551564633846283
data/raw/osu_lora/Diff_Days_Indoor_Setup/Day5/Device14/IQ_1.dat,47,3684753,12,12,1,test,diff_days_indoor,5,0,0,0,0,0,0.12178738415241241
data/raw/osu_lora/Diff_Days_Indoor_Setup/Day5/Device14/IQ_1.dat,48,3763152,12,13,0,test,diff_days_indoor,5,0,0,0,0,0,0.2847980856895447
data/raw/osu_lora/Diff_Days_Indoor_Setup/Day5/Device14/IQ_1.dat,49,3841551,12,17,0,test,diff_days_indoor,5,0,0,0,0,0,0.28684201836586
data/raw/osu_lora/Diff_Days_Indoor_Setup/Day5/Device14/IQ_1.dat,50,3919950,12,12,1,test,diff_days_indoor,5,0,0,0,0,0,0.21447151899337769
data/raw/osu_lora/Diff_Days_Indoor_Setup/Day5/Device14/IQ_1.dat,51,3998349,12,12,1,test,diff_days_indoor,5,0,0,0,0,0,0.1797097772359848
data/raw/osu_lora/Diff_Days_Indoor_Setup/Day5/Device14/IQ_1.dat,52,4076748,12,13,0,test,diff_days_indoor,5,0,0,0,0,0,0.20153141021728516
data/raw/osu_lora/Diff_Days_Indoor_Setup/Day5/Device14/IQ_1.dat,53,4155147,12,16,0,test,diff_days_indoor,5,0,0,0,0,0,0.22667798399925232
data/raw/osu_lora/Diff_Days_Indoor_Setup/Day5/Device14/IQ_1.dat,54,4233546,12,19,0,test,diff_days_indoor,5,0,0,0,0,0,0.2264643907546997
data/raw/osu_lora/Diff_Days_Indoor_Setup/Day5/Device14/IQ_1.dat,55,4311945,12,12,1,test,diff_days_indoor,5,0,0,0,0,0,0.3598984479904175
data/raw/osu_lora/Diff_Days_Indoor_Setup/Day5/Device14/IQ_1.dat,56,4390344,12,13,0,test,diff_days_indoor,5,0,0,0,0,0,0.25391265749931335
data/raw/osu_lora/Diff_Days_Indoor_Setup/Day5/Device14/IQ_1.dat,57,4468743,12,7,0,test,diff_days_indoor,5,0,0,0,0,0,0.17997364699840546
data/raw/osu_lora/Diff_Days_Indoor_Setup/Day5/Device14/IQ_1.dat,58,4547142,12,12,1,test,diff_days_indoor,5,0,0,0,0,0,0.39507240056991577
data/raw/osu_lora/Diff_Days_Indoor_Setup/Day5/Device14/IQ_1.dat,59,4625541,12,10,0,test,diff_days_indoor,5,0,0,0,0,0,0.2964343726634979
data/raw/osu_lora/Diff_Days_Indoor_Setup/Day5/Device14/IQ_1.dat,60,4703940,12,12,1,test,diff_days_indoor,5,0,0,0,0,0,0.42512407898902893
data/raw/osu_lora/Diff_Days_Indoor_Setup/Day5/Device14/IQ_1.dat,61,4782339,12,12,1,test,diff_days_indoor,5,0,0,0,0,0,0.3066483736038208
data/raw/osu_lora/Diff_Days_Indoor_Setup/Day5/Device14/IQ_1.dat,62,4860738,12,12,1,test,diff_days_indoor,5,0,0,0,0,0,0.20222251117229462
data/raw/osu_lora/Diff_Days_Indoor_Setup/Day5/Device14/IQ_1.dat,63,4939137,12,21,0,test,diff_days_indoor,5,0,0,0,0,0,0.17472891509532928
data/raw/osu_lora/Diff_Days_Indoor_Setup/Day5/Device14/IQ_1.dat,64,5017536,12,12,1,test,diff_days_indoor,5,0,0,0,0,0,0.2395906150341034
data/raw/osu_lora/Diff_Days_Indoor_Setup/Day5/Device14/IQ_1.dat,65,5095935,12,12,1,test,diff_days_indoor,5,0,0,0,0,0,0.38449105620384216
data/raw/osu_lora/Diff_Days_Indoor_Setup/Day5/Device14/IQ_1.dat,66,5174334,12,18,0,test,diff_days_indoor,5,0,0,0,0,0,0.19406211376190186
data/raw/osu_lora/Diff_Days_Indoor_Setup/Day5/Device14/IQ_1.dat,67,5252733,12,12,1,test,diff_days_indoor,5,0,0,0,0,0,0.1818726509809494
data/raw/osu_lora/Diff_Days_Indoor_Setup/Day5/Device14/IQ_1.dat,68,5331132,12,12,1,test,diff_days_indoor,5,0,0,0,0,0,0.15813028812408447
data/raw/osu_lora/Diff_Days_Indoor_Setup/Day5/Device14/IQ_1.dat,69,5409531,12,15,0,test,diff_days_indoor,5,0,0,0,0,0,0.22814489901065826
data/raw/osu_lora/Diff_Days_Indoor_Setup/Day5/Device14/IQ_1.dat,70,5487930,12,12,1,test,diff_days_indoor,5,0,0,0,0,0,0.25886842608451843
data/raw/osu_lora/Diff_Days_Indoor_Setup/Day5/Device14/IQ_1.dat,71,5566329,12,12,1,test,diff_days_indoor,5,0,0,0,0,0,0.28572553396224976
data/raw/osu_lora/Diff_Days_Indoor_Setup/Day5/Device14/IQ_1.dat,72,5644728,12,12,1,test,diff_days_indoor,5,0,0,0,0,0,0.3086259365081787
data/raw/osu_lora/Diff_Days_Indoor_Setup/Day5/Device14/IQ_1.dat,73,5723127,12,17,0,test,diff_days_indoor,5,0,0,0,0,0,0.309687077999115
data/raw/osu_lora/Diff_Days_Indoor_Setup/Day5/Device14/IQ_1.dat,74,5801526,12,12,1,test,diff_days_indoor,5,0,0,0,0,0,0.2449979931116104
data/raw/osu_lora/Diff_Days_Indoor_Setup/Day5/Device14/IQ_1.dat,75,5879925,12,7,0,test,diff_days_indoor,5,0,0,0,0,0,0.1883796900510788
data/raw/osu_lora/Diff_Days_Indoor_Setup/Day5/Device14/IQ_1.dat,76,5958324,12,16,0,test,diff_days_indoor,5,0,0,0,0,0,0.28548160195350647
data/raw/osu_lora/Diff_Days_Indoor_Setup/Day5/Device14/IQ_1.dat,77,6036723,12,13,0,test,diff_days_indoor,5,0,0,0,0,0,0.32817113399505615
data/raw/osu_lora/Diff_Days_Indoor_Setup/Day5/Device14/IQ_1.dat,78,6115122,12,13,0,test,diff_days_indoor,5,0,0,0,0,0,0.2105788290500641
data/raw/osu_lora/Diff_Days_Indoor_Setup/Day5/Device14/IQ_1.dat,79,6193521,12,13,0,test,diff_days_indoor,5,0,0,0,0,0,0.19280123710632324
data/raw/osu_lora/Diff_Days_Indoor_Setup/Day5/Device14/IQ_1.dat,80,6271920,12,13,0,test,diff_days_indoor,5,0,0,0,0,0,0.17422643303871155
data/raw/osu_lora/Diff_Days_Indoor_Setup/Day5/Device14/IQ_1.dat,81,6350319,12,22,0,test,diff_days_indoor,5,0,0,0,0,0,0.19824379682540894
data/raw/osu_lora/Diff_Days_Indoor_Setup/Day5/Device14/IQ_1.dat,82,6428718,12,12,1,test,diff_days_indoor,5,0,0,0,0,0,0.2935411334037781
data/raw/osu_lora/Diff_Days_Indoor_Setup/Day5/Device14/IQ_1.dat,83,6507117,12,12,1,test,diff_days_indoor,5,0,0,0,0,0,0.30215194821357727
data/raw/osu_lora/Diff_Days_Indoor_Setup/Day5/Device14/IQ_1.dat,84,6585516,12,12,1,test,diff_days_indoor,5,0,0,0,0,0,0.35660743713378906
data/raw/osu_lora/Diff_Days_Indoor_Setup/Day5/Device14/IQ_1.dat,85,6663915,12,13,0,test,diff_days_indoor,5,0,0,0,0,0,0.27677303552627563
data/raw/osu_lora/Diff_Days_Indoor_Setup/Day5/Device14/IQ_1.dat,86,6742314,12,11,0,test,diff_days_indoor,5,0,0,0,0,0,0.10217169672250748
data/raw/osu_lora/Diff_Days_Indoor_Setup/Day5/Device14/IQ_1.dat,87,6820713,12,12,1,test,diff_days_indoor,5,0,0,0,0,0,0.2158774584531784
data/raw/osu_lora/Diff_Days_Indoor_Setup/Day5/Device14/IQ_1.dat,88,6899112,12,12,1,test,diff_days_indoor,5,0,0,0,0,0,0.2730729579925537
data/raw/osu_lora/Diff_Days_Indoor_Setup/Day5/Device14/IQ_1.dat,89,6977511,12,19,0,test,diff_days_indoor,5,0,0,0,0,0,0.1200249195098877
data/raw/osu_lora/Diff_Days_Indoor_Setup/Day5/Device14/IQ_1.dat,90,7055910,12,7,0,test,diff_days_indoor,5,0,0,0,0,0,0.239105686545372
data/raw/osu_lora/Diff_Days_Indoor_Setup/Day5/Device14/IQ_1.dat,91,7134309,12,12,1,test,diff_days_indoor,5,0,0,0,0,0,0.3744073808193207
data/raw/osu_lora/Diff_Days_Indoor_Setup/Day5/Device14/IQ_1.dat,92,7212708,12,12,1,test,diff_days_indoor,5,0,0,0,0,0,0.32655197381973267
data/raw/osu_lora/Diff_Days_Indoor_Setup/Day5/Device14/IQ_1.dat,93,7291107,12,13,0,test,diff_days_indoor,5,0,0,0,0,0,0.22296085953712463
data/raw/osu_lora/Diff_Days_Indoor_Setup/Day5/Device14/IQ_1.dat,94,7369506,12,12,1,test,diff_days_indoor,5,0,0,0,0,0,0.2624686658382416
data/raw/osu_lora/Diff_Days_Indoor_Setup/Day5/Device14/IQ_1.dat,95,7447905,12,13,0,test,diff_days_indoor,5,0,0,0,0,0,0.23610179126262665
data/raw/osu_lora/Diff_Days_Indoor_Setup/Day5/Device14/IQ_1.dat,96,7526304,12,13,0,test,diff_days_indoor,5,0,0,0,0,0,0.20691746473312378
data/raw/osu_lora/Diff_Days_Indoor_Setup/Day5/Device14/IQ_1.dat,97,7604703,12,17,0,test,diff_days_indoor,5,0,0,0,0,0,0.17963671684265137
data/raw/osu_lora/Diff_Days_Indoor_Setup/Day5/Device14/IQ_1.dat,98,7683102,12,13,0,test,diff_days_indoor,5,0,0,0,0,0,0.14539729058742523
data/raw/osu_lora/Diff_Days_Indoor_Setup/Day5/Device14/IQ_1.dat,99,7761501,12,10,0,test,diff_days_indoor,5,0,0,0,0,0,0.2679191529750824
data/raw/osu_lora/Diff_Days_Indoor_Setup/Day5/Device14/IQ_1.dat,100,7839900,12,12,1,test,diff_days_indoor,5,0,0,0,0,0,0.3578747808933258
data/raw/osu_lora/Diff_Days_Indoor_Setup/Day5/Device14/IQ_1.dat,101,7918299,12,12,1,test,diff_days_indoor,5,0,0,0,0,0,0.32615578174591064
data/raw/osu_lora/Diff_Days_Indoor_Setup/Day5/Device14/IQ_1.dat,102,7996698,12,13,0,test,diff_days_indoor,5,0,0,0,0,0,0.19118337333202362
data/raw/osu_lora/Diff_Days_Indoor_Setup/Day5/Device14/IQ_1.dat,103,8075097,12,12,1,test,diff_days_indoor,5,0,0,0,0,0,0.2816822826862335
data/raw/osu_lora/Diff_Days_Indoor_Setup/Day5/Device14/IQ_1.dat,104,8153496,12,13,0,test,diff_days_indoor,5,0,0,0,0,0,0.2906340956687927
data/raw/osu_lora/Diff_Days_Indoor_Setup/Day5/Device14/IQ_1.dat,105,8231895,12,12,1,test,diff_days_indoor,5,0,0,0,0,0,0.2989211678504944
data/raw/osu_lora/Diff_Days_Indoor_Setup/Day5/Device14/IQ_1.dat,106,8310294,12,17,0,test,diff_days_indoor,5,0,0,0,0,0,0.3219456076622009
data/raw/osu_lora/Diff_Days_Indoor_Setup/Day5/Device14/IQ_1.dat,107,8388693,12,12,1,test,diff_days_indoor,5,0,0,0,0,0,0.3861579895019531
data/raw/osu_lora/Diff_Days_Indoor_Setup/Day5/Device14/IQ_1.dat,108,8467092,12,15,0,test,diff_days_indoor,5,0,0,0,0,0,0.2383785992860794
data/raw/osu_lora/Diff_Days_Indoor_Setup/Day5/Device14/IQ_1.dat,109,8545491,12,12,1,test,diff_days_indoor,5,0,0,0,0,0,0.3604884445667267
data/raw/osu_lora/Diff_Days_Indoor_Setup/Day5/Device14/IQ_1.dat,110,8623890,12,13,0,test,diff_days_indoor,5,0,0,0,0,0,0.20139965415000916
data/raw/osu_lora/Diff_Days_Indoor_Setup/Day5/Device14/IQ_1.dat,111,8702289,12,12,1,test,diff_days_indoor,5,0,0,0,0,0,0.3495209515094757
data/raw/osu_lora/Diff_Days_Indoor_Setup/Day5/Device14/IQ_1.dat,112,8780688,12,16,0,test,diff_days_indoor,5,0,0,0,0,0,0.32576891779899597
data/raw/osu_lora/Diff_Days_Indoor_Setup/Day5/Device14/IQ_1.dat,113,8859087,12,13,0,test,diff_days_indoor,5,0,0,0,0,0,0.23124195635318756
data/raw/osu_lora/Diff_Days_Indoor_Setup/Day5/Device14/IQ_1.dat,114,8937486,12,17,0,test,diff_days_indoor,5,0,0,0,0,0,0.2422822117805481
data/raw/osu_lora/Diff_Days_Indoor_Setup/Day5/Device14/IQ_1.dat,115,9015885,12,12,1,test,diff_days_indoor,5,0,0,0,0,0,0.37616267800331116
data/raw/osu_lora/Diff_Days_Indoor_Setup/Day5/Device14/IQ_1.dat,116,9094284,12,12,1,test,diff_days_indoor,5,0,0,0,0,0,0.332312673330307
data/raw/osu_lora/Diff_Days_Indoor_Setup/Day5/Device14/IQ_1.dat,117,9172683,12,13,0,test,diff_days_indoor,5,0,0,0,0,0,0.23704643547534943
data/raw/osu_lora/Diff_Days_Indoor_Setup/Day5/Device14/IQ_1.dat,118,9251082,12,12,1,test,diff_days_indoor,5,0,0,0,0,0,0.24412322044372559
data/raw/osu_lora/Diff_Days_Indoor_Setup/Day5/Device14/IQ_1.dat,119,9329481,12,13,0,test,diff_days_indoor,5,0,0,0,0,0,0.3202819228172302
data/raw/osu_lora/Diff_Days_Indoor_Setup/Day5/Device14/IQ_1.dat,120,9407880,12,23,0,test,diff_days_indoor,5,0,0,0,0,0,0.2648555040359497
data/raw/osu_lora/Diff_Days_Indoor_Setup/Day5/Device14/IQ_1.dat,121,9486279,12,13,0,test,diff_days_indoor,5,0,0,0,0,0,0.17031431198120117
data/raw/osu_lora/Diff_Days_Indoor_Setup/Day5/Device14/IQ_1.dat,122,9564678,12,13,0,test,diff_days_indoor,5,0,0,0,0,0,0.20186643302440643
data/raw/osu_lora/Diff_Days_Indoor_Setup/Day5/Device14/IQ_1.dat,123,9643077,12,13,0,test,diff_days_indoor,5,0,0,0,0,0,0.3944987952709198
data/raw/osu_lora/Diff_Days_Indoor_Setup/Day5/Device14/IQ_1.dat,124,9721476,12,16,0,test,diff_days_indoor,5,0,0,0,0,0,0.33424749970436096
data/raw/osu_lora/Diff_Days_Indoor_Setup/Day5/Device14/IQ_1.dat,125,9799875,12,13,0,test,diff_days_indoor,5,0,0,0,0,0,0.2625897228717804
data/raw/osu_lora/Diff_Days_Indoor_Setup/Day5/Device14/IQ_1.dat,126,9878274,12,7,0,test,diff_days_indoor,5,0,0,0,0,0,0.3087102472782135
data/raw/osu_lora/Diff_Days_Indoor_Setup/Day5/Device14/IQ_1.dat,127,9956673,12,21,0,test,diff_days_indoor,5,0,0,0,0,0,0.18738821148872375
data/raw/osu_lora/Diff_Days_Indoor_Setup/Day5/Device14/IQ_1.dat,128,10035072,12,13,0,test,diff_days_indoor,5,0,0,0,0,0,0.3655405044555664
data/raw/osu_lora/Diff_Days_Indoor_Setup/Day5/Device14/IQ_1.dat,129,10113471,12,12,1,test,diff_days_indoor,5,0,0,0,0,0,0.24902459979057312
data/raw/osu_lora/Diff_Days_Indoor_Setup/Day5/Device14/IQ_1.dat,130,10191870,12,13,0,test,diff_days_indoor,5,0,0,0,0,0,0.232041135430336
data/raw/osu_lora/Diff_Days_Indoor_Setup/Day5/Device14/IQ_1.dat,131,10270269,12,12,1,test,diff_days_indoor,5,0,0,0,0,0,0.2681860327720642
data/raw/osu_lora/Diff_Days_Indoor_Setup/Day5/Device14/IQ_1.dat,132,10348668,12,16,0,test,diff_days_indoor,5,0,0,0,0,0,0.31876853108406067
data/raw/osu_lora/Diff_Days_Indoor_Setup/Day5/Device14/IQ_1.dat,133,10427067,12,17,0,test,diff_days_indoor,5,0,0,0,0,0,0.36250773072242737
data/raw/osu_lora/Diff_Days_Indoor_Setup/Day5/Device14/IQ_1.dat,134,10505466,12,13,0,test,diff_days_indoor,5,0,0,0,0,0,0.2559336721897125
data/raw/osu_lora/Diff_Days_Indoor_Setup/Day5/Device14/IQ_1.dat,135,10583865,12,22,0,test,diff_days_indoor,5,0,0,0,0,0,0.5058908462524414
data/raw/osu_lora/Diff_Days_Indoor_Setup/Day5/Device14/IQ_1.dat,136,10662264,12,13,0,test,diff_days_indoor,5,0,0,0,0,0,0.30026498436927795
data/raw/osu_lora/Diff_Days_Indoor_Setup/Day5/Device14/IQ_1.dat,137,10740663,12,12,1,test,diff_days_indoor,5,0,0,0,0,0,0.3258213996887207
data/raw/osu_lora/Diff_Days_Indoor_Setup/Day5/Device14/IQ_1.dat,138,10819062,12,12,1,test,diff_days_indoor,5,0,0,0,0,0,0.32351154088974
data/raw/osu_lora/Diff_Days_Indoor_Setup/Day5/Device14/IQ_1.dat,139,10897461,12,13,0,test,diff_days_indoor,5,0,0,0,0,0,0.3889460861682892
data/raw/osu_lora/Diff_Days_Indoor_Setup/Day5/Device14/IQ_1.dat,140,10975860,12,12,1,test,diff_days_indoor,5,0,0,0,0,0,0.3008395731449127
data/raw/osu_lora/Diff_Days_Indoor_Setup/Day5/Device14/IQ_1.dat,141,11054259,12,16,0,test,diff_days_indoor,5,0,0,0,0,0,0.2215043306350708
data/raw/osu_lora/Diff_Days_Indoor_Setup/Day5/Device14/IQ_1.dat,142,11132658,12,13,0,test,diff_days_indoor,5,0,0,0,0,0,0.18602941930294037
data/raw/osu_lora/Diff_Days_Indoor_Setup/Day5/Device14/IQ_1.dat,143,11211057,12,13,0,test,diff_days_indoor,5,0,0,0,0,0,0.2776205837726593
data/raw/osu_lora/Diff_Days_Indoor_Setup/Day5/Device14/IQ_1.dat,144,11289456,12,16,0,test,diff_days_indoor,5,0,0,0,0,0,0.24965590238571167
data/raw/osu_lora/Diff_Days_Indoor_Setup/Day5/Device14/IQ_1.dat,145,11367855,12,16,0,test,diff_days_indoor,5,0,0,0,0,0,0.2745944857597351
data/raw/osu_lora/Diff_Days_Indoor_Setup/Day5/Device14/IQ_1.dat,146,11446254,12,13,0,test,diff_days_indoor,5,0,0,0,0,0,0.30273595452308655
data/raw/osu_lora/Diff_Days_Indoor_Setup/Day5/Device14/IQ_1.dat,147,11524653,12,18,0,test,diff_days_indoor,5,0,0,0,0,0,0.23840656876564026
data/raw/osu_lora/Diff_Days_Indoor_Setup/Day5/Device14/IQ_1.dat,148,11603052,12,12,1,test,diff_days_indoor,5,0,0,0,0,0,0.31729552149772644
data/raw/osu_lora/Diff_Days_Indoor_Setup/Day5/Device14/IQ_1.dat,149,11681451,12,16,0,test,diff_days_indoor,5,0,0,0,0,0,0.2584216892719269
data/raw/osu_lora/Diff_Days_Indoor_Setup/Day5/Device14/IQ_1.dat,150,11759850,12,12,1,test,diff_days_indoor,5,0,0,0,0,0,0.32895904779434204
data/raw/osu_lora/Diff_Days_Indoor_Setup/Day5/Device14/IQ_1.dat,151,11838249,12,13,0,test,diff_days_indoor,5,0,0,0,0,0,0.24461455643177032
data/raw/osu_lora/Diff_Days_Indoor_Setup/Day5/Device14/IQ_1.dat,152,11916648,12,13,0,test,diff_days_indoor,5,0,0,0,0,0,0.1943330019712448
data/raw/osu_lora/Diff_Days_Indoor_Setup/Day5/Device14/IQ_1.dat,153,11995047,12,12,1,test,diff_days_indoor,5,0,0,0,0,0,0.25054866075515747
data/raw/osu_lora/Diff_Days_Indoor_Setup/Day5/Device14/IQ_1.dat,154,12073446,12,13,0,test,diff_days_indoor,5,0,0,0,0,0,0.25403892993927
data/raw/osu_lora/Diff_Days_Indoor_Setup/Day5/Device14/IQ_1.dat,155,12151845,12,13,0,test,diff_days_indoor,5,0,0,0,0,0,0.2430693507194519
data/raw/osu_lora/Diff_Days_Indoor_Setup/Day5/Device14/IQ_1.dat,156,12230244,12,5,0,test,diff_days_indoor,5,0,0,0,0,0,0.5573862791061401
data/raw/osu_lora/Diff_Days_Indoor_Setup/Day5/Device14/IQ_1.dat,157,12308643,12,12,1,test,diff_days_indoor,5,0,0,0,0,0,0.3149890899658203
data/raw/osu_lora/Diff_Days_Indoor_Setup/Day5/Device14/IQ_1.dat,158,12387042,12,19,0,test,diff_days_indoor,5,0,0,0,0,0,0.19131575524806976
data/raw/osu_lora/Diff_Days_Indoor_Setup/Day5/Device14/IQ_1.dat,159,12465441,12,9,0,test,diff_days_indoor,5,0,0,0,0,0,0.1249571144580841
data/raw/osu_lora/Diff_Days_Indoor_Setup/Day5/Device14/IQ_1.dat,160,12543840,12,12,1,test,diff_days_indoor,5,0,0,0,0,0,0.2927266061306
data/raw/osu_lora/Diff_Days_Indoor_Setup/Day5/Device14/IQ_1.dat,161,12622239,12,17,0,test,diff_days_indoor,5,0,0,0,0,0,0.29771101474761963
data/raw/osu_lora/Diff_Days_Indoor_Setup/Day5/Device14/IQ_1.dat,162,12700638,12,13,0,test,diff_days_indoor,5,0,0,0,0,0,0.19755622744560242
data/raw/osu_lora/Diff_Days_Indoor_Setup/Day5/Device14/IQ_1.dat,163,12779037,12,13,0,test,diff_days_indoor,5,0,0,0,0,0,0.2743884027004242
data/raw/osu_lora/Diff_Days_Indoor_Setup/Day5/Device14/IQ_1.dat,164,12857436,12,12,1,test,diff_days_indoor,5,0,0,0,0,0,0.3049843907356262
data/raw/osu_lora/Diff_Days_Indoor_Setup/Day5/Device14/IQ_1.dat,165,12935835,12,19,0,test,diff_days_indoor,5,0,0,0,0,0,0.16182348132133484
data/raw/osu_lora/Diff_Days_Indoor_Setup/Day5/Device14/IQ_1.dat,166,13014234,12,12,1,test,diff_days_indoor,5,0,0,0,0,0,0.21088245511054993
data/raw/osu_lora/Diff_Days_Indoor_Setup/Day5/Device14/IQ_1.dat,167,13092633,12,10,0,test,diff_days_indoor,5,0,0,0,0,0,0.4116467237472534
data/raw/osu_lora/Diff_Days_Indoor_Setup/Day5/Device14/IQ_1.dat,168,13171032,12,13,0,test,diff_days_indoor,5,0,0,0,0,0,0.27766379714012146
data/raw/osu_lora/Diff_Days_Indoor_Setup/Day5/Device14/IQ_1.dat,169,13249431,12,7,0,test,diff_days_indoor,5,0,0,0,0,0,0.24639064073562622
data/raw/osu_lora/Diff_Days_Indoor_Setup/Day5/Device14/IQ_1.dat,170,13327830,12,14,0,test,diff_days_indoor,5,0,0,0,0,0,0.2425074726343155
data/raw/osu_lora/Diff_Days_Indoor_Setup/Day5/Device14/IQ_1.dat,171,13406229,12,22,0,test,diff_days_indoor,5,0,0,0,0,0,0.22163820266723633
data/raw/osu_lora/Diff_Days_Indoor_Setup/Day5/Device14/IQ_1.dat,172,13484628,12,7,0,test,diff_days_indoor,5,0,0,0,0,0,0.2091037780046463
data/raw/osu_lora/Diff_Days_Indoor_Setup/Day5/Device14/IQ_1.dat,173,13563027,12,12,1,test,diff_days_indoor,5,0,0,0,0,0,0.3437865078449249
data/raw/osu_lora/Diff_Days_Indoor_Setup/Day5/Device14/IQ_1.dat,174,13641426,12,17,0,test,diff_days_indoor,5,0,0,0,0,0,0.1744084656238556
data/raw/osu_lora/Diff_Days_Indoor_Setup/Day5/Device14/IQ_1.dat,175,13719825,12,12,1,test,diff_days_indoor,5,0,0,0,0,0,0.3337259888648987
data/raw/osu_lora/Diff_Days_Indoor_Setup/Day5/Device14/IQ_1.dat,176,13798224,12,16,0,test,diff_days_indoor,5,0,0,0,0,0,0.27612611651420593
data/raw/osu_lora/Diff_Days_Indoor_Setup/Day5/Device14/IQ_1.dat,177,13876623,12,12,1,test,diff_days_indoor,5,0,0,0,0,0,0.3259166479110718
data/raw/osu_lora/Diff_Days_Indoor_Setup/Day5/Device14/IQ_1.dat,178,13955022,12,13,0,test,diff_days_indoor,5,0,0,0,0,0,0.177386075258255
data/raw/osu_lora/Diff_Days_Indoor_Setup/Day5/Device14/IQ_1.dat,179,14033421,12,17,0,test,diff_days_indoor,5,0,0,0,0,0,0.381862074136734
data/raw/osu_lora/Diff_Days_Indoor_Setup/Day5/Device14/IQ_1.dat,180,14111820,12,12,1,test,diff_days_indoor,5,0,0,0,0,0,0.3722245991230011
data/raw/osu_lora/Diff_Days_Indoor_Setup/Day5/Device14/IQ_1.dat,181,14190219,12,13,0,test,diff_days_indoor,5,0,0,0,0,0,0.27647560834884644
data/raw/osu_lora/Diff_Days_Indoor_Setup/Day5/Device14/IQ_1.dat,182,14268618,12,13,0,test,diff_days_indoor,5,0,0,0,0,0,0.25662025809288025
data/raw/osu_lora/Diff_Days_Indoor_Setup/Day5/Device14/IQ_1.dat,183,14347017,12,10,0,test,diff_days_indoor,5,0,0,0,0,0,0.2007322758436203
data/raw/osu_lora/Diff_Days_Indoor_Setup/Day5/Device14/IQ_1.dat,184,14425416,12,12,1,test,diff_days_indoor,5,0,0,0,0,0,0.3255823850631714
data/raw/osu_lora/Diff_Days_Indoor_Setup/Day5/Device14/IQ_1.dat,185,14503815,12,13,0,test,diff_days_indoor,5,0,0,0,0,0,0.4295528531074524
data/raw/osu_lora/Diff_Days_Indoor_Setup/Day5/Device14/IQ_1.dat,186,14582214,12,4,0,test,diff_days_indoor,5,0,0,0,0,0,0.6062451004981995
data/raw/osu_lora/Diff_Days_Indoor_Setup/Day5/Device14/IQ_1.dat,187,14660613,12,13,0,test,diff_days_indoor,5,0,0,0,0,0,0.19153155386447906
data/raw/osu_lora/Diff_Days_Indoor_Setup/Day5/Device14/IQ_1.dat,188,14739012,12,21,0,test,diff_days_indoor,5,0,0,0,0,0,0.13294905424118042
data/raw/osu_lora/Diff_Days_Indoor_Setup/Day5/Device14/IQ_1.dat,189,14817411,12,12,1,test,diff_days_indoor,5,0,0,0,0,0,0.23694758117198944
data/raw/osu_lora/Diff_Days_Indoor_Setup/Day5/Device14/IQ_1.dat,190,14895810,12,13,0,test,diff_days_indoor,5,0,0,0,0,0,0.1273365169763565
data/raw/osu_lora/Diff_Days_Indoor_Setup/Day5/Device14/IQ_1.dat,191,14974209,12,7,0,test,diff_days_indoor,5,0,0,0,0,0,0.2869073450565338
data/raw/osu_lora/Diff_Days_Indoor_Setup/Day5/Device14/IQ_1.dat,192,15052608,12,6,0,test,diff_days_indoor,5,0,0,0,0,0,0.15921786427497864
data/raw/osu_lora/Diff_Days_Indoor_Setup/Day5/Device14/IQ_1.dat,193,15131007,12,7,0,test,diff_days_indoor,5,0,0,0,0,0,0.20106454193592072
data/raw/osu_lora/Diff_Days_Indoor_Setup/Day5/Device14/IQ_1.dat,194,15209406,12,7,0,test,diff_days_indoor,5,0,0,0,0,0,0.28496626019477844
data/raw/osu_lora/Diff_Days_Indoor_Setup/Day5/Device14/IQ_1.dat,195,15287805,12,21,0,test,diff_days_indoor,5,0,0,0,0,0,0.17491236329078674
data/raw/osu_lora/Diff_Days_Indoor_Setup/Day5/Device14/IQ_1.dat,196,15366204,12,12,1,test,diff_days_indoor,5,0,0,0,0,0,0.3508077561855316
data/raw/osu_lora/Diff_Days_Indoor_Setup/Day5/Device14/IQ_1.dat,197,15444603,12,12,1,test,diff_days_indoor,5,0,0,0,0,0,0.3191714882850647
data/raw/osu_lora/Diff_Days_Indoor_Setup/Day5/Device14/IQ_1.dat,198,15523002,12,7,0,test,diff_days_indoor,5,0,0,0,0,0,0.3780311644077301
data/raw/osu_lora/Diff_Days_Indoor_Setup/Day5/Device14/IQ_1.dat,199,15601401,12,13,0,test,diff_days_indoor,5,0,0,0,0,0,0.283466637134552
data/raw/osu_lora/Diff_Days_Indoor_Setup/Day5/Device14/IQ_1.dat,200,15679800,12,13,0,test,diff_days_indoor,5,0,0,0,0,0,0.1995333880186081
data/raw/osu_lora/Diff_Days_Indoor_Setup/Day5/Device14/IQ_1.dat,201,15758199,12,11,0,test,diff_days_indoor,5,0,0,0,0,0,0.2616442143917084
data/raw/osu_lora/Diff_Days_Indoor_Setup/Day5/Device14/IQ_1.dat,202,15836598,12,12,1,test,diff_days_indoor,5,0,0,0,0,0,0.3101751208305359
data/raw/osu_lora/Diff_Days_Indoor_Setup/Day5/Device14/IQ_1.dat,203,15914997,12,13,0,test,diff_days_indoor,5,0,0,0,0,0,0.2911587059497833
data/raw/osu_lora/Diff_Days_Indoor_Setup/Day5/Device14/IQ_1.dat,204,15993396,12,13,0,test,diff_days_indoor,5,0,0,0,0,0,0.3410252630710602
data/raw/osu_lora/Diff_Days_Indoor_Setup/Day5/Device14/IQ_1.dat,205,16071795,12,13,0,test,diff_days_indoor,5,0,0,0,0,0,0.3521880805492401
data/raw/osu_lora/Diff_Days_Indoor_Setup/Day5/Device14/IQ_1.dat,206,16150194,12,9,0,test,diff_days_indoor,5,0,0,0,0,0,0.1302262544631958
data/raw/osu_lora/Diff_Days_Indoor_Setup/Day5/Device14/IQ_1.dat,207,16228593,12,7,0,test,diff_days_indoor,5,0,0,0,0,0,0.2543208599090576
data/raw/osu_lora/Diff_Days_Indoor_Setup/Day5/Device14/IQ_1.dat,208,16306992,12,12,1,test,diff_days_indoor,5,0,0,0,0,0,0.34557974338531494
data/raw/osu_lora/Diff_Days_Indoor_Setup/Day5/Device14/IQ_1.dat,209,16385391,12,13,0,test,diff_days_indoor,5,0,0,0,0,0,0.29344725608825684
data/raw/osu_lora/Diff_Days_Indoor_Setup/Day5/Device14/IQ_1.dat,210,16463790,12,12,1,test,diff_days_indoor,5,0,0,0,0,0,0.3553099036216736
data/raw/osu_lora/Diff_Days_Indoor_Setup/Day5/Device14/IQ_1.dat,211,16542189,12,12,1,test,diff_days_indoor,5,0,0,0,0,0,0.29262980818748474
data/raw/osu_lora/Diff_Days_Indoor_Setup/Day5/Device14/IQ_1.dat,212,16620588,12,12,1,test,diff_days_indoor,5,0,0,0,0,0,0.3380541503429413
data/raw/osu_lora/Diff_Days_Indoor_Setup/Day5/Device14/IQ_1.dat,213,16698987,12,18,0,test,diff_days_indoor,5,0,0,0,0,0,0.24387691915035248
data/raw/osu_lora/Diff_Days_Indoor_Setup/Day5/Device14/IQ_1.dat,214,16777386,12,12,1,test,diff_days_indoor,5,0,0,0,0,0,0.3428724706172943
data/raw/osu_lora/Diff_Days_Indoor_Setup/Day5/Device14/IQ_1.dat,215,16855785,12,7,0,test,diff_days_indoor,5,0,0,0,0,0,0.32201504707336426
data/raw/osu_lora/Diff_Days_Indoor_Setup/Day5/Device14/IQ_1.dat,216,16934184,12,13,0,test,diff_days_indoor,5,0,0,0,0,0,0.22125966846942902
data/raw/osu_lora/Diff_Days_Indoor_Setup/Day5/Device14/IQ_1.dat,217,17012583,12,17,0,test,diff_days_indoor,5,0,0,0,0,0,0.3395959436893463
data/raw/osu_lora/Diff_Days_Indoor_Setup/Day5/Device14/IQ_1.dat,218,17090982,12,13,0,test,diff_days_indoor,5,0,0,0,0,0,0.2739509344100952
data/raw/osu_lora/Diff_Days_Indoor_Setup/Day5/Device14/IQ_1.dat,219,17169381,12,7,0,test,diff_days_indoor,5,0,0,0,0,0,0.18994595110416412
data/raw/osu_lora/Diff_Days_Indoor_Setup/Day5/Device14/IQ_1.dat,220,17247780,12,12,1,test,diff_days_indoor,5,0,0,0,0,0,0.29434046149253845
data/raw/osu_lora/Diff_Days_Indoor_Setup/Day5/Device14/IQ_1.dat,221,17326179,12,13,0,test,diff_days_indoor,5,0,0,0,0,0,0.31729090213775635
data/raw/osu_lora/Diff_Days_Indoor_Setup/Day5/Device14/IQ_1.dat,222,17404578,12,13,0,test,diff_days_indoor,5,0,0,0,0,0,0.3316434919834137
data/raw/osu_lora/Diff_Days_Indoor_Setup/Day5/Device14/IQ_1.dat,223,17482977,12,17,0,test,diff_days_indoor,5,0,0,0,0,0,0.2890143394470215
data/raw/osu_lora/Diff_Days_Indoor_Setup/Day5/Device14/IQ_1.dat,224,17561376,12,17,0,test,diff_days_indoor,5,0,0,0,0,0,0.27306440472602844
data/raw/osu_lora/Diff_Days_Indoor_Setup/Day5/Device14/IQ_1.dat,225,17639775,12,13,0,test,diff_days_indoor,5,0,0,0,0,0,0.3022823631763458
data/raw/osu_lora/Diff_Days_Indoor_Setup/Day5/Device14/IQ_1.dat,226,17718174,12,12,1,test,diff_days_indoor,5,0,0,0,0,0,0.2524537146091461
data/raw/osu_lora/Diff_Days_Indoor_Setup/Day5/Device14/IQ_1.dat,227,17796573,12,12,1,test,diff_days_indoor,5,0,0,0,0,0,0.2830409109592438
data/raw/osu_lora/Diff_Days_Indoor_Setup/Day5/Device14/IQ_1.dat,228,17874972,12,13,0,test,diff_days_indoor,5,0,0,0,0,0,0.2969212830066681
data/raw/osu_lora/Diff_Days_Indoor_Setup/Day5/Device14/IQ_1.dat,229,17953371,12,12,1,test,diff_days_indoor,5,0,0,0,0,0,0.3780488073825836
data/raw/osu_lora/Diff_Days_Indoor_Setup/Day5/Device14/IQ_1.dat,230,18031770,12,13,0,test,diff_days_indoor,5,0,0,0,0,0,0.30129680037498474
data/raw/osu_lora/Diff_Days_Indoor_Setup/Day5/Device14/IQ_1.dat,231,18110169,12,13,0,test,diff_days_indoor,5,0,0,0,0,0,0.23493678867816925
data/raw/osu_lora/Diff_Days_Indoor_Setup/Day5/Device14/IQ_1.dat,232,18188568,12,16,0,test,diff_days_indoor,5,0,0,0,0,0,0.2947872281074524
data/raw/osu_lora/Diff_Days_Indoor_Setup/Day5/Device14/IQ_1.dat,233,18266967,12,13,0,test,diff_days_indoor,5,0,0,0,0,0,0.13939709961414337
data/raw/osu_lora/Diff_Days_Indoor_Setup/Day5/Device14/IQ_1.dat,234,18345366,12,12,1,test,diff_days_indoor,5,0,0,0,0,0,0.22305962443351746
data/raw/osu_lora/Diff_Days_Indoor_Setup/Day5/Device14/IQ_1.dat,235,18423765,12,13,0,test,diff_days_indoor,5,0,0,0,0,0,0.24589622020721436
data/raw/osu_lora/Diff_Days_Indoor_Setup/Day5/Device14/IQ_1.dat,236,18502164,12,13,0,test,diff_days_indoor,5,0,0,0,0,0,0.3898172378540039
data/raw/osu_lora/Diff_Days_Indoor_Setup/Day5/Device14/IQ_1.dat,237,18580563,12,16,0,test,diff_days_indoor,5,0,0,0,0,0,0.1922013908624649
data/raw/osu_lora/Diff_Days_Indoor_Setup/Day5/Device14/IQ_1.dat,238,18658962,12,12,1,test,diff_days_indoor,5,0,0,0,0,0,0.27677470445632935
data/raw/osu_lora/Diff_Days_Indoor_Setup/Day5/Device14/IQ_1.dat,239,18737361,12,12,1,test,diff_days_indoor,5,0,0,0,0,0,0.29162803292274475
data/raw/osu_lora/Diff_Days_Indoor_Setup/Day5/Device14/IQ_1.dat,240,18815760,12,7,0,test,diff_days_indoor,5,0,0,0,0,0,0.29609519243240356
data/raw/osu_lora/Diff_Days_Indoor_Setup/Day5/Device14/IQ_1.dat,241,18894159,12,13,0,test,diff_days_indoor,5,0,0,0,0,0,0.3102669417858124
data/raw/osu_lora/Diff_Days_Indoor_Setup/Day5/Device14/IQ_1.dat,242,18972558,12,12,1,test,diff_days_indoor,5,0,0,0,0,0,0.2573683559894562
data/raw/osu_lora/Diff_Days_Indoor_Setup/Day5/Device14/IQ_1.dat,243,19050957,12,17,0,test,diff_days_indoor,5,0,0,0,0,0,0.19288551807403564
data/raw/osu_lora/Diff_Days_Indoor_Setup/Day5/Device14/IQ_1.dat,244,19129356,12,12,1,test,diff_days_indoor,5,0,0,0,0,0,0.3071581721305847
data/raw/osu_lora/Diff_Days_Indoor_Setup/Day5/Device14/IQ_1.dat,245,19207755,12,13,0,test,diff_days_indoor,5,0,0,0,0,0,0.26577886939048767
data/raw/osu_lora/Diff_Days_Indoor_Setup/Day5/Device14/IQ_1.dat,246,19286154,12,16,0,test,diff_days_indoor,5,0,0,0,0,0,0.30272436141967773
data/raw/osu_lora/Diff_Days_Indoor_Setup/Day5/Device14/IQ_1.dat,247,19364553,12,7,0,test,diff_days_indoor,5,0,0,0,0,0,0.22874215245246887
data/raw/osu_lora/Diff_Days_Indoor_Setup/Day5/Device14/IQ_1.dat,248,19442952,12,13,0,test,diff_days_indoor,5,0,0,0,0,0,0.27666613459587097
data/raw/osu_lora/Diff_Days_Indoor_Setup/Day5/Device14/IQ_1.dat,249,19521351,12,13,0,test,diff_days_indoor,5,0,0,0,0,0,0.1389676034450531
data/raw/osu_lora/Diff_Days_Indoor_Setup/Day5/Device14/IQ_1.dat,250,19599750,12,22,0,test,diff_days_indoor,5,0,0,0,0,0,0.19791604578495026
data/raw/osu_lora/Diff_Days_Indoor_Setup/Day5/Device14/IQ_1.dat,251,19678149,12,13,0,test,diff_days_indoor,5,0,0,0,0,0,0.31534343957901
data/raw/osu_lora/Diff_Days_Indoor_Setup/Day5/Device14/IQ_1.dat,252,19756548,12,7,0,test,diff_days_indoor,5,0,0,0,0,0,0.2718501091003418
data/raw/osu_lora/Diff_Days_Indoor_Setup/Day5/Device14/IQ_1.dat,253,19834947,12,12,1,test,diff_days_indoor,5,0,0,0,0,0,0.3777165114879608
data/raw/osu_lora/Diff_Days_Indoor_Setup/Day5/Device14/IQ_1.dat,254,19913346,12,7,0,test,diff_days_indoor,5,0,0,0,0,0,0.266433447599411
data/raw/osu_lora/Diff_Days_Indoor_Setup/Day5/Device14/IQ_1.dat,255,19991745,12,12,1,test,diff_days_indoor,5,0,0,0,0,0,0.27207911014556885
data/raw/osu_lora/Diff_Days_Indoor_Setup/Day5/Device15/IQ_1.dat,0,0,13,17,0,test,diff_days_indoor,5,0,0,0,0,0,0.19551116228103638
data/raw/osu_lora/Diff_Days_Indoor_Setup/Day5/Device15/IQ_1.dat,1,78399,13,13,1,test,diff_days_indoor,5,0,0,0,0,0,0.3784610331058502
data/raw/osu_lora/Diff_Days_Indoor_Setup/Day5/Device15/IQ_1.dat,2,156798,13,13,1,test,diff_days_indoor,5,0,0,0,0,0,0.18356098234653473
data/raw/osu_lora/Diff_Days_Indoor_Setup/Day5/Device15/IQ_1.dat,3,235197,13,13,1,test,diff_days_indoor,5,0,0,0,0,0,0.22150179743766785
data/raw/osu_lora/Diff_Days_Indoor_Setup/Day5/Device15/IQ_1.dat,4,313596,13,12,0,test,diff_days_indoor,5,0,0,0,0,0,0.36269912123680115
data/raw/osu_lora/Diff_Days_Indoor_Setup/Day5/Device15/IQ_1.dat,5,391995,13,13,1,test,diff_days_indoor,5,0,0,0,0,0,0.1610347330570221
data/raw/osu_lora/Diff_Days_Indoor_Setup/Day5/Device15/IQ_1.dat,6,470394,13,13,1,test,diff_days_indoor,5,0,0,0,0,0,0.2270825356245041
data/raw/osu_lora/Diff_Days_Indoor_Setup/Day5/Device15/IQ_1.dat,7,548793,13,12,0,test,diff_days_indoor,5,0,0,0,0,0,0.3015568256378174
data/raw/osu_lora/Diff_Days_Indoor_Setup/Day5/Device15/IQ_1.dat,8,627192,13,12,0,test,diff_days_indoor,5,0,0,0,0,0,0.32643401622772217
data/raw/osu_lora/Diff_Days_Indoor_Setup/Day5/Device15/IQ_1.dat,9,705591,13,14,0,test,diff_days_indoor,5,0,0,0,0,0,0.2820841372013092
data/raw/osu_lora/Diff_Days_Indoor_Setup/Day5/Device15/IQ_1.dat,10,783990,13,7,0,test,diff_days_indoor,5,0,0,0,0,0,0.21859778463840485
data/raw/osu_lora/Diff_Days_Indoor_Setup/Day5/Device15/IQ_1.dat,11,862389,13,13,1,test,diff_days_indoor,5,0,0,0,0,0,0.23367996513843536
data/raw/osu_lora/Diff_Days_Indoor_Setup/Day5/Device15/IQ_1.dat,12,940788,13,13,1,test,diff_days_indoor,5,0,0,0,0,0,0.4382874071598053
data/raw/osu_lora/Diff_Days_Indoor_Setup/Day5/Device15/IQ_1.dat,13,1019187,13,12,0,test,diff_days_indoor,5,0,0,0,0,0,0.2925490140914917
data/raw/osu_lora/Diff_Days_Indoor_Setup/Day5/Device15/IQ_1.dat,14,1097586,13,7,0,test,diff_days_indoor,5,0,0,0,0,0,0.2851284146308899
data/raw/osu_lora/Diff_Days_Indoor_Setup/Day5/Device15/IQ_1.dat,15,1175985,13,7,0,test,diff_days_indoor,5,0,0,0,0,0,0.22386111319065094
data/raw/osu_lora/Diff_Days_Indoor_Setup/Day5/Device15/IQ_1.dat,16,1254384,13,12,0,test,diff_days_indoor,5,0,0,0,0,0,0.3683336675167084
data/raw/osu_lora/Diff_Days_Indoor_Setup/Day5/Device15/IQ_1.dat,17,1332783,13,12,0,test,diff_days_indoor,5,0,0,0,0,0,0.1963386833667755
data/raw/osu_lora/Diff_Days_Indoor_Setup/Day5/Device15/IQ_1.dat,18,1411182,13,13,1,test,diff_days_indoor,5,0,0,0,0,0,0.31652209162712097
data/raw/osu_lora/Diff_Days_Indoor_Setup/Day5/Device15/IQ_1.dat,19,1489581,13,13,1,test,diff_days_indoor,5,0,0,0,0,0,0.23762208223342896
data/raw/osu_lora/Diff_Days_Indoor_Setup/Day5/Device15/IQ_1.dat,20,1567980,13,12,0,test,diff_days_indoor,5,0,0,0,0,0,0.3323129117488861
data/raw/osu_lora/Diff_Days_Indoor_Setup/Day5/Device15/IQ_1.dat,21,1646379,13,13,1,test,diff_days_indoor,5,0,0,0,0,0,0.3163658082485199
data/raw/osu_lora/Diff_Days_Indoor_Setup/Day5/Device15/IQ_1.dat,22,1724778,13,9,0,test,diff_days_indoor,5,0,0,0,0,0,0.11115916818380356
data/raw/osu_lora/Diff_Days_Indoor_Setup/Day5/Device15/IQ_1.dat,23,1803177,13,17,0,test,diff_days_indoor,5,0,0,0,0,0,0.17965248227119446
data/raw/osu_lora/Diff_Days_Indoor_Setup/Day5/Device15/IQ_1.dat,24,1881576,13,13,1,test,diff_days_indoor,5,0,0,0,0,0,0.15915058553218842
data/raw/osu_lora/Diff_Days_Indoor_Setup/Day5/Device15/IQ_1.dat,25,1959975,13,13,1,test,diff_days_indoor,5,0,0,0,0,0,0.35190314054489136
data/raw/osu_lora/Diff_Days_Indoor_Setup/Day5/Device15/IQ_1.dat,26,2038374,13,13,1,test,diff_days_indoor,5,0,0,0,0,0,0.18143072724342346
data/raw/osu_lora/Diff_Days_Indoor_Setup/Day5/Device15/IQ_1.dat,27,2116773,13,13,1,test,diff_days_indoor,5,0,0,0,0,0,0.20584481954574585
data/raw/osu_lora/Diff_Days_Indoor_Setup/Day5/Device15/IQ_1.dat,28,2195172,13,12,0,test,diff_days_indoor,5,0,0,0,0,0,0.3400258719921112
data/raw/osu_lora/Diff_Days_Indoor_Setup/Day5/Device15/IQ_1.dat,29,2273571,13,12,0,test,diff_days_indoor,5,0,0,0,0,0,0.30203762650489807
data/raw/osu_lora/Diff_Days_Indoor_Setup/Day5/Device15/IQ_1.dat,30,2351970,13,13,1,test,diff_days_indoor,5,0,0,0,0,0,0.3653028905391693
data/raw/osu_lora/Diff_Days_Indoor_Setup/Day5/Device15/IQ_1.dat,31,2430369,13,7,0,test,diff_days_indoor,5,0,0,0,0,0,0.14940229058265686
data/raw/osu_lora/Diff_Days_Indoor_Setup/Day5/Device15/IQ_1.dat,32,2508768,13,13,1,test,diff_days_indoor,5,0,0,0,0,0,0.2983394265174866
data/raw/osu_lora/Diff_Days_Indoor_Setup/Day5/Device15/IQ_1.dat,33,2587167,13,12,0,test,diff_days_indoor,5,0,0,0,0,0,0.35191595554351807
data/raw/osu_lora/Diff_Days_Indoor_Setup/Day5/Device15/IQ_1.dat,34,2665566,13,13,1,test,diff_days_indoor,5,0,0,0,0,0,0.2554734945297241
data/raw/osu_lora/Diff_Days_Indoor_Setup/Day5/Device15/IQ_1.dat,35,2743965,13,13,1,test,diff_days_indoor,5,0,0,0,0,0,0.2421129047870636
data/raw/osu_lora/Diff_Days_Indoor_Setup/Day5/Device15/IQ_1.dat,36,2822364,13,13,1,test,diff_days_indoor,5,0,0,0,0,0,0.30621033906936646
data/raw/osu_lora/Diff_Days_Indoor_Setup/Day5/Device15/IQ_1.dat,37,2900763,13,13,1,test,diff_days_indoor,5,0,0,0,0,0,0.3654768466949463
data/raw/osu_lora/Diff_Days_Indoor_Setup/Day5/Device15/IQ_1.dat,38,2979162,13,12,0,test,diff_days_indoor,5,0,0,0,0,0,0.27297958731651306
data/raw/osu_lora/Diff_Days_Indoor_Setup/Day5/Device15/IQ_1.dat,39,3057561,13,13,1,test,diff_days_indoor,5,0,0,0,0,0,0.20910321176052094
data/raw/osu_lora/Diff_Days_Indoor_Setup/Day5/Device15/IQ_1.dat,40,3135960,13,21,0,test,diff_days_indoor,5,0,0,0,0,0,0.30593687295913696
data/raw/osu_lora/Diff_Days_Indoor_Setup/Day5/Device15/IQ_1.dat,41,3214359,13,7,0,test,diff_days_indoor,5,0,0,0,0,0,0.28682610392570496
data/raw/osu_lora/Diff_Days_Indoor_Setup/Day5/Device15/IQ_1.dat,42,3292758,13,12,0,test,diff_days_indoor,5,0,0,0,0,0,0.22729220986366272
data/raw/osu_lora/Diff_Days_Indoor_Setup/Day5/Device15/IQ_1.dat,43,3371157,13,13,1,test,diff_days_indoor,5,0,0,0,0,0,0.39945951104164124
data/raw/osu_lora/Diff_Days_Indoor_Setup/Day5/Device15/IQ_1.dat,44,3449556,13,12,0,test,diff_days_indoor,5,0,0,0,0,0,0.2870630621910095
data/raw/osu_lora/Diff_Days_Indoor_Setup/Day5/Device15/IQ_1.dat,45,3527955,13,12,0,test,diff_days_indoor,5,0,0,0,0,0,0.2961863875389099
data/raw/osu_lora/Diff_Days_Indoor_Setup/Day5/Device15/IQ_1.dat,46,3606354,13,12,0,test,diff_days_indoor,5,0,0,0,0,0,0.17478857934474945
data/raw/osu_lora/Diff_Days_Indoor_Setup/Day5/Device15/IQ_1.dat,47,3684753,13,12,0,test,diff_days_indoor,5,0,0,0,0,0,0.2904629111289978
data/raw/osu_lora/Diff_Days_Indoor_Setup/Day5/Device15/IQ_1.dat,48,3763152,13,12,0,test,diff_days_indoor,5,0,0,0,0,0,0.3065235912799835
data/raw/osu_lora/Diff_Days_Indoor_Setup/Day5/Device15/IQ_1.dat,49,3841551,13,23,0,test,diff_days_indoor,5,0,0,0,0,0,0.13170763850212097
data/raw/osu_lora/Diff_Days_Indoor_Setup/Day5/Device15/IQ_1.dat,50,3919950,13,13,1,test,diff_days_indoor,5,0,0,0,0,0,0.2443266361951828
data/raw/osu_lora/Diff_Days_Indoor_Setup/Day5/Device15/IQ_1.dat,51,3998349,13,6,0,test,diff_days_indoor,5,0,0,0,0,0,0.21883730590343475
data/raw/osu_lora/Diff_Days_Indoor_Setup/Day5/Device15/IQ_1.dat,52,4076748,13,13,1,test,diff_days_indoor,5,0,0,0,0,0,0.23721393942832947
data/raw/osu_lora/Diff_Days_Indoor_Setup/Day5/Device15/IQ_1.dat,53,4155147,13,16,0,test,diff_days_indoor,5,0,0,0,0,0,0.2419023960828781
data/raw/osu_lora/Diff_Days_Indoor_Setup/Day5/Device15/IQ_1.dat,54,4233546,13,12,0,test,diff_days_indoor,5,0,0,0,0,0,0.36568430066108704
data/raw/osu_lora/Diff_Days_Indoor_Setup/Day5/Device15/IQ_1.dat,55,4311945,13,4,0,test,diff_days_indoor,5,0,0,0,0,0,0.3122502863407135
data/raw/osu_lora/Diff_Days_Indoor_Setup/Day5/Device15/IQ_1.dat,56,4390344,13,12,0,test,diff_days_indoor,5,0,0,0,0,0,0.273676335811615
data/raw/osu_lora/Diff_Days_Indoor_Setup/Day5/Device15/IQ_1.dat,57,4468743,13,13,1,test,diff_days_indoor,5,0,0,0,0,0,0.2327842265367508
data/raw/osu_lora/Diff_Days_Indoor_Setup/Day5/Device15/IQ_1.dat,58,4547142,13,7,0,test,diff_days_indoor,5,0,0,0,0,0,0.22633962333202362
data/raw/osu_lora/Diff_Days_Indoor_Setup/Day5/Device15/IQ_1.dat,59,4625541,13,13,1,test,diff_days_indoor,5,0,0,0,0,0,0.31594571471214294
data/raw/osu_lora/Diff_Days_Indoor_Setup/Day5/Device15/IQ_1.dat,60,4703940,13,7,0,test,diff_days_indoor,5,0,0,0,0,0,0.2402336746454239
data/raw/osu_lora/Diff_Days_Indoor_Setup/Day5/Device15/IQ_1.dat,61,4782339,13,19,0,test,diff_days_indoor,5,0,0,0,0,0,0.12361781299114227
data/raw/osu_lora/Diff_Days_Indoor_Setup/Day5/Device15/IQ_1.dat,62,4860738,13,12,0,test,diff_days_indoor,5,0,0,0,0,0,0.29416516423225403
data/raw/osu_lora/Diff_Days_Indoor_Setup/Day5/Device15/IQ_1.dat,63,4939137,13,9,0,test,diff_days_indoor,5,0,0,0,0,0,0.18049100041389465
data/raw/osu_lora/Diff_Days_Indoor_Setup/Day5/Device15/IQ_1.dat,64,5017536,13,11,0,test,diff_days_indoor,5,0,0,0,0,0,0.20875324308872223
data/raw/osu_lora/Diff_Days_Indoor_Setup/Day5/Device15/IQ_1.dat,65,5095935,13,13,1,test,diff_days_indoor,5,0,0,0,0,0,0.13683126866817474
data/raw/osu_lora/Diff_Days_Indoor_Setup/Day5/Device15/IQ_1.dat,66,5174334,13,16,0,test,diff_days_indoor,5,0,0,0,0,0,0.2269957959651947
data/raw/osu_lora/Diff_Days_Indoor_Setup/Day5/Device15/IQ_1.dat,67,5252733,13,12,0,test,diff_days_indoor,5,0,0,0,0,0,0.3784641921520233
data/raw/osu_lora/Diff_Days_Indoor_Setup/Day5/Device15/IQ_1.dat,68,5331132,13,5,0,test,diff_days_indoor,5,0,0,0,0,0,0.18516069650650024
data/raw/osu_lora/Diff_Days_Indoor_Setup/Day5/Device15/IQ_1.dat,69,5409531,13,12,0,test,diff_days_indoor,5,0,0,0,0,0,0.4146259129047394
data/raw/osu_lora/Diff_Days_Indoor_Setup/Day5/Device15/IQ_1.dat,70,5487930,13,18,0,test,diff_days_indoor,5,0,0,0,0,0,0.2440253049135208
data/raw/osu_lora/Diff_Days_Indoor_Setup/Day5/Device15/IQ_1.dat,71,5566329,13,13,1,test,diff_days_indoor,5,0,0,0,0,0,0.18137796223163605
data/raw/osu_lora/Diff_Days_Indoor_Setup/Day5/Device15/IQ_1.dat,72,5644728,13,13,1,test,diff_days_indoor,5,0,0,0,0,0,0.3207243084907532
data/raw/osu_lora/Diff_Days_Indoor_Setup/Day5/Device15/IQ_1.dat,73,5723127,13,13,1,test,diff_days_indoor,5,0,0,0,0,0,0.3070424199104309
data/raw/osu_lora/Diff_Days_Indoor_Setup/Day5/Device15/IQ_1.dat,74,5801526,13,13,1,test,diff_days_indoor,5,0,0,0,0,0,0.23763909935951233
data/raw/osu_lora/Diff_Days_Indoor_Setup/Day5/Device15/IQ_1.dat,75,5879925,13,22,0,test,diff_days_indoor,5,0,0,0,0,0,0.5101478099822998
data/raw/osu_lora/Diff_Days_Indoor_Setup/Day5/Device15/IQ_1.dat,76,5958324,13,12,0,test,diff_days_indoor,5,0,0,0,0,0,0.2796986997127533
data/raw/osu_lora/Diff_Days_Indoor_Setup/Day5/Device15/IQ_1.dat,77,6036723,13,10,0,test,diff_days_indoor,5,0,0,0,0,0,0.16450385749340057
data/raw/osu_lora/Diff_Days_Indoor_Setup/Day5/Device15/IQ_1.dat,78,6115122,13,12,0,test,diff_days_indoor,5,0,0,0,0,0,0.3197699785232544
data/raw/osu_lora/Diff_Days_Indoor_Setup/Day5/Device15/IQ_1.dat,79,6193521,13,16,0,test,diff_days_indoor,5,0,0,0,0,0,0.3130028545856476
data/raw/osu_lora/Diff_Days_Indoor_Setup/Day5/Device15/IQ_1.dat,80,6271920,13,7,0,test,diff_days_indoor,5,0,0,0,0,0,0.16684678196907043
data/raw/osu_lora/Diff_Days_Indoor_Setup/Day5/Device15/IQ_1.dat,81,6350319,13,13,1,test,diff_days_indoor,5,0,0,0,0,0,0.3394913971424103
data/raw/osu_lora/Diff_Days_Indoor_Setup/Day5/Device15/IQ_1.dat,82,6428718,13,13,1,test,diff_days_indoor,5,0,0,0,0,0,0.23315730690956116
data/raw/osu_lora/Diff_Days_Indoor_Setup/Day5/Device15/IQ_1.dat,83,6507117,13,13,1,test,diff_days_indoor,5,0,0,0,0,0,0.2608250081539154
data/raw/osu_lora/Diff_Days_Indoor_Setup/Day5/Device15/IQ_1.dat,84,6585516,13,13,1,test,diff_days_indoor,5,0,0,0,0,0,0.16660739481449127
data/raw/osu_lora/Diff_Days_Indoor_Setup/Day5/Device15/IQ_1.dat,85,6663915,13,12,0,test,diff_days_indoor,5,0,0,0,0,0,0.2039969563484192
data/raw/osu_lora/Diff_Days_Indoor_Setup/Day5/Device15/IQ_1.dat,86,6742314,13,13,1,test,diff_days_indoor,5,0,0,0,0,0,0.20571838319301605
data/raw/osu_lora/Diff_Days_Indoor_Setup/Day5/Device15/IQ_1.dat,87,6820713,13,12,0,test,diff_days_indoor,5,0,0,0,0,0,0.3521353006362915
data/raw/osu_lora/Diff_Days_Indoor_Setup/Day5/Device15/IQ_1.dat,88,6899112,13,7,0,test,diff_days_indoor,5,0,0,0,0,0,0.21340610086917877
data/raw/osu_lora/Diff_Days_Indoor_Setup/Day5/Device15/IQ_1.dat,89,6977511,13,17,0,test,diff_days_indoor,5,0,0,0,0,0,0.17414158582687378
data/raw/osu_lora/Diff_Days_Indoor_Setup/Day5/Device15/IQ_1.dat,90,7055910,13,13,1,test,diff_days_indoor,5,0,0,0,0,0,0.15604981780052185
data/raw/osu_lora/Diff_Days_Indoor_Setup/Day5/Device15/IQ_1.dat,91,7134309,13,12,0,test,diff_days_indoor,5,0,0,0,0,0,0.3499484658241272
data/raw/osu_lora/Diff_Days_Indoor_Setup/Day5/Device15/IQ_1.dat,92,7212708,13,12,0,test,diff_days_indoor,5,0,0,0,0,0,0.33265420794487
data/raw/osu_lora/Diff_Days_Indoor_Setup/Day5/Device15/IQ_1.dat,93,7291107,13,12,0,test,diff_days_indoor,5,0,0,0,0,0,0.37201404571533203
data/raw/osu_lora/Diff_Days_Indoor_Setup/Day5/Device15/IQ_1.dat,94,7369506,13,17,0,test,diff_days_indoor,5,0,0,0,0,0,0.37426820397377014
data/raw/osu_lora/Diff_Days_Indoor_Setup/Day5/Device15/IQ_1.dat,95,7447905,13,9,0,test,diff_days_indoor,5,0,0,0,0,0,0.08077012747526169
data/raw/osu_lora/Diff_Days_Indoor_Setup/Day5/Device15/IQ_1.dat,96,7526304,13,16,0,test,diff_days_indoor,5,0,0,0,0,0,0.22288112342357635
data/raw/osu_lora/Diff_Days_Indoor_Setup/Day5/Device15/IQ_1.dat,97,7604703,13,13,1,test,diff_days_indoor,5,0,0,0,0,0,0.26646238565444946
data/raw/osu_lora/Diff_Days_Indoor_Setup/Day5/Device15/IQ_1.dat,98,7683102,13,13,1,test,diff_days_indoor,5,0,0,0,0,0,0.1572510153055191
data/raw/osu_lora/Diff_Days_Indoor_Setup/Day5/Device15/IQ_1.dat,99,7761501,13,12,0,test,diff_days_indoor,5,0,0,0,0,0,0.36149173974990845
data/raw/osu_lora/Diff_Days_Indoor_Setup/Day5/Device15/IQ_1.dat,100,7839900,13,12,0,test,diff_days_indoor,5,0,0,0,0,0,0.34272947907447815
data/raw/osu_lora/Diff_Days_Indoor_Setup/Day5/Device15/IQ_1.dat,101,7918299,13,16,0,test,diff_days_indoor,5,0,0,0,0,0,0.327773779630661
data/raw/osu_lora/Diff_Days_Indoor_Setup/Day5/Device15/IQ_1.dat,102,7996698,13,12,0,test,diff_days_indoor,5,0,0,0,0,0,0.34072983264923096
data/raw/osu_lora/Diff_Days_Indoor_Setup/Day5/Device15/IQ_1.dat,103,8075097,13,12,0,test,diff_days_indoor,5,0,0,0,0,0,0.3313327431678772
data/raw/osu_lora/Diff_Days_Indoor_Setup/Day5/Device15/IQ_1.dat,104,8153496,13,13,1,test,diff_days_indoor,5,0,0,0,0,0,0.2983362376689911
data/raw/osu_lora/Diff_Days_Indoor_Setup/Day5/Device15/IQ_1.dat,105,8231895,13,7,0,test,diff_days_indoor,5,0,0,0,0,0,0.2546985447406769
data/raw/osu_lora/Diff_Days_Indoor_Setup/Day5/Device15/IQ_1.dat,106,8310294,13,16,0,test,diff_days_indoor,5,0,0,0,0,0,0.18172059953212738
data/raw/osu_lora/Diff_Days_Indoor_Setup/Day5/Device15/IQ_1.dat,107,8388693,13,13,1,test,diff_days_indoor,5,0,0,0,0,0,0.15972451865673065
data/raw/osu_lora/Diff_Days_Indoor_Setup/Day5/Device15/IQ_1.dat,108,8467092,13,12,0,test,diff_days_indoor,5,0,0,0,0,0,0.2867450714111328
data/raw/osu_lora/Diff_Days_Indoor_Setup/Day5/Device15/IQ_1.dat,109,8545491,13,18,0,test,diff_days_indoor,5,0,0,0,0,0,0.18960988521575928
data/raw/osu_lora/Diff_Days_Indoor_Setup/Day5/Device15/IQ_1.dat,110,8623890,13,14,0,test,diff_days_indoor,5,0,0,0,0,0,0.2816513776779175
data/raw/osu_lora/Diff_Days_Indoor_Setup/Day5/Device15/IQ_1.dat,111,8702289,13,12,0,test,diff_days_indoor,5,0,0,0,0,0,0.33662691712379456
data/raw/osu_lora/Diff_Days_Indoor_Setup/Day5/Device15/IQ_1.dat,112,8780688,13,16,0,test,diff_days_indoor,5,0,0,0,0,0,0.28040507435798645
data/raw/osu_lora/Diff_Days_Indoor_Setup/Day5/Device15/IQ_1.dat,113,8859087,13,13,1,test,diff_days_indoor,5,0,0,0,0,0,0.2349098175764084
data/raw/osu_lora/Diff_Days_Indoor_Setup/Day5/Device15/IQ_1.dat,114,8937486,13,13,1,test,diff_days_indoor,5,0,0,0,0,0,0.23766621947288513
data/raw/osu_lora/Diff_Days_Indoor_Setup/Day5/Device15/IQ_1.dat,115,9015885,13,12,0,test,diff_days_indoor,5,0,0,0,0,0,0.1727239489555359
data/raw/osu_lora/Diff_Days_Indoor_Setup/Day5/Device15/IQ_1.dat,116,9094284,13,12,0,test,diff_days_indoor,5,0,0,0,0,0,0.37426233291625977
data/raw/osu_lora/Diff_Days_Indoor_Setup/Day5/Device15/IQ_1.dat,117,9172683,13,13,1,test,diff_days_indoor,5,0,0,0,0,0,0.18913759291172028
data/raw/osu_lora/Diff_Days_Indoor_Setup/Day5/Device15/IQ_1.dat,118,9251082,13,12,0,test,diff_days_indoor,5,0,0,0,0,0,0.37244752049446106
data/raw/osu_lora/Diff_Days_Indoor_Setup/Day5/Device15/IQ_1.dat,119,9329481,13,12,0,test,diff_days_indoor,5,0,0,0,0,0,0.3153560757637024
data/raw/osu_lora/Diff_Days_Indoor_Setup/Day5/Device15/IQ_1.dat,120,9407880,13,13,1,test,diff_days_indoor,5,0,0,0,0,0,0.3085729777812958
data/raw/osu_lora/Diff_Days_Indoor_Setup/Day5/Device15/IQ_1.dat,121,9486279,13,11,0,test,diff_days_indoor,5,0,0,0,0,0,0.43593528866767883
data/raw/osu_lora/Diff_Days_Indoor_Setup/Day5/Device15/IQ_1.dat,122,9564678,13,13,1,test,diff_days_indoor,5,0,0,0,0,0,0.3246321380138397
data/raw/osu_lora/Diff_Days_Indoor_Setup/Day5/Device15/IQ_1.dat,123,9643077,13,11,0,test,diff_days_indoor,5,0,0,0,0,0,0.17868754267692566
data/raw/osu_lora/Diff_Days_Indoor_Setup/Day5/Device15/IQ_1.dat,124,9721476,13,13,1,test,diff_days_indoor,5,0,0,0,0,0,0.3911534249782562
data/raw/osu_lora/Diff_Days_Indoor_Setup/Day5/Device15/IQ_1.dat,125,9799875,13,13,1,test,diff_days_indoor,5,0,0,0,0,0,0.17017890512943268
data/raw/osu_lora/Diff_Days_Indoor_Setup/Day5/Device15/IQ_1.dat,126,9878274,13,18,0,test,diff_days_indoor,5,0,0,0,0,0,0.2184186577796936
data/raw/osu_lora/Diff_Days_Indoor_Setup/Day5/Device15/IQ_1.dat,127,9956673,13,12,0,test,diff_days_indoor,5,0,0,0,0,0,0.37531688809394836
data/raw/osu_lora/Diff_Days_Indoor_Setup/Day5/Device15/IQ_1.dat,128,10035072,13,12,0,test,diff_days_indoor,5,0,0,0,0,0,0.34099939465522766
data/raw/osu_lora/Diff_Days_Indoor_Setup/Day5/Device15/IQ_1.dat,129,10113471,13,12,0,test,diff_days_indoor,5,0,0,0,0,0,0.2695050537586212
data/raw/osu_lora/Diff_Days_Indoor_Setup/Day5/Device15/IQ_1.dat,130,10191870,13,12,0,test,diff_days_indoor,5,0,0,0,0,0,0.32218942046165466
data/raw/osu_lora/Diff_Days_Indoor_Setup/Day5/Device15/IQ_1.dat,131,10270269,13,23,0,test,diff_days_indoor,5,0,0,0,0,0,0.19205689430236816
data/raw/osu_lora/Diff_Days_Indoor_Setup/Day5/Device15/IQ_1.dat,132,10348668,13,13,1,test,diff_days_indoor,5,0,0,0,0,0,0.39936238527297974
data/raw/osu_lora/Diff_Days_Indoor_Setup/Day5/Device15/IQ_1.dat,133,10427067,13,12,0,test,diff_days_indoor,5,0,0,0,0,0,0.38746657967567444
data/raw/osu_lora/Diff_Days_Indoor_Setup/Day5/Device15/IQ_1.dat,134,10505466,13,13,1,test,diff_days_indoor,5,0,0,0,0,0,0.3947300910949707
data/raw/osu_lora/Diff_Days_Indoor_Setup/Day5/Device15/IQ_1.dat,135,10583865,13,12,0,test,diff_days_indoor,5,0,0,0,0,0,0.2604563236236572
data/raw/osu_lora/Diff_Days_Indoor_Setup/Day5/Device15/IQ_1.dat,136,10662264,13,13,1,test,diff_days_indoor,5,0,0,0,0,0,0.2879175543785095
data/raw/osu_lora/Diff_Days_Indoor_Setup/Day5/Device15/IQ_1.dat,137,10740663,13,13,1,test,diff_days_indoor,5,0,0,0,0,0,0.31399890780448914
data/raw/osu_lora/Diff_Days_Indoor_Setup/Day5/Device15/IQ_1.dat,138,10819062,13,13,1,test,diff_days_indoor,5,0,0,0,0,0,0.2756699025630951
data/raw/osu_lora/Diff_Days_Indoor_Setup/Day5/Device15/IQ_1.dat,139,10897461,13,12,0,test,diff_days_indoor,5,0,0,0,0,0,0.2766471803188324
data/raw/osu_lora/Diff_Days_Indoor_Setup/Day5/Device15/IQ_1.dat,140,10975860,13,12,0,test,diff_days_indoor,5,0,0,0,0,0,0.30587834119796753
data/raw/osu_lora/Diff_Days_Indoor_Setup/Day5/Device15/IQ_1.dat,141,11054259,13,7,0,test,diff_days_indoor,5,0,0,0,0,0,0.4509490728378296
data/raw/osu_lora/Diff_Days_Indoor_Setup/Day5/Device15/IQ_1.dat,142,11132658,13,10,0,test,diff_days_indoor,5,0,0,0,0,0,0.1017875149846077
data/raw/osu_lora/Diff_Days_Indoor_Setup/Day5/Device15/IQ_1.dat,143,11211057,13,19,0,test,diff_days_indoor,5,0,0,0,0,0,0.22496959567070007
data/raw/osu_lora/Diff_Days_Indoor_Setup/Day5/Device15/IQ_1.dat,144,11289456,13,13,1,test,diff_days_indoor,5,0,0,0,0,0,0.20329277217388153
data/raw/osu_lora/Diff_Days_Indoor_Setup/Day5/Device15/IQ_1.dat,145,11367855,13,18,0,test,diff_days_indoor,5,0,0,0,0,0,0.2886165976524353
data/raw/osu_lora/Diff_Days_Indoor_Setup/Day5/Device15/IQ_1.dat,146,11446254,13,16,0,test,diff_days_indoor,5,0,0,0,0,0,0.22957389056682587
data/raw/osu_lora/Diff_Days_Indoor_Setup/Day5/Device15/IQ_1.dat,147,11524653,13,12,0,test,diff_days_indoor,5,0,0,0,0,0,0.3625473380088806
data/raw/osu_lora/Diff_Days_Indoor_Setup/Day5/Device15/IQ_1.dat,148,11603052,13,13,1,test,diff_days_indoor,5,0,0,0,0,0,0.24567744135856628
data/raw/osu_lora/Diff_Days_Indoor_Setup/Day5/Device15/IQ_1.dat,149,11681451,13,7,0,test,diff_days_indoor,5,0,0,0,0,0,0.30724483728408813
data/raw/osu_lora/Diff_Days_Indoor_Setup/Day5/Device15/IQ_1.dat,150,11759850,13,13,1,test,diff_days_indoor,5,0,0,0,0,0,0.19259966909885406
data/raw/osu_lora/Diff_Days_Indoor_Setup/Day5/Device15/IQ_1.dat,151,11838249,13,22,0,test,diff_days_indoor,5,0,0,0,0,0,0.18428485095500946
data/raw/osu_lora/Diff_Days_Indoor_Setup/Day5/Device15/IQ_1.dat,152,11916648,13,13,1,test,diff_days_indoor,5,0,0,0,0,0,0.3624674379825592
data/raw/osu_lora/Diff_Days_Indoor_Setup/Day5/Device15/IQ_1.dat,153,11995047,13,13,1,test,diff_days_indoor,5,0,0,0,0,0,0.14013804495334625
data/raw/osu_lora/Diff_Days_Indoor_Setup/Day5/Device15/IQ_1.dat,154,12073446,13,12,0,test,diff_days_indoor,5,0,0,0,0,0,0.3177880346775055
data/raw/osu_lora/Diff_Days_Indoor_Setup/Day5/Device15/IQ_1.dat,155,12151845,13,7,0,test,diff_days_indoor,5,0,0,0,0,0,0.36905452609062195
data/raw/osu_lora/Diff_Days_Indoor_Setup/Day5/Device15/IQ_1.dat,156,12230244,13,12,0,test,diff_days_indoor,5,0,0,0,0,0,0.33316677808761597
data/raw/osu_lora/Diff_Days_Indoor_Setup/Day5/Device15/IQ_1.dat,157,12308643,13,13,1,test,diff_days_indoor,5,0,0,0,0,0,0.40208864212036133
data/raw/osu_lora/Diff_Days_Indoor_Setup/Day5/Device15/IQ_1.dat,158,12387042,13,13,1,test,diff_days_indoor,5,0,0,0,0,0,0.2822520136833191
data/raw/osu_lora/Diff_Days_Indoor_Setup/Day5/Device15/IQ_1.dat,159,12465441,13,13,1,test,diff_days_indoor,5,0,0,0,0,0,0.2896950840950012
data/raw/osu_lora/Diff_Days_Indoor_Setup/Day5/Device15/IQ_1.dat,160,12543840,13,10,0,test,diff_days_indoor,5,0,0,0,0,0,0.3362029492855072
data/raw/osu_lora/Diff_Days_Indoor_Setup/Day5/Device15/IQ_1.dat,161,12622239,13,17,0,test,diff_days_indoor,5,0,0,0,0,0,0.14905542135238647
data/raw/osu_lora/Diff_Days_Indoor_Setup/Day5/Device15/IQ_1.dat,162,12700638,13,12,0,test,diff_days_indoor,5,0,0,0,0,0,0.21062873303890228
data/raw/osu_lora/Diff_Days_Indoor_Setup/Day5/Device15/IQ_1.dat,163,12779037,13,12,0,test,diff_days_indoor,5,0,0,0,0,0,0.237212136387825
data/raw/osu_lora/Diff_Days_Indoor_Setup/Day5/Device15/IQ_1.dat,164,12857436,13,16,0,test,diff_days_indoor,5,0,0,0,0,0,0.2902008295059204
data/raw/osu_lora/Diff_Days_Indoor_Setup/Day5/Device15/IQ_1.dat,165,12935835,13,22,0,test,diff_days_indoor,5,0,0,0,0,0,0.2747480273246765
data/raw/osu_lora/Diff_Days_Indoor_Setup/Day5/Device15/IQ_1.dat,166,13014234,13,7,0,test,diff_days_indoor,5,0,0,0,0,0,0.19808818399906158
data/raw/osu_lora/Diff_Days_Indoor_Setup/Day5/Device15/IQ_1.dat,167,13092633,13,13,1,test,diff_days_indoor,5,0,0,0,0,0,0.2492777705192566
data/raw/osu_lora/Diff_Days_Indoor_Setup/Day5/Device15/IQ_1.dat,168,13171032,13,9,0,test,diff_days_indoor,5,0,0,0,0,0,0.22053231298923492
data/raw/osu_lora/Diff_Days_Indoor_Setup/Day5/Device15/IQ_1.dat,169,13249431,13,12,0,test,diff_days_indoor,5,0,0,0,0,0,0.2719588875770569
data/raw/osu_lora/Diff_Days_Indoor_Setup/Day5/Device15/IQ_1.dat,170,13327830,13,13,1,test,diff_days_indoor,5,0,0,0,0,0,0.29394036531448364
data/raw/osu_lora/Diff_Days_Indoor_Setup/Day5/Device15/IQ_1.dat,171,13406229,13,13,1,test,diff_days_indoor,5,0,0,0,0,0,0.3883850574493408
data/raw/osu_lora/Diff_Days_Indoor_Setup/Day5/Device15/IQ_1.dat,172,13484628,13,12,0,test,diff_days_indoor,5,0,0,0,0,0,0.2619194984436035
data/raw/osu_lora/Diff_Days_Indoor_Setup/Day5/Device15/IQ_1.dat,173,13563027,13,13,1,test,diff_days_indoor,5,0,0,0,0,0,0.17983193695545197
data/raw/osu_lora/Diff_Days_Indoor_Setup/Day5/Device15/IQ_1.dat,174,13641426,13,12,0,test,diff_days_indoor,5,0,0,0,0,0,0.2656906247138977
data/raw/osu_lora/Diff_Days_Indoor_Setup/Day5/Device15/IQ_1.dat,175,13719825,13,12,0,test,diff_days_indoor,5,0,0,0,0,0,0.3019959330558777
data/raw/osu_lora/Diff_Days_Indoor_Setup/Day5/Device15/IQ_1.dat,176,13798224,13,4,0,test,diff_days_indoor,5,0,0,0,0,0,0.2886117398738861
data/raw/osu_lora/Diff_Days_Indoor_Setup/Day5/Device15/IQ_1.dat,177,13876623,13,13,1,test,diff_days_indoor,5,0,0,0,0,0,0.30687281489372253
data/raw/osu_lora/Diff_Days_Indoor_Setup/Day5/Device15/IQ_1.dat,178,13955022,13,7,0,test,diff_days_indoor,5,0,0,0,0,0,0.26044508814811707
data/raw/osu_lora/Diff_Days_Indoor_Setup/Day5/Device15/IQ_1.dat,179,14033421,13,13,1,test,diff_days_indoor,5,0,0,0,0,0,0.37267738580703735
data/raw/osu_lora/Diff_Days_Indoor_Setup/Day5/Device15/IQ_1.dat,180,14111820,13,19,0,test,diff_days_indoor,5,0,0,0,0,0,0.13964837789535522
data/raw/osu_lora/Diff_Days_Indoor_Setup/Day5/Device15/IQ_1.dat,181,14190219,13,12,0,test,diff_days_indoor,5,0,0,0,0,0,0.2581441402435303
data/raw/osu_lora/Diff_Days_Indoor_Setup/Day5/Device15/IQ_1.dat,182,14268618,13,21,0,test,diff_days_indoor,5,0,0,0,0,0,0.16967418789863586
data/raw/osu_lora/Diff_Days_Indoor_Setup/Day5/Device15/IQ_1.dat,183,14347017,13,19,0,test,diff_days_indoor,5,0,0,0,0,0,0.23524877429008484
data/raw/osu_lora/Diff_Days_Indoor_Setup/Day5/Device15/IQ_1.dat,184,14425416,13,17,0,test,diff_days_indoor,5,0,0,0,0,0,0.14192728698253632
data/raw/osu_lora/Diff_Days_Indoor_Setup/Day5/Device15/IQ_1.dat,185,14503815,13,12,0,test,diff_days_indoor,5,0,0,0,0,0,0.33686563372612
data/raw/osu_lora/Diff_Days_Indoor_Setup/Day5/Device15/IQ_1.dat,186,14582214,13,17,0,test,diff_days_indoor,5,0,0,0,0,0,0.201004296541214
data/raw/osu_lora/Diff_Days_Indoor_Setup/Day5/Device15/IQ_1.dat,187,14660613,13,4,0,test,diff_days_indoor,5,0,0,0,0,0,0.219246506690979
data/raw/osu_lora/Diff_Days_Indoor_Setup/Day5/Device15/IQ_1.dat,188,14739012,13,7,0,test,diff_days_indoor,5,0,0,0,0,0,0.28830721974372864
data/raw/osu_lora/Diff_Days_Indoor_Setup/Day5/Device15/IQ_1.dat,189,14817411,13,12,0,test,diff_days_indoor,5,0,0,0,0,0,0.40888601541519165
data/raw/osu_lora/Diff_Days_Indoor_Setup/Day5/Device15/IQ_1.dat,190,14895810,13,13,1,test,diff_days_indoor,5,0,0,0,0,0,0.3061474859714508
data/raw/osu_lora/Diff_Days_Indoor_Setup/Day5/Device15/IQ_1.dat,191,14974209,13,13,1,test,diff_days_indoor,5,0,0,0,0,0,0.12672388553619385
data/raw/osu_lora/Diff_Days_Indoor_Setup/Day5/Device15/IQ_1.dat,192,15052608,13,13,1,test,diff_days_indoor,5,0,0,0,0,0,0.16491703689098358
data/raw/osu_lora/Diff_Days_Indoor_Setup/Day5/Device15/IQ_1.dat,193,15131007,13,12,0,test,diff_days_indoor,5,0,0,0,0,0,0.3648817241191864
data/raw/osu_lora/Diff_Days_Indoor_Setup/Day5/Device15/IQ_1.dat,194,15209406,13,12,0,test,diff_days_indoor,5,0,0,0,0,0,0.3938876986503601
data/raw/osu_lora/Diff_Days_Indoor_Setup/Day5/Device15/IQ_1.dat,195,15287805,13,22,0,test,diff_days_indoor,5,0,0,0,0,0,0.22749890387058258
data/raw/osu_lora/Diff_Days_Indoor_Setup/Day5/Device15/IQ_1.dat,196,15366204,13,13,1,test,diff_days_indoor,5,0,0,0,0,0,0.3424677848815918
data/raw/osu_lora/Diff_Days_Indoor_Setup/Day5/Device15/IQ_1.dat,197,15444603,13,21,0,test,diff_days_indoor,5,0,0,0,0,0,0.18430264294147491
data/raw/osu_lora/Diff_Days_Indoor_Setup/Day5/Device15/IQ_1.dat,198,15523002,13,13,1,test,diff_days_indoor,5,0,0,0,0,0,0.34583818912506104
data/raw/osu_lora/Diff_Days_Indoor_Setup/Day5/Device15/IQ_1.dat,199,15601401,13,12,0,test,diff_days_indoor,5,0,0,0,0,0,0.2477351725101471
data/raw/osu_lora/Diff_Days_Indoor_Setup/Day5/Device15/IQ_1.dat,200,15679800,13,12,0,test,diff_days_indoor,5,0,0,0,0,0,0.31707191467285156
data/raw/osu_lora/Diff_Days_Indoor_Setup/Day5/Device15/IQ_1.dat,201,15758199,13,12,0,test,diff_days_indoor,5,0,0,0,0,0,0.3366715610027313
data/raw/osu_lora/Diff_Days_Indoor_Setup/Day5/Device15/IQ_1.dat,202,15836598,13,7,0,test,diff_days_indoor,5,0,0,0,0,0,0.24250216782093048
data/raw/osu_lora/Diff_Days_Indoor_Setup/Day5/Device15/IQ_1.dat,203,15914997,13,7,0,test,diff_days_indoor,5,0,0,0,0,0,0.18313856422901154
data/raw/osu_lora/Diff_Days_Indoor_Setup/Day5/Device15/IQ_1.dat,204,15993396,13,13,1,test,diff_days_indoor,5,0,0,0,0,0,0.15040187537670135
data/raw/osu_lora/Diff_Days_Indoor_Setup/Day5/Device15/IQ_1.dat,205,16071795,13,12,0,test,diff_days_indoor,5,0,0,0,0,0,0.30793437361717224
data/raw/osu_lora/Diff_Days_Indoor_Setup/Day5/Device15/IQ_1.dat,206,16150194,13,13,1,test,diff_days_indoor,5,0,0,0,0,0,0.26858222484588623
data/raw/osu_lora/Diff_Days_Indoor_Setup/Day5/Device15/IQ_1.dat,207,16228593,13,8,0,test,diff_days_indoor,5,0,0,0,0,0,0.16207347810268402
data/raw/osu_lora/Diff_Days_Indoor_Setup/Day5/Device15/IQ_1.dat,208,16306992,13,13,1,test,diff_days_indoor,5,0,0,0,0,0,0.33517327904701233
data/raw/osu_lora/Diff_Days_Indoor_Setup/Day5/Device15/IQ_1.dat,209,16385391,13,7,0,test,diff_days_indoor,5,0,0,0,0,0,0.24776893854141235
data/raw/osu_lora/Diff_Days_Indoor_Setup/Day5/Device15/IQ_1.dat,210,16463790,13,12,0,test,diff_days_indoor,5,0,0,0,0,0,0.21425524353981018
data/raw/osu_lora/Diff_Days_Indoor_Setup/Day5/Device15/IQ_1.dat,211,16542189,13,12,0,test,diff_days_indoor,5,0,0,0,0,0,0.3793598711490631
data/raw/osu_lora/Diff_Days_Indoor_Setup/Day5/Device15/IQ_1.dat,212,16620588,13,5,0,test,diff_days_indoor,5,0,0,0,0,0,0.21164195239543915
data/raw/osu_lora/Diff_Days_Indoor_Setup/Day5/Device15/IQ_1.dat,213,16698987,13,16,0,test,diff_days_indoor,5,0,0,0,0,0,0.29258984327316284
data/raw/osu_lora/Diff_Days_Indoor_Setup/Day5/Device15/IQ_1.dat,214,16777386,13,18,0,test,diff_days_indoor,5,0,0,0,0,0,0.21434281766414642
data/raw/osu_lora/Diff_Days_Indoor_Setup/Day5/Device15/IQ_1.dat,215,16855785,13,6,0,test,diff_days_indoor,5,0,0,0,0,0,0.10019229352474213
data/raw/osu_lora/Diff_Days_Indoor_Setup/Day5/Device15/IQ_1.dat,216,16934184,13,7,0,test,diff_days_indoor,5,0,0,0,0,0,0.2643004059791565
data/raw/osu_lora/Diff_Days_Indoor_Setup/Day5/Device15/IQ_1.dat,217,17012583,13,13,1,test,diff_days_indoor,5,0,0,0,0,0,0.34483590722084045
data/raw/osu_lora/Diff_Days_Indoor_Setup/Day5/Device15/IQ_1.dat,218,17090982,13,13,1,test,diff_days_indoor,5,0,0,0,0,0,0.1956556886434555
data/raw/osu_lora/Diff_Days_Indoor_Setup/Day5/Device15/IQ_1.dat,219,17169381,13,13,1,test,diff_days_indoor,5,0,0,0,0,0,0.35140082240104675
data/raw/osu_lora/Diff_Days_Indoor_Setup/Day5/Device15/IQ_1.dat,220,17247780,13,12,0,test,diff_days_indoor,5,0,0,0,0,0,0.35958021879196167
data/raw/osu_lora/Diff_Days_Indoor_Setup/Day5/Device15/IQ_1.dat,221,17326179,13,12,0,test,diff_days_indoor,5,0,0,0,0,0,0.30677706003189087
data/raw/osu_lora/Diff_Days_Indoor_Setup/Day5/Device15/IQ_1.dat,222,17404578,13,12,0,test,diff_days_indoor,5,0,0,0,0,0,0.3543889820575714
data/raw/osu_lora/Diff_Days_Indoor_Setup/Day5/Device15/IQ_1.dat,223,17482977,13,13,1,test,diff_days_indoor,5,0,0,0,0,0,0.24755637347698212
data/raw/osu_lora/Diff_Days_Indoor_Setup/Day5/Device15/IQ_1.dat,224,17561376,13,16,0,test,diff_days_indoor,5,0,0,0,0,0,0.2925250828266144
data/raw/osu_lora/Diff_Days_Indoor_Setup/Day5/Device15/IQ_1.dat,225,17639775,13,12,0,test,diff_days_indoor,5,0,0,0,0,0,0.18818193674087524
data/raw/osu_lora/Diff_Days_Indoor_Setup/Day5/Device15/IQ_1.dat,226,17718174,13,10,0,test,diff_days_indoor,5,0,0,0,0,0,0.15927128493785858
data/raw/osu_lora/Diff_Days_Indoor_Setup/Day5/Device15/IQ_1.dat,227,17796573,13,13,1,test,diff_days_indoor,5,0,0,0,0,0,0.28465649485588074
data/raw/osu_lora/Diff_Days_Indoor_Setup/Day5/Device15/IQ_1.dat,228,17874972,13,12,0,test,diff_days_indoor,5,0,0,0,0,0,0.4022566080093384
data/raw/osu_lora/Diff_Days_Indoor_Setup/Day5/Device15/IQ_1.dat,229,17953371,13,12,0,test,diff_days_indoor,5,0,0,0,0,0,0.33558014035224915
data/raw/osu_lora/Diff_Days_Indoor_Setup/Day5/Device15/IQ_1.dat,230,18031770,13,12,0,test,diff_days_indoor,5,0,0,0,0,0,0.35268521308898926
data/raw/osu_lora/Diff_Days_Indoor_Setup/Day5/Device15/IQ_1.dat,231,18110169,13,13,1,test,diff_days_indoor,5,0,0,0,0,0,0.22632354497909546
data/raw/osu_lora/Diff_Days_Indoor_Setup/Day5/Device15/IQ_1.dat,232,18188568,13,5,0,test,diff_days_indoor,5,0,0,0,0,0,0.23008105158805847
data/raw/osu_lora/Diff_Days_Indoor_Setup/Day5/Device15/IQ_1.dat,233,18266967,13,13,1,test,diff_days_indoor,5,0,0,0,0,0,0.23372147977352142
data/raw/osu_lora/Diff_Days_Indoor_Setup/Day5/Device15/IQ_1.dat,234,18345366,13,13,1,test,diff_days_indoor,5,0,0,0,0,0,0.34641462564468384
data/raw/osu_lora/Diff_Days_Indoor_Setup/Day5/Device15/IQ_1.dat,235,18423765,13,13,1,test,diff_days_indoor,5,0,0,0,0,0,0.2571312189102173
data/raw/osu_lora/Diff_Days_Indoor_Setup/Day5/Device15/IQ_1.dat,236,18502164,13,7,0,test,diff_days_indoor,5,0,0,0,0,0,0.27337646484375
data/raw/osu_lora/Diff_Days_Indoor_Setup/Day5/Device15/IQ_1.dat,237,18580563,13,13,1,test,diff_days_indoor,5,0,0,0,0,0,0.32528698444366455
data/raw/osu_lora/Diff_Days_Indoor_Setup/Day5/Device15/IQ_1.dat,238,18658962,13,12,0,test,diff_days_indoor,5,0,0,0,0,0,0.18674243986606598
data/raw/osu_lora/Diff_Days_Indoor_Setup/Day5/Device15/IQ_1.dat,239,18737361,13,13,1,test,diff_days_indoor,5,0,0,0,0,0,0.33028149604797363
data/raw/osu_lora/Diff_Days_Indoor_Setup/Day5/Device15/IQ_1.dat,240,18815760,13,12,0,test,diff_days_indoor,5,0,0,0,0,0,0.2350047379732132
data/raw/osu_lora/Diff_Days_Indoor_Setup/Day5/Device15/IQ_1.dat,241,18894159,13,12,0,test,diff_days_indoor,5,0,0,0,0,0,0.3264877200126648
data/raw/osu_lora/Diff_Days_Indoor_Setup/Day5/Device15/IQ_1.dat,242,18972558,13,7,0,test,diff_days_indoor,5,0,0,0,0,0,0.1834563910961151
data/raw/osu_lora/Diff_Days_Indoor_Setup/Day5/Device15/IQ_1.dat,243,19050957,13,16,0,test,diff_days_indoor,5,0,0,0,0,0,0.20857973396778107
data/raw/osu_lora/Diff_Days_Indoor_Setup/Day5/Device15/IQ_1.dat,244,19129356,13,12,0,test,diff_days_indoor,5,0,0,0,0,0,0.2826979160308838
data/raw/osu_lora/Diff_Days_Indoor_Setup/Day5/Device15/IQ_1.dat,245,19207755,13,13,1,test,diff_days_indoor,5,0,0,0,0,0,0.28762659430503845
data/raw/osu_lora/Diff_Days_Indoor_Setup/Day5/Device15/IQ_1.dat,246,19286154,13,13,1,test,diff_days_indoor,5,0,0,0,0,0,0.41389861702919006
data/raw/osu_lora/Diff_Days_Indoor_Setup/Day5/Device15/IQ_1.dat,247,19364553,13,12,0,test,diff_days_indoor,5,0,0,0,0,0,0.31965306401252747
data/raw/osu_lora/Diff_Days_Indoor_Setup/Day5/Device15/IQ_1.dat,248,19442952,13,5,0,test,diff_days_indoor,5,0,0,0,0,0,0.26470425724983215
data/raw/osu_lora/Diff_Days_Indoor_Setup/Day5/Device15/IQ_1.dat,249,19521351,13,7,0,test,diff_days_indoor,5,0,0,0,0,0,0.2295992523431778
data/raw/osu_lora/Diff_Days_Indoor_Setup/Day5/Device15/IQ_1.dat,250,19599750,13,21,0,test,diff_days_indoor,5,0,0,0,0,0,0.176143079996109
data/raw/osu_lora/Diff_Days_Indoor_Setup/Day5/Device15/IQ_1.dat,251,19678149,13,12,0,test,diff_days_indoor,5,0,0,0,0,0,0.34092167019844055
data/raw/osu_lora/Diff_Days_Indoor_Setup/Day5/Device15/IQ_1.dat,252,19756548,13,12,0,test,diff_days_indoor,5,0,0,0,0,0,0.2901240587234497
data/raw/osu_lora/Diff_Days_Indoor_Setup/Day5/Device15/IQ_1.dat,253,19834947,13,13,1,test,diff_days_indoor,5,0,0,0,0,0,0.38845428824424744
data/raw/osu_lora/Diff_Days_Indoor_Setup/Day5/Device15/IQ_1.dat,254,19913346,13,13,1,test,diff_days_indoor,5,0,0,0,0,0,0.35474392771720886
data/raw/osu_lora/Diff_Days_Indoor_Setup/Day5/Device15/IQ_1.dat,255,19991745,13,7,0,test,diff_days_indoor,5,0,0,0,0,0,0.28396114706993103
data/raw/osu_lora/Diff_Days_Indoor_Setup/Day5/Device16/IQ_1.dat,0,0,14,18,0,test,diff_days_indoor,5,0,0,0,0,0,0.18002751469612122
data/raw/osu_lora/Diff_Days_Indoor_Setup/Day5/Device16/IQ_1.dat,1,78399,14,14,1,test,diff_days_indoor,5,0,0,0,0,0,0.39403870701789856
data/raw/osu_lora/Diff_Days_Indoor_Setup/Day5/Device16/IQ_1.dat,2,156798,14,9,0,test,diff_days_indoor,5,0,0,0,0,0,0.3527948558330536
data/raw/osu_lora/Diff_Days_Indoor_Setup/Day5/Device16/IQ_1.dat,3,235197,14,14,1,test,diff_days_indoor,5,0,0,0,0,0,0.28843697905540466
data/raw/osu_lora/Diff_Days_Indoor_Setup/Day5/Device16/IQ_1.dat,4,313596,14,9,0,test,diff_days_indoor,5,0,0,0,0,0,0.3429129123687744
data/raw/osu_lora/Diff_Days_Indoor_Setup/Day5/Device16/IQ_1.dat,5,391995,14,9,0,test,diff_days_indoor,5,0,0,0,0,0,0.35449427366256714
data/raw/osu_lora/Diff_Days_Indoor_Setup/Day5/Device16/IQ_1.dat,6,470394,14,21,0,test,diff_days_indoor,5,0,0,0,0,0,0.1621558666229248
data/raw/osu_lora/Diff_Days_Indoor_Setup/Day5/Device16/IQ_1.dat,7,548793,14,9,0,test,diff_days_indoor,5,0,0,0,0,0,0.3551802635192871
data/raw/osu_lora/Diff_Days_Indoor_Setup/Day5/Device16/IQ_1.dat,8,627192,14,22,0,test,diff_days_indoor,5,0,0,0,0,0,0.26213350892066956
data/raw/osu_lora/Diff_Days_Indoor_Setup/Day5/Device16/IQ_1.dat,9,705591,14,14,1,test,diff_days_indoor,5,0,0,0,0,0,0.3803337514400482
data/raw/osu_lora/Diff_Days_Indoor_Setup/Day5/Device16/IQ_1.dat,10,783990,14,14,1,test,diff_days_indoor,5,0,0,0,0,0,0.43545374274253845
data/raw/osu_lora/Diff_Days_Indoor_Setup/Day5/Device16/IQ_1.dat,11,862389,14,22,0,test,diff_days_indoor,5,0,0,0,0,0,0.32875657081604004
data/raw/osu_lora/Diff_Days_Indoor_Setup/Day5/Device16/IQ_1.dat,12,940788,14,14,1,test,diff_days_indoor,5,0,0,0,0,0,0.2792956829071045
data/raw/osu_lora/Diff_Days_Indoor_Setup/Day5/Device16/IQ_1.dat,13,1019187,14,18,0,test,diff_days_indoor,5,0,0,0,0,0,0.3388376235961914
data/raw/osu_lora/Diff_Days_Indoor_Setup/Day5/Device16/IQ_1.dat,14,1097586,14,14,1,test,diff_days_indoor,5,0,0,0,0,0,0.18463915586471558
data/raw/osu_lora/Diff_Days_Indoor_Setup/Day5/Device16/IQ_1.dat,15,1175985,14,13,0,test,diff_days_indoor,5,0,0,0,0,0,0.19680213928222656
data/raw/osu_lora/Diff_Days_Indoor_Setup/Day5/Device16/IQ_1.dat,16,1254384,14,13,0,test,diff_days_indoor,5,0,0,0,0,0,0.26518911123275757
data/raw/osu_lora/Diff_Days_Indoor_Setup/Day5/Device16/IQ_1.dat,17,1332783,14,9,0,test,diff_days_indoor,5,0,0,0,0,0,0.27284350991249084
data/raw/osu_lora/Diff_Days_Indoor_Setup/Day5/Device16/IQ_1.dat,18,1411182,14,14,1,test,diff_days_indoor,5,0,0,0,0,0,0.3726954460144043
data/raw/osu_lora/Diff_Days_Indoor_Setup/Day5/Device16/IQ_1.dat,19,1489581,14,11,0,test,diff_days_indoor,5,0,0,0,0,0,0.6320300102233887
data/raw/osu_lora/Diff_Days_Indoor_Setup/Day5/Device16/IQ_1.dat,20,1567980,14,11,0,test,diff_days_indoor,5,0,0,0,0,0,0.5526677966117859
data/raw/osu_lora/Diff_Days_Indoor_Setup/Day5/Device16/IQ_1.dat,21,1646379,14,22,0,test,diff_days_indoor,5,0,0,0,0,0,0.25271669030189514
data/raw/osu_lora/Diff_Days_Indoor_Setup/Day5/Device16/IQ_1.dat,22,1724778,14,22,0,test,diff_days_indoor,5,0,0,0,0,0,0.21531695127487183
data/raw/osu_lora/Diff_Days_Indoor_Setup/Day5/Device16/IQ_1.dat,23,1803177,14,9,0,test,diff_days_indoor,5,0,0,0,0,0,0.31862178444862366
data/raw/osu_lora/Diff_Days_Indoor_Setup/Day5/Device16/IQ_1.dat,24,1881576,14,9,0,test,diff_days_indoor,5,0,0,0,0,0,0.38835299015045166
data/raw/osu_lora/Diff_Days_Indoor_Setup/Day5/Device16/IQ_1.dat,25,1959975,14,13,0,test,diff_days_indoor,5,0,0,0,0,0,0.18301375210285187
data/raw/osu_lora/Diff_Days_Indoor_Setup/Day5/Device16/IQ_1.dat,26,2038374,14,18,0,test,diff_days_indoor,5,0,0,0,0,0,0.20774050056934357
data/raw/osu_lora/Diff_Days_Indoor_Setup/Day5/Device16/IQ_1.dat,27,2116773,14,22,0,test,diff_days_indoor,5,0,0,0,0,0,0.35738158226013184
data/raw/osu_lora/Diff_Days_Indoor_Setup/Day5/Device16/IQ_1.dat,28,2195172,14,13,0,test,diff_days_indoor,5,0,0,0,0,0,0.3186006546020508
data/raw/osu_lora/Diff_Days_Indoor_Setup/Day5/Device16/IQ_1.dat,29,2273571,14,22,0,test,diff_days_indoor,5,0,0,0,0,0,0.20770472288131714
data/raw/osu_lora/Diff_Days_Indoor_Setup/Day5/Device16/IQ_1.dat,30,2351970,14,14,1,test,diff_days_indoor,5,0,0,0,0,0,0.3672468662261963
data/raw/osu_lora/Diff_Days_Indoor_Setup/Day5/Device16/IQ_1.dat,31,2430369,14,10,0,test,diff_days_indoor,5,0,0,0,0,0,0.20343393087387085
data/raw/osu_lora/Diff_Days_Indoor_Setup/Day5/Device16/IQ_1.dat,32,2508768,14,11,0,test,diff_days_indoor,5,0,0,0,0,0,0.5336145758628845
data/raw/osu_lora/Diff_Days_Indoor_Setup/Day5/Device16/IQ_1.dat,33,2587167,14,12,0,test,diff_days_indoor,5,0,0,0,0,0,0.18180140852928162
data/raw/osu_lora/Diff_Days_Indoor_Setup/Day5/Device16/IQ_1.dat,34,2665566,14,13,0,test,diff_days_indoor,5,0,0,0,0,0,0.34252625703811646
data/raw/osu_lora/Diff_Days_Indoor_Setup/Day5/Device16/IQ_1.dat,35,2743965,14,9,0,test,diff_days_indoor,5,0,0,0,0,0,0.32821786403656006
data/raw/osu_lora/Diff_Days_Indoor_Setup/Day5/Device16/IQ_1.dat,36,2822364,14,9,0,test,diff_days_indoor,5,0,0,0,0,0,0.36823931336402893
data/raw/osu_lora/Diff_Days_Indoor_Setup/Day5/Device16/IQ_1.dat,37,2900763,14,9,0,test,diff_days_indoor,5,0,0,0,0,0,0.22315336763858795
data/raw/osu_lora/Diff_Days_Indoor_Setup/Day5/Device16/IQ_1.dat,38,2979162,14,18,0,test,diff_days_indoor,5,0,0,0,0,0,0.27166813611984253
data/raw/osu_lora/Diff_Days_Indoor_Setup/Day5/Device16/IQ_1.dat,39,3057561,14,18,0,test,diff_days_indoor,5,0,0,0,0,0,0.40768155455589294
data/raw/osu_lora/Diff_Days_Indoor_Setup/Day5/Device16/IQ_1.dat,40,3135960,14,14,1,test,diff_days_indoor,5,0,0,0,0,0,0.5994172096252441
data/raw/osu_lora/Diff_Days_Indoor_Setup/Day5/Device16/IQ_1.dat,41,3214359,14,14,1,test,diff_days_indoor,5,0,0,0,0,0,0.30819249153137207
data/raw/osu_lora/Diff_Days_Indoor_Setup/Day5/Device16/IQ_1.dat,42,3292758,14,14,1,test,diff_days_indoor,5,0,0,0,0,0,0.3707093894481659
data/raw/osu_lora/Diff_Days_Indoor_Setup/Day5/Device16/IQ_1.dat,43,3371157,14,14,1,test,diff_days_indoor,5,0,0,0,0,0,0.31339144706726074
data/raw/osu_lora/Diff_Days_Indoor_Setup/Day5/Device16/IQ_1.dat,44,3449556,14,13,0,test,diff_days_indoor,5,0,0,0,0,0,0.22240470349788666
data/raw/osu_lora/Diff_Days_Indoor_Setup/Day5/Device16/IQ_1.dat,45,3527955,14,18,0,test,diff_days_indoor,5,0,0,0,0,0,0.42336151003837585
data/raw/osu_lora/Diff_Days_Indoor_Setup/Day5/Device16/IQ_1.dat,46,3606354,14,9,0,test,diff_days_indoor,5,0,0,0,0,0,0.3590332567691803
data/raw/osu_lora/Diff_Days_Indoor_Setup/Day5/Device16/IQ_1.dat,47,3684753,14,13,0,test,diff_days_indoor,5,0,0,0,0,0,0.3452657461166382
data/raw/osu_lora/Diff_Days_Indoor_Setup/Day5/Device16/IQ_1.dat,48,3763152,14,14,1,test,diff_days_indoor,5,0,0,0,0,0,0.5184543132781982
data/raw/osu_lora/Diff_Days_Indoor_Setup/Day5/Device16/IQ_1.dat,49,3841551,14,18,0,test,diff_days_indoor,5,0,0,0,0,0,0.2712993323802948
data/raw/osu_lora/Diff_Days_Indoor_Setup/Day5/Device16/IQ_1.dat,50,3919950,14,14,1,test,diff_days_indoor,5,0,0,0,0,0,0.4885713458061218
data/raw/osu_lora/Diff_Days_Indoor_Setup/Day5/Device16/IQ_1.dat,51,3998349,14,18,0,test,diff_days_indoor,5,0,0,0,0,0,0.302535742521286
data/raw/osu_lora/Diff_Days_Indoor_Setup/Day5/Device16/IQ_1.dat,52,4076748,14,14,1,test,diff_days_indoor,5,0,0,0,0,0,0.2930690348148346
data/raw/osu_lora/Diff_Days_Indoor_Setup/Day5/Device16/IQ_1.dat,53,4155147,14,9,0,test,diff_days_indoor,5,0,0,0,0,0,0.21604159474372864
data/raw/osu_lora/Diff_Days_Indoor_Setup/Day5/Device16/IQ_1.dat,54,4233546,14,14,1,test,diff_days_indoor,5,0,0,0,0,0,0.5093541145324707
data/raw/osu_lora/Diff_Days_Indoor_Setup/Day5/Device16/IQ_1.dat,55,4311945,14,19,0,test,diff_days_indoor,5,0,0,0,0,0,0.1715344786643982
data/raw/osu_lora/Diff_Days_Indoor_Setup/Day5/Device16/IQ_1.dat,56,4390344,14,18,0,test,diff_days_indoor,5,0,0,0,0,0,0.36766114830970764
data/raw/osu_lora/Diff_Days_Indoor_Setup/Day5/Device16/IQ_1.dat,57,4468743,14,18,0,test,diff_days_indoor,5,0,0,0,0,0,0.38943400979042053
data/raw/osu_lora/Diff_Days_Indoor_Setup/Day5/Device16/IQ_1.dat,58,4547142,14,9,0,test,diff_days_indoor,5,0,0,0,0,0,0.3306101858615875
data/raw/osu_lora/Diff_Days_Indoor_Setup/Day5/Device16/IQ_1.dat,59,4625541,14,18,0,test,diff_days_indoor,5,0,0,0,0,0,0.2720073163509369
data/raw/osu_lora/Diff_Days_Indoor_Setup/Day5/Device16/IQ_1.dat,60,4703940,14,4,0,test,diff_days_indoor,5,0,0,0,0,0,0.3051825761795044
data/raw/osu_lora/Diff_Days_Indoor_Setup/Day5/Device16/IQ_1.dat,61,4782339,14,4,0,test,diff_days_indoor,5,0,0,0,0,0,0.4270443320274353
data/raw/osu_lora/Diff_Days_Indoor_Setup/Day5/Device16/IQ_1.dat,62,4860738,14,4,0,test,diff_days_indoor,5,0,0,0,0,0,0.3340623676776886
data/raw/osu_lora/Diff_Days_Indoor_Setup/Day5/Device16/IQ_1.dat,63,4939137,14,13,0,test,diff_days_indoor,5,0,0,0,0,0,0.17511245608329773
data/raw/osu_lora/Diff_Days_Indoor_Setup/Day5/Device16/IQ_1.dat,64,5017536,14,18,0,test,diff_days_indoor,5,0,0,0,0,0,0.2669775187969208
data/raw/osu_lora/Diff_Days_Indoor_Setup/Day5/Device16/IQ_1.dat,65,5095935,14,14,1,test,diff_days_indoor,5,0,0,0,0,0,0.4140286445617676
data/raw/osu_lora/Diff_Days_Indoor_Setup/Day5/Device16/IQ_1.dat,66,5174334,14,13,0,test,diff_days_indoor,5,0,0,0,0,0,0.2645168602466583
data/raw/osu_lora/Diff_Days_Indoor_Setup/Day5/Device16/IQ_1.dat,67,5252733,14,14,1,test,diff_days_indoor,5,0,0,0,0,0,0.334459513425827
data/raw/osu_lora/Diff_Days_Indoor_Setup/Day5/Device16/IQ_1.dat,68,5331132,14,5,0,test,diff_days_indoor,5,0,0,0,0,0,0.3767211437225342
data/raw/osu_lora/Diff_Days_Indoor_Setup/Day5/Device16/IQ_1.dat,69,5409531,14,18,0,test,diff_days_indoor,5,0,0,0,0,0,0.25459301471710205
data/raw/osu_lora/Diff_Days_Indoor_Setup/Day5/Device16/IQ_1.dat,70,5487930,14,9,0,test,diff_days_indoor,5,0,0,0,0,0,0.2771397531032562
data/raw/osu_lora/Diff_Days_Indoor_Setup/Day5/Device16/IQ_1.dat,71,5566329,14,14,1,test,diff_days_indoor,5,0,0,0,0,0,0.3817046284675598
data/raw/osu_lora/Diff_Days_Indoor_Setup/Day5/Device16/IQ_1.dat,72,5644728,14,14,1,test,diff_days_indoor,5,0,0,0,0,0,0.2847387194633484
data/raw/osu_lora/Diff_Days_Indoor_Setup/Day5/Device16/IQ_1.dat,73,5723127,14,18,0,test,diff_days_indoor,5,0,0,0,0,0,0.25988656282424927
data/raw/osu_lora/Diff_Days_Indoor_Setup/Day5/Device16/IQ_1.dat,74,5801526,14,11,0,test,diff_days_indoor,5,0,0,0,0,0,0.40221932530403137
data/raw/osu_lora/Diff_Days_Indoor_Setup/Day5/Device16/IQ_1.dat,75,5879925,14,14,1,test,diff_days_indoor,5,0,0,0,0,0,0.4050544202327728
data/raw/osu_lora/Diff_Days_Indoor_Setup/Day5/Device16/IQ_1.dat,76,5958324,14,12,0,test,diff_days_indoor,5,0,0,0,0,0,0.3105517625808716
data/raw/osu_lora/Diff_Days_Indoor_Setup/Day5/Device16/IQ_1.dat,77,6036723,14,9,0,test,diff_days_indoor,5,0,0,0,0,0,0.22750312089920044
data/raw/osu_lora/Diff_Days_Indoor_Setup/Day5/Device16/IQ_1.dat,78,6115122,14,18,0,test,diff_days_indoor,5,0,0,0,0,0,0.3466569781303406
data/raw/osu_lora/Diff_Days_Indoor_Setup/Day5/Device16/IQ_1.dat,79,6193521,14,10,0,test,diff_days_indoor,5,0,0,0,0,0,0.2769836485385895
data/raw/osu_lora/Diff_Days_Indoor_Setup/Day5/Device16/IQ_1.dat,80,6271920,14,23,0,test,diff_days_indoor,5,0,0,0,0,0,0.4036634564399719
data/raw/osu_lora/Diff_Days_Indoor_Setup/Day5/Device16/IQ_1.dat,81,6350319,14,14,1,test,diff_days_indoor,5,0,0,0,0,0,0.16698963940143585
data/raw/osu_lora/Diff_Days_Indoor_Setup/Day5/Device16/IQ_1.dat,82,6428718,14,11,0,test,diff_days_indoor,5,0,0,0,0,0,0.37682485580444336
data/raw/osu_lora/Diff_Days_Indoor_Setup/Day5/Device16/IQ_1.dat,83,6507117,14,14,1,test,diff_days_indoor,5,0,0,0,0,0,0.24718640744686127
data/raw/osu_lora/Diff_Days_Indoor_Setup/Day5/Device16/IQ_1.dat,84,6585516,14,14,1,test,diff_days_indoor,5,0,0,0,0,0,0.5768661499023438
data/raw/osu_lora/Diff_Days_Indoor_Setup/Day5/Device16/IQ_1.dat,85,6663915,14,4,0,test,diff_days_indoor,5,0,0,0,0,0,0.3414479196071625
data/raw/osu_lora/Diff_Days_Indoor_Setup/Day5/Device16/IQ_1.dat,86,6742314,14,21,0,test,diff_days_indoor,5,0,0,0,0,0,0.27325356006622314
data/raw/osu_lora/Diff_Days_Indoor_Setup/Day5/Device16/IQ_1.dat,87,6820713,14,11,0,test,diff_days_indoor,5,0,0,0,0,0,0.2138972282409668
data/raw/osu_lora/Diff_Days_Indoor_Setup/Day5/Device16/IQ_1.dat,88,6899112,14,14,1,test,diff_days_indoor,5,0,0,0,0,0,0.296654611825943
data/raw/osu_lora/Diff_Days_Indoor_Setup/Day5/Device16/IQ_1.dat,89,6977511,14,14,1,test,diff_days_indoor,5,0,0,0,0,0,0.23813220858573914
data/raw/osu_lora/Diff_Days_Indoor_Setup/Day5/Device16/IQ_1.dat,90,7055910,14,9,0,test,diff_days_indoor,5,0,0,0,0,0,0.15488360822200775
data/raw/osu_lora/Diff_Days_Indoor_Setup/Day5/Device16/IQ_1.dat,91,7134309,14,14,1,test,diff_days_indoor,5,0,0,0,0,0,0.37736693024635315
data/raw/osu_lora/Diff_Days_Indoor_Setup/Day5/Device16/IQ_1.dat,92,7212708,14,14,1,test,diff_days_indoor,5,0,0,0,0,0,0.42329713702201843
data/raw/osu_lora/Diff_Days_Indoor_Setup/Day5/Device16/IQ_1.dat,93,7291107,14,14,1,test,diff_days_indoor,5,0,0,0,0,0,0.6277551651000977
data/raw/osu_lora/Diff_Days_Indoor_Setup/Day5/Device16/IQ_1.dat,94,7369506,14,14,1,test,diff_days_indoor,5,0,0,0,0,0,0.18935400247573853
data/raw/osu_lora/Diff_Days_Indoor_Setup/Day5/Device16/IQ_1.dat,95,7447905,14,14,1,test,diff_days_indoor,5,0,0,0,0,0,0.3504599928855896
data/raw/osu_lora/Diff_Days_Indoor_Setup/Day5/Device16/IQ_1.dat,96,7526304,14,9,0,test,diff_days_indoor,5,0,0,0,0,0,0.3092575669288635
data/raw/osu_lora/Diff_Days_Indoor_Setup/Day5/Device16/IQ_1.dat,97,7604703,14,18,0,test,diff_days_indoor,5,0,0,0,0,0,0.36284005641937256
data/raw/osu_lora/Diff_Days_Indoor_Setup/Day5/Device16/IQ_1.dat,98,7683102,14,19,0,test,diff_days_indoor,5,0,0,0,0,0,0.21938998997211456
data/raw/osu_lora/Diff_Days_Indoor_Setup/Day5/Device16/IQ_1.dat,99,7761501,14,18,0,test,diff_days_indoor,5,0,0,0,0,0,0.3475056290626526
data/raw/osu_lora/Diff_Days_Indoor_Setup/Day5/Device16/IQ_1.dat,100,7839900,14,9,0,test,diff_days_indoor,5,0,0,0,0,0,0.14084069430828094
data/raw/osu_lora/Diff_Days_Indoor_Setup/Day5/Device16/IQ_1.dat,101,7918299,14,8,0,test,diff_days_indoor,5,0,0,0,0,0,0.20350119471549988
data/raw/osu_lora/Diff_Days_Indoor_Setup/Day5/Device16/IQ_1.dat,102,7996698,14,14,1,test,diff_days_indoor,5,0,0,0,0,0,0.5153799653053284
data/raw/osu_lora/Diff_Days_Indoor_Setup/Day5/Device16/IQ_1.dat,103,8075097,14,4,0,test,diff_days_indoor,5,0,0,0,0,0,0.41268807649612427
data/raw/osu_lora/Diff_Days_Indoor_Setup/Day5/Device16/IQ_1.dat,104,8153496,14,9,0,test,diff_days_indoor,5,0,0,0,0,0,0.31277164816856384
data/raw/osu_lora/Diff_Days_Indoor_Setup/Day5/Device16/IQ_1.dat,105,8231895,14,14,1,test,diff_days_indoor,5,0,0,0,0,0,0.42759546637535095
data/raw/osu_lora/Diff_Days_Indoor_Setup/Day5/Device16/IQ_1.dat,106,8310294,14,14,1,test,diff_days_indoor,5,0,0,0,0,0,0.29306042194366455
data/raw/osu_lora/Diff_Days_Indoor_Setup/Day5/Device16/IQ_1.dat,107,8388693,14,13,0,test,diff_days_indoor,5,0,0,0,0,0,0.17897893488407135
data/raw/osu_lora/Diff_Days_Indoor_Setup/Day5/Device16/IQ_1.dat,108,8467092,14,18,0,test,diff_days_indoor,5,0,0,0,0,0,0.32702186703681946
data/raw/osu_lora/Diff_Days_Indoor_Setup/Day5/Device16/IQ_1.dat,109,8545491,14,9,0,test,diff_days_indoor,5,0,0,0,0,0,0.24438907206058502
data/raw/osu_lora/Diff_Days_Indoor_Setup/Day5/Device16/IQ_1.dat,110,8623890,14,13,0,test,diff_days_indoor,5,0,0,0,0,0,0.1989879161119461
data/raw/osu_lora/Diff_Days_Indoor_Setup/Day5/Device16/IQ_1.dat,111,8702289,14,21,0,test,diff_days_indoor,5,0,0,0,0,0,0.21691171824932098
data/raw/osu_lora/Diff_Days_Indoor_Setup/Day5/Device16/IQ_1.dat,112,8780688,14,14,1,test,diff_days_indoor,5,0,0,0,0,0,0.4339241087436676
data/raw/osu_lora/Diff_Days_Indoor_Setup/Day5/Device16/IQ_1.dat,113,8859087,14,14,1,test,diff_days_indoor,5,0,0,0,0,0,0.7187116146087646
data/raw/osu_lora/Diff_Days_Indoor_Setup/Day5/Device16/IQ_1.dat,114,8937486,14,13,0,test,diff_days_indoor,5,0,0,0,0,0,0.17530009150505066
data/raw/osu_lora/Diff_Days_Indoor_Setup/Day5/Device16/IQ_1.dat,115,9015885,14,14,1,test,diff_days_indoor,5,0,0,0,0,0,0.5086942315101624
data/raw/osu_lora/Diff_Days_Indoor_Setup/Day5/Device16/IQ_1.dat,116,9094284,14,18,0,test,diff_days_indoor,5,0,0,0,0,0,0.14628654718399048
data/raw/osu_lora/Diff_Days_Indoor_Setup/Day5/Device16/IQ_1.dat,117,9172683,14,9,0,test,diff_days_indoor,5,0,0,0,0,0,0.09733710438013077
data/raw/osu_lora/Diff_Days_Indoor_Setup/Day5/Device16/IQ_1.dat,118,9251082,14,13,0,test,diff_days_indoor,5,0,0,0,0,0,0.2130683809518814
data/raw/osu_lora/Diff_Days_Indoor_Setup/Day5/Device16/IQ_1.dat,119,9329481,14,18,0,test,diff_days_indoor,5,0,0,0,0,0,0.3101605474948883
data/raw/osu_lora/Diff_Days_Indoor_Setup/Day5/Device16/IQ_1.dat,120,9407880,14,13,0,test,diff_days_indoor,5,0,0,0,0,0,0.16383111476898193
data/raw/osu_lora/Diff_Days_Indoor_Setup/Day5/Device16/IQ_1.dat,121,9486279,14,14,1,test,diff_days_indoor,5,0,0,0,0,0,0.29690974950790405
data/raw/osu_lora/Diff_Days_Indoor_Setup/Day5/Device16/IQ_1.dat,122,9564678,14,18,0,test,diff_days_indoor,5,0,0,0,0,0,0.39321765303611755
data/raw/osu_lora/Diff_Days_Indoor_Setup/Day5/Device16/IQ_1.dat,123,9643077,14,14,1,test,diff_days_indoor,5,0,0,0,0,0,0.330173522233963
data/raw/osu_lora/Diff_Days_Indoor_Setup/Day5/Device16/IQ_1.dat,124,9721476,14,14,1,test,diff_days_indoor,5,0,0,0,0,0,0.26443594694137573
data/raw/osu_lora/Diff_Days_Indoor_Setup/Day5/Device16/IQ_1.dat,125,9799875,14,14,1,test,diff_days_indoor,5,0,0,0,0,0,0.3909491300582886
data/raw/osu_lora/Diff_Days_Indoor_Setup/Day5/Device16/IQ_1.dat,126,9878274,14,9,0,test,diff_days_indoor,5,0,0,0,0,0,0.24955108761787415
data/raw/osu_lora/Diff_Days_Indoor_Setup/Day5/Device16/IQ_1.dat,127,9956673,14,9,0,test,diff_days_indoor,5,0,0,0,0,0,0.3407605290412903
data/raw/osu_lora/Diff_Days_Indoor_Setup/Day5/Device16/IQ_1.dat,128,10035072,14,14,1,test,diff_days_indoor,5,0,0,0,0,0,0.2766251266002655
data/raw/osu_lora/Diff_Days_Indoor_Setup/Day5/Device16/IQ_1.dat,129,10113471,14,14,1,test,diff_days_indoor,5,0,0,0,0,0,0.2829474210739136
data/raw/osu_lora/Diff_Days_Indoor_Setup/Day5/Device16/IQ_1.dat,130,10191870,14,9,0,test,diff_days_indoor,5,0,0,0,0,0,0.27986887097358704
data/raw/osu_lora/Diff_Days_Indoor_Setup/Day5/Device16/IQ_1.dat,131,10270269,14,21,0,test,diff_days_indoor,5,0,0,0,0,0,0.27861493825912476
data/raw/osu_lora/Diff_Days_Indoor_Setup/Day5/Device16/IQ_1.dat,132,10348668,14,22,0,test,diff_days_indoor,5,0,0,0,0,0,0.568565845489502
data/raw/osu_lora/Diff_Days_Indoor_Setup/Day5/Device16/IQ_1.dat,133,10427067,14,13,0,test,diff_days_indoor,5,0,0,0,0,0,0.262568861246109
data/raw/osu_lora/Diff_Days_Indoor_Setup/Day5/Device16/IQ_1.dat,134,10505466,14,11,0,test,diff_days_indoor,5,0,0,0,0,0,0.18267805874347687
data/raw/osu_lora/Diff_Days_Indoor_Setup/Day5/Device16/IQ_1.dat,135,10583865,14,14,1,test,diff_days_indoor,5,0,0,0,0,0,0.48285943269729614
data/raw/osu_lora/Diff_Days_Indoor_Setup/Day5/Device16/IQ_1.dat,136,10662264,14,11,0,test,diff_days_indoor,5,0,0,0,0,0,0.7876396775245667
data/raw/osu_lora/Diff_Days_Indoor_Setup/Day5/Device16/IQ_1.dat,137,10740663,14,13,0,test,diff_days_indoor,5,0,0,0,0,0,0.27245447039604187
data/raw/osu_lora/Diff_Days_Indoor_Setup/Day5/Device16/IQ_1.dat,138,10819062,14,13,0,test,diff_days_indoor,5,0,0,0,0,0,0.31021952629089355
data/raw/osu_lora/Diff_Days_Indoor_Setup/Day5/Device16/IQ_1.dat,139,10897461,14,14,1,test,diff_days_indoor,5,0,0,0,0,0,0.3973144590854645
data/raw/osu_lora/Diff_Days_Indoor_Setup/Day5/Device16/IQ_1.dat,140,10975860,14,14,1,test,diff_days_indoor,5,0,0,0,0,0,0.29396486282348633
data/raw/osu_lora/Diff_Days_Indoor_Setup/Day5/Device16/IQ_1.dat,141,11054259,14,21,0,test,diff_days_indoor,5,0,0,0,0,0,0.30658426880836487
data/raw/osu_lora/Diff_Days_Indoor_Setup/Day5/Device16/IQ_1.dat,142,11132658,14,5,0,test,diff_days_indoor,5,0,0,0,0,0,0.5836571455001831
data/raw/osu_lora/Diff_Days_Indoor_Setup/Day5/Device16/IQ_1.dat,143,11211057,14,9,0,test,diff_days_indoor,5,0,0,0,0,0,0.31356126070022583
data/raw/osu_lora/Diff_Days_Indoor_Setup/Day5/Device16/IQ_1.dat,144,11289456,14,14,1,test,diff_days_indoor,5,0,0,0,0,0,0.4140770137310028
data/raw/osu_lora/Diff_Days_Indoor_Setup/Day5/Device16/IQ_1.dat,145,11367855,14,13,0,test,diff_days_indoor,5,0,0,0,0,0,0.12068045884370804
data/raw/osu_lora/Diff_Days_Indoor_Setup/Day5/Device16/IQ_1.dat,146,11446254,14,14,1,test,diff_days_indoor,5,0,0,0,0,0,0.3012908697128296
data/raw/osu_lora/Diff_Days_Indoor_Setup/Day5/Device16/IQ_1.dat,147,11524653,14,14,1,test,diff_days_indoor,5,0,0,0,0,0,0.3785589337348938
data/raw/osu_lora/Diff_Days_Indoor_Setup/Day5/Device16/IQ_1.dat,148,11603052,14,14,1,test,diff_days_indoor,5,0,0,0,0,0,0.325636088848114
data/raw/osu_lora/Diff_Days_Indoor_Setup/Day5/Device16/IQ_1.dat,149,11681451,14,18,0,test,diff_days_indoor,5,0,0,0,0,0,0.13200552761554718
data/raw/osu_lora/Diff_Days_Indoor_Setup/Day5/Device16/IQ_1.dat,150,11759850,14,13,0,test,diff_days_indoor,5,0,0,0,0,0,0.1510220617055893
data/raw/osu_lora/Diff_Days_Indoor_Setup/Day5/Device16/IQ_1.dat,151,11838249,14,18,0,test,diff_days_indoor,5,0,0,0,0,0,0.26766055822372437
data/raw/osu_lora/Diff_Days_Indoor_Setup/Day5/Device16/IQ_1.dat,152,11916648,14,14,1,test,diff_days_indoor,5,0,0,0,0,0,0.4767412841320038
data/raw/osu_lora/Diff_Days_Indoor_Setup/Day5/Device16/IQ_1.dat,153,11995047,14,13,0,test,diff_days_indoor,5,0,0,0,0,0,0.2221815139055252
data/raw/osu_lora/Diff_Days_Indoor_Setup/Day5/Device16/IQ_1.dat,154,12073446,14,14,1,test,diff_days_indoor,5,0,0,0,0,0,0.2781496047973633
data/raw/osu_lora/Diff_Days_Indoor_Setup/Day5/Device16/IQ_1.dat,155,12151845,14,22,0,test,diff_days_indoor,5,0,0,0,0,0,0.29303866624832153
data/raw/osu_lora/Diff_Days_Indoor_Setup/Day5/Device16/IQ_1.dat,156,12230244,14,14,1,test,diff_days_indoor,5,0,0,0,0,0,0.557927131652832
data/raw/osu_lora/Diff_Days_Indoor_Setup/Day5/Device16/IQ_1.dat,157,12308643,14,11,0,test,diff_days_indoor,5,0,0,0,0,0,0.49633219838142395
data/raw/osu_lora/Diff_Days_Indoor_Setup/Day5/Device16/IQ_1.dat,158,12387042,14,14,1,test,diff_days_indoor,5,0,0,0,0,0,0.3552684783935547
data/raw/osu_lora/Diff_Days_Indoor_Setup/Day5/Device16/IQ_1.dat,159,12465441,14,18,0,test,diff_days_indoor,5,0,0,0,0,0,0.3145357370376587
data/raw/osu_lora/Diff_Days_Indoor_Setup/Day5/Device16/IQ_1.dat,160,12543840,14,14,1,test,diff_days_indoor,5,0,0,0,0,0,0.4700232744216919
data/raw/osu_lora/Diff_Days_Indoor_Setup/Day5/Device16/IQ_1.dat,161,12622239,14,14,1,test,diff_days_indoor,5,0,0,0,0,0,0.40401992201805115
data/raw/osu_lora/Diff_Days_Indoor_Setup/Day5/Device16/IQ_1.dat,162,12700638,14,18,0,test,diff_days_indoor,5,0,0,0,0,0,0.2719361484050751
data/raw/osu_lora/Diff_Days_Indoor_Setup/Day5/Device16/IQ_1.dat,163,12779037,14,9,0,test,diff_days_indoor,5,0,0,0,0,0,0.34120941162109375
data/raw/osu_lora/Diff_Days_Indoor_Setup/Day5/Device16/IQ_1.dat,164,12857436,14,9,0,test,diff_days_indoor,5,0,0,0,0,0,0.36601102352142334
data/raw/osu_lora/Diff_Days_Indoor_Setup/Day5/Device16/IQ_1.dat,165,12935835,14,4,0,test,diff_days_indoor,5,0,0,0,0,0,0.349307656288147
data/raw/osu_lora/Diff_Days_Indoor_Setup/Day5/Device16/IQ_1.dat,166,13014234,14,14,1,test,diff_days_indoor,5,0,0,0,0,0,0.3396328091621399
data/raw/osu_lora/Diff_Days_Indoor_Setup/Day5/Device16/IQ_1.dat,167,13092633,14,14,1,test,diff_days_indoor,5,0,0,0,0,0,0.36337319016456604
data/raw/osu_lora/Diff_Days_Indoor_Setup/Day5/Device16/IQ_1.dat,168,13171032,14,14,1,test,diff_days_indoor,5,0,0,0,0,0,0.3541085422039032
data/raw/osu_lora/Diff_Days_Indoor_Setup/Day5/Device16/IQ_1.dat,169,13249431,14,14,1,test,diff_days_indoor,5,0,0,0,0,0,0.3731576204299927
data/raw/osu_lora/Diff_Days_Indoor_Setup/Day5/Device16/IQ_1.dat,170,13327830,14,18,0,test,diff_days_indoor,5,0,0,0,0,0,0.2894592881202698
data/raw/osu_lora/Diff_Days_Indoor_Setup/Day5/Device16/IQ_1.dat,171,13406229,14,9,0,test,diff_days_indoor,5,0,0,0,0,0,0.336089164018631
data/raw/osu_lora/Diff_Days_Indoor_Setup/Day5/Device16/IQ_1.dat,172,13484628,14,18,0,test,diff_days_indoor,5,0,0,0,0,0,0.2562456429004669
data/raw/osu_lora/Diff_Days_Indoor_Setup/Day5/Device16/IQ_1.dat,173,13563027,14,9,0,test,diff_days_indoor,5,0,0,0,0,0,0.3536265194416046
data/raw/osu_lora/Diff_Days_Indoor_Setup/Day5/Device16/IQ_1.dat,174,13641426,14,9,0,test,diff_days_indoor,5,0,0,0,0,0,0.36213037371635437
data/raw/osu_lora/Diff_Days_Indoor_Setup/Day5/Device16/IQ_1.dat,175,13719825,14,14,1,test,diff_days_indoor,5,0,0,0,0,0,0.20188336074352264
data/raw/osu_lora/Diff_Days_Indoor_Setup/Day5/Device16/IQ_1.dat,176,13798224,14,14,1,test,diff_days_indoor,5,0,0,0,0,0,0.4224194288253784
data/raw/osu_lora/Diff_Days_Indoor_Setup/Day5/Device16/IQ_1.dat,177,13876623,14,14,1,test,diff_days_indoor,5,0,0,0,0,0,0.3184366226196289
data/raw/osu_lora/Diff_Days_Indoor_Setup/Day5/Device16/IQ_1.dat,178,13955022,14,14,1,test,diff_days_indoor,5,0,0,0,0,0,0.42513906955718994
data/raw/osu_lora/Diff_Days_Indoor_Setup/Day5/Device16/IQ_1.dat,179,14033421,14,13,0,test,diff_days_indoor,5,0,0,0,0,0,0.17565074563026428
data/raw/osu_lora/Diff_Days_Indoor_Setup/Day5/Device16/IQ_1.dat,180,14111820,14,10,0,test,diff_days_indoor,5,0,0,0,0,0,0.27902528643608093
data/raw/osu_lora/Diff_Days_Indoor_Setup/Day5/Device16/IQ_1.dat,181,14190219,14,18,0,test,diff_days_indoor,5,0,0,0,0,0,0.3163202702999115
data/raw/osu_lora/Diff_Days_Indoor_Setup/Day5/Device16/IQ_1.dat,182,14268618,14,18,0,test,diff_days_indoor,5,0,0,0,0,0,0.31287625432014465
data/raw/osu_lora/Diff_Days_Indoor_Setup/Day5/Device16/IQ_1.dat,183,14347017,14,13,0,test,diff_days_indoor,5,0,0,0,0,0,0.16495993733406067
data/raw/osu_lora/Diff_Days_Indoor_Setup/Day5/Device16/IQ_1.dat,184,14425416,14,9,0,test,diff_days_indoor,5,0,0,0,0,0,0.23765413463115692
data/raw/osu_lora/Diff_Days_Indoor_Setup/Day5/Device16/IQ_1.dat,185,14503815,14,14,1,test,diff_days_indoor,5,0,0,0,0,0,0.42514699697494507
data/raw/osu_lora/Diff_Days_Indoor_Setup/Day5/Device16/IQ_1.dat,186,14582214,14,11,0,test,diff_days_indoor,5,0,0,0,0,0,0.42292460799217224
data/raw/osu_lora/Diff_Days_Indoor_Setup/Day5/Device16/IQ_1.dat,187,14660613,14,14,1,test,diff_days_indoor,5,0,0,0,0,0,0.39662832021713257
data/raw/osu_lora/Diff_Days_Indoor_Setup/Day5/Device16/IQ_1.dat,188,14739012,14,14,1,test,diff_days_indoor,5,0,0,0,0,0,0.3874024450778961
data/raw/osu_lora/Diff_Days_Indoor_Setup/Day5/Device16/IQ_1.dat,189,14817411,14,14,1,test,diff_days_indoor,5,0,0,0,0,0,0.35377034544944763
data/raw/osu_lora/Diff_Days_Indoor_Setup/Day5/Device16/IQ_1.dat,190,14895810,14,9,0,test,diff_days_indoor,5,0,0,0,0,0,0.09660811722278595
data/raw/osu_lora/Diff_Days_Indoor_Setup/Day5/Device16/IQ_1.dat,191,14974209,14,18,0,test,diff_days_indoor,5,0,0,0,0,0,0.1740187406539917
data/raw/osu_lora/Diff_Days_Indoor_Setup/Day5/Device16/IQ_1.dat,192,15052608,14,18,0,test,diff_days_indoor,5,0,0,0,0,0,0.1521705836057663
data/raw/osu_lora/Diff_Days_Indoor_Setup/Day5/Device16/IQ_1.dat,193,15131007,14,9,0,test,diff_days_indoor,5,0,0,0,0,0,0.3633185923099518
data/raw/osu_lora/Diff_Days_Indoor_Setup/Day5/Device16/IQ_1.dat,194,15209406,14,18,0,test,diff_days_indoor,5,0,0,0,0,0,0.15475964546203613
data/raw/osu_lora/Diff_Days_Indoor_Setup/Day5/Device16/IQ_1.dat,195,15287805,14,9,0,test,diff_days_indoor,5,0,0,0,0,0,0.3457105755805969
data/raw/osu_lora/Diff_Days_Indoor_Setup/Day5/Device16/IQ_1.dat,196,15366204,14,11,0,test,diff_days_indoor,5,0,0,0,0,0,0.1993226706981659
data/raw/osu_lora/Diff_Days_Indoor_Setup/Day5/Device16/IQ_1.dat,197,15444603,14,14,1,test,diff_days_indoor,5,0,0,0,0,0,0.3515138030052185
data/raw/osu_lora/Diff_Days_Indoor_Setup/Day5/Device16/IQ_1.dat,198,15523002,14,14,1,test,diff_days_indoor,5,0,0,0,0,0,0.34076476097106934
data/raw/osu_lora/Diff_Days_Indoor_Setup/Day5/Device16/IQ_1.dat,199,15601401,14,22,0,test,diff_days_indoor,5,0,0,0,0,0,0.4630368947982788
data/raw/osu_lora/Diff_Days_Indoor_Setup/Day5/Device16/IQ_1.dat,200,15679800,14,22,0,test,diff_days_indoor,5,0,0,0,0,0,0.6473578810691833
data/raw/osu_lora/Diff_Days_Indoor_Setup/Day5/Device16/IQ_1.dat,201,15758199,14,22,0,test,diff_days_indoor,5,0,0,0,0,0,0.33323565125465393
data/raw/osu_lora/Diff_Days_Indoor_Setup/Day5/Device16/IQ_1.dat,202,15836598,14,18,0,test,diff_days_indoor,5,0,0,0,0,0,0.28463107347488403
data/raw/osu_lora/Diff_Days_Indoor_Setup/Day5/Device16/IQ_1.dat,203,15914997,14,9,0,test,diff_days_indoor,5,0,0,0,0,0,0.29157042503356934
data/raw/osu_lora/Diff_Days_Indoor_Setup/Day5/Device16/IQ_1.dat,204,15993396,14,9,0,test,diff_days_indoor,5,0,0,0,0,0,0.3323841989040375
data/raw/osu_lora/Diff_Days_Indoor_Setup/Day5/Device16/IQ_1.dat,205,16071795,14,21,0,test,diff_days_indoor,5,0,0,0,0,0,0.3431735038757324
data/raw/osu_lora/Diff_Days_Indoor_Setup/Day5/Device16/IQ_1.dat,206,16150194,14,4,0,test,diff_days_indoor,5,0,0,0,0,0,0.5598881244659424
data/raw/osu_lora/Diff_Days_Indoor_Setup/Day5/Device16/IQ_1.dat,207,16228593,14,14,1,test,diff_days_indoor,5,0,0,0,0,0,0.546966016292572
data/raw/osu_lora/Diff_Days_Indoor_Setup/Day5/Device16/IQ_1.dat,208,16306992,14,14,1,test,diff_days_indoor,5,0,0,0,0,0,0.413979709148407
data/raw/osu_lora/Diff_Days_Indoor_Setup/Day5/Device16/IQ_1.dat,209,16385391,14,14,1,test,diff_days_indoor,5,0,0,0,0,0,0.39362668991088867
data/raw/osu_lora/Diff_Days_Indoor_Setup/Day5/Device16/IQ_1.dat,210,16463790,14,14,1,test,diff_days_indoor,5,0,0,0,0,0,0.3065131902694702
data/raw/osu_lora/Diff_Days_Indoor_Setup/Day5/Device16/IQ_1.dat,211,16542189,14,2,0,test,diff_days_indoor,5,0,0,0,0,0,0.2524232864379883
data/raw/osu_lora/Diff_Days_Indoor_Setup/Day5/Device16/IQ_1.dat,212,16620588,14,14,1,test,diff_days_indoor,5,0,0,0,0,0,0.29133015871047974
data/raw/osu_lora/Diff_Days_Indoor_Setup/Day5/Device16/IQ_1.dat,213,16698987,14,14,1,test,diff_days_indoor,5,0,0,0,0,0,0.39332321286201477
data/raw/osu_lora/Diff_Days_Indoor_Setup/Day5/Device16/IQ_1.dat,214,16777386,14,18,0,test,diff_days_indoor,5,0,0,0,0,0,0.23928923904895782
data/raw/osu_lora/Diff_Days_Indoor_Setup/Day5/Device16/IQ_1.dat,215,16855785,14,13,0,test,diff_days_indoor,5,0,0,0,0,0,0.297289103269577
data/raw/osu_lora/Diff_Days_Indoor_Setup/Day5/Device16/IQ_1.dat,216,16934184,14,9,0,test,diff_days_indoor,5,0,0,0,0,0,0.4035750925540924
data/raw/osu_lora/Diff_Days_Indoor_Setup/Day5/Device16/IQ_1.dat,217,17012583,14,4,0,test,diff_days_indoor,5,0,0,0,0,0,0.29135245084762573
data/raw/osu_lora/Diff_Days_Indoor_Setup/Day5/Device16/IQ_1.dat,218,17090982,14,11,0,test,diff_days_indoor,5,0,0,0,0,0,0.528144896030426
data/raw/osu_lora/Diff_Days_Indoor_Setup/Day5/Device16/IQ_1.dat,219,17169381,14,22,0,test,diff_days_indoor,5,0,0,0,0,0,0.30580347776412964
data/raw/osu_lora/Diff_Days_Indoor_Setup/Day5/Device16/IQ_1.dat,220,17247780,14,13,0,test,diff_days_indoor,5,0,0,0,0,0,0.19093170762062073
data/raw/osu_lora/Diff_Days_Indoor_Setup/Day5/Device16/IQ_1.dat,221,17326179,14,13,0,test,diff_days_indoor,5,0,0,0,0,0,0.18547527492046356
data/raw/osu_lora/Diff_Days_Indoor_Setup/Day5/Device16/IQ_1.dat,222,17404578,14,14,1,test,diff_days_indoor,5,0,0,0,0,0,0.3870539665222168
data/raw/osu_lora/Diff_Days_Indoor_Setup/Day5/Device16/IQ_1.dat,223,17482977,14,12,0,test,diff_days_indoor,5,0,0,0,0,0,0.25754106044769287
data/raw/osu_lora/Diff_Days_Indoor_Setup/Day5/Device16/IQ_1.dat,224,17561376,14,14,1,test,diff_days_indoor,5,0,0,0,0,0,0.2750959098339081
data/raw/osu_lora/Diff_Days_Indoor_Setup/Day5/Device16/IQ_1.dat,225,17639775,14,13,0,test,diff_days_indoor,5,0,0,0,0,0,0.21686145663261414
data/raw/osu_lora/Diff_Days_Indoor_Setup/Day5/Device16/IQ_1.dat,226,17718174,14,9,0,test,diff_days_indoor,5,0,0,0,0,0,0.2879798710346222
data/raw/osu_lora/Diff_Days_Indoor_Setup/Day5/Device16/IQ_1.dat,227,17796573,14,11,0,test,diff_days_indoor,5,0,0,0,0,0,0.2552741467952728
data/raw/osu_lora/Diff_Days_Indoor_Setup/Day5/Device16/IQ_1.dat,228,17874972,14,9,0,test,diff_days_indoor,5,0,0,0,0,0,0.32813024520874023
data/raw/osu_lora/Diff_Days_Indoor_Setup/Day5/Device16/IQ_1.dat,229,17953371,14,14,1,test,diff_days_indoor,5,0,0,0,0,0,0.4923771023750305
data/raw/osu_lora/Diff_Days_Indoor_Setup/Day5/Device16/IQ_1.dat,230,18031770,14,14,1,test,diff_days_indoor,5,0,0,0,0,0,0.27980440855026245
data/raw/osu_lora/Diff_Days_Indoor_Setup/Day5/Device16/IQ_1.dat,231,18110169,14,14,1,test,diff_days_indoor,5,0,0,0,0,0,0.42056575417518616
data/raw/osu_lora/Diff_Days_Indoor_Setup/Day5/Device16/IQ_1.dat,232,18188568,14,14,1,test,diff_days_indoor,5,0,0,0,0,0,0.3672681450843811
data/raw/osu_lora/Diff_Days_Indoor_Setup/Day5/Device16/IQ_1.dat,233,18266967,14,14,1,test,diff_days_indoor,5,0,0,0,0,0,0.6538209915161133
data/raw/osu_lora/Diff_Days_Indoor_Setup/Day5/Device16/IQ_1.dat,234,18345366,14,18,0,test,diff_days_indoor,5,0,0,0,0,0,0.2833211123943329
data/raw/osu_lora/Diff_Days_Indoor_Setup/Day5/Device16/IQ_1.dat,235,18423765,14,18,0,test,diff_days_indoor,5,0,0,0,0,0,0.3844222128391266
data/raw/osu_lora/Diff_Days_Indoor_Setup/Day5/Device16/IQ_1.dat,236,18502164,14,14,1,test,diff_days_indoor,5,0,0,0,0,0,0.2992330491542816
data/raw/osu_lora/Diff_Days_Indoor_Setup/Day5/Device16/IQ_1.dat,237,18580563,14,9,0,test,diff_days_indoor,5,0,0,0,0,0,0.092765212059021
data/raw/osu_lora/Diff_Days_Indoor_Setup/Day5/Device16/IQ_1.dat,238,18658962,14,14,1,test,diff_days_indoor,5,0,0,0,0,0,0.33248957991600037
data/raw/osu_lora/Diff_Days_Indoor_Setup/Day5/Device16/IQ_1.dat,239,18737361,14,14,1,test,diff_days_indoor,5,0,0,0,0,0,0.2831265926361084
data/raw/osu_lora/Diff_Days_Indoor_Setup/Day5/Device16/IQ_1.dat,240,18815760,14,14,1,test,diff_days_indoor,5,0,0,0,0,0,0.1910974681377411
data/raw/osu_lora/Diff_Days_Indoor_Setup/Day5/Device16/IQ_1.dat,241,18894159,14,21,0,test,diff_days_indoor,5,0,0,0,0,0,0.21577751636505127
data/raw/osu_lora/Diff_Days_Indoor_Setup/Day5/Device16/IQ_1.dat,242,18972558,14,14,1,test,diff_days_indoor,5,0,0,0,0,0,0.4141988754272461
data/raw/osu_lora/Diff_Days_Indoor_Setup/Day5/Device16/IQ_1.dat,243,19050957,14,14,1,test,diff_days_indoor,5,0,0,0,0,0,0.3534665107727051
data/raw/osu_lora/Diff_Days_Indoor_Setup/Day5/Device16/IQ_1.dat,244,19129356,14,18,0,test,diff_days_indoor,5,0,0,0,0,0,0.3399880528450012
data/raw/osu_lora/Diff_Days_Indoor_Setup/Day5/Device16/IQ_1.dat,245,19207755,14,14,1,test,diff_days_indoor,5,0,0,0,0,0,0.2537935674190521
data/raw/osu_lora/Diff_Days_Indoor_Setup/Day5/Device16/IQ_1.dat,246,19286154,14,13,0,test,diff_days_indoor,5,0,0,0,0,0,0.09924408793449402
data/raw/osu_lora/Diff_Days_Indoor_Setup/Day5/Device16/IQ_1.dat,247,19364553,14,9,0,test,diff_days_indoor,5,0,0,0,0,0,0.3524228036403656
data/raw/osu_lora/Diff_Days_Indoor_Setup/Day5/Device16/IQ_1.dat,248,19442952,14,14,1,test,diff_days_indoor,5,0,0,0,0,0,0.3865490257740021
data/raw/osu_lora/Diff_Days_Indoor_Setup/Day5/Device16/IQ_1.dat,249,19521351,14,14,1,test,diff_days_indoor,5,0,0,0,0,0,0.48258382081985474
data/raw/osu_lora/Diff_Days_Indoor_Setup/Day5/Device16/IQ_1.dat,250,19599750,14,11,0,test,diff_days_indoor,5,0,0,0,0,0,0.30997738242149353
data/raw/osu_lora/Diff_Days_Indoor_Setup/Day5/Device16/IQ_1.dat,251,19678149,14,21,0,test,diff_days_indoor,5,0,0,0,0,0,0.16766583919525146
data/raw/osu_lora/Diff_Days_Indoor_Setup/Day5/Device16/IQ_1.dat,252,19756548,14,14,1,test,diff_days_indoor,5,0,0,0,0,0,0.49443069100379944
data/raw/osu_lora/Diff_Days_Indoor_Setup/Day5/Device16/IQ_1.dat,253,19834947,14,18,0,test,diff_days_indoor,5,0,0,0,0,0,0.35565185546875
data/raw/osu_lora/Diff_Days_Indoor_Setup/Day5/Device16/IQ_1.dat,254,19913346,14,13,0,test,diff_days_indoor,5,0,0,0,0,0,0.33933812379837036
data/raw/osu_lora/Diff_Days_Indoor_Setup/Day5/Device16/IQ_1.dat,255,19991745,14,18,0,test,diff_days_indoor,5,0,0,0,0,0,0.17857202887535095
data/raw/osu_lora/Diff_Days_Indoor_Setup/Day5/Device17/IQ_1.dat,0,0,15,22,0,test,diff_days_indoor,5,0,0,0,0,0,0.31237536668777466
data/raw/osu_lora/Diff_Days_Indoor_Setup/Day5/Device17/IQ_1.dat,1,78399,15,15,1,test,diff_days_indoor,5,0,0,0,0,0,0.3610104024410248
data/raw/osu_lora/Diff_Days_Indoor_Setup/Day5/Device17/IQ_1.dat,2,156798,15,6,0,test,diff_days_indoor,5,0,0,0,0,0,0.17317010462284088
data/raw/osu_lora/Diff_Days_Indoor_Setup/Day5/Device17/IQ_1.dat,3,235197,15,22,0,test,diff_days_indoor,5,0,0,0,0,0,0.7163066864013672
data/raw/osu_lora/Diff_Days_Indoor_Setup/Day5/Device17/IQ_1.dat,4,313596,15,23,0,test,diff_days_indoor,5,0,0,0,0,0,0.43518245220184326
data/raw/osu_lora/Diff_Days_Indoor_Setup/Day5/Device17/IQ_1.dat,5,391995,15,22,0,test,diff_days_indoor,5,0,0,0,0,0,0.23557156324386597
data/raw/osu_lora/Diff_Days_Indoor_Setup/Day5/Device17/IQ_1.dat,6,470394,15,15,1,test,diff_days_indoor,5,0,0,0,0,0,0.2541755437850952
data/raw/osu_lora/Diff_Days_Indoor_Setup/Day5/Device17/IQ_1.dat,7,548793,15,22,0,test,diff_days_indoor,5,0,0,0,0,0,0.33502376079559326
data/raw/osu_lora/Diff_Days_Indoor_Setup/Day5/Device17/IQ_1.dat,8,627192,15,19,0,test,diff_days_indoor,5,0,0,0,0,0,0.2382928729057312
data/raw/osu_lora/Diff_Days_Indoor_Setup/Day5/Device17/IQ_1.dat,9,705591,15,17,0,test,diff_days_indoor,5,0,0,0,0,0,0.43815645575523376
data/raw/osu_lora/Diff_Days_Indoor_Setup/Day5/Device17/IQ_1.dat,10,783990,15,23,0,test,diff_days_indoor,5,0,0,0,0,0,0.48407402634620667
data/raw/osu_lora/Diff_Days_Indoor_Setup/Day5/Device17/IQ_1.dat,11,862389,15,23,0,test,diff_days_indoor,5,0,0,0,0,0,0.23203891515731812
data/raw/osu_lora/Diff_Days_Indoor_Setup/Day5/Device17/IQ_1.dat,12,940788,15,22,0,test,diff_days_indoor,5,0,0,0,0,0,0.2820516526699066
data/raw/osu_lora/Diff_Days_Indoor_Setup/Day5/Device17/IQ_1.dat,13,1019187,15,23,0,test,diff_days_indoor,5,0,0,0,0,0,0.22837986052036285
data/raw/osu_lora/Diff_Days_Indoor_Setup/Day5/Device17/IQ_1.dat,14,1097586,15,9,0,test,diff_days_indoor,5,0,0,0,0,0,0.2556248903274536
data/raw/osu_lora/Diff_Days_Indoor_Setup/Day5/Device17/IQ_1.dat,15,1175985,15,22,0,test,diff_days_indoor,5,0,0,0,0,0,0.5755393505096436
data/raw/osu_lora/Diff_Days_Indoor_Setup/Day5/Device17/IQ_1.dat,16,1254384,15,9,0,test,diff_days_indoor,5,0,0,0,0,0,0.2060416042804718
data/raw/osu_lora/Diff_Days_Indoor_Setup/Day5/Device17/IQ_1.dat,17,1332783,15,23,0,test,diff_days_indoor,5,0,0,0,0,0,0.4620068371295929
data/raw/osu_lora/Diff_Days_Indoor_Setup/Day5/Device17/IQ_1.dat,18,1411182,15,23,0,test,diff_days_indoor,5,0,0,0,0,0,0.30506959557533264
data/raw/osu_lora/Diff_Days_Indoor_Setup/Day5/Device17/IQ_1.dat,19,1489581,15,23,0,test,diff_days_indoor,5,0,0,0,0,0,0.34323105216026306
data/raw/osu_lora/Diff_Days_Indoor_Setup/Day5/Device17/IQ_1.dat,20,1567980,15,9,0,test,diff_days_indoor,5,0,0,0,0,0,0.14888349175453186
data/raw/osu_lora/Diff_Days_Indoor_Setup/Day5/Device17/IQ_1.dat,21,1646379,15,15,1,test,diff_days_indoor,5,0,0,0,0,0,0.221281498670578
data/raw/osu_lora/Diff_Days_Indoor_Setup/Day5/Device17/IQ_1.dat,22,1724778,15,22,0,test,diff_days_indoor,5,0,0,0,0,0,0.3738920986652374
data/raw/osu_lora/Diff_Days_Indoor_Setup/Day5/Device17/IQ_1.dat,23,1803177,15,15,1,test,diff_days_indoor,5,0,0,0,0,0,0.21505855023860931
data/raw/osu_lora/Diff_Days_Indoor_Setup/Day5/Device17/IQ_1.dat,24,1881576,15,23,0,test,diff_days_indoor,5,0,0,0,0,0,0.3637198209762573
data/raw/osu_lora/Diff_Days_Indoor_Setup/Day5/Device17/IQ_1.dat,25,1959975,15,23,0,test,diff_days_indoor,5,0,0,0,0,0,0.3196246325969696
data/raw/osu_lora/Diff_Days_Indoor_Setup/Day5/Device17/IQ_1.dat,26,2038374,15,22,0,test,diff_days_indoor,5,0,0,0,0,0,0.29817095398902893
data/raw/osu_lora/Diff_Days_Indoor_Setup/Day5/Device17/IQ_1.dat,27,2116773,15,23,0,test,diff_days_indoor,5,0,0,0,0,0,0.3221357464790344
data/raw/osu_lora/Diff_Days_Indoor_Setup/Day5/Device17/IQ_1.dat,28,2195172,15,19,0,test,diff_days_indoor,5,0,0,0,0,0,0.21146690845489502
data/raw/osu_lora/Diff_Days_Indoor_Setup/Day5/Device17/IQ_1.dat,29,2273571,15,9,0,test,diff_days_indoor,5,0,0,0,0,0,0.22119362652301788
data/raw/osu_lora/Diff_Days_Indoor_Setup/Day5/Device17/IQ_1.dat,30,2351970,15,4,0,test,diff_days_indoor,5,0,0,0,0,0,0.25728607177734375
data/raw/osu_lora/Diff_Days_Indoor_Setup/Day5/Device17/IQ_1.dat,31,2430369,15,23,0,test,diff_days_indoor,5,0,0,0,0,0,0.42013466358184814
data/raw/osu_lora/Diff_Days_Indoor_Setup/Day5/Device17/IQ_1.dat,32,2508768,15,13,0,test,diff_days_indoor,5,0,0,0,0,0,0.14174267649650574
data/raw/osu_lora/Diff_Days_Indoor_Setup/Day5/Device17/IQ_1.dat,33,2587167,15,6,0,test,diff_days_indoor,5,0,0,0,0,0,0.30868205428123474
data/raw/osu_lora/Diff_Days_Indoor_Setup/Day5/Device17/IQ_1.dat,34,2665566,15,10,0,test,diff_days_indoor,5,0,0,0,0,0,0.37811279296875
data/raw/osu_lora/Diff_Days_Indoor_Setup/Day5/Device17/IQ_1.dat,35,2743965,15,22,0,test,diff_days_indoor,5,0,0,0,0,0,0.44326451420783997
data/raw/osu_lora/Diff_Days_Indoor_Setup/Day5/Device17/IQ_1.dat,36,2822364,15,23,0,test,diff_days_indoor,5,0,0,0,0,0,0.3683840036392212
data/raw/osu_lora/Diff_Days_Indoor_Setup/Day5/Device17/IQ_1.dat,37,2900763,15,23,0,test,diff_days_indoor,5,0,0,0,0,0,0.2001742124557495
data/raw/osu_lora/Diff_Days_Indoor_Setup/Day5/Device17/IQ_1.dat,38,2979162,15,10,0,test,diff_days_indoor,5,0,0,0,0,0,0.3410871624946594
data/raw/osu_lora/Diff_Days_Indoor_Setup/Day5/Device17/IQ_1.dat,39,3057561,15,15,1,test,diff_days_indoor,5,0,0,0,0,0,0.3029707074165344
data/raw/osu_lora/Diff_Days_Indoor_Setup/Day5/Device17/IQ_1.dat,40,3135960,15,17,0,test,diff_days_indoor,5,0,0,0,0,0,0.2572627365589142
data/raw/osu_lora/Diff_Days_Indoor_Setup/Day5/Device17/IQ_1.dat,41,3214359,15,22,0,test,diff_days_indoor,5,0,0,0,0,0,0.2966013550758362
data/raw/osu_lora/Diff_Days_Indoor_Setup/Day5/Device17/IQ_1.dat,42,3292758,15,22,0,test,diff_days_indoor,5,0,0,0,0,0,0.565640389919281
data/raw/osu_lora/Diff_Days_Indoor_Setup/Day5/Device17/IQ_1.dat,43,3371157,15,15,1,test,diff_days_indoor,5,0,0,0,0,0,0.271687775850296
data/raw/osu_lora/Diff_Days_Indoor_Setup/Day5/Device17/IQ_1.dat,44,3449556,15,23,0,test,diff_days_indoor,5,0,0,0,0,0,0.44177350401878357
data/raw/osu_lora/Diff_Days_Indoor_Setup/Day5/Device17/IQ_1.dat,45,3527955,15,17,0,test,diff_days_indoor,5,0,0,0,0,0,0.3756442964076996
data/raw/osu_lora/Diff_Days_Indoor_Setup/Day5/Device17/IQ_1.dat,46,3606354,15,12,0,test,diff_days_indoor,5,0,0,0,0,0,0.16981451213359833
data/raw/osu_lora/Diff_Days_Indoor_Setup/Day5/Device17/IQ_1.dat,47,3684753,15,17,0,test,diff_days_indoor,5,0,0,0,0,0,0.2595396637916565
data/raw/osu_lora/Diff_Days_Indoor_Setup/Day5/Device17/IQ_1.dat,48,3763152,15,15,1,test,diff_days_indoor,5,0,0,0,0,0,0.2697993814945221
data/raw/osu_lora/Diff_Days_Indoor_Setup/Day5/Device17/IQ_1.dat,49,3841551,15,15,1,test,diff_days_indoor,5,0,0,0,0,0,0.3260231614112854
data/raw/osu_lora/Diff_Days_Indoor_Setup/Day5/Device17/IQ_1.dat,50,3919950,15,9,0,test,diff_days_indoor,5,0,0,0,0,0,0.373724102973938
data/raw/osu_lora/Diff_Days_Indoor_Setup/Day5/Device17/IQ_1.dat,51,3998349,15,22,0,test,diff_days_indoor,5,0,0,0,0,0,0.6189539432525635
data/raw/osu_lora/Diff_Days_Indoor_Setup/Day5/Device17/IQ_1.dat,52,4076748,15,22,0,test,diff_days_indoor,5,0,0,0,0,0,0.4233589470386505
data/raw/osu_lora/Diff_Days_Indoor_Setup/Day5/Device17/IQ_1.dat,53,4155147,15,23,0,test,diff_days_indoor,5,0,0,0,0,0,0.3391928970813751
data/raw/osu_lora/Diff_Days_Indoor_Setup/Day5/Device17/IQ_1.dat,54,4233546,15,22,0,test,diff_days_indoor,5,0,0,0,0,0,0.42603209614753723
data/raw/osu_lora/Diff_Days_Indoor_Setup/Day5/Device17/IQ_1.dat,55,4311945,15,11,0,test,diff_days_indoor,5,0,0,0,0,0,0.4937673807144165
data/raw/osu_lora/Diff_Days_Indoor_Setup/Day5/Device17/IQ_1.dat,56,4390344,15,19,0,test,diff_days_indoor,5,0,0,0,0,0,0.2184031456708908
data/raw/osu_lora/Diff_Days_Indoor_Setup/Day5/Device17/IQ_1.dat,57,4468743,15,23,0,test,diff_days_indoor,5,0,0,0,0,0,0.38782477378845215
data/raw/osu_lora/Diff_Days_Indoor_Setup/Day5/Device17/IQ_1.dat,58,4547142,15,13,0,test,diff_days_indoor,5,0,0,0,0,0,0.13497112691402435
data/raw/osu_lora/Diff_Days_Indoor_Setup/Day5/Device17/IQ_1.dat,59,4625541,15,15,1,test,diff_days_indoor,5,0,0,0,0,0,0.18576452136039734
data/raw/osu_lora/Diff_Days_Indoor_Setup/Day5/Device17/IQ_1.dat,60,4703940,15,23,0,test,diff_days_indoor,5,0,0,0,0,0,0.37792065739631653
data/raw/osu_lora/Diff_Days_Indoor_Setup/Day5/Device17/IQ_1.dat,61,4782339,15,23,0,test,diff_days_indoor,5,0,0,0,0,0,0.2980138659477234
data/raw/osu_lora/Diff_Days_Indoor_Setup/Day5/Device17/IQ_1.dat,62,4860738,15,22,0,test,diff_days_indoor,5,0,0,0,0,0,0.32413995265960693
data/raw/osu_lora/Diff_Days_Indoor_Setup/Day5/Device17/IQ_1.dat,63,4939137,15,15,1,test,diff_days_indoor,5,0,0,0,0,0,0.3007974624633789
data/raw/osu_lora/Diff_Days_Indoor_Setup/Day5/Device17/IQ_1.dat,64,5017536,15,22,0,test,diff_days_indoor,5,0,0,0,0,0,0.3282879590988159
data/raw/osu_lora/Diff_Days_Indoor_Setup/Day5/Device17/IQ_1.dat,65,5095935,15,23,0,test,diff_days_indoor,5,0,0,0,0,0,0.2320256233215332
data/raw/osu_lora/Diff_Days_Indoor_Setup/Day5/Device17/IQ_1.dat,66,5174334,15,22,0,test,diff_days_indoor,5,0,0,0,0,0,0.2912500500679016
data/raw/osu_lora/Diff_Days_Indoor_Setup/Day5/Device17/IQ_1.dat,67,5252733,15,15,1,test,diff_days_indoor,5,0,0,0,0,0,0.27057430148124695
data/raw/osu_lora/Diff_Days_Indoor_Setup/Day5/Device17/IQ_1.dat,68,5331132,15,15,1,test,diff_days_indoor,5,0,0,0,0,0,0.3111424446105957
data/raw/osu_lora/Diff_Days_Indoor_Setup/Day5/Device17/IQ_1.dat,69,5409531,15,23,0,test,diff_days_indoor,5,0,0,0,0,0,0.40673497319221497
data/raw/osu_lora/Diff_Days_Indoor_Setup/Day5/Device17/IQ_1.dat,70,5487930,15,22,0,test,diff_days_indoor,5,0,0,0,0,0,0.48495253920555115
data/raw/osu_lora/Diff_Days_Indoor_Setup/Day5/Device17/IQ_1.dat,71,5566329,15,23,0,test,diff_days_indoor,5,0,0,0,0,0,0.2840815484523773
data/raw/osu_lora/Diff_Days_Indoor_Setup/Day5/Device17/IQ_1.dat,72,5644728,15,17,0,test,diff_days_indoor,5,0,0,0,0,0,0.2845805883407593
data/raw/osu_lora/Diff_Days_Indoor_Setup/Day5/Device17/IQ_1.dat,73,5723127,15,5,0,test,diff_days_indoor,5,0,0,0,0,0,0.27760034799575806
data/raw/osu_lora/Diff_Days_Indoor_Setup/Day5/Device17/IQ_1.dat,74,5801526,15,22,0,test,diff_days_indoor,5,0,0,0,0,0,0.43859705328941345
data/raw/osu_lora/Diff_Days_Indoor_Setup/Day5/Device17/IQ_1.dat,75,5879925,15,23,0,test,diff_days_indoor,5,0,0,0,0,0,0.3069917857646942
data/raw/osu_lora/Diff_Days_Indoor_Setup/Day5/Device17/IQ_1.dat,76,5958324,15,23,0,test,diff_days_indoor,5,0,0,0,0,0,0.344685822725296
data/raw/osu_lora/Diff_Days_Indoor_Setup/Day5/Device17/IQ_1.dat,77,6036723,15,23,0,test,diff_days_indoor,5,0,0,0,0,0,0.2907971441745758
data/raw/osu_lora/Diff_Days_Indoor_Setup/Day5/Device17/IQ_1.dat,78,6115122,15,9,0,test,diff_days_indoor,5,0,0,0,0,0,0.0744754895567894
data/raw/osu_lora/Diff_Days_Indoor_Setup/Day5/Device17/IQ_1.dat,79,6193521,15,15,1,test,diff_days_indoor,5,0,0,0,0,0,0.25865116715431213
data/raw/osu_lora/Diff_Days_Indoor_Setup/Day5/Device17/IQ_1.dat,80,6271920,15,22,0,test,diff_days_indoor,5,0,0,0,0,0,0.4368578791618347
data/raw/osu_lora/Diff_Days_Indoor_Setup/Day5/Device17/IQ_1.dat,81,6350319,15,23,0,test,diff_days_indoor,5,0,0,0,0,0,0.3778344392776489
data/raw/osu_lora/Diff_Days_Indoor_Setup/Day5/Device17/IQ_1.dat,82,6428718,15,12,0,test,diff_days_indoor,5,0,0,0,0,0,0.2465604543685913
data/raw/osu_lora/Diff_Days_Indoor_Setup/Day5/Device17/IQ_1.dat,83,6507117,15,23,0,test,diff_days_indoor,5,0,0,0,0,0,0.3080241084098816
data/raw/osu_lora/Diff_Days_Indoor_Setup/Day5/Device17/IQ_1.dat,84,6585516,15,22,0,test,diff_days_indoor,5,0,0,0,0,0,0.31390783190727234
data/raw/osu_lora/Diff_Days_Indoor_Setup/Day5/Device17/IQ_1.dat,85,6663915,15,23,0,test,diff_days_indoor,5,0,0,0,0,0,0.5389857292175293
data/raw/osu_lora/Diff_Days_Indoor_Setup/Day5/Device17/IQ_1.dat,86,6742314,15,23,0,test,diff_days_indoor,5,0,0,0,0,0,0.3942612111568451
data/raw/osu_lora/Diff_Days_Indoor_Setup/Day5/Device17/IQ_1.dat,87,6820713,15,19,0,test,diff_days_indoor,5,0,0,0,0,0,0.25913962721824646
data/raw/osu_lora/Diff_Days_Indoor_Setup/Day5/Device17/IQ_1.dat,88,6899112,15,22,0,test,diff_days_indoor,5,0,0,0,0,0,0.24023135006427765
data/raw/osu_lora/Diff_Days_Indoor_Setup/Day5/Device17/IQ_1.dat,89,6977511,15,22,0,test,diff_days_indoor,5,0,0,0,0,0,0.26656094193458557
data/raw/osu_lora/Diff_Days_Indoor_Setup/Day5/Device17/IQ_1.dat,90,7055910,15,22,0,test,diff_days_indoor,5,0,0,0,0,0,0.3714090585708618
data/raw/osu_lora/Diff_Days_Indoor_Setup/Day5/Device17/IQ_1.dat,91,7134309,15,23,0,test,diff_days_indoor,5,0,0,0,0,0,0.26994070410728455
data/raw/osu_lora/Diff_Days_Indoor_Setup/Day5/Device17/IQ_1.dat,92,7212708,15,21,0,test,diff_days_indoor,5,0,0,0,0,0,0.2673150897026062
data/raw/osu_lora/Diff_Days_Indoor_Setup/Day5/Device17/IQ_1.dat,93,7291107,15,22,0,test,diff_days_indoor,5,0,0,0,0,0,0.2335694134235382
data/raw/osu_lora/Diff_Days_Indoor_Setup/Day5/Device17/IQ_1.dat,94,7369506,15,23,0,test,diff_days_indoor,5,0,0,0,0,0,0.39473509788513184
data/raw/osu_lora/Diff_Days_Indoor_Setup/Day5/Device17/IQ_1.dat,95,7447905,15,5,0,test,diff_days_indoor,5,0,0,0,0,0,0.3963170647621155
data/raw/osu_lora/Diff_Days_Indoor_Setup/Day5/Device17/IQ_1.dat,96,7526304,15,17,0,test,diff_days_indoor,5,0,0,0,0,0,0.3744453489780426
data/raw/osu_lora/Diff_Days_Indoor_Setup/Day5/Device17/IQ_1.dat,97,7604703,15,15,1,test,diff_days_indoor,5,0,0,0,0,0,0.30609580874443054
data/raw/osu_lora/Diff_Days_Indoor_Setup/Day5/Device17/IQ_1.dat,98,7683102,15,23,0,test,diff_days_indoor,5,0,0,0,0,0,0.3598414659500122
data/raw/osu_lora/Diff_Days_Indoor_Setup/Day5/Device17/IQ_1.dat,99,7761501,15,23,0,test,diff_days_indoor,5,0,0,0,0,0,0.48637184500694275
data/raw/osu_lora/Diff_Days_Indoor_Setup/Day5/Device17/IQ_1.dat,100,7839900,15,22,0,test,diff_days_indoor,5,0,0,0,0,0,0.31389856338500977
data/raw/osu_lora/Diff_Days_Indoor_Setup/Day5/Device17/IQ_1.dat,101,7918299,15,23,0,test,diff_days_indoor,5,0,0,0,0,0,0.29883453249931335
data/raw/osu_lora/Diff_Days_Indoor_Setup/Day5/Device17/IQ_1.dat,102,7996698,15,17,0,test,diff_days_indoor,5,0,0,0,0,0,0.23379574716091156
data/raw/osu_lora/Diff_Days_Indoor_Setup/Day5/Device17/IQ_1.dat,103,8075097,15,23,0,test,diff_days_indoor,5,0,0,0,0,0,0.42401695251464844
data/raw/osu_lora/Diff_Days_Indoor_Setup/Day5/Device17/IQ_1.dat,104,8153496,15,17,0,test,diff_days_indoor,5,0,0,0,0,0,0.27911198139190674
data/raw/osu_lora/Diff_Days_Indoor_Setup/Day5/Device17/IQ_1.dat,105,8231895,15,17,0,test,diff_days_indoor,5,0,0,0,0,0,0.21173550188541412
data/raw/osu_lora/Diff_Days_Indoor_Setup/Day5/Device17/IQ_1.dat,106,8310294,15,22,0,test,diff_days_indoor,5,0,0,0,0,0,0.42115047574043274
data/raw/osu_lora/Diff_Days_Indoor_Setup/Day5/Device17/IQ_1.dat,107,8388693,15,17,0,test,diff_days_indoor,5,0,0,0,0,0,0.3278973400592804
data/raw/osu_lora/Diff_Days_Indoor_Setup/Day5/Device17/IQ_1.dat,108,8467092,15,21,0,test,diff_days_indoor,5,0,0,0,0,0,0.16058282554149628
data/raw/osu_lora/Diff_Days_Indoor_Setup/Day5/Device17/IQ_1.dat,109,8545491,15,17,0,test,diff_days_indoor,5,0,0,0,0,0,0.2234613299369812
data/raw/osu_lora/Diff_Days_Indoor_Setup/Day5/Device17/IQ_1.dat,110,8623890,15,23,0,test,diff_days_indoor,5,0,0,0,0,0,0.4692765772342682
data/raw/osu_lora/Diff_Days_Indoor_Setup/Day5/Device17/IQ_1.dat,111,8702289,15,10,0,test,diff_days_indoor,5,0,0,0,0,0,0.35599979758262634
data/raw/osu_lora/Diff_Days_Indoor_Setup/Day5/Device17/IQ_1.dat,112,8780688,15,22,0,test,diff_days_indoor,5,0,0,0,0,0,0.42722728848457336
data/raw/osu_lora/Diff_Days_Indoor_Setup/Day5/Device17/IQ_1.dat,113,8859087,15,22,0,test,diff_days_indoor,5,0,0,0,0,0,0.4839177131652832
data/raw/osu_lora/Diff_Days_Indoor_Setup/Day5/Device17/IQ_1.dat,114,8937486,15,19,0,test,diff_days_indoor,5,0,0,0,0,0,0.2538633346557617
data/raw/osu_lora/Diff_Days_Indoor_Setup/Day5/Device17/IQ_1.dat,115,9015885,15,23,0,test,diff_days_indoor,5,0,0,0,0,0,0.3676275610923767
data/raw/osu_lora/Diff_Days_Indoor_Setup/Day5/Device17/IQ_1.dat,116,9094284,15,15,1,test,diff_days_indoor,5,0,0,0,0,0,0.2821427285671234
data/raw/osu_lora/Diff_Days_Indoor_Setup/Day5/Device17/IQ_1.dat,117,9172683,15,12,0,test,diff_days_indoor,5,0,0,0,0,0,0.3321723937988281
data/raw/osu_lora/Diff_Days_Indoor_Setup/Day5/Device17/IQ_1.dat,118,9251082,15,23,0,test,diff_days_indoor,5,0,0,0,0,0,0.3044683039188385
data/raw/osu_lora/Diff_Days_Indoor_Setup/Day5/Device17/IQ_1.dat,119,9329481,15,23,0,test,diff_days_indoor,5,0,0,0,0,0,0.2263285219669342
data/raw/osu_lora/Diff_Days_Indoor_Setup/Day5/Device17/IQ_1.dat,120,9407880,15,6,0,test,diff_days_indoor,5,0,0,0,0,0,0.29523035883903503
data/raw/osu_lora/Diff_Days_Indoor_Setup/Day5/Device17/IQ_1.dat,121,9486279,15,22,0,test,diff_days_indoor,5,0,0,0,0,0,0.3052161931991577
data/raw/osu_lora/Diff_Days_Indoor_Setup/Day5/Device17/IQ_1.dat,122,9564678,15,18,0,test,diff_days_indoor,5,0,0,0,0,0,0.20915278792381287
data/raw/osu_lora/Diff_Days_Indoor_Setup/Day5/Device17/IQ_1.dat,123,9643077,15,22,0,test,diff_days_indoor,5,0,0,0,0,0,0.4803694486618042
data/raw/osu_lora/Diff_Days_Indoor_Setup/Day5/Device17/IQ_1.dat,124,9721476,15,15,1,test,diff_days_indoor,5,0,0,0,0,0,0.2424582988023758
data/raw/osu_lora/Diff_Days_Indoor_Setup/Day5/Device17/IQ_1.dat,125,9799875,15,23,0,test,diff_days_indoor,5,0,0,0,0,0,0.32788148522377014
data/raw/osu_lora/Diff_Days_Indoor_Setup/Day5/Device17/IQ_1.dat,126,9878274,15,17,0,test,diff_days_indoor,5,0,0,0,0,0,0.329876571893692
data/raw/osu_lora/Diff_Days_Indoor_Setup/Day5/Device17/IQ_1.dat,127,9956673,15,23,0,test,diff_days_indoor,5,0,0,0,0,0,0.3557549715042114
data/raw/osu_lora/Diff_Days_Indoor_Setup/Day5/Device17/IQ_1.dat,128,10035072,15,15,1,test,diff_days_indoor,5,0,0,0,0,0,0.18441684544086456
data/raw/osu_lora/Diff_Days_Indoor_Setup/Day5/Device17/IQ_1.dat,129,10113471,15,17,0,test,diff_days_indoor,5,0,0,0,0,0,0.3343372046947479
data/raw/osu_lora/Diff_Days_Indoor_Setup/Day5/Device17/IQ_1.dat,130,10191870,15,23,0,test,diff_days_indoor,5,0,0,0,0,0,0.3534269630908966
data/raw/osu_lora/Diff_Days_Indoor_Setup/Day5/Device17/IQ_1.dat,131,10270269,15,22,0,test,diff_days_indoor,5,0,0,0,0,0,0.525816798210144
data/raw/osu_lora/Diff_Days_Indoor_Setup/Day5/Device17/IQ_1.dat,132,10348668,15,17,0,test,diff_days_indoor,5,0,0,0,0,0,0.1767740249633789
data/raw/osu_lora/Diff_Days_Indoor_Setup/Day5/Device17/IQ_1.dat,133,10427067,15,17,0,test,diff_days_indoor,5,0,0,0,0,0,0.3470001220703125
data/raw/osu_lora/Diff_Days_Indoor_Setup/Day5/Device17/IQ_1.dat,134,10505466,15,12,0,test,diff_days_indoor,5,0,0,0,0,0,0.17268528044223785
data/raw/osu_lora/Diff_Days_Indoor_Setup/Day5/Device17/IQ_1.dat,135,10583865,15,22,0,test,diff_days_indoor,5,0,0,0,0,0,0.4696732759475708
data/raw/osu_lora/Diff_Days_Indoor_Setup/Day5/Device17/IQ_1.dat,136,10662264,15,23,0,test,diff_days_indoor,5,0,0,0,0,0,0.2729855179786682
data/raw/osu_lora/Diff_Days_Indoor_Setup/Day5/Device17/IQ_1.dat,137,10740663,15,23,0,test,diff_days_indoor,5,0,0,0,0,0,0.36723634600639343
data/raw/osu_lora/Diff_Days_Indoor_Setup/Day5/Device17/IQ_1.dat,138,10819062,15,23,0,test,diff_days_indoor,5,0,0,0,0,0,0.29485347867012024
data/raw/osu_lora/Diff_Days_Indoor_Setup/Day5/Device17/IQ_1.dat,139,10897461,15,23,0,test,diff_days_indoor,5,0,0,0,0,0,0.28741276264190674
data/raw/osu_lora/Diff_Days_Indoor_Setup/Day5/Device17/IQ_1.dat,140,10975860,15,10,0,test,diff_days_indoor,5,0,0,0,0,0,0.41102883219718933
data/raw/osu_lora/Diff_Days_Indoor_Setup/Day5/Device17/IQ_1.dat,141,11054259,15,19,0,test,diff_days_indoor,5,0,0,0,0,0,0.167268767952919
data/raw/osu_lora/Diff_Days_Indoor_Setup/Day5/Device17/IQ_1.dat,142,11132658,15,19,0,test,diff_days_indoor,5,0,0,0,0,0,0.26845410466194153
data/raw/osu_lora/Diff_Days_Indoor_Setup/Day5/Device17/IQ_1.dat,143,11211057,15,13,0,test,diff_days_indoor,5,0,0,0,0,0,0.14792104065418243
data/raw/osu_lora/Diff_Days_Indoor_Setup/Day5/Device17/IQ_1.dat,144,11289456,15,15,1,test,diff_days_indoor,5,0,0,0,0,0,0.28394442796707153
data/raw/osu_lora/Diff_Days_Indoor_Setup/Day5/Device17/IQ_1.dat,145,11367855,15,23,0,test,diff_days_indoor,5,0,0,0,0,0,0.5198768377304077
data/raw/osu_lora/Diff_Days_Indoor_Setup/Day5/Device17/IQ_1.dat,146,11446254,15,22,0,test,diff_days_indoor,5,0,0,0,0,0,0.39312097430229187
data/raw/osu_lora/Diff_Days_Indoor_Setup/Day5/Device17/IQ_1.dat,147,11524653,15,22,0,test,diff_days_indoor,5,0,0,0,0,0,0.5507251024246216
data/raw/osu_lora/Diff_Days_Indoor_Setup/Day5/Device17/IQ_1.dat,148,11603052,15,15,1,test,diff_days_indoor,5,0,0,0,0,0,0.1612723469734192
data/raw/osu_lora/Diff_Days_Indoor_Setup/Day5/Device17/IQ_1.dat,149,11681451,15,23,0,test,diff_days_indoor,5,0,0,0,0,0,0.23830337822437286
data/raw/osu_lora/Diff_Days_Indoor_Setup/Day5/Device17/IQ_1.dat,150,11759850,15,15,1,test,diff_days_indoor,5,0,0,0,0,0,0.3521268367767334
data/raw/osu_lora/Diff_Days_Indoor_Setup/Day5/Device17/IQ_1.dat,151,11838249,15,23,0,test,diff_days_indoor,5,0,0,0,0,0,0.26897138357162476
data/raw/osu_lora/Diff_Days_Indoor_Setup/Day5/Device17/IQ_1.dat,152,11916648,15,12,0,test,diff_days_indoor,5,0,0,0,0,0,0.17420676350593567
data/raw/osu_lora/Diff_Days_Indoor_Setup/Day5/Device17/IQ_1.dat,153,11995047,15,23,0,test,diff_days_indoor,5,0,0,0,0,0,0.24008801579475403
data/raw/osu_lora/Diff_Days_Indoor_Setup/Day5/Device17/IQ_1.dat,154,12073446,15,23,0,test,diff_days_indoor,5,0,0,0,0,0,0.36185839772224426
data/raw/osu_lora/Diff_Days_Indoor_Setup/Day5/Device17/IQ_1.dat,155,12151845,15,23,0,test,diff_days_indoor,5,0,0,0,0,0,0.26485416293144226
data/raw/osu_lora/Diff_Days_Indoor_Setup/Day5/Device17/IQ_1.dat,156,12230244,15,2,0,test,diff_days_indoor,5,0,0,0,0,0,0.1931416094303131
data/raw/osu_lora/Diff_Days_Indoor_Setup/Day5/Device17/IQ_1.dat,157,12308643,15,22,0,test,diff_days_indoor,5,0,0,0,0,0,0.3955867886543274
data/raw/osu_lora/Diff_Days_Indoor_Setup/Day5/Device17/IQ_1.dat,158,12387042,15,10,0,test,diff_days_indoor,5,0,0,0,0,0,0.5024283528327942
data/raw/osu_lora/Diff_Days_Indoor_Setup/Day5/Device17/IQ_1.dat,159,12465441,15,17,0,test,diff_days_indoor,5,0,0,0,0,0,0.26180562376976013
data/raw/osu_lora/Diff_Days_Indoor_Setup/Day5/Device17/IQ_1.dat,160,12543840,15,15,1,test,diff_days_indoor,5,0,0,0,0,0,0.23607465624809265
data/raw/osu_lora/Diff_Days_Indoor_Setup/Day5/Device17/IQ_1.dat,161,12622239,15,23,0,test,diff_days_indoor,5,0,0,0,0,0,0.33792591094970703
data/raw/osu_lora/Diff_Days_Indoor_Setup/Day5/Device17/IQ_1.dat,162,12700638,15,22,0,test,diff_days_indoor,5,0,0,0,0,0,0.2691085636615753
data/raw/osu_lora/Diff_Days_Indoor_Setup/Day5/Device17/IQ_1.dat,163,12779037,15,17,0,test,diff_days_indoor,5,0,0,0,0,0,0.31907522678375244
data/raw/osu_lora/Diff_Days_Indoor_Setup/Day5/Device17/IQ_1.dat,164,12857436,15,21,0,test,diff_days_indoor,5,0,0,0,0,0,0.1466309130191803
data/raw/osu_lora/Diff_Days_Indoor_Setup/Day5/Device17/IQ_1.dat,165,12935835,15,15,1,test,diff_days_indoor,5,0,0,0,0,0,0.24422718584537506
data/raw/osu_lora/Diff_Days_Indoor_Setup/Day5/Device17/IQ_1.dat,166,13014234,15,19,0,test,diff_days_indoor,5,0,0,0,0,0,0.12383583933115005
data/raw/osu_lora/Diff_Days_Indoor_Setup/Day5/Device17/IQ_1.dat,167,13092633,15,19,0,test,diff_days_indoor,5,0,0,0,0,0,0.2935156226158142
data/raw/osu_lora/Diff_Days_Indoor_Setup/Day5/Device17/IQ_1.dat,168,13171032,15,22,0,test,diff_days_indoor,5,0,0,0,0,0,0.3397960066795349
data/raw/osu_lora/Diff_Days_Indoor_Setup/Day5/Device17/IQ_1.dat,169,13249431,15,15,1,test,diff_days_indoor,5,0,0,0,0,0,0.27583155035972595
data/raw/osu_lora/Diff_Days_Indoor_Setup/Day5/Device17/IQ_1.dat,170,13327830,15,22,0,test,diff_days_indoor,5,0,0,0,0,0,0.2288205921649933
data/raw/osu_lora/Diff_Days_Indoor_Setup/Day5/Device17/IQ_1.dat,171,13406229,15,23,0,test,diff_days_indoor,5,0,0,0,0,0,0.3752591907978058
data/raw/osu_lora/Diff_Days_Indoor_Setup/Day5/Device17/IQ_1.dat,172,13484628,15,4,0,test,diff_days_indoor,5,0,0,0,0,0,0.8426271080970764
data/raw/osu_lora/Diff_Days_Indoor_Setup/Day5/Device17/IQ_1.dat,173,13563027,15,23,0,test,diff_days_indoor,5,0,0,0,0,0,0.39651304483413696
data/raw/osu_lora/Diff_Days_Indoor_Setup/Day5/Device17/IQ_1.dat,174,13641426,15,22,0,test,diff_days_indoor,5,0,0,0,0,0,0.5346854329109192
data/raw/osu_lora/Diff_Days_Indoor_Setup/Day5/Device17/IQ_1.dat,175,13719825,15,23,0,test,diff_days_indoor,5,0,0,0,0,0,0.3066008687019348
data/raw/osu_lora/Diff_Days_Indoor_Setup/Day5/Device17/IQ_1.dat,176,13798224,15,19,0,test,diff_days_indoor,5,0,0,0,0,0,0.1653926521539688
data/raw/osu_lora/Diff_Days_Indoor_Setup/Day5/Device17/IQ_1.dat,177,13876623,15,8,0,test,diff_days_indoor,5,0,0,0,0,0,0.2988933026790619
data/raw/osu_lora/Diff_Days_Indoor_Setup/Day5/Device17/IQ_1.dat,178,13955022,15,4,0,test,diff_days_indoor,5,0,0,0,0,0,0.23341698944568634
data/raw/osu_lora/Diff_Days_Indoor_Setup/Day5/Device17/IQ_1.dat,179,14033421,15,17,0,test,diff_days_indoor,5,0,0,0,0,0,0.19076243042945862
data/raw/osu_lora/Diff_Days_Indoor_Setup/Day5/Device17/IQ_1.dat,180,14111820,15,23,0,test,diff_days_indoor,5,0,0,0,0,0,0.4036369323730469
data/raw/osu_lora/Diff_Days_Indoor_Setup/Day5/Device17/IQ_1.dat,181,14190219,15,15,1,test,diff_days_indoor,5,0,0,0,0,0,0.31428876519203186
data/raw/osu_lora/Diff_Days_Indoor_Setup/Day5/Device17/IQ_1.dat,182,14268618,15,15,1,test,diff_days_indoor,5,0,0,0,0,0,0.2513158619403839
data/raw/osu_lora/Diff_Days_Indoor_Setup/Day5/Device17/IQ_1.dat,183,14347017,15,15,1,test,diff_days_indoor,5,0,0,0,0,0,0.2650764584541321
data/raw/osu_lora/Diff_Days_Indoor_Setup/Day5/Device17/IQ_1.dat,184,14425416,15,10,0,test,diff_days_indoor,5,0,0,0,0,0,0.5567200183868408
data/raw/osu_lora/Diff_Days_Indoor_Setup/Day5/Device17/IQ_1.dat,185,14503815,15,23,0,test,diff_days_indoor,5,0,0,0,0,0,0.3834615647792816
data/raw/osu_lora/Diff_Days_Indoor_Setup/Day5/Device17/IQ_1.dat,186,14582214,15,22,0,test,diff_days_indoor,5,0,0,0,0,0,0.5817463397979736
data/raw/osu_lora/Diff_Days_Indoor_Setup/Day5/Device17/IQ_1.dat,187,14660613,15,15,1,test,diff_days_indoor,5,0,0,0,0,0,0.2623783051967621
data/raw/osu_lora/Diff_Days_Indoor_Setup/Day5/Device17/IQ_1.dat,188,14739012,15,19,0,test,diff_days_indoor,5,0,0,0,0,0,0.23134858906269073
data/raw/osu_lora/Diff_Days_Indoor_Setup/Day5/Device17/IQ_1.dat,189,14817411,15,23,0,test,diff_days_indoor,5,0,0,0,0,0,0.39745232462882996
data/raw/osu_lora/Diff_Days_Indoor_Setup/Day5/Device17/IQ_1.dat,190,14895810,15,23,0,test,diff_days_indoor,5,0,0,0,0,0,0.3522343337535858
data/raw/osu_lora/Diff_Days_Indoor_Setup/Day5/Device17/IQ_1.dat,191,14974209,15,22,0,test,diff_days_indoor,5,0,0,0,0,0,0.18681901693344116
data/raw/osu_lora/Diff_Days_Indoor_Setup/Day5/Device17/IQ_1.dat,192,15052608,15,17,0,test,diff_days_indoor,5,0,0,0,0,0,0.16473598778247833
data/raw/osu_lora/Diff_Days_Indoor_Setup/Day5/Device17/IQ_1.dat,193,15131007,15,22,0,test,diff_days_indoor,5,0,0,0,0,0,0.6331049203872681
data/raw/osu_lora/Diff_Days_Indoor_Setup/Day5/Device17/IQ_1.dat,194,15209406,15,22,0,test,diff_days_indoor,5,0,0,0,0,0,0.7279424667358398
data/raw/osu_lora/Diff_Days_Indoor_Setup/Day5/Device17/IQ_1.dat,195,15287805,15,9,0,test,diff_days_indoor,5,0,0,0,0,0,0.25869041681289673
data/raw/osu_lora/Diff_Days_Indoor_Setup/Day5/Device17/IQ_1.dat,196,15366204,15,22,0,test,diff_days_indoor,5,0,0,0,0,0,0.629747748374939
data/raw/osu_lora/Diff_Days_Indoor_Setup/Day5/Device17/IQ_1.dat,197,15444603,15,15,1,test,diff_days_indoor,5,0,0,0,0,0,0.2791914939880371
data/raw/osu_lora/Diff_Days_Indoor_Setup/Day5/Device17/IQ_1.dat,198,15523002,15,9,0,test,diff_days_indoor,5,0,0,0,0,0,0.10752522200345993
data/raw/osu_lora/Diff_Days_Indoor_Setup/Day5/Device17/IQ_1.dat,199,15601401,15,10,0,test,diff_days_indoor,5,0,0,0,0,0,0.3721199333667755
data/raw/osu_lora/Diff_Days_Indoor_Setup/Day5/Device17/IQ_1.dat,200,15679800,15,23,0,test,diff_days_indoor,5,0,0,0,0,0,0.4374091327190399
data/raw/osu_lora/Diff_Days_Indoor_Setup/Day5/Device17/IQ_1.dat,201,15758199,15,15,1,test,diff_days_indoor,5,0,0,0,0,0,0.18202008306980133
data/raw/osu_lora/Diff_Days_Indoor_Setup/Day5/Device17/IQ_1.dat,202,15836598,15,15,1,test,diff_days_indoor,5,0,0,0,0,0,0.26588520407676697
data/raw/osu_lora/Diff_Days_Indoor_Setup/Day5/Device17/IQ_1.dat,203,15914997,15,17,0,test,diff_days_indoor,5,0,0,0,0,0,0.4141363203525543
data/raw/osu_lora/Diff_Days_Indoor_Setup/Day5/Device17/IQ_1.dat,204,15993396,15,22,0,test,diff_days_indoor,5,0,0,0,0,0,0.3865756690502167
data/raw/osu_lora/Diff_Days_Indoor_Setup/Day5/Device17/IQ_1.dat,205,16071795,15,23,0,test,diff_days_indoor,5,0,0,0,0,0,0.3741529583930969
data/raw/osu_lora/Diff_Days_Indoor_Setup/Day5/Device17/IQ_1.dat,206,16150194,15,23,0,test,diff_days_indoor,5,0,0,0,0,0,0.2532329559326172
data/raw/osu_lora/Diff_Days_Indoor_Setup/Day5/Device17/IQ_1.dat,207,16228593,15,8,0,test,diff_days_indoor,5,0,0,0,0,0,0.1919540911912918
data/raw/osu_lora/Diff_Days_Indoor_Setup/Day5/Device17/IQ_1.dat,208,16306992,15,22,0,test,diff_days_indoor,5,0,0,0,0,0,0.3285980224609375
data/raw/osu_lora/Diff_Days_Indoor_Setup/Day5/Device17/IQ_1.dat,209,16385391,15,10,0,test,diff_days_indoor,5,0,0,0,0,0,0.24185357987880707
data/raw/osu_lora/Diff_Days_Indoor_Setup/Day5/Device17/IQ_1.dat,210,16463790,15,22,0,test,diff_days_indoor,5,0,0,0,0,0,0.5440753698348999
data/raw/osu_lora/Diff_Days_Indoor_Setup/Day5/Device17/IQ_1.dat,211,16542189,15,23,0,test,diff_days_indoor,5,0,0,0,0,0,0.4821779429912567
data/raw/osu_lora/Diff_Days_Indoor_Setup/Day5/Device17/IQ_1.dat,212,16620588,15,21,0,test,diff_days_indoor,5,0,0,0,0,0,0.32375767827033997
data/raw/osu_lora/Diff_Days_Indoor_Setup/Day5/Device17/IQ_1.dat,213,16698987,15,21,0,test,diff_days_indoor,5,0,0,0,0,0,0.13836213946342468
data/raw/osu_lora/Diff_Days_Indoor_Setup/Day5/Device17/IQ_1.dat,214,16777386,15,19,0,test,diff_days_indoor,5,0,0,0,0,0,0.26406532526016235
data/raw/osu_lora/Diff_Days_Indoor_Setup/Day5/Device17/IQ_1.dat,215,16855785,15,19,0,test,diff_days_indoor,5,0,0,0,0,0,0.2453162521123886
data/raw/osu_lora/Diff_Days_Indoor_Setup/Day5/Device17/IQ_1.dat,216,16934184,15,22,0,test,diff_days_indoor,5,0,0,0,0,0,0.4632859230041504
data/raw/osu_lora/Diff_Days_Indoor_Setup/Day5/Device17/IQ_1.dat,217,17012583,15,17,0,test,diff_days_indoor,5,0,0,0,0,0,0.31974759697914124
data/raw/osu_lora/Diff_Days_Indoor_Setup/Day5/Device17/IQ_1.dat,218,17090982,15,22,0,test,diff_days_indoor,5,0,0,0,0,0,0.637782096862793
data/raw/osu_lora/Diff_Days_Indoor_Setup/Day5/Device17/IQ_1.dat,219,17169381,15,17,0,test,diff_days_indoor,5,0,0,0,0,0,0.33695682883262634
data/raw/osu_lora/Diff_Days_Indoor_Setup/Day5/Device17/IQ_1.dat,220,17247780,15,15,1,test,diff_days_indoor,5,0,0,0,0,0,0.17730368673801422
data/raw/osu_lora/Diff_Days_Indoor_Setup/Day5/Device17/IQ_1.dat,221,17326179,15,22,0,test,diff_days_indoor,5,0,0,0,0,0,0.23300166428089142
data/raw/osu_lora/Diff_Days_Indoor_Setup/Day5/Device17/IQ_1.dat,222,17404578,15,9,0,test,diff_days_indoor,5,0,0,0,0,0,0.15306998789310455
data/raw/osu_lora/Diff_Days_Indoor_Setup/Day5/Device17/IQ_1.dat,223,17482977,15,19,0,test,diff_days_indoor,5,0,0,0,0,0,0.20080684125423431
data/raw/osu_lora/Diff_Days_Indoor_Setup/Day5/Device17/IQ_1.dat,224,17561376,15,23,0,test,diff_days_indoor,5,0,0,0,0,0,0.2929164171218872
data/raw/osu_lora/Diff_Days_Indoor_Setup/Day5/Device17/IQ_1.dat,225,17639775,15,15,1,test,diff_days_indoor,5,0,0,0,0,0,0.1351424604654312
data/raw/osu_lora/Diff_Days_Indoor_Setup/Day5/Device17/IQ_1.dat,226,17718174,15,23,0,test,diff_days_indoor,5,0,0,0,0,0,0.20495371520519257
data/raw/osu_lora/Diff_Days_Indoor_Setup/Day5/Device17/IQ_1.dat,227,17796573,15,23,0,test,diff_days_indoor,5,0,0,0,0,0,0.3628462255001068
data/raw/osu_lora/Diff_Days_Indoor_Setup/Day5/Device17/IQ_1.dat,228,17874972,15,23,0,test,diff_days_indoor,5,0,0,0,0,0,0.22639214992523193
data/raw/osu_lora/Diff_Days_Indoor_Setup/Day5/Device17/IQ_1.dat,229,17953371,15,13,0,test,diff_days_indoor,5,0,0,0,0,0,0.16456857323646545
data/raw/osu_lora/Diff_Days_Indoor_Setup/Day5/Device17/IQ_1.dat,230,18031770,15,22,0,test,diff_days_indoor,5,0,0,0,0,0,0.3541202247142792
data/raw/osu_lora/Diff_Days_Indoor_Setup/Day5/Device17/IQ_1.dat,231,18110169,15,10,0,test,diff_days_indoor,5,0,0,0,0,0,0.2205463945865631
data/raw/osu_lora/Diff_Days_Indoor_Setup/Day5/Device17/IQ_1.dat,232,18188568,15,15,1,test,diff_days_indoor,5,0,0,0,0,0,0.2522916793823242
data/raw/osu_lora/Diff_Days_Indoor_Setup/Day5/Device17/IQ_1.dat,233,18266967,15,22,0,test,diff_days_indoor,5,0,0,0,0,0,0.6188245415687561
data/raw/osu_lora/Diff_Days_Indoor_Setup/Day5/Device17/IQ_1.dat,234,18345366,15,22,0,test,diff_days_indoor,5,0,0,0,0,0,0.2544851303100586
data/raw/osu_lora/Diff_Days_Indoor_Setup/Day5/Device17/IQ_1.dat,235,18423765,15,23,0,test,diff_days_indoor,5,0,0,0,0,0,0.26931554079055786
data/raw/osu_lora/Diff_Days_Indoor_Setup/Day5/Device17/IQ_1.dat,236,18502164,15,23,0,test,diff_days_indoor,5,0,0,0,0,0,0.36645135283470154
data/raw/osu_lora/Diff_Days_Indoor_Setup/Day5/Device17/IQ_1.dat,237,18580563,15,19,0,test,diff_days_indoor,5,0,0,0,0,0,0.1313469260931015
data/raw/osu_lora/Diff_Days_Indoor_Setup/Day5/Device17/IQ_1.dat,238,18658962,15,17,0,test,diff_days_indoor,5,0,0,0,0,0,0.2602062225341797
data/raw/osu_lora/Diff_Days_Indoor_Setup/Day5/Device17/IQ_1.dat,239,18737361,15,19,0,test,diff_days_indoor,5,0,0,0,0,0,0.27812811732292175
data/raw/osu_lora/Diff_Days_Indoor_Setup/Day5/Device17/IQ_1.dat,240,18815760,15,22,0,test,diff_days_indoor,5,0,0,0,0,0,0.40204697847366333
data/raw/osu_lora/Diff_Days_Indoor_Setup/Day5/Device17/IQ_1.dat,241,18894159,15,17,0,test,diff_days_indoor,5,0,0,0,0,0,0.22784700989723206
data/raw/osu_lora/Diff_Days_Indoor_Setup/Day5/Device17/IQ_1.dat,242,18972558,15,18,0,test,diff_days_indoor,5,0,0,0,0,0,0.3356258273124695
data/raw/osu_lora/Diff_Days_Indoor_Setup/Day5/Device17/IQ_1.dat,243,19050957,15,9,0,test,diff_days_indoor,5,0,0,0,0,0,0.20034770667552948
data/raw/osu_lora/Diff_Days_Indoor_Setup/Day5/Device17/IQ_1.dat,244,19129356,15,15,1,test,diff_days_indoor,5,0,0,0,0,0,0.2419448345899582
data/raw/osu_lora/Diff_Days_Indoor_Setup/Day5/Device17/IQ_1.dat,245,19207755,15,19,0,test,diff_days_indoor,5,0,0,0,0,0,0.26229342818260193
data/raw/osu_lora/Diff_Days_Indoor_Setup/Day5/Device17/IQ_1.dat,246,19286154,15,17,0,test,diff_days_indoor,5,0,0,0,0,0,0.24708375334739685
data/raw/osu_lora/Diff_Days_Indoor_Setup/Day5/Device17/IQ_1.dat,247,19364553,15,2,0,test,diff_days_indoor,5,0,0,0,0,0,0.3472993075847626
data/raw/osu_lora/Diff_Days_Indoor_Setup/Day5/Device17/IQ_1.dat,248,19442952,15,23,0,test,diff_days_indoor,5,0,0,0,0,0,0.2499285191297531
data/raw/osu_lora/Diff_Days_Indoor_Setup/Day5/Device17/IQ_1.dat,249,19521351,15,22,0,test,diff_days_indoor,5,0,0,0,0,0,0.2663804292678833
data/raw/osu_lora/Diff_Days_Indoor_Setup/Day5/Device17/IQ_1.dat,250,19599750,15,23,0,test,diff_days_indoor,5,0,0,0,0,0,0.33983519673347473
data/raw/osu_lora/Diff_Days_Indoor_Setup/Day5/Device17/IQ_1.dat,251,19678149,15,15,1,test,diff_days_indoor,5,0,0,0,0,0,0.3382989466190338
data/raw/osu_lora/Diff_Days_Indoor_Setup/Day5/Device17/IQ_1.dat,252,19756548,15,20,0,test,diff_days_indoor,5,0,0,0,0,0,0.22354644536972046
data/raw/osu_lora/Diff_Days_Indoor_Setup/Day5/Device17/IQ_1.dat,253,19834947,15,23,0,test,diff_days_indoor,5,0,0,0,0,0,0.28513553738594055
data/raw/osu_lora/Diff_Days_Indoor_Setup/Day5/Device17/IQ_1.dat,254,19913346,15,6,0,test,diff_days_indoor,5,0,0,0,0,0,0.273736834526062
data/raw/osu_lora/Diff_Days_Indoor_Setup/Day5/Device17/IQ_1.dat,255,19991745,15,22,0,test,diff_days_indoor,5,0,0,0,0,0,0.32734444737434387
data/raw/osu_lora/Diff_Days_Indoor_Setup/Day5/Device18/IQ_1.dat,0,0,16,16,1,test,diff_days_indoor,5,0,0,0,0,0,0.27165868878364563
data/raw/osu_lora/Diff_Days_Indoor_Setup/Day5/Device18/IQ_1.dat,1,78399,16,16,1,test,diff_days_indoor,5,0,0,0,0,0,0.19011147320270538
data/raw/osu_lora/Diff_Days_Indoor_Setup/Day5/Device18/IQ_1.dat,2,156798,16,12,0,test,diff_days_indoor,5,0,0,0,0,0,0.3493489623069763
data/raw/osu_lora/Diff_Days_Indoor_Setup/Day5/Device18/IQ_1.dat,3,235197,16,16,1,test,diff_days_indoor,5,0,0,0,0,0,0.20872467756271362
data/raw/osu_lora/Diff_Days_Indoor_Setup/Day5/Device18/IQ_1.dat,4,313596,16,17,0,test,diff_days_indoor,5,0,0,0,0,0,0.17600026726722717
data/raw/osu_lora/Diff_Days_Indoor_Setup/Day5/Device18/IQ_1.dat,5,391995,16,17,0,test,diff_days_indoor,5,0,0,0,0,0,0.3485002815723419
data/raw/osu_lora/Diff_Days_Indoor_Setup/Day5/Device18/IQ_1.dat,6,470394,16,10,0,test,diff_days_indoor,5,0,0,0,0,0,0.3559819459915161
data/raw/osu_lora/Diff_Days_Indoor_Setup/Day5/Device18/IQ_1.dat,7,548793,16,13,0,test,diff_days_indoor,5,0,0,0,0,0,0.21366919577121735
data/raw/osu_lora/Diff_Days_Indoor_Setup/Day5/Device18/IQ_1.dat,8,627192,16,12,0,test,diff_days_indoor,5,0,0,0,0,0,0.3905821144580841
data/raw/osu_lora/Diff_Days_Indoor_Setup/Day5/Device18/IQ_1.dat,9,705591,16,16,1,test,diff_days_indoor,5,0,0,0,0,0,0.25602054595947266
data/raw/osu_lora/Diff_Days_Indoor_Setup/Day5/Device18/IQ_1.dat,10,783990,16,7,0,test,diff_days_indoor,5,0,0,0,0,0,0.2639169991016388
data/raw/osu_lora/Diff_Days_Indoor_Setup/Day5/Device18/IQ_1.dat,11,862389,16,7,0,test,diff_days_indoor,5,0,0,0,0,0,0.20851898193359375
data/raw/osu_lora/Diff_Days_Indoor_Setup/Day5/Device18/IQ_1.dat,12,940788,16,7,0,test,diff_days_indoor,5,0,0,0,0,0,0.12663684785366058
data/raw/osu_lora/Diff_Days_Indoor_Setup/Day5/Device18/IQ_1.dat,13,1019187,16,13,0,test,diff_days_indoor,5,0,0,0,0,0,0.26374346017837524
data/raw/osu_lora/Diff_Days_Indoor_Setup/Day5/Device18/IQ_1.dat,14,1097586,16,12,0,test,diff_days_indoor,5,0,0,0,0,0,0.33480340242385864
data/raw/osu_lora/Diff_Days_Indoor_Setup/Day5/Device18/IQ_1.dat,15,1175985,16,13,0,test,diff_days_indoor,5,0,0,0,0,0,0.34527069330215454
data/raw/osu_lora/Diff_Days_Indoor_Setup/Day5/Device18/IQ_1.dat,16,1254384,16,13,0,test,diff_days_indoor,5,0,0,0,0,0,0.2142215371131897
data/raw/osu_lora/Diff_Days_Indoor_Setup/Day5/Device18/IQ_1.dat,17,1332783,16,16,1,test,diff_days_indoor,5,0,0,0,0,0,0.2738872170448303
data/raw/osu_lora/Diff_Days_Indoor_Setup/Day5/Device18/IQ_1.dat,18,1411182,16,7,0,test,diff_days_indoor,5,0,0,0,0,0,0.2644881010055542
data/raw/osu_lora/Diff_Days_Indoor_Setup/Day5/Device18/IQ_1.dat,19,1489581,16,13,0,test,diff_days_indoor,5,0,0,0,0,0,0.20442453026771545
data/raw/osu_lora/Diff_Days_Indoor_Setup/Day5/Device18/IQ_1.dat,20,1567980,16,16,1,test,diff_days_indoor,5,0,0,0,0,0,0.328718900680542
data/raw/osu_lora/Diff_Days_Indoor_Setup/Day5/Device18/IQ_1.dat,21,1646379,16,17,0,test,diff_days_indoor,5,0,0,0,0,0,0.23568327724933624
data/raw/osu_lora/Diff_Days_Indoor_Setup/Day5/Device18/IQ_1.dat,22,1724778,16,12,0,test,diff_days_indoor,5,0,0,0,0,0,0.32890012860298157
data/raw/osu_lora/Diff_Days_Indoor_Setup/Day5/Device18/IQ_1.dat,23,1803177,16,7,0,test,diff_days_indoor,5,0,0,0,0,0,0.24130670726299286
data/raw/osu_lora/Diff_Days_Indoor_Setup/Day5/Device18/IQ_1.dat,24,1881576,16,17,0,test,diff_days_indoor,5,0,0,0,0,0,0.4019412398338318
data/raw/osu_lora/Diff_Days_Indoor_Setup/Day5/Device18/IQ_1.dat,25,1959975,16,7,0,test,diff_days_indoor,5,0,0,0,0,0,0.3471427857875824
data/raw/osu_lora/Diff_Days_Indoor_Setup/Day5/Device18/IQ_1.dat,26,2038374,16,12,0,test,diff_days_indoor,5,0,0,0,0,0,0.2986488938331604
data/raw/osu_lora/Diff_Days_Indoor_Setup/Day5/Device18/IQ_1.dat,27,2116773,16,17,0,test,diff_days_indoor,5,0,0,0,0,0,0.3110229969024658
data/raw/osu_lora/Diff_Days_Indoor_Setup/Day5/Device18/IQ_1.dat,28,2195172,16,12,0,test,diff_days_indoor,5,0,0,0,0,0,0.3628919720649719
data/raw/osu_lora/Diff_Days_Indoor_Setup/Day5/Device18/IQ_1.dat,29,2273571,16,12,0,test,diff_days_indoor,5,0,0,0,0,0,0.22800706326961517
data/raw/osu_lora/Diff_Days_Indoor_Setup/Day5/Device18/IQ_1.dat,30,2351970,16,8,0,test,diff_days_indoor,5,0,0,0,0,0,0.25526222586631775
data/raw/osu_lora/Diff_Days_Indoor_Setup/Day5/Device18/IQ_1.dat,31,2430369,16,7,0,test,diff_days_indoor,5,0,0,0,0,0,0.24691970646381378
data/raw/osu_lora/Diff_Days_Indoor_Setup/Day5/Device18/IQ_1.dat,32,2508768,16,12,0,test,diff_days_indoor,5,0,0,0,0,0,0.2768688201904297
data/raw/osu_lora/Diff_Days_Indoor_Setup/Day5/Device18/IQ_1.dat,33,2587167,16,7,0,test,diff_days_indoor,5,0,0,0,0,0,0.30994516611099243
data/raw/osu_lora/Diff_Days_Indoor_Setup/Day5/Device18/IQ_1.dat,34,2665566,16,7,0,test,diff_days_indoor,5,0,0,0,0,0,0.22532443702220917
data/raw/osu_lora/Diff_Days_Indoor_Setup/Day5/Device18/IQ_1.dat,35,2743965,16,13,0,test,diff_days_indoor,5,0,0,0,0,0,0.17378826439380646
data/raw/osu_lora/Diff_Days_Indoor_Setup/Day5/Device18/IQ_1.dat,36,2822364,16,9,0,test,diff_days_indoor,5,0,0,0,0,0,0.11386715620756149
data/raw/osu_lora/Diff_Days_Indoor_Setup/Day5/Device18/IQ_1.dat,37,2900763,16,16,1,test,diff_days_indoor,5,0,0,0,0,0,0.277209609746933
data/raw/osu_lora/Diff_Days_Indoor_Setup/Day5/Device18/IQ_1.dat,38,2979162,16,19,0,test,diff_days_indoor,5,0,0,0,0,0,0.1852872669696808
data/raw/osu_lora/Diff_Days_Indoor_Setup/Day5/Device18/IQ_1.dat,39,3057561,16,16,1,test,diff_days_indoor,5,0,0,0,0,0,0.29794877767562866
data/raw/osu_lora/Diff_Days_Indoor_Setup/Day5/Device18/IQ_1.dat,40,3135960,16,13,0,test,diff_days_indoor,5,0,0,0,0,0,0.23622554540634155
data/raw/osu_lora/Diff_Days_Indoor_Setup/Day5/Device18/IQ_1.dat,41,3214359,16,12,0,test,diff_days_indoor,5,0,0,0,0,0,0.36955496668815613
data/raw/osu_lora/Diff_Days_Indoor_Setup/Day5/Device18/IQ_1.dat,42,3292758,16,7,0,test,diff_days_indoor,5,0,0,0,0,0,0.21293018758296967
data/raw/osu_lora/Diff_Days_Indoor_Setup/Day5/Device18/IQ_1.dat,43,3371157,16,13,0,test,diff_days_indoor,5,0,0,0,0,0,0.238713338971138
data/raw/osu_lora/Diff_Days_Indoor_Setup/Day5/Device18/IQ_1.dat,44,3449556,16,16,1,test,diff_days_indoor,5,0,0,0,0,0,0.2590983211994171
data/raw/osu_lora/Diff_Days_Indoor_Setup/Day5/Device18/IQ_1.dat,45,3527955,16,13,0,test,diff_days_indoor,5,0,0,0,0,0,0.23896995186805725
data/raw/osu_lora/Diff_Days_Indoor_Setup/Day5/Device18/IQ_1.dat,46,3606354,16,7,0,test,diff_days_indoor,5,0,0,0,0,0,0.3118897080421448
data/raw/osu_lora/Diff_Days_Indoor_Setup/Day5/Device18/IQ_1.dat,47,3684753,16,12,0,test,diff_days_indoor,5,0,0,0,0,0,0.2900812029838562
data/raw/osu_lora/Diff_Days_Indoor_Setup/Day5/Device18/IQ_1.dat,48,3763152,16,17,0,test,diff_days_indoor,5,0,0,0,0,0,0.3633655607700348
data/raw/osu_lora/Diff_Days_Indoor_Setup/Day5/Device18/IQ_1.dat,49,3841551,16,7,0,test,diff_days_indoor,5,0,0,0,0,0,0.23486606776714325
data/raw/osu_lora/Diff_Days_Indoor_Setup/Day5/Device18/IQ_1.dat,50,3919950,16,13,0,test,diff_days_indoor,5,0,0,0,0,0,0.32625114917755127
data/raw/osu_lora/Diff_Days_Indoor_Setup/Day5/Device18/IQ_1.dat,51,3998349,16,13,0,test,diff_days_indoor,5,0,0,0,0,0,0.21395505964756012
data/raw/osu_lora/Diff_Days_Indoor_Setup/Day5/Device18/IQ_1.dat,52,4076748,16,19,0,test,diff_days_indoor,5,0,0,0,0,0,0.18319174647331238
data/raw/osu_lora/Diff_Days_Indoor_Setup/Day5/Device18/IQ_1.dat,53,4155147,16,7,0,test,diff_days_indoor,5,0,0,0,0,0,0.3498649299144745
data/raw/osu_lora/Diff_Days_Indoor_Setup/Day5/Device18/IQ_1.dat,54,4233546,16,13,0,test,diff_days_indoor,5,0,0,0,0,0,0.1706249862909317
data/raw/osu_lora/Diff_Days_Indoor_Setup/Day5/Device18/IQ_1.dat,55,4311945,16,16,1,test,diff_days_indoor,5,0,0,0,0,0,0.28005170822143555
data/raw/osu_lora/Diff_Days_Indoor_Setup/Day5/Device18/IQ_1.dat,56,4390344,16,7,0,test,diff_days_indoor,5,0,0,0,0,0,0.2731511890888214
data/raw/osu_lora/Diff_Days_Indoor_Setup/Day5/Device18/IQ_1.dat,57,4468743,16,4,0,test,diff_days_indoor,5,0,0,0,0,0,0.6583126783370972
data/raw/osu_lora/Diff_Days_Indoor_Setup/Day5/Device18/IQ_1.dat,58,4547142,16,16,1,test,diff_days_indoor,5,0,0,0,0,0,0.27320393919944763
data/raw/osu_lora/Diff_Days_Indoor_Setup/Day5/Device18/IQ_1.dat,59,4625541,16,12,0,test,diff_days_indoor,5,0,0,0,0,0,0.25997835397720337
data/raw/osu_lora/Diff_Days_Indoor_Setup/Day5/Device18/IQ_1.dat,60,4703940,16,12,0,test,diff_days_indoor,5,0,0,0,0,0,0.1874810755252838
data/raw/osu_lora/Diff_Days_Indoor_Setup/Day5/Device18/IQ_1.dat,61,4782339,16,7,0,test,diff_days_indoor,5,0,0,0,0,0,0.31839847564697266
data/raw/osu_lora/Diff_Days_Indoor_Setup/Day5/Device18/IQ_1.dat,62,4860738,16,12,0,test,diff_days_indoor,5,0,0,0,0,0,0.34553733468055725
data/raw/osu_lora/Diff_Days_Indoor_Setup/Day5/Device18/IQ_1.dat,63,4939137,16,13,0,test,diff_days_indoor,5,0,0,0,0,0,0.2375640720129013
data/raw/osu_lora/Diff_Days_Indoor_Setup/Day5/Device18/IQ_1.dat,64,5017536,16,22,0,test,diff_days_indoor,5,0,0,0,0,0,0.21258880198001862
data/raw/osu_lora/Diff_Days_Indoor_Setup/Day5/Device18/IQ_1.dat,65,5095935,16,13,0,test,diff_days_indoor,5,0,0,0,0,0,0.3058694303035736
data/raw/osu_lora/Diff_Days_Indoor_Setup/Day5/Device18/IQ_1.dat,66,5174334,16,7,0,test,diff_days_indoor,5,0,0,0,0,0,0.23878082633018494
data/raw/osu_lora/Diff_Days_Indoor_Setup/Day5/Device18/IQ_1.dat,67,5252733,16,13,0,test,diff_days_indoor,5,0,0,0,0,0,0.24599051475524902
data/raw/osu_lora/Diff_Days_Indoor_Setup/Day5/Device18/IQ_1.dat,68,5331132,16,12,0,test,diff_days_indoor,5,0,0,0,0,0,0.3744421601295471
data/raw/osu_lora/Diff_Days_Indoor_Setup/Day5/Device18/IQ_1.dat,69,5409531,16,7,0,test,diff_days_indoor,5,0,0,0,0,0,0.2579454779624939
data/raw/osu_lora/Diff_Days_Indoor_Setup/Day5/Device18/IQ_1.dat,70,5487930,16,17,0,test,diff_days_indoor,5,0,0,0,0,0,0.20222485065460205
data/raw/osu_lora/Diff_Days_Indoor_Setup/Day5/Device18/IQ_1.dat,71,5566329,16,16,1,test,diff_days_indoor,5,0,0,0,0,0,0.2803826630115509
data/raw/osu_lora/Diff_Days_Indoor_Setup/Day5/Device18/IQ_1.dat,72,5644728,16,13,0,test,diff_days_indoor,5,0,0,0,0,0,0.19717524945735931
data/raw/osu_lora/Diff_Days_Indoor_Setup/Day5/Device18/IQ_1.dat,73,5723127,16,13,0,test,diff_days_indoor,5,0,0,0,0,0,0.2956092655658722
data/raw/osu_lora/Diff_Days_Indoor_Setup/Day5/Device18/IQ_1.dat,74,5801526,16,12,0,test,diff_days_indoor,5,0,0,0,0,0,0.2549833059310913
data/raw/osu_lora/Diff_Days_Indoor_Setup/Day5/Device18/IQ_1.dat,75,5879925,16,7,0,test,diff_days_indoor,5,0,0,0,0,0,0.33845219016075134
data/raw/osu_lora/Diff_Days_Indoor_Setup/Day5/Device18/IQ_1.dat,76,5958324,16,17,0,test,diff_days_indoor,5,0,0,0,0,0,0.3458057641983032
data/raw/osu_lora/Diff_Days_Indoor_Setup/Day5/Device18/IQ_1.dat,77,6036723,16,12,0,test,diff_days_indoor,5,0,0,0,0,0,0.28503236174583435
data/raw/osu_lora/Diff_Days_Indoor_Setup/Day5/Device18/IQ_1.dat,78,6115122,16,7,0,test,diff_days_indoor,5,0,0,0,0,0,0.16545987129211426
data/raw/osu_lora/Diff_Days_Indoor_Setup/Day5/Device18/IQ_1.dat,79,6193521,16,16,1,test,diff_days_indoor,5,0,0,0,0,0,0.21224144101142883
data/raw/osu_lora/Diff_Days_Indoor_Setup/Day5/Device18/IQ_1.dat,80,6271920,16,10,0,test,diff_days_indoor,5,0,0,0,0,0,0.4297909438610077
data/raw/osu_lora/Diff_Days_Indoor_Setup/Day5/Device18/IQ_1.dat,81,6350319,16,16,1,test,diff_days_indoor,5,0,0,0,0,0,0.3700488805770874
data/raw/osu_lora/Diff_Days_Indoor_Setup/Day5/Device18/IQ_1.dat,82,6428718,16,12,0,test,diff_days_indoor,5,0,0,0,0,0,0.3432413935661316
data/raw/osu_lora/Diff_Days_Indoor_Setup/Day5/Device18/IQ_1.dat,83,6507117,16,4,0,test,diff_days_indoor,5,0,0,0,0,0,0.11843439936637878
data/raw/osu_lora/Diff_Days_Indoor_Setup/Day5/Device18/IQ_1.dat,84,6585516,16,17,0,test,diff_days_indoor,5,0,0,0,0,0,0.45201507210731506
data/raw/osu_lora/Diff_Days_Indoor_Setup/Day5/Device18/IQ_1.dat,85,6663915,16,7,0,test,diff_days_indoor,5,0,0,0,0,0,0.20976538956165314
data/raw/osu_lora/Diff_Days_Indoor_Setup/Day5/Device18/IQ_1.dat,86,6742314,16,18,0,test,diff_days_indoor,5,0,0,0,0,0,0.3587646484375
data/raw/osu_lora/Diff_Days_Indoor_Setup/Day5/Device18/IQ_1.dat,87,6820713,16,12,0,test,diff_days_indoor,5,0,0,0,0,0,0.2517864406108856
data/raw/osu_lora/Diff_Days_Indoor_Setup/Day5/Device18/IQ_1.dat,88,6899112,16,12,0,test,diff_days_indoor,5,0,0,0,0,0,0.24369582533836365
data/raw/osu_lora/Diff_Days_Indoor_Setup/Day5/Device18/IQ_1.dat,89,6977511,16,12,0,test,diff_days_indoor,5,0,0,0,0,0,0.19232477247714996
data/raw/osu_lora/Diff_Days_Indoor_Setup/Day5/Device18/IQ_1.dat,90,7055910,16,12,0,test,diff_days_indoor,5,0,0,0,0,0,0.27334511280059814
data/raw/osu_lora/Diff_Days_Indoor_Setup/Day5/Device18/IQ_1.dat,91,7134309,16,12,0,test,diff_days_indoor,5,0,0,0,0,0,0.2516031563282013
data/raw/osu_lora/Diff_Days_Indoor_Setup/Day5/Device18/IQ_1.dat,92,7212708,16,19,0,test,diff_days_indoor,5,0,0,0,0,0,0.12932270765304565
data/raw/osu_lora/Diff_Days_Indoor_Setup/Day5/Device18/IQ_1.dat,93,7291107,16,13,0,test,diff_days_indoor,5,0,0,0,0,0,0.2973717451095581
data/raw/osu_lora/Diff_Days_Indoor_Setup/Day5/Device18/IQ_1.dat,94,7369506,16,16,1,test,diff_days_indoor,5,0,0,0,0,0,0.18150083720684052
data/raw/osu_lora/Diff_Days_Indoor_Setup/Day5/Device18/IQ_1.dat,95,7447905,16,14,0,test,diff_days_indoor,5,0,0,0,0,0,0.34087708592414856
data/raw/osu_lora/Diff_Days_Indoor_Setup/Day5/Device18/IQ_1.dat,96,7526304,16,7,0,test,diff_days_indoor,5,0,0,0,0,0,0.26909658312797546
data/raw/osu_lora/Diff_Days_Indoor_Setup/Day5/Device18/IQ_1.dat,97,7604703,16,12,0,test,diff_days_indoor,5,0,0,0,0,0,0.28516411781311035
data/raw/osu_lora/Diff_Days_Indoor_Setup/Day5/Device18/IQ_1.dat,98,7683102,16,12,0,test,diff_days_indoor,5,0,0,0,0,0,0.2759687304496765
data/raw/osu_lora/Diff_Days_Indoor_Setup/Day5/Device18/IQ_1.dat,99,7761501,16,7,0,test,diff_days_indoor,5,0,0,0,0,0,0.26081982254981995
data/raw/osu_lora/Diff_Days_Indoor_Setup/Day5/Device18/IQ_1.dat,100,7839900,16,9,0,test,diff_days_indoor,5,0,0,0,0,0,0.16595707833766937
data/raw/osu_lora/Diff_Days_Indoor_Setup/Day5/Device18/IQ_1.dat,101,7918299,16,13,0,test,diff_days_indoor,5,0,0,0,0,0,0.25356540083885193
data/raw/osu_lora/Diff_Days_Indoor_Setup/Day5/Device18/IQ_1.dat,102,7996698,16,13,0,test,diff_days_indoor,5,0,0,0,0,0,0.2770448625087738
data/raw/osu_lora/Diff_Days_Indoor_Setup/Day5/Device18/IQ_1.dat,103,8075097,16,16,1,test,diff_days_indoor,5,0,0,0,0,0,0.24837490916252136
data/raw/osu_lora/Diff_Days_Indoor_Setup/Day5/Device18/IQ_1.dat,104,8153496,16,13,0,test,diff_days_indoor,5,0,0,0,0,0,0.15518198907375336
data/raw/osu_lora/Diff_Days_Indoor_Setup/Day5/Device18/IQ_1.dat,105,8231895,16,11,0,test,diff_days_indoor,5,0,0,0,0,0,0.4613077938556671
data/raw/osu_lora/Diff_Days_Indoor_Setup/Day5/Device18/IQ_1.dat,106,8310294,16,16,1,test,diff_days_indoor,5,0,0,0,0,0,0.24761787056922913
data/raw/osu_lora/Diff_Days_Indoor_Setup/Day5/Device18/IQ_1.dat,107,8388693,16,12,0,test,diff_days_indoor,5,0,0,0,0,0,0.24273379147052765
data/raw/osu_lora/Diff_Days_Indoor_Setup/Day5/Device18/IQ_1.dat,108,8467092,16,17,0,test,diff_days_indoor,5,0,0,0,0,0,0.223768413066864
data/raw/osu_lora/Diff_Days_Indoor_Setup/Day5/Device18/IQ_1.dat,109,8545491,16,12,0,test,diff_days_indoor,5,0,0,0,0,0,0.2579852342605591
data/raw/osu_lora/Diff_Days_Indoor_Setup/Day5/Device18/IQ_1.dat,110,8623890,16,12,0,test,diff_days_indoor,5,0,0,0,0,0,0.3285199701786041
data/raw/osu_lora/Diff_Days_Indoor_Setup/Day5/Device18/IQ_1.dat,111,8702289,16,12,0,test,diff_days_indoor,5,0,0,0,0,0,0.2788047194480896
data/raw/osu_lora/Diff_Days_Indoor_Setup/Day5/Device18/IQ_1.dat,112,8780688,16,7,0,test,diff_days_indoor,5,0,0,0,0,0,0.22956103086471558
data/raw/osu_lora/Diff_Days_Indoor_Setup/Day5/Device18/IQ_1.dat,113,8859087,16,13,0,test,diff_days_indoor,5,0,0,0,0,0,0.16835236549377441
data/raw/osu_lora/Diff_Days_Indoor_Setup/Day5/Device18/IQ_1.dat,114,8937486,16,16,1,test,diff_days_indoor,5,0,0,0,0,0,0.31333157420158386
data/raw/osu_lora/Diff_Days_Indoor_Setup/Day5/Device18/IQ_1.dat,115,9015885,16,17,0,test,diff_days_indoor,5,0,0,0,0,0,0.2330564558506012
data/raw/osu_lora/Diff_Days_Indoor_Setup/Day5/Device18/IQ_1.dat,116,9094284,16,13,0,test,diff_days_indoor,5,0,0,0,0,0,0.22891338169574738
data/raw/osu_lora/Diff_Days_Indoor_Setup/Day5/Device18/IQ_1.dat,117,9172683,16,12,0,test,diff_days_indoor,5,0,0,0,0,0,0.27506107091903687
data/raw/osu_lora/Diff_Days_Indoor_Setup/Day5/Device18/IQ_1.dat,118,9251082,16,13,0,test,diff_days_indoor,5,0,0,0,0,0,0.22173301875591278
data/raw/osu_lora/Diff_Days_Indoor_Setup/Day5/Device18/IQ_1.dat,119,9329481,16,17,0,test,diff_days_indoor,5,0,0,0,0,0,0.25607332587242126
data/raw/osu_lora/Diff_Days_Indoor_Setup/Day5/Device18/IQ_1.dat,120,9407880,16,16,1,test,diff_days_indoor,5,0,0,0,0,0,0.329471230506897
data/raw/osu_lora/Diff_Days_Indoor_Setup/Day5/Device18/IQ_1.dat,121,9486279,16,12,0,test,diff_days_indoor,5,0,0,0,0,0,0.18259279429912567
data/raw/osu_lora/Diff_Days_Indoor_Setup/Day5/Device18/IQ_1.dat,122,9564678,16,15,0,test,diff_days_indoor,5,0,0,0,0,0,0.1852024346590042
data/raw/osu_lora/Diff_Days_Indoor_Setup/Day5/Device18/IQ_1.dat,123,9643077,16,13,0,test,diff_days_indoor,5,0,0,0,0,0,0.23450595140457153
data/raw/osu_lora/Diff_Days_Indoor_Setup/Day5/Device18/IQ_1.dat,124,9721476,16,12,0,test,diff_days_indoor,5,0,0,0,0,0,0.2233717441558838
data/raw/osu_lora/Diff_Days_Indoor_Setup/Day5/Device18/IQ_1.dat,125,9799875,16,13,0,test,diff_days_indoor,5,0,0,0,0,0,0.30715957283973694
data/raw/osu_lora/Diff_Days_Indoor_Setup/Day5/Device18/IQ_1.dat,126,9878274,16,16,1,test,diff_days_indoor,5,0,0,0,0,0,0.23144415020942688
data/raw/osu_lora/Diff_Days_Indoor_Setup/Day5/Device18/IQ_1.dat,127,9956673,16,16,1,test,diff_days_indoor,5,0,0,0,0,0,0.2474939078092575
data/raw/osu_lora/Diff_Days_Indoor_Setup/Day5/Device18/IQ_1.dat,128,10035072,16,12,0,test,diff_days_indoor,5,0,0,0,0,0,0.388385146856308
data/raw/osu_lora/Diff_Days_Indoor_Setup/Day5/Device18/IQ_1.dat,129,10113471,16,16,1,test,diff_days_indoor,5,0,0,0,0,0,0.14072415232658386
data/raw/osu_lora/Diff_Days_Indoor_Setup/Day5/Device18/IQ_1.dat,130,10191870,16,16,1,test,diff_days_indoor,5,0,0,0,0,0,0.32471078634262085
data/raw/osu_lora/Diff_Days_Indoor_Setup/Day5/Device18/IQ_1.dat,131,10270269,16,16,1,test,diff_days_indoor,5,0,0,0,0,0,0.2648161053657532
data/raw/osu_lora/Diff_Days_Indoor_Setup/Day5/Device18/IQ_1.dat,132,10348668,16,13,0,test,diff_days_indoor,5,0,0,0,0,0,0.25662660598754883
data/raw/osu_lora/Diff_Days_Indoor_Setup/Day5/Device18/IQ_1.dat,133,10427067,16,13,0,test,diff_days_indoor,5,0,0,0,0,0,0.3464953601360321
data/raw/osu_lora/Diff_Days_Indoor_Setup/Day5/Device18/IQ_1.dat,134,10505466,16,12,0,test,diff_days_indoor,5,0,0,0,0,0,0.30109259486198425
data/raw/osu_lora/Diff_Days_Indoor_Setup/Day5/Device18/IQ_1.dat,135,10583865,16,12,0,test,diff_days_indoor,5,0,0,0,0,0,0.3060320317745209
data/raw/osu_lora/Diff_Days_Indoor_Setup/Day5/Device18/IQ_1.dat,136,10662264,16,22,0,test,diff_days_indoor,5,0,0,0,0,0,0.6919592022895813
data/raw/osu_lora/Diff_Days_Indoor_Setup/Day5/Device18/IQ_1.dat,137,10740663,16,12,0,test,diff_days_indoor,5,0,0,0,0,0,0.3179444670677185
data/raw/osu_lora/Diff_Days_Indoor_Setup/Day5/Device18/IQ_1.dat,138,10819062,16,12,0,test,diff_days_indoor,5,0,0,0,0,0,0.24267104268074036
data/raw/osu_lora/Diff_Days_Indoor_Setup/Day5/Device18/IQ_1.dat,139,10897461,16,12,0,test,diff_days_indoor,5,0,0,0,0,0,0.336846262216568
data/raw/osu_lora/Diff_Days_Indoor_Setup/Day5/Device18/IQ_1.dat,140,10975860,16,16,1,test,diff_days_indoor,5,0,0,0,0,0,0.3484330177307129
data/raw/osu_lora/Diff_Days_Indoor_Setup/Day5/Device18/IQ_1.dat,141,11054259,16,7,0,test,diff_days_indoor,5,0,0,0,0,0,0.23639291524887085
data/raw/osu_lora/Diff_Days_Indoor_Setup/Day5/Device18/IQ_1.dat,142,11132658,16,12,0,test,diff_days_indoor,5,0,0,0,0,0,0.33642715215682983
data/raw/osu_lora/Diff_Days_Indoor_Setup/Day5/Device18/IQ_1.dat,143,11211057,16,12,0,test,diff_days_indoor,5,0,0,0,0,0,0.280981183052063
data/raw/osu_lora/Diff_Days_Indoor_Setup/Day5/Device18/IQ_1.dat,144,11289456,16,13,0,test,diff_days_indoor,5,0,0,0,0,0,0.321363240480423
data/raw/osu_lora/Diff_Days_Indoor_Setup/Day5/Device18/IQ_1.dat,145,11367855,16,16,1,test,diff_days_indoor,5,0,0,0,0,0,0.3155779242515564
data/raw/osu_lora/Diff_Days_Indoor_Setup/Day5/Device18/IQ_1.dat,146,11446254,16,12,0,test,diff_days_indoor,5,0,0,0,0,0,0.23633116483688354
data/raw/osu_lora/Diff_Days_Indoor_Setup/Day5/Device18/IQ_1.dat,147,11524653,16,17,0,test,diff_days_indoor,5,0,0,0,0,0,0.42218393087387085
data/raw/osu_lora/Diff_Days_Indoor_Setup/Day5/Device18/IQ_1.dat,148,11603052,16,12,0,test,diff_days_indoor,5,0,0,0,0,0,0.3057844936847687
data/raw/osu_lora/Diff_Days_Indoor_Setup/Day5/Device18/IQ_1.dat,149,11681451,16,7,0,test,diff_days_indoor,5,0,0,0,0,0,0.3159610629081726
data/raw/osu_lora/Diff_Days_Indoor_Setup/Day5/Device18/IQ_1.dat,150,11759850,16,7,0,test,diff_days_indoor,5,0,0,0,0,0,0.30456873774528503
data/raw/osu_lora/Diff_Days_Indoor_Setup/Day5/Device18/IQ_1.dat,151,11838249,16,11,0,test,diff_days_indoor,5,0,0,0,0,0,0.34235402941703796
data/raw/osu_lora/Diff_Days_Indoor_Setup/Day5/Device18/IQ_1.dat,152,11916648,16,12,0,test,diff_days_indoor,5,0,0,0,0,0,0.3358302712440491
data/raw/osu_lora/Diff_Days_Indoor_Setup/Day5/Device18/IQ_1.dat,153,11995047,16,16,1,test,diff_days_indoor,5,0,0,0,0,0,0.23185336589813232
data/raw/osu_lora/Diff_Days_Indoor_Setup/Day5/Device18/IQ_1.dat,154,12073446,16,12,0,test,diff_days_indoor,5,0,0,0,0,0,0.36848461627960205
data/raw/osu_lora/Diff_Days_Indoor_Setup/Day5/Device18/IQ_1.dat,155,12151845,16,17,0,test,diff_days_indoor,5,0,0,0,0,0,0.3150838613510132
data/raw/osu_lora/Diff_Days_Indoor_Setup/Day5/Device18/IQ_1.dat,156,12230244,16,20,0,test,diff_days_indoor,5,0,0,0,0,0,0.10609927773475647
data/raw/osu_lora/Diff_Days_Indoor_Setup/Day5/Device18/IQ_1.dat,157,12308643,16,12,0,test,diff_days_indoor,5,0,0,0,0,0,0.3299115002155304
data/raw/osu_lora/Diff_Days_Indoor_Setup/Day5/Device18/IQ_1.dat,158,12387042,16,12,0,test,diff_days_indoor,5,0,0,0,0,0,0.22706656157970428
data/raw/osu_lora/Diff_Days_Indoor_Setup/Day5/Device18/IQ_1.dat,159,12465441,16,16,1,test,diff_days_indoor,5,0,0,0,0,0,0.1986573040485382
data/raw/osu_lora/Diff_Days_Indoor_Setup/Day5/Device18/IQ_1.dat,160,12543840,16,13,0,test,diff_days_indoor,5,0,0,0,0,0,0.29212579131126404
data/raw/osu_lora/Diff_Days_Indoor_Setup/Day5/Device18/IQ_1.dat,161,12622239,16,13,0,test,diff_days_indoor,5,0,0,0,0,0,0.21996185183525085
data/raw/osu_lora/Diff_Days_Indoor_Setup/Day5/Device18/IQ_1.dat,162,12700638,16,22,0,test,diff_days_indoor,5,0,0,0,0,0,0.25213077664375305
data/raw/osu_lora/Diff_Days_Indoor_Setup/Day5/Device18/IQ_1.dat,163,12779037,16,12,0,test,diff_days_indoor,5,0,0,0,0,0,0.36251574754714966
data/raw/osu_lora/Diff_Days_Indoor_Setup/Day5/Device18/IQ_1.dat,164,12857436,16,7,0,test,diff_days_indoor,5,0,0,0,0,0,0.2668919861316681
data/raw/osu_lora/Diff_Days_Indoor_Setup/Day5/Device18/IQ_1.dat,165,12935835,16,16,1,test,diff_days_indoor,5,0,0,0,0,0,0.22376123070716858
data/raw/osu_lora/Diff_Days_Indoor_Setup/Day5/Device18/IQ_1.dat,166,13014234,16,7,0,test,diff_days_indoor,5,0,0,0,0,0,0.34309691190719604
data/raw/osu_lora/Diff_Days_Indoor_Setup/Day5/Device18/IQ_1.dat,167,13092633,16,5,0,test,diff_days_indoor,5,0,0,0,0,0,0.20316050946712494
data/raw/osu_lora/Diff_Days_Indoor_Setup/Day5/Device18/IQ_1.dat,168,13171032,16,17,0,test,diff_days_indoor,5,0,0,0,0,0,0.19637447595596313
data/raw/osu_lora/Diff_Days_Indoor_Setup/Day5/Device18/IQ_1.dat,169,13249431,16,12,0,test,diff_days_indoor,5,0,0,0,0,0,0.28844153881073
data/raw/osu_lora/Diff_Days_Indoor_Setup/Day5/Device18/IQ_1.dat,170,13327830,16,7,0,test,diff_days_indoor,5,0,0,0,0,0,0.27789071202278137
data/raw/osu_lora/Diff_Days_Indoor_Setup/Day5/Device18/IQ_1.dat,171,13406229,16,9,0,test,diff_days_indoor,5,0,0,0,0,0,0.1572505086660385
data/raw/osu_lora/Diff_Days_Indoor_Setup/Day5/Device18/IQ_1.dat,172,13484628,16,18,0,test,diff_days_indoor,5,0,0,0,0,0,0.2526150941848755
data/raw/osu_lora/Diff_Days_Indoor_Setup/Day5/Device18/IQ_1.dat,173,13563027,16,12,0,test,diff_days_indoor,5,0,0,0,0,0,0.15764658153057098
data/raw/osu_lora/Diff_Days_Indoor_Setup/Day5/Device18/IQ_1.dat,174,13641426,16,13,0,test,diff_days_indoor,5,0,0,0,0,0,0.20043107867240906
data/raw/osu_lora/Diff_Days_Indoor_Setup/Day5/Device18/IQ_1.dat,175,13719825,16,12,0,test,diff_days_indoor,5,0,0,0,0,0,0.26804813742637634
data/raw/osu_lora/Diff_Days_Indoor_Setup/Day5/Device18/IQ_1.dat,176,13798224,16,7,0,test,diff_days_indoor,5,0,0,0,0,0,0.34148094058036804
data/raw/osu_lora/Diff_Days_Indoor_Setup/Day5/Device18/IQ_1.dat,177,13876623,16,12,0,test,diff_days_indoor,5,0,0,0,0,0,0.376861572265625
data/raw/osu_lora/Diff_Days_Indoor_Setup/Day5/Device18/IQ_1.dat,178,13955022,16,17,0,test,diff_days_indoor,5,0,0,0,0,0,0.16910061240196228
data/raw/osu_lora/Diff_Days_Indoor_Setup/Day5/Device18/IQ_1.dat,179,14033421,16,11,0,test,diff_days_indoor,5,0,0,0,0,0,0.2945714592933655
data/raw/osu_lora/Diff_Days_Indoor_Setup/Day5/Device18/IQ_1.dat,180,14111820,16,13,0,test,diff_days_indoor,5,0,0,0,0,0,0.33967652916908264
data/raw/osu_lora/Diff_Days_Indoor_Setup/Day5/Device18/IQ_1.dat,181,14190219,16,7,0,test,diff_days_indoor,5,0,0,0,0,0,0.22925686836242676
data/raw/osu_lora/Diff_Days_Indoor_Setup/Day5/Device18/IQ_1.dat,182,14268618,16,12,0,test,diff_days_indoor,5,0,0,0,0,0,0.4253624975681305
data/raw/osu_lora/Diff_Days_Indoor_Setup/Day5/Device18/IQ_1.dat,183,14347017,16,13,0,test,diff_days_indoor,5,0,0,0,0,0,0.2081693708896637
data/raw/osu_lora/Diff_Days_Indoor_Setup/Day5/Device18/IQ_1.dat,184,14425416,16,22,0,test,diff_days_indoor,5,0,0,0,0,0,0.30088692903518677
data/raw/osu_lora/Diff_Days_Indoor_Setup/Day5/Device18/IQ_1.dat,185,14503815,16,13,0,test,diff_days_indoor,5,0,0,0,0,0,0.3716226816177368
data/raw/osu_lora/Diff_Days_Indoor_Setup/Day5/Device18/IQ_1.dat,186,14582214,16,7,0,test,diff_days_indoor,5,0,0,0,0,0,0.2554175853729248
data/raw/osu_lora/Diff_Days_Indoor_Setup/Day5/Device18/IQ_1.dat,187,14660613,16,13,0,test,diff_days_indoor,5,0,0,0,0,0,0.2466699630022049
data/raw/osu_lora/Diff_Days_Indoor_Setup/Day5/Device18/IQ_1.dat,188,14739012,16,13,0,test,diff_days_indoor,5,0,0,0,0,0,0.34513595700263977
data/raw/osu_lora/Diff_Days_Indoor_Setup/Day5/Device18/IQ_1.dat,189,14817411,16,16,1,test,diff_days_indoor,5,0,0,0,0,0,0.28147754073143005
data/raw/osu_lora/Diff_Days_Indoor_Setup/Day5/Device18/IQ_1.dat,190,14895810,16,7,0,test,diff_days_indoor,5,0,0,0,0,0,0.3244504928588867
data/raw/osu_lora/Diff_Days_Indoor_Setup/Day5/Device18/IQ_1.dat,191,14974209,16,17,0,test,diff_days_indoor,5,0,0,0,0,0,0.31349438428878784
data/raw/osu_lora/Diff_Days_Indoor_Setup/Day5/Device18/IQ_1.dat,192,15052608,16,13,0,test,diff_days_indoor,5,0,0,0,0,0,0.31426483392715454
data/raw/osu_lora/Diff_Days_Indoor_Setup/Day5/Device18/IQ_1.dat,193,15131007,16,12,0,test,diff_days_indoor,5,0,0,0,0,0,0.2526320219039917
data/raw/osu_lora/Diff_Days_Indoor_Setup/Day5/Device18/IQ_1.dat,194,15209406,16,12,0,test,diff_days_indoor,5,0,0,0,0,0,0.3444949686527252
data/raw/osu_lora/Diff_Days_Indoor_Setup/Day5/Device18/IQ_1.dat,195,15287805,16,12,0,test,diff_days_indoor,5,0,0,0,0,0,0.35809338092803955
data/raw/osu_lora/Diff_Days_Indoor_Setup/Day5/Device18/IQ_1.dat,196,15366204,16,7,0,test,diff_days_indoor,5,0,0,0,0,0,0.23466186225414276
data/raw/osu_lora/Diff_Days_Indoor_Setup/Day5/Device18/IQ_1.dat,197,15444603,16,13,0,test,diff_days_indoor,5,0,0,0,0,0,0.18199491500854492
data/raw/osu_lora/Diff_Days_Indoor_Setup/Day5/Device18/IQ_1.dat,198,15523002,16,13,0,test,diff_days_indoor,5,0,0,0,0,0,0.28093406558036804
data/raw/osu_lora/Diff_Days_Indoor_Setup/Day5/Device18/IQ_1.dat,199,15601401,16,13,0,test,diff_days_indoor,5,0,0,0,0,0,0.12393519282341003
data/raw/osu_lora/Diff_Days_Indoor_Setup/Day5/Device18/IQ_1.dat,200,15679800,16,7,0,test,diff_days_indoor,5,0,0,0,0,0,0.28876134753227234
data/raw/osu_lora/Diff_Days_Indoor_Setup/Day5/Device18/IQ_1.dat,201,15758199,16,12,0,test,diff_days_indoor,5,0,0,0,0,0,0.30899694561958313
data/raw/osu_lora/Diff_Days_Indoor_Setup/Day5/Device18/IQ_1.dat,202,15836598,16,7,0,test,diff_days_indoor,5,0,0,0,0,0,0.359409898519516
data/raw/osu_lora/Diff_Days_Indoor_Setup/Day5/Device18/IQ_1.dat,203,15914997,16,11,0,test,diff_days_indoor,5,0,0,0,0,0,0.11135102063417435
data/raw/osu_lora/Diff_Days_Indoor_Setup/Day5/Device18/IQ_1.dat,204,15993396,16,7,0,test,diff_days_indoor,5,0,0,0,0,0,0.2502080500125885
data/raw/osu_lora/Diff_Days_Indoor_Setup/Day5/Device18/IQ_1.dat,205,16071795,16,13,0,test,diff_days_indoor,5,0,0,0,0,0,0.19625438749790192
data/raw/osu_lora/Diff_Days_Indoor_Setup/Day5/Device18/IQ_1.dat,206,16150194,16,18,0,test,diff_days_indoor,5,0,0,0,0,0,0.1921432465314865
data/raw/osu_lora/Diff_Days_Indoor_Setup/Day5/Device18/IQ_1.dat,207,16228593,16,7,0,test,diff_days_indoor,5,0,0,0,0,0,0.26375994086265564
data/raw/osu_lora/Diff_Days_Indoor_Setup/Day5/Device18/IQ_1.dat,208,16306992,16,12,0,test,diff_days_indoor,5,0,0,0,0,0,0.3307407796382904
data/raw/osu_lora/Diff_Days_Indoor_Setup/Day5/Device18/IQ_1.dat,209,16385391,16,22,0,test,diff_days_indoor,5,0,0,0,0,0,0.25170573592185974
data/raw/osu_lora/Diff_Days_Indoor_Setup/Day5/Device18/IQ_1.dat,210,16463790,16,7,0,test,diff_days_indoor,5,0,0,0,0,0,0.30081743001937866
data/raw/osu_lora/Diff_Days_Indoor_Setup/Day5/Device18/IQ_1.dat,211,16542189,16,13,0,test,diff_days_indoor,5,0,0,0,0,0,0.2121993750333786
data/raw/osu_lora/Diff_Days_Indoor_Setup/Day5/Device18/IQ_1.dat,212,16620588,16,9,0,test,diff_days_indoor,5,0,0,0,0,0,0.14726170897483826
data/raw/osu_lora/Diff_Days_Indoor_Setup/Day5/Device18/IQ_1.dat,213,16698987,16,13,0,test,diff_days_indoor,5,0,0,0,0,0,0.31749874353408813
data/raw/osu_lora/Diff_Days_Indoor_Setup/Day5/Device18/IQ_1.dat,214,16777386,16,16,1,test,diff_days_indoor,5,0,0,0,0,0,0.23795779049396515
data/raw/osu_lora/Diff_Days_Indoor_Setup/Day5/Device18/IQ_1.dat,215,16855785,16,7,0,test,diff_days_indoor,5,0,0,0,0,0,0.25655773282051086
data/raw/osu_lora/Diff_Days_Indoor_Setup/Day5/Device18/IQ_1.dat,216,16934184,16,7,0,test,diff_days_indoor,5,0,0,0,0,0,0.42835986614227295
data/raw/osu_lora/Diff_Days_Indoor_Setup/Day5/Device18/IQ_1.dat,217,17012583,16,12,0,test,diff_days_indoor,5,0,0,0,0,0,0.1989227682352066
data/raw/osu_lora/Diff_Days_Indoor_Setup/Day5/Device18/IQ_1.dat,218,17090982,16,13,0,test,diff_days_indoor,5,0,0,0,0,0,0.3189087510108948
data/raw/osu_lora/Diff_Days_Indoor_Setup/Day5/Device18/IQ_1.dat,219,17169381,16,17,0,test,diff_days_indoor,5,0,0,0,0,0,0.17648209631443024
data/raw/osu_lora/Diff_Days_Indoor_Setup/Day5/Device18/IQ_1.dat,220,17247780,16,13,0,test,diff_days_indoor,5,0,0,0,0,0,0.20972250401973724
data/raw/osu_lora/Diff_Days_Indoor_Setup/Day5/Device18/IQ_1.dat,221,17326179,16,13,0,test,diff_days_indoor,5,0,0,0,0,0,0.37791427969932556
data/raw/osu_lora/Diff_Days_Indoor_Setup/Day5/Device18/IQ_1.dat,222,17404578,16,7,0,test,diff_days_indoor,5,0,0,0,0,0,0.24423767626285553
data/raw/osu_lora/Diff_Days_Indoor_Setup/Day5/Device18/IQ_1.dat,223,17482977,16,17,0,test,diff_days_indoor,5,0,0,0,0,0,0.2947307527065277
data/raw/osu_lora/Diff_Days_Indoor_Setup/Day5/Device18/IQ_1.dat,224,17561376,16,12,0,test,diff_days_indoor,5,0,0,0,0,0,0.2380162924528122
data/raw/osu_lora/Diff_Days_Indoor_Setup/Day5/Device18/IQ_1.dat,225,17639775,16,17,0,test,diff_days_indoor,5,0,0,0,0,0,0.3691757023334503
data/raw/osu_lora/Diff_Days_Indoor_Setup/Day5/Device18/IQ_1.dat,226,17718174,16,19,0,test,diff_days_indoor,5,0,0,0,0,0,0.2492794692516327
data/raw/osu_lora/Diff_Days_Indoor_Setup/Day5/Device18/IQ_1.dat,227,17796573,16,17,0,test,diff_days_indoor,5,0,0,0,0,0,0.2895871102809906
data/raw/osu_lora/Diff_Days_Indoor_Setup/Day5/Device18/IQ_1.dat,228,17874972,16,18,0,test,diff_days_indoor,5,0,0,0,0,0,0.30972641706466675
data/raw/osu_lora/Diff_Days_Indoor_Setup/Day5/Device18/IQ_1.dat,229,17953371,16,13,0,test,diff_days_indoor,5,0,0,0,0,0,0.21350541710853577
data/raw/osu_lora/Diff_Days_Indoor_Setup/Day5/Device18/IQ_1.dat,230,18031770,16,13,0,test,diff_days_indoor,5,0,0,0,0,0,0.3733751177787781
data/raw/osu_lora/Diff_Days_Indoor_Setup/Day5/Device18/IQ_1.dat,231,18110169,16,16,1,test,diff_days_indoor,5,0,0,0,0,0,0.275458961725235
data/raw/osu_lora/Diff_Days_Indoor_Setup/Day5/Device18/IQ_1.dat,232,18188568,16,12,0,test,diff_days_indoor,5,0,0,0,0,0,0.3309512436389923
data/raw/osu_lora/Diff_Days_Indoor_Setup/Day5/Device18/IQ_1.dat,233,18266967,16,12,0,test,diff_days_indoor,5,0,0,0,0,0,0.3230595886707306
data/raw/osu_lora/Diff_Days_Indoor_Setup/Day5/Device18/IQ_1.dat,234,18345366,16,20,0,test,diff_days_indoor,5,0,0,0,0,0,0.2885989844799042
data/raw/osu_lora/Diff_Days_Indoor_Setup/Day5/Device18/IQ_1.dat,235,18423765,16,15,0,test,diff_days_indoor,5,0,0,0,0,0,0.24025976657867432
data/raw/osu_lora/Diff_Days_Indoor_Setup/Day5/Device18/IQ_1.dat,236,18502164,16,17,0,test,diff_days_indoor,5,0,0,0,0,0,0.19398219883441925
data/raw/osu_lora/Diff_Days_Indoor_Setup/Day5/Device18/IQ_1.dat,237,18580563,16,4,0,test,diff_days_indoor,5,0,0,0,0,0,0.734773576259613
data/raw/osu_lora/Diff_Days_Indoor_Setup/Day5/Device18/IQ_1.dat,238,18658962,16,13,0,test,diff_days_indoor,5,0,0,0,0,0,0.286982923746109
data/raw/osu_lora/Diff_Days_Indoor_Setup/Day5/Device18/IQ_1.dat,239,18737361,16,16,1,test,diff_days_indoor,5,0,0,0,0,0,0.2642112076282501
data/raw/osu_lora/Diff_Days_Indoor_Setup/Day5/Device18/IQ_1.dat,240,18815760,16,13,0,test,diff_days_indoor,5,0,0,0,0,0,0.16642242670059204
data/raw/osu_lora/Diff_Days_Indoor_Setup/Day5/Device18/IQ_1.dat,241,18894159,16,10,0,test,diff_days_indoor,5,0,0,0,0,0,0.17310397326946259
data/raw/osu_lora/Diff_Days_Indoor_Setup/Day5/Device18/IQ_1.dat,242,18972558,16,19,0,test,diff_days_indoor,5,0,0,0,0,0,0.20969879627227783
data/raw/osu_lora/Diff_Days_Indoor_Setup/Day5/Device18/IQ_1.dat,243,19050957,16,12,0,test,diff_days_indoor,5,0,0,0,0,0,0.2455284148454666
data/raw/osu_lora/Diff_Days_Indoor_Setup/Day5/Device18/IQ_1.dat,244,19129356,16,17,0,test,diff_days_indoor,5,0,0,0,0,0,0.16073158383369446
data/raw/osu_lora/Diff_Days_Indoor_Setup/Day5/Device18/IQ_1.dat,245,19207755,16,13,0,test,diff_days_indoor,5,0,0,0,0,0,0.3066506087779999
data/raw/osu_lora/Diff_Days_Indoor_Setup/Day5/Device18/IQ_1.dat,246,19286154,16,16,1,test,diff_days_indoor,5,0,0,0,0,0,0.290165513753891
data/raw/osu_lora/Diff_Days_Indoor_Setup/Day5/Device18/IQ_1.dat,247,19364553,16,17,0,test,diff_days_indoor,5,0,0,0,0,0,0.4103989005088806
data/raw/osu_lora/Diff_Days_Indoor_Setup/Day5/Device18/IQ_1.dat,248,19442952,16,12,0,test,diff_days_indoor,5,0,0,0,0,0,0.192925825715065
data/raw/osu_lora/Diff_Days_Indoor_Setup/Day5/Device18/IQ_1.dat,249,19521351,16,7,0,test,diff_days_indoor,5,0,0,0,0,0,0.3405958116054535
data/raw/osu_lora/Diff_Days_Indoor_Setup/Day5/Device18/IQ_1.dat,250,19599750,16,17,0,test,diff_days_indoor,5,0,0,0,0,0,0.44056740403175354
data/raw/osu_lora/Diff_Days_Indoor_Setup/Day5/Device18/IQ_1.dat,251,19678149,16,13,0,test,diff_days_indoor,5,0,0,0,0,0,0.35543859004974365
data/raw/osu_lora/Diff_Days_Indoor_Setup/Day5/Device18/IQ_1.dat,252,19756548,16,7,0,test,diff_days_indoor,5,0,0,0,0,0,0.21198642253875732
data/raw/osu_lora/Diff_Days_Indoor_Setup/Day5/Device18/IQ_1.dat,253,19834947,16,12,0,test,diff_days_indoor,5,0,0,0,0,0,0.34729883074760437
data/raw/osu_lora/Diff_Days_Indoor_Setup/Day5/Device18/IQ_1.dat,254,19913346,16,12,0,test,diff_days_indoor,5,0,0,0,0,0,0.34068137407302856
data/raw/osu_lora/Diff_Days_Indoor_Setup/Day5/Device18/IQ_1.dat,255,19991745,16,12,0,test,diff_days_indoor,5,0,0,0,0,0,0.33749163150787354
data/raw/osu_lora/Diff_Days_Indoor_Setup/Day5/Device19/IQ_1.dat,0,0,17,7,0,test,diff_days_indoor,5,0,0,0,0,0,0.3191000819206238
data/raw/osu_lora/Diff_Days_Indoor_Setup/Day5/Device19/IQ_1.dat,1,78399,17,17,1,test,diff_days_indoor,5,0,0,0,0,0,0.41216304898262024
data/raw/osu_lora/Diff_Days_Indoor_Setup/Day5/Device19/IQ_1.dat,2,156798,17,17,1,test,diff_days_indoor,5,0,0,0,0,0,0.3188651502132416
data/raw/osu_lora/Diff_Days_Indoor_Setup/Day5/Device19/IQ_1.dat,3,235197,17,17,1,test,diff_days_indoor,5,0,0,0,0,0,0.5270311236381531
data/raw/osu_lora/Diff_Days_Indoor_Setup/Day5/Device19/IQ_1.dat,4,313596,17,7,0,test,diff_days_indoor,5,0,0,0,0,0,0.29617273807525635
data/raw/osu_lora/Diff_Days_Indoor_Setup/Day5/Device19/IQ_1.dat,5,391995,17,17,1,test,diff_days_indoor,5,0,0,0,0,0,0.24861714243888855
data/raw/osu_lora/Diff_Days_Indoor_Setup/Day5/Device19/IQ_1.dat,6,470394,17,19,0,test,diff_days_indoor,5,0,0,0,0,0,0.17750881612300873
data/raw/osu_lora/Diff_Days_Indoor_Setup/Day5/Device19/IQ_1.dat,7,548793,17,17,1,test,diff_days_indoor,5,0,0,0,0,0,0.4078437089920044
data/raw/osu_lora/Diff_Days_Indoor_Setup/Day5/Device19/IQ_1.dat,8,627192,17,17,1,test,diff_days_indoor,5,0,0,0,0,0,0.47215908765792847
data/raw/osu_lora/Diff_Days_Indoor_Setup/Day5/Device19/IQ_1.dat,9,705591,17,17,1,test,diff_days_indoor,5,0,0,0,0,0,0.5239367485046387
data/raw/osu_lora/Diff_Days_Indoor_Setup/Day5/Device19/IQ_1.dat,10,783990,17,10,0,test,diff_days_indoor,5,0,0,0,0,0,0.32263264060020447
data/raw/osu_lora/Diff_Days_Indoor_Setup/Day5/Device19/IQ_1.dat,11,862389,17,17,1,test,diff_days_indoor,5,0,0,0,0,0,0.454822301864624
data/raw/osu_lora/Diff_Days_Indoor_Setup/Day5/Device19/IQ_1.dat,12,940788,17,15,0,test,diff_days_indoor,5,0,0,0,0,0,0.2839505970478058
data/raw/osu_lora/Diff_Days_Indoor_Setup/Day5/Device19/IQ_1.dat,13,1019187,17,14,0,test,diff_days_indoor,5,0,0,0,0,0,0.2312534600496292
data/raw/osu_lora/Diff_Days_Indoor_Setup/Day5/Device19/IQ_1.dat,14,1097586,17,13,0,test,diff_days_indoor,5,0,0,0,0,0,0.24069373309612274
data/raw/osu_lora/Diff_Days_Indoor_Setup/Day5/Device19/IQ_1.dat,15,1175985,17,17,1,test,diff_days_indoor,5,0,0,0,0,0,0.35230740904808044
data/raw/osu_lora/Diff_Days_Indoor_Setup/Day5/Device19/IQ_1.dat,16,1254384,17,7,0,test,diff_days_indoor,5,0,0,0,0,0,0.3582237660884857
data/raw/osu_lora/Diff_Days_Indoor_Setup/Day5/Device19/IQ_1.dat,17,1332783,17,17,1,test,diff_days_indoor,5,0,0,0,0,0,0.2480732500553131
data/raw/osu_lora/Diff_Days_Indoor_Setup/Day5/Device19/IQ_1.dat,18,1411182,17,17,1,test,diff_days_indoor,5,0,0,0,0,0,0.2463822215795517
data/raw/osu_lora/Diff_Days_Indoor_Setup/Day5/Device19/IQ_1.dat,19,1489581,17,5,0,test,diff_days_indoor,5,0,0,0,0,0,0.1544942408800125
data/raw/osu_lora/Diff_Days_Indoor_Setup/Day5/Device19/IQ_1.dat,20,1567980,17,5,0,test,diff_days_indoor,5,0,0,0,0,0,0.17651686072349548
data/raw/osu_lora/Diff_Days_Indoor_Setup/Day5/Device19/IQ_1.dat,21,1646379,17,17,1,test,diff_days_indoor,5,0,0,0,0,0,0.4093681573867798
data/raw/osu_lora/Diff_Days_Indoor_Setup/Day5/Device19/IQ_1.dat,22,1724778,17,13,0,test,diff_days_indoor,5,0,0,0,0,0,0.36273953318595886
data/raw/osu_lora/Diff_Days_Indoor_Setup/Day5/Device19/IQ_1.dat,23,1803177,17,17,1,test,diff_days_indoor,5,0,0,0,0,0,0.2962033152580261
data/raw/osu_lora/Diff_Days_Indoor_Setup/Day5/Device19/IQ_1.dat,24,1881576,17,17,1,test,diff_days_indoor,5,0,0,0,0,0,0.40209031105041504
data/raw/osu_lora/Diff_Days_Indoor_Setup/Day5/Device19/IQ_1.dat,25,1959975,17,17,1,test,diff_days_indoor,5,0,0,0,0,0,0.295673131942749
data/raw/osu_lora/Diff_Days_Indoor_Setup/Day5/Device19/IQ_1.dat,26,2038374,17,22,0,test,diff_days_indoor,5,0,0,0,0,0,0.18552236258983612
data/raw/osu_lora/Diff_Days_Indoor_Setup/Day5/Device19/IQ_1.dat,27,2116773,17,17,1,test,diff_days_indoor,5,0,0,0,0,0,0.29614412784576416
data/raw/osu_lora/Diff_Days_Indoor_Setup/Day5/Device19/IQ_1.dat,28,2195172,17,17,1,test,diff_days_indoor,5,0,0,0,0,0,0.259099543094635
data/raw/osu_lora/Diff_Days_Indoor_Setup/Day5/Device19/IQ_1.dat,29,2273571,17,12,0,test,diff_days_indoor,5,0,0,0,0,0,0.22725388407707214
data/raw/osu_lora/Diff_Days_Indoor_Setup/Day5/Device19/IQ_1.dat,30,2351970,17,17,1,test,diff_days_indoor,5,0,0,0,0,0,0.38159850239753723
data/raw/osu_lora/Diff_Days_Indoor_Setup/Day5/Device19/IQ_1.dat,31,2430369,17,17,1,test,diff_days_indoor,5,0,0,0,0,0,0.19180260598659515
data/raw/osu_lora/Diff_Days_Indoor_Setup/Day5/Device19/IQ_1.dat,32,2508768,17,17,1,test,diff_days_indoor,5,0,0,0,0,0,0.3510624170303345
data/raw/osu_lora/Diff_Days_Indoor_Setup/Day5/Device19/IQ_1.dat,33,2587167,17,17,1,test,diff_days_indoor,5,0,0,0,0,0,0.34964028000831604
data/raw/osu_lora/Diff_Days_Indoor_Setup/Day5/Device19/IQ_1.dat,34,2665566,17,16,0,test,diff_days_indoor,5,0,0,0,0,0,0.2097053825855255
data/raw/osu_lora/Diff_Days_Indoor_Setup/Day5/Device19/IQ_1.dat,35,2743965,17,23,0,test,diff_days_indoor,5,0,0,0,0,0,0.3607431650161743
data/raw/osu_lora/Diff_Days_Indoor_Setup/Day5/Device19/IQ_1.dat,36,2822364,17,17,1,test,diff_days_indoor,5,0,0,0,0,0,0.4106573164463043
data/raw/osu_lora/Diff_Days_Indoor_Setup/Day5/Device19/IQ_1.dat,37,2900763,17,17,1,test,diff_days_indoor,5,0,0,0,0,0,0.31057414412498474
data/raw/osu_lora/Diff_Days_Indoor_Setup/Day5/Device19/IQ_1.dat,38,2979162,17,13,0,test,diff_days_indoor,5,0,0,0,0,0,0.31045040488243103
data/raw/osu_lora/Diff_Days_Indoor_Setup/Day5/Device19/IQ_1.dat,39,3057561,17,12,0,test,diff_days_indoor,5,0,0,0,0,0,0.3086549639701843
data/raw/osu_lora/Diff_Days_Indoor_Setup/Day5/Device19/IQ_1.dat,40,3135960,17,17,1,test,diff_days_indoor,5,0,0,0,0,0,0.27787598967552185
data/raw/osu_lora/Diff_Days_Indoor_Setup/Day5/Device19/IQ_1.dat,41,3214359,17,23,0,test,diff_days_indoor,5,0,0,0,0,0,0.4007200300693512
data/raw/osu_lora/Diff_Days_Indoor_Setup/Day5/Device19/IQ_1.dat,42,3292758,17,17,1,test,diff_days_indoor,5,0,0,0,0,0,0.38391274213790894
data/raw/osu_lora/Diff_Days_Indoor_Setup/Day5/Device19/IQ_1.dat,43,3371157,17,7,0,test,diff_days_indoor,5,0,0,0,0,0,0.2721106708049774
data/raw/osu_lora/Diff_Days_Indoor_Setup/Day5/Device19/IQ_1.dat,44,3449556,17,17,1,test,diff_days_indoor,5,0,0,0,0,0,0.27665024995803833
data/raw/osu_lora/Diff_Days_Indoor_Setup/Day5/Device19/IQ_1.dat,45,3527955,17,16,0,test,diff_days_indoor,5,0,0,0,0,0,0.2727362811565399
data/raw/osu_lora/Diff_Days_Indoor_Setup/Day5/Device19/IQ_1.dat,46,3606354,17,12,0,test,diff_days_indoor,5,0,0,0,0,0,0.25029081106185913
data/raw/osu_lora/Diff_Days_Indoor_Setup/Day5/Device19/IQ_1.dat,47,3684753,17,19,0,test,diff_days_indoor,5,0,0,0,0,0,0.2500619888305664
data/raw/osu_lora/Diff_Days_Indoor_Setup/Day5/Device19/IQ_1.dat,48,3763152,17,17,1,test,diff_days_indoor,5,0,0,0,0,0,0.2974177300930023
data/raw/osu_lora/Diff_Days_Indoor_Setup/Day5/Device19/IQ_1.dat,49,3841551,17,16,0,test,diff_days_indoor,5,0,0,0,0,0,0.286607563495636
data/raw/osu_lora/Diff_Days_Indoor_Setup/Day5/Device19/IQ_1.dat,50,3919950,17,15,0,test,diff_days_indoor,5,0,0,0,0,0,0.22306805849075317
data/raw/osu_lora/Diff_Days_Indoor_Setup/Day5/Device19/IQ_1.dat,51,3998349,17,10,0,test,diff_days_indoor,5,0,0,0,0,0,0.21704794466495514
data/raw/osu_lora/Diff_Days_Indoor_Setup/Day5/Device19/IQ_1.dat,52,4076748,17,17,1,test,diff_days_indoor,5,0,0,0,0,0,0.4038953185081482
data/raw/osu_lora/Diff_Days_Indoor_Setup/Day5/Device19/IQ_1.dat,53,4155147,17,15,0,test,diff_days_indoor,5,0,0,0,0,0,0.14160560071468353
data/raw/osu_lora/Diff_Days_Indoor_Setup/Day5/Device19/IQ_1.dat,54,4233546,17,23,0,test,diff_days_indoor,5,0,0,0,0,0,0.24591092765331268
data/raw/osu_lora/Diff_Days_Indoor_Setup/Day5/Device19/IQ_1.dat,55,4311945,17,22,0,test,diff_days_indoor,5,0,0,0,0,0,0.15497632324695587
data/raw/osu_lora/Diff_Days_Indoor_Setup/Day5/Device19/IQ_1.dat,56,4390344,17,17,1,test,diff_days_indoor,5,0,0,0,0,0,0.3693430721759796
data/raw/osu_lora/Diff_Days_Indoor_Setup/Day5/Device19/IQ_1.dat,57,4468743,17,13,0,test,diff_days_indoor,5,0,0,0,0,0,0.11876662075519562
data/raw/osu_lora/Diff_Days_Indoor_Setup/Day5/Device19/IQ_1.dat,58,4547142,17,19,0,test,diff_days_indoor,5,0,0,0,0,0,0.2419663965702057
data/raw/osu_lora/Diff_Days_Indoor_Setup/Day5/Device19/IQ_1.dat,59,4625541,17,22,0,test,diff_days_indoor,5,0,0,0,0,0,0.157760888338089
data/raw/osu_lora/Diff_Days_Indoor_Setup/Day5/Device19/IQ_1.dat,60,4703940,17,17,1,test,diff_days_indoor,5,0,0,0,0,0,0.29351454973220825
data/raw/osu_lora/Diff_Days_Indoor_Setup/Day5/Device19/IQ_1.dat,61,4782339,17,17,1,test,diff_days_indoor,5,0,0,0,0,0,0.2645484209060669
data/raw/osu_lora/Diff_Days_Indoor_Setup/Day5/Device19/IQ_1.dat,62,4860738,17,22,0,test,diff_days_indoor,5,0,0,0,0,0,0.23074497282505035
data/raw/osu_lora/Diff_Days_Indoor_Setup/Day5/Device19/IQ_1.dat,63,4939137,17,22,0,test,diff_days_indoor,5,0,0,0,0,0,0.3251301646232605
data/raw/osu_lora/Diff_Days_Indoor_Setup/Day5/Device19/IQ_1.dat,64,5017536,17,17,1,test,diff_days_indoor,5,0,0,0,0,0,0.2243504822254181
data/raw/osu_lora/Diff_Days_Indoor_Setup/Day5/Device19/IQ_1.dat,65,5095935,17,10,0,test,diff_days_indoor,5,0,0,0,0,0,0.28970882296562195
data/raw/osu_lora/Diff_Days_Indoor_Setup/Day5/Device19/IQ_1.dat,66,5174334,17,15,0,test,diff_days_indoor,5,0,0,0,0,0,0.277691125869751
data/raw/osu_lora/Diff_Days_Indoor_Setup/Day5/Device19/IQ_1.dat,67,5252733,17,7,0,test,diff_days_indoor,5,0,0,0,0,0,0.2739851474761963
data/raw/osu_lora/Diff_Days_Indoor_Setup/Day5/Device19/IQ_1.dat,68,5331132,17,22,0,test,diff_days_indoor,5,0,0,0,0,0,0.17029699683189392
data/raw/osu_lora/Diff_Days_Indoor_Setup/Day5/Device19/IQ_1.dat,69,5409531,17,15,0,test,diff_days_indoor,5,0,0,0,0,0,0.19006162881851196
data/raw/osu_lora/Diff_Days_Indoor_Setup/Day5/Device19/IQ_1.dat,70,5487930,17,17,1,test,diff_days_indoor,5,0,0,0,0,0,0.40430784225463867
data/raw/osu_lora/Diff_Days_Indoor_Setup/Day5/Device19/IQ_1.dat,71,5566329,17,17,1,test,diff_days_indoor,5,0,0,0,0,0,0.16480189561843872
data/raw/osu_lora/Diff_Days_Indoor_Setup/Day5/Device19/IQ_1.dat,72,5644728,17,4,0,test,diff_days_indoor,5,0,0,0,0,0,0.15950961410999298
data/raw/osu_lora/Diff_Days_Indoor_Setup/Day5/Device19/IQ_1.dat,73,5723127,17,7,0,test,diff_days_indoor,5,0,0,0,0,0,0.3004544675350189
data/raw/osu_lora/Diff_Days_Indoor_Setup/Day5/Device19/IQ_1.dat,74,5801526,17,22,0,test,diff_days_indoor,5,0,0,0,0,0,0.28227147459983826
data/raw/osu_lora/Diff_Days_Indoor_Setup/Day5/Device19/IQ_1.dat,75,5879925,17,15,0,test,diff_days_indoor,5,0,0,0,0,0,0.17246781289577484
data/raw/osu_lora/Diff_Days_Indoor_Setup/Day5/Device19/IQ_1.dat,76,5958324,17,22,0,test,diff_days_indoor,5,0,0,0,0,0,0.303956538438797
data/raw/osu_lora/Diff_Days_Indoor_Setup/Day5/Device19/IQ_1.dat,77,6036723,17,17,1,test,diff_days_indoor,5,0,0,0,0,0,0.27606111764907837
data/raw/osu_lora/Diff_Days_Indoor_Setup/Day5/Device19/IQ_1.dat,78,6115122,17,23,0,test,diff_days_indoor,5,0,0,0,0,0,0.2309027910232544
data/raw/osu_lora/Diff_Days_Indoor_Setup/Day5/Device19/IQ_1.dat,79,6193521,17,22,0,test,diff_days_indoor,5,0,0,0,0,0,0.2521111071109772
data/raw/osu_lora/Diff_Days_Indoor_Setup/Day5/Device19/IQ_1.dat,80,6271920,17,13,0,test,diff_days_indoor,5,0,0,0,0,0,0.19186367094516754
data/raw/osu_lora/Diff_Days_Indoor_Setup/Day5/Device19/IQ_1.dat,81,6350319,17,17,1,test,diff_days_indoor,5,0,0,0,0,0,0.34545814990997314
data/raw/osu_lora/Diff_Days_Indoor_Setup/Day5/Device19/IQ_1.dat,82,6428718,17,21,0,test,diff_days_indoor,5,0,0,0,0,0,0.3629929721355438
data/raw/osu_lora/Diff_Days_Indoor_Setup/Day5/Device19/IQ_1.dat,83,6507117,17,15,0,test,diff_days_indoor,5,0,0,0,0,0,0.24308346211910248
data/raw/osu_lora/Diff_Days_Indoor_Setup/Day5/Device19/IQ_1.dat,84,6585516,17,23,0,test,diff_days_indoor,5,0,0,0,0,0,0.19310130178928375
data/raw/osu_lora/Diff_Days_Indoor_Setup/Day5/Device19/IQ_1.dat,85,6663915,17,19,0,test,diff_days_indoor,5,0,0,0,0,0,0.24030210077762604
data/raw/osu_lora/Diff_Days_Indoor_Setup/Day5/Device19/IQ_1.dat,86,6742314,17,14,0,test,diff_days_indoor,5,0,0,0,0,0,0.12973330914974213
data/raw/osu_lora/Diff_Days_Indoor_Setup/Day5/Device19/IQ_1.dat,87,6820713,17,17,1,test,diff_days_indoor,5,0,0,0,0,0,0.48693880438804626
data/raw/osu_lora/Diff_Days_Indoor_Setup/Day5/Device19/IQ_1.dat,88,6899112,17,17,1,test,diff_days_indoor,5,0,0,0,0,0,0.33743929862976074
data/raw/osu_lora/Diff_Days_Indoor_Setup/Day5/Device19/IQ_1.dat,89,6977511,17,4,0,test,diff_days_indoor,5,0,0,0,0,0,0.6280393004417419
data/raw/osu_lora/Diff_Days_Indoor_Setup/Day5/Device19/IQ_1.dat,90,7055910,17,7,0,test,diff_days_indoor,5,0,0,0,0,0,0.4383842647075653
data/raw/osu_lora/Diff_Days_Indoor_Setup/Day5/Device19/IQ_1.dat,91,7134309,17,7,0,test,diff_days_indoor,5,0,0,0,0,0,0.30020490288734436
data/raw/osu_lora/Diff_Days_Indoor_Setup/Day5/Device19/IQ_1.dat,92,7212708,17,17,1,test,diff_days_indoor,5,0,0,0,0,0,0.1646847277879715
data/raw/osu_lora/Diff_Days_Indoor_Setup/Day5/Device19/IQ_1.dat,93,7291107,17,17,1,test,diff_days_indoor,5,0,0,0,0,0,0.28515002131462097
data/raw/osu_lora/Diff_Days_Indoor_Setup/Day5/Device19/IQ_1.dat,94,7369506,17,17,1,test,diff_days_indoor,5,0,0,0,0,0,0.4348377585411072
data/raw/osu_lora/Diff_Days_Indoor_Setup/Day5/Device19/IQ_1.dat,95,7447905,17,7,0,test,diff_days_indoor,5,0,0,0,0,0,0.32660746574401855
data/raw/osu_lora/Diff_Days_Indoor_Setup/Day5/Device19/IQ_1.dat,96,7526304,17,17,1,test,diff_days_indoor,5,0,0,0,0,0,0.38418009877204895
data/raw/osu_lora/Diff_Days_Indoor_Setup/Day5/Device19/IQ_1.dat,97,7604703,17,17,1,test,diff_days_indoor,5,0,0,0,0,0,0.31726962327957153
data/raw/osu_lora/Diff_Days_Indoor_Setup/Day5/Device19/IQ_1.dat,98,7683102,17,16,0,test,diff_days_indoor,5,0,0,0,0,0,0.24712584912776947
data/raw/osu_lora/Diff_Days_Indoor_Setup/Day5/Device19/IQ_1.dat,99,7761501,17,13,0,test,diff_days_indoor,5,0,0,0,0,0,0.24504435062408447
data/raw/osu_lora/Diff_Days_Indoor_Setup/Day5/Device19/IQ_1.dat,100,7839900,17,12,0,test,diff_days_indoor,5,0,0,0,0,0,0.21408550441265106
data/raw/osu_lora/Diff_Days_Indoor_Setup/Day5/Device19/IQ_1.dat,101,7918299,17,17,1,test,diff_days_indoor,5,0,0,0,0,0,0.3470347821712494
data/raw/osu_lora/Diff_Days_Indoor_Setup/Day5/Device19/IQ_1.dat,102,7996698,17,18,0,test,diff_days_indoor,5,0,0,0,0,0,0.3530293405056
data/raw/osu_lora/Diff_Days_Indoor_Setup/Day5/Device19/IQ_1.dat,103,8075097,17,17,1,test,diff_days_indoor,5,0,0,0,0,0,0.275287002325058
data/raw/osu_lora/Diff_Days_Indoor_Setup/Day5/Device19/IQ_1.dat,104,8153496,17,15,0,test,diff_days_indoor,5,0,0,0,0,0,0.2721300721168518
data/raw/osu_lora/Diff_Days_Indoor_Setup/Day5/Device19/IQ_1.dat,105,8231895,17,7,0,test,diff_days_indoor,5,0,0,0,0,0,0.3636093735694885
data/raw/osu_lora/Diff_Days_Indoor_Setup/Day5/Device19/IQ_1.dat,106,8310294,17,7,0,test,diff_days_indoor,5,0,0,0,0,0,0.3644562065601349
data/raw/osu_lora/Diff_Days_Indoor_Setup/Day5/Device19/IQ_1.dat,107,8388693,17,17,1,test,diff_days_indoor,5,0,0,0,0,0,0.1788618564605713
data/raw/osu_lora/Diff_Days_Indoor_Setup/Day5/Device19/IQ_1.dat,108,8467092,17,17,1,test,diff_days_indoor,5,0,0,0,0,0,0.3681180775165558
data/raw/osu_lora/Diff_Days_Indoor_Setup/Day5/Device19/IQ_1.dat,109,8545491,17,7,0,test,diff_days_indoor,5,0,0,0,0,0,0.26840344071388245
data/raw/osu_lora/Diff_Days_Indoor_Setup/Day5/Device19/IQ_1.dat,110,8623890,17,22,0,test,diff_days_indoor,5,0,0,0,0,0,0.32834893465042114
data/raw/osu_lora/Diff_Days_Indoor_Setup/Day5/Device19/IQ_1.dat,111,8702289,17,7,0,test,diff_days_indoor,5,0,0,0,0,0,0.26655113697052
data/raw/osu_lora/Diff_Days_Indoor_Setup/Day5/Device19/IQ_1.dat,112,8780688,17,17,1,test,diff_days_indoor,5,0,0,0,0,0,0.2652915418148041
data/raw/osu_lora/Diff_Days_Indoor_Setup/Day5/Device19/IQ_1.dat,113,8859087,17,17,1,test,diff_days_indoor,5,0,0,0,0,0,0.21978741884231567
data/raw/osu_lora/Diff_Days_Indoor_Setup/Day5/Device19/IQ_1.dat,114,8937486,17,17,1,test,diff_days_indoor,5,0,0,0,0,0,0.37584298849105835
data/raw/osu_lora/Diff_Days_Indoor_Setup/Day5/Device19/IQ_1.dat,115,9015885,17,21,0,test,diff_days_indoor,5,0,0,0,0,0,0.07879835367202759
data/raw/osu_lora/Diff_Days_Indoor_Setup/Day5/Device19/IQ_1.dat,116,9094284,17,17,1,test,diff_days_indoor,5,0,0,0,0,0,0.11439922451972961
data/raw/osu_lora/Diff_Days_Indoor_Setup/Day5/Device19/IQ_1.dat,117,9172683,17,10,0,test,diff_days_indoor,5,0,0,0,0,0,0.42113810777664185
data/raw/osu_lora/Diff_Days_Indoor_Setup/Day5/Device19/IQ_1.dat,118,9251082,17,11,0,test,diff_days_indoor,5,0,0,0,0,0,0.23089852929115295
data/raw/osu_lora/Diff_Days_Indoor_Setup/Day5/Device19/IQ_1.dat,119,9329481,17,13,0,test,diff_days_indoor,5,0,0,0,0,0,0.32700416445732117
data/raw/osu_lora/Diff_Days_Indoor_Setup/Day5/Device19/IQ_1.dat,120,9407880,17,19,0,test,diff_days_indoor,5,0,0,0,0,0,0.18039757013320923
data/raw/osu_lora/Diff_Days_Indoor_Setup/Day5/Device19/IQ_1.dat,121,9486279,17,17,1,test,diff_days_indoor,5,0,0,0,0,0,0.20600347220897675
data/raw/osu_lora/Diff_Days_Indoor_Setup/Day5/Device19/IQ_1.dat,122,9564678,17,17,1,test,diff_days_indoor,5,0,0,0,0,0,0.24880214035511017
data/raw/osu_lora/Diff_Days_Indoor_Setup/Day5/Device19/IQ_1.dat,123,9643077,17,19,0,test,diff_days_indoor,5,0,0,0,0,0,0.15483567118644714
data/raw/osu_lora/Diff_Days_Indoor_Setup/Day5/Device19/IQ_1.dat,124,9721476,17,7,0,test,diff_days_indoor,5,0,0,0,0,0,0.33324742317199707
data/raw/osu_lora/Diff_Days_Indoor_Setup/Day5/Device19/IQ_1.dat,125,9799875,17,17,1,test,diff_days_indoor,5,0,0,0,0,0,0.24821484088897705
data/raw/osu_lora/Diff_Days_Indoor_Setup/Day5/Device19/IQ_1.dat,126,9878274,17,22,0,test,diff_days_indoor,5,0,0,0,0,0,0.41828271746635437
data/raw/osu_lora/Diff_Days_Indoor_Setup/Day5/Device19/IQ_1.dat,127,9956673,17,7,0,test,diff_days_indoor,5,0,0,0,0,0,0.39260610938072205
data/raw/osu_lora/Diff_Days_Indoor_Setup/Day5/Device19/IQ_1.dat,128,10035072,17,17,1,test,diff_days_indoor,5,0,0,0,0,0,0.3901951313018799
data/raw/osu_lora/Diff_Days_Indoor_Setup/Day5/Device19/IQ_1.dat,129,10113471,17,17,1,test,diff_days_indoor,5,0,0,0,0,0,0.3462200164794922
data/raw/osu_lora/Diff_Days_Indoor_Setup/Day5/Device19/IQ_1.dat,130,10191870,17,13,0,test,diff_days_indoor,5,0,0,0,0,0,0.24519240856170654
data/raw/osu_lora/Diff_Days_Indoor_Setup/Day5/Device19/IQ_1.dat,131,10270269,17,7,0,test,diff_days_indoor,5,0,0,0,0,0,0.3383570611476898
data/raw/osu_lora/Diff_Days_Indoor_Setup/Day5/Device19/IQ_1.dat,132,10348668,17,15,0,test,diff_days_indoor,5,0,0,0,0,0,0.2480589896440506
data/raw/osu_lora/Diff_Days_Indoor_Setup/Day5/Device19/IQ_1.dat,133,10427067,17,17,1,test,diff_days_indoor,5,0,0,0,0,0,0.1533842235803604
data/raw/osu_lora/Diff_Days_Indoor_Setup/Day5/Device19/IQ_1.dat,134,10505466,17,17,1,test,diff_days_indoor,5,0,0,0,0,0,0.39914631843566895
data/raw/osu_lora/Diff_Days_Indoor_Setup/Day5/Device19/IQ_1.dat,135,10583865,17,15,0,test,diff_days_indoor,5,0,0,0,0,0,0.21785469353199005
data/raw/osu_lora/Diff_Days_Indoor_Setup/Day5/Device19/IQ_1.dat,136,10662264,17,7,0,test,diff_days_indoor,5,0,0,0,0,0,0.23606115579605103
data/raw/osu_lora/Diff_Days_Indoor_Setup/Day5/Device19/IQ_1.dat,137,10740663,17,15,0,test,diff_days_indoor,5,0,0,0,0,0,0.2681366205215454
data/raw/osu_lora/Diff_Days_Indoor_Setup/Day5/Device19/IQ_1.dat,138,10819062,17,11,0,test,diff_days_indoor,5,0,0,0,0,0,0.1843479871749878
data/raw/osu_lora/Diff_Days_Indoor_Setup/Day5/Device19/IQ_1.dat,139,10897461,17,17,1,test,diff_days_indoor,5,0,0,0,0,0,0.23298673331737518
data/raw/osu_lora/Diff_Days_Indoor_Setup/Day5/Device19/IQ_1.dat,140,10975860,17,19,0,test,diff_days_indoor,5,0,0,0,0,0,0.17152045667171478
data/raw/osu_lora/Diff_Days_Indoor_Setup/Day5/Device19/IQ_1.dat,141,11054259,17,15,0,test,diff_days_indoor,5,0,0,0,0,0,0.3225403428077698
data/raw/osu_lora/Diff_Days_Indoor_Setup/Day5/Device19/IQ_1.dat,142,11132658,17,12,0,test,diff_days_indoor,5,0,0,0,0,0,0.2678872048854828
data/raw/osu_lora/Diff_Days_Indoor_Setup/Day5/Device19/IQ_1.dat,143,11211057,17,23,0,test,diff_days_indoor,5,0,0,0,0,0,0.2871442139148712
data/raw/osu_lora/Diff_Days_Indoor_Setup/Day5/Device19/IQ_1.dat,144,11289456,17,17,1,test,diff_days_indoor,5,0,0,0,0,0,0.41004741191864014
data/raw/osu_lora/Diff_Days_Indoor_Setup/Day5/Device19/IQ_1.dat,145,11367855,17,7,0,test,diff_days_indoor,5,0,0,0,0,0,0.378505140542984
data/raw/osu_lora/Diff_Days_Indoor_Setup/Day5/Device19/IQ_1.dat,146,11446254,17,13,0,test,diff_days_indoor,5,0,0,0,0,0,0.1935419738292694
data/raw/osu_lora/Diff_Days_Indoor_Setup/Day5/Device19/IQ_1.dat,147,11524653,17,23,0,test,diff_days_indoor,5,0,0,0,0,0,0.26368674635887146
data/raw/osu_lora/Diff_Days_Indoor_Setup/Day5/Device19/IQ_1.dat,148,11603052,17,7,0,test,diff_days_indoor,5,0,0,0,0,0,0.2541294991970062
data/raw/osu_lora/Diff_Days_Indoor_Setup/Day5/Device19/IQ_1.dat,149,11681451,17,7,0,test,diff_days_indoor,5,0,0,0,0,0,0.2374780923128128
data/raw/osu_lora/Diff_Days_Indoor_Setup/Day5/Device19/IQ_1.dat,150,11759850,17,17,1,test,diff_days_indoor,5,0,0,0,0,0,0.3348703980445862
data/raw/osu_lora/Diff_Days_Indoor_Setup/Day5/Device19/IQ_1.dat,151,11838249,17,17,1,test,diff_days_indoor,5,0,0,0,0,0,0.4768402576446533
data/raw/osu_lora/Diff_Days_Indoor_Setup/Day5/Device19/IQ_1.dat,152,11916648,17,7,0,test,diff_days_indoor,5,0,0,0,0,0,0.3053804636001587
data/raw/osu_lora/Diff_Days_Indoor_Setup/Day5/Device19/IQ_1.dat,153,11995047,17,15,0,test,diff_days_indoor,5,0,0,0,0,0,0.21156832575798035
data/raw/osu_lora/Diff_Days_Indoor_Setup/Day5/Device19/IQ_1.dat,154,12073446,17,7,0,test,diff_days_indoor,5,0,0,0,0,0,0.12441343814134598
data/raw/osu_lora/Diff_Days_Indoor_Setup/Day5/Device19/IQ_1.dat,155,12151845,17,15,0,test,diff_days_indoor,5,0,0,0,0,0,0.26162976026535034
data/raw/osu_lora/Diff_Days_Indoor_Setup/Day5/Device19/IQ_1.dat,156,12230244,17,7,0,test,diff_days_indoor,5,0,0,0,0,0,0.3431781530380249
data/raw/osu_lora/Diff_Days_Indoor_Setup/Day5/Device19/IQ_1.dat,157,12308643,17,17,1,test,diff_days_indoor,5,0,0,0,0,0,0.29060810804367065
data/raw/osu_lora/Diff_Days_Indoor_Setup/Day5/Device19/IQ_1.dat,158,12387042,17,5,0,test,diff_days_indoor,5,0,0,0,0,0,0.214413121342659
data/raw/osu_lora/Diff_Days_Indoor_Setup/Day5/Device19/IQ_1.dat,159,12465441,17,17,1,test,diff_days_indoor,5,0,0,0,0,0,0.19738751649856567
data/raw/osu_lora/Diff_Days_Indoor_Setup/Day5/Device19/IQ_1.dat,160,12543840,17,15,0,test,diff_days_indoor,5,0,0,0,0,0,0.25397199392318726
data/raw/osu_lora/Diff_Days_Indoor_Setup/Day5/Device19/IQ_1.dat,161,12622239,17,23,0,test,diff_days_indoor,5,0,0,0,0,0,0.37288904190063477
data/raw/osu_lora/Diff_Days_Indoor_Setup/Day5/Device19/IQ_1.dat,162,12700638,17,17,1,test,diff_days_indoor,5,0,0,0,0,0,0.3891238272190094
data/raw/osu_lora/Diff_Days_Indoor_Setup/Day5/Device19/IQ_1.dat,163,12779037,17,17,1,test,diff_days_indoor,5,0,0,0,0,0,0.33420997858047485
data/raw/osu_lora/Diff_Days_Indoor_Setup/Day5/Device19/IQ_1.dat,164,12857436,17,17,1,test,diff_days_indoor,5,0,0,0,0,0,0.22390848398208618
data/raw/osu_lora/Diff_Days_Indoor_Setup/Day5/Device19/IQ_1.dat,165,12935835,17,20,0,test,diff_days_indoor,5,0,0,0,0,0,0.2635214924812317
data/raw/osu_lora/Diff_Days_Indoor_Setup/Day5/Device19/IQ_1.dat,166,13014234,17,16,0,test,diff_days_indoor,5,0,0,0,0,0,0.22393302619457245
data/raw/osu_lora/Diff_Days_Indoor_Setup/Day5/Device19/IQ_1.dat,167,13092633,17,7,0,test,diff_days_indoor,5,0,0,0,0,0,0.3447217047214508
data/raw/osu_lora/Diff_Days_Indoor_Setup/Day5/Device19/IQ_1.dat,168,13171032,17,17,1,test,diff_days_indoor,5,0,0,0,0,0,0.3730095624923706
data/raw/osu_lora/Diff_Days_Indoor_Setup/Day5/Device19/IQ_1.dat,169,13249431,17,17,1,test,diff_days_indoor,5,0,0,0,0,0,0.2521771490573883
data/raw/osu_lora/Diff_Days_Indoor_Setup/Day5/Device19/IQ_1.dat,170,13327830,17,18,0,test,diff_days_indoor,5,0,0,0,0,0,0.260545939207077
data/raw/osu_lora/Diff_Days_Indoor_Setup/Day5/Device19/IQ_1.dat,171,13406229,17,17,1,test,diff_days_indoor,5,0,0,0,0,0,0.31660065054893494
data/raw/osu_lora/Diff_Days_Indoor_Setup/Day5/Device19/IQ_1.dat,172,13484628,17,17,1,test,diff_days_indoor,5,0,0,0,0,0,0.20909766852855682
data/raw/osu_lora/Diff_Days_Indoor_Setup/Day5/Device19/IQ_1.dat,173,13563027,17,15,0,test,diff_days_indoor,5,0,0,0,0,0,0.27983349561691284
data/raw/osu_lora/Diff_Days_Indoor_Setup/Day5/Device19/IQ_1.dat,174,13641426,17,17,1,test,diff_days_indoor,5,0,0,0,0,0,0.3095708191394806
data/raw/osu_lora/Diff_Days_Indoor_Setup/Day5/Device19/IQ_1.dat,175,13719825,17,17,1,test,diff_days_indoor,5,0,0,0,0,0,0.3118528723716736
data/raw/osu_lora/Diff_Days_Indoor_Setup/Day5/Device19/IQ_1.dat,176,13798224,17,17,1,test,diff_days_indoor,5,0,0,0,0,0,0.29424405097961426
data/raw/osu_lora/Diff_Days_Indoor_Setup/Day5/Device19/IQ_1.dat,177,13876623,17,13,0,test,diff_days_indoor,5,0,0,0,0,0,0.17203152179718018
data/raw/osu_lora/Diff_Days_Indoor_Setup/Day5/Device19/IQ_1.dat,178,13955022,17,17,1,test,diff_days_indoor,5,0,0,0,0,0,0.2905098497867584
data/raw/osu_lora/Diff_Days_Indoor_Setup/Day5/Device19/IQ_1.dat,179,14033421,17,19,0,test,diff_days_indoor,5,0,0,0,0,0,0.1824146956205368
data/raw/osu_lora/Diff_Days_Indoor_Setup/Day5/Device19/IQ_1.dat,180,14111820,17,17,1,test,diff_days_indoor,5,0,0,0,0,0,0.2991476356983185
data/raw/osu_lora/Diff_Days_Indoor_Setup/Day5/Device19/IQ_1.dat,181,14190219,17,15,0,test,diff_days_indoor,5,0,0,0,0,0,0.27587857842445374
data/raw/osu_lora/Diff_Days_Indoor_Setup/Day5/Device19/IQ_1.dat,182,14268618,17,17,1,test,diff_days_indoor,5,0,0,0,0,0,0.5168083906173706
data/raw/osu_lora/Diff_Days_Indoor_Setup/Day5/Device19/IQ_1.dat,183,14347017,17,10,0,test,diff_days_indoor,5,0,0,0,0,0,0.3463077247142792
data/raw/osu_lora/Diff_Days_Indoor_Setup/Day5/Device19/IQ_1.dat,184,14425416,17,22,0,test,diff_days_indoor,5,0,0,0,0,0,0.5671323537826538
data/raw/osu_lora/Diff_Days_Indoor_Setup/Day5/Device19/IQ_1.dat,185,14503815,17,15,0,test,diff_days_indoor,5,0,0,0,0,0,0.3744984269142151
data/raw/osu_lora/Diff_Days_Indoor_Setup/Day5/Device19/IQ_1.dat,186,14582214,17,7,0,test,diff_days_indoor,5,0,0,0,0,0,0.30039992928504944
data/raw/osu_lora/Diff_Days_Indoor_Setup/Day5/Device19/IQ_1.dat,187,14660613,17,17,1,test,diff_days_indoor,5,0,0,0,0,0,0.4678349494934082
data/raw/osu_lora/Diff_Days_Indoor_Setup/Day5/Device19/IQ_1.dat,188,14739012,17,9,0,test,diff_days_indoor,5,0,0,0,0,0,0.11750712245702744
data/raw/osu_lora/Diff_Days_Indoor_Setup/Day5/Device19/IQ_1.dat,189,14817411,17,23,0,test,diff_days_indoor,5,0,0,0,0,0,0.28607097268104553
data/raw/osu_lora/Diff_Days_Indoor_Setup/Day5/Device19/IQ_1.dat,190,14895810,17,17,1,test,diff_days_indoor,5,0,0,0,0,0,0.26388370990753174
data/raw/osu_lora/Diff_Days_Indoor_Setup/Day5/Device19/IQ_1.dat,191,14974209,17,16,0,test,diff_days_indoor,5,0,0,0,0,0,0.2387399971485138
data/raw/osu_lora/Diff_Days_Indoor_Setup/Day5/Device19/IQ_1.dat,192,15052608,17,17,1,test,diff_days_indoor,5,0,0,0,0,0,0.2605628967285156
data/raw/osu_lora/Diff_Days_Indoor_Setup/Day5/Device19/IQ_1.dat,193,15131007,17,23,0,test,diff_days_indoor,5,0,0,0,0,0,0.30944228172302246
data/raw/osu_lora/Diff_Days_Indoor_Setup/Day5/Device19/IQ_1.dat,194,15209406,17,22,0,test,diff_days_indoor,5,0,0,0,0,0,0.4364936947822571
data/raw/osu_lora/Diff_Days_Indoor_Setup/Day5/Device19/IQ_1.dat,195,15287805,17,12,0,test,diff_days_indoor,5,0,0,0,0,0,0.23971883952617645
data/raw/osu_lora/Diff_Days_Indoor_Setup/Day5/Device19/IQ_1.dat,196,15366204,17,17,1,test,diff_days_indoor,5,0,0,0,0,0,0.45600104331970215
data/raw/osu_lora/Diff_Days_Indoor_Setup/Day5/Device19/IQ_1.dat,197,15444603,17,17,1,test,diff_days_indoor,5,0,0,0,0,0,0.3472438156604767
data/raw/osu_lora/Diff_Days_Indoor_Setup/Day5/Device19/IQ_1.dat,198,15523002,17,19,0,test,diff_days_indoor,5,0,0,0,0,0,0.29105520248413086
data/raw/osu_lora/Diff_Days_Indoor_Setup/Day5/Device19/IQ_1.dat,199,15601401,17,22,0,test,diff_days_indoor,5,0,0,0,0,0,0.48104429244995117
data/raw/osu_lora/Diff_Days_Indoor_Setup/Day5/Device19/IQ_1.dat,200,15679800,17,22,0,test,diff_days_indoor,5,0,0,0,0,0,0.23159842193126678
data/raw/osu_lora/Diff_Days_Indoor_Setup/Day5/Device19/IQ_1.dat,201,15758199,17,17,1,test,diff_days_indoor,5,0,0,0,0,0,0.3254470229148865
data/raw/osu_lora/Diff_Days_Indoor_Setup/Day5/Device19/IQ_1.dat,202,15836598,17,10,0,test,diff_days_indoor,5,0,0,0,0,0,0.33768898248672485
data/raw/osu_lora/Diff_Days_Indoor_Setup/Day5/Device19/IQ_1.dat,203,15914997,17,4,0,test,diff_days_indoor,5,0,0,0,0,0,0.39660438895225525
data/raw/osu_lora/Diff_Days_Indoor_Setup/Day5/Device19/IQ_1.dat,204,15993396,17,23,0,test,diff_days_indoor,5,0,0,0,0,0,0.2570296823978424
data/raw/osu_lora/Diff_Days_Indoor_Setup/Day5/Device19/IQ_1.dat,205,16071795,17,18,0,test,diff_days_indoor,5,0,0,0,0,0,0.18811659514904022
data/raw/osu_lora/Diff_Days_Indoor_Setup/Day5/Device19/IQ_1.dat,206,16150194,17,18,0,test,diff_days_indoor,5,0,0,0,0,0,0.1352466642856598
data/raw/osu_lora/Diff_Days_Indoor_Setup/Day5/Device19/IQ_1.dat,207,16228593,17,7,0,test,diff_days_indoor,5,0,0,0,0,0,0.24851742386817932
data/raw/osu_lora/Diff_Days_Indoor_Setup/Day5/Device19/IQ_1.dat,208,16306992,17,15,0,test,diff_days_indoor,5,0,0,0,0,0,0.17553859949111938
data/raw/osu_lora/Diff_Days_Indoor_Setup/Day5/Device19/IQ_1.dat,209,16385391,17,1,0,test,diff_days_indoor,5,0,0,0,0,0,0.47781792283058167
data/raw/osu_lora/Diff_Days_Indoor_Setup/Day5/Device19/IQ_1.dat,210,16463790,17,17,1,test,diff_days_indoor,5,0,0,0,0,0,0.37681448459625244
data/raw/osu_lora/Diff_Days_Indoor_Setup/Day5/Device19/IQ_1.dat,211,16542189,17,7,0,test,diff_days_indoor,5,0,0,0,0,0,0.2629946768283844
data/raw/osu_lora/Diff_Days_Indoor_Setup/Day5/Device19/IQ_1.dat,212,16620588,17,21,0,test,diff_days_indoor,5,0,0,0,0,0,0.14764709770679474
data/raw/osu_lora/Diff_Days_Indoor_Setup/Day5/Device19/IQ_1.dat,213,16698987,17,23,0,test,diff_days_indoor,5,0,0,0,0,0,0.3806014955043793
data/raw/osu_lora/Diff_Days_Indoor_Setup/Day5/Device19/IQ_1.dat,214,16777386,17,17,1,test,diff_days_indoor,5,0,0,0,0,0,0.4427826702594757
data/raw/osu_lora/Diff_Days_Indoor_Setup/Day5/Device19/IQ_1.dat,215,16855785,17,15,0,test,diff_days_indoor,5,0,0,0,0,0,0.23564355075359344
data/raw/osu_lora/Diff_Days_Indoor_Setup/Day5/Device19/IQ_1.dat,216,16934184,17,17,1,test,diff_days_indoor,5,0,0,0,0,0,0.2581198513507843
data/raw/osu_lora/Diff_Days_Indoor_Setup/Day5/Device19/IQ_1.dat,217,17012583,17,17,1,test,diff_days_indoor,5,0,0,0,0,0,0.4801107347011566
data/raw/osu_lora/Diff_Days_Indoor_Setup/Day5/Device19/IQ_1.dat,218,17090982,17,12,0,test,diff_days_indoor,5,0,0,0,0,0,0.26080939173698425
data/raw/osu_lora/Diff_Days_Indoor_Setup/Day5/Device19/IQ_1.dat,219,17169381,17,9,0,test,diff_days_indoor,5,0,0,0,0,0,0.17470568418502808
data/raw/osu_lora/Diff_Days_Indoor_Setup/Day5/Device19/IQ_1.dat,220,17247780,17,23,0,test,diff_days_indoor,5,0,0,0,0,0,0.27281540632247925
data/raw/osu_lora/Diff_Days_Indoor_Setup/Day5/Device19/IQ_1.dat,221,17326179,17,15,0,test,diff_days_indoor,5,0,0,0,0,0,0.27801430225372314
data/raw/osu_lora/Diff_Days_Indoor_Setup/Day5/Device19/IQ_1.dat,222,17404578,17,15,0,test,diff_days_indoor,5,0,0,0,0,0,0.2508378028869629
data/raw/osu_lora/Diff_Days_Indoor_Setup/Day5/Device19/IQ_1.dat,223,17482977,17,7,0,test,diff_days_indoor,5,0,0,0,0,0,0.23014569282531738
data/raw/osu_lora/Diff_Days_Indoor_Setup/Day5/Device19/IQ_1.dat,224,17561376,17,17,1,test,diff_days_indoor,5,0,0,0,0,0,0.24093599617481232
data/raw/osu_lora/Diff_Days_Indoor_Setup/Day5/Device19/IQ_1.dat,225,17639775,17,17,1,test,diff_days_indoor,5,0,0,0,0,0,0.30848944187164307
data/raw/osu_lora/Diff_Days_Indoor_Setup/Day5/Device19/IQ_1.dat,226,17718174,17,19,0,test,diff_days_indoor,5,0,0,0,0,0,0.1720309555530548
data/raw/osu_lora/Diff_Days_Indoor_Setup/Day5/Device19/IQ_1.dat,227,17796573,17,8,0,test,diff_days_indoor,5,0,0,0,0,0,0.2692255675792694
data/raw/osu_lora/Diff_Days_Indoor_Setup/Day5/Device19/IQ_1.dat,228,17874972,17,17,1,test,diff_days_indoor,5,0,0,0,0,0,0.37328270077705383
data/raw/osu_lora/Diff_Days_Indoor_Setup/Day5/Device19/IQ_1.dat,229,17953371,17,23,0,test,diff_days_indoor,5,0,0,0,0,0,0.26885855197906494
data/raw/osu_lora/Diff_Days_Indoor_Setup/Day5/Device19/IQ_1.dat,230,18031770,17,22,0,test,diff_days_indoor,5,0,0,0,0,0,0.32865262031555176
data/raw/osu_lora/Diff_Days_Indoor_Setup/Day5/Device19/IQ_1.dat,231,18110169,17,7,0,test,diff_days_indoor,5,0,0,0,0,0,0.2852112650871277
data/raw/osu_lora/Diff_Days_Indoor_Setup/Day5/Device19/IQ_1.dat,232,18188568,17,23,0,test,diff_days_indoor,5,0,0,0,0,0,0.15993237495422363
data/raw/osu_lora/Diff_Days_Indoor_Setup/Day5/Device19/IQ_1.dat,233,18266967,17,17,1,test,diff_days_indoor,5,0,0,0,0,0,0.32326245307922363
data/raw/osu_lora/Diff_Days_Indoor_Setup/Day5/Device19/IQ_1.dat,234,18345366,17,17,1,test,diff_days_indoor,5,0,0,0,0,0,0.34472134709358215
data/raw/osu_lora/Diff_Days_Indoor_Setup/Day5/Device19/IQ_1.dat,235,18423765,17,4,0,test,diff_days_indoor,5,0,0,0,0,0,0.19119201600551605
data/raw/osu_lora/Diff_Days_Indoor_Setup/Day5/Device19/IQ_1.dat,236,18502164,17,17,1,test,diff_days_indoor,5,0,0,0,0,0,0.3370732367038727
data/raw/osu_lora/Diff_Days_Indoor_Setup/Day5/Device19/IQ_1.dat,237,18580563,17,21,0,test,diff_days_indoor,5,0,0,0,0,0,0.2248549610376358
data/raw/osu_lora/Diff_Days_Indoor_Setup/Day5/Device19/IQ_1.dat,238,18658962,17,20,0,test,diff_days_indoor,5,0,0,0,0,0,0.3391987979412079
data/raw/osu_lora/Diff_Days_Indoor_Setup/Day5/Device19/IQ_1.dat,239,18737361,17,14,0,test,diff_days_indoor,5,0,0,0,0,0,0.21239463984966278
data/raw/osu_lora/Diff_Days_Indoor_Setup/Day5/Device19/IQ_1.dat,240,18815760,17,17,1,test,diff_days_indoor,5,0,0,0,0,0,0.35822343826293945
data/raw/osu_lora/Diff_Days_Indoor_Setup/Day5/Device19/IQ_1.dat,241,18894159,17,17,1,test,diff_days_indoor,5,0,0,0,0,0,0.1826295256614685
data/raw/osu_lora/Diff_Days_Indoor_Setup/Day5/Device19/IQ_1.dat,242,18972558,17,17,1,test,diff_days_indoor,5,0,0,0,0,0,0.43414002656936646
data/raw/osu_lora/Diff_Days_Indoor_Setup/Day5/Device19/IQ_1.dat,243,19050957,17,17,1,test,diff_days_indoor,5,0,0,0,0,0,0.38114818930625916
data/raw/osu_lora/Diff_Days_Indoor_Setup/Day5/Device19/IQ_1.dat,244,19129356,17,17,1,test,diff_days_indoor,5,0,0,0,0,0,0.2793216109275818
data/raw/osu_lora/Diff_Days_Indoor_Setup/Day5/Device19/IQ_1.dat,245,19207755,17,17,1,test,diff_days_indoor,5,0,0,0,0,0,0.3066999018192291
data/raw/osu_lora/Diff_Days_Indoor_Setup/Day5/Device19/IQ_1.dat,246,19286154,17,15,0,test,diff_days_indoor,5,0,0,0,0,0,0.23074814677238464
data/raw/osu_lora/Diff_Days_Indoor_Setup/Day5/Device19/IQ_1.dat,247,19364553,17,17,1,test,diff_days_indoor,5,0,0,0,0,0,0.3825664520263672
data/raw/osu_lora/Diff_Days_Indoor_Setup/Day5/Device19/IQ_1.dat,248,19442952,17,12,0,test,diff_days_indoor,5,0,0,0,0,0,0.23710623383522034
data/raw/osu_lora/Diff_Days_Indoor_Setup/Day5/Device19/IQ_1.dat,249,19521351,17,7,0,test,diff_days_indoor,5,0,0,0,0,0,0.38283491134643555
data/raw/osu_lora/Diff_Days_Indoor_Setup/Day5/Device19/IQ_1.dat,250,19599750,17,13,0,test,diff_days_indoor,5,0,0,0,0,0,0.2542765140533447
data/raw/osu_lora/Diff_Days_Indoor_Setup/Day5/Device19/IQ_1.dat,251,19678149,17,7,0,test,diff_days_indoor,5,0,0,0,0,0,0.3865419924259186
data/raw/osu_lora/Diff_Days_Indoor_Setup/Day5/Device19/IQ_1.dat,252,19756548,17,17,1,test,diff_days_indoor,5,0,0,0,0,0,0.18858669698238373
data/raw/osu_lora/Diff_Days_Indoor_Setup/Day5/Device19/IQ_1.dat,253,19834947,17,13,0,test,diff_days_indoor,5,0,0,0,0,0,0.25859424471855164
data/raw/osu_lora/Diff_Days_Indoor_Setup/Day5/Device19/IQ_1.dat,254,19913346,17,17,1,test,diff_days_indoor,5,0,0,0,0,0,0.2235179990530014
data/raw/osu_lora/Diff_Days_Indoor_Setup/Day5/Device19/IQ_1.dat,255,19991745,17,23,0,test,diff_days_indoor,5,0,0,0,0,0,0.25397464632987976
data/raw/osu_lora/Diff_Days_Indoor_Setup/Day5/Device20/IQ_1.dat,0,0,18,9,0,test,diff_days_indoor,5,0,0,0,0,0,0.2871641516685486
data/raw/osu_lora/Diff_Days_Indoor_Setup/Day5/Device20/IQ_1.dat,1,78399,18,18,1,test,diff_days_indoor,5,0,0,0,0,0,0.35878056287765503
data/raw/osu_lora/Diff_Days_Indoor_Setup/Day5/Device20/IQ_1.dat,2,156798,18,14,0,test,diff_days_indoor,5,0,0,0,0,0,0.3113219439983368
data/raw/osu_lora/Diff_Days_Indoor_Setup/Day5/Device20/IQ_1.dat,3,235197,18,9,0,test,diff_days_indoor,5,0,0,0,0,0,0.32471585273742676
data/raw/osu_lora/Diff_Days_Indoor_Setup/Day5/Device20/IQ_1.dat,4,313596,18,21,0,test,diff_days_indoor,5,0,0,0,0,0,0.23823373019695282
data/raw/osu_lora/Diff_Days_Indoor_Setup/Day5/Device20/IQ_1.dat,5,391995,18,14,0,test,diff_days_indoor,5,0,0,0,0,0,0.28928616642951965
data/raw/osu_lora/Diff_Days_Indoor_Setup/Day5/Device20/IQ_1.dat,6,470394,18,19,0,test,diff_days_indoor,5,0,0,0,0,0,0.13597112894058228
data/raw/osu_lora/Diff_Days_Indoor_Setup/Day5/Device20/IQ_1.dat,7,548793,18,14,0,test,diff_days_indoor,5,0,0,0,0,0,0.2877403795719147
data/raw/osu_lora/Diff_Days_Indoor_Setup/Day5/Device20/IQ_1.dat,8,627192,18,19,0,test,diff_days_indoor,5,0,0,0,0,0,0.17138288915157318
data/raw/osu_lora/Diff_Days_Indoor_Setup/Day5/Device20/IQ_1.dat,9,705591,18,14,0,test,diff_days_indoor,5,0,0,0,0,0,0.15467076003551483
data/raw/osu_lora/Diff_Days_Indoor_Setup/Day5/Device20/IQ_1.dat,10,783990,18,9,0,test,diff_days_indoor,5,0,0,0,0,0,0.365742027759552
data/raw/osu_lora/Diff_Days_Indoor_Setup/Day5/Device20/IQ_1.dat,11,862389,18,9,0,test,diff_days_indoor,5,0,0,0,0,0,0.19979722797870636
data/raw/osu_lora/Diff_Days_Indoor_Setup/Day5/Device20/IQ_1.dat,12,940788,18,18,1,test,diff_days_indoor,5,0,0,0,0,0,0.2711065411567688
data/raw/osu_lora/Diff_Days_Indoor_Setup/Day5/Device20/IQ_1.dat,13,1019187,18,11,0,test,diff_days_indoor,5,0,0,0,0,0,0.6525140404701233
data/raw/osu_lora/Diff_Days_Indoor_Setup/Day5/Device20/IQ_1.dat,14,1097586,18,9,0,test,diff_days_indoor,5,0,0,0,0,0,0.32615843415260315
data/raw/osu_lora/Diff_Days_Indoor_Setup/Day5/Device20/IQ_1.dat,15,1175985,18,21,0,test,diff_days_indoor,5,0,0,0,0,0,0.2029438316822052
data/raw/osu_lora/Diff_Days_Indoor_Setup/Day5/Device20/IQ_1.dat,16,1254384,18,13,0,test,diff_days_indoor,5,0,0,0,0,0,0.18215997517108917
data/raw/osu_lora/Diff_Days_Indoor_Setup/Day5/Device20/IQ_1.dat,17,1332783,18,13,0,test,diff_days_indoor,5,0,0,0,0,0,0.0941045880317688
data/raw/osu_lora/Diff_Days_Indoor_Setup/Day5/Device20/IQ_1.dat,18,1411182,18,22,0,test,diff_days_indoor,5,0,0,0,0,0,0.11828882247209549
data/raw/osu_lora/Diff_Days_Indoor_Setup/Day5/Device20/IQ_1.dat,19,1489581,18,13,0,test,diff_days_indoor,5,0,0,0,0,0,0.17729614675045013
data/raw/osu_lora/Diff_Days_Indoor_Setup/Day5/Device20/IQ_1.dat,20,1567980,18,13,0,test,diff_days_indoor,5,0,0,0,0,0,0.16087384521961212
data/raw/osu_lora/Diff_Days_Indoor_Setup/Day5/Device20/IQ_1.dat,21,1646379,18,9,0,test,diff_days_indoor,5,0,0,0,0,0,0.1968245655298233
data/raw/osu_lora/Diff_Days_Indoor_Setup/Day5/Device20/IQ_1.dat,22,1724778,18,10,0,test,diff_days_indoor,5,0,0,0,0,0,0.2596488296985626
data/raw/osu_lora/Diff_Days_Indoor_Setup/Day5/Device20/IQ_1.dat,23,1803177,18,9,0,test,diff_days_indoor,5,0,0,0,0,0,0.23362664878368378
data/raw/osu_lora/Diff_Days_Indoor_Setup/Day5/Device20/IQ_1.dat,24,1881576,18,9,0,test,diff_days_indoor,5,0,0,0,0,0,0.3155345022678375
data/raw/osu_lora/Diff_Days_Indoor_Setup/Day5/Device20/IQ_1.dat,25,1959975,18,14,0,test,diff_days_indoor,5,0,0,0,0,0,0.4441145956516266
data/raw/osu_lora/Diff_Days_Indoor_Setup/Day5/Device20/IQ_1.dat,26,2038374,18,9,0,test,diff_days_indoor,5,0,0,0,0,0,0.17166878283023834
data/raw/osu_lora/Diff_Days_Indoor_Setup/Day5/Device20/IQ_1.dat,27,2116773,18,9,0,test,diff_days_indoor,5,0,0,0,0,0,0.3103487193584442
data/raw/osu_lora/Diff_Days_Indoor_Setup/Day5/Device20/IQ_1.dat,28,2195172,18,18,1,test,diff_days_indoor,5,0,0,0,0,0,0.31811410188674927
data/raw/osu_lora/Diff_Days_Indoor_Setup/Day5/Device20/IQ_1.dat,29,2273571,18,11,0,test,diff_days_indoor,5,0,0,0,0,0,0.2171289175748825
data/raw/osu_lora/Diff_Days_Indoor_Setup/Day5/Device20/IQ_1.dat,30,2351970,18,19,0,test,diff_days_indoor,5,0,0,0,0,0,0.14599202573299408
data/raw/osu_lora/Diff_Days_Indoor_Setup/Day5/Device20/IQ_1.dat,31,2430369,18,13,0,test,diff_days_indoor,5,0,0,0,0,0,0.2899686396121979
data/raw/osu_lora/Diff_Days_Indoor_Setup/Day5/Device20/IQ_1.dat,32,2508768,18,18,1,test,diff_days_indoor,5,0,0,0,0,0,0.3108927309513092
data/raw/osu_lora/Diff_Days_Indoor_Setup/Day5/Device20/IQ_1.dat,33,2587167,18,9,0,test,diff_days_indoor,5,0,0,0,0,0,0.2956615090370178
data/raw/osu_lora/Diff_Days_Indoor_Setup/Day5/Device20/IQ_1.dat,34,2665566,18,22,0,test,diff_days_indoor,5,0,0,0,0,0,0.4752158522605896
data/raw/osu_lora/Diff_Days_Indoor_Setup/Day5/Device20/IQ_1.dat,35,2743965,18,14,0,test,diff_days_indoor,5,0,0,0,0,0,0.20284394919872284
data/raw/osu_lora/Diff_Days_Indoor_Setup/Day5/Device20/IQ_1.dat,36,2822364,18,9,0,test,diff_days_indoor,5,0,0,0,0,0,0.13605254888534546
data/raw/osu_lora/Diff_Days_Indoor_Setup/Day5/Device20/IQ_1.dat,37,2900763,18,10,0,test,diff_days_indoor,5,0,0,0,0,0,0.25454869866371155
data/raw/osu_lora/Diff_Days_Indoor_Setup/Day5/Device20/IQ_1.dat,38,2979162,18,17,0,test,diff_days_indoor,5,0,0,0,0,0,0.21309006214141846
data/raw/osu_lora/Diff_Days_Indoor_Setup/Day5/Device20/IQ_1.dat,39,3057561,18,18,1,test,diff_days_indoor,5,0,0,0,0,0,0.22856706380844116
data/raw/osu_lora/Diff_Days_Indoor_Setup/Day5/Device20/IQ_1.dat,40,3135960,18,18,1,test,diff_days_indoor,5,0,0,0,0,0,0.25379085540771484
data/raw/osu_lora/Diff_Days_Indoor_Setup/Day5/Device20/IQ_1.dat,41,3214359,18,14,0,test,diff_days_indoor,5,0,0,0,0,0,0.34605133533477783
data/raw/osu_lora/Diff_Days_Indoor_Setup/Day5/Device20/IQ_1.dat,42,3292758,18,10,0,test,diff_days_indoor,5,0,0,0,0,0,0.1759474128484726
data/raw/osu_lora/Diff_Days_Indoor_Setup/Day5/Device20/IQ_1.dat,43,3371157,18,13,0,test,diff_days_indoor,5,0,0,0,0,0,0.29957738518714905
data/raw/osu_lora/Diff_Days_Indoor_Setup/Day5/Device20/IQ_1.dat,44,3449556,18,14,0,test,diff_days_indoor,5,0,0,0,0,0,0.36340978741645813
data/raw/osu_lora/Diff_Days_Indoor_Setup/Day5/Device20/IQ_1.dat,45,3527955,18,21,0,test,diff_days_indoor,5,0,0,0,0,0,0.20460648834705353
data/raw/osu_lora/Diff_Days_Indoor_Setup/Day5/Device20/IQ_1.dat,46,3606354,18,14,0,test,diff_days_indoor,5,0,0,0,0,0,0.5489921569824219
data/raw/osu_lora/Diff_Days_Indoor_Setup/Day5/Device20/IQ_1.dat,47,3684753,18,21,0,test,diff_days_indoor,5,0,0,0,0,0,0.24757759273052216
data/raw/osu_lora/Diff_Days_Indoor_Setup/Day5/Device20/IQ_1.dat,48,3763152,18,18,1,test,diff_days_indoor,5,0,0,0,0,0,0.26599377393722534
data/raw/osu_lora/Diff_Days_Indoor_Setup/Day5/Device20/IQ_1.dat,49,3841551,18,18,1,test,diff_days_indoor,5,0,0,0,0,0,0.35826483368873596
data/raw/osu_lora/Diff_Days_Indoor_Setup/Day5/Device20/IQ_1.dat,50,3919950,18,18,1,test,diff_days_indoor,5,0,0,0,0,0,0.26478639245033264
data/raw/osu_lora/Diff_Days_Indoor_Setup/Day5/Device20/IQ_1.dat,51,3998349,18,19,0,test,diff_days_indoor,5,0,0,0,0,0,0.2710806131362915
data/raw/osu_lora/Diff_Days_Indoor_Setup/Day5/Device20/IQ_1.dat,52,4076748,18,21,0,test,diff_days_indoor,5,0,0,0,0,0,0.2512124478816986
data/raw/osu_lora/Diff_Days_Indoor_Setup/Day5/Device20/IQ_1.dat,53,4155147,18,22,0,test,diff_days_indoor,5,0,0,0,0,0,0.4894830584526062
data/raw/osu_lora/Diff_Days_Indoor_Setup/Day5/Device20/IQ_1.dat,54,4233546,18,9,0,test,diff_days_indoor,5,0,0,0,0,0,0.3254275321960449
data/raw/osu_lora/Diff_Days_Indoor_Setup/Day5/Device20/IQ_1.dat,55,4311945,18,14,0,test,diff_days_indoor,5,0,0,0,0,0,0.27079519629478455
data/raw/osu_lora/Diff_Days_Indoor_Setup/Day5/Device20/IQ_1.dat,56,4390344,18,13,0,test,diff_days_indoor,5,0,0,0,0,0,0.13407838344573975
data/raw/osu_lora/Diff_Days_Indoor_Setup/Day5/Device20/IQ_1.dat,57,4468743,18,17,0,test,diff_days_indoor,5,0,0,0,0,0,0.22511529922485352
data/raw/osu_lora/Diff_Days_Indoor_Setup/Day5/Device20/IQ_1.dat,58,4547142,18,13,0,test,diff_days_indoor,5,0,0,0,0,0,0.28252413868904114
data/raw/osu_lora/Diff_Days_Indoor_Setup/Day5/Device20/IQ_1.dat,59,4625541,18,18,1,test,diff_days_indoor,5,0,0,0,0,0,0.268643319606781
data/raw/osu_lora/Diff_Days_Indoor_Setup/Day5/Device20/IQ_1.dat,60,4703940,18,18,1,test,diff_days_indoor,5,0,0,0,0,0,0.30706077814102173
data/raw/osu_lora/Diff_Days_Indoor_Setup/Day5/Device20/IQ_1.dat,61,4782339,18,18,1,test,diff_days_indoor,5,0,0,0,0,0,0.4017643332481384
data/raw/osu_lora/Diff_Days_Indoor_Setup/Day5/Device20/IQ_1.dat,62,4860738,18,13,0,test,diff_days_indoor,5,0,0,0,0,0,0.3686666786670685
data/raw/osu_lora/Diff_Days_Indoor_Setup/Day5/Device20/IQ_1.dat,63,4939137,18,17,0,test,diff_days_indoor,5,0,0,0,0,0,0.12471002340316772
data/raw/osu_lora/Diff_Days_Indoor_Setup/Day5/Device20/IQ_1.dat,64,5017536,18,11,0,test,diff_days_indoor,5,0,0,0,0,0,0.4224933981895447
data/raw/osu_lora/Diff_Days_Indoor_Setup/Day5/Device20/IQ_1.dat,65,5095935,18,14,0,test,diff_days_indoor,5,0,0,0,0,0,0.4183030426502228
data/raw/osu_lora/Diff_Days_Indoor_Setup/Day5/Device20/IQ_1.dat,66,5174334,18,14,0,test,diff_days_indoor,5,0,0,0,0,0,0.5280837416648865
data/raw/osu_lora/Diff_Days_Indoor_Setup/Day5/Device20/IQ_1.dat,67,5252733,18,19,0,test,diff_days_indoor,5,0,0,0,0,0,0.14790047705173492
data/raw/osu_lora/Diff_Days_Indoor_Setup/Day5/Device20/IQ_1.dat,68,5331132,18,18,1,test,diff_days_indoor,5,0,0,0,0,0,0.28517842292785645
data/raw/osu_lora/Diff_Days_Indoor_Setup/Day5/Device20/IQ_1.dat,69,5409531,18,12,0,test,diff_days_indoor,5,0,0,0,0,0,0.20983102917671204
data/raw/osu_lora/Diff_Days_Indoor_Setup/Day5/Device20/IQ_1.dat,70,5487930,18,9,0,test,diff_days_indoor,5,0,0,0,0,0,0.11266018450260162
data/raw/osu_lora/Diff_Days_Indoor_Setup/Day5/Device20/IQ_1.dat,71,5566329,18,18,1,test,diff_days_indoor,5,0,0,0,0,0,0.2380388230085373
data/raw/osu_lora/Diff_Days_Indoor_Setup/Day5/Device20/IQ_1.dat,72,5644728,18,18,1,test,diff_days_indoor,5,0,0,0,0,0,0.2712731659412384
data/raw/osu_lora/Diff_Days_Indoor_Setup/Day5/Device20/IQ_1.dat,73,5723127,18,18,1,test,diff_days_indoor,5,0,0,0,0,0,0.332379549741745
data/raw/osu_lora/Diff_Days_Indoor_Setup/Day5/Device20/IQ_1.dat,74,5801526,18,14,0,test,diff_days_indoor,5,0,0,0,0,0,0.41069990396499634
data/raw/osu_lora/Diff_Days_Indoor_Setup/Day5/Device20/IQ_1.dat,75,5879925,18,9,0,test,diff_days_indoor,5,0,0,0,0,0,0.4226607084274292
data/raw/osu_lora/Diff_Days_Indoor_Setup/Day5/Device20/IQ_1.dat,76,5958324,18,5,0,test,diff_days_indoor,5,0,0,0,0,0,0.19264808297157288
data/raw/osu_lora/Diff_Days_Indoor_Setup/Day5/Device20/IQ_1.dat,77,6036723,18,9,0,test,diff_days_indoor,5,0,0,0,0,0,0.24965213239192963
data/raw/osu_lora/Diff_Days_Indoor_Setup/Day5/Device20/IQ_1.dat,78,6115122,18,18,1,test,diff_days_indoor,5,0,0,0,0,0,0.25776398181915283
data/raw/osu_lora/Diff_Days_Indoor_Setup/Day5/Device20/IQ_1.dat,79,6193521,18,14,0,test,diff_days_indoor,5,0,0,0,0,0,0.19947700202465057
data/raw/osu_lora/Diff_Days_Indoor_Setup/Day5/Device20/IQ_1.dat,80,6271920,18,18,1,test,diff_days_indoor,5,0,0,0,0,0,0.37679892778396606
data/raw/osu_lora/Diff_Days_Indoor_Setup/Day5/Device20/IQ_1.dat,81,6350319,18,14,0,test,diff_days_indoor,5,0,0,0,0,0,0.2688237428665161
data/raw/osu_lora/Diff_Days_Indoor_Setup/Day5/Device20/IQ_1.dat,82,6428718,18,9,0,test,diff_days_indoor,5,0,0,0,0,0,0.23185491561889648
data/raw/osu_lora/Diff_Days_Indoor_Setup/Day5/Device20/IQ_1.dat,83,6507117,18,18,1,test,diff_days_indoor,5,0,0,0,0,0,0.3322988748550415
data/raw/osu_lora/Diff_Days_Indoor_Setup/Day5/Device20/IQ_1.dat,84,6585516,18,9,0,test,diff_days_indoor,5,0,0,0,0,0,0.17267721891403198
data/raw/osu_lora/Diff_Days_Indoor_Setup/Day5/Device20/IQ_1.dat,85,6663915,18,22,0,test,diff_days_indoor,5,0,0,0,0,0,0.2296105921268463
data/raw/osu_lora/Diff_Days_Indoor_Setup/Day5/Device20/IQ_1.dat,86,6742314,18,17,0,test,diff_days_indoor,5,0,0,0,0,0,0.3221313953399658
data/raw/osu_lora/Diff_Days_Indoor_Setup/Day5/Device20/IQ_1.dat,87,6820713,18,9,0,test,diff_days_indoor,5,0,0,0,0,0,0.2597474157810211
data/raw/osu_lora/Diff_Days_Indoor_Setup/Day5/Device20/IQ_1.dat,88,6899112,18,13,0,test,diff_days_indoor,5,0,0,0,0,0,0.22138039767742157
data/raw/osu_lora/Diff_Days_Indoor_Setup/Day5/Device20/IQ_1.dat,89,6977511,18,18,1,test,diff_days_indoor,5,0,0,0,0,0,0.3693379759788513
data/raw/osu_lora/Diff_Days_Indoor_Setup/Day5/Device20/IQ_1.dat,90,7055910,18,18,1,test,diff_days_indoor,5,0,0,0,0,0,0.32572200894355774
data/raw/osu_lora/Diff_Days_Indoor_Setup/Day5/Device20/IQ_1.dat,91,7134309,18,9,0,test,diff_days_indoor,5,0,0,0,0,0,0.3528892397880554
data/raw/osu_lora/Diff_Days_Indoor_Setup/Day5/Device20/IQ_1.dat,92,7212708,18,17,0,test,diff_days_indoor,5,0,0,0,0,0,0.4308476150035858
data/raw/osu_lora/Diff_Days_Indoor_Setup/Day5/Device20/IQ_1.dat,93,7291107,18,13,0,test,diff_days_indoor,5,0,0,0,0,0,0.18177758157253265
data/raw/osu_lora/Diff_Days_Indoor_Setup/Day5/Device20/IQ_1.dat,94,7369506,18,21,0,test,diff_days_indoor,5,0,0,0,0,0,0.2686727046966553
data/raw/osu_lora/Diff_Days_Indoor_Setup/Day5/Device20/IQ_1.dat,95,7447905,18,9,0,test,diff_days_indoor,5,0,0,0,0,0,0.19130295515060425
data/raw/osu_lora/Diff_Days_Indoor_Setup/Day5/Device20/IQ_1.dat,96,7526304,18,9,0,test,diff_days_indoor,5,0,0,0,0,0,0.39256054162979126
data/raw/osu_lora/Diff_Days_Indoor_Setup/Day5/Device20/IQ_1.dat,97,7604703,18,9,0,test,diff_days_indoor,5,0,0,0,0,0,0.2550957500934601
data/raw/osu_lora/Diff_Days_Indoor_Setup/Day5/Device20/IQ_1.dat,98,7683102,18,21,0,test,diff_days_indoor,5,0,0,0,0,0,0.2486022263765335
data/raw/osu_lora/Diff_Days_Indoor_Setup/Day5/Device20/IQ_1.dat,99,7761501,18,14,0,test,diff_days_indoor,5,0,0,0,0,0,0.29123571515083313
data/raw/osu_lora/Diff_Days_Indoor_Setup/Day5/Device20/IQ_1.dat,100,7839900,18,22,0,test,diff_days_indoor,5,0,0,0,0,0,0.2968088984489441
data/raw/osu_lora/Diff_Days_Indoor_Setup/Day5/Device20/IQ_1.dat,101,7918299,18,10,0,test,diff_days_indoor,5,0,0,0,0,0,0.1714954376220703
data/raw/osu_lora/Diff_Days_Indoor_Setup/Day5/Device20/IQ_1.dat,102,7996698,18,9,0,test,diff_days_indoor,5,0,0,0,0,0,0.2125953733921051
data/raw/osu_lora/Diff_Days_Indoor_Setup/Day5/Device20/IQ_1.dat,103,8075097,18,9,0,test,diff_days_indoor,5,0,0,0,0,0,0.2944861650466919
data/raw/osu_lora/Diff_Days_Indoor_Setup/Day5/Device20/IQ_1.dat,104,8153496,18,18,1,test,diff_days_indoor,5,0,0,0,0,0,0.37478891015052795
data/raw/osu_lora/Diff_Days_Indoor_Setup/Day5/Device20/IQ_1.dat,105,8231895,18,14,0,test,diff_days_indoor,5,0,0,0,0,0,0.37757569551467896
data/raw/osu_lora/Diff_Days_Indoor_Setup/Day5/Device20/IQ_1.dat,106,8310294,18,13,0,test,diff_days_indoor,5,0,0,0,0,0,0.14247426390647888
data/raw/osu_lora/Diff_Days_Indoor_Setup/Day5/Device20/IQ_1.dat,107,8388693,18,9,0,test,diff_days_indoor,5,0,0,0,0,0,0.28209590911865234
data/raw/osu_lora/Diff_Days_Indoor_Setup/Day5/Device20/IQ_1.dat,108,8467092,18,18,1,test,diff_days_indoor,5,0,0,0,0,0,0.4123333990573883
data/raw/osu_lora/Diff_Days_Indoor_Setup/Day5/Device20/IQ_1.dat,109,8545491,18,14,0,test,diff_days_indoor,5,0,0,0,0,0,0.38203901052474976
data/raw/osu_lora/Diff_Days_Indoor_Setup/Day5/Device20/IQ_1.dat,110,8623890,18,18,1,test,diff_days_indoor,5,0,0,0,0,0,0.25712910294532776
data/raw/osu_lora/Diff_Days_Indoor_Setup/Day5/Device20/IQ_1.dat,111,8702289,18,18,1,test,diff_days_indoor,5,0,0,0,0,0,0.2358935922384262
data/raw/osu_lora/Diff_Days_Indoor_Setup/Day5/Device20/IQ_1.dat,112,8780688,18,18,1,test,diff_days_indoor,5,0,0,0,0,0,0.4317748546600342
data/raw/osu_lora/Diff_Days_Indoor_Setup/Day5/Device20/IQ_1.dat,113,8859087,18,14,0,test,diff_days_indoor,5,0,0,0,0,0,0.44091862440109253
data/raw/osu_lora/Diff_Days_Indoor_Setup/Day5/Device20/IQ_1.dat,114,8937486,18,14,0,test,diff_days_indoor,5,0,0,0,0,0,0.22626836597919464
data/raw/osu_lora/Diff_Days_Indoor_Setup/Day5/Device20/IQ_1.dat,115,9015885,18,9,0,test,diff_days_indoor,5,0,0,0,0,0,0.3479601740837097
data/raw/osu_lora/Diff_Days_Indoor_Setup/Day5/Device20/IQ_1.dat,116,9094284,18,18,1,test,diff_days_indoor,5,0,0,0,0,0,0.35563287138938904
data/raw/osu_lora/Diff_Days_Indoor_Setup/Day5/Device20/IQ_1.dat,117,9172683,18,9,0,test,diff_days_indoor,5,0,0,0,0,0,0.3598465025424957
data/raw/osu_lora/Diff_Days_Indoor_Setup/Day5/Device20/IQ_1.dat,118,9251082,18,18,1,test,diff_days_indoor,5,0,0,0,0,0,0.4509889781475067
data/raw/osu_lora/Diff_Days_Indoor_Setup/Day5/Device20/IQ_1.dat,119,9329481,18,18,1,test,diff_days_indoor,5,0,0,0,0,0,0.3180971145629883
data/raw/osu_lora/Diff_Days_Indoor_Setup/Day5/Device20/IQ_1.dat,120,9407880,18,14,0,test,diff_days_indoor,5,0,0,0,0,0,0.2394126057624817
data/raw/osu_lora/Diff_Days_Indoor_Setup/Day5/Device20/IQ_1.dat,121,9486279,18,14,0,test,diff_days_indoor,5,0,0,0,0,0,0.504673421382904
data/raw/osu_lora/Diff_Days_Indoor_Setup/Day5/Device20/IQ_1.dat,122,9564678,18,18,1,test,diff_days_indoor,5,0,0,0,0,0,0.3780477046966553
data/raw/osu_lora/Diff_Days_Indoor_Setup/Day5/Device20/IQ_1.dat,123,9643077,18,14,0,test,diff_days_indoor,5,0,0,0,0,0,0.35370364785194397
data/raw/osu_lora/Diff_Days_Indoor_Setup/Day5/Device20/IQ_1.dat,124,9721476,18,19,0,test,diff_days_indoor,5,0,0,0,0,0,0.21301709115505219
data/raw/osu_lora/Diff_Days_Indoor_Setup/Day5/Device20/IQ_1.dat,125,9799875,18,18,1,test,diff_days_indoor,5,0,0,0,0,0,0.40068620443344116
data/raw/osu_lora/Diff_Days_Indoor_Setup/Day5/Device20/IQ_1.dat,126,9878274,18,9,0,test,diff_days_indoor,5,0,0,0,0,0,0.3151426911354065
data/raw/osu_lora/Diff_Days_Indoor_Setup/Day5/Device20/IQ_1.dat,127,9956673,18,18,1,test,diff_days_indoor,5,0,0,0,0,0,0.3157389163970947
data/raw/osu_lora/Diff_Days_Indoor_Setup/Day5/Device20/IQ_1.dat,128,10035072,18,19,0,test,diff_days_indoor,5,0,0,0,0,0,0.16874319314956665
data/raw/osu_lora/Diff_Days_Indoor_Setup/Day5/Device20/IQ_1.dat,129,10113471,18,18,1,test,diff_days_indoor,5,0,0,0,0,0,0.3432733714580536
data/raw/osu_lora/Diff_Days_Indoor_Setup/Day5/Device20/IQ_1.dat,130,10191870,18,18,1,test,diff_days_indoor,5,0,0,0,0,0,0.21795503795146942
data/raw/osu_lora/Diff_Days_Indoor_Setup/Day5/Device20/IQ_1.dat,131,10270269,18,9,0,test,diff_days_indoor,5,0,0,0,0,0,0.35484474897384644
data/raw/osu_lora/Diff_Days_Indoor_Setup/Day5/Device20/IQ_1.dat,132,10348668,18,13,0,test,diff_days_indoor,5,0,0,0,0,0,0.2698267996311188
data/raw/osu_lora/Diff_Days_Indoor_Setup/Day5/Device20/IQ_1.dat,133,10427067,18,14,0,test,diff_days_indoor,5,0,0,0,0,0,0.3272651433944702
data/raw/osu_lora/Diff_Days_Indoor_Setup/Day5/Device20/IQ_1.dat,134,10505466,18,18,1,test,diff_days_indoor,5,0,0,0,0,0,0.3618243634700775
data/raw/osu_lora/Diff_Days_Indoor_Setup/Day5/Device20/IQ_1.dat,135,10583865,18,18,1,test,diff_days_indoor,5,0,0,0,0,0,0.22456121444702148
data/raw/osu_lora/Diff_Days_Indoor_Setup/Day5/Device20/IQ_1.dat,136,10662264,18,2,0,test,diff_days_indoor,5,0,0,0,0,0,0.23634116351604462
data/raw/osu_lora/Diff_Days_Indoor_Setup/Day5/Device20/IQ_1.dat,137,10740663,18,16,0,test,diff_days_indoor,5,0,0,0,0,0,0.25544607639312744
data/raw/osu_lora/Diff_Days_Indoor_Setup/Day5/Device20/IQ_1.dat,138,10819062,18,22,0,test,diff_days_indoor,5,0,0,0,0,0,0.24071456491947174
data/raw/osu_lora/Diff_Days_Indoor_Setup/Day5/Device20/IQ_1.dat,139,10897461,18,22,0,test,diff_days_indoor,5,0,0,0,0,0,0.1618642657995224
data/raw/osu_lora/Diff_Days_Indoor_Setup/Day5/Device20/IQ_1.dat,140,10975860,18,13,0,test,diff_days_indoor,5,0,0,0,0,0,0.3602445423603058
data/raw/osu_lora/Diff_Days_Indoor_Setup/Day5/Device20/IQ_1.dat,141,11054259,18,18,1,test,diff_days_indoor,5,0,0,0,0,0,0.26948338747024536
data/raw/osu_lora/Diff_Days_Indoor_Setup/Day5/Device20/IQ_1.dat,142,11132658,18,21,0,test,diff_days_indoor,5,0,0,0,0,0,0.28672680258750916
data/raw/osu_lora/Diff_Days_Indoor_Setup/Day5/Device20/IQ_1.dat,143,11211057,18,9,0,test,diff_days_indoor,5,0,0,0,0,0,0.2703140079975128
data/raw/osu_lora/Diff_Days_Indoor_Setup/Day5/Device20/IQ_1.dat,144,11289456,18,14,0,test,diff_days_indoor,5,0,0,0,0,0,0.33423900604248047
data/raw/osu_lora/Diff_Days_Indoor_Setup/Day5/Device20/IQ_1.dat,145,11367855,18,4,0,test,diff_days_indoor,5,0,0,0,0,0,0.35459160804748535
data/raw/osu_lora/Diff_Days_Indoor_Setup/Day5/Device20/IQ_1.dat,146,11446254,18,9,0,test,diff_days_indoor,5,0,0,0,0,0,0.2635675370693207
data/raw/osu_lora/Diff_Days_Indoor_Setup/Day5/Device20/IQ_1.dat,147,11524653,18,9,0,test,diff_days_indoor,5,0,0,0,0,0,0.32841694355010986
data/raw/osu_lora/Diff_Days_Indoor_Setup/Day5/Device20/IQ_1.dat,148,11603052,18,14,0,test,diff_days_indoor,5,0,0,0,0,0,0.36183246970176697
data/raw/osu_lora/Diff_Days_Indoor_Setup/Day5/Device20/IQ_1.dat,149,11681451,18,11,0,test,diff_days_indoor,5,0,0,0,0,0,0.3955114781856537
data/raw/osu_lora/Diff_Days_Indoor_Setup/Day5/Device20/IQ_1.dat,150,11759850,18,9,0,test,diff_days_indoor,5,0,0,0,0,0,0.3220890760421753
data/raw/osu_lora/Diff_Days_Indoor_Setup/Day5/Device20/IQ_1.dat,151,11838249,18,9,0,test,diff_days_indoor,5,0,0,0,0,0,0.35109618306159973
data/raw/osu_lora/Diff_Days_Indoor_Setup/Day5/Device20/IQ_1.dat,152,11916648,18,14,0,test,diff_days_indoor,5,0,0,0,0,0,0.15639330446720123
data/raw/osu_lora/Diff_Days_Indoor_Setup/Day5/Device20/IQ_1.dat,153,11995047,18,19,0,test,diff_days_indoor,5,0,0,0,0,0,0.12454184889793396
data/raw/osu_lora/Diff_Days_Indoor_Setup/Day5/Device20/IQ_1.dat,154,12073446,18,13,0,test,diff_days_indoor,5,0,0,0,0,0,0.21007069945335388
data/raw/osu_lora/Diff_Days_Indoor_Setup/Day5/Device20/IQ_1.dat,155,12151845,18,14,0,test,diff_days_indoor,5,0,0,0,0,0,0.39595261216163635
data/raw/osu_lora/Diff_Days_Indoor_Setup/Day5/Device20/IQ_1.dat,156,12230244,18,18,1,test,diff_days_indoor,5,0,0,0,0,0,0.4408843517303467
data/raw/osu_lora/Diff_Days_Indoor_Setup/Day5/Device20/IQ_1.dat,157,12308643,18,14,0,test,diff_days_indoor,5,0,0,0,0,0,0.3599036931991577
data/raw/osu_lora/Diff_Days_Indoor_Setup/Day5/Device20/IQ_1.dat,158,12387042,18,22,0,test,diff_days_indoor,5,0,0,0,0,0,0.17953236401081085
data/raw/osu_lora/Diff_Days_Indoor_Setup/Day5/Device20/IQ_1.dat,159,12465441,18,18,1,test,diff_days_indoor,5,0,0,0,0,0,0.2864108681678772
data/raw/osu_lora/Diff_Days_Indoor_Setup/Day5/Device20/IQ_1.dat,160,12543840,18,13,0,test,diff_days_indoor,5,0,0,0,0,0,0.22510077059268951
data/raw/osu_lora/Diff_Days_Indoor_Setup/Day5/Device20/IQ_1.dat,161,12622239,18,9,0,test,diff_days_indoor,5,0,0,0,0,0,0.193074569106102
data/raw/osu_lora/Diff_Days_Indoor_Setup/Day5/Device20/IQ_1.dat,162,12700638,18,14,0,test,diff_days_indoor,5,0,0,0,0,0,0.3438066244125366
data/raw/osu_lora/Diff_Days_Indoor_Setup/Day5/Device20/IQ_1.dat,163,12779037,18,9,0,test,diff_days_indoor,5,0,0,0,0,0,0.14761245250701904
data/raw/osu_lora/Diff_Days_Indoor_Setup/Day5/Device20/IQ_1.dat,164,12857436,18,18,1,test,diff_days_indoor,5,0,0,0,0,0,0.42330747842788696
data/raw/osu_lora/Diff_Days_Indoor_Setup/Day5/Device20/IQ_1.dat,165,12935835,18,13,0,test,diff_days_indoor,5,0,0,0,0,0,0.1377922147512436
data/raw/osu_lora/Diff_Days_Indoor_Setup/Day5/Device20/IQ_1.dat,166,13014234,18,14,0,test,diff_days_indoor,5,0,0,0,0,0,0.48251843452453613
data/raw/osu_lora/Diff_Days_Indoor_Setup/Day5/Device20/IQ_1.dat,167,13092633,18,10,0,test,diff_days_indoor,5,0,0,0,0,0,0.23693372309207916
data/raw/osu_lora/Diff_Days_Indoor_Setup/Day5/Device20/IQ_1.dat,168,13171032,18,13,0,test,diff_days_indoor,5,0,0,0,0,0,0.25078538060188293
data/raw/osu_lora/Diff_Days_Indoor_Setup/Day5/Device20/IQ_1.dat,169,13249431,18,18,1,test,diff_days_indoor,5,0,0,0,0,0,0.40751731395721436
data/raw/osu_lora/Diff_Days_Indoor_Setup/Day5/Device20/IQ_1.dat,170,13327830,18,9,0,test,diff_days_indoor,5,0,0,0,0,0,0.3928210139274597
data/raw/osu_lora/Diff_Days_Indoor_Setup/Day5/Device20/IQ_1.dat,171,13406229,18,15,0,test,diff_days_indoor,5,0,0,0,0,0,0.12885616719722748
data/raw/osu_lora/Diff_Days_Indoor_Setup/Day5/Device20/IQ_1.dat,172,13484628,18,21,0,test,diff_days_indoor,5,0,0,0,0,0,0.23938339948654175
data/raw/osu_lora/Diff_Days_Indoor_Setup/Day5/Device20/IQ_1.dat,173,13563027,18,9,0,test,diff_days_indoor,5,0,0,0,0,0,0.24555256962776184
data/raw/osu_lora/Diff_Days_Indoor_Setup/Day5/Device20/IQ_1.dat,174,13641426,18,18,1,test,diff_days_indoor,5,0,0,0,0,0,0.21774443984031677
data/raw/osu_lora/Diff_Days_Indoor_Setup/Day5/Device20/IQ_1.dat,175,13719825,18,14,0,test,diff_days_indoor,5,0,0,0,0,0,0.3501046597957611
data/raw/osu_lora/Diff_Days_Indoor_Setup/Day5/Device20/IQ_1.dat,176,13798224,18,22,0,test,diff_days_indoor,5,0,0,0,0,0,0.22747163474559784
data/raw/osu_lora/Diff_Days_Indoor_Setup/Day5/Device20/IQ_1.dat,177,13876623,18,18,1,test,diff_days_indoor,5,0,0,0,0,0,0.434775710105896
data/raw/osu_lora/Diff_Days_Indoor_Setup/Day5/Device20/IQ_1.dat,178,13955022,18,18,1,test,diff_days_indoor,5,0,0,0,0,0,0.3736044466495514
data/raw/osu_lora/Diff_Days_Indoor_Setup/Day5/Device20/IQ_1.dat,179,14033421,18,13,0,test,diff_days_indoor,5,0,0,0,0,0,0.13304933905601501
data/raw/osu_lora/Diff_Days_Indoor_Setup/Day5/Device20/IQ_1.dat,180,14111820,18,18,1,test,diff_days_indoor,5,0,0,0,0,0,0.31938377022743225
data/raw/osu_lora/Diff_Days_Indoor_Setup/Day5/Device20/IQ_1.dat,181,14190219,18,18,1,test,diff_days_indoor,5,0,0,0,0,0,0.2947835624217987
data/raw/osu_lora/Diff_Days_Indoor_Setup/Day5/Device20/IQ_1.dat,182,14268618,18,14,0,test,diff_days_indoor,5,0,0,0,0,0,0.22290092706680298
data/raw/osu_lora/Diff_Days_Indoor_Setup/Day5/Device20/IQ_1.dat,183,14347017,18,18,1,test,diff_days_indoor,5,0,0,0,0,0,0.33004656434059143
data/raw/osu_lora/Diff_Days_Indoor_Setup/Day5/Device20/IQ_1.dat,184,14425416,18,9,0,test,diff_days_indoor,5,0,0,0,0,0,0.3384949266910553
data/raw/osu_lora/Diff_Days_Indoor_Setup/Day5/Device20/IQ_1.dat,185,14503815,18,14,0,test,diff_days_indoor,5,0,0,0,0,0,0.3371606469154358
data/raw/osu_lora/Diff_Days_Indoor_Setup/Day5/Device20/IQ_1.dat,186,14582214,18,14,0,test,diff_days_indoor,5,0,0,0,0,0,0.4705692231655121
data/raw/osu_lora/Diff_Days_Indoor_Setup/Day5/Device20/IQ_1.dat,187,14660613,18,14,0,test,diff_days_indoor,5,0,0,0,0,0,0.28528907895088196
data/raw/osu_lora/Diff_Days_Indoor_Setup/Day5/Device20/IQ_1.dat,188,14739012,18,9,0,test,diff_days_indoor,5,0,0,0,0,0,0.36266249418258667
data/raw/osu_lora/Diff_Days_Indoor_Setup/Day5/Device20/IQ_1.dat,189,14817411,18,15,0,test,diff_days_indoor,5,0,0,0,0,0,0.12560196220874786
data/raw/osu_lora/Diff_Days_Indoor_Setup/Day5/Device20/IQ_1.dat,190,14895810,18,21,0,test,diff_days_indoor,5,0,0,0,0,0,0.09053254127502441
data/raw/osu_lora/Diff_Days_Indoor_Setup/Day5/Device20/IQ_1.dat,191,14974209,18,18,1,test,diff_days_indoor,5,0,0,0,0,0,0.4095112085342407
data/raw/osu_lora/Diff_Days_Indoor_Setup/Day5/Device20/IQ_1.dat,192,15052608,18,18,1,test,diff_days_indoor,5,0,0,0,0,0,0.3641812205314636
data/raw/osu_lora/Diff_Days_Indoor_Setup/Day5/Device20/IQ_1.dat,193,15131007,18,21,0,test,diff_days_indoor,5,0,0,0,0,0,0.31476637721061707
data/raw/osu_lora/Diff_Days_Indoor_Setup/Day5/Device20/IQ_1.dat,194,15209406,18,18,1,test,diff_days_indoor,5,0,0,0,0,0,0.2791256308555603
data/raw/osu_lora/Diff_Days_Indoor_Setup/Day5/Device20/IQ_1.dat,195,15287805,18,18,1,test,diff_days_indoor,5,0,0,0,0,0,0.25546368956565857
data/raw/osu_lora/Diff_Days_Indoor_Setup/Day5/Device20/IQ_1.dat,196,15366204,18,22,0,test,diff_days_indoor,5,0,0,0,0,0,0.48899874091148376
data/raw/osu_lora/Diff_Days_Indoor_Setup/Day5/Device20/IQ_1.dat,197,15444603,18,18,1,test,diff_days_indoor,5,0,0,0,0,0,0.4152049720287323
data/raw/osu_lora/Diff_Days_Indoor_Setup/Day5/Device20/IQ_1.dat,198,15523002,18,9,0,test,diff_days_indoor,5,0,0,0,0,0,0.24475716054439545
data/raw/osu_lora/Diff_Days_Indoor_Setup/Day5/Device20/IQ_1.dat,199,15601401,18,20,0,test,diff_days_indoor,5,0,0,0,0,0,0.2290276139974594
data/raw/osu_lora/Diff_Days_Indoor_Setup/Day5/Device20/IQ_1.dat,200,15679800,18,9,0,test,diff_days_indoor,5,0,0,0,0,0,0.22258499264717102
data/raw/osu_lora/Diff_Days_Indoor_Setup/Day5/Device20/IQ_1.dat,201,15758199,18,14,0,test,diff_days_indoor,5,0,0,0,0,0,0.3379693031311035
data/raw/osu_lora/Diff_Days_Indoor_Setup/Day5/Device20/IQ_1.dat,202,15836598,18,21,0,test,diff_days_indoor,5,0,0,0,0,0,0.2565230429172516
data/raw/osu_lora/Diff_Days_Indoor_Setup/Day5/Device20/IQ_1.dat,203,15914997,18,18,1,test,diff_days_indoor,5,0,0,0,0,0,0.3357134163379669
data/raw/osu_lora/Diff_Days_Indoor_Setup/Day5/Device20/IQ_1.dat,204,15993396,18,9,0,test,diff_days_indoor,5,0,0,0,0,0,0.2637307941913605
data/raw/osu_lora/Diff_Days_Indoor_Setup/Day5/Device20/IQ_1.dat,205,16071795,18,9,0,test,diff_days_indoor,5,0,0,0,0,0,0.3732962906360626
data/raw/osu_lora/Diff_Days_Indoor_Setup/Day5/Device20/IQ_1.dat,206,16150194,18,18,1,test,diff_days_indoor,5,0,0,0,0,0,0.3228892683982849
data/raw/osu_lora/Diff_Days_Indoor_Setup/Day5/Device20/IQ_1.dat,207,16228593,18,13,0,test,diff_days_indoor,5,0,0,0,0,0,0.3587227165699005
data/raw/osu_lora/Diff_Days_Indoor_Setup/Day5/Device20/IQ_1.dat,208,16306992,18,9,0,test,diff_days_indoor,5,0,0,0,0,0,0.2984776198863983
data/raw/osu_lora/Diff_Days_Indoor_Setup/Day5/Device20/IQ_1.dat,209,16385391,18,22,0,test,diff_days_indoor,5,0,0,0,0,0,0.360984206199646
data/raw/osu_lora/Diff_Days_Indoor_Setup/Day5/Device20/IQ_1.dat,210,16463790,18,18,1,test,diff_days_indoor,5,0,0,0,0,0,0.24240054190158844
data/raw/osu_lora/Diff_Days_Indoor_Setup/Day5/Device20/IQ_1.dat,211,16542189,18,9,0,test,diff_days_indoor,5,0,0,0,0,0,0.18417198956012726
data/raw/osu_lora/Diff_Days_Indoor_Setup/Day5/Device20/IQ_1.dat,212,16620588,18,11,0,test,diff_days_indoor,5,0,0,0,0,0,0.18801993131637573
data/raw/osu_lora/Diff_Days_Indoor_Setup/Day5/Device20/IQ_1.dat,213,16698987,18,9,0,test,diff_days_indoor,5,0,0,0,0,0,0.3462415635585785
data/raw/osu_lora/Diff_Days_Indoor_Setup/Day5/Device20/IQ_1.dat,214,16777386,18,10,0,test,diff_days_indoor,5,0,0,0,0,0,0.39486226439476013
data/raw/osu_lora/Diff_Days_Indoor_Setup/Day5/Device20/IQ_1.dat,215,16855785,18,5,0,test,diff_days_indoor,5,0,0,0,0,0,0.23675185441970825
data/raw/osu_lora/Diff_Days_Indoor_Setup/Day5/Device20/IQ_1.dat,216,16934184,18,9,0,test,diff_days_indoor,5,0,0,0,0,0,0.2479785978794098
data/raw/osu_lora/Diff_Days_Indoor_Setup/Day5/Device20/IQ_1.dat,217,17012583,18,18,1,test,diff_days_indoor,5,0,0,0,0,0,0.2604139447212219
data/raw/osu_lora/Diff_Days_Indoor_Setup/Day5/Device20/IQ_1.dat,218,17090982,18,9,0,test,diff_days_indoor,5,0,0,0,0,0,0.27445343136787415
data/raw/osu_lora/Diff_Days_Indoor_Setup/Day5/Device20/IQ_1.dat,219,17169381,18,9,0,test,diff_days_indoor,5,0,0,0,0,0,0.31340986490249634
data/raw/osu_lora/Diff_Days_Indoor_Setup/Day5/Device20/IQ_1.dat,220,17247780,18,18,1,test,diff_days_indoor,5,0,0,0,0,0,0.36439284682273865
data/raw/osu_lora/Diff_Days_Indoor_Setup/Day5/Device20/IQ_1.dat,221,17326179,18,9,0,test,diff_days_indoor,5,0,0,0,0,0,0.1400028020143509
data/raw/osu_lora/Diff_Days_Indoor_Setup/Day5/Device20/IQ_1.dat,222,17404578,18,13,0,test,diff_days_indoor,5,0,0,0,0,0,0.173887699842453
data/raw/osu_lora/Diff_Days_Indoor_Setup/Day5/Device20/IQ_1.dat,223,17482977,18,19,0,test,diff_days_indoor,5,0,0,0,0,0,0.1858133226633072
data/raw/osu_lora/Diff_Days_Indoor_Setup/Day5/Device20/IQ_1.dat,224,17561376,18,18,1,test,diff_days_indoor,5,0,0,0,0,0,0.23752054572105408
data/raw/osu_lora/Diff_Days_Indoor_Setup/Day5/Device20/IQ_1.dat,225,17639775,18,14,0,test,diff_days_indoor,5,0,0,0,0,0,0.2633131444454193
data/raw/osu_lora/Diff_Days_Indoor_Setup/Day5/Device20/IQ_1.dat,226,17718174,18,18,1,test,diff_days_indoor,5,0,0,0,0,0,0.1633620709180832
data/raw/osu_lora/Diff_Days_Indoor_Setup/Day5/Device20/IQ_1.dat,227,17796573,18,23,0,test,diff_days_indoor,5,0,0,0,0,0,0.3053227365016937
data/raw/osu_lora/Diff_Days_Indoor_Setup/Day5/Device20/IQ_1.dat,228,17874972,18,19,0,test,diff_days_indoor,5,0,0,0,0,0,0.17407964169979095
data/raw/osu_lora/Diff_Days_Indoor_Setup/Day5/Device20/IQ_1.dat,229,17953371,18,14,0,test,diff_days_indoor,5,0,0,0,0,0,0.30483904480934143
data/raw/osu_lora/Diff_Days_Indoor_Setup/Day5/Device20/IQ_1.dat,230,18031770,18,6,0,test,diff_days_indoor,5,0,0,0,0,0,0.6132119297981262
data/raw/osu_lora/Diff_Days_Indoor_Setup/Day5/Device20/IQ_1.dat,231,18110169,18,19,0,test,diff_days_indoor,5,0,0,0,0,0,0.1348990648984909
data/raw/osu_lora/Diff_Days_Indoor_Setup/Day5/Device20/IQ_1.dat,232,18188568,18,18,1,test,diff_days_indoor,5,0,0,0,0,0,0.36839431524276733
data/raw/osu_lora/Diff_Days_Indoor_Setup/Day5/Device20/IQ_1.dat,233,18266967,18,9,0,test,diff_days_indoor,5,0,0,0,0,0,0.3317384719848633
data/raw/osu_lora/Diff_Days_Indoor_Setup/Day5/Device20/IQ_1.dat,234,18345366,18,13,0,test,diff_days_indoor,5,0,0,0,0,0,0.3783129155635834
data/raw/osu_lora/Diff_Days_Indoor_Setup/Day5/Device20/IQ_1.dat,235,18423765,18,18,1,test,diff_days_indoor,5,0,0,0,0,0,0.3922210931777954
data/raw/osu_lora/Diff_Days_Indoor_Setup/Day5/Device20/IQ_1.dat,236,18502164,18,18,1,test,diff_days_indoor,5,0,0,0,0,0,0.36294886469841003
data/raw/osu_lora/Diff_Days_Indoor_Setup/Day5/Device20/IQ_1.dat,237,18580563,18,9,0,test,diff_days_indoor,5,0,0,0,0,0,0.33124229311943054
data/raw/osu_lora/Diff_Days_Indoor_Setup/Day5/Device20/IQ_1.dat,238,18658962,18,18,1,test,diff_days_indoor,5,0,0,0,0,0,0.25799915194511414
data/raw/osu_lora/Diff_Days_Indoor_Setup/Day5/Device20/IQ_1.dat,239,18737361,18,9,0,test,diff_days_indoor,5,0,0,0,0,0,0.23381103575229645
data/raw/osu_lora/Diff_Days_Indoor_Setup/Day5/Device20/IQ_1.dat,240,18815760,18,21,0,test,diff_days_indoor,5,0,0,0,0,0,0.3341061472892761
data/raw/osu_lora/Diff_Days_Indoor_Setup/Day5/Device20/IQ_1.dat,241,18894159,18,14,0,test,diff_days_indoor,5,0,0,0,0,0,0.3295007348060608
data/raw/osu_lora/Diff_Days_Indoor_Setup/Day5/Device20/IQ_1.dat,242,18972558,18,18,1,test,diff_days_indoor,5,0,0,0,0,0,0.39471128582954407
data/raw/osu_lora/Diff_Days_Indoor_Setup/Day5/Device20/IQ_1.dat,243,19050957,18,18,1,test,diff_days_indoor,5,0,0,0,0,0,0.2687356472015381
data/raw/osu_lora/Diff_Days_Indoor_Setup/Day5/Device20/IQ_1.dat,244,19129356,18,5,0,test,diff_days_indoor,5,0,0,0,0,0,0.18490898609161377
data/raw/osu_lora/Diff_Days_Indoor_Setup/Day5/Device20/IQ_1.dat,245,19207755,18,18,1,test,diff_days_indoor,5,0,0,0,0,0,0.246856227517128
data/raw/osu_lora/Diff_Days_Indoor_Setup/Day5/Device20/IQ_1.dat,246,19286154,18,9,0,test,diff_days_indoor,5,0,0,0,0,0,0.1909453123807907
data/raw/osu_lora/Diff_Days_Indoor_Setup/Day5/Device20/IQ_1.dat,247,19364553,18,9,0,test,diff_days_indoor,5,0,0,0,0,0,0.3775177001953125
data/raw/osu_lora/Diff_Days_Indoor_Setup/Day5/Device20/IQ_1.dat,248,19442952,18,9,0,test,diff_days_indoor,5,0,0,0,0,0,0.3133555054664612
data/raw/osu_lora/Diff_Days_Indoor_Setup/Day5/Device20/IQ_1.dat,249,19521351,18,18,1,test,diff_days_indoor,5,0,0,0,0,0,0.3948822617530823
data/raw/osu_lora/Diff_Days_Indoor_Setup/Day5/Device20/IQ_1.dat,250,19599750,18,9,0,test,diff_days_indoor,5,0,0,0,0,0,0.33406758308410645
data/raw/osu_lora/Diff_Days_Indoor_Setup/Day5/Device20/IQ_1.dat,251,19678149,18,18,1,test,diff_days_indoor,5,0,0,0,0,0,0.16941837966442108
data/raw/osu_lora/Diff_Days_Indoor_Setup/Day5/Device20/IQ_1.dat,252,19756548,18,18,1,test,diff_days_indoor,5,0,0,0,0,0,0.32023030519485474
data/raw/osu_lora/Diff_Days_Indoor_Setup/Day5/Device20/IQ_1.dat,253,19834947,18,18,1,test,diff_days_indoor,5,0,0,0,0,0,0.28022095561027527
data/raw/osu_lora/Diff_Days_Indoor_Setup/Day5/Device20/IQ_1.dat,254,19913346,18,18,1,test,diff_days_indoor,5,0,0,0,0,0,0.24414752423763275
data/raw/osu_lora/Diff_Days_Indoor_Setup/Day5/Device20/IQ_1.dat,255,19991745,18,18,1,test,diff_days_indoor,5,0,0,0,0,0,0.27187788486480713
data/raw/osu_lora/Diff_Days_Indoor_Setup/Day5/Device21/IQ_1.dat,0,0,19,22,0,test,diff_days_indoor,5,0,0,0,0,0,0.5414889454841614
data/raw/osu_lora/Diff_Days_Indoor_Setup/Day5/Device21/IQ_1.dat,1,78399,19,19,1,test,diff_days_indoor,5,0,0,0,0,0,0.16348421573638916
data/raw/osu_lora/Diff_Days_Indoor_Setup/Day5/Device21/IQ_1.dat,2,156798,19,6,0,test,diff_days_indoor,5,0,0,0,0,0,0.41486087441444397
data/raw/osu_lora/Diff_Days_Indoor_Setup/Day5/Device21/IQ_1.dat,3,235197,19,13,0,test,diff_days_indoor,5,0,0,0,0,0,0.25067779421806335
data/raw/osu_lora/Diff_Days_Indoor_Setup/Day5/Device21/IQ_1.dat,4,313596,19,17,0,test,diff_days_indoor,5,0,0,0,0,0,0.1784154623746872
data/raw/osu_lora/Diff_Days_Indoor_Setup/Day5/Device21/IQ_1.dat,5,391995,19,6,0,test,diff_days_indoor,5,0,0,0,0,0,0.40717703104019165
data/raw/osu_lora/Diff_Days_Indoor_Setup/Day5/Device21/IQ_1.dat,6,470394,19,23,0,test,diff_days_indoor,5,0,0,0,0,0,0.29169991612434387
data/raw/osu_lora/Diff_Days_Indoor_Setup/Day5/Device21/IQ_1.dat,7,548793,19,5,0,test,diff_days_indoor,5,0,0,0,0,0,0.18418006598949432
data/raw/osu_lora/Diff_Days_Indoor_Setup/Day5/Device21/IQ_1.dat,8,627192,19,19,1,test,diff_days_indoor,5,0,0,0,0,0,0.2085166871547699
data/raw/osu_lora/Diff_Days_Indoor_Setup/Day5/Device21/IQ_1.dat,9,705591,19,19,1,test,diff_days_indoor,5,0,0,0,0,0,0.13895650207996368
data/raw/osu_lora/Diff_Days_Indoor_Setup/Day5/Device21/IQ_1.dat,10,783990,19,19,1,test,diff_days_indoor,5,0,0,0,0,0,0.2990550398826599
data/raw/osu_lora/Diff_Days_Indoor_Setup/Day5/Device21/IQ_1.dat,11,862389,19,23,0,test,diff_days_indoor,5,0,0,0,0,0,0.4572950601577759
data/raw/osu_lora/Diff_Days_Indoor_Setup/Day5/Device21/IQ_1.dat,12,940788,19,19,1,test,diff_days_indoor,5,0,0,0,0,0,0.24874503910541534
data/raw/osu_lora/Diff_Days_Indoor_Setup/Day5/Device21/IQ_1.dat,13,1019187,19,19,1,test,diff_days_indoor,5,0,0,0,0,0,0.20181357860565186
data/raw/osu_lora/Diff_Days_Indoor_Setup/Day5/Device21/IQ_1.dat,14,1097586,19,4,0,test,diff_days_indoor,5,0,0,0,0,0,0.5158746242523193
data/raw/osu_lora/Diff_Days_Indoor_Setup/Day5/Device21/IQ_1.dat,15,1175985,19,19,1,test,diff_days_indoor,5,0,0,0,0,0,0.21041105687618256
data/raw/osu_lora/Diff_Days_Indoor_Setup/Day5/Device21/IQ_1.dat,16,1254384,19,19,1,test,diff_days_indoor,5,0,0,0,0,0,0.16818836331367493
data/raw/osu_lora/Diff_Days_Indoor_Setup/Day5/Device21/IQ_1.dat,17,1332783,19,6,0,test,diff_days_indoor,5,0,0,0,0,0,0.299081951379776
data/raw/osu_lora/Diff_Days_Indoor_Setup/Day5/Device21/IQ_1.dat,18,1411182,19,2,0,test,diff_days_indoor,5,0,0,0,0,0,0.2299124002456665
data/raw/osu_lora/Diff_Days_Indoor_Setup/Day5/Device21/IQ_1.dat,19,1489581,19,5,0,test,diff_days_indoor,5,0,0,0,0,0,0.30751508474349976
data/raw/osu_lora/Diff_Days_Indoor_Setup/Day5/Device21/IQ_1.dat,20,1567980,19,6,0,test,diff_days_indoor,5,0,0,0,0,0,0.3102653920650482
data/raw/osu_lora/Diff_Days_Indoor_Setup/Day5/Device21/IQ_1.dat,21,1646379,19,13,0,test,diff_days_indoor,5,0,0,0,0,0,0.12757796049118042
data/raw/osu_lora/Diff_Days_Indoor_Setup/Day5/Device21/IQ_1.dat,22,1724778,19,22,0,test,diff_days_indoor,5,0,0,0,0,0,0.275722473859787
data/raw/osu_lora/Diff_Days_Indoor_Setup/Day5/Device21/IQ_1.dat,23,1803177,19,22,0,test,diff_days_indoor,5,0,0,0,0,0,0.46171072125434875
data/raw/osu_lora/Diff_Days_Indoor_Setup/Day5/Device21/IQ_1.dat,24,1881576,19,19,1,test,diff_days_indoor,5,0,0,0,0,0,0.15682606399059296
data/raw/osu_lora/Diff_Days_Indoor_Setup/Day5/Device21/IQ_1.dat,25,1959975,19,22,0,test,diff_days_indoor,5,0,0,0,0,0,0.5245109796524048
data/raw/osu_lora/Diff_Days_Indoor_Setup/Day5/Device21/IQ_1.dat,26,2038374,19,7,0,test,diff_days_indoor,5,0,0,0,0,0,0.1806219220161438
data/raw/osu_lora/Diff_Days_Indoor_Setup/Day5/Device21/IQ_1.dat,27,2116773,19,23,0,test,diff_days_indoor,5,0,0,0,0,0,0.3421761691570282
data/raw/osu_lora/Diff_Days_Indoor_Setup/Day5/Device21/IQ_1.dat,28,2195172,19,17,0,test,diff_days_indoor,5,0,0,0,0,0,0.22794699668884277
data/raw/osu_lora/Diff_Days_Indoor_Setup/Day5/Device21/IQ_1.dat,29,2273571,19,23,0,test,diff_days_indoor,5,0,0,0,0,0,0.25405335426330566
data/raw/osu_lora/Diff_Days_Indoor_Setup/Day5/Device21/IQ_1.dat,30,2351970,19,22,0,test,diff_days_indoor,5,0,0,0,0,0,0.35053595900535583
data/raw/osu_lora/Diff_Days_Indoor_Setup/Day5/Device21/IQ_1.dat,31,2430369,19,23,0,test,diff_days_indoor,5,0,0,0,0,0,0.3375149369239807
data/raw/osu_lora/Diff_Days_Indoor_Setup/Day5/Device21/IQ_1.dat,32,2508768,19,5,0,test,diff_days_indoor,5,0,0,0,0,0,0.26506736874580383
data/raw/osu_lora/Diff_Days_Indoor_Setup/Day5/Device21/IQ_1.dat,33,2587167,19,22,0,test,diff_days_indoor,5,0,0,0,0,0,0.4790336787700653
data/raw/osu_lora/Diff_Days_Indoor_Setup/Day5/Device21/IQ_1.dat,34,2665566,19,13,0,test,diff_days_indoor,5,0,0,0,0,0,0.2522614300251007
data/raw/osu_lora/Diff_Days_Indoor_Setup/Day5/Device21/IQ_1.dat,35,2743965,19,17,0,test,diff_days_indoor,5,0,0,0,0,0,0.21142490208148956
data/raw/osu_lora/Diff_Days_Indoor_Setup/Day5/Device21/IQ_1.dat,36,2822364,19,6,0,test,diff_days_indoor,5,0,0,0,0,0,0.19552059471607208
data/raw/osu_lora/Diff_Days_Indoor_Setup/Day5/Device21/IQ_1.dat,37,2900763,19,15,0,test,diff_days_indoor,5,0,0,0,0,0,0.22722364962100983
data/raw/osu_lora/Diff_Days_Indoor_Setup/Day5/Device21/IQ_1.dat,38,2979162,19,23,0,test,diff_days_indoor,5,0,0,0,0,0,0.17951081693172455
data/raw/osu_lora/Diff_Days_Indoor_Setup/Day5/Device21/IQ_1.dat,39,3057561,19,1,0,test,diff_days_indoor,5,0,0,0,0,0,0.481717973947525
data/raw/osu_lora/Diff_Days_Indoor_Setup/Day5/Device21/IQ_1.dat,40,3135960,19,22,0,test,diff_days_indoor,5,0,0,0,0,0,0.42224016785621643
data/raw/osu_lora/Diff_Days_Indoor_Setup/Day5/Device21/IQ_1.dat,41,3214359,19,19,1,test,diff_days_indoor,5,0,0,0,0,0,0.22243912518024445
data/raw/osu_lora/Diff_Days_Indoor_Setup/Day5/Device21/IQ_1.dat,42,3292758,19,23,0,test,diff_days_indoor,5,0,0,0,0,0,0.35561826825141907
data/raw/osu_lora/Diff_Days_Indoor_Setup/Day5/Device21/IQ_1.dat,43,3371157,19,5,0,test,diff_days_indoor,5,0,0,0,0,0,0.45982465147972107
data/raw/osu_lora/Diff_Days_Indoor_Setup/Day5/Device21/IQ_1.dat,44,3449556,19,5,0,test,diff_days_indoor,5,0,0,0,0,0,0.26205310225486755
data/raw/osu_lora/Diff_Days_Indoor_Setup/Day5/Device21/IQ_1.dat,45,3527955,19,21,0,test,diff_days_indoor,5,0,0,0,0,0,0.2348446398973465
data/raw/osu_lora/Diff_Days_Indoor_Setup/Day5/Device21/IQ_1.dat,46,3606354,19,22,0,test,diff_days_indoor,5,0,0,0,0,0,0.27779293060302734
data/raw/osu_lora/Diff_Days_Indoor_Setup/Day5/Device21/IQ_1.dat,47,3684753,19,23,0,test,diff_days_indoor,5,0,0,0,0,0,0.28127118945121765
data/raw/osu_lora/Diff_Days_Indoor_Setup/Day5/Device21/IQ_1.dat,48,3763152,19,7,0,test,diff_days_indoor,5,0,0,0,0,0,0.1378522366285324
data/raw/osu_lora/Diff_Days_Indoor_Setup/Day5/Device21/IQ_1.dat,49,3841551,19,8,0,test,diff_days_indoor,5,0,0,0,0,0,0.1608675867319107
data/raw/osu_lora/Diff_Days_Indoor_Setup/Day5/Device21/IQ_1.dat,50,3919950,19,13,0,test,diff_days_indoor,5,0,0,0,0,0,0.10879303514957428
data/raw/osu_lora/Diff_Days_Indoor_Setup/Day5/Device21/IQ_1.dat,51,3998349,19,6,0,test,diff_days_indoor,5,0,0,0,0,0,0.41083428263664246
data/raw/osu_lora/Diff_Days_Indoor_Setup/Day5/Device21/IQ_1.dat,52,4076748,19,19,1,test,diff_days_indoor,5,0,0,0,0,0,0.23680995404720306
data/raw/osu_lora/Diff_Days_Indoor_Setup/Day5/Device21/IQ_1.dat,53,4155147,19,5,0,test,diff_days_indoor,5,0,0,0,0,0,0.2528637945652008
data/raw/osu_lora/Diff_Days_Indoor_Setup/Day5/Device21/IQ_1.dat,54,4233546,19,22,0,test,diff_days_indoor,5,0,0,0,0,0,0.3327648341655731
data/raw/osu_lora/Diff_Days_Indoor_Setup/Day5/Device21/IQ_1.dat,55,4311945,19,2,0,test,diff_days_indoor,5,0,0,0,0,0,0.28576409816741943
data/raw/osu_lora/Diff_Days_Indoor_Setup/Day5/Device21/IQ_1.dat,56,4390344,19,22,0,test,diff_days_indoor,5,0,0,0,0,0,0.43449151515960693
data/raw/osu_lora/Diff_Days_Indoor_Setup/Day5/Device21/IQ_1.dat,57,4468743,19,17,0,test,diff_days_indoor,5,0,0,0,0,0,0.2853042185306549
data/raw/osu_lora/Diff_Days_Indoor_Setup/Day5/Device21/IQ_1.dat,58,4547142,19,19,1,test,diff_days_indoor,5,0,0,0,0,0,0.2441178262233734
data/raw/osu_lora/Diff_Days_Indoor_Setup/Day5/Device21/IQ_1.dat,59,4625541,19,17,0,test,diff_days_indoor,5,0,0,0,0,0,0.16525660455226898
data/raw/osu_lora/Diff_Days_Indoor_Setup/Day5/Device21/IQ_1.dat,60,4703940,19,22,0,test,diff_days_indoor,5,0,0,0,0,0,0.4282819628715515
data/raw/osu_lora/Diff_Days_Indoor_Setup/Day5/Device21/IQ_1.dat,61,4782339,19,22,0,test,diff_days_indoor,5,0,0,0,0,0,0.35165393352508545
data/raw/osu_lora/Diff_Days_Indoor_Setup/Day5/Device21/IQ_1.dat,62,4860738,19,23,0,test,diff_days_indoor,5,0,0,0,0,0,0.30704087018966675
data/raw/osu_lora/Diff_Days_Indoor_Setup/Day5/Device21/IQ_1.dat,63,4939137,19,6,0,test,diff_days_indoor,5,0,0,0,0,0,0.3271297812461853
data/raw/osu_lora/Diff_Days_Indoor_Setup/Day5/Device21/IQ_1.dat,64,5017536,19,23,0,test,diff_days_indoor,5,0,0,0,0,0,0.4204894006252289
data/raw/osu_lora/Diff_Days_Indoor_Setup/Day5/Device21/IQ_1.dat,65,5095935,19,13,0,test,diff_days_indoor,5,0,0,0,0,0,0.18073944747447968
data/raw/osu_lora/Diff_Days_Indoor_Setup/Day5/Device21/IQ_1.dat,66,5174334,19,17,0,test,diff_days_indoor,5,0,0,0,0,0,0.2092815339565277
data/raw/osu_lora/Diff_Days_Indoor_Setup/Day5/Device21/IQ_1.dat,67,5252733,19,5,0,test,diff_days_indoor,5,0,0,0,0,0,0.3972150981426239
data/raw/osu_lora/Diff_Days_Indoor_Setup/Day5/Device21/IQ_1.dat,68,5331132,19,7,0,test,diff_days_indoor,5,0,0,0,0,0,0.2142302244901657
data/raw/osu_lora/Diff_Days_Indoor_Setup/Day5/Device21/IQ_1.dat,69,5409531,19,23,0,test,diff_days_indoor,5,0,0,0,0,0,0.23677963018417358
data/raw/osu_lora/Diff_Days_Indoor_Setup/Day5/Device21/IQ_1.dat,70,5487930,19,1,0,test,diff_days_indoor,5,0,0,0,0,0,0.47664615511894226
data/raw/osu_lora/Diff_Days_Indoor_Setup/Day5/Device21/IQ_1.dat,71,5566329,19,23,0,test,diff_days_indoor,5,0,0,0,0,0,0.370922714471817
data/raw/osu_lora/Diff_Days_Indoor_Setup/Day5/Device21/IQ_1.dat,72,5644728,19,23,0,test,diff_days_indoor,5,0,0,0,0,0,0.20708182454109192
data/raw/osu_lora/Diff_Days_Indoor_Setup/Day5/Device21/IQ_1.dat,73,5723127,19,19,1,test,diff_days_indoor,5,0,0,0,0,0,0.22436833381652832
data/raw/osu_lora/Diff_Days_Indoor_Setup/Day5/Device21/IQ_1.dat,74,5801526,19,5,0,test,diff_days_indoor,5,0,0,0,0,0,0.32380855083465576
data/raw/osu_lora/Diff_Days_Indoor_Setup/Day5/Device21/IQ_1.dat,75,5879925,19,6,0,test,diff_days_indoor,5,0,0,0,0,0,0.2325432300567627
data/raw/osu_lora/Diff_Days_Indoor_Setup/Day5/Device21/IQ_1.dat,76,5958324,19,17,0,test,diff_days_indoor,5,0,0,0,0,0,0.1587200164794922
data/raw/osu_lora/Diff_Days_Indoor_Setup/Day5/Device21/IQ_1.dat,77,6036723,19,22,0,test,diff_days_indoor,5,0,0,0,0,0,0.446097195148468
data/raw/osu_lora/Diff_Days_Indoor_Setup/Day5/Device21/IQ_1.dat,78,6115122,19,23,0,test,diff_days_indoor,5,0,0,0,0,0,0.3368164896965027
data/raw/osu_lora/Diff_Days_Indoor_Setup/Day5/Device21/IQ_1.dat,79,6193521,19,19,1,test,diff_days_indoor,5,0,0,0,0,0,0.22602008283138275
data/raw/osu_lora/Diff_Days_Indoor_Setup/Day5/Device21/IQ_1.dat,80,6271920,19,22,0,test,diff_days_indoor,5,0,0,0,0,0,0.31534233689308167
data/raw/osu_lora/Diff_Days_Indoor_Setup/Day5/Device21/IQ_1.dat,81,6350319,19,6,0,test,diff_days_indoor,5,0,0,0,0,0,0.4006333351135254
data/raw/osu_lora/Diff_Days_Indoor_Setup/Day5/Device21/IQ_1.dat,82,6428718,19,23,0,test,diff_days_indoor,5,0,0,0,0,0,0.32465195655822754
data/raw/osu_lora/Diff_Days_Indoor_Setup/Day5/Device21/IQ_1.dat,83,6507117,19,23,0,test,diff_days_indoor,5,0,0,0,0,0,0.31709954142570496
data/raw/osu_lora/Diff_Days_Indoor_Setup/Day5/Device21/IQ_1.dat,84,6585516,19,19,1,test,diff_days_indoor,5,0,0,0,0,0,0.2530519664287567
data/raw/osu_lora/Diff_Days_Indoor_Setup/Day5/Device21/IQ_1.dat,85,6663915,19,22,0,test,diff_days_indoor,5,0,0,0,0,0,0.35473570227622986
data/raw/osu_lora/Diff_Days_Indoor_Setup/Day5/Device21/IQ_1.dat,86,6742314,19,8,0,test,diff_days_indoor,5,0,0,0,0,0,0.1397877335548401
data/raw/osu_lora/Diff_Days_Indoor_Setup/Day5/Device21/IQ_1.dat,87,6820713,19,22,0,test,diff_days_indoor,5,0,0,0,0,0,0.26852938532829285
data/raw/osu_lora/Diff_Days_Indoor_Setup/Day5/Device21/IQ_1.dat,88,6899112,19,17,0,test,diff_days_indoor,5,0,0,0,0,0,0.21820472180843353
data/raw/osu_lora/Diff_Days_Indoor_Setup/Day5/Device21/IQ_1.dat,89,6977511,19,23,0,test,diff_days_indoor,5,0,0,0,0,0,0.4237574338912964
data/raw/osu_lora/Diff_Days_Indoor_Setup/Day5/Device21/IQ_1.dat,90,7055910,19,12,0,test,diff_days_indoor,5,0,0,0,0,0,0.1637871265411377
data/raw/osu_lora/Diff_Days_Indoor_Setup/Day5/Device21/IQ_1.dat,91,7134309,19,8,0,test,diff_days_indoor,5,0,0,0,0,0,0.183644637465477
data/raw/osu_lora/Diff_Days_Indoor_Setup/Day5/Device21/IQ_1.dat,92,7212708,19,13,0,test,diff_days_indoor,5,0,0,0,0,0,0.2309786081314087
data/raw/osu_lora/Diff_Days_Indoor_Setup/Day5/Device21/IQ_1.dat,93,7291107,19,22,0,test,diff_days_indoor,5,0,0,0,0,0,0.30830302834510803
data/raw/osu_lora/Diff_Days_Indoor_Setup/Day5/Device21/IQ_1.dat,94,7369506,19,23,0,test,diff_days_indoor,5,0,0,0,0,0,0.16407988965511322
data/raw/osu_lora/Diff_Days_Indoor_Setup/Day5/Device21/IQ_1.dat,95,7447905,19,15,0,test,diff_days_indoor,5,0,0,0,0,0,0.24826481938362122
data/raw/osu_lora/Diff_Days_Indoor_Setup/Day5/Device21/IQ_1.dat,96,7526304,19,13,0,test,diff_days_indoor,5,0,0,0,0,0,0.21246185898780823
data/raw/osu_lora/Diff_Days_Indoor_Setup/Day5/Device21/IQ_1.dat,97,7604703,19,22,0,test,diff_days_indoor,5,0,0,0,0,0,0.35702285170555115
data/raw/osu_lora/Diff_Days_Indoor_Setup/Day5/Device21/IQ_1.dat,98,7683102,19,5,0,test,diff_days_indoor,5,0,0,0,0,0,0.4964662790298462
data/raw/osu_lora/Diff_Days_Indoor_Setup/Day5/Device21/IQ_1.dat,99,7761501,19,16,0,test,diff_days_indoor,5,0,0,0,0,0,0.1348438709974289
data/raw/osu_lora/Diff_Days_Indoor_Setup/Day5/Device21/IQ_1.dat,100,7839900,19,23,0,test,diff_days_indoor,5,0,0,0,0,0,0.26480886340141296
data/raw/osu_lora/Diff_Days_Indoor_Setup/Day5/Device21/IQ_1.dat,101,7918299,19,0,0,test,diff_days_indoor,5,0,0,0,0,0,0.20392553508281708
data/raw/osu_lora/Diff_Days_Indoor_Setup/Day5/Device21/IQ_1.dat,102,7996698,19,23,0,test,diff_days_indoor,5,0,0,0,0,0,0.438310444355011
data/raw/osu_lora/Diff_Days_Indoor_Setup/Day5/Device21/IQ_1.dat,103,8075097,19,23,0,test,diff_days_indoor,5,0,0,0,0,0,0.2751823961734772
data/raw/osu_lora/Diff_Days_Indoor_Setup/Day5/Device21/IQ_1.dat,104,8153496,19,23,0,test,diff_days_indoor,5,0,0,0,0,0,0.4186496138572693
data/raw/osu_lora/Diff_Days_Indoor_Setup/Day5/Device21/IQ_1.dat,105,8231895,19,19,1,test,diff_days_indoor,5,0,0,0,0,0,0.2171923667192459
data/raw/osu_lora/Diff_Days_Indoor_Setup/Day5/Device21/IQ_1.dat,106,8310294,19,6,0,test,diff_days_indoor,5,0,0,0,0,0,0.2882283329963684
data/raw/osu_lora/Diff_Days_Indoor_Setup/Day5/Device21/IQ_1.dat,107,8388693,19,22,0,test,diff_days_indoor,5,0,0,0,0,0,0.24211819469928741
data/raw/osu_lora/Diff_Days_Indoor_Setup/Day5/Device21/IQ_1.dat,108,8467092,19,15,0,test,diff_days_indoor,5,0,0,0,0,0,0.22156116366386414
data/raw/osu_lora/Diff_Days_Indoor_Setup/Day5/Device21/IQ_1.dat,109,8545491,19,2,0,test,diff_days_indoor,5,0,0,0,0,0,0.2528989613056183
data/raw/osu_lora/Diff_Days_Indoor_Setup/Day5/Device21/IQ_1.dat,110,8623890,19,22,0,test,diff_days_indoor,5,0,0,0,0,0,0.5292460322380066
data/raw/osu_lora/Diff_Days_Indoor_Setup/Day5/Device21/IQ_1.dat,111,8702289,19,9,0,test,diff_days_indoor,5,0,0,0,0,0,0.15897436439990997
data/raw/osu_lora/Diff_Days_Indoor_Setup/Day5/Device21/IQ_1.dat,112,8780688,19,19,1,test,diff_days_indoor,5,0,0,0,0,0,0.16961802542209625
data/raw/osu_lora/Diff_Days_Indoor_Setup/Day5/Device21/IQ_1.dat,113,8859087,19,10,0,test,diff_days_indoor,5,0,0,0,0,0,0.29051944613456726
data/raw/osu_lora/Diff_Days_Indoor_Setup/Day5/Device21/IQ_1.dat,114,8937486,19,23,0,test,diff_days_indoor,5,0,0,0,0,0,0.31801408529281616
data/raw/osu_lora/Diff_Days_Indoor_Setup/Day5/Device21/IQ_1.dat,115,9015885,19,22,0,test,diff_days_indoor,5,0,0,0,0,0,0.34500211477279663
data/raw/osu_lora/Diff_Days_Indoor_Setup/Day5/Device21/IQ_1.dat,116,9094284,19,22,0,test,diff_days_indoor,5,0,0,0,0,0,0.5035165548324585
data/raw/osu_lora/Diff_Days_Indoor_Setup/Day5/Device21/IQ_1.dat,117,9172683,19,13,0,test,diff_days_indoor,5,0,0,0,0,0,0.24397101998329163
data/raw/osu_lora/Diff_Days_Indoor_Setup/Day5/Device21/IQ_1.dat,118,9251082,19,22,0,test,diff_days_indoor,5,0,0,0,0,0,0.4244591295719147
data/raw/osu_lora/Diff_Days_Indoor_Setup/Day5/Device21/IQ_1.dat,119,9329481,19,13,0,test,diff_days_indoor,5,0,0,0,0,0,0.1900610327720642
data/raw/osu_lora/Diff_Days_Indoor_Setup/Day5/Device21/IQ_1.dat,120,9407880,19,23,0,test,diff_days_indoor,5,0,0,0,0,0,0.34482213854789734
data/raw/osu_lora/Diff_Days_Indoor_Setup/Day5/Device21/IQ_1.dat,121,9486279,19,17,0,test,diff_days_indoor,5,0,0,0,0,0,0.20099306106567383
data/raw/osu_lora/Diff_Days_Indoor_Setup/Day5/Device21/IQ_1.dat,122,9564678,19,19,1,test,diff_days_indoor,5,0,0,0,0,0,0.2387710064649582
data/raw/osu_lora/Diff_Days_Indoor_Setup/Day5/Device21/IQ_1.dat,123,9643077,19,13,0,test,diff_days_indoor,5,0,0,0,0,0,0.2376803308725357
data/raw/osu_lora/Diff_Days_Indoor_Setup/Day5/Device21/IQ_1.dat,124,9721476,19,23,0,test,diff_days_indoor,5,0,0,0,0,0,0.30838388204574585
data/raw/osu_lora/Diff_Days_Indoor_Setup/Day5/Device21/IQ_1.dat,125,9799875,19,6,0,test,diff_days_indoor,5,0,0,0,0,0,0.490756630897522
data/raw/osu_lora/Diff_Days_Indoor_Setup/Day5/Device21/IQ_1.dat,126,9878274,19,19,1,test,diff_days_indoor,5,0,0,0,0,0,0.23407278954982758
data/raw/osu_lora/Diff_Days_Indoor_Setup/Day5/Device21/IQ_1.dat,127,9956673,19,14,0,test,diff_days_indoor,5,0,0,0,0,0,0.23546959459781647
data/raw/osu_lora/Diff_Days_Indoor_Setup/Day5/Device21/IQ_1.dat,128,10035072,19,7,0,test,diff_days_indoor,5,0,0,0,0,0,0.282065749168396
data/raw/osu_lora/Diff_Days_Indoor_Setup/Day5/Device21/IQ_1.dat,129,10113471,19,5,0,test,diff_days_indoor,5,0,0,0,0,0,0.42592889070510864
data/raw/osu_lora/Diff_Days_Indoor_Setup/Day5/Device21/IQ_1.dat,130,10191870,19,23,0,test,diff_days_indoor,5,0,0,0,0,0,0.23989927768707275
data/raw/osu_lora/Diff_Days_Indoor_Setup/Day5/Device21/IQ_1.dat,131,10270269,19,23,0,test,diff_days_indoor,5,0,0,0,0,0,0.3550057113170624
data/raw/osu_lora/Diff_Days_Indoor_Setup/Day5/Device21/IQ_1.dat,132,10348668,19,19,1,test,diff_days_indoor,5,0,0,0,0,0,0.34182897210121155
data/raw/osu_lora/Diff_Days_Indoor_Setup/Day5/Device21/IQ_1.dat,133,10427067,19,23,0,test,diff_days_indoor,5,0,0,0,0,0,0.3127385973930359
data/raw/osu_lora/Diff_Days_Indoor_Setup/Day5/Device21/IQ_1.dat,134,10505466,19,17,0,test,diff_days_indoor,5,0,0,0,0,0,0.21152979135513306
data/raw/osu_lora/Diff_Days_Indoor_Setup/Day5/Device21/IQ_1.dat,135,10583865,19,17,0,test,diff_days_indoor,5,0,0,0,0,0,0.3583982288837433
data/raw/osu_lora/Diff_Days_Indoor_Setup/Day5/Device21/IQ_1.dat,136,10662264,19,2,0,test,diff_days_indoor,5,0,0,0,0,0,0.40475234389305115
data/raw/osu_lora/Diff_Days_Indoor_Setup/Day5/Device21/IQ_1.dat,137,10740663,19,19,1,test,diff_days_indoor,5,0,0,0,0,0,0.29912108182907104
data/raw/osu_lora/Diff_Days_Indoor_Setup/Day5/Device21/IQ_1.dat,138,10819062,19,23,0,test,diff_days_indoor,5,0,0,0,0,0,0.3330748379230499
data/raw/osu_lora/Diff_Days_Indoor_Setup/Day5/Device21/IQ_1.dat,139,10897461,19,10,0,test,diff_days_indoor,5,0,0,0,0,0,0.5472463965415955
data/raw/osu_lora/Diff_Days_Indoor_Setup/Day5/Device21/IQ_1.dat,140,10975860,19,19,1,test,diff_days_indoor,5,0,0,0,0,0,0.2625181972980499
data/raw/osu_lora/Diff_Days_Indoor_Setup/Day5/Device21/IQ_1.dat,141,11054259,19,5,0,test,diff_days_indoor,5,0,0,0,0,0,0.21554124355316162
data/raw/osu_lora/Diff_Days_Indoor_Setup/Day5/Device21/IQ_1.dat,142,11132658,19,19,1,test,diff_days_indoor,5,0,0,0,0,0,0.23061001300811768
data/raw/osu_lora/Diff_Days_Indoor_Setup/Day5/Device21/IQ_1.dat,143,11211057,19,19,1,test,diff_days_indoor,5,0,0,0,0,0,0.296025812625885
data/raw/osu_lora/Diff_Days_Indoor_Setup/Day5/Device21/IQ_1.dat,144,11289456,19,7,0,test,diff_days_indoor,5,0,0,0,0,0,0.19000127911567688
data/raw/osu_lora/Diff_Days_Indoor_Setup/Day5/Device21/IQ_1.dat,145,11367855,19,19,1,test,diff_days_indoor,5,0,0,0,0,0,0.2005477398633957
data/raw/osu_lora/Diff_Days_Indoor_Setup/Day5/Device21/IQ_1.dat,146,11446254,19,22,0,test,diff_days_indoor,5,0,0,0,0,0,0.6981731653213501
data/raw/osu_lora/Diff_Days_Indoor_Setup/Day5/Device21/IQ_1.dat,147,11524653,19,5,0,test,diff_days_indoor,5,0,0,0,0,0,0.37849003076553345
data/raw/osu_lora/Diff_Days_Indoor_Setup/Day5/Device21/IQ_1.dat,148,11603052,19,9,0,test,diff_days_indoor,5,0,0,0,0,0,0.24773921072483063
data/raw/osu_lora/Diff_Days_Indoor_Setup/Day5/Device21/IQ_1.dat,149,11681451,19,22,0,test,diff_days_indoor,5,0,0,0,0,0,0.49537044763565063
data/raw/osu_lora/Diff_Days_Indoor_Setup/Day5/Device21/IQ_1.dat,150,11759850,19,13,0,test,diff_days_indoor,5,0,0,0,0,0,0.1836208701133728
data/raw/osu_lora/Diff_Days_Indoor_Setup/Day5/Device21/IQ_1.dat,151,11838249,19,18,0,test,diff_days_indoor,5,0,0,0,0,0,0.2899888753890991
data/raw/osu_lora/Diff_Days_Indoor_Setup/Day5/Device21/IQ_1.dat,152,11916648,19,19,1,test,diff_days_indoor,5,0,0,0,0,0,0.2795017659664154
data/raw/osu_lora/Diff_Days_Indoor_Setup/Day5/Device21/IQ_1.dat,153,11995047,19,5,0,test,diff_days_indoor,5,0,0,0,0,0,0.15043900907039642
data/raw/osu_lora/Diff_Days_Indoor_Setup/Day5/Device21/IQ_1.dat,154,12073446,19,13,0,test,diff_days_indoor,5,0,0,0,0,0,0.2776603698730469
data/raw/osu_lora/Diff_Days_Indoor_Setup/Day5/Device21/IQ_1.dat,155,12151845,19,23,0,test,diff_days_indoor,5,0,0,0,0,0,0.2514664828777313
data/raw/osu_lora/Diff_Days_Indoor_Setup/Day5/Device21/IQ_1.dat,156,12230244,19,6,0,test,diff_days_indoor,5,0,0,0,0,0,0.2433168739080429
data/raw/osu_lora/Diff_Days_Indoor_Setup/Day5/Device21/IQ_1.dat,157,12308643,19,5,0,test,diff_days_indoor,5,0,0,0,0,0,0.29394271969795227
data/raw/osu_lora/Diff_Days_Indoor_Setup/Day5/Device21/IQ_1.dat,158,12387042,19,13,0,test,diff_days_indoor,5,0,0,0,0,0,0.18283769488334656
data/raw/osu_lora/Diff_Days_Indoor_Setup/Day5/Device21/IQ_1.dat,159,12465441,19,22,0,test,diff_days_indoor,5,0,0,0,0,0,0.7064577341079712
data/raw/osu_lora/Diff_Days_Indoor_Setup/Day5/Device21/IQ_1.dat,160,12543840,19,5,0,test,diff_days_indoor,5,0,0,0,0,0,0.30374810099601746
data/raw/osu_lora/Diff_Days_Indoor_Setup/Day5/Device21/IQ_1.dat,161,12622239,19,19,1,test,diff_days_indoor,5,0,0,0,0,0,0.2824144661426544
data/raw/osu_lora/Diff_Days_Indoor_Setup/Day5/Device21/IQ_1.dat,162,12700638,19,23,0,test,diff_days_indoor,5,0,0,0,0,0,0.34341174364089966
data/raw/osu_lora/Diff_Days_Indoor_Setup/Day5/Device21/IQ_1.dat,163,12779037,19,19,1,test,diff_days_indoor,5,0,0,0,0,0,0.3449173867702484
data/raw/osu_lora/Diff_Days_Indoor_Setup/Day5/Device21/IQ_1.dat,164,12857436,19,19,1,test,diff_days_indoor,5,0,0,0,0,0,0.15259571373462677
data/raw/osu_lora/Diff_Days_Indoor_Setup/Day5/Device21/IQ_1.dat,165,12935835,19,19,1,test,diff_days_indoor,5,0,0,0,0,0,0.1569983810186386
data/raw/osu_lora/Diff_Days_Indoor_Setup/Day5/Device21/IQ_1.dat,166,13014234,19,19,1,test,diff_days_indoor,5,0,0,0,0,0,0.1982121765613556
data/raw/osu_lora/Diff_Days_Indoor_Setup/Day5/Device21/IQ_1.dat,167,13092633,19,17,0,test,diff_days_indoor,5,0,0,0,0,0,0.175578311085701
data/raw/osu_lora/Diff_Days_Indoor_Setup/Day5/Device21/IQ_1.dat,168,13171032,19,5,0,test,diff_days_indoor,5,0,0,0,0,0,0.26344212889671326
data/raw/osu_lora/Diff_Days_Indoor_Setup/Day5/Device21/IQ_1.dat,169,13249431,19,8,0,test,diff_days_indoor,5,0,0,0,0,0,0.22235237061977386
data/raw/osu_lora/Diff_Days_Indoor_Setup/Day5/Device21/IQ_1.dat,170,13327830,19,10,0,test,diff_days_indoor,5,0,0,0,0,0,0.41962963342666626
data/raw/osu_lora/Diff_Days_Indoor_Setup/Day5/Device21/IQ_1.dat,171,13406229,19,15,0,test,diff_days_indoor,5,0,0,0,0,0,0.3292887508869171
data/raw/osu_lora/Diff_Days_Indoor_Setup/Day5/Device21/IQ_1.dat,172,13484628,19,19,1,test,diff_days_indoor,5,0,0,0,0,0,0.2694712281227112
data/raw/osu_lora/Diff_Days_Indoor_Setup/Day5/Device21/IQ_1.dat,173,13563027,19,22,0,test,diff_days_indoor,5,0,0,0,0,0,0.26460525393486023
data/raw/osu_lora/Diff_Days_Indoor_Setup/Day5/Device21/IQ_1.dat,174,13641426,19,5,0,test,diff_days_indoor,5,0,0,0,0,0,0.18023160099983215
data/raw/osu_lora/Diff_Days_Indoor_Setup/Day5/Device21/IQ_1.dat,175,13719825,19,23,0,test,diff_days_indoor,5,0,0,0,0,0,0.19956587255001068
data/raw/osu_lora/Diff_Days_Indoor_Setup/Day5/Device21/IQ_1.dat,176,13798224,19,10,0,test,diff_days_indoor,5,0,0,0,0,0,0.2855094373226166
data/raw/osu_lora/Diff_Days_Indoor_Setup/Day5/Device21/IQ_1.dat,177,13876623,19,22,0,test,diff_days_indoor,5,0,0,0,0,0,0.3648158311843872
data/raw/osu_lora/Diff_Days_Indoor_Setup/Day5/Device21/IQ_1.dat,178,13955022,19,10,0,test,diff_days_indoor,5,0,0,0,0,0,0.23908832669258118
data/raw/osu_lora/Diff_Days_Indoor_Setup/Day5/Device21/IQ_1.dat,179,14033421,19,22,0,test,diff_days_indoor,5,0,0,0,0,0,0.2410578578710556
data/raw/osu_lora/Diff_Days_Indoor_Setup/Day5/Device21/IQ_1.dat,180,14111820,19,22,0,test,diff_days_indoor,5,0,0,0,0,0,0.5144628286361694
data/raw/osu_lora/Diff_Days_Indoor_Setup/Day5/Device21/IQ_1.dat,181,14190219,19,22,0,test,diff_days_indoor,5,0,0,0,0,0,0.27135607600212097
data/raw/osu_lora/Diff_Days_Indoor_Setup/Day5/Device21/IQ_1.dat,182,14268618,19,23,0,test,diff_days_indoor,5,0,0,0,0,0,0.24233941733837128
data/raw/osu_lora/Diff_Days_Indoor_Setup/Day5/Device21/IQ_1.dat,183,14347017,19,22,0,test,diff_days_indoor,5,0,0,0,0,0,0.25118333101272583
data/raw/osu_lora/Diff_Days_Indoor_Setup/Day5/Device21/IQ_1.dat,184,14425416,19,19,1,test,diff_days_indoor,5,0,0,0,0,0,0.16375920176506042
data/raw/osu_lora/Diff_Days_Indoor_Setup/Day5/Device21/IQ_1.dat,185,14503815,19,17,0,test,diff_days_indoor,5,0,0,0,0,0,0.21439987421035767
data/raw/osu_lora/Diff_Days_Indoor_Setup/Day5/Device21/IQ_1.dat,186,14582214,19,22,0,test,diff_days_indoor,5,0,0,0,0,0,0.2511669099330902
data/raw/osu_lora/Diff_Days_Indoor_Setup/Day5/Device21/IQ_1.dat,187,14660613,19,8,0,test,diff_days_indoor,5,0,0,0,0,0,0.29842492938041687
data/raw/osu_lora/Diff_Days_Indoor_Setup/Day5/Device21/IQ_1.dat,188,14739012,19,23,0,test,diff_days_indoor,5,0,0,0,0,0,0.26217541098594666
data/raw/osu_lora/Diff_Days_Indoor_Setup/Day5/Device21/IQ_1.dat,189,14817411,19,22,0,test,diff_days_indoor,5,0,0,0,0,0,0.2125200778245926
data/raw/osu_lora/Diff_Days_Indoor_Setup/Day5/Device21/IQ_1.dat,190,14895810,19,22,0,test,diff_days_indoor,5,0,0,0,0,0,0.357526957988739
data/raw/osu_lora/Diff_Days_Indoor_Setup/Day5/Device21/IQ_1.dat,191,14974209,19,6,0,test,diff_days_indoor,5,0,0,0,0,0,0.251213937997818
data/raw/osu_lora/Diff_Days_Indoor_Setup/Day5/Device21/IQ_1.dat,192,15052608,19,19,1,test,diff_days_indoor,5,0,0,0,0,0,0.3417903780937195
data/raw/osu_lora/Diff_Days_Indoor_Setup/Day5/Device21/IQ_1.dat,193,15131007,19,22,0,test,diff_days_indoor,5,0,0,0,0,0,0.4927882254123688
data/raw/osu_lora/Diff_Days_Indoor_Setup/Day5/Device21/IQ_1.dat,194,15209406,19,19,1,test,diff_days_indoor,5,0,0,0,0,0,0.34355801343917847
data/raw/osu_lora/Diff_Days_Indoor_Setup/Day5/Device21/IQ_1.dat,195,15287805,19,19,1,test,diff_days_indoor,5,0,0,0,0,0,0.2765182852745056
data/raw/osu_lora/Diff_Days_Indoor_Setup/Day5/Device21/IQ_1.dat,196,15366204,19,15,0,test,diff_days_indoor,5,0,0,0,0,0,0.30792275071144104
data/raw/osu_lora/Diff_Days_Indoor_Setup/Day5/Device21/IQ_1.dat,197,15444603,19,15,0,test,diff_days_indoor,5,0,0,0,0,0,0.25270670652389526
data/raw/osu_lora/Diff_Days_Indoor_Setup/Day5/Device21/IQ_1.dat,198,15523002,19,13,0,test,diff_days_indoor,5,0,0,0,0,0,0.24977661669254303
data/raw/osu_lora/Diff_Days_Indoor_Setup/Day5/Device21/IQ_1.dat,199,15601401,19,6,0,test,diff_days_indoor,5,0,0,0,0,0,0.17929933965206146
data/raw/osu_lora/Diff_Days_Indoor_Setup/Day5/Device21/IQ_1.dat,200,15679800,19,17,0,test,diff_days_indoor,5,0,0,0,0,0,0.18830670416355133
data/raw/osu_lora/Diff_Days_Indoor_Setup/Day5/Device21/IQ_1.dat,201,15758199,19,5,0,test,diff_days_indoor,5,0,0,0,0,0,0.22238868474960327
data/raw/osu_lora/Diff_Days_Indoor_Setup/Day5/Device21/IQ_1.dat,202,15836598,19,19,1,test,diff_days_indoor,5,0,0,0,0,0,0.21585096418857574
data/raw/osu_lora/Diff_Days_Indoor_Setup/Day5/Device21/IQ_1.dat,203,15914997,19,5,0,test,diff_days_indoor,5,0,0,0,0,0,0.2775081396102905
data/raw/osu_lora/Diff_Days_Indoor_Setup/Day5/Device21/IQ_1.dat,204,15993396,19,17,0,test,diff_days_indoor,5,0,0,0,0,0,0.18302765488624573
data/raw/osu_lora/Diff_Days_Indoor_Setup/Day5/Device21/IQ_1.dat,205,16071795,19,19,1,test,diff_days_indoor,5,0,0,0,0,0,0.28677448630332947
data/raw/osu_lora/Diff_Days_Indoor_Setup/Day5/Device21/IQ_1.dat,206,16150194,19,19,1,test,diff_days_indoor,5,0,0,0,0,0,0.22393326461315155
data/raw/osu_lora/Diff_Days_Indoor_Setup/Day5/Device21/IQ_1.dat,207,16228593,19,23,0,test,diff_days_indoor,5,0,0,0,0,0,0.33277803659439087
data/raw/osu_lora/Diff_Days_Indoor_Setup/Day5/Device21/IQ_1.dat,208,16306992,19,22,0,test,diff_days_indoor,5,0,0,0,0,0,0.5197749137878418
data/raw/osu_lora/Diff_Days_Indoor_Setup/Day5/Device21/IQ_1.dat,209,16385391,19,5,0,test,diff_days_indoor,5,0,0,0,0,0,0.3715822100639343
data/raw/osu_lora/Diff_Days_Indoor_Setup/Day5/Device21/IQ_1.dat,210,16463790,19,17,0,test,diff_days_indoor,5,0,0,0,0,0,0.1539388746023178
data/raw/osu_lora/Diff_Days_Indoor_Setup/Day5/Device21/IQ_1.dat,211,16542189,19,23,0,test,diff_days_indoor,5,0,0,0,0,0,0.3566141724586487
data/raw/osu_lora/Diff_Days_Indoor_Setup/Day5/Device21/IQ_1.dat,212,16620588,19,6,0,test,diff_days_indoor,5,0,0,0,0,0,0.13631242513656616
data/raw/osu_lora/Diff_Days_Indoor_Setup/Day5/Device21/IQ_1.dat,213,16698987,19,23,0,test,diff_days_indoor,5,0,0,0,0,0,0.24649576842784882
data/raw/osu_lora/Diff_Days_Indoor_Setup/Day5/Device21/IQ_1.dat,214,16777386,19,22,0,test,diff_days_indoor,5,0,0,0,0,0,0.7310696244239807
data/raw/osu_lora/Diff_Days_Indoor_Setup/Day5/Device21/IQ_1.dat,215,16855785,19,19,1,test,diff_days_indoor,5,0,0,0,0,0,0.20344001054763794
data/raw/osu_lora/Diff_Days_Indoor_Setup/Day5/Device21/IQ_1.dat,216,16934184,19,23,0,test,diff_days_indoor,5,0,0,0,0,0,0.1875298172235489
data/raw/osu_lora/Diff_Days_Indoor_Setup/Day5/Device21/IQ_1.dat,217,17012583,19,19,1,test,diff_days_indoor,5,0,0,0,0,0,0.2389853149652481
data/raw/osu_lora/Diff_Days_Indoor_Setup/Day5/Device21/IQ_1.dat,218,17090982,19,20,0,test,diff_days_indoor,5,0,0,0,0,0,0.4625501036643982
data/raw/osu_lora/Diff_Days_Indoor_Setup/Day5/Device21/IQ_1.dat,219,17169381,19,23,0,test,diff_days_indoor,5,0,0,0,0,0,0.5012154579162598
data/raw/osu_lora/Diff_Days_Indoor_Setup/Day5/Device21/IQ_1.dat,220,17247780,19,22,0,test,diff_days_indoor,5,0,0,0,0,0,0.5013348460197449
data/raw/osu_lora/Diff_Days_Indoor_Setup/Day5/Device21/IQ_1.dat,221,17326179,19,18,0,test,diff_days_indoor,5,0,0,0,0,0,0.20316898822784424
data/raw/osu_lora/Diff_Days_Indoor_Setup/Day5/Device21/IQ_1.dat,222,17404578,19,0,0,test,diff_days_indoor,5,0,0,0,0,0,0.3863586485385895
data/raw/osu_lora/Diff_Days_Indoor_Setup/Day5/Device21/IQ_1.dat,223,17482977,19,19,1,test,diff_days_indoor,5,0,0,0,0,0,0.3199085593223572
data/raw/osu_lora/Diff_Days_Indoor_Setup/Day5/Device21/IQ_1.dat,224,17561376,19,19,1,test,diff_days_indoor,5,0,0,0,0,0,0.26884889602661133
data/raw/osu_lora/Diff_Days_Indoor_Setup/Day5/Device21/IQ_1.dat,225,17639775,19,19,1,test,diff_days_indoor,5,0,0,0,0,0,0.23403362929821014
data/raw/osu_lora/Diff_Days_Indoor_Setup/Day5/Device21/IQ_1.dat,226,17718174,19,19,1,test,diff_days_indoor,5,0,0,0,0,0,0.24234087765216827
data/raw/osu_lora/Diff_Days_Indoor_Setup/Day5/Device21/IQ_1.dat,227,17796573,19,22,0,test,diff_days_indoor,5,0,0,0,0,0,0.2681373655796051
data/raw/osu_lora/Diff_Days_Indoor_Setup/Day5/Device21/IQ_1.dat,228,17874972,19,22,0,test,diff_days_indoor,5,0,0,0,0,0,0.7261982560157776
data/raw/osu_lora/Diff_Days_Indoor_Setup/Day5/Device21/IQ_1.dat,229,17953371,19,2,0,test,diff_days_indoor,5,0,0,0,0,0,0.21869635581970215
data/raw/osu_lora/Diff_Days_Indoor_Setup/Day5/Device21/IQ_1.dat,230,18031770,19,23,0,test,diff_days_indoor,5,0,0,0,0,0,0.26429229974746704
data/raw/osu_lora/Diff_Days_Indoor_Setup/Day5/Device21/IQ_1.dat,231,18110169,19,23,0,test,diff_days_indoor,5,0,0,0,0,0,0.29340964555740356
data/raw/osu_lora/Diff_Days_Indoor_Setup/Day5/Device21/IQ_1.dat,232,18188568,19,19,1,test,diff_days_indoor,5,0,0,0,0,0,0.1532725691795349
data/raw/osu_lora/Diff_Days_Indoor_Setup/Day5/Device21/IQ_1.dat,233,18266967,19,22,0,test,diff_days_indoor,5,0,0,0,0,0,0.3683392405509949
data/raw/osu_lora/Diff_Days_Indoor_Setup/Day5/Device21/IQ_1.dat,234,18345366,19,5,0,test,diff_days_indoor,5,0,0,0,0,0,0.2587685286998749
data/raw/osu_lora/Diff_Days_Indoor_Setup/Day5/Device21/IQ_1.dat,235,18423765,19,2,0,test,diff_days_indoor,5,0,0,0,0,0,0.23414798080921173
data/raw/osu_lora/Diff_Days_Indoor_Setup/Day5/Device21/IQ_1.dat,236,18502164,19,5,0,test,diff_days_indoor,5,0,0,0,0,0,0.3273940980434418
data/raw/osu_lora/Diff_Days_Indoor_Setup/Day5/Device21/IQ_1.dat,237,18580563,19,19,1,test,diff_days_indoor,5,0,0,0,0,0,0.2529740035533905
data/raw/osu_lora/Diff_Days_Indoor_Setup/Day5/Device21/IQ_1.dat,238,18658962,19,19,1,test,diff_days_indoor,5,0,0,0,0,0,0.31274208426475525
data/raw/osu_lora/Diff_Days_Indoor_Setup/Day5/Device21/IQ_1.dat,239,18737361,19,19,1,test,diff_days_indoor,5,0,0,0,0,0,0.2808283269405365
data/raw/osu_lora/Diff_Days_Indoor_Setup/Day5/Device21/IQ_1.dat,240,18815760,19,5,0,test,diff_days_indoor,5,0,0,0,0,0,0.2394178807735443
data/raw/osu_lora/Diff_Days_Indoor_Setup/Day5/Device21/IQ_1.dat,241,18894159,19,22,0,test,diff_days_indoor,5,0,0,0,0,0,0.3255195617675781
data/raw/osu_lora/Diff_Days_Indoor_Setup/Day5/Device21/IQ_1.dat,242,18972558,19,23,0,test,diff_days_indoor,5,0,0,0,0,0,0.42403748631477356
data/raw/osu_lora/Diff_Days_Indoor_Setup/Day5/Device21/IQ_1.dat,243,19050957,19,23,0,test,diff_days_indoor,5,0,0,0,0,0,0.1852753907442093
data/raw/osu_lora/Diff_Days_Indoor_Setup/Day5/Device21/IQ_1.dat,244,19129356,19,23,0,test,diff_days_indoor,5,0,0,0,0,0,0.4823355972766876
data/raw/osu_lora/Diff_Days_Indoor_Setup/Day5/Device21/IQ_1.dat,245,19207755,19,23,0,test,diff_days_indoor,5,0,0,0,0,0,0.274821937084198
data/raw/osu_lora/Diff_Days_Indoor_Setup/Day5/Device21/IQ_1.dat,246,19286154,19,13,0,test,diff_days_indoor,5,0,0,0,0,0,0.1856345385313034
data/raw/osu_lora/Diff_Days_Indoor_Setup/Day5/Device21/IQ_1.dat,247,19364553,19,23,0,test,diff_days_indoor,5,0,0,0,0,0,0.3541426956653595
data/raw/osu_lora/Diff_Days_Indoor_Setup/Day5/Device21/IQ_1.dat,248,19442952,19,19,1,test,diff_days_indoor,5,0,0,0,0,0,0.1762021780014038
data/raw/osu_lora/Diff_Days_Indoor_Setup/Day5/Device21/IQ_1.dat,249,19521351,19,6,0,test,diff_days_indoor,5,0,0,0,0,0,0.4112465977668762
data/raw/osu_lora/Diff_Days_Indoor_Setup/Day5/Device21/IQ_1.dat,250,19599750,19,23,0,test,diff_days_indoor,5,0,0,0,0,0,0.35414209961891174
data/raw/osu_lora/Diff_Days_Indoor_Setup/Day5/Device21/IQ_1.dat,251,19678149,19,22,0,test,diff_days_indoor,5,0,0,0,0,0,0.3030150830745697
data/raw/osu_lora/Diff_Days_Indoor_Setup/Day5/Device21/IQ_1.dat,252,19756548,19,22,0,test,diff_days_indoor,5,0,0,0,0,0,0.21381060779094696
data/raw/osu_lora/Diff_Days_Indoor_Setup/Day5/Device21/IQ_1.dat,253,19834947,19,2,0,test,diff_days_indoor,5,0,0,0,0,0,0.2001798152923584
data/raw/osu_lora/Diff_Days_Indoor_Setup/Day5/Device21/IQ_1.dat,254,19913346,19,2,0,test,diff_days_indoor,5,0,0,0,0,0,0.4154999256134033
data/raw/osu_lora/Diff_Days_Indoor_Setup/Day5/Device21/IQ_1.dat,255,19991745,19,2,0,test,diff_days_indoor,5,0,0,0,0,0,0.21852461993694305
data/raw/osu_lora/Diff_Days_Indoor_Setup/Day5/Device22/IQ_1.dat,0,0,20,20,1,test,diff_days_indoor,5,0,0,0,0,0,0.4244350790977478
data/raw/osu_lora/Diff_Days_Indoor_Setup/Day5/Device22/IQ_1.dat,1,78399,20,6,0,test,diff_days_indoor,5,0,0,0,0,0,0.5687801241874695
data/raw/osu_lora/Diff_Days_Indoor_Setup/Day5/Device22/IQ_1.dat,2,156798,20,2,0,test,diff_days_indoor,5,0,0,0,0,0,0.28790226578712463
data/raw/osu_lora/Diff_Days_Indoor_Setup/Day5/Device22/IQ_1.dat,3,235197,20,20,1,test,diff_days_indoor,5,0,0,0,0,0,0.4548835754394531
data/raw/osu_lora/Diff_Days_Indoor_Setup/Day5/Device22/IQ_1.dat,4,313596,20,20,1,test,diff_days_indoor,5,0,0,0,0,0,0.45609229803085327
data/raw/osu_lora/Diff_Days_Indoor_Setup/Day5/Device22/IQ_1.dat,5,391995,20,2,0,test,diff_days_indoor,5,0,0,0,0,0,0.2894994020462036
data/raw/osu_lora/Diff_Days_Indoor_Setup/Day5/Device22/IQ_1.dat,6,470394,20,20,1,test,diff_days_indoor,5,0,0,0,0,0,0.47703245282173157
data/raw/osu_lora/Diff_Days_Indoor_Setup/Day5/Device22/IQ_1.dat,7,548793,20,6,0,test,diff_days_indoor,5,0,0,0,0,0,0.34638911485671997
data/raw/osu_lora/Diff_Days_Indoor_Setup/Day5/Device22/IQ_1.dat,8,627192,20,15,0,test,diff_days_indoor,5,0,0,0,0,0,0.16124902665615082
data/raw/osu_lora/Diff_Days_Indoor_Setup/Day5/Device22/IQ_1.dat,9,705591,20,8,0,test,diff_days_indoor,5,0,0,0,0,0,0.43313345313072205
data/raw/osu_lora/Diff_Days_Indoor_Setup/Day5/Device22/IQ_1.dat,10,783990,20,6,0,test,diff_days_indoor,5,0,0,0,0,0,0.15706384181976318
data/raw/osu_lora/Diff_Days_Indoor_Setup/Day5/Device22/IQ_1.dat,11,862389,20,20,1,test,diff_days_indoor,5,0,0,0,0,0,0.42911607027053833
data/raw/osu_lora/Diff_Days_Indoor_Setup/Day5/Device22/IQ_1.dat,12,940788,20,9,0,test,diff_days_indoor,5,0,0,0,0,0,0.08813854306936264
data/raw/osu_lora/Diff_Days_Indoor_Setup/Day5/Device22/IQ_1.dat,13,1019187,20,8,0,test,diff_days_indoor,5,0,0,0,0,0,0.5035434365272522
data/raw/osu_lora/Diff_Days_Indoor_Setup/Day5/Device22/IQ_1.dat,14,1097586,20,23,0,test,diff_days_indoor,5,0,0,0,0,0,0.2593131959438324
data/raw/osu_lora/Diff_Days_Indoor_Setup/Day5/Device22/IQ_1.dat,15,1175985,20,8,0,test,diff_days_indoor,5,0,0,0,0,0,0.2866862714290619
data/raw/osu_lora/Diff_Days_Indoor_Setup/Day5/Device22/IQ_1.dat,16,1254384,20,6,0,test,diff_days_indoor,5,0,0,0,0,0,0.3637538552284241
data/raw/osu_lora/Diff_Days_Indoor_Setup/Day5/Device22/IQ_1.dat,17,1332783,20,8,0,test,diff_days_indoor,5,0,0,0,0,0,0.5020662546157837
data/raw/osu_lora/Diff_Days_Indoor_Setup/Day5/Device22/IQ_1.dat,18,1411182,20,2,0,test,diff_days_indoor,5,0,0,0,0,0,0.2635234296321869
data/raw/osu_lora/Diff_Days_Indoor_Setup/Day5/Device22/IQ_1.dat,19,1489581,20,20,1,test,diff_days_indoor,5,0,0,0,0,0,0.4012991786003113
data/raw/osu_lora/Diff_Days_Indoor_Setup/Day5/Device22/IQ_1.dat,20,1567980,20,8,0,test,diff_days_indoor,5,0,0,0,0,0,0.5332207679748535
data/raw/osu_lora/Diff_Days_Indoor_Setup/Day5/Device22/IQ_1.dat,21,1646379,20,6,0,test,diff_days_indoor,5,0,0,0,0,0,0.4684538245201111
data/raw/osu_lora/Diff_Days_Indoor_Setup/Day5/Device22/IQ_1.dat,22,1724778,20,8,0,test,diff_days_indoor,5,0,0,0,0,0,0.5222247838973999
data/raw/osu_lora/Diff_Days_Indoor_Setup/Day5/Device22/IQ_1.dat,23,1803177,20,8,0,test,diff_days_indoor,5,0,0,0,0,0,0.31081679463386536
data/raw/osu_lora/Diff_Days_Indoor_Setup/Day5/Device22/IQ_1.dat,24,1881576,20,8,0,test,diff_days_indoor,5,0,0,0,0,0,0.40545129776000977
data/raw/osu_lora/Diff_Days_Indoor_Setup/Day5/Device22/IQ_1.dat,25,1959975,20,20,1,test,diff_days_indoor,5,0,0,0,0,0,0.533388614654541
data/raw/osu_lora/Diff_Days_Indoor_Setup/Day5/Device22/IQ_1.dat,26,2038374,20,8,0,test,diff_days_indoor,5,0,0,0,0,0,0.42870503664016724
data/raw/osu_lora/Diff_Days_Indoor_Setup/Day5/Device22/IQ_1.dat,27,2116773,20,6,0,test,diff_days_indoor,5,0,0,0,0,0,0.3488597273826599
data/raw/osu_lora/Diff_Days_Indoor_Setup/Day5/Device22/IQ_1.dat,28,2195172,20,20,1,test,diff_days_indoor,5,0,0,0,0,0,0.2887765169143677
data/raw/osu_lora/Diff_Days_Indoor_Setup/Day5/Device22/IQ_1.dat,29,2273571,20,6,0,test,diff_days_indoor,5,0,0,0,0,0,0.2848289906978607
data/raw/osu_lora/Diff_Days_Indoor_Setup/Day5/Device22/IQ_1.dat,30,2351970,20,6,0,test,diff_days_indoor,5,0,0,0,0,0,0.5772514343261719
data/raw/osu_lora/Diff_Days_Indoor_Setup/Day5/Device22/IQ_1.dat,31,2430369,20,20,1,test,diff_days_indoor,5,0,0,0,0,0,0.491060733795166
data/raw/osu_lora/Diff_Days_Indoor_Setup/Day5/Device22/IQ_1.dat,32,2508768,20,2,0,test,diff_days_indoor,5,0,0,0,0,0,0.36262521147727966
data/raw/osu_lora/Diff_Days_Indoor_Setup/Day5/Device22/IQ_1.dat,33,2587167,20,20,1,test,diff_days_indoor,5,0,0,0,0,0,0.5039184093475342
data/raw/osu_lora/Diff_Days_Indoor_Setup/Day5/Device22/IQ_1.dat,34,2665566,20,8,0,test,diff_days_indoor,5,0,0,0,0,0,0.31859898567199707
data/raw/osu_lora/Diff_Days_Indoor_Setup/Day5/Device22/IQ_1.dat,35,2743965,20,19,0,test,diff_days_indoor,5,0,0,0,0,0,0.18085725605487823
data/raw/osu_lora/Diff_Days_Indoor_Setup/Day5/Device22/IQ_1.dat,36,2822364,20,2,0,test,diff_days_indoor,5,0,0,0,0,0,0.24830594658851624
data/raw/osu_lora/Diff_Days_Indoor_Setup/Day5/Device22/IQ_1.dat,37,2900763,20,6,0,test,diff_days_indoor,5,0,0,0,0,0,0.2563936710357666
data/raw/osu_lora/Diff_Days_Indoor_Setup/Day5/Device22/IQ_1.dat,38,2979162,20,20,1,test,diff_days_indoor,5,0,0,0,0,0,0.40905144810676575
data/raw/osu_lora/Diff_Days_Indoor_Setup/Day5/Device22/IQ_1.dat,39,3057561,20,8,0,test,diff_days_indoor,5,0,0,0,0,0,0.3611942529678345
data/raw/osu_lora/Diff_Days_Indoor_Setup/Day5/Device22/IQ_1.dat,40,3135960,20,2,0,test,diff_days_indoor,5,0,0,0,0,0,0.3375489413738251
data/raw/osu_lora/Diff_Days_Indoor_Setup/Day5/Device22/IQ_1.dat,41,3214359,20,20,1,test,diff_days_indoor,5,0,0,0,0,0,0.4439515769481659
data/raw/osu_lora/Diff_Days_Indoor_Setup/Day5/Device22/IQ_1.dat,42,3292758,20,6,0,test,diff_days_indoor,5,0,0,0,0,0,0.411067932844162
data/raw/osu_lora/Diff_Days_Indoor_Setup/Day5/Device22/IQ_1.dat,43,3371157,20,6,0,test,diff_days_indoor,5,0,0,0,0,0,0.24577806890010834
data/raw/osu_lora/Diff_Days_Indoor_Setup/Day5/Device22/IQ_1.dat,44,3449556,20,8,0,test,diff_days_indoor,5,0,0,0,0,0,0.3877703547477722
data/raw/osu_lora/Diff_Days_Indoor_Setup/Day5/Device22/IQ_1.dat,45,3527955,20,8,0,test,diff_days_indoor,5,0,0,0,0,0,0.28832149505615234
data/raw/osu_lora/Diff_Days_Indoor_Setup/Day5/Device22/IQ_1.dat,46,3606354,20,8,0,test,diff_days_indoor,5,0,0,0,0,0,0.45353907346725464
data/raw/osu_lora/Diff_Days_Indoor_Setup/Day5/Device22/IQ_1.dat,47,3684753,20,6,0,test,diff_days_indoor,5,0,0,0,0,0,0.30822616815567017
data/raw/osu_lora/Diff_Days_Indoor_Setup/Day5/Device22/IQ_1.dat,48,3763152,20,20,1,test,diff_days_indoor,5,0,0,0,0,0,0.4174883961677551
data/raw/osu_lora/Diff_Days_Indoor_Setup/Day5/Device22/IQ_1.dat,49,3841551,20,8,0,test,diff_days_indoor,5,0,0,0,0,0,0.2289261519908905
data/raw/osu_lora/Diff_Days_Indoor_Setup/Day5/Device22/IQ_1.dat,50,3919950,20,20,1,test,diff_days_indoor,5,0,0,0,0,0,0.49721986055374146
data/raw/osu_lora/Diff_Days_Indoor_Setup/Day5/Device22/IQ_1.dat,51,3998349,20,6,0,test,diff_days_indoor,5,0,0,0,0,0,0.2945040166378021
data/raw/osu_lora/Diff_Days_Indoor_Setup/Day5/Device22/IQ_1.dat,52,4076748,20,8,0,test,diff_days_indoor,5,0,0,0,0,0,0.5392956137657166
data/raw/osu_lora/Diff_Days_Indoor_Setup/Day5/Device22/IQ_1.dat,53,4155147,20,23,0,test,diff_days_indoor,5,0,0,0,0,0,0.13080283999443054
data/raw/osu_lora/Diff_Days_Indoor_Setup/Day5/Device22/IQ_1.dat,54,4233546,20,15,0,test,diff_days_indoor,5,0,0,0,0,0,0.20126812160015106
data/raw/osu_lora/Diff_Days_Indoor_Setup/Day5/Device22/IQ_1.dat,55,4311945,20,5,0,test,diff_days_indoor,5,0,0,0,0,0,0.19050295650959015
data/raw/osu_lora/Diff_Days_Indoor_Setup/Day5/Device22/IQ_1.dat,56,4390344,20,3,0,test,diff_days_indoor,5,0,0,0,0,0,0.2767271101474762
data/raw/osu_lora/Diff_Days_Indoor_Setup/Day5/Device22/IQ_1.dat,57,4468743,20,8,0,test,diff_days_indoor,5,0,0,0,0,0,0.5131388306617737
data/raw/osu_lora/Diff_Days_Indoor_Setup/Day5/Device22/IQ_1.dat,58,4547142,20,8,0,test,diff_days_indoor,5,0,0,0,0,0,0.49944552779197693
data/raw/osu_lora/Diff_Days_Indoor_Setup/Day5/Device22/IQ_1.dat,59,4625541,20,20,1,test,diff_days_indoor,5,0,0,0,0,0,0.2549774944782257
data/raw/osu_lora/Diff_Days_Indoor_Setup/Day5/Device22/IQ_1.dat,60,4703940,20,20,1,test,diff_days_indoor,5,0,0,0,0,0,0.2951520085334778
data/raw/osu_lora/Diff_Days_Indoor_Setup/Day5/Device22/IQ_1.dat,61,4782339,20,20,1,test,diff_days_indoor,5,0,0,0,0,0,0.48038551211357117
data/raw/osu_lora/Diff_Days_Indoor_Setup/Day5/Device22/IQ_1.dat,62,4860738,20,20,1,test,diff_days_indoor,5,0,0,0,0,0,0.34448742866516113
data/raw/osu_lora/Diff_Days_Indoor_Setup/Day5/Device22/IQ_1.dat,63,4939137,20,8,0,test,diff_days_indoor,5,0,0,0,0,0,0.28971177339553833
data/raw/osu_lora/Diff_Days_Indoor_Setup/Day5/Device22/IQ_1.dat,64,5017536,20,6,0,test,diff_days_indoor,5,0,0,0,0,0,0.19531206786632538
data/raw/osu_lora/Diff_Days_Indoor_Setup/Day5/Device22/IQ_1.dat,65,5095935,20,23,0,test,diff_days_indoor,5,0,0,0,0,0,0.23086008429527283
data/raw/osu_lora/Diff_Days_Indoor_Setup/Day5/Device22/IQ_1.dat,66,5174334,20,20,1,test,diff_days_indoor,5,0,0,0,0,0,0.428810715675354
data/raw/osu_lora/Diff_Days_Indoor_Setup/Day5/Device22/IQ_1.dat,67,5252733,20,20,1,test,diff_days_indoor,5,0,0,0,0,0,0.3638014793395996
data/raw/osu_lora/Diff_Days_Indoor_Setup/Day5/Device22/IQ_1.dat,68,5331132,20,6,0,test,diff_days_indoor,5,0,0,0,0,0,0.2096126228570938
data/raw/osu_lora/Diff_Days_Indoor_Setup/Day5/Device22/IQ_1.dat,69,5409531,20,20,1,test,diff_days_indoor,5,0,0,0,0,0,0.42168208956718445
data/raw/osu_lora/Diff_Days_Indoor_Setup/Day5/Device22/IQ_1.dat,70,5487930,20,23,0,test,diff_days_indoor,5,0,0,0,0,0,0.27327480912208557
data/raw/osu_lora/Diff_Days_Indoor_Setup/Day5/Device22/IQ_1.dat,71,5566329,20,20,1,test,diff_days_indoor,5,0,0,0,0,0,0.3321302831172943
data/raw/osu_lora/Diff_Days_Indoor_Setup/Day5/Device22/IQ_1.dat,72,5644728,20,8,0,test,diff_days_indoor,5,0,0,0,0,0,0.4289645552635193
data/raw/osu_lora/Diff_Days_Indoor_Setup/Day5/Device22/IQ_1.dat,73,5723127,20,23,0,test,diff_days_indoor,5,0,0,0,0,0,0.11988998204469681
data/raw/osu_lora/Diff_Days_Indoor_Setup/Day5/Device22/IQ_1.dat,74,5801526,20,20,1,test,diff_days_indoor,5,0,0,0,0,0,0.39802950620651245
data/raw/osu_lora/Diff_Days_Indoor_Setup/Day5/Device22/IQ_1.dat,75,5879925,20,7,0,test,diff_days_indoor,5,0,0,0,0,0,0.15733008086681366
data/raw/osu_lora/Diff_Days_Indoor_Setup/Day5/Device22/IQ_1.dat,76,5958324,20,23,0,test,diff_days_indoor,5,0,0,0,0,0,0.1969144493341446
data/raw/osu_lora/Diff_Days_Indoor_Setup/Day5/Device22/IQ_1.dat,77,6036723,20,6,0,test,diff_days_indoor,5,0,0,0,0,0,0.3940466642379761
data/raw/osu_lora/Diff_Days_Indoor_Setup/Day5/Device22/IQ_1.dat,78,6115122,20,8,0,test,diff_days_indoor,5,0,0,0,0,0,0.3007761538028717
data/raw/osu_lora/Diff_Days_Indoor_Setup/Day5/Device22/IQ_1.dat,79,6193521,20,20,1,test,diff_days_indoor,5,0,0,0,0,0,0.45509135723114014
data/raw/osu_lora/Diff_Days_Indoor_Setup/Day5/Device22/IQ_1.dat,80,6271920,20,15,0,test,diff_days_indoor,5,0,0,0,0,0,0.20731507241725922
data/raw/osu_lora/Diff_Days_Indoor_Setup/Day5/Device22/IQ_1.dat,81,6350319,20,20,1,test,diff_days_indoor,5,0,0,0,0,0,0.2019343078136444
data/raw/osu_lora/Diff_Days_Indoor_Setup/Day5/Device22/IQ_1.dat,82,6428718,20,8,0,test,diff_days_indoor,5,0,0,0,0,0,0.25947290658950806
data/raw/osu_lora/Diff_Days_Indoor_Setup/Day5/Device22/IQ_1.dat,83,6507117,20,8,0,test,diff_days_indoor,5,0,0,0,0,0,0.25224632024765015
data/raw/osu_lora/Diff_Days_Indoor_Setup/Day5/Device22/IQ_1.dat,84,6585516,20,20,1,test,diff_days_indoor,5,0,0,0,0,0,0.37161946296691895
data/raw/osu_lora/Diff_Days_Indoor_Setup/Day5/Device22/IQ_1.dat,85,6663915,20,6,0,test,diff_days_indoor,5,0,0,0,0,0,0.35193932056427
data/raw/osu_lora/Diff_Days_Indoor_Setup/Day5/Device22/IQ_1.dat,86,6742314,20,8,0,test,diff_days_indoor,5,0,0,0,0,0,0.2899876534938812
data/raw/osu_lora/Diff_Days_Indoor_Setup/Day5/Device22/IQ_1.dat,87,6820713,20,18,0,test,diff_days_indoor,5,0,0,0,0,0,0.1634531021118164
data/raw/osu_lora/Diff_Days_Indoor_Setup/Day5/Device22/IQ_1.dat,88,6899112,20,8,0,test,diff_days_indoor,5,0,0,0,0,0,0.49764326214790344
data/raw/osu_lora/Diff_Days_Indoor_Setup/Day5/Device22/IQ_1.dat,89,6977511,20,8,0,test,diff_days_indoor,5,0,0,0,0,0,0.3653384745121002
data/raw/osu_lora/Diff_Days_Indoor_Setup/Day5/Device22/IQ_1.dat,90,7055910,20,8,0,test,diff_days_indoor,5,0,0,0,0,0,0.42140886187553406
data/raw/osu_lora/Diff_Days_Indoor_Setup/Day5/Device22/IQ_1.dat,91,7134309,20,20,1,test,diff_days_indoor,5,0,0,0,0,0,0.4211847186088562
data/raw/osu_lora/Diff_Days_Indoor_Setup/Day5/Device22/IQ_1.dat,92,7212708,20,8,0,test,diff_days_indoor,5,0,0,0,0,0,0.5015332698822021
data/raw/osu_lora/Diff_Days_Indoor_Setup/Day5/Device22/IQ_1.dat,93,7291107,20,20,1,test,diff_days_indoor,5,0,0,0,0,0,0.2955295145511627
data/raw/osu_lora/Diff_Days_Indoor_Setup/Day5/Device22/IQ_1.dat,94,7369506,20,6,0,test,diff_days_indoor,5,0,0,0,0,0,0.3411448001861572
data/raw/osu_lora/Diff_Days_Indoor_Setup/Day5/Device22/IQ_1.dat,95,7447905,20,8,0,test,diff_days_indoor,5,0,0,0,0,0,0.43545418977737427
data/raw/osu_lora/Diff_Days_Indoor_Setup/Day5/Device22/IQ_1.dat,96,7526304,20,8,0,test,diff_days_indoor,5,0,0,0,0,0,0.27308714389801025
data/raw/osu_lora/Diff_Days_Indoor_Setup/Day5/Device22/IQ_1.dat,97,7604703,20,8,0,test,diff_days_indoor,5,0,0,0,0,0,0.4122634530067444
data/raw/osu_lora/Diff_Days_Indoor_Setup/Day5/Device22/IQ_1.dat,98,7683102,20,20,1,test,diff_days_indoor,5,0,0,0,0,0,0.4276670217514038
data/raw/osu_lora/Diff_Days_Indoor_Setup/Day5/Device22/IQ_1.dat,99,7761501,20,8,0,test,diff_days_indoor,5,0,0,0,0,0,0.29527145624160767
data/raw/osu_lora/Diff_Days_Indoor_Setup/Day5/Device22/IQ_1.dat,100,7839900,20,3,0,test,diff_days_indoor,5,0,0,0,0,0,0.2767672836780548
data/raw/osu_lora/Diff_Days_Indoor_Setup/Day5/Device22/IQ_1.dat,101,7918299,20,23,0,test,diff_days_indoor,5,0,0,0,0,0,0.28620675206184387
data/raw/osu_lora/Diff_Days_Indoor_Setup/Day5/Device22/IQ_1.dat,102,7996698,20,20,1,test,diff_days_indoor,5,0,0,0,0,0,0.4477989971637726
data/raw/osu_lora/Diff_Days_Indoor_Setup/Day5/Device22/IQ_1.dat,103,8075097,20,6,0,test,diff_days_indoor,5,0,0,0,0,0,0.28369951248168945
data/raw/osu_lora/Diff_Days_Indoor_Setup/Day5/Device22/IQ_1.dat,104,8153496,20,20,1,test,diff_days_indoor,5,0,0,0,0,0,0.41298457980155945
data/raw/osu_lora/Diff_Days_Indoor_Setup/Day5/Device22/IQ_1.dat,105,8231895,20,8,0,test,diff_days_indoor,5,0,0,0,0,0,0.26690325140953064
data/raw/osu_lora/Diff_Days_Indoor_Setup/Day5/Device22/IQ_1.dat,106,8310294,20,20,1,test,diff_days_indoor,5,0,0,0,0,0,0.33136895298957825
data/raw/osu_lora/Diff_Days_Indoor_Setup/Day5/Device22/IQ_1.dat,107,8388693,20,6,0,test,diff_days_indoor,5,0,0,0,0,0,0.20685958862304688
data/raw/osu_lora/Diff_Days_Indoor_Setup/Day5/Device22/IQ_1.dat,108,8467092,20,8,0,test,diff_days_indoor,5,0,0,0,0,0,0.2927909195423126
data/raw/osu_lora/Diff_Days_Indoor_Setup/Day5/Device22/IQ_1.dat,109,8545491,20,6,0,test,diff_days_indoor,5,0,0,0,0,0,0.28845396637916565
data/raw/osu_lora/Diff_Days_Indoor_Setup/Day5/Device22/IQ_1.dat,110,8623890,20,8,0,test,diff_days_indoor,5,0,0,0,0,0,0.4089338779449463
data/raw/osu_lora/Diff_Days_Indoor_Setup/Day5/Device22/IQ_1.dat,111,8702289,20,20,1,test,diff_days_indoor,5,0,0,0,0,0,0.23290064930915833
data/raw/osu_lora/Diff_Days_Indoor_Setup/Day5/Device22/IQ_1.dat,112,8780688,20,10,0,test,diff_days_indoor,5,0,0,0,0,0,0.4053356647491455
data/raw/osu_lora/Diff_Days_Indoor_Setup/Day5/Device22/IQ_1.dat,113,8859087,20,6,0,test,diff_days_indoor,5,0,0,0,0,0,0.2854935824871063
data/raw/osu_lora/Diff_Days_Indoor_Setup/Day5/Device22/IQ_1.dat,114,8937486,20,2,0,test,diff_days_indoor,5,0,0,0,0,0,0.3118247389793396
data/raw/osu_lora/Diff_Days_Indoor_Setup/Day5/Device22/IQ_1.dat,115,9015885,20,8,0,test,diff_days_indoor,5,0,0,0,0,0,0.4087198078632355
data/raw/osu_lora/Diff_Days_Indoor_Setup/Day5/Device22/IQ_1.dat,116,9094284,20,8,0,test,diff_days_indoor,5,0,0,0,0,0,0.5117790102958679
data/raw/osu_lora/Diff_Days_Indoor_Setup/Day5/Device22/IQ_1.dat,117,9172683,20,8,0,test,diff_days_indoor,5,0,0,0,0,0,0.45022469758987427
data/raw/osu_lora/Diff_Days_Indoor_Setup/Day5/Device22/IQ_1.dat,118,9251082,20,8,0,test,diff_days_indoor,5,0,0,0,0,0,0.40885093808174133
data/raw/osu_lora/Diff_Days_Indoor_Setup/Day5/Device22/IQ_1.dat,119,9329481,20,6,0,test,diff_days_indoor,5,0,0,0,0,0,0.6426597833633423
data/raw/osu_lora/Diff_Days_Indoor_Setup/Day5/Device22/IQ_1.dat,120,9407880,20,20,1,test,diff_days_indoor,5,0,0,0,0,0,0.43457475304603577
data/raw/osu_lora/Diff_Days_Indoor_Setup/Day5/Device22/IQ_1.dat,121,9486279,20,6,0,test,diff_days_indoor,5,0,0,0,0,0,0.13068372011184692
data/raw/osu_lora/Diff_Days_Indoor_Setup/Day5/Device22/IQ_1.dat,122,9564678,20,2,0,test,diff_days_indoor,5,0,0,0,0,0,0.4843730628490448
data/raw/osu_lora/Diff_Days_Indoor_Setup/Day5/Device22/IQ_1.dat,123,9643077,20,6,0,test,diff_days_indoor,5,0,0,0,0,0,0.33852148056030273
data/raw/osu_lora/Diff_Days_Indoor_Setup/Day5/Device22/IQ_1.dat,124,9721476,20,8,0,test,diff_days_indoor,5,0,0,0,0,0,0.4877808392047882
data/raw/osu_lora/Diff_Days_Indoor_Setup/Day5/Device22/IQ_1.dat,125,9799875,20,8,0,test,diff_days_indoor,5,0,0,0,0,0,0.4829334318637848
data/raw/osu_lora/Diff_Days_Indoor_Setup/Day5/Device22/IQ_1.dat,126,9878274,20,6,0,test,diff_days_indoor,5,0,0,0,0,0,0.5285283923149109
data/raw/osu_lora/Diff_Days_Indoor_Setup/Day5/Device22/IQ_1.dat,127,9956673,20,15,0,test,diff_days_indoor,5,0,0,0,0,0,0.21507321298122406
data/raw/osu_lora/Diff_Days_Indoor_Setup/Day5/Device22/IQ_1.dat,128,10035072,20,20,1,test,diff_days_indoor,5,0,0,0,0,0,0.4844973385334015
data/raw/osu_lora/Diff_Days_Indoor_Setup/Day5/Device22/IQ_1.dat,129,10113471,20,8,0,test,diff_days_indoor,5,0,0,0,0,0,0.49214497208595276
data/raw/osu_lora/Diff_Days_Indoor_Setup/Day5/Device22/IQ_1.dat,130,10191870,20,8,0,test,diff_days_indoor,5,0,0,0,0,0,0.3039519786834717
data/raw/osu_lora/Diff_Days_Indoor_Setup/Day5/Device22/IQ_1.dat,131,10270269,20,20,1,test,diff_days_indoor,5,0,0,0,0,0,0.44423624873161316
data/raw/osu_lora/Diff_Days_Indoor_Setup/Day5/Device22/IQ_1.dat,132,10348668,20,9,0,test,diff_days_indoor,5,0,0,0,0,0,0.0824621319770813
data/raw/osu_lora/Diff_Days_Indoor_Setup/Day5/Device22/IQ_1.dat,133,10427067,20,8,0,test,diff_days_indoor,5,0,0,0,0,0,0.1489250212907791
data/raw/osu_lora/Diff_Days_Indoor_Setup/Day5/Device22/IQ_1.dat,134,10505466,20,8,0,test,diff_days_indoor,5,0,0,0,0,0,0.3854537308216095
data/raw/osu_lora/Diff_Days_Indoor_Setup/Day5/Device22/IQ_1.dat,135,10583865,20,2,0,test,diff_days_indoor,5,0,0,0,0,0,0.32355618476867676
data/raw/osu_lora/Diff_Days_Indoor_Setup/Day5/Device22/IQ_1.dat,136,10662264,20,1,0,test,diff_days_indoor,5,0,0,0,0,0,0.47577545046806335
data/raw/osu_lora/Diff_Days_Indoor_Setup/Day5/Device22/IQ_1.dat,137,10740663,20,20,1,test,diff_days_indoor,5,0,0,0,0,0,0.47249865531921387
data/raw/osu_lora/Diff_Days_Indoor_Setup/Day5/Device22/IQ_1.dat,138,10819062,20,8,0,test,diff_days_indoor,5,0,0,0,0,0,0.4426499903202057
data/raw/osu_lora/Diff_Days_Indoor_Setup/Day5/Device22/IQ_1.dat,139,10897461,20,8,0,test,diff_days_indoor,5,0,0,0,0,0,0.46217411756515503
data/raw/osu_lora/Diff_Days_Indoor_Setup/Day5/Device22/IQ_1.dat,140,10975860,20,8,0,test,diff_days_indoor,5,0,0,0,0,0,0.35555583238601685
data/raw/osu_lora/Diff_Days_Indoor_Setup/Day5/Device22/IQ_1.dat,141,11054259,20,8,0,test,diff_days_indoor,5,0,0,0,0,0,0.2828795611858368
data/raw/osu_lora/Diff_Days_Indoor_Setup/Day5/Device22/IQ_1.dat,142,11132658,20,20,1,test,diff_days_indoor,5,0,0,0,0,0,0.4658532738685608
data/raw/osu_lora/Diff_Days_Indoor_Setup/Day5/Device22/IQ_1.dat,143,11211057,20,8,0,test,diff_days_indoor,5,0,0,0,0,0,0.39828959107398987
data/raw/osu_lora/Diff_Days_Indoor_Setup/Day5/Device22/IQ_1.dat,144,11289456,20,20,1,test,diff_days_indoor,5,0,0,0,0,0,0.36655449867248535
data/raw/osu_lora/Diff_Days_Indoor_Setup/Day5/Device22/IQ_1.dat,145,11367855,20,20,1,test,diff_days_indoor,5,0,0,0,0,0,0.46455320715904236
data/raw/osu_lora/Diff_Days_Indoor_Setup/Day5/Device22/IQ_1.dat,146,11446254,20,20,1,test,diff_days_indoor,5,0,0,0,0,0,0.447562038898468
data/raw/osu_lora/Diff_Days_Indoor_Setup/Day5/Device22/IQ_1.dat,147,11524653,20,8,0,test,diff_days_indoor,5,0,0,0,0,0,0.3829270601272583
data/raw/osu_lora/Diff_Days_Indoor_Setup/Day5/Device22/IQ_1.dat,148,11603052,20,21,0,test,diff_days_indoor,5,0,0,0,0,0,0.23986771702766418
data/raw/osu_lora/Diff_Days_Indoor_Setup/Day5/Device22/IQ_1.dat,149,11681451,20,2,0,test,diff_days_indoor,5,0,0,0,0,0,0.27495118975639343
data/raw/osu_lora/Diff_Days_Indoor_Setup/Day5/Device22/IQ_1.dat,150,11759850,20,10,0,test,diff_days_indoor,5,0,0,0,0,0,0.3003414273262024
data/raw/osu_lora/Diff_Days_Indoor_Setup/Day5/Device22/IQ_1.dat,151,11838249,20,20,1,test,diff_days_indoor,5,0,0,0,0,0,0.4600985050201416
data/raw/osu_lora/Diff_Days_Indoor_Setup/Day5/Device22/IQ_1.dat,152,11916648,20,8,0,test,diff_days_indoor,5,0,0,0,0,0,0.2919172942638397
data/raw/osu_lora/Diff_Days_Indoor_Setup/Day5/Device22/IQ_1.dat,153,11995047,20,20,1,test,diff_days_indoor,5,0,0,0,0,0,0.4917226731777191
data/raw/osu_lora/Diff_Days_Indoor_Setup/Day5/Device22/IQ_1.dat,154,12073446,20,8,0,test,diff_days_indoor,5,0,0,0,0,0,0.2154235541820526
data/raw/osu_lora/Diff_Days_Indoor_Setup/Day5/Device22/IQ_1.dat,155,12151845,20,8,0,test,diff_days_indoor,5,0,0,0,0,0,0.4283199608325958
data/raw/osu_lora/Diff_Days_Indoor_Setup/Day5/Device22/IQ_1.dat,156,12230244,20,6,0,test,diff_days_indoor,5,0,0,0,0,0,0.5282429456710815
data/raw/osu_lora/Diff_Days_Indoor_Setup/Day5/Device22/IQ_1.dat,157,12308643,20,20,1,test,diff_days_indoor,5,0,0,0,0,0,0.4514007568359375
data/raw/osu_lora/Diff_Days_Indoor_Setup/Day5/Device22/IQ_1.dat,158,12387042,20,20,1,test,diff_days_indoor,5,0,0,0,0,0,0.40556102991104126
data/raw/osu_lora/Diff_Days_Indoor_Setup/Day5/Device22/IQ_1.dat,159,12465441,20,6,0,test,diff_days_indoor,5,0,0,0,0,0,0.3978773057460785
data/raw/osu_lora/Diff_Days_Indoor_Setup/Day5/Device22/IQ_1.dat,160,12543840,20,8,0,test,diff_days_indoor,5,0,0,0,0,0,0.35035693645477295
data/raw/osu_lora/Diff_Days_Indoor_Setup/Day5/Device22/IQ_1.dat,161,12622239,20,20,1,test,diff_days_indoor,5,0,0,0,0,0,0.40599387884140015
data/raw/osu_lora/Diff_Days_Indoor_Setup/Day5/Device22/IQ_1.dat,162,12700638,20,23,0,test,diff_days_indoor,5,0,0,0,0,0,0.19329485297203064
data/raw/osu_lora/Diff_Days_Indoor_Setup/Day5/Device22/IQ_1.dat,163,12779037,20,20,1,test,diff_days_indoor,5,0,0,0,0,0,0.3642423450946808
data/raw/osu_lora/Diff_Days_Indoor_Setup/Day5/Device22/IQ_1.dat,164,12857436,20,20,1,test,diff_days_indoor,5,0,0,0,0,0,0.3879547715187073
data/raw/osu_lora/Diff_Days_Indoor_Setup/Day5/Device22/IQ_1.dat,165,12935835,20,8,0,test,diff_days_indoor,5,0,0,0,0,0,0.23548220098018646
data/raw/osu_lora/Diff_Days_Indoor_Setup/Day5/Device22/IQ_1.dat,166,13014234,20,8,0,test,diff_days_indoor,5,0,0,0,0,0,0.23579804599285126
data/raw/osu_lora/Diff_Days_Indoor_Setup/Day5/Device22/IQ_1.dat,167,13092633,20,6,0,test,diff_days_indoor,5,0,0,0,0,0,0.2262592762708664
data/raw/osu_lora/Diff_Days_Indoor_Setup/Day5/Device22/IQ_1.dat,168,13171032,20,15,0,test,diff_days_indoor,5,0,0,0,0,0,0.19859229028224945
data/raw/osu_lora/Diff_Days_Indoor_Setup/Day5/Device22/IQ_1.dat,169,13249431,20,8,0,test,diff_days_indoor,5,0,0,0,0,0,0.13336898386478424
data/raw/osu_lora/Diff_Days_Indoor_Setup/Day5/Device22/IQ_1.dat,170,13327830,20,20,1,test,diff_days_indoor,5,0,0,0,0,0,0.39769184589385986
data/raw/osu_lora/Diff_Days_Indoor_Setup/Day5/Device22/IQ_1.dat,171,13406229,20,8,0,test,diff_days_indoor,5,0,0,0,0,0,0.2959512770175934
data/raw/osu_lora/Diff_Days_Indoor_Setup/Day5/Device22/IQ_1.dat,172,13484628,20,8,0,test,diff_days_indoor,5,0,0,0,0,0,0.47430887818336487
data/raw/osu_lora/Diff_Days_Indoor_Setup/Day5/Device22/IQ_1.dat,173,13563027,20,5,0,test,diff_days_indoor,5,0,0,0,0,0,0.2631056308746338
data/raw/osu_lora/Diff_Days_Indoor_Setup/Day5/Device22/IQ_1.dat,174,13641426,20,20,1,test,diff_days_indoor,5,0,0,0,0,0,0.40786001086235046
data/raw/osu_lora/Diff_Days_Indoor_Setup/Day5/Device22/IQ_1.dat,175,13719825,20,9,0,test,diff_days_indoor,5,0,0,0,0,0,0.16157230734825134
data/raw/osu_lora/Diff_Days_Indoor_Setup/Day5/Device22/IQ_1.dat,176,13798224,20,6,0,test,diff_days_indoor,5,0,0,0,0,0,0.31486859917640686
data/raw/osu_lora/Diff_Days_Indoor_Setup/Day5/Device22/IQ_1.dat,177,13876623,20,8,0,test,diff_days_indoor,5,0,0,0,0,0,0.2765781581401825
data/raw/osu_lora/Diff_Days_Indoor_Setup/Day5/Device22/IQ_1.dat,178,13955022,20,20,1,test,diff_days_indoor,5,0,0,0,0,0,0.3581525981426239
data/raw/osu_lora/Diff_Days_Indoor_Setup/Day5/Device22/IQ_1.dat,179,14033421,20,8,0,test,diff_days_indoor,5,0,0,0,0,0,0.36763906478881836
data/raw/osu_lora/Diff_Days_Indoor_Setup/Day5/Device22/IQ_1.dat,180,14111820,20,8,0,test,diff_days_indoor,5,0,0,0,0,0,0.3924345076084137
data/raw/osu_lora/Diff_Days_Indoor_Setup/Day5/Device22/IQ_1.dat,181,14190219,20,8,0,test,diff_days_indoor,5,0,0,0,0,0,0.2732832431793213
data/raw/osu_lora/Diff_Days_Indoor_Setup/Day5/Device22/IQ_1.dat,182,14268618,20,6,0,test,diff_days_indoor,5,0,0,0,0,0,0.3573841452598572
data/raw/osu_lora/Diff_Days_Indoor_Setup/Day5/Device22/IQ_1.dat,183,14347017,20,20,1,test,diff_days_indoor,5,0,0,0,0,0,0.3668007254600525
data/raw/osu_lora/Diff_Days_Indoor_Setup/Day5/Device22/IQ_1.dat,184,14425416,20,3,0,test,diff_days_indoor,5,0,0,0,0,0,0.2744855284690857
data/raw/osu_lora/Diff_Days_Indoor_Setup/Day5/Device22/IQ_1.dat,185,14503815,20,20,1,test,diff_days_indoor,5,0,0,0,0,0,0.32664504647254944
data/raw/osu_lora/Diff_Days_Indoor_Setup/Day5/Device22/IQ_1.dat,186,14582214,20,10,0,test,diff_days_indoor,5,0,0,0,0,0,0.302845299243927
data/raw/osu_lora/Diff_Days_Indoor_Setup/Day5/Device22/IQ_1.dat,187,14660613,20,20,1,test,diff_days_indoor,5,0,0,0,0,0,0.35068362951278687
data/raw/osu_lora/Diff_Days_Indoor_Setup/Day5/Device22/IQ_1.dat,188,14739012,20,8,0,test,diff_days_indoor,5,0,0,0,0,0,0.3436638414859772
data/raw/osu_lora/Diff_Days_Indoor_Setup/Day5/Device22/IQ_1.dat,189,14817411,20,20,1,test,diff_days_indoor,5,0,0,0,0,0,0.2797776758670807
data/raw/osu_lora/Diff_Days_Indoor_Setup/Day5/Device22/IQ_1.dat,190,14895810,20,2,0,test,diff_days_indoor,5,0,0,0,0,0,0.2825867831707001
data/raw/osu_lora/Diff_Days_Indoor_Setup/Day5/Device22/IQ_1.dat,191,14974209,20,8,0,test,diff_days_indoor,5,0,0,0,0,0,0.5264878273010254
data/raw/osu_lora/Diff_Days_Indoor_Setup/Day5/Device22/IQ_1.dat,192,15052608,20,8,0,test,diff_days_indoor,5,0,0,0,0,0,0.4584115743637085
data/raw/osu_lora/Diff_Days_Indoor_Setup/Day5/Device22/IQ_1.dat,193,15131007,20,20,1,test,diff_days_indoor,5,0,0,0,0,0,0.4473479092121124
data/raw/osu_lora/Diff_Days_Indoor_Setup/Day5/Device22/IQ_1.dat,194,15209406,20,20,1,test,diff_days_indoor,5,0,0,0,0,0,0.3629322350025177
data/raw/osu_lora/Diff_Days_Indoor_Setup/Day5/Device22/IQ_1.dat,195,15287805,20,7,0,test,diff_days_indoor,5,0,0,0,0,0,0.182358056306839
data/raw/osu_lora/Diff_Days_Indoor_Setup/Day5/Device22/IQ_1.dat,196,15366204,20,19,0,test,diff_days_indoor,5,0,0,0,0,0,0.21790024638175964
data/raw/osu_lora/Diff_Days_Indoor_Setup/Day5/Device22/IQ_1.dat,197,15444603,20,20,1,test,diff_days_indoor,5,0,0,0,0,0,0.3543512523174286
data/raw/osu_lora/Diff_Days_Indoor_Setup/Day5/Device22/IQ_1.dat,198,15523002,20,6,0,test,diff_days_indoor,5,0,0,0,0,0,0.30493178963661194
data/raw/osu_lora/Diff_Days_Indoor_Setup/Day5/Device22/IQ_1.dat,199,15601401,20,6,0,test,diff_days_indoor,5,0,0,0,0,0,0.38675805926322937
data/raw/osu_lora/Diff_Days_Indoor_Setup/Day5/Device22/IQ_1.dat,200,15679800,20,8,0,test,diff_days_indoor,5,0,0,0,0,0,0.4428667724132538
data/raw/osu_lora/Diff_Days_Indoor_Setup/Day5/Device22/IQ_1.dat,201,15758199,20,20,1,test,diff_days_indoor,5,0,0,0,0,0,0.3360935151576996
data/raw/osu_lora/Diff_Days_Indoor_Setup/Day5/Device22/IQ_1.dat,202,15836598,20,8,0,test,diff_days_indoor,5,0,0,0,0,0,0.2913961410522461
data/raw/osu_lora/Diff_Days_Indoor_Setup/Day5/Device22/IQ_1.dat,203,15914997,20,8,0,test,diff_days_indoor,5,0,0,0,0,0,0.4772473871707916
data/raw/osu_lora/Diff_Days_Indoor_Setup/Day5/Device22/IQ_1.dat,204,15993396,20,6,0,test,diff_days_indoor,5,0,0,0,0,0,0.49449223279953003
data/raw/osu_lora/Diff_Days_Indoor_Setup/Day5/Device22/IQ_1.dat,205,16071795,20,8,0,test,diff_days_indoor,5,0,0,0,0,0,0.34857964515686035
data/raw/osu_lora/Diff_Days_Indoor_Setup/Day5/Device22/IQ_1.dat,206,16150194,20,20,1,test,diff_days_indoor,5,0,0,0,0,0,0.4456939995288849
data/raw/osu_lora/Diff_Days_Indoor_Setup/Day5/Device22/IQ_1.dat,207,16228593,20,8,0,test,diff_days_indoor,5,0,0,0,0,0,0.2498764991760254
data/raw/osu_lora/Diff_Days_Indoor_Setup/Day5/Device22/IQ_1.dat,208,16306992,20,8,0,test,diff_days_indoor,5,0,0,0,0,0,0.25336581468582153
data/raw/osu_lora/Diff_Days_Indoor_Setup/Day5/Device22/IQ_1.dat,209,16385391,20,8,0,test,diff_days_indoor,5,0,0,0,0,0,0.4239673614501953
data/raw/osu_lora/Diff_Days_Indoor_Setup/Day5/Device22/IQ_1.dat,210,16463790,20,20,1,test,diff_days_indoor,5,0,0,0,0,0,0.37636598944664
data/raw/osu_lora/Diff_Days_Indoor_Setup/Day5/Device22/IQ_1.dat,211,16542189,20,23,0,test,diff_days_indoor,5,0,0,0,0,0,0.25156933069229126
data/raw/osu_lora/Diff_Days_Indoor_Setup/Day5/Device22/IQ_1.dat,212,16620588,20,8,0,test,diff_days_indoor,5,0,0,0,0,0,0.4174652099609375
data/raw/osu_lora/Diff_Days_Indoor_Setup/Day5/Device22/IQ_1.dat,213,16698987,20,20,1,test,diff_days_indoor,5,0,0,0,0,0,0.44365137815475464
data/raw/osu_lora/Diff_Days_Indoor_Setup/Day5/Device22/IQ_1.dat,214,16777386,20,20,1,test,diff_days_indoor,5,0,0,0,0,0,0.443779319524765
data/raw/osu_lora/Diff_Days_Indoor_Setup/Day5/Device22/IQ_1.dat,215,16855785,20,8,0,test,diff_days_indoor,5,0,0,0,0,0,0.49587351083755493
data/raw/osu_lora/Diff_Days_Indoor_Setup/Day5/Device22/IQ_1.dat,216,16934184,20,8,0,test,diff_days_indoor,5,0,0,0,0,0,0.23962919414043427
data/raw/osu_lora/Diff_Days_Indoor_Setup/Day5/Device22/IQ_1.dat,217,17012583,20,23,0,test,diff_days_indoor,5,0,0,0,0,0,0.1580033153295517
data/raw/osu_lora/Diff_Days_Indoor_Setup/Day5/Device22/IQ_1.dat,218,17090982,20,20,1,test,diff_days_indoor,5,0,0,0,0,0,0.4602894186973572
data/raw/osu_lora/Diff_Days_Indoor_Setup/Day5/Device22/IQ_1.dat,219,17169381,20,20,1,test,diff_days_indoor,5,0,0,0,0,0,0.4717307686805725
data/raw/osu_lora/Diff_Days_Indoor_Setup/Day5/Device22/IQ_1.dat,220,17247780,20,8,0,test,diff_days_indoor,5,0,0,0,0,0,0.5046916007995605
data/raw/osu_lora/Diff_Days_Indoor_Setup/Day5/Device22/IQ_1.dat,221,17326179,20,17,0,test,diff_days_indoor,5,0,0,0,0,0,0.2375919073820114
data/raw/osu_lora/Diff_Days_Indoor_Setup/Day5/Device22/IQ_1.dat,222,17404578,20,8,0,test,diff_days_indoor,5,0,0,0,0,0,0.4364285171031952
data/raw/osu_lora/Diff_Days_Indoor_Setup/Day5/Device22/IQ_1.dat,223,17482977,20,20,1,test,diff_days_indoor,5,0,0,0,0,0,0.3932190537452698
data/raw/osu_lora/Diff_Days_Indoor_Setup/Day5/Device22/IQ_1.dat,224,17561376,20,20,1,test,diff_days_indoor,5,0,0,0,0,0,0.4715658724308014
data/raw/osu_lora/Diff_Days_Indoor_Setup/Day5/Device22/IQ_1.dat,225,17639775,20,8,0,test,diff_days_indoor,5,0,0,0,0,0,0.4348037540912628
data/raw/osu_lora/Diff_Days_Indoor_Setup/Day5/Device22/IQ_1.dat,226,17718174,20,8,0,test,diff_days_indoor,5,0,0,0,0,0,0.46589353680610657
data/raw/osu_lora/Diff_Days_Indoor_Setup/Day5/Device22/IQ_1.dat,227,17796573,20,20,1,test,diff_days_indoor,5,0,0,0,0,0,0.5098096132278442
data/raw/osu_lora/Diff_Days_Indoor_Setup/Day5/Device22/IQ_1.dat,228,17874972,20,8,0,test,diff_days_indoor,5,0,0,0,0,0,0.31136322021484375
data/raw/osu_lora/Diff_Days_Indoor_Setup/Day5/Device22/IQ_1.dat,229,17953371,20,6,0,test,diff_days_indoor,5,0,0,0,0,0,0.33978286385536194
data/raw/osu_lora/Diff_Days_Indoor_Setup/Day5/Device22/IQ_1.dat,230,18031770,20,8,0,test,diff_days_indoor,5,0,0,0,0,0,0.45692676305770874
data/raw/osu_lora/Diff_Days_Indoor_Setup/Day5/Device22/IQ_1.dat,231,18110169,20,20,1,test,diff_days_indoor,5,0,0,0,0,0,0.44876304268836975
data/raw/osu_lora/Diff_Days_Indoor_Setup/Day5/Device22/IQ_1.dat,232,18188568,20,20,1,test,diff_days_indoor,5,0,0,0,0,0,0.25771641731262207
data/raw/osu_lora/Diff_Days_Indoor_Setup/Day5/Device22/IQ_1.dat,233,18266967,20,6,0,test,diff_days_indoor,5,0,0,0,0,0,0.4473316967487335
data/raw/osu_lora/Diff_Days_Indoor_Setup/Day5/Device22/IQ_1.dat,234,18345366,20,6,0,test,diff_days_indoor,5,0,0,0,0,0,0.6453883051872253
data/raw/osu_lora/Diff_Days_Indoor_Setup/Day5/Device22/IQ_1.dat,235,18423765,20,20,1,test,diff_days_indoor,5,0,0,0,0,0,0.3222815692424774
data/raw/osu_lora/Diff_Days_Indoor_Setup/Day5/Device22/IQ_1.dat,236,18502164,20,8,0,test,diff_days_indoor,5,0,0,0,0,0,0.3902835547924042
data/raw/osu_lora/Diff_Days_Indoor_Setup/Day5/Device22/IQ_1.dat,237,18580563,20,20,1,test,diff_days_indoor,5,0,0,0,0,0,0.28006142377853394
data/raw/osu_lora/Diff_Days_Indoor_Setup/Day5/Device22/IQ_1.dat,238,18658962,20,8,0,test,diff_days_indoor,5,0,0,0,0,0,0.2568112015724182
data/raw/osu_lora/Diff_Days_Indoor_Setup/Day5/Device22/IQ_1.dat,239,18737361,20,6,0,test,diff_days_indoor,5,0,0,0,0,0,0.4524545967578888
data/raw/osu_lora/Diff_Days_Indoor_Setup/Day5/Device22/IQ_1.dat,240,18815760,20,20,1,test,diff_days_indoor,5,0,0,0,0,0,0.4582722783088684
data/raw/osu_lora/Diff_Days_Indoor_Setup/Day5/Device22/IQ_1.dat,241,18894159,20,8,0,test,diff_days_indoor,5,0,0,0,0,0,0.4777226448059082
data/raw/osu_lora/Diff_Days_Indoor_Setup/Day5/Device22/IQ_1.dat,242,18972558,20,8,0,test,diff_days_indoor,5,0,0,0,0,0,0.2672196626663208
data/raw/osu_lora/Diff_Days_Indoor_Setup/Day5/Device22/IQ_1.dat,243,19050957,20,20,1,test,diff_days_indoor,5,0,0,0,0,0,0.3194724917411804
data/raw/osu_lora/Diff_Days_Indoor_Setup/Day5/Device22/IQ_1.dat,244,19129356,20,8,0,test,diff_days_indoor,5,0,0,0,0,0,0.41831374168395996
data/raw/osu_lora/Diff_Days_Indoor_Setup/Day5/Device22/IQ_1.dat,245,19207755,20,6,0,test,diff_days_indoor,5,0,0,0,0,0,0.287105530500412
data/raw/osu_lora/Diff_Days_Indoor_Setup/Day5/Device22/IQ_1.dat,246,19286154,20,21,0,test,diff_days_indoor,5,0,0,0,0,0,0.20670686662197113
data/raw/osu_lora/Diff_Days_Indoor_Setup/Day5/Device22/IQ_1.dat,247,19364553,20,22,0,test,diff_days_indoor,5,0,0,0,0,0,0.3156442642211914
data/raw/osu_lora/Diff_Days_Indoor_Setup/Day5/Device22/IQ_1.dat,248,19442952,20,8,0,test,diff_days_indoor,5,0,0,0,0,0,0.38258641958236694
data/raw/osu_lora/Diff_Days_Indoor_Setup/Day5/Device22/IQ_1.dat,249,19521351,20,8,0,test,diff_days_indoor,5,0,0,0,0,0,0.4379894733428955
data/raw/osu_lora/Diff_Days_Indoor_Setup/Day5/Device22/IQ_1.dat,250,19599750,20,8,0,test,diff_days_indoor,5,0,0,0,0,0,0.30563199520111084
data/raw/osu_lora/Diff_Days_Indoor_Setup/Day5/Device22/IQ_1.dat,251,19678149,20,8,0,test,diff_days_indoor,5,0,0,0,0,0,0.4284196197986603
data/raw/osu_lora/Diff_Days_Indoor_Setup/Day5/Device22/IQ_1.dat,252,19756548,20,9,0,test,diff_days_indoor,5,0,0,0,0,0,0.1211887001991272
data/raw/osu_lora/Diff_Days_Indoor_Setup/Day5/Device22/IQ_1.dat,253,19834947,20,8,0,test,diff_days_indoor,5,0,0,0,0,0,0.3255532383918762
data/raw/osu_lora/Diff_Days_Indoor_Setup/Day5/Device22/IQ_1.dat,254,19913346,20,20,1,test,diff_days_indoor,5,0,0,0,0,0,0.4813617765903473
data/raw/osu_lora/Diff_Days_Indoor_Setup/Day5/Device22/IQ_1.dat,255,19991745,20,6,0,test,diff_days_indoor,5,0,0,0,0,0,0.3507012724876404
data/raw/osu_lora/Diff_Days_Indoor_Setup/Day5/Device23/IQ_1.dat,0,0,21,13,0,test,diff_days_indoor,5,0,0,0,0,0,0.1340571641921997
data/raw/osu_lora/Diff_Days_Indoor_Setup/Day5/Device23/IQ_1.dat,1,78399,21,10,0,test,diff_days_indoor,5,0,0,0,0,0,0.4692092835903168
data/raw/osu_lora/Diff_Days_Indoor_Setup/Day5/Device23/IQ_1.dat,2,156798,21,18,0,test,diff_days_indoor,5,0,0,0,0,0,0.28531190752983093
data/raw/osu_lora/Diff_Days_Indoor_Setup/Day5/Device23/IQ_1.dat,3,235197,21,23,0,test,diff_days_indoor,5,0,0,0,0,0,0.2755127251148224
data/raw/osu_lora/Diff_Days_Indoor_Setup/Day5/Device23/IQ_1.dat,4,313596,21,21,1,test,diff_days_indoor,5,0,0,0,0,0,0.21677808463573456
data/raw/osu_lora/Diff_Days_Indoor_Setup/Day5/Device23/IQ_1.dat,5,391995,21,21,1,test,diff_days_indoor,5,0,0,0,0,0,0.2235908955335617
data/raw/osu_lora/Diff_Days_Indoor_Setup/Day5/Device23/IQ_1.dat,6,470394,21,13,0,test,diff_days_indoor,5,0,0,0,0,0,0.27579617500305176
data/raw/osu_lora/Diff_Days_Indoor_Setup/Day5/Device23/IQ_1.dat,7,548793,21,18,0,test,diff_days_indoor,5,0,0,0,0,0,0.23258358240127563
data/raw/osu_lora/Diff_Days_Indoor_Setup/Day5/Device23/IQ_1.dat,8,627192,21,9,0,test,diff_days_indoor,5,0,0,0,0,0,0.24162909388542175
data/raw/osu_lora/Diff_Days_Indoor_Setup/Day5/Device23/IQ_1.dat,9,705591,21,9,0,test,diff_days_indoor,5,0,0,0,0,0,0.20649279654026031
data/raw/osu_lora/Diff_Days_Indoor_Setup/Day5/Device23/IQ_1.dat,10,783990,21,11,0,test,diff_days_indoor,5,0,0,0,0,0,0.28348222374916077
data/raw/osu_lora/Diff_Days_Indoor_Setup/Day5/Device23/IQ_1.dat,11,862389,21,14,0,test,diff_days_indoor,5,0,0,0,0,0,0.4225023686885834
data/raw/osu_lora/Diff_Days_Indoor_Setup/Day5/Device23/IQ_1.dat,12,940788,21,17,0,test,diff_days_indoor,5,0,0,0,0,0,0.2578745484352112
data/raw/osu_lora/Diff_Days_Indoor_Setup/Day5/Device23/IQ_1.dat,13,1019187,21,10,0,test,diff_days_indoor,5,0,0,0,0,0,0.23206549882888794
data/raw/osu_lora/Diff_Days_Indoor_Setup/Day5/Device23/IQ_1.dat,14,1097586,21,13,0,test,diff_days_indoor,5,0,0,0,0,0,0.12623970210552216
data/raw/osu_lora/Diff_Days_Indoor_Setup/Day5/Device23/IQ_1.dat,15,1175985,21,21,1,test,diff_days_indoor,5,0,0,0,0,0,0.09487486630678177
data/raw/osu_lora/Diff_Days_Indoor_Setup/Day5/Device23/IQ_1.dat,16,1254384,21,5,0,test,diff_days_indoor,5,0,0,0,0,0,0.1838945597410202
data/raw/osu_lora/Diff_Days_Indoor_Setup/Day5/Device23/IQ_1.dat,17,1332783,21,10,0,test,diff_days_indoor,5,0,0,0,0,0,0.5075836181640625
data/raw/osu_lora/Diff_Days_Indoor_Setup/Day5/Device23/IQ_1.dat,18,1411182,21,21,1,test,diff_days_indoor,5,0,0,0,0,0,0.37395280599594116
data/raw/osu_lora/Diff_Days_Indoor_Setup/Day5/Device23/IQ_1.dat,19,1489581,21,21,1,test,diff_days_indoor,5,0,0,0,0,0,0.16233305633068085
data/raw/osu_lora/Diff_Days_Indoor_Setup/Day5/Device23/IQ_1.dat,20,1567980,21,9,0,test,diff_days_indoor,5,0,0,0,0,0,0.17203117907047272
data/raw/osu_lora/Diff_Days_Indoor_Setup/Day5/Device23/IQ_1.dat,21,1646379,21,17,0,test,diff_days_indoor,5,0,0,0,0,0,0.2448142170906067
data/raw/osu_lora/Diff_Days_Indoor_Setup/Day5/Device23/IQ_1.dat,22,1724778,21,10,0,test,diff_days_indoor,5,0,0,0,0,0,0.43769571185112
data/raw/osu_lora/Diff_Days_Indoor_Setup/Day5/Device23/IQ_1.dat,23,1803177,21,10,0,test,diff_days_indoor,5,0,0,0,0,0,0.5475313663482666
data/raw/osu_lora/Diff_Days_Indoor_Setup/Day5/Device23/IQ_1.dat,24,1881576,21,13,0,test,diff_days_indoor,5,0,0,0,0,0,0.09615104645490646
data/raw/osu_lora/Diff_Days_Indoor_Setup/Day5/Device23/IQ_1.dat,25,1959975,21,17,0,test,diff_days_indoor,5,0,0,0,0,0,0.13839036226272583
data/raw/osu_lora/Diff_Days_Indoor_Setup/Day5/Device23/IQ_1.dat,26,2038374,21,10,0,test,diff_days_indoor,5,0,0,0,0,0,0.236073836684227
data/raw/osu_lora/Diff_Days_Indoor_Setup/Day5/Device23/IQ_1.dat,27,2116773,21,10,0,test,diff_days_indoor,5,0,0,0,0,0,0.277929425239563
data/raw/osu_lora/Diff_Days_Indoor_Setup/Day5/Device23/IQ_1.dat,28,2195172,21,21,1,test,diff_days_indoor,5,0,0,0,0,0,0.2583957612514496
data/raw/osu_lora/Diff_Days_Indoor_Setup/Day5/Device23/IQ_1.dat,29,2273571,21,21,1,test,diff_days_indoor,5,0,0,0,0,0,0.25481054186820984
data/raw/osu_lora/Diff_Days_Indoor_Setup/Day5/Device23/IQ_1.dat,30,2351970,21,10,0,test,diff_days_indoor,5,0,0,0,0,0,0.33240625262260437
data/raw/osu_lora/Diff_Days_Indoor_Setup/Day5/Device23/IQ_1.dat,31,2430369,21,21,1,test,diff_days_indoor,5,0,0,0,0,0,0.40361934900283813
data/raw/osu_lora/Diff_Days_Indoor_Setup/Day5/Device23/IQ_1.dat,32,2508768,21,4,0,test,diff_days_indoor,5,0,0,0,0,0,0.216688871383667
data/raw/osu_lora/Diff_Days_Indoor_Setup/Day5/Device23/IQ_1.dat,33,2587167,21,18,0,test,diff_days_indoor,5,0,0,0,0,0,0.2529473602771759
data/raw/osu_lora/Diff_Days_Indoor_Setup/Day5/Device23/IQ_1.dat,34,2665566,21,21,1,test,diff_days_indoor,5,0,0,0,0,0,0.35250937938690186
data/raw/osu_lora/Diff_Days_Indoor_Setup/Day5/Device23/IQ_1.dat,35,2743965,21,9,0,test,diff_days_indoor,5,0,0,0,0,0,0.268809974193573
data/raw/osu_lora/Diff_Days_Indoor_Setup/Day5/Device23/IQ_1.dat,36,2822364,21,8,0,test,diff_days_indoor,5,0,0,0,0,0,0.6025527715682983
data/raw/osu_lora/Diff_Days_Indoor_Setup/Day5/Device23/IQ_1.dat,37,2900763,21,14,0,test,diff_days_indoor,5,0,0,0,0,0,0.3679687976837158
data/raw/osu_lora/Diff_Days_Indoor_Setup/Day5/Device23/IQ_1.dat,38,2979162,21,10,0,test,diff_days_indoor,5,0,0,0,0,0,0.5985719561576843
data/raw/osu_lora/Diff_Days_Indoor_Setup/Day5/Device23/IQ_1.dat,39,3057561,21,21,1,test,diff_days_indoor,5,0,0,0,0,0,0.3017367720603943
data/raw/osu_lora/Diff_Days_Indoor_Setup/Day5/Device23/IQ_1.dat,40,3135960,21,10,0,test,diff_days_indoor,5,0,0,0,0,0,0.6574566960334778
data/raw/osu_lora/Diff_Days_Indoor_Setup/Day5/Device23/IQ_1.dat,41,3214359,21,10,0,test,diff_days_indoor,5,0,0,0,0,0,0.6733217835426331
data/raw/osu_lora/Diff_Days_Indoor_Setup/Day5/Device23/IQ_1.dat,42,3292758,21,16,0,test,diff_days_indoor,5,0,0,0,0,0,0.21164900064468384
data/raw/osu_lora/Diff_Days_Indoor_Setup/Day5/Device23/IQ_1.dat,43,3371157,21,13,0,test,diff_days_indoor,5,0,0,0,0,0,0.14611604809761047
data/raw/osu_lora/Diff_Days_Indoor_Setup/Day5/Device23/IQ_1.dat,44,3449556,21,8,0,test,diff_days_indoor,5,0,0,0,0,0,0.18166899681091309
data/raw/osu_lora/Diff_Days_Indoor_Setup/Day5/Device23/IQ_1.dat,45,3527955,21,10,0,test,diff_days_indoor,5,0,0,0,0,0,0.21785271167755127
data/raw/osu_lora/Diff_Days_Indoor_Setup/Day5/Device23/IQ_1.dat,46,3606354,21,10,0,test,diff_days_indoor,5,0,0,0,0,0,0.48096397519111633
data/raw/osu_lora/Diff_Days_Indoor_Setup/Day5/Device23/IQ_1.dat,47,3684753,21,14,0,test,diff_days_indoor,5,0,0,0,0,0,0.2398737370967865
data/raw/osu_lora/Diff_Days_Indoor_Setup/Day5/Device23/IQ_1.dat,48,3763152,21,10,0,test,diff_days_indoor,5,0,0,0,0,0,0.2714451253414154
data/raw/osu_lora/Diff_Days_Indoor_Setup/Day5/Device23/IQ_1.dat,49,3841551,21,13,0,test,diff_days_indoor,5,0,0,0,0,0,0.16223517060279846
data/raw/osu_lora/Diff_Days_Indoor_Setup/Day5/Device23/IQ_1.dat,50,3919950,21,10,0,test,diff_days_indoor,5,0,0,0,0,0,0.5043800473213196
data/raw/osu_lora/Diff_Days_Indoor_Setup/Day5/Device23/IQ_1.dat,51,3998349,21,14,0,test,diff_days_indoor,5,0,0,0,0,0,0.15234212577342987
data/raw/osu_lora/Diff_Days_Indoor_Setup/Day5/Device23/IQ_1.dat,52,4076748,21,22,0,test,diff_days_indoor,5,0,0,0,0,0,0.5419897437095642
data/raw/osu_lora/Diff_Days_Indoor_Setup/Day5/Device23/IQ_1.dat,53,4155147,21,10,0,test,diff_days_indoor,5,0,0,0,0,0,0.27716225385665894
data/raw/osu_lora/Diff_Days_Indoor_Setup/Day5/Device23/IQ_1.dat,54,4233546,21,18,0,test,diff_days_indoor,5,0,0,0,0,0,0.35295963287353516
data/raw/osu_lora/Diff_Days_Indoor_Setup/Day5/Device23/IQ_1.dat,55,4311945,21,9,0,test,diff_days_indoor,5,0,0,0,0,0,0.3270091712474823
data/raw/osu_lora/Diff_Days_Indoor_Setup/Day5/Device23/IQ_1.dat,56,4390344,21,18,0,test,diff_days_indoor,5,0,0,0,0,0,0.273534893989563
data/raw/osu_lora/Diff_Days_Indoor_Setup/Day5/Device23/IQ_1.dat,57,4468743,21,11,0,test,diff_days_indoor,5,0,0,0,0,0,0.30331820249557495
data/raw/osu_lora/Diff_Days_Indoor_Setup/Day5/Device23/IQ_1.dat,58,4547142,21,4,0,test,diff_days_indoor,5,0,0,0,0,0,0.3000061810016632
data/raw/osu_lora/Diff_Days_Indoor_Setup/Day5/Device23/IQ_1.dat,59,4625541,21,21,1,test,diff_days_indoor,5,0,0,0,0,0,0.1469280868768692
data/raw/osu_lora/Diff_Days_Indoor_Setup/Day5/Device23/IQ_1.dat,60,4703940,21,10,0,test,diff_days_indoor,5,0,0,0,0,0,0.42269060015678406
data/raw/osu_lora/Diff_Days_Indoor_Setup/Day5/Device23/IQ_1.dat,61,4782339,21,21,1,test,diff_days_indoor,5,0,0,0,0,0,0.24724943935871124
data/raw/osu_lora/Diff_Days_Indoor_Setup/Day5/Device23/IQ_1.dat,62,4860738,21,11,0,test,diff_days_indoor,5,0,0,0,0,0,0.09266979247331619
data/raw/osu_lora/Diff_Days_Indoor_Setup/Day5/Device23/IQ_1.dat,63,4939137,21,10,0,test,diff_days_indoor,5,0,0,0,0,0,0.22223706543445587
data/raw/osu_lora/Diff_Days_Indoor_Setup/Day5/Device23/IQ_1.dat,64,5017536,21,12,0,test,diff_days_indoor,5,0,0,0,0,0,0.20982569456100464
data/raw/osu_lora/Diff_Days_Indoor_Setup/Day5/Device23/IQ_1.dat,65,5095935,21,18,0,test,diff_days_indoor,5,0,0,0,0,0,0.30975183844566345
data/raw/osu_lora/Diff_Days_Indoor_Setup/Day5/Device23/IQ_1.dat,66,5174334,21,10,0,test,diff_days_indoor,5,0,0,0,0,0,0.3094751238822937
data/raw/osu_lora/Diff_Days_Indoor_Setup/Day5/Device23/IQ_1.dat,67,5252733,21,10,0,test,diff_days_indoor,5,0,0,0,0,0,0.4124629497528076
data/raw/osu_lora/Diff_Days_Indoor_Setup/Day5/Device23/IQ_1.dat,68,5331132,21,9,0,test,diff_days_indoor,5,0,0,0,0,0,0.18123041093349457
data/raw/osu_lora/Diff_Days_Indoor_Setup/Day5/Device23/IQ_1.dat,69,5409531,21,21,1,test,diff_days_indoor,5,0,0,0,0,0,0.30328086018562317
data/raw/osu_lora/Diff_Days_Indoor_Setup/Day5/Device23/IQ_1.dat,70,5487930,21,14,0,test,diff_days_indoor,5,0,0,0,0,0,0.16568686068058014
data/raw/osu_lora/Diff_Days_Indoor_Setup/Day5/Device23/IQ_1.dat,71,5566329,21,5,0,test,diff_days_indoor,5,0,0,0,0,0,0.2528078258037567
data/raw/osu_lora/Diff_Days_Indoor_Setup/Day5/Device23/IQ_1.dat,72,5644728,21,10,0,test,diff_days_indoor,5,0,0,0,0,0,0.43425875902175903
data/raw/osu_lora/Diff_Days_Indoor_Setup/Day5/Device23/IQ_1.dat,73,5723127,21,21,1,test,diff_days_indoor,5,0,0,0,0,0,0.20018380880355835
data/raw/osu_lora/Diff_Days_Indoor_Setup/Day5/Device23/IQ_1.dat,74,5801526,21,21,1,test,diff_days_indoor,5,0,0,0,0,0,0.28698545694351196
data/raw/osu_lora/Diff_Days_Indoor_Setup/Day5/Device23/IQ_1.dat,75,5879925,21,21,1,test,diff_days_indoor,5,0,0,0,0,0,0.29290127754211426
data/raw/osu_lora/Diff_Days_Indoor_Setup/Day5/Device23/IQ_1.dat,76,5958324,21,21,1,test,diff_days_indoor,5,0,0,0,0,0,0.41969412565231323
data/raw/osu_lora/Diff_Days_Indoor_Setup/Day5/Device23/IQ_1.dat,77,6036723,21,10,0,test,diff_days_indoor,5,0,0,0,0,0,0.43549221754074097
data/raw/osu_lora/Diff_Days_Indoor_Setup/Day5/Device23/IQ_1.dat,78,6115122,21,4,0,test,diff_days_indoor,5,0,0,0,0,0,0.3519063889980316
data/raw/osu_lora/Diff_Days_Indoor_Setup/Day5/Device23/IQ_1.dat,79,6193521,21,18,0,test,diff_days_indoor,5,0,0,0,0,0,0.32564643025398254
data/raw/osu_lora/Diff_Days_Indoor_Setup/Day5/Device23/IQ_1.dat,80,6271920,21,10,0,test,diff_days_indoor,5,0,0,0,0,0,0.4633209705352783
data/raw/osu_lora/Diff_Days_Indoor_Setup/Day5/Device23/IQ_1.dat,81,6350319,21,18,0,test,diff_days_indoor,5,0,0,0,0,0,0.39118364453315735
data/raw/osu_lora/Diff_Days_Indoor_Setup/Day5/Device23/IQ_1.dat,82,6428718,21,9,0,test,diff_days_indoor,5,0,0,0,0,0,0.35005122423171997
data/raw/osu_lora/Diff_Days_Indoor_Setup/Day5/Device23/IQ_1.dat,83,6507117,21,21,1,test,diff_days_indoor,5,0,0,0,0,0,0.3679749071598053
data/raw/osu_lora/Diff_Days_Indoor_Setup/Day5/Device23/IQ_1.dat,84,6585516,21,14,0,test,diff_days_indoor,5,0,0,0,0,0,0.22271642088890076
data/raw/osu_lora/Diff_Days_Indoor_Setup/Day5/Device23/IQ_1.dat,85,6663915,21,11,0,test,diff_days_indoor,5,0,0,0,0,0,0.2522902488708496
data/raw/osu_lora/Diff_Days_Indoor_Setup/Day5/Device23/IQ_1.dat,86,6742314,21,10,0,test,diff_days_indoor,5,0,0,0,0,0,0.27971121668815613
data/raw/osu_lora/Diff_Days_Indoor_Setup/Day5/Device23/IQ_1.dat,87,6820713,21,17,0,test,diff_days_indoor,5,0,0,0,0,0,0.1425221711397171
data/raw/osu_lora/Diff_Days_Indoor_Setup/Day5/Device23/IQ_1.dat,88,6899112,21,21,1,test,diff_days_indoor,5,0,0,0,0,0,0.3236177861690521
data/raw/osu_lora/Diff_Days_Indoor_Setup/Day5/Device23/IQ_1.dat,89,6977511,21,6,0,test,diff_days_indoor,5,0,0,0,0,0,0.16714999079704285
data/raw/osu_lora/Diff_Days_Indoor_Setup/Day5/Device23/IQ_1.dat,90,7055910,21,5,0,test,diff_days_indoor,5,0,0,0,0,0,0.2977195382118225
data/raw/osu_lora/Diff_Days_Indoor_Setup/Day5/Device23/IQ_1.dat,91,7134309,21,10,0,test,diff_days_indoor,5,0,0,0,0,0,0.529620349407196
data/raw/osu_lora/Diff_Days_Indoor_Setup/Day5/Device23/IQ_1.dat,92,7212708,21,10,0,test,diff_days_indoor,5,0,0,0,0,0,0.4281292259693146
data/raw/osu_lora/Diff_Days_Indoor_Setup/Day5/Device23/IQ_1.dat,93,7291107,21,10,0,test,diff_days_indoor,5,0,0,0,0,0,0.5213279724121094
data/raw/osu_lora/Diff_Days_Indoor_Setup/Day5/Device23/IQ_1.dat,94,7369506,21,18,0,test,diff_days_indoor,5,0,0,0,0,0,0.29331108927726746
data/raw/osu_lora/Diff_Days_Indoor_Setup/Day5/Device23/IQ_1.dat,95,7447905,21,10,0,test,diff_days_indoor,5,0,0,0,0,0,0.4479213356971741
data/raw/osu_lora/Diff_Days_Indoor_Setup/Day5/Device23/IQ_1.dat,96,7526304,21,10,0,test,diff_days_indoor,5,0,0,0,0,0,0.25830087065696716
data/raw/osu_lora/Diff_Days_Indoor_Setup/Day5/Device23/IQ_1.dat,97,7604703,21,9,0,test,diff_days_indoor,5,0,0,0,0,0,0.32326576113700867
data/raw/osu_lora/Diff_Days_Indoor_Setup/Day5/Device23/IQ_1.dat,98,7683102,21,21,1,test,diff_days_indoor,5,0,0,0,0,0,0.2529982924461365
data/raw/osu_lora/Diff_Days_Indoor_Setup/Day5/Device23/IQ_1.dat,99,7761501,21,10,0,test,diff_days_indoor,5,0,0,0,0,0,0.46986132860183716
data/raw/osu_lora/Diff_Days_Indoor_Setup/Day5/Device23/IQ_1.dat,100,7839900,21,18,0,test,diff_days_indoor,5,0,0,0,0,0,0.2509419918060303
data/raw/osu_lora/Diff_Days_Indoor_Setup/Day5/Device23/IQ_1.dat,101,7918299,21,10,0,test,diff_days_indoor,5,0,0,0,0,0,0.4472832679748535
data/raw/osu_lora/Diff_Days_Indoor_Setup/Day5/Device23/IQ_1.dat,102,7996698,21,12,0,test,diff_days_indoor,5,0,0,0,0,0,0.31924742460250854
data/raw/osu_lora/Diff_Days_Indoor_Setup/Day5/Device23/IQ_1.dat,103,8075097,21,10,0,test,diff_days_indoor,5,0,0,0,0,0,0.21321378648281097
data/raw/osu_lora/Diff_Days_Indoor_Setup/Day5/Device23/IQ_1.dat,104,8153496,21,10,0,test,diff_days_indoor,5,0,0,0,0,0,0.3005554676055908
data/raw/osu_lora/Diff_Days_Indoor_Setup/Day5/Device23/IQ_1.dat,105,8231895,21,10,0,test,diff_days_indoor,5,0,0,0,0,0,0.5084848999977112
data/raw/osu_lora/Diff_Days_Indoor_Setup/Day5/Device23/IQ_1.dat,106,8310294,21,14,0,test,diff_days_indoor,5,0,0,0,0,0,0.260675847530365
data/raw/osu_lora/Diff_Days_Indoor_Setup/Day5/Device23/IQ_1.dat,107,8388693,21,10,0,test,diff_days_indoor,5,0,0,0,0,0,0.5064657926559448
data/raw/osu_lora/Diff_Days_Indoor_Setup/Day5/Device23/IQ_1.dat,108,8467092,21,21,1,test,diff_days_indoor,5,0,0,0,0,0,0.2042187601327896
data/raw/osu_lora/Diff_Days_Indoor_Setup/Day5/Device23/IQ_1.dat,109,8545491,21,8,0,test,diff_days_indoor,5,0,0,0,0,0,0.3196203112602234
data/raw/osu_lora/Diff_Days_Indoor_Setup/Day5/Device23/IQ_1.dat,110,8623890,21,18,0,test,diff_days_indoor,5,0,0,0,0,0,0.3135911524295807
data/raw/osu_lora/Diff_Days_Indoor_Setup/Day5/Device23/IQ_1.dat,111,8702289,21,10,0,test,diff_days_indoor,5,0,0,0,0,0,0.37788668274879456
data/raw/osu_lora/Diff_Days_Indoor_Setup/Day5/Device23/IQ_1.dat,112,8780688,21,10,0,test,diff_days_indoor,5,0,0,0,0,0,0.22015462815761566
data/raw/osu_lora/Diff_Days_Indoor_Setup/Day5/Device23/IQ_1.dat,113,8859087,21,4,0,test,diff_days_indoor,5,0,0,0,0,0,0.41161659359931946
data/raw/osu_lora/Diff_Days_Indoor_Setup/Day5/Device23/IQ_1.dat,114,8937486,21,10,0,test,diff_days_indoor,5,0,0,0,0,0,0.37707236409187317
data/raw/osu_lora/Diff_Days_Indoor_Setup/Day5/Device23/IQ_1.dat,115,9015885,21,21,1,test,diff_days_indoor,5,0,0,0,0,0,0.20151033997535706
data/raw/osu_lora/Diff_Days_Indoor_Setup/Day5/Device23/IQ_1.dat,116,9094284,21,4,0,test,diff_days_indoor,5,0,0,0,0,0,0.3960719108581543
data/raw/osu_lora/Diff_Days_Indoor_Setup/Day5/Device23/IQ_1.dat,117,9172683,21,12,0,test,diff_days_indoor,5,0,0,0,0,0,0.2472488284111023
data/raw/osu_lora/Diff_Days_Indoor_Setup/Day5/Device23/IQ_1.dat,118,9251082,21,21,1,test,diff_days_indoor,5,0,0,0,0,0,0.3353193998336792
data/raw/osu_lora/Diff_Days_Indoor_Setup/Day5/Device23/IQ_1.dat,119,9329481,21,10,0,test,diff_days_indoor,5,0,0,0,0,0,0.33823615312576294
data/raw/osu_lora/Diff_Days_Indoor_Setup/Day5/Device23/IQ_1.dat,120,9407880,21,18,0,test,diff_days_indoor,5,0,0,0,0,0,0.25161659717559814
data/raw/osu_lora/Diff_Days_Indoor_Setup/Day5/Device23/IQ_1.dat,121,9486279,21,10,0,test,diff_days_indoor,5,0,0,0,0,0,0.49625974893569946
data/raw/osu_lora/Diff_Days_Indoor_Setup/Day5/Device23/IQ_1.dat,122,9564678,21,10,0,test,diff_days_indoor,5,0,0,0,0,0,0.3688770830631256
data/raw/osu_lora/Diff_Days_Indoor_Setup/Day5/Device23/IQ_1.dat,123,9643077,21,10,0,test,diff_days_indoor,5,0,0,0,0,0,0.23531761765480042
data/raw/osu_lora/Diff_Days_Indoor_Setup/Day5/Device23/IQ_1.dat,124,9721476,21,10,0,test,diff_days_indoor,5,0,0,0,0,0,0.4373592436313629
data/raw/osu_lora/Diff_Days_Indoor_Setup/Day5/Device23/IQ_1.dat,125,9799875,21,21,1,test,diff_days_indoor,5,0,0,0,0,0,0.3079530596733093
data/raw/osu_lora/Diff_Days_Indoor_Setup/Day5/Device23/IQ_1.dat,126,9878274,21,10,0,test,diff_days_indoor,5,0,0,0,0,0,0.3541915714740753
data/raw/osu_lora/Diff_Days_Indoor_Setup/Day5/Device23/IQ_1.dat,127,9956673,21,21,1,test,diff_days_indoor,5,0,0,0,0,0,0.28348326683044434
data/raw/osu_lora/Diff_Days_Indoor_Setup/Day5/Device23/IQ_1.dat,128,10035072,21,18,0,test,diff_days_indoor,5,0,0,0,0,0,0.33584892749786377
data/raw/osu_lora/Diff_Days_Indoor_Setup/Day5/Device23/IQ_1.dat,129,10113471,21,18,0,test,diff_days_indoor,5,0,0,0,0,0,0.3544297218322754
data/raw/osu_lora/Diff_Days_Indoor_Setup/Day5/Device23/IQ_1.dat,130,10191870,21,14,0,test,diff_days_indoor,5,0,0,0,0,0,0.24672766029834747
data/raw/osu_lora/Diff_Days_Indoor_Setup/Day5/Device23/IQ_1.dat,131,10270269,21,4,0,test,diff_days_indoor,5,0,0,0,0,0,0.4406042993068695
data/raw/osu_lora/Diff_Days_Indoor_Setup/Day5/Device23/IQ_1.dat,132,10348668,21,22,0,test,diff_days_indoor,5,0,0,0,0,0,0.23285774886608124
data/raw/osu_lora/Diff_Days_Indoor_Setup/Day5/Device23/IQ_1.dat,133,10427067,21,23,0,test,diff_days_indoor,5,0,0,0,0,0,0.326862633228302
data/raw/osu_lora/Diff_Days_Indoor_Setup/Day5/Device23/IQ_1.dat,134,10505466,21,21,1,test,diff_days_indoor,5,0,0,0,0,0,0.35765010118484497
data/raw/osu_lora/Diff_Days_Indoor_Setup/Day5/Device23/IQ_1.dat,135,10583865,21,9,0,test,diff_days_indoor,5,0,0,0,0,0,0.0831463560461998
data/raw/osu_lora/Diff_Days_Indoor_Setup/Day5/Device23/IQ_1.dat,136,10662264,21,21,1,test,diff_days_indoor,5,0,0,0,0,0,0.32981130480766296
data/raw/osu_lora/Diff_Days_Indoor_Setup/Day5/Device23/IQ_1.dat,137,10740663,21,12,0,test,diff_days_indoor,5,0,0,0,0,0,0.18846264481544495
data/raw/osu_lora/Diff_Days_Indoor_Setup/Day5/Device23/IQ_1.dat,138,10819062,21,8,0,test,diff_days_indoor,5,0,0,0,0,0,0.250522643327713
data/raw/osu_lora/Diff_Days_Indoor_Setup/Day5/Device23/IQ_1.dat,139,10897461,21,18,0,test,diff_days_indoor,5,0,0,0,0,0,0.26634734869003296
data/raw/osu_lora/Diff_Days_Indoor_Setup/Day5/Device23/IQ_1.dat,140,10975860,21,15,0,test,diff_days_indoor,5,0,0,0,0,0,0.1764424741268158
data/raw/osu_lora/Diff_Days_Indoor_Setup/Day5/Device23/IQ_1.dat,141,11054259,21,9,0,test,diff_days_indoor,5,0,0,0,0,0,0.3703633248806
data/raw/osu_lora/Diff_Days_Indoor_Setup/Day5/Device23/IQ_1.dat,142,11132658,21,21,1,test,diff_days_indoor,5,0,0,0,0,0,0.2858145833015442
data/raw/osu_lora/Diff_Days_Indoor_Setup/Day5/Device23/IQ_1.dat,143,11211057,21,21,1,test,diff_days_indoor,5,0,0,0,0,0,0.37600281834602356
data/raw/osu_lora/Diff_Days_Indoor_Setup/Day5/Device23/IQ_1.dat,144,11289456,21,22,0,test,diff_days_indoor,5,0,0,0,0,0,0.41160067915916443
data/raw/osu_lora/Diff_Days_Indoor_Setup/Day5/Device23/IQ_1.dat,145,11367855,21,18,0,test,diff_days_indoor,5,0,0,0,0,0,0.24582621455192566
data/raw/osu_lora/Diff_Days_Indoor_Setup/Day5/Device23/IQ_1.dat,146,11446254,21,22,0,test,diff_days_indoor,5,0,0,0,0,0,0.44941356778144836
data/raw/osu_lora/Diff_Days_Indoor_Setup/Day5/Device23/IQ_1.dat,147,11524653,21,10,0,test,diff_days_indoor,5,0,0,0,0,0,0.3878950774669647
data/raw/osu_lora/Diff_Days_Indoor_Setup/Day5/Device23/IQ_1.dat,148,11603052,21,18,0,test,diff_days_indoor,5,0,0,0,0,0,0.2780848443508148
data/raw/osu_lora/Diff_Days_Indoor_Setup/Day5/Device23/IQ_1.dat,149,11681451,21,21,1,test,diff_days_indoor,5,0,0,0,0,0,0.44181764125823975
data/raw/osu_lora/Diff_Days_Indoor_Setup/Day5/Device23/IQ_1.dat,150,11759850,21,21,1,test,diff_days_indoor,5,0,0,0,0,0,0.3345492482185364
data/raw/osu_lora/Diff_Days_Indoor_Setup/Day5/Device23/IQ_1.dat,151,11838249,21,18,0,test,diff_days_indoor,5,0,0,0,0,0,0.30798035860061646
data/raw/osu_lora/Diff_Days_Indoor_Setup/Day5/Device23/IQ_1.dat,152,11916648,21,10,0,test,diff_days_indoor,5,0,0,0,0,0,0.3760133981704712
data/raw/osu_lora/Diff_Days_Indoor_Setup/Day5/Device23/IQ_1.dat,153,11995047,21,19,0,test,diff_days_indoor,5,0,0,0,0,0,0.17261424660682678
data/raw/osu_lora/Diff_Days_Indoor_Setup/Day5/Device23/IQ_1.dat,154,12073446,21,5,0,test,diff_days_indoor,5,0,0,0,0,0,0.18189245462417603
data/raw/osu_lora/Diff_Days_Indoor_Setup/Day5/Device23/IQ_1.dat,155,12151845,21,9,0,test,diff_days_indoor,5,0,0,0,0,0,0.30378663539886475
data/raw/osu_lora/Diff_Days_Indoor_Setup/Day5/Device23/IQ_1.dat,156,12230244,21,10,0,test,diff_days_indoor,5,0,0,0,0,0,0.3228706121444702
data/raw/osu_lora/Diff_Days_Indoor_Setup/Day5/Device23/IQ_1.dat,157,12308643,21,22,0,test,diff_days_indoor,5,0,0,0,0,0,0.4257243573665619
data/raw/osu_lora/Diff_Days_Indoor_Setup/Day5/Device23/IQ_1.dat,158,12387042,21,21,1,test,diff_days_indoor,5,0,0,0,0,0,0.3223709166049957
data/raw/osu_lora/Diff_Days_Indoor_Setup/Day5/Device23/IQ_1.dat,159,12465441,21,21,1,test,diff_days_indoor,5,0,0,0,0,0,0.2743546664714813
data/raw/osu_lora/Diff_Days_Indoor_Setup/Day5/Device23/IQ_1.dat,160,12543840,21,21,1,test,diff_days_indoor,5,0,0,0,0,0,0.1784365028142929
data/raw/osu_lora/Diff_Days_Indoor_Setup/Day5/Device23/IQ_1.dat,161,12622239,21,4,0,test,diff_days_indoor,5,0,0,0,0,0,0.386898398399353
data/raw/osu_lora/Diff_Days_Indoor_Setup/Day5/Device23/IQ_1.dat,162,12700638,21,10,0,test,diff_days_indoor,5,0,0,0,0,0,0.4185851514339447
data/raw/osu_lora/Diff_Days_Indoor_Setup/Day5/Device23/IQ_1.dat,163,12779037,21,13,0,test,diff_days_indoor,5,0,0,0,0,0,0.1128867119550705
data/raw/osu_lora/Diff_Days_Indoor_Setup/Day5/Device23/IQ_1.dat,164,12857436,21,10,0,test,diff_days_indoor,5,0,0,0,0,0,0.5394496917724609
data/raw/osu_lora/Diff_Days_Indoor_Setup/Day5/Device23/IQ_1.dat,165,12935835,21,19,0,test,diff_days_indoor,5,0,0,0,0,0,0.23245945572853088
data/raw/osu_lora/Diff_Days_Indoor_Setup/Day5/Device23/IQ_1.dat,166,13014234,21,14,0,test,diff_days_indoor,5,0,0,0,0,0,0.2743898630142212
data/raw/osu_lora/Diff_Days_Indoor_Setup/Day5/Device23/IQ_1.dat,167,13092633,21,21,1,test,diff_days_indoor,5,0,0,0,0,0,0.24925051629543304
data/raw/osu_lora/Diff_Days_Indoor_Setup/Day5/Device23/IQ_1.dat,168,13171032,21,22,0,test,diff_days_indoor,5,0,0,0,0,0,0.14140020310878754
data/raw/osu_lora/Diff_Days_Indoor_Setup/Day5/Device23/IQ_1.dat,169,13249431,21,13,0,test,diff_days_indoor,5,0,0,0,0,0,0.15232765674591064
data/raw/osu_lora/Diff_Days_Indoor_Setup/Day5/Device23/IQ_1.dat,170,13327830,21,21,1,test,diff_days_indoor,5,0,0,0,0,0,0.2746133804321289
data/raw/osu_lora/Diff_Days_Indoor_Setup/Day5/Device23/IQ_1.dat,171,13406229,21,10,0,test,diff_days_indoor,5,0,0,0,0,0,0.584755539894104
data/raw/osu_lora/Diff_Days_Indoor_Setup/Day5/Device23/IQ_1.dat,172,13484628,21,14,0,test,diff_days_indoor,5,0,0,0,0,0,0.29476580023765564
data/raw/osu_lora/Diff_Days_Indoor_Setup/Day5/Device23/IQ_1.dat,173,13563027,21,10,0,test,diff_days_indoor,5,0,0,0,0,0,0.521979808807373
data/raw/osu_lora/Diff_Days_Indoor_Setup/Day5/Device23/IQ_1.dat,174,13641426,21,21,1,test,diff_days_indoor,5,0,0,0,0,0,0.36701372265815735
data/raw/osu_lora/Diff_Days_Indoor_Setup/Day5/Device23/IQ_1.dat,175,13719825,21,21,1,test,diff_days_indoor,5,0,0,0,0,0,0.34477904438972473
data/raw/osu_lora/Diff_Days_Indoor_Setup/Day5/Device23/IQ_1.dat,176,13798224,21,14,0,test,diff_days_indoor,5,0,0,0,0,0,0.19212107360363007
data/raw/osu_lora/Diff_Days_Indoor_Setup/Day5/Device23/IQ_1.dat,177,13876623,21,10,0,test,diff_days_indoor,5,0,0,0,0,0,0.3707875907421112
data/raw/osu_lora/Diff_Days_Indoor_Setup/Day5/Device23/IQ_1.dat,178,13955022,21,10,0,test,diff_days_indoor,5,0,0,0,0,0,0.3971441686153412
data/raw/osu_lora/Diff_Days_Indoor_Setup/Day5/Device23/IQ_1.dat,179,14033421,21,10,0,test,diff_days_indoor,5,0,0,0,0,0,0.4000891447067261
data/raw/osu_lora/Diff_Days_Indoor_Setup/Day5/Device23/IQ_1.dat,180,14111820,21,10,0,test,diff_days_indoor,5,0,0,0,0,0,0.2993362545967102
data/raw/osu_lora/Diff_Days_Indoor_Setup/Day5/Device23/IQ_1.dat,181,14190219,21,21,1,test,diff_days_indoor,5,0,0,0,0,0,0.35508406162261963
data/raw/osu_lora/Diff_Days_Indoor_Setup/Day5/Device23/IQ_1.dat,182,14268618,21,9,0,test,diff_days_indoor,5,0,0,0,0,0,0.1607178896665573
data/raw/osu_lora/Diff_Days_Indoor_Setup/Day5/Device23/IQ_1.dat,183,14347017,21,23,0,test,diff_days_indoor,5,0,0,0,0,0,0.3498537242412567
data/raw/osu_lora/Diff_Days_Indoor_Setup/Day5/Device23/IQ_1.dat,184,14425416,21,4,0,test,diff_days_indoor,5,0,0,0,0,0,0.21950504183769226
data/raw/osu_lora/Diff_Days_Indoor_Setup/Day5/Device23/IQ_1.dat,185,14503815,21,14,0,test,diff_days_indoor,5,0,0,0,0,0,0.21816971898078918
data/raw/osu_lora/Diff_Days_Indoor_Setup/Day5/Device23/IQ_1.dat,186,14582214,21,4,0,test,diff_days_indoor,5,0,0,0,0,0,0.5588601231575012
data/raw/osu_lora/Diff_Days_Indoor_Setup/Day5/Device23/IQ_1.dat,187,14660613,21,21,1,test,diff_days_indoor,5,0,0,0,0,0,0.33560076355934143
data/raw/osu_lora/Diff_Days_Indoor_Setup/Day5/Device23/IQ_1.dat,188,14739012,21,22,0,test,diff_days_indoor,5,0,0,0,0,0,0.4690698981285095
data/raw/osu_lora/Diff_Days_Indoor_Setup/Day5/Device23/IQ_1.dat,189,14817411,21,18,0,test,diff_days_indoor,5,0,0,0,0,0,0.301367849111557
data/raw/osu_lora/Diff_Days_Indoor_Setup/Day5/Device23/IQ_1.dat,190,14895810,21,22,0,test,diff_days_indoor,5,0,0,0,0,0,0.20813387632369995
data/raw/osu_lora/Diff_Days_Indoor_Setup/Day5/Device23/IQ_1.dat,191,14974209,21,10,0,test,diff_days_indoor,5,0,0,0,0,0,0.5261362791061401
data/raw/osu_lora/Diff_Days_Indoor_Setup/Day5/Device23/IQ_1.dat,192,15052608,21,10,0,test,diff_days_indoor,5,0,0,0,0,0,0.5447859168052673
data/raw/osu_lora/Diff_Days_Indoor_Setup/Day5/Device23/IQ_1.dat,193,15131007,21,13,0,test,diff_days_indoor,5,0,0,0,0,0,0.20784537494182587
data/raw/osu_lora/Diff_Days_Indoor_Setup/Day5/Device23/IQ_1.dat,194,15209406,21,9,0,test,diff_days_indoor,5,0,0,0,0,0,0.18978624045848846
data/raw/osu_lora/Diff_Days_Indoor_Setup/Day5/Device23/IQ_1.dat,195,15287805,21,10,0,test,diff_days_indoor,5,0,0,0,0,0,0.5806267857551575
data/raw/osu_lora/Diff_Days_Indoor_Setup/Day5/Device23/IQ_1.dat,196,15366204,21,10,0,test,diff_days_indoor,5,0,0,0,0,0,0.5516687631607056
data/raw/osu_lora/Diff_Days_Indoor_Setup/Day5/Device23/IQ_1.dat,197,15444603,21,10,0,test,diff_days_indoor,5,0,0,0,0,0,0.612648606300354
data/raw/osu_lora/Diff_Days_Indoor_Setup/Day5/Device23/IQ_1.dat,198,15523002,21,21,1,test,diff_days_indoor,5,0,0,0,0,0,0.2316807359457016
data/raw/osu_lora/Diff_Days_Indoor_Setup/Day5/Device23/IQ_1.dat,199,15601401,21,17,0,test,diff_days_indoor,5,0,0,0,0,0,0.16351595520973206
data/raw/osu_lora/Diff_Days_Indoor_Setup/Day5/Device23/IQ_1.dat,200,15679800,21,12,0,test,diff_days_indoor,5,0,0,0,0,0,0.19791536033153534
data/raw/osu_lora/Diff_Days_Indoor_Setup/Day5/Device23/IQ_1.dat,201,15758199,21,18,0,test,diff_days_indoor,5,0,0,0,0,0,0.26662829518318176
data/raw/osu_lora/Diff_Days_Indoor_Setup/Day5/Device23/IQ_1.dat,202,15836598,21,18,0,test,diff_days_indoor,5,0,0,0,0,0,0.387469619512558
data/raw/osu_lora/Diff_Days_Indoor_Setup/Day5/Device23/IQ_1.dat,203,15914997,21,10,0,test,diff_days_indoor,5,0,0,0,0,0,0.40734735131263733
data/raw/osu_lora/Diff_Days_Indoor_Setup/Day5/Device23/IQ_1.dat,204,15993396,21,11,0,test,diff_days_indoor,5,0,0,0,0,0,0.11290790885686874
data/raw/osu_lora/Diff_Days_Indoor_Setup/Day5/Device23/IQ_1.dat,205,16071795,21,10,0,test,diff_days_indoor,5,0,0,0,0,0,0.48897290229797363
data/raw/osu_lora/Diff_Days_Indoor_Setup/Day5/Device23/IQ_1.dat,206,16150194,21,21,1,test,diff_days_indoor,5,0,0,0,0,0,0.1806393265724182
data/raw/osu_lora/Diff_Days_Indoor_Setup/Day5/Device23/IQ_1.dat,207,16228593,21,18,0,test,diff_days_indoor,5,0,0,0,0,0,0.2510536313056946
data/raw/osu_lora/Diff_Days_Indoor_Setup/Day5/Device23/IQ_1.dat,208,16306992,21,9,0,test,diff_days_indoor,5,0,0,0,0,0,0.19253775477409363
data/raw/osu_lora/Diff_Days_Indoor_Setup/Day5/Device23/IQ_1.dat,209,16385391,21,10,0,test,diff_days_indoor,5,0,0,0,0,0,0.5943710803985596
data/raw/osu_lora/Diff_Days_Indoor_Setup/Day5/Device23/IQ_1.dat,210,16463790,21,4,0,test,diff_days_indoor,5,0,0,0,0,0,0.29076093435287476
data/raw/osu_lora/Diff_Days_Indoor_Setup/Day5/Device23/IQ_1.dat,211,16542189,21,11,0,test,diff_days_indoor,5,0,0,0,0,0,0.4003620445728302
data/raw/osu_lora/Diff_Days_Indoor_Setup/Day5/Device23/IQ_1.dat,212,16620588,21,22,0,test,diff_days_indoor,5,0,0,0,0,0,0.19860544800758362
data/raw/osu_lora/Diff_Days_Indoor_Setup/Day5/Device23/IQ_1.dat,213,16698987,21,21,1,test,diff_days_indoor,5,0,0,0,0,0,0.4451126754283905
data/raw/osu_lora/Diff_Days_Indoor_Setup/Day5/Device23/IQ_1.dat,214,16777386,21,9,0,test,diff_days_indoor,5,0,0,0,0,0,0.36896997690200806
data/raw/osu_lora/Diff_Days_Indoor_Setup/Day5/Device23/IQ_1.dat,215,16855785,21,22,0,test,diff_days_indoor,5,0,0,0,0,0,0.2578415870666504
data/raw/osu_lora/Diff_Days_Indoor_Setup/Day5/Device23/IQ_1.dat,216,16934184,21,4,0,test,diff_days_indoor,5,0,0,0,0,0,0.4656083285808563
data/raw/osu_lora/Diff_Days_Indoor_Setup/Day5/Device23/IQ_1.dat,217,17012583,21,18,0,test,diff_days_indoor,5,0,0,0,0,0,0.30283281207084656
data/raw/osu_lora/Diff_Days_Indoor_Setup/Day5/Device23/IQ_1.dat,218,17090982,21,18,0,test,diff_days_indoor,5,0,0,0,0,0,0.2588188648223877
data/raw/osu_lora/Diff_Days_Indoor_Setup/Day5/Device23/IQ_1.dat,219,17169381,21,10,0,test,diff_days_indoor,5,0,0,0,0,0,0.47956234216690063
data/raw/osu_lora/Diff_Days_Indoor_Setup/Day5/Device23/IQ_1.dat,220,17247780,21,10,0,test,diff_days_indoor,5,0,0,0,0,0,0.16847744584083557
data/raw/osu_lora/Diff_Days_Indoor_Setup/Day5/Device23/IQ_1.dat,221,17326179,21,21,1,test,diff_days_indoor,5,0,0,0,0,0,0.4703693687915802
data/raw/osu_lora/Diff_Days_Indoor_Setup/Day5/Device23/IQ_1.dat,222,17404578,21,18,0,test,diff_days_indoor,5,0,0,0,0,0,0.3950878381729126
data/raw/osu_lora/Diff_Days_Indoor_Setup/Day5/Device23/IQ_1.dat,223,17482977,21,21,1,test,diff_days_indoor,5,0,0,0,0,0,0.3218417763710022
data/raw/osu_lora/Diff_Days_Indoor_Setup/Day5/Device23/IQ_1.dat,224,17561376,21,21,1,test,diff_days_indoor,5,0,0,0,0,0,0.33799174427986145
data/raw/osu_lora/Diff_Days_Indoor_Setup/Day5/Device23/IQ_1.dat,225,17639775,21,11,0,test,diff_days_indoor,5,0,0,0,0,0,0.5220987796783447
data/raw/osu_lora/Diff_Days_Indoor_Setup/Day5/Device23/IQ_1.dat,226,17718174,21,10,0,test,diff_days_indoor,5,0,0,0,0,0,0.46305474638938904
data/raw/osu_lora/Diff_Days_Indoor_Setup/Day5/Device23/IQ_1.dat,227,17796573,21,21,1,test,diff_days_indoor,5,0,0,0,0,0,0.25345566868782043
data/raw/osu_lora/Diff_Days_Indoor_Setup/Day5/Device23/IQ_1.dat,228,17874972,21,21,1,test,diff_days_indoor,5,0,0,0,0,0,0.4217431843280792
data/raw/osu_lora/Diff_Days_Indoor_Setup/Day5/Device23/IQ_1.dat,229,17953371,21,8,0,test,diff_days_indoor,5,0,0,0,0,0,0.32738685607910156
data/raw/osu_lora/Diff_Days_Indoor_Setup/Day5/Device23/IQ_1.dat,230,18031770,21,10,0,test,diff_days_indoor,5,0,0,0,0,0,0.5587073564529419
data/raw/osu_lora/Diff_Days_Indoor_Setup/Day5/Device23/IQ_1.dat,231,18110169,21,10,0,test,diff_days_indoor,5,0,0,0,0,0,0.39716780185699463
data/raw/osu_lora/Diff_Days_Indoor_Setup/Day5/Device23/IQ_1.dat,232,18188568,21,10,0,test,diff_days_indoor,5,0,0,0,0,0,0.3685755729675293
data/raw/osu_lora/Diff_Days_Indoor_Setup/Day5/Device23/IQ_1.dat,233,18266967,21,21,1,test,diff_days_indoor,5,0,0,0,0,0,0.2531004548072815
data/raw/osu_lora/Diff_Days_Indoor_Setup/Day5/Device23/IQ_1.dat,234,18345366,21,10,0,test,diff_days_indoor,5,0,0,0,0,0,0.46461015939712524
data/raw/osu_lora/Diff_Days_Indoor_Setup/Day5/Device23/IQ_1.dat,235,18423765,21,10,0,test,diff_days_indoor,5,0,0,0,0,0,0.200942724943161
data/raw/osu_lora/Diff_Days_Indoor_Setup/Day5/Device23/IQ_1.dat,236,18502164,21,18,0,test,diff_days_indoor,5,0,0,0,0,0,0.1720559149980545
data/raw/osu_lora/Diff_Days_Indoor_Setup/Day5/Device23/IQ_1.dat,237,18580563,21,10,0,test,diff_days_indoor,5,0,0,0,0,0,0.6008375883102417
data/raw/osu_lora/Diff_Days_Indoor_Setup/Day5/Device23/IQ_1.dat,238,18658962,21,21,1,test,diff_days_indoor,5,0,0,0,0,0,0.19794952869415283
data/raw/osu_lora/Diff_Days_Indoor_Setup/Day5/Device23/IQ_1.dat,239,18737361,21,4,0,test,diff_days_indoor,5,0,0,0,0,0,0.30071988701820374
data/raw/osu_lora/Diff_Days_Indoor_Setup/Day5/Device23/IQ_1.dat,240,18815760,21,18,0,test,diff_days_indoor,5,0,0,0,0,0,0.3754809498786926
data/raw/osu_lora/Diff_Days_Indoor_Setup/Day5/Device23/IQ_1.dat,241,18894159,21,21,1,test,diff_days_indoor,5,0,0,0,0,0,0.421651691198349
data/raw/osu_lora/Diff_Days_Indoor_Setup/Day5/Device23/IQ_1.dat,242,18972558,21,9,0,test,diff_days_indoor,5,0,0,0,0,0,0.23026281595230103
data/raw/osu_lora/Diff_Days_Indoor_Setup/Day5/Device23/IQ_1.dat,243,19050957,21,20,0,test,diff_days_indoor,5,0,0,0,0,0,0.31977134943008423
data/raw/osu_lora/Diff_Days_Indoor_Setup/Day5/Device23/IQ_1.dat,244,19129356,21,12,0,test,diff_days_indoor,5,0,0,0,0,0,0.20354951918125153
data/raw/osu_lora/Diff_Days_Indoor_Setup/Day5/Device23/IQ_1.dat,245,19207755,21,10,0,test,diff_days_indoor,5,0,0,0,0,0,0.23224562406539917
data/raw/osu_lora/Diff_Days_Indoor_Setup/Day5/Device23/IQ_1.dat,246,19286154,21,13,0,test,diff_days_indoor,5,0,0,0,0,0,0.3187038004398346
data/raw/osu_lora/Diff_Days_Indoor_Setup/Day5/Device23/IQ_1.dat,247,19364553,21,10,0,test,diff_days_indoor,5,0,0,0,0,0,0.5466098189353943
data/raw/osu_lora/Diff_Days_Indoor_Setup/Day5/Device23/IQ_1.dat,248,19442952,21,21,1,test,diff_days_indoor,5,0,0,0,0,0,0.23682914674282074
data/raw/osu_lora/Diff_Days_Indoor_Setup/Day5/Device23/IQ_1.dat,249,19521351,21,18,0,test,diff_days_indoor,5,0,0,0,0,0,0.41060468554496765
data/raw/osu_lora/Diff_Days_Indoor_Setup/Day5/Device23/IQ_1.dat,250,19599750,21,11,0,test,diff_days_indoor,5,0,0,0,0,0,0.44107505679130554
data/raw/osu_lora/Diff_Days_Indoor_Setup/Day5/Device23/IQ_1.dat,251,19678149,21,22,0,test,diff_days_indoor,5,0,0,0,0,0,0.3158571124076843
data/raw/osu_lora/Diff_Days_Indoor_Setup/Day5/Device23/IQ_1.dat,252,19756548,21,13,0,test,diff_days_indoor,5,0,0,0,0,0,0.21677495539188385
data/raw/osu_lora/Diff_Days_Indoor_Setup/Day5/Device23/IQ_1.dat,253,19834947,21,18,0,test,diff_days_indoor,5,0,0,0,0,0,0.2470829337835312
data/raw/osu_lora/Diff_Days_Indoor_Setup/Day5/Device23/IQ_1.dat,254,19913346,21,18,0,test,diff_days_indoor,5,0,0,0,0,0,0.29865410923957825
data/raw/osu_lora/Diff_Days_Indoor_Setup/Day5/Device23/IQ_1.dat,255,19991745,21,20,0,test,diff_days_indoor,5,0,0,0,0,0,0.08795242011547089
data/raw/osu_lora/Diff_Days_Indoor_Setup/Day5/Device24/IQ_1.dat,0,0,22,22,1,test,diff_days_indoor,5,0,0,0,0,0,0.6822457909584045
data/raw/osu_lora/Diff_Days_Indoor_Setup/Day5/Device24/IQ_1.dat,1,78399,22,14,0,test,diff_days_indoor,5,0,0,0,0,0,0.21380460262298584
data/raw/osu_lora/Diff_Days_Indoor_Setup/Day5/Device24/IQ_1.dat,2,156798,22,22,1,test,diff_days_indoor,5,0,0,0,0,0,0.4646889567375183
data/raw/osu_lora/Diff_Days_Indoor_Setup/Day5/Device24/IQ_1.dat,3,235197,22,22,1,test,diff_days_indoor,5,0,0,0,0,0,0.6533411741256714
data/raw/osu_lora/Diff_Days_Indoor_Setup/Day5/Device24/IQ_1.dat,4,313596,22,22,1,test,diff_days_indoor,5,0,0,0,0,0,0.6073696613311768
data/raw/osu_lora/Diff_Days_Indoor_Setup/Day5/Device24/IQ_1.dat,5,391995,22,22,1,test,diff_days_indoor,5,0,0,0,0,0,0.5336236357688904
data/raw/osu_lora/Diff_Days_Indoor_Setup/Day5/Device24/IQ_1.dat,6,470394,22,22,1,test,diff_days_indoor,5,0,0,0,0,0,0.2773091495037079
data/raw/osu_lora/Diff_Days_Indoor_Setup/Day5/Device24/IQ_1.dat,7,548793,22,4,0,test,diff_days_indoor,5,0,0,0,0,0,0.30280640721321106
data/raw/osu_lora/Diff_Days_Indoor_Setup/Day5/Device24/IQ_1.dat,8,627192,22,9,0,test,diff_days_indoor,5,0,0,0,0,0,0.11223750561475754
data/raw/osu_lora/Diff_Days_Indoor_Setup/Day5/Device24/IQ_1.dat,9,705591,22,22,1,test,diff_days_indoor,5,0,0,0,0,0,0.4536309540271759
data/raw/osu_lora/Diff_Days_Indoor_Setup/Day5/Device24/IQ_1.dat,10,783990,22,22,1,test,diff_days_indoor,5,0,0,0,0,0,0.6520929336547852
data/raw/osu_lora/Diff_Days_Indoor_Setup/Day5/Device24/IQ_1.dat,11,862389,22,9,0,test,diff_days_indoor,5,0,0,0,0,0,0.22420479357242584
data/raw/osu_lora/Diff_Days_Indoor_Setup/Day5/Device24/IQ_1.dat,12,940788,22,22,1,test,diff_days_indoor,5,0,0,0,0,0,0.5061520338058472
data/raw/osu_lora/Diff_Days_Indoor_Setup/Day5/Device24/IQ_1.dat,13,1019187,22,22,1,test,diff_days_indoor,5,0,0,0,0,0,0.41894617676734924
data/raw/osu_lora/Diff_Days_Indoor_Setup/Day5/Device24/IQ_1.dat,14,1097586,22,22,1,test,diff_days_indoor,5,0,0,0,0,0,0.6603484153747559
data/raw/osu_lora/Diff_Days_Indoor_Setup/Day5/Device24/IQ_1.dat,15,1175985,22,5,0,test,diff_days_indoor,5,0,0,0,0,0,0.2735326588153839
data/raw/osu_lora/Diff_Days_Indoor_Setup/Day5/Device24/IQ_1.dat,16,1254384,22,22,1,test,diff_days_indoor,5,0,0,0,0,0,0.7529196739196777
data/raw/osu_lora/Diff_Days_Indoor_Setup/Day5/Device24/IQ_1.dat,17,1332783,22,19,0,test,diff_days_indoor,5,0,0,0,0,0,0.13042809069156647
data/raw/osu_lora/Diff_Days_Indoor_Setup/Day5/Device24/IQ_1.dat,18,1411182,22,17,0,test,diff_days_indoor,5,0,0,0,0,0,0.35797736048698425
data/raw/osu_lora/Diff_Days_Indoor_Setup/Day5/Device24/IQ_1.dat,19,1489581,22,22,1,test,diff_days_indoor,5,0,0,0,0,0,0.4387473165988922
data/raw/osu_lora/Diff_Days_Indoor_Setup/Day5/Device24/IQ_1.dat,20,1567980,22,22,1,test,diff_days_indoor,5,0,0,0,0,0,0.2712239623069763
data/raw/osu_lora/Diff_Days_Indoor_Setup/Day5/Device24/IQ_1.dat,21,1646379,22,22,1,test,diff_days_indoor,5,0,0,0,0,0,0.6057322025299072
data/raw/osu_lora/Diff_Days_Indoor_Setup/Day5/Device24/IQ_1.dat,22,1724778,22,22,1,test,diff_days_indoor,5,0,0,0,0,0,0.6157627105712891
data/raw/osu_lora/Diff_Days_Indoor_Setup/Day5/Device24/IQ_1.dat,23,1803177,22,22,1,test,diff_days_indoor,5,0,0,0,0,0,0.7114257216453552
data/raw/osu_lora/Diff_Days_Indoor_Setup/Day5/Device24/IQ_1.dat,24,1881576,22,22,1,test,diff_days_indoor,5,0,0,0,0,0,0.4407972991466522
data/raw/osu_lora/Diff_Days_Indoor_Setup/Day5/Device24/IQ_1.dat,25,1959975,22,13,0,test,diff_days_indoor,5,0,0,0,0,0,0.2140161395072937
data/raw/osu_lora/Diff_Days_Indoor_Setup/Day5/Device24/IQ_1.dat,26,2038374,22,22,1,test,diff_days_indoor,5,0,0,0,0,0,0.3713074028491974
data/raw/osu_lora/Diff_Days_Indoor_Setup/Day5/Device24/IQ_1.dat,27,2116773,22,22,1,test,diff_days_indoor,5,0,0,0,0,0,0.6142279505729675
data/raw/osu_lora/Diff_Days_Indoor_Setup/Day5/Device24/IQ_1.dat,28,2195172,22,22,1,test,diff_days_indoor,5,0,0,0,0,0,0.47782763838768005
data/raw/osu_lora/Diff_Days_Indoor_Setup/Day5/Device24/IQ_1.dat,29,2273571,22,19,0,test,diff_days_indoor,5,0,0,0,0,0,0.28234153985977173
data/raw/osu_lora/Diff_Days_Indoor_Setup/Day5/Device24/IQ_1.dat,30,2351970,22,22,1,test,diff_days_indoor,5,0,0,0,0,0,0.518671989440918
data/raw/osu_lora/Diff_Days_Indoor_Setup/Day5/Device24/IQ_1.dat,31,2430369,22,22,1,test,diff_days_indoor,5,0,0,0,0,0,0.6235138177871704
data/raw/osu_lora/Diff_Days_Indoor_Setup/Day5/Device24/IQ_1.dat,32,2508768,22,22,1,test,diff_days_indoor,5,0,0,0,0,0,0.6665579676628113
data/raw/osu_lora/Diff_Days_Indoor_Setup/Day5/Device24/IQ_1.dat,33,2587167,22,22,1,test,diff_days_indoor,5,0,0,0,0,0,0.429532915353775
data/raw/osu_lora/Diff_Days_Indoor_Setup/Day5/Device24/IQ_1.dat,34,2665566,22,22,1,test,diff_days_indoor,5,0,0,0,0,0,0.3513472378253937
data/raw/osu_lora/Diff_Days_Indoor_Setup/Day5/Device24/IQ_1.dat,35,2743965,22,22,1,test,diff_days_indoor,5,0,0,0,0,0,0.7511862516403198
data/raw/osu_lora/Diff_Days_Indoor_Setup/Day5/Device24/IQ_1.dat,36,2822364,22,10,0,test,diff_days_indoor,5,0,0,0,0,0,0.35256049036979675
data/raw/osu_lora/Diff_Days_Indoor_Setup/Day5/Device24/IQ_1.dat,37,2900763,22,22,1,test,diff_days_indoor,5,0,0,0,0,0,0.469497412443161
data/raw/osu_lora/Diff_Days_Indoor_Setup/Day5/Device24/IQ_1.dat,38,2979162,22,11,0,test,diff_days_indoor,5,0,0,0,0,0,0.44580787420272827
data/raw/osu_lora/Diff_Days_Indoor_Setup/Day5/Device24/IQ_1.dat,39,3057561,22,12,0,test,diff_days_indoor,5,0,0,0,0,0,0.235259011387825
data/raw/osu_lora/Diff_Days_Indoor_Setup/Day5/Device24/IQ_1.dat,40,3135960,22,22,1,test,diff_days_indoor,5,0,0,0,0,0,0.5546283721923828
data/raw/osu_lora/Diff_Days_Indoor_Setup/Day5/Device24/IQ_1.dat,41,3214359,22,22,1,test,diff_days_indoor,5,0,0,0,0,0,0.7253103852272034
data/raw/osu_lora/Diff_Days_Indoor_Setup/Day5/Device24/IQ_1.dat,42,3292758,22,22,1,test,diff_days_indoor,5,0,0,0,0,0,0.31943926215171814
data/raw/osu_lora/Diff_Days_Indoor_Setup/Day5/Device24/IQ_1.dat,43,3371157,22,22,1,test,diff_days_indoor,5,0,0,0,0,0,0.5817152857780457
data/raw/osu_lora/Diff_Days_Indoor_Setup/Day5/Device24/IQ_1.dat,44,3449556,22,22,1,test,diff_days_indoor,5,0,0,0,0,0,0.5417061448097229
data/raw/osu_lora/Diff_Days_Indoor_Setup/Day5/Device24/IQ_1.dat,45,3527955,22,14,0,test,diff_days_indoor,5,0,0,0,0,0,0.23439358174800873
data/raw/osu_lora/Diff_Days_Indoor_Setup/Day5/Device24/IQ_1.dat,46,3606354,22,22,1,test,diff_days_indoor,5,0,0,0,0,0,0.7686978578567505
data/raw/osu_lora/Diff_Days_Indoor_Setup/Day5/Device24/IQ_1.dat,47,3684753,22,22,1,test,diff_days_indoor,5,0,0,0,0,0,0.8387576341629028
data/raw/osu_lora/Diff_Days_Indoor_Setup/Day5/Device24/IQ_1.dat,48,3763152,22,22,1,test,diff_days_indoor,5,0,0,0,0,0,0.8245071172714233
data/raw/osu_lora/Diff_Days_Indoor_Setup/Day5/Device24/IQ_1.dat,49,3841551,22,22,1,test,diff_days_indoor,5,0,0,0,0,0,0.24898596107959747
data/raw/osu_lora/Diff_Days_Indoor_Setup/Day5/Device24/IQ_1.dat,50,3919950,22,22,1,test,diff_days_indoor,5,0,0,0,0,0,0.4403436481952667
data/raw/osu_lora/Diff_Days_Indoor_Setup/Day5/Device24/IQ_1.dat,51,3998349,22,22,1,test,diff_days_indoor,5,0,0,0,0,0,0.7086390256881714
data/raw/osu_lora/Diff_Days_Indoor_Setup/Day5/Device24/IQ_1.dat,52,4076748,22,22,1,test,diff_days_indoor,5,0,0,0,0,0,0.21312056481838226
data/raw/osu_lora/Diff_Days_Indoor_Setup/Day5/Device24/IQ_1.dat,53,4155147,22,22,1,test,diff_days_indoor,5,0,0,0,0,0,0.8261799216270447
data/raw/osu_lora/Diff_Days_Indoor_Setup/Day5/Device24/IQ_1.dat,54,4233546,22,22,1,test,diff_days_indoor,5,0,0,0,0,0,0.5786530375480652
data/raw/osu_lora/Diff_Days_Indoor_Setup/Day5/Device24/IQ_1.dat,55,4311945,22,2,0,test,diff_days_indoor,5,0,0,0,0,0,0.39003995060920715
data/raw/osu_lora/Diff_Days_Indoor_Setup/Day5/Device24/IQ_1.dat,56,4390344,22,22,1,test,diff_days_indoor,5,0,0,0,0,0,0.8310145139694214
data/raw/osu_lora/Diff_Days_Indoor_Setup/Day5/Device24/IQ_1.dat,57,4468743,22,15,0,test,diff_days_indoor,5,0,0,0,0,0,0.2031596601009369
data/raw/osu_lora/Diff_Days_Indoor_Setup/Day5/Device24/IQ_1.dat,58,4547142,22,22,1,test,diff_days_indoor,5,0,0,0,0,0,0.32713818550109863
data/raw/osu_lora/Diff_Days_Indoor_Setup/Day5/Device24/IQ_1.dat,59,4625541,22,22,1,test,diff_days_indoor,5,0,0,0,0,0,0.5319456458091736
data/raw/osu_lora/Diff_Days_Indoor_Setup/Day5/Device24/IQ_1.dat,60,4703940,22,22,1,test,diff_days_indoor,5,0,0,0,0,0,0.5491765141487122
data/raw/osu_lora/Diff_Days_Indoor_Setup/Day5/Device24/IQ_1.dat,61,4782339,22,22,1,test,diff_days_indoor,5,0,0,0,0,0,0.5396159887313843
data/raw/osu_lora/Diff_Days_Indoor_Setup/Day5/Device24/IQ_1.dat,62,4860738,22,22,1,test,diff_days_indoor,5,0,0,0,0,0,0.6433990001678467
data/raw/osu_lora/Diff_Days_Indoor_Setup/Day5/Device24/IQ_1.dat,63,4939137,22,22,1,test,diff_days_indoor,5,0,0,0,0,0,0.31575149297714233
data/raw/osu_lora/Diff_Days_Indoor_Setup/Day5/Device24/IQ_1.dat,64,5017536,22,22,1,test,diff_days_indoor,5,0,0,0,0,0,0.39895138144493103
data/raw/osu_lora/Diff_Days_Indoor_Setup/Day5/Device24/IQ_1.dat,65,5095935,22,22,1,test,diff_days_indoor,5,0,0,0,0,0,0.6250146627426147
data/raw/osu_lora/Diff_Days_Indoor_Setup/Day5/Device24/IQ_1.dat,66,5174334,22,22,1,test,diff_days_indoor,5,0,0,0,0,0,0.3699018061161041
data/raw/osu_lora/Diff_Days_Indoor_Setup/Day5/Device24/IQ_1.dat,67,5252733,22,22,1,test,diff_days_indoor,5,0,0,0,0,0,0.5330795645713806
data/raw/osu_lora/Diff_Days_Indoor_Setup/Day5/Device24/IQ_1.dat,68,5331132,22,22,1,test,diff_days_indoor,5,0,0,0,0,0,0.7954252362251282
data/raw/osu_lora/Diff_Days_Indoor_Setup/Day5/Device24/IQ_1.dat,69,5409531,22,22,1,test,diff_days_indoor,5,0,0,0,0,0,0.598548173904419
data/raw/osu_lora/Diff_Days_Indoor_Setup/Day5/Device24/IQ_1.dat,70,5487930,22,22,1,test,diff_days_indoor,5,0,0,0,0,0,0.3941333591938019
data/raw/osu_lora/Diff_Days_Indoor_Setup/Day5/Device24/IQ_1.dat,71,5566329,22,22,1,test,diff_days_indoor,5,0,0,0,0,0,0.4677601158618927
data/raw/osu_lora/Diff_Days_Indoor_Setup/Day5/Device24/IQ_1.dat,72,5644728,22,22,1,test,diff_days_indoor,5,0,0,0,0,0,0.7752867937088013
data/raw/osu_lora/Diff_Days_Indoor_Setup/Day5/Device24/IQ_1.dat,73,5723127,22,22,1,test,diff_days_indoor,5,0,0,0,0,0,0.7518566846847534
data/raw/osu_lora/Diff_Days_Indoor_Setup/Day5/Device24/IQ_1.dat,74,5801526,22,22,1,test,diff_days_indoor,5,0,0,0,0,0,0.4575543701648712
data/raw/osu_lora/Diff_Days_Indoor_Setup/Day5/Device24/IQ_1.dat,75,5879925,22,22,1,test,diff_days_indoor,5,0,0,0,0,0,0.4585903584957123
data/raw/osu_lora/Diff_Days_Indoor_Setup/Day5/Device24/IQ_1.dat,76,5958324,22,22,1,test,diff_days_indoor,5,0,0,0,0,0,0.3656617999076843
data/raw/osu_lora/Diff_Days_Indoor_Setup/Day5/Device24/IQ_1.dat,77,6036723,22,22,1,test,diff_days_indoor,5,0,0,0,0,0,0.302627295255661
data/raw/osu_lora/Diff_Days_Indoor_Setup/Day5/Device24/IQ_1.dat,78,6115122,22,22,1,test,diff_days_indoor,5,0,0,0,0,0,0.8221837282180786
data/raw/osu_lora/Diff_Days_Indoor_Setup/Day5/Device24/IQ_1.dat,79,6193521,22,22,1,test,diff_days_indoor,5,0,0,0,0,0,0.6990230679512024
data/raw/osu_lora/Diff_Days_Indoor_Setup/Day5/Device24/IQ_1.dat,80,6271920,22,22,1,test,diff_days_indoor,5,0,0,0,0,0,0.5371978282928467
data/raw/osu_lora/Diff_Days_Indoor_Setup/Day5/Device24/IQ_1.dat,81,6350319,22,5,0,test,diff_days_indoor,5,0,0,0,0,0,0.1589135080575943
data/raw/osu_lora/Diff_Days_Indoor_Setup/Day5/Device24/IQ_1.dat,82,6428718,22,22,1,test,diff_days_indoor,5,0,0,0,0,0,0.47902607917785645
data/raw/osu_lora/Diff_Days_Indoor_Setup/Day5/Device24/IQ_1.dat,83,6507117,22,10,0,test,diff_days_indoor,5,0,0,0,0,0,0.3652907907962799
data/raw/osu_lora/Diff_Days_Indoor_Setup/Day5/Device24/IQ_1.dat,84,6585516,22,22,1,test,diff_days_indoor,5,0,0,0,0,0,0.2654678225517273
data/raw/osu_lora/Diff_Days_Indoor_Setup/Day5/Device24/IQ_1.dat,85,6663915,22,4,0,test,diff_days_indoor,5,0,0,0,0,0,0.2925722002983093
data/raw/osu_lora/Diff_Days_Indoor_Setup/Day5/Device24/IQ_1.dat,86,6742314,22,22,1,test,diff_days_indoor,5,0,0,0,0,0,0.2615402936935425
data/raw/osu_lora/Diff_Days_Indoor_Setup/Day5/Device24/IQ_1.dat,87,6820713,22,22,1,test,diff_days_indoor,5,0,0,0,0,0,0.37322068214416504
data/raw/osu_lora/Diff_Days_Indoor_Setup/Day5/Device24/IQ_1.dat,88,6899112,22,22,1,test,diff_days_indoor,5,0,0,0,0,0,0.5033421516418457
data/raw/osu_lora/Diff_Days_Indoor_Setup/Day5/Device24/IQ_1.dat,89,6977511,22,22,1,test,diff_days_indoor,5,0,0,0,0,0,0.7273823022842407
data/raw/osu_lora/Diff_Days_Indoor_Setup/Day5/Device24/IQ_1.dat,90,7055910,22,22,1,test,diff_days_indoor,5,0,0,0,0,0,0.7028347253799438
data/raw/osu_lora/Diff_Days_Indoor_Setup/Day5/Device24/IQ_1.dat,91,7134309,22,19,0,test,diff_days_indoor,5,0,0,0,0,0,0.26219484210014343
data/raw/osu_lora/Diff_Days_Indoor_Setup/Day5/Device24/IQ_1.dat,92,7212708,22,19,0,test,diff_days_indoor,5,0,0,0,0,0,0.31534862518310547
data/raw/osu_lora/Diff_Days_Indoor_Setup/Day5/Device24/IQ_1.dat,93,7291107,22,11,0,test,diff_days_indoor,5,0,0,0,0,0,0.3932288885116577
data/raw/osu_lora/Diff_Days_Indoor_Setup/Day5/Device24/IQ_1.dat,94,7369506,22,22,1,test,diff_days_indoor,5,0,0,0,0,0,0.3680872321128845
data/raw/osu_lora/Diff_Days_Indoor_Setup/Day5/Device24/IQ_1.dat,95,7447905,22,22,1,test,diff_days_indoor,5,0,0,0,0,0,0.8604989051818848
data/raw/osu_lora/Diff_Days_Indoor_Setup/Day5/Device24/IQ_1.dat,96,7526304,22,5,0,test,diff_days_indoor,5,0,0,0,0,0,0.30678945779800415
data/raw/osu_lora/Diff_Days_Indoor_Setup/Day5/Device24/IQ_1.dat,97,7604703,22,22,1,test,diff_days_indoor,5,0,0,0,0,0,0.5443092584609985
data/raw/osu_lora/Diff_Days_Indoor_Setup/Day5/Device24/IQ_1.dat,98,7683102,22,22,1,test,diff_days_indoor,5,0,0,0,0,0,0.33120211958885193
data/raw/osu_lora/Diff_Days_Indoor_Setup/Day5/Device24/IQ_1.dat,99,7761501,22,22,1,test,diff_days_indoor,5,0,0,0,0,0,0.6518416404724121
data/raw/osu_lora/Diff_Days_Indoor_Setup/Day5/Device24/IQ_1.dat,100,7839900,22,22,1,test,diff_days_indoor,5,0,0,0,0,0,0.6619699001312256
data/raw/osu_lora/Diff_Days_Indoor_Setup/Day5/Device24/IQ_1.dat,101,7918299,22,22,1,test,diff_days_indoor,5,0,0,0,0,0,0.5878250002861023
data/raw/osu_lora/Diff_Days_Indoor_Setup/Day5/Device24/IQ_1.dat,102,7996698,22,2,0,test,diff_days_indoor,5,0,0,0,0,0,0.42928361892700195
data/raw/osu_lora/Diff_Days_Indoor_Setup/Day5/Device24/IQ_1.dat,103,8075097,22,22,1,test,diff_days_indoor,5,0,0,0,0,0,0.4035327434539795
data/raw/osu_lora/Diff_Days_Indoor_Setup/Day5/Device24/IQ_1.dat,104,8153496,22,22,1,test,diff_days_indoor,5,0,0,0,0,0,0.6419243216514587
data/raw/osu_lora/Diff_Days_Indoor_Setup/Day5/Device24/IQ_1.dat,105,8231895,22,22,1,test,diff_days_indoor,5,0,0,0,0,0,0.7454910278320312
data/raw/osu_lora/Diff_Days_Indoor_Setup/Day5/Device24/IQ_1.dat,106,8310294,22,22,1,test,diff_days_indoor,5,0,0,0,0,0,0.6417785882949829
data/raw/osu_lora/Diff_Days_Indoor_Setup/Day5/Device24/IQ_1.dat,107,8388693,22,22,1,test,diff_days_indoor,5,0,0,0,0,0,0.44058746099472046
data/raw/osu_lora/Diff_Days_Indoor_Setup/Day5/Device24/IQ_1.dat,108,8467092,22,22,1,test,diff_days_indoor,5,0,0,0,0,0,0.709308922290802
data/raw/osu_lora/Diff_Days_Indoor_Setup/Day5/Device24/IQ_1.dat,109,8545491,22,22,1,test,diff_days_indoor,5,0,0,0,0,0,0.5852618217468262
data/raw/osu_lora/Diff_Days_Indoor_Setup/Day5/Device24/IQ_1.dat,110,8623890,22,22,1,test,diff_days_indoor,5,0,0,0,0,0,0.25051242113113403
data/raw/osu_lora/Diff_Days_Indoor_Setup/Day5/Device24/IQ_1.dat,111,8702289,22,22,1,test,diff_days_indoor,5,0,0,0,0,0,0.4007798433303833
data/raw/osu_lora/Diff_Days_Indoor_Setup/Day5/Device24/IQ_1.dat,112,8780688,22,10,0,test,diff_days_indoor,5,0,0,0,0,0,0.6092944741249084
data/raw/osu_lora/Diff_Days_Indoor_Setup/Day5/Device24/IQ_1.dat,113,8859087,22,22,1,test,diff_days_indoor,5,0,0,0,0,0,0.5221906900405884
data/raw/osu_lora/Diff_Days_Indoor_Setup/Day5/Device24/IQ_1.dat,114,8937486,22,11,0,test,diff_days_indoor,5,0,0,0,0,0,0.36713752150535583
data/raw/osu_lora/Diff_Days_Indoor_Setup/Day5/Device24/IQ_1.dat,115,9015885,22,22,1,test,diff_days_indoor,5,0,0,0,0,0,0.27581652998924255
data/raw/osu_lora/Diff_Days_Indoor_Setup/Day5/Device24/IQ_1.dat,116,9094284,22,22,1,test,diff_days_indoor,5,0,0,0,0,0,0.45532217621803284
data/raw/osu_lora/Diff_Days_Indoor_Setup/Day5/Device24/IQ_1.dat,117,9172683,22,22,1,test,diff_days_indoor,5,0,0,0,0,0,0.6575953364372253
data/raw/osu_lora/Diff_Days_Indoor_Setup/Day5/Device24/IQ_1.dat,118,9251082,22,22,1,test,diff_days_indoor,5,0,0,0,0,0,0.2954840064048767
data/raw/osu_lora/Diff_Days_Indoor_Setup/Day5/Device24/IQ_1.dat,119,9329481,22,22,1,test,diff_days_indoor,5,0,0,0,0,0,0.3104115128517151
data/raw/osu_lora/Diff_Days_Indoor_Setup/Day5/Device24/IQ_1.dat,120,9407880,22,22,1,test,diff_days_indoor,5,0,0,0,0,0,0.5827256441116333
data/raw/osu_lora/Diff_Days_Indoor_Setup/Day5/Device24/IQ_1.dat,121,9486279,22,11,0,test,diff_days_indoor,5,0,0,0,0,0,0.36231887340545654
data/raw/osu_lora/Diff_Days_Indoor_Setup/Day5/Device24/IQ_1.dat,122,9564678,22,22,1,test,diff_days_indoor,5,0,0,0,0,0,0.606097400188446
data/raw/osu_lora/Diff_Days_Indoor_Setup/Day5/Device24/IQ_1.dat,123,9643077,22,22,1,test,diff_days_indoor,5,0,0,0,0,0,0.5428255200386047
data/raw/osu_lora/Diff_Days_Indoor_Setup/Day5/Device24/IQ_1.dat,124,9721476,22,22,1,test,diff_days_indoor,5,0,0,0,0,0,0.2490614801645279
data/raw/osu_lora/Diff_Days_Indoor_Setup/Day5/Device24/IQ_1.dat,125,9799875,22,8,0,test,diff_days_indoor,5,0,0,0,0,0,0.14077451825141907
data/raw/osu_lora/Diff_Days_Indoor_Setup/Day5/Device24/IQ_1.dat,126,9878274,22,15,0,test,diff_days_indoor,5,0,0,0,0,0,0.30150601267814636
data/raw/osu_lora/Diff_Days_Indoor_Setup/Day5/Device24/IQ_1.dat,127,9956673,22,23,0,test,diff_days_indoor,5,0,0,0,0,0,0.49499645829200745
data/raw/osu_lora/Diff_Days_Indoor_Setup/Day5/Device24/IQ_1.dat,128,10035072,22,21,0,test,diff_days_indoor,5,0,0,0,0,0,0.08586425334215164
data/raw/osu_lora/Diff_Days_Indoor_Setup/Day5/Device24/IQ_1.dat,129,10113471,22,22,1,test,diff_days_indoor,5,0,0,0,0,0,0.6028213500976562
data/raw/osu_lora/Diff_Days_Indoor_Setup/Day5/Device24/IQ_1.dat,130,10191870,22,22,1,test,diff_days_indoor,5,0,0,0,0,0,0.5731948614120483
data/raw/osu_lora/Diff_Days_Indoor_Setup/Day5/Device24/IQ_1.dat,131,10270269,22,22,1,test,diff_days_indoor,5,0,0,0,0,0,0.8733166456222534
data/raw/osu_lora/Diff_Days_Indoor_Setup/Day5/Device24/IQ_1.dat,132,10348668,22,22,1,test,diff_days_indoor,5,0,0,0,0,0,0.37532639503479004
data/raw/osu_lora/Diff_Days_Indoor_Setup/Day5/Device24/IQ_1.dat,133,10427067,22,22,1,test,diff_days_indoor,5,0,0,0,0,0,0.41206085681915283
data/raw/osu_lora/Diff_Days_Indoor_Setup/Day5/Device24/IQ_1.dat,134,10505466,22,22,1,test,diff_days_indoor,5,0,0,0,0,0,0.5279576778411865
data/raw/osu_lora/Diff_Days_Indoor_Setup/Day5/Device24/IQ_1.dat,135,10583865,22,13,0,test,diff_days_indoor,5,0,0,0,0,0,0.17818428575992584
data/raw/osu_lora/Diff_Days_Indoor_Setup/Day5/Device24/IQ_1.dat,136,10662264,22,22,1,test,diff_days_indoor,5,0,0,0,0,0,0.26395753026008606
data/raw/osu_lora/Diff_Days_Indoor_Setup/Day5/Device24/IQ_1.dat,137,10740663,22,19,0,test,diff_days_indoor,5,0,0,0,0,0,0.13680607080459595
data/raw/osu_lora/Diff_Days_Indoor_Setup/Day5/Device24/IQ_1.dat,138,10819062,22,22,1,test,diff_days_indoor,5,0,0,0,0,0,0.3504895269870758
data/raw/osu_lora/Diff_Days_Indoor_Setup/Day5/Device24/IQ_1.dat,139,10897461,22,5,0,test,diff_days_indoor,5,0,0,0,0,0,0.19867555797100067
data/raw/osu_lora/Diff_Days_Indoor_Setup/Day5/Device24/IQ_1.dat,140,10975860,22,4,0,test,diff_days_indoor,5,0,0,0,0,0,0.4424436092376709
data/raw/osu_lora/Diff_Days_Indoor_Setup/Day5/Device24/IQ_1.dat,141,11054259,22,22,1,test,diff_days_indoor,5,0,0,0,0,0,0.355116069316864
data/raw/osu_lora/Diff_Days_Indoor_Setup/Day5/Device24/IQ_1.dat,142,11132658,22,22,1,test,diff_days_indoor,5,0,0,0,0,0,0.7330823540687561
data/raw/osu_lora/Diff_Days_Indoor_Setup/Day5/Device24/IQ_1.dat,143,11211057,22,22,1,test,diff_days_indoor,5,0,0,0,0,0,0.5491946339607239
data/raw/osu_lora/Diff_Days_Indoor_Setup/Day5/Device24/IQ_1.dat,144,11289456,22,22,1,test,diff_days_indoor,5,0,0,0,0,0,0.46248307824134827
data/raw/osu_lora/Diff_Days_Indoor_Setup/Day5/Device24/IQ_1.dat,145,11367855,22,22,1,test,diff_days_indoor,5,0,0,0,0,0,0.5117659568786621
data/raw/osu_lora/Diff_Days_Indoor_Setup/Day5/Device24/IQ_1.dat,146,11446254,22,22,1,test,diff_days_indoor,5,0,0,0,0,0,0.8203107118606567
data/raw/osu_lora/Diff_Days_Indoor_Setup/Day5/Device24/IQ_1.dat,147,11524653,22,22,1,test,diff_days_indoor,5,0,0,0,0,0,0.5770651698112488
data/raw/osu_lora/Diff_Days_Indoor_Setup/Day5/Device24/IQ_1.dat,148,11603052,22,22,1,test,diff_days_indoor,5,0,0,0,0,0,0.6148678660392761
data/raw/osu_lora/Diff_Days_Indoor_Setup/Day5/Device24/IQ_1.dat,149,11681451,22,22,1,test,diff_days_indoor,5,0,0,0,0,0,0.5567828416824341
data/raw/osu_lora/Diff_Days_Indoor_Setup/Day5/Device24/IQ_1.dat,150,11759850,22,14,0,test,diff_days_indoor,5,0,0,0,0,0,0.2595544159412384
data/raw/osu_lora/Diff_Days_Indoor_Setup/Day5/Device24/IQ_1.dat,151,11838249,22,22,1,test,diff_days_indoor,5,0,0,0,0,0,0.33750611543655396
data/raw/osu_lora/Diff_Days_Indoor_Setup/Day5/Device24/IQ_1.dat,152,11916648,22,15,0,test,diff_days_indoor,5,0,0,0,0,0,0.1582203358411789
data/raw/osu_lora/Diff_Days_Indoor_Setup/Day5/Device24/IQ_1.dat,153,11995047,22,19,0,test,diff_days_indoor,5,0,0,0,0,0,0.28154826164245605
data/raw/osu_lora/Diff_Days_Indoor_Setup/Day5/Device24/IQ_1.dat,154,12073446,22,19,0,test,diff_days_indoor,5,0,0,0,0,0,0.22306084632873535
data/raw/osu_lora/Diff_Days_Indoor_Setup/Day5/Device24/IQ_1.dat,155,12151845,22,22,1,test,diff_days_indoor,5,0,0,0,0,0,0.8053135275840759
data/raw/osu_lora/Diff_Days_Indoor_Setup/Day5/Device24/IQ_1.dat,156,12230244,22,22,1,test,diff_days_indoor,5,0,0,0,0,0,0.6670699119567871
data/raw/osu_lora/Diff_Days_Indoor_Setup/Day5/Device24/IQ_1.dat,157,12308643,22,19,0,test,diff_days_indoor,5,0,0,0,0,0,0.2611151933670044
data/raw/osu_lora/Diff_Days_Indoor_Setup/Day5/Device24/IQ_1.dat,158,12387042,22,22,1,test,diff_days_indoor,5,0,0,0,0,0,0.44351062178611755
data/raw/osu_lora/Diff_Days_Indoor_Setup/Day5/Device24/IQ_1.dat,159,12465441,22,17,0,test,diff_days_indoor,5,0,0,0,0,0,0.2583942413330078
data/raw/osu_lora/Diff_Days_Indoor_Setup/Day5/Device24/IQ_1.dat,160,12543840,22,22,1,test,diff_days_indoor,5,0,0,0,0,0,0.48150649666786194
data/raw/osu_lora/Diff_Days_Indoor_Setup/Day5/Device24/IQ_1.dat,161,12622239,22,14,0,test,diff_days_indoor,5,0,0,0,0,0,0.37996095418930054
data/raw/osu_lora/Diff_Days_Indoor_Setup/Day5/Device24/IQ_1.dat,162,12700638,22,5,0,test,diff_days_indoor,5,0,0,0,0,0,0.2636358141899109
data/raw/osu_lora/Diff_Days_Indoor_Setup/Day5/Device24/IQ_1.dat,163,12779037,22,22,1,test,diff_days_indoor,5,0,0,0,0,0,0.5781774520874023
data/raw/osu_lora/Diff_Days_Indoor_Setup/Day5/Device24/IQ_1.dat,164,12857436,22,22,1,test,diff_days_indoor,5,0,0,0,0,0,0.6348024010658264
data/raw/osu_lora/Diff_Days_Indoor_Setup/Day5/Device24/IQ_1.dat,165,12935835,22,22,1,test,diff_days_indoor,5,0,0,0,0,0,0.4638501703739166
data/raw/osu_lora/Diff_Days_Indoor_Setup/Day5/Device24/IQ_1.dat,166,13014234,22,22,1,test,diff_days_indoor,5,0,0,0,0,0,0.531588613986969
data/raw/osu_lora/Diff_Days_Indoor_Setup/Day5/Device24/IQ_1.dat,167,13092633,22,22,1,test,diff_days_indoor,5,0,0,0,0,0,0.5543826818466187
data/raw/osu_lora/Diff_Days_Indoor_Setup/Day5/Device24/IQ_1.dat,168,13171032,22,22,1,test,diff_days_indoor,5,0,0,0,0,0,0.719002902507782
data/raw/osu_lora/Diff_Days_Indoor_Setup/Day5/Device24/IQ_1.dat,169,13249431,22,22,1,test,diff_days_indoor,5,0,0,0,0,0,0.3538770079612732
data/raw/osu_lora/Diff_Days_Indoor_Setup/Day5/Device24/IQ_1.dat,170,13327830,22,22,1,test,diff_days_indoor,5,0,0,0,0,0,0.2556961476802826
data/raw/osu_lora/Diff_Days_Indoor_Setup/Day5/Device24/IQ_1.dat,171,13406229,22,22,1,test,diff_days_indoor,5,0,0,0,0,0,0.8052411675453186
data/raw/osu_lora/Diff_Days_Indoor_Setup/Day5/Device24/IQ_1.dat,172,13484628,22,22,1,test,diff_days_indoor,5,0,0,0,0,0,0.5803917050361633
data/raw/osu_lora/Diff_Days_Indoor_Setup/Day5/Device24/IQ_1.dat,173,13563027,22,22,1,test,diff_days_indoor,5,0,0,0,0,0,0.7876297831535339
data/raw/osu_lora/Diff_Days_Indoor_Setup/Day5/Device24/IQ_1.dat,174,13641426,22,22,1,test,diff_days_indoor,5,0,0,0,0,0,0.5197629928588867
data/raw/osu_lora/Diff_Days_Indoor_Setup/Day5/Device24/IQ_1.dat,175,13719825,22,4,0,test,diff_days_indoor,5,0,0,0,0,0,0.2399134635925293
data/raw/osu_lora/Diff_Days_Indoor_Setup/Day5/Device24/IQ_1.dat,176,13798224,22,22,1,test,diff_days_indoor,5,0,0,0,0,0,0.5953375101089478
data/raw/osu_lora/Diff_Days_Indoor_Setup/Day5/Device24/IQ_1.dat,177,13876623,22,19,0,test,diff_days_indoor,5,0,0,0,0,0,0.21071524918079376
data/raw/osu_lora/Diff_Days_Indoor_Setup/Day5/Device24/IQ_1.dat,178,13955022,22,15,0,test,diff_days_indoor,5,0,0,0,0,0,0.14293108880519867
data/raw/osu_lora/Diff_Days_Indoor_Setup/Day5/Device24/IQ_1.dat,179,14033421,22,11,0,test,diff_days_indoor,5,0,0,0,0,0,0.49816733598709106
data/raw/osu_lora/Diff_Days_Indoor_Setup/Day5/Device24/IQ_1.dat,180,14111820,22,22,1,test,diff_days_indoor,5,0,0,0,0,0,0.5275754332542419
data/raw/osu_lora/Diff_Days_Indoor_Setup/Day5/Device24/IQ_1.dat,181,14190219,22,22,1,test,diff_days_indoor,5,0,0,0,0,0,0.6104586720466614
data/raw/osu_lora/Diff_Days_Indoor_Setup/Day5/Device24/IQ_1.dat,182,14268618,22,22,1,test,diff_days_indoor,5,0,0,0,0,0,0.3933374285697937
data/raw/osu_lora/Diff_Days_Indoor_Setup/Day5/Device24/IQ_1.dat,183,14347017,22,22,1,test,diff_days_indoor,5,0,0,0,0,0,0.3369407653808594
data/raw/osu_lora/Diff_Days_Indoor_Setup/Day5/Device24/IQ_1.dat,184,14425416,22,19,0,test,diff_days_indoor,5,0,0,0,0,0,0.2772010266780853
data/raw/osu_lora/Diff_Days_Indoor_Setup/Day5/Device24/IQ_1.dat,185,14503815,22,22,1,test,diff_days_indoor,5,0,0,0,0,0,0.566692590713501
data/raw/osu_lora/Diff_Days_Indoor_Setup/Day5/Device24/IQ_1.dat,186,14582214,22,22,1,test,diff_days_indoor,5,0,0,0,0,0,0.36251190304756165
data/raw/osu_lora/Diff_Days_Indoor_Setup/Day5/Device24/IQ_1.dat,187,14660613,22,22,1,test,diff_days_indoor,5,0,0,0,0,0,0.28073927760124207
data/raw/osu_lora/Diff_Days_Indoor_Setup/Day5/Device24/IQ_1.dat,188,14739012,22,22,1,test,diff_days_indoor,5,0,0,0,0,0,0.6923814415931702
data/raw/osu_lora/Diff_Days_Indoor_Setup/Day5/Device24/IQ_1.dat,189,14817411,22,22,1,test,diff_days_indoor,5,0,0,0,0,0,0.3882331848144531
data/raw/osu_lora/Diff_Days_Indoor_Setup/Day5/Device24/IQ_1.dat,190,14895810,22,22,1,test,diff_days_indoor,5,0,0,0,0,0,0.6595132350921631
data/raw/osu_lora/Diff_Days_Indoor_Setup/Day5/Device24/IQ_1.dat,191,14974209,22,10,0,test,diff_days_indoor,5,0,0,0,0,0,0.16061492264270782
data/raw/osu_lora/Diff_Days_Indoor_Setup/Day5/Device24/IQ_1.dat,192,15052608,22,22,1,test,diff_days_indoor,5,0,0,0,0,0,0.6490165591239929
data/raw/osu_lora/Diff_Days_Indoor_Setup/Day5/Device24/IQ_1.dat,193,15131007,22,22,1,test,diff_days_indoor,5,0,0,0,0,0,0.7342765927314758
data/raw/osu_lora/Diff_Days_Indoor_Setup/Day5/Device24/IQ_1.dat,194,15209406,22,14,0,test,diff_days_indoor,5,0,0,0,0,0,0.27737125754356384
data/raw/osu_lora/Diff_Days_Indoor_Setup/Day5/Device24/IQ_1.dat,195,15287805,22,23,0,test,diff_days_indoor,5,0,0,0,0,0,0.2607816159725189
data/raw/osu_lora/Diff_Days_Indoor_Setup/Day5/Device24/IQ_1.dat,196,15366204,22,22,1,test,diff_days_indoor,5,0,0,0,0,0,0.3609968423843384
data/raw/osu_lora/Diff_Days_Indoor_Setup/Day5/Device24/IQ_1.dat,197,15444603,22,22,1,test,diff_days_indoor,5,0,0,0,0,0,0.5641879439353943
data/raw/osu_lora/Diff_Days_Indoor_Setup/Day5/Device24/IQ_1.dat,198,15523002,22,22,1,test,diff_days_indoor,5,0,0,0,0,0,0.6171648502349854
data/raw/osu_lora/Diff_Days_Indoor_Setup/Day5/Device24/IQ_1.dat,199,15601401,22,22,1,test,diff_days_indoor,5,0,0,0,0,0,0.822952151298523
data/raw/osu_lora/Diff_Days_Indoor_Setup/Day5/Device24/IQ_1.dat,200,15679800,22,22,1,test,diff_days_indoor,5,0,0,0,0,0,0.8195655345916748
data/raw/osu_lora/Diff_Days_Indoor_Setup/Day5/Device24/IQ_1.dat,201,15758199,22,9,0,test,diff_days_indoor,5,0,0,0,0,0,0.10806603729724884
data/raw/osu_lora/Diff_Days_Indoor_Setup/Day5/Device24/IQ_1.dat,202,15836598,22,22,1,test,diff_days_indoor,5,0,0,0,0,0,0.4317311942577362
data/raw/osu_lora/Diff_Days_Indoor_Setup/Day5/Device24/IQ_1.dat,203,15914997,22,11,0,test,diff_days_indoor,5,0,0,0,0,0,0.2719268500804901
data/raw/osu_lora/Diff_Days_Indoor_Setup/Day5/Device24/IQ_1.dat,204,15993396,22,22,1,test,diff_days_indoor,5,0,0,0,0,0,0.5130842328071594
data/raw/osu_lora/Diff_Days_Indoor_Setup/Day5/Device24/IQ_1.dat,205,16071795,22,22,1,test,diff_days_indoor,5,0,0,0,0,0,0.33317768573760986
data/raw/osu_lora/Diff_Days_Indoor_Setup/Day5/Device24/IQ_1.dat,206,16150194,22,22,1,test,diff_days_indoor,5,0,0,0,0,0,0.36018186807632446
data/raw/osu_lora/Diff_Days_Indoor_Setup/Day5/Device24/IQ_1.dat,207,16228593,22,22,1,test,diff_days_indoor,5,0,0,0,0,0,0.42381614446640015
data/raw/osu_lora/Diff_Days_Indoor_Setup/Day5/Device24/IQ_1.dat,208,16306992,22,5,0,test,diff_days_indoor,5,0,0,0,0,0,0.24324749410152435
data/raw/osu_lora/Diff_Days_Indoor_Setup/Day5/Device24/IQ_1.dat,209,16385391,22,22,1,test,diff_days_indoor,5,0,0,0,0,0,0.6584427952766418
data/raw/osu_lora/Diff_Days_Indoor_Setup/Day5/Device24/IQ_1.dat,210,16463790,22,22,1,test,diff_days_indoor,5,0,0,0,0,0,0.40474018454551697
data/raw/osu_lora/Diff_Days_Indoor_Setup/Day5/Device24/IQ_1.dat,211,16542189,22,19,0,test,diff_days_indoor,5,0,0,0,0,0,0.20548367500305176
data/raw/osu_lora/Diff_Days_Indoor_Setup/Day5/Device24/IQ_1.dat,212,16620588,22,22,1,test,diff_days_indoor,5,0,0,0,0,0,0.5908639430999756
data/raw/osu_lora/Diff_Days_Indoor_Setup/Day5/Device24/IQ_1.dat,213,16698987,22,22,1,test,diff_days_indoor,5,0,0,0,0,0,0.7784920930862427
data/raw/osu_lora/Diff_Days_Indoor_Setup/Day5/Device24/IQ_1.dat,214,16777386,22,22,1,test,diff_days_indoor,5,0,0,0,0,0,0.7538397312164307
data/raw/osu_lora/Diff_Days_Indoor_Setup/Day5/Device24/IQ_1.dat,215,16855785,22,22,1,test,diff_days_indoor,5,0,0,0,0,0,0.7362902760505676
data/raw/osu_lora/Diff_Days_Indoor_Setup/Day5/Device24/IQ_1.dat,216,16934184,22,22,1,test,diff_days_indoor,5,0,0,0,0,0,0.763451337814331
data/raw/osu_lora/Diff_Days_Indoor_Setup/Day5/Device24/IQ_1.dat,217,17012583,22,23,0,test,diff_days_indoor,5,0,0,0,0,0,0.2521764636039734
data/raw/osu_lora/Diff_Days_Indoor_Setup/Day5/Device24/IQ_1.dat,218,17090982,22,17,0,test,diff_days_indoor,5,0,0,0,0,0,0.2428063303232193
data/raw/osu_lora/Diff_Days_Indoor_Setup/Day5/Device24/IQ_1.dat,219,17169381,22,22,1,test,diff_days_indoor,5,0,0,0,0,0,0.37458598613739014
data/raw/osu_lora/Diff_Days_Indoor_Setup/Day5/Device24/IQ_1.dat,220,17247780,22,22,1,test,diff_days_indoor,5,0,0,0,0,0,0.4579830467700958
data/raw/osu_lora/Diff_Days_Indoor_Setup/Day5/Device24/IQ_1.dat,221,17326179,22,22,1,test,diff_days_indoor,5,0,0,0,0,0,0.7329907417297363
data/raw/osu_lora/Diff_Days_Indoor_Setup/Day5/Device24/IQ_1.dat,222,17404578,22,4,0,test,diff_days_indoor,5,0,0,0,0,0,0.7950156927108765
data/raw/osu_lora/Diff_Days_Indoor_Setup/Day5/Device24/IQ_1.dat,223,17482977,22,22,1,test,diff_days_indoor,5,0,0,0,0,0,0.29136747121810913
data/raw/osu_lora/Diff_Days_Indoor_Setup/Day5/Device24/IQ_1.dat,224,17561376,22,22,1,test,diff_days_indoor,5,0,0,0,0,0,0.6748229265213013
data/raw/osu_lora/Diff_Days_Indoor_Setup/Day5/Device24/IQ_1.dat,225,17639775,22,22,1,test,diff_days_indoor,5,0,0,0,0,0,0.5918133854866028
data/raw/osu_lora/Diff_Days_Indoor_Setup/Day5/Device24/IQ_1.dat,226,17718174,22,22,1,test,diff_days_indoor,5,0,0,0,0,0,0.6107712388038635
data/raw/osu_lora/Diff_Days_Indoor_Setup/Day5/Device24/IQ_1.dat,227,17796573,22,22,1,test,diff_days_indoor,5,0,0,0,0,0,0.7477654814720154
data/raw/osu_lora/Diff_Days_Indoor_Setup/Day5/Device24/IQ_1.dat,228,17874972,22,17,0,test,diff_days_indoor,5,0,0,0,0,0,0.20168714225292206
data/raw/osu_lora/Diff_Days_Indoor_Setup/Day5/Device24/IQ_1.dat,229,17953371,22,22,1,test,diff_days_indoor,5,0,0,0,0,0,0.6657615303993225
data/raw/osu_lora/Diff_Days_Indoor_Setup/Day5/Device24/IQ_1.dat,230,18031770,22,22,1,test,diff_days_indoor,5,0,0,0,0,0,0.41950830817222595
data/raw/osu_lora/Diff_Days_Indoor_Setup/Day5/Device24/IQ_1.dat,231,18110169,22,22,1,test,diff_days_indoor,5,0,0,0,0,0,0.6969089508056641
data/raw/osu_lora/Diff_Days_Indoor_Setup/Day5/Device24/IQ_1.dat,232,18188568,22,22,1,test,diff_days_indoor,5,0,0,0,0,0,0.3074800372123718
data/raw/osu_lora/Diff_Days_Indoor_Setup/Day5/Device24/IQ_1.dat,233,18266967,22,22,1,test,diff_days_indoor,5,0,0,0,0,0,0.32332298159599304
data/raw/osu_lora/Diff_Days_Indoor_Setup/Day5/Device24/IQ_1.dat,234,18345366,22,22,1,test,diff_days_indoor,5,0,0,0,0,0,0.5213601589202881
data/raw/osu_lora/Diff_Days_Indoor_Setup/Day5/Device24/IQ_1.dat,235,18423765,22,14,0,test,diff_days_indoor,5,0,0,0,0,0,0.3517065644264221
data/raw/osu_lora/Diff_Days_Indoor_Setup/Day5/Device24/IQ_1.dat,236,18502164,22,22,1,test,diff_days_indoor,5,0,0,0,0,0,0.6431055068969727
data/raw/osu_lora/Diff_Days_Indoor_Setup/Day5/Device24/IQ_1.dat,237,18580563,22,22,1,test,diff_days_indoor,5,0,0,0,0,0,0.673968493938446
data/raw/osu_lora/Diff_Days_Indoor_Setup/Day5/Device24/IQ_1.dat,238,18658962,22,22,1,test,diff_days_indoor,5,0,0,0,0,0,0.5496414303779602
data/raw/osu_lora/Diff_Days_Indoor_Setup/Day5/Device24/IQ_1.dat,239,18737361,22,22,1,test,diff_days_indoor,5,0,0,0,0,0,0.7308253049850464
data/raw/osu_lora/Diff_Days_Indoor_Setup/Day5/Device24/IQ_1.dat,240,18815760,22,22,1,test,diff_days_indoor,5,0,0,0,0,0,0.7986902594566345
data/raw/osu_lora/Diff_Days_Indoor_Setup/Day5/Device24/IQ_1.dat,241,18894159,22,22,1,test,diff_days_indoor,5,0,0,0,0,0,0.3532329201698303
data/raw/osu_lora/Diff_Days_Indoor_Setup/Day5/Device24/IQ_1.dat,242,18972558,22,22,1,test,diff_days_indoor,5,0,0,0,0,0,0.7827834486961365
data/raw/osu_lora/Diff_Days_Indoor_Setup/Day5/Device24/IQ_1.dat,243,19050957,22,22,1,test,diff_days_indoor,5,0,0,0,0,0,0.5541517734527588
data/raw/osu_lora/Diff_Days_Indoor_Setup/Day5/Device24/IQ_1.dat,244,19129356,22,22,1,test,diff_days_indoor,5,0,0,0,0,0,0.5623867511749268
data/raw/osu_lora/Diff_Days_Indoor_Setup/Day5/Device24/IQ_1.dat,245,19207755,22,13,0,test,diff_days_indoor,5,0,0,0,0,0,0.22945483028888702
data/raw/osu_lora/Diff_Days_Indoor_Setup/Day5/Device24/IQ_1.dat,246,19286154,22,22,1,test,diff_days_indoor,5,0,0,0,0,0,0.6959283351898193
data/raw/osu_lora/Diff_Days_Indoor_Setup/Day5/Device24/IQ_1.dat,247,19364553,22,22,1,test,diff_days_indoor,5,0,0,0,0,0,0.8230541944503784
data/raw/osu_lora/Diff_Days_Indoor_Setup/Day5/Device24/IQ_1.dat,248,19442952,22,5,0,test,diff_days_indoor,5,0,0,0,0,0,0.14683811366558075
data/raw/osu_lora/Diff_Days_Indoor_Setup/Day5/Device24/IQ_1.dat,249,19521351,22,22,1,test,diff_days_indoor,5,0,0,0,0,0,0.2276223599910736
data/raw/osu_lora/Diff_Days_Indoor_Setup/Day5/Device24/IQ_1.dat,250,19599750,22,22,1,test,diff_days_indoor,5,0,0,0,0,0,0.2999408543109894
data/raw/osu_lora/Diff_Days_Indoor_Setup/Day5/Device24/IQ_1.dat,251,19678149,22,15,0,test,diff_days_indoor,5,0,0,0,0,0,0.18113018572330475
data/raw/osu_lora/Diff_Days_Indoor_Setup/Day5/Device24/IQ_1.dat,252,19756548,22,22,1,test,diff_days_indoor,5,0,0,0,0,0,0.7002209424972534
data/raw/osu_lora/Diff_Days_Indoor_Setup/Day5/Device24/IQ_1.dat,253,19834947,22,22,1,test,diff_days_indoor,5,0,0,0,0,0,0.5601299405097961
data/raw/osu_lora/Diff_Days_Indoor_Setup/Day5/Device24/IQ_1.dat,254,19913346,22,22,1,test,diff_days_indoor,5,0,0,0,0,0,0.38585981726646423
data/raw/osu_lora/Diff_Days_Indoor_Setup/Day5/Device24/IQ_1.dat,255,19991745,22,22,1,test,diff_days_indoor,5,0,0,0,0,0,0.4508126974105835
data/raw/osu_lora/Diff_Days_Indoor_Setup/Day5/Device25/IQ_1.dat,0,0,23,23,1,test,diff_days_indoor,5,0,0,0,0,0,0.351346492767334
data/raw/osu_lora/Diff_Days_Indoor_Setup/Day5/Device25/IQ_1.dat,1,78399,23,23,1,test,diff_days_indoor,5,0,0,0,0,0,0.2464977353811264
data/raw/osu_lora/Diff_Days_Indoor_Setup/Day5/Device25/IQ_1.dat,2,156798,23,23,1,test,diff_days_indoor,5,0,0,0,0,0,0.14986270666122437
data/raw/osu_lora/Diff_Days_Indoor_Setup/Day5/Device25/IQ_1.dat,3,235197,23,6,0,test,diff_days_indoor,5,0,0,0,0,0,0.2112952023744583
data/raw/osu_lora/Diff_Days_Indoor_Setup/Day5/Device25/IQ_1.dat,4,313596,23,23,1,test,diff_days_indoor,5,0,0,0,0,0,0.307405561208725
data/raw/osu_lora/Diff_Days_Indoor_Setup/Day5/Device25/IQ_1.dat,5,391995,23,23,1,test,diff_days_indoor,5,0,0,0,0,0,0.438978910446167
data/raw/osu_lora/Diff_Days_Indoor_Setup/Day5/Device25/IQ_1.dat,6,470394,23,23,1,test,diff_days_indoor,5,0,0,0,0,0,0.28990212082862854
data/raw/osu_lora/Diff_Days_Indoor_Setup/Day5/Device25/IQ_1.dat,7,548793,23,18,0,test,diff_days_indoor,5,0,0,0,0,0,0.2331382781267166
data/raw/osu_lora/Diff_Days_Indoor_Setup/Day5/Device25/IQ_1.dat,8,627192,23,23,1,test,diff_days_indoor,5,0,0,0,0,0,0.29478248953819275
data/raw/osu_lora/Diff_Days_Indoor_Setup/Day5/Device25/IQ_1.dat,9,705591,23,22,0,test,diff_days_indoor,5,0,0,0,0,0,0.3430364429950714
data/raw/osu_lora/Diff_Days_Indoor_Setup/Day5/Device25/IQ_1.dat,10,783990,23,22,0,test,diff_days_indoor,5,0,0,0,0,0,0.6874327659606934
data/raw/osu_lora/Diff_Days_Indoor_Setup/Day5/Device25/IQ_1.dat,11,862389,23,6,0,test,diff_days_indoor,5,0,0,0,0,0,0.1691150814294815
data/raw/osu_lora/Diff_Days_Indoor_Setup/Day5/Device25/IQ_1.dat,12,940788,23,23,1,test,diff_days_indoor,5,0,0,0,0,0,0.34695813059806824
data/raw/osu_lora/Diff_Days_Indoor_Setup/Day5/Device25/IQ_1.dat,13,1019187,23,15,0,test,diff_days_indoor,5,0,0,0,0,0,0.25391340255737305
data/raw/osu_lora/Diff_Days_Indoor_Setup/Day5/Device25/IQ_1.dat,14,1097586,23,9,0,test,diff_days_indoor,5,0,0,0,0,0,0.12043383717536926
data/raw/osu_lora/Diff_Days_Indoor_Setup/Day5/Device25/IQ_1.dat,15,1175985,23,10,0,test,diff_days_indoor,5,0,0,0,0,0,0.24051547050476074
data/raw/osu_lora/Diff_Days_Indoor_Setup/Day5/Device25/IQ_1.dat,16,1254384,23,19,0,test,diff_days_indoor,5,0,0,0,0,0,0.19313272833824158
data/raw/osu_lora/Diff_Days_Indoor_Setup/Day5/Device25/IQ_1.dat,17,1332783,23,23,1,test,diff_days_indoor,5,0,0,0,0,0,0.43507811427116394
data/raw/osu_lora/Diff_Days_Indoor_Setup/Day5/Device25/IQ_1.dat,18,1411182,23,17,0,test,diff_days_indoor,5,0,0,0,0,0,0.2375764548778534
data/raw/osu_lora/Diff_Days_Indoor_Setup/Day5/Device25/IQ_1.dat,19,1489581,23,17,0,test,diff_days_indoor,5,0,0,0,0,0,0.3262156844139099
data/raw/osu_lora/Diff_Days_Indoor_Setup/Day5/Device25/IQ_1.dat,20,1567980,23,22,0,test,diff_days_indoor,5,0,0,0,0,0,0.3427090644836426
data/raw/osu_lora/Diff_Days_Indoor_Setup/Day5/Device25/IQ_1.dat,21,1646379,23,15,0,test,diff_days_indoor,5,0,0,0,0,0,0.3437613844871521
data/raw/osu_lora/Diff_Days_Indoor_Setup/Day5/Device25/IQ_1.dat,22,1724778,23,23,1,test,diff_days_indoor,5,0,0,0,0,0,0.6031700372695923
data/raw/osu_lora/Diff_Days_Indoor_Setup/Day5/Device25/IQ_1.dat,23,1803177,23,19,0,test,diff_days_indoor,5,0,0,0,0,0,0.22081764042377472
data/raw/osu_lora/Diff_Days_Indoor_Setup/Day5/Device25/IQ_1.dat,24,1881576,23,22,0,test,diff_days_indoor,5,0,0,0,0,0,0.7657005190849304
data/raw/osu_lora/Diff_Days_Indoor_Setup/Day5/Device25/IQ_1.dat,25,1959975,23,19,0,test,diff_days_indoor,5,0,0,0,0,0,0.27207571268081665
data/raw/osu_lora/Diff_Days_Indoor_Setup/Day5/Device25/IQ_1.dat,26,2038374,23,23,1,test,diff_days_indoor,5,0,0,0,0,0,0.4284824728965759
data/raw/osu_lora/Diff_Days_Indoor_Setup/Day5/Device25/IQ_1.dat,27,2116773,23,23,1,test,diff_days_indoor,5,0,0,0,0,0,0.36752691864967346
data/raw/osu_lora/Diff_Days_Indoor_Setup/Day5/Device25/IQ_1.dat,28,2195172,23,15,0,test,diff_days_indoor,5,0,0,0,0,0,0.272560715675354
data/raw/osu_lora/Diff_Days_Indoor_Setup/Day5/Device25/IQ_1.dat,29,2273571,23,17,0,test,diff_days_indoor,5,0,0,0,0,0,0.12853248417377472
data/raw/osu_lora/Diff_Days_Indoor_Setup/Day5/Device25/IQ_1.dat,30,2351970,23,23,1,test,diff_days_indoor,5,0,0,0,0,0,0.4358324408531189
data/raw/osu_lora/Diff_Days_Indoor_Setup/Day5/Device25/IQ_1.dat,31,2430369,23,22,0,test,diff_days_indoor,5,0,0,0,0,0,0.5474787950515747
data/raw/osu_lora/Diff_Days_Indoor_Setup/Day5/Device25/IQ_1.dat,32,2508768,23,19,0,test,diff_days_indoor,5,0,0,0,0,0,0.22653789818286896
data/raw/osu_lora/Diff_Days_Indoor_Setup/Day5/Device25/IQ_1.dat,33,2587167,23,17,0,test,diff_days_indoor,5,0,0,0,0,0,0.27330464124679565
data/raw/osu_lora/Diff_Days_Indoor_Setup/Day5/Device25/IQ_1.dat,34,2665566,23,23,1,test,diff_days_indoor,5,0,0,0,0,0,0.3012864887714386
data/raw/osu_lora/Diff_Days_Indoor_Setup/Day5/Device25/IQ_1.dat,35,2743965,23,23,1,test,diff_days_indoor,5,0,0,0,0,0,0.3844664692878723
data/raw/osu_lora/Diff_Days_Indoor_Setup/Day5/Device25/IQ_1.dat,36,2822364,23,22,0,test,diff_days_indoor,5,0,0,0,0,0,0.23768016695976257
data/raw/osu_lora/Diff_Days_Indoor_Setup/Day5/Device25/IQ_1.dat,37,2900763,23,6,0,test,diff_days_indoor,5,0,0,0,0,0,0.13970881700515747
data/raw/osu_lora/Diff_Days_Indoor_Setup/Day5/Device25/IQ_1.dat,38,2979162,23,7,0,test,diff_days_indoor,5,0,0,0,0,0,0.11657781898975372
data/raw/osu_lora/Diff_Days_Indoor_Setup/Day5/Device25/IQ_1.dat,39,3057561,23,23,1,test,diff_days_indoor,5,0,0,0,0,0,0.20627103745937347
data/raw/osu_lora/Diff_Days_Indoor_Setup/Day5/Device25/IQ_1.dat,40,3135960,23,23,1,test,diff_days_indoor,5,0,0,0,0,0,0.35280945897102356
data/raw/osu_lora/Diff_Days_Indoor_Setup/Day5/Device25/IQ_1.dat,41,3214359,23,23,1,test,diff_days_indoor,5,0,0,0,0,0,0.3560408055782318
data/raw/osu_lora/Diff_Days_Indoor_Setup/Day5/Device25/IQ_1.dat,42,3292758,23,22,0,test,diff_days_indoor,5,0,0,0,0,0,0.47578170895576477
data/raw/osu_lora/Diff_Days_Indoor_Setup/Day5/Device25/IQ_1.dat,43,3371157,23,23,1,test,diff_days_indoor,5,0,0,0,0,0,0.2319425791501999
data/raw/osu_lora/Diff_Days_Indoor_Setup/Day5/Device25/IQ_1.dat,44,3449556,23,22,0,test,diff_days_indoor,5,0,0,0,0,0,0.301412433385849
data/raw/osu_lora/Diff_Days_Indoor_Setup/Day5/Device25/IQ_1.dat,45,3527955,23,17,0,test,diff_days_indoor,5,0,0,0,0,0,0.17591725289821625
data/raw/osu_lora/Diff_Days_Indoor_Setup/Day5/Device25/IQ_1.dat,46,3606354,23,23,1,test,diff_days_indoor,5,0,0,0,0,0,0.3577660620212555
data/raw/osu_lora/Diff_Days_Indoor_Setup/Day5/Device25/IQ_1.dat,47,3684753,23,10,0,test,diff_days_indoor,5,0,0,0,0,0,0.4648767411708832
data/raw/osu_lora/Diff_Days_Indoor_Setup/Day5/Device25/IQ_1.dat,48,3763152,23,22,0,test,diff_days_indoor,5,0,0,0,0,0,0.32797306776046753
data/raw/osu_lora/Diff_Days_Indoor_Setup/Day5/Device25/IQ_1.dat,49,3841551,23,22,0,test,diff_days_indoor,5,0,0,0,0,0,0.3667653799057007
data/raw/osu_lora/Diff_Days_Indoor_Setup/Day5/Device25/IQ_1.dat,50,3919950,23,22,0,test,diff_days_indoor,5,0,0,0,0,0,0.6019478440284729
data/raw/osu_lora/Diff_Days_Indoor_Setup/Day5/Device25/IQ_1.dat,51,3998349,23,15,0,test,diff_days_indoor,5,0,0,0,0,0,0.3389797806739807
data/raw/osu_lora/Diff_Days_Indoor_Setup/Day5/Device25/IQ_1.dat,52,4076748,23,11,0,test,diff_days_indoor,5,0,0,0,0,0,0.5463360548019409
data/raw/osu_lora/Diff_Days_Indoor_Setup/Day5/Device25/IQ_1.dat,53,4155147,23,23,1,test,diff_days_indoor,5,0,0,0,0,0,0.20111022889614105
data/raw/osu_lora/Diff_Days_Indoor_Setup/Day5/Device25/IQ_1.dat,54,4233546,23,23,1,test,diff_days_indoor,5,0,0,0,0,0,0.4476414918899536
data/raw/osu_lora/Diff_Days_Indoor_Setup/Day5/Device25/IQ_1.dat,55,4311945,23,23,1,test,diff_days_indoor,5,0,0,0,0,0,0.34185993671417236
data/raw/osu_lora/Diff_Days_Indoor_Setup/Day5/Device25/IQ_1.dat,56,4390344,23,15,0,test,diff_days_indoor,5,0,0,0,0,0,0.3175240457057953
data/raw/osu_lora/Diff_Days_Indoor_Setup/Day5/Device25/IQ_1.dat,57,4468743,23,17,0,test,diff_days_indoor,5,0,0,0,0,0,0.3129016160964966
data/raw/osu_lora/Diff_Days_Indoor_Setup/Day5/Device25/IQ_1.dat,58,4547142,23,17,0,test,diff_days_indoor,5,0,0,0,0,0,0.240831658244133
data/raw/osu_lora/Diff_Days_Indoor_Setup/Day5/Device25/IQ_1.dat,59,4625541,23,19,0,test,diff_days_indoor,5,0,0,0,0,0,0.18767961859703064
data/raw/osu_lora/Diff_Days_Indoor_Setup/Day5/Device25/IQ_1.dat,60,4703940,23,19,0,test,diff_days_indoor,5,0,0,0,0,0,0.20325104892253876
data/raw/osu_lora/Diff_Days_Indoor_Setup/Day5/Device25/IQ_1.dat,61,4782339,23,19,0,test,diff_days_indoor,5,0,0,0,0,0,0.2669026851654053
data/raw/osu_lora/Diff_Days_Indoor_Setup/Day5/Device25/IQ_1.dat,62,4860738,23,17,0,test,diff_days_indoor,5,0,0,0,0,0,0.315891295671463
data/raw/osu_lora/Diff_Days_Indoor_Setup/Day5/Device25/IQ_1.dat,63,4939137,23,23,1,test,diff_days_indoor,5,0,0,0,0,0,0.10988721251487732
data/raw/osu_lora/Diff_Days_Indoor_Setup/Day5/Device25/IQ_1.dat,64,5017536,23,23,1,test,diff_days_indoor,5,0,0,0,0,0,0.4336327016353607
data/raw/osu_lora/Diff_Days_Indoor_Setup/Day5/Device25/IQ_1.dat,65,5095935,23,15,0,test,diff_days_indoor,5,0,0,0,0,0,0.24937736988067627
data/raw/osu_lora/Diff_Days_Indoor_Setup/Day5/Device25/IQ_1.dat,66,5174334,23,22,0,test,diff_days_indoor,5,0,0,0,0,0,0.3748061954975128
data/raw/osu_lora/Diff_Days_Indoor_Setup/Day5/Device25/IQ_1.dat,67,5252733,23,22,0,test,diff_days_indoor,5,0,0,0,0,0,0.47908884286880493
data/raw/osu_lora/Diff_Days_Indoor_Setup/Day5/Device25/IQ_1.dat,68,5331132,23,15,0,test,diff_days_indoor,5,0,0,0,0,0,0.1945066899061203
data/raw/osu_lora/Diff_Days_Indoor_Setup/Day5/Device25/IQ_1.dat,69,5409531,23,23,1,test,diff_days_indoor,5,0,0,0,0,0,0.2823472023010254
data/raw/osu_lora/Diff_Days_Indoor_Setup/Day5/Device25/IQ_1.dat,70,5487930,23,19,0,test,diff_days_indoor,5,0,0,0,0,0,0.1575549989938736
data/raw/osu_lora/Diff_Days_Indoor_Setup/Day5/Device25/IQ_1.dat,71,5566329,23,5,0,test,diff_days_indoor,5,0,0,0,0,0,0.3075908422470093
data/raw/osu_lora/Diff_Days_Indoor_Setup/Day5/Device25/IQ_1.dat,72,5644728,23,23,1,test,diff_days_indoor,5,0,0,0,0,0,0.2575779855251312
data/raw/osu_lora/Diff_Days_Indoor_Setup/Day5/Device25/IQ_1.dat,73,5723127,23,19,0,test,diff_days_indoor,5,0,0,0,0,0,0.2745349407196045
data/raw/osu_lora/Diff_Days_Indoor_Setup/Day5/Device25/IQ_1.dat,74,5801526,23,15,0,test,diff_days_indoor,5,0,0,0,0,0,0.3047081232070923
data/raw/osu_lora/Diff_Days_Indoor_Setup/Day5/Device25/IQ_1.dat,75,5879925,23,23,1,test,diff_days_indoor,5,0,0,0,0,0,0.36223262548446655
data/raw/osu_lora/Diff_Days_Indoor_Setup/Day5/Device25/IQ_1.dat,76,5958324,23,15,0,test,diff_days_indoor,5,0,0,0,0,0,0.24139854311943054
data/raw/osu_lora/Diff_Days_Indoor_Setup/Day5/Device25/IQ_1.dat,77,6036723,23,23,1,test,diff_days_indoor,5,0,0,0,0,0,0.27406540513038635
data/raw/osu_lora/Diff_Days_Indoor_Setup/Day5/Device25/IQ_1.dat,78,6115122,23,15,0,test,diff_days_indoor,5,0,0,0,0,0,0.20994915068149567
data/raw/osu_lora/Diff_Days_Indoor_Setup/Day5/Device25/IQ_1.dat,79,6193521,23,22,0,test,diff_days_indoor,5,0,0,0,0,0,0.28042834997177124
data/raw/osu_lora/Diff_Days_Indoor_Setup/Day5/Device25/IQ_1.dat,80,6271920,23,23,1,test,diff_days_indoor,5,0,0,0,0,0,0.4503905773162842
data/raw/osu_lora/Diff_Days_Indoor_Setup/Day5/Device25/IQ_1.dat,81,6350319,23,19,0,test,diff_days_indoor,5,0,0,0,0,0,0.2728854715824127
data/raw/osu_lora/Diff_Days_Indoor_Setup/Day5/Device25/IQ_1.dat,82,6428718,23,22,0,test,diff_days_indoor,5,0,0,0,0,0,0.18851180374622345
data/raw/osu_lora/Diff_Days_Indoor_Setup/Day5/Device25/IQ_1.dat,83,6507117,23,9,0,test,diff_days_indoor,5,0,0,0,0,0,0.22476232051849365
data/raw/osu_lora/Diff_Days_Indoor_Setup/Day5/Device25/IQ_1.dat,84,6585516,23,20,0,test,diff_days_indoor,5,0,0,0,0,0,0.46372467279434204
data/raw/osu_lora/Diff_Days_Indoor_Setup/Day5/Device25/IQ_1.dat,85,6663915,23,19,0,test,diff_days_indoor,5,0,0,0,0,0,0.2015446275472641
data/raw/osu_lora/Diff_Days_Indoor_Setup/Day5/Device25/IQ_1.dat,86,6742314,23,22,0,test,diff_days_indoor,5,0,0,0,0,0,0.3068844974040985
data/raw/osu_lora/Diff_Days_Indoor_Setup/Day5/Device25/IQ_1.dat,87,6820713,23,6,0,test,diff_days_indoor,5,0,0,0,0,0,0.18760666251182556
data/raw/osu_lora/Diff_Days_Indoor_Setup/Day5/Device25/IQ_1.dat,88,6899112,23,19,0,test,diff_days_indoor,5,0,0,0,0,0,0.21992449462413788
data/raw/osu_lora/Diff_Days_Indoor_Setup/Day5/Device25/IQ_1.dat,89,6977511,23,23,1,test,diff_days_indoor,5,0,0,0,0,0,0.22119036316871643
data/raw/osu_lora/Diff_Days_Indoor_Setup/Day5/Device25/IQ_1.dat,90,7055910,23,23,1,test,diff_days_indoor,5,0,0,0,0,0,0.189142644405365
data/raw/osu_lora/Diff_Days_Indoor_Setup/Day5/Device25/IQ_1.dat,91,7134309,23,22,0,test,diff_days_indoor,5,0,0,0,0,0,0.40949222445487976
data/raw/osu_lora/Diff_Days_Indoor_Setup/Day5/Device25/IQ_1.dat,92,7212708,23,23,1,test,diff_days_indoor,5,0,0,0,0,0,0.274005264043808
data/raw/osu_lora/Diff_Days_Indoor_Setup/Day5/Device25/IQ_1.dat,93,7291107,23,23,1,test,diff_days_indoor,5,0,0,0,0,0,0.26097866892814636
data/raw/osu_lora/Diff_Days_Indoor_Setup/Day5/Device25/IQ_1.dat,94,7369506,23,19,0,test,diff_days_indoor,5,0,0,0,0,0,0.2512425184249878
data/raw/osu_lora/Diff_Days_Indoor_Setup/Day5/Device25/IQ_1.dat,95,7447905,23,15,0,test,diff_days_indoor,5,0,0,0,0,0,0.2909564673900604
data/raw/osu_lora/Diff_Days_Indoor_Setup/Day5/Device25/IQ_1.dat,96,7526304,23,22,0,test,diff_days_indoor,5,0,0,0,0,0,0.3268820643424988
data/raw/osu_lora/Diff_Days_Indoor_Setup/Day5/Device25/IQ_1.dat,97,7604703,23,2,0,test,diff_days_indoor,5,0,0,0,0,0,0.20404750108718872
data/raw/osu_lora/Diff_Days_Indoor_Setup/Day5/Device25/IQ_1.dat,98,7683102,23,22,0,test,diff_days_indoor,5,0,0,0,0,0,0.5723782777786255
data/raw/osu_lora/Diff_Days_Indoor_Setup/Day5/Device25/IQ_1.dat,99,7761501,23,7,0,test,diff_days_indoor,5,0,0,0,0,0,0.196672722697258
data/raw/osu_lora/Diff_Days_Indoor_Setup/Day5/Device25/IQ_1.dat,100,7839900,23,23,1,test,diff_days_indoor,5,0,0,0,0,0,0.37700167298316956
data/raw/osu_lora/Diff_Days_Indoor_Setup/Day5/Device25/IQ_1.dat,101,7918299,23,19,0,test,diff_days_indoor,5,0,0,0,0,0,0.1585754007101059
data/raw/osu_lora/Diff_Days_Indoor_Setup/Day5/Device25/IQ_1.dat,102,7996698,23,5,0,test,diff_days_indoor,5,0,0,0,0,0,0.31932997703552246
data/raw/osu_lora/Diff_Days_Indoor_Setup/Day5/Device25/IQ_1.dat,103,8075097,23,19,0,test,diff_days_indoor,5,0,0,0,0,0,0.21769258379936218
data/raw/osu_lora/Diff_Days_Indoor_Setup/Day5/Device25/IQ_1.dat,104,8153496,23,22,0,test,diff_days_indoor,5,0,0,0,0,0,0.521044135093689
data/raw/osu_lora/Diff_Days_Indoor_Setup/Day5/Device25/IQ_1.dat,105,8231895,23,15,0,test,diff_days_indoor,5,0,0,0,0,0,0.20501314103603363
data/raw/osu_lora/Diff_Days_Indoor_Setup/Day5/Device25/IQ_1.dat,106,8310294,23,22,0,test,diff_days_indoor,5,0,0,0,0,0,0.4854644238948822
data/raw/osu_lora/Diff_Days_Indoor_Setup/Day5/Device25/IQ_1.dat,107,8388693,23,15,0,test,diff_days_indoor,5,0,0,0,0,0,0.2718488872051239
data/raw/osu_lora/Diff_Days_Indoor_Setup/Day5/Device25/IQ_1.dat,108,8467092,23,4,0,test,diff_days_indoor,5,0,0,0,0,0,0.6933072209358215
data/raw/osu_lora/Diff_Days_Indoor_Setup/Day5/Device25/IQ_1.dat,109,8545491,23,22,0,test,diff_days_indoor,5,0,0,0,0,0,0.8185158371925354
data/raw/osu_lora/Diff_Days_Indoor_Setup/Day5/Device25/IQ_1.dat,110,8623890,23,22,0,test,diff_days_indoor,5,0,0,0,0,0,0.772212028503418
data/raw/osu_lora/Diff_Days_Indoor_Setup/Day5/Device25/IQ_1.dat,111,8702289,23,23,1,test,diff_days_indoor,5,0,0,0,0,0,0.4641582667827606
data/raw/osu_lora/Diff_Days_Indoor_Setup/Day5/Device25/IQ_1.dat,112,8780688,23,22,0,test,diff_days_indoor,5,0,0,0,0,0,0.27097809314727783
data/raw/osu_lora/Diff_Days_Indoor_Setup/Day5/Device25/IQ_1.dat,113,8859087,23,15,0,test,diff_days_indoor,5,0,0,0,0,0,0.20507502555847168
data/raw/osu_lora/Diff_Days_Indoor_Setup/Day5/Device25/IQ_1.dat,114,8937486,23,17,0,test,diff_days_indoor,5,0,0,0,0,0,0.1763942986726761
data/raw/osu_lora/Diff_Days_Indoor_Setup/Day5/Device25/IQ_1.dat,115,9015885,23,22,0,test,diff_days_indoor,5,0,0,0,0,0,0.5019021034240723
data/raw/osu_lora/Diff_Days_Indoor_Setup/Day5/Device25/IQ_1.dat,116,9094284,23,15,0,test,diff_days_indoor,5,0,0,0,0,0,0.30718764662742615
data/raw/osu_lora/Diff_Days_Indoor_Setup/Day5/Device25/IQ_1.dat,117,9172683,23,22,0,test,diff_days_indoor,5,0,0,0,0,0,0.5581650733947754
data/raw/osu_lora/Diff_Days_Indoor_Setup/Day5/Device25/IQ_1.dat,118,9251082,23,17,0,test,diff_days_indoor,5,0,0,0,0,0,0.2921125888824463
data/raw/osu_lora/Diff_Days_Indoor_Setup/Day5/Device25/IQ_1.dat,119,9329481,23,17,0,test,diff_days_indoor,5,0,0,0,0,0,0.1756034791469574
data/raw/osu_lora/Diff_Days_Indoor_Setup/Day5/Device25/IQ_1.dat,120,9407880,23,22,0,test,diff_days_indoor,5,0,0,0,0,0,0.4493974447250366
data/raw/osu_lora/Diff_Days_Indoor_Setup/Day5/Device25/IQ_1.dat,121,9486279,23,23,1,test,diff_days_indoor,5,0,0,0,0,0,0.30909809470176697
data/raw/osu_lora/Diff_Days_Indoor_Setup/Day5/Device25/IQ_1.dat,122,9564678,23,22,0,test,diff_days_indoor,5,0,0,0,0,0,0.3429778218269348
data/raw/osu_lora/Diff_Days_Indoor_Setup/Day5/Device25/IQ_1.dat,123,9643077,23,15,0,test,diff_days_indoor,5,0,0,0,0,0,0.28954029083251953
data/raw/osu_lora/Diff_Days_Indoor_Setup/Day5/Device25/IQ_1.dat,124,9721476,23,22,0,test,diff_days_indoor,5,0,0,0,0,0,0.48936256766319275
data/raw/osu_lora/Diff_Days_Indoor_Setup/Day5/Device25/IQ_1.dat,125,9799875,23,23,1,test,diff_days_indoor,5,0,0,0,0,0,0.375553160905838
data/raw/osu_lora/Diff_Days_Indoor_Setup/Day5/Device25/IQ_1.dat,126,9878274,23,23,1,test,diff_days_indoor,5,0,0,0,0,0,0.28220751881599426
data/raw/osu_lora/Diff_Days_Indoor_Setup/Day5/Device25/IQ_1.dat,127,9956673,23,23,1,test,diff_days_indoor,5,0,0,0,0,0,0.43187567591667175
data/raw/osu_lora/Diff_Days_Indoor_Setup/Day5/Device25/IQ_1.dat,128,10035072,23,22,0,test,diff_days_indoor,5,0,0,0,0,0,0.4671970009803772
data/raw/osu_lora/Diff_Days_Indoor_Setup/Day5/Device25/IQ_1.dat,129,10113471,23,22,0,test,diff_days_indoor,5,0,0,0,0,0,0.3327212333679199
data/raw/osu_lora/Diff_Days_Indoor_Setup/Day5/Device25/IQ_1.dat,130,10191870,23,22,0,test,diff_days_indoor,5,0,0,0,0,0,0.48967382311820984
data/raw/osu_lora/Diff_Days_Indoor_Setup/Day5/Device25/IQ_1.dat,131,10270269,23,20,0,test,diff_days_indoor,5,0,0,0,0,0,0.20099660754203796
data/raw/osu_lora/Diff_Days_Indoor_Setup/Day5/Device25/IQ_1.dat,132,10348668,23,22,0,test,diff_days_indoor,5,0,0,0,0,0,0.5964399576187134
data/raw/osu_lora/Diff_Days_Indoor_Setup/Day5/Device25/IQ_1.dat,133,10427067,23,23,1,test,diff_days_indoor,5,0,0,0,0,0,0.25324320793151855
data/raw/osu_lora/Diff_Days_Indoor_Setup/Day5/Device25/IQ_1.dat,134,10505466,23,11,0,test,diff_days_indoor,5,0,0,0,0,0,0.12479134649038315
data/raw/osu_lora/Diff_Days_Indoor_Setup/Day5/Device25/IQ_1.dat,135,10583865,23,22,0,test,diff_days_indoor,5,0,0,0,0,0,0.17551764845848083
data/raw/osu_lora/Diff_Days_Indoor_Setup/Day5/Device25/IQ_1.dat,136,10662264,23,19,0,test,diff_days_indoor,5,0,0,0,0,0,0.27463263273239136
data/raw/osu_lora/Diff_Days_Indoor_Setup/Day5/Device25/IQ_1.dat,137,10740663,23,2,0,test,diff_days_indoor,5,0,0,0,0,0,0.18649600446224213
data/raw/osu_lora/Diff_Days_Indoor_Setup/Day5/Device25/IQ_1.dat,138,10819062,23,23,1,test,diff_days_indoor,5,0,0,0,0,0,0.300775408744812
data/raw/osu_lora/Diff_Days_Indoor_Setup/Day5/Device25/IQ_1.dat,139,10897461,23,23,1,test,diff_days_indoor,5,0,0,0,0,0,0.2564062178134918
data/raw/osu_lora/Diff_Days_Indoor_Setup/Day5/Device25/IQ_1.dat,140,10975860,23,5,0,test,diff_days_indoor,5,0,0,0,0,0,0.16911496222019196
data/raw/osu_lora/Diff_Days_Indoor_Setup/Day5/Device25/IQ_1.dat,141,11054259,23,23,1,test,diff_days_indoor,5,0,0,0,0,0,0.48410698771476746
data/raw/osu_lora/Diff_Days_Indoor_Setup/Day5/Device25/IQ_1.dat,142,11132658,23,23,1,test,diff_days_indoor,5,0,0,0,0,0,0.3454578220844269
data/raw/osu_lora/Diff_Days_Indoor_Setup/Day5/Device25/IQ_1.dat,143,11211057,23,15,0,test,diff_days_indoor,5,0,0,0,0,0,0.21234358847141266
data/raw/osu_lora/Diff_Days_Indoor_Setup/Day5/Device25/IQ_1.dat,144,11289456,23,22,0,test,diff_days_indoor,5,0,0,0,0,0,0.33663830161094666
data/raw/osu_lora/Diff_Days_Indoor_Setup/Day5/Device25/IQ_1.dat,145,11367855,23,22,0,test,diff_days_indoor,5,0,0,0,0,0,0.4304521679878235
data/raw/osu_lora/Diff_Days_Indoor_Setup/Day5/Device25/IQ_1.dat,146,11446254,23,23,1,test,diff_days_indoor,5,0,0,0,0,0,0.3705088794231415
data/raw/osu_lora/Diff_Days_Indoor_Setup/Day5/Device25/IQ_1.dat,147,11524653,23,23,1,test,diff_days_indoor,5,0,0,0,0,0,0.38189899921417236
data/raw/osu_lora/Diff_Days_Indoor_Setup/Day5/Device25/IQ_1.dat,148,11603052,23,17,0,test,diff_days_indoor,5,0,0,0,0,0,0.2900019586086273
data/raw/osu_lora/Diff_Days_Indoor_Setup/Day5/Device25/IQ_1.dat,149,11681451,23,22,0,test,diff_days_indoor,5,0,0,0,0,0,0.3485538959503174
data/raw/osu_lora/Diff_Days_Indoor_Setup/Day5/Device25/IQ_1.dat,150,11759850,23,23,1,test,diff_days_indoor,5,0,0,0,0,0,0.299223393201828
data/raw/osu_lora/Diff_Days_Indoor_Setup/Day5/Device25/IQ_1.dat,151,11838249,23,23,1,test,diff_days_indoor,5,0,0,0,0,0,0.24747957289218903
data/raw/osu_lora/Diff_Days_Indoor_Setup/Day5/Device25/IQ_1.dat,152,11916648,23,17,0,test,diff_days_indoor,5,0,0,0,0,0,0.17098462581634521
data/raw/osu_lora/Diff_Days_Indoor_Setup/Day5/Device25/IQ_1.dat,153,11995047,23,15,0,test,diff_days_indoor,5,0,0,0,0,0,0.2810955345630646
data/raw/osu_lora/Diff_Days_Indoor_Setup/Day5/Device25/IQ_1.dat,154,12073446,23,23,1,test,diff_days_indoor,5,0,0,0,0,0,0.3076613247394562
data/raw/osu_lora/Diff_Days_Indoor_Setup/Day5/Device25/IQ_1.dat,155,12151845,23,22,0,test,diff_days_indoor,5,0,0,0,0,0,0.3330465257167816
data/raw/osu_lora/Diff_Days_Indoor_Setup/Day5/Device25/IQ_1.dat,156,12230244,23,19,0,test,diff_days_indoor,5,0,0,0,0,0,0.16083653271198273
data/raw/osu_lora/Diff_Days_Indoor_Setup/Day5/Device25/IQ_1.dat,157,12308643,23,23,1,test,diff_days_indoor,5,0,0,0,0,0,0.21073204278945923
data/raw/osu_lora/Diff_Days_Indoor_Setup/Day5/Device25/IQ_1.dat,158,12387042,23,19,0,test,diff_days_indoor,5,0,0,0,0,0,0.1626979559659958
data/raw/osu_lora/Diff_Days_Indoor_Setup/Day5/Device25/IQ_1.dat,159,12465441,23,23,1,test,diff_days_indoor,5,0,0,0,0,0,0.22430995106697083
data/raw/osu_lora/Diff_Days_Indoor_Setup/Day5/Device25/IQ_1.dat,160,12543840,23,23,1,test,diff_days_indoor,5,0,0,0,0,0,0.24033574759960175
data/raw/osu_lora/Diff_Days_Indoor_Setup/Day5/Device25/IQ_1.dat,161,12622239,23,23,1,test,diff_days_indoor,5,0,0,0,0,0,0.3283778727054596
data/raw/osu_lora/Diff_Days_Indoor_Setup/Day5/Device25/IQ_1.dat,162,12700638,23,23,1,test,diff_days_indoor,5,0,0,0,0,0,0.21336697041988373
data/raw/osu_lora/Diff_Days_Indoor_Setup/Day5/Device25/IQ_1.dat,163,12779037,23,23,1,test,diff_days_indoor,5,0,0,0,0,0,0.20932739973068237
data/raw/osu_lora/Diff_Days_Indoor_Setup/Day5/Device25/IQ_1.dat,164,12857436,23,23,1,test,diff_days_indoor,5,0,0,0,0,0,0.30606532096862793
data/raw/osu_lora/Diff_Days_Indoor_Setup/Day5/Device25/IQ_1.dat,165,12935835,23,20,0,test,diff_days_indoor,5,0,0,0,0,0,0.10859993100166321
data/raw/osu_lora/Diff_Days_Indoor_Setup/Day5/Device25/IQ_1.dat,166,13014234,23,23,1,test,diff_days_indoor,5,0,0,0,0,0,0.30753007531166077
data/raw/osu_lora/Diff_Days_Indoor_Setup/Day5/Device25/IQ_1.dat,167,13092633,23,15,0,test,diff_days_indoor,5,0,0,0,0,0,0.3330945372581482
data/raw/osu_lora/Diff_Days_Indoor_Setup/Day5/Device25/IQ_1.dat,168,13171032,23,19,0,test,diff_days_indoor,5,0,0,0,0,0,0.25738975405693054
data/raw/osu_lora/Diff_Days_Indoor_Setup/Day5/Device25/IQ_1.dat,169,13249431,23,15,0,test,diff_days_indoor,5,0,0,0,0,0,0.347101092338562
data/raw/osu_lora/Diff_Days_Indoor_Setup/Day5/Device25/IQ_1.dat,170,13327830,23,22,0,test,diff_days_indoor,5,0,0,0,0,0,0.6979435682296753
data/raw/osu_lora/Diff_Days_Indoor_Setup/Day5/Device25/IQ_1.dat,171,13406229,23,23,1,test,diff_days_indoor,5,0,0,0,0,0,0.294790118932724
data/raw/osu_lora/Diff_Days_Indoor_Setup/Day5/Device25/IQ_1.dat,172,13484628,23,23,1,test,diff_days_indoor,5,0,0,0,0,0,0.40486809611320496
data/raw/osu_lora/Diff_Days_Indoor_Setup/Day5/Device25/IQ_1.dat,173,13563027,23,23,1,test,diff_days_indoor,5,0,0,0,0,0,0.2645849883556366
data/raw/osu_lora/Diff_Days_Indoor_Setup/Day5/Device25/IQ_1.dat,174,13641426,23,21,0,test,diff_days_indoor,5,0,0,0,0,0,0.2353532463312149
data/raw/osu_lora/Diff_Days_Indoor_Setup/Day5/Device25/IQ_1.dat,175,13719825,23,23,1,test,diff_days_indoor,5,0,0,0,0,0,0.2701776921749115
data/raw/osu_lora/Diff_Days_Indoor_Setup/Day5/Device25/IQ_1.dat,176,13798224,23,19,0,test,diff_days_indoor,5,0,0,0,0,0,0.24227967858314514
data/raw/osu_lora/Diff_Days_Indoor_Setup/Day5/Device25/IQ_1.dat,177,13876623,23,17,0,test,diff_days_indoor,5,0,0,0,0,0,0.22699019312858582
data/raw/osu_lora/Diff_Days_Indoor_Setup/Day5/Device25/IQ_1.dat,178,13955022,23,23,1,test,diff_days_indoor,5,0,0,0,0,0,0.33380377292633057
data/raw/osu_lora/Diff_Days_Indoor_Setup/Day5/Device25/IQ_1.dat,179,14033421,23,23,1,test,diff_days_indoor,5,0,0,0,0,0,0.3606773316860199
data/raw/osu_lora/Diff_Days_Indoor_Setup/Day5/Device25/IQ_1.dat,180,14111820,23,15,0,test,diff_days_indoor,5,0,0,0,0,0,0.16923215985298157
data/raw/osu_lora/Diff_Days_Indoor_Setup/Day5/Device25/IQ_1.dat,181,14190219,23,2,0,test,diff_days_indoor,5,0,0,0,0,0,0.28881311416625977
data/raw/osu_lora/Diff_Days_Indoor_Setup/Day5/Device25/IQ_1.dat,182,14268618,23,17,0,test,diff_days_indoor,5,0,0,0,0,0,0.35251590609550476
data/raw/osu_lora/Diff_Days_Indoor_Setup/Day5/Device25/IQ_1.dat,183,14347017,23,23,1,test,diff_days_indoor,5,0,0,0,0,0,0.23949283361434937
data/raw/osu_lora/Diff_Days_Indoor_Setup/Day5/Device25/IQ_1.dat,184,14425416,23,23,1,test,diff_days_indoor,5,0,0,0,0,0,0.31502366065979004
data/raw/osu_lora/Diff_Days_Indoor_Setup/Day5/Device25/IQ_1.dat,185,14503815,23,23,1,test,diff_days_indoor,5,0,0,0,0,0,0.36614692211151123
data/raw/osu_lora/Diff_Days_Indoor_Setup/Day5/Device25/IQ_1.dat,186,14582214,23,23,1,test,diff_days_indoor,5,0,0,0,0,0,0.4646170139312744
data/raw/osu_lora/Diff_Days_Indoor_Setup/Day5/Device25/IQ_1.dat,187,14660613,23,23,1,test,diff_days_indoor,5,0,0,0,0,0,0.48992204666137695
data/raw/osu_lora/Diff_Days_Indoor_Setup/Day5/Device25/IQ_1.dat,188,14739012,23,15,0,test,diff_days_indoor,5,0,0,0,0,0,0.2597135603427887
data/raw/osu_lora/Diff_Days_Indoor_Setup/Day5/Device25/IQ_1.dat,189,14817411,23,23,1,test,diff_days_indoor,5,0,0,0,0,0,0.17931708693504333
data/raw/osu_lora/Diff_Days_Indoor_Setup/Day5/Device25/IQ_1.dat,190,14895810,23,23,1,test,diff_days_indoor,5,0,0,0,0,0,0.305117130279541
data/raw/osu_lora/Diff_Days_Indoor_Setup/Day5/Device25/IQ_1.dat,191,14974209,23,15,0,test,diff_days_indoor,5,0,0,0,0,0,0.25617167353630066
data/raw/osu_lora/Diff_Days_Indoor_Setup/Day5/Device25/IQ_1.dat,192,15052608,23,23,1,test,diff_days_indoor,5,0,0,0,0,0,0.4493821859359741
data/raw/osu_lora/Diff_Days_Indoor_Setup/Day5/Device25/IQ_1.dat,193,15131007,23,15,0,test,diff_days_indoor,5,0,0,0,0,0,0.3474258482456207
data/raw/osu_lora/Diff_Days_Indoor_Setup/Day5/Device25/IQ_1.dat,194,15209406,23,23,1,test,diff_days_indoor,5,0,0,0,0,0,0.28700125217437744
data/raw/osu_lora/Diff_Days_Indoor_Setup/Day5/Device25/IQ_1.dat,195,15287805,23,5,0,test,diff_days_indoor,5,0,0,0,0,0,0.18630477786064148
data/raw/osu_lora/Diff_Days_Indoor_Setup/Day5/Device25/IQ_1.dat,196,15366204,23,7,0,test,diff_days_indoor,5,0,0,0,0,0,0.24233247339725494
data/raw/osu_lora/Diff_Days_Indoor_Setup/Day5/Device25/IQ_1.dat,197,15444603,23,15,0,test,diff_days_indoor,5,0,0,0,0,0,0.3109583258628845
data/raw/osu_lora/Diff_Days_Indoor_Setup/Day5/Device25/IQ_1.dat,198,15523002,23,19,0,test,diff_days_indoor,5,0,0,0,0,0,0.270236074924469
data/raw/osu_lora/Diff_Days_Indoor_Setup/Day5/Device25/IQ_1.dat,199,15601401,23,19,0,test,diff_days_indoor,5,0,0,0,0,0,0.18050482869148254
data/raw/osu_lora/Diff_Days_Indoor_Setup/Day5/Device25/IQ_1.dat,200,15679800,23,23,1,test,diff_days_indoor,5,0,0,0,0,0,0.17027977108955383
data/raw/osu_lora/Diff_Days_Indoor_Setup/Day5/Device25/IQ_1.dat,201,15758199,23,15,0,test,diff_days_indoor,5,0,0,0,0,0,0.2514968812465668
data/raw/osu_lora/Diff_Days_Indoor_Setup/Day5/Device25/IQ_1.dat,202,15836598,23,22,0,test,diff_days_indoor,5,0,0,0,0,0,0.3939583897590637
data/raw/osu_lora/Diff_Days_Indoor_Setup/Day5/Device25/IQ_1.dat,203,15914997,23,22,0,test,diff_days_indoor,5,0,0,0,0,0,0.5805496573448181
data/raw/osu_lora/Diff_Days_Indoor_Setup/Day5/Device25/IQ_1.dat,204,15993396,23,9,0,test,diff_days_indoor,5,0,0,0,0,0,0.3056580722332001
data/raw/osu_lora/Diff_Days_Indoor_Setup/Day5/Device25/IQ_1.dat,205,16071795,23,23,1,test,diff_days_indoor,5,0,0,0,0,0,0.2968581020832062
data/raw/osu_lora/Diff_Days_Indoor_Setup/Day5/Device25/IQ_1.dat,206,16150194,23,23,1,test,diff_days_indoor,5,0,0,0,0,0,0.45002344250679016
data/raw/osu_lora/Diff_Days_Indoor_Setup/Day5/Device25/IQ_1.dat,207,16228593,23,9,0,test,diff_days_indoor,5,0,0,0,0,0,0.11084116250276566
data/raw/osu_lora/Diff_Days_Indoor_Setup/Day5/Device25/IQ_1.dat,208,16306992,23,15,0,test,diff_days_indoor,5,0,0,0,0,0,0.1883154958486557
data/raw/osu_lora/Diff_Days_Indoor_Setup/Day5/Device25/IQ_1.dat,209,16385391,23,21,0,test,diff_days_indoor,5,0,0,0,0,0,0.24462974071502686
data/raw/osu_lora/Diff_Days_Indoor_Setup/Day5/Device25/IQ_1.dat,210,16463790,23,23,1,test,diff_days_indoor,5,0,0,0,0,0,0.2172834873199463
data/raw/osu_lora/Diff_Days_Indoor_Setup/Day5/Device25/IQ_1.dat,211,16542189,23,22,0,test,diff_days_indoor,5,0,0,0,0,0,0.4638783931732178
data/raw/osu_lora/Diff_Days_Indoor_Setup/Day5/Device25/IQ_1.dat,212,16620588,23,19,0,test,diff_days_indoor,5,0,0,0,0,0,0.31898266077041626
data/raw/osu_lora/Diff_Days_Indoor_Setup/Day5/Device25/IQ_1.dat,213,16698987,23,2,0,test,diff_days_indoor,5,0,0,0,0,0,0.2448490560054779
data/raw/osu_lora/Diff_Days_Indoor_Setup/Day5/Device25/IQ_1.dat,214,16777386,23,17,0,test,diff_days_indoor,5,0,0,0,0,0,0.2718985080718994
data/raw/osu_lora/Diff_Days_Indoor_Setup/Day5/Device25/IQ_1.dat,215,16855785,23,15,0,test,diff_days_indoor,5,0,0,0,0,0,0.19413048028945923
data/raw/osu_lora/Diff_Days_Indoor_Setup/Day5/Device25/IQ_1.dat,216,16934184,23,22,0,test,diff_days_indoor,5,0,0,0,0,0,0.5052260160446167
data/raw/osu_lora/Diff_Days_Indoor_Setup/Day5/Device25/IQ_1.dat,217,17012583,23,22,0,test,diff_days_indoor,5,0,0,0,0,0,0.5034656524658203
data/raw/osu_lora/Diff_Days_Indoor_Setup/Day5/Device25/IQ_1.dat,218,17090982,23,5,0,test,diff_days_indoor,5,0,0,0,0,0,0.25912508368492126
data/raw/osu_lora/Diff_Days_Indoor_Setup/Day5/Device25/IQ_1.dat,219,17169381,23,17,0,test,diff_days_indoor,5,0,0,0,0,0,0.18800410628318787
data/raw/osu_lora/Diff_Days_Indoor_Setup/Day5/Device25/IQ_1.dat,220,17247780,23,15,0,test,diff_days_indoor,5,0,0,0,0,0,0.3513878881931305
data/raw/osu_lora/Diff_Days_Indoor_Setup/Day5/Device25/IQ_1.dat,221,17326179,23,23,1,test,diff_days_indoor,5,0,0,0,0,0,0.2791893482208252
data/raw/osu_lora/Diff_Days_Indoor_Setup/Day5/Device25/IQ_1.dat,222,17404578,23,9,0,test,diff_days_indoor,5,0,0,0,0,0,0.18391868472099304
data/raw/osu_lora/Diff_Days_Indoor_Setup/Day5/Device25/IQ_1.dat,223,17482977,23,22,0,test,diff_days_indoor,5,0,0,0,0,0,0.4353914260864258
data/raw/osu_lora/Diff_Days_Indoor_Setup/Day5/Device25/IQ_1.dat,224,17561376,23,9,0,test,diff_days_indoor,5,0,0,0,0,0,0.15084904432296753
data/raw/osu_lora/Diff_Days_Indoor_Setup/Day5/Device25/IQ_1.dat,225,17639775,23,15,0,test,diff_days_indoor,5,0,0,0,0,0,0.3381843864917755
data/raw/osu_lora/Diff_Days_Indoor_Setup/Day5/Device25/IQ_1.dat,226,17718174,23,17,0,test,diff_days_indoor,5,0,0,0,0,0,0.19114869832992554
data/raw/osu_lora/Diff_Days_Indoor_Setup/Day5/Device25/IQ_1.dat,227,17796573,23,23,1,test,diff_days_indoor,5,0,0,0,0,0,0.30775609612464905
data/raw/osu_lora/Diff_Days_Indoor_Setup/Day5/Device25/IQ_1.dat,228,17874972,23,2,0,test,diff_days_indoor,5,0,0,0,0,0,0.3103916347026825
data/raw/osu_lora/Diff_Days_Indoor_Setup/Day5/Device25/IQ_1.dat,229,17953371,23,23,1,test,diff_days_indoor,5,0,0,0,0,0,0.4286256730556488
data/raw/osu_lora/Diff_Days_Indoor_Setup/Day5/Device25/IQ_1.dat,230,18031770,23,22,0,test,diff_days_indoor,5,0,0,0,0,0,0.6675596237182617
data/raw/osu_lora/Diff_Days_Indoor_Setup/Day5/Device25/IQ_1.dat,231,18110169,23,23,1,test,diff_days_indoor,5,0,0,0,0,0,0.22399042546749115
data/raw/osu_lora/Diff_Days_Indoor_Setup/Day5/Device25/IQ_1.dat,232,18188568,23,23,1,test,diff_days_indoor,5,0,0,0,0,0,0.16723939776420593
data/raw/osu_lora/Diff_Days_Indoor_Setup/Day5/Device25/IQ_1.dat,233,18266967,23,23,1,test,diff_days_indoor,5,0,0,0,0,0,0.34933385252952576
data/raw/osu_lora/Diff_Days_Indoor_Setup/Day5/Device25/IQ_1.dat,234,18345366,23,18,0,test,diff_days_indoor,5,0,0,0,0,0,0.2613289952278137
data/raw/osu_lora/Diff_Days_Indoor_Setup/Day5/Device25/IQ_1.dat,235,18423765,23,22,0,test,diff_days_indoor,5,0,0,0,0,0,0.1867523193359375
data/raw/osu_lora/Diff_Days_Indoor_Setup/Day5/Device25/IQ_1.dat,236,18502164,23,22,0,test,diff_days_indoor,5,0,0,0,0,0,0.2787323296070099
data/raw/osu_lora/Diff_Days_Indoor_Setup/Day5/Device25/IQ_1.dat,237,18580563,23,22,0,test,diff_days_indoor,5,0,0,0,0,0,0.272222638130188
data/raw/osu_lora/Diff_Days_Indoor_Setup/Day5/Device25/IQ_1.dat,238,18658962,23,23,1,test,diff_days_indoor,5,0,0,0,0,0,0.35318470001220703
data/raw/osu_lora/Diff_Days_Indoor_Setup/Day5/Device25/IQ_1.dat,239,18737361,23,19,0,test,diff_days_indoor,5,0,0,0,0,0,0.25978946685791016
data/raw/osu_lora/Diff_Days_Indoor_Setup/Day5/Device25/IQ_1.dat,240,18815760,23,23,1,test,diff_days_indoor,5,0,0,0,0,0,0.2557083070278168
data/raw/osu_lora/Diff_Days_Indoor_Setup/Day5/Device25/IQ_1.dat,241,18894159,23,2,0,test,diff_days_indoor,5,0,0,0,0,0,0.21569807827472687
data/raw/osu_lora/Diff_Days_Indoor_Setup/Day5/Device25/IQ_1.dat,242,18972558,23,19,0,test,diff_days_indoor,5,0,0,0,0,0,0.21807871758937836
data/raw/osu_lora/Diff_Days_Indoor_Setup/Day5/Device25/IQ_1.dat,243,19050957,23,15,0,test,diff_days_indoor,5,0,0,0,0,0,0.2836843729019165
data/raw/osu_lora/Diff_Days_Indoor_Setup/Day5/Device25/IQ_1.dat,244,19129356,23,15,0,test,diff_days_indoor,5,0,0,0,0,0,0.20325183868408203
data/raw/osu_lora/Diff_Days_Indoor_Setup/Day5/Device25/IQ_1.dat,245,19207755,23,15,0,test,diff_days_indoor,5,0,0,0,0,0,0.29023849964141846
data/raw/osu_lora/Diff_Days_Indoor_Setup/Day5/Device25/IQ_1.dat,246,19286154,23,22,0,test,diff_days_indoor,5,0,0,0,0,0,0.24134917557239532
data/raw/osu_lora/Diff_Days_Indoor_Setup/Day5/Device25/IQ_1.dat,247,19364553,23,23,1,test,diff_days_indoor,5,0,0,0,0,0,0.2801187336444855
data/raw/osu_lora/Diff_Days_Indoor_Setup/Day5/Device25/IQ_1.dat,248,19442952,23,19,0,test,diff_days_indoor,5,0,0,0,0,0,0.1828654408454895
data/raw/osu_lora/Diff_Days_Indoor_Setup/Day5/Device25/IQ_1.dat,249,19521351,23,22,0,test,diff_days_indoor,5,0,0,0,0,0,0.42338016629219055
data/raw/osu_lora/Diff_Days_Indoor_Setup/Day5/Device25/IQ_1.dat,250,19599750,23,22,0,test,diff_days_indoor,5,0,0,0,0,0,0.3273565173149109
data/raw/osu_lora/Diff_Days_Indoor_Setup/Day5/Device25/IQ_1.dat,251,19678149,23,2,0,test,diff_days_indoor,5,0,0,0,0,0,0.1910349577665329
data/raw/osu_lora/Diff_Days_Indoor_Setup/Day5/Device25/IQ_1.dat,252,19756548,23,23,1,test,diff_days_indoor,5,0,0,0,0,0,0.32025137543678284
data/raw/osu_lora/Diff_Days_Indoor_Setup/Day5/Device25/IQ_1.dat,253,19834947,23,2,0,test,diff_days_indoor,5,0,0,0,0,0,0.16752398014068604
data/raw/osu_lora/Diff_Days_Indoor_Setup/Day5/Device25/IQ_1.dat,254,19913346,23,23,1,test,diff_days_indoor,5,0,0,0,0,0,0.18154925107955933
data/raw/osu_lora/Diff_Days_Indoor_Setup/Day5/Device25/IQ_1.dat,255,19991745,23,17,0,test,diff_days_indoor,5,0,0,0,0,0,0.31527093052864075
