file_path,window_index,sample_offset,label,pred,correct,split,setup,day,receiver,location,distance,sf,config,confidence
data/raw/osu_lora/Diff_Days_Indoor_Setup/Day5/Device1/IQ_1.dat,0,0,0,3,0,test,diff_days_indoor,5,0,0,0,0,0,0.8462514281272888
data/raw/osu_lora/Diff_Days_Indoor_Setup/Day5/Device1/IQ_1.dat,1,78399,0,3,0,test,diff_days_indoor,5,0,0,0,0,0,0.7829501628875732
data/raw/osu_lora/Diff_Days_Indoor_Setup/Day5/Device1/IQ_1.dat,2,156798,0,3,0,test,diff_days_indoor,5,0,0,0,0,0,0.6819425225257874
data/raw/osu_lora/Diff_Days_Indoor_Setup/Day5/Device1/IQ_1.dat,3,235197,0,3,0,test,diff_days_indoor,5,0,0,0,0,0,0.901282548904419
data/raw/osu_lora/Diff_Days_Indoor_Setup/Day5/Device1/IQ_1.dat,4,313596,0,3,0,test,diff_days_indoor,5,0,0,0,0,0,0.6952184438705444
data/raw/osu_lora/Diff_Days_Indoor_Setup/Day5/Device1/IQ_1.dat,5,391995,0,3,0,test,diff_days_indoor,5,0,0,0,0,0,0.7820611000061035
data/raw/osu_lora/Diff_Days_Indoor_Setup/Day5/Device1/IQ_1.dat,6,470394,0,0,1,test,diff_days_indoor,5,0,0,0,0,0,0.38620445132255554
data/raw/osu_lora/Diff_Days_Indoor_Setup/Day5/Device1/IQ_1.dat,7,548793,0,0,1,test,diff_days_indoor,5,0,0,0,0,0,0.4048425853252411
data/raw/osu_lora/Diff_Days_Indoor_Setup/Day5/Device1/IQ_1.dat,8,627192,0,3,0,test,diff_days_indoor,5,0,0,0,0,0,0.5065382122993469
data/raw/osu_lora/Diff_Days_Indoor_Setup/Day5/Device1/IQ_1.dat,9,705591,0,0,1,test,diff_days_indoor,5,0,0,0,0,0,0.46118974685668945
data/raw/osu_lora/Diff_Days_Indoor_Setup/Day5/Device1/IQ_1.dat,10,783990,0,0,1,test,diff_days_indoor,5,0,0,0,0,0,0.4884834885597229
data/raw/osu_lora/Diff_Days_Indoor_Setup/Day5/Device1/IQ_1.dat,11,862389,0,3,0,test,diff_days_indoor,5,0,0,0,0,0,0.6856257915496826
data/raw/osu_lora/Diff_Days_Indoor_Setup/Day5/Device1/IQ_1.dat,12,940788,0,0,1,test,diff_days_indoor,5,0,0,0,0,0,0.36011382937431335
data/raw/osu_lora/Diff_Days_Indoor_Setup/Day5/Device1/IQ_1.dat,13,1019187,0,0,1,test,diff_days_indoor,5,0,0,0,0,0,0.4300910234451294
data/raw/osu_lora/Diff_Days_Indoor_Setup/Day5/Device1/IQ_1.dat,14,1097586,0,3,0,test,diff_days_indoor,5,0,0,0,0,0,0.8246497511863708
data/raw/osu_lora/Diff_Days_Indoor_Setup/Day5/Device1/IQ_1.dat,15,1175985,0,3,0,test,diff_days_indoor,5,0,0,0,0,0,0.7822652459144592
data/raw/osu_lora/Diff_Days_Indoor_Setup/Day5/Device1/IQ_1.dat,16,1254384,0,3,0,test,diff_days_indoor,5,0,0,0,0,0,0.4623604714870453
data/raw/osu_lora/Diff_Days_Indoor_Setup/Day5/Device1/IQ_1.dat,17,1332783,0,0,1,test,diff_days_indoor,5,0,0,0,0,0,0.3630649447441101
data/raw/osu_lora/Diff_Days_Indoor_Setup/Day5/Device1/IQ_1.dat,18,1411182,0,3,0,test,diff_days_indoor,5,0,0,0,0,0,0.7436403036117554
data/raw/osu_lora/Diff_Days_Indoor_Setup/Day5/Device1/IQ_1.dat,19,1489581,0,3,0,test,diff_days_indoor,5,0,0,0,0,0,0.7131315469741821
data/raw/osu_lora/Diff_Days_Indoor_Setup/Day5/Device1/IQ_1.dat,20,1567980,0,3,0,test,diff_days_indoor,5,0,0,0,0,0,0.6593772768974304
data/raw/osu_lora/Diff_Days_Indoor_Setup/Day5/Device1/IQ_1.dat,21,1646379,0,0,1,test,diff_days_indoor,5,0,0,0,0,0,0.4819212257862091
data/raw/osu_lora/Diff_Days_Indoor_Setup/Day5/Device1/IQ_1.dat,22,1724778,0,3,0,test,diff_days_indoor,5,0,0,0,0,0,0.5978644490242004
data/raw/osu_lora/Diff_Days_Indoor_Setup/Day5/Device1/IQ_1.dat,23,1803177,0,3,0,test,diff_days_indoor,5,0,0,0,0,0,0.5781300067901611
data/raw/osu_lora/Diff_Days_Indoor_Setup/Day5/Device1/IQ_1.dat,24,1881576,0,3,0,test,diff_days_indoor,5,0,0,0,0,0,0.8378092646598816
data/raw/osu_lora/Diff_Days_Indoor_Setup/Day5/Device1/IQ_1.dat,25,1959975,0,3,0,test,diff_days_indoor,5,0,0,0,0,0,0.8773783445358276
data/raw/osu_lora/Diff_Days_Indoor_Setup/Day5/Device1/IQ_1.dat,26,2038374,0,3,0,test,diff_days_indoor,5,0,0,0,0,0,0.7050811052322388
data/raw/osu_lora/Diff_Days_Indoor_Setup/Day5/Device1/IQ_1.dat,27,2116773,0,2,0,test,diff_days_indoor,5,0,0,0,0,0,0.4888688325881958
data/raw/osu_lora/Diff_Days_Indoor_Setup/Day5/Device1/IQ_1.dat,28,2195172,0,3,0,test,diff_days_indoor,5,0,0,0,0,0,0.7076579928398132
data/raw/osu_lora/Diff_Days_Indoor_Setup/Day5/Device1/IQ_1.dat,29,2273571,0,0,1,test,diff_days_indoor,5,0,0,0,0,0,0.40870288014411926
data/raw/osu_lora/Diff_Days_Indoor_Setup/Day5/Device1/IQ_1.dat,30,2351970,0,3,0,test,diff_days_indoor,5,0,0,0,0,0,0.5495058298110962
data/raw/osu_lora/Diff_Days_Indoor_Setup/Day5/Device1/IQ_1.dat,31,2430369,0,3,0,test,diff_days_indoor,5,0,0,0,0,0,0.776152491569519
data/raw/osu_lora/Diff_Days_Indoor_Setup/Day5/Device1/IQ_1.dat,32,2508768,0,3,0,test,diff_days_indoor,5,0,0,0,0,0,0.7791591286659241
data/raw/osu_lora/Diff_Days_Indoor_Setup/Day5/Device1/IQ_1.dat,33,2587167,0,3,0,test,diff_days_indoor,5,0,0,0,0,0,0.6462154388427734
data/raw/osu_lora/Diff_Days_Indoor_Setup/Day5/Device1/IQ_1.dat,34,2665566,0,3,0,test,diff_days_indoor,5,0,0,0,0,0,0.6464433073997498
data/raw/osu_lora/Diff_Days_Indoor_Setup/Day5/Device1/IQ_1.dat,35,2743965,0,3,0,test,diff_days_indoor,5,0,0,0,0,0,0.7566215991973877
data/raw/osu_lora/Diff_Days_Indoor_Setup/Day5/Device1/IQ_1.dat,36,2822364,0,3,0,test,diff_days_indoor,5,0,0,0,0,0,0.8322139978408813
data/raw/osu_lora/Diff_Days_Indoor_Setup/Day5/Device1/IQ_1.dat,37,2900763,0,0,1,test,diff_days_indoor,5,0,0,0,0,0,0.4774051308631897
data/raw/osu_lora/Diff_Days_Indoor_Setup/Day5/Device1/IQ_1.dat,38,2979162,0,3,0,test,diff_days_indoor,5,0,0,0,0,0,0.44809168577194214
data/raw/osu_lora/Diff_Days_Indoor_Setup/Day5/Device1/IQ_1.dat,39,3057561,0,3,0,test,diff_days_indoor,5,0,0,0,0,0,0.6336683630943298
data/raw/osu_lora/Diff_Days_Indoor_Setup/Day5/Device1/IQ_1.dat,40,3135960,0,3,0,test,diff_days_indoor,5,0,0,0,0,0,0.8272629976272583
data/raw/osu_lora/Diff_Days_Indoor_Setup/Day5/Device1/IQ_1.dat,41,3214359,0,3,0,test,diff_days_indoor,5,0,0,0,0,0,0.46002644300460815
data/raw/osu_lora/Diff_Days_Indoor_Setup/Day5/Device1/IQ_1.dat,42,3292758,0,0,1,test,diff_days_indoor,5,0,0,0,0,0,0.4946530759334564
data/raw/osu_lora/Diff_Days_Indoor_Setup/Day5/Device1/IQ_1.dat,43,3371157,0,3,0,test,diff_days_indoor,5,0,0,0,0,0,0.7262274026870728
data/raw/osu_lora/Diff_Days_Indoor_Setup/Day5/Device1/IQ_1.dat,44,3449556,0,3,0,test,diff_days_indoor,5,0,0,0,0,0,0.4082709550857544
data/raw/osu_lora/Diff_Days_Indoor_Setup/Day5/Device1/IQ_1.dat,45,3527955,0,3,0,test,diff_days_indoor,5,0,0,0,0,0,0.8294295072555542
data/raw/osu_lora/Diff_Days_Indoor_Setup/Day5/Device1/IQ_1.dat,46,3606354,0,3,0,test,diff_days_indoor,5,0,0,0,0,0,0.6965793371200562
data/raw/osu_lora/Diff_Days_Indoor_Setup/Day5/Device1/IQ_1.dat,47,3684753,0,3,0,test,diff_days_indoor,5,0,0,0,0,0,0.6972087025642395
data/raw/osu_lora/Diff_Days_Indoor_Setup/Day5/Device1/IQ_1.dat,48,3763152,0,3,0,test,diff_days_indoor,5,0,0,0,0,0,0.6826756000518799
data/raw/osu_lora/Diff_Days_Indoor_Setup/Day5/Device1/IQ_1.dat,49,3841551,0,3,0,test,diff_days_indoor,5,0,0,0,0,0,0.87864089012146
data/raw/osu_lora/Diff_Days_Indoor_Setup/Day5/Device1/IQ_1.dat,50,3919950,0,3,0,test,diff_days_indoor,5,0,0,0,0,0,0.8991366028785706
data/raw/osu_lora/Diff_Days_Indoor_Setup/Day5/Device1/IQ_1.dat,51,3998349,0,3,0,test,diff_days_indoor,5,0,0,0,0,0,0.6523669362068176
data/raw/osu_lora/Diff_Days_Indoor_Setup/Day5/Device1/IQ_1.dat,52,4076748,0,3,0,test,diff_days_indoor,5,0,0,0,0,0,0.8175696730613708
data/raw/osu_lora/Diff_Days_Indoor_Setup/Day5/Device1/IQ_1.dat,53,4155147,0,1,0,test,diff_days_indoor,5,0,0,0,0,0,0.5999449491500854
data/raw/osu_lora/Diff_Days_Indoor_Setup/Day5/Device1/IQ_1.dat,54,4233546,0,1,0,test,diff_days_indoor,5,0,0,0,0,0,0.5329460501670837
data/raw/osu_lora/Diff_Days_Indoor_Setup/Day5/Device1/IQ_1.dat,55,4311945,0,2,0,test,diff_days_indoor,5,0,0,0,0,0,0.5931656956672668
data/raw/osu_lora/Diff_Days_Indoor_Setup/Day5/Device1/IQ_1.dat,56,4390344,0,0,1,test,diff_days_indoor,5,0,0,0,0,0,0.4158090353012085
data/raw/osu_lora/Diff_Days_Indoor_Setup/Day5/Device1/IQ_1.dat,57,4468743,0,3,0,test,diff_days_indoor,5,0,0,0,0,0,0.406764417886734
data/raw/osu_lora/Diff_Days_Indoor_Setup/Day5/Device1/IQ_1.dat,58,4547142,0,3,0,test,diff_days_indoor,5,0,0,0,0,0,0.853586733341217
data/raw/osu_lora/Diff_Days_Indoor_Setup/Day5/Device1/IQ_1.dat,59,4625541,0,3,0,test,diff_days_indoor,5,0,0,0,0,0,0.5160248875617981
data/raw/osu_lora/Diff_Days_Indoor_Setup/Day5/Device1/IQ_1.dat,60,4703940,0,3,0,test,diff_days_indoor,5,0,0,0,0,0,0.453037828207016
data/raw/osu_lora/Diff_Days_Indoor_Setup/Day5/Device1/IQ_1.dat,61,4782339,0,3,0,test,diff_days_indoor,5,0,0,0,0,0,0.6956562995910645
data/raw/osu_lora/Diff_Days_Indoor_Setup/Day5/Device1/IQ_1.dat,62,4860738,0,0,1,test,diff_days_indoor,5,0,0,0,0,0,0.4028032422065735
data/raw/osu_lora/Diff_Days_Indoor_Setup/Day5/Device1/IQ_1.dat,63,4939137,0,3,0,test,diff_days_indoor,5,0,0,0,0,0,0.7689969539642334
data/raw/osu_lora/Diff_Days_Indoor_Setup/Day5/Device1/IQ_1.dat,64,5017536,0,3,0,test,diff_days_indoor,5,0,0,0,0,0,0.7783182859420776
data/raw/osu_lora/Diff_Days_Indoor_Setup/Day5/Device1/IQ_1.dat,65,5095935,0,3,0,test,diff_days_indoor,5,0,0,0,0,0,0.7255964875221252
data/raw/osu_lora/Diff_Days_Indoor_Setup/Day5/Device1/IQ_1.dat,66,5174334,0,3,0,test,diff_days_indoor,5,0,0,0,0,0,0.6408576369285583
data/raw/osu_lora/Diff_Days_Indoor_Setup/Day5/Device1/IQ_1.dat,67,5252733,0,3,0,test,diff_days_indoor,5,0,0,0,0,0,0.8586196303367615
data/raw/osu_lora/Diff_Days_Indoor_Setup/Day5/Device1/IQ_1.dat,68,5331132,0,3,0,test,diff_days_indoor,5,0,0,0,0,0,0.7980253100395203
data/raw/osu_lora/Diff_Days_Indoor_Setup/Day5/Device1/IQ_1.dat,69,5409531,0,3,0,test,diff_days_indoor,5,0,0,0,0,0,0.7879430651664734
data/raw/osu_lora/Diff_Days_Indoor_Setup/Day5/Device1/IQ_1.dat,70,5487930,0,0,1,test,diff_days_indoor,5,0,0,0,0,0,0.36285167932510376
data/raw/osu_lora/Diff_Days_Indoor_Setup/Day5/Device1/IQ_1.dat,71,5566329,0,0,1,test,diff_days_indoor,5,0,0,0,0,0,0.4252527356147766
data/raw/osu_lora/Diff_Days_Indoor_Setup/Day5/Device1/IQ_1.dat,72,5644728,0,3,0,test,diff_days_indoor,5,0,0,0,0,0,0.7696899771690369
data/raw/osu_lora/Diff_Days_Indoor_Setup/Day5/Device1/IQ_1.dat,73,5723127,0,3,0,test,diff_days_indoor,5,0,0,0,0,0,0.41617870330810547
data/raw/osu_lora/Diff_Days_Indoor_Setup/Day5/Device1/IQ_1.dat,74,5801526,0,2,0,test,diff_days_indoor,5,0,0,0,0,0,0.4612051546573639
data/raw/osu_lora/Diff_Days_Indoor_Setup/Day5/Device1/IQ_1.dat,75,5879925,0,2,0,test,diff_days_indoor,5,0,0,0,0,0,0.46430400013923645
data/raw/osu_lora/Diff_Days_Indoor_Setup/Day5/Device1/IQ_1.dat,76,5958324,0,0,1,test,diff_days_indoor,5,0,0,0,0,0,0.4484984874725342
data/raw/osu_lora/Diff_Days_Indoor_Setup/Day5/Device1/IQ_1.dat,77,6036723,0,2,0,test,diff_days_indoor,5,0,0,0,0,0,0.5257490277290344
data/raw/osu_lora/Diff_Days_Indoor_Setup/Day5/Device1/IQ_1.dat,78,6115122,0,3,0,test,diff_days_indoor,5,0,0,0,0,0,0.8310759663581848
data/raw/osu_lora/Diff_Days_Indoor_Setup/Day5/Device1/IQ_1.dat,79,6193521,0,3,0,test,diff_days_indoor,5,0,0,0,0,0,0.38017651438713074
data/raw/osu_lora/Diff_Days_Indoor_Setup/Day5/Device1/IQ_1.dat,80,6271920,0,0,1,test,diff_days_indoor,5,0,0,0,0,0,0.4910946786403656
data/raw/osu_lora/Diff_Days_Indoor_Setup/Day5/Device1/IQ_1.dat,81,6350319,0,0,1,test,diff_days_indoor,5,0,0,0,0,0,0.41993987560272217
data/raw/osu_lora/Diff_Days_Indoor_Setup/Day5/Device1/IQ_1.dat,82,6428718,0,3,0,test,diff_days_indoor,5,0,0,0,0,0,0.8226158618927002
data/raw/osu_lora/Diff_Days_Indoor_Setup/Day5/Device1/IQ_1.dat,83,6507117,0,3,0,test,diff_days_indoor,5,0,0,0,0,0,0.696312665939331
data/raw/osu_lora/Diff_Days_Indoor_Setup/Day5/Device1/IQ_1.dat,84,6585516,0,3,0,test,diff_days_indoor,5,0,0,0,0,0,0.5372462868690491
data/raw/osu_lora/Diff_Days_Indoor_Setup/Day5/Device1/IQ_1.dat,85,6663915,0,3,0,test,diff_days_indoor,5,0,0,0,0,0,0.7225995659828186
data/raw/osu_lora/Diff_Days_Indoor_Setup/Day5/Device1/IQ_1.dat,86,6742314,0,3,0,test,diff_days_indoor,5,0,0,0,0,0,0.85495525598526
data/raw/osu_lora/Diff_Days_Indoor_Setup/Day5/Device1/IQ_1.dat,87,6820713,0,3,0,test,diff_days_indoor,5,0,0,0,0,0,0.5852289795875549
data/raw/osu_lora/Diff_Days_Indoor_Setup/Day5/Device1/IQ_1.dat,88,6899112,0,2,0,test,diff_days_indoor,5,0,0,0,0,0,0.5077294707298279
data/raw/osu_lora/Diff_Days_Indoor_Setup/Day5/Device1/IQ_1.dat,89,6977511,0,3,0,test,diff_days_indoor,5,0,0,0,0,0,0.5084846615791321
data/raw/osu_lora/Diff_Days_Indoor_Setup/Day5/Device1/IQ_1.dat,90,7055910,0,0,1,test,diff_days_indoor,5,0,0,0,0,0,0.3807460069656372
data/raw/osu_lora/Diff_Days_Indoor_Setup/Day5/Device1/IQ_1.dat,91,7134309,0,3,0,test,diff_days_indoor,5,0,0,0,0,0,0.757157027721405
data/raw/osu_lora/Diff_Days_Indoor_Setup/Day5/Device1/IQ_1.dat,92,7212708,0,3,0,test,diff_days_indoor,5,0,0,0,0,0,0.6644942164421082
data/raw/osu_lora/Diff_Days_Indoor_Setup/Day5/Device1/IQ_1.dat,93,7291107,0,3,0,test,diff_days_indoor,5,0,0,0,0,0,0.7795205116271973
data/raw/osu_lora/Diff_Days_Indoor_Setup/Day5/Device1/IQ_1.dat,94,7369506,0,0,1,test,diff_days_indoor,5,0,0,0,0,0,0.4451765716075897
data/raw/osu_lora/Diff_Days_Indoor_Setup/Day5/Device1/IQ_1.dat,95,7447905,0,3,0,test,diff_days_indoor,5,0,0,0,0,0,0.7247269153594971
data/raw/osu_lora/Diff_Days_Indoor_Setup/Day5/Device1/IQ_1.dat,96,7526304,0,0,1,test,diff_days_indoor,5,0,0,0,0,0,0.4667334258556366
data/raw/osu_lora/Diff_Days_Indoor_Setup/Day5/Device1/IQ_1.dat,97,7604703,0,2,0,test,diff_days_indoor,5,0,0,0,0,0,0.4842686355113983
data/raw/osu_lora/Diff_Days_Indoor_Setup/Day5/Device1/IQ_1.dat,98,7683102,0,0,1,test,diff_days_indoor,5,0,0,0,0,0,0.39516332745552063
data/raw/osu_lora/Diff_Days_Indoor_Setup/Day5/Device1/IQ_1.dat,99,7761501,0,3,0,test,diff_days_indoor,5,0,0,0,0,0,0.6293189525604248
data/raw/osu_lora/Diff_Days_Indoor_Setup/Day5/Device1/IQ_1.dat,100,7839900,0,0,1,test,diff_days_indoor,5,0,0,0,0,0,0.46192947030067444
data/raw/osu_lora/Diff_Days_Indoor_Setup/Day5/Device1/IQ_1.dat,101,7918299,0,3,0,test,diff_days_indoor,5,0,0,0,0,0,0.8447892069816589
data/raw/osu_lora/Diff_Days_Indoor_Setup/Day5/Device1/IQ_1.dat,102,7996698,0,3,0,test,diff_days_indoor,5,0,0,0,0,0,0.45896413922309875
data/raw/osu_lora/Diff_Days_Indoor_Setup/Day5/Device1/IQ_1.dat,103,8075097,0,3,0,test,diff_days_indoor,5,0,0,0,0,0,0.6863194704055786
data/raw/osu_lora/Diff_Days_Indoor_Setup/Day5/Device1/IQ_1.dat,104,8153496,0,3,0,test,diff_days_indoor,5,0,0,0,0,0,0.7851665616035461
data/raw/osu_lora/Diff_Days_Indoor_Setup/Day5/Device1/IQ_1.dat,105,8231895,0,3,0,test,diff_days_indoor,5,0,0,0,0,0,0.736169695854187
data/raw/osu_lora/Diff_Days_Indoor_Setup/Day5/Device1/IQ_1.dat,106,8310294,0,3,0,test,diff_days_indoor,5,0,0,0,0,0,0.6681249141693115
data/raw/osu_lora/Diff_Days_Indoor_Setup/Day5/Device1/IQ_1.dat,107,8388693,0,3,0,test,diff_days_indoor,5,0,0,0,0,0,0.8493120670318604
data/raw/osu_lora/Diff_Days_Indoor_Setup/Day5/Device1/IQ_1.dat,108,8467092,0,3,0,test,diff_days_indoor,5,0,0,0,0,0,0.5506837964057922
data/raw/osu_lora/Diff_Days_Indoor_Setup/Day5/Device1/IQ_1.dat,109,8545491,0,0,1,test,diff_days_indoor,5,0,0,0,0,0,0.5019440650939941
data/raw/osu_lora/Diff_Days_Indoor_Setup/Day5/Device1/IQ_1.dat,110,8623890,0,3,0,test,diff_days_indoor,5,0,0,0,0,0,0.765760064125061
data/raw/osu_lora/Diff_Days_Indoor_Setup/Day5/Device1/IQ_1.dat,111,8702289,0,3,0,test,diff_days_indoor,5,0,0,0,0,0,0.48478952050209045
data/raw/osu_lora/Diff_Days_Indoor_Setup/Day5/Device1/IQ_1.dat,112,8780688,0,3,0,test,diff_days_indoor,5,0,0,0,0,0,0.609567403793335
data/raw/osu_lora/Diff_Days_Indoor_Setup/Day5/Device1/IQ_1.dat,113,8859087,0,3,0,test,diff_days_indoor,5,0,0,0,0,0,0.7569578289985657
data/raw/osu_lora/Diff_Days_Indoor_Setup/Day5/Device1/IQ_1.dat,114,8937486,0,3,0,test,diff_days_indoor,5,0,0,0,0,0,0.728929877281189
data/raw/osu_lora/Diff_Days_Indoor_Setup/Day5/Device1/IQ_1.dat,115,9015885,0,3,0,test,diff_days_indoor,5,0,0,0,0,0,0.7825038433074951
data/raw/osu_lora/Diff_Days_Indoor_Setup/Day5/Device1/IQ_1.dat,116,9094284,0,0,1,test,diff_days_indoor,5,0,0,0,0,0,0.40822601318359375
data/raw/osu_lora/Diff_Days_Indoor_Setup/Day5/Device1/IQ_1.dat,117,9172683,0,3,0,test,diff_days_indoor,5,0,0,0,0,0,0.5494952201843262
data/raw/osu_lora/Diff_Days_Indoor_Setup/Day5/Device1/IQ_1.dat,118,9251082,0,3,0,test,diff_days_indoor,5,0,0,0,0,0,0.7655990123748779
data/raw/osu_lora/Diff_Days_Indoor_Setup/Day5/Device1/IQ_1.dat,119,9329481,0,3,0,test,diff_days_indoor,5,0,0,0,0,0,0.5923429727554321
data/raw/osu_lora/Diff_Days_Indoor_Setup/Day5/Device1/IQ_1.dat,120,9407880,0,3,0,test,diff_days_indoor,5,0,0,0,0,0,0.8782685399055481
data/raw/osu_lora/Diff_Days_Indoor_Setup/Day5/Device1/IQ_1.dat,121,9486279,0,3,0,test,diff_days_indoor,5,0,0,0,0,0,0.4568031132221222
data/raw/osu_lora/Diff_Days_Indoor_Setup/Day5/Device1/IQ_1.dat,122,9564678,0,2,0,test,diff_days_indoor,5,0,0,0,0,0,0.6114991903305054
data/raw/osu_lora/Diff_Days_Indoor_Setup/Day5/Device1/IQ_1.dat,123,9643077,0,0,1,test,diff_days_indoor,5,0,0,0,0,0,0.4975186288356781
data/raw/osu_lora/Diff_Days_Indoor_Setup/Day5/Device1/IQ_1.dat,124,9721476,0,2,0,test,diff_days_indoor,5,0,0,0,0,0,0.4730318784713745
data/raw/osu_lora/Diff_Days_Indoor_Setup/Day5/Device1/IQ_1.dat,125,9799875,0,3,0,test,diff_days_indoor,5,0,0,0,0,0,0.814315676689148
data/raw/osu_lora/Diff_Days_Indoor_Setup/Day5/Device1/IQ_1.dat,126,9878274,0,3,0,test,diff_days_indoor,5,0,0,0,0,0,0.6422500014305115
data/raw/osu_lora/Diff_Days_Indoor_Setup/Day5/Device1/IQ_1.dat,127,9956673,0,3,0,test,diff_days_indoor,5,0,0,0,0,0,0.3930433690547943
data/raw/osu_lora/Diff_Days_Indoor_Setup/Day5/Device1/IQ_1.dat,128,10035072,0,3,0,test,diff_days_indoor,5,0,0,0,0,0,0.8851156830787659
data/raw/osu_lora/Diff_Days_Indoor_Setup/Day5/Device1/IQ_1.dat,129,10113471,0,3,0,test,diff_days_indoor,5,0,0,0,0,0,0.6956264972686768
data/raw/osu_lora/Diff_Days_Indoor_Setup/Day5/Device1/IQ_1.dat,130,10191870,0,3,0,test,diff_days_indoor,5,0,0,0,0,0,0.7396488785743713
data/raw/osu_lora/Diff_Days_Indoor_Setup/Day5/Device1/IQ_1.dat,131,10270269,0,3,0,test,diff_days_indoor,5,0,0,0,0,0,0.8236803412437439
data/raw/osu_lora/Diff_Days_Indoor_Setup/Day5/Device1/IQ_1.dat,132,10348668,0,3,0,test,diff_days_indoor,5,0,0,0,0,0,0.8061969876289368
data/raw/osu_lora/Diff_Days_Indoor_Setup/Day5/Device1/IQ_1.dat,133,10427067,0,3,0,test,diff_days_indoor,5,0,0,0,0,0,0.392255574464798
data/raw/osu_lora/Diff_Days_Indoor_Setup/Day5/Device1/IQ_1.dat,134,10505466,0,0,1,test,diff_days_indoor,5,0,0,0,0,0,0.45383450388908386
data/raw/osu_lora/Diff_Days_Indoor_Setup/Day5/Device1/IQ_1.dat,135,10583865,0,3,0,test,diff_days_indoor,5,0,0,0,0,0,0.7434759736061096
data/raw/osu_lora/Diff_Days_Indoor_Setup/Day5/Device1/IQ_1.dat,136,10662264,0,0,1,test,diff_days_indoor,5,0,0,0,0,0,0.47939833998680115
data/raw/osu_lora/Diff_Days_Indoor_Setup/Day5/Device1/IQ_1.dat,137,10740663,0,0,1,test,diff_days_indoor,5,0,0,0,0,0,0.46765926480293274
data/raw/osu_lora/Diff_Days_Indoor_Setup/Day5/Device1/IQ_1.dat,138,10819062,0,3,0,test,diff_days_indoor,5,0,0,0,0,0,0.5478171706199646
data/raw/osu_lora/Diff_Days_Indoor_Setup/Day5/Device1/IQ_1.dat,139,10897461,0,3,0,test,diff_days_indoor,5,0,0,0,0,0,0.6398240923881531
data/raw/osu_lora/Diff_Days_Indoor_Setup/Day5/Device1/IQ_1.dat,140,10975860,0,3,0,test,diff_days_indoor,5,0,0,0,0,0,0.7805866599082947
data/raw/osu_lora/Diff_Days_Indoor_Setup/Day5/Device1/IQ_1.dat,141,11054259,0,0,1,test,diff_days_indoor,5,0,0,0,0,0,0.413912296295166
data/raw/osu_lora/Diff_Days_Indoor_Setup/Day5/Device1/IQ_1.dat,142,11132658,0,2,0,test,diff_days_indoor,5,0,0,0,0,0,0.5234797596931458
data/raw/osu_lora/Diff_Days_Indoor_Setup/Day5/Device1/IQ_1.dat,143,11211057,0,2,0,test,diff_days_indoor,5,0,0,0,0,0,0.5006697177886963
data/raw/osu_lora/Diff_Days_Indoor_Setup/Day5/Device1/IQ_1.dat,144,11289456,0,0,1,test,diff_days_indoor,5,0,0,0,0,0,0.3769941031932831
data/raw/osu_lora/Diff_Days_Indoor_Setup/Day5/Device1/IQ_1.dat,145,11367855,0,3,0,test,diff_days_indoor,5,0,0,0,0,0,0.5301481485366821
data/raw/osu_lora/Diff_Days_Indoor_Setup/Day5/Device1/IQ_1.dat,146,11446254,0,0,1,test,diff_days_indoor,5,0,0,0,0,0,0.3639201819896698
data/raw/osu_lora/Diff_Days_Indoor_Setup/Day5/Device1/IQ_1.dat,147,11524653,0,2,0,test,diff_days_indoor,5,0,0,0,0,0,0.5073192119598389
data/raw/osu_lora/Diff_Days_Indoor_Setup/Day5/Device1/IQ_1.dat,148,11603052,0,2,0,test,diff_days_indoor,5,0,0,0,0,0,0.5339983701705933
data/raw/osu_lora/Diff_Days_Indoor_Setup/Day5/Device1/IQ_1.dat,149,11681451,0,3,0,test,diff_days_indoor,5,0,0,0,0,0,0.8463903069496155
data/raw/osu_lora/Diff_Days_Indoor_Setup/Day5/Device1/IQ_1.dat,150,11759850,0,3,0,test,diff_days_indoor,5,0,0,0,0,0,0.8307094573974609
data/raw/osu_lora/Diff_Days_Indoor_Setup/Day5/Device1/IQ_1.dat,151,11838249,0,3,0,test,diff_days_indoor,5,0,0,0,0,0,0.839311957359314
data/raw/osu_lora/Diff_Days_Indoor_Setup/Day5/Device1/IQ_1.dat,152,11916648,0,0,1,test,diff_days_indoor,5,0,0,0,0,0,0.5067344307899475
data/raw/osu_lora/Diff_Days_Indoor_Setup/Day5/Device1/IQ_1.dat,153,11995047,0,2,0,test,diff_days_indoor,5,0,0,0,0,0,0.5263007283210754
data/raw/osu_lora/Diff_Days_Indoor_Setup/Day5/Device1/IQ_1.dat,154,12073446,0,2,0,test,diff_days_indoor,5,0,0,0,0,0,0.5136850476264954
data/raw/osu_lora/Diff_Days_Indoor_Setup/Day5/Device1/IQ_1.dat,155,12151845,0,3,0,test,diff_days_indoor,5,0,0,0,0,0,0.8369423747062683
data/raw/osu_lora/Diff_Days_Indoor_Setup/Day5/Device1/IQ_1.dat,156,12230244,0,3,0,test,diff_days_indoor,5,0,0,0,0,0,0.6591475009918213
data/raw/osu_lora/Diff_Days_Indoor_Setup/Day5/Device1/IQ_1.dat,157,12308643,0,3,0,test,diff_days_indoor,5,0,0,0,0,0,0.8227263689041138
data/raw/osu_lora/Diff_Days_Indoor_Setup/Day5/Device1/IQ_1.dat,158,12387042,0,3,0,test,diff_days_indoor,5,0,0,0,0,0,0.8870612382888794
data/raw/osu_lora/Diff_Days_Indoor_Setup/Day5/Device1/IQ_1.dat,159,12465441,0,3,0,test,diff_days_indoor,5,0,0,0,0,0,0.7669926881790161
data/raw/osu_lora/Diff_Days_Indoor_Setup/Day5/Device1/IQ_1.dat,160,12543840,0,3,0,test,diff_days_indoor,5,0,0,0,0,0,0.7251465916633606
data/raw/osu_lora/Diff_Days_Indoor_Setup/Day5/Device1/IQ_1.dat,161,12622239,0,0,1,test,diff_days_indoor,5,0,0,0,0,0,0.4230203926563263
data/raw/osu_lora/Diff_Days_Indoor_Setup/Day5/Device1/IQ_1.dat,162,12700638,0,3,0,test,diff_days_indoor,5,0,0,0,0,0,0.6800855994224548
data/raw/osu_lora/Diff_Days_Indoor_Setup/Day5/Device1/IQ_1.dat,163,12779037,0,3,0,test,diff_days_indoor,5,0,0,0,0,0,0.8142431974411011
data/raw/osu_lora/Diff_Days_Indoor_Setup/Day5/Device1/IQ_1.dat,164,12857436,0,3,0,test,diff_days_indoor,5,0,0,0,0,0,0.8383767008781433
data/raw/osu_lora/Diff_Days_Indoor_Setup/Day5/Device1/IQ_1.dat,165,12935835,0,3,0,test,diff_days_indoor,5,0,0,0,0,0,0.3416580259799957
data/raw/osu_lora/Diff_Days_Indoor_Setup/Day5/Device1/IQ_1.dat,166,13014234,0,3,0,test,diff_days_indoor,5,0,0,0,0,0,0.47719717025756836
data/raw/osu_lora/Diff_Days_Indoor_Setup/Day5/Device1/IQ_1.dat,167,13092633,0,2,0,test,diff_days_indoor,5,0,0,0,0,0,0.47752460837364197
data/raw/osu_lora/Diff_Days_Indoor_Setup/Day5/Device1/IQ_1.dat,168,13171032,0,0,1,test,diff_days_indoor,5,0,0,0,0,0,0.43103674054145813
data/raw/osu_lora/Diff_Days_Indoor_Setup/Day5/Device1/IQ_1.dat,169,13249431,0,3,0,test,diff_days_indoor,5,0,0,0,0,0,0.789887011051178
data/raw/osu_lora/Diff_Days_Indoor_Setup/Day5/Device1/IQ_1.dat,170,13327830,0,3,0,test,diff_days_indoor,5,0,0,0,0,0,0.7364259362220764
data/raw/osu_lora/Diff_Days_Indoor_Setup/Day5/Device1/IQ_1.dat,171,13406229,0,0,1,test,diff_days_indoor,5,0,0,0,0,0,0.4374949038028717
data/raw/osu_lora/Diff_Days_Indoor_Setup/Day5/Device1/IQ_1.dat,172,13484628,0,3,0,test,diff_days_indoor,5,0,0,0,0,0,0.7092447280883789
data/raw/osu_lora/Diff_Days_Indoor_Setup/Day5/Device1/IQ_1.dat,173,13563027,0,3,0,test,diff_days_indoor,5,0,0,0,0,0,0.8385432362556458
data/raw/osu_lora/Diff_Days_Indoor_Setup/Day5/Device1/IQ_1.dat,174,13641426,0,3,0,test,diff_days_indoor,5,0,0,0,0,0,0.5021969079971313
data/raw/osu_lora/Diff_Days_Indoor_Setup/Day5/Device1/IQ_1.dat,175,13719825,0,0,1,test,diff_days_indoor,5,0,0,0,0,0,0.4622430205345154
data/raw/osu_lora/Diff_Days_Indoor_Setup/Day5/Device1/IQ_1.dat,176,13798224,0,3,0,test,diff_days_indoor,5,0,0,0,0,0,0.3914174437522888
data/raw/osu_lora/Diff_Days_Indoor_Setup/Day5/Device1/IQ_1.dat,177,13876623,0,0,1,test,diff_days_indoor,5,0,0,0,0,0,0.4753412902355194
data/raw/osu_lora/Diff_Days_Indoor_Setup/Day5/Device1/IQ_1.dat,178,13955022,0,3,0,test,diff_days_indoor,5,0,0,0,0,0,0.36005088686943054
data/raw/osu_lora/Diff_Days_Indoor_Setup/Day5/Device1/IQ_1.dat,179,14033421,0,2,0,test,diff_days_indoor,5,0,0,0,0,0,0.494883269071579
data/raw/osu_lora/Diff_Days_Indoor_Setup/Day5/Device1/IQ_1.dat,180,14111820,0,3,0,test,diff_days_indoor,5,0,0,0,0,0,0.786102831363678
data/raw/osu_lora/Diff_Days_Indoor_Setup/Day5/Device1/IQ_1.dat,181,14190219,0,3,0,test,diff_days_indoor,5,0,0,0,0,0,0.6287485361099243
data/raw/osu_lora/Diff_Days_Indoor_Setup/Day5/Device1/IQ_1.dat,182,14268618,0,0,1,test,diff_days_indoor,5,0,0,0,0,0,0.3843863606452942
data/raw/osu_lora/Diff_Days_Indoor_Setup/Day5/Device1/IQ_1.dat,183,14347017,0,3,0,test,diff_days_indoor,5,0,0,0,0,0,0.7519363760948181
data/raw/osu_lora/Diff_Days_Indoor_Setup/Day5/Device1/IQ_1.dat,184,14425416,0,0,1,test,diff_days_indoor,5,0,0,0,0,0,0.385478675365448
data/raw/osu_lora/Diff_Days_Indoor_Setup/Day5/Device1/IQ_1.dat,185,14503815,0,3,0,test,diff_days_indoor,5,0,0,0,0,0,0.7385701537132263
data/raw/osu_lora/Diff_Days_Indoor_Setup/Day5/Device1/IQ_1.dat,186,14582214,0,2,0,test,diff_days_indoor,5,0,0,0,0,0,0.5933496952056885
data/raw/osu_lora/Diff_Days_Indoor_Setup/Day5/Device1/IQ_1.dat,187,14660613,0,0,1,test,diff_days_indoor,5,0,0,0,0,0,0.490852952003479
data/raw/osu_lora/Diff_Days_Indoor_Setup/Day5/Device1/IQ_1.dat,188,14739012,0,3,0,test,diff_days_indoor,5,0,0,0,0,0,0.7281579971313477
data/raw/osu_lora/Diff_Days_Indoor_Setup/Day5/Device1/IQ_1.dat,189,14817411,0,2,0,test,diff_days_indoor,5,0,0,0,0,0,0.4762895107269287
data/raw/osu_lora/Diff_Days_Indoor_Setup/Day5/Device1/IQ_1.dat,190,14895810,0,2,0,test,diff_days_indoor,5,0,0,0,0,0,0.5702034831047058
data/raw/osu_lora/Diff_Days_Indoor_Setup/Day5/Device1/IQ_1.dat,191,14974209,0,0,1,test,diff_days_indoor,5,0,0,0,0,0,0.4721560776233673
data/raw/osu_lora/Diff_Days_Indoor_Setup/Day5/Device1/IQ_1.dat,192,15052608,0,3,0,test,diff_days_indoor,5,0,0,0,0,0,0.5367368459701538
data/raw/osu_lora/Diff_Days_Indoor_Setup/Day5/Device1/IQ_1.dat,193,15131007,0,0,1,test,diff_days_indoor,5,0,0,0,0,0,0.47686702013015747
data/raw/osu_lora/Diff_Days_Indoor_Setup/Day5/Device1/IQ_1.dat,194,15209406,0,2,0,test,diff_days_indoor,5,0,0,0,0,0,0.5395708680152893
data/raw/osu_lora/Diff_Days_Indoor_Setup/Day5/Device1/IQ_1.dat,195,15287805,0,0,1,test,diff_days_indoor,5,0,0,0,0,0,0.48775604367256165
data/raw/osu_lora/Diff_Days_Indoor_Setup/Day5/Device1/IQ_1.dat,196,15366204,0,0,1,test,diff_days_indoor,5,0,0,0,0,0,0.3909936249256134
data/raw/osu_lora/Diff_Days_Indoor_Setup/Day5/Device1/IQ_1.dat,197,15444603,0,3,0,test,diff_days_indoor,5,0,0,0,0,0,0.7098448276519775
data/raw/osu_lora/Diff_Days_Indoor_Setup/Day5/Device1/IQ_1.dat,198,15523002,0,3,0,test,diff_days_indoor,5,0,0,0,0,0,0.8041508197784424
data/raw/osu_lora/Diff_Days_Indoor_Setup/Day5/Device1/IQ_1.dat,199,15601401,0,3,0,test,diff_days_indoor,5,0,0,0,0,0,0.8146631121635437
data/raw/osu_lora/Diff_Days_Indoor_Setup/Day5/Device1/IQ_1.dat,200,15679800,0,3,0,test,diff_days_indoor,5,0,0,0,0,0,0.5656273365020752
data/raw/osu_lora/Diff_Days_Indoor_Setup/Day5/Device1/IQ_1.dat,201,15758199,0,0,1,test,diff_days_indoor,5,0,0,0,0,0,0.43693697452545166
data/raw/osu_lora/Diff_Days_Indoor_Setup/Day5/Device1/IQ_1.dat,202,15836598,0,3,0,test,diff_days_indoor,5,0,0,0,0,0,0.6997909545898438
data/raw/osu_lora/Diff_Days_Indoor_Setup/Day5/Device1/IQ_1.dat,203,15914997,0,3,0,test,diff_days_indoor,5,0,0,0,0,0,0.8038660883903503
data/raw/osu_lora/Diff_Days_Indoor_Setup/Day5/Device1/IQ_1.dat,204,15993396,0,3,0,test,diff_days_indoor,5,0,0,0,0,0,0.45275625586509705
data/raw/osu_lora/Diff_Days_Indoor_Setup/Day5/Device1/IQ_1.dat,205,16071795,0,2,0,test,diff_days_indoor,5,0,0,0,0,0,0.4687668979167938
data/raw/osu_lora/Diff_Days_Indoor_Setup/Day5/Device1/IQ_1.dat,206,16150194,0,2,0,test,diff_days_indoor,5,0,0,0,0,0,0.4219178557395935
data/raw/osu_lora/Diff_Days_Indoor_Setup/Day5/Device1/IQ_1.dat,207,16228593,0,3,0,test,diff_days_indoor,5,0,0,0,0,0,0.503036618232727
data/raw/osu_lora/Diff_Days_Indoor_Setup/Day5/Device1/IQ_1.dat,208,16306992,0,2,0,test,diff_days_indoor,5,0,0,0,0,0,0.580532968044281
data/raw/osu_lora/Diff_Days_Indoor_Setup/Day5/Device1/IQ_1.dat,209,16385391,0,8,0,test,diff_days_indoor,5,0,0,0,0,0,0.7994231581687927
data/raw/osu_lora/Diff_Days_Indoor_Setup/Day5/Device1/IQ_1.dat,210,16463790,0,2,0,test,diff_days_indoor,5,0,0,0,0,0,0.5666377544403076
data/raw/osu_lora/Diff_Days_Indoor_Setup/Day5/Device1/IQ_1.dat,211,16542189,0,0,1,test,diff_days_indoor,5,0,0,0,0,0,0.3839762210845947
data/raw/osu_lora/Diff_Days_Indoor_Setup/Day5/Device1/IQ_1.dat,212,16620588,0,0,1,test,diff_days_indoor,5,0,0,0,0,0,0.407442569732666
data/raw/osu_lora/Diff_Days_Indoor_Setup/Day5/Device1/IQ_1.dat,213,16698987,0,0,1,test,diff_days_indoor,5,0,0,0,0,0,0.45597875118255615
data/raw/osu_lora/Diff_Days_Indoor_Setup/Day5/Device1/IQ_1.dat,214,16777386,0,2,0,test,diff_days_indoor,5,0,0,0,0,0,0.5111915469169617
data/raw/osu_lora/Diff_Days_Indoor_Setup/Day5/Device1/IQ_1.dat,215,16855785,0,0,1,test,diff_days_indoor,5,0,0,0,0,0,0.4507725238800049
data/raw/osu_lora/Diff_Days_Indoor_Setup/Day5/Device1/IQ_1.dat,216,16934184,0,3,0,test,diff_days_indoor,5,0,0,0,0,0,0.8645959496498108
data/raw/osu_lora/Diff_Days_Indoor_Setup/Day5/Device1/IQ_1.dat,217,17012583,0,3,0,test,diff_days_indoor,5,0,0,0,0,0,0.716882586479187
data/raw/osu_lora/Diff_Days_Indoor_Setup/Day5/Device1/IQ_1.dat,218,17090982,0,3,0,test,diff_days_indoor,5,0,0,0,0,0,0.8071103692054749
data/raw/osu_lora/Diff_Days_Indoor_Setup/Day5/Device1/IQ_1.dat,219,17169381,0,0,1,test,diff_days_indoor,5,0,0,0,0,0,0.3699966371059418
data/raw/osu_lora/Diff_Days_Indoor_Setup/Day5/Device1/IQ_1.dat,220,17247780,0,3,0,test,diff_days_indoor,5,0,0,0,0,0,0.7073407173156738
data/raw/osu_lora/Diff_Days_Indoor_Setup/Day5/Device1/IQ_1.dat,221,17326179,0,0,1,test,diff_days_indoor,5,0,0,0,0,0,0.3698806166648865
data/raw/osu_lora/Diff_Days_Indoor_Setup/Day5/Device1/IQ_1.dat,222,17404578,0,3,0,test,diff_days_indoor,5,0,0,0,0,0,0.8949342370033264
data/raw/osu_lora/Diff_Days_Indoor_Setup/Day5/Device1/IQ_1.dat,223,17482977,0,3,0,test,diff_days_indoor,5,0,0,0,0,0,0.7397800087928772
data/raw/osu_lora/Diff_Days_Indoor_Setup/Day5/Device1/IQ_1.dat,224,17561376,0,3,0,test,diff_days_indoor,5,0,0,0,0,0,0.754088282585144
data/raw/osu_lora/Diff_Days_Indoor_Setup/Day5/Device1/IQ_1.dat,225,17639775,0,2,0,test,diff_days_indoor,5,0,0,0,0,0,0.564392626285553
data/raw/osu_lora/Diff_Days_Indoor_Setup/Day5/Device1/IQ_1.dat,226,17718174,0,2,0,test,diff_days_indoor,5,0,0,0,0,0,0.5115742087364197
data/raw/osu_lora/Diff_Days_Indoor_Setup/Day5/Device1/IQ_1.dat,227,17796573,0,3,0,test,diff_days_indoor,5,0,0,0,0,0,0.6305574178695679
data/raw/osu_lora/Diff_Days_Indoor_Setup/Day5/Device1/IQ_1.dat,228,17874972,0,2,0,test,diff_days_indoor,5,0,0,0,0,0,0.5445756316184998
data/raw/osu_lora/Diff_Days_Indoor_Setup/Day5/Device1/IQ_1.dat,229,17953371,0,3,0,test,diff_days_indoor,5,0,0,0,0,0,0.5659903287887573
data/raw/osu_lora/Diff_Days_Indoor_Setup/Day5/Device1/IQ_1.dat,230,18031770,0,3,0,test,diff_days_indoor,5,0,0,0,0,0,0.6561008095741272
data/raw/osu_lora/Diff_Days_Indoor_Setup/Day5/Device1/IQ_1.dat,231,18110169,0,3,0,test,diff_days_indoor,5,0,0,0,0,0,0.44718384742736816
data/raw/osu_lora/Diff_Days_Indoor_Setup/Day5/Device1/IQ_1.dat,232,18188568,0,2,0,test,diff_days_indoor,5,0,0,0,0,0,0.42404475808143616
data/raw/osu_lora/Diff_Days_Indoor_Setup/Day5/Device1/IQ_1.dat,233,18266967,0,0,1,test,diff_days_indoor,5,0,0,0,0,0,0.3767477571964264
data/raw/osu_lora/Diff_Days_Indoor_Setup/Day5/Device1/IQ_1.dat,234,18345366,0,2,0,test,diff_days_indoor,5,0,0,0,0,0,0.5116369128227234
data/raw/osu_lora/Diff_Days_Indoor_Setup/Day5/Device1/IQ_1.dat,235,18423765,0,0,1,test,diff_days_indoor,5,0,0,0,0,0,0.4196126461029053
data/raw/osu_lora/Diff_Days_Indoor_Setup/Day5/Device1/IQ_1.dat,236,18502164,0,3,0,test,diff_days_indoor,5,0,0,0,0,0,0.7962966561317444
data/raw/osu_lora/Diff_Days_Indoor_Setup/Day5/Device1/IQ_1.dat,237,18580563,0,2,0,test,diff_days_indoor,5,0,0,0,0,0,0.575182318687439
data/raw/osu_lora/Diff_Days_Indoor_Setup/Day5/Device1/IQ_1.dat,238,18658962,0,2,0,test,diff_days_indoor,5,0,0,0,0,0,0.4777287244796753
data/raw/osu_lora/Diff_Days_Indoor_Setup/Day5/Device1/IQ_1.dat,239,18737361,0,0,1,test,diff_days_indoor,5,0,0,0,0,0,0.45094799995422363
data/raw/osu_lora/Diff_Days_Indoor_Setup/Day5/Device1/IQ_1.dat,240,18815760,0,0,1,test,diff_days_indoor,5,0,0,0,0,0,0.44274359941482544
data/raw/osu_lora/Diff_Days_Indoor_Setup/Day5/Device1/IQ_1.dat,241,18894159,0,0,1,test,diff_days_indoor,5,0,0,0,0,0,0.4540645480155945
data/raw/osu_lora/Diff_Days_Indoor_Setup/Day5/Device1/IQ_1.dat,242,18972558,0,3,0,test,diff_days_indoor,5,0,0,0,0,0,0.7546460032463074
data/raw/osu_lora/Diff_Days_Indoor_Setup/Day5/Device1/IQ_1.dat,243,19050957,0,2,0,test,diff_days_indoor,5,0,0,0,0,0,0.46423861384391785
data/raw/osu_lora/Diff_Days_Indoor_Setup/Day5/Device1/IQ_1.dat,244,19129356,0,2,0,test,diff_days_indoor,5,0,0,0,0,0,0.5091434717178345
data/raw/osu_lora/Diff_Days_Indoor_Setup/Day5/Device1/IQ_1.dat,245,19207755,0,0,1,test,diff_days_indoor,5,0,0,0,0,0,0.45497533679008484
data/raw/osu_lora/Diff_Days_Indoor_Setup/Day5/Device1/IQ_1.dat,246,19286154,0,0,1,test,diff_days_indoor,5,0,0,0,0,0,0.4940655827522278
data/raw/osu_lora/Diff_Days_Indoor_Setup/Day5/Device1/IQ_1.dat,247,19364553,0,2,0,test,diff_days_indoor,5,0,0,0,0,0,0.5639270544052124
data/raw/osu_lora/Diff_Days_Indoor_Setup/Day5/Device1/IQ_1.dat,248,19442952,0,3,0,test,diff_days_indoor,5,0,0,0,0,0,0.4917708933353424
data/raw/osu_lora/Diff_Days_Indoor_Setup/Day5/Device1/IQ_1.dat,249,19521351,0,3,0,test,diff_days_indoor,5,0,0,0,0,0,0.7640076279640198
data/raw/osu_lora/Diff_Days_Indoor_Setup/Day5/Device1/IQ_1.dat,250,19599750,0,0,1,test,diff_days_indoor,5,0,0,0,0,0,0.41710165143013
data/raw/osu_lora/Diff_Days_Indoor_Setup/Day5/Device1/IQ_1.dat,251,19678149,0,0,1,test,diff_days_indoor,5,0,0,0,0,0,0.46238577365875244
data/raw/osu_lora/Diff_Days_Indoor_Setup/Day5/Device1/IQ_1.dat,252,19756548,0,3,0,test,diff_days_indoor,5,0,0,0,0,0,0.829237163066864
data/raw/osu_lora/Diff_Days_Indoor_Setup/Day5/Device1/IQ_1.dat,253,19834947,0,2,0,test,diff_days_indoor,5,0,0,0,0,0,0.4683074653148651
data/raw/osu_lora/Diff_Days_Indoor_Setup/Day5/Device1/IQ_1.dat,254,19913346,0,2,0,test,diff_days_indoor,5,0,0,0,0,0,0.5522658228874207
data/raw/osu_lora/Diff_Days_Indoor_Setup/Day5/Device1/IQ_1.dat,255,19991745,0,3,0,test,diff_days_indoor,5,0,0,0,0,0,0.6911241412162781
data/raw/osu_lora/Diff_Days_Indoor_Setup/Day5/Device2/IQ_1.dat,0,0,1,3,0,test,diff_days_indoor,5,0,0,0,0,0,0.6490775942802429
data/raw/osu_lora/Diff_Days_Indoor_Setup/Day5/Device2/IQ_1.dat,1,78399,1,1,1,test,diff_days_indoor,5,0,0,0,0,0,0.8636291027069092
data/raw/osu_lora/Diff_Days_Indoor_Setup/Day5/Device2/IQ_1.dat,2,156798,1,1,1,test,diff_days_indoor,5,0,0,0,0,0,0.5930960774421692
data/raw/osu_lora/Diff_Days_Indoor_Setup/Day5/Device2/IQ_1.dat,3,235197,1,1,1,test,diff_days_indoor,5,0,0,0,0,0,0.7805581092834473
data/raw/osu_lora/Diff_Days_Indoor_Setup/Day5/Device2/IQ_1.dat,4,313596,1,1,1,test,diff_days_indoor,5,0,0,0,0,0,0.5932049751281738
data/raw/osu_lora/Diff_Days_Indoor_Setup/Day5/Device2/IQ_1.dat,5,391995,1,1,1,test,diff_days_indoor,5,0,0,0,0,0,0.8045674562454224
data/raw/osu_lora/Diff_Days_Indoor_Setup/Day5/Device2/IQ_1.dat,6,470394,1,1,1,test,diff_days_indoor,5,0,0,0,0,0,0.9199346303939819
data/raw/osu_lora/Diff_Days_Indoor_Setup/Day5/Device2/IQ_1.dat,7,548793,1,1,1,test,diff_days_indoor,5,0,0,0,0,0,0.5462259650230408
data/raw/osu_lora/Diff_Days_Indoor_Setup/Day5/Device2/IQ_1.dat,8,627192,1,1,1,test,diff_days_indoor,5,0,0,0,0,0,0.6038936972618103
data/raw/osu_lora/Diff_Days_Indoor_Setup/Day5/Device2/IQ_1.dat,9,705591,1,1,1,test,diff_days_indoor,5,0,0,0,0,0,0.6608368158340454
data/raw/osu_lora/Diff_Days_Indoor_Setup/Day5/Device2/IQ_1.dat,10,783990,1,1,1,test,diff_days_indoor,5,0,0,0,0,0,0.6436153054237366
data/raw/osu_lora/Diff_Days_Indoor_Setup/Day5/Device2/IQ_1.dat,11,862389,1,1,1,test,diff_days_indoor,5,0,0,0,0,0,0.8388505578041077
data/raw/osu_lora/Diff_Days_Indoor_Setup/Day5/Device2/IQ_1.dat,12,940788,1,1,1,test,diff_days_indoor,5,0,0,0,0,0,0.8674022555351257
data/raw/osu_lora/Diff_Days_Indoor_Setup/Day5/Device2/IQ_1.dat,13,1019187,1,1,1,test,diff_days_indoor,5,0,0,0,0,0,0.7556581497192383
data/raw/osu_lora/Diff_Days_Indoor_Setup/Day5/Device2/IQ_1.dat,14,1097586,1,1,1,test,diff_days_indoor,5,0,0,0,0,0,0.8332156538963318
data/raw/osu_lora/Diff_Days_Indoor_Setup/Day5/Device2/IQ_1.dat,15,1175985,1,1,1,test,diff_days_indoor,5,0,0,0,0,0,0.5782736539840698
data/raw/osu_lora/Diff_Days_Indoor_Setup/Day5/Device2/IQ_1.dat,16,1254384,1,1,1,test,diff_days_indoor,5,0,0,0,0,0,0.7602337002754211
data/raw/osu_lora/Diff_Days_Indoor_Setup/Day5/Device2/IQ_1.dat,17,1332783,1,1,1,test,diff_days_indoor,5,0,0,0,0,0,0.8192036151885986
data/raw/osu_lora/Diff_Days_Indoor_Setup/Day5/Device2/IQ_1.dat,18,1411182,1,1,1,test,diff_days_indoor,5,0,0,0,0,0,0.6381732225418091
data/raw/osu_lora/Diff_Days_Indoor_Setup/Day5/Device2/IQ_1.dat,19,1489581,1,1,1,test,diff_days_indoor,5,0,0,0,0,0,0.5466282367706299
data/raw/osu_lora/Diff_Days_Indoor_Setup/Day5/Device2/IQ_1.dat,20,1567980,1,1,1,test,diff_days_indoor,5,0,0,0,0,0,0.8138033747673035
data/raw/osu_lora/Diff_Days_Indoor_Setup/Day5/Device2/IQ_1.dat,21,1646379,1,1,1,test,diff_days_indoor,5,0,0,0,0,0,0.8391042351722717
data/raw/osu_lora/Diff_Days_Indoor_Setup/Day5/Device2/IQ_1.dat,22,1724778,1,3,0,test,diff_days_indoor,5,0,0,0,0,0,0.7706541419029236
data/raw/osu_lora/Diff_Days_Indoor_Setup/Day5/Device2/IQ_1.dat,23,1803177,1,1,1,test,diff_days_indoor,5,0,0,0,0,0,0.6398224830627441
data/raw/osu_lora/Diff_Days_Indoor_Setup/Day5/Device2/IQ_1.dat,24,1881576,1,3,0,test,diff_days_indoor,5,0,0,0,0,0,0.7084961533546448
data/raw/osu_lora/Diff_Days_Indoor_Setup/Day5/Device2/IQ_1.dat,25,1959975,1,1,1,test,diff_days_indoor,5,0,0,0,0,0,0.8692585229873657
data/raw/osu_lora/Diff_Days_Indoor_Setup/Day5/Device2/IQ_1.dat,26,2038374,1,1,1,test,diff_days_indoor,5,0,0,0,0,0,0.8660589456558228
data/raw/osu_lora/Diff_Days_Indoor_Setup/Day5/Device2/IQ_1.dat,27,2116773,1,1,1,test,diff_days_indoor,5,0,0,0,0,0,0.8386675715446472
data/raw/osu_lora/Diff_Days_Indoor_Setup/Day5/Device2/IQ_1.dat,28,2195172,1,1,1,test,diff_days_indoor,5,0,0,0,0,0,0.7299267649650574
data/raw/osu_lora/Diff_Days_Indoor_Setup/Day5/Device2/IQ_1.dat,29,2273571,1,1,1,test,diff_days_indoor,5,0,0,0,0,0,0.90114825963974
data/raw/osu_lora/Diff_Days_Indoor_Setup/Day5/Device2/IQ_1.dat,30,2351970,1,1,1,test,diff_days_indoor,5,0,0,0,0,0,0.8192092180252075
data/raw/osu_lora/Diff_Days_Indoor_Setup/Day5/Device2/IQ_1.dat,31,2430369,1,1,1,test,diff_days_indoor,5,0,0,0,0,0,0.6274977326393127
data/raw/osu_lora/Diff_Days_Indoor_Setup/Day5/Device2/IQ_1.dat,32,2508768,1,1,1,test,diff_days_indoor,5,0,0,0,0,0,0.7175191640853882
data/raw/osu_lora/Diff_Days_Indoor_Setup/Day5/Device2/IQ_1.dat,33,2587167,1,3,0,test,diff_days_indoor,5,0,0,0,0,0,0.5079607367515564
data/raw/osu_lora/Diff_Days_Indoor_Setup/Day5/Device2/IQ_1.dat,34,2665566,1,3,0,test,diff_days_indoor,5,0,0,0,0,0,0.7852136492729187
data/raw/osu_lora/Diff_Days_Indoor_Setup/Day5/Device2/IQ_1.dat,35,2743965,1,1,1,test,diff_days_indoor,5,0,0,0,0,0,0.7591598629951477
data/raw/osu_lora/Diff_Days_Indoor_Setup/Day5/Device2/IQ_1.dat,36,2822364,1,1,1,test,diff_days_indoor,5,0,0,0,0,0,0.7732860445976257
data/raw/osu_lora/Diff_Days_Indoor_Setup/Day5/Device2/IQ_1.dat,37,2900763,1,3,0,test,diff_days_indoor,5,0,0,0,0,0,0.815956175327301
data/raw/osu_lora/Diff_Days_Indoor_Setup/Day5/Device2/IQ_1.dat,38,2979162,1,1,1,test,diff_days_indoor,5,0,0,0,0,0,0.5386747717857361
data/raw/osu_lora/Diff_Days_Indoor_Setup/Day5/Device2/IQ_1.dat,39,3057561,1,1,1,test,diff_days_indoor,5,0,0,0,0,0,0.6753018498420715
data/raw/osu_lora/Diff_Days_Indoor_Setup/Day5/Device2/IQ_1.dat,40,3135960,1,1,1,test,diff_days_indoor,5,0,0,0,0,0,0.6006438136100769
data/raw/osu_lora/Diff_Days_Indoor_Setup/Day5/Device2/IQ_1.dat,41,3214359,1,1,1,test,diff_days_indoor,5,0,0,0,0,0,0.5774480104446411
data/raw/osu_lora/Diff_Days_Indoor_Setup/Day5/Device2/IQ_1.dat,42,3292758,1,3,0,test,diff_days_indoor,5,0,0,0,0,0,0.6302982568740845
data/raw/osu_lora/Diff_Days_Indoor_Setup/Day5/Device2/IQ_1.dat,43,3371157,1,1,1,test,diff_days_indoor,5,0,0,0,0,0,0.6141306757926941
data/raw/osu_lora/Diff_Days_Indoor_Setup/Day5/Device2/IQ_1.dat,44,3449556,1,3,0,test,diff_days_indoor,5,0,0,0,0,0,0.6480680108070374
data/raw/osu_lora/Diff_Days_Indoor_Setup/Day5/Device2/IQ_1.dat,45,3527955,1,1,1,test,diff_days_indoor,5,0,0,0,0,0,0.593622624874115
data/raw/osu_lora/Diff_Days_Indoor_Setup/Day5/Device2/IQ_1.dat,46,3606354,1,1,1,test,diff_days_indoor,5,0,0,0,0,0,0.6298964619636536
data/raw/osu_lora/Diff_Days_Indoor_Setup/Day5/Device2/IQ_1.dat,47,3684753,1,1,1,test,diff_days_indoor,5,0,0,0,0,0,0.7110528945922852
data/raw/osu_lora/Diff_Days_Indoor_Setup/Day5/Device2/IQ_1.dat,48,3763152,1,1,1,test,diff_days_indoor,5,0,0,0,0,0,0.6088376045227051
data/raw/osu_lora/Diff_Days_Indoor_Setup/Day5/Device2/IQ_1.dat,49,3841551,1,1,1,test,diff_days_indoor,5,0,0,0,0,0,0.5114951133728027
data/raw/osu_lora/Diff_Days_Indoor_Setup/Day5/Device2/IQ_1.dat,50,3919950,1,1,1,test,diff_days_indoor,5,0,0,0,0,0,0.5092681646347046
data/raw/osu_lora/Diff_Days_Indoor_Setup/Day5/Device2/IQ_1.dat,51,3998349,1,3,0,test,diff_days_indoor,5,0,0,0,0,0,0.5511975884437561
data/raw/osu_lora/Diff_Days_Indoor_Setup/Day5/Device2/IQ_1.dat,52,4076748,1,1,1,test,diff_days_indoor,5,0,0,0,0,0,0.7224648594856262
data/raw/osu_lora/Diff_Days_Indoor_Setup/Day5/Device2/IQ_1.dat,53,4155147,1,1,1,test,diff_days_indoor,5,0,0,0,0,0,0.5986328721046448
data/raw/osu_lora/Diff_Days_Indoor_Setup/Day5/Device2/IQ_1.dat,54,4233546,1,1,1,test,diff_days_indoor,5,0,0,0,0,0,0.632560670375824
data/raw/osu_lora/Diff_Days_Indoor_Setup/Day5/Device2/IQ_1.dat,55,4311945,1,1,1,test,diff_days_indoor,5,0,0,0,0,0,0.5911774635314941
data/raw/osu_lora/Diff_Days_Indoor_Setup/Day5/Device2/IQ_1.dat,56,4390344,1,1,1,test,diff_days_indoor,5,0,0,0,0,0,0.672850489616394
data/raw/osu_lora/Diff_Days_Indoor_Setup/Day5/Device2/IQ_1.dat,57,4468743,1,1,1,test,diff_days_indoor,5,0,0,0,0,0,0.8097912669181824
data/raw/osu_lora/Diff_Days_Indoor_Setup/Day5/Device2/IQ_1.dat,58,4547142,1,1,1,test,diff_days_indoor,5,0,0,0,0,0,0.7108531594276428
data/raw/osu_lora/Diff_Days_Indoor_Setup/Day5/Device2/IQ_1.dat,59,4625541,1,1,1,test,diff_days_indoor,5,0,0,0,0,0,0.7932801842689514
data/raw/osu_lora/Diff_Days_Indoor_Setup/Day5/Device2/IQ_1.dat,60,4703940,1,1,1,test,diff_days_indoor,5,0,0,0,0,0,0.8541714549064636
data/raw/osu_lora/Diff_Days_Indoor_Setup/Day5/Device2/IQ_1.dat,61,4782339,1,1,1,test,diff_days_indoor,5,0,0,0,0,0,0.7628169655799866
data/raw/osu_lora/Diff_Days_Indoor_Setup/Day5/Device2/IQ_1.dat,62,4860738,1,1,1,test,diff_days_indoor,5,0,0,0,0,0,0.8045017123222351
data/raw/osu_lora/Diff_Days_Indoor_Setup/Day5/Device2/IQ_1.dat,63,4939137,1,1,1,test,diff_days_indoor,5,0,0,0,0,0,0.8208370208740234
data/raw/osu_lora/Diff_Days_Indoor_Setup/Day5/Device2/IQ_1.dat,64,5017536,1,3,0,test,diff_days_indoor,5,0,0,0,0,0,0.8264511227607727
data/raw/osu_lora/Diff_Days_Indoor_Setup/Day5/Device2/IQ_1.dat,65,5095935,1,1,1,test,diff_days_indoor,5,0,0,0,0,0,0.7418417930603027
data/raw/osu_lora/Diff_Days_Indoor_Setup/Day5/Device2/IQ_1.dat,66,5174334,1,1,1,test,diff_days_indoor,5,0,0,0,0,0,0.5949946641921997
data/raw/osu_lora/Diff_Days_Indoor_Setup/Day5/Device2/IQ_1.dat,67,5252733,1,1,1,test,diff_days_indoor,5,0,0,0,0,0,0.6054667234420776
data/raw/osu_lora/Diff_Days_Indoor_Setup/Day5/Device2/IQ_1.dat,68,5331132,1,1,1,test,diff_days_indoor,5,0,0,0,0,0,0.9007097482681274
data/raw/osu_lora/Diff_Days_Indoor_Setup/Day5/Device2/IQ_1.dat,69,5409531,1,1,1,test,diff_days_indoor,5,0,0,0,0,0,0.6946005821228027
data/raw/osu_lora/Diff_Days_Indoor_Setup/Day5/Device2/IQ_1.dat,70,5487930,1,1,1,test,diff_days_indoor,5,0,0,0,0,0,0.5189200639724731
data/raw/osu_lora/Diff_Days_Indoor_Setup/Day5/Device2/IQ_1.dat,71,5566329,1,1,1,test,diff_days_indoor,5,0,0,0,0,0,0.6883594393730164
data/raw/osu_lora/Diff_Days_Indoor_Setup/Day5/Device2/IQ_1.dat,72,5644728,1,1,1,test,diff_days_indoor,5,0,0,0,0,0,0.6396667957305908
data/raw/osu_lora/Diff_Days_Indoor_Setup/Day5/Device2/IQ_1.dat,73,5723127,1,1,1,test,diff_days_indoor,5,0,0,0,0,0,0.9186109304428101
data/raw/osu_lora/Diff_Days_Indoor_Setup/Day5/Device2/IQ_1.dat,74,5801526,1,3,0,test,diff_days_indoor,5,0,0,0,0,0,0.7648666501045227
data/raw/osu_lora/Diff_Days_Indoor_Setup/Day5/Device2/IQ_1.dat,75,5879925,1,1,1,test,diff_days_indoor,5,0,0,0,0,0,0.7728791236877441
data/raw/osu_lora/Diff_Days_Indoor_Setup/Day5/Device2/IQ_1.dat,76,5958324,1,1,1,test,diff_days_indoor,5,0,0,0,0,0,0.6585899591445923
data/raw/osu_lora/Diff_Days_Indoor_Setup/Day5/Device2/IQ_1.dat,77,6036723,1,1,1,test,diff_days_indoor,5,0,0,0,0,0,0.7293390035629272
data/raw/osu_lora/Diff_Days_Indoor_Setup/Day5/Device2/IQ_1.dat,78,6115122,1,1,1,test,diff_days_indoor,5,0,0,0,0,0,0.7331693768501282
data/raw/osu_lora/Diff_Days_Indoor_Setup/Day5/Device2/IQ_1.dat,79,6193521,1,1,1,test,diff_days_indoor,5,0,0,0,0,0,0.6429877877235413
data/raw/osu_lora/Diff_Days_Indoor_Setup/Day5/Device2/IQ_1.dat,80,6271920,1,1,1,test,diff_days_indoor,5,0,0,0,0,0,0.5307956337928772
data/raw/osu_lora/Diff_Days_Indoor_Setup/Day5/Device2/IQ_1.dat,81,6350319,1,1,1,test,diff_days_indoor,5,0,0,0,0,0,0.7340462803840637
data/raw/osu_lora/Diff_Days_Indoor_Setup/Day5/Device2/IQ_1.dat,82,6428718,1,1,1,test,diff_days_indoor,5,0,0,0,0,0,0.6742047071456909
data/raw/osu_lora/Diff_Days_Indoor_Setup/Day5/Device2/IQ_1.dat,83,6507117,1,1,1,test,diff_days_indoor,5,0,0,0,0,0,0.7563380002975464
data/raw/osu_lora/Diff_Days_Indoor_Setup/Day5/Device2/IQ_1.dat,84,6585516,1,1,1,test,diff_days_indoor,5,0,0,0,0,0,0.6867355108261108
data/raw/osu_lora/Diff_Days_Indoor_Setup/Day5/Device2/IQ_1.dat,85,6663915,1,1,1,test,diff_days_indoor,5,0,0,0,0,0,0.525698184967041
data/raw/osu_lora/Diff_Days_Indoor_Setup/Day5/Device2/IQ_1.dat,86,6742314,1,1,1,test,diff_days_indoor,5,0,0,0,0,0,0.8046333193778992
data/raw/osu_lora/Diff_Days_Indoor_Setup/Day5/Device2/IQ_1.dat,87,6820713,1,1,1,test,diff_days_indoor,5,0,0,0,0,0,0.8415733575820923
data/raw/osu_lora/Diff_Days_Indoor_Setup/Day5/Device2/IQ_1.dat,88,6899112,1,1,1,test,diff_days_indoor,5,0,0,0,0,0,0.7881699800491333
data/raw/osu_lora/Diff_Days_Indoor_Setup/Day5/Device2/IQ_1.dat,89,6977511,1,3,0,test,diff_days_indoor,5,0,0,0,0,0,0.6178379058837891
data/raw/osu_lora/Diff_Days_Indoor_Setup/Day5/Device2/IQ_1.dat,90,7055910,1,1,1,test,diff_days_indoor,5,0,0,0,0,0,0.5854430198669434
data/raw/osu_lora/Diff_Days_Indoor_Setup/Day5/Device2/IQ_1.dat,91,7134309,1,3,0,test,diff_days_indoor,5,0,0,0,0,0,0.6992361545562744
data/raw/osu_lora/Diff_Days_Indoor_Setup/Day5/Device2/IQ_1.dat,92,7212708,1,1,1,test,diff_days_indoor,5,0,0,0,0,0,0.5817880034446716
data/raw/osu_lora/Diff_Days_Indoor_Setup/Day5/Device2/IQ_1.dat,93,7291107,1,1,1,test,diff_days_indoor,5,0,0,0,0,0,0.8731012344360352
data/raw/osu_lora/Diff_Days_Indoor_Setup/Day5/Device2/IQ_1.dat,94,7369506,1,1,1,test,diff_days_indoor,5,0,0,0,0,0,0.8215912580490112
data/raw/osu_lora/Diff_Days_Indoor_Setup/Day5/Device2/IQ_1.dat,95,7447905,1,1,1,test,diff_days_indoor,5,0,0,0,0,0,0.7418975830078125
data/raw/osu_lora/Diff_Days_Indoor_Setup/Day5/Device2/IQ_1.dat,96,7526304,1,1,1,test,diff_days_indoor,5,0,0,0,0,0,0.8338432908058167
data/raw/osu_lora/Diff_Days_Indoor_Setup/Day5/Device2/IQ_1.dat,97,7604703,1,1,1,test,diff_days_indoor,5,0,0,0,0,0,0.657196581363678
data/raw/osu_lora/Diff_Days_Indoor_Setup/Day5/Device2/IQ_1.dat,98,7683102,1,1,1,test,diff_days_indoor,5,0,0,0,0,0,0.7572418451309204
data/raw/osu_lora/Diff_Days_Indoor_Setup/Day5/Device2/IQ_1.dat,99,7761501,1,1,1,test,diff_days_indoor,5,0,0,0,0,0,0.6978031396865845
data/raw/osu_lora/Diff_Days_Indoor_Setup/Day5/Device2/IQ_1.dat,100,7839900,1,1,1,test,diff_days_indoor,5,0,0,0,0,0,0.6635796427726746
data/raw/osu_lora/Diff_Days_Indoor_Setup/Day5/Device2/IQ_1.dat,101,7918299,1,1,1,test,diff_days_indoor,5,0,0,0,0,0,0.5890318155288696
data/raw/osu_lora/Diff_Days_Indoor_Setup/Day5/Device2/IQ_1.dat,102,7996698,1,1,1,test,diff_days_indoor,5,0,0,0,0,0,0.8663424849510193
data/raw/osu_lora/Diff_Days_Indoor_Setup/Day5/Device2/IQ_1.dat,103,8075097,1,1,1,test,diff_days_indoor,5,0,0,0,0,0,0.7535765171051025
data/raw/osu_lora/Diff_Days_Indoor_Setup/Day5/Device2/IQ_1.dat,104,8153496,1,3,0,test,diff_days_indoor,5,0,0,0,0,0,0.8110630512237549
data/raw/osu_lora/Diff_Days_Indoor_Setup/Day5/Device2/IQ_1.dat,105,8231895,1,1,1,test,diff_days_indoor,5,0,0,0,0,0,0.6628866791725159
data/raw/osu_lora/Diff_Days_Indoor_Setup/Day5/Device2/IQ_1.dat,106,8310294,1,1,1,test,diff_days_indoor,5,0,0,0,0,0,0.7919334173202515
data/raw/osu_lora/Diff_Days_Indoor_Setup/Day5/Device2/IQ_1.dat,107,8388693,1,1,1,test,diff_days_indoor,5,0,0,0,0,0,0.5519753098487854
data/raw/osu_lora/Diff_Days_Indoor_Setup/Day5/Device2/IQ_1.dat,108,8467092,1,1,1,test,diff_days_indoor,5,0,0,0,0,0,0.5070582628250122
data/raw/osu_lora/Diff_Days_Indoor_Setup/Day5/Device2/IQ_1.dat,109,8545491,1,3,0,test,diff_days_indoor,5,0,0,0,0,0,0.6673375368118286
data/raw/osu_lora/Diff_Days_Indoor_Setup/Day5/Device2/IQ_1.dat,110,8623890,1,1,1,test,diff_days_indoor,5,0,0,0,0,0,0.6764783263206482
data/raw/osu_lora/Diff_Days_Indoor_Setup/Day5/Device2/IQ_1.dat,111,8702289,1,1,1,test,diff_days_indoor,5,0,0,0,0,0,0.6349011063575745
data/raw/osu_lora/Diff_Days_Indoor_Setup/Day5/Device2/IQ_1.dat,112,8780688,1,1,1,test,diff_days_indoor,5,0,0,0,0,0,0.5533868670463562
data/raw/osu_lora/Diff_Days_Indoor_Setup/Day5/Device2/IQ_1.dat,113,8859087,1,1,1,test,diff_days_indoor,5,0,0,0,0,0,0.6258017420768738
data/raw/osu_lora/Diff_Days_Indoor_Setup/Day5/Device2/IQ_1.dat,114,8937486,1,1,1,test,diff_days_indoor,5,0,0,0,0,0,0.5753450393676758
data/raw/osu_lora/Diff_Days_Indoor_Setup/Day5/Device2/IQ_1.dat,115,9015885,1,1,1,test,diff_days_indoor,5,0,0,0,0,0,0.5413714051246643
data/raw/osu_lora/Diff_Days_Indoor_Setup/Day5/Device2/IQ_1.dat,116,9094284,1,1,1,test,diff_days_indoor,5,0,0,0,0,0,0.6603596210479736
data/raw/osu_lora/Diff_Days_Indoor_Setup/Day5/Device2/IQ_1.dat,117,9172683,1,1,1,test,diff_days_indoor,5,0,0,0,0,0,0.6524684429168701
data/raw/osu_lora/Diff_Days_Indoor_Setup/Day5/Device2/IQ_1.dat,118,9251082,1,3,0,test,diff_days_indoor,5,0,0,0,0,0,0.7150529623031616
data/raw/osu_lora/Diff_Days_Indoor_Setup/Day5/Device2/IQ_1.dat,119,9329481,1,1,1,test,diff_days_indoor,5,0,0,0,0,0,0.8779941201210022
data/raw/osu_lora/Diff_Days_Indoor_Setup/Day5/Device2/IQ_1.dat,120,9407880,1,1,1,test,diff_days_indoor,5,0,0,0,0,0,0.4998643100261688
data/raw/osu_lora/Diff_Days_Indoor_Setup/Day5/Device2/IQ_1.dat,121,9486279,1,1,1,test,diff_days_indoor,5,0,0,0,0,0,0.7299538850784302
data/raw/osu_lora/Diff_Days_Indoor_Setup/Day5/Device2/IQ_1.dat,122,9564678,1,1,1,test,diff_days_indoor,5,0,0,0,0,0,0.7518987655639648
data/raw/osu_lora/Diff_Days_Indoor_Setup/Day5/Device2/IQ_1.dat,123,9643077,1,1,1,test,diff_days_indoor,5,0,0,0,0,0,0.7674427032470703
data/raw/osu_lora/Diff_Days_Indoor_Setup/Day5/Device2/IQ_1.dat,124,9721476,1,1,1,test,diff_days_indoor,5,0,0,0,0,0,0.6516179442405701
data/raw/osu_lora/Diff_Days_Indoor_Setup/Day5/Device2/IQ_1.dat,125,9799875,1,1,1,test,diff_days_indoor,5,0,0,0,0,0,0.7661181688308716
data/raw/osu_lora/Diff_Days_Indoor_Setup/Day5/Device2/IQ_1.dat,126,9878274,1,1,1,test,diff_days_indoor,5,0,0,0,0,0,0.6713710427284241
data/raw/osu_lora/Diff_Days_Indoor_Setup/Day5/Device2/IQ_1.dat,127,9956673,1,1,1,test,diff_days_indoor,5,0,0,0,0,0,0.7360841035842896
data/raw/osu_lora/Diff_Days_Indoor_Setup/Day5/Device2/IQ_1.dat,128,10035072,1,1,1,test,diff_days_indoor,5,0,0,0,0,0,0.8660474419593811
data/raw/osu_lora/Diff_Days_Indoor_Setup/Day5/Device2/IQ_1.dat,129,10113471,1,1,1,test,diff_days_indoor,5,0,0,0,0,0,0.7183667421340942
data/raw/osu_lora/Diff_Days_Indoor_Setup/Day5/Device2/IQ_1.dat,130,10191870,1,1,1,test,diff_days_indoor,5,0,0,0,0,0,0.8602180480957031
data/raw/osu_lora/Diff_Days_Indoor_Setup/Day5/Device2/IQ_1.dat,131,10270269,1,1,1,test,diff_days_indoor,5,0,0,0,0,0,0.6029362678527832
data/raw/osu_lora/Diff_Days_Indoor_Setup/Day5/Device2/IQ_1.dat,132,10348668,1,1,1,test,diff_days_indoor,5,0,0,0,0,0,0.8614089488983154
data/raw/osu_lora/Diff_Days_Indoor_Setup/Day5/Device2/IQ_1.dat,133,10427067,1,1,1,test,diff_days_indoor,5,0,0,0,0,0,0.6916233897209167
data/raw/osu_lora/Diff_Days_Indoor_Setup/Day5/Device2/IQ_1.dat,134,10505466,1,1,1,test,diff_days_indoor,5,0,0,0,0,0,0.6368729472160339
data/raw/osu_lora/Diff_Days_Indoor_Setup/Day5/Device2/IQ_1.dat,135,10583865,1,1,1,test,diff_days_indoor,5,0,0,0,0,0,0.8988037109375
data/raw/osu_lora/Diff_Days_Indoor_Setup/Day5/Device2/IQ_1.dat,136,10662264,1,1,1,test,diff_days_indoor,5,0,0,0,0,0,0.6961908340454102
data/raw/osu_lora/Diff_Days_Indoor_Setup/Day5/Device2/IQ_1.dat,137,10740663,1,1,1,test,diff_days_indoor,5,0,0,0,0,0,0.6833416223526001
data/raw/osu_lora/Diff_Days_Indoor_Setup/Day5/Device2/IQ_1.dat,138,10819062,1,3,0,test,diff_days_indoor,5,0,0,0,0,0,0.5351770520210266
data/raw/osu_lora/Diff_Days_Indoor_Setup/Day5/Device2/IQ_1.dat,139,10897461,1,1,1,test,diff_days_indoor,5,0,0,0,0,0,0.6304717659950256
data/raw/osu_lora/Diff_Days_Indoor_Setup/Day5/Device2/IQ_1.dat,140,10975860,1,1,1,test,diff_days_indoor,5,0,0,0,0,0,0.8996154069900513
data/raw/osu_lora/Diff_Days_Indoor_Setup/Day5/Device2/IQ_1.dat,141,11054259,1,1,1,test,diff_days_indoor,5,0,0,0,0,0,0.7263021469116211
data/raw/osu_lora/Diff_Days_Indoor_Setup/Day5/Device2/IQ_1.dat,142,11132658,1,1,1,test,diff_days_indoor,5,0,0,0,0,0,0.6366032958030701
data/raw/osu_lora/Diff_Days_Indoor_Setup/Day5/Device2/IQ_1.dat,143,11211057,1,1,1,test,diff_days_indoor,5,0,0,0,0,0,0.7033093571662903
data/raw/osu_lora/Diff_Days_Indoor_Setup/Day5/Device2/IQ_1.dat,144,11289456,1,3,0,test,diff_days_indoor,5,0,0,0,0,0,0.6287146806716919
data/raw/osu_lora/Diff_Days_Indoor_Setup/Day5/Device2/IQ_1.dat,145,11367855,1,1,1,test,diff_days_indoor,5,0,0,0,0,0,0.8121189475059509
data/raw/osu_lora/Diff_Days_Indoor_Setup/Day5/Device2/IQ_1.dat,146,11446254,1,1,1,test,diff_days_indoor,5,0,0,0,0,0,0.7119184136390686
data/raw/osu_lora/Diff_Days_Indoor_Setup/Day5/Device2/IQ_1.dat,147,11524653,1,3,0,test,diff_days_indoor,5,0,0,0,0,0,0.7360307574272156
data/raw/osu_lora/Diff_Days_Indoor_Setup/Day5/Device2/IQ_1.dat,148,11603052,1,3,0,test,diff_days_indoor,5,0,0,0,0,0,0.5352993011474609
data/raw/osu_lora/Diff_Days_Indoor_Setup/Day5/Device2/IQ_1.dat,149,11681451,1,1,1,test,diff_days_indoor,5,0,0,0,0,0,0.5956377387046814
data/raw/osu_lora/Diff_Days_Indoor_Setup/Day5/Device2/IQ_1.dat,150,11759850,1,1,1,test,diff_days_indoor,5,0,0,0,0,0,0.6365256309509277
data/raw/osu_lora/Diff_Days_Indoor_Setup/Day5/Device2/IQ_1.dat,151,11838249,1,3,0,test,diff_days_indoor,5,0,0,0,0,0,0.6839138865470886
data/raw/osu_lora/Diff_Days_Indoor_Setup/Day5/Device2/IQ_1.dat,152,11916648,1,1,1,test,diff_days_indoor,5,0,0,0,0,0,0.7065653800964355
data/raw/osu_lora/Diff_Days_Indoor_Setup/Day5/Device2/IQ_1.dat,153,11995047,1,1,1,test,diff_days_indoor,5,0,0,0,0,0,0.5772074460983276
data/raw/osu_lora/Diff_Days_Indoor_Setup/Day5/Device2/IQ_1.dat,154,12073446,1,1,1,test,diff_days_indoor,5,0,0,0,0,0,0.8489962816238403
data/raw/osu_lora/Diff_Days_Indoor_Setup/Day5/Device2/IQ_1.dat,155,12151845,1,1,1,test,diff_days_indoor,5,0,0,0,0,0,0.8668975830078125
data/raw/osu_lora/Diff_Days_Indoor_Setup/Day5/Device2/IQ_1.dat,156,12230244,1,1,1,test,diff_days_indoor,5,0,0,0,0,0,0.6817577481269836
data/raw/osu_lora/Diff_Days_Indoor_Setup/Day5/Device2/IQ_1.dat,157,12308643,1,3,0,test,diff_days_indoor,5,0,0,0,0,0,0.6419394016265869
data/raw/osu_lora/Diff_Days_Indoor_Setup/Day5/Device2/IQ_1.dat,158,12387042,1,3,0,test,diff_days_indoor,5,0,0,0,0,0,0.6923583149909973
data/raw/osu_lora/Diff_Days_Indoor_Setup/Day5/Device2/IQ_1.dat,159,12465441,1,1,1,test,diff_days_indoor,5,0,0,0,0,0,0.609054684638977
data/raw/osu_lora/Diff_Days_Indoor_Setup/Day5/Device2/IQ_1.dat,160,12543840,1,1,1,test,diff_days_indoor,5,0,0,0,0,0,0.7745442986488342
data/raw/osu_lora/Diff_Days_Indoor_Setup/Day5/Device2/IQ_1.dat,161,12622239,1,3,0,test,diff_days_indoor,5,0,0,0,0,0,0.6184591054916382
data/raw/osu_lora/Diff_Days_Indoor_Setup/Day5/Device2/IQ_1.dat,162,12700638,1,1,1,test,diff_days_indoor,5,0,0,0,0,0,0.7190133333206177
data/raw/osu_lora/Diff_Days_Indoor_Setup/Day5/Device2/IQ_1.dat,163,12779037,1,1,1,test,diff_days_indoor,5,0,0,0,0,0,0.873379647731781
data/raw/osu_lora/Diff_Days_Indoor_Setup/Day5/Device2/IQ_1.dat,164,12857436,1,1,1,test,diff_days_indoor,5,0,0,0,0,0,0.796830415725708
data/raw/osu_lora/Diff_Days_Indoor_Setup/Day5/Device2/IQ_1.dat,165,12935835,1,1,1,test,diff_days_indoor,5,0,0,0,0,0,0.7249001860618591
data/raw/osu_lora/Diff_Days_Indoor_Setup/Day5/Device2/IQ_1.dat,166,13014234,1,1,1,test,diff_days_indoor,5,0,0,0,0,0,0.7118323445320129
data/raw/osu_lora/Diff_Days_Indoor_Setup/Day5/Device2/IQ_1.dat,167,13092633,1,1,1,test,diff_days_indoor,5,0,0,0,0,0,0.5812157988548279
data/raw/osu_lora/Diff_Days_Indoor_Setup/Day5/Device2/IQ_1.dat,168,13171032,1,3,0,test,diff_days_indoor,5,0,0,0,0,0,0.7359633445739746
data/raw/osu_lora/Diff_Days_Indoor_Setup/Day5/Device2/IQ_1.dat,169,13249431,1,3,0,test,diff_days_indoor,5,0,0,0,0,0,0.5538151264190674
data/raw/osu_lora/Diff_Days_Indoor_Setup/Day5/Device2/IQ_1.dat,170,13327830,1,1,1,test,diff_days_indoor,5,0,0,0,0,0,0.7334125638008118
data/raw/osu_lora/Diff_Days_Indoor_Setup/Day5/Device2/IQ_1.dat,171,13406229,1,1,1,test,diff_days_indoor,5,0,0,0,0,0,0.531326174736023
data/raw/osu_lora/Diff_Days_Indoor_Setup/Day5/Device2/IQ_1.dat,172,13484628,1,1,1,test,diff_days_indoor,5,0,0,0,0,0,0.7255941033363342
data/raw/osu_lora/Diff_Days_Indoor_Setup/Day5/Device2/IQ_1.dat,173,13563027,1,1,1,test,diff_days_indoor,5,0,0,0,0,0,0.9093971848487854
data/raw/osu_lora/Diff_Days_Indoor_Setup/Day5/Device2/IQ_1.dat,174,13641426,1,3,0,test,diff_days_indoor,5,0,0,0,0,0,0.648745059967041
data/raw/osu_lora/Diff_Days_Indoor_Setup/Day5/Device2/IQ_1.dat,175,13719825,1,1,1,test,diff_days_indoor,5,0,0,0,0,0,0.5659422278404236
data/raw/osu_lora/Diff_Days_Indoor_Setup/Day5/Device2/IQ_1.dat,176,13798224,1,1,1,test,diff_days_indoor,5,0,0,0,0,0,0.7872874736785889
data/raw/osu_lora/Diff_Days_Indoor_Setup/Day5/Device2/IQ_1.dat,177,13876623,1,1,1,test,diff_days_indoor,5,0,0,0,0,0,0.814687967300415
data/raw/osu_lora/Diff_Days_Indoor_Setup/Day5/Device2/IQ_1.dat,178,13955022,1,3,0,test,diff_days_indoor,5,0,0,0,0,0,0.6596100926399231
data/raw/osu_lora/Diff_Days_Indoor_Setup/Day5/Device2/IQ_1.dat,179,14033421,1,1,1,test,diff_days_indoor,5,0,0,0,0,0,0.6475785374641418
data/raw/osu_lora/Diff_Days_Indoor_Setup/Day5/Device2/IQ_1.dat,180,14111820,1,3,0,test,diff_days_indoor,5,0,0,0,0,0,0.5878573060035706
data/raw/osu_lora/Diff_Days_Indoor_Setup/Day5/Device2/IQ_1.dat,181,14190219,1,3,0,test,diff_days_indoor,5,0,0,0,0,0,0.5210129022598267
data/raw/osu_lora/Diff_Days_Indoor_Setup/Day5/Device2/IQ_1.dat,182,14268618,1,1,1,test,diff_days_indoor,5,0,0,0,0,0,0.7347992062568665
data/raw/osu_lora/Diff_Days_Indoor_Setup/Day5/Device2/IQ_1.dat,183,14347017,1,1,1,test,diff_days_indoor,5,0,0,0,0,0,0.6008179783821106
data/raw/osu_lora/Diff_Days_Indoor_Setup/Day5/Device2/IQ_1.dat,184,14425416,1,1,1,test,diff_days_indoor,5,0,0,0,0,0,0.8592798709869385
data/raw/osu_lora/Diff_Days_Indoor_Setup/Day5/Device2/IQ_1.dat,185,14503815,1,3,0,test,diff_days_indoor,5,0,0,0,0,0,0.7376471161842346
data/raw/osu_lora/Diff_Days_Indoor_Setup/Day5/Device2/IQ_1.dat,186,14582214,1,1,1,test,diff_days_indoor,5,0,0,0,0,0,0.6867863535881042
data/raw/osu_lora/Diff_Days_Indoor_Setup/Day5/Device2/IQ_1.dat,187,14660613,1,1,1,test,diff_days_indoor,5,0,0,0,0,0,0.8342747688293457
data/raw/osu_lora/Diff_Days_Indoor_Setup/Day5/Device2/IQ_1.dat,188,14739012,1,1,1,test,diff_days_indoor,5,0,0,0,0,0,0.5526189208030701
data/raw/osu_lora/Diff_Days_Indoor_Setup/Day5/Device2/IQ_1.dat,189,14817411,1,1,1,test,diff_days_indoor,5,0,0,0,0,0,0.782378613948822
data/raw/osu_lora/Diff_Days_Indoor_Setup/Day5/Device2/IQ_1.dat,190,14895810,1,1,1,test,diff_days_indoor,5,0,0,0,0,0,0.6539183259010315
data/raw/osu_lora/Diff_Days_Indoor_Setup/Day5/Device2/IQ_1.dat,191,14974209,1,1,1,test,diff_days_indoor,5,0,0,0,0,0,0.7835978269577026
data/raw/osu_lora/Diff_Days_Indoor_Setup/Day5/Device2/IQ_1.dat,192,15052608,1,1,1,test,diff_days_indoor,5,0,0,0,0,0,0.6514528393745422
data/raw/osu_lora/Diff_Days_Indoor_Setup/Day5/Device2/IQ_1.dat,193,15131007,1,1,1,test,diff_days_indoor,5,0,0,0,0,0,0.7176153063774109
data/raw/osu_lora/Diff_Days_Indoor_Setup/Day5/Device2/IQ_1.dat,194,15209406,1,1,1,test,diff_days_indoor,5,0,0,0,0,0,0.8021280765533447
data/raw/osu_lora/Diff_Days_Indoor_Setup/Day5/Device2/IQ_1.dat,195,15287805,1,1,1,test,diff_days_indoor,5,0,0,0,0,0,0.7514509558677673
data/raw/osu_lora/Diff_Days_Indoor_Setup/Day5/Device2/IQ_1.dat,196,15366204,1,1,1,test,diff_days_indoor,5,0,0,0,0,0,0.7292585968971252
data/raw/osu_lora/Diff_Days_Indoor_Setup/Day5/Device2/IQ_1.dat,197,15444603,1,1,1,test,diff_days_indoor,5,0,0,0,0,0,0.9123374223709106
data/raw/osu_lora/Diff_Days_Indoor_Setup/Day5/Device2/IQ_1.dat,198,15523002,1,1,1,test,diff_days_indoor,5,0,0,0,0,0,0.5516442656517029
data/raw/osu_lora/Diff_Days_Indoor_Setup/Day5/Device2/IQ_1.dat,199,15601401,1,3,0,test,diff_days_indoor,5,0,0,0,0,0,0.6405965089797974
data/raw/osu_lora/Diff_Days_Indoor_Setup/Day5/Device2/IQ_1.dat,200,15679800,1,3,0,test,diff_days_indoor,5,0,0,0,0,0,0.7050922513008118
data/raw/osu_lora/Diff_Days_Indoor_Setup/Day5/Device2/IQ_1.dat,201,15758199,1,1,1,test,diff_days_indoor,5,0,0,0,0,0,0.8394759893417358
data/raw/osu_lora/Diff_Days_Indoor_Setup/Day5/Device2/IQ_1.dat,202,15836598,1,1,1,test,diff_days_indoor,5,0,0,0,0,0,0.8287504315376282
data/raw/osu_lora/Diff_Days_Indoor_Setup/Day5/Device2/IQ_1.dat,203,15914997,1,3,0,test,diff_days_indoor,5,0,0,0,0,0,0.5340154767036438
data/raw/osu_lora/Diff_Days_Indoor_Setup/Day5/Device2/IQ_1.dat,204,15993396,1,1,1,test,diff_days_indoor,5,0,0,0,0,0,0.7228708267211914
data/raw/osu_lora/Diff_Days_Indoor_Setup/Day5/Device2/IQ_1.dat,205,16071795,1,3,0,test,diff_days_indoor,5,0,0,0,0,0,0.6225878000259399
data/raw/osu_lora/Diff_Days_Indoor_Setup/Day5/Device2/IQ_1.dat,206,16150194,1,1,1,test,diff_days_indoor,5,0,0,0,0,0,0.6903077960014343
data/raw/osu_lora/Diff_Days_Indoor_Setup/Day5/Device2/IQ_1.dat,207,16228593,1,1,1,test,diff_days_indoor,5,0,0,0,0,0,0.9478949904441833
data/raw/osu_lora/Diff_Days_Indoor_Setup/Day5/Device2/IQ_1.dat,208,16306992,1,1,1,test,diff_days_indoor,5,0,0,0,0,0,0.6779202222824097
data/raw/osu_lora/Diff_Days_Indoor_Setup/Day5/Device2/IQ_1.dat,209,16385391,1,1,1,test,diff_days_indoor,5,0,0,0,0,0,0.6663957238197327
data/raw/osu_lora/Diff_Days_Indoor_Setup/Day5/Device2/IQ_1.dat,210,16463790,1,1,1,test,diff_days_indoor,5,0,0,0,0,0,0.7684565782546997
data/raw/osu_lora/Diff_Days_Indoor_Setup/Day5/Device2/IQ_1.dat,211,16542189,1,1,1,test,diff_days_indoor,5,0,0,0,0,0,0.648097038269043
data/raw/osu_lora/Diff_Days_Indoor_Setup/Day5/Device2/IQ_1.dat,212,16620588,1,1,1,test,diff_days_indoor,5,0,0,0,0,0,0.901165783405304
data/raw/osu_lora/Diff_Days_Indoor_Setup/Day5/Device2/IQ_1.dat,213,16698987,1,1,1,test,diff_days_indoor,5,0,0,0,0,0,0.7112942934036255
data/raw/osu_lora/Diff_Days_Indoor_Setup/Day5/Device2/IQ_1.dat,214,16777386,1,3,0,test,diff_days_indoor,5,0,0,0,0,0,0.7429953813552856
data/raw/osu_lora/Diff_Days_Indoor_Setup/Day5/Device2/IQ_1.dat,215,16855785,1,3,0,test,diff_days_indoor,5,0,0,0,0,0,0.7533210515975952
data/raw/osu_lora/Diff_Days_Indoor_Setup/Day5/Device2/IQ_1.dat,216,16934184,1,1,1,test,diff_days_indoor,5,0,0,0,0,0,0.6364808082580566
data/raw/osu_lora/Diff_Days_Indoor_Setup/Day5/Device2/IQ_1.dat,217,17012583,1,1,1,test,diff_days_indoor,5,0,0,0,0,0,0.6719517111778259
data/raw/osu_lora/Diff_Days_Indoor_Setup/Day5/Device2/IQ_1.dat,218,17090982,1,1,1,test,diff_days_indoor,5,0,0,0,0,0,0.7818102240562439
data/raw/osu_lora/Diff_Days_Indoor_Setup/Day5/Device2/IQ_1.dat,219,17169381,1,1,1,test,diff_days_indoor,5,0,0,0,0,0,0.7826541066169739
data/raw/osu_lora/Diff_Days_Indoor_Setup/Day5/Device2/IQ_1.dat,220,17247780,1,1,1,test,diff_days_indoor,5,0,0,0,0,0,0.6070776581764221
data/raw/osu_lora/Diff_Days_Indoor_Setup/Day5/Device2/IQ_1.dat,221,17326179,1,1,1,test,diff_days_indoor,5,0,0,0,0,0,0.8270139694213867
data/raw/osu_lora/Diff_Days_Indoor_Setup/Day5/Device2/IQ_1.dat,222,17404578,1,1,1,test,diff_days_indoor,5,0,0,0,0,0,0.7951329350471497
data/raw/osu_lora/Diff_Days_Indoor_Setup/Day5/Device2/IQ_1.dat,223,17482977,1,1,1,test,diff_days_indoor,5,0,0,0,0,0,0.6775789856910706
data/raw/osu_lora/Diff_Days_Indoor_Setup/Day5/Device2/IQ_1.dat,224,17561376,1,3,0,test,diff_days_indoor,5,0,0,0,0,0,0.7127165794372559
data/raw/osu_lora/Diff_Days_Indoor_Setup/Day5/Device2/IQ_1.dat,225,17639775,1,1,1,test,diff_days_indoor,5,0,0,0,0,0,0.6406651139259338
data/raw/osu_lora/Diff_Days_Indoor_Setup/Day5/Device2/IQ_1.dat,226,17718174,1,1,1,test,diff_days_indoor,5,0,0,0,0,0,0.6929036378860474
data/raw/osu_lora/Diff_Days_Indoor_Setup/Day5/Device2/IQ_1.dat,227,17796573,1,1,1,test,diff_days_indoor,5,0,0,0,0,0,0.7083543539047241
data/raw/osu_lora/Diff_Days_Indoor_Setup/Day5/Device2/IQ_1.dat,228,17874972,1,1,1,test,diff_days_indoor,5,0,0,0,0,0,0.7263839244842529
data/raw/osu_lora/Diff_Days_Indoor_Setup/Day5/Device2/IQ_1.dat,229,17953371,1,3,0,test,diff_days_indoor,5,0,0,0,0,0,0.8039498329162598
data/raw/osu_lora/Diff_Days_Indoor_Setup/Day5/Device2/IQ_1.dat,230,18031770,1,1,1,test,diff_days_indoor,5,0,0,0,0,0,0.732129693031311
data/raw/osu_lora/Diff_Days_Indoor_Setup/Day5/Device2/IQ_1.dat,231,18110169,1,1,1,test,diff_days_indoor,5,0,0,0,0,0,0.8538825511932373
data/raw/osu_lora/Diff_Days_Indoor_Setup/Day5/Device2/IQ_1.dat,232,18188568,1,1,1,test,diff_days_indoor,5,0,0,0,0,0,0.6366428732872009
data/raw/osu_lora/Diff_Days_Indoor_Setup/Day5/Device2/IQ_1.dat,233,18266967,1,1,1,test,diff_days_indoor,5,0,0,0,0,0,0.6464242935180664
data/raw/osu_lora/Diff_Days_Indoor_Setup/Day5/Device2/IQ_1.dat,234,18345366,1,1,1,test,diff_days_indoor,5,0,0,0,0,0,0.6715635657310486
data/raw/osu_lora/Diff_Days_Indoor_Setup/Day5/Device2/IQ_1.dat,235,18423765,1,1,1,test,diff_days_indoor,5,0,0,0,0,0,0.8613105416297913
data/raw/osu_lora/Diff_Days_Indoor_Setup/Day5/Device2/IQ_1.dat,236,18502164,1,1,1,test,diff_days_indoor,5,0,0,0,0,0,0.6369317770004272
data/raw/osu_lora/Diff_Days_Indoor_Setup/Day5/Device2/IQ_1.dat,237,18580563,1,1,1,test,diff_days_indoor,5,0,0,0,0,0,0.6067453622817993
data/raw/osu_lora/Diff_Days_Indoor_Setup/Day5/Device2/IQ_1.dat,238,18658962,1,3,0,test,diff_days_indoor,5,0,0,0,0,0,0.5164863467216492
data/raw/osu_lora/Diff_Days_Indoor_Setup/Day5/Device2/IQ_1.dat,239,18737361,1,1,1,test,diff_days_indoor,5,0,0,0,0,0,0.5404805541038513
data/raw/osu_lora/Diff_Days_Indoor_Setup/Day5/Device2/IQ_1.dat,240,18815760,1,1,1,test,diff_days_indoor,5,0,0,0,0,0,0.6188948154449463
data/raw/osu_lora/Diff_Days_Indoor_Setup/Day5/Device2/IQ_1.dat,241,18894159,1,1,1,test,diff_days_indoor,5,0,0,0,0,0,0.697960615158081
data/raw/osu_lora/Diff_Days_Indoor_Setup/Day5/Device2/IQ_1.dat,242,18972558,1,1,1,test,diff_days_indoor,5,0,0,0,0,0,0.521799623966217
data/raw/osu_lora/Diff_Days_Indoor_Setup/Day5/Device2/IQ_1.dat,243,19050957,1,1,1,test,diff_days_indoor,5,0,0,0,0,0,0.7046378254890442
data/raw/osu_lora/Diff_Days_Indoor_Setup/Day5/Device2/IQ_1.dat,244,19129356,1,1,1,test,diff_days_indoor,5,0,0,0,0,0,0.6905370950698853
data/raw/osu_lora/Diff_Days_Indoor_Setup/Day5/Device2/IQ_1.dat,245,19207755,1,3,0,test,diff_days_indoor,5,0,0,0,0,0,0.548018753528595
data/raw/osu_lora/Diff_Days_Indoor_Setup/Day5/Device2/IQ_1.dat,246,19286154,1,1,1,test,diff_days_indoor,5,0,0,0,0,0,0.6911795735359192
data/raw/osu_lora/Diff_Days_Indoor_Setup/Day5/Device2/IQ_1.dat,247,19364553,1,3,0,test,diff_days_indoor,5,0,0,0,0,0,0.5849753022193909
data/raw/osu_lora/Diff_Days_Indoor_Setup/Day5/Device2/IQ_1.dat,248,19442952,1,1,1,test,diff_days_indoor,5,0,0,0,0,0,0.5812692046165466
data/raw/osu_lora/Diff_Days_Indoor_Setup/Day5/Device2/IQ_1.dat,249,19521351,1,3,0,test,diff_days_indoor,5,0,0,0,0,0,0.5899733901023865
data/raw/osu_lora/Diff_Days_Indoor_Setup/Day5/Device2/IQ_1.dat,250,19599750,1,1,1,test,diff_days_indoor,5,0,0,0,0,0,0.7583656907081604
data/raw/osu_lora/Diff_Days_Indoor_Setup/Day5/Device2/IQ_1.dat,251,19678149,1,1,1,test,diff_days_indoor,5,0,0,0,0,0,0.5902985334396362
data/raw/osu_lora/Diff_Days_Indoor_Setup/Day5/Device2/IQ_1.dat,252,19756548,1,1,1,test,diff_days_indoor,5,0,0,0,0,0,0.5027209520339966
data/raw/osu_lora/Diff_Days_Indoor_Setup/Day5/Device2/IQ_1.dat,253,19834947,1,1,1,test,diff_days_indoor,5,0,0,0,0,0,0.6787210702896118
data/raw/osu_lora/Diff_Days_Indoor_Setup/Day5/Device2/IQ_1.dat,254,19913346,1,1,1,test,diff_days_indoor,5,0,0,0,0,0,0.8203721642494202
data/raw/osu_lora/Diff_Days_Indoor_Setup/Day5/Device2/IQ_1.dat,255,19991745,1,1,1,test,diff_days_indoor,5,0,0,0,0,0,0.803687572479248
data/raw/osu_lora/Diff_Days_Indoor_Setup/Day5/Device3/IQ_1.dat,0,0,2,0,0,test,diff_days_indoor,5,0,0,0,0,0,0.4478406012058258
data/raw/osu_lora/Diff_Days_Indoor_Setup/Day5/Device3/IQ_1.dat,1,78399,2,2,1,test,diff_days_indoor,5,0,0,0,0,0,0.5465002655982971
data/raw/osu_lora/Diff_Days_Indoor_Setup/Day5/Device3/IQ_1.dat,2,156798,2,2,1,test,diff_days_indoor,5,0,0,0,0,0,0.5557478666305542
data/raw/osu_lora/Diff_Days_Indoor_Setup/Day5/Device3/IQ_1.dat,3,235197,2,2,1,test,diff_days_indoor,5,0,0,0,0,0,0.4966551661491394
data/raw/osu_lora/Diff_Days_Indoor_Setup/Day5/Device3/IQ_1.dat,4,313596,2,2,1,test,diff_days_indoor,5,0,0,0,0,0,0.46945327520370483
data/raw/osu_lora/Diff_Days_Indoor_Setup/Day5/Device3/IQ_1.dat,5,391995,2,2,1,test,diff_days_indoor,5,0,0,0,0,0,0.4980427026748657
data/raw/osu_lora/Diff_Days_Indoor_Setup/Day5/Device3/IQ_1.dat,6,470394,2,2,1,test,diff_days_indoor,5,0,0,0,0,0,0.5947134494781494
data/raw/osu_lora/Diff_Days_Indoor_Setup/Day5/Device3/IQ_1.dat,7,548793,2,2,1,test,diff_days_indoor,5,0,0,0,0,0,0.5979918241500854
data/raw/osu_lora/Diff_Days_Indoor_Setup/Day5/Device3/IQ_1.dat,8,627192,2,2,1,test,diff_days_indoor,5,0,0,0,0,0,0.6022936105728149
data/raw/osu_lora/Diff_Days_Indoor_Setup/Day5/Device3/IQ_1.dat,9,705591,2,2,1,test,diff_days_indoor,5,0,0,0,0,0,0.5349066853523254
data/raw/osu_lora/Diff_Days_Indoor_Setup/Day5/Device3/IQ_1.dat,10,783990,2,2,1,test,diff_days_indoor,5,0,0,0,0,0,0.5565080642700195
data/raw/osu_lora/Diff_Days_Indoor_Setup/Day5/Device3/IQ_1.dat,11,862389,2,2,1,test,diff_days_indoor,5,0,0,0,0,0,0.43979519605636597
data/raw/osu_lora/Diff_Days_Indoor_Setup/Day5/Device3/IQ_1.dat,12,940788,2,2,1,test,diff_days_indoor,5,0,0,0,0,0,0.5782173275947571
data/raw/osu_lora/Diff_Days_Indoor_Setup/Day5/Device3/IQ_1.dat,13,1019187,2,2,1,test,diff_days_indoor,5,0,0,0,0,0,0.6198889017105103
data/raw/osu_lora/Diff_Days_Indoor_Setup/Day5/Device3/IQ_1.dat,14,1097586,2,0,0,test,diff_days_indoor,5,0,0,0,0,0,0.49319785833358765
data/raw/osu_lora/Diff_Days_Indoor_Setup/Day5/Device3/IQ_1.dat,15,1175985,2,2,1,test,diff_days_indoor,5,0,0,0,0,0,0.582762598991394
data/raw/osu_lora/Diff_Days_Indoor_Setup/Day5/Device3/IQ_1.dat,16,1254384,2,2,1,test,diff_days_indoor,5,0,0,0,0,0,0.49546921253204346
data/raw/osu_lora/Diff_Days_Indoor_Setup/Day5/Device3/IQ_1.dat,17,1332783,2,2,1,test,diff_days_indoor,5,0,0,0,0,0,0.6153427958488464
data/raw/osu_lora/Diff_Days_Indoor_Setup/Day5/Device3/IQ_1.dat,18,1411182,2,2,1,test,diff_days_indoor,5,0,0,0,0,0,0.47765442728996277
data/raw/osu_lora/Diff_Days_Indoor_Setup/Day5/Device3/IQ_1.dat,19,1489581,2,2,1,test,diff_days_indoor,5,0,0,0,0,0,0.5853702425956726
data/raw/osu_lora/Diff_Days_Indoor_Setup/Day5/Device3/IQ_1.dat,20,1567980,2,2,1,test,diff_days_indoor,5,0,0,0,0,0,0.6200463175773621
data/raw/osu_lora/Diff_Days_Indoor_Setup/Day5/Device3/IQ_1.dat,21,1646379,2,8,0,test,diff_days_indoor,5,0,0,0,0,0,0.514197587966919
data/raw/osu_lora/Diff_Days_Indoor_Setup/Day5/Device3/IQ_1.dat,22,1724778,2,2,1,test,diff_days_indoor,5,0,0,0,0,0,0.5883939266204834
data/raw/osu_lora/Diff_Days_Indoor_Setup/Day5/Device3/IQ_1.dat,23,1803177,2,2,1,test,diff_days_indoor,5,0,0,0,0,0,0.5797679424285889
data/raw/osu_lora/Diff_Days_Indoor_Setup/Day5/Device3/IQ_1.dat,24,1881576,2,2,1,test,diff_days_indoor,5,0,0,0,0,0,0.537699818611145
data/raw/osu_lora/Diff_Days_Indoor_Setup/Day5/Device3/IQ_1.dat,25,1959975,2,2,1,test,diff_days_indoor,5,0,0,0,0,0,0.5116702914237976
data/raw/osu_lora/Diff_Days_Indoor_Setup/Day5/Device3/IQ_1.dat,26,2038374,2,2,1,test,diff_days_indoor,5,0,0,0,0,0,0.6327523589134216
data/raw/osu_lora/Diff_Days_Indoor_Setup/Day5/Device3/IQ_1.dat,27,2116773,2,2,1,test,diff_days_indoor,5,0,0,0,0,0,0.5713887810707092
data/raw/osu_lora/Diff_Days_Indoor_Setup/Day5/Device3/IQ_1.dat,28,2195172,2,2,1,test,diff_days_indoor,5,0,0,0,0,0,0.5710696578025818
data/raw/osu_lora/Diff_Days_Indoor_Setup/Day5/Device3/IQ_1.dat,29,2273571,2,2,1,test,diff_days_indoor,5,0,0,0,0,0,0.5734089612960815
data/raw/osu_lora/Diff_Days_Indoor_Setup/Day5/Device3/IQ_1.dat,30,2351970,2,2,1,test,diff_days_indoor,5,0,0,0,0,0,0.5442855358123779
data/raw/osu_lora/Diff_Days_Indoor_Setup/Day5/Device3/IQ_1.dat,31,2430369,2,2,1,test,diff_days_indoor,5,0,0,0,0,0,0.42918166518211365
data/raw/osu_lora/Diff_Days_Indoor_Setup/Day5/Device3/IQ_1.dat,32,2508768,2,2,1,test,diff_days_indoor,5,0,0,0,0,0,0.5947011113166809
data/raw/osu_lora/Diff_Days_Indoor_Setup/Day5/Device3/IQ_1.dat,33,2587167,2,0,0,test,diff_days_indoor,5,0,0,0,0,0,0.49328508973121643
data/raw/osu_lora/Diff_Days_Indoor_Setup/Day5/Device3/IQ_1.dat,34,2665566,2,2,1,test,diff_days_indoor,5,0,0,0,0,0,0.5650292634963989
data/raw/osu_lora/Diff_Days_Indoor_Setup/Day5/Device3/IQ_1.dat,35,2743965,2,2,1,test,diff_days_indoor,5,0,0,0,0,0,0.4560070335865021
data/raw/osu_lora/Diff_Days_Indoor_Setup/Day5/Device3/IQ_1.dat,36,2822364,2,2,1,test,diff_days_indoor,5,0,0,0,0,0,0.5173149108886719
data/raw/osu_lora/Diff_Days_Indoor_Setup/Day5/Device3/IQ_1.dat,37,2900763,2,2,1,test,diff_days_indoor,5,0,0,0,0,0,0.5417795777320862
data/raw/osu_lora/Diff_Days_Indoor_Setup/Day5/Device3/IQ_1.dat,38,2979162,2,2,1,test,diff_days_indoor,5,0,0,0,0,0,0.6243326663970947
data/raw/osu_lora/Diff_Days_Indoor_Setup/Day5/Device3/IQ_1.dat,39,3057561,2,2,1,test,diff_days_indoor,5,0,0,0,0,0,0.5911685824394226
data/raw/osu_lora/Diff_Days_Indoor_Setup/Day5/Device3/IQ_1.dat,40,3135960,2,2,1,test,diff_days_indoor,5,0,0,0,0,0,0.5437130928039551
data/raw/osu_lora/Diff_Days_Indoor_Setup/Day5/Device3/IQ_1.dat,41,3214359,2,2,1,test,diff_days_indoor,5,0,0,0,0,0,0.5707483291625977
data/raw/osu_lora/Diff_Days_Indoor_Setup/Day5/Device3/IQ_1.dat,42,3292758,2,2,1,test,diff_days_indoor,5,0,0,0,0,0,0.543095588684082
data/raw/osu_lora/Diff_Days_Indoor_Setup/Day5/Device3/IQ_1.dat,43,3371157,2,2,1,test,diff_days_indoor,5,0,0,0,0,0,0.5310989618301392
data/raw/osu_lora/Diff_Days_Indoor_Setup/Day5/Device3/IQ_1.dat,44,3449556,2,2,1,test,diff_days_indoor,5,0,0,0,0,0,0.568881094455719
data/raw/osu_lora/Diff_Days_Indoor_Setup/Day5/Device3/IQ_1.dat,45,3527955,2,2,1,test,diff_days_indoor,5,0,0,0,0,0,0.4283696115016937
data/raw/osu_lora/Diff_Days_Indoor_Setup/Day5/Device3/IQ_1.dat,46,3606354,2,2,1,test,diff_days_indoor,5,0,0,0,0,0,0.5477272272109985
data/raw/osu_lora/Diff_Days_Indoor_Setup/Day5/Device3/IQ_1.dat,47,3684753,2,2,1,test,diff_days_indoor,5,0,0,0,0,0,0.5436685681343079
data/raw/osu_lora/Diff_Days_Indoor_Setup/Day5/Device3/IQ_1.dat,48,3763152,2,2,1,test,diff_days_indoor,5,0,0,0,0,0,0.5875658392906189
data/raw/osu_lora/Diff_Days_Indoor_Setup/Day5/Device3/IQ_1.dat,49,3841551,2,0,0,test,diff_days_indoor,5,0,0,0,0,0,0.49704214930534363
data/raw/osu_lora/Diff_Days_Indoor_Setup/Day5/Device3/IQ_1.dat,50,3919950,2,0,0,test,diff_days_indoor,5,0,0,0,0,0,0.4073210656642914
data/raw/osu_lora/Diff_Days_Indoor_Setup/Day5/Device3/IQ_1.dat,51,3998349,2,2,1,test,diff_days_indoor,5,0,0,0,0,0,0.5527977347373962
data/raw/osu_lora/Diff_Days_Indoor_Setup/Day5/Device3/IQ_1.dat,52,4076748,2,2,1,test,diff_days_indoor,5,0,0,0,0,0,0.5858721137046814
data/raw/osu_lora/Diff_Days_Indoor_Setup/Day5/Device3/IQ_1.dat,53,4155147,2,2,1,test,diff_days_indoor,5,0,0,0,0,0,0.531398594379425
data/raw/osu_lora/Diff_Days_Indoor_Setup/Day5/Device3/IQ_1.dat,54,4233546,2,8,0,test,diff_days_indoor,5,0,0,0,0,0,0.7820650935173035
data/raw/osu_lora/Diff_Days_Indoor_Setup/Day5/Device3/IQ_1.dat,55,4311945,2,0,0,test,diff_days_indoor,5,0,0,0,0,0,0.49291691184043884
data/raw/osu_lora/Diff_Days_Indoor_Setup/Day5/Device3/IQ_1.dat,56,4390344,2,2,1,test,diff_days_indoor,5,0,0,0,0,0,0.5226086974143982
data/raw/osu_lora/Diff_Days_Indoor_Setup/Day5/Device3/IQ_1.dat,57,4468743,2,2,1,test,diff_days_indoor,5,0,0,0,0,0,0.5872489213943481
data/raw/osu_lora/Diff_Days_Indoor_Setup/Day5/Device3/IQ_1.dat,58,4547142,2,2,1,test,diff_days_indoor,5,0,0,0,0,0,0.5786330699920654
data/raw/osu_lora/Diff_Days_Indoor_Setup/Day5/Device3/IQ_1.dat,59,4625541,2,2,1,test,diff_days_indoor,5,0,0,0,0,0,0.591056764125824
data/raw/osu_lora/Diff_Days_Indoor_Setup/Day5/Device3/IQ_1.dat,60,4703940,2,2,1,test,diff_days_indoor,5,0,0,0,0,0,0.5953513979911804
data/raw/osu_lora/Diff_Days_Indoor_Setup/Day5/Device3/IQ_1.dat,61,4782339,2,0,0,test,diff_days_indoor,5,0,0,0,0,0,0.46435776352882385
data/raw/osu_lora/Diff_Days_Indoor_Setup/Day5/Device3/IQ_1.dat,62,4860738,2,2,1,test,diff_days_indoor,5,0,0,0,0,0,0.5779219269752502
data/raw/osu_lora/Diff_Days_Indoor_Setup/Day5/Device3/IQ_1.dat,63,4939137,2,2,1,test,diff_days_indoor,5,0,0,0,0,0,0.4982168674468994
data/raw/osu_lora/Diff_Days_Indoor_Setup/Day5/Device3/IQ_1.dat,64,5017536,2,2,1,test,diff_days_indoor,5,0,0,0,0,0,0.5037198066711426
data/raw/osu_lora/Diff_Days_Indoor_Setup/Day5/Device3/IQ_1.dat,65,5095935,2,2,1,test,diff_days_indoor,5,0,0,0,0,0,0.6025326251983643
data/raw/osu_lora/Diff_Days_Indoor_Setup/Day5/Device3/IQ_1.dat,66,5174334,2,2,1,test,diff_days_indoor,5,0,0,0,0,0,0.5625185370445251
data/raw/osu_lora/Diff_Days_Indoor_Setup/Day5/Device3/IQ_1.dat,67,5252733,2,0,0,test,diff_days_indoor,5,0,0,0,0,0,0.4163666069507599
data/raw/osu_lora/Diff_Days_Indoor_Setup/Day5/Device3/IQ_1.dat,68,5331132,2,2,1,test,diff_days_indoor,5,0,0,0,0,0,0.5463221073150635
data/raw/osu_lora/Diff_Days_Indoor_Setup/Day5/Device3/IQ_1.dat,69,5409531,2,2,1,test,diff_days_indoor,5,0,0,0,0,0,0.5415958166122437
data/raw/osu_lora/Diff_Days_Indoor_Setup/Day5/Device3/IQ_1.dat,70,5487930,2,3,0,test,diff_days_indoor,5,0,0,0,0,0,0.5404054522514343
data/raw/osu_lora/Diff_Days_Indoor_Setup/Day5/Device3/IQ_1.dat,71,5566329,2,2,1,test,diff_days_indoor,5,0,0,0,0,0,0.475174218416214
data/raw/osu_lora/Diff_Days_Indoor_Setup/Day5/Device3/IQ_1.dat,72,5644728,2,2,1,test,diff_days_indoor,5,0,0,0,0,0,0.4534125328063965
data/raw/osu_lora/Diff_Days_Indoor_Setup/Day5/Device3/IQ_1.dat,73,5723127,2,2,1,test,diff_days_indoor,5,0,0,0,0,0,0.5386332273483276
data/raw/osu_lora/Diff_Days_Indoor_Setup/Day5/Device3/IQ_1.dat,74,5801526,2,0,0,test,diff_days_indoor,5,0,0,0,0,0,0.47864243388175964
data/raw/osu_lora/Diff_Days_Indoor_Setup/Day5/Device3/IQ_1.dat,75,5879925,2,2,1,test,diff_days_indoor,5,0,0,0,0,0,0.5824030637741089
data/raw/osu_lora/Diff_Days_Indoor_Setup/Day5/Device3/IQ_1.dat,76,5958324,2,2,1,test,diff_days_indoor,5,0,0,0,0,0,0.5961776971817017
data/raw/osu_lora/Diff_Days_Indoor_Setup/Day5/Device3/IQ_1.dat,77,6036723,2,2,1,test,diff_days_indoor,5,0,0,0,0,0,0.5816215872764587
data/raw/osu_lora/Diff_Days_Indoor_Setup/Day5/Device3/IQ_1.dat,78,6115122,2,0,0,test,diff_days_indoor,5,0,0,0,0,0,0.421352744102478
data/raw/osu_lora/Diff_Days_Indoor_Setup/Day5/Device3/IQ_1.dat,79,6193521,2,2,1,test,diff_days_indoor,5,0,0,0,0,0,0.6144152879714966
data/raw/osu_lora/Diff_Days_Indoor_Setup/Day5/Device3/IQ_1.dat,80,6271920,2,2,1,test,diff_days_indoor,5,0,0,0,0,0,0.6147586703300476
data/raw/osu_lora/Diff_Days_Indoor_Setup/Day5/Device3/IQ_1.dat,81,6350319,2,2,1,test,diff_days_indoor,5,0,0,0,0,0,0.5621877312660217
data/raw/osu_lora/Diff_Days_Indoor_Setup/Day5/Device3/IQ_1.dat,82,6428718,2,2,1,test,diff_days_indoor,5,0,0,0,0,0,0.48636898398399353
data/raw/osu_lora/Diff_Days_Indoor_Setup/Day5/Device3/IQ_1.dat,83,6507117,2,2,1,test,diff_days_indoor,5,0,0,0,0,0,0.531389057636261
data/raw/osu_lora/Diff_Days_Indoor_Setup/Day5/Device3/IQ_1.dat,84,6585516,2,2,1,test,diff_days_indoor,5,0,0,0,0,0,0.5769436955451965
data/raw/osu_lora/Diff_Days_Indoor_Setup/Day5/Device3/IQ_1.dat,85,6663915,2,2,1,test,diff_days_indoor,5,0,0,0,0,0,0.5546471476554871
data/raw/osu_lora/Diff_Days_Indoor_Setup/Day5/Device3/IQ_1.dat,86,6742314,2,2,1,test,diff_days_indoor,5,0,0,0,0,0,0.5372969508171082
data/raw/osu_lora/Diff_Days_Indoor_Setup/Day5/Device3/IQ_1.dat,87,6820713,2,2,1,test,diff_days_indoor,5,0,0,0,0,0,0.5596644282341003
data/raw/osu_lora/Diff_Days_Indoor_Setup/Day5/Device3/IQ_1.dat,88,6899112,2,2,1,test,diff_days_indoor,5,0,0,0,0,0,0.5435288548469543
data/raw/osu_lora/Diff_Days_Indoor_Setup/Day5/Device3/IQ_1.dat,89,6977511,2,0,0,test,diff_days_indoor,5,0,0,0,0,0,0.46144700050354004
data/raw/osu_lora/Diff_Days_Indoor_Setup/Day5/Device3/IQ_1.dat,90,7055910,2,2,1,test,diff_days_indoor,5,0,0,0,0,0,0.5964966416358948
data/raw/osu_lora/Diff_Days_Indoor_Setup/Day5/Device3/IQ_1.dat,91,7134309,2,2,1,test,diff_days_indoor,5,0,0,0,0,0,0.5952320694923401
data/raw/osu_lora/Diff_Days_Indoor_Setup/Day5/Device3/IQ_1.dat,92,7212708,2,2,1,test,diff_days_indoor,5,0,0,0,0,0,0.5746831893920898
data/raw/osu_lora/Diff_Days_Indoor_Setup/Day5/Device3/IQ_1.dat,93,7291107,2,2,1,test,diff_days_indoor,5,0,0,0,0,0,0.5166342854499817
data/raw/osu_lora/Diff_Days_Indoor_Setup/Day5/Device3/IQ_1.dat,94,7369506,2,2,1,test,diff_days_indoor,5,0,0,0,0,0,0.6391279697418213
data/raw/osu_lora/Diff_Days_Indoor_Setup/Day5/Device3/IQ_1.dat,95,7447905,2,2,1,test,diff_days_indoor,5,0,0,0,0,0,0.4842557907104492
data/raw/osu_lora/Diff_Days_Indoor_Setup/Day5/Device3/IQ_1.dat,96,7526304,2,2,1,test,diff_days_indoor,5,0,0,0,0,0,0.5939472317695618
data/raw/osu_lora/Diff_Days_Indoor_Setup/Day5/Device3/IQ_1.dat,97,7604703,2,2,1,test,diff_days_indoor,5,0,0,0,0,0,0.6411821842193604
data/raw/osu_lora/Diff_Days_Indoor_Setup/Day5/Device3/IQ_1.dat,98,7683102,2,2,1,test,diff_days_indoor,5,0,0,0,0,0,0.5628842115402222
data/raw/osu_lora/Diff_Days_Indoor_Setup/Day5/Device3/IQ_1.dat,99,7761501,2,2,1,test,diff_days_indoor,5,0,0,0,0,0,0.5419454574584961
data/raw/osu_lora/Diff_Days_Indoor_Setup/Day5/Device3/IQ_1.dat,100,7839900,2,2,1,test,diff_days_indoor,5,0,0,0,0,0,0.5103710889816284
data/raw/osu_lora/Diff_Days_Indoor_Setup/Day5/Device3/IQ_1.dat,101,7918299,2,2,1,test,diff_days_indoor,5,0,0,0,0,0,0.5543136596679688
data/raw/osu_lora/Diff_Days_Indoor_Setup/Day5/Device3/IQ_1.dat,102,7996698,2,2,1,test,diff_days_indoor,5,0,0,0,0,0,0.4248431622982025
data/raw/osu_lora/Diff_Days_Indoor_Setup/Day5/Device3/IQ_1.dat,103,8075097,2,2,1,test,diff_days_indoor,5,0,0,0,0,0,0.5678112506866455
data/raw/osu_lora/Diff_Days_Indoor_Setup/Day5/Device3/IQ_1.dat,104,8153496,2,2,1,test,diff_days_indoor,5,0,0,0,0,0,0.534619152545929
data/raw/osu_lora/Diff_Days_Indoor_Setup/Day5/Device3/IQ_1.dat,105,8231895,2,2,1,test,diff_days_indoor,5,0,0,0,0,0,0.5685898065567017
data/raw/osu_lora/Diff_Days_Indoor_Setup/Day5/Device3/IQ_1.dat,106,8310294,2,2,1,test,diff_days_indoor,5,0,0,0,0,0,0.5119388103485107
data/raw/osu_lora/Diff_Days_Indoor_Setup/Day5/Device3/IQ_1.dat,107,8388693,2,2,1,test,diff_days_indoor,5,0,0,0,0,0,0.5647716522216797
data/raw/osu_lora/Diff_Days_Indoor_Setup/Day5/Device3/IQ_1.dat,108,8467092,2,2,1,test,diff_days_indoor,5,0,0,0,0,0,0.5491962432861328
data/raw/osu_lora/Diff_Days_Indoor_Setup/Day5/Device3/IQ_1.dat,109,8545491,2,2,1,test,diff_days_indoor,5,0,0,0,0,0,0.400875061750412
data/raw/osu_lora/Diff_Days_Indoor_Setup/Day5/Device3/IQ_1.dat,110,8623890,2,2,1,test,diff_days_indoor,5,0,0,0,0,0,0.5713035464286804
data/raw/osu_lora/Diff_Days_Indoor_Setup/Day5/Device3/IQ_1.dat,111,8702289,2,2,1,test,diff_days_indoor,5,0,0,0,0,0,0.5120213627815247
data/raw/osu_lora/Diff_Days_Indoor_Setup/Day5/Device3/IQ_1.dat,112,8780688,2,2,1,test,diff_days_indoor,5,0,0,0,0,0,0.610893964767456
data/raw/osu_lora/Diff_Days_Indoor_Setup/Day5/Device3/IQ_1.dat,113,8859087,2,2,1,test,diff_days_indoor,5,0,0,0,0,0,0.39983946084976196
data/raw/osu_lora/Diff_Days_Indoor_Setup/Day5/Device3/IQ_1.dat,114,8937486,2,2,1,test,diff_days_indoor,5,0,0,0,0,0,0.6074612736701965
data/raw/osu_lora/Diff_Days_Indoor_Setup/Day5/Device3/IQ_1.dat,115,9015885,2,2,1,test,diff_days_indoor,5,0,0,0,0,0,0.5655035376548767
data/raw/osu_lora/Diff_Days_Indoor_Setup/Day5/Device3/IQ_1.dat,116,9094284,2,2,1,test,diff_days_indoor,5,0,0,0,0,0,0.5892531871795654
data/raw/osu_lora/Diff_Days_Indoor_Setup/Day5/Device3/IQ_1.dat,117,9172683,2,2,1,test,diff_days_indoor,5,0,0,0,0,0,0.5037460923194885
data/raw/osu_lora/Diff_Days_Indoor_Setup/Day5/Device3/IQ_1.dat,118,9251082,2,2,1,test,diff_days_indoor,5,0,0,0,0,0,0.5658853054046631
data/raw/osu_lora/Diff_Days_Indoor_Setup/Day5/Device3/IQ_1.dat,119,9329481,2,2,1,test,diff_days_indoor,5,0,0,0,0,0,0.5514710545539856
data/raw/osu_lora/Diff_Days_Indoor_Setup/Day5/Device3/IQ_1.dat,120,9407880,2,2,1,test,diff_days_indoor,5,0,0,0,0,0,0.5483048558235168
data/raw/osu_lora/Diff_Days_Indoor_Setup/Day5/Device3/IQ_1.dat,121,9486279,2,2,1,test,diff_days_indoor,5,0,0,0,0,0,0.5898057222366333
data/raw/osu_lora/Diff_Days_Indoor_Setup/Day5/Device3/IQ_1.dat,122,9564678,2,8,0,test,diff_days_indoor,5,0,0,0,0,0,0.7197461128234863
data/raw/osu_lora/Diff_Days_Indoor_Setup/Day5/Device3/IQ_1.dat,123,9643077,2,2,1,test,diff_days_indoor,5,0,0,0,0,0,0.5638836622238159
data/raw/osu_lora/Diff_Days_Indoor_Setup/Day5/Device3/IQ_1.dat,124,9721476,2,2,1,test,diff_days_indoor,5,0,0,0,0,0,0.5730234384536743
data/raw/osu_lora/Diff_Days_Indoor_Setup/Day5/Device3/IQ_1.dat,125,9799875,2,2,1,test,diff_days_indoor,5,0,0,0,0,0,0.5806346535682678
data/raw/osu_lora/Diff_Days_Indoor_Setup/Day5/Device3/IQ_1.dat,126,9878274,2,2,1,test,diff_days_indoor,5,0,0,0,0,0,0.5647619366645813
data/raw/osu_lora/Diff_Days_Indoor_Setup/Day5/Device3/IQ_1.dat,127,9956673,2,2,1,test,diff_days_indoor,5,0,0,0,0,0,0.6209010481834412
data/raw/osu_lora/Diff_Days_Indoor_Setup/Day5/Device3/IQ_1.dat,128,10035072,2,2,1,test,diff_days_indoor,5,0,0,0,0,0,0.5487667918205261
data/raw/osu_lora/Diff_Days_Indoor_Setup/Day5/Device3/IQ_1.dat,129,10113471,2,2,1,test,diff_days_indoor,5,0,0,0,0,0,0.5483892560005188
data/raw/osu_lora/Diff_Days_Indoor_Setup/Day5/Device3/IQ_1.dat,130,10191870,2,2,1,test,diff_days_indoor,5,0,0,0,0,0,0.6050402522087097
data/raw/osu_lora/Diff_Days_Indoor_Setup/Day5/Device3/IQ_1.dat,131,10270269,2,2,1,test,diff_days_indoor,5,0,0,0,0,0,0.5922399163246155
data/raw/osu_lora/Diff_Days_Indoor_Setup/Day5/Device3/IQ_1.dat,132,10348668,2,2,1,test,diff_days_indoor,5,0,0,0,0,0,0.472003310918808
data/raw/osu_lora/Diff_Days_Indoor_Setup/Day5/Device3/IQ_1.dat,133,10427067,2,2,1,test,diff_days_indoor,5,0,0,0,0,0,0.527267575263977
data/raw/osu_lora/Diff_Days_Indoor_Setup/Day5/Device3/IQ_1.dat,134,10505466,2,2,1,test,diff_days_indoor,5,0,0,0,0,0,0.4341887831687927
data/raw/osu_lora/Diff_Days_Indoor_Setup/Day5/Device3/IQ_1.dat,135,10583865,2,2,1,test,diff_days_indoor,5,0,0,0,0,0,0.5196218490600586
data/raw/osu_lora/Diff_Days_Indoor_Setup/Day5/Device3/IQ_1.dat,136,10662264,2,2,1,test,diff_days_indoor,5,0,0,0,0,0,0.528643786907196
data/raw/osu_lora/Diff_Days_Indoor_Setup/Day5/Device3/IQ_1.dat,137,10740663,2,2,1,test,diff_days_indoor,5,0,0,0,0,0,0.5553610324859619
data/raw/osu_lora/Diff_Days_Indoor_Setup/Day5/Device3/IQ_1.dat,138,10819062,2,8,0,test,diff_days_indoor,5,0,0,0,0,0,0.5917608141899109
data/raw/osu_lora/Diff_Days_Indoor_Setup/Day5/Device3/IQ_1.dat,139,10897461,2,2,1,test,diff_days_indoor,5,0,0,0,0,0,0.5981927514076233
data/raw/osu_lora/Diff_Days_Indoor_Setup/Day5/Device3/IQ_1.dat,140,10975860,2,2,1,test,diff_days_indoor,5,0,0,0,0,0,0.5471016764640808
data/raw/osu_lora/Diff_Days_Indoor_Setup/Day5/Device3/IQ_1.dat,141,11054259,2,2,1,test,diff_days_indoor,5,0,0,0,0,0,0.5972052812576294
data/raw/osu_lora/Diff_Days_Indoor_Setup/Day5/Device3/IQ_1.dat,142,11132658,2,2,1,test,diff_days_indoor,5,0,0,0,0,0,0.5476227402687073
data/raw/osu_lora/Diff_Days_Indoor_Setup/Day5/Device3/IQ_1.dat,143,11211057,2,2,1,test,diff_days_indoor,5,0,0,0,0,0,0.6164155602455139
data/raw/osu_lora/Diff_Days_Indoor_Setup/Day5/Device3/IQ_1.dat,144,11289456,2,2,1,test,diff_days_indoor,5,0,0,0,0,0,0.613821268081665
data/raw/osu_lora/Diff_Days_Indoor_Setup/Day5/Device3/IQ_1.dat,145,11367855,2,2,1,test,diff_days_indoor,5,0,0,0,0,0,0.5631833076477051
data/raw/osu_lora/Diff_Days_Indoor_Setup/Day5/Device3/IQ_1.dat,146,11446254,2,2,1,test,diff_days_indoor,5,0,0,0,0,0,0.5870269536972046
data/raw/osu_lora/Diff_Days_Indoor_Setup/Day5/Device3/IQ_1.dat,147,11524653,2,2,1,test,diff_days_indoor,5,0,0,0,0,0,0.6013769507408142
data/raw/osu_lora/Diff_Days_Indoor_Setup/Day5/Device3/IQ_1.dat,148,11603052,2,2,1,test,diff_days_indoor,5,0,0,0,0,0,0.5809342265129089
data/raw/osu_lora/Diff_Days_Indoor_Setup/Day5/Device3/IQ_1.dat,149,11681451,2,2,1,test,diff_days_indoor,5,0,0,0,0,0,0.5468104481697083
data/raw/osu_lora/Diff_Days_Indoor_Setup/Day5/Device3/IQ_1.dat,150,11759850,2,0,0,test,diff_days_indoor,5,0,0,0,0,0,0.42326512932777405
data/raw/osu_lora/Diff_Days_Indoor_Setup/Day5/Device3/IQ_1.dat,151,11838249,2,2,1,test,diff_days_indoor,5,0,0,0,0,0,0.5883694291114807
data/raw/osu_lora/Diff_Days_Indoor_Setup/Day5/Device3/IQ_1.dat,152,11916648,2,2,1,test,diff_days_indoor,5,0,0,0,0,0,0.534676730632782
data/raw/osu_lora/Diff_Days_Indoor_Setup/Day5/Device3/IQ_1.dat,153,11995047,2,0,0,test,diff_days_indoor,5,0,0,0,0,0,0.46312105655670166
data/raw/osu_lora/Diff_Days_Indoor_Setup/Day5/Device3/IQ_1.dat,154,12073446,2,2,1,test,diff_days_indoor,5,0,0,0,0,0,0.5877923965454102
data/raw/osu_lora/Diff_Days_Indoor_Setup/Day5/Device3/IQ_1.dat,155,12151845,2,2,1,test,diff_days_indoor,5,0,0,0,0,0,0.32034608721733093
data/raw/osu_lora/Diff_Days_Indoor_Setup/Day5/Device3/IQ_1.dat,156,12230244,2,0,0,test,diff_days_indoor,5,0,0,0,0,0,0.4542141556739807
data/raw/osu_lora/Diff_Days_Indoor_Setup/Day5/Device3/IQ_1.dat,157,12308643,2,2,1,test,diff_days_indoor,5,0,0,0,0,0,0.606652557849884
data/raw/osu_lora/Diff_Days_Indoor_Setup/Day5/Device3/IQ_1.dat,158,12387042,2,2,1,test,diff_days_indoor,5,0,0,0,0,0,0.5807697772979736
data/raw/osu_lora/Diff_Days_Indoor_Setup/Day5/Device3/IQ_1.dat,159,12465441,2,2,1,test,diff_days_indoor,5,0,0,0,0,0,0.5857422947883606
data/raw/osu_lora/Diff_Days_Indoor_Setup/Day5/Device3/IQ_1.dat,160,12543840,2,2,1,test,diff_days_indoor,5,0,0,0,0,0,0.5499847531318665
data/raw/osu_lora/Diff_Days_Indoor_Setup/Day5/Device3/IQ_1.dat,161,12622239,2,2,1,test,diff_days_indoor,5,0,0,0,0,0,0.5338054299354553
data/raw/osu_lora/Diff_Days_Indoor_Setup/Day5/Device3/IQ_1.dat,162,12700638,2,2,1,test,diff_days_indoor,5,0,0,0,0,0,0.5815093517303467
data/raw/osu_lora/Diff_Days_Indoor_Setup/Day5/Device3/IQ_1.dat,163,12779037,2,2,1,test,diff_days_indoor,5,0,0,0,0,0,0.48520946502685547
data/raw/osu_lora/Diff_Days_Indoor_Setup/Day5/Device3/IQ_1.dat,164,12857436,2,2,1,test,diff_days_indoor,5,0,0,0,0,0,0.6002054214477539
data/raw/osu_lora/Diff_Days_Indoor_Setup/Day5/Device3/IQ_1.dat,165,12935835,2,2,1,test,diff_days_indoor,5,0,0,0,0,0,0.5537294149398804
data/raw/osu_lora/Diff_Days_Indoor_Setup/Day5/Device3/IQ_1.dat,166,13014234,2,2,1,test,diff_days_indoor,5,0,0,0,0,0,0.5804494023323059
data/raw/osu_lora/Diff_Days_Indoor_Setup/Day5/Device3/IQ_1.dat,167,13092633,2,0,0,test,diff_days_indoor,5,0,0,0,0,0,0.49077609181404114
data/raw/osu_lora/Diff_Days_Indoor_Setup/Day5/Device3/IQ_1.dat,168,13171032,2,2,1,test,diff_days_indoor,5,0,0,0,0,0,0.5809322595596313
data/raw/osu_lora/Diff_Days_Indoor_Setup/Day5/Device3/IQ_1.dat,169,13249431,2,0,0,test,diff_days_indoor,5,0,0,0,0,0,0.5128839015960693
data/raw/osu_lora/Diff_Days_Indoor_Setup/Day5/Device3/IQ_1.dat,170,13327830,2,2,1,test,diff_days_indoor,5,0,0,0,0,0,0.4932066798210144
data/raw/osu_lora/Diff_Days_Indoor_Setup/Day5/Device3/IQ_1.dat,171,13406229,2,2,1,test,diff_days_indoor,5,0,0,0,0,0,0.5549758672714233
data/raw/osu_lora/Diff_Days_Indoor_Setup/Day5/Device3/IQ_1.dat,172,13484628,2,2,1,test,diff_days_indoor,5,0,0,0,0,0,0.5974961519241333
data/raw/osu_lora/Diff_Days_Indoor_Setup/Day5/Device3/IQ_1.dat,173,13563027,2,2,1,test,diff_days_indoor,5,0,0,0,0,0,0.5953519940376282
data/raw/osu_lora/Diff_Days_Indoor_Setup/Day5/Device3/IQ_1.dat,174,13641426,2,0,0,test,diff_days_indoor,5,0,0,0,0,0,0.4192414879798889
data/raw/osu_lora/Diff_Days_Indoor_Setup/Day5/Device3/IQ_1.dat,175,13719825,2,2,1,test,diff_days_indoor,5,0,0,0,0,0,0.582092821598053
data/raw/osu_lora/Diff_Days_Indoor_Setup/Day5/Device3/IQ_1.dat,176,13798224,2,2,1,test,diff_days_indoor,5,0,0,0,0,0,0.6193628907203674
data/raw/osu_lora/Diff_Days_Indoor_Setup/Day5/Device3/IQ_1.dat,177,13876623,2,2,1,test,diff_days_indoor,5,0,0,0,0,0,0.4678608179092407
data/raw/osu_lora/Diff_Days_Indoor_Setup/Day5/Device3/IQ_1.dat,178,13955022,2,2,1,test,diff_days_indoor,5,0,0,0,0,0,0.5886344313621521
data/raw/osu_lora/Diff_Days_Indoor_Setup/Day5/Device3/IQ_1.dat,179,14033421,2,2,1,test,diff_days_indoor,5,0,0,0,0,0,0.4182389974594116
data/raw/osu_lora/Diff_Days_Indoor_Setup/Day5/Device3/IQ_1.dat,180,14111820,2,2,1,test,diff_days_indoor,5,0,0,0,0,0,0.5663878321647644
data/raw/osu_lora/Diff_Days_Indoor_Setup/Day5/Device3/IQ_1.dat,181,14190219,2,2,1,test,diff_days_indoor,5,0,0,0,0,0,0.5145277380943298
data/raw/osu_lora/Diff_Days_Indoor_Setup/Day5/Device3/IQ_1.dat,182,14268618,2,2,1,test,diff_days_indoor,5,0,0,0,0,0,0.5711705088615417
data/raw/osu_lora/Diff_Days_Indoor_Setup/Day5/Device3/IQ_1.dat,183,14347017,2,2,1,test,diff_days_indoor,5,0,0,0,0,0,0.6621565818786621
data/raw/osu_lora/Diff_Days_Indoor_Setup/Day5/Device3/IQ_1.dat,184,14425416,2,2,1,test,diff_days_indoor,5,0,0,0,0,0,0.4963255822658539
data/raw/osu_lora/Diff_Days_Indoor_Setup/Day5/Device3/IQ_1.dat,185,14503815,2,0,0,test,diff_days_indoor,5,0,0,0,0,0,0.4871005415916443
data/raw/osu_lora/Diff_Days_Indoor_Setup/Day5/Device3/IQ_1.dat,186,14582214,2,2,1,test,diff_days_indoor,5,0,0,0,0,0,0.5722256898880005
data/raw/osu_lora/Diff_Days_Indoor_Setup/Day5/Device3/IQ_1.dat,187,14660613,2,2,1,test,diff_days_indoor,5,0,0,0,0,0,0.5437018275260925
data/raw/osu_lora/Diff_Days_Indoor_Setup/Day5/Device3/IQ_1.dat,188,14739012,2,2,1,test,diff_days_indoor,5,0,0,0,0,0,0.5997957587242126
data/raw/osu_lora/Diff_Days_Indoor_Setup/Day5/Device3/IQ_1.dat,189,14817411,2,2,1,test,diff_days_indoor,5,0,0,0,0,0,0.6268342137336731
data/raw/osu_lora/Diff_Days_Indoor_Setup/Day5/Device3/IQ_1.dat,190,14895810,2,2,1,test,diff_days_indoor,5,0,0,0,0,0,0.5646576881408691
data/raw/osu_lora/Diff_Days_Indoor_Setup/Day5/Device3/IQ_1.dat,191,14974209,2,2,1,test,diff_days_indoor,5,0,0,0,0,0,0.5198472142219543
data/raw/osu_lora/Diff_Days_Indoor_Setup/Day5/Device3/IQ_1.dat,192,15052608,2,2,1,test,diff_days_indoor,5,0,0,0,0,0,0.5581175088882446
data/raw/osu_lora/Diff_Days_Indoor_Setup/Day5/Device3/IQ_1.dat,193,15131007,2,2,1,test,diff_days_indoor,5,0,0,0,0,0,0.5987277626991272
data/raw/osu_lora/Diff_Days_Indoor_Setup/Day5/Device3/IQ_1.dat,194,15209406,2,2,1,test,diff_days_indoor,5,0,0,0,0,0,0.6109228730201721
data/raw/osu_lora/Diff_Days_Indoor_Setup/Day5/Device3/IQ_1.dat,195,15287805,2,0,0,test,diff_days_indoor,5,0,0,0,0,0,0.4705657362937927
data/raw/osu_lora/Diff_Days_Indoor_Setup/Day5/Device3/IQ_1.dat,196,15366204,2,2,1,test,diff_days_indoor,5,0,0,0,0,0,0.5084959268569946
data/raw/osu_lora/Diff_Days_Indoor_Setup/Day5/Device3/IQ_1.dat,197,15444603,2,2,1,test,diff_days_indoor,5,0,0,0,0,0,0.5395122170448303
data/raw/osu_lora/Diff_Days_Indoor_Setup/Day5/Device3/IQ_1.dat,198,15523002,2,2,1,test,diff_days_indoor,5,0,0,0,0,0,0.5420821309089661
data/raw/osu_lora/Diff_Days_Indoor_Setup/Day5/Device3/IQ_1.dat,199,15601401,2,2,1,test,diff_days_indoor,5,0,0,0,0,0,0.5283966064453125
data/raw/osu_lora/Diff_Days_Indoor_Setup/Day5/Device3/IQ_1.dat,200,15679800,2,2,1,test,diff_days_indoor,5,0,0,0,0,0,0.5326119065284729
data/raw/osu_lora/Diff_Days_Indoor_Setup/Day5/Device3/IQ_1.dat,201,15758199,2,0,0,test,diff_days_indoor,5,0,0,0,0,0,0.4311473071575165
data/raw/osu_lora/Diff_Days_Indoor_Setup/Day5/Device3/IQ_1.dat,202,15836598,2,2,1,test,diff_days_indoor,5,0,0,0,0,0,0.5203437209129333
data/raw/osu_lora/Diff_Days_Indoor_Setup/Day5/Device3/IQ_1.dat,203,15914997,2,0,0,test,diff_days_indoor,5,0,0,0,0,0,0.37573370337486267
data/raw/osu_lora/Diff_Days_Indoor_Setup/Day5/Device3/IQ_1.dat,204,15993396,2,2,1,test,diff_days_indoor,5,0,0,0,0,0,0.46207085251808167
data/raw/osu_lora/Diff_Days_Indoor_Setup/Day5/Device3/IQ_1.dat,205,16071795,2,2,1,test,diff_days_indoor,5,0,0,0,0,0,0.5296654105186462
data/raw/osu_lora/Diff_Days_Indoor_Setup/Day5/Device3/IQ_1.dat,206,16150194,2,2,1,test,diff_days_indoor,5,0,0,0,0,0,0.32281357049942017
data/raw/osu_lora/Diff_Days_Indoor_Setup/Day5/Device3/IQ_1.dat,207,16228593,2,2,1,test,diff_days_indoor,5,0,0,0,0,0,0.5532068014144897
data/raw/osu_lora/Diff_Days_Indoor_Setup/Day5/Device3/IQ_1.dat,208,16306992,2,2,1,test,diff_days_indoor,5,0,0,0,0,0,0.6312776803970337
data/raw/osu_lora/Diff_Days_Indoor_Setup/Day5/Device3/IQ_1.dat,209,16385391,2,2,1,test,diff_days_indoor,5,0,0,0,0,0,0.5915666222572327
data/raw/osu_lora/Diff_Days_Indoor_Setup/Day5/Device3/IQ_1.dat,210,16463790,2,2,1,test,diff_days_indoor,5,0,0,0,0,0,0.6160702705383301
data/raw/osu_lora/Diff_Days_Indoor_Setup/Day5/Device3/IQ_1.dat,211,16542189,2,2,1,test,diff_days_indoor,5,0,0,0,0,0,0.593766450881958
data/raw/osu_lora/Diff_Days_Indoor_Setup/Day5/Device3/IQ_1.dat,212,16620588,2,3,0,test,diff_days_indoor,5,0,0,0,0,0,0.4091510474681854
data/raw/osu_lora/Diff_Days_Indoor_Setup/Day5/Device3/IQ_1.dat,213,16698987,2,2,1,test,diff_days_indoor,5,0,0,0,0,0,0.5840660929679871
data/raw/osu_lora/Diff_Days_Indoor_Setup/Day5/Device3/IQ_1.dat,214,16777386,2,2,1,test,diff_days_indoor,5,0,0,0,0,0,0.623320996761322
data/raw/osu_lora/Diff_Days_Indoor_Setup/Day5/Device3/IQ_1.dat,215,16855785,2,2,1,test,diff_days_indoor,5,0,0,0,0,0,0.5880151987075806
data/raw/osu_lora/Diff_Days_Indoor_Setup/Day5/Device3/IQ_1.dat,216,16934184,2,8,0,test,diff_days_indoor,5,0,0,0,0,0,0.4834398627281189
data/raw/osu_lora/Diff_Days_Indoor_Setup/Day5/Device3/IQ_1.dat,217,17012583,2,3,0,test,diff_days_indoor,5,0,0,0,0,0,0.6067325472831726
data/raw/osu_lora/Diff_Days_Indoor_Setup/Day5/Device3/IQ_1.dat,218,17090982,2,2,1,test,diff_days_indoor,5,0,0,0,0,0,0.6005508899688721
data/raw/osu_lora/Diff_Days_Indoor_Setup/Day5/Device3/IQ_1.dat,219,17169381,2,2,1,test,diff_days_indoor,5,0,0,0,0,0,0.551741361618042
data/raw/osu_lora/Diff_Days_Indoor_Setup/Day5/Device3/IQ_1.dat,220,17247780,2,0,0,test,diff_days_indoor,5,0,0,0,0,0,0.4687170684337616
data/raw/osu_lora/Diff_Days_Indoor_Setup/Day5/Device3/IQ_1.dat,221,17326179,2,2,1,test,diff_days_indoor,5,0,0,0,0,0,0.4956015944480896
data/raw/osu_lora/Diff_Days_Indoor_Setup/Day5/Device3/IQ_1.dat,222,17404578,2,2,1,test,diff_days_indoor,5,0,0,0,0,0,0.5132208466529846
data/raw/osu_lora/Diff_Days_Indoor_Setup/Day5/Device3/IQ_1.dat,223,17482977,2,2,1,test,diff_days_indoor,5,0,0,0,0,0,0.5826150178909302
data/raw/osu_lora/Diff_Days_Indoor_Setup/Day5/Device3/IQ_1.dat,224,17561376,2,2,1,test,diff_days_indoor,5,0,0,0,0,0,0.620989203453064
data/raw/osu_lora/Diff_Days_Indoor_Setup/Day5/Device3/IQ_1.dat,225,17639775,2,2,1,test,diff_days_indoor,5,0,0,0,0,0,0.548886239528656
data/raw/osu_lora/Diff_Days_Indoor_Setup/Day5/Device3/IQ_1.dat,226,17718174,2,2,1,test,diff_days_indoor,5,0,0,0,0,0,0.5943235158920288
data/raw/osu_lora/Diff_Days_Indoor_Setup/Day5/Device3/IQ_1.dat,227,17796573,2,2,1,test,diff_days_indoor,5,0,0,0,0,0,0.5103286504745483
data/raw/osu_lora/Diff_Days_Indoor_Setup/Day5/Device3/IQ_1.dat,228,17874972,2,2,1,test,diff_days_indoor,5,0,0,0,0,0,0.5366097092628479
data/raw/osu_lora/Diff_Days_Indoor_Setup/Day5/Device3/IQ_1.dat,229,17953371,2,2,1,test,diff_days_indoor,5,0,0,0,0,0,0.598273515701294
data/raw/osu_lora/Diff_Days_Indoor_Setup/Day5/Device3/IQ_1.dat,230,18031770,2,2,1,test,diff_days_indoor,5,0,0,0,0,0,0.6238922476768494
data/raw/osu_lora/Diff_Days_Indoor_Setup/Day5/Device3/IQ_1.dat,231,18110169,2,2,1,test,diff_days_indoor,5,0,0,0,0,0,0.6021561026573181
data/raw/osu_lora/Diff_Days_Indoor_Setup/Day5/Device3/IQ_1.dat,232,18188568,2,8,0,test,diff_days_indoor,5,0,0,0,0,0,0.363662987947464
data/raw/osu_lora/Diff_Days_Indoor_Setup/Day5/Device3/IQ_1.dat,233,18266967,2,2,1,test,diff_days_indoor,5,0,0,0,0,0,0.5311594009399414
data/raw/osu_lora/Diff_Days_Indoor_Setup/Day5/Device3/IQ_1.dat,234,18345366,2,2,1,test,diff_days_indoor,5,0,0,0,0,0,0.5047598481178284
data/raw/osu_lora/Diff_Days_Indoor_Setup/Day5/Device3/IQ_1.dat,235,18423765,2,2,1,test,diff_days_indoor,5,0,0,0,0,0,0.5429940223693848
data/raw/osu_lora/Diff_Days_Indoor_Setup/Day5/Device3/IQ_1.dat,236,18502164,2,2,1,test,diff_days_indoor,5,0,0,0,0,0,0.5823807716369629
data/raw/osu_lora/Diff_Days_Indoor_Setup/Day5/Device3/IQ_1.dat,237,18580563,2,2,1,test,diff_days_indoor,5,0,0,0,0,0,0.5539283752441406
data/raw/osu_lora/Diff_Days_Indoor_Setup/Day5/Device3/IQ_1.dat,238,18658962,2,2,1,test,diff_days_indoor,5,0,0,0,0,0,0.5036791563034058
data/raw/osu_lora/Diff_Days_Indoor_Setup/Day5/Device3/IQ_1.dat,239,18737361,2,2,1,test,diff_days_indoor,5,0,0,0,0,0,0.6016650199890137
data/raw/osu_lora/Diff_Days_Indoor_Setup/Day5/Device3/IQ_1.dat,240,18815760,2,0,0,test,diff_days_indoor,5,0,0,0,0,0,0.3398904800415039
data/raw/osu_lora/Diff_Days_Indoor_Setup/Day5/Device3/IQ_1.dat,241,18894159,2,2,1,test,diff_days_indoor,5,0,0,0,0,0,0.6060830950737
data/raw/osu_lora/Diff_Days_Indoor_Setup/Day5/Device3/IQ_1.dat,242,18972558,2,2,1,test,diff_days_indoor,5,0,0,0,0,0,0.3879598379135132
data/raw/osu_lora/Diff_Days_Indoor_Setup/Day5/Device3/IQ_1.dat,243,19050957,2,2,1,test,diff_days_indoor,5,0,0,0,0,0,0.62372225522995
data/raw/osu_lora/Diff_Days_Indoor_Setup/Day5/Device3/IQ_1.dat,244,19129356,2,2,1,test,diff_days_indoor,5,0,0,0,0,0,0.5013312101364136
data/raw/osu_lora/Diff_Days_Indoor_Setup/Day5/Device3/IQ_1.dat,245,19207755,2,2,1,test,diff_days_indoor,5,0,0,0,0,0,0.5791980624198914
data/raw/osu_lora/Diff_Days_Indoor_Setup/Day5/Device3/IQ_1.dat,246,19286154,2,2,1,test,diff_days_indoor,5,0,0,0,0,0,0.6019211411476135
data/raw/osu_lora/Diff_Days_Indoor_Setup/Day5/Device3/IQ_1.dat,247,19364553,2,2,1,test,diff_days_indoor,5,0,0,0,0,0,0.6033928990364075
data/raw/osu_lora/Diff_Days_Indoor_Setup/Day5/Device3/IQ_1.dat,248,19442952,2,2,1,test,diff_days_indoor,5,0,0,0,0,0,0.6284458041191101
data/raw/osu_lora/Diff_Days_Indoor_Setup/Day5/Device3/IQ_1.dat,249,19521351,2,2,1,test,diff_days_indoor,5,0,0,0,0,0,0.5891489386558533
data/raw/osu_lora/Diff_Days_Indoor_Setup/Day5/Device3/IQ_1.dat,250,19599750,2,2,1,test,diff_days_indoor,5,0,0,0,0,0,0.6100237369537354
data/raw/osu_lora/Diff_Days_Indoor_Setup/Day5/Device3/IQ_1.dat,251,19678149,2,2,1,test,diff_days_indoor,5,0,0,0,0,0,0.4999901056289673
data/raw/osu_lora/Diff_Days_Indoor_Setup/Day5/Device3/IQ_1.dat,252,19756548,2,2,1,test,diff_days_indoor,5,0,0,0,0,0,0.5449276566505432
data/raw/osu_lora/Diff_Days_Indoor_Setup/Day5/Device3/IQ_1.dat,253,19834947,2,2,1,test,diff_days_indoor,5,0,0,0,0,0,0.6072543859481812
data/raw/osu_lora/Diff_Days_Indoor_Setup/Day5/Device3/IQ_1.dat,254,19913346,2,8,0,test,diff_days_indoor,5,0,0,0,0,0,0.5388978719711304
data/raw/osu_lora/Diff_Days_Indoor_Setup/Day5/Device3/IQ_1.dat,255,19991745,2,2,1,test,diff_days_indoor,5,0,0,0,0,0,0.589260995388031
data/raw/osu_lora/Diff_Days_Indoor_Setup/Day5/Device4/IQ_1.dat,0,0,3,3,1,test,diff_days_indoor,5,0,0,0,0,0,0.41744691133499146
data/raw/osu_lora/Diff_Days_Indoor_Setup/Day5/Device4/IQ_1.dat,1,78399,3,3,1,test,diff_days_indoor,5,0,0,0,0,0,0.7427983283996582
data/raw/osu_lora/Diff_Days_Indoor_Setup/Day5/Device4/IQ_1.dat,2,156798,3,3,1,test,diff_days_indoor,5,0,0,0,0,0,0.8703814148902893
data/raw/osu_lora/Diff_Days_Indoor_Setup/Day5/Device4/IQ_1.dat,3,235197,3,3,1,test,diff_days_indoor,5,0,0,0,0,0,0.42122790217399597
data/raw/osu_lora/Diff_Days_Indoor_Setup/Day5/Device4/IQ_1.dat,4,313596,3,3,1,test,diff_days_indoor,5,0,0,0,0,0,0.7468802332878113
data/raw/osu_lora/Diff_Days_Indoor_Setup/Day5/Device4/IQ_1.dat,5,391995,3,0,0,test,diff_days_indoor,5,0,0,0,0,0,0.3943690359592438
data/raw/osu_lora/Diff_Days_Indoor_Setup/Day5/Device4/IQ_1.dat,6,470394,3,3,1,test,diff_days_indoor,5,0,0,0,0,0,0.795801043510437
data/raw/osu_lora/Diff_Days_Indoor_Setup/Day5/Device4/IQ_1.dat,7,548793,3,0,0,test,diff_days_indoor,5,0,0,0,0,0,0.42688873410224915
data/raw/osu_lora/Diff_Days_Indoor_Setup/Day5/Device4/IQ_1.dat,8,627192,3,3,1,test,diff_days_indoor,5,0,0,0,0,0,0.7644903659820557
data/raw/osu_lora/Diff_Days_Indoor_Setup/Day5/Device4/IQ_1.dat,9,705591,3,0,0,test,diff_days_indoor,5,0,0,0,0,0,0.35614264011383057
data/raw/osu_lora/Diff_Days_Indoor_Setup/Day5/Device4/IQ_1.dat,10,783990,3,3,1,test,diff_days_indoor,5,0,0,0,0,0,0.8534122705459595
data/raw/osu_lora/Diff_Days_Indoor_Setup/Day5/Device4/IQ_1.dat,11,862389,3,3,1,test,diff_days_indoor,5,0,0,0,0,0,0.37678930163383484
data/raw/osu_lora/Diff_Days_Indoor_Setup/Day5/Device4/IQ_1.dat,12,940788,3,0,0,test,diff_days_indoor,5,0,0,0,0,0,0.4694995582103729
data/raw/osu_lora/Diff_Days_Indoor_Setup/Day5/Device4/IQ_1.dat,13,1019187,3,3,1,test,diff_days_indoor,5,0,0,0,0,0,0.6373715400695801
data/raw/osu_lora/Diff_Days_Indoor_Setup/Day5/Device4/IQ_1.dat,14,1097586,3,3,1,test,diff_days_indoor,5,0,0,0,0,0,0.8324083685874939
data/raw/osu_lora/Diff_Days_Indoor_Setup/Day5/Device4/IQ_1.dat,15,1175985,3,0,0,test,diff_days_indoor,5,0,0,0,0,0,0.46507078409194946
data/raw/osu_lora/Diff_Days_Indoor_Setup/Day5/Device4/IQ_1.dat,16,1254384,3,2,0,test,diff_days_indoor,5,0,0,0,0,0,0.4969678819179535
data/raw/osu_lora/Diff_Days_Indoor_Setup/Day5/Device4/IQ_1.dat,17,1332783,3,0,0,test,diff_days_indoor,5,0,0,0,0,0,0.4892696738243103
data/raw/osu_lora/Diff_Days_Indoor_Setup/Day5/Device4/IQ_1.dat,18,1411182,3,3,1,test,diff_days_indoor,5,0,0,0,0,0,0.8831595778465271
data/raw/osu_lora/Diff_Days_Indoor_Setup/Day5/Device4/IQ_1.dat,19,1489581,3,3,1,test,diff_days_indoor,5,0,0,0,0,0,0.8461177945137024
data/raw/osu_lora/Diff_Days_Indoor_Setup/Day5/Device4/IQ_1.dat,20,1567980,3,3,1,test,diff_days_indoor,5,0,0,0,0,0,0.8419868350028992
data/raw/osu_lora/Diff_Days_Indoor_Setup/Day5/Device4/IQ_1.dat,21,1646379,3,3,1,test,diff_days_indoor,5,0,0,0,0,0,0.512541651725769
data/raw/osu_lora/Diff_Days_Indoor_Setup/Day5/Device4/IQ_1.dat,22,1724778,3,3,1,test,diff_days_indoor,5,0,0,0,0,0,0.7442553043365479
data/raw/osu_lora/Diff_Days_Indoor_Setup/Day5/Device4/IQ_1.dat,23,1803177,3,3,1,test,diff_days_indoor,5,0,0,0,0,0,0.8196038603782654
data/raw/osu_lora/Diff_Days_Indoor_Setup/Day5/Device4/IQ_1.dat,24,1881576,3,3,1,test,diff_days_indoor,5,0,0,0,0,0,0.8511755466461182
data/raw/osu_lora/Diff_Days_Indoor_Setup/Day5/Device4/IQ_1.dat,25,1959975,3,2,0,test,diff_days_indoor,5,0,0,0,0,0,0.44961580634117126
data/raw/osu_lora/Diff_Days_Indoor_Setup/Day5/Device4/IQ_1.dat,26,2038374,3,0,0,test,diff_days_indoor,5,0,0,0,0,0,0.4798259437084198
data/raw/osu_lora/Diff_Days_Indoor_Setup/Day5/Device4/IQ_1.dat,27,2116773,3,0,0,test,diff_days_indoor,5,0,0,0,0,0,0.4342251121997833
data/raw/osu_lora/Diff_Days_Indoor_Setup/Day5/Device4/IQ_1.dat,28,2195172,3,3,1,test,diff_days_indoor,5,0,0,0,0,0,0.7095682621002197
data/raw/osu_lora/Diff_Days_Indoor_Setup/Day5/Device4/IQ_1.dat,29,2273571,3,2,0,test,diff_days_indoor,5,0,0,0,0,0,0.509826123714447
data/raw/osu_lora/Diff_Days_Indoor_Setup/Day5/Device4/IQ_1.dat,30,2351970,3,3,1,test,diff_days_indoor,5,0,0,0,0,0,0.6728336215019226
data/raw/osu_lora/Diff_Days_Indoor_Setup/Day5/Device4/IQ_1.dat,31,2430369,3,3,1,test,diff_days_indoor,5,0,0,0,0,0,0.6483815908432007
data/raw/osu_lora/Diff_Days_Indoor_Setup/Day5/Device4/IQ_1.dat,32,2508768,3,3,1,test,diff_days_indoor,5,0,0,0,0,0,0.726973831653595
data/raw/osu_lora/Diff_Days_Indoor_Setup/Day5/Device4/IQ_1.dat,33,2587167,3,3,1,test,diff_days_indoor,5,0,0,0,0,0,0.8777915835380554
data/raw/osu_lora/Diff_Days_Indoor_Setup/Day5/Device4/IQ_1.dat,34,2665566,3,3,1,test,diff_days_indoor,5,0,0,0,0,0,0.6406294107437134
data/raw/osu_lora/Diff_Days_Indoor_Setup/Day5/Device4/IQ_1.dat,35,2743965,3,3,1,test,diff_days_indoor,5,0,0,0,0,0,0.5286163687705994
data/raw/osu_lora/Diff_Days_Indoor_Setup/Day5/Device4/IQ_1.dat,36,2822364,3,3,1,test,diff_days_indoor,5,0,0,0,0,0,0.6474090814590454
data/raw/osu_lora/Diff_Days_Indoor_Setup/Day5/Device4/IQ_1.dat,37,2900763,3,3,1,test,diff_days_indoor,5,0,0,0,0,0,0.8753232955932617
data/raw/osu_lora/Diff_Days_Indoor_Setup/Day5/Device4/IQ_1.dat,38,2979162,3,1,0,test,diff_days_indoor,5,0,0,0,0,0,0.5816031098365784
data/raw/osu_lora/Diff_Days_Indoor_Setup/Day5/Device4/IQ_1.dat,39,3057561,3,3,1,test,diff_days_indoor,5,0,0,0,0,0,0.7645005583763123
data/raw/osu_lora/Diff_Days_Indoor_Setup/Day5/Device4/IQ_1.dat,40,3135960,3,3,1,test,diff_days_indoor,5,0,0,0,0,0,0.8565049767494202
data/raw/osu_lora/Diff_Days_Indoor_Setup/Day5/Device4/IQ_1.dat,41,3214359,3,0,0,test,diff_days_indoor,5,0,0,0,0,0,0.4748401641845703
data/raw/osu_lora/Diff_Days_Indoor_Setup/Day5/Device4/IQ_1.dat,42,3292758,3,3,1,test,diff_days_indoor,5,0,0,0,0,0,0.8555862307548523
data/raw/osu_lora/Diff_Days_Indoor_Setup/Day5/Device4/IQ_1.dat,43,3371157,3,3,1,test,diff_days_indoor,5,0,0,0,0,0,0.7017134428024292
data/raw/osu_lora/Diff_Days_Indoor_Setup/Day5/Device4/IQ_1.dat,44,3449556,3,3,1,test,diff_days_indoor,5,0,0,0,0,0,0.6818768382072449
data/raw/osu_lora/Diff_Days_Indoor_Setup/Day5/Device4/IQ_1.dat,45,3527955,3,3,1,test,diff_days_indoor,5,0,0,0,0,0,0.6351541876792908
data/raw/osu_lora/Diff_Days_Indoor_Setup/Day5/Device4/IQ_1.dat,46,3606354,3,0,0,test,diff_days_indoor,5,0,0,0,0,0,0.4920336604118347
data/raw/osu_lora/Diff_Days_Indoor_Setup/Day5/Device4/IQ_1.dat,47,3684753,3,3,1,test,diff_days_indoor,5,0,0,0,0,0,0.7599616646766663
data/raw/osu_lora/Diff_Days_Indoor_Setup/Day5/Device4/IQ_1.dat,48,3763152,3,3,1,test,diff_days_indoor,5,0,0,0,0,0,0.7625265717506409
data/raw/osu_lora/Diff_Days_Indoor_Setup/Day5/Device4/IQ_1.dat,49,3841551,3,3,1,test,diff_days_indoor,5,0,0,0,0,0,0.7887657284736633
data/raw/osu_lora/Diff_Days_Indoor_Setup/Day5/Device4/IQ_1.dat,50,3919950,3,3,1,test,diff_days_indoor,5,0,0,0,0,0,0.7065667510032654
data/raw/osu_lora/Diff_Days_Indoor_Setup/Day5/Device4/IQ_1.dat,51,3998349,3,3,1,test,diff_days_indoor,5,0,0,0,0,0,0.770189106464386
data/raw/osu_lora/Diff_Days_Indoor_Setup/Day5/Device4/IQ_1.dat,52,4076748,3,3,1,test,diff_days_indoor,5,0,0,0,0,0,0.7743337154388428
data/raw/osu_lora/Diff_Days_Indoor_Setup/Day5/Device4/IQ_1.dat,53,4155147,3,1,0,test,diff_days_indoor,5,0,0,0,0,0,0.5509817600250244
data/raw/osu_lora/Diff_Days_Indoor_Setup/Day5/Device4/IQ_1.dat,54,4233546,3,3,1,test,diff_days_indoor,5,0,0,0,0,0,0.6271622180938721
data/raw/osu_lora/Diff_Days_Indoor_Setup/Day5/Device4/IQ_1.dat,55,4311945,3,3,1,test,diff_days_indoor,5,0,0,0,0,0,0.5667334198951721
data/raw/osu_lora/Diff_Days_Indoor_Setup/Day5/Device4/IQ_1.dat,56,4390344,3,3,1,test,diff_days_indoor,5,0,0,0,0,0,0.7723091244697571
data/raw/osu_lora/Diff_Days_Indoor_Setup/Day5/Device4/IQ_1.dat,57,4468743,3,0,0,test,diff_days_indoor,5,0,0,0,0,0,0.45154744386672974
data/raw/osu_lora/Diff_Days_Indoor_Setup/Day5/Device4/IQ_1.dat,58,4547142,3,3,1,test,diff_days_indoor,5,0,0,0,0,0,0.6734110713005066
data/raw/osu_lora/Diff_Days_Indoor_Setup/Day5/Device4/IQ_1.dat,59,4625541,3,3,1,test,diff_days_indoor,5,0,0,0,0,0,0.6759416460990906
data/raw/osu_lora/Diff_Days_Indoor_Setup/Day5/Device4/IQ_1.dat,60,4703940,3,3,1,test,diff_days_indoor,5,0,0,0,0,0,0.9022123217582703
data/raw/osu_lora/Diff_Days_Indoor_Setup/Day5/Device4/IQ_1.dat,61,4782339,3,0,0,test,diff_days_indoor,5,0,0,0,0,0,0.3672822117805481
data/raw/osu_lora/Diff_Days_Indoor_Setup/Day5/Device4/IQ_1.dat,62,4860738,3,3,1,test,diff_days_indoor,5,0,0,0,0,0,0.7734610438346863
data/raw/osu_lora/Diff_Days_Indoor_Setup/Day5/Device4/IQ_1.dat,63,4939137,3,0,0,test,diff_days_indoor,5,0,0,0,0,0,0.4377818703651428
data/raw/osu_lora/Diff_Days_Indoor_Setup/Day5/Device4/IQ_1.dat,64,5017536,3,0,0,test,diff_days_indoor,5,0,0,0,0,0,0.48269206285476685
data/raw/osu_lora/Diff_Days_Indoor_Setup/Day5/Device4/IQ_1.dat,65,5095935,3,3,1,test,diff_days_indoor,5,0,0,0,0,0,0.7427601218223572
data/raw/osu_lora/Diff_Days_Indoor_Setup/Day5/Device4/IQ_1.dat,66,5174334,3,3,1,test,diff_days_indoor,5,0,0,0,0,0,0.8361251950263977
data/raw/osu_lora/Diff_Days_Indoor_Setup/Day5/Device4/IQ_1.dat,67,5252733,3,3,1,test,diff_days_indoor,5,0,0,0,0,0,0.7375262379646301
data/raw/osu_lora/Diff_Days_Indoor_Setup/Day5/Device4/IQ_1.dat,68,5331132,3,2,0,test,diff_days_indoor,5,0,0,0,0,0,0.4775278866291046
data/raw/osu_lora/Diff_Days_Indoor_Setup/Day5/Device4/IQ_1.dat,69,5409531,3,3,1,test,diff_days_indoor,5,0,0,0,0,0,0.7634596824645996
data/raw/osu_lora/Diff_Days_Indoor_Setup/Day5/Device4/IQ_1.dat,70,5487930,3,3,1,test,diff_days_indoor,5,0,0,0,0,0,0.6396979689598083
data/raw/osu_lora/Diff_Days_Indoor_Setup/Day5/Device4/IQ_1.dat,71,5566329,3,3,1,test,diff_days_indoor,5,0,0,0,0,0,0.651468813419342
data/raw/osu_lora/Diff_Days_Indoor_Setup/Day5/Device4/IQ_1.dat,72,5644728,3,3,1,test,diff_days_indoor,5,0,0,0,0,0,0.6373212337493896
data/raw/osu_lora/Diff_Days_Indoor_Setup/Day5/Device4/IQ_1.dat,73,5723127,3,3,1,test,diff_days_indoor,5,0,0,0,0,0,0.8142029047012329
data/raw/osu_lora/Diff_Days_Indoor_Setup/Day5/Device4/IQ_1.dat,74,5801526,3,3,1,test,diff_days_indoor,5,0,0,0,0,0,0.6747490167617798
data/raw/osu_lora/Diff_Days_Indoor_Setup/Day5/Device4/IQ_1.dat,75,5879925,3,3,1,test,diff_days_indoor,5,0,0,0,0,0,0.6138499975204468
data/raw/osu_lora/Diff_Days_Indoor_Setup/Day5/Device4/IQ_1.dat,76,5958324,3,3,1,test,diff_days_indoor,5,0,0,0,0,0,0.45006439089775085
data/raw/osu_lora/Diff_Days_Indoor_Setup/Day5/Device4/IQ_1.dat,77,6036723,3,3,1,test,diff_days_indoor,5,0,0,0,0,0,0.5336692333221436
data/raw/osu_lora/Diff_Days_Indoor_Setup/Day5/Device4/IQ_1.dat,78,6115122,3,3,1,test,diff_days_indoor,5,0,0,0,0,0,0.6800644993782043
data/raw/osu_lora/Diff_Days_Indoor_Setup/Day5/Device4/IQ_1.dat,79,6193521,3,3,1,test,diff_days_indoor,5,0,0,0,0,0,0.7943893074989319
data/raw/osu_lora/Diff_Days_Indoor_Setup/Day5/Device4/IQ_1.dat,80,6271920,3,3,1,test,diff_days_indoor,5,0,0,0,0,0,0.7730414271354675
data/raw/osu_lora/Diff_Days_Indoor_Setup/Day5/Device4/IQ_1.dat,81,6350319,3,3,1,test,diff_days_indoor,5,0,0,0,0,0,0.7700876593589783
data/raw/osu_lora/Diff_Days_Indoor_Setup/Day5/Device4/IQ_1.dat,82,6428718,3,3,1,test,diff_days_indoor,5,0,0,0,0,0,0.8710103034973145
data/raw/osu_lora/Diff_Days_Indoor_Setup/Day5/Device4/IQ_1.dat,83,6507117,3,2,0,test,diff_days_indoor,5,0,0,0,0,0,0.6038861274719238
data/raw/osu_lora/Diff_Days_Indoor_Setup/Day5/Device4/IQ_1.dat,84,6585516,3,0,0,test,diff_days_indoor,5,0,0,0,0,0,0.42924535274505615
data/raw/osu_lora/Diff_Days_Indoor_Setup/Day5/Device4/IQ_1.dat,85,6663915,3,3,1,test,diff_days_indoor,5,0,0,0,0,0,0.4956585168838501
data/raw/osu_lora/Diff_Days_Indoor_Setup/Day5/Device4/IQ_1.dat,86,6742314,3,3,1,test,diff_days_indoor,5,0,0,0,0,0,0.7041237354278564
data/raw/osu_lora/Diff_Days_Indoor_Setup/Day5/Device4/IQ_1.dat,87,6820713,3,3,1,test,diff_days_indoor,5,0,0,0,0,0,0.9036617279052734
data/raw/osu_lora/Diff_Days_Indoor_Setup/Day5/Device4/IQ_1.dat,88,6899112,3,1,0,test,diff_days_indoor,5,0,0,0,0,0,0.6710273027420044
data/raw/osu_lora/Diff_Days_Indoor_Setup/Day5/Device4/IQ_1.dat,89,6977511,3,3,1,test,diff_days_indoor,5,0,0,0,0,0,0.821403443813324
data/raw/osu_lora/Diff_Days_Indoor_Setup/Day5/Device4/IQ_1.dat,90,7055910,3,3,1,test,diff_days_indoor,5,0,0,0,0,0,0.7949734926223755
data/raw/osu_lora/Diff_Days_Indoor_Setup/Day5/Device4/IQ_1.dat,91,7134309,3,3,1,test,diff_days_indoor,5,0,0,0,0,0,0.8303385972976685
data/raw/osu_lora/Diff_Days_Indoor_Setup/Day5/Device4/IQ_1.dat,92,7212708,3,3,1,test,diff_days_indoor,5,0,0,0,0,0,0.7403473258018494
data/raw/osu_lora/Diff_Days_Indoor_Setup/Day5/Device4/IQ_1.dat,93,7291107,3,3,1,test,diff_days_indoor,5,0,0,0,0,0,0.7610024809837341
data/raw/osu_lora/Diff_Days_Indoor_Setup/Day5/Device4/IQ_1.dat,94,7369506,3,3,1,test,diff_days_indoor,5,0,0,0,0,0,0.6023831963539124
data/raw/osu_lora/Diff_Days_Indoor_Setup/Day5/Device4/IQ_1.dat,95,7447905,3,3,1,test,diff_days_indoor,5,0,0,0,0,0,0.6400256156921387
data/raw/osu_lora/Diff_Days_Indoor_Setup/Day5/Device4/IQ_1.dat,96,7526304,3,0,0,test,diff_days_indoor,5,0,0,0,0,0,0.37311851978302
data/raw/osu_lora/Diff_Days_Indoor_Setup/Day5/Device4/IQ_1.dat,97,7604703,3,3,1,test,diff_days_indoor,5,0,0,0,0,0,0.8588635325431824
data/raw/osu_lora/Diff_Days_Indoor_Setup/Day5/Device4/IQ_1.dat,98,7683102,3,3,1,test,diff_days_indoor,5,0,0,0,0,0,0.5162391662597656
data/raw/osu_lora/Diff_Days_Indoor_Setup/Day5/Device4/IQ_1.dat,99,7761501,3,3,1,test,diff_days_indoor,5,0,0,0,0,0,0.8132988810539246
data/raw/osu_lora/Diff_Days_Indoor_Setup/Day5/Device4/IQ_1.dat,100,7839900,3,3,1,test,diff_days_indoor,5,0,0,0,0,0,0.6249073147773743
data/raw/osu_lora/Diff_Days_Indoor_Setup/Day5/Device4/IQ_1.dat,101,7918299,3,3,1,test,diff_days_indoor,5,0,0,0,0,0,0.766843318939209
data/raw/osu_lora/Diff_Days_Indoor_Setup/Day5/Device4/IQ_1.dat,102,7996698,3,3,1,test,diff_days_indoor,5,0,0,0,0,0,0.6699636578559875
data/raw/osu_lora/Diff_Days_Indoor_Setup/Day5/Device4/IQ_1.dat,103,8075097,3,3,1,test,diff_days_indoor,5,0,0,0,0,0,0.7883036732673645
data/raw/osu_lora/Diff_Days_Indoor_Setup/Day5/Device4/IQ_1.dat,104,8153496,3,3,1,test,diff_days_indoor,5,0,0,0,0,0,0.43421247601509094
data/raw/osu_lora/Diff_Days_Indoor_Setup/Day5/Device4/IQ_1.dat,105,8231895,3,1,0,test,diff_days_indoor,5,0,0,0,0,0,0.5381069183349609
data/raw/osu_lora/Diff_Days_Indoor_Setup/Day5/Device4/IQ_1.dat,106,8310294,3,3,1,test,diff_days_indoor,5,0,0,0,0,0,0.48159918189048767
data/raw/osu_lora/Diff_Days_Indoor_Setup/Day5/Device4/IQ_1.dat,107,8388693,3,3,1,test,diff_days_indoor,5,0,0,0,0,0,0.600846529006958
data/raw/osu_lora/Diff_Days_Indoor_Setup/Day5/Device4/IQ_1.dat,108,8467092,3,0,0,test,diff_days_indoor,5,0,0,0,0,0,0.3769153952598572
data/raw/osu_lora/Diff_Days_Indoor_Setup/Day5/Device4/IQ_1.dat,109,8545491,3,3,1,test,diff_days_indoor,5,0,0,0,0,0,0.7116057872772217
data/raw/osu_lora/Diff_Days_Indoor_Setup/Day5/Device4/IQ_1.dat,110,8623890,3,3,1,test,diff_days_indoor,5,0,0,0,0,0,0.6191842555999756
data/raw/osu_lora/Diff_Days_Indoor_Setup/Day5/Device4/IQ_1.dat,111,8702289,3,3,1,test,diff_days_indoor,5,0,0,0,0,0,0.7603395581245422
data/raw/osu_lora/Diff_Days_Indoor_Setup/Day5/Device4/IQ_1.dat,112,8780688,3,0,0,test,diff_days_indoor,5,0,0,0,0,0,0.40028247237205505
data/raw/osu_lora/Diff_Days_Indoor_Setup/Day5/Device4/IQ_1.dat,113,8859087,3,0,0,test,diff_days_indoor,5,0,0,0,0,0,0.42618483304977417
data/raw/osu_lora/Diff_Days_Indoor_Setup/Day5/Device4/IQ_1.dat,114,8937486,3,3,1,test,diff_days_indoor,5,0,0,0,0,0,0.6939350962638855
data/raw/osu_lora/Diff_Days_Indoor_Setup/Day5/Device4/IQ_1.dat,115,9015885,3,3,1,test,diff_days_indoor,5,0,0,0,0,0,0.8906972408294678
data/raw/osu_lora/Diff_Days_Indoor_Setup/Day5/Device4/IQ_1.dat,116,9094284,3,3,1,test,diff_days_indoor,5,0,0,0,0,0,0.7913957238197327
data/raw/osu_lora/Diff_Days_Indoor_Setup/Day5/Device4/IQ_1.dat,117,9172683,3,3,1,test,diff_days_indoor,5,0,0,0,0,0,0.6201752424240112
data/raw/osu_lora/Diff_Days_Indoor_Setup/Day5/Device4/IQ_1.dat,118,9251082,3,3,1,test,diff_days_indoor,5,0,0,0,0,0,0.8944926261901855
data/raw/osu_lora/Diff_Days_Indoor_Setup/Day5/Device4/IQ_1.dat,119,9329481,3,3,1,test,diff_days_indoor,5,0,0,0,0,0,0.575376570224762
data/raw/osu_lora/Diff_Days_Indoor_Setup/Day5/Device4/IQ_1.dat,120,9407880,3,3,1,test,diff_days_indoor,5,0,0,0,0,0,0.5538997650146484
data/raw/osu_lora/Diff_Days_Indoor_Setup/Day5/Device4/IQ_1.dat,121,9486279,3,3,1,test,diff_days_indoor,5,0,0,0,0,0,0.7791720032691956
data/raw/osu_lora/Diff_Days_Indoor_Setup/Day5/Device4/IQ_1.dat,122,9564678,3,3,1,test,diff_days_indoor,5,0,0,0,0,0,0.6093906760215759
data/raw/osu_lora/Diff_Days_Indoor_Setup/Day5/Device4/IQ_1.dat,123,9643077,3,3,1,test,diff_days_indoor,5,0,0,0,0,0,0.8313172459602356
data/raw/osu_lora/Diff_Days_Indoor_Setup/Day5/Device4/IQ_1.dat,124,9721476,3,3,1,test,diff_days_indoor,5,0,0,0,0,0,0.7150762677192688
data/raw/osu_lora/Diff_Days_Indoor_Setup/Day5/Device4/IQ_1.dat,125,9799875,3,3,1,test,diff_days_indoor,5,0,0,0,0,0,0.8269370198249817
data/raw/osu_lora/Diff_Days_Indoor_Setup/Day5/Device4/IQ_1.dat,126,9878274,3,0,0,test,diff_days_indoor,5,0,0,0,0,0,0.37302669882774353
data/raw/osu_lora/Diff_Days_Indoor_Setup/Day5/Device4/IQ_1.dat,127,9956673,3,3,1,test,diff_days_indoor,5,0,0,0,0,0,0.8698831796646118
data/raw/osu_lora/Diff_Days_Indoor_Setup/Day5/Device4/IQ_1.dat,128,10035072,3,3,1,test,diff_days_indoor,5,0,0,0,0,0,0.559657871723175
data/raw/osu_lora/Diff_Days_Indoor_Setup/Day5/Device4/IQ_1.dat,129,10113471,3,3,1,test,diff_days_indoor,5,0,0,0,0,0,0.6895403265953064
data/raw/osu_lora/Diff_Days_Indoor_Setup/Day5/Device4/IQ_1.dat,130,10191870,3,3,1,test,diff_days_indoor,5,0,0,0,0,0,0.4996560215950012
data/raw/osu_lora/Diff_Days_Indoor_Setup/Day5/Device4/IQ_1.dat,131,10270269,3,3,1,test,diff_days_indoor,5,0,0,0,0,0,0.7779984474182129
data/raw/osu_lora/Diff_Days_Indoor_Setup/Day5/Device4/IQ_1.dat,132,10348668,3,2,0,test,diff_days_indoor,5,0,0,0,0,0,0.45281749963760376
data/raw/osu_lora/Diff_Days_Indoor_Setup/Day5/Device4/IQ_1.dat,133,10427067,3,3,1,test,diff_days_indoor,5,0,0,0,0,0,0.5364362597465515
data/raw/osu_lora/Diff_Days_Indoor_Setup/Day5/Device4/IQ_1.dat,134,10505466,3,3,1,test,diff_days_indoor,5,0,0,0,0,0,0.6344949007034302
data/raw/osu_lora/Diff_Days_Indoor_Setup/Day5/Device4/IQ_1.dat,135,10583865,3,3,1,test,diff_days_indoor,5,0,0,0,0,0,0.6070483326911926
data/raw/osu_lora/Diff_Days_Indoor_Setup/Day5/Device4/IQ_1.dat,136,10662264,3,3,1,test,diff_days_indoor,5,0,0,0,0,0,0.8251721262931824
data/raw/osu_lora/Diff_Days_Indoor_Setup/Day5/Device4/IQ_1.dat,137,10740663,3,3,1,test,diff_days_indoor,5,0,0,0,0,0,0.729010820388794
data/raw/osu_lora/Diff_Days_Indoor_Setup/Day5/Device4/IQ_1.dat,138,10819062,3,3,1,test,diff_days_indoor,5,0,0,0,0,0,0.8490499258041382
data/raw/osu_lora/Diff_Days_Indoor_Setup/Day5/Device4/IQ_1.dat,139,10897461,3,0,0,test,diff_days_indoor,5,0,0,0,0,0,0.37672939896583557
data/raw/osu_lora/Diff_Days_Indoor_Setup/Day5/Device4/IQ_1.dat,140,10975860,3,3,1,test,diff_days_indoor,5,0,0,0,0,0,0.6347556114196777
data/raw/osu_lora/Diff_Days_Indoor_Setup/Day5/Device4/IQ_1.dat,141,11054259,3,3,1,test,diff_days_indoor,5,0,0,0,0,0,0.6233145594596863
data/raw/osu_lora/Diff_Days_Indoor_Setup/Day5/Device4/IQ_1.dat,142,11132658,3,3,1,test,diff_days_indoor,5,0,0,0,0,0,0.7456283569335938
data/raw/osu_lora/Diff_Days_Indoor_Setup/Day5/Device4/IQ_1.dat,143,11211057,3,0,0,test,diff_days_indoor,5,0,0,0,0,0,0.42531368136405945
data/raw/osu_lora/Diff_Days_Indoor_Setup/Day5/Device4/IQ_1.dat,144,11289456,3,0,0,test,diff_days_indoor,5,0,0,0,0,0,0.4783230721950531
data/raw/osu_lora/Diff_Days_Indoor_Setup/Day5/Device4/IQ_1.dat,145,11367855,3,3,1,test,diff_days_indoor,5,0,0,0,0,0,0.6697862148284912
data/raw/osu_lora/Diff_Days_Indoor_Setup/Day5/Device4/IQ_1.dat,146,11446254,3,3,1,test,diff_days_indoor,5,0,0,0,0,0,0.8509508371353149
data/raw/osu_lora/Diff_Days_Indoor_Setup/Day5/Device4/IQ_1.dat,147,11524653,3,3,1,test,diff_days_indoor,5,0,0,0,0,0,0.5145805478096008
data/raw/osu_lora/Diff_Days_Indoor_Setup/Day5/Device4/IQ_1.dat,148,11603052,3,3,1,test,diff_days_indoor,5,0,0,0,0,0,0.7296058535575867
data/raw/osu_lora/Diff_Days_Indoor_Setup/Day5/Device4/IQ_1.dat,149,11681451,3,3,1,test,diff_days_indoor,5,0,0,0,0,0,0.7592520713806152
data/raw/osu_lora/Diff_Days_Indoor_Setup/Day5/Device4/IQ_1.dat,150,11759850,3,3,1,test,diff_days_indoor,5,0,0,0,0,0,0.567345917224884
data/raw/osu_lora/Diff_Days_Indoor_Setup/Day5/Device4/IQ_1.dat,151,11838249,3,3,1,test,diff_days_indoor,5,0,0,0,0,0,0.3533220589160919
data/raw/osu_lora/Diff_Days_Indoor_Setup/Day5/Device4/IQ_1.dat,152,11916648,3,3,1,test,diff_days_indoor,5,0,0,0,0,0,0.7662864923477173
data/raw/osu_lora/Diff_Days_Indoor_Setup/Day5/Device4/IQ_1.dat,153,11995047,3,3,1,test,diff_days_indoor,5,0,0,0,0,0,0.8249756097793579
data/raw/osu_lora/Diff_Days_Indoor_Setup/Day5/Device4/IQ_1.dat,154,12073446,3,3,1,test,diff_days_indoor,5,0,0,0,0,0,0.8464809656143188
data/raw/osu_lora/Diff_Days_Indoor_Setup/Day5/Device4/IQ_1.dat,155,12151845,3,3,1,test,diff_days_indoor,5,0,0,0,0,0,0.8017652630805969
data/raw/osu_lora/Diff_Days_Indoor_Setup/Day5/Device4/IQ_1.dat,156,12230244,3,3,1,test,diff_days_indoor,5,0,0,0,0,0,0.6280066967010498
data/raw/osu_lora/Diff_Days_Indoor_Setup/Day5/Device4/IQ_1.dat,157,12308643,3,3,1,test,diff_days_indoor,5,0,0,0,0,0,0.8104223608970642
data/raw/osu_lora/Diff_Days_Indoor_Setup/Day5/Device4/IQ_1.dat,158,12387042,3,3,1,test,diff_days_indoor,5,0,0,0,0,0,0.7920922636985779
data/raw/osu_lora/Diff_Days_Indoor_Setup/Day5/Device4/IQ_1.dat,159,12465441,3,3,1,test,diff_days_indoor,5,0,0,0,0,0,0.7660847306251526
data/raw/osu_lora/Diff_Days_Indoor_Setup/Day5/Device4/IQ_1.dat,160,12543840,3,3,1,test,diff_days_indoor,5,0,0,0,0,0,0.7328771352767944
data/raw/osu_lora/Diff_Days_Indoor_Setup/Day5/Device4/IQ_1.dat,161,12622239,3,1,0,test,diff_days_indoor,5,0,0,0,0,0,0.6735347509384155
data/raw/osu_lora/Diff_Days_Indoor_Setup/Day5/Device4/IQ_1.dat,162,12700638,3,3,1,test,diff_days_indoor,5,0,0,0,0,0,0.698654294013977
data/raw/osu_lora/Diff_Days_Indoor_Setup/Day5/Device4/IQ_1.dat,163,12779037,3,3,1,test,diff_days_indoor,5,0,0,0,0,0,0.733654260635376
data/raw/osu_lora/Diff_Days_Indoor_Setup/Day5/Device4/IQ_1.dat,164,12857436,3,1,0,test,diff_days_indoor,5,0,0,0,0,0,0.5748028755187988
data/raw/osu_lora/Diff_Days_Indoor_Setup/Day5/Device4/IQ_1.dat,165,12935835,3,3,1,test,diff_days_indoor,5,0,0,0,0,0,0.7553674578666687
data/raw/osu_lora/Diff_Days_Indoor_Setup/Day5/Device4/IQ_1.dat,166,13014234,3,3,1,test,diff_days_indoor,5,0,0,0,0,0,0.8050352931022644
data/raw/osu_lora/Diff_Days_Indoor_Setup/Day5/Device4/IQ_1.dat,167,13092633,3,1,0,test,diff_days_indoor,5,0,0,0,0,0,0.5918998122215271
data/raw/osu_lora/Diff_Days_Indoor_Setup/Day5/Device4/IQ_1.dat,168,13171032,3,3,1,test,diff_days_indoor,5,0,0,0,0,0,0.7415634989738464
data/raw/osu_lora/Diff_Days_Indoor_Setup/Day5/Device4/IQ_1.dat,169,13249431,3,3,1,test,diff_days_indoor,5,0,0,0,0,0,0.7537517547607422
data/raw/osu_lora/Diff_Days_Indoor_Setup/Day5/Device4/IQ_1.dat,170,13327830,3,3,1,test,diff_days_indoor,5,0,0,0,0,0,0.7190016508102417
data/raw/osu_lora/Diff_Days_Indoor_Setup/Day5/Device4/IQ_1.dat,171,13406229,3,3,1,test,diff_days_indoor,5,0,0,0,0,0,0.822269856929779
data/raw/osu_lora/Diff_Days_Indoor_Setup/Day5/Device4/IQ_1.dat,172,13484628,3,3,1,test,diff_days_indoor,5,0,0,0,0,0,0.5188793540000916
data/raw/osu_lora/Diff_Days_Indoor_Setup/Day5/Device4/IQ_1.dat,173,13563027,3,3,1,test,diff_days_indoor,5,0,0,0,0,0,0.7554770708084106
data/raw/osu_lora/Diff_Days_Indoor_Setup/Day5/Device4/IQ_1.dat,174,13641426,3,3,1,test,diff_days_indoor,5,0,0,0,0,0,0.7505648732185364
data/raw/osu_lora/Diff_Days_Indoor_Setup/Day5/Device4/IQ_1.dat,175,13719825,3,0,0,test,diff_days_indoor,5,0,0,0,0,0,0.4410620331764221
data/raw/osu_lora/Diff_Days_Indoor_Setup/Day5/Device4/IQ_1.dat,176,13798224,3,3,1,test,diff_days_indoor,5,0,0,0,0,0,0.8854308128356934
data/raw/osu_lora/Diff_Days_Indoor_Setup/Day5/Device4/IQ_1.dat,177,13876623,3,3,1,test,diff_days_indoor,5,0,0,0,0,0,0.5421220660209656
data/raw/osu_lora/Diff_Days_Indoor_Setup/Day5/Device4/IQ_1.dat,178,13955022,3,3,1,test,diff_days_indoor,5,0,0,0,0,0,0.889064371585846
data/raw/osu_lora/Diff_Days_Indoor_Setup/Day5/Device4/IQ_1.dat,179,14033421,3,0,0,test,diff_days_indoor,5,0,0,0,0,0,0.49491363763809204
data/raw/osu_lora/Diff_Days_Indoor_Setup/Day5/Device4/IQ_1.dat,180,14111820,3,3,1,test,diff_days_indoor,5,0,0,0,0,0,0.8663581609725952
data/raw/osu_lora/Diff_Days_Indoor_Setup/Day5/Device4/IQ_1.dat,181,14190219,3,1,0,test,diff_days_indoor,5,0,0,0,0,0,0.6053777933120728
data/raw/osu_lora/Diff_Days_Indoor_Setup/Day5/Device4/IQ_1.dat,182,14268618,3,3,1,test,diff_days_indoor,5,0,0,0,0,0,0.8614320158958435
data/raw/osu_lora/Diff_Days_Indoor_Setup/Day5/Device4/IQ_1.dat,183,14347017,3,3,1,test,diff_days_indoor,5,0,0,0,0,0,0.7979264259338379
data/raw/osu_lora/Diff_Days_Indoor_Setup/Day5/Device4/IQ_1.dat,184,14425416,3,3,1,test,diff_days_indoor,5,0,0,0,0,0,0.8317782282829285
data/raw/osu_lora/Diff_Days_Indoor_Setup/Day5/Device4/IQ_1.dat,185,14503815,3,3,1,test,diff_days_indoor,5,0,0,0,0,0,0.6327347159385681
data/raw/osu_lora/Diff_Days_Indoor_Setup/Day5/Device4/IQ_1.dat,186,14582214,3,3,1,test,diff_days_indoor,5,0,0,0,0,0,0.4166801869869232
data/raw/osu_lora/Diff_Days_Indoor_Setup/Day5/Device4/IQ_1.dat,187,14660613,3,3,1,test,diff_days_indoor,5,0,0,0,0,0,0.5066249370574951
data/raw/osu_lora/Diff_Days_Indoor_Setup/Day5/Device4/IQ_1.dat,188,14739012,3,3,1,test,diff_days_indoor,5,0,0,0,0,0,0.7394810318946838
data/raw/osu_lora/Diff_Days_Indoor_Setup/Day5/Device4/IQ_1.dat,189,14817411,3,3,1,test,diff_days_indoor,5,0,0,0,0,0,0.605694591999054
data/raw/osu_lora/Diff_Days_Indoor_Setup/Day5/Device4/IQ_1.dat,190,14895810,3,3,1,test,diff_days_indoor,5,0,0,0,0,0,0.7481008768081665
data/raw/osu_lora/Diff_Days_Indoor_Setup/Day5/Device4/IQ_1.dat,191,14974209,3,3,1,test,diff_days_indoor,5,0,0,0,0,0,0.7792111039161682
data/raw/osu_lora/Diff_Days_Indoor_Setup/Day5/Device4/IQ_1.dat,192,15052608,3,3,1,test,diff_days_indoor,5,0,0,0,0,0,0.6838959455490112
data/raw/osu_lora/Diff_Days_Indoor_Setup/Day5/Device4/IQ_1.dat,193,15131007,3,3,1,test,diff_days_indoor,5,0,0,0,0,0,0.41893094778060913
data/raw/osu_lora/Diff_Days_Indoor_Setup/Day5/Device4/IQ_1.dat,194,15209406,3,3,1,test,diff_days_indoor,5,0,0,0,0,0,0.8483753204345703
data/raw/osu_lora/Diff_Days_Indoor_Setup/Day5/Device4/IQ_1.dat,195,15287805,3,3,1,test,diff_days_indoor,5,0,0,0,0,0,0.6073263883590698
data/raw/osu_lora/Diff_Days_Indoor_Setup/Day5/Device4/IQ_1.dat,196,15366204,3,3,1,test,diff_days_indoor,5,0,0,0,0,0,0.6553898453712463
data/raw/osu_lora/Diff_Days_Indoor_Setup/Day5/Device4/IQ_1.dat,197,15444603,3,3,1,test,diff_days_indoor,5,0,0,0,0,0,0.4240419864654541
data/raw/osu_lora/Diff_Days_Indoor_Setup/Day5/Device4/IQ_1.dat,198,15523002,3,3,1,test,diff_days_indoor,5,0,0,0,0,0,0.8681678175926208
data/raw/osu_lora/Diff_Days_Indoor_Setup/Day5/Device4/IQ_1.dat,199,15601401,3,3,1,test,diff_days_indoor,5,0,0,0,0,0,0.4245259463787079
data/raw/osu_lora/Diff_Days_Indoor_Setup/Day5/Device4/IQ_1.dat,200,15679800,3,3,1,test,diff_days_indoor,5,0,0,0,0,0,0.6264034509658813
data/raw/osu_lora/Diff_Days_Indoor_Setup/Day5/Device4/IQ_1.dat,201,15758199,3,3,1,test,diff_days_indoor,5,0,0,0,0,0,0.7779058814048767
data/raw/osu_lora/Diff_Days_Indoor_Setup/Day5/Device4/IQ_1.dat,202,15836598,3,1,0,test,diff_days_indoor,5,0,0,0,0,0,0.5066083669662476
data/raw/osu_lora/Diff_Days_Indoor_Setup/Day5/Device4/IQ_1.dat,203,15914997,3,3,1,test,diff_days_indoor,5,0,0,0,0,0,0.8218367099761963
data/raw/osu_lora/Diff_Days_Indoor_Setup/Day5/Device4/IQ_1.dat,204,15993396,3,3,1,test,diff_days_indoor,5,0,0,0,0,0,0.7170224189758301
data/raw/osu_lora/Diff_Days_Indoor_Setup/Day5/Device4/IQ_1.dat,205,16071795,3,3,1,test,diff_days_indoor,5,0,0,0,0,0,0.7887094616889954
data/raw/osu_lora/Diff_Days_Indoor_Setup/Day5/Device4/IQ_1.dat,206,16150194,3,3,1,test,diff_days_indoor,5,0,0,0,0,0,0.5055918097496033
data/raw/osu_lora/Diff_Days_Indoor_Setup/Day5/Device4/IQ_1.dat,207,16228593,3,3,1,test,diff_days_indoor,5,0,0,0,0,0,0.8654502034187317
data/raw/osu_lora/Diff_Days_Indoor_Setup/Day5/Device4/IQ_1.dat,208,16306992,3,3,1,test,diff_days_indoor,5,0,0,0,0,0,0.693010151386261
data/raw/osu_lora/Diff_Days_Indoor_Setup/Day5/Device4/IQ_1.dat,209,16385391,3,3,1,test,diff_days_indoor,5,0,0,0,0,0,0.8856003284454346
data/raw/osu_lora/Diff_Days_Indoor_Setup/Day5/Device4/IQ_1.dat,210,16463790,3,3,1,test,diff_days_indoor,5,0,0,0,0,0,0.7952454090118408
data/raw/osu_lora/Diff_Days_Indoor_Setup/Day5/Device4/IQ_1.dat,211,16542189,3,3,1,test,diff_days_indoor,5,0,0,0,0,0,0.6724269390106201
data/raw/osu_lora/Diff_Days_Indoor_Setup/Day5/Device4/IQ_1.dat,212,16620588,3,3,1,test,diff_days_indoor,5,0,0,0,0,0,0.7204099893569946
data/raw/osu_lora/Diff_Days_Indoor_Setup/Day5/Device4/IQ_1.dat,213,16698987,3,3,1,test,diff_days_indoor,5,0,0,0,0,0,0.894457995891571
data/raw/osu_lora/Diff_Days_Indoor_Setup/Day5/Device4/IQ_1.dat,214,16777386,3,3,1,test,diff_days_indoor,5,0,0,0,0,0,0.8443630933761597
data/raw/osu_lora/Diff_Days_Indoor_Setup/Day5/Device4/IQ_1.dat,215,16855785,3,3,1,test,diff_days_indoor,5,0,0,0,0,0,0.7048603892326355
data/raw/osu_lora/Diff_Days_Indoor_Setup/Day5/Device4/IQ_1.dat,216,16934184,3,3,1,test,diff_days_indoor,5,0,0,0,0,0,0.726872980594635
data/raw/osu_lora/Diff_Days_Indoor_Setup/Day5/Device4/IQ_1.dat,217,17012583,3,3,1,test,diff_days_indoor,5,0,0,0,0,0,0.46626898646354675
data/raw/osu_lora/Diff_Days_Indoor_Setup/Day5/Device4/IQ_1.dat,218,17090982,3,3,1,test,diff_days_indoor,5,0,0,0,0,0,0.6898844242095947
data/raw/osu_lora/Diff_Days_Indoor_Setup/Day5/Device4/IQ_1.dat,219,17169381,3,3,1,test,diff_days_indoor,5,0,0,0,0,0,0.5163040161132812
data/raw/osu_lora/Diff_Days_Indoor_Setup/Day5/Device4/IQ_1.dat,220,17247780,3,3,1,test,diff_days_indoor,5,0,0,0,0,0,0.8907721638679504
data/raw/osu_lora/Diff_Days_Indoor_Setup/Day5/Device4/IQ_1.dat,221,17326179,3,0,0,test,diff_days_indoor,5,0,0,0,0,0,0.4108869135379791
data/raw/osu_lora/Diff_Days_Indoor_Setup/Day5/Device4/IQ_1.dat,222,17404578,3,3,1,test,diff_days_indoor,5,0,0,0,0,0,0.6662374138832092
data/raw/osu_lora/Diff_Days_Indoor_Setup/Day5/Device4/IQ_1.dat,223,17482977,3,3,1,test,diff_days_indoor,5,0,0,0,0,0,0.5338137745857239
data/raw/osu_lora/Diff_Days_Indoor_Setup/Day5/Device4/IQ_1.dat,224,17561376,3,3,1,test,diff_days_indoor,5,0,0,0,0,0,0.5034607648849487
data/raw/osu_lora/Diff_Days_Indoor_Setup/Day5/Device4/IQ_1.dat,225,17639775,3,3,1,test,diff_days_indoor,5,0,0,0,0,0,0.8227131366729736
data/raw/osu_lora/Diff_Days_Indoor_Setup/Day5/Device4/IQ_1.dat,226,17718174,3,3,1,test,diff_days_indoor,5,0,0,0,0,0,0.45222172141075134
data/raw/osu_lora/Diff_Days_Indoor_Setup/Day5/Device4/IQ_1.dat,227,17796573,3,3,1,test,diff_days_indoor,5,0,0,0,0,0,0.7960194945335388
data/raw/osu_lora/Diff_Days_Indoor_Setup/Day5/Device4/IQ_1.dat,228,17874972,3,1,0,test,diff_days_indoor,5,0,0,0,0,0,0.599328339099884
data/raw/osu_lora/Diff_Days_Indoor_Setup/Day5/Device4/IQ_1.dat,229,17953371,3,3,1,test,diff_days_indoor,5,0,0,0,0,0,0.571319043636322
data/raw/osu_lora/Diff_Days_Indoor_Setup/Day5/Device4/IQ_1.dat,230,18031770,3,3,1,test,diff_days_indoor,5,0,0,0,0,0,0.7973723411560059
data/raw/osu_lora/Diff_Days_Indoor_Setup/Day5/Device4/IQ_1.dat,231,18110169,3,3,1,test,diff_days_indoor,5,0,0,0,0,0,0.3700103461742401
data/raw/osu_lora/Diff_Days_Indoor_Setup/Day5/Device4/IQ_1.dat,232,18188568,3,3,1,test,diff_days_indoor,5,0,0,0,0,0,0.7274330854415894
data/raw/osu_lora/Diff_Days_Indoor_Setup/Day5/Device4/IQ_1.dat,233,18266967,3,3,1,test,diff_days_indoor,5,0,0,0,0,0,0.5033377408981323
data/raw/osu_lora/Diff_Days_Indoor_Setup/Day5/Device4/IQ_1.dat,234,18345366,3,1,0,test,diff_days_indoor,5,0,0,0,0,0,0.5984646081924438
data/raw/osu_lora/Diff_Days_Indoor_Setup/Day5/Device4/IQ_1.dat,235,18423765,3,3,1,test,diff_days_indoor,5,0,0,0,0,0,0.8062079548835754
data/raw/osu_lora/Diff_Days_Indoor_Setup/Day5/Device4/IQ_1.dat,236,18502164,3,3,1,test,diff_days_indoor,5,0,0,0,0,0,0.805767297744751
data/raw/osu_lora/Diff_Days_Indoor_Setup/Day5/Device4/IQ_1.dat,237,18580563,3,3,1,test,diff_days_indoor,5,0,0,0,0,0,0.7672884464263916
data/raw/osu_lora/Diff_Days_Indoor_Setup/Day5/Device4/IQ_1.dat,238,18658962,3,3,1,test,diff_days_indoor,5,0,0,0,0,0,0.5332452058792114
data/raw/osu_lora/Diff_Days_Indoor_Setup/Day5/Device4/IQ_1.dat,239,18737361,3,1,0,test,diff_days_indoor,5,0,0,0,0,0,0.5240364670753479
data/raw/osu_lora/Diff_Days_Indoor_Setup/Day5/Device4/IQ_1.dat,240,18815760,3,3,1,test,diff_days_indoor,5,0,0,0,0,0,0.788224995136261
data/raw/osu_lora/Diff_Days_Indoor_Setup/Day5/Device4/IQ_1.dat,241,18894159,3,0,0,test,diff_days_indoor,5,0,0,0,0,0,0.37242549657821655
data/raw/osu_lora/Diff_Days_Indoor_Setup/Day5/Device4/IQ_1.dat,242,18972558,3,3,1,test,diff_days_indoor,5,0,0,0,0,0,0.7291114926338196
data/raw/osu_lora/Diff_Days_Indoor_Setup/Day5/Device4/IQ_1.dat,243,19050957,3,3,1,test,diff_days_indoor,5,0,0,0,0,0,0.8310507535934448
data/raw/osu_lora/Diff_Days_Indoor_Setup/Day5/Device4/IQ_1.dat,244,19129356,3,0,0,test,diff_days_indoor,5,0,0,0,0,0,0.3608716130256653
data/raw/osu_lora/Diff_Days_Indoor_Setup/Day5/Device4/IQ_1.dat,245,19207755,3,3,1,test,diff_days_indoor,5,0,0,0,0,0,0.8883047103881836
data/raw/osu_lora/Diff_Days_Indoor_Setup/Day5/Device4/IQ_1.dat,246,19286154,3,3,1,test,diff_days_indoor,5,0,0,0,0,0,0.645090639591217
data/raw/osu_lora/Diff_Days_Indoor_Setup/Day5/Device4/IQ_1.dat,247,19364553,3,3,1,test,diff_days_indoor,5,0,0,0,0,0,0.8364619016647339
data/raw/osu_lora/Diff_Days_Indoor_Setup/Day5/Device4/IQ_1.dat,248,19442952,3,3,1,test,diff_days_indoor,5,0,0,0,0,0,0.8898535966873169
data/raw/osu_lora/Diff_Days_Indoor_Setup/Day5/Device4/IQ_1.dat,249,19521351,3,3,1,test,diff_days_indoor,5,0,0,0,0,0,0.894286036491394
data/raw/osu_lora/Diff_Days_Indoor_Setup/Day5/Device4/IQ_1.dat,250,19599750,3,3,1,test,diff_days_indoor,5,0,0,0,0,0,0.7605702877044678
data/raw/osu_lora/Diff_Days_Indoor_Setup/Day5/Device4/IQ_1.dat,251,19678149,3,3,1,test,diff_days_indoor,5,0,0,0,0,0,0.8261475563049316
data/raw/osu_lora/Diff_Days_Indoor_Setup/Day5/Device4/IQ_1.dat,252,19756548,3,3,1,test,diff_days_indoor,5,0,0,0,0,0,0.677206814289093
data/raw/osu_lora/Diff_Days_Indoor_Setup/Day5/Device4/IQ_1.dat,253,19834947,3,3,1,test,diff_days_indoor,5,0,0,0,0,0,0.8387671709060669
data/raw/osu_lora/Diff_Days_Indoor_Setup/Day5/Device4/IQ_1.dat,254,19913346,3,3,1,test,diff_days_indoor,5,0,0,0,0,0,0.8158571124076843
data/raw/osu_lora/Diff_Days_Indoor_Setup/Day5/Device4/IQ_1.dat,255,19991745,3,3,1,test,diff_days_indoor,5,0,0,0,0,0,0.7825323939323425
data/raw/osu_lora/Diff_Days_Indoor_Setup/Day5/Device5/IQ_1.dat,0,0,4,4,1,test,diff_days_indoor,5,0,0,0,0,0,0.7489835023880005
data/raw/osu_lora/Diff_Days_Indoor_Setup/Day5/Device5/IQ_1.dat,1,78399,4,4,1,test,diff_days_indoor,5,0,0,0,0,0,0.8450666069984436
data/raw/osu_lora/Diff_Days_Indoor_Setup/Day5/Device5/IQ_1.dat,2,156798,4,4,1,test,diff_days_indoor,5,0,0,0,0,0,0.9841613173484802
data/raw/osu_lora/Diff_Days_Indoor_Setup/Day5/Device5/IQ_1.dat,3,235197,4,4,1,test,diff_days_indoor,5,0,0,0,0,0,0.9876463413238525
data/raw/osu_lora/Diff_Days_Indoor_Setup/Day5/Device5/IQ_1.dat,4,313596,4,4,1,test,diff_days_indoor,5,0,0,0,0,0,0.9825112223625183
data/raw/osu_lora/Diff_Days_Indoor_Setup/Day5/Device5/IQ_1.dat,5,391995,4,4,1,test,diff_days_indoor,5,0,0,0,0,0,0.899163007736206
data/raw/osu_lora/Diff_Days_Indoor_Setup/Day5/Device5/IQ_1.dat,6,470394,4,4,1,test,diff_days_indoor,5,0,0,0,0,0,0.7816877365112305
data/raw/osu_lora/Diff_Days_Indoor_Setup/Day5/Device5/IQ_1.dat,7,548793,4,11,0,test,diff_days_indoor,5,0,0,0,0,0,0.5715587735176086
data/raw/osu_lora/Diff_Days_Indoor_Setup/Day5/Device5/IQ_1.dat,8,627192,4,4,1,test,diff_days_indoor,5,0,0,0,0,0,0.9172481894493103
data/raw/osu_lora/Diff_Days_Indoor_Setup/Day5/Device5/IQ_1.dat,9,705591,4,4,1,test,diff_days_indoor,5,0,0,0,0,0,0.9940673112869263
data/raw/osu_lora/Diff_Days_Indoor_Setup/Day5/Device5/IQ_1.dat,10,783990,4,4,1,test,diff_days_indoor,5,0,0,0,0,0,0.8593063354492188
data/raw/osu_lora/Diff_Days_Indoor_Setup/Day5/Device5/IQ_1.dat,11,862389,4,4,1,test,diff_days_indoor,5,0,0,0,0,0,0.541786789894104
data/raw/osu_lora/Diff_Days_Indoor_Setup/Day5/Device5/IQ_1.dat,12,940788,4,4,1,test,diff_days_indoor,5,0,0,0,0,0,0.9805034399032593
data/raw/osu_lora/Diff_Days_Indoor_Setup/Day5/Device5/IQ_1.dat,13,1019187,4,4,1,test,diff_days_indoor,5,0,0,0,0,0,0.8215050101280212
data/raw/osu_lora/Diff_Days_Indoor_Setup/Day5/Device5/IQ_1.dat,14,1097586,4,4,1,test,diff_days_indoor,5,0,0,0,0,0,0.8396241068840027
data/raw/osu_lora/Diff_Days_Indoor_Setup/Day5/Device5/IQ_1.dat,15,1175985,4,4,1,test,diff_days_indoor,5,0,0,0,0,0,0.9939364790916443
data/raw/osu_lora/Diff_Days_Indoor_Setup/Day5/Device5/IQ_1.dat,16,1254384,4,11,0,test,diff_days_indoor,5,0,0,0,0,0,0.5576252341270447
data/raw/osu_lora/Diff_Days_Indoor_Setup/Day5/Device5/IQ_1.dat,17,1332783,4,4,1,test,diff_days_indoor,5,0,0,0,0,0,0.9965062737464905
data/raw/osu_lora/Diff_Days_Indoor_Setup/Day5/Device5/IQ_1.dat,18,1411182,4,4,1,test,diff_days_indoor,5,0,0,0,0,0,0.9774903655052185
data/raw/osu_lora/Diff_Days_Indoor_Setup/Day5/Device5/IQ_1.dat,19,1489581,4,4,1,test,diff_days_indoor,5,0,0,0,0,0,0.7988928556442261
data/raw/osu_lora/Diff_Days_Indoor_Setup/Day5/Device5/IQ_1.dat,20,1567980,4,4,1,test,diff_days_indoor,5,0,0,0,0,0,0.9597617983818054
data/raw/osu_lora/Diff_Days_Indoor_Setup/Day5/Device5/IQ_1.dat,21,1646379,4,4,1,test,diff_days_indoor,5,0,0,0,0,0,0.970245897769928
data/raw/osu_lora/Diff_Days_Indoor_Setup/Day5/Device5/IQ_1.dat,22,1724778,4,4,1,test,diff_days_indoor,5,0,0,0,0,0,0.9198559522628784
data/raw/osu_lora/Diff_Days_Indoor_Setup/Day5/Device5/IQ_1.dat,23,1803177,4,4,1,test,diff_days_indoor,5,0,0,0,0,0,0.951106607913971
data/raw/osu_lora/Diff_Days_Indoor_Setup/Day5/Device5/IQ_1.dat,24,1881576,4,4,1,test,diff_days_indoor,5,0,0,0,0,0,0.9635024666786194
data/raw/osu_lora/Diff_Days_Indoor_Setup/Day5/Device5/IQ_1.dat,25,1959975,4,4,1,test,diff_days_indoor,5,0,0,0,0,0,0.9803643226623535
data/raw/osu_lora/Diff_Days_Indoor_Setup/Day5/Device5/IQ_1.dat,26,2038374,4,4,1,test,diff_days_indoor,5,0,0,0,0,0,0.9508205056190491
data/raw/osu_lora/Diff_Days_Indoor_Setup/Day5/Device5/IQ_1.dat,27,2116773,4,4,1,test,diff_days_indoor,5,0,0,0,0,0,0.9865889549255371
data/raw/osu_lora/Diff_Days_Indoor_Setup/Day5/Device5/IQ_1.dat,28,2195172,4,4,1,test,diff_days_indoor,5,0,0,0,0,0,0.9964179992675781
data/raw/osu_lora/Diff_Days_Indoor_Setup/Day5/Device5/IQ_1.dat,29,2273571,4,11,0,test,diff_days_indoor,5,0,0,0,0,0,0.7168826460838318
data/raw/osu_lora/Diff_Days_Indoor_Setup/Day5/Device5/IQ_1.dat,30,2351970,4,4,1,test,diff_days_indoor,5,0,0,0,0,0,0.8553608655929565
data/raw/osu_lora/Diff_Days_Indoor_Setup/Day5/Device5/IQ_1.dat,31,2430369,4,4,1,test,diff_days_indoor,5,0,0,0,0,0,0.8411375284194946
data/raw/osu_lora/Diff_Days_Indoor_Setup/Day5/Device5/IQ_1.dat,32,2508768,4,4,1,test,diff_days_indoor,5,0,0,0,0,0,0.9817913770675659
data/raw/osu_lora/Diff_Days_Indoor_Setup/Day5/Device5/IQ_1.dat,33,2587167,4,4,1,test,diff_days_indoor,5,0,0,0,0,0,0.9914668798446655
data/raw/osu_lora/Diff_Days_Indoor_Setup/Day5/Device5/IQ_1.dat,34,2665566,4,4,1,test,diff_days_indoor,5,0,0,0,0,0,0.9026836156845093
data/raw/osu_lora/Diff_Days_Indoor_Setup/Day5/Device5/IQ_1.dat,35,2743965,4,4,1,test,diff_days_indoor,5,0,0,0,0,0,0.9805739521980286
data/raw/osu_lora/Diff_Days_Indoor_Setup/Day5/Device5/IQ_1.dat,36,2822364,4,11,0,test,diff_days_indoor,5,0,0,0,0,0,0.4200250804424286
data/raw/osu_lora/Diff_Days_Indoor_Setup/Day5/Device5/IQ_1.dat,37,2900763,4,4,1,test,diff_days_indoor,5,0,0,0,0,0,0.960338294506073
data/raw/osu_lora/Diff_Days_Indoor_Setup/Day5/Device5/IQ_1.dat,38,2979162,4,4,1,test,diff_days_indoor,5,0,0,0,0,0,0.8940230011940002
data/raw/osu_lora/Diff_Days_Indoor_Setup/Day5/Device5/IQ_1.dat,39,3057561,4,11,0,test,diff_days_indoor,5,0,0,0,0,0,0.5557124614715576
data/raw/osu_lora/Diff_Days_Indoor_Setup/Day5/Device5/IQ_1.dat,40,3135960,4,4,1,test,diff_days_indoor,5,0,0,0,0,0,0.9958328604698181
data/raw/osu_lora/Diff_Days_Indoor_Setup/Day5/Device5/IQ_1.dat,41,3214359,4,4,1,test,diff_days_indoor,5,0,0,0,0,0,0.983761727809906
data/raw/osu_lora/Diff_Days_Indoor_Setup/Day5/Device5/IQ_1.dat,42,3292758,4,4,1,test,diff_days_indoor,5,0,0,0,0,0,0.8237438797950745
data/raw/osu_lora/Diff_Days_Indoor_Setup/Day5/Device5/IQ_1.dat,43,3371157,4,4,1,test,diff_days_indoor,5,0,0,0,0,0,0.9966514706611633
data/raw/osu_lora/Diff_Days_Indoor_Setup/Day5/Device5/IQ_1.dat,44,3449556,4,4,1,test,diff_days_indoor,5,0,0,0,0,0,0.9479023814201355
data/raw/osu_lora/Diff_Days_Indoor_Setup/Day5/Device5/IQ_1.dat,45,3527955,4,4,1,test,diff_days_indoor,5,0,0,0,0,0,0.989685595035553
data/raw/osu_lora/Diff_Days_Indoor_Setup/Day5/Device5/IQ_1.dat,46,3606354,4,4,1,test,diff_days_indoor,5,0,0,0,0,0,0.9880391955375671
data/raw/osu_lora/Diff_Days_Indoor_Setup/Day5/Device5/IQ_1.dat,47,3684753,4,4,1,test,diff_days_indoor,5,0,0,0,0,0,0.9979007244110107
data/raw/osu_lora/Diff_Days_Indoor_Setup/Day5/Device5/IQ_1.dat,48,3763152,4,4,1,test,diff_days_indoor,5,0,0,0,0,0,0.9925462603569031
data/raw/osu_lora/Diff_Days_Indoor_Setup/Day5/Device5/IQ_1.dat,49,3841551,4,4,1,test,diff_days_indoor,5,0,0,0,0,0,0.7562655806541443
data/raw/osu_lora/Diff_Days_Indoor_Setup/Day5/Device5/IQ_1.dat,50,3919950,4,4,1,test,diff_days_indoor,5,0,0,0,0,0,0.9793204069137573
data/raw/osu_lora/Diff_Days_Indoor_Setup/Day5/Device5/IQ_1.dat,51,3998349,4,4,1,test,diff_days_indoor,5,0,0,0,0,0,0.9752181172370911
data/raw/osu_lora/Diff_Days_Indoor_Setup/Day5/Device5/IQ_1.dat,52,4076748,4,4,1,test,diff_days_indoor,5,0,0,0,0,0,0.6546580791473389
data/raw/osu_lora/Diff_Days_Indoor_Setup/Day5/Device5/IQ_1.dat,53,4155147,4,4,1,test,diff_days_indoor,5,0,0,0,0,0,0.9945099353790283
data/raw/osu_lora/Diff_Days_Indoor_Setup/Day5/Device5/IQ_1.dat,54,4233546,4,11,0,test,diff_days_indoor,5,0,0,0,0,0,0.8016269207000732
data/raw/osu_lora/Diff_Days_Indoor_Setup/Day5/Device5/IQ_1.dat,55,4311945,4,4,1,test,diff_days_indoor,5,0,0,0,0,0,0.9961994290351868
data/raw/osu_lora/Diff_Days_Indoor_Setup/Day5/Device5/IQ_1.dat,56,4390344,4,4,1,test,diff_days_indoor,5,0,0,0,0,0,0.9894421100616455
data/raw/osu_lora/Diff_Days_Indoor_Setup/Day5/Device5/IQ_1.dat,57,4468743,4,4,1,test,diff_days_indoor,5,0,0,0,0,0,0.9964427351951599
data/raw/osu_lora/Diff_Days_Indoor_Setup/Day5/Device5/IQ_1.dat,58,4547142,4,4,1,test,diff_days_indoor,5,0,0,0,0,0,0.9029250741004944
data/raw/osu_lora/Diff_Days_Indoor_Setup/Day5/Device5/IQ_1.dat,59,4625541,4,4,1,test,diff_days_indoor,5,0,0,0,0,0,0.9989020824432373
data/raw/osu_lora/Diff_Days_Indoor_Setup/Day5/Device5/IQ_1.dat,60,4703940,4,11,0,test,diff_days_indoor,5,0,0,0,0,0,0.5042136311531067
data/raw/osu_lora/Diff_Days_Indoor_Setup/Day5/Device5/IQ_1.dat,61,4782339,4,4,1,test,diff_days_indoor,5,0,0,0,0,0,0.9775727987289429
data/raw/osu_lora/Diff_Days_Indoor_Setup/Day5/Device5/IQ_1.dat,62,4860738,4,4,1,test,diff_days_indoor,5,0,0,0,0,0,0.8808521032333374
data/raw/osu_lora/Diff_Days_Indoor_Setup/Day5/Device5/IQ_1.dat,63,4939137,4,4,1,test,diff_days_indoor,5,0,0,0,0,0,0.9742425084114075
data/raw/osu_lora/Diff_Days_Indoor_Setup/Day5/Device5/IQ_1.dat,64,5017536,4,4,1,test,diff_days_indoor,5,0,0,0,0,0,0.6807591319084167
data/raw/osu_lora/Diff_Days_Indoor_Setup/Day5/Device5/IQ_1.dat,65,5095935,4,4,1,test,diff_days_indoor,5,0,0,0,0,0,0.6747595071792603
data/raw/osu_lora/Diff_Days_Indoor_Setup/Day5/Device5/IQ_1.dat,66,5174334,4,4,1,test,diff_days_indoor,5,0,0,0,0,0,0.7796522378921509
data/raw/osu_lora/Diff_Days_Indoor_Setup/Day5/Device5/IQ_1.dat,67,5252733,4,4,1,test,diff_days_indoor,5,0,0,0,0,0,0.6274051070213318
data/raw/osu_lora/Diff_Days_Indoor_Setup/Day5/Device5/IQ_1.dat,68,5331132,4,4,1,test,diff_days_indoor,5,0,0,0,0,0,0.6836001873016357
data/raw/osu_lora/Diff_Days_Indoor_Setup/Day5/Device5/IQ_1.dat,69,5409531,4,4,1,test,diff_days_indoor,5,0,0,0,0,0,0.6188001036643982
data/raw/osu_lora/Diff_Days_Indoor_Setup/Day5/Device5/IQ_1.dat,70,5487930,4,4,1,test,diff_days_indoor,5,0,0,0,0,0,0.6885342001914978
data/raw/osu_lora/Diff_Days_Indoor_Setup/Day5/Device5/IQ_1.dat,71,5566329,4,4,1,test,diff_days_indoor,5,0,0,0,0,0,0.9923974871635437
data/raw/osu_lora/Diff_Days_Indoor_Setup/Day5/Device5/IQ_1.dat,72,5644728,4,4,1,test,diff_days_indoor,5,0,0,0,0,0,0.9782696962356567
data/raw/osu_lora/Diff_Days_Indoor_Setup/Day5/Device5/IQ_1.dat,73,5723127,4,11,0,test,diff_days_indoor,5,0,0,0,0,0,0.5500659942626953
data/raw/osu_lora/Diff_Days_Indoor_Setup/Day5/Device5/IQ_1.dat,74,5801526,4,4,1,test,diff_days_indoor,5,0,0,0,0,0,0.6497936844825745
data/raw/osu_lora/Diff_Days_Indoor_Setup/Day5/Device5/IQ_1.dat,75,5879925,4,4,1,test,diff_days_indoor,5,0,0,0,0,0,0.993355393409729
data/raw/osu_lora/Diff_Days_Indoor_Setup/Day5/Device5/IQ_1.dat,76,5958324,4,4,1,test,diff_days_indoor,5,0,0,0,0,0,0.9151137471199036
data/raw/osu_lora/Diff_Days_Indoor_Setup/Day5/Device5/IQ_1.dat,77,6036723,4,4,1,test,diff_days_indoor,5,0,0,0,0,0,0.9648544788360596
data/raw/osu_lora/Diff_Days_Indoor_Setup/Day5/Device5/IQ_1.dat,78,6115122,4,4,1,test,diff_days_indoor,5,0,0,0,0,0,0.9956758618354797
data/raw/osu_lora/Diff_Days_Indoor_Setup/Day5/Device5/IQ_1.dat,79,6193521,4,4,1,test,diff_days_indoor,5,0,0,0,0,0,0.9208446145057678
data/raw/osu_lora/Diff_Days_Indoor_Setup/Day5/Device5/IQ_1.dat,80,6271920,4,4,1,test,diff_days_indoor,5,0,0,0,0,0,0.7268500328063965
data/raw/osu_lora/Diff_Days_Indoor_Setup/Day5/Device5/IQ_1.dat,81,6350319,4,4,1,test,diff_days_indoor,5,0,0,0,0,0,0.8655462861061096
data/raw/osu_lora/Diff_Days_Indoor_Setup/Day5/Device5/IQ_1.dat,82,6428718,4,4,1,test,diff_days_indoor,5,0,0,0,0,0,0.9511123299598694
data/raw/osu_lora/Diff_Days_Indoor_Setup/Day5/Device5/IQ_1.dat,83,6507117,4,4,1,test,diff_days_indoor,5,0,0,0,0,0,0.8909820914268494
data/raw/osu_lora/Diff_Days_Indoor_Setup/Day5/Device5/IQ_1.dat,84,6585516,4,4,1,test,diff_days_indoor,5,0,0,0,0,0,0.9934220910072327
data/raw/osu_lora/Diff_Days_Indoor_Setup/Day5/Device5/IQ_1.dat,85,6663915,4,4,1,test,diff_days_indoor,5,0,0,0,0,0,0.8649922013282776
data/raw/osu_lora/Diff_Days_Indoor_Setup/Day5/Device5/IQ_1.dat,86,6742314,4,4,1,test,diff_days_indoor,5,0,0,0,0,0,0.9694830179214478
data/raw/osu_lora/Diff_Days_Indoor_Setup/Day5/Device5/IQ_1.dat,87,6820713,4,4,1,test,diff_days_indoor,5,0,0,0,0,0,0.9872295260429382
data/raw/osu_lora/Diff_Days_Indoor_Setup/Day5/Device5/IQ_1.dat,88,6899112,4,4,1,test,diff_days_indoor,5,0,0,0,0,0,0.9333191514015198
data/raw/osu_lora/Diff_Days_Indoor_Setup/Day5/Device5/IQ_1.dat,89,6977511,4,4,1,test,diff_days_indoor,5,0,0,0,0,0,0.9145618081092834
data/raw/osu_lora/Diff_Days_Indoor_Setup/Day5/Device5/IQ_1.dat,90,7055910,4,4,1,test,diff_days_indoor,5,0,0,0,0,0,0.9876317381858826
data/raw/osu_lora/Diff_Days_Indoor_Setup/Day5/Device5/IQ_1.dat,91,7134309,4,4,1,test,diff_days_indoor,5,0,0,0,0,0,0.5272673964500427
data/raw/osu_lora/Diff_Days_Indoor_Setup/Day5/Device5/IQ_1.dat,92,7212708,4,4,1,test,diff_days_indoor,5,0,0,0,0,0,0.8756564259529114
data/raw/osu_lora/Diff_Days_Indoor_Setup/Day5/Device5/IQ_1.dat,93,7291107,4,4,1,test,diff_days_indoor,5,0,0,0,0,0,0.986146867275238
data/raw/osu_lora/Diff_Days_Indoor_Setup/Day5/Device5/IQ_1.dat,94,7369506,4,4,1,test,diff_days_indoor,5,0,0,0,0,0,0.9350011944770813
data/raw/osu_lora/Diff_Days_Indoor_Setup/Day5/Device5/IQ_1.dat,95,7447905,4,4,1,test,diff_days_indoor,5,0,0,0,0,0,0.5158450603485107
data/raw/osu_lora/Diff_Days_Indoor_Setup/Day5/Device5/IQ_1.dat,96,7526304,4,4,1,test,diff_days_indoor,5,0,0,0,0,0,0.9521948099136353
data/raw/osu_lora/Diff_Days_Indoor_Setup/Day5/Device5/IQ_1.dat,97,7604703,4,4,1,test,diff_days_indoor,5,0,0,0,0,0,0.9289209842681885
data/raw/osu_lora/Diff_Days_Indoor_Setup/Day5/Device5/IQ_1.dat,98,7683102,4,11,0,test,diff_days_indoor,5,0,0,0,0,0,0.7341169714927673
data/raw/osu_lora/Diff_Days_Indoor_Setup/Day5/Device5/IQ_1.dat,99,7761501,4,4,1,test,diff_days_indoor,5,0,0,0,0,0,0.9796594977378845
data/raw/osu_lora/Diff_Days_Indoor_Setup/Day5/Device5/IQ_1.dat,100,7839900,4,4,1,test,diff_days_indoor,5,0,0,0,0,0,0.9713693857192993
data/raw/osu_lora/Diff_Days_Indoor_Setup/Day5/Device5/IQ_1.dat,101,7918299,4,4,1,test,diff_days_indoor,5,0,0,0,0,0,0.8645282983779907
data/raw/osu_lora/Diff_Days_Indoor_Setup/Day5/Device5/IQ_1.dat,102,7996698,4,4,1,test,diff_days_indoor,5,0,0,0,0,0,0.9903063774108887
data/raw/osu_lora/Diff_Days_Indoor_Setup/Day5/Device5/IQ_1.dat,103,8075097,4,4,1,test,diff_days_indoor,5,0,0,0,0,0,0.9582527875900269
data/raw/osu_lora/Diff_Days_Indoor_Setup/Day5/Device5/IQ_1.dat,104,8153496,4,4,1,test,diff_days_indoor,5,0,0,0,0,0,0.7202355265617371
data/raw/osu_lora/Diff_Days_Indoor_Setup/Day5/Device5/IQ_1.dat,105,8231895,4,4,1,test,diff_days_indoor,5,0,0,0,0,0,0.8165106177330017
data/raw/osu_lora/Diff_Days_Indoor_Setup/Day5/Device5/IQ_1.dat,106,8310294,4,4,1,test,diff_days_indoor,5,0,0,0,0,0,0.8316255807876587
data/raw/osu_lora/Diff_Days_Indoor_Setup/Day5/Device5/IQ_1.dat,107,8388693,4,4,1,test,diff_days_indoor,5,0,0,0,0,0,0.7604009509086609
data/raw/osu_lora/Diff_Days_Indoor_Setup/Day5/Device5/IQ_1.dat,108,8467092,4,4,1,test,diff_days_indoor,5,0,0,0,0,0,0.9728065133094788
data/raw/osu_lora/Diff_Days_Indoor_Setup/Day5/Device5/IQ_1.dat,109,8545491,4,4,1,test,diff_days_indoor,5,0,0,0,0,0,0.9954004883766174
data/raw/osu_lora/Diff_Days_Indoor_Setup/Day5/Device5/IQ_1.dat,110,8623890,4,4,1,test,diff_days_indoor,5,0,0,0,0,0,0.9588208794593811
data/raw/osu_lora/Diff_Days_Indoor_Setup/Day5/Device5/IQ_1.dat,111,8702289,4,11,0,test,diff_days_indoor,5,0,0,0,0,0,0.9191691875457764
data/raw/osu_lora/Diff_Days_Indoor_Setup/Day5/Device5/IQ_1.dat,112,8780688,4,4,1,test,diff_days_indoor,5,0,0,0,0,0,0.929387629032135
data/raw/osu_lora/Diff_Days_Indoor_Setup/Day5/Device5/IQ_1.dat,113,8859087,4,4,1,test,diff_days_indoor,5,0,0,0,0,0,0.9520948529243469
data/raw/osu_lora/Diff_Days_Indoor_Setup/Day5/Device5/IQ_1.dat,114,8937486,4,4,1,test,diff_days_indoor,5,0,0,0,0,0,0.9918248057365417
data/raw/osu_lora/Diff_Days_Indoor_Setup/Day5/Device5/IQ_1.dat,115,9015885,4,4,1,test,diff_days_indoor,5,0,0,0,0,0,0.9935175180435181
data/raw/osu_lora/Diff_Days_Indoor_Setup/Day5/Device5/IQ_1.dat,116,9094284,4,11,0,test,diff_days_indoor,5,0,0,0,0,0,0.7447589039802551
data/raw/osu_lora/Diff_Days_Indoor_Setup/Day5/Device5/IQ_1.dat,117,9172683,4,4,1,test,diff_days_indoor,5,0,0,0,0,0,0.9920421242713928
data/raw/osu_lora/Diff_Days_Indoor_Setup/Day5/Device5/IQ_1.dat,118,9251082,4,4,1,test,diff_days_indoor,5,0,0,0,0,0,0.9464013576507568
data/raw/osu_lora/Diff_Days_Indoor_Setup/Day5/Device5/IQ_1.dat,119,9329481,4,4,1,test,diff_days_indoor,5,0,0,0,0,0,0.7683631777763367
data/raw/osu_lora/Diff_Days_Indoor_Setup/Day5/Device5/IQ_1.dat,120,9407880,4,4,1,test,diff_days_indoor,5,0,0,0,0,0,0.9314061403274536
data/raw/osu_lora/Diff_Days_Indoor_Setup/Day5/Device5/IQ_1.dat,121,9486279,4,4,1,test,diff_days_indoor,5,0,0,0,0,0,0.9275466799736023
data/raw/osu_lora/Diff_Days_Indoor_Setup/Day5/Device5/IQ_1.dat,122,9564678,4,4,1,test,diff_days_indoor,5,0,0,0,0,0,0.6950375437736511
data/raw/osu_lora/Diff_Days_Indoor_Setup/Day5/Device5/IQ_1.dat,123,9643077,4,4,1,test,diff_days_indoor,5,0,0,0,0,0,0.9395226836204529
data/raw/osu_lora/Diff_Days_Indoor_Setup/Day5/Device5/IQ_1.dat,124,9721476,4,11,0,test,diff_days_indoor,5,0,0,0,0,0,0.7530953884124756
data/raw/osu_lora/Diff_Days_Indoor_Setup/Day5/Device5/IQ_1.dat,125,9799875,4,4,1,test,diff_days_indoor,5,0,0,0,0,0,0.9014847874641418
data/raw/osu_lora/Diff_Days_Indoor_Setup/Day5/Device5/IQ_1.dat,126,9878274,4,4,1,test,diff_days_indoor,5,0,0,0,0,0,0.9863532781600952
data/raw/osu_lora/Diff_Days_Indoor_Setup/Day5/Device5/IQ_1.dat,127,9956673,4,4,1,test,diff_days_indoor,5,0,0,0,0,0,0.8280039429664612
data/raw/osu_lora/Diff_Days_Indoor_Setup/Day5/Device5/IQ_1.dat,128,10035072,4,4,1,test,diff_days_indoor,5,0,0,0,0,0,0.9399420619010925
data/raw/osu_lora/Diff_Days_Indoor_Setup/Day5/Device5/IQ_1.dat,129,10113471,4,11,0,test,diff_days_indoor,5,0,0,0,0,0,0.7081114053726196
data/raw/osu_lora/Diff_Days_Indoor_Setup/Day5/Device5/IQ_1.dat,130,10191870,4,4,1,test,diff_days_indoor,5,0,0,0,0,0,0.9783723950386047
data/raw/osu_lora/Diff_Days_Indoor_Setup/Day5/Device5/IQ_1.dat,131,10270269,4,4,1,test,diff_days_indoor,5,0,0,0,0,0,0.9758870601654053
data/raw/osu_lora/Diff_Days_Indoor_Setup/Day5/Device5/IQ_1.dat,132,10348668,4,4,1,test,diff_days_indoor,5,0,0,0,0,0,0.9619519710540771
data/raw/osu_lora/Diff_Days_Indoor_Setup/Day5/Device5/IQ_1.dat,133,10427067,4,4,1,test,diff_days_indoor,5,0,0,0,0,0,0.9707937240600586
data/raw/osu_lora/Diff_Days_Indoor_Setup/Day5/Device5/IQ_1.dat,134,10505466,4,4,1,test,diff_days_indoor,5,0,0,0,0,0,0.9617040753364563
data/raw/osu_lora/Diff_Days_Indoor_Setup/Day5/Device5/IQ_1.dat,135,10583865,4,11,0,test,diff_days_indoor,5,0,0,0,0,0,0.7734259963035583
data/raw/osu_lora/Diff_Days_Indoor_Setup/Day5/Device5/IQ_1.dat,136,10662264,4,4,1,test,diff_days_indoor,5,0,0,0,0,0,0.5806862711906433
data/raw/osu_lora/Diff_Days_Indoor_Setup/Day5/Device5/IQ_1.dat,137,10740663,4,4,1,test,diff_days_indoor,5,0,0,0,0,0,0.9969164133071899
data/raw/osu_lora/Diff_Days_Indoor_Setup/Day5/Device5/IQ_1.dat,138,10819062,4,11,0,test,diff_days_indoor,5,0,0,0,0,0,0.5832029581069946
data/raw/osu_lora/Diff_Days_Indoor_Setup/Day5/Device5/IQ_1.dat,139,10897461,4,4,1,test,diff_days_indoor,5,0,0,0,0,0,0.9683047533035278
data/raw/osu_lora/Diff_Days_Indoor_Setup/Day5/Device5/IQ_1.dat,140,10975860,4,4,1,test,diff_days_indoor,5,0,0,0,0,0,0.9843222498893738
data/raw/osu_lora/Diff_Days_Indoor_Setup/Day5/Device5/IQ_1.dat,141,11054259,4,4,1,test,diff_days_indoor,5,0,0,0,0,0,0.9949938654899597
data/raw/osu_lora/Diff_Days_Indoor_Setup/Day5/Device5/IQ_1.dat,142,11132658,4,11,0,test,diff_days_indoor,5,0,0,0,0,0,0.5308611989021301
data/raw/osu_lora/Diff_Days_Indoor_Setup/Day5/Device5/IQ_1.dat,143,11211057,4,11,0,test,diff_days_indoor,5,0,0,0,0,0,0.6656554341316223
data/raw/osu_lora/Diff_Days_Indoor_Setup/Day5/Device5/IQ_1.dat,144,11289456,4,4,1,test,diff_days_indoor,5,0,0,0,0,0,0.9388879537582397
data/raw/osu_lora/Diff_Days_Indoor_Setup/Day5/Device5/IQ_1.dat,145,11367855,4,4,1,test,diff_days_indoor,5,0,0,0,0,0,0.8293807506561279
data/raw/osu_lora/Diff_Days_Indoor_Setup/Day5/Device5/IQ_1.dat,146,11446254,4,4,1,test,diff_days_indoor,5,0,0,0,0,0,0.9848223924636841
data/raw/osu_lora/Diff_Days_Indoor_Setup/Day5/Device5/IQ_1.dat,147,11524653,4,4,1,test,diff_days_indoor,5,0,0,0,0,0,0.6343101263046265
data/raw/osu_lora/Diff_Days_Indoor_Setup/Day5/Device5/IQ_1.dat,148,11603052,4,4,1,test,diff_days_indoor,5,0,0,0,0,0,0.9485927820205688
data/raw/osu_lora/Diff_Days_Indoor_Setup/Day5/Device5/IQ_1.dat,149,11681451,4,4,1,test,diff_days_indoor,5,0,0,0,0,0,0.5888754725456238
data/raw/osu_lora/Diff_Days_Indoor_Setup/Day5/Device5/IQ_1.dat,150,11759850,4,4,1,test,diff_days_indoor,5,0,0,0,0,0,0.9834954142570496
data/raw/osu_lora/Diff_Days_Indoor_Setup/Day5/Device5/IQ_1.dat,151,11838249,4,4,1,test,diff_days_indoor,5,0,0,0,0,0,0.9547854065895081
data/raw/osu_lora/Diff_Days_Indoor_Setup/Day5/Device5/IQ_1.dat,152,11916648,4,4,1,test,diff_days_indoor,5,0,0,0,0,0,0.9674355983734131
data/raw/osu_lora/Diff_Days_Indoor_Setup/Day5/Device5/IQ_1.dat,153,11995047,4,4,1,test,diff_days_indoor,5,0,0,0,0,0,0.970622181892395
data/raw/osu_lora/Diff_Days_Indoor_Setup/Day5/Device5/IQ_1.dat,154,12073446,4,4,1,test,diff_days_indoor,5,0,0,0,0,0,0.9873517751693726
data/raw/osu_lora/Diff_Days_Indoor_Setup/Day5/Device5/IQ_1.dat,155,12151845,4,11,0,test,diff_days_indoor,5,0,0,0,0,0,0.6776792407035828
data/raw/osu_lora/Diff_Days_Indoor_Setup/Day5/Device5/IQ_1.dat,156,12230244,4,4,1,test,diff_days_indoor,5,0,0,0,0,0,0.9133453965187073
data/raw/osu_lora/Diff_Days_Indoor_Setup/Day5/Device5/IQ_1.dat,157,12308643,4,4,1,test,diff_days_indoor,5,0,0,0,0,0,0.991689145565033
data/raw/osu_lora/Diff_Days_Indoor_Setup/Day5/Device5/IQ_1.dat,158,12387042,4,11,0,test,diff_days_indoor,5,0,0,0,0,0,0.5731145739555359
data/raw/osu_lora/Diff_Days_Indoor_Setup/Day5/Device5/IQ_1.dat,159,12465441,4,4,1,test,diff_days_indoor,5,0,0,0,0,0,0.9781305193901062
data/raw/osu_lora/Diff_Days_Indoor_Setup/Day5/Device5/IQ_1.dat,160,12543840,4,11,0,test,diff_days_indoor,5,0,0,0,0,0,0.8700716495513916
data/raw/osu_lora/Diff_Days_Indoor_Setup/Day5/Device5/IQ_1.dat,161,12622239,4,4,1,test,diff_days_indoor,5,0,0,0,0,0,0.9783709049224854
data/raw/osu_lora/Diff_Days_Indoor_Setup/Day5/Device5/IQ_1.dat,162,12700638,4,4,1,test,diff_days_indoor,5,0,0,0,0,0,0.9678775072097778
data/raw/osu_lora/Diff_Days_Indoor_Setup/Day5/Device5/IQ_1.dat,163,12779037,4,4,1,test,diff_days_indoor,5,0,0,0,0,0,0.9934066534042358
data/raw/osu_lora/Diff_Days_Indoor_Setup/Day5/Device5/IQ_1.dat,164,12857436,4,4,1,test,diff_days_indoor,5,0,0,0,0,0,0.9847485423088074
data/raw/osu_lora/Diff_Days_Indoor_Setup/Day5/Device5/IQ_1.dat,165,12935835,4,4,1,test,diff_days_indoor,5,0,0,0,0,0,0.9988821148872375
data/raw/osu_lora/Diff_Days_Indoor_Setup/Day5/Device5/IQ_1.dat,166,13014234,4,4,1,test,diff_days_indoor,5,0,0,0,0,0,0.7024880051612854
data/raw/osu_lora/Diff_Days_Indoor_Setup/Day5/Device5/IQ_1.dat,167,13092633,4,4,1,test,diff_days_indoor,5,0,0,0,0,0,0.5720381140708923
data/raw/osu_lora/Diff_Days_Indoor_Setup/Day5/Device5/IQ_1.dat,168,13171032,4,4,1,test,diff_days_indoor,5,0,0,0,0,0,0.9916951060295105
data/raw/osu_lora/Diff_Days_Indoor_Setup/Day5/Device5/IQ_1.dat,169,13249431,4,4,1,test,diff_days_indoor,5,0,0,0,0,0,0.9638792276382446
data/raw/osu_lora/Diff_Days_Indoor_Setup/Day5/Device5/IQ_1.dat,170,13327830,4,4,1,test,diff_days_indoor,5,0,0,0,0,0,0.994594395160675
data/raw/osu_lora/Diff_Days_Indoor_Setup/Day5/Device5/IQ_1.dat,171,13406229,4,4,1,test,diff_days_indoor,5,0,0,0,0,0,0.9986923336982727
data/raw/osu_lora/Diff_Days_Indoor_Setup/Day5/Device5/IQ_1.dat,172,13484628,4,11,0,test,diff_days_indoor,5,0,0,0,0,0,0.5423819422721863
data/raw/osu_lora/Diff_Days_Indoor_Setup/Day5/Device5/IQ_1.dat,173,13563027,4,4,1,test,diff_days_indoor,5,0,0,0,0,0,0.6446390748023987
data/raw/osu_lora/Diff_Days_Indoor_Setup/Day5/Device5/IQ_1.dat,174,13641426,4,11,0,test,diff_days_indoor,5,0,0,0,0,0,0.6722267866134644
data/raw/osu_lora/Diff_Days_Indoor_Setup/Day5/Device5/IQ_1.dat,175,13719825,4,4,1,test,diff_days_indoor,5,0,0,0,0,0,0.9801170229911804
data/raw/osu_lora/Diff_Days_Indoor_Setup/Day5/Device5/IQ_1.dat,176,13798224,4,4,1,test,diff_days_indoor,5,0,0,0,0,0,0.9197074770927429
data/raw/osu_lora/Diff_Days_Indoor_Setup/Day5/Device5/IQ_1.dat,177,13876623,4,4,1,test,diff_days_indoor,5,0,0,0,0,0,0.9844484329223633
data/raw/osu_lora/Diff_Days_Indoor_Setup/Day5/Device5/IQ_1.dat,178,13955022,4,4,1,test,diff_days_indoor,5,0,0,0,0,0,0.917071521282196
data/raw/osu_lora/Diff_Days_Indoor_Setup/Day5/Device5/IQ_1.dat,179,14033421,4,4,1,test,diff_days_indoor,5,0,0,0,0,0,0.9324967861175537
data/raw/osu_lora/Diff_Days_Indoor_Setup/Day5/Device5/IQ_1.dat,180,14111820,4,4,1,test,diff_days_indoor,5,0,0,0,0,0,0.7411478757858276
data/raw/osu_lora/Diff_Days_Indoor_Setup/Day5/Device5/IQ_1.dat,181,14190219,4,4,1,test,diff_days_indoor,5,0,0,0,0,0,0.9340265989303589
data/raw/osu_lora/Diff_Days_Indoor_Setup/Day5/Device5/IQ_1.dat,182,14268618,4,4,1,test,diff_days_indoor,5,0,0,0,0,0,0.983877420425415
data/raw/osu_lora/Diff_Days_Indoor_Setup/Day5/Device5/IQ_1.dat,183,14347017,4,4,1,test,diff_days_indoor,5,0,0,0,0,0,0.9602634310722351
data/raw/osu_lora/Diff_Days_Indoor_Setup/Day5/Device5/IQ_1.dat,184,14425416,4,4,1,test,diff_days_indoor,5,0,0,0,0,0,0.993578314781189
data/raw/osu_lora/Diff_Days_Indoor_Setup/Day5/Device5/IQ_1.dat,185,14503815,4,4,1,test,diff_days_indoor,5,0,0,0,0,0,0.965707004070282
data/raw/osu_lora/Diff_Days_Indoor_Setup/Day5/Device5/IQ_1.dat,186,14582214,4,4,1,test,diff_days_indoor,5,0,0,0,0,0,0.665718138217926
data/raw/osu_lora/Diff_Days_Indoor_Setup/Day5/Device5/IQ_1.dat,187,14660613,4,4,1,test,diff_days_indoor,5,0,0,0,0,0,0.9581368565559387
data/raw/osu_lora/Diff_Days_Indoor_Setup/Day5/Device5/IQ_1.dat,188,14739012,4,4,1,test,diff_days_indoor,5,0,0,0,0,0,0.9803951382637024
data/raw/osu_lora/Diff_Days_Indoor_Setup/Day5/Device5/IQ_1.dat,189,14817411,4,4,1,test,diff_days_indoor,5,0,0,0,0,0,0.7126703262329102
data/raw/osu_lora/Diff_Days_Indoor_Setup/Day5/Device5/IQ_1.dat,190,14895810,4,4,1,test,diff_days_indoor,5,0,0,0,0,0,0.9585824608802795
data/raw/osu_lora/Diff_Days_Indoor_Setup/Day5/Device5/IQ_1.dat,191,14974209,4,11,0,test,diff_days_indoor,5,0,0,0,0,0,0.7228362560272217
data/raw/osu_lora/Diff_Days_Indoor_Setup/Day5/Device5/IQ_1.dat,192,15052608,4,4,1,test,diff_days_indoor,5,0,0,0,0,0,0.9828155636787415
data/raw/osu_lora/Diff_Days_Indoor_Setup/Day5/Device5/IQ_1.dat,193,15131007,4,11,0,test,diff_days_indoor,5,0,0,0,0,0,0.5190423727035522
data/raw/osu_lora/Diff_Days_Indoor_Setup/Day5/Device5/IQ_1.dat,194,15209406,4,4,1,test,diff_days_indoor,5,0,0,0,0,0,0.9664380550384521
data/raw/osu_lora/Diff_Days_Indoor_Setup/Day5/Device5/IQ_1.dat,195,15287805,4,4,1,test,diff_days_indoor,5,0,0,0,0,0,0.9308114647865295
data/raw/osu_lora/Diff_Days_Indoor_Setup/Day5/Device5/IQ_1.dat,196,15366204,4,4,1,test,diff_days_indoor,5,0,0,0,0,0,0.9875763654708862
data/raw/osu_lora/Diff_Days_Indoor_Setup/Day5/Device5/IQ_1.dat,197,15444603,4,4,1,test,diff_days_indoor,5,0,0,0,0,0,0.8969041109085083
data/raw/osu_lora/Diff_Days_Indoor_Setup/Day5/Device5/IQ_1.dat,198,15523002,4,4,1,test,diff_days_indoor,5,0,0,0,0,0,0.8647955060005188
data/raw/osu_lora/Diff_Days_Indoor_Setup/Day5/Device5/IQ_1.dat,199,15601401,4,11,0,test,diff_days_indoor,5,0,0,0,0,0,0.8660914301872253
data/raw/osu_lora/Diff_Days_Indoor_Setup/Day5/Device5/IQ_1.dat,200,15679800,4,4,1,test,diff_days_indoor,5,0,0,0,0,0,0.9476176500320435
data/raw/osu_lora/Diff_Days_Indoor_Setup/Day5/Device5/IQ_1.dat,201,15758199,4,4,1,test,diff_days_indoor,5,0,0,0,0,0,0.9395766258239746
data/raw/osu_lora/Diff_Days_Indoor_Setup/Day5/Device5/IQ_1.dat,202,15836598,4,4,1,test,diff_days_indoor,5,0,0,0,0,0,0.9976258873939514
data/raw/osu_lora/Diff_Days_Indoor_Setup/Day5/Device5/IQ_1.dat,203,15914997,4,4,1,test,diff_days_indoor,5,0,0,0,0,0,0.9547986388206482
data/raw/osu_lora/Diff_Days_Indoor_Setup/Day5/Device5/IQ_1.dat,204,15993396,4,4,1,test,diff_days_indoor,5,0,0,0,0,0,0.5378900170326233
data/raw/osu_lora/Diff_Days_Indoor_Setup/Day5/Device5/IQ_1.dat,205,16071795,4,4,1,test,diff_days_indoor,5,0,0,0,0,0,0.9354913234710693
data/raw/osu_lora/Diff_Days_Indoor_Setup/Day5/Device5/IQ_1.dat,206,16150194,4,4,1,test,diff_days_indoor,5,0,0,0,0,0,0.9150073528289795
data/raw/osu_lora/Diff_Days_Indoor_Setup/Day5/Device5/IQ_1.dat,207,16228593,4,4,1,test,diff_days_indoor,5,0,0,0,0,0,0.6325891613960266
data/raw/osu_lora/Diff_Days_Indoor_Setup/Day5/Device5/IQ_1.dat,208,16306992,4,21,0,test,diff_days_indoor,5,0,0,0,0,0,0.10410279035568237
data/raw/osu_lora/Diff_Days_Indoor_Setup/Day5/Device5/IQ_1.dat,209,16385391,4,5,0,test,diff_days_indoor,5,0,0,0,0,0,0.22691449522972107
data/raw/osu_lora/Diff_Days_Indoor_Setup/Day5/Device5/IQ_1.dat,210,16463790,4,11,0,test,diff_days_indoor,5,0,0,0,0,0,0.150543212890625
data/raw/osu_lora/Diff_Days_Indoor_Setup/Day5/Device5/IQ_1.dat,211,16542189,4,5,0,test,diff_days_indoor,5,0,0,0,0,0,0.19655229151248932
data/raw/osu_lora/Diff_Days_Indoor_Setup/Day5/Device5/IQ_1.dat,212,16620588,4,21,0,test,diff_days_indoor,5,0,0,0,0,0,0.09887577593326569
data/raw/osu_lora/Diff_Days_Indoor_Setup/Day5/Device5/IQ_1.dat,213,16698987,4,6,0,test,diff_days_indoor,5,0,0,0,0,0,0.12675872445106506
data/raw/osu_lora/Diff_Days_Indoor_Setup/Day5/Device5/IQ_1.dat,214,16777386,4,6,0,test,diff_days_indoor,5,0,0,0,0,0,0.2567462921142578
data/raw/osu_lora/Diff_Days_Indoor_Setup/Day5/Device5/IQ_1.dat,215,16855785,4,4,1,test,diff_days_indoor,5,0,0,0,0,0,0.9285011887550354
data/raw/osu_lora/Diff_Days_Indoor_Setup/Day5/Device5/IQ_1.dat,216,16934184,4,6,0,test,diff_days_indoor,5,0,0,0,0,0,0.2085583657026291
data/raw/osu_lora/Diff_Days_Indoor_Setup/Day5/Device5/IQ_1.dat,217,17012583,4,5,0,test,diff_days_indoor,5,0,0,0,0,0,0.2685244381427765
data/raw/osu_lora/Diff_Days_Indoor_Setup/Day5/Device5/IQ_1.dat,218,17090982,4,4,1,test,diff_days_indoor,5,0,0,0,0,0,0.21950669586658478
data/raw/osu_lora/Diff_Days_Indoor_Setup/Day5/Device5/IQ_1.dat,219,17169381,4,6,0,test,diff_days_indoor,5,0,0,0,0,0,0.18987226486206055
data/raw/osu_lora/Diff_Days_Indoor_Setup/Day5/Device5/IQ_1.dat,220,17247780,4,6,0,test,diff_days_indoor,5,0,0,0,0,0,0.13617917895317078
data/raw/osu_lora/Diff_Days_Indoor_Setup/Day5/Device5/IQ_1.dat,221,17326179,4,6,0,test,diff_days_indoor,5,0,0,0,0,0,0.14989659190177917
data/raw/osu_lora/Diff_Days_Indoor_Setup/Day5/Device5/IQ_1.dat,222,17404578,4,6,0,test,diff_days_indoor,5,0,0,0,0,0,0.2705662250518799
data/raw/osu_lora/Diff_Days_Indoor_Setup/Day5/Device5/IQ_1.dat,223,17482977,4,22,0,test,diff_days_indoor,5,0,0,0,0,0,0.12992824614048004
data/raw/osu_lora/Diff_Days_Indoor_Setup/Day5/Device5/IQ_1.dat,224,17561376,4,6,0,test,diff_days_indoor,5,0,0,0,0,0,0.13270288705825806
data/raw/osu_lora/Diff_Days_Indoor_Setup/Day5/Device5/IQ_1.dat,225,17639775,4,4,1,test,diff_days_indoor,5,0,0,0,0,0,0.1557576209306717
data/raw/osu_lora/Diff_Days_Indoor_Setup/Day5/Device5/IQ_1.dat,226,17718174,4,4,1,test,diff_days_indoor,5,0,0,0,0,0,0.49767956137657166
data/raw/osu_lora/Diff_Days_Indoor_Setup/Day5/Device5/IQ_1.dat,227,17796573,4,4,1,test,diff_days_indoor,5,0,0,0,0,0,0.9975214600563049
data/raw/osu_lora/Diff_Days_Indoor_Setup/Day5/Device5/IQ_1.dat,228,17874972,4,4,1,test,diff_days_indoor,5,0,0,0,0,0,0.9770564436912537
data/raw/osu_lora/Diff_Days_Indoor_Setup/Day5/Device5/IQ_1.dat,229,17953371,4,4,1,test,diff_days_indoor,5,0,0,0,0,0,0.6457182168960571
data/raw/osu_lora/Diff_Days_Indoor_Setup/Day5/Device5/IQ_1.dat,230,18031770,4,11,0,test,diff_days_indoor,5,0,0,0,0,0,0.755368173122406
data/raw/osu_lora/Diff_Days_Indoor_Setup/Day5/Device5/IQ_1.dat,231,18110169,4,4,1,test,diff_days_indoor,5,0,0,0,0,0,0.9933056235313416
data/raw/osu_lora/Diff_Days_Indoor_Setup/Day5/Device5/IQ_1.dat,232,18188568,4,4,1,test,diff_days_indoor,5,0,0,0,0,0,0.9471012353897095
data/raw/osu_lora/Diff_Days_Indoor_Setup/Day5/Device5/IQ_1.dat,233,18266967,4,4,1,test,diff_days_indoor,5,0,0,0,0,0,0.9135768413543701
data/raw/osu_lora/Diff_Days_Indoor_Setup/Day5/Device5/IQ_1.dat,234,18345366,4,4,1,test,diff_days_indoor,5,0,0,0,0,0,0.820139467716217
data/raw/osu_lora/Diff_Days_Indoor_Setup/Day5/Device5/IQ_1.dat,235,18423765,4,4,1,test,diff_days_indoor,5,0,0,0,0,0,0.9572163820266724
data/raw/osu_lora/Diff_Days_Indoor_Setup/Day5/Device5/IQ_1.dat,236,18502164,4,4,1,test,diff_days_indoor,5,0,0,0,0,0,0.943570613861084
data/raw/osu_lora/Diff_Days_Indoor_Setup/Day5/Device5/IQ_1.dat,237,18580563,4,4,1,test,diff_days_indoor,5,0,0,0,0,0,0.9967947602272034
data/raw/osu_lora/Diff_Days_Indoor_Setup/Day5/Device5/IQ_1.dat,238,18658962,4,4,1,test,diff_days_indoor,5,0,0,0,0,0,0.9834334850311279
data/raw/osu_lora/Diff_Days_Indoor_Setup/Day5/Device5/IQ_1.dat,239,18737361,4,4,1,test,diff_days_indoor,5,0,0,0,0,0,0.594718337059021
data/raw/osu_lora/Diff_Days_Indoor_Setup/Day5/Device5/IQ_1.dat,240,18815760,4,4,1,test,diff_days_indoor,5,0,0,0,0,0,0.8066285848617554
data/raw/osu_lora/Diff_Days_Indoor_Setup/Day5/Device5/IQ_1.dat,241,18894159,4,4,1,test,diff_days_indoor,5,0,0,0,0,0,0.5468897223472595
data/raw/osu_lora/Diff_Days_Indoor_Setup/Day5/Device5/IQ_1.dat,242,18972558,4,4,1,test,diff_days_indoor,5,0,0,0,0,0,0.9906322956085205
data/raw/osu_lora/Diff_Days_Indoor_Setup/Day5/Device5/IQ_1.dat,243,19050957,4,4,1,test,diff_days_indoor,5,0,0,0,0,0,0.9976807832717896
data/raw/osu_lora/Diff_Days_Indoor_Setup/Day5/Device5/IQ_1.dat,244,19129356,4,4,1,test,diff_days_indoor,5,0,0,0,0,0,0.9922309517860413
data/raw/osu_lora/Diff_Days_Indoor_Setup/Day5/Device5/IQ_1.dat,245,19207755,4,4,1,test,diff_days_indoor,5,0,0,0,0,0,0.9932589530944824
data/raw/osu_lora/Diff_Days_Indoor_Setup/Day5/Device5/IQ_1.dat,246,19286154,4,4,1,test,diff_days_indoor,5,0,0,0,0,0,0.8303561210632324
data/raw/osu_lora/Diff_Days_Indoor_Setup/Day5/Device5/IQ_1.dat,247,19364553,4,4,1,test,diff_days_indoor,5,0,0,0,0,0,0.7491766810417175
data/raw/osu_lora/Diff_Days_Indoor_Setup/Day5/Device5/IQ_1.dat,248,19442952,4,4,1,test,diff_days_indoor,5,0,0,0,0,0,0.9830358028411865
data/raw/osu_lora/Diff_Days_Indoor_Setup/Day5/Device5/IQ_1.dat,249,19521351,4,11,0,test,diff_days_indoor,5,0,0,0,0,0,0.7251602411270142
data/raw/osu_lora/Diff_Days_Indoor_Setup/Day5/Device5/IQ_1.dat,250,19599750,4,4,1,test,diff_days_indoor,5,0,0,0,0,0,0.7949446439743042
data/raw/osu_lora/Diff_Days_Indoor_Setup/Day5/Device5/IQ_1.dat,251,19678149,4,4,1,test,diff_days_indoor,5,0,0,0,0,0,0.9310574531555176
data/raw/osu_lora/Diff_Days_Indoor_Setup/Day5/Device5/IQ_1.dat,252,19756548,4,4,1,test,diff_days_indoor,5,0,0,0,0,0,0.9653646945953369
data/raw/osu_lora/Diff_Days_Indoor_Setup/Day5/Device5/IQ_1.dat,253,19834947,4,4,1,test,diff_days_indoor,5,0,0,0,0,0,0.9583496451377869
data/raw/osu_lora/Diff_Days_Indoor_Setup/Day5/Device5/IQ_1.dat,254,19913346,4,4,1,test,diff_days_indoor,5,0,0,0,0,0,0.5062012076377869
data/raw/osu_lora/Diff_Days_Indoor_Setup/Day5/Device5/IQ_1.dat,255,19991745,4,4,1,test,diff_days_indoor,5,0,0,0,0,0,0.9784293174743652
data/raw/osu_lora/Diff_Days_Indoor_Setup/Day5/Device6/IQ_1.dat,0,0,5,10,0,test,diff_days_indoor,5,0,0,0,0,0,0.21316668391227722
data/raw/osu_lora/Diff_Days_Indoor_Setup/Day5/Device6/IQ_1.dat,1,78399,5,5,1,test,diff_days_indoor,5,0,0,0,0,0,0.5138216614723206
data/raw/osu_lora/Diff_Days_Indoor_Setup/Day5/Device6/IQ_1.dat,2,156798,5,5,1,test,diff_days_indoor,5,0,0,0,0,0,0.7912976145744324
data/raw/osu_lora/Diff_Days_Indoor_Setup/Day5/Device6/IQ_1.dat,3,235197,5,6,0,test,diff_days_indoor,5,0,0,0,0,0,0.5701348185539246
data/raw/osu_lora/Diff_Days_Indoor_Setup/Day5/Device6/IQ_1.dat,4,313596,5,5,1,test,diff_days_indoor,5,0,0,0,0,0,0.9260330200195312
data/raw/osu_lora/Diff_Days_Indoor_Setup/Day5/Device6/IQ_1.dat,5,391995,5,5,1,test,diff_days_indoor,5,0,0,0,0,0,0.5790643095970154
data/raw/osu_lora/Diff_Days_Indoor_Setup/Day5/Device6/IQ_1.dat,6,470394,5,5,1,test,diff_days_indoor,5,0,0,0,0,0,0.7779502272605896
data/raw/osu_lora/Diff_Days_Indoor_Setup/Day5/Device6/IQ_1.dat,7,548793,5,5,1,test,diff_days_indoor,5,0,0,0,0,0,0.8364442586898804
data/raw/osu_lora/Diff_Days_Indoor_Setup/Day5/Device6/IQ_1.dat,8,627192,5,5,1,test,diff_days_indoor,5,0,0,0,0,0,0.9114723205566406
data/raw/osu_lora/Diff_Days_Indoor_Setup/Day5/Device6/IQ_1.dat,9,705591,5,5,1,test,diff_days_indoor,5,0,0,0,0,0,0.6076942682266235
data/raw/osu_lora/Diff_Days_Indoor_Setup/Day5/Device6/IQ_1.dat,10,783990,5,6,0,test,diff_days_indoor,5,0,0,0,0,0,0.7744895815849304
data/raw/osu_lora/Diff_Days_Indoor_Setup/Day5/Device6/IQ_1.dat,11,862389,5,5,1,test,diff_days_indoor,5,0,0,0,0,0,0.8971329927444458
data/raw/osu_lora/Diff_Days_Indoor_Setup/Day5/Device6/IQ_1.dat,12,940788,5,5,1,test,diff_days_indoor,5,0,0,0,0,0,0.5041860938072205
data/raw/osu_lora/Diff_Days_Indoor_Setup/Day5/Device6/IQ_1.dat,13,1019187,5,6,0,test,diff_days_indoor,5,0,0,0,0,0,0.7250852584838867
data/raw/osu_lora/Diff_Days_Indoor_Setup/Day5/Device6/IQ_1.dat,14,1097586,5,6,0,test,diff_days_indoor,5,0,0,0,0,0,0.5296238660812378
data/raw/osu_lora/Diff_Days_Indoor_Setup/Day5/Device6/IQ_1.dat,15,1175985,5,5,1,test,diff_days_indoor,5,0,0,0,0,0,0.7729519605636597
data/raw/osu_lora/Diff_Days_Indoor_Setup/Day5/Device6/IQ_1.dat,16,1254384,5,6,0,test,diff_days_indoor,5,0,0,0,0,0,0.50510174036026
data/raw/osu_lora/Diff_Days_Indoor_Setup/Day5/Device6/IQ_1.dat,17,1332783,5,5,1,test,diff_days_indoor,5,0,0,0,0,0,0.6212891936302185
data/raw/osu_lora/Diff_Days_Indoor_Setup/Day5/Device6/IQ_1.dat,18,1411182,5,6,0,test,diff_days_indoor,5,0,0,0,0,0,0.46451106667518616
data/raw/osu_lora/Diff_Days_Indoor_Setup/Day5/Device6/IQ_1.dat,19,1489581,5,6,0,test,diff_days_indoor,5,0,0,0,0,0,0.5466896891593933
data/raw/osu_lora/Diff_Days_Indoor_Setup/Day5/Device6/IQ_1.dat,20,1567980,5,5,1,test,diff_days_indoor,5,0,0,0,0,0,0.5566154718399048
data/raw/osu_lora/Diff_Days_Indoor_Setup/Day5/Device6/IQ_1.dat,21,1646379,5,6,0,test,diff_days_indoor,5,0,0,0,0,0,0.8033496141433716
data/raw/osu_lora/Diff_Days_Indoor_Setup/Day5/Device6/IQ_1.dat,22,1724778,5,6,0,test,diff_days_indoor,5,0,0,0,0,0,0.8499525189399719
data/raw/osu_lora/Diff_Days_Indoor_Setup/Day5/Device6/IQ_1.dat,23,1803177,5,6,0,test,diff_days_indoor,5,0,0,0,0,0,0.5137136578559875
data/raw/osu_lora/Diff_Days_Indoor_Setup/Day5/Device6/IQ_1.dat,24,1881576,5,5,1,test,diff_days_indoor,5,0,0,0,0,0,0.8234285712242126
data/raw/osu_lora/Diff_Days_Indoor_Setup/Day5/Device6/IQ_1.dat,25,1959975,5,6,0,test,diff_days_indoor,5,0,0,0,0,0,0.7542483806610107
data/raw/osu_lora/Diff_Days_Indoor_Setup/Day5/Device6/IQ_1.dat,26,2038374,5,5,1,test,diff_days_indoor,5,0,0,0,0,0,0.5157447457313538
data/raw/osu_lora/Diff_Days_Indoor_Setup/Day5/Device6/IQ_1.dat,27,2116773,5,5,1,test,diff_days_indoor,5,0,0,0,0,0,0.6036421060562134
data/raw/osu_lora/Diff_Days_Indoor_Setup/Day5/Device6/IQ_1.dat,28,2195172,5,5,1,test,diff_days_indoor,5,0,0,0,0,0,0.7481604814529419
data/raw/osu_lora/Diff_Days_Indoor_Setup/Day5/Device6/IQ_1.dat,29,2273571,5,5,1,test,diff_days_indoor,5,0,0,0,0,0,0.5065679550170898
data/raw/osu_lora/Diff_Days_Indoor_Setup/Day5/Device6/IQ_1.dat,30,2351970,5,6,0,test,diff_days_indoor,5,0,0,0,0,0,0.6851081252098083
data/raw/osu_lora/Diff_Days_Indoor_Setup/Day5/Device6/IQ_1.dat,31,2430369,5,6,0,test,diff_days_indoor,5,0,0,0,0,0,0.6053223609924316
data/raw/osu_lora/Diff_Days_Indoor_Setup/Day5/Device6/IQ_1.dat,32,2508768,5,5,1,test,diff_days_indoor,5,0,0,0,0,0,0.4984564781188965
data/raw/osu_lora/Diff_Days_Indoor_Setup/Day5/Device6/IQ_1.dat,33,2587167,5,6,0,test,diff_days_indoor,5,0,0,0,0,0,0.7070927619934082
data/raw/osu_lora/Diff_Days_Indoor_Setup/Day5/Device6/IQ_1.dat,34,2665566,5,6,0,test,diff_days_indoor,5,0,0,0,0,0,0.6107616424560547
data/raw/osu_lora/Diff_Days_Indoor_Setup/Day5/Device6/IQ_1.dat,35,2743965,5,6,0,test,diff_days_indoor,5,0,0,0,0,0,0.8158634305000305
data/raw/osu_lora/Diff_Days_Indoor_Setup/Day5/Device6/IQ_1.dat,36,2822364,5,5,1,test,diff_days_indoor,5,0,0,0,0,0,0.5110517144203186
data/raw/osu_lora/Diff_Days_Indoor_Setup/Day5/Device6/IQ_1.dat,37,2900763,5,6,0,test,diff_days_indoor,5,0,0,0,0,0,0.8652946949005127
data/raw/osu_lora/Diff_Days_Indoor_Setup/Day5/Device6/IQ_1.dat,38,2979162,5,20,0,test,diff_days_indoor,5,0,0,0,0,0,0.5985553860664368
data/raw/osu_lora/Diff_Days_Indoor_Setup/Day5/Device6/IQ_1.dat,39,3057561,5,6,0,test,diff_days_indoor,5,0,0,0,0,0,0.8043975234031677
data/raw/osu_lora/Diff_Days_Indoor_Setup/Day5/Device6/IQ_1.dat,40,3135960,5,6,0,test,diff_days_indoor,5,0,0,0,0,0,0.6195684671401978
data/raw/osu_lora/Diff_Days_Indoor_Setup/Day5/Device6/IQ_1.dat,41,3214359,5,5,1,test,diff_days_indoor,5,0,0,0,0,0,0.8244040608406067
data/raw/osu_lora/Diff_Days_Indoor_Setup/Day5/Device6/IQ_1.dat,42,3292758,5,6,0,test,diff_days_indoor,5,0,0,0,0,0,0.49062666296958923
data/raw/osu_lora/Diff_Days_Indoor_Setup/Day5/Device6/IQ_1.dat,43,3371157,5,6,0,test,diff_days_indoor,5,0,0,0,0,0,0.7729877233505249
data/raw/osu_lora/Diff_Days_Indoor_Setup/Day5/Device6/IQ_1.dat,44,3449556,5,6,0,test,diff_days_indoor,5,0,0,0,0,0,0.7578428983688354
data/raw/osu_lora/Diff_Days_Indoor_Setup/Day5/Device6/IQ_1.dat,45,3527955,5,6,0,test,diff_days_indoor,5,0,0,0,0,0,0.726559579372406
data/raw/osu_lora/Diff_Days_Indoor_Setup/Day5/Device6/IQ_1.dat,46,3606354,5,5,1,test,diff_days_indoor,5,0,0,0,0,0,0.9015278816223145
data/raw/osu_lora/Diff_Days_Indoor_Setup/Day5/Device6/IQ_1.dat,47,3684753,5,5,1,test,diff_days_indoor,5,0,0,0,0,0,0.7895914912223816
data/raw/osu_lora/Diff_Days_Indoor_Setup/Day5/Device6/IQ_1.dat,48,3763152,5,5,1,test,diff_days_indoor,5,0,0,0,0,0,0.837328314781189
data/raw/osu_lora/Diff_Days_Indoor_Setup/Day5/Device6/IQ_1.dat,49,3841551,5,5,1,test,diff_days_indoor,5,0,0,0,0,0,0.890263557434082
data/raw/osu_lora/Diff_Days_Indoor_Setup/Day5/Device6/IQ_1.dat,50,3919950,5,5,1,test,diff_days_indoor,5,0,0,0,0,0,0.5735123157501221
data/raw/osu_lora/Diff_Days_Indoor_Setup/Day5/Device6/IQ_1.dat,51,3998349,5,6,0,test,diff_days_indoor,5,0,0,0,0,0,0.553860068321228
data/raw/osu_lora/Diff_Days_Indoor_Setup/Day5/Device6/IQ_1.dat,52,4076748,5,5,1,test,diff_days_indoor,5,0,0,0,0,0,0.7522504329681396
data/raw/osu_lora/Diff_Days_Indoor_Setup/Day5/Device6/IQ_1.dat,53,4155147,5,6,0,test,diff_days_indoor,5,0,0,0,0,0,0.7950687408447266
data/raw/osu_lora/Diff_Days_Indoor_Setup/Day5/Device6/IQ_1.dat,54,4233546,5,5,1,test,diff_days_indoor,5,0,0,0,0,0,0.5348772406578064
data/raw/osu_lora/Diff_Days_Indoor_Setup/Day5/Device6/IQ_1.dat,55,4311945,5,5,1,test,diff_days_indoor,5,0,0,0,0,0,0.9104389548301697
data/raw/osu_lora/Diff_Days_Indoor_Setup/Day5/Device6/IQ_1.dat,56,4390344,5,19,0,test,diff_days_indoor,5,0,0,0,0,0,0.49379539489746094
data/raw/osu_lora/Diff_Days_Indoor_Setup/Day5/Device6/IQ_1.dat,57,4468743,5,5,1,test,diff_days_indoor,5,0,0,0,0,0,0.7466788291931152
data/raw/osu_lora/Diff_Days_Indoor_Setup/Day5/Device6/IQ_1.dat,58,4547142,5,5,1,test,diff_days_indoor,5,0,0,0,0,0,0.8882057070732117
data/raw/osu_lora/Diff_Days_Indoor_Setup/Day5/Device6/IQ_1.dat,59,4625541,5,5,1,test,diff_days_indoor,5,0,0,0,0,0,0.8447344899177551
data/raw/osu_lora/Diff_Days_Indoor_Setup/Day5/Device6/IQ_1.dat,60,4703940,5,5,1,test,diff_days_indoor,5,0,0,0,0,0,0.651425838470459
data/raw/osu_lora/Diff_Days_Indoor_Setup/Day5/Device6/IQ_1.dat,61,4782339,5,5,1,test,diff_days_indoor,5,0,0,0,0,0,0.5360806584358215
data/raw/osu_lora/Diff_Days_Indoor_Setup/Day5/Device6/IQ_1.dat,62,4860738,5,6,0,test,diff_days_indoor,5,0,0,0,0,0,0.5054823160171509
data/raw/osu_lora/Diff_Days_Indoor_Setup/Day5/Device6/IQ_1.dat,63,4939137,5,6,0,test,diff_days_indoor,5,0,0,0,0,0,0.7199342250823975
data/raw/osu_lora/Diff_Days_Indoor_Setup/Day5/Device6/IQ_1.dat,64,5017536,5,6,0,test,diff_days_indoor,5,0,0,0,0,0,0.5877184271812439
data/raw/osu_lora/Diff_Days_Indoor_Setup/Day5/Device6/IQ_1.dat,65,5095935,5,6,0,test,diff_days_indoor,5,0,0,0,0,0,0.8238369822502136
data/raw/osu_lora/Diff_Days_Indoor_Setup/Day5/Device6/IQ_1.dat,66,5174334,5,5,1,test,diff_days_indoor,5,0,0,0,0,0,0.7520148158073425
data/raw/osu_lora/Diff_Days_Indoor_Setup/Day5/Device6/IQ_1.dat,67,5252733,5,5,1,test,diff_days_indoor,5,0,0,0,0,0,0.645338773727417
data/raw/osu_lora/Diff_Days_Indoor_Setup/Day5/Device6/IQ_1.dat,68,5331132,5,6,0,test,diff_days_indoor,5,0,0,0,0,0,0.6421946287155151
data/raw/osu_lora/Diff_Days_Indoor_Setup/Day5/Device6/IQ_1.dat,69,5409531,5,5,1,test,diff_days_indoor,5,0,0,0,0,0,0.6344473361968994
data/raw/osu_lora/Diff_Days_Indoor_Setup/Day5/Device6/IQ_1.dat,70,5487930,5,5,1,test,diff_days_indoor,5,0,0,0,0,0,0.5420272946357727
data/raw/osu_lora/Diff_Days_Indoor_Setup/Day5/Device6/IQ_1.dat,71,5566329,5,6,0,test,diff_days_indoor,5,0,0,0,0,0,0.7110769748687744
data/raw/osu_lora/Diff_Days_Indoor_Setup/Day5/Device6/IQ_1.dat,72,5644728,5,5,1,test,diff_days_indoor,5,0,0,0,0,0,0.588210940361023
data/raw/osu_lora/Diff_Days_Indoor_Setup/Day5/Device6/IQ_1.dat,73,5723127,5,5,1,test,diff_days_indoor,5,0,0,0,0,0,0.7964207530021667
data/raw/osu_lora/Diff_Days_Indoor_Setup/Day5/Device6/IQ_1.dat,74,5801526,5,5,1,test,diff_days_indoor,5,0,0,0,0,0,0.5105957388877869
data/raw/osu_lora/Diff_Days_Indoor_Setup/Day5/Device6/IQ_1.dat,75,5879925,5,5,1,test,diff_days_indoor,5,0,0,0,0,0,0.5845003724098206
data/raw/osu_lora/Diff_Days_Indoor_Setup/Day5/Device6/IQ_1.dat,76,5958324,5,6,0,test,diff_days_indoor,5,0,0,0,0,0,0.468428373336792
data/raw/osu_lora/Diff_Days_Indoor_Setup/Day5/Device6/IQ_1.dat,77,6036723,5,5,1,test,diff_days_indoor,5,0,0,0,0,0,0.9324856996536255
data/raw/osu_lora/Diff_Days_Indoor_Setup/Day5/Device6/IQ_1.dat,78,6115122,5,5,1,test,diff_days_indoor,5,0,0,0,0,0,0.7907776236534119
data/raw/osu_lora/Diff_Days_Indoor_Setup/Day5/Device6/IQ_1.dat,79,6193521,5,5,1,test,diff_days_indoor,5,0,0,0,0,0,0.7866584658622742
data/raw/osu_lora/Diff_Days_Indoor_Setup/Day5/Device6/IQ_1.dat,80,6271920,5,5,1,test,diff_days_indoor,5,0,0,0,0,0,0.6488965749740601
data/raw/osu_lora/Diff_Days_Indoor_Setup/Day5/Device6/IQ_1.dat,81,6350319,5,5,1,test,diff_days_indoor,5,0,0,0,0,0,0.8822550177574158
data/raw/osu_lora/Diff_Days_Indoor_Setup/Day5/Device6/IQ_1.dat,82,6428718,5,6,0,test,diff_days_indoor,5,0,0,0,0,0,0.656786322593689
data/raw/osu_lora/Diff_Days_Indoor_Setup/Day5/Device6/IQ_1.dat,83,6507117,5,5,1,test,diff_days_indoor,5,0,0,0,0,0,0.8132258057594299
data/raw/osu_lora/Diff_Days_Indoor_Setup/Day5/Device6/IQ_1.dat,84,6585516,5,6,0,test,diff_days_indoor,5,0,0,0,0,0,0.724950909614563
data/raw/osu_lora/Diff_Days_Indoor_Setup/Day5/Device6/IQ_1.dat,85,6663915,5,6,0,test,diff_days_indoor,5,0,0,0,0,0,0.7287510633468628
data/raw/osu_lora/Diff_Days_Indoor_Setup/Day5/Device6/IQ_1.dat,86,6742314,5,5,1,test,diff_days_indoor,5,0,0,0,0,0,0.5227687954902649
data/raw/osu_lora/Diff_Days_Indoor_Setup/Day5/Device6/IQ_1.dat,87,6820713,5,5,1,test,diff_days_indoor,5,0,0,0,0,0,0.5813665986061096
data/raw/osu_lora/Diff_Days_Indoor_Setup/Day5/Device6/IQ_1.dat,88,6899112,5,6,0,test,diff_days_indoor,5,0,0,0,0,0,0.5079249143600464
data/raw/osu_lora/Diff_Days_Indoor_Setup/Day5/Device6/IQ_1.dat,89,6977511,5,5,1,test,diff_days_indoor,5,0,0,0,0,0,0.4863802492618561
data/raw/osu_lora/Diff_Days_Indoor_Setup/Day5/Device6/IQ_1.dat,90,7055910,5,5,1,test,diff_days_indoor,5,0,0,0,0,0,0.6033955812454224
data/raw/osu_lora/Diff_Days_Indoor_Setup/Day5/Device6/IQ_1.dat,91,7134309,5,5,1,test,diff_days_indoor,5,0,0,0,0,0,0.6549251675605774
data/raw/osu_lora/Diff_Days_Indoor_Setup/Day5/Device6/IQ_1.dat,92,7212708,5,5,1,test,diff_days_indoor,5,0,0,0,0,0,0.45589274168014526
data/raw/osu_lora/Diff_Days_Indoor_Setup/Day5/Device6/IQ_1.dat,93,7291107,5,5,1,test,diff_days_indoor,5,0,0,0,0,0,0.9237974286079407
data/raw/osu_lora/Diff_Days_Indoor_Setup/Day5/Device6/IQ_1.dat,94,7369506,5,5,1,test,diff_days_indoor,5,0,0,0,0,0,0.893563985824585
data/raw/osu_lora/Diff_Days_Indoor_Setup/Day5/Device6/IQ_1.dat,95,7447905,5,5,1,test,diff_days_indoor,5,0,0,0,0,0,0.9079403281211853
data/raw/osu_lora/Diff_Days_Indoor_Setup/Day5/Device6/IQ_1.dat,96,7526304,5,19,0,test,diff_days_indoor,5,0,0,0,0,0,0.5481025576591492
data/raw/osu_lora/Diff_Days_Indoor_Setup/Day5/Device6/IQ_1.dat,97,7604703,5,6,0,test,diff_days_indoor,5,0,0,0,0,0,0.8487286567687988
data/raw/osu_lora/Diff_Days_Indoor_Setup/Day5/Device6/IQ_1.dat,98,7683102,5,6,0,test,diff_days_indoor,5,0,0,0,0,0,0.7030509114265442
data/raw/osu_lora/Diff_Days_Indoor_Setup/Day5/Device6/IQ_1.dat,99,7761501,5,5,1,test,diff_days_indoor,5,0,0,0,0,0,0.7167404294013977
data/raw/osu_lora/Diff_Days_Indoor_Setup/Day5/Device6/IQ_1.dat,100,7839900,5,5,1,test,diff_days_indoor,5,0,0,0,0,0,0.6947858333587646
data/raw/osu_lora/Diff_Days_Indoor_Setup/Day5/Device6/IQ_1.dat,101,7918299,5,6,0,test,diff_days_indoor,5,0,0,0,0,0,0.670652449131012
data/raw/osu_lora/Diff_Days_Indoor_Setup/Day5/Device6/IQ_1.dat,102,7996698,5,6,0,test,diff_days_indoor,5,0,0,0,0,0,0.7827869057655334
data/raw/osu_lora/Diff_Days_Indoor_Setup/Day5/Device6/IQ_1.dat,103,8075097,5,5,1,test,diff_days_indoor,5,0,0,0,0,0,0.7501412630081177
data/raw/osu_lora/Diff_Days_Indoor_Setup/Day5/Device6/IQ_1.dat,104,8153496,5,5,1,test,diff_days_indoor,5,0,0,0,0,0,0.739647626876831
data/raw/osu_lora/Diff_Days_Indoor_Setup/Day5/Device6/IQ_1.dat,105,8231895,5,6,0,test,diff_days_indoor,5,0,0,0,0,0,0.6289430856704712
data/raw/osu_lora/Diff_Days_Indoor_Setup/Day5/Device6/IQ_1.dat,106,8310294,5,5,1,test,diff_days_indoor,5,0,0,0,0,0,0.8586061596870422
data/raw/osu_lora/Diff_Days_Indoor_Setup/Day5/Device6/IQ_1.dat,107,8388693,5,6,0,test,diff_days_indoor,5,0,0,0,0,0,0.6709116101264954
data/raw/osu_lora/Diff_Days_Indoor_Setup/Day5/Device6/IQ_1.dat,108,8467092,5,5,1,test,diff_days_indoor,5,0,0,0,0,0,0.9334919452667236
data/raw/osu_lora/Diff_Days_Indoor_Setup/Day5/Device6/IQ_1.dat,109,8545491,5,5,1,test,diff_days_indoor,5,0,0,0,0,0,0.8668755292892456
data/raw/osu_lora/Diff_Days_Indoor_Setup/Day5/Device6/IQ_1.dat,110,8623890,5,6,0,test,diff_days_indoor,5,0,0,0,0,0,0.5266950130462646
data/raw/osu_lora/Diff_Days_Indoor_Setup/Day5/Device6/IQ_1.dat,111,8702289,5,6,0,test,diff_days_indoor,5,0,0,0,0,0,0.7967848181724548
data/raw/osu_lora/Diff_Days_Indoor_Setup/Day5/Device6/IQ_1.dat,112,8780688,5,5,1,test,diff_days_indoor,5,0,0,0,0,0,0.8566739559173584
data/raw/osu_lora/Diff_Days_Indoor_Setup/Day5/Device6/IQ_1.dat,113,8859087,5,5,1,test,diff_days_indoor,5,0,0,0,0,0,0.928842306137085
data/raw/osu_lora/Diff_Days_Indoor_Setup/Day5/Device6/IQ_1.dat,114,8937486,5,5,1,test,diff_days_indoor,5,0,0,0,0,0,0.8877076506614685
data/raw/osu_lora/Diff_Days_Indoor_Setup/Day5/Device6/IQ_1.dat,115,9015885,5,5,1,test,diff_days_indoor,5,0,0,0,0,0,0.8215448260307312
data/raw/osu_lora/Diff_Days_Indoor_Setup/Day5/Device6/IQ_1.dat,116,9094284,5,5,1,test,diff_days_indoor,5,0,0,0,0,0,0.7890729904174805
data/raw/osu_lora/Diff_Days_Indoor_Setup/Day5/Device6/IQ_1.dat,117,9172683,5,19,0,test,diff_days_indoor,5,0,0,0,0,0,0.5587656497955322
data/raw/osu_lora/Diff_Days_Indoor_Setup/Day5/Device6/IQ_1.dat,118,9251082,5,6,0,test,diff_days_indoor,5,0,0,0,0,0,0.7370595335960388
data/raw/osu_lora/Diff_Days_Indoor_Setup/Day5/Device6/IQ_1.dat,119,9329481,5,5,1,test,diff_days_indoor,5,0,0,0,0,0,0.7225242853164673
data/raw/osu_lora/Diff_Days_Indoor_Setup/Day5/Device6/IQ_1.dat,120,9407880,5,5,1,test,diff_days_indoor,5,0,0,0,0,0,0.7805880308151245
data/raw/osu_lora/Diff_Days_Indoor_Setup/Day5/Device6/IQ_1.dat,121,9486279,5,5,1,test,diff_days_indoor,5,0,0,0,0,0,0.7289833426475525
data/raw/osu_lora/Diff_Days_Indoor_Setup/Day5/Device6/IQ_1.dat,122,9564678,5,6,0,test,diff_days_indoor,5,0,0,0,0,0,0.6651527881622314
data/raw/osu_lora/Diff_Days_Indoor_Setup/Day5/Device6/IQ_1.dat,123,9643077,5,5,1,test,diff_days_indoor,5,0,0,0,0,0,0.6083129644393921
data/raw/osu_lora/Diff_Days_Indoor_Setup/Day5/Device6/IQ_1.dat,124,9721476,5,6,0,test,diff_days_indoor,5,0,0,0,0,0,0.6511068344116211
data/raw/osu_lora/Diff_Days_Indoor_Setup/Day5/Device6/IQ_1.dat,125,9799875,5,5,1,test,diff_days_indoor,5,0,0,0,0,0,0.9107650518417358
data/raw/osu_lora/Diff_Days_Indoor_Setup/Day5/Device6/IQ_1.dat,126,9878274,5,5,1,test,diff_days_indoor,5,0,0,0,0,0,0.7326812744140625
data/raw/osu_lora/Diff_Days_Indoor_Setup/Day5/Device6/IQ_1.dat,127,9956673,5,5,1,test,diff_days_indoor,5,0,0,0,0,0,0.8227390646934509
data/raw/osu_lora/Diff_Days_Indoor_Setup/Day5/Device6/IQ_1.dat,128,10035072,5,5,1,test,diff_days_indoor,5,0,0,0,0,0,0.8982398509979248
data/raw/osu_lora/Diff_Days_Indoor_Setup/Day5/Device6/IQ_1.dat,129,10113471,5,6,0,test,diff_days_indoor,5,0,0,0,0,0,0.6834030151367188
data/raw/osu_lora/Diff_Days_Indoor_Setup/Day5/Device6/IQ_1.dat,130,10191870,5,6,0,test,diff_days_indoor,5,0,0,0,0,0,0.6935809254646301
data/raw/osu_lora/Diff_Days_Indoor_Setup/Day5/Device6/IQ_1.dat,131,10270269,5,5,1,test,diff_days_indoor,5,0,0,0,0,0,0.6013880372047424
data/raw/osu_lora/Diff_Days_Indoor_Setup/Day5/Device6/IQ_1.dat,132,10348668,5,5,1,test,diff_days_indoor,5,0,0,0,0,0,0.658903956413269
data/raw/osu_lora/Diff_Days_Indoor_Setup/Day5/Device6/IQ_1.dat,133,10427067,5,6,0,test,diff_days_indoor,5,0,0,0,0,0,0.6978681087493896
data/raw/osu_lora/Diff_Days_Indoor_Setup/Day5/Device6/IQ_1.dat,134,10505466,5,6,0,test,diff_days_indoor,5,0,0,0,0,0,0.6265148520469666
data/raw/osu_lora/Diff_Days_Indoor_Setup/Day5/Device6/IQ_1.dat,135,10583865,5,6,0,test,diff_days_indoor,5,0,0,0,0,0,0.7769328355789185
data/raw/osu_lora/Diff_Days_Indoor_Setup/Day5/Device6/IQ_1.dat,136,10662264,5,5,1,test,diff_days_indoor,5,0,0,0,0,0,0.7040113806724548
data/raw/osu_lora/Diff_Days_Indoor_Setup/Day5/Device6/IQ_1.dat,137,10740663,5,6,0,test,diff_days_indoor,5,0,0,0,0,0,0.7524551153182983
data/raw/osu_lora/Diff_Days_Indoor_Setup/Day5/Device6/IQ_1.dat,138,10819062,5,8,0,test,diff_days_indoor,5,0,0,0,0,0,0.52460777759552
data/raw/osu_lora/Diff_Days_Indoor_Setup/Day5/Device6/IQ_1.dat,139,10897461,5,5,1,test,diff_days_indoor,5,0,0,0,0,0,0.7993136644363403
data/raw/osu_lora/Diff_Days_Indoor_Setup/Day5/Device6/IQ_1.dat,140,10975860,5,5,1,test,diff_days_indoor,5,0,0,0,0,0,0.8281124830245972
data/raw/osu_lora/Diff_Days_Indoor_Setup/Day5/Device6/IQ_1.dat,141,11054259,5,5,1,test,diff_days_indoor,5,0,0,0,0,0,0.5900631546974182
data/raw/osu_lora/Diff_Days_Indoor_Setup/Day5/Device6/IQ_1.dat,142,11132658,5,5,1,test,diff_days_indoor,5,0,0,0,0,0,0.6957833170890808
data/raw/osu_lora/Diff_Days_Indoor_Setup/Day5/Device6/IQ_1.dat,143,11211057,5,5,1,test,diff_days_indoor,5,0,0,0,0,0,0.7534888386726379
data/raw/osu_lora/Diff_Days_Indoor_Setup/Day5/Device6/IQ_1.dat,144,11289456,5,5,1,test,diff_days_indoor,5,0,0,0,0,0,0.5794690847396851
data/raw/osu_lora/Diff_Days_Indoor_Setup/Day5/Device6/IQ_1.dat,145,11367855,5,5,1,test,diff_days_indoor,5,0,0,0,0,0,0.6973802447319031
data/raw/osu_lora/Diff_Days_Indoor_Setup/Day5/Device6/IQ_1.dat,146,11446254,5,5,1,test,diff_days_indoor,5,0,0,0,0,0,0.7850130200386047
data/raw/osu_lora/Diff_Days_Indoor_Setup/Day5/Device6/IQ_1.dat,147,11524653,5,5,1,test,diff_days_indoor,5,0,0,0,0,0,0.6767953634262085
data/raw/osu_lora/Diff_Days_Indoor_Setup/Day5/Device6/IQ_1.dat,148,11603052,5,5,1,test,diff_days_indoor,5,0,0,0,0,0,0.6840036511421204
data/raw/osu_lora/Diff_Days_Indoor_Setup/Day5/Device6/IQ_1.dat,149,11681451,5,5,1,test,diff_days_indoor,5,0,0,0,0,0,0.22987455129623413
data/raw/osu_lora/Diff_Days_Indoor_Setup/Day5/Device6/IQ_1.dat,150,11759850,5,6,0,test,diff_days_indoor,5,0,0,0,0,0,0.7875035405158997
data/raw/osu_lora/Diff_Days_Indoor_Setup/Day5/Device6/IQ_1.dat,151,11838249,5,5,1,test,diff_days_indoor,5,0,0,0,0,0,0.9476299285888672
data/raw/osu_lora/Diff_Days_Indoor_Setup/Day5/Device6/IQ_1.dat,152,11916648,5,5,1,test,diff_days_indoor,5,0,0,0,0,0,0.6748329997062683
data/raw/osu_lora/Diff_Days_Indoor_Setup/Day5/Device6/IQ_1.dat,153,11995047,5,6,0,test,diff_days_indoor,5,0,0,0,0,0,0.5884499549865723
data/raw/osu_lora/Diff_Days_Indoor_Setup/Day5/Device6/IQ_1.dat,154,12073446,5,5,1,test,diff_days_indoor,5,0,0,0,0,0,0.8487294912338257
data/raw/osu_lora/Diff_Days_Indoor_Setup/Day5/Device6/IQ_1.dat,155,12151845,5,5,1,test,diff_days_indoor,5,0,0,0,0,0,0.820068895816803
data/raw/osu_lora/Diff_Days_Indoor_Setup/Day5/Device6/IQ_1.dat,156,12230244,5,5,1,test,diff_days_indoor,5,0,0,0,0,0,0.8369895219802856
data/raw/osu_lora/Diff_Days_Indoor_Setup/Day5/Device6/IQ_1.dat,157,12308643,5,6,0,test,diff_days_indoor,5,0,0,0,0,0,0.8052343726158142
data/raw/osu_lora/Diff_Days_Indoor_Setup/Day5/Device6/IQ_1.dat,158,12387042,5,6,0,test,diff_days_indoor,5,0,0,0,0,0,0.8458300828933716
data/raw/osu_lora/Diff_Days_Indoor_Setup/Day5/Device6/IQ_1.dat,159,12465441,5,6,0,test,diff_days_indoor,5,0,0,0,0,0,0.9070475697517395
data/raw/osu_lora/Diff_Days_Indoor_Setup/Day5/Device6/IQ_1.dat,160,12543840,5,6,0,test,diff_days_indoor,5,0,0,0,0,0,0.5825150012969971
data/raw/osu_lora/Diff_Days_Indoor_Setup/Day5/Device6/IQ_1.dat,161,12622239,5,5,1,test,diff_days_indoor,5,0,0,0,0,0,0.7223494648933411
data/raw/osu_lora/Diff_Days_Indoor_Setup/Day5/Device6/IQ_1.dat,162,12700638,5,5,1,test,diff_days_indoor,5,0,0,0,0,0,0.6347840428352356
data/raw/osu_lora/Diff_Days_Indoor_Setup/Day5/Device6/IQ_1.dat,163,12779037,5,5,1,test,diff_days_indoor,5,0,0,0,0,0,0.5210477113723755
data/raw/osu_lora/Diff_Days_Indoor_Setup/Day5/Device6/IQ_1.dat,164,12857436,5,5,1,test,diff_days_indoor,5,0,0,0,0,0,0.8547490239143372
data/raw/osu_lora/Diff_Days_Indoor_Setup/Day5/Device6/IQ_1.dat,165,12935835,5,5,1,test,diff_days_indoor,5,0,0,0,0,0,0.5622016787528992
data/raw/osu_lora/Diff_Days_Indoor_Setup/Day5/Device6/IQ_1.dat,166,13014234,5,6,0,test,diff_days_indoor,5,0,0,0,0,0,0.5204991698265076
data/raw/osu_lora/Diff_Days_Indoor_Setup/Day5/Device6/IQ_1.dat,167,13092633,5,5,1,test,diff_days_indoor,5,0,0,0,0,0,0.8112909197807312
data/raw/osu_lora/Diff_Days_Indoor_Setup/Day5/Device6/IQ_1.dat,168,13171032,5,5,1,test,diff_days_indoor,5,0,0,0,0,0,0.7143387794494629
data/raw/osu_lora/Diff_Days_Indoor_Setup/Day5/Device6/IQ_1.dat,169,13249431,5,5,1,test,diff_days_indoor,5,0,0,0,0,0,0.6444159150123596
data/raw/osu_lora/Diff_Days_Indoor_Setup/Day5/Device6/IQ_1.dat,170,13327830,5,5,1,test,diff_days_indoor,5,0,0,0,0,0,0.6930438280105591
data/raw/osu_lora/Diff_Days_Indoor_Setup/Day5/Device6/IQ_1.dat,171,13406229,5,5,1,test,diff_days_indoor,5,0,0,0,0,0,0.9000337719917297
data/raw/osu_lora/Diff_Days_Indoor_Setup/Day5/Device6/IQ_1.dat,172,13484628,5,5,1,test,diff_days_indoor,5,0,0,0,0,0,0.8074440360069275
data/raw/osu_lora/Diff_Days_Indoor_Setup/Day5/Device6/IQ_1.dat,173,13563027,5,5,1,test,diff_days_indoor,5,0,0,0,0,0,0.6280612945556641
data/raw/osu_lora/Diff_Days_Indoor_Setup/Day5/Device6/IQ_1.dat,174,13641426,5,5,1,test,diff_days_indoor,5,0,0,0,0,0,0.8815107345581055
data/raw/osu_lora/Diff_Days_Indoor_Setup/Day5/Device6/IQ_1.dat,175,13719825,5,5,1,test,diff_days_indoor,5,0,0,0,0,0,0.919438362121582
data/raw/osu_lora/Diff_Days_Indoor_Setup/Day5/Device6/IQ_1.dat,176,13798224,5,5,1,test,diff_days_indoor,5,0,0,0,0,0,0.7025739550590515
data/raw/osu_lora/Diff_Days_Indoor_Setup/Day5/Device6/IQ_1.dat,177,13876623,5,5,1,test,diff_days_indoor,5,0,0,0,0,0,0.9256588816642761
data/raw/osu_lora/Diff_Days_Indoor_Setup/Day5/Device6/IQ_1.dat,178,13955022,5,5,1,test,diff_days_indoor,5,0,0,0,0,0,0.8703351020812988
data/raw/osu_lora/Diff_Days_Indoor_Setup/Day5/Device6/IQ_1.dat,179,14033421,5,19,0,test,diff_days_indoor,5,0,0,0,0,0,0.7358590960502625
data/raw/osu_lora/Diff_Days_Indoor_Setup/Day5/Device6/IQ_1.dat,180,14111820,5,5,1,test,diff_days_indoor,5,0,0,0,0,0,0.7292124629020691
data/raw/osu_lora/Diff_Days_Indoor_Setup/Day5/Device6/IQ_1.dat,181,14190219,5,5,1,test,diff_days_indoor,5,0,0,0,0,0,0.8631010055541992
data/raw/osu_lora/Diff_Days_Indoor_Setup/Day5/Device6/IQ_1.dat,182,14268618,5,5,1,test,diff_days_indoor,5,0,0,0,0,0,0.894049882888794
data/raw/osu_lora/Diff_Days_Indoor_Setup/Day5/Device6/IQ_1.dat,183,14347017,5,5,1,test,diff_days_indoor,5,0,0,0,0,0,0.7131366729736328
data/raw/osu_lora/Diff_Days_Indoor_Setup/Day5/Device6/IQ_1.dat,184,14425416,5,6,0,test,diff_days_indoor,5,0,0,0,0,0,0.5083034634590149
data/raw/osu_lora/Diff_Days_Indoor_Setup/Day5/Device6/IQ_1.dat,185,14503815,5,5,1,test,diff_days_indoor,5,0,0,0,0,0,0.6554338335990906
data/raw/osu_lora/Diff_Days_Indoor_Setup/Day5/Device6/IQ_1.dat,186,14582214,5,5,1,test,diff_days_indoor,5,0,0,0,0,0,0.8238840103149414
data/raw/osu_lora/Diff_Days_Indoor_Setup/Day5/Device6/IQ_1.dat,187,14660613,5,5,1,test,diff_days_indoor,5,0,0,0,0,0,0.8873875141143799
data/raw/osu_lora/Diff_Days_Indoor_Setup/Day5/Device6/IQ_1.dat,188,14739012,5,6,0,test,diff_days_indoor,5,0,0,0,0,0,0.6656021475791931
data/raw/osu_lora/Diff_Days_Indoor_Setup/Day5/Device6/IQ_1.dat,189,14817411,5,6,0,test,diff_days_indoor,5,0,0,0,0,0,0.5418028831481934
data/raw/osu_lora/Diff_Days_Indoor_Setup/Day5/Device6/IQ_1.dat,190,14895810,5,5,1,test,diff_days_indoor,5,0,0,0,0,0,0.44667327404022217
data/raw/osu_lora/Diff_Days_Indoor_Setup/Day5/Device6/IQ_1.dat,191,14974209,5,6,0,test,diff_days_indoor,5,0,0,0,0,0,0.5744438767433167
data/raw/osu_lora/Diff_Days_Indoor_Setup/Day5/Device6/IQ_1.dat,192,15052608,5,6,0,test,diff_days_indoor,5,0,0,0,0,0,0.6951526403427124
data/raw/osu_lora/Diff_Days_Indoor_Setup/Day5/Device6/IQ_1.dat,193,15131007,5,5,1,test,diff_days_indoor,5,0,0,0,0,0,0.7928760051727295
data/raw/osu_lora/Diff_Days_Indoor_Setup/Day5/Device6/IQ_1.dat,194,15209406,5,5,1,test,diff_days_indoor,5,0,0,0,0,0,0.9000940918922424
data/raw/osu_lora/Diff_Days_Indoor_Setup/Day5/Device6/IQ_1.dat,195,15287805,5,5,1,test,diff_days_indoor,5,0,0,0,0,0,0.778556764125824
data/raw/osu_lora/Diff_Days_Indoor_Setup/Day5/Device6/IQ_1.dat,196,15366204,5,6,0,test,diff_days_indoor,5,0,0,0,0,0,0.621088981628418
data/raw/osu_lora/Diff_Days_Indoor_Setup/Day5/Device6/IQ_1.dat,197,15444603,5,5,1,test,diff_days_indoor,5,0,0,0,0,0,0.5812609195709229
data/raw/osu_lora/Diff_Days_Indoor_Setup/Day5/Device6/IQ_1.dat,198,15523002,5,5,1,test,diff_days_indoor,5,0,0,0,0,0,0.5740044116973877
data/raw/osu_lora/Diff_Days_Indoor_Setup/Day5/Device6/IQ_1.dat,199,15601401,5,5,1,test,diff_days_indoor,5,0,0,0,0,0,0.8691138625144958
data/raw/osu_lora/Diff_Days_Indoor_Setup/Day5/Device6/IQ_1.dat,200,15679800,5,5,1,test,diff_days_indoor,5,0,0,0,0,0,0.6847352385520935
data/raw/osu_lora/Diff_Days_Indoor_Setup/Day5/Device6/IQ_1.dat,201,15758199,5,5,1,test,diff_days_indoor,5,0,0,0,0,0,0.8255220055580139
data/raw/osu_lora/Diff_Days_Indoor_Setup/Day5/Device6/IQ_1.dat,202,15836598,5,5,1,test,diff_days_indoor,5,0,0,0,0,0,0.6221974492073059
data/raw/osu_lora/Diff_Days_Indoor_Setup/Day5/Device6/IQ_1.dat,203,15914997,5,5,1,test,diff_days_indoor,5,0,0,0,0,0,0.8467627167701721
data/raw/osu_lora/Diff_Days_Indoor_Setup/Day5/Device6/IQ_1.dat,204,15993396,5,6,0,test,diff_days_indoor,5,0,0,0,0,0,0.8846611380577087
data/raw/osu_lora/Diff_Days_Indoor_Setup/Day5/Device6/IQ_1.dat,205,16071795,5,6,0,test,diff_days_indoor,5,0,0,0,0,0,0.9074987173080444
data/raw/osu_lora/Diff_Days_Indoor_Setup/Day5/Device6/IQ_1.dat,206,16150194,5,6,0,test,diff_days_indoor,5,0,0,0,0,0,0.44721630215644836
data/raw/osu_lora/Diff_Days_Indoor_Setup/Day5/Device6/IQ_1.dat,207,16228593,5,5,1,test,diff_days_indoor,5,0,0,0,0,0,0.6080942749977112
data/raw/osu_lora/Diff_Days_Indoor_Setup/Day5/Device6/IQ_1.dat,208,16306992,5,6,0,test,diff_days_indoor,5,0,0,0,0,0,0.7658475041389465
data/raw/osu_lora/Diff_Days_Indoor_Setup/Day5/Device6/IQ_1.dat,209,16385391,5,6,0,test,diff_days_indoor,5,0,0,0,0,0,0.7043829560279846
data/raw/osu_lora/Diff_Days_Indoor_Setup/Day5/Device6/IQ_1.dat,210,16463790,5,6,0,test,diff_days_indoor,5,0,0,0,0,0,0.8835626840591431
data/raw/osu_lora/Diff_Days_Indoor_Setup/Day5/Device6/IQ_1.dat,211,16542189,5,5,1,test,diff_days_indoor,5,0,0,0,0,0,0.5428624749183655
data/raw/osu_lora/Diff_Days_Indoor_Setup/Day5/Device6/IQ_1.dat,212,16620588,5,5,1,test,diff_days_indoor,5,0,0,0,0,0,0.5412908792495728
data/raw/osu_lora/Diff_Days_Indoor_Setup/Day5/Device6/IQ_1.dat,213,16698987,5,5,1,test,diff_days_indoor,5,0,0,0,0,0,0.5987575054168701
data/raw/osu_lora/Diff_Days_Indoor_Setup/Day5/Device6/IQ_1.dat,214,16777386,5,5,1,test,diff_days_indoor,5,0,0,0,0,0,0.7949755787849426
data/raw/osu_lora/Diff_Days_Indoor_Setup/Day5/Device6/IQ_1.dat,215,16855785,5,5,1,test,diff_days_indoor,5,0,0,0,0,0,0.8772122859954834
data/raw/osu_lora/Diff_Days_Indoor_Setup/Day5/Device6/IQ_1.dat,216,16934184,5,5,1,test,diff_days_indoor,5,0,0,0,0,0,0.8575295805931091
data/raw/osu_lora/Diff_Days_Indoor_Setup/Day5/Device6/IQ_1.dat,217,17012583,5,5,1,test,diff_days_indoor,5,0,0,0,0,0,0.6425467133522034
data/raw/osu_lora/Diff_Days_Indoor_Setup/Day5/Device6/IQ_1.dat,218,17090982,5,5,1,test,diff_days_indoor,5,0,0,0,0,0,0.7444097995758057
data/raw/osu_lora/Diff_Days_Indoor_Setup/Day5/Device6/IQ_1.dat,219,17169381,5,5,1,test,diff_days_indoor,5,0,0,0,0,0,0.5333393812179565
data/raw/osu_lora/Diff_Days_Indoor_Setup/Day5/Device6/IQ_1.dat,220,17247780,5,5,1,test,diff_days_indoor,5,0,0,0,0,0,0.7947818040847778
data/raw/osu_lora/Diff_Days_Indoor_Setup/Day5/Device6/IQ_1.dat,221,17326179,5,5,1,test,diff_days_indoor,5,0,0,0,0,0,0.9004226922988892
data/raw/osu_lora/Diff_Days_Indoor_Setup/Day5/Device6/IQ_1.dat,222,17404578,5,6,0,test,diff_days_indoor,5,0,0,0,0,0,0.7605864405632019
data/raw/osu_lora/Diff_Days_Indoor_Setup/Day5/Device6/IQ_1.dat,223,17482977,5,5,1,test,diff_days_indoor,5,0,0,0,0,0,0.8714179992675781
data/raw/osu_lora/Diff_Days_Indoor_Setup/Day5/Device6/IQ_1.dat,224,17561376,5,5,1,test,diff_days_indoor,5,0,0,0,0,0,0.8871346116065979
data/raw/osu_lora/Diff_Days_Indoor_Setup/Day5/Device6/IQ_1.dat,225,17639775,5,5,1,test,diff_days_indoor,5,0,0,0,0,0,0.8308058977127075
data/raw/osu_lora/Diff_Days_Indoor_Setup/Day5/Device6/IQ_1.dat,226,17718174,5,5,1,test,diff_days_indoor,5,0,0,0,0,0,0.6364714503288269
data/raw/osu_lora/Diff_Days_Indoor_Setup/Day5/Device6/IQ_1.dat,227,17796573,5,5,1,test,diff_days_indoor,5,0,0,0,0,0,0.7339611649513245
data/raw/osu_lora/Diff_Days_Indoor_Setup/Day5/Device6/IQ_1.dat,228,17874972,5,5,1,test,diff_days_indoor,5,0,0,0,0,0,0.9152997732162476
data/raw/osu_lora/Diff_Days_Indoor_Setup/Day5/Device6/IQ_1.dat,229,17953371,5,5,1,test,diff_days_indoor,5,0,0,0,0,0,0.7531360387802124
data/raw/osu_lora/Diff_Days_Indoor_Setup/Day5/Device6/IQ_1.dat,230,18031770,5,5,1,test,diff_days_indoor,5,0,0,0,0,0,0.8196138739585876
data/raw/osu_lora/Diff_Days_Indoor_Setup/Day5/Device6/IQ_1.dat,231,18110169,5,6,0,test,diff_days_indoor,5,0,0,0,0,0,0.7229440212249756
data/raw/osu_lora/Diff_Days_Indoor_Setup/Day5/Device6/IQ_1.dat,232,18188568,5,5,1,test,diff_days_indoor,5,0,0,0,0,0,0.6821565628051758
data/raw/osu_lora/Diff_Days_Indoor_Setup/Day5/Device6/IQ_1.dat,233,18266967,5,5,1,test,diff_days_indoor,5,0,0,0,0,0,0.8707020878791809
data/raw/osu_lora/Diff_Days_Indoor_Setup/Day5/Device6/IQ_1.dat,234,18345366,5,5,1,test,diff_days_indoor,5,0,0,0,0,0,0.9280730485916138
data/raw/osu_lora/Diff_Days_Indoor_Setup/Day5/Device6/IQ_1.dat,235,18423765,5,5,1,test,diff_days_indoor,5,0,0,0,0,0,0.5790888667106628
data/raw/osu_lora/Diff_Days_Indoor_Setup/Day5/Device6/IQ_1.dat,236,18502164,5,20,0,test,diff_days_indoor,5,0,0,0,0,0,0.516424834728241
data/raw/osu_lora/Diff_Days_Indoor_Setup/Day5/Device6/IQ_1.dat,237,18580563,5,5,1,test,diff_days_indoor,5,0,0,0,0,0,0.8708571195602417
data/raw/osu_lora/Diff_Days_Indoor_Setup/Day5/Device6/IQ_1.dat,238,18658962,5,6,0,test,diff_days_indoor,5,0,0,0,0,0,0.565435528755188
data/raw/osu_lora/Diff_Days_Indoor_Setup/Day5/Device6/IQ_1.dat,239,18737361,5,5,1,test,diff_days_indoor,5,0,0,0,0,0,0.9038943648338318
data/raw/osu_lora/Diff_Days_Indoor_Setup/Day5/Device6/IQ_1.dat,240,18815760,5,5,1,test,diff_days_indoor,5,0,0,0,0,0,0.8375112414360046
data/raw/osu_lora/Diff_Days_Indoor_Setup/Day5/Device6/IQ_1.dat,241,18894159,5,5,1,test,diff_days_indoor,5,0,0,0,0,0,0.6405037641525269
data/raw/osu_lora/Diff_Days_Indoor_Setup/Day5/Device6/IQ_1.dat,242,18972558,5,5,1,test,diff_days_indoor,5,0,0,0,0,0,0.6803613901138306
data/raw/osu_lora/Diff_Days_Indoor_Setup/Day5/Device6/IQ_1.dat,243,19050957,5,5,1,test,diff_days_indoor,5,0,0,0,0,0,0.6579194068908691
data/raw/osu_lora/Diff_Days_Indoor_Setup/Day5/Device6/IQ_1.dat,244,19129356,5,5,1,test,diff_days_indoor,5,0,0,0,0,0,0.7696104645729065
data/raw/osu_lora/Diff_Days_Indoor_Setup/Day5/Device6/IQ_1.dat,245,19207755,5,5,1,test,diff_days_indoor,5,0,0,0,0,0,0.8276971578598022
data/raw/osu_lora/Diff_Days_Indoor_Setup/Day5/Device6/IQ_1.dat,246,19286154,5,5,1,test,diff_days_indoor,5,0,0,0,0,0,0.6026848554611206
data/raw/osu_lora/Diff_Days_Indoor_Setup/Day5/Device6/IQ_1.dat,247,19364553,5,5,1,test,diff_days_indoor,5,0,0,0,0,0,0.8485622406005859
data/raw/osu_lora/Diff_Days_Indoor_Setup/Day5/Device6/IQ_1.dat,248,19442952,5,5,1,test,diff_days_indoor,5,0,0,0,0,0,0.8309468030929565
data/raw/osu_lora/Diff_Days_Indoor_Setup/Day5/Device6/IQ_1.dat,249,19521351,5,5,1,test,diff_days_indoor,5,0,0,0,0,0,0.7762734293937683
data/raw/osu_lora/Diff_Days_Indoor_Setup/Day5/Device6/IQ_1.dat,250,19599750,5,5,1,test,diff_days_indoor,5,0,0,0,0,0,0.8999373912811279
data/raw/osu_lora/Diff_Days_Indoor_Setup/Day5/Device6/IQ_1.dat,251,19678149,5,5,1,test,diff_days_indoor,5,0,0,0,0,0,0.7142477631568909
data/raw/osu_lora/Diff_Days_Indoor_Setup/Day5/Device6/IQ_1.dat,252,19756548,5,5,1,test,diff_days_indoor,5,0,0,0,0,0,0.6652604341506958
data/raw/osu_lora/Diff_Days_Indoor_Setup/Day5/Device6/IQ_1.dat,253,19834947,5,5,1,test,diff_days_indoor,5,0,0,0,0,0,0.8060488104820251
data/raw/osu_lora/Diff_Days_Indoor_Setup/Day5/Device6/IQ_1.dat,254,19913346,5,5,1,test,diff_days_indoor,5,0,0,0,0,0,0.7942343354225159
data/raw/osu_lora/Diff_Days_Indoor_Setup/Day5/Device6/IQ_1.dat,255,19991745,5,19,0,test,diff_days_indoor,5,0,0,0,0,0,0.4588066041469574
data/raw/osu_lora/Diff_Days_Indoor_Setup/Day5/Device7/IQ_1.dat,0,0,6,20,0,test,diff_days_indoor,5,0,0,0,0,0,0.5612112283706665
data/raw/osu_lora/Diff_Days_Indoor_Setup/Day5/Device7/IQ_1.dat,1,78399,6,20,0,test,diff_days_indoor,5,0,0,0,0,0,0.5074480772018433
data/raw/osu_lora/Diff_Days_Indoor_Setup/Day5/Device7/IQ_1.dat,2,156798,6,6,1,test,diff_days_indoor,5,0,0,0,0,0,0.9309305548667908
data/raw/osu_lora/Diff_Days_Indoor_Setup/Day5/Device7/IQ_1.dat,3,235197,6,6,1,test,diff_days_indoor,5,0,0,0,0,0,0.7404312491416931
data/raw/osu_lora/Diff_Days_Indoor_Setup/Day5/Device7/IQ_1.dat,4,313596,6,20,0,test,diff_days_indoor,5,0,0,0,0,0,0.4253801107406616
data/raw/osu_lora/Diff_Days_Indoor_Setup/Day5/Device7/IQ_1.dat,5,391995,6,5,0,test,diff_days_indoor,5,0,0,0,0,0,0.7112814784049988
data/raw/osu_lora/Diff_Days_Indoor_Setup/Day5/Device7/IQ_1.dat,6,470394,6,5,0,test,diff_days_indoor,5,0,0,0,0,0,0.6613419055938721
data/raw/osu_lora/Diff_Days_Indoor_Setup/Day5/Device7/IQ_1.dat,7,548793,6,6,1,test,diff_days_indoor,5,0,0,0,0,0,0.6095877289772034
data/raw/osu_lora/Diff_Days_Indoor_Setup/Day5/Device7/IQ_1.dat,8,627192,6,6,1,test,diff_days_indoor,5,0,0,0,0,0,0.7774237990379333
data/raw/osu_lora/Diff_Days_Indoor_Setup/Day5/Device7/IQ_1.dat,9,705591,6,20,0,test,diff_days_indoor,5,0,0,0,0,0,0.5231189727783203
data/raw/osu_lora/Diff_Days_Indoor_Setup/Day5/Device7/IQ_1.dat,10,783990,6,6,1,test,diff_days_indoor,5,0,0,0,0,0,0.4787762463092804
data/raw/osu_lora/Diff_Days_Indoor_Setup/Day5/Device7/IQ_1.dat,11,862389,6,20,0,test,diff_days_indoor,5,0,0,0,0,0,0.6289092898368835
data/raw/osu_lora/Diff_Days_Indoor_Setup/Day5/Device7/IQ_1.dat,12,940788,6,6,1,test,diff_days_indoor,5,0,0,0,0,0,0.8571973443031311
data/raw/osu_lora/Diff_Days_Indoor_Setup/Day5/Device7/IQ_1.dat,13,1019187,6,20,0,test,diff_days_indoor,5,0,0,0,0,0,0.3622768819332123
data/raw/osu_lora/Diff_Days_Indoor_Setup/Day5/Device7/IQ_1.dat,14,1097586,6,6,1,test,diff_days_indoor,5,0,0,0,0,0,0.8696185350418091
data/raw/osu_lora/Diff_Days_Indoor_Setup/Day5/Device7/IQ_1.dat,15,1175985,6,6,1,test,diff_days_indoor,5,0,0,0,0,0,0.6964300870895386
data/raw/osu_lora/Diff_Days_Indoor_Setup/Day5/Device7/IQ_1.dat,16,1254384,6,6,1,test,diff_days_indoor,5,0,0,0,0,0,0.9157314300537109
data/raw/osu_lora/Diff_Days_Indoor_Setup/Day5/Device7/IQ_1.dat,17,1332783,6,6,1,test,diff_days_indoor,5,0,0,0,0,0,0.7644774317741394
data/raw/osu_lora/Diff_Days_Indoor_Setup/Day5/Device7/IQ_1.dat,18,1411182,6,5,0,test,diff_days_indoor,5,0,0,0,0,0,0.5169389247894287
data/raw/osu_lora/Diff_Days_Indoor_Setup/Day5/Device7/IQ_1.dat,19,1489581,6,6,1,test,diff_days_indoor,5,0,0,0,0,0,0.8422929644584656
data/raw/osu_lora/Diff_Days_Indoor_Setup/Day5/Device7/IQ_1.dat,20,1567980,6,6,1,test,diff_days_indoor,5,0,0,0,0,0,0.6506531834602356
data/raw/osu_lora/Diff_Days_Indoor_Setup/Day5/Device7/IQ_1.dat,21,1646379,6,5,0,test,diff_days_indoor,5,0,0,0,0,0,0.7292617559432983
data/raw/osu_lora/Diff_Days_Indoor_Setup/Day5/Device7/IQ_1.dat,22,1724778,6,6,1,test,diff_days_indoor,5,0,0,0,0,0,0.9038323163986206
data/raw/osu_lora/Diff_Days_Indoor_Setup/Day5/Device7/IQ_1.dat,23,1803177,6,6,1,test,diff_days_indoor,5,0,0,0,0,0,0.8897348642349243
data/raw/osu_lora/Diff_Days_Indoor_Setup/Day5/Device7/IQ_1.dat,24,1881576,6,6,1,test,diff_days_indoor,5,0,0,0,0,0,0.8695542216300964
data/raw/osu_lora/Diff_Days_Indoor_Setup/Day5/Device7/IQ_1.dat,25,1959975,6,6,1,test,diff_days_indoor,5,0,0,0,0,0,0.6117205619812012
data/raw/osu_lora/Diff_Days_Indoor_Setup/Day5/Device7/IQ_1.dat,26,2038374,6,6,1,test,diff_days_indoor,5,0,0,0,0,0,0.7222673296928406
data/raw/osu_lora/Diff_Days_Indoor_Setup/Day5/Device7/IQ_1.dat,27,2116773,6,6,1,test,diff_days_indoor,5,0,0,0,0,0,0.8799275755882263
data/raw/osu_lora/Diff_Days_Indoor_Setup/Day5/Device7/IQ_1.dat,28,2195172,6,6,1,test,diff_days_indoor,5,0,0,0,0,0,0.8290282487869263
data/raw/osu_lora/Diff_Days_Indoor_Setup/Day5/Device7/IQ_1.dat,29,2273571,6,6,1,test,diff_days_indoor,5,0,0,0,0,0,0.5281646251678467
data/raw/osu_lora/Diff_Days_Indoor_Setup/Day5/Device7/IQ_1.dat,30,2351970,6,20,0,test,diff_days_indoor,5,0,0,0,0,0,0.531207799911499
data/raw/osu_lora/Diff_Days_Indoor_Setup/Day5/Device7/IQ_1.dat,31,2430369,6,6,1,test,diff_days_indoor,5,0,0,0,0,0,0.42798447608947754
data/raw/osu_lora/Diff_Days_Indoor_Setup/Day5/Device7/IQ_1.dat,32,2508768,6,6,1,test,diff_days_indoor,5,0,0,0,0,0,0.624098002910614
data/raw/osu_lora/Diff_Days_Indoor_Setup/Day5/Device7/IQ_1.dat,33,2587167,6,6,1,test,diff_days_indoor,5,0,0,0,0,0,0.7253156900405884
data/raw/osu_lora/Diff_Days_Indoor_Setup/Day5/Device7/IQ_1.dat,34,2665566,6,6,1,test,diff_days_indoor,5,0,0,0,0,0,0.6617398262023926
data/raw/osu_lora/Diff_Days_Indoor_Setup/Day5/Device7/IQ_1.dat,35,2743965,6,6,1,test,diff_days_indoor,5,0,0,0,0,0,0.7704343795776367
data/raw/osu_lora/Diff_Days_Indoor_Setup/Day5/Device7/IQ_1.dat,36,2822364,6,6,1,test,diff_days_indoor,5,0,0,0,0,0,0.7934632897377014
data/raw/osu_lora/Diff_Days_Indoor_Setup/Day5/Device7/IQ_1.dat,37,2900763,6,6,1,test,diff_days_indoor,5,0,0,0,0,0,0.7808072566986084
data/raw/osu_lora/Diff_Days_Indoor_Setup/Day5/Device7/IQ_1.dat,38,2979162,6,6,1,test,diff_days_indoor,5,0,0,0,0,0,0.8666541576385498
data/raw/osu_lora/Diff_Days_Indoor_Setup/Day5/Device7/IQ_1.dat,39,3057561,6,6,1,test,diff_days_indoor,5,0,0,0,0,0,0.8655659556388855
data/raw/osu_lora/Diff_Days_Indoor_Setup/Day5/Device7/IQ_1.dat,40,3135960,6,6,1,test,diff_days_indoor,5,0,0,0,0,0,0.686330258846283
data/raw/osu_lora/Diff_Days_Indoor_Setup/Day5/Device7/IQ_1.dat,41,3214359,6,6,1,test,diff_days_indoor,5,0,0,0,0,0,0.6052655577659607
data/raw/osu_lora/Diff_Days_Indoor_Setup/Day5/Device7/IQ_1.dat,42,3292758,6,6,1,test,diff_days_indoor,5,0,0,0,0,0,0.12546893954277039
data/raw/osu_lora/Diff_Days_Indoor_Setup/Day5/Device7/IQ_1.dat,43,3371157,6,6,1,test,diff_days_indoor,5,0,0,0,0,0,0.9309123754501343
data/raw/osu_lora/Diff_Days_Indoor_Setup/Day5/Device7/IQ_1.dat,44,3449556,6,6,1,test,diff_days_indoor,5,0,0,0,0,0,0.6610769629478455
data/raw/osu_lora/Diff_Days_Indoor_Setup/Day5/Device7/IQ_1.dat,45,3527955,6,6,1,test,diff_days_indoor,5,0,0,0,0,0,0.8036625981330872
data/raw/osu_lora/Diff_Days_Indoor_Setup/Day5/Device7/IQ_1.dat,46,3606354,6,6,1,test,diff_days_indoor,5,0,0,0,0,0,0.9203618764877319
data/raw/osu_lora/Diff_Days_Indoor_Setup/Day5/Device7/IQ_1.dat,47,3684753,6,6,1,test,diff_days_indoor,5,0,0,0,0,0,0.8621896505355835
data/raw/osu_lora/Diff_Days_Indoor_Setup/Day5/Device7/IQ_1.dat,48,3763152,6,6,1,test,diff_days_indoor,5,0,0,0,0,0,0.842851459980011
data/raw/osu_lora/Diff_Days_Indoor_Setup/Day5/Device7/IQ_1.dat,49,3841551,6,6,1,test,diff_days_indoor,5,0,0,0,0,0,0.8648010492324829
data/raw/osu_lora/Diff_Days_Indoor_Setup/Day5/Device7/IQ_1.dat,50,3919950,6,6,1,test,diff_days_indoor,5,0,0,0,0,0,0.6088974475860596
data/raw/osu_lora/Diff_Days_Indoor_Setup/Day5/Device7/IQ_1.dat,51,3998349,6,6,1,test,diff_days_indoor,5,0,0,0,0,0,0.9564875364303589
data/raw/osu_lora/Diff_Days_Indoor_Setup/Day5/Device7/IQ_1.dat,52,4076748,6,20,0,test,diff_days_indoor,5,0,0,0,0,0,0.5949839353561401
data/raw/osu_lora/Diff_Days_Indoor_Setup/Day5/Device7/IQ_1.dat,53,4155147,6,6,1,test,diff_days_indoor,5,0,0,0,0,0,0.6240837574005127
data/raw/osu_lora/Diff_Days_Indoor_Setup/Day5/Device7/IQ_1.dat,54,4233546,6,20,0,test,diff_days_indoor,5,0,0,0,0,0,0.5545315742492676
data/raw/osu_lora/Diff_Days_Indoor_Setup/Day5/Device7/IQ_1.dat,55,4311945,6,6,1,test,diff_days_indoor,5,0,0,0,0,0,0.8749447464942932
data/raw/osu_lora/Diff_Days_Indoor_Setup/Day5/Device7/IQ_1.dat,56,4390344,6,6,1,test,diff_days_indoor,5,0,0,0,0,0,0.7959755659103394
data/raw/osu_lora/Diff_Days_Indoor_Setup/Day5/Device7/IQ_1.dat,57,4468743,6,6,1,test,diff_days_indoor,5,0,0,0,0,0,0.8887808918952942
data/raw/osu_lora/Diff_Days_Indoor_Setup/Day5/Device7/IQ_1.dat,58,4547142,6,6,1,test,diff_days_indoor,5,0,0,0,0,0,0.8655844926834106
data/raw/osu_lora/Diff_Days_Indoor_Setup/Day5/Device7/IQ_1.dat,59,4625541,6,20,0,test,diff_days_indoor,5,0,0,0,0,0,0.4833463430404663
data/raw/osu_lora/Diff_Days_Indoor_Setup/Day5/Device7/IQ_1.dat,60,4703940,6,6,1,test,diff_days_indoor,5,0,0,0,0,0,0.7691794633865356
data/raw/osu_lora/Diff_Days_Indoor_Setup/Day5/Device7/IQ_1.dat,61,4782339,6,20,0,test,diff_days_indoor,5,0,0,0,0,0,0.7398770451545715
data/raw/osu_lora/Diff_Days_Indoor_Setup/Day5/Device7/IQ_1.dat,62,4860738,6,5,0,test,diff_days_indoor,5,0,0,0,0,0,0.49569880962371826
data/raw/osu_lora/Diff_Days_Indoor_Setup/Day5/Device7/IQ_1.dat,63,4939137,6,6,1,test,diff_days_indoor,5,0,0,0,0,0,0.9153182506561279
data/raw/osu_lora/Diff_Days_Indoor_Setup/Day5/Device7/IQ_1.dat,64,5017536,6,6,1,test,diff_days_indoor,5,0,0,0,0,0,0.8557338118553162
data/raw/osu_lora/Diff_Days_Indoor_Setup/Day5/Device7/IQ_1.dat,65,5095935,6,5,0,test,diff_days_indoor,5,0,0,0,0,0,0.6510425806045532
data/raw/osu_lora/Diff_Days_Indoor_Setup/Day5/Device7/IQ_1.dat,66,5174334,6,6,1,test,diff_days_indoor,5,0,0,0,0,0,0.7678677439689636
data/raw/osu_lora/Diff_Days_Indoor_Setup/Day5/Device7/IQ_1.dat,67,5252733,6,6,1,test,diff_days_indoor,5,0,0,0,0,0,0.897140383720398
data/raw/osu_lora/Diff_Days_Indoor_Setup/Day5/Device7/IQ_1.dat,68,5331132,6,20,0,test,diff_days_indoor,5,0,0,0,0,0,0.6304698586463928
data/raw/osu_lora/Diff_Days_Indoor_Setup/Day5/Device7/IQ_1.dat,69,5409531,6,6,1,test,diff_days_indoor,5,0,0,0,0,0,0.8614217042922974
data/raw/osu_lora/Diff_Days_Indoor_Setup/Day5/Device7/IQ_1.dat,70,5487930,6,20,0,test,diff_days_indoor,5,0,0,0,0,0,0.6971777677536011
data/raw/osu_lora/Diff_Days_Indoor_Setup/Day5/Device7/IQ_1.dat,71,5566329,6,6,1,test,diff_days_indoor,5,0,0,0,0,0,0.5358684062957764
data/raw/osu_lora/Diff_Days_Indoor_Setup/Day5/Device7/IQ_1.dat,72,5644728,6,6,1,test,diff_days_indoor,5,0,0,0,0,0,0.7647557258605957
data/raw/osu_lora/Diff_Days_Indoor_Setup/Day5/Device7/IQ_1.dat,73,5723127,6,6,1,test,diff_days_indoor,5,0,0,0,0,0,0.5648582577705383
data/raw/osu_lora/Diff_Days_Indoor_Setup/Day5/Device7/IQ_1.dat,74,5801526,6,20,0,test,diff_days_indoor,5,0,0,0,0,0,0.562432050704956
data/raw/osu_lora/Diff_Days_Indoor_Setup/Day5/Device7/IQ_1.dat,75,5879925,6,6,1,test,diff_days_indoor,5,0,0,0,0,0,0.8532249331474304
data/raw/osu_lora/Diff_Days_Indoor_Setup/Day5/Device7/IQ_1.dat,76,5958324,6,6,1,test,diff_days_indoor,5,0,0,0,0,0,0.8566461205482483
data/raw/osu_lora/Diff_Days_Indoor_Setup/Day5/Device7/IQ_1.dat,77,6036723,6,5,0,test,diff_days_indoor,5,0,0,0,0,0,0.5825910568237305
data/raw/osu_lora/Diff_Days_Indoor_Setup/Day5/Device7/IQ_1.dat,78,6115122,6,5,0,test,diff_days_indoor,5,0,0,0,0,0,0.628345251083374
data/raw/osu_lora/Diff_Days_Indoor_Setup/Day5/Device7/IQ_1.dat,79,6193521,6,6,1,test,diff_days_indoor,5,0,0,0,0,0,0.4785853624343872
data/raw/osu_lora/Diff_Days_Indoor_Setup/Day5/Device7/IQ_1.dat,80,6271920,6,6,1,test,diff_days_indoor,5,0,0,0,0,0,0.8250404596328735
data/raw/osu_lora/Diff_Days_Indoor_Setup/Day5/Device7/IQ_1.dat,81,6350319,6,6,1,test,diff_days_indoor,5,0,0,0,0,0,0.7874112129211426
data/raw/osu_lora/Diff_Days_Indoor_Setup/Day5/Device7/IQ_1.dat,82,6428718,6,6,1,test,diff_days_indoor,5,0,0,0,0,0,0.5449680089950562
data/raw/osu_lora/Diff_Days_Indoor_Setup/Day5/Device7/IQ_1.dat,83,6507117,6,20,0,test,diff_days_indoor,5,0,0,0,0,0,0.6590003371238708
data/raw/osu_lora/Diff_Days_Indoor_Setup/Day5/Device7/IQ_1.dat,84,6585516,6,6,1,test,diff_days_indoor,5,0,0,0,0,0,0.917284369468689
data/raw/osu_lora/Diff_Days_Indoor_Setup/Day5/Device7/IQ_1.dat,85,6663915,6,6,1,test,diff_days_indoor,5,0,0,0,0,0,0.5302698612213135
data/raw/osu_lora/Diff_Days_Indoor_Setup/Day5/Device7/IQ_1.dat,86,6742314,6,5,0,test,diff_days_indoor,5,0,0,0,0,0,0.6179248690605164
data/raw/osu_lora/Diff_Days_Indoor_Setup/Day5/Device7/IQ_1.dat,87,6820713,6,6,1,test,diff_days_indoor,5,0,0,0,0,0,0.8959876298904419
data/raw/osu_lora/Diff_Days_Indoor_Setup/Day5/Device7/IQ_1.dat,88,6899112,6,6,1,test,diff_days_indoor,5,0,0,0,0,0,0.6508259773254395
data/raw/osu_lora/Diff_Days_Indoor_Setup/Day5/Device7/IQ_1.dat,89,6977511,6,6,1,test,diff_days_indoor,5,0,0,0,0,0,0.5425727963447571
data/raw/osu_lora/Diff_Days_Indoor_Setup/Day5/Device7/IQ_1.dat,90,7055910,6,6,1,test,diff_days_indoor,5,0,0,0,0,0,0.8214215040206909
data/raw/osu_lora/Diff_Days_Indoor_Setup/Day5/Device7/IQ_1.dat,91,7134309,6,5,0,test,diff_days_indoor,5,0,0,0,0,0,0.7978526949882507
data/raw/osu_lora/Diff_Days_Indoor_Setup/Day5/Device7/IQ_1.dat,92,7212708,6,6,1,test,diff_days_indoor,5,0,0,0,0,0,0.7712980508804321
data/raw/osu_lora/Diff_Days_Indoor_Setup/Day5/Device7/IQ_1.dat,93,7291107,6,20,0,test,diff_days_indoor,5,0,0,0,0,0,0.506240725517273
data/raw/osu_lora/Diff_Days_Indoor_Setup/Day5/Device7/IQ_1.dat,94,7369506,6,6,1,test,diff_days_indoor,5,0,0,0,0,0,0.7926489114761353
data/raw/osu_lora/Diff_Days_Indoor_Setup/Day5/Device7/IQ_1.dat,95,7447905,6,6,1,test,diff_days_indoor,5,0,0,0,0,0,0.8686844706535339
data/raw/osu_lora/Diff_Days_Indoor_Setup/Day5/Device7/IQ_1.dat,96,7526304,6,6,1,test,diff_days_indoor,5,0,0,0,0,0,0.7091169357299805
data/raw/osu_lora/Diff_Days_Indoor_Setup/Day5/Device7/IQ_1.dat,97,7604703,6,20,0,test,diff_days_indoor,5,0,0,0,0,0,0.47927841544151306
data/raw/osu_lora/Diff_Days_Indoor_Setup/Day5/Device7/IQ_1.dat,98,7683102,6,5,0,test,diff_days_indoor,5,0,0,0,0,0,0.6787866950035095
data/raw/osu_lora/Diff_Days_Indoor_Setup/Day5/Device7/IQ_1.dat,99,7761501,6,6,1,test,diff_days_indoor,5,0,0,0,0,0,0.8975014686584473
data/raw/osu_lora/Diff_Days_Indoor_Setup/Day5/Device7/IQ_1.dat,100,7839900,6,6,1,test,diff_days_indoor,5,0,0,0,0,0,0.626937210559845
data/raw/osu_lora/Diff_Days_Indoor_Setup/Day5/Device7/IQ_1.dat,101,7918299,6,6,1,test,diff_days_indoor,5,0,0,0,0,0,0.8485883474349976
data/raw/osu_lora/Diff_Days_Indoor_Setup/Day5/Device7/IQ_1.dat,102,7996698,6,20,0,test,diff_days_indoor,5,0,0,0,0,0,0.5365064144134521
data/raw/osu_lora/Diff_Days_Indoor_Setup/Day5/Device7/IQ_1.dat,103,8075097,6,6,1,test,diff_days_indoor,5,0,0,0,0,0,0.7821227312088013
data/raw/osu_lora/Diff_Days_Indoor_Setup/Day5/Device7/IQ_1.dat,104,8153496,6,20,0,test,diff_days_indoor,5,0,0,0,0,0,0.5458140969276428
data/raw/osu_lora/Diff_Days_Indoor_Setup/Day5/Device7/IQ_1.dat,105,8231895,6,6,1,test,diff_days_indoor,5,0,0,0,0,0,0.7914741635322571
data/raw/osu_lora/Diff_Days_Indoor_Setup/Day5/Device7/IQ_1.dat,106,8310294,6,6,1,test,diff_days_indoor,5,0,0,0,0,0,0.47088420391082764
data/raw/osu_lora/Diff_Days_Indoor_Setup/Day5/Device7/IQ_1.dat,107,8388693,6,6,1,test,diff_days_indoor,5,0,0,0,0,0,0.5018188953399658
data/raw/osu_lora/Diff_Days_Indoor_Setup/Day5/Device7/IQ_1.dat,108,8467092,6,6,1,test,diff_days_indoor,5,0,0,0,0,0,0.7838910818099976
data/raw/osu_lora/Diff_Days_Indoor_Setup/Day5/Device7/IQ_1.dat,109,8545491,6,6,1,test,diff_days_indoor,5,0,0,0,0,0,0.7022169232368469
data/raw/osu_lora/Diff_Days_Indoor_Setup/Day5/Device7/IQ_1.dat,110,8623890,6,6,1,test,diff_days_indoor,5,0,0,0,0,0,0.7429061532020569
data/raw/osu_lora/Diff_Days_Indoor_Setup/Day5/Device7/IQ_1.dat,111,8702289,6,6,1,test,diff_days_indoor,5,0,0,0,0,0,0.8876556754112244
data/raw/osu_lora/Diff_Days_Indoor_Setup/Day5/Device7/IQ_1.dat,112,8780688,6,6,1,test,diff_days_indoor,5,0,0,0,0,0,0.8129560351371765
data/raw/osu_lora/Diff_Days_Indoor_Setup/Day5/Device7/IQ_1.dat,113,8859087,6,6,1,test,diff_days_indoor,5,0,0,0,0,0,0.764286458492279
data/raw/osu_lora/Diff_Days_Indoor_Setup/Day5/Device7/IQ_1.dat,114,8937486,6,6,1,test,diff_days_indoor,5,0,0,0,0,0,0.7651114463806152
data/raw/osu_lora/Diff_Days_Indoor_Setup/Day5/Device7/IQ_1.dat,115,9015885,6,20,0,test,diff_days_indoor,5,0,0,0,0,0,0.4553855061531067
data/raw/osu_lora/Diff_Days_Indoor_Setup/Day5/Device7/IQ_1.dat,116,9094284,6,20,0,test,diff_days_indoor,5,0,0,0,0,0,0.6939435005187988
data/raw/osu_lora/Diff_Days_Indoor_Setup/Day5/Device7/IQ_1.dat,117,9172683,6,6,1,test,diff_days_indoor,5,0,0,0,0,0,0.7687890529632568
data/raw/osu_lora/Diff_Days_Indoor_Setup/Day5/Device7/IQ_1.dat,118,9251082,6,6,1,test,diff_days_indoor,5,0,0,0,0,0,0.5750190019607544
data/raw/osu_lora/Diff_Days_Indoor_Setup/Day5/Device7/IQ_1.dat,119,9329481,6,6,1,test,diff_days_indoor,5,0,0,0,0,0,0.5874882936477661
data/raw/osu_lora/Diff_Days_Indoor_Setup/Day5/Device7/IQ_1.dat,120,9407880,6,6,1,test,diff_days_indoor,5,0,0,0,0,0,0.8345717787742615
data/raw/osu_lora/Diff_Days_Indoor_Setup/Day5/Device7/IQ_1.dat,121,9486279,6,20,0,test,diff_days_indoor,5,0,0,0,0,0,0.5774003267288208
data/raw/osu_lora/Diff_Days_Indoor_Setup/Day5/Device7/IQ_1.dat,122,9564678,6,6,1,test,diff_days_indoor,5,0,0,0,0,0,0.7708510160446167
data/raw/osu_lora/Diff_Days_Indoor_Setup/Day5/Device7/IQ_1.dat,123,9643077,6,6,1,test,diff_days_indoor,5,0,0,0,0,0,0.8524898290634155
data/raw/osu_lora/Diff_Days_Indoor_Setup/Day5/Device7/IQ_1.dat,124,9721476,6,6,1,test,diff_days_indoor,5,0,0,0,0,0,0.9251460433006287
data/raw/osu_lora/Diff_Days_Indoor_Setup/Day5/Device7/IQ_1.dat,125,9799875,6,6,1,test,diff_days_indoor,5,0,0,0,0,0,0.6875466108322144
data/raw/osu_lora/Diff_Days_Indoor_Setup/Day5/Device7/IQ_1.dat,126,9878274,6,5,0,test,diff_days_indoor,5,0,0,0,0,0,0.511138916015625
data/raw/osu_lora/Diff_Days_Indoor_Setup/Day5/Device7/IQ_1.dat,127,9956673,6,6,1,test,diff_days_indoor,5,0,0,0,0,0,0.7448400259017944
data/raw/osu_lora/Diff_Days_Indoor_Setup/Day5/Device7/IQ_1.dat,128,10035072,6,6,1,test,diff_days_indoor,5,0,0,0,0,0,0.846115231513977
data/raw/osu_lora/Diff_Days_Indoor_Setup/Day5/Device7/IQ_1.dat,129,10113471,6,6,1,test,diff_days_indoor,5,0,0,0,0,0,0.9231228232383728
data/raw/osu_lora/Diff_Days_Indoor_Setup/Day5/Device7/IQ_1.dat,130,10191870,6,6,1,test,diff_days_indoor,5,0,0,0,0,0,0.5832578539848328
data/raw/osu_lora/Diff_Days_Indoor_Setup/Day5/Device7/IQ_1.dat,131,10270269,6,20,0,test,diff_days_indoor,5,0,0,0,0,0,0.5074551105499268
data/raw/osu_lora/Diff_Days_Indoor_Setup/Day5/Device7/IQ_1.dat,132,10348668,6,5,0,test,diff_days_indoor,5,0,0,0,0,0,0.5872335433959961
data/raw/osu_lora/Diff_Days_Indoor_Setup/Day5/Device7/IQ_1.dat,133,10427067,6,6,1,test,diff_days_indoor,5,0,0,0,0,0,0.4605904817581177
data/raw/osu_lora/Diff_Days_Indoor_Setup/Day5/Device7/IQ_1.dat,134,10505466,6,6,1,test,diff_days_indoor,5,0,0,0,0,0,0.8260202407836914
data/raw/osu_lora/Diff_Days_Indoor_Setup/Day5/Device7/IQ_1.dat,135,10583865,6,6,1,test,diff_days_indoor,5,0,0,0,0,0,0.5733894109725952
data/raw/osu_lora/Diff_Days_Indoor_Setup/Day5/Device7/IQ_1.dat,136,10662264,6,6,1,test,diff_days_indoor,5,0,0,0,0,0,0.5135747194290161
data/raw/osu_lora/Diff_Days_Indoor_Setup/Day5/Device7/IQ_1.dat,137,10740663,6,6,1,test,diff_days_indoor,5,0,0,0,0,0,0.7651180624961853
data/raw/osu_lora/Diff_Days_Indoor_Setup/Day5/Device7/IQ_1.dat,138,10819062,6,5,0,test,diff_days_indoor,5,0,0,0,0,0,0.625855565071106
data/raw/osu_lora/Diff_Days_Indoor_Setup/Day5/Device7/IQ_1.dat,139,10897461,6,6,1,test,diff_days_indoor,5,0,0,0,0,0,0.8398679494857788
data/raw/osu_lora/Diff_Days_Indoor_Setup/Day5/Device7/IQ_1.dat,140,10975860,6,6,1,test,diff_days_indoor,5,0,0,0,0,0,0.7147278189659119
data/raw/osu_lora/Diff_Days_Indoor_Setup/Day5/Device7/IQ_1.dat,141,11054259,6,6,1,test,diff_days_indoor,5,0,0,0,0,0,0.7449941039085388
data/raw/osu_lora/Diff_Days_Indoor_Setup/Day5/Device7/IQ_1.dat,142,11132658,6,6,1,test,diff_days_indoor,5,0,0,0,0,0,0.7010383009910583
data/raw/osu_lora/Diff_Days_Indoor_Setup/Day5/Device7/IQ_1.dat,143,11211057,6,6,1,test,diff_days_indoor,5,0,0,0,0,0,0.6863652467727661
data/raw/osu_lora/Diff_Days_Indoor_Setup/Day5/Device7/IQ_1.dat,144,11289456,6,6,1,test,diff_days_indoor,5,0,0,0,0,0,0.6917281746864319
data/raw/osu_lora/Diff_Days_Indoor_Setup/Day5/Device7/IQ_1.dat,145,11367855,6,6,1,test,diff_days_indoor,5,0,0,0,0,0,0.5285859107971191
data/raw/osu_lora/Diff_Days_Indoor_Setup/Day5/Device7/IQ_1.dat,146,11446254,6,6,1,test,diff_days_indoor,5,0,0,0,0,0,0.6782583594322205
data/raw/osu_lora/Diff_Days_Indoor_Setup/Day5/Device7/IQ_1.dat,147,11524653,6,6,1,test,diff_days_indoor,5,0,0,0,0,0,0.8076575994491577
data/raw/osu_lora/Diff_Days_Indoor_Setup/Day5/Device7/IQ_1.dat,148,11603052,6,6,1,test,diff_days_indoor,5,0,0,0,0,0,0.6707669496536255
data/raw/osu_lora/Diff_Days_Indoor_Setup/Day5/Device7/IQ_1.dat,149,11681451,6,6,1,test,diff_days_indoor,5,0,0,0,0,0,0.7227381467819214
data/raw/osu_lora/Diff_Days_Indoor_Setup/Day5/Device7/IQ_1.dat,150,11759850,6,6,1,test,diff_days_indoor,5,0,0,0,0,0,0.47864997386932373
data/raw/osu_lora/Diff_Days_Indoor_Setup/Day5/Device7/IQ_1.dat,151,11838249,6,6,1,test,diff_days_indoor,5,0,0,0,0,0,0.8017297983169556
data/raw/osu_lora/Diff_Days_Indoor_Setup/Day5/Device7/IQ_1.dat,152,11916648,6,6,1,test,diff_days_indoor,5,0,0,0,0,0,0.7843923568725586
data/raw/osu_lora/Diff_Days_Indoor_Setup/Day5/Device7/IQ_1.dat,153,11995047,6,6,1,test,diff_days_indoor,5,0,0,0,0,0,0.9384651780128479
data/raw/osu_lora/Diff_Days_Indoor_Setup/Day5/Device7/IQ_1.dat,154,12073446,6,6,1,test,diff_days_indoor,5,0,0,0,0,0,0.6617370247840881
data/raw/osu_lora/Diff_Days_Indoor_Setup/Day5/Device7/IQ_1.dat,155,12151845,6,6,1,test,diff_days_indoor,5,0,0,0,0,0,0.830578088760376
data/raw/osu_lora/Diff_Days_Indoor_Setup/Day5/Device7/IQ_1.dat,156,12230244,6,6,1,test,diff_days_indoor,5,0,0,0,0,0,0.6980209946632385
data/raw/osu_lora/Diff_Days_Indoor_Setup/Day5/Device7/IQ_1.dat,157,12308643,6,6,1,test,diff_days_indoor,5,0,0,0,0,0,0.900120198726654
data/raw/osu_lora/Diff_Days_Indoor_Setup/Day5/Device7/IQ_1.dat,158,12387042,6,20,0,test,diff_days_indoor,5,0,0,0,0,0,0.5217350721359253
data/raw/osu_lora/Diff_Days_Indoor_Setup/Day5/Device7/IQ_1.dat,159,12465441,6,6,1,test,diff_days_indoor,5,0,0,0,0,0,0.8027002811431885
data/raw/osu_lora/Diff_Days_Indoor_Setup/Day5/Device7/IQ_1.dat,160,12543840,6,6,1,test,diff_days_indoor,5,0,0,0,0,0,0.7526052594184875
data/raw/osu_lora/Diff_Days_Indoor_Setup/Day5/Device7/IQ_1.dat,161,12622239,6,6,1,test,diff_days_indoor,5,0,0,0,0,0,0.7715514898300171
data/raw/osu_lora/Diff_Days_Indoor_Setup/Day5/Device7/IQ_1.dat,162,12700638,6,20,0,test,diff_days_indoor,5,0,0,0,0,0,0.5499926805496216
data/raw/osu_lora/Diff_Days_Indoor_Setup/Day5/Device7/IQ_1.dat,163,12779037,6,6,1,test,diff_days_indoor,5,0,0,0,0,0,0.7981148958206177
data/raw/osu_lora/Diff_Days_Indoor_Setup/Day5/Device7/IQ_1.dat,164,12857436,6,5,0,test,diff_days_indoor,5,0,0,0,0,0,0.6571277976036072
data/raw/osu_lora/Diff_Days_Indoor_Setup/Day5/Device7/IQ_1.dat,165,12935835,6,6,1,test,diff_days_indoor,5,0,0,0,0,0,0.790176272392273
data/raw/osu_lora/Diff_Days_Indoor_Setup/Day5/Device7/IQ_1.dat,166,13014234,6,6,1,test,diff_days_indoor,5,0,0,0,0,0,0.5836164951324463
data/raw/osu_lora/Diff_Days_Indoor_Setup/Day5/Device7/IQ_1.dat,167,13092633,6,6,1,test,diff_days_indoor,5,0,0,0,0,0,0.9213272333145142
data/raw/osu_lora/Diff_Days_Indoor_Setup/Day5/Device7/IQ_1.dat,168,13171032,6,6,1,test,diff_days_indoor,5,0,0,0,0,0,0.8378410339355469
data/raw/osu_lora/Diff_Days_Indoor_Setup/Day5/Device7/IQ_1.dat,169,13249431,6,6,1,test,diff_days_indoor,5,0,0,0,0,0,0.8103812336921692
data/raw/osu_lora/Diff_Days_Indoor_Setup/Day5/Device7/IQ_1.dat,170,13327830,6,5,0,test,diff_days_indoor,5,0,0,0,0,0,0.8128075003623962
data/raw/osu_lora/Diff_Days_Indoor_Setup/Day5/Device7/IQ_1.dat,171,13406229,6,6,1,test,diff_days_indoor,5,0,0,0,0,0,0.9393941760063171
data/raw/osu_lora/Diff_Days_Indoor_Setup/Day5/Device7/IQ_1.dat,172,13484628,6,20,0,test,diff_days_indoor,5,0,0,0,0,0,0.6745090484619141
data/raw/osu_lora/Diff_Days_Indoor_Setup/Day5/Device7/IQ_1.dat,173,13563027,6,6,1,test,diff_days_indoor,5,0,0,0,0,0,0.7183632850646973
data/raw/osu_lora/Diff_Days_Indoor_Setup/Day5/Device7/IQ_1.dat,174,13641426,6,6,1,test,diff_days_indoor,5,0,0,0,0,0,0.824347972869873
data/raw/osu_lora/Diff_Days_Indoor_Setup/Day5/Device7/IQ_1.dat,175,13719825,6,6,1,test,diff_days_indoor,5,0,0,0,0,0,0.875555157661438
data/raw/osu_lora/Diff_Days_Indoor_Setup/Day5/Device7/IQ_1.dat,176,13798224,6,6,1,test,diff_days_indoor,5,0,0,0,0,0,0.8240258693695068
data/raw/osu_lora/Diff_Days_Indoor_Setup/Day5/Device7/IQ_1.dat,177,13876623,6,6,1,test,diff_days_indoor,5,0,0,0,0,0,0.679447591304779
data/raw/osu_lora/Diff_Days_Indoor_Setup/Day5/Device7/IQ_1.dat,178,13955022,6,6,1,test,diff_days_indoor,5,0,0,0,0,0,0.6539061069488525
data/raw/osu_lora/Diff_Days_Indoor_Setup/Day5/Device7/IQ_1.dat,179,14033421,6,6,1,test,diff_days_indoor,5,0,0,0,0,0,0.865051805973053
data/raw/osu_lora/Diff_Days_Indoor_Setup/Day5/Device7/IQ_1.dat,180,14111820,6,20,0,test,diff_days_indoor,5,0,0,0,0,0,0.6114464998245239
data/raw/osu_lora/Diff_Days_Indoor_Setup/Day5/Device7/IQ_1.dat,181,14190219,6,20,0,test,diff_days_indoor,5,0,0,0,0,0,0.6612106561660767
data/raw/osu_lora/Diff_Days_Indoor_Setup/Day5/Device7/IQ_1.dat,182,14268618,6,5,0,test,diff_days_indoor,5,0,0,0,0,0,0.5904176831245422
data/raw/osu_lora/Diff_Days_Indoor_Setup/Day5/Device7/IQ_1.dat,183,14347017,6,6,1,test,diff_days_indoor,5,0,0,0,0,0,0.7908334136009216
data/raw/osu_lora/Diff_Days_Indoor_Setup/Day5/Device7/IQ_1.dat,184,14425416,6,6,1,test,diff_days_indoor,5,0,0,0,0,0,0.9276497960090637
data/raw/osu_lora/Diff_Days_Indoor_Setup/Day5/Device7/IQ_1.dat,185,14503815,6,6,1,test,diff_days_indoor,5,0,0,0,0,0,0.8632385730743408
data/raw/osu_lora/Diff_Days_Indoor_Setup/Day5/Device7/IQ_1.dat,186,14582214,6,6,1,test,diff_days_indoor,5,0,0,0,0,0,0.6491676568984985
data/raw/osu_lora/Diff_Days_Indoor_Setup/Day5/Device7/IQ_1.dat,187,14660613,6,6,1,test,diff_days_indoor,5,0,0,0,0,0,0.5283514261245728
data/raw/osu_lora/Diff_Days_Indoor_Setup/Day5/Device7/IQ_1.dat,188,14739012,6,20,0,test,diff_days_indoor,5,0,0,0,0,0,0.7183759808540344
data/raw/osu_lora/Diff_Days_Indoor_Setup/Day5/Device7/IQ_1.dat,189,14817411,6,6,1,test,diff_days_indoor,5,0,0,0,0,0,0.8100473880767822
data/raw/osu_lora/Diff_Days_Indoor_Setup/Day5/Device7/IQ_1.dat,190,14895810,6,20,0,test,diff_days_indoor,5,0,0,0,0,0,0.4804709255695343
data/raw/osu_lora/Diff_Days_Indoor_Setup/Day5/Device7/IQ_1.dat,191,14974209,6,6,1,test,diff_days_indoor,5,0,0,0,0,0,0.7231546640396118
data/raw/osu_lora/Diff_Days_Indoor_Setup/Day5/Device7/IQ_1.dat,192,15052608,6,6,1,test,diff_days_indoor,5,0,0,0,0,0,0.7995049357414246
data/raw/osu_lora/Diff_Days_Indoor_Setup/Day5/Device7/IQ_1.dat,193,15131007,6,6,1,test,diff_days_indoor,5,0,0,0,0,0,0.8109781742095947
data/raw/osu_lora/Diff_Days_Indoor_Setup/Day5/Device7/IQ_1.dat,194,15209406,6,6,1,test,diff_days_indoor,5,0,0,0,0,0,0.7845737934112549
data/raw/osu_lora/Diff_Days_Indoor_Setup/Day5/Device7/IQ_1.dat,195,15287805,6,6,1,test,diff_days_indoor,5,0,0,0,0,0,0.9049887657165527
data/raw/osu_lora/Diff_Days_Indoor_Setup/Day5/Device7/IQ_1.dat,196,15366204,6,5,0,test,diff_days_indoor,5,0,0,0,0,0,0.5732502341270447
data/raw/osu_lora/Diff_Days_Indoor_Setup/Day5/Device7/IQ_1.dat,197,15444603,6,6,1,test,diff_days_indoor,5,0,0,0,0,0,0.9048558473587036
data/raw/osu_lora/Diff_Days_Indoor_Setup/Day5/Device7/IQ_1.dat,198,15523002,6,6,1,test,diff_days_indoor,5,0,0,0,0,0,0.8455418348312378
data/raw/osu_lora/Diff_Days_Indoor_Setup/Day5/Device7/IQ_1.dat,199,15601401,6,6,1,test,diff_days_indoor,5,0,0,0,0,0,0.6865440011024475
data/raw/osu_lora/Diff_Days_Indoor_Setup/Day5/Device7/IQ_1.dat,200,15679800,6,6,1,test,diff_days_indoor,5,0,0,0,0,0,0.6176738142967224
data/raw/osu_lora/Diff_Days_Indoor_Setup/Day5/Device7/IQ_1.dat,201,15758199,6,6,1,test,diff_days_indoor,5,0,0,0,0,0,0.7939437031745911
data/raw/osu_lora/Diff_Days_Indoor_Setup/Day5/Device7/IQ_1.dat,202,15836598,6,6,1,test,diff_days_indoor,5,0,0,0,0,0,0.8826325535774231
data/raw/osu_lora/Diff_Days_Indoor_Setup/Day5/Device7/IQ_1.dat,203,15914997,6,6,1,test,diff_days_indoor,5,0,0,0,0,0,0.5230451226234436
data/raw/osu_lora/Diff_Days_Indoor_Setup/Day5/Device7/IQ_1.dat,204,15993396,6,6,1,test,diff_days_indoor,5,0,0,0,0,0,0.4218636155128479
data/raw/osu_lora/Diff_Days_Indoor_Setup/Day5/Device7/IQ_1.dat,205,16071795,6,6,1,test,diff_days_indoor,5,0,0,0,0,0,0.843070924282074
data/raw/osu_lora/Diff_Days_Indoor_Setup/Day5/Device7/IQ_1.dat,206,16150194,6,5,0,test,diff_days_indoor,5,0,0,0,0,0,0.739283561706543
data/raw/osu_lora/Diff_Days_Indoor_Setup/Day5/Device7/IQ_1.dat,207,16228593,6,5,0,test,diff_days_indoor,5,0,0,0,0,0,0.7018817067146301
data/raw/osu_lora/Diff_Days_Indoor_Setup/Day5/Device7/IQ_1.dat,208,16306992,6,6,1,test,diff_days_indoor,5,0,0,0,0,0,0.8195227384567261
data/raw/osu_lora/Diff_Days_Indoor_Setup/Day5/Device7/IQ_1.dat,209,16385391,6,6,1,test,diff_days_indoor,5,0,0,0,0,0,0.7063314914703369
data/raw/osu_lora/Diff_Days_Indoor_Setup/Day5/Device7/IQ_1.dat,210,16463790,6,6,1,test,diff_days_indoor,5,0,0,0,0,0,0.7312977313995361
data/raw/osu_lora/Diff_Days_Indoor_Setup/Day5/Device7/IQ_1.dat,211,16542189,6,6,1,test,diff_days_indoor,5,0,0,0,0,0,0.5635080337524414
data/raw/osu_lora/Diff_Days_Indoor_Setup/Day5/Device7/IQ_1.dat,212,16620588,6,6,1,test,diff_days_indoor,5,0,0,0,0,0,0.7409561276435852
data/raw/osu_lora/Diff_Days_Indoor_Setup/Day5/Device7/IQ_1.dat,213,16698987,6,6,1,test,diff_days_indoor,5,0,0,0,0,0,0.7589766979217529
data/raw/osu_lora/Diff_Days_Indoor_Setup/Day5/Device7/IQ_1.dat,214,16777386,6,6,1,test,diff_days_indoor,5,0,0,0,0,0,0.7550943493843079
data/raw/osu_lora/Diff_Days_Indoor_Setup/Day5/Device7/IQ_1.dat,215,16855785,6,6,1,test,diff_days_indoor,5,0,0,0,0,0,0.5885058045387268
data/raw/osu_lora/Diff_Days_Indoor_Setup/Day5/Device7/IQ_1.dat,216,16934184,6,6,1,test,diff_days_indoor,5,0,0,0,0,0,0.5965484380722046
data/raw/osu_lora/Diff_Days_Indoor_Setup/Day5/Device7/IQ_1.dat,217,17012583,6,6,1,test,diff_days_indoor,5,0,0,0,0,0,0.7340400218963623
data/raw/osu_lora/Diff_Days_Indoor_Setup/Day5/Device7/IQ_1.dat,218,17090982,6,6,1,test,diff_days_indoor,5,0,0,0,0,0,0.7360956072807312
data/raw/osu_lora/Diff_Days_Indoor_Setup/Day5/Device7/IQ_1.dat,219,17169381,6,6,1,test,diff_days_indoor,5,0,0,0,0,0,0.8947551846504211
data/raw/osu_lora/Diff_Days_Indoor_Setup/Day5/Device7/IQ_1.dat,220,17247780,6,6,1,test,diff_days_indoor,5,0,0,0,0,0,0.5561928153038025
data/raw/osu_lora/Diff_Days_Indoor_Setup/Day5/Device7/IQ_1.dat,221,17326179,6,6,1,test,diff_days_indoor,5,0,0,0,0,0,0.7553499341011047
data/raw/osu_lora/Diff_Days_Indoor_Setup/Day5/Device7/IQ_1.dat,222,17404578,6,6,1,test,diff_days_indoor,5,0,0,0,0,0,0.6380403637886047
data/raw/osu_lora/Diff_Days_Indoor_Setup/Day5/Device7/IQ_1.dat,223,17482977,6,6,1,test,diff_days_indoor,5,0,0,0,0,0,0.5244951844215393
data/raw/osu_lora/Diff_Days_Indoor_Setup/Day5/Device7/IQ_1.dat,224,17561376,6,6,1,test,diff_days_indoor,5,0,0,0,0,0,0.7529225945472717
data/raw/osu_lora/Diff_Days_Indoor_Setup/Day5/Device7/IQ_1.dat,225,17639775,6,6,1,test,diff_days_indoor,5,0,0,0,0,0,0.8765121698379517
data/raw/osu_lora/Diff_Days_Indoor_Setup/Day5/Device7/IQ_1.dat,226,17718174,6,6,1,test,diff_days_indoor,5,0,0,0,0,0,0.8623901605606079
data/raw/osu_lora/Diff_Days_Indoor_Setup/Day5/Device7/IQ_1.dat,227,17796573,6,6,1,test,diff_days_indoor,5,0,0,0,0,0,0.7135608196258545
data/raw/osu_lora/Diff_Days_Indoor_Setup/Day5/Device7/IQ_1.dat,228,17874972,6,6,1,test,diff_days_indoor,5,0,0,0,0,0,0.6950780749320984
data/raw/osu_lora/Diff_Days_Indoor_Setup/Day5/Device7/IQ_1.dat,229,17953371,6,6,1,test,diff_days_indoor,5,0,0,0,0,0,0.8517435193061829
data/raw/osu_lora/Diff_Days_Indoor_Setup/Day5/Device7/IQ_1.dat,230,18031770,6,6,1,test,diff_days_indoor,5,0,0,0,0,0,0.8696579337120056
data/raw/osu_lora/Diff_Days_Indoor_Setup/Day5/Device7/IQ_1.dat,231,18110169,6,6,1,test,diff_days_indoor,5,0,0,0,0,0,0.7641957402229309
data/raw/osu_lora/Diff_Days_Indoor_Setup/Day5/Device7/IQ_1.dat,232,18188568,6,6,1,test,diff_days_indoor,5,0,0,0,0,0,0.6884053349494934
data/raw/osu_lora/Diff_Days_Indoor_Setup/Day5/Device7/IQ_1.dat,233,18266967,6,6,1,test,diff_days_indoor,5,0,0,0,0,0,0.7193894386291504
data/raw/osu_lora/Diff_Days_Indoor_Setup/Day5/Device7/IQ_1.dat,234,18345366,6,6,1,test,diff_days_indoor,5,0,0,0,0,0,0.7435145974159241
data/raw/osu_lora/Diff_Days_Indoor_Setup/Day5/Device7/IQ_1.dat,235,18423765,6,21,0,test,diff_days_indoor,5,0,0,0,0,0,0.1903858780860901
data/raw/osu_lora/Diff_Days_Indoor_Setup/Day5/Device7/IQ_1.dat,236,18502164,6,6,1,test,diff_days_indoor,5,0,0,0,0,0,0.6998506784439087
data/raw/osu_lora/Diff_Days_Indoor_Setup/Day5/Device7/IQ_1.dat,237,18580563,6,6,1,test,diff_days_indoor,5,0,0,0,0,0,0.841391384601593
data/raw/osu_lora/Diff_Days_Indoor_Setup/Day5/Device7/IQ_1.dat,238,18658962,6,6,1,test,diff_days_indoor,5,0,0,0,0,0,0.89030522108078
data/raw/osu_lora/Diff_Days_Indoor_Setup/Day5/Device7/IQ_1.dat,239,18737361,6,6,1,test,diff_days_indoor,5,0,0,0,0,0,0.7792618870735168
data/raw/osu_lora/Diff_Days_Indoor_Setup/Day5/Device7/IQ_1.dat,240,18815760,6,6,1,test,diff_days_indoor,5,0,0,0,0,0,0.8877927660942078
data/raw/osu_lora/Diff_Days_Indoor_Setup/Day5/Device7/IQ_1.dat,241,18894159,6,6,1,test,diff_days_indoor,5,0,0,0,0,0,0.6078929901123047
data/raw/osu_lora/Diff_Days_Indoor_Setup/Day5/Device7/IQ_1.dat,242,18972558,6,6,1,test,diff_days_indoor,5,0,0,0,0,0,0.8891028165817261
data/raw/osu_lora/Diff_Days_Indoor_Setup/Day5/Device7/IQ_1.dat,243,19050957,6,6,1,test,diff_days_indoor,5,0,0,0,0,0,0.7121696472167969
data/raw/osu_lora/Diff_Days_Indoor_Setup/Day5/Device7/IQ_1.dat,244,19129356,6,6,1,test,diff_days_indoor,5,0,0,0,0,0,0.7378844618797302
data/raw/osu_lora/Diff_Days_Indoor_Setup/Day5/Device7/IQ_1.dat,245,19207755,6,6,1,test,diff_days_indoor,5,0,0,0,0,0,0.6035813689231873
data/raw/osu_lora/Diff_Days_Indoor_Setup/Day5/Device7/IQ_1.dat,246,19286154,6,6,1,test,diff_days_indoor,5,0,0,0,0,0,0.873772382736206
data/raw/osu_lora/Diff_Days_Indoor_Setup/Day5/Device7/IQ_1.dat,247,19364553,6,6,1,test,diff_days_indoor,5,0,0,0,0,0,0.8875344395637512
data/raw/osu_lora/Diff_Days_Indoor_Setup/Day5/Device7/IQ_1.dat,248,19442952,6,6,1,test,diff_days_indoor,5,0,0,0,0,0,0.8809053301811218
data/raw/osu_lora/Diff_Days_Indoor_Setup/Day5/Device7/IQ_1.dat,249,19521351,6,20,0,test,diff_days_indoor,5,0,0,0,0,0,0.6536180377006531
data/raw/osu_lora/Diff_Days_Indoor_Setup/Day5/Device7/IQ_1.dat,250,19599750,6,6,1,test,diff_days_indoor,5,0,0,0,0,0,0.9069892764091492
data/raw/osu_lora/Diff_Days_Indoor_Setup/Day5/Device7/IQ_1.dat,251,19678149,6,6,1,test,diff_days_indoor,5,0,0,0,0,0,0.7869479656219482
data/raw/osu_lora/Diff_Days_Indoor_Setup/Day5/Device7/IQ_1.dat,252,19756548,6,6,1,test,diff_days_indoor,5,0,0,0,0,0,0.7215415239334106
data/raw/osu_lora/Diff_Days_Indoor_Setup/Day5/Device7/IQ_1.dat,253,19834947,6,6,1,test,diff_days_indoor,5,0,0,0,0,0,0.5371677875518799
data/raw/osu_lora/Diff_Days_Indoor_Setup/Day5/Device7/IQ_1.dat,254,19913346,6,6,1,test,diff_days_indoor,5,0,0,0,0,0,0.5301710963249207
data/raw/osu_lora/Diff_Days_Indoor_Setup/Day5/Device7/IQ_1.dat,255,19991745,6,6,1,test,diff_days_indoor,5,0,0,0,0,0,0.7555585503578186
data/raw/osu_lora/Diff_Days_Indoor_Setup/Day5/Device8/IQ_1.dat,0,0,7,22,0,test,diff_days_indoor,5,0,0,0,0,0,0.3821468651294708
data/raw/osu_lora/Diff_Days_Indoor_Setup/Day5/Device8/IQ_1.dat,1,78399,7,17,0,test,diff_days_indoor,5,0,0,0,0,0,0.47959232330322266
data/raw/osu_lora/Diff_Days_Indoor_Setup/Day5/Device8/IQ_1.dat,2,156798,7,7,1,test,diff_days_indoor,5,0,0,0,0,0,0.5289269685745239
data/raw/osu_lora/Diff_Days_Indoor_Setup/Day5/Device8/IQ_1.dat,3,235197,7,17,0,test,diff_days_indoor,5,0,0,0,0,0,0.46349722146987915
data/raw/osu_lora/Diff_Days_Indoor_Setup/Day5/Device8/IQ_1.dat,4,313596,7,7,1,test,diff_days_indoor,5,0,0,0,0,0,0.5313019156455994
data/raw/osu_lora/Diff_Days_Indoor_Setup/Day5/Device8/IQ_1.dat,5,391995,7,17,0,test,diff_days_indoor,5,0,0,0,0,0,0.3323855400085449
data/raw/osu_lora/Diff_Days_Indoor_Setup/Day5/Device8/IQ_1.dat,6,470394,7,22,0,test,diff_days_indoor,5,0,0,0,0,0,0.31588244438171387
data/raw/osu_lora/Diff_Days_Indoor_Setup/Day5/Device8/IQ_1.dat,7,548793,7,17,0,test,diff_days_indoor,5,0,0,0,0,0,0.4087631106376648
data/raw/osu_lora/Diff_Days_Indoor_Setup/Day5/Device8/IQ_1.dat,8,627192,7,22,0,test,diff_days_indoor,5,0,0,0,0,0,0.32955557107925415
data/raw/osu_lora/Diff_Days_Indoor_Setup/Day5/Device8/IQ_1.dat,9,705591,7,7,1,test,diff_days_indoor,5,0,0,0,0,0,0.3219035565853119
data/raw/osu_lora/Diff_Days_Indoor_Setup/Day5/Device8/IQ_1.dat,10,783990,7,22,0,test,diff_days_indoor,5,0,0,0,0,0,0.502955973148346
data/raw/osu_lora/Diff_Days_Indoor_Setup/Day5/Device8/IQ_1.dat,11,862389,7,7,1,test,diff_days_indoor,5,0,0,0,0,0,0.5210860967636108
data/raw/osu_lora/Diff_Days_Indoor_Setup/Day5/Device8/IQ_1.dat,12,940788,7,17,0,test,diff_days_indoor,5,0,0,0,0,0,0.34357401728630066
data/raw/osu_lora/Diff_Days_Indoor_Setup/Day5/Device8/IQ_1.dat,13,1019187,7,7,1,test,diff_days_indoor,5,0,0,0,0,0,0.5811306238174438
data/raw/osu_lora/Diff_Days_Indoor_Setup/Day5/Device8/IQ_1.dat,14,1097586,7,22,0,test,diff_days_indoor,5,0,0,0,0,0,0.5083671808242798
data/raw/osu_lora/Diff_Days_Indoor_Setup/Day5/Device8/IQ_1.dat,15,1175985,7,7,1,test,diff_days_indoor,5,0,0,0,0,0,0.557702362537384
data/raw/osu_lora/Diff_Days_Indoor_Setup/Day5/Device8/IQ_1.dat,16,1254384,7,17,0,test,diff_days_indoor,5,0,0,0,0,0,0.5176209211349487
data/raw/osu_lora/Diff_Days_Indoor_Setup/Day5/Device8/IQ_1.dat,17,1332783,7,7,1,test,diff_days_indoor,5,0,0,0,0,0,0.3506782352924347
data/raw/osu_lora/Diff_Days_Indoor_Setup/Day5/Device8/IQ_1.dat,18,1411182,7,7,1,test,diff_days_indoor,5,0,0,0,0,0,0.435153990983963
data/raw/osu_lora/Diff_Days_Indoor_Setup/Day5/Device8/IQ_1.dat,19,1489581,7,15,0,test,diff_days_indoor,5,0,0,0,0,0,0.3707156479358673
data/raw/osu_lora/Diff_Days_Indoor_Setup/Day5/Device8/IQ_1.dat,20,1567980,7,22,0,test,diff_days_indoor,5,0,0,0,0,0,0.32800182700157166
data/raw/osu_lora/Diff_Days_Indoor_Setup/Day5/Device8/IQ_1.dat,21,1646379,7,7,1,test,diff_days_indoor,5,0,0,0,0,0,0.21483521163463593
data/raw/osu_lora/Diff_Days_Indoor_Setup/Day5/Device8/IQ_1.dat,22,1724778,7,7,1,test,diff_days_indoor,5,0,0,0,0,0,0.5526914596557617
data/raw/osu_lora/Diff_Days_Indoor_Setup/Day5/Device8/IQ_1.dat,23,1803177,7,7,1,test,diff_days_indoor,5,0,0,0,0,0,0.42890816926956177
data/raw/osu_lora/Diff_Days_Indoor_Setup/Day5/Device8/IQ_1.dat,24,1881576,7,16,0,test,diff_days_indoor,5,0,0,0,0,0,0.3804469108581543
data/raw/osu_lora/Diff_Days_Indoor_Setup/Day5/Device8/IQ_1.dat,25,1959975,7,17,0,test,diff_days_indoor,5,0,0,0,0,0,0.30442002415657043
data/raw/osu_lora/Diff_Days_Indoor_Setup/Day5/Device8/IQ_1.dat,26,2038374,7,7,1,test,diff_days_indoor,5,0,0,0,0,0,0.5626323819160461
data/raw/osu_lora/Diff_Days_Indoor_Setup/Day5/Device8/IQ_1.dat,27,2116773,7,7,1,test,diff_days_indoor,5,0,0,0,0,0,0.6278424859046936
data/raw/osu_lora/Diff_Days_Indoor_Setup/Day5/Device8/IQ_1.dat,28,2195172,7,17,0,test,diff_days_indoor,5,0,0,0,0,0,0.42923587560653687
data/raw/osu_lora/Diff_Days_Indoor_Setup/Day5/Device8/IQ_1.dat,29,2273571,7,15,0,test,diff_days_indoor,5,0,0,0,0,0,0.33160388469696045
data/raw/osu_lora/Diff_Days_Indoor_Setup/Day5/Device8/IQ_1.dat,30,2351970,7,17,0,test,diff_days_indoor,5,0,0,0,0,0,0.417331725358963
data/raw/osu_lora/Diff_Days_Indoor_Setup/Day5/Device8/IQ_1.dat,31,2430369,7,17,0,test,diff_days_indoor,5,0,0,0,0,0,0.4579525291919708
data/raw/osu_lora/Diff_Days_Indoor_Setup/Day5/Device8/IQ_1.dat,32,2508768,7,7,1,test,diff_days_indoor,5,0,0,0,0,0,0.6410182118415833
data/raw/osu_lora/Diff_Days_Indoor_Setup/Day5/Device8/IQ_1.dat,33,2587167,7,17,0,test,diff_days_indoor,5,0,0,0,0,0,0.447832316160202
data/raw/osu_lora/Diff_Days_Indoor_Setup/Day5/Device8/IQ_1.dat,34,2665566,7,7,1,test,diff_days_indoor,5,0,0,0,0,0,0.5543275475502014
data/raw/osu_lora/Diff_Days_Indoor_Setup/Day5/Device8/IQ_1.dat,35,2743965,7,7,1,test,diff_days_indoor,5,0,0,0,0,0,0.5226452350616455
data/raw/osu_lora/Diff_Days_Indoor_Setup/Day5/Device8/IQ_1.dat,36,2822364,7,15,0,test,diff_days_indoor,5,0,0,0,0,0,0.3365061283111572
data/raw/osu_lora/Diff_Days_Indoor_Setup/Day5/Device8/IQ_1.dat,37,2900763,7,15,0,test,diff_days_indoor,5,0,0,0,0,0,0.4308207929134369
data/raw/osu_lora/Diff_Days_Indoor_Setup/Day5/Device8/IQ_1.dat,38,2979162,7,22,0,test,diff_days_indoor,5,0,0,0,0,0,0.2278987616300583
data/raw/osu_lora/Diff_Days_Indoor_Setup/Day5/Device8/IQ_1.dat,39,3057561,7,17,0,test,diff_days_indoor,5,0,0,0,0,0,0.39415842294692993
data/raw/osu_lora/Diff_Days_Indoor_Setup/Day5/Device8/IQ_1.dat,40,3135960,7,7,1,test,diff_days_indoor,5,0,0,0,0,0,0.6201808452606201
data/raw/osu_lora/Diff_Days_Indoor_Setup/Day5/Device8/IQ_1.dat,41,3214359,7,17,0,test,diff_days_indoor,5,0,0,0,0,0,0.4622674286365509
data/raw/osu_lora/Diff_Days_Indoor_Setup/Day5/Device8/IQ_1.dat,42,3292758,7,7,1,test,diff_days_indoor,5,0,0,0,0,0,0.5569432377815247
data/raw/osu_lora/Diff_Days_Indoor_Setup/Day5/Device8/IQ_1.dat,43,3371157,7,17,0,test,diff_days_indoor,5,0,0,0,0,0,0.40719184279441833
data/raw/osu_lora/Diff_Days_Indoor_Setup/Day5/Device8/IQ_1.dat,44,3449556,7,7,1,test,diff_days_indoor,5,0,0,0,0,0,0.5607569813728333
data/raw/osu_lora/Diff_Days_Indoor_Setup/Day5/Device8/IQ_1.dat,45,3527955,7,15,0,test,diff_days_indoor,5,0,0,0,0,0,0.325060099363327
data/raw/osu_lora/Diff_Days_Indoor_Setup/Day5/Device8/IQ_1.dat,46,3606354,7,7,1,test,diff_days_indoor,5,0,0,0,0,0,0.5253527164459229
data/raw/osu_lora/Diff_Days_Indoor_Setup/Day5/Device8/IQ_1.dat,47,3684753,7,13,0,test,diff_days_indoor,5,0,0,0,0,0,0.2509172260761261
data/raw/osu_lora/Diff_Days_Indoor_Setup/Day5/Device8/IQ_1.dat,48,3763152,7,7,1,test,diff_days_indoor,5,0,0,0,0,0,0.38399699330329895
data/raw/osu_lora/Diff_Days_Indoor_Setup/Day5/Device8/IQ_1.dat,49,3841551,7,17,0,test,diff_days_indoor,5,0,0,0,0,0,0.3574795424938202
data/raw/osu_lora/Diff_Days_Indoor_Setup/Day5/Device8/IQ_1.dat,50,3919950,7,17,0,test,diff_days_indoor,5,0,0,0,0,0,0.4018961191177368
data/raw/osu_lora/Diff_Days_Indoor_Setup/Day5/Device8/IQ_1.dat,51,3998349,7,7,1,test,diff_days_indoor,5,0,0,0,0,0,0.45016756653785706
data/raw/osu_lora/Diff_Days_Indoor_Setup/Day5/Device8/IQ_1.dat,52,4076748,7,7,1,test,diff_days_indoor,5,0,0,0,0,0,0.48018714785575867
data/raw/osu_lora/Diff_Days_Indoor_Setup/Day5/Device8/IQ_1.dat,53,4155147,7,15,0,test,diff_days_indoor,5,0,0,0,0,0,0.35214918851852417
data/raw/osu_lora/Diff_Days_Indoor_Setup/Day5/Device8/IQ_1.dat,54,4233546,7,7,1,test,diff_days_indoor,5,0,0,0,0,0,0.519637405872345
data/raw/osu_lora/Diff_Days_Indoor_Setup/Day5/Device8/IQ_1.dat,55,4311945,7,7,1,test,diff_days_indoor,5,0,0,0,0,0,0.45652711391448975
data/raw/osu_lora/Diff_Days_Indoor_Setup/Day5/Device8/IQ_1.dat,56,4390344,7,17,0,test,diff_days_indoor,5,0,0,0,0,0,0.4399551451206207
data/raw/osu_lora/Diff_Days_Indoor_Setup/Day5/Device8/IQ_1.dat,57,4468743,7,7,1,test,diff_days_indoor,5,0,0,0,0,0,0.3750336766242981
data/raw/osu_lora/Diff_Days_Indoor_Setup/Day5/Device8/IQ_1.dat,58,4547142,7,7,1,test,diff_days_indoor,5,0,0,0,0,0,0.5095748901367188
data/raw/osu_lora/Diff_Days_Indoor_Setup/Day5/Device8/IQ_1.dat,59,4625541,7,17,0,test,diff_days_indoor,5,0,0,0,0,0,0.2575538456439972
data/raw/osu_lora/Diff_Days_Indoor_Setup/Day5/Device8/IQ_1.dat,60,4703940,7,7,1,test,diff_days_indoor,5,0,0,0,0,0,0.5337595343589783
data/raw/osu_lora/Diff_Days_Indoor_Setup/Day5/Device8/IQ_1.dat,61,4782339,7,15,0,test,diff_days_indoor,5,0,0,0,0,0,0.5136129856109619
data/raw/osu_lora/Diff_Days_Indoor_Setup/Day5/Device8/IQ_1.dat,62,4860738,7,7,1,test,diff_days_indoor,5,0,0,0,0,0,0.5190851092338562
data/raw/osu_lora/Diff_Days_Indoor_Setup/Day5/Device8/IQ_1.dat,63,4939137,7,17,0,test,diff_days_indoor,5,0,0,0,0,0,0.4432564079761505
data/raw/osu_lora/Diff_Days_Indoor_Setup/Day5/Device8/IQ_1.dat,64,5017536,7,7,1,test,diff_days_indoor,5,0,0,0,0,0,0.4982178211212158
data/raw/osu_lora/Diff_Days_Indoor_Setup/Day5/Device8/IQ_1.dat,65,5095935,7,7,1,test,diff_days_indoor,5,0,0,0,0,0,0.32660403847694397
data/raw/osu_lora/Diff_Days_Indoor_Setup/Day5/Device8/IQ_1.dat,66,5174334,7,17,0,test,diff_days_indoor,5,0,0,0,0,0,0.47183361649513245
data/raw/osu_lora/Diff_Days_Indoor_Setup/Day5/Device8/IQ_1.dat,67,5252733,7,7,1,test,diff_days_indoor,5,0,0,0,0,0,0.44887474179267883
data/raw/osu_lora/Diff_Days_Indoor_Setup/Day5/Device8/IQ_1.dat,68,5331132,7,7,1,test,diff_days_indoor,5,0,0,0,0,0,0.4817429184913635
data/raw/osu_lora/Diff_Days_Indoor_Setup/Day5/Device8/IQ_1.dat,69,5409531,7,15,0,test,diff_days_indoor,5,0,0,0,0,0,0.3873424828052521
data/raw/osu_lora/Diff_Days_Indoor_Setup/Day5/Device8/IQ_1.dat,70,5487930,7,17,0,test,diff_days_indoor,5,0,0,0,0,0,0.2653201222419739
data/raw/osu_lora/Diff_Days_Indoor_Setup/Day5/Device8/IQ_1.dat,71,5566329,7,17,0,test,diff_days_indoor,5,0,0,0,0,0,0.5101122856140137
data/raw/osu_lora/Diff_Days_Indoor_Setup/Day5/Device8/IQ_1.dat,72,5644728,7,22,0,test,diff_days_indoor,5,0,0,0,0,0,0.39480406045913696
data/raw/osu_lora/Diff_Days_Indoor_Setup/Day5/Device8/IQ_1.dat,73,5723127,7,7,1,test,diff_days_indoor,5,0,0,0,0,0,0.5185715556144714
data/raw/osu_lora/Diff_Days_Indoor_Setup/Day5/Device8/IQ_1.dat,74,5801526,7,7,1,test,diff_days_indoor,5,0,0,0,0,0,0.4529794752597809
data/raw/osu_lora/Diff_Days_Indoor_Setup/Day5/Device8/IQ_1.dat,75,5879925,7,17,0,test,diff_days_indoor,5,0,0,0,0,0,0.34958821535110474
data/raw/osu_lora/Diff_Days_Indoor_Setup/Day5/Device8/IQ_1.dat,76,5958324,7,17,0,test,diff_days_indoor,5,0,0,0,0,0,0.49775806069374084
data/raw/osu_lora/Diff_Days_Indoor_Setup/Day5/Device8/IQ_1.dat,77,6036723,7,22,0,test,diff_days_indoor,5,0,0,0,0,0,0.2718895971775055
data/raw/osu_lora/Diff_Days_Indoor_Setup/Day5/Device8/IQ_1.dat,78,6115122,7,7,1,test,diff_days_indoor,5,0,0,0,0,0,0.6318892240524292
data/raw/osu_lora/Diff_Days_Indoor_Setup/Day5/Device8/IQ_1.dat,79,6193521,7,7,1,test,diff_days_indoor,5,0,0,0,0,0,0.4856792390346527
data/raw/osu_lora/Diff_Days_Indoor_Setup/Day5/Device8/IQ_1.dat,80,6271920,7,17,0,test,diff_days_indoor,5,0,0,0,0,0,0.4645349681377411
data/raw/osu_lora/Diff_Days_Indoor_Setup/Day5/Device8/IQ_1.dat,81,6350319,7,7,1,test,diff_days_indoor,5,0,0,0,0,0,0.539200484752655
data/raw/osu_lora/Diff_Days_Indoor_Setup/Day5/Device8/IQ_1.dat,82,6428718,7,16,0,test,diff_days_indoor,5,0,0,0,0,0,0.33509930968284607
data/raw/osu_lora/Diff_Days_Indoor_Setup/Day5/Device8/IQ_1.dat,83,6507117,7,13,0,test,diff_days_indoor,5,0,0,0,0,0,0.2778085172176361
data/raw/osu_lora/Diff_Days_Indoor_Setup/Day5/Device8/IQ_1.dat,84,6585516,7,17,0,test,diff_days_indoor,5,0,0,0,0,0,0.30573609471321106
data/raw/osu_lora/Diff_Days_Indoor_Setup/Day5/Device8/IQ_1.dat,85,6663915,7,17,0,test,diff_days_indoor,5,0,0,0,0,0,0.44084399938583374
data/raw/osu_lora/Diff_Days_Indoor_Setup/Day5/Device8/IQ_1.dat,86,6742314,7,7,1,test,diff_days_indoor,5,0,0,0,0,0,0.6103920340538025
data/raw/osu_lora/Diff_Days_Indoor_Setup/Day5/Device8/IQ_1.dat,87,6820713,7,7,1,test,diff_days_indoor,5,0,0,0,0,0,0.5692481994628906
data/raw/osu_lora/Diff_Days_Indoor_Setup/Day5/Device8/IQ_1.dat,88,6899112,7,15,0,test,diff_days_indoor,5,0,0,0,0,0,0.36722779273986816
data/raw/osu_lora/Diff_Days_Indoor_Setup/Day5/Device8/IQ_1.dat,89,6977511,7,15,0,test,diff_days_indoor,5,0,0,0,0,0,0.28100186586380005
data/raw/osu_lora/Diff_Days_Indoor_Setup/Day5/Device8/IQ_1.dat,90,7055910,7,22,0,test,diff_days_indoor,5,0,0,0,0,0,0.5434930920600891
data/raw/osu_lora/Diff_Days_Indoor_Setup/Day5/Device8/IQ_1.dat,91,7134309,7,7,1,test,diff_days_indoor,5,0,0,0,0,0,0.43020007014274597
data/raw/osu_lora/Diff_Days_Indoor_Setup/Day5/Device8/IQ_1.dat,92,7212708,7,7,1,test,diff_days_indoor,5,0,0,0,0,0,0.45588406920433044
data/raw/osu_lora/Diff_Days_Indoor_Setup/Day5/Device8/IQ_1.dat,93,7291107,7,17,0,test,diff_days_indoor,5,0,0,0,0,0,0.3697145879268646
data/raw/osu_lora/Diff_Days_Indoor_Setup/Day5/Device8/IQ_1.dat,94,7369506,7,6,0,test,diff_days_indoor,5,0,0,0,0,0,0.1289287656545639
data/raw/osu_lora/Diff_Days_Indoor_Setup/Day5/Device8/IQ_1.dat,95,7447905,7,7,1,test,diff_days_indoor,5,0,0,0,0,0,0.49621158838272095
data/raw/osu_lora/Diff_Days_Indoor_Setup/Day5/Device8/IQ_1.dat,96,7526304,7,17,0,test,diff_days_indoor,5,0,0,0,0,0,0.407400518655777
data/raw/osu_lora/Diff_Days_Indoor_Setup/Day5/Device8/IQ_1.dat,97,7604703,7,7,1,test,diff_days_indoor,5,0,0,0,0,0,0.6360651254653931
data/raw/osu_lora/Diff_Days_Indoor_Setup/Day5/Device8/IQ_1.dat,98,7683102,7,15,0,test,diff_days_indoor,5,0,0,0,0,0,0.38913339376449585
data/raw/osu_lora/Diff_Days_Indoor_Setup/Day5/Device8/IQ_1.dat,99,7761501,7,7,1,test,diff_days_indoor,5,0,0,0,0,0,0.6514075398445129
data/raw/osu_lora/Diff_Days_Indoor_Setup/Day5/Device8/IQ_1.dat,100,7839900,7,7,1,test,diff_days_indoor,5,0,0,0,0,0,0.6526984572410583
data/raw/osu_lora/Diff_Days_Indoor_Setup/Day5/Device8/IQ_1.dat,101,7918299,7,15,0,test,diff_days_indoor,5,0,0,0,0,0,0.37401628494262695
data/raw/osu_lora/Diff_Days_Indoor_Setup/Day5/Device8/IQ_1.dat,102,7996698,7,22,0,test,diff_days_indoor,5,0,0,0,0,0,0.33898982405662537
data/raw/osu_lora/Diff_Days_Indoor_Setup/Day5/Device8/IQ_1.dat,103,8075097,7,7,1,test,diff_days_indoor,5,0,0,0,0,0,0.4815892279148102
data/raw/osu_lora/Diff_Days_Indoor_Setup/Day5/Device8/IQ_1.dat,104,8153496,7,17,0,test,diff_days_indoor,5,0,0,0,0,0,0.4838036298751831
data/raw/osu_lora/Diff_Days_Indoor_Setup/Day5/Device8/IQ_1.dat,105,8231895,7,7,1,test,diff_days_indoor,5,0,0,0,0,0,0.4946776032447815
data/raw/osu_lora/Diff_Days_Indoor_Setup/Day5/Device8/IQ_1.dat,106,8310294,7,17,0,test,diff_days_indoor,5,0,0,0,0,0,0.469971239566803
data/raw/osu_lora/Diff_Days_Indoor_Setup/Day5/Device8/IQ_1.dat,107,8388693,7,17,0,test,diff_days_indoor,5,0,0,0,0,0,0.4637696146965027
data/raw/osu_lora/Diff_Days_Indoor_Setup/Day5/Device8/IQ_1.dat,108,8467092,7,7,1,test,diff_days_indoor,5,0,0,0,0,0,0.5007744431495667
data/raw/osu_lora/Diff_Days_Indoor_Setup/Day5/Device8/IQ_1.dat,109,8545491,7,22,0,test,diff_days_indoor,5,0,0,0,0,0,0.6091365814208984
data/raw/osu_lora/Diff_Days_Indoor_Setup/Day5/Device8/IQ_1.dat,110,8623890,7,17,0,test,diff_days_indoor,5,0,0,0,0,0,0.4522218704223633
data/raw/osu_lora/Diff_Days_Indoor_Setup/Day5/Device8/IQ_1.dat,111,8702289,7,7,1,test,diff_days_indoor,5,0,0,0,0,0,0.5756545662879944
data/raw/osu_lora/Diff_Days_Indoor_Setup/Day5/Device8/IQ_1.dat,112,8780688,7,7,1,test,diff_days_indoor,5,0,0,0,0,0,0.3020298182964325
data/raw/osu_lora/Diff_Days_Indoor_Setup/Day5/Device8/IQ_1.dat,113,8859087,7,7,1,test,diff_days_indoor,5,0,0,0,0,0,0.5235551595687866
data/raw/osu_lora/Diff_Days_Indoor_Setup/Day5/Device8/IQ_1.dat,114,8937486,7,17,0,test,diff_days_indoor,5,0,0,0,0,0,0.47781288623809814
data/raw/osu_lora/Diff_Days_Indoor_Setup/Day5/Device8/IQ_1.dat,115,9015885,7,7,1,test,diff_days_indoor,5,0,0,0,0,0,0.5790461301803589
data/raw/osu_lora/Diff_Days_Indoor_Setup/Day5/Device8/IQ_1.dat,116,9094284,7,7,1,test,diff_days_indoor,5,0,0,0,0,0,0.5788317322731018
data/raw/osu_lora/Diff_Days_Indoor_Setup/Day5/Device8/IQ_1.dat,117,9172683,7,7,1,test,diff_days_indoor,5,0,0,0,0,0,0.40838363766670227
data/raw/osu_lora/Diff_Days_Indoor_Setup/Day5/Device8/IQ_1.dat,118,9251082,7,7,1,test,diff_days_indoor,5,0,0,0,0,0,0.5827178955078125
data/raw/osu_lora/Diff_Days_Indoor_Setup/Day5/Device8/IQ_1.dat,119,9329481,7,17,0,test,diff_days_indoor,5,0,0,0,0,0,0.5632768869400024
data/raw/osu_lora/Diff_Days_Indoor_Setup/Day5/Device8/IQ_1.dat,120,9407880,7,7,1,test,diff_days_indoor,5,0,0,0,0,0,0.5514243841171265
data/raw/osu_lora/Diff_Days_Indoor_Setup/Day5/Device8/IQ_1.dat,121,9486279,7,17,0,test,diff_days_indoor,5,0,0,0,0,0,0.2938837707042694
data/raw/osu_lora/Diff_Days_Indoor_Setup/Day5/Device8/IQ_1.dat,122,9564678,7,7,1,test,diff_days_indoor,5,0,0,0,0,0,0.4192606806755066
data/raw/osu_lora/Diff_Days_Indoor_Setup/Day5/Device8/IQ_1.dat,123,9643077,7,17,0,test,diff_days_indoor,5,0,0,0,0,0,0.4225316643714905
data/raw/osu_lora/Diff_Days_Indoor_Setup/Day5/Device8/IQ_1.dat,124,9721476,7,7,1,test,diff_days_indoor,5,0,0,0,0,0,0.3608138859272003
data/raw/osu_lora/Diff_Days_Indoor_Setup/Day5/Device8/IQ_1.dat,125,9799875,7,7,1,test,diff_days_indoor,5,0,0,0,0,0,0.4424576759338379
data/raw/osu_lora/Diff_Days_Indoor_Setup/Day5/Device8/IQ_1.dat,126,9878274,7,7,1,test,diff_days_indoor,5,0,0,0,0,0,0.3929104506969452
data/raw/osu_lora/Diff_Days_Indoor_Setup/Day5/Device8/IQ_1.dat,127,9956673,7,17,0,test,diff_days_indoor,5,0,0,0,0,0,0.44680872559547424
data/raw/osu_lora/Diff_Days_Indoor_Setup/Day5/Device8/IQ_1.dat,128,10035072,7,17,0,test,diff_days_indoor,5,0,0,0,0,0,0.4481377899646759
data/raw/osu_lora/Diff_Days_Indoor_Setup/Day5/Device8/IQ_1.dat,129,10113471,7,17,0,test,diff_days_indoor,5,0,0,0,0,0,0.4070412516593933
data/raw/osu_lora/Diff_Days_Indoor_Setup/Day5/Device8/IQ_1.dat,130,10191870,7,7,1,test,diff_days_indoor,5,0,0,0,0,0,0.5153329968452454
data/raw/osu_lora/Diff_Days_Indoor_Setup/Day5/Device8/IQ_1.dat,131,10270269,7,7,1,test,diff_days_indoor,5,0,0,0,0,0,0.49893149733543396
data/raw/osu_lora/Diff_Days_Indoor_Setup/Day5/Device8/IQ_1.dat,132,10348668,7,7,1,test,diff_days_indoor,5,0,0,0,0,0,0.6253335475921631
data/raw/osu_lora/Diff_Days_Indoor_Setup/Day5/Device8/IQ_1.dat,133,10427067,7,7,1,test,diff_days_indoor,5,0,0,0,0,0,0.4958667755126953
data/raw/osu_lora/Diff_Days_Indoor_Setup/Day5/Device8/IQ_1.dat,134,10505466,7,17,0,test,diff_days_indoor,5,0,0,0,0,0,0.31118643283843994
data/raw/osu_lora/Diff_Days_Indoor_Setup/Day5/Device8/IQ_1.dat,135,10583865,7,7,1,test,diff_days_indoor,5,0,0,0,0,0,0.501765251159668
data/raw/osu_lora/Diff_Days_Indoor_Setup/Day5/Device8/IQ_1.dat,136,10662264,7,17,0,test,diff_days_indoor,5,0,0,0,0,0,0.43807679414749146
data/raw/osu_lora/Diff_Days_Indoor_Setup/Day5/Device8/IQ_1.dat,137,10740663,7,16,0,test,diff_days_indoor,5,0,0,0,0,0,0.30805742740631104
data/raw/osu_lora/Diff_Days_Indoor_Setup/Day5/Device8/IQ_1.dat,138,10819062,7,17,0,test,diff_days_indoor,5,0,0,0,0,0,0.37384358048439026
data/raw/osu_lora/Diff_Days_Indoor_Setup/Day5/Device8/IQ_1.dat,139,10897461,7,7,1,test,diff_days_indoor,5,0,0,0,0,0,0.41748490929603577
data/raw/osu_lora/Diff_Days_Indoor_Setup/Day5/Device8/IQ_1.dat,140,10975860,7,7,1,test,diff_days_indoor,5,0,0,0,0,0,0.43142807483673096
data/raw/osu_lora/Diff_Days_Indoor_Setup/Day5/Device8/IQ_1.dat,141,11054259,7,17,0,test,diff_days_indoor,5,0,0,0,0,0,0.30594855546951294
data/raw/osu_lora/Diff_Days_Indoor_Setup/Day5/Device8/IQ_1.dat,142,11132658,7,22,0,test,diff_days_indoor,5,0,0,0,0,0,0.3878118395805359
data/raw/osu_lora/Diff_Days_Indoor_Setup/Day5/Device8/IQ_1.dat,143,11211057,7,17,0,test,diff_days_indoor,5,0,0,0,0,0,0.26462820172309875
data/raw/osu_lora/Diff_Days_Indoor_Setup/Day5/Device8/IQ_1.dat,144,11289456,7,15,0,test,diff_days_indoor,5,0,0,0,0,0,0.38498520851135254
data/raw/osu_lora/Diff_Days_Indoor_Setup/Day5/Device8/IQ_1.dat,145,11367855,7,17,0,test,diff_days_indoor,5,0,0,0,0,0,0.4457635283470154
data/raw/osu_lora/Diff_Days_Indoor_Setup/Day5/Device8/IQ_1.dat,146,11446254,7,7,1,test,diff_days_indoor,5,0,0,0,0,0,0.6025869250297546
data/raw/osu_lora/Diff_Days_Indoor_Setup/Day5/Device8/IQ_1.dat,147,11524653,7,7,1,test,diff_days_indoor,5,0,0,0,0,0,0.48990264534950256
data/raw/osu_lora/Diff_Days_Indoor_Setup/Day5/Device8/IQ_1.dat,148,11603052,7,17,0,test,diff_days_indoor,5,0,0,0,0,0,0.2832338511943817
data/raw/osu_lora/Diff_Days_Indoor_Setup/Day5/Device8/IQ_1.dat,149,11681451,7,7,1,test,diff_days_indoor,5,0,0,0,0,0,0.526178240776062
data/raw/osu_lora/Diff_Days_Indoor_Setup/Day5/Device8/IQ_1.dat,150,11759850,7,7,1,test,diff_days_indoor,5,0,0,0,0,0,0.6133915781974792
data/raw/osu_lora/Diff_Days_Indoor_Setup/Day5/Device8/IQ_1.dat,151,11838249,7,7,1,test,diff_days_indoor,5,0,0,0,0,0,0.6392265558242798
data/raw/osu_lora/Diff_Days_Indoor_Setup/Day5/Device8/IQ_1.dat,152,11916648,7,7,1,test,diff_days_indoor,5,0,0,0,0,0,0.6364295482635498
data/raw/osu_lora/Diff_Days_Indoor_Setup/Day5/Device8/IQ_1.dat,153,11995047,7,7,1,test,diff_days_indoor,5,0,0,0,0,0,0.5216991305351257
data/raw/osu_lora/Diff_Days_Indoor_Setup/Day5/Device8/IQ_1.dat,154,12073446,7,7,1,test,diff_days_indoor,5,0,0,0,0,0,0.44148319959640503
data/raw/osu_lora/Diff_Days_Indoor_Setup/Day5/Device8/IQ_1.dat,155,12151845,7,7,1,test,diff_days_indoor,5,0,0,0,0,0,0.5434993505477905
data/raw/osu_lora/Diff_Days_Indoor_Setup/Day5/Device8/IQ_1.dat,156,12230244,7,16,0,test,diff_days_indoor,5,0,0,0,0,0,0.36153197288513184
data/raw/osu_lora/Diff_Days_Indoor_Setup/Day5/Device8/IQ_1.dat,157,12308643,7,17,0,test,diff_days_indoor,5,0,0,0,0,0,0.5017560124397278
data/raw/osu_lora/Diff_Days_Indoor_Setup/Day5/Device8/IQ_1.dat,158,12387042,7,17,0,test,diff_days_indoor,5,0,0,0,0,0,0.3178609311580658
data/raw/osu_lora/Diff_Days_Indoor_Setup/Day5/Device8/IQ_1.dat,159,12465441,7,7,1,test,diff_days_indoor,5,0,0,0,0,0,0.4107474982738495
data/raw/osu_lora/Diff_Days_Indoor_Setup/Day5/Device8/IQ_1.dat,160,12543840,7,7,1,test,diff_days_indoor,5,0,0,0,0,0,0.47032544016838074
data/raw/osu_lora/Diff_Days_Indoor_Setup/Day5/Device8/IQ_1.dat,161,12622239,7,7,1,test,diff_days_indoor,5,0,0,0,0,0,0.497747540473938
data/raw/osu_lora/Diff_Days_Indoor_Setup/Day5/Device8/IQ_1.dat,162,12700638,7,7,1,test,diff_days_indoor,5,0,0,0,0,0,0.5387682318687439
data/raw/osu_lora/Diff_Days_Indoor_Setup/Day5/Device8/IQ_1.dat,163,12779037,7,17,0,test,diff_days_indoor,5,0,0,0,0,0,0.37134021520614624
data/raw/osu_lora/Diff_Days_Indoor_Setup/Day5/Device8/IQ_1.dat,164,12857436,7,17,0,test,diff_days_indoor,5,0,0,0,0,0,0.4773886203765869
data/raw/osu_lora/Diff_Days_Indoor_Setup/Day5/Device8/IQ_1.dat,165,12935835,7,7,1,test,diff_days_indoor,5,0,0,0,0,0,0.4575422406196594
data/raw/osu_lora/Diff_Days_Indoor_Setup/Day5/Device8/IQ_1.dat,166,13014234,7,7,1,test,diff_days_indoor,5,0,0,0,0,0,0.37579676508903503
data/raw/osu_lora/Diff_Days_Indoor_Setup/Day5/Device8/IQ_1.dat,167,13092633,7,7,1,test,diff_days_indoor,5,0,0,0,0,0,0.23230981826782227
data/raw/osu_lora/Diff_Days_Indoor_Setup/Day5/Device8/IQ_1.dat,168,13171032,7,17,0,test,diff_days_indoor,5,0,0,0,0,0,0.25854748487472534
data/raw/osu_lora/Diff_Days_Indoor_Setup/Day5/Device8/IQ_1.dat,169,13249431,7,17,0,test,diff_days_indoor,5,0,0,0,0,0,0.4035883843898773
data/raw/osu_lora/Diff_Days_Indoor_Setup/Day5/Device8/IQ_1.dat,170,13327830,7,7,1,test,diff_days_indoor,5,0,0,0,0,0,0.557176947593689
data/raw/osu_lora/Diff_Days_Indoor_Setup/Day5/Device8/IQ_1.dat,171,13406229,7,16,0,test,diff_days_indoor,5,0,0,0,0,0,0.29472145438194275
data/raw/osu_lora/Diff_Days_Indoor_Setup/Day5/Device8/IQ_1.dat,172,13484628,7,7,1,test,diff_days_indoor,5,0,0,0,0,0,0.41926470398902893
data/raw/osu_lora/Diff_Days_Indoor_Setup/Day5/Device8/IQ_1.dat,173,13563027,7,17,0,test,diff_days_indoor,5,0,0,0,0,0,0.47933802008628845
data/raw/osu_lora/Diff_Days_Indoor_Setup/Day5/Device8/IQ_1.dat,174,13641426,7,7,1,test,diff_days_indoor,5,0,0,0,0,0,0.6066582798957825
data/raw/osu_lora/Diff_Days_Indoor_Setup/Day5/Device8/IQ_1.dat,175,13719825,7,7,1,test,diff_days_indoor,5,0,0,0,0,0,0.4694477617740631
data/raw/osu_lora/Diff_Days_Indoor_Setup/Day5/Device8/IQ_1.dat,176,13798224,7,17,0,test,diff_days_indoor,5,0,0,0,0,0,0.44614270329475403
data/raw/osu_lora/Diff_Days_Indoor_Setup/Day5/Device8/IQ_1.dat,177,13876623,7,7,1,test,diff_days_indoor,5,0,0,0,0,0,0.6200958490371704
data/raw/osu_lora/Diff_Days_Indoor_Setup/Day5/Device8/IQ_1.dat,178,13955022,7,7,1,test,diff_days_indoor,5,0,0,0,0,0,0.595912516117096
data/raw/osu_lora/Diff_Days_Indoor_Setup/Day5/Device8/IQ_1.dat,179,14033421,7,7,1,test,diff_days_indoor,5,0,0,0,0,0,0.575591504573822
data/raw/osu_lora/Diff_Days_Indoor_Setup/Day5/Device8/IQ_1.dat,180,14111820,7,17,0,test,diff_days_indoor,5,0,0,0,0,0,0.36171749234199524
data/raw/osu_lora/Diff_Days_Indoor_Setup/Day5/Device8/IQ_1.dat,181,14190219,7,17,0,test,diff_days_indoor,5,0,0,0,0,0,0.5142132043838501
data/raw/osu_lora/Diff_Days_Indoor_Setup/Day5/Device8/IQ_1.dat,182,14268618,7,7,1,test,diff_days_indoor,5,0,0,0,0,0,0.605525553226471
data/raw/osu_lora/Diff_Days_Indoor_Setup/Day5/Device8/IQ_1.dat,183,14347017,7,17,0,test,diff_days_indoor,5,0,0,0,0,0,0.3914894163608551
data/raw/osu_lora/Diff_Days_Indoor_Setup/Day5/Device8/IQ_1.dat,184,14425416,7,7,1,test,diff_days_indoor,5,0,0,0,0,0,0.22359800338745117
data/raw/osu_lora/Diff_Days_Indoor_Setup/Day5/Device8/IQ_1.dat,185,14503815,7,7,1,test,diff_days_indoor,5,0,0,0,0,0,0.6065376996994019
data/raw/osu_lora/Diff_Days_Indoor_Setup/Day5/Device8/IQ_1.dat,186,14582214,7,17,0,test,diff_days_indoor,5,0,0,0,0,0,0.34872981905937195
data/raw/osu_lora/Diff_Days_Indoor_Setup/Day5/Device8/IQ_1.dat,187,14660613,7,7,1,test,diff_days_indoor,5,0,0,0,0,0,0.4826545715332031
data/raw/osu_lora/Diff_Days_Indoor_Setup/Day5/Device8/IQ_1.dat,188,14739012,7,7,1,test,diff_days_indoor,5,0,0,0,0,0,0.5298880934715271
data/raw/osu_lora/Diff_Days_Indoor_Setup/Day5/Device8/IQ_1.dat,189,14817411,7,7,1,test,diff_days_indoor,5,0,0,0,0,0,0.5095939636230469
data/raw/osu_lora/Diff_Days_Indoor_Setup/Day5/Device8/IQ_1.dat,190,14895810,7,7,1,test,diff_days_indoor,5,0,0,0,0,0,0.5287670493125916
data/raw/osu_lora/Diff_Days_Indoor_Setup/Day5/Device8/IQ_1.dat,191,14974209,7,7,1,test,diff_days_indoor,5,0,0,0,0,0,0.4910622239112854
data/raw/osu_lora/Diff_Days_Indoor_Setup/Day5/Device8/IQ_1.dat,192,15052608,7,7,1,test,diff_days_indoor,5,0,0,0,0,0,0.5541756749153137
data/raw/osu_lora/Diff_Days_Indoor_Setup/Day5/Device8/IQ_1.dat,193,15131007,7,7,1,test,diff_days_indoor,5,0,0,0,0,0,0.6464121341705322
data/raw/osu_lora/Diff_Days_Indoor_Setup/Day5/Device8/IQ_1.dat,194,15209406,7,7,1,test,diff_days_indoor,5,0,0,0,0,0,0.664997398853302
data/raw/osu_lora/Diff_Days_Indoor_Setup/Day5/Device8/IQ_1.dat,195,15287805,7,15,0,test,diff_days_indoor,5,0,0,0,0,0,0.3930584192276001
data/raw/osu_lora/Diff_Days_Indoor_Setup/Day5/Device8/IQ_1.dat,196,15366204,7,17,0,test,diff_days_indoor,5,0,0,0,0,0,0.38260823488235474
data/raw/osu_lora/Diff_Days_Indoor_Setup/Day5/Device8/IQ_1.dat,197,15444603,7,7,1,test,diff_days_indoor,5,0,0,0,0,0,0.6170362830162048
data/raw/osu_lora/Diff_Days_Indoor_Setup/Day5/Device8/IQ_1.dat,198,15523002,7,7,1,test,diff_days_indoor,5,0,0,0,0,0,0.49725380539894104
data/raw/osu_lora/Diff_Days_Indoor_Setup/Day5/Device8/IQ_1.dat,199,15601401,7,7,1,test,diff_days_indoor,5,0,0,0,0,0,0.6380451917648315
data/raw/osu_lora/Diff_Days_Indoor_Setup/Day5/Device8/IQ_1.dat,200,15679800,7,15,0,test,diff_days_indoor,5,0,0,0,0,0,0.30386751890182495
data/raw/osu_lora/Diff_Days_Indoor_Setup/Day5/Device8/IQ_1.dat,201,15758199,7,17,0,test,diff_days_indoor,5,0,0,0,0,0,0.5229067206382751
data/raw/osu_lora/Diff_Days_Indoor_Setup/Day5/Device8/IQ_1.dat,202,15836598,7,7,1,test,diff_days_indoor,5,0,0,0,0,0,0.4758855998516083
data/raw/osu_lora/Diff_Days_Indoor_Setup/Day5/Device8/IQ_1.dat,203,15914997,7,7,1,test,diff_days_indoor,5,0,0,0,0,0,0.5665279030799866
data/raw/osu_lora/Diff_Days_Indoor_Setup/Day5/Device8/IQ_1.dat,204,15993396,7,17,0,test,diff_days_indoor,5,0,0,0,0,0,0.33862605690956116
data/raw/osu_lora/Diff_Days_Indoor_Setup/Day5/Device8/IQ_1.dat,205,16071795,7,17,0,test,diff_days_indoor,5,0,0,0,0,0,0.28504258394241333
data/raw/osu_lora/Diff_Days_Indoor_Setup/Day5/Device8/IQ_1.dat,206,16150194,7,22,0,test,diff_days_indoor,5,0,0,0,0,0,0.6666426062583923
data/raw/osu_lora/Diff_Days_Indoor_Setup/Day5/Device8/IQ_1.dat,207,16228593,7,7,1,test,diff_days_indoor,5,0,0,0,0,0,0.5135610699653625
data/raw/osu_lora/Diff_Days_Indoor_Setup/Day5/Device8/IQ_1.dat,208,16306992,7,17,0,test,diff_days_indoor,5,0,0,0,0,0,0.5124637484550476
data/raw/osu_lora/Diff_Days_Indoor_Setup/Day5/Device8/IQ_1.dat,209,16385391,7,17,0,test,diff_days_indoor,5,0,0,0,0,0,0.476092129945755
data/raw/osu_lora/Diff_Days_Indoor_Setup/Day5/Device8/IQ_1.dat,210,16463790,7,15,0,test,diff_days_indoor,5,0,0,0,0,0,0.28100958466529846
data/raw/osu_lora/Diff_Days_Indoor_Setup/Day5/Device8/IQ_1.dat,211,16542189,7,17,0,test,diff_days_indoor,5,0,0,0,0,0,0.2715420424938202
data/raw/osu_lora/Diff_Days_Indoor_Setup/Day5/Device8/IQ_1.dat,212,16620588,7,7,1,test,diff_days_indoor,5,0,0,0,0,0,0.6042783856391907
data/raw/osu_lora/Diff_Days_Indoor_Setup/Day5/Device8/IQ_1.dat,213,16698987,7,7,1,test,diff_days_indoor,5,0,0,0,0,0,0.5404539704322815
data/raw/osu_lora/Diff_Days_Indoor_Setup/Day5/Device8/IQ_1.dat,214,16777386,7,6,0,test,diff_days_indoor,5,0,0,0,0,0,0.20441199839115143
data/raw/osu_lora/Diff_Days_Indoor_Setup/Day5/Device8/IQ_1.dat,215,16855785,7,17,0,test,diff_days_indoor,5,0,0,0,0,0,0.3810303509235382
data/raw/osu_lora/Diff_Days_Indoor_Setup/Day5/Device8/IQ_1.dat,216,16934184,7,7,1,test,diff_days_indoor,5,0,0,0,0,0,0.5770586133003235
data/raw/osu_lora/Diff_Days_Indoor_Setup/Day5/Device8/IQ_1.dat,217,17012583,7,7,1,test,diff_days_indoor,5,0,0,0,0,0,0.5496881008148193
data/raw/osu_lora/Diff_Days_Indoor_Setup/Day5/Device8/IQ_1.dat,218,17090982,7,17,0,test,diff_days_indoor,5,0,0,0,0,0,0.5242040157318115
data/raw/osu_lora/Diff_Days_Indoor_Setup/Day5/Device8/IQ_1.dat,219,17169381,7,7,1,test,diff_days_indoor,5,0,0,0,0,0,0.4698474109172821
data/raw/osu_lora/Diff_Days_Indoor_Setup/Day5/Device8/IQ_1.dat,220,17247780,7,15,0,test,diff_days_indoor,5,0,0,0,0,0,0.3483571708202362
data/raw/osu_lora/Diff_Days_Indoor_Setup/Day5/Device8/IQ_1.dat,221,17326179,7,7,1,test,diff_days_indoor,5,0,0,0,0,0,0.4345240592956543
data/raw/osu_lora/Diff_Days_Indoor_Setup/Day5/Device8/IQ_1.dat,222,17404578,7,7,1,test,diff_days_indoor,5,0,0,0,0,0,0.41452184319496155
data/raw/osu_lora/Diff_Days_Indoor_Setup/Day5/Device8/IQ_1.dat,223,17482977,7,17,0,test,diff_days_indoor,5,0,0,0,0,0,0.3289733827114105
data/raw/osu_lora/Diff_Days_Indoor_Setup/Day5/Device8/IQ_1.dat,224,17561376,7,17,0,test,diff_days_indoor,5,0,0,0,0,0,0.41727298498153687
data/raw/osu_lora/Diff_Days_Indoor_Setup/Day5/Device8/IQ_1.dat,225,17639775,7,13,0,test,diff_days_indoor,5,0,0,0,0,0,0.27003559470176697
data/raw/osu_lora/Diff_Days_Indoor_Setup/Day5/Device8/IQ_1.dat,226,17718174,7,7,1,test,diff_days_indoor,5,0,0,0,0,0,0.5790427923202515
data/raw/osu_lora/Diff_Days_Indoor_Setup/Day5/Device8/IQ_1.dat,227,17796573,7,7,1,test,diff_days_indoor,5,0,0,0,0,0,0.5567691326141357
data/raw/osu_lora/Diff_Days_Indoor_Setup/Day5/Device8/IQ_1.dat,228,17874972,7,17,0,test,diff_days_indoor,5,0,0,0,0,0,0.5143201947212219
data/raw/osu_lora/Diff_Days_Indoor_Setup/Day5/Device8/IQ_1.dat,229,17953371,7,17,0,test,diff_days_indoor,5,0,0,0,0,0,0.4077089726924896
data/raw/osu_lora/Diff_Days_Indoor_Setup/Day5/Device8/IQ_1.dat,230,18031770,7,15,0,test,diff_days_indoor,5,0,0,0,0,0,0.45061516761779785
data/raw/osu_lora/Diff_Days_Indoor_Setup/Day5/Device8/IQ_1.dat,231,18110169,7,7,1,test,diff_days_indoor,5,0,0,0,0,0,0.618080735206604
data/raw/osu_lora/Diff_Days_Indoor_Setup/Day5/Device8/IQ_1.dat,232,18188568,7,7,1,test,diff_days_indoor,5,0,0,0,0,0,0.4588924050331116
data/raw/osu_lora/Diff_Days_Indoor_Setup/Day5/Device8/IQ_1.dat,233,18266967,7,7,1,test,diff_days_indoor,5,0,0,0,0,0,0.5053629875183105
data/raw/osu_lora/Diff_Days_Indoor_Setup/Day5/Device8/IQ_1.dat,234,18345366,7,7,1,test,diff_days_indoor,5,0,0,0,0,0,0.4643976092338562
data/raw/osu_lora/Diff_Days_Indoor_Setup/Day5/Device8/IQ_1.dat,235,18423765,7,7,1,test,diff_days_indoor,5,0,0,0,0,0,0.5453867316246033
data/raw/osu_lora/Diff_Days_Indoor_Setup/Day5/Device8/IQ_1.dat,236,18502164,7,7,1,test,diff_days_indoor,5,0,0,0,0,0,0.49027594923973083
data/raw/osu_lora/Diff_Days_Indoor_Setup/Day5/Device8/IQ_1.dat,237,18580563,7,7,1,test,diff_days_indoor,5,0,0,0,0,0,0.5990243554115295
data/raw/osu_lora/Diff_Days_Indoor_Setup/Day5/Device8/IQ_1.dat,238,18658962,7,15,0,test,diff_days_indoor,5,0,0,0,0,0,0.33215978741645813
data/raw/osu_lora/Diff_Days_Indoor_Setup/Day5/Device8/IQ_1.dat,239,18737361,7,7,1,test,diff_days_indoor,5,0,0,0,0,0,0.4525945782661438
data/raw/osu_lora/Diff_Days_Indoor_Setup/Day5/Device8/IQ_1.dat,240,18815760,7,16,0,test,diff_days_indoor,5,0,0,0,0,0,0.2798226475715637
data/raw/osu_lora/Diff_Days_Indoor_Setup/Day5/Device8/IQ_1.dat,241,18894159,7,7,1,test,diff_days_indoor,5,0,0,0,0,0,0.591606080532074
data/raw/osu_lora/Diff_Days_Indoor_Setup/Day5/Device8/IQ_1.dat,242,18972558,7,7,1,test,diff_days_indoor,5,0,0,0,0,0,0.6234602332115173
data/raw/osu_lora/Diff_Days_Indoor_Setup/Day5/Device8/IQ_1.dat,243,19050957,7,7,1,test,diff_days_indoor,5,0,0,0,0,0,0.5065872073173523
data/raw/osu_lora/Diff_Days_Indoor_Setup/Day5/Device8/IQ_1.dat,244,19129356,7,7,1,test,diff_days_indoor,5,0,0,0,0,0,0.5529999136924744
data/raw/osu_lora/Diff_Days_Indoor_Setup/Day5/Device8/IQ_1.dat,245,19207755,7,17,0,test,diff_days_indoor,5,0,0,0,0,0,0.40815213322639465
data/raw/osu_lora/Diff_Days_Indoor_Setup/Day5/Device8/IQ_1.dat,246,19286154,7,7,1,test,diff_days_indoor,5,0,0,0,0,0,0.5497565269470215
data/raw/osu_lora/Diff_Days_Indoor_Setup/Day5/Device8/IQ_1.dat,247,19364553,7,7,1,test,diff_days_indoor,5,0,0,0,0,0,0.5491675734519958
data/raw/osu_lora/Diff_Days_Indoor_Setup/Day5/Device8/IQ_1.dat,248,19442952,7,7,1,test,diff_days_indoor,5,0,0,0,0,0,0.5067247748374939
data/raw/osu_lora/Diff_Days_Indoor_Setup/Day5/Device8/IQ_1.dat,249,19521351,7,7,1,test,diff_days_indoor,5,0,0,0,0,0,0.27658095955848694
data/raw/osu_lora/Diff_Days_Indoor_Setup/Day5/Device8/IQ_1.dat,250,19599750,7,7,1,test,diff_days_indoor,5,0,0,0,0,0,0.4573124349117279
data/raw/osu_lora/Diff_Days_Indoor_Setup/Day5/Device8/IQ_1.dat,251,19678149,7,17,0,test,diff_days_indoor,5,0,0,0,0,0,0.30699649453163147
data/raw/osu_lora/Diff_Days_Indoor_Setup/Day5/Device8/IQ_1.dat,252,19756548,7,7,1,test,diff_days_indoor,5,0,0,0,0,0,0.6062019467353821
data/raw/osu_lora/Diff_Days_Indoor_Setup/Day5/Device8/IQ_1.dat,253,19834947,7,17,0,test,diff_days_indoor,5,0,0,0,0,0,0.3178594708442688
data/raw/osu_lora/Diff_Days_Indoor_Setup/Day5/Device8/IQ_1.dat,254,19913346,7,7,1,test,diff_days_indoor,5,0,0,0,0,0,0.638095498085022
data/raw/osu_lora/Diff_Days_Indoor_Setup/Day5/Device8/IQ_1.dat,255,19991745,7,22,0,test,diff_days_indoor,5,0,0,0,0,0,0.6816624999046326
data/raw/osu_lora/Diff_Days_Indoor_Setup/Day5/Device10/IQ_1.dat,0,0,8,8,1,test,diff_days_indoor,5,0,0,0,0,0,0.5741770267486572
data/raw/osu_lora/Diff_Days_Indoor_Setup/Day5/Device10/IQ_1.dat,1,78399,8,20,0,test,diff_days_indoor,5,0,0,0,0,0,0.689522922039032
data/raw/osu_lora/Diff_Days_Indoor_Setup/Day5/Device10/IQ_1.dat,2,156798,8,20,0,test,diff_days_indoor,5,0,0,0,0,0,0.5101557970046997
data/raw/osu_lora/Diff_Days_Indoor_Setup/Day5/Device10/IQ_1.dat,3,235197,8,20,0,test,diff_days_indoor,5,0,0,0,0,0,0.703159511089325
data/raw/osu_lora/Diff_Days_Indoor_Setup/Day5/Device10/IQ_1.dat,4,313596,8,8,1,test,diff_days_indoor,5,0,0,0,0,0,0.5177434682846069
data/raw/osu_lora/Diff_Days_Indoor_Setup/Day5/Device10/IQ_1.dat,5,391995,8,8,1,test,diff_days_indoor,5,0,0,0,0,0,0.5736163854598999
data/raw/osu_lora/Diff_Days_Indoor_Setup/Day5/Device10/IQ_1.dat,6,470394,8,20,0,test,diff_days_indoor,5,0,0,0,0,0,0.5890492796897888
data/raw/osu_lora/Diff_Days_Indoor_Setup/Day5/Device10/IQ_1.dat,7,548793,8,8,1,test,diff_days_indoor,5,0,0,0,0,0,0.6219830513000488
data/raw/osu_lora/Diff_Days_Indoor_Setup/Day5/Device10/IQ_1.dat,8,627192,8,20,0,test,diff_days_indoor,5,0,0,0,0,0,0.5869256854057312
data/raw/osu_lora/Diff_Days_Indoor_Setup/Day5/Device10/IQ_1.dat,9,705591,8,8,1,test,diff_days_indoor,5,0,0,0,0,0,0.5539638996124268
data/raw/osu_lora/Diff_Days_Indoor_Setup/Day5/Device10/IQ_1.dat,10,783990,8,8,1,test,diff_days_indoor,5,0,0,0,0,0,0.6902965307235718
data/raw/osu_lora/Diff_Days_Indoor_Setup/Day5/Device10/IQ_1.dat,11,862389,8,20,0,test,diff_days_indoor,5,0,0,0,0,0,0.5506494641304016
data/raw/osu_lora/Diff_Days_Indoor_Setup/Day5/Device10/IQ_1.dat,12,940788,8,20,0,test,diff_days_indoor,5,0,0,0,0,0,0.6616796851158142
data/raw/osu_lora/Diff_Days_Indoor_Setup/Day5/Device10/IQ_1.dat,13,1019187,8,8,1,test,diff_days_indoor,5,0,0,0,0,0,0.6932275295257568
data/raw/osu_lora/Diff_Days_Indoor_Setup/Day5/Device10/IQ_1.dat,14,1097586,8,8,1,test,diff_days_indoor,5,0,0,0,0,0,0.680570662021637
data/raw/osu_lora/Diff_Days_Indoor_Setup/Day5/Device10/IQ_1.dat,15,1175985,8,20,0,test,diff_days_indoor,5,0,0,0,0,0,0.526094913482666
data/raw/osu_lora/Diff_Days_Indoor_Setup/Day5/Device10/IQ_1.dat,16,1254384,8,20,0,test,diff_days_indoor,5,0,0,0,0,0,0.5061209797859192
data/raw/osu_lora/Diff_Days_Indoor_Setup/Day5/Device10/IQ_1.dat,17,1332783,8,8,1,test,diff_days_indoor,5,0,0,0,0,0,0.6753555536270142
data/raw/osu_lora/Diff_Days_Indoor_Setup/Day5/Device10/IQ_1.dat,18,1411182,8,20,0,test,diff_days_indoor,5,0,0,0,0,0,0.5840018391609192
data/raw/osu_lora/Diff_Days_Indoor_Setup/Day5/Device10/IQ_1.dat,19,1489581,8,20,0,test,diff_days_indoor,5,0,0,0,0,0,0.6272352337837219
data/raw/osu_lora/Diff_Days_Indoor_Setup/Day5/Device10/IQ_1.dat,20,1567980,8,6,0,test,diff_days_indoor,5,0,0,0,0,0,0.44198331236839294
data/raw/osu_lora/Diff_Days_Indoor_Setup/Day5/Device10/IQ_1.dat,21,1646379,8,20,0,test,diff_days_indoor,5,0,0,0,0,0,0.5703976154327393
data/raw/osu_lora/Diff_Days_Indoor_Setup/Day5/Device10/IQ_1.dat,22,1724778,8,20,0,test,diff_days_indoor,5,0,0,0,0,0,0.6780524849891663
data/raw/osu_lora/Diff_Days_Indoor_Setup/Day5/Device10/IQ_1.dat,23,1803177,8,8,1,test,diff_days_indoor,5,0,0,0,0,0,0.5313429832458496
data/raw/osu_lora/Diff_Days_Indoor_Setup/Day5/Device10/IQ_1.dat,24,1881576,8,8,1,test,diff_days_indoor,5,0,0,0,0,0,0.5854547023773193
data/raw/osu_lora/Diff_Days_Indoor_Setup/Day5/Device10/IQ_1.dat,25,1959975,8,20,0,test,diff_days_indoor,5,0,0,0,0,0,0.6700815558433533
data/raw/osu_lora/Diff_Days_Indoor_Setup/Day5/Device10/IQ_1.dat,26,2038374,8,20,0,test,diff_days_indoor,5,0,0,0,0,0,0.5358971953392029
data/raw/osu_lora/Diff_Days_Indoor_Setup/Day5/Device10/IQ_1.dat,27,2116773,8,8,1,test,diff_days_indoor,5,0,0,0,0,0,0.7060874700546265
data/raw/osu_lora/Diff_Days_Indoor_Setup/Day5/Device10/IQ_1.dat,28,2195172,8,8,1,test,diff_days_indoor,5,0,0,0,0,0,0.6024643182754517
data/raw/osu_lora/Diff_Days_Indoor_Setup/Day5/Device10/IQ_1.dat,29,2273571,8,20,0,test,diff_days_indoor,5,0,0,0,0,0,0.5988137125968933
data/raw/osu_lora/Diff_Days_Indoor_Setup/Day5/Device10/IQ_1.dat,30,2351970,8,8,1,test,diff_days_indoor,5,0,0,0,0,0,0.738114595413208
data/raw/osu_lora/Diff_Days_Indoor_Setup/Day5/Device10/IQ_1.dat,31,2430369,8,8,1,test,diff_days_indoor,5,0,0,0,0,0,0.5672863125801086
data/raw/osu_lora/Diff_Days_Indoor_Setup/Day5/Device10/IQ_1.dat,32,2508768,8,8,1,test,diff_days_indoor,5,0,0,0,0,0,0.6948429346084595
data/raw/osu_lora/Diff_Days_Indoor_Setup/Day5/Device10/IQ_1.dat,33,2587167,8,20,0,test,diff_days_indoor,5,0,0,0,0,0,0.6871987581253052
data/raw/osu_lora/Diff_Days_Indoor_Setup/Day5/Device10/IQ_1.dat,34,2665566,8,8,1,test,diff_days_indoor,5,0,0,0,0,0,0.5561832785606384
data/raw/osu_lora/Diff_Days_Indoor_Setup/Day5/Device10/IQ_1.dat,35,2743965,8,20,0,test,diff_days_indoor,5,0,0,0,0,0,0.6096540689468384
data/raw/osu_lora/Diff_Days_Indoor_Setup/Day5/Device10/IQ_1.dat,36,2822364,8,8,1,test,diff_days_indoor,5,0,0,0,0,0,0.6350922584533691
data/raw/osu_lora/Diff_Days_Indoor_Setup/Day5/Device10/IQ_1.dat,37,2900763,8,8,1,test,diff_days_indoor,5,0,0,0,0,0,0.672935962677002
data/raw/osu_lora/Diff_Days_Indoor_Setup/Day5/Device10/IQ_1.dat,38,2979162,8,20,0,test,diff_days_indoor,5,0,0,0,0,0,0.7035675644874573
data/raw/osu_lora/Diff_Days_Indoor_Setup/Day5/Device10/IQ_1.dat,39,3057561,8,8,1,test,diff_days_indoor,5,0,0,0,0,0,0.7425181269645691
data/raw/osu_lora/Diff_Days_Indoor_Setup/Day5/Device10/IQ_1.dat,40,3135960,8,8,1,test,diff_days_indoor,5,0,0,0,0,0,0.5741299986839294
data/raw/osu_lora/Diff_Days_Indoor_Setup/Day5/Device10/IQ_1.dat,41,3214359,8,20,0,test,diff_days_indoor,5,0,0,0,0,0,0.7092679738998413
data/raw/osu_lora/Diff_Days_Indoor_Setup/Day5/Device10/IQ_1.dat,42,3292758,8,20,0,test,diff_days_indoor,5,0,0,0,0,0,0.6016681790351868
data/raw/osu_lora/Diff_Days_Indoor_Setup/Day5/Device10/IQ_1.dat,43,3371157,8,20,0,test,diff_days_indoor,5,0,0,0,0,0,0.6605228185653687
data/raw/osu_lora/Diff_Days_Indoor_Setup/Day5/Device10/IQ_1.dat,44,3449556,8,8,1,test,diff_days_indoor,5,0,0,0,0,0,0.6839303970336914
data/raw/osu_lora/Diff_Days_Indoor_Setup/Day5/Device10/IQ_1.dat,45,3527955,8,8,1,test,diff_days_indoor,5,0,0,0,0,0,0.8019475340843201
data/raw/osu_lora/Diff_Days_Indoor_Setup/Day5/Device10/IQ_1.dat,46,3606354,8,8,1,test,diff_days_indoor,5,0,0,0,0,0,0.6527429223060608
data/raw/osu_lora/Diff_Days_Indoor_Setup/Day5/Device10/IQ_1.dat,47,3684753,8,20,0,test,diff_days_indoor,5,0,0,0,0,0,0.611988365650177
data/raw/osu_lora/Diff_Days_Indoor_Setup/Day5/Device10/IQ_1.dat,48,3763152,8,8,1,test,diff_days_indoor,5,0,0,0,0,0,0.5719513297080994
data/raw/osu_lora/Diff_Days_Indoor_Setup/Day5/Device10/IQ_1.dat,49,3841551,8,8,1,test,diff_days_indoor,5,0,0,0,0,0,0.6234853863716125
data/raw/osu_lora/Diff_Days_Indoor_Setup/Day5/Device10/IQ_1.dat,50,3919950,8,20,0,test,diff_days_indoor,5,0,0,0,0,0,0.7187249064445496
data/raw/osu_lora/Diff_Days_Indoor_Setup/Day5/Device10/IQ_1.dat,51,3998349,8,8,1,test,diff_days_indoor,5,0,0,0,0,0,0.5590148568153381
data/raw/osu_lora/Diff_Days_Indoor_Setup/Day5/Device10/IQ_1.dat,52,4076748,8,20,0,test,diff_days_indoor,5,0,0,0,0,0,0.5746827125549316
data/raw/osu_lora/Diff_Days_Indoor_Setup/Day5/Device10/IQ_1.dat,53,4155147,8,20,0,test,diff_days_indoor,5,0,0,0,0,0,0.582969069480896
data/raw/osu_lora/Diff_Days_Indoor_Setup/Day5/Device10/IQ_1.dat,54,4233546,8,8,1,test,diff_days_indoor,5,0,0,0,0,0,0.5117592811584473
data/raw/osu_lora/Diff_Days_Indoor_Setup/Day5/Device10/IQ_1.dat,55,4311945,8,8,1,test,diff_days_indoor,5,0,0,0,0,0,0.7707805037498474
data/raw/osu_lora/Diff_Days_Indoor_Setup/Day5/Device10/IQ_1.dat,56,4390344,8,8,1,test,diff_days_indoor,5,0,0,0,0,0,0.6197302937507629
data/raw/osu_lora/Diff_Days_Indoor_Setup/Day5/Device10/IQ_1.dat,57,4468743,8,20,0,test,diff_days_indoor,5,0,0,0,0,0,0.5814548134803772
data/raw/osu_lora/Diff_Days_Indoor_Setup/Day5/Device10/IQ_1.dat,58,4547142,8,8,1,test,diff_days_indoor,5,0,0,0,0,0,0.5713623762130737
data/raw/osu_lora/Diff_Days_Indoor_Setup/Day5/Device10/IQ_1.dat,59,4625541,8,8,1,test,diff_days_indoor,5,0,0,0,0,0,0.6547235250473022
data/raw/osu_lora/Diff_Days_Indoor_Setup/Day5/Device10/IQ_1.dat,60,4703940,8,8,1,test,diff_days_indoor,5,0,0,0,0,0,0.7064079642295837
data/raw/osu_lora/Diff_Days_Indoor_Setup/Day5/Device10/IQ_1.dat,61,4782339,8,8,1,test,diff_days_indoor,5,0,0,0,0,0,0.6924761533737183
data/raw/osu_lora/Diff_Days_Indoor_Setup/Day5/Device10/IQ_1.dat,62,4860738,8,8,1,test,diff_days_indoor,5,0,0,0,0,0,0.3891238868236542
data/raw/osu_lora/Diff_Days_Indoor_Setup/Day5/Device10/IQ_1.dat,63,4939137,8,20,0,test,diff_days_indoor,5,0,0,0,0,0,0.5220634937286377
data/raw/osu_lora/Diff_Days_Indoor_Setup/Day5/Device10/IQ_1.dat,64,5017536,8,20,0,test,diff_days_indoor,5,0,0,0,0,0,0.5377436876296997
data/raw/osu_lora/Diff_Days_Indoor_Setup/Day5/Device10/IQ_1.dat,65,5095935,8,8,1,test,diff_days_indoor,5,0,0,0,0,0,0.6849544644355774
data/raw/osu_lora/Diff_Days_Indoor_Setup/Day5/Device10/IQ_1.dat,66,5174334,8,8,1,test,diff_days_indoor,5,0,0,0,0,0,0.7087994813919067
data/raw/osu_lora/Diff_Days_Indoor_Setup/Day5/Device10/IQ_1.dat,67,5252733,8,20,0,test,diff_days_indoor,5,0,0,0,0,0,0.6389454007148743
data/raw/osu_lora/Diff_Days_Indoor_Setup/Day5/Device10/IQ_1.dat,68,5331132,8,8,1,test,diff_days_indoor,5,0,0,0,0,0,0.6966132521629333
data/raw/osu_lora/Diff_Days_Indoor_Setup/Day5/Device10/IQ_1.dat,69,5409531,8,8,1,test,diff_days_indoor,5,0,0,0,0,0,0.5005745887756348
data/raw/osu_lora/Diff_Days_Indoor_Setup/Day5/Device10/IQ_1.dat,70,5487930,8,8,1,test,diff_days_indoor,5,0,0,0,0,0,0.4944126307964325
data/raw/osu_lora/Diff_Days_Indoor_Setup/Day5/Device10/IQ_1.dat,71,5566329,8,8,1,test,diff_days_indoor,5,0,0,0,0,0,0.6622743010520935
data/raw/osu_lora/Diff_Days_Indoor_Setup/Day5/Device10/IQ_1.dat,72,5644728,8,8,1,test,diff_days_indoor,5,0,0,0,0,0,0.5324914455413818
data/raw/osu_lora/Diff_Days_Indoor_Setup/Day5/Device10/IQ_1.dat,73,5723127,8,8,1,test,diff_days_indoor,5,0,0,0,0,0,0.6637948751449585
data/raw/osu_lora/Diff_Days_Indoor_Setup/Day5/Device10/IQ_1.dat,74,5801526,8,8,1,test,diff_days_indoor,5,0,0,0,0,0,0.5557408928871155
data/raw/osu_lora/Diff_Days_Indoor_Setup/Day5/Device10/IQ_1.dat,75,5879925,8,8,1,test,diff_days_indoor,5,0,0,0,0,0,0.6640393137931824
data/raw/osu_lora/Diff_Days_Indoor_Setup/Day5/Device10/IQ_1.dat,76,5958324,8,20,0,test,diff_days_indoor,5,0,0,0,0,0,0.7194625735282898
data/raw/osu_lora/Diff_Days_Indoor_Setup/Day5/Device10/IQ_1.dat,77,6036723,8,8,1,test,diff_days_indoor,5,0,0,0,0,0,0.7231804728507996
data/raw/osu_lora/Diff_Days_Indoor_Setup/Day5/Device10/IQ_1.dat,78,6115122,8,20,0,test,diff_days_indoor,5,0,0,0,0,0,0.5974418520927429
data/raw/osu_lora/Diff_Days_Indoor_Setup/Day5/Device10/IQ_1.dat,79,6193521,8,20,0,test,diff_days_indoor,5,0,0,0,0,0,0.6683470010757446
data/raw/osu_lora/Diff_Days_Indoor_Setup/Day5/Device10/IQ_1.dat,80,6271920,8,20,0,test,diff_days_indoor,5,0,0,0,0,0,0.5264815092086792
data/raw/osu_lora/Diff_Days_Indoor_Setup/Day5/Device10/IQ_1.dat,81,6350319,8,8,1,test,diff_days_indoor,5,0,0,0,0,0,0.6016566157341003
data/raw/osu_lora/Diff_Days_Indoor_Setup/Day5/Device10/IQ_1.dat,82,6428718,8,20,0,test,diff_days_indoor,5,0,0,0,0,0,0.6318145394325256
data/raw/osu_lora/Diff_Days_Indoor_Setup/Day5/Device10/IQ_1.dat,83,6507117,8,20,0,test,diff_days_indoor,5,0,0,0,0,0,0.49069616198539734
data/raw/osu_lora/Diff_Days_Indoor_Setup/Day5/Device10/IQ_1.dat,84,6585516,8,20,0,test,diff_days_indoor,5,0,0,0,0,0,0.4321928024291992
data/raw/osu_lora/Diff_Days_Indoor_Setup/Day5/Device10/IQ_1.dat,85,6663915,8,20,0,test,diff_days_indoor,5,0,0,0,0,0,0.5445935726165771
data/raw/osu_lora/Diff_Days_Indoor_Setup/Day5/Device10/IQ_1.dat,86,6742314,8,8,1,test,diff_days_indoor,5,0,0,0,0,0,0.5917198061943054
data/raw/osu_lora/Diff_Days_Indoor_Setup/Day5/Device10/IQ_1.dat,87,6820713,8,20,0,test,diff_days_indoor,5,0,0,0,0,0,0.5963334441184998
data/raw/osu_lora/Diff_Days_Indoor_Setup/Day5/Device10/IQ_1.dat,88,6899112,8,20,0,test,diff_days_indoor,5,0,0,0,0,0,0.5358687043190002
data/raw/osu_lora/Diff_Days_Indoor_Setup/Day5/Device10/IQ_1.dat,89,6977511,8,20,0,test,diff_days_indoor,5,0,0,0,0,0,0.5985034704208374
data/raw/osu_lora/Diff_Days_Indoor_Setup/Day5/Device10/IQ_1.dat,90,7055910,8,8,1,test,diff_days_indoor,5,0,0,0,0,0,0.5789744257926941
data/raw/osu_lora/Diff_Days_Indoor_Setup/Day5/Device10/IQ_1.dat,91,7134309,8,21,0,test,diff_days_indoor,5,0,0,0,0,0,0.18626737594604492
data/raw/osu_lora/Diff_Days_Indoor_Setup/Day5/Device10/IQ_1.dat,92,7212708,8,8,1,test,diff_days_indoor,5,0,0,0,0,0,0.7451696395874023
data/raw/osu_lora/Diff_Days_Indoor_Setup/Day5/Device10/IQ_1.dat,93,7291107,8,20,0,test,diff_days_indoor,5,0,0,0,0,0,0.5691957473754883
data/raw/osu_lora/Diff_Days_Indoor_Setup/Day5/Device10/IQ_1.dat,94,7369506,8,8,1,test,diff_days_indoor,5,0,0,0,0,0,0.5325979590415955
data/raw/osu_lora/Diff_Days_Indoor_Setup/Day5/Device10/IQ_1.dat,95,7447905,8,8,1,test,diff_days_indoor,5,0,0,0,0,0,0.5636950135231018
data/raw/osu_lora/Diff_Days_Indoor_Setup/Day5/Device10/IQ_1.dat,96,7526304,8,8,1,test,diff_days_indoor,5,0,0,0,0,0,0.5254799723625183
data/raw/osu_lora/Diff_Days_Indoor_Setup/Day5/Device10/IQ_1.dat,97,7604703,8,20,0,test,diff_days_indoor,5,0,0,0,0,0,0.4254058599472046
data/raw/osu_lora/Diff_Days_Indoor_Setup/Day5/Device10/IQ_1.dat,98,7683102,8,8,1,test,diff_days_indoor,5,0,0,0,0,0,0.5683020353317261
data/raw/osu_lora/Diff_Days_Indoor_Setup/Day5/Device10/IQ_1.dat,99,7761501,8,8,1,test,diff_days_indoor,5,0,0,0,0,0,0.6989383697509766
data/raw/osu_lora/Diff_Days_Indoor_Setup/Day5/Device10/IQ_1.dat,100,7839900,8,8,1,test,diff_days_indoor,5,0,0,0,0,0,0.5998622179031372
data/raw/osu_lora/Diff_Days_Indoor_Setup/Day5/Device10/IQ_1.dat,101,7918299,8,8,1,test,diff_days_indoor,5,0,0,0,0,0,0.8349907994270325
data/raw/osu_lora/Diff_Days_Indoor_Setup/Day5/Device10/IQ_1.dat,102,7996698,8,8,1,test,diff_days_indoor,5,0,0,0,0,0,0.5068045258522034
data/raw/osu_lora/Diff_Days_Indoor_Setup/Day5/Device10/IQ_1.dat,103,8075097,8,20,0,test,diff_days_indoor,5,0,0,0,0,0,0.5809711217880249
data/raw/osu_lora/Diff_Days_Indoor_Setup/Day5/Device10/IQ_1.dat,104,8153496,8,8,1,test,diff_days_indoor,5,0,0,0,0,0,0.6877337694168091
data/raw/osu_lora/Diff_Days_Indoor_Setup/Day5/Device10/IQ_1.dat,105,8231895,8,8,1,test,diff_days_indoor,5,0,0,0,0,0,0.6511130928993225
data/raw/osu_lora/Diff_Days_Indoor_Setup/Day5/Device10/IQ_1.dat,106,8310294,8,20,0,test,diff_days_indoor,5,0,0,0,0,0,0.7051746249198914
data/raw/osu_lora/Diff_Days_Indoor_Setup/Day5/Device10/IQ_1.dat,107,8388693,8,20,0,test,diff_days_indoor,5,0,0,0,0,0,0.5982130765914917
data/raw/osu_lora/Diff_Days_Indoor_Setup/Day5/Device10/IQ_1.dat,108,8467092,8,20,0,test,diff_days_indoor,5,0,0,0,0,0,0.5155456066131592
data/raw/osu_lora/Diff_Days_Indoor_Setup/Day5/Device10/IQ_1.dat,109,8545491,8,20,0,test,diff_days_indoor,5,0,0,0,0,0,0.3910911977291107
data/raw/osu_lora/Diff_Days_Indoor_Setup/Day5/Device10/IQ_1.dat,110,8623890,8,20,0,test,diff_days_indoor,5,0,0,0,0,0,0.642115592956543
data/raw/osu_lora/Diff_Days_Indoor_Setup/Day5/Device10/IQ_1.dat,111,8702289,8,20,0,test,diff_days_indoor,5,0,0,0,0,0,0.5528824925422668
data/raw/osu_lora/Diff_Days_Indoor_Setup/Day5/Device10/IQ_1.dat,112,8780688,8,8,1,test,diff_days_indoor,5,0,0,0,0,0,0.7034396529197693
data/raw/osu_lora/Diff_Days_Indoor_Setup/Day5/Device10/IQ_1.dat,113,8859087,8,8,1,test,diff_days_indoor,5,0,0,0,0,0,0.6611682176589966
data/raw/osu_lora/Diff_Days_Indoor_Setup/Day5/Device10/IQ_1.dat,114,8937486,8,20,0,test,diff_days_indoor,5,0,0,0,0,0,0.5132532119750977
data/raw/osu_lora/Diff_Days_Indoor_Setup/Day5/Device10/IQ_1.dat,115,9015885,8,20,0,test,diff_days_indoor,5,0,0,0,0,0,0.538442850112915
data/raw/osu_lora/Diff_Days_Indoor_Setup/Day5/Device10/IQ_1.dat,116,9094284,8,8,1,test,diff_days_indoor,5,0,0,0,0,0,0.6096664667129517
data/raw/osu_lora/Diff_Days_Indoor_Setup/Day5/Device10/IQ_1.dat,117,9172683,8,8,1,test,diff_days_indoor,5,0,0,0,0,0,0.6412273645401001
data/raw/osu_lora/Diff_Days_Indoor_Setup/Day5/Device10/IQ_1.dat,118,9251082,8,20,0,test,diff_days_indoor,5,0,0,0,0,0,0.5674631595611572
data/raw/osu_lora/Diff_Days_Indoor_Setup/Day5/Device10/IQ_1.dat,119,9329481,8,20,0,test,diff_days_indoor,5,0,0,0,0,0,0.5379953384399414
data/raw/osu_lora/Diff_Days_Indoor_Setup/Day5/Device10/IQ_1.dat,120,9407880,8,8,1,test,diff_days_indoor,5,0,0,0,0,0,0.5190074443817139
data/raw/osu_lora/Diff_Days_Indoor_Setup/Day5/Device10/IQ_1.dat,121,9486279,8,8,1,test,diff_days_indoor,5,0,0,0,0,0,0.6650078892707825
data/raw/osu_lora/Diff_Days_Indoor_Setup/Day5/Device10/IQ_1.dat,122,9564678,8,8,1,test,diff_days_indoor,5,0,0,0,0,0,0.7403879165649414
data/raw/osu_lora/Diff_Days_Indoor_Setup/Day5/Device10/IQ_1.dat,123,9643077,8,20,0,test,diff_days_indoor,5,0,0,0,0,0,0.7788530588150024
data/raw/osu_lora/Diff_Days_Indoor_Setup/Day5/Device10/IQ_1.dat,124,9721476,8,20,0,test,diff_days_indoor,5,0,0,0,0,0,0.6059762239456177
data/raw/osu_lora/Diff_Days_Indoor_Setup/Day5/Device10/IQ_1.dat,125,9799875,8,20,0,test,diff_days_indoor,5,0,0,0,0,0,0.6328842043876648
data/raw/osu_lora/Diff_Days_Indoor_Setup/Day5/Device10/IQ_1.dat,126,9878274,8,20,0,test,diff_days_indoor,5,0,0,0,0,0,0.6632096171379089
data/raw/osu_lora/Diff_Days_Indoor_Setup/Day5/Device10/IQ_1.dat,127,9956673,8,20,0,test,diff_days_indoor,5,0,0,0,0,0,0.5509361624717712
data/raw/osu_lora/Diff_Days_Indoor_Setup/Day5/Device10/IQ_1.dat,128,10035072,8,8,1,test,diff_days_indoor,5,0,0,0,0,0,0.6351217031478882
data/raw/osu_lora/Diff_Days_Indoor_Setup/Day5/Device10/IQ_1.dat,129,10113471,8,8,1,test,diff_days_indoor,5,0,0,0,0,0,0.571439266204834
data/raw/osu_lora/Diff_Days_Indoor_Setup/Day5/Device10/IQ_1.dat,130,10191870,8,20,0,test,diff_days_indoor,5,0,0,0,0,0,0.6464781761169434
data/raw/osu_lora/Diff_Days_Indoor_Setup/Day5/Device10/IQ_1.dat,131,10270269,8,20,0,test,diff_days_indoor,5,0,0,0,0,0,0.5886133313179016
data/raw/osu_lora/Diff_Days_Indoor_Setup/Day5/Device10/IQ_1.dat,132,10348668,8,8,1,test,diff_days_indoor,5,0,0,0,0,0,0.5151455998420715
data/raw/osu_lora/Diff_Days_Indoor_Setup/Day5/Device10/IQ_1.dat,133,10427067,8,8,1,test,diff_days_indoor,5,0,0,0,0,0,0.5604649782180786
data/raw/osu_lora/Diff_Days_Indoor_Setup/Day5/Device10/IQ_1.dat,134,10505466,8,8,1,test,diff_days_indoor,5,0,0,0,0,0,0.5270071029663086
data/raw/osu_lora/Diff_Days_Indoor_Setup/Day5/Device10/IQ_1.dat,135,10583865,8,20,0,test,diff_days_indoor,5,0,0,0,0,0,0.5130242109298706
data/raw/osu_lora/Diff_Days_Indoor_Setup/Day5/Device10/IQ_1.dat,136,10662264,8,8,1,test,diff_days_indoor,5,0,0,0,0,0,0.48871374130249023
data/raw/osu_lora/Diff_Days_Indoor_Setup/Day5/Device10/IQ_1.dat,137,10740663,8,20,0,test,diff_days_indoor,5,0,0,0,0,0,0.584959864616394
data/raw/osu_lora/Diff_Days_Indoor_Setup/Day5/Device10/IQ_1.dat,138,10819062,8,20,0,test,diff_days_indoor,5,0,0,0,0,0,0.6110516786575317
data/raw/osu_lora/Diff_Days_Indoor_Setup/Day5/Device10/IQ_1.dat,139,10897461,8,20,0,test,diff_days_indoor,5,0,0,0,0,0,0.6227276921272278
data/raw/osu_lora/Diff_Days_Indoor_Setup/Day5/Device10/IQ_1.dat,140,10975860,8,6,0,test,diff_days_indoor,5,0,0,0,0,0,0.5131090879440308
data/raw/osu_lora/Diff_Days_Indoor_Setup/Day5/Device10/IQ_1.dat,141,11054259,8,20,0,test,diff_days_indoor,5,0,0,0,0,0,0.5005750060081482
data/raw/osu_lora/Diff_Days_Indoor_Setup/Day5/Device10/IQ_1.dat,142,11132658,8,8,1,test,diff_days_indoor,5,0,0,0,0,0,0.5572410225868225
data/raw/osu_lora/Diff_Days_Indoor_Setup/Day5/Device10/IQ_1.dat,143,11211057,8,8,1,test,diff_days_indoor,5,0,0,0,0,0,0.7609202861785889
data/raw/osu_lora/Diff_Days_Indoor_Setup/Day5/Device10/IQ_1.dat,144,11289456,8,8,1,test,diff_days_indoor,5,0,0,0,0,0,0.5812926292419434
data/raw/osu_lora/Diff_Days_Indoor_Setup/Day5/Device10/IQ_1.dat,145,11367855,8,20,0,test,diff_days_indoor,5,0,0,0,0,0,0.6217778921127319
data/raw/osu_lora/Diff_Days_Indoor_Setup/Day5/Device10/IQ_1.dat,146,11446254,8,8,1,test,diff_days_indoor,5,0,0,0,0,0,0.6827841997146606
data/raw/osu_lora/Diff_Days_Indoor_Setup/Day5/Device10/IQ_1.dat,147,11524653,8,8,1,test,diff_days_indoor,5,0,0,0,0,0,0.7135375738143921
data/raw/osu_lora/Diff_Days_Indoor_Setup/Day5/Device10/IQ_1.dat,148,11603052,8,8,1,test,diff_days_indoor,5,0,0,0,0,0,0.6192027926445007
data/raw/osu_lora/Diff_Days_Indoor_Setup/Day5/Device10/IQ_1.dat,149,11681451,8,8,1,test,diff_days_indoor,5,0,0,0,0,0,0.5183728337287903
data/raw/osu_lora/Diff_Days_Indoor_Setup/Day5/Device10/IQ_1.dat,150,11759850,8,8,1,test,diff_days_indoor,5,0,0,0,0,0,0.6321807503700256
data/raw/osu_lora/Diff_Days_Indoor_Setup/Day5/Device10/IQ_1.dat,151,11838249,8,20,0,test,diff_days_indoor,5,0,0,0,0,0,0.5234630107879639
data/raw/osu_lora/Diff_Days_Indoor_Setup/Day5/Device10/IQ_1.dat,152,11916648,8,8,1,test,diff_days_indoor,5,0,0,0,0,0,0.7439413070678711
data/raw/osu_lora/Diff_Days_Indoor_Setup/Day5/Device10/IQ_1.dat,153,11995047,8,20,0,test,diff_days_indoor,5,0,0,0,0,0,0.5119025111198425
data/raw/osu_lora/Diff_Days_Indoor_Setup/Day5/Device10/IQ_1.dat,154,12073446,8,20,0,test,diff_days_indoor,5,0,0,0,0,0,0.5668423175811768
data/raw/osu_lora/Diff_Days_Indoor_Setup/Day5/Device10/IQ_1.dat,155,12151845,8,8,1,test,diff_days_indoor,5,0,0,0,0,0,0.6704761981964111
data/raw/osu_lora/Diff_Days_Indoor_Setup/Day5/Device10/IQ_1.dat,156,12230244,8,8,1,test,diff_days_indoor,5,0,0,0,0,0,0.5794317722320557
data/raw/osu_lora/Diff_Days_Indoor_Setup/Day5/Device10/IQ_1.dat,157,12308643,8,8,1,test,diff_days_indoor,5,0,0,0,0,0,0.6287088990211487
data/raw/osu_lora/Diff_Days_Indoor_Setup/Day5/Device10/IQ_1.dat,158,12387042,8,8,1,test,diff_days_indoor,5,0,0,0,0,0,0.5084370970726013
data/raw/osu_lora/Diff_Days_Indoor_Setup/Day5/Device10/IQ_1.dat,159,12465441,8,8,1,test,diff_days_indoor,5,0,0,0,0,0,0.6067706346511841
data/raw/osu_lora/Diff_Days_Indoor_Setup/Day5/Device10/IQ_1.dat,160,12543840,8,8,1,test,diff_days_indoor,5,0,0,0,0,0,0.6268792152404785
data/raw/osu_lora/Diff_Days_Indoor_Setup/Day5/Device10/IQ_1.dat,161,12622239,8,8,1,test,diff_days_indoor,5,0,0,0,0,0,0.5353401899337769
data/raw/osu_lora/Diff_Days_Indoor_Setup/Day5/Device10/IQ_1.dat,162,12700638,8,20,0,test,diff_days_indoor,5,0,0,0,0,0,0.5978442430496216
data/raw/osu_lora/Diff_Days_Indoor_Setup/Day5/Device10/IQ_1.dat,163,12779037,8,20,0,test,diff_days_indoor,5,0,0,0,0,0,0.5259568095207214
data/raw/osu_lora/Diff_Days_Indoor_Setup/Day5/Device10/IQ_1.dat,164,12857436,8,8,1,test,diff_days_indoor,5,0,0,0,0,0,0.5230515003204346
data/raw/osu_lora/Diff_Days_Indoor_Setup/Day5/Device10/IQ_1.dat,165,12935835,8,8,1,test,diff_days_indoor,5,0,0,0,0,0,0.6690821051597595
data/raw/osu_lora/Diff_Days_Indoor_Setup/Day5/Device10/IQ_1.dat,166,13014234,8,8,1,test,diff_days_indoor,5,0,0,0,0,0,0.6852066516876221
data/raw/osu_lora/Diff_Days_Indoor_Setup/Day5/Device10/IQ_1.dat,167,13092633,8,20,0,test,diff_days_indoor,5,0,0,0,0,0,0.6401044130325317
data/raw/osu_lora/Diff_Days_Indoor_Setup/Day5/Device10/IQ_1.dat,168,13171032,8,8,1,test,diff_days_indoor,5,0,0,0,0,0,0.686151385307312
data/raw/osu_lora/Diff_Days_Indoor_Setup/Day5/Device10/IQ_1.dat,169,13249431,8,8,1,test,diff_days_indoor,5,0,0,0,0,0,0.6247397661209106
data/raw/osu_lora/Diff_Days_Indoor_Setup/Day5/Device10/IQ_1.dat,170,13327830,8,20,0,test,diff_days_indoor,5,0,0,0,0,0,0.6080425977706909
data/raw/osu_lora/Diff_Days_Indoor_Setup/Day5/Device10/IQ_1.dat,171,13406229,8,20,0,test,diff_days_indoor,5,0,0,0,0,0,0.5773779153823853
data/raw/osu_lora/Diff_Days_Indoor_Setup/Day5/Device10/IQ_1.dat,172,13484628,8,20,0,test,diff_days_indoor,5,0,0,0,0,0,0.697780430316925
data/raw/osu_lora/Diff_Days_Indoor_Setup/Day5/Device10/IQ_1.dat,173,13563027,8,8,1,test,diff_days_indoor,5,0,0,0,0,0,0.6998584270477295
data/raw/osu_lora/Diff_Days_Indoor_Setup/Day5/Device10/IQ_1.dat,174,13641426,8,20,0,test,diff_days_indoor,5,0,0,0,0,0,0.697932779788971
data/raw/osu_lora/Diff_Days_Indoor_Setup/Day5/Device10/IQ_1.dat,175,13719825,8,8,1,test,diff_days_indoor,5,0,0,0,0,0,0.5606575608253479
data/raw/osu_lora/Diff_Days_Indoor_Setup/Day5/Device10/IQ_1.dat,176,13798224,8,8,1,test,diff_days_indoor,5,0,0,0,0,0,0.6909511685371399
data/raw/osu_lora/Diff_Days_Indoor_Setup/Day5/Device10/IQ_1.dat,177,13876623,8,8,1,test,diff_days_indoor,5,0,0,0,0,0,0.5831870436668396
data/raw/osu_lora/Diff_Days_Indoor_Setup/Day5/Device10/IQ_1.dat,178,13955022,8,20,0,test,diff_days_indoor,5,0,0,0,0,0,0.519284188747406
data/raw/osu_lora/Diff_Days_Indoor_Setup/Day5/Device10/IQ_1.dat,179,14033421,8,20,0,test,diff_days_indoor,5,0,0,0,0,0,0.507305920124054
data/raw/osu_lora/Diff_Days_Indoor_Setup/Day5/Device10/IQ_1.dat,180,14111820,8,20,0,test,diff_days_indoor,5,0,0,0,0,0,0.6526854038238525
data/raw/osu_lora/Diff_Days_Indoor_Setup/Day5/Device10/IQ_1.dat,181,14190219,8,6,0,test,diff_days_indoor,5,0,0,0,0,0,0.5990328192710876
data/raw/osu_lora/Diff_Days_Indoor_Setup/Day5/Device10/IQ_1.dat,182,14268618,8,6,0,test,diff_days_indoor,5,0,0,0,0,0,0.5293424129486084
data/raw/osu_lora/Diff_Days_Indoor_Setup/Day5/Device10/IQ_1.dat,183,14347017,8,8,1,test,diff_days_indoor,5,0,0,0,0,0,0.7302530407905579
data/raw/osu_lora/Diff_Days_Indoor_Setup/Day5/Device10/IQ_1.dat,184,14425416,8,8,1,test,diff_days_indoor,5,0,0,0,0,0,0.5457801818847656
data/raw/osu_lora/Diff_Days_Indoor_Setup/Day5/Device10/IQ_1.dat,185,14503815,8,20,0,test,diff_days_indoor,5,0,0,0,0,0,0.5152299404144287
data/raw/osu_lora/Diff_Days_Indoor_Setup/Day5/Device10/IQ_1.dat,186,14582214,8,8,1,test,diff_days_indoor,5,0,0,0,0,0,0.6733595728874207
data/raw/osu_lora/Diff_Days_Indoor_Setup/Day5/Device10/IQ_1.dat,187,14660613,8,20,0,test,diff_days_indoor,5,0,0,0,0,0,0.40880003571510315
data/raw/osu_lora/Diff_Days_Indoor_Setup/Day5/Device10/IQ_1.dat,188,14739012,8,20,0,test,diff_days_indoor,5,0,0,0,0,0,0.5043402910232544
data/raw/osu_lora/Diff_Days_Indoor_Setup/Day5/Device10/IQ_1.dat,189,14817411,8,20,0,test,diff_days_indoor,5,0,0,0,0,0,0.6710843443870544
data/raw/osu_lora/Diff_Days_Indoor_Setup/Day5/Device10/IQ_1.dat,190,14895810,8,8,1,test,diff_days_indoor,5,0,0,0,0,0,0.7349481582641602
data/raw/osu_lora/Diff_Days_Indoor_Setup/Day5/Device10/IQ_1.dat,191,14974209,8,8,1,test,diff_days_indoor,5,0,0,0,0,0,0.5012653470039368
data/raw/osu_lora/Diff_Days_Indoor_Setup/Day5/Device10/IQ_1.dat,192,15052608,8,8,1,test,diff_days_indoor,5,0,0,0,0,0,0.622166633605957
data/raw/osu_lora/Diff_Days_Indoor_Setup/Day5/Device10/IQ_1.dat,193,15131007,8,20,0,test,diff_days_indoor,5,0,0,0,0,0,0.5486021041870117
data/raw/osu_lora/Diff_Days_Indoor_Setup/Day5/Device10/IQ_1.dat,194,15209406,8,8,1,test,diff_days_indoor,5,0,0,0,0,0,0.782078742980957
data/raw/osu_lora/Diff_Days_Indoor_Setup/Day5/Device10/IQ_1.dat,195,15287805,8,8,1,test,diff_days_indoor,5,0,0,0,0,0,0.4664977490901947
data/raw/osu_lora/Diff_Days_Indoor_Setup/Day5/Device10/IQ_1.dat,196,15366204,8,20,0,test,diff_days_indoor,5,0,0,0,0,0,0.6370216608047485
data/raw/osu_lora/Diff_Days_Indoor_Setup/Day5/Device10/IQ_1.dat,197,15444603,8,8,1,test,diff_days_indoor,5,0,0,0,0,0,0.4764360785484314
data/raw/osu_lora/Diff_Days_Indoor_Setup/Day5/Device10/IQ_1.dat,198,15523002,8,20,0,test,diff_days_indoor,5,0,0,0,0,0,0.6007105112075806
data/raw/osu_lora/Diff_Days_Indoor_Setup/Day5/Device10/IQ_1.dat,199,15601401,8,20,0,test,diff_days_indoor,5,0,0,0,0,0,0.6294487714767456
data/raw/osu_lora/Diff_Days_Indoor_Setup/Day5/Device10/IQ_1.dat,200,15679800,8,20,0,test,diff_days_indoor,5,0,0,0,0,0,0.5334699153900146
data/raw/osu_lora/Diff_Days_Indoor_Setup/Day5/Device10/IQ_1.dat,201,15758199,8,20,0,test,diff_days_indoor,5,0,0,0,0,0,0.5954769849777222
data/raw/osu_lora/Diff_Days_Indoor_Setup/Day5/Device10/IQ_1.dat,202,15836598,8,20,0,test,diff_days_indoor,5,0,0,0,0,0,0.6279574036598206
data/raw/osu_lora/Diff_Days_Indoor_Setup/Day5/Device10/IQ_1.dat,203,15914997,8,8,1,test,diff_days_indoor,5,0,0,0,0,0,0.7683098912239075
data/raw/osu_lora/Diff_Days_Indoor_Setup/Day5/Device10/IQ_1.dat,204,15993396,8,20,0,test,diff_days_indoor,5,0,0,0,0,0,0.6034049391746521
data/raw/osu_lora/Diff_Days_Indoor_Setup/Day5/Device10/IQ_1.dat,205,16071795,8,20,0,test,diff_days_indoor,5,0,0,0,0,0,0.574668288230896
data/raw/osu_lora/Diff_Days_Indoor_Setup/Day5/Device10/IQ_1.dat,206,16150194,8,20,0,test,diff_days_indoor,5,0,0,0,0,0,0.5652349591255188
data/raw/osu_lora/Diff_Days_Indoor_Setup/Day5/Device10/IQ_1.dat,207,16228593,8,8,1,test,diff_days_indoor,5,0,0,0,0,0,0.6628813743591309
data/raw/osu_lora/Diff_Days_Indoor_Setup/Day5/Device10/IQ_1.dat,208,16306992,8,20,0,test,diff_days_indoor,5,0,0,0,0,0,0.5688937902450562
data/raw/osu_lora/Diff_Days_Indoor_Setup/Day5/Device10/IQ_1.dat,209,16385391,8,20,0,test,diff_days_indoor,5,0,0,0,0,0,0.4862980246543884
data/raw/osu_lora/Diff_Days_Indoor_Setup/Day5/Device10/IQ_1.dat,210,16463790,8,8,1,test,diff_days_indoor,5,0,0,0,0,0,0.6569476127624512
data/raw/osu_lora/Diff_Days_Indoor_Setup/Day5/Device10/IQ_1.dat,211,16542189,8,6,0,test,diff_days_indoor,5,0,0,0,0,0,0.2050672322511673
data/raw/osu_lora/Diff_Days_Indoor_Setup/Day5/Device10/IQ_1.dat,212,16620588,8,8,1,test,diff_days_indoor,5,0,0,0,0,0,0.5849431157112122
data/raw/osu_lora/Diff_Days_Indoor_Setup/Day5/Device10/IQ_1.dat,213,16698987,8,20,0,test,diff_days_indoor,5,0,0,0,0,0,0.5038022994995117
data/raw/osu_lora/Diff_Days_Indoor_Setup/Day5/Device10/IQ_1.dat,214,16777386,8,8,1,test,diff_days_indoor,5,0,0,0,0,0,0.6805346608161926
data/raw/osu_lora/Diff_Days_Indoor_Setup/Day5/Device10/IQ_1.dat,215,16855785,8,8,1,test,diff_days_indoor,5,0,0,0,0,0,0.7192525863647461
data/raw/osu_lora/Diff_Days_Indoor_Setup/Day5/Device10/IQ_1.dat,216,16934184,8,8,1,test,diff_days_indoor,5,0,0,0,0,0,0.6302710771560669
data/raw/osu_lora/Diff_Days_Indoor_Setup/Day5/Device10/IQ_1.dat,217,17012583,8,20,0,test,diff_days_indoor,5,0,0,0,0,0,0.5667111277580261
data/raw/osu_lora/Diff_Days_Indoor_Setup/Day5/Device10/IQ_1.dat,218,17090982,8,20,0,test,diff_days_indoor,5,0,0,0,0,0,0.6674861907958984
data/raw/osu_lora/Diff_Days_Indoor_Setup/Day5/Device10/IQ_1.dat,219,17169381,8,8,1,test,diff_days_indoor,5,0,0,0,0,0,0.5955396294593811
data/raw/osu_lora/Diff_Days_Indoor_Setup/Day5/Device10/IQ_1.dat,220,17247780,8,8,1,test,diff_days_indoor,5,0,0,0,0,0,0.7602828741073608
data/raw/osu_lora/Diff_Days_Indoor_Setup/Day5/Device10/IQ_1.dat,221,17326179,8,8,1,test,diff_days_indoor,5,0,0,0,0,0,0.7744704484939575
data/raw/osu_lora/Diff_Days_Indoor_Setup/Day5/Device10/IQ_1.dat,222,17404578,8,20,0,test,diff_days_indoor,5,0,0,0,0,0,0.4965234696865082
data/raw/osu_lora/Diff_Days_Indoor_Setup/Day5/Device10/IQ_1.dat,223,17482977,8,8,1,test,diff_days_indoor,5,0,0,0,0,0,0.5397093296051025
data/raw/osu_lora/Diff_Days_Indoor_Setup/Day5/Device10/IQ_1.dat,224,17561376,8,8,1,test,diff_days_indoor,5,0,0,0,0,0,0.6574497818946838
data/raw/osu_lora/Diff_Days_Indoor_Setup/Day5/Device10/IQ_1.dat,225,17639775,8,8,1,test,diff_days_indoor,5,0,0,0,0,0,0.5728380084037781
data/raw/osu_lora/Diff_Days_Indoor_Setup/Day5/Device10/IQ_1.dat,226,17718174,8,20,0,test,diff_days_indoor,5,0,0,0,0,0,0.6229831576347351
data/raw/osu_lora/Diff_Days_Indoor_Setup/Day5/Device10/IQ_1.dat,227,17796573,8,8,1,test,diff_days_indoor,5,0,0,0,0,0,0.5959482192993164
data/raw/osu_lora/Diff_Days_Indoor_Setup/Day5/Device10/IQ_1.dat,228,17874972,8,8,1,test,diff_days_indoor,5,0,0,0,0,0,0.5013129711151123
data/raw/osu_lora/Diff_Days_Indoor_Setup/Day5/Device10/IQ_1.dat,229,17953371,8,20,0,test,diff_days_indoor,5,0,0,0,0,0,0.4808025360107422
data/raw/osu_lora/Diff_Days_Indoor_Setup/Day5/Device10/IQ_1.dat,230,18031770,8,20,0,test,diff_days_indoor,5,0,0,0,0,0,0.5187610387802124
data/raw/osu_lora/Diff_Days_Indoor_Setup/Day5/Device10/IQ_1.dat,231,18110169,8,20,0,test,diff_days_indoor,5,0,0,0,0,0,0.5610848069190979
data/raw/osu_lora/Diff_Days_Indoor_Setup/Day5/Device10/IQ_1.dat,232,18188568,8,8,1,test,diff_days_indoor,5,0,0,0,0,0,0.6102619767189026
data/raw/osu_lora/Diff_Days_Indoor_Setup/Day5/Device10/IQ_1.dat,233,18266967,8,20,0,test,diff_days_indoor,5,0,0,0,0,0,0.6287667155265808
data/raw/osu_lora/Diff_Days_Indoor_Setup/Day5/Device10/IQ_1.dat,234,18345366,8,20,0,test,diff_days_indoor,5,0,0,0,0,0,0.572586178779602
data/raw/osu_lora/Diff_Days_Indoor_Setup/Day5/Device10/IQ_1.dat,235,18423765,8,20,0,test,diff_days_indoor,5,0,0,0,0,0,0.6220391988754272
data/raw/osu_lora/Diff_Days_Indoor_Setup/Day5/Device10/IQ_1.dat,236,18502164,8,8,1,test,diff_days_indoor,5,0,0,0,0,0,0.61390620470047
data/raw/osu_lora/Diff_Days_Indoor_Setup/Day5/Device10/IQ_1.dat,237,18580563,8,8,1,test,diff_days_indoor,5,0,0,0,0,0,0.6938344836235046
data/raw/osu_lora/Diff_Days_Indoor_Setup/Day5/Device10/IQ_1.dat,238,18658962,8,8,1,test,diff_days_indoor,5,0,0,0,0,0,0.5331172943115234
data/raw/osu_lora/Diff_Days_Indoor_Setup/Day5/Device10/IQ_1.dat,239,18737361,8,8,1,test,diff_days_indoor,5,0,0,0,0,0,0.5694748759269714
data/raw/osu_lora/Diff_Days_Indoor_Setup/Day5/Device10/IQ_1.dat,240,18815760,8,20,0,test,diff_days_indoor,5,0,0,0,0,0,0.7757589817047119
data/raw/osu_lora/Diff_Days_Indoor_Setup/Day5/Device10/IQ_1.dat,241,18894159,8,20,0,test,diff_days_indoor,5,0,0,0,0,0,0.5682376623153687
data/raw/osu_lora/Diff_Days_Indoor_Setup/Day5/Device10/IQ_1.dat,242,18972558,8,8,1,test,diff_days_indoor,5,0,0,0,0,0,0.5036402940750122
data/raw/osu_lora/Diff_Days_Indoor_Setup/Day5/Device10/IQ_1.dat,243,19050957,8,20,0,test,diff_days_indoor,5,0,0,0,0,0,0.6780300140380859
data/raw/osu_lora/Diff_Days_Indoor_Setup/Day5/Device10/IQ_1.dat,244,19129356,8,8,1,test,diff_days_indoor,5,0,0,0,0,0,0.5094828009605408
data/raw/osu_lora/Diff_Days_Indoor_Setup/Day5/Device10/IQ_1.dat,245,19207755,8,20,0,test,diff_days_indoor,5,0,0,0,0,0,0.6098459362983704
data/raw/osu_lora/Diff_Days_Indoor_Setup/Day5/Device10/IQ_1.dat,246,19286154,8,20,0,test,diff_days_indoor,5,0,0,0,0,0,0.5388243794441223
data/raw/osu_lora/Diff_Days_Indoor_Setup/Day5/Device10/IQ_1.dat,247,19364553,8,20,0,test,diff_days_indoor,5,0,0,0,0,0,0.5378264784812927
data/raw/osu_lora/Diff_Days_Indoor_Setup/Day5/Device10/IQ_1.dat,248,19442952,8,8,1,test,diff_days_indoor,5,0,0,0,0,0,0.5262500643730164
data/raw/osu_lora/Diff_Days_Indoor_Setup/Day5/Device10/IQ_1.dat,249,19521351,8,20,0,test,diff_days_indoor,5,0,0,0,0,0,0.6417738199234009
data/raw/osu_lora/Diff_Days_Indoor_Setup/Day5/Device10/IQ_1.dat,250,19599750,8,8,1,test,diff_days_indoor,5,0,0,0,0,0,0.5136258602142334
data/raw/osu_lora/Diff_Days_Indoor_Setup/Day5/Device10/IQ_1.dat,251,19678149,8,8,1,test,diff_days_indoor,5,0,0,0,0,0,0.5792959332466125
data/raw/osu_lora/Diff_Days_Indoor_Setup/Day5/Device10/IQ_1.dat,252,19756548,8,20,0,test,diff_days_indoor,5,0,0,0,0,0,0.49241942167282104
data/raw/osu_lora/Diff_Days_Indoor_Setup/Day5/Device10/IQ_1.dat,253,19834947,8,20,0,test,diff_days_indoor,5,0,0,0,0,0,0.6885708570480347
data/raw/osu_lora/Diff_Days_Indoor_Setup/Day5/Device10/IQ_1.dat,254,19913346,8,8,1,test,diff_days_indoor,5,0,0,0,0,0,0.6927184462547302
data/raw/osu_lora/Diff_Days_Indoor_Setup/Day5/Device10/IQ_1.dat,255,19991745,8,8,1,test,diff_days_indoor,5,0,0,0,0,0,0.6107414960861206
data/raw/osu_lora/Diff_Days_Indoor_Setup/Day5/Device11/IQ_1.dat,0,0,9,9,1,test,diff_days_indoor,5,0,0,0,0,0,0.3440070152282715
data/raw/osu_lora/Diff_Days_Indoor_Setup/Day5/Device11/IQ_1.dat,1,78399,9,9,1,test,diff_days_indoor,5,0,0,0,0,0,0.33521145582199097
data/raw/osu_lora/Diff_Days_Indoor_Setup/Day5/Device11/IQ_1.dat,2,156798,9,9,1,test,diff_days_indoor,5,0,0,0,0,0,0.36930522322654724
data/raw/osu_lora/Diff_Days_Indoor_Setup/Day5/Device11/IQ_1.dat,3,235197,9,9,1,test,diff_days_indoor,5,0,0,0,0,0,0.36275407671928406
data/raw/osu_lora/Diff_Days_Indoor_Setup/Day5/Device11/IQ_1.dat,4,313596,9,9,1,test,diff_days_indoor,5,0,0,0,0,0,0.3624938726425171
data/raw/osu_lora/Diff_Days_Indoor_Setup/Day5/Device11/IQ_1.dat,5,391995,9,21,0,test,diff_days_indoor,5,0,0,0,0,0,0.28181129693984985
data/raw/osu_lora/Diff_Days_Indoor_Setup/Day5/Device11/IQ_1.dat,6,470394,9,14,0,test,diff_days_indoor,5,0,0,0,0,0,0.36235544085502625
data/raw/osu_lora/Diff_Days_Indoor_Setup/Day5/Device11/IQ_1.dat,7,548793,9,9,1,test,diff_days_indoor,5,0,0,0,0,0,0.39085009694099426
data/raw/osu_lora/Diff_Days_Indoor_Setup/Day5/Device11/IQ_1.dat,8,627192,9,9,1,test,diff_days_indoor,5,0,0,0,0,0,0.3618859052658081
data/raw/osu_lora/Diff_Days_Indoor_Setup/Day5/Device11/IQ_1.dat,9,705591,9,9,1,test,diff_days_indoor,5,0,0,0,0,0,0.3596811592578888
data/raw/osu_lora/Diff_Days_Indoor_Setup/Day5/Device11/IQ_1.dat,10,783990,9,9,1,test,diff_days_indoor,5,0,0,0,0,0,0.34079688787460327
data/raw/osu_lora/Diff_Days_Indoor_Setup/Day5/Device11/IQ_1.dat,11,862389,9,9,1,test,diff_days_indoor,5,0,0,0,0,0,0.4184163212776184
data/raw/osu_lora/Diff_Days_Indoor_Setup/Day5/Device11/IQ_1.dat,12,940788,9,9,1,test,diff_days_indoor,5,0,0,0,0,0,0.3169268071651459
data/raw/osu_lora/Diff_Days_Indoor_Setup/Day5/Device11/IQ_1.dat,13,1019187,9,9,1,test,diff_days_indoor,5,0,0,0,0,0,0.339822381734848
data/raw/osu_lora/Diff_Days_Indoor_Setup/Day5/Device11/IQ_1.dat,14,1097586,9,9,1,test,diff_days_indoor,5,0,0,0,0,0,0.37643659114837646
data/raw/osu_lora/Diff_Days_Indoor_Setup/Day5/Device11/IQ_1.dat,15,1175985,9,21,0,test,diff_days_indoor,5,0,0,0,0,0,0.35480743646621704
data/raw/osu_lora/Diff_Days_Indoor_Setup/Day5/Device11/IQ_1.dat,16,1254384,9,9,1,test,diff_days_indoor,5,0,0,0,0,0,0.3754374384880066
data/raw/osu_lora/Diff_Days_Indoor_Setup/Day5/Device11/IQ_1.dat,17,1332783,9,9,1,test,diff_days_indoor,5,0,0,0,0,0,0.325484037399292
data/raw/osu_lora/Diff_Days_Indoor_Setup/Day5/Device11/IQ_1.dat,18,1411182,9,9,1,test,diff_days_indoor,5,0,0,0,0,0,0.35244235396385193
data/raw/osu_lora/Diff_Days_Indoor_Setup/Day5/Device11/IQ_1.dat,19,1489581,9,9,1,test,diff_days_indoor,5,0,0,0,0,0,0.31462380290031433
data/raw/osu_lora/Diff_Days_Indoor_Setup/Day5/Device11/IQ_1.dat,20,1567980,9,21,0,test,diff_days_indoor,5,0,0,0,0,0,0.40692389011383057
data/raw/osu_lora/Diff_Days_Indoor_Setup/Day5/Device11/IQ_1.dat,21,1646379,9,9,1,test,diff_days_indoor,5,0,0,0,0,0,0.3937396705150604
data/raw/osu_lora/Diff_Days_Indoor_Setup/Day5/Device11/IQ_1.dat,22,1724778,9,9,1,test,diff_days_indoor,5,0,0,0,0,0,0.3298461139202118
data/raw/osu_lora/Diff_Days_Indoor_Setup/Day5/Device11/IQ_1.dat,23,1803177,9,9,1,test,diff_days_indoor,5,0,0,0,0,0,0.3199937045574188
data/raw/osu_lora/Diff_Days_Indoor_Setup/Day5/Device11/IQ_1.dat,24,1881576,9,9,1,test,diff_days_indoor,5,0,0,0,0,0,0.36764591932296753
data/raw/osu_lora/Diff_Days_Indoor_Setup/Day5/Device11/IQ_1.dat,25,1959975,9,9,1,test,diff_days_indoor,5,0,0,0,0,0,0.3347524404525757
data/raw/osu_lora/Diff_Days_Indoor_Setup/Day5/Device11/IQ_1.dat,26,2038374,9,9,1,test,diff_days_indoor,5,0,0,0,0,0,0.3940354585647583
data/raw/osu_lora/Diff_Days_Indoor_Setup/Day5/Device11/IQ_1.dat,27,2116773,9,9,1,test,diff_days_indoor,5,0,0,0,0,0,0.34562382102012634
data/raw/osu_lora/Diff_Days_Indoor_Setup/Day5/Device11/IQ_1.dat,28,2195172,9,9,1,test,diff_days_indoor,5,0,0,0,0,0,0.3588310480117798
data/raw/osu_lora/Diff_Days_Indoor_Setup/Day5/Device11/IQ_1.dat,29,2273571,9,9,1,test,diff_days_indoor,5,0,0,0,0,0,0.3996085822582245
data/raw/osu_lora/Diff_Days_Indoor_Setup/Day5/Device11/IQ_1.dat,30,2351970,9,9,1,test,diff_days_indoor,5,0,0,0,0,0,0.35864368081092834
data/raw/osu_lora/Diff_Days_Indoor_Setup/Day5/Device11/IQ_1.dat,31,2430369,9,9,1,test,diff_days_indoor,5,0,0,0,0,0,0.2164594680070877
data/raw/osu_lora/Diff_Days_Indoor_Setup/Day5/Device11/IQ_1.dat,32,2508768,9,9,1,test,diff_days_indoor,5,0,0,0,0,0,0.36585062742233276
data/raw/osu_lora/Diff_Days_Indoor_Setup/Day5/Device11/IQ_1.dat,33,2587167,9,9,1,test,diff_days_indoor,5,0,0,0,0,0,0.37463700771331787
data/raw/osu_lora/Diff_Days_Indoor_Setup/Day5/Device11/IQ_1.dat,34,2665566,9,14,0,test,diff_days_indoor,5,0,0,0,0,0,0.25376981496810913
data/raw/osu_lora/Diff_Days_Indoor_Setup/Day5/Device11/IQ_1.dat,35,2743965,9,9,1,test,diff_days_indoor,5,0,0,0,0,0,0.39629465341567993
data/raw/osu_lora/Diff_Days_Indoor_Setup/Day5/Device11/IQ_1.dat,36,2822364,9,13,0,test,diff_days_indoor,5,0,0,0,0,0,0.23531875014305115
data/raw/osu_lora/Diff_Days_Indoor_Setup/Day5/Device11/IQ_1.dat,37,2900763,9,9,1,test,diff_days_indoor,5,0,0,0,0,0,0.42248865962028503
data/raw/osu_lora/Diff_Days_Indoor_Setup/Day5/Device11/IQ_1.dat,38,2979162,9,9,1,test,diff_days_indoor,5,0,0,0,0,0,0.39972272515296936
data/raw/osu_lora/Diff_Days_Indoor_Setup/Day5/Device11/IQ_1.dat,39,3057561,9,9,1,test,diff_days_indoor,5,0,0,0,0,0,0.3859848976135254
data/raw/osu_lora/Diff_Days_Indoor_Setup/Day5/Device11/IQ_1.dat,40,3135960,9,9,1,test,diff_days_indoor,5,0,0,0,0,0,0.3223392069339752
data/raw/osu_lora/Diff_Days_Indoor_Setup/Day5/Device11/IQ_1.dat,41,3214359,9,9,1,test,diff_days_indoor,5,0,0,0,0,0,0.35628464818000793
data/raw/osu_lora/Diff_Days_Indoor_Setup/Day5/Device11/IQ_1.dat,42,3292758,9,21,0,test,diff_days_indoor,5,0,0,0,0,0,0.3635927438735962
data/raw/osu_lora/Diff_Days_Indoor_Setup/Day5/Device11/IQ_1.dat,43,3371157,9,13,0,test,diff_days_indoor,5,0,0,0,0,0,0.3450760245323181
data/raw/osu_lora/Diff_Days_Indoor_Setup/Day5/Device11/IQ_1.dat,44,3449556,9,9,1,test,diff_days_indoor,5,0,0,0,0,0,0.3370858132839203
data/raw/osu_lora/Diff_Days_Indoor_Setup/Day5/Device11/IQ_1.dat,45,3527955,9,9,1,test,diff_days_indoor,5,0,0,0,0,0,0.34761375188827515
data/raw/osu_lora/Diff_Days_Indoor_Setup/Day5/Device11/IQ_1.dat,46,3606354,9,9,1,test,diff_days_indoor,5,0,0,0,0,0,0.3605439066886902
data/raw/osu_lora/Diff_Days_Indoor_Setup/Day5/Device11/IQ_1.dat,47,3684753,9,9,1,test,diff_days_indoor,5,0,0,0,0,0,0.37520164251327515
data/raw/osu_lora/Diff_Days_Indoor_Setup/Day5/Device11/IQ_1.dat,48,3763152,9,9,1,test,diff_days_indoor,5,0,0,0,0,0,0.3500942289829254
data/raw/osu_lora/Diff_Days_Indoor_Setup/Day5/Device11/IQ_1.dat,49,3841551,9,9,1,test,diff_days_indoor,5,0,0,0,0,0,0.32041218876838684
data/raw/osu_lora/Diff_Days_Indoor_Setup/Day5/Device11/IQ_1.dat,50,3919950,9,9,1,test,diff_days_indoor,5,0,0,0,0,0,0.33309075236320496
data/raw/osu_lora/Diff_Days_Indoor_Setup/Day5/Device11/IQ_1.dat,51,3998349,9,9,1,test,diff_days_indoor,5,0,0,0,0,0,0.3588905930519104
data/raw/osu_lora/Diff_Days_Indoor_Setup/Day5/Device11/IQ_1.dat,52,4076748,9,9,1,test,diff_days_indoor,5,0,0,0,0,0,0.35261744260787964
data/raw/osu_lora/Diff_Days_Indoor_Setup/Day5/Device11/IQ_1.dat,53,4155147,9,9,1,test,diff_days_indoor,5,0,0,0,0,0,0.34418728947639465
data/raw/osu_lora/Diff_Days_Indoor_Setup/Day5/Device11/IQ_1.dat,54,4233546,9,9,1,test,diff_days_indoor,5,0,0,0,0,0,0.3757866322994232
data/raw/osu_lora/Diff_Days_Indoor_Setup/Day5/Device11/IQ_1.dat,55,4311945,9,9,1,test,diff_days_indoor,5,0,0,0,0,0,0.35086944699287415
data/raw/osu_lora/Diff_Days_Indoor_Setup/Day5/Device11/IQ_1.dat,56,4390344,9,21,0,test,diff_days_indoor,5,0,0,0,0,0,0.3721957206726074
data/raw/osu_lora/Diff_Days_Indoor_Setup/Day5/Device11/IQ_1.dat,57,4468743,9,9,1,test,diff_days_indoor,5,0,0,0,0,0,0.4053766429424286
data/raw/osu_lora/Diff_Days_Indoor_Setup/Day5/Device11/IQ_1.dat,58,4547142,9,9,1,test,diff_days_indoor,5,0,0,0,0,0,0.341098815202713
data/raw/osu_lora/Diff_Days_Indoor_Setup/Day5/Device11/IQ_1.dat,59,4625541,9,9,1,test,diff_days_indoor,5,0,0,0,0,0,0.3625659942626953
data/raw/osu_lora/Diff_Days_Indoor_Setup/Day5/Device11/IQ_1.dat,60,4703940,9,9,1,test,diff_days_indoor,5,0,0,0,0,0,0.25305554270744324
data/raw/osu_lora/Diff_Days_Indoor_Setup/Day5/Device11/IQ_1.dat,61,4782339,9,9,1,test,diff_days_indoor,5,0,0,0,0,0,0.3975926339626312
data/raw/osu_lora/Diff_Days_Indoor_Setup/Day5/Device11/IQ_1.dat,62,4860738,9,9,1,test,diff_days_indoor,5,0,0,0,0,0,0.3599313795566559
data/raw/osu_lora/Diff_Days_Indoor_Setup/Day5/Device11/IQ_1.dat,63,4939137,9,9,1,test,diff_days_indoor,5,0,0,0,0,0,0.36547330021858215
data/raw/osu_lora/Diff_Days_Indoor_Setup/Day5/Device11/IQ_1.dat,64,5017536,9,9,1,test,diff_days_indoor,5,0,0,0,0,0,0.2669619023799896
data/raw/osu_lora/Diff_Days_Indoor_Setup/Day5/Device11/IQ_1.dat,65,5095935,9,9,1,test,diff_days_indoor,5,0,0,0,0,0,0.38034772872924805
data/raw/osu_lora/Diff_Days_Indoor_Setup/Day5/Device11/IQ_1.dat,66,5174334,9,9,1,test,diff_days_indoor,5,0,0,0,0,0,0.3955670893192291
data/raw/osu_lora/Diff_Days_Indoor_Setup/Day5/Device11/IQ_1.dat,67,5252733,9,9,1,test,diff_days_indoor,5,0,0,0,0,0,0.3847016394138336
data/raw/osu_lora/Diff_Days_Indoor_Setup/Day5/Device11/IQ_1.dat,68,5331132,9,9,1,test,diff_days_indoor,5,0,0,0,0,0,0.38146260380744934
data/raw/osu_lora/Diff_Days_Indoor_Setup/Day5/Device11/IQ_1.dat,69,5409531,9,9,1,test,diff_days_indoor,5,0,0,0,0,0,0.2979440689086914
data/raw/osu_lora/Diff_Days_Indoor_Setup/Day5/Device11/IQ_1.dat,70,5487930,9,14,0,test,diff_days_indoor,5,0,0,0,0,0,0.35030597448349
data/raw/osu_lora/Diff_Days_Indoor_Setup/Day5/Device11/IQ_1.dat,71,5566329,9,9,1,test,diff_days_indoor,5,0,0,0,0,0,0.3196466267108917
data/raw/osu_lora/Diff_Days_Indoor_Setup/Day5/Device11/IQ_1.dat,72,5644728,9,9,1,test,diff_days_indoor,5,0,0,0,0,0,0.26751136779785156
data/raw/osu_lora/Diff_Days_Indoor_Setup/Day5/Device11/IQ_1.dat,73,5723127,9,9,1,test,diff_days_indoor,5,0,0,0,0,0,0.3546830117702484
data/raw/osu_lora/Diff_Days_Indoor_Setup/Day5/Device11/IQ_1.dat,74,5801526,9,9,1,test,diff_days_indoor,5,0,0,0,0,0,0.35851559042930603
data/raw/osu_lora/Diff_Days_Indoor_Setup/Day5/Device11/IQ_1.dat,75,5879925,9,9,1,test,diff_days_indoor,5,0,0,0,0,0,0.332459032535553
data/raw/osu_lora/Diff_Days_Indoor_Setup/Day5/Device11/IQ_1.dat,76,5958324,9,9,1,test,diff_days_indoor,5,0,0,0,0,0,0.3427797257900238
data/raw/osu_lora/Diff_Days_Indoor_Setup/Day5/Device11/IQ_1.dat,77,6036723,9,9,1,test,diff_days_indoor,5,0,0,0,0,0,0.35160183906555176
data/raw/osu_lora/Diff_Days_Indoor_Setup/Day5/Device11/IQ_1.dat,78,6115122,9,9,1,test,diff_days_indoor,5,0,0,0,0,0,0.3841784596443176
data/raw/osu_lora/Diff_Days_Indoor_Setup/Day5/Device11/IQ_1.dat,79,6193521,9,14,0,test,diff_days_indoor,5,0,0,0,0,0,0.2914832830429077
data/raw/osu_lora/Diff_Days_Indoor_Setup/Day5/Device11/IQ_1.dat,80,6271920,9,21,0,test,diff_days_indoor,5,0,0,0,0,0,0.4640403687953949
data/raw/osu_lora/Diff_Days_Indoor_Setup/Day5/Device11/IQ_1.dat,81,6350319,9,9,1,test,diff_days_indoor,5,0,0,0,0,0,0.35520848631858826
data/raw/osu_lora/Diff_Days_Indoor_Setup/Day5/Device11/IQ_1.dat,82,6428718,9,9,1,test,diff_days_indoor,5,0,0,0,0,0,0.3365035057067871
data/raw/osu_lora/Diff_Days_Indoor_Setup/Day5/Device11/IQ_1.dat,83,6507117,9,14,0,test,diff_days_indoor,5,0,0,0,0,0,0.2829703688621521
data/raw/osu_lora/Diff_Days_Indoor_Setup/Day5/Device11/IQ_1.dat,84,6585516,9,9,1,test,diff_days_indoor,5,0,0,0,0,0,0.2960132658481598
data/raw/osu_lora/Diff_Days_Indoor_Setup/Day5/Device11/IQ_1.dat,85,6663915,9,9,1,test,diff_days_indoor,5,0,0,0,0,0,0.37235671281814575
data/raw/osu_lora/Diff_Days_Indoor_Setup/Day5/Device11/IQ_1.dat,86,6742314,9,9,1,test,diff_days_indoor,5,0,0,0,0,0,0.37895143032073975
data/raw/osu_lora/Diff_Days_Indoor_Setup/Day5/Device11/IQ_1.dat,87,6820713,9,9,1,test,diff_days_indoor,5,0,0,0,0,0,0.3589971363544464
data/raw/osu_lora/Diff_Days_Indoor_Setup/Day5/Device11/IQ_1.dat,88,6899112,9,9,1,test,diff_days_indoor,5,0,0,0,0,0,0.3375203013420105
data/raw/osu_lora/Diff_Days_Indoor_Setup/Day5/Device11/IQ_1.dat,89,6977511,9,21,0,test,diff_days_indoor,5,0,0,0,0,0,0.44694462418556213
data/raw/osu_lora/Diff_Days_Indoor_Setup/Day5/Device11/IQ_1.dat,90,7055910,9,9,1,test,diff_days_indoor,5,0,0,0,0,0,0.3637167811393738
data/raw/osu_lora/Diff_Days_Indoor_Setup/Day5/Device11/IQ_1.dat,91,7134309,9,9,1,test,diff_days_indoor,5,0,0,0,0,0,0.27099958062171936
data/raw/osu_lora/Diff_Days_Indoor_Setup/Day5/Device11/IQ_1.dat,92,7212708,9,14,0,test,diff_days_indoor,5,0,0,0,0,0,0.33001676201820374
data/raw/osu_lora/Diff_Days_Indoor_Setup/Day5/Device11/IQ_1.dat,93,7291107,9,9,1,test,diff_days_indoor,5,0,0,0,0,0,0.3367629051208496
data/raw/osu_lora/Diff_Days_Indoor_Setup/Day5/Device11/IQ_1.dat,94,7369506,9,9,1,test,diff_days_indoor,5,0,0,0,0,0,0.3702445924282074
data/raw/osu_lora/Diff_Days_Indoor_Setup/Day5/Device11/IQ_1.dat,95,7447905,9,9,1,test,diff_days_indoor,5,0,0,0,0,0,0.3383980691432953
data/raw/osu_lora/Diff_Days_Indoor_Setup/Day5/Device11/IQ_1.dat,96,7526304,9,9,1,test,diff_days_indoor,5,0,0,0,0,0,0.2733481228351593
data/raw/osu_lora/Diff_Days_Indoor_Setup/Day5/Device11/IQ_1.dat,97,7604703,9,9,1,test,diff_days_indoor,5,0,0,0,0,0,0.36388731002807617
data/raw/osu_lora/Diff_Days_Indoor_Setup/Day5/Device11/IQ_1.dat,98,7683102,9,9,1,test,diff_days_indoor,5,0,0,0,0,0,0.3559522330760956
data/raw/osu_lora/Diff_Days_Indoor_Setup/Day5/Device11/IQ_1.dat,99,7761501,9,9,1,test,diff_days_indoor,5,0,0,0,0,0,0.36005520820617676
data/raw/osu_lora/Diff_Days_Indoor_Setup/Day5/Device11/IQ_1.dat,100,7839900,9,9,1,test,diff_days_indoor,5,0,0,0,0,0,0.3685573637485504
data/raw/osu_lora/Diff_Days_Indoor_Setup/Day5/Device11/IQ_1.dat,101,7918299,9,21,0,test,diff_days_indoor,5,0,0,0,0,0,0.3401038348674774
data/raw/osu_lora/Diff_Days_Indoor_Setup/Day5/Device11/IQ_1.dat,102,7996698,9,14,0,test,diff_days_indoor,5,0,0,0,0,0,0.32399532198905945
data/raw/osu_lora/Diff_Days_Indoor_Setup/Day5/Device11/IQ_1.dat,103,8075097,9,9,1,test,diff_days_indoor,5,0,0,0,0,0,0.3433268666267395
data/raw/osu_lora/Diff_Days_Indoor_Setup/Day5/Device11/IQ_1.dat,104,8153496,9,9,1,test,diff_days_indoor,5,0,0,0,0,0,0.3384995758533478
data/raw/osu_lora/Diff_Days_Indoor_Setup/Day5/Device11/IQ_1.dat,105,8231895,9,21,0,test,diff_days_indoor,5,0,0,0,0,0,0.35097333788871765
data/raw/osu_lora/Diff_Days_Indoor_Setup/Day5/Device11/IQ_1.dat,106,8310294,9,21,0,test,diff_days_indoor,5,0,0,0,0,0,0.28357207775115967
data/raw/osu_lora/Diff_Days_Indoor_Setup/Day5/Device11/IQ_1.dat,107,8388693,9,21,0,test,diff_days_indoor,5,0,0,0,0,0,0.14770419895648956
data/raw/osu_lora/Diff_Days_Indoor_Setup/Day5/Device11/IQ_1.dat,108,8467092,9,9,1,test,diff_days_indoor,5,0,0,0,0,0,0.3236002027988434
data/raw/osu_lora/Diff_Days_Indoor_Setup/Day5/Device11/IQ_1.dat,109,8545491,9,13,0,test,diff_days_indoor,5,0,0,0,0,0,0.3483247756958008
data/raw/osu_lora/Diff_Days_Indoor_Setup/Day5/Device11/IQ_1.dat,110,8623890,9,9,1,test,diff_days_indoor,5,0,0,0,0,0,0.31223931908607483
data/raw/osu_lora/Diff_Days_Indoor_Setup/Day5/Device11/IQ_1.dat,111,8702289,9,9,1,test,diff_days_indoor,5,0,0,0,0,0,0.2963958978652954
data/raw/osu_lora/Diff_Days_Indoor_Setup/Day5/Device11/IQ_1.dat,112,8780688,9,9,1,test,diff_days_indoor,5,0,0,0,0,0,0.21657784283161163
data/raw/osu_lora/Diff_Days_Indoor_Setup/Day5/Device11/IQ_1.dat,113,8859087,9,9,1,test,diff_days_indoor,5,0,0,0,0,0,0.34909868240356445
data/raw/osu_lora/Diff_Days_Indoor_Setup/Day5/Device11/IQ_1.dat,114,8937486,9,9,1,test,diff_days_indoor,5,0,0,0,0,0,0.265579491853714
data/raw/osu_lora/Diff_Days_Indoor_Setup/Day5/Device11/IQ_1.dat,115,9015885,9,9,1,test,diff_days_indoor,5,0,0,0,0,0,0.3121669292449951
data/raw/osu_lora/Diff_Days_Indoor_Setup/Day5/Device11/IQ_1.dat,116,9094284,9,18,0,test,diff_days_indoor,5,0,0,0,0,0,0.36116647720336914
data/raw/osu_lora/Diff_Days_Indoor_Setup/Day5/Device11/IQ_1.dat,117,9172683,9,14,0,test,diff_days_indoor,5,0,0,0,0,0,0.2920975685119629
data/raw/osu_lora/Diff_Days_Indoor_Setup/Day5/Device11/IQ_1.dat,118,9251082,9,9,1,test,diff_days_indoor,5,0,0,0,0,0,0.2967302203178406
data/raw/osu_lora/Diff_Days_Indoor_Setup/Day5/Device11/IQ_1.dat,119,9329481,9,9,1,test,diff_days_indoor,5,0,0,0,0,0,0.326676607131958
data/raw/osu_lora/Diff_Days_Indoor_Setup/Day5/Device11/IQ_1.dat,120,9407880,9,9,1,test,diff_days_indoor,5,0,0,0,0,0,0.3454281985759735
data/raw/osu_lora/Diff_Days_Indoor_Setup/Day5/Device11/IQ_1.dat,121,9486279,9,9,1,test,diff_days_indoor,5,0,0,0,0,0,0.3607344925403595
data/raw/osu_lora/Diff_Days_Indoor_Setup/Day5/Device11/IQ_1.dat,122,9564678,9,9,1,test,diff_days_indoor,5,0,0,0,0,0,0.3684023916721344
data/raw/osu_lora/Diff_Days_Indoor_Setup/Day5/Device11/IQ_1.dat,123,9643077,9,9,1,test,diff_days_indoor,5,0,0,0,0,0,0.3547966182231903
data/raw/osu_lora/Diff_Days_Indoor_Setup/Day5/Device11/IQ_1.dat,124,9721476,9,9,1,test,diff_days_indoor,5,0,0,0,0,0,0.3625067472457886
data/raw/osu_lora/Diff_Days_Indoor_Setup/Day5/Device11/IQ_1.dat,125,9799875,9,9,1,test,diff_days_indoor,5,0,0,0,0,0,0.3166658282279968
data/raw/osu_lora/Diff_Days_Indoor_Setup/Day5/Device11/IQ_1.dat,126,9878274,9,14,0,test,diff_days_indoor,5,0,0,0,0,0,0.29691484570503235
data/raw/osu_lora/Diff_Days_Indoor_Setup/Day5/Device11/IQ_1.dat,127,9956673,9,9,1,test,diff_days_indoor,5,0,0,0,0,0,0.3215605914592743
data/raw/osu_lora/Diff_Days_Indoor_Setup/Day5/Device11/IQ_1.dat,128,10035072,9,18,0,test,diff_days_indoor,5,0,0,0,0,0,0.3737427294254303
data/raw/osu_lora/Diff_Days_Indoor_Setup/Day5/Device11/IQ_1.dat,129,10113471,9,9,1,test,diff_days_indoor,5,0,0,0,0,0,0.36585164070129395
data/raw/osu_lora/Diff_Days_Indoor_Setup/Day5/Device11/IQ_1.dat,130,10191870,9,9,1,test,diff_days_indoor,5,0,0,0,0,0,0.34887954592704773
data/raw/osu_lora/Diff_Days_Indoor_Setup/Day5/Device11/IQ_1.dat,131,10270269,9,9,1,test,diff_days_indoor,5,0,0,0,0,0,0.3849707543849945
data/raw/osu_lora/Diff_Days_Indoor_Setup/Day5/Device11/IQ_1.dat,132,10348668,9,21,0,test,diff_days_indoor,5,0,0,0,0,0,0.3401786983013153
data/raw/osu_lora/Diff_Days_Indoor_Setup/Day5/Device11/IQ_1.dat,133,10427067,9,9,1,test,diff_days_indoor,5,0,0,0,0,0,0.3352024257183075
data/raw/osu_lora/Diff_Days_Indoor_Setup/Day5/Device11/IQ_1.dat,134,10505466,9,9,1,test,diff_days_indoor,5,0,0,0,0,0,0.3175225555896759
data/raw/osu_lora/Diff_Days_Indoor_Setup/Day5/Device11/IQ_1.dat,135,10583865,9,9,1,test,diff_days_indoor,5,0,0,0,0,0,0.32976850867271423
data/raw/osu_lora/Diff_Days_Indoor_Setup/Day5/Device11/IQ_1.dat,136,10662264,9,21,0,test,diff_days_indoor,5,0,0,0,0,0,0.445194274187088
data/raw/osu_lora/Diff_Days_Indoor_Setup/Day5/Device11/IQ_1.dat,137,10740663,9,9,1,test,diff_days_indoor,5,0,0,0,0,0,0.2937113046646118
data/raw/osu_lora/Diff_Days_Indoor_Setup/Day5/Device11/IQ_1.dat,138,10819062,9,9,1,test,diff_days_indoor,5,0,0,0,0,0,0.32862940430641174
data/raw/osu_lora/Diff_Days_Indoor_Setup/Day5/Device11/IQ_1.dat,139,10897461,9,9,1,test,diff_days_indoor,5,0,0,0,0,0,0.35467085242271423
data/raw/osu_lora/Diff_Days_Indoor_Setup/Day5/Device11/IQ_1.dat,140,10975860,9,9,1,test,diff_days_indoor,5,0,0,0,0,0,0.33084529638290405
data/raw/osu_lora/Diff_Days_Indoor_Setup/Day5/Device11/IQ_1.dat,141,11054259,9,9,1,test,diff_days_indoor,5,0,0,0,0,0,0.34757310152053833
data/raw/osu_lora/Diff_Days_Indoor_Setup/Day5/Device11/IQ_1.dat,142,11132658,9,21,0,test,diff_days_indoor,5,0,0,0,0,0,0.39384904503822327
data/raw/osu_lora/Diff_Days_Indoor_Setup/Day5/Device11/IQ_1.dat,143,11211057,9,9,1,test,diff_days_indoor,5,0,0,0,0,0,0.3842162787914276
data/raw/osu_lora/Diff_Days_Indoor_Setup/Day5/Device11/IQ_1.dat,144,11289456,9,21,0,test,diff_days_indoor,5,0,0,0,0,0,0.44418981671333313
data/raw/osu_lora/Diff_Days_Indoor_Setup/Day5/Device11/IQ_1.dat,145,11367855,9,9,1,test,diff_days_indoor,5,0,0,0,0,0,0.3989473581314087
data/raw/osu_lora/Diff_Days_Indoor_Setup/Day5/Device11/IQ_1.dat,146,11446254,9,9,1,test,diff_days_indoor,5,0,0,0,0,0,0.39285486936569214
data/raw/osu_lora/Diff_Days_Indoor_Setup/Day5/Device11/IQ_1.dat,147,11524653,9,9,1,test,diff_days_indoor,5,0,0,0,0,0,0.3768289089202881
data/raw/osu_lora/Diff_Days_Indoor_Setup/Day5/Device11/IQ_1.dat,148,11603052,9,21,0,test,diff_days_indoor,5,0,0,0,0,0,0.29520511627197266
data/raw/osu_lora/Diff_Days_Indoor_Setup/Day5/Device11/IQ_1.dat,149,11681451,9,9,1,test,diff_days_indoor,5,0,0,0,0,0,0.38208335638046265
data/raw/osu_lora/Diff_Days_Indoor_Setup/Day5/Device11/IQ_1.dat,150,11759850,9,21,0,test,diff_days_indoor,5,0,0,0,0,0,0.6017159223556519
data/raw/osu_lora/Diff_Days_Indoor_Setup/Day5/Device11/IQ_1.dat,151,11838249,9,9,1,test,diff_days_indoor,5,0,0,0,0,0,0.29167771339416504
data/raw/osu_lora/Diff_Days_Indoor_Setup/Day5/Device11/IQ_1.dat,152,11916648,9,9,1,test,diff_days_indoor,5,0,0,0,0,0,0.3575161099433899
data/raw/osu_lora/Diff_Days_Indoor_Setup/Day5/Device11/IQ_1.dat,153,11995047,9,9,1,test,diff_days_indoor,5,0,0,0,0,0,0.3507339060306549
data/raw/osu_lora/Diff_Days_Indoor_Setup/Day5/Device11/IQ_1.dat,154,12073446,9,14,0,test,diff_days_indoor,5,0,0,0,0,0,0.3399543762207031
data/raw/osu_lora/Diff_Days_Indoor_Setup/Day5/Device11/IQ_1.dat,155,12151845,9,9,1,test,diff_days_indoor,5,0,0,0,0,0,0.3026248514652252
data/raw/osu_lora/Diff_Days_Indoor_Setup/Day5/Device11/IQ_1.dat,156,12230244,9,9,1,test,diff_days_indoor,5,0,0,0,0,0,0.35311177372932434
data/raw/osu_lora/Diff_Days_Indoor_Setup/Day5/Device11/IQ_1.dat,157,12308643,9,9,1,test,diff_days_indoor,5,0,0,0,0,0,0.35931774973869324
data/raw/osu_lora/Diff_Days_Indoor_Setup/Day5/Device11/IQ_1.dat,158,12387042,9,18,0,test,diff_days_indoor,5,0,0,0,0,0,0.295555979013443
data/raw/osu_lora/Diff_Days_Indoor_Setup/Day5/Device11/IQ_1.dat,159,12465441,9,9,1,test,diff_days_indoor,5,0,0,0,0,0,0.40944111347198486
data/raw/osu_lora/Diff_Days_Indoor_Setup/Day5/Device11/IQ_1.dat,160,12543840,9,21,0,test,diff_days_indoor,5,0,0,0,0,0,0.5858868956565857
data/raw/osu_lora/Diff_Days_Indoor_Setup/Day5/Device11/IQ_1.dat,161,12622239,9,9,1,test,diff_days_indoor,5,0,0,0,0,0,0.34514009952545166
data/raw/osu_lora/Diff_Days_Indoor_Setup/Day5/Device11/IQ_1.dat,162,12700638,9,21,0,test,diff_days_indoor,5,0,0,0,0,0,0.35850486159324646
data/raw/osu_lora/Diff_Days_Indoor_Setup/Day5/Device11/IQ_1.dat,163,12779037,9,18,0,test,diff_days_indoor,5,0,0,0,0,0,0.3615708351135254
data/raw/osu_lora/Diff_Days_Indoor_Setup/Day5/Device11/IQ_1.dat,164,12857436,9,9,1,test,diff_days_indoor,5,0,0,0,0,0,0.345235139131546
data/raw/osu_lora/Diff_Days_Indoor_Setup/Day5/Device11/IQ_1.dat,165,12935835,9,9,1,test,diff_days_indoor,5,0,0,0,0,0,0.3441454768180847
data/raw/osu_lora/Diff_Days_Indoor_Setup/Day5/Device11/IQ_1.dat,166,13014234,9,9,1,test,diff_days_indoor,5,0,0,0,0,0,0.3419659435749054
data/raw/osu_lora/Diff_Days_Indoor_Setup/Day5/Device11/IQ_1.dat,167,13092633,9,9,1,test,diff_days_indoor,5,0,0,0,0,0,0.329435795545578
data/raw/osu_lora/Diff_Days_Indoor_Setup/Day5/Device11/IQ_1.dat,168,13171032,9,9,1,test,diff_days_indoor,5,0,0,0,0,0,0.3663651943206787
data/raw/osu_lora/Diff_Days_Indoor_Setup/Day5/Device11/IQ_1.dat,169,13249431,9,9,1,test,diff_days_indoor,5,0,0,0,0,0,0.3708827793598175
data/raw/osu_lora/Diff_Days_Indoor_Setup/Day5/Device11/IQ_1.dat,170,13327830,9,9,1,test,diff_days_indoor,5,0,0,0,0,0,0.36951905488967896
data/raw/osu_lora/Diff_Days_Indoor_Setup/Day5/Device11/IQ_1.dat,171,13406229,9,18,0,test,diff_days_indoor,5,0,0,0,0,0,0.34336036443710327
data/raw/osu_lora/Diff_Days_Indoor_Setup/Day5/Device11/IQ_1.dat,172,13484628,9,9,1,test,diff_days_indoor,5,0,0,0,0,0,0.36658933758735657
data/raw/osu_lora/Diff_Days_Indoor_Setup/Day5/Device11/IQ_1.dat,173,13563027,9,9,1,test,diff_days_indoor,5,0,0,0,0,0,0.34764060378074646
data/raw/osu_lora/Diff_Days_Indoor_Setup/Day5/Device11/IQ_1.dat,174,13641426,9,9,1,test,diff_days_indoor,5,0,0,0,0,0,0.41957035660743713
data/raw/osu_lora/Diff_Days_Indoor_Setup/Day5/Device11/IQ_1.dat,175,13719825,9,9,1,test,diff_days_indoor,5,0,0,0,0,0,0.3454262614250183
data/raw/osu_lora/Diff_Days_Indoor_Setup/Day5/Device11/IQ_1.dat,176,13798224,9,9,1,test,diff_days_indoor,5,0,0,0,0,0,0.3351759910583496
data/raw/osu_lora/Diff_Days_Indoor_Setup/Day5/Device11/IQ_1.dat,177,13876623,9,9,1,test,diff_days_indoor,5,0,0,0,0,0,0.36056146025657654
data/raw/osu_lora/Diff_Days_Indoor_Setup/Day5/Device11/IQ_1.dat,178,13955022,9,18,0,test,diff_days_indoor,5,0,0,0,0,0,0.3050302267074585
data/raw/osu_lora/Diff_Days_Indoor_Setup/Day5/Device11/IQ_1.dat,179,14033421,9,9,1,test,diff_days_indoor,5,0,0,0,0,0,0.30267637968063354
data/raw/osu_lora/Diff_Days_Indoor_Setup/Day5/Device11/IQ_1.dat,180,14111820,9,21,0,test,diff_days_indoor,5,0,0,0,0,0,0.32579588890075684
data/raw/osu_lora/Diff_Days_Indoor_Setup/Day5/Device11/IQ_1.dat,181,14190219,9,9,1,test,diff_days_indoor,5,0,0,0,0,0,0.3703603446483612
data/raw/osu_lora/Diff_Days_Indoor_Setup/Day5/Device11/IQ_1.dat,182,14268618,9,9,1,test,diff_days_indoor,5,0,0,0,0,0,0.33639824390411377
data/raw/osu_lora/Diff_Days_Indoor_Setup/Day5/Device11/IQ_1.dat,183,14347017,9,9,1,test,diff_days_indoor,5,0,0,0,0,0,0.38287195563316345
data/raw/osu_lora/Diff_Days_Indoor_Setup/Day5/Device11/IQ_1.dat,184,14425416,9,9,1,test,diff_days_indoor,5,0,0,0,0,0,0.3147907555103302
data/raw/osu_lora/Diff_Days_Indoor_Setup/Day5/Device11/IQ_1.dat,185,14503815,9,9,1,test,diff_days_indoor,5,0,0,0,0,0,0.3414798974990845
data/raw/osu_lora/Diff_Days_Indoor_Setup/Day5/Device11/IQ_1.dat,186,14582214,9,9,1,test,diff_days_indoor,5,0,0,0,0,0,0.39700478315353394
data/raw/osu_lora/Diff_Days_Indoor_Setup/Day5/Device11/IQ_1.dat,187,14660613,9,9,1,test,diff_days_indoor,5,0,0,0,0,0,0.33371132612228394
data/raw/osu_lora/Diff_Days_Indoor_Setup/Day5/Device11/IQ_1.dat,188,14739012,9,13,0,test,diff_days_indoor,5,0,0,0,0,0,0.27570998668670654
data/raw/osu_lora/Diff_Days_Indoor_Setup/Day5/Device11/IQ_1.dat,189,14817411,9,14,0,test,diff_days_indoor,5,0,0,0,0,0,0.26722973585128784
data/raw/osu_lora/Diff_Days_Indoor_Setup/Day5/Device11/IQ_1.dat,190,14895810,9,9,1,test,diff_days_indoor,5,0,0,0,0,0,0.3447386920452118
data/raw/osu_lora/Diff_Days_Indoor_Setup/Day5/Device11/IQ_1.dat,191,14974209,9,21,0,test,diff_days_indoor,5,0,0,0,0,0,0.39313575625419617
data/raw/osu_lora/Diff_Days_Indoor_Setup/Day5/Device11/IQ_1.dat,192,15052608,9,9,1,test,diff_days_indoor,5,0,0,0,0,0,0.4006013870239258
data/raw/osu_lora/Diff_Days_Indoor_Setup/Day5/Device11/IQ_1.dat,193,15131007,9,9,1,test,diff_days_indoor,5,0,0,0,0,0,0.3105691075325012
data/raw/osu_lora/Diff_Days_Indoor_Setup/Day5/Device11/IQ_1.dat,194,15209406,9,9,1,test,diff_days_indoor,5,0,0,0,0,0,0.37655699253082275
data/raw/osu_lora/Diff_Days_Indoor_Setup/Day5/Device11/IQ_1.dat,195,15287805,9,9,1,test,diff_days_indoor,5,0,0,0,0,0,0.3067760765552521
data/raw/osu_lora/Diff_Days_Indoor_Setup/Day5/Device11/IQ_1.dat,196,15366204,9,9,1,test,diff_days_indoor,5,0,0,0,0,0,0.27210935950279236
data/raw/osu_lora/Diff_Days_Indoor_Setup/Day5/Device11/IQ_1.dat,197,15444603,9,9,1,test,diff_days_indoor,5,0,0,0,0,0,0.31730446219444275
data/raw/osu_lora/Diff_Days_Indoor_Setup/Day5/Device11/IQ_1.dat,198,15523002,9,9,1,test,diff_days_indoor,5,0,0,0,0,0,0.38281527161598206
data/raw/osu_lora/Diff_Days_Indoor_Setup/Day5/Device11/IQ_1.dat,199,15601401,9,9,1,test,diff_days_indoor,5,0,0,0,0,0,0.38564348220825195
data/raw/osu_lora/Diff_Days_Indoor_Setup/Day5/Device11/IQ_1.dat,200,15679800,9,9,1,test,diff_days_indoor,5,0,0,0,0,0,0.3487665355205536
data/raw/osu_lora/Diff_Days_Indoor_Setup/Day5/Device11/IQ_1.dat,201,15758199,9,18,0,test,diff_days_indoor,5,0,0,0,0,0,0.38303324580192566
data/raw/osu_lora/Diff_Days_Indoor_Setup/Day5/Device11/IQ_1.dat,202,15836598,9,21,0,test,diff_days_indoor,5,0,0,0,0,0,0.3117164671421051
data/raw/osu_lora/Diff_Days_Indoor_Setup/Day5/Device11/IQ_1.dat,203,15914997,9,14,0,test,diff_days_indoor,5,0,0,0,0,0,0.32026395201683044
data/raw/osu_lora/Diff_Days_Indoor_Setup/Day5/Device11/IQ_1.dat,204,15993396,9,9,1,test,diff_days_indoor,5,0,0,0,0,0,0.38656413555145264
data/raw/osu_lora/Diff_Days_Indoor_Setup/Day5/Device11/IQ_1.dat,205,16071795,9,9,1,test,diff_days_indoor,5,0,0,0,0,0,0.35433730483055115
data/raw/osu_lora/Diff_Days_Indoor_Setup/Day5/Device11/IQ_1.dat,206,16150194,9,9,1,test,diff_days_indoor,5,0,0,0,0,0,0.3350679874420166
data/raw/osu_lora/Diff_Days_Indoor_Setup/Day5/Device11/IQ_1.dat,207,16228593,9,18,0,test,diff_days_indoor,5,0,0,0,0,0,0.3538973927497864
data/raw/osu_lora/Diff_Days_Indoor_Setup/Day5/Device11/IQ_1.dat,208,16306992,9,9,1,test,diff_days_indoor,5,0,0,0,0,0,0.3540594279766083
data/raw/osu_lora/Diff_Days_Indoor_Setup/Day5/Device11/IQ_1.dat,209,16385391,9,9,1,test,diff_days_indoor,5,0,0,0,0,0,0.2898542582988739
data/raw/osu_lora/Diff_Days_Indoor_Setup/Day5/Device11/IQ_1.dat,210,16463790,9,21,0,test,diff_days_indoor,5,0,0,0,0,0,0.4699077010154724
data/raw/osu_lora/Diff_Days_Indoor_Setup/Day5/Device11/IQ_1.dat,211,16542189,9,13,0,test,diff_days_indoor,5,0,0,0,0,0,0.3113897442817688
data/raw/osu_lora/Diff_Days_Indoor_Setup/Day5/Device11/IQ_1.dat,212,16620588,9,9,1,test,diff_days_indoor,5,0,0,0,0,0,0.3636980354785919
data/raw/osu_lora/Diff_Days_Indoor_Setup/Day5/Device11/IQ_1.dat,213,16698987,9,9,1,test,diff_days_indoor,5,0,0,0,0,0,0.37178048491477966
data/raw/osu_lora/Diff_Days_Indoor_Setup/Day5/Device11/IQ_1.dat,214,16777386,9,9,1,test,diff_days_indoor,5,0,0,0,0,0,0.3925279378890991
data/raw/osu_lora/Diff_Days_Indoor_Setup/Day5/Device11/IQ_1.dat,215,16855785,9,21,0,test,diff_days_indoor,5,0,0,0,0,0,0.4042194187641144
data/raw/osu_lora/Diff_Days_Indoor_Setup/Day5/Device11/IQ_1.dat,216,16934184,9,9,1,test,diff_days_indoor,5,0,0,0,0,0,0.3112216293811798
data/raw/osu_lora/Diff_Days_Indoor_Setup/Day5/Device11/IQ_1.dat,217,17012583,9,9,1,test,diff_days_indoor,5,0,0,0,0,0,0.36729544401168823
data/raw/osu_lora/Diff_Days_Indoor_Setup/Day5/Device11/IQ_1.dat,218,17090982,9,9,1,test,diff_days_indoor,5,0,0,0,0,0,0.37679323554039
data/raw/osu_lora/Diff_Days_Indoor_Setup/Day5/Device11/IQ_1.dat,219,17169381,9,9,1,test,diff_days_indoor,5,0,0,0,0,0,0.3382209837436676
data/raw/osu_lora/Diff_Days_Indoor_Setup/Day5/Device11/IQ_1.dat,220,17247780,9,9,1,test,diff_days_indoor,5,0,0,0,0,0,0.3723345994949341
data/raw/osu_lora/Diff_Days_Indoor_Setup/Day5/Device11/IQ_1.dat,221,17326179,9,21,0,test,diff_days_indoor,5,0,0,0,0,0,0.3578248918056488
data/raw/osu_lora/Diff_Days_Indoor_Setup/Day5/Device11/IQ_1.dat,222,17404578,9,9,1,test,diff_days_indoor,5,0,0,0,0,0,0.3509948253631592
data/raw/osu_lora/Diff_Days_Indoor_Setup/Day5/Device11/IQ_1.dat,223,17482977,9,9,1,test,diff_days_indoor,5,0,0,0,0,0,0.2877420485019684
data/raw/osu_lora/Diff_Days_Indoor_Setup/Day5/Device11/IQ_1.dat,224,17561376,9,9,1,test,diff_days_indoor,5,0,0,0,0,0,0.35992005467414856
data/raw/osu_lora/Diff_Days_Indoor_Setup/Day5/Device11/IQ_1.dat,225,17639775,9,18,0,test,diff_days_indoor,5,0,0,0,0,0,0.30269572138786316
data/raw/osu_lora/Diff_Days_Indoor_Setup/Day5/Device11/IQ_1.dat,226,17718174,9,9,1,test,diff_days_indoor,5,0,0,0,0,0,0.3799048960208893
data/raw/osu_lora/Diff_Days_Indoor_Setup/Day5/Device11/IQ_1.dat,227,17796573,9,21,0,test,diff_days_indoor,5,0,0,0,0,0,0.4169398248195648
data/raw/osu_lora/Diff_Days_Indoor_Setup/Day5/Device11/IQ_1.dat,228,17874972,9,9,1,test,diff_days_indoor,5,0,0,0,0,0,0.35099297761917114
data/raw/osu_lora/Diff_Days_Indoor_Setup/Day5/Device11/IQ_1.dat,229,17953371,9,14,0,test,diff_days_indoor,5,0,0,0,0,0,0.29320019483566284
data/raw/osu_lora/Diff_Days_Indoor_Setup/Day5/Device11/IQ_1.dat,230,18031770,9,9,1,test,diff_days_indoor,5,0,0,0,0,0,0.3402366638183594
data/raw/osu_lora/Diff_Days_Indoor_Setup/Day5/Device11/IQ_1.dat,231,18110169,9,9,1,test,diff_days_indoor,5,0,0,0,0,0,0.31635645031929016
data/raw/osu_lora/Diff_Days_Indoor_Setup/Day5/Device11/IQ_1.dat,232,18188568,9,21,0,test,diff_days_indoor,5,0,0,0,0,0,0.27938663959503174
data/raw/osu_lora/Diff_Days_Indoor_Setup/Day5/Device11/IQ_1.dat,233,18266967,9,9,1,test,diff_days_indoor,5,0,0,0,0,0,0.3692092299461365
data/raw/osu_lora/Diff_Days_Indoor_Setup/Day5/Device11/IQ_1.dat,234,18345366,9,9,1,test,diff_days_indoor,5,0,0,0,0,0,0.343982458114624
data/raw/osu_lora/Diff_Days_Indoor_Setup/Day5/Device11/IQ_1.dat,235,18423765,9,9,1,test,diff_days_indoor,5,0,0,0,0,0,0.3053586483001709
data/raw/osu_lora/Diff_Days_Indoor_Setup/Day5/Device11/IQ_1.dat,236,18502164,9,9,1,test,diff_days_indoor,5,0,0,0,0,0,0.35675564408302307
data/raw/osu_lora/Diff_Days_Indoor_Setup/Day5/Device11/IQ_1.dat,237,18580563,9,9,1,test,diff_days_indoor,5,0,0,0,0,0,0.36340296268463135
data/raw/osu_lora/Diff_Days_Indoor_Setup/Day5/Device11/IQ_1.dat,238,18658962,9,9,1,test,diff_days_indoor,5,0,0,0,0,0,0.33897876739501953
data/raw/osu_lora/Diff_Days_Indoor_Setup/Day5/Device11/IQ_1.dat,239,18737361,9,14,0,test,diff_days_indoor,5,0,0,0,0,0,0.2692302465438843
data/raw/osu_lora/Diff_Days_Indoor_Setup/Day5/Device11/IQ_1.dat,240,18815760,9,9,1,test,diff_days_indoor,5,0,0,0,0,0,0.3735286295413971
data/raw/osu_lora/Diff_Days_Indoor_Setup/Day5/Device11/IQ_1.dat,241,18894159,9,9,1,test,diff_days_indoor,5,0,0,0,0,0,0.2905963659286499
data/raw/osu_lora/Diff_Days_Indoor_Setup/Day5/Device11/IQ_1.dat,242,18972558,9,9,1,test,diff_days_indoor,5,0,0,0,0,0,0.327396959066391
data/raw/osu_lora/Diff_Days_Indoor_Setup/Day5/Device11/IQ_1.dat,243,19050957,9,9,1,test,diff_days_indoor,5,0,0,0,0,0,0.30743786692619324
data/raw/osu_lora/Diff_Days_Indoor_Setup/Day5/Device11/IQ_1.dat,244,19129356,9,9,1,test,diff_days_indoor,5,0,0,0,0,0,0.27957794070243835
data/raw/osu_lora/Diff_Days_Indoor_Setup/Day5/Device11/IQ_1.dat,245,19207755,9,9,1,test,diff_days_indoor,5,0,0,0,0,0,0.334288626909256
data/raw/osu_lora/Diff_Days_Indoor_Setup/Day5/Device11/IQ_1.dat,246,19286154,9,9,1,test,diff_days_indoor,5,0,0,0,0,0,0.30717259645462036
data/raw/osu_lora/Diff_Days_Indoor_Setup/Day5/Device11/IQ_1.dat,247,19364553,9,9,1,test,diff_days_indoor,5,0,0,0,0,0,0.38042718172073364
data/raw/osu_lora/Diff_Days_Indoor_Setup/Day5/Device11/IQ_1.dat,248,19442952,9,9,1,test,diff_days_indoor,5,0,0,0,0,0,0.4008365273475647
data/raw/osu_lora/Diff_Days_Indoor_Setup/Day5/Device11/IQ_1.dat,249,19521351,9,9,1,test,diff_days_indoor,5,0,0,0,0,0,0.3984178900718689
data/raw/osu_lora/Diff_Days_Indoor_Setup/Day5/Device11/IQ_1.dat,250,19599750,9,9,1,test,diff_days_indoor,5,0,0,0,0,0,0.34262290596961975
data/raw/osu_lora/Diff_Days_Indoor_Setup/Day5/Device11/IQ_1.dat,251,19678149,9,9,1,test,diff_days_indoor,5,0,0,0,0,0,0.30704060196876526
data/raw/osu_lora/Diff_Days_Indoor_Setup/Day5/Device11/IQ_1.dat,252,19756548,9,9,1,test,diff_days_indoor,5,0,0,0,0,0,0.3440815508365631
data/raw/osu_lora/Diff_Days_Indoor_Setup/Day5/Device11/IQ_1.dat,253,19834947,9,9,1,test,diff_days_indoor,5,0,0,0,0,0,0.2805626094341278
data/raw/osu_lora/Diff_Days_Indoor_Setup/Day5/Device11/IQ_1.dat,254,19913346,9,9,1,test,diff_days_indoor,5,0,0,0,0,0,0.2887093126773834
data/raw/osu_lora/Diff_Days_Indoor_Setup/Day5/Device11/IQ_1.dat,255,19991745,9,13,0,test,diff_days_indoor,5,0,0,0,0,0,0.2777692377567291
data/raw/osu_lora/Diff_Days_Indoor_Setup/Day5/Device12/IQ_1.dat,0,0,10,21,0,test,diff_days_indoor,5,0,0,0,0,0,0.5442515015602112
data/raw/osu_lora/Diff_Days_Indoor_Setup/Day5/Device12/IQ_1.dat,1,78399,10,10,1,test,diff_days_indoor,5,0,0,0,0,0,0.515149712562561
data/raw/osu_lora/Diff_Days_Indoor_Setup/Day5/Device12/IQ_1.dat,2,156798,10,21,0,test,diff_days_indoor,5,0,0,0,0,0,0.5003108978271484
data/raw/osu_lora/Diff_Days_Indoor_Setup/Day5/Device12/IQ_1.dat,3,235197,10,10,1,test,diff_days_indoor,5,0,0,0,0,0,0.6829380393028259
data/raw/osu_lora/Diff_Days_Indoor_Setup/Day5/Device12/IQ_1.dat,4,313596,10,21,0,test,diff_days_indoor,5,0,0,0,0,0,0.5076662302017212
data/raw/osu_lora/Diff_Days_Indoor_Setup/Day5/Device12/IQ_1.dat,5,391995,10,21,0,test,diff_days_indoor,5,0,0,0,0,0,0.6030829548835754
data/raw/osu_lora/Diff_Days_Indoor_Setup/Day5/Device12/IQ_1.dat,6,470394,10,21,0,test,diff_days_indoor,5,0,0,0,0,0,0.6267199516296387
data/raw/osu_lora/Diff_Days_Indoor_Setup/Day5/Device12/IQ_1.dat,7,548793,10,10,1,test,diff_days_indoor,5,0,0,0,0,0,0.507936954498291
data/raw/osu_lora/Diff_Days_Indoor_Setup/Day5/Device12/IQ_1.dat,8,627192,10,21,0,test,diff_days_indoor,5,0,0,0,0,0,0.5605224967002869
data/raw/osu_lora/Diff_Days_Indoor_Setup/Day5/Device12/IQ_1.dat,9,705591,10,21,0,test,diff_days_indoor,5,0,0,0,0,0,0.48907217383384705
data/raw/osu_lora/Diff_Days_Indoor_Setup/Day5/Device12/IQ_1.dat,10,783990,10,21,0,test,diff_days_indoor,5,0,0,0,0,0,0.6164740324020386
data/raw/osu_lora/Diff_Days_Indoor_Setup/Day5/Device12/IQ_1.dat,11,862389,10,10,1,test,diff_days_indoor,5,0,0,0,0,0,0.5866149067878723
data/raw/osu_lora/Diff_Days_Indoor_Setup/Day5/Device12/IQ_1.dat,12,940788,10,21,0,test,diff_days_indoor,5,0,0,0,0,0,0.5226727724075317
data/raw/osu_lora/Diff_Days_Indoor_Setup/Day5/Device12/IQ_1.dat,13,1019187,10,21,0,test,diff_days_indoor,5,0,0,0,0,0,0.5544213056564331
data/raw/osu_lora/Diff_Days_Indoor_Setup/Day5/Device12/IQ_1.dat,14,1097586,10,21,0,test,diff_days_indoor,5,0,0,0,0,0,0.5482816696166992
data/raw/osu_lora/Diff_Days_Indoor_Setup/Day5/Device12/IQ_1.dat,15,1175985,10,21,0,test,diff_days_indoor,5,0,0,0,0,0,0.5331637859344482
data/raw/osu_lora/Diff_Days_Indoor_Setup/Day5/Device12/IQ_1.dat,16,1254384,10,21,0,test,diff_days_indoor,5,0,0,0,0,0,0.6124154925346375
data/raw/osu_lora/Diff_Days_Indoor_Setup/Day5/Device12/IQ_1.dat,17,1332783,10,21,0,test,diff_days_indoor,5,0,0,0,0,0,0.582671046257019
data/raw/osu_lora/Diff_Days_Indoor_Setup/Day5/Device12/IQ_1.dat,18,1411182,10,10,1,test,diff_days_indoor,5,0,0,0,0,0,0.6623221635818481
data/raw/osu_lora/Diff_Days_Indoor_Setup/Day5/Device12/IQ_1.dat,19,1489581,10,10,1,test,diff_days_indoor,5,0,0,0,0,0,0.5333765149116516
data/raw/osu_lora/Diff_Days_Indoor_Setup/Day5/Device12/IQ_1.dat,20,1567980,10,10,1,test,diff_days_indoor,5,0,0,0,0,0,0.5079164505004883
data/raw/osu_lora/Diff_Days_Indoor_Setup/Day5/Device12/IQ_1.dat,21,1646379,10,10,1,test,diff_days_indoor,5,0,0,0,0,0,0.5143721103668213
data/raw/osu_lora/Diff_Days_Indoor_Setup/Day5/Device12/IQ_1.dat,22,1724778,10,10,1,test,diff_days_indoor,5,0,0,0,0,0,0.7165072560310364
data/raw/osu_lora/Diff_Days_Indoor_Setup/Day5/Device12/IQ_1.dat,23,1803177,10,21,0,test,diff_days_indoor,5,0,0,0,0,0,0.5663660168647766
data/raw/osu_lora/Diff_Days_Indoor_Setup/Day5/Device12/IQ_1.dat,24,1881576,10,10,1,test,diff_days_indoor,5,0,0,0,0,0,0.5193124413490295
data/raw/osu_lora/Diff_Days_Indoor_Setup/Day5/Device12/IQ_1.dat,25,1959975,10,10,1,test,diff_days_indoor,5,0,0,0,0,0,0.6310080885887146
data/raw/osu_lora/Diff_Days_Indoor_Setup/Day5/Device12/IQ_1.dat,26,2038374,10,21,0,test,diff_days_indoor,5,0,0,0,0,0,0.5414831042289734
data/raw/osu_lora/Diff_Days_Indoor_Setup/Day5/Device12/IQ_1.dat,27,2116773,10,10,1,test,diff_days_indoor,5,0,0,0,0,0,0.5412315130233765
data/raw/osu_lora/Diff_Days_Indoor_Setup/Day5/Device12/IQ_1.dat,28,2195172,10,21,0,test,diff_days_indoor,5,0,0,0,0,0,0.5218546986579895
data/raw/osu_lora/Diff_Days_Indoor_Setup/Day5/Device12/IQ_1.dat,29,2273571,10,21,0,test,diff_days_indoor,5,0,0,0,0,0,0.5496003031730652
data/raw/osu_lora/Diff_Days_Indoor_Setup/Day5/Device12/IQ_1.dat,30,2351970,10,21,0,test,diff_days_indoor,5,0,0,0,0,0,0.5229896903038025
data/raw/osu_lora/Diff_Days_Indoor_Setup/Day5/Device12/IQ_1.dat,31,2430369,10,10,1,test,diff_days_indoor,5,0,0,0,0,0,0.5271673798561096
data/raw/osu_lora/Diff_Days_Indoor_Setup/Day5/Device12/IQ_1.dat,32,2508768,10,21,0,test,diff_days_indoor,5,0,0,0,0,0,0.5875900387763977
data/raw/osu_lora/Diff_Days_Indoor_Setup/Day5/Device12/IQ_1.dat,33,2587167,10,10,1,test,diff_days_indoor,5,0,0,0,0,0,0.5544885396957397
data/raw/osu_lora/Diff_Days_Indoor_Setup/Day5/Device12/IQ_1.dat,34,2665566,10,21,0,test,diff_days_indoor,5,0,0,0,0,0,0.5274702310562134
data/raw/osu_lora/Diff_Days_Indoor_Setup/Day5/Device12/IQ_1.dat,35,2743965,10,21,0,test,diff_days_indoor,5,0,0,0,0,0,0.6245838403701782
data/raw/osu_lora/Diff_Days_Indoor_Setup/Day5/Device12/IQ_1.dat,36,2822364,10,21,0,test,diff_days_indoor,5,0,0,0,0,0,0.5371996760368347
data/raw/osu_lora/Diff_Days_Indoor_Setup/Day5/Device12/IQ_1.dat,37,2900763,10,21,0,test,diff_days_indoor,5,0,0,0,0,0,0.5204557776451111
data/raw/osu_lora/Diff_Days_Indoor_Setup/Day5/Device12/IQ_1.dat,38,2979162,10,21,0,test,diff_days_indoor,5,0,0,0,0,0,0.48724615573883057
data/raw/osu_lora/Diff_Days_Indoor_Setup/Day5/Device12/IQ_1.dat,39,3057561,10,10,1,test,diff_days_indoor,5,0,0,0,0,0,0.5417463183403015
data/raw/osu_lora/Diff_Days_Indoor_Setup/Day5/Device12/IQ_1.dat,40,3135960,10,21,0,test,diff_days_indoor,5,0,0,0,0,0,0.5008166432380676
data/raw/osu_lora/Diff_Days_Indoor_Setup/Day5/Device12/IQ_1.dat,41,3214359,10,21,0,test,diff_days_indoor,5,0,0,0,0,0,0.6266257762908936
data/raw/osu_lora/Diff_Days_Indoor_Setup/Day5/Device12/IQ_1.dat,42,3292758,10,21,0,test,diff_days_indoor,5,0,0,0,0,0,0.49588197469711304
data/raw/osu_lora/Diff_Days_Indoor_Setup/Day5/Device12/IQ_1.dat,43,3371157,10,21,0,test,diff_days_indoor,5,0,0,0,0,0,0.5734692215919495
data/raw/osu_lora/Diff_Days_Indoor_Setup/Day5/Device12/IQ_1.dat,44,3449556,10,21,0,test,diff_days_indoor,5,0,0,0,0,0,0.5295612215995789
data/raw/osu_lora/Diff_Days_Indoor_Setup/Day5/Device12/IQ_1.dat,45,3527955,10,21,0,test,diff_days_indoor,5,0,0,0,0,0,0.3456015884876251
data/raw/osu_lora/Diff_Days_Indoor_Setup/Day5/Device12/IQ_1.dat,46,3606354,10,21,0,test,diff_days_indoor,5,0,0,0,0,0,0.6483925580978394
data/raw/osu_lora/Diff_Days_Indoor_Setup/Day5/Device12/IQ_1.dat,47,3684753,10,21,0,test,diff_days_indoor,5,0,0,0,0,0,0.5428751111030579
data/raw/osu_lora/Diff_Days_Indoor_Setup/Day5/Device12/IQ_1.dat,48,3763152,10,10,1,test,diff_days_indoor,5,0,0,0,0,0,0.5066367983818054
data/raw/osu_lora/Diff_Days_Indoor_Setup/Day5/Device12/IQ_1.dat,49,3841551,10,21,0,test,diff_days_indoor,5,0,0,0,0,0,0.5453312397003174
data/raw/osu_lora/Diff_Days_Indoor_Setup/Day5/Device12/IQ_1.dat,50,3919950,10,10,1,test,diff_days_indoor,5,0,0,0,0,0,0.6197701096534729
data/raw/osu_lora/Diff_Days_Indoor_Setup/Day5/Device12/IQ_1.dat,51,3998349,10,10,1,test,diff_days_indoor,5,0,0,0,0,0,0.5812912583351135
data/raw/osu_lora/Diff_Days_Indoor_Setup/Day5/Device12/IQ_1.dat,52,4076748,10,21,0,test,diff_days_indoor,5,0,0,0,0,0,0.5762420892715454
data/raw/osu_lora/Diff_Days_Indoor_Setup/Day5/Device12/IQ_1.dat,53,4155147,10,21,0,test,diff_days_indoor,5,0,0,0,0,0,0.5863763689994812
data/raw/osu_lora/Diff_Days_Indoor_Setup/Day5/Device12/IQ_1.dat,54,4233546,10,21,0,test,diff_days_indoor,5,0,0,0,0,0,0.5584545135498047
data/raw/osu_lora/Diff_Days_Indoor_Setup/Day5/Device12/IQ_1.dat,55,4311945,10,10,1,test,diff_days_indoor,5,0,0,0,0,0,0.49662911891937256
data/raw/osu_lora/Diff_Days_Indoor_Setup/Day5/Device12/IQ_1.dat,56,4390344,10,21,0,test,diff_days_indoor,5,0,0,0,0,0,0.49107420444488525
data/raw/osu_lora/Diff_Days_Indoor_Setup/Day5/Device12/IQ_1.dat,57,4468743,10,21,0,test,diff_days_indoor,5,0,0,0,0,0,0.5314033627510071
data/raw/osu_lora/Diff_Days_Indoor_Setup/Day5/Device12/IQ_1.dat,58,4547142,10,21,0,test,diff_days_indoor,5,0,0,0,0,0,0.6161186099052429
data/raw/osu_lora/Diff_Days_Indoor_Setup/Day5/Device12/IQ_1.dat,59,4625541,10,21,0,test,diff_days_indoor,5,0,0,0,0,0,0.5883598923683167
data/raw/osu_lora/Diff_Days_Indoor_Setup/Day5/Device12/IQ_1.dat,60,4703940,10,21,0,test,diff_days_indoor,5,0,0,0,0,0,0.5199673175811768
data/raw/osu_lora/Diff_Days_Indoor_Setup/Day5/Device12/IQ_1.dat,61,4782339,10,21,0,test,diff_days_indoor,5,0,0,0,0,0,0.6144098043441772
data/raw/osu_lora/Diff_Days_Indoor_Setup/Day5/Device12/IQ_1.dat,62,4860738,10,21,0,test,diff_days_indoor,5,0,0,0,0,0,0.5308625102043152
data/raw/osu_lora/Diff_Days_Indoor_Setup/Day5/Device12/IQ_1.dat,63,4939137,10,10,1,test,diff_days_indoor,5,0,0,0,0,0,0.6065032482147217
data/raw/osu_lora/Diff_Days_Indoor_Setup/Day5/Device12/IQ_1.dat,64,5017536,10,21,0,test,diff_days_indoor,5,0,0,0,0,0,0.6161770820617676
data/raw/osu_lora/Diff_Days_Indoor_Setup/Day5/Device12/IQ_1.dat,65,5095935,10,21,0,test,diff_days_indoor,5,0,0,0,0,0,0.5161371827125549
data/raw/osu_lora/Diff_Days_Indoor_Setup/Day5/Device12/IQ_1.dat,66,5174334,10,10,1,test,diff_days_indoor,5,0,0,0,0,0,0.611483097076416
data/raw/osu_lora/Diff_Days_Indoor_Setup/Day5/Device12/IQ_1.dat,67,5252733,10,10,1,test,diff_days_indoor,5,0,0,0,0,0,0.6506361365318298
data/raw/osu_lora/Diff_Days_Indoor_Setup/Day5/Device12/IQ_1.dat,68,5331132,10,21,0,test,diff_days_indoor,5,0,0,0,0,0,0.5293323397636414
data/raw/osu_lora/Diff_Days_Indoor_Setup/Day5/Device12/IQ_1.dat,69,5409531,10,21,0,test,diff_days_indoor,5,0,0,0,0,0,0.5029233694076538
data/raw/osu_lora/Diff_Days_Indoor_Setup/Day5/Device12/IQ_1.dat,70,5487930,10,10,1,test,diff_days_indoor,5,0,0,0,0,0,0.589826226234436
data/raw/osu_lora/Diff_Days_Indoor_Setup/Day5/Device12/IQ_1.dat,71,5566329,10,21,0,test,diff_days_indoor,5,0,0,0,0,0,0.5164309740066528
data/raw/osu_lora/Diff_Days_Indoor_Setup/Day5/Device12/IQ_1.dat,72,5644728,10,21,0,test,diff_days_indoor,5,0,0,0,0,0,0.5097017288208008
data/raw/osu_lora/Diff_Days_Indoor_Setup/Day5/Device12/IQ_1.dat,73,5723127,10,9,0,test,diff_days_indoor,5,0,0,0,0,0,0.31049180030822754
data/raw/osu_lora/Diff_Days_Indoor_Setup/Day5/Device12/IQ_1.dat,74,5801526,10,10,1,test,diff_days_indoor,5,0,0,0,0,0,0.5912657380104065
data/raw/osu_lora/Diff_Days_Indoor_Setup/Day5/Device12/IQ_1.dat,75,5879925,10,21,0,test,diff_days_indoor,5,0,0,0,0,0,0.6217261552810669
data/raw/osu_lora/Diff_Days_Indoor_Setup/Day5/Device12/IQ_1.dat,76,5958324,10,10,1,test,diff_days_indoor,5,0,0,0,0,0,0.6182170510292053
data/raw/osu_lora/Diff_Days_Indoor_Setup/Day5/Device12/IQ_1.dat,77,6036723,10,21,0,test,diff_days_indoor,5,0,0,0,0,0,0.5322262644767761
data/raw/osu_lora/Diff_Days_Indoor_Setup/Day5/Device12/IQ_1.dat,78,6115122,10,10,1,test,diff_days_indoor,5,0,0,0,0,0,0.6700236797332764
data/raw/osu_lora/Diff_Days_Indoor_Setup/Day5/Device12/IQ_1.dat,79,6193521,10,10,1,test,diff_days_indoor,5,0,0,0,0,0,0.7096437811851501
data/raw/osu_lora/Diff_Days_Indoor_Setup/Day5/Device12/IQ_1.dat,80,6271920,10,21,0,test,diff_days_indoor,5,0,0,0,0,0,0.4779472053050995
data/raw/osu_lora/Diff_Days_Indoor_Setup/Day5/Device12/IQ_1.dat,81,6350319,10,10,1,test,diff_days_indoor,5,0,0,0,0,0,0.5584997534751892
data/raw/osu_lora/Diff_Days_Indoor_Setup/Day5/Device12/IQ_1.dat,82,6428718,10,21,0,test,diff_days_indoor,5,0,0,0,0,0,0.4923625886440277
data/raw/osu_lora/Diff_Days_Indoor_Setup/Day5/Device12/IQ_1.dat,83,6507117,10,21,0,test,diff_days_indoor,5,0,0,0,0,0,0.32607322931289673
data/raw/osu_lora/Diff_Days_Indoor_Setup/Day5/Device12/IQ_1.dat,84,6585516,10,21,0,test,diff_days_indoor,5,0,0,0,0,0,0.5614983439445496
data/raw/osu_lora/Diff_Days_Indoor_Setup/Day5/Device12/IQ_1.dat,85,6663915,10,10,1,test,diff_days_indoor,5,0,0,0,0,0,0.45605647563934326
data/raw/osu_lora/Diff_Days_Indoor_Setup/Day5/Device12/IQ_1.dat,86,6742314,10,10,1,test,diff_days_indoor,5,0,0,0,0,0,0.5346582531929016
data/raw/osu_lora/Diff_Days_Indoor_Setup/Day5/Device12/IQ_1.dat,87,6820713,10,21,0,test,diff_days_indoor,5,0,0,0,0,0,0.5588851571083069
data/raw/osu_lora/Diff_Days_Indoor_Setup/Day5/Device12/IQ_1.dat,88,6899112,10,21,0,test,diff_days_indoor,5,0,0,0,0,0,0.6173592209815979
data/raw/osu_lora/Diff_Days_Indoor_Setup/Day5/Device12/IQ_1.dat,89,6977511,10,21,0,test,diff_days_indoor,5,0,0,0,0,0,0.5314782857894897
data/raw/osu_lora/Diff_Days_Indoor_Setup/Day5/Device12/IQ_1.dat,90,7055910,10,21,0,test,diff_days_indoor,5,0,0,0,0,0,0.5242542028427124
data/raw/osu_lora/Diff_Days_Indoor_Setup/Day5/Device12/IQ_1.dat,91,7134309,10,10,1,test,diff_days_indoor,5,0,0,0,0,0,0.5279626250267029
data/raw/osu_lora/Diff_Days_Indoor_Setup/Day5/Device12/IQ_1.dat,92,7212708,10,6,0,test,diff_days_indoor,5,0,0,0,0,0,0.21724608540534973
data/raw/osu_lora/Diff_Days_Indoor_Setup/Day5/Device12/IQ_1.dat,93,7291107,10,21,0,test,diff_days_indoor,5,0,0,0,0,0,0.5009015798568726
data/raw/osu_lora/Diff_Days_Indoor_Setup/Day5/Device12/IQ_1.dat,94,7369506,10,10,1,test,diff_days_indoor,5,0,0,0,0,0,0.6374721527099609
data/raw/osu_lora/Diff_Days_Indoor_Setup/Day5/Device12/IQ_1.dat,95,7447905,10,10,1,test,diff_days_indoor,5,0,0,0,0,0,0.6877943277359009
data/raw/osu_lora/Diff_Days_Indoor_Setup/Day5/Device12/IQ_1.dat,96,7526304,10,21,0,test,diff_days_indoor,5,0,0,0,0,0,0.5190920829772949
data/raw/osu_lora/Diff_Days_Indoor_Setup/Day5/Device12/IQ_1.dat,97,7604703,10,21,0,test,diff_days_indoor,5,0,0,0,0,0,0.6115060448646545
data/raw/osu_lora/Diff_Days_Indoor_Setup/Day5/Device12/IQ_1.dat,98,7683102,10,10,1,test,diff_days_indoor,5,0,0,0,0,0,0.5107452869415283
data/raw/osu_lora/Diff_Days_Indoor_Setup/Day5/Device12/IQ_1.dat,99,7761501,10,10,1,test,diff_days_indoor,5,0,0,0,0,0,0.5107911229133606
data/raw/osu_lora/Diff_Days_Indoor_Setup/Day5/Device12/IQ_1.dat,100,7839900,10,10,1,test,diff_days_indoor,5,0,0,0,0,0,0.48383212089538574
data/raw/osu_lora/Diff_Days_Indoor_Setup/Day5/Device12/IQ_1.dat,101,7918299,10,9,0,test,diff_days_indoor,5,0,0,0,0,0,0.3426545262336731
data/raw/osu_lora/Diff_Days_Indoor_Setup/Day5/Device12/IQ_1.dat,102,7996698,10,21,0,test,diff_days_indoor,5,0,0,0,0,0,0.5080703496932983
data/raw/osu_lora/Diff_Days_Indoor_Setup/Day5/Device12/IQ_1.dat,103,8075097,10,10,1,test,diff_days_indoor,5,0,0,0,0,0,0.5208350419998169
data/raw/osu_lora/Diff_Days_Indoor_Setup/Day5/Device12/IQ_1.dat,104,8153496,10,21,0,test,diff_days_indoor,5,0,0,0,0,0,0.5309882760047913
data/raw/osu_lora/Diff_Days_Indoor_Setup/Day5/Device12/IQ_1.dat,105,8231895,10,21,0,test,diff_days_indoor,5,0,0,0,0,0,0.6427579522132874
data/raw/osu_lora/Diff_Days_Indoor_Setup/Day5/Device12/IQ_1.dat,106,8310294,10,21,0,test,diff_days_indoor,5,0,0,0,0,0,0.5091055035591125
data/raw/osu_lora/Diff_Days_Indoor_Setup/Day5/Device12/IQ_1.dat,107,8388693,10,10,1,test,diff_days_indoor,5,0,0,0,0,0,0.5181771516799927
data/raw/osu_lora/Diff_Days_Indoor_Setup/Day5/Device12/IQ_1.dat,108,8467092,10,21,0,test,diff_days_indoor,5,0,0,0,0,0,0.6057425141334534
data/raw/osu_lora/Diff_Days_Indoor_Setup/Day5/Device12/IQ_1.dat,109,8545491,10,21,0,test,diff_days_indoor,5,0,0,0,0,0,0.6025375127792358
data/raw/osu_lora/Diff_Days_Indoor_Setup/Day5/Device12/IQ_1.dat,110,8623890,10,10,1,test,diff_days_indoor,5,0,0,0,0,0,0.5536652207374573
data/raw/osu_lora/Diff_Days_Indoor_Setup/Day5/Device12/IQ_1.dat,111,8702289,10,21,0,test,diff_days_indoor,5,0,0,0,0,0,0.577836811542511
data/raw/osu_lora/Diff_Days_Indoor_Setup/Day5/Device12/IQ_1.dat,112,8780688,10,10,1,test,diff_days_indoor,5,0,0,0,0,0,0.5651464462280273
data/raw/osu_lora/Diff_Days_Indoor_Setup/Day5/Device12/IQ_1.dat,113,8859087,10,21,0,test,diff_days_indoor,5,0,0,0,0,0,0.5629788637161255
data/raw/osu_lora/Diff_Days_Indoor_Setup/Day5/Device12/IQ_1.dat,114,8937486,10,10,1,test,diff_days_indoor,5,0,0,0,0,0,0.544610857963562
data/raw/osu_lora/Diff_Days_Indoor_Setup/Day5/Device12/IQ_1.dat,115,9015885,10,21,0,test,diff_days_indoor,5,0,0,0,0,0,0.6720926761627197
data/raw/osu_lora/Diff_Days_Indoor_Setup/Day5/Device12/IQ_1.dat,116,9094284,10,21,0,test,diff_days_indoor,5,0,0,0,0,0,0.634999692440033
data/raw/osu_lora/Diff_Days_Indoor_Setup/Day5/Device12/IQ_1.dat,117,9172683,10,10,1,test,diff_days_indoor,5,0,0,0,0,0,0.5387409329414368
data/raw/osu_lora/Diff_Days_Indoor_Setup/Day5/Device12/IQ_1.dat,118,9251082,10,10,1,test,diff_days_indoor,5,0,0,0,0,0,0.5772423148155212
data/raw/osu_lora/Diff_Days_Indoor_Setup/Day5/Device12/IQ_1.dat,119,9329481,10,21,0,test,diff_days_indoor,5,0,0,0,0,0,0.5549284815788269
data/raw/osu_lora/Diff_Days_Indoor_Setup/Day5/Device12/IQ_1.dat,120,9407880,10,10,1,test,diff_days_indoor,5,0,0,0,0,0,0.6038553714752197
data/raw/osu_lora/Diff_Days_Indoor_Setup/Day5/Device12/IQ_1.dat,121,9486279,10,21,0,test,diff_days_indoor,5,0,0,0,0,0,0.5721151232719421
data/raw/osu_lora/Diff_Days_Indoor_Setup/Day5/Device12/IQ_1.dat,122,9564678,10,21,0,test,diff_days_indoor,5,0,0,0,0,0,0.49864476919174194
data/raw/osu_lora/Diff_Days_Indoor_Setup/Day5/Device12/IQ_1.dat,123,9643077,10,10,1,test,diff_days_indoor,5,0,0,0,0,0,0.4707610607147217
data/raw/osu_lora/Diff_Days_Indoor_Setup/Day5/Device12/IQ_1.dat,124,9721476,10,10,1,test,diff_days_indoor,5,0,0,0,0,0,0.5907270312309265
data/raw/osu_lora/Diff_Days_Indoor_Setup/Day5/Device12/IQ_1.dat,125,9799875,10,21,0,test,diff_days_indoor,5,0,0,0,0,0,0.49179187417030334
data/raw/osu_lora/Diff_Days_Indoor_Setup/Day5/Device12/IQ_1.dat,126,9878274,10,21,0,test,diff_days_indoor,5,0,0,0,0,0,0.6437966823577881
data/raw/osu_lora/Diff_Days_Indoor_Setup/Day5/Device12/IQ_1.dat,127,9956673,10,21,0,test,diff_days_indoor,5,0,0,0,0,0,0.5479475259780884
data/raw/osu_lora/Diff_Days_Indoor_Setup/Day5/Device12/IQ_1.dat,128,10035072,10,10,1,test,diff_days_indoor,5,0,0,0,0,0,0.637898325920105
data/raw/osu_lora/Diff_Days_Indoor_Setup/Day5/Device12/IQ_1.dat,129,10113471,10,21,0,test,diff_days_indoor,5,0,0,0,0,0,0.2733997404575348
data/raw/osu_lora/Diff_Days_Indoor_Setup/Day5/Device12/IQ_1.dat,130,10191870,10,21,0,test,diff_days_indoor,5,0,0,0,0,0,0.5121047496795654
data/raw/osu_lora/Diff_Days_Indoor_Setup/Day5/Device12/IQ_1.dat,131,10270269,10,21,0,test,diff_days_indoor,5,0,0,0,0,0,0.4654756784439087
data/raw/osu_lora/Diff_Days_Indoor_Setup/Day5/Device12/IQ_1.dat,132,10348668,10,10,1,test,diff_days_indoor,5,0,0,0,0,0,0.5603502988815308
data/raw/osu_lora/Diff_Days_Indoor_Setup/Day5/Device12/IQ_1.dat,133,10427067,10,21,0,test,diff_days_indoor,5,0,0,0,0,0,0.4887341856956482
data/raw/osu_lora/Diff_Days_Indoor_Setup/Day5/Device12/IQ_1.dat,134,10505466,10,21,0,test,diff_days_indoor,5,0,0,0,0,0,0.6715834140777588
data/raw/osu_lora/Diff_Days_Indoor_Setup/Day5/Device12/IQ_1.dat,135,10583865,10,10,1,test,diff_days_indoor,5,0,0,0,0,0,0.6052427887916565
data/raw/osu_lora/Diff_Days_Indoor_Setup/Day5/Device12/IQ_1.dat,136,10662264,10,10,1,test,diff_days_indoor,5,0,0,0,0,0,0.48986655473709106
data/raw/osu_lora/Diff_Days_Indoor_Setup/Day5/Device12/IQ_1.dat,137,10740663,10,21,0,test,diff_days_indoor,5,0,0,0,0,0,0.6115899682044983
data/raw/osu_lora/Diff_Days_Indoor_Setup/Day5/Device12/IQ_1.dat,138,10819062,10,21,0,test,diff_days_indoor,5,0,0,0,0,0,0.5152238607406616
data/raw/osu_lora/Diff_Days_Indoor_Setup/Day5/Device12/IQ_1.dat,139,10897461,10,21,0,test,diff_days_indoor,5,0,0,0,0,0,0.4840274453163147
data/raw/osu_lora/Diff_Days_Indoor_Setup/Day5/Device12/IQ_1.dat,140,10975860,10,21,0,test,diff_days_indoor,5,0,0,0,0,0,0.620266318321228
data/raw/osu_lora/Diff_Days_Indoor_Setup/Day5/Device12/IQ_1.dat,141,11054259,10,21,0,test,diff_days_indoor,5,0,0,0,0,0,0.47858068346977234
data/raw/osu_lora/Diff_Days_Indoor_Setup/Day5/Device12/IQ_1.dat,142,11132658,10,21,0,test,diff_days_indoor,5,0,0,0,0,0,0.4922332763671875
data/raw/osu_lora/Diff_Days_Indoor_Setup/Day5/Device12/IQ_1.dat,143,11211057,10,21,0,test,diff_days_indoor,5,0,0,0,0,0,0.5255917906761169
data/raw/osu_lora/Diff_Days_Indoor_Setup/Day5/Device12/IQ_1.dat,144,11289456,10,21,0,test,diff_days_indoor,5,0,0,0,0,0,0.5678433775901794
data/raw/osu_lora/Diff_Days_Indoor_Setup/Day5/Device12/IQ_1.dat,145,11367855,10,10,1,test,diff_days_indoor,5,0,0,0,0,0,0.5555158257484436
data/raw/osu_lora/Diff_Days_Indoor_Setup/Day5/Device12/IQ_1.dat,146,11446254,10,21,0,test,diff_days_indoor,5,0,0,0,0,0,0.5068342685699463
data/raw/osu_lora/Diff_Days_Indoor_Setup/Day5/Device12/IQ_1.dat,147,11524653,10,21,0,test,diff_days_indoor,5,0,0,0,0,0,0.49268415570259094
data/raw/osu_lora/Diff_Days_Indoor_Setup/Day5/Device12/IQ_1.dat,148,11603052,10,21,0,test,diff_days_indoor,5,0,0,0,0,0,0.6264877319335938
data/raw/osu_lora/Diff_Days_Indoor_Setup/Day5/Device12/IQ_1.dat,149,11681451,10,21,0,test,diff_days_indoor,5,0,0,0,0,0,0.5302890539169312
data/raw/osu_lora/Diff_Days_Indoor_Setup/Day5/Device12/IQ_1.dat,150,11759850,10,21,0,test,diff_days_indoor,5,0,0,0,0,0,0.5159478187561035
data/raw/osu_lora/Diff_Days_Indoor_Setup/Day5/Device12/IQ_1.dat,151,11838249,10,21,0,test,diff_days_indoor,5,0,0,0,0,0,0.4605529010295868
data/raw/osu_lora/Diff_Days_Indoor_Setup/Day5/Device12/IQ_1.dat,152,11916648,10,10,1,test,diff_days_indoor,5,0,0,0,0,0,0.5387038588523865
data/raw/osu_lora/Diff_Days_Indoor_Setup/Day5/Device12/IQ_1.dat,153,11995047,10,21,0,test,diff_days_indoor,5,0,0,0,0,0,0.5472586154937744
data/raw/osu_lora/Diff_Days_Indoor_Setup/Day5/Device12/IQ_1.dat,154,12073446,10,21,0,test,diff_days_indoor,5,0,0,0,0,0,0.5513323545455933
data/raw/osu_lora/Diff_Days_Indoor_Setup/Day5/Device12/IQ_1.dat,155,12151845,10,21,0,test,diff_days_indoor,5,0,0,0,0,0,0.6239503026008606
data/raw/osu_lora/Diff_Days_Indoor_Setup/Day5/Device12/IQ_1.dat,156,12230244,10,21,0,test,diff_days_indoor,5,0,0,0,0,0,0.5354692935943604
data/raw/osu_lora/Diff_Days_Indoor_Setup/Day5/Device12/IQ_1.dat,157,12308643,10,21,0,test,diff_days_indoor,5,0,0,0,0,0,0.6722814440727234
data/raw/osu_lora/Diff_Days_Indoor_Setup/Day5/Device12/IQ_1.dat,158,12387042,10,21,0,test,diff_days_indoor,5,0,0,0,0,0,0.5642246603965759
data/raw/osu_lora/Diff_Days_Indoor_Setup/Day5/Device12/IQ_1.dat,159,12465441,10,10,1,test,diff_days_indoor,5,0,0,0,0,0,0.5449061393737793
data/raw/osu_lora/Diff_Days_Indoor_Setup/Day5/Device12/IQ_1.dat,160,12543840,10,21,0,test,diff_days_indoor,5,0,0,0,0,0,0.5098947882652283
data/raw/osu_lora/Diff_Days_Indoor_Setup/Day5/Device12/IQ_1.dat,161,12622239,10,21,0,test,diff_days_indoor,5,0,0,0,0,0,0.48340532183647156
data/raw/osu_lora/Diff_Days_Indoor_Setup/Day5/Device12/IQ_1.dat,162,12700638,10,21,0,test,diff_days_indoor,5,0,0,0,0,0,0.5294042825698853
data/raw/osu_lora/Diff_Days_Indoor_Setup/Day5/Device12/IQ_1.dat,163,12779037,10,10,1,test,diff_days_indoor,5,0,0,0,0,0,0.5342844128608704
data/raw/osu_lora/Diff_Days_Indoor_Setup/Day5/Device12/IQ_1.dat,164,12857436,10,21,0,test,diff_days_indoor,5,0,0,0,0,0,0.6432803273200989
data/raw/osu_lora/Diff_Days_Indoor_Setup/Day5/Device12/IQ_1.dat,165,12935835,10,21,0,test,diff_days_indoor,5,0,0,0,0,0,0.3488423526287079
data/raw/osu_lora/Diff_Days_Indoor_Setup/Day5/Device12/IQ_1.dat,166,13014234,10,21,0,test,diff_days_indoor,5,0,0,0,0,0,0.5108445286750793
data/raw/osu_lora/Diff_Days_Indoor_Setup/Day5/Device12/IQ_1.dat,167,13092633,10,10,1,test,diff_days_indoor,5,0,0,0,0,0,0.5422436594963074
data/raw/osu_lora/Diff_Days_Indoor_Setup/Day5/Device12/IQ_1.dat,168,13171032,10,10,1,test,diff_days_indoor,5,0,0,0,0,0,0.7351438999176025
data/raw/osu_lora/Diff_Days_Indoor_Setup/Day5/Device12/IQ_1.dat,169,13249431,10,21,0,test,diff_days_indoor,5,0,0,0,0,0,0.46004047989845276
data/raw/osu_lora/Diff_Days_Indoor_Setup/Day5/Device12/IQ_1.dat,170,13327830,10,21,0,test,diff_days_indoor,5,0,0,0,0,0,0.5956449508666992
data/raw/osu_lora/Diff_Days_Indoor_Setup/Day5/Device12/IQ_1.dat,171,13406229,10,21,0,test,diff_days_indoor,5,0,0,0,0,0,0.4934963583946228
data/raw/osu_lora/Diff_Days_Indoor_Setup/Day5/Device12/IQ_1.dat,172,13484628,10,21,0,test,diff_days_indoor,5,0,0,0,0,0,0.6172962784767151
data/raw/osu_lora/Diff_Days_Indoor_Setup/Day5/Device12/IQ_1.dat,173,13563027,10,21,0,test,diff_days_indoor,5,0,0,0,0,0,0.5660741329193115
data/raw/osu_lora/Diff_Days_Indoor_Setup/Day5/Device12/IQ_1.dat,174,13641426,10,21,0,test,diff_days_indoor,5,0,0,0,0,0,0.345604807138443
data/raw/osu_lora/Diff_Days_Indoor_Setup/Day5/Device12/IQ_1.dat,175,13719825,10,10,1,test,diff_days_indoor,5,0,0,0,0,0,0.5788753032684326
data/raw/osu_lora/Diff_Days_Indoor_Setup/Day5/Device12/IQ_1.dat,176,13798224,10,21,0,test,diff_days_indoor,5,0,0,0,0,0,0.48393508791923523
data/raw/osu_lora/Diff_Days_Indoor_Setup/Day5/Device12/IQ_1.dat,177,13876623,10,10,1,test,diff_days_indoor,5,0,0,0,0,0,0.47661635279655457
data/raw/osu_lora/Diff_Days_Indoor_Setup/Day5/Device12/IQ_1.dat,178,13955022,10,10,1,test,diff_days_indoor,5,0,0,0,0,0,0.49072763323783875
data/raw/osu_lora/Diff_Days_Indoor_Setup/Day5/Device12/IQ_1.dat,179,14033421,10,21,0,test,diff_days_indoor,5,0,0,0,0,0,0.5611732006072998
data/raw/osu_lora/Diff_Days_Indoor_Setup/Day5/Device12/IQ_1.dat,180,14111820,10,10,1,test,diff_days_indoor,5,0,0,0,0,0,0.5777660012245178
data/raw/osu_lora/Diff_Days_Indoor_Setup/Day5/Device12/IQ_1.dat,181,14190219,10,21,0,test,diff_days_indoor,5,0,0,0,0,0,0.552470862865448
data/raw/osu_lora/Diff_Days_Indoor_Setup/Day5/Device12/IQ_1.dat,182,14268618,10,10,1,test,diff_days_indoor,5,0,0,0,0,0,0.5497991442680359
data/raw/osu_lora/Diff_Days_Indoor_Setup/Day5/Device12/IQ_1.dat,183,14347017,10,21,0,test,diff_days_indoor,5,0,0,0,0,0,0.47885507345199585
data/raw/osu_lora/Diff_Days_Indoor_Setup/Day5/Device12/IQ_1.dat,184,14425416,10,21,0,test,diff_days_indoor,5,0,0,0,0,0,0.5903279185295105
data/raw/osu_lora/Diff_Days_Indoor_Setup/Day5/Device12/IQ_1.dat,185,14503815,10,10,1,test,diff_days_indoor,5,0,0,0,0,0,0.5911038517951965
data/raw/osu_lora/Diff_Days_Indoor_Setup/Day5/Device12/IQ_1.dat,186,14582214,10,10,1,test,diff_days_indoor,5,0,0,0,0,0,0.5722118616104126
data/raw/osu_lora/Diff_Days_Indoor_Setup/Day5/Device12/IQ_1.dat,187,14660613,10,10,1,test,diff_days_indoor,5,0,0,0,0,0,0.534743070602417
data/raw/osu_lora/Diff_Days_Indoor_Setup/Day5/Device12/IQ_1.dat,188,14739012,10,21,0,test,diff_days_indoor,5,0,0,0,0,0,0.5360960960388184
data/raw/osu_lora/Diff_Days_Indoor_Setup/Day5/Device12/IQ_1.dat,189,14817411,10,10,1,test,diff_days_indoor,5,0,0,0,0,0,0.5199798941612244
data/raw/osu_lora/Diff_Days_Indoor_Setup/Day5/Device12/IQ_1.dat,190,14895810,10,10,1,test,diff_days_indoor,5,0,0,0,0,0,0.5374754071235657
data/raw/osu_lora/Diff_Days_Indoor_Setup/Day5/Device12/IQ_1.dat,191,14974209,10,10,1,test,diff_days_indoor,5,0,0,0,0,0,0.5097641944885254
data/raw/osu_lora/Diff_Days_Indoor_Setup/Day5/Device12/IQ_1.dat,192,15052608,10,21,0,test,diff_days_indoor,5,0,0,0,0,0,0.4938170313835144
data/raw/osu_lora/Diff_Days_Indoor_Setup/Day5/Device12/IQ_1.dat,193,15131007,10,21,0,test,diff_days_indoor,5,0,0,0,0,0,0.5884029865264893
data/raw/osu_lora/Diff_Days_Indoor_Setup/Day5/Device12/IQ_1.dat,194,15209406,10,21,0,test,diff_days_indoor,5,0,0,0,0,0,0.5297945141792297
data/raw/osu_lora/Diff_Days_Indoor_Setup/Day5/Device12/IQ_1.dat,195,15287805,10,10,1,test,diff_days_indoor,5,0,0,0,0,0,0.5439942479133606
data/raw/osu_lora/Diff_Days_Indoor_Setup/Day5/Device12/IQ_1.dat,196,15366204,10,21,0,test,diff_days_indoor,5,0,0,0,0,0,0.5138444900512695
data/raw/osu_lora/Diff_Days_Indoor_Setup/Day5/Device12/IQ_1.dat,197,15444603,10,21,0,test,diff_days_indoor,5,0,0,0,0,0,0.5372395515441895
data/raw/osu_lora/Diff_Days_Indoor_Setup/Day5/Device12/IQ_1.dat,198,15523002,10,21,0,test,diff_days_indoor,5,0,0,0,0,0,0.5676876306533813
data/raw/osu_lora/Diff_Days_Indoor_Setup/Day5/Device12/IQ_1.dat,199,15601401,10,21,0,test,diff_days_indoor,5,0,0,0,0,0,0.5234465003013611
data/raw/osu_lora/Diff_Days_Indoor_Setup/Day5/Device12/IQ_1.dat,200,15679800,10,21,0,test,diff_days_indoor,5,0,0,0,0,0,0.5856542587280273
data/raw/osu_lora/Diff_Days_Indoor_Setup/Day5/Device12/IQ_1.dat,201,15758199,10,21,0,test,diff_days_indoor,5,0,0,0,0,0,0.5482337474822998
data/raw/osu_lora/Diff_Days_Indoor_Setup/Day5/Device12/IQ_1.dat,202,15836598,10,10,1,test,diff_days_indoor,5,0,0,0,0,0,0.5262434482574463
data/raw/osu_lora/Diff_Days_Indoor_Setup/Day5/Device12/IQ_1.dat,203,15914997,10,21,0,test,diff_days_indoor,5,0,0,0,0,0,0.5600230097770691
data/raw/osu_lora/Diff_Days_Indoor_Setup/Day5/Device12/IQ_1.dat,204,15993396,10,21,0,test,diff_days_indoor,5,0,0,0,0,0,0.5380364656448364
data/raw/osu_lora/Diff_Days_Indoor_Setup/Day5/Device12/IQ_1.dat,205,16071795,10,10,1,test,diff_days_indoor,5,0,0,0,0,0,0.59996098279953
data/raw/osu_lora/Diff_Days_Indoor_Setup/Day5/Device12/IQ_1.dat,206,16150194,10,10,1,test,diff_days_indoor,5,0,0,0,0,0,0.5223370790481567
data/raw/osu_lora/Diff_Days_Indoor_Setup/Day5/Device12/IQ_1.dat,207,16228593,10,21,0,test,diff_days_indoor,5,0,0,0,0,0,0.4780063033103943
data/raw/osu_lora/Diff_Days_Indoor_Setup/Day5/Device12/IQ_1.dat,208,16306992,10,10,1,test,diff_days_indoor,5,0,0,0,0,0,0.5634771585464478
data/raw/osu_lora/Diff_Days_Indoor_Setup/Day5/Device12/IQ_1.dat,209,16385391,10,10,1,test,diff_days_indoor,5,0,0,0,0,0,0.6116131544113159
data/raw/osu_lora/Diff_Days_Indoor_Setup/Day5/Device12/IQ_1.dat,210,16463790,10,10,1,test,diff_days_indoor,5,0,0,0,0,0,0.5463786125183105
data/raw/osu_lora/Diff_Days_Indoor_Setup/Day5/Device12/IQ_1.dat,211,16542189,10,10,1,test,diff_days_indoor,5,0,0,0,0,0,0.5731619000434875
data/raw/osu_lora/Diff_Days_Indoor_Setup/Day5/Device12/IQ_1.dat,212,16620588,10,21,0,test,diff_days_indoor,5,0,0,0,0,0,0.1982242614030838
data/raw/osu_lora/Diff_Days_Indoor_Setup/Day5/Device12/IQ_1.dat,213,16698987,10,21,0,test,diff_days_indoor,5,0,0,0,0,0,0.42850562930107117
data/raw/osu_lora/Diff_Days_Indoor_Setup/Day5/Device12/IQ_1.dat,214,16777386,10,21,0,test,diff_days_indoor,5,0,0,0,0,0,0.5541393160820007
data/raw/osu_lora/Diff_Days_Indoor_Setup/Day5/Device12/IQ_1.dat,215,16855785,10,21,0,test,diff_days_indoor,5,0,0,0,0,0,0.45743122696876526
data/raw/osu_lora/Diff_Days_Indoor_Setup/Day5/Device12/IQ_1.dat,216,16934184,10,21,0,test,diff_days_indoor,5,0,0,0,0,0,0.5517545938491821
data/raw/osu_lora/Diff_Days_Indoor_Setup/Day5/Device12/IQ_1.dat,217,17012583,10,21,0,test,diff_days_indoor,5,0,0,0,0,0,0.5112338066101074
data/raw/osu_lora/Diff_Days_Indoor_Setup/Day5/Device12/IQ_1.dat,218,17090982,10,10,1,test,diff_days_indoor,5,0,0,0,0,0,0.530873715877533
data/raw/osu_lora/Diff_Days_Indoor_Setup/Day5/Device12/IQ_1.dat,219,17169381,10,21,0,test,diff_days_indoor,5,0,0,0,0,0,0.5373861193656921
data/raw/osu_lora/Diff_Days_Indoor_Setup/Day5/Device12/IQ_1.dat,220,17247780,10,21,0,test,diff_days_indoor,5,0,0,0,0,0,0.4847637712955475
data/raw/osu_lora/Diff_Days_Indoor_Setup/Day5/Device12/IQ_1.dat,221,17326179,10,21,0,test,diff_days_indoor,5,0,0,0,0,0,0.5837700963020325
data/raw/osu_lora/Diff_Days_Indoor_Setup/Day5/Device12/IQ_1.dat,222,17404578,10,21,0,test,diff_days_indoor,5,0,0,0,0,0,0.5362735390663147
data/raw/osu_lora/Diff_Days_Indoor_Setup/Day5/Device12/IQ_1.dat,223,17482977,10,21,0,test,diff_days_indoor,5,0,0,0,0,0,0.5476361513137817
data/raw/osu_lora/Diff_Days_Indoor_Setup/Day5/Device12/IQ_1.dat,224,17561376,10,21,0,test,diff_days_indoor,5,0,0,0,0,0,0.5276672840118408
data/raw/osu_lora/Diff_Days_Indoor_Setup/Day5/Device12/IQ_1.dat,225,17639775,10,10,1,test,diff_days_indoor,5,0,0,0,0,0,0.6264636516571045
data/raw/osu_lora/Diff_Days_Indoor_Setup/Day5/Device12/IQ_1.dat,226,17718174,10,10,1,test,diff_days_indoor,5,0,0,0,0,0,0.6824142932891846
data/raw/osu_lora/Diff_Days_Indoor_Setup/Day5/Device12/IQ_1.dat,227,17796573,10,21,0,test,diff_days_indoor,5,0,0,0,0,0,0.5508419275283813
data/raw/osu_lora/Diff_Days_Indoor_Setup/Day5/Device12/IQ_1.dat,228,17874972,10,21,0,test,diff_days_indoor,5,0,0,0,0,0,0.6160488724708557
data/raw/osu_lora/Diff_Days_Indoor_Setup/Day5/Device12/IQ_1.dat,229,17953371,10,21,0,test,diff_days_indoor,5,0,0,0,0,0,0.5370112657546997
data/raw/osu_lora/Diff_Days_Indoor_Setup/Day5/Device12/IQ_1.dat,230,18031770,10,21,0,test,diff_days_indoor,5,0,0,0,0,0,0.495080828666687
data/raw/osu_lora/Diff_Days_Indoor_Setup/Day5/Device12/IQ_1.dat,231,18110169,10,21,0,test,diff_days_indoor,5,0,0,0,0,0,0.5138814449310303
data/raw/osu_lora/Diff_Days_Indoor_Setup/Day5/Device12/IQ_1.dat,232,18188568,10,21,0,test,diff_days_indoor,5,0,0,0,0,0,0.5733919143676758
data/raw/osu_lora/Diff_Days_Indoor_Setup/Day5/Device12/IQ_1.dat,233,18266967,10,10,1,test,diff_days_indoor,5,0,0,0,0,0,0.5364303588867188
data/raw/osu_lora/Diff_Days_Indoor_Setup/Day5/Device12/IQ_1.dat,234,18345366,10,21,0,test,diff_days_indoor,5,0,0,0,0,0,0.6188726425170898
data/raw/osu_lora/Diff_Days_Indoor_Setup/Day5/Device12/IQ_1.dat,235,18423765,10,10,1,test,diff_days_indoor,5,0,0,0,0,0,0.5073809027671814
data/raw/osu_lora/Diff_Days_Indoor_Setup/Day5/Device12/IQ_1.dat,236,18502164,10,10,1,test,diff_days_indoor,5,0,0,0,0,0,0.6051108241081238
data/raw/osu_lora/Diff_Days_Indoor_Setup/Day5/Device12/IQ_1.dat,237,18580563,10,21,0,test,diff_days_indoor,5,0,0,0,0,0,0.5192099809646606
data/raw/osu_lora/Diff_Days_Indoor_Setup/Day5/Device12/IQ_1.dat,238,18658962,10,10,1,test,diff_days_indoor,5,0,0,0,0,0,0.534282922744751
data/raw/osu_lora/Diff_Days_Indoor_Setup/Day5/Device12/IQ_1.dat,239,18737361,10,10,1,test,diff_days_indoor,5,0,0,0,0,0,0.6051332950592041
data/raw/osu_lora/Diff_Days_Indoor_Setup/Day5/Device12/IQ_1.dat,240,18815760,10,10,1,test,diff_days_indoor,5,0,0,0,0,0,0.5987614989280701
data/raw/osu_lora/Diff_Days_Indoor_Setup/Day5/Device12/IQ_1.dat,241,18894159,10,9,0,test,diff_days_indoor,5,0,0,0,0,0,0.2979729473590851
data/raw/osu_lora/Diff_Days_Indoor_Setup/Day5/Device12/IQ_1.dat,242,18972558,10,21,0,test,diff_days_indoor,5,0,0,0,0,0,0.44949090480804443
data/raw/osu_lora/Diff_Days_Indoor_Setup/Day5/Device12/IQ_1.dat,243,19050957,10,10,1,test,diff_days_indoor,5,0,0,0,0,0,0.6389216780662537
data/raw/osu_lora/Diff_Days_Indoor_Setup/Day5/Device12/IQ_1.dat,244,19129356,10,10,1,test,diff_days_indoor,5,0,0,0,0,0,0.6806558966636658
data/raw/osu_lora/Diff_Days_Indoor_Setup/Day5/Device12/IQ_1.dat,245,19207755,10,21,0,test,diff_days_indoor,5,0,0,0,0,0,0.5097100138664246
data/raw/osu_lora/Diff_Days_Indoor_Setup/Day5/Device12/IQ_1.dat,246,19286154,10,21,0,test,diff_days_indoor,5,0,0,0,0,0,0.47879329323768616
data/raw/osu_lora/Diff_Days_Indoor_Setup/Day5/Device12/IQ_1.dat,247,19364553,10,21,0,test,diff_days_indoor,5,0,0,0,0,0,0.53333979845047
data/raw/osu_lora/Diff_Days_Indoor_Setup/Day5/Device12/IQ_1.dat,248,19442952,10,21,0,test,diff_days_indoor,5,0,0,0,0,0,0.6385365724563599
data/raw/osu_lora/Diff_Days_Indoor_Setup/Day5/Device12/IQ_1.dat,249,19521351,10,10,1,test,diff_days_indoor,5,0,0,0,0,0,0.5544137954711914
data/raw/osu_lora/Diff_Days_Indoor_Setup/Day5/Device12/IQ_1.dat,250,19599750,10,21,0,test,diff_days_indoor,5,0,0,0,0,0,0.5654478669166565
data/raw/osu_lora/Diff_Days_Indoor_Setup/Day5/Device12/IQ_1.dat,251,19678149,10,21,0,test,diff_days_indoor,5,0,0,0,0,0,0.6064974665641785
data/raw/osu_lora/Diff_Days_Indoor_Setup/Day5/Device12/IQ_1.dat,252,19756548,10,21,0,test,diff_days_indoor,5,0,0,0,0,0,0.5569546222686768
data/raw/osu_lora/Diff_Days_Indoor_Setup/Day5/Device12/IQ_1.dat,253,19834947,10,10,1,test,diff_days_indoor,5,0,0,0,0,0,0.5247325301170349
data/raw/osu_lora/Diff_Days_Indoor_Setup/Day5/Device12/IQ_1.dat,254,19913346,10,21,0,test,diff_days_indoor,5,0,0,0,0,0,0.6815590262413025
data/raw/osu_lora/Diff_Days_Indoor_Setup/Day5/Device12/IQ_1.dat,255,19991745,10,21,0,test,diff_days_indoor,5,0,0,0,0,0,0.5234847068786621
data/raw/osu_lora/Diff_Days_Indoor_Setup/Day5/Device13/IQ_1.dat,0,0,11,11,1,test,diff_days_indoor,5,0,0,0,0,0,0.9655748009681702
data/raw/osu_lora/Diff_Days_Indoor_Setup/Day5/Device13/IQ_1.dat,1,78399,11,11,1,test,diff_days_indoor,5,0,0,0,0,0,0.932412326335907
data/raw/osu_lora/Diff_Days_Indoor_Setup/Day5/Device13/IQ_1.dat,2,156798,11,11,1,test,diff_days_indoor,5,0,0,0,0,0,0.9125328660011292
data/raw/osu_lora/Diff_Days_Indoor_Setup/Day5/Device13/IQ_1.dat,3,235197,11,11,1,test,diff_days_indoor,5,0,0,0,0,0,0.8775409460067749
data/raw/osu_lora/Diff_Days_Indoor_Setup/Day5/Device13/IQ_1.dat,4,313596,11,11,1,test,diff_days_indoor,5,0,0,0,0,0,0.8889538645744324
data/raw/osu_lora/Diff_Days_Indoor_Setup/Day5/Device13/IQ_1.dat,5,391995,11,11,1,test,diff_days_indoor,5,0,0,0,0,0,0.9553313851356506
data/raw/osu_lora/Diff_Days_Indoor_Setup/Day5/Device13/IQ_1.dat,6,470394,11,11,1,test,diff_days_indoor,5,0,0,0,0,0,0.5587446689605713
data/raw/osu_lora/Diff_Days_Indoor_Setup/Day5/Device13/IQ_1.dat,7,548793,11,11,1,test,diff_days_indoor,5,0,0,0,0,0,0.9081445336341858
data/raw/osu_lora/Diff_Days_Indoor_Setup/Day5/Device13/IQ_1.dat,8,627192,11,11,1,test,diff_days_indoor,5,0,0,0,0,0,0.508877694606781
data/raw/osu_lora/Diff_Days_Indoor_Setup/Day5/Device13/IQ_1.dat,9,705591,11,11,1,test,diff_days_indoor,5,0,0,0,0,0,0.8482140302658081
data/raw/osu_lora/Diff_Days_Indoor_Setup/Day5/Device13/IQ_1.dat,10,783990,11,11,1,test,diff_days_indoor,5,0,0,0,0,0,0.8200725317001343
data/raw/osu_lora/Diff_Days_Indoor_Setup/Day5/Device13/IQ_1.dat,11,862389,11,11,1,test,diff_days_indoor,5,0,0,0,0,0,0.6423127055168152
data/raw/osu_lora/Diff_Days_Indoor_Setup/Day5/Device13/IQ_1.dat,12,940788,11,11,1,test,diff_days_indoor,5,0,0,0,0,0,0.5562869906425476
data/raw/osu_lora/Diff_Days_Indoor_Setup/Day5/Device13/IQ_1.dat,13,1019187,11,4,0,test,diff_days_indoor,5,0,0,0,0,0,0.853793740272522
data/raw/osu_lora/Diff_Days_Indoor_Setup/Day5/Device13/IQ_1.dat,14,1097586,11,11,1,test,diff_days_indoor,5,0,0,0,0,0,0.8488360047340393
data/raw/osu_lora/Diff_Days_Indoor_Setup/Day5/Device13/IQ_1.dat,15,1175985,11,11,1,test,diff_days_indoor,5,0,0,0,0,0,0.8043200969696045
data/raw/osu_lora/Diff_Days_Indoor_Setup/Day5/Device13/IQ_1.dat,16,1254384,11,11,1,test,diff_days_indoor,5,0,0,0,0,0,0.4314095079898834
data/raw/osu_lora/Diff_Days_Indoor_Setup/Day5/Device13/IQ_1.dat,17,1332783,11,11,1,test,diff_days_indoor,5,0,0,0,0,0,0.6738913059234619
data/raw/osu_lora/Diff_Days_Indoor_Setup/Day5/Device13/IQ_1.dat,18,1411182,11,11,1,test,diff_days_indoor,5,0,0,0,0,0,0.974898099899292
data/raw/osu_lora/Diff_Days_Indoor_Setup/Day5/Device13/IQ_1.dat,19,1489581,11,11,1,test,diff_days_indoor,5,0,0,0,0,0,0.8540512919425964
data/raw/osu_lora/Diff_Days_Indoor_Setup/Day5/Device13/IQ_1.dat,20,1567980,11,4,0,test,diff_days_indoor,5,0,0,0,0,0,0.5281506776809692
data/raw/osu_lora/Diff_Days_Indoor_Setup/Day5/Device13/IQ_1.dat,21,1646379,11,11,1,test,diff_days_indoor,5,0,0,0,0,0,0.9883132576942444
data/raw/osu_lora/Diff_Days_Indoor_Setup/Day5/Device13/IQ_1.dat,22,1724778,11,4,0,test,diff_days_indoor,5,0,0,0,0,0,0.8144075870513916
data/raw/osu_lora/Diff_Days_Indoor_Setup/Day5/Device13/IQ_1.dat,23,1803177,11,11,1,test,diff_days_indoor,5,0,0,0,0,0,0.9520654678344727
data/raw/osu_lora/Diff_Days_Indoor_Setup/Day5/Device13/IQ_1.dat,24,1881576,11,11,1,test,diff_days_indoor,5,0,0,0,0,0,0.8982362747192383
data/raw/osu_lora/Diff_Days_Indoor_Setup/Day5/Device13/IQ_1.dat,25,1959975,11,11,1,test,diff_days_indoor,5,0,0,0,0,0,0.8707030415534973
data/raw/osu_lora/Diff_Days_Indoor_Setup/Day5/Device13/IQ_1.dat,26,2038374,11,11,1,test,diff_days_indoor,5,0,0,0,0,0,0.5322573184967041
data/raw/osu_lora/Diff_Days_Indoor_Setup/Day5/Device13/IQ_1.dat,27,2116773,11,11,1,test,diff_days_indoor,5,0,0,0,0,0,0.8078213930130005
data/raw/osu_lora/Diff_Days_Indoor_Setup/Day5/Device13/IQ_1.dat,28,2195172,11,4,0,test,diff_days_indoor,5,0,0,0,0,0,0.6985858082771301
data/raw/osu_lora/Diff_Days_Indoor_Setup/Day5/Device13/IQ_1.dat,29,2273571,11,11,1,test,diff_days_indoor,5,0,0,0,0,0,0.9602998495101929
data/raw/osu_lora/Diff_Days_Indoor_Setup/Day5/Device13/IQ_1.dat,30,2351970,11,4,0,test,diff_days_indoor,5,0,0,0,0,0,0.6584354043006897
data/raw/osu_lora/Diff_Days_Indoor_Setup/Day5/Device13/IQ_1.dat,31,2430369,11,11,1,test,diff_days_indoor,5,0,0,0,0,0,0.7302578687667847
data/raw/osu_lora/Diff_Days_Indoor_Setup/Day5/Device13/IQ_1.dat,32,2508768,11,11,1,test,diff_days_indoor,5,0,0,0,0,0,0.8747473359107971
data/raw/osu_lora/Diff_Days_Indoor_Setup/Day5/Device13/IQ_1.dat,33,2587167,11,4,0,test,diff_days_indoor,5,0,0,0,0,0,0.8273547887802124
data/raw/osu_lora/Diff_Days_Indoor_Setup/Day5/Device13/IQ_1.dat,34,2665566,11,11,1,test,diff_days_indoor,5,0,0,0,0,0,0.7635955810546875
data/raw/osu_lora/Diff_Days_Indoor_Setup/Day5/Device13/IQ_1.dat,35,2743965,11,11,1,test,diff_days_indoor,5,0,0,0,0,0,0.5821827054023743
data/raw/osu_lora/Diff_Days_Indoor_Setup/Day5/Device13/IQ_1.dat,36,2822364,11,11,1,test,diff_days_indoor,5,0,0,0,0,0,0.6658944487571716
data/raw/osu_lora/Diff_Days_Indoor_Setup/Day5/Device13/IQ_1.dat,37,2900763,11,11,1,test,diff_days_indoor,5,0,0,0,0,0,0.7369425296783447
data/raw/osu_lora/Diff_Days_Indoor_Setup/Day5/Device13/IQ_1.dat,38,2979162,11,11,1,test,diff_days_indoor,5,0,0,0,0,0,0.8961050510406494
data/raw/osu_lora/Diff_Days_Indoor_Setup/Day5/Device13/IQ_1.dat,39,3057561,11,4,0,test,diff_days_indoor,5,0,0,0,0,0,0.5813116431236267
data/raw/osu_lora/Diff_Days_Indoor_Setup/Day5/Device13/IQ_1.dat,40,3135960,11,4,0,test,diff_days_indoor,5,0,0,0,0,0,0.6012545228004456
data/raw/osu_lora/Diff_Days_Indoor_Setup/Day5/Device13/IQ_1.dat,41,3214359,11,11,1,test,diff_days_indoor,5,0,0,0,0,0,0.7467924356460571
data/raw/osu_lora/Diff_Days_Indoor_Setup/Day5/Device13/IQ_1.dat,42,3292758,11,11,1,test,diff_days_indoor,5,0,0,0,0,0,0.5142012238502502
data/raw/osu_lora/Diff_Days_Indoor_Setup/Day5/Device13/IQ_1.dat,43,3371157,11,11,1,test,diff_days_indoor,5,0,0,0,0,0,0.9100815057754517
data/raw/osu_lora/Diff_Days_Indoor_Setup/Day5/Device13/IQ_1.dat,44,3449556,11,11,1,test,diff_days_indoor,5,0,0,0,0,0,0.9006578326225281
data/raw/osu_lora/Diff_Days_Indoor_Setup/Day5/Device13/IQ_1.dat,45,3527955,11,11,1,test,diff_days_indoor,5,0,0,0,0,0,0.5513450503349304
data/raw/osu_lora/Diff_Days_Indoor_Setup/Day5/Device13/IQ_1.dat,46,3606354,11,11,1,test,diff_days_indoor,5,0,0,0,0,0,0.49496737122535706
data/raw/osu_lora/Diff_Days_Indoor_Setup/Day5/Device13/IQ_1.dat,47,3684753,11,11,1,test,diff_days_indoor,5,0,0,0,0,0,0.7051265239715576
data/raw/osu_lora/Diff_Days_Indoor_Setup/Day5/Device13/IQ_1.dat,48,3763152,11,11,1,test,diff_days_indoor,5,0,0,0,0,0,0.735730767250061
data/raw/osu_lora/Diff_Days_Indoor_Setup/Day5/Device13/IQ_1.dat,49,3841551,11,11,1,test,diff_days_indoor,5,0,0,0,0,0,0.9691767692565918
data/raw/osu_lora/Diff_Days_Indoor_Setup/Day5/Device13/IQ_1.dat,50,3919950,11,4,0,test,diff_days_indoor,5,0,0,0,0,0,0.5063425898551941
data/raw/osu_lora/Diff_Days_Indoor_Setup/Day5/Device13/IQ_1.dat,51,3998349,11,11,1,test,diff_days_indoor,5,0,0,0,0,0,0.9036901593208313
data/raw/osu_lora/Diff_Days_Indoor_Setup/Day5/Device13/IQ_1.dat,52,4076748,11,11,1,test,diff_days_indoor,5,0,0,0,0,0,0.923301100730896
data/raw/osu_lora/Diff_Days_Indoor_Setup/Day5/Device13/IQ_1.dat,53,4155147,11,11,1,test,diff_days_indoor,5,0,0,0,0,0,0.7659434676170349
data/raw/osu_lora/Diff_Days_Indoor_Setup/Day5/Device13/IQ_1.dat,54,4233546,11,11,1,test,diff_days_indoor,5,0,0,0,0,0,0.610752522945404
data/raw/osu_lora/Diff_Days_Indoor_Setup/Day5/Device13/IQ_1.dat,55,4311945,11,11,1,test,diff_days_indoor,5,0,0,0,0,0,0.9457564353942871
data/raw/osu_lora/Diff_Days_Indoor_Setup/Day5/Device13/IQ_1.dat,56,4390344,11,11,1,test,diff_days_indoor,5,0,0,0,0,0,0.9290742874145508
data/raw/osu_lora/Diff_Days_Indoor_Setup/Day5/Device13/IQ_1.dat,57,4468743,11,11,1,test,diff_days_indoor,5,0,0,0,0,0,0.6669647097587585
data/raw/osu_lora/Diff_Days_Indoor_Setup/Day5/Device13/IQ_1.dat,58,4547142,11,11,1,test,diff_days_indoor,5,0,0,0,0,0,0.8272534608840942
data/raw/osu_lora/Diff_Days_Indoor_Setup/Day5/Device13/IQ_1.dat,59,4625541,11,4,0,test,diff_days_indoor,5,0,0,0,0,0,0.9288902282714844
data/raw/osu_lora/Diff_Days_Indoor_Setup/Day5/Device13/IQ_1.dat,60,4703940,11,11,1,test,diff_days_indoor,5,0,0,0,0,0,0.8484284281730652
data/raw/osu_lora/Diff_Days_Indoor_Setup/Day5/Device13/IQ_1.dat,61,4782339,11,11,1,test,diff_days_indoor,5,0,0,0,0,0,0.9575777649879456
data/raw/osu_lora/Diff_Days_Indoor_Setup/Day5/Device13/IQ_1.dat,62,4860738,11,11,1,test,diff_days_indoor,5,0,0,0,0,0,0.8513553142547607
data/raw/osu_lora/Diff_Days_Indoor_Setup/Day5/Device13/IQ_1.dat,63,4939137,11,11,1,test,diff_days_indoor,5,0,0,0,0,0,0.8980998992919922
data/raw/osu_lora/Diff_Days_Indoor_Setup/Day5/Device13/IQ_1.dat,64,5017536,11,11,1,test,diff_days_indoor,5,0,0,0,0,0,0.9387780427932739
data/raw/osu_lora/Diff_Days_Indoor_Setup/Day5/Device13/IQ_1.dat,65,5095935,11,11,1,test,diff_days_indoor,5,0,0,0,0,0,0.9218683242797852
data/raw/osu_lora/Diff_Days_Indoor_Setup/Day5/Device13/IQ_1.dat,66,5174334,11,11,1,test,diff_days_indoor,5,0,0,0,0,0,0.9022365808486938
data/raw/osu_lora/Diff_Days_Indoor_Setup/Day5/Device13/IQ_1.dat,67,5252733,11,11,1,test,diff_days_indoor,5,0,0,0,0,0,0.8005293607711792
data/raw/osu_lora/Diff_Days_Indoor_Setup/Day5/Device13/IQ_1.dat,68,5331132,11,11,1,test,diff_days_indoor,5,0,0,0,0,0,0.9894603490829468
data/raw/osu_lora/Diff_Days_Indoor_Setup/Day5/Device13/IQ_1.dat,69,5409531,11,4,0,test,diff_days_indoor,5,0,0,0,0,0,0.5730581283569336
data/raw/osu_lora/Diff_Days_Indoor_Setup/Day5/Device13/IQ_1.dat,70,5487930,11,11,1,test,diff_days_indoor,5,0,0,0,0,0,0.7910729646682739
data/raw/osu_lora/Diff_Days_Indoor_Setup/Day5/Device13/IQ_1.dat,71,5566329,11,11,1,test,diff_days_indoor,5,0,0,0,0,0,0.9258182048797607
data/raw/osu_lora/Diff_Days_Indoor_Setup/Day5/Device13/IQ_1.dat,72,5644728,11,11,1,test,diff_days_indoor,5,0,0,0,0,0,0.7804097533226013
data/raw/osu_lora/Diff_Days_Indoor_Setup/Day5/Device13/IQ_1.dat,73,5723127,11,11,1,test,diff_days_indoor,5,0,0,0,0,0,0.5554064512252808
data/raw/osu_lora/Diff_Days_Indoor_Setup/Day5/Device13/IQ_1.dat,74,5801526,11,11,1,test,diff_days_indoor,5,0,0,0,0,0,0.9182357788085938
data/raw/osu_lora/Diff_Days_Indoor_Setup/Day5/Device13/IQ_1.dat,75,5879925,11,11,1,test,diff_days_indoor,5,0,0,0,0,0,0.9298272728919983
data/raw/osu_lora/Diff_Days_Indoor_Setup/Day5/Device13/IQ_1.dat,76,5958324,11,11,1,test,diff_days_indoor,5,0,0,0,0,0,0.9548139572143555
data/raw/osu_lora/Diff_Days_Indoor_Setup/Day5/Device13/IQ_1.dat,77,6036723,11,11,1,test,diff_days_indoor,5,0,0,0,0,0,0.9154542684555054
data/raw/osu_lora/Diff_Days_Indoor_Setup/Day5/Device13/IQ_1.dat,78,6115122,11,11,1,test,diff_days_indoor,5,0,0,0,0,0,0.9075794219970703
data/raw/osu_lora/Diff_Days_Indoor_Setup/Day5/Device13/IQ_1.dat,79,6193521,11,11,1,test,diff_days_indoor,5,0,0,0,0,0,0.794159471988678
data/raw/osu_lora/Diff_Days_Indoor_Setup/Day5/Device13/IQ_1.dat,80,6271920,11,11,1,test,diff_days_indoor,5,0,0,0,0,0,0.893718421459198
data/raw/osu_lora/Diff_Days_Indoor_Setup/Day5/Device13/IQ_1.dat,81,6350319,11,11,1,test,diff_days_indoor,5,0,0,0,0,0,0.9770695567131042
data/raw/osu_lora/Diff_Days_Indoor_Setup/Day5/Device13/IQ_1.dat,82,6428718,11,11,1,test,diff_days_indoor,5,0,0,0,0,0,0.9290085434913635
data/raw/osu_lora/Diff_Days_Indoor_Setup/Day5/Device13/IQ_1.dat,83,6507117,11,11,1,test,diff_days_indoor,5,0,0,0,0,0,0.9522269368171692
data/raw/osu_lora/Diff_Days_Indoor_Setup/Day5/Device13/IQ_1.dat,84,6585516,11,11,1,test,diff_days_indoor,5,0,0,0,0,0,0.9660201668739319
data/raw/osu_lora/Diff_Days_Indoor_Setup/Day5/Device13/IQ_1.dat,85,6663915,11,11,1,test,diff_days_indoor,5,0,0,0,0,0,0.9409598112106323
data/raw/osu_lora/Diff_Days_Indoor_Setup/Day5/Device13/IQ_1.dat,86,6742314,11,4,0,test,diff_days_indoor,5,0,0,0,0,0,0.8869031667709351
data/raw/osu_lora/Diff_Days_Indoor_Setup/Day5/Device13/IQ_1.dat,87,6820713,11,4,0,test,diff_days_indoor,5,0,0,0,0,0,0.780022144317627
data/raw/osu_lora/Diff_Days_Indoor_Setup/Day5/Device13/IQ_1.dat,88,6899112,11,4,0,test,diff_days_indoor,5,0,0,0,0,0,0.7663779258728027
data/raw/osu_lora/Diff_Days_Indoor_Setup/Day5/Device13/IQ_1.dat,89,6977511,11,4,0,test,diff_days_indoor,5,0,0,0,0,0,0.7535061240196228
data/raw/osu_lora/Diff_Days_Indoor_Setup/Day5/Device13/IQ_1.dat,90,7055910,11,4,0,test,diff_days_indoor,5,0,0,0,0,0,0.9024606347084045
data/raw/osu_lora/Diff_Days_Indoor_Setup/Day5/Device13/IQ_1.dat,91,7134309,11,11,1,test,diff_days_indoor,5,0,0,0,0,0,0.932575523853302
data/raw/osu_lora/Diff_Days_Indoor_Setup/Day5/Device13/IQ_1.dat,92,7212708,11,11,1,test,diff_days_indoor,5,0,0,0,0,0,0.9792561531066895
data/raw/osu_lora/Diff_Days_Indoor_Setup/Day5/Device13/IQ_1.dat,93,7291107,11,4,0,test,diff_days_indoor,5,0,0,0,0,0,0.5400427579879761
data/raw/osu_lora/Diff_Days_Indoor_Setup/Day5/Device13/IQ_1.dat,94,7369506,11,11,1,test,diff_days_indoor,5,0,0,0,0,0,0.9708830118179321
data/raw/osu_lora/Diff_Days_Indoor_Setup/Day5/Device13/IQ_1.dat,95,7447905,11,4,0,test,diff_days_indoor,5,0,0,0,0,0,0.5391779541969299
data/raw/osu_lora/Diff_Days_Indoor_Setup/Day5/Device13/IQ_1.dat,96,7526304,11,11,1,test,diff_days_indoor,5,0,0,0,0,0,0.5151250958442688
data/raw/osu_lora/Diff_Days_Indoor_Setup/Day5/Device13/IQ_1.dat,97,7604703,11,11,1,test,diff_days_indoor,5,0,0,0,0,0,0.9087062478065491
data/raw/osu_lora/Diff_Days_Indoor_Setup/Day5/Device13/IQ_1.dat,98,7683102,11,11,1,test,diff_days_indoor,5,0,0,0,0,0,0.9736322164535522
data/raw/osu_lora/Diff_Days_Indoor_Setup/Day5/Device13/IQ_1.dat,99,7761501,11,4,0,test,diff_days_indoor,5,0,0,0,0,0,0.9460002183914185
data/raw/osu_lora/Diff_Days_Indoor_Setup/Day5/Device13/IQ_1.dat,100,7839900,11,11,1,test,diff_days_indoor,5,0,0,0,0,0,0.7710695266723633
data/raw/osu_lora/Diff_Days_Indoor_Setup/Day5/Device13/IQ_1.dat,101,7918299,11,6,0,test,diff_days_indoor,5,0,0,0,0,0,0.16449694335460663
data/raw/osu_lora/Diff_Days_Indoor_Setup/Day5/Device13/IQ_1.dat,102,7996698,11,11,1,test,diff_days_indoor,5,0,0,0,0,0,0.891472578048706
data/raw/osu_lora/Diff_Days_Indoor_Setup/Day5/Device13/IQ_1.dat,103,8075097,11,11,1,test,diff_days_indoor,5,0,0,0,0,0,0.569627046585083
data/raw/osu_lora/Diff_Days_Indoor_Setup/Day5/Device13/IQ_1.dat,104,8153496,11,4,0,test,diff_days_indoor,5,0,0,0,0,0,0.6987771391868591
data/raw/osu_lora/Diff_Days_Indoor_Setup/Day5/Device13/IQ_1.dat,105,8231895,11,11,1,test,diff_days_indoor,5,0,0,0,0,0,0.975059986114502
data/raw/osu_lora/Diff_Days_Indoor_Setup/Day5/Device13/IQ_1.dat,106,8310294,11,11,1,test,diff_days_indoor,5,0,0,0,0,0,0.9050042033195496
data/raw/osu_lora/Diff_Days_Indoor_Setup/Day5/Device13/IQ_1.dat,107,8388693,11,11,1,test,diff_days_indoor,5,0,0,0,0,0,0.9479408264160156
data/raw/osu_lora/Diff_Days_Indoor_Setup/Day5/Device13/IQ_1.dat,108,8467092,11,11,1,test,diff_days_indoor,5,0,0,0,0,0,0.8917489051818848
data/raw/osu_lora/Diff_Days_Indoor_Setup/Day5/Device13/IQ_1.dat,109,8545491,11,4,0,test,diff_days_indoor,5,0,0,0,0,0,0.8725399971008301
data/raw/osu_lora/Diff_Days_Indoor_Setup/Day5/Device13/IQ_1.dat,110,8623890,11,11,1,test,diff_days_indoor,5,0,0,0,0,0,0.5766385793685913
data/raw/osu_lora/Diff_Days_Indoor_Setup/Day5/Device13/IQ_1.dat,111,8702289,11,11,1,test,diff_days_indoor,5,0,0,0,0,0,0.9756534695625305
data/raw/osu_lora/Diff_Days_Indoor_Setup/Day5/Device13/IQ_1.dat,112,8780688,11,11,1,test,diff_days_indoor,5,0,0,0,0,0,0.6902514100074768
data/raw/osu_lora/Diff_Days_Indoor_Setup/Day5/Device13/IQ_1.dat,113,8859087,11,11,1,test,diff_days_indoor,5,0,0,0,0,0,0.9622224569320679
data/raw/osu_lora/Diff_Days_Indoor_Setup/Day5/Device13/IQ_1.dat,114,8937486,11,11,1,test,diff_days_indoor,5,0,0,0,0,0,0.8963780403137207
data/raw/osu_lora/Diff_Days_Indoor_Setup/Day5/Device13/IQ_1.dat,115,9015885,11,4,0,test,diff_days_indoor,5,0,0,0,0,0,0.8251453042030334
data/raw/osu_lora/Diff_Days_Indoor_Setup/Day5/Device13/IQ_1.dat,116,9094284,11,4,0,test,diff_days_indoor,5,0,0,0,0,0,0.6098222136497498
data/raw/osu_lora/Diff_Days_Indoor_Setup/Day5/Device13/IQ_1.dat,117,9172683,11,11,1,test,diff_days_indoor,5,0,0,0,0,0,0.9058381915092468
data/raw/osu_lora/Diff_Days_Indoor_Setup/Day5/Device13/IQ_1.dat,118,9251082,11,11,1,test,diff_days_indoor,5,0,0,0,0,0,0.5515488386154175
data/raw/osu_lora/Diff_Days_Indoor_Setup/Day5/Device13/IQ_1.dat,119,9329481,11,4,0,test,diff_days_indoor,5,0,0,0,0,0,0.733440101146698
data/raw/osu_lora/Diff_Days_Indoor_Setup/Day5/Device13/IQ_1.dat,120,9407880,11,11,1,test,diff_days_indoor,5,0,0,0,0,0,0.6098663806915283
data/raw/osu_lora/Diff_Days_Indoor_Setup/Day5/Device13/IQ_1.dat,121,9486279,11,11,1,test,diff_days_indoor,5,0,0,0,0,0,0.9227665066719055
data/raw/osu_lora/Diff_Days_Indoor_Setup/Day5/Device13/IQ_1.dat,122,9564678,11,11,1,test,diff_days_indoor,5,0,0,0,0,0,0.8572311997413635
data/raw/osu_lora/Diff_Days_Indoor_Setup/Day5/Device13/IQ_1.dat,123,9643077,11,4,0,test,diff_days_indoor,5,0,0,0,0,0,0.6959866881370544
data/raw/osu_lora/Diff_Days_Indoor_Setup/Day5/Device13/IQ_1.dat,124,9721476,11,11,1,test,diff_days_indoor,5,0,0,0,0,0,0.9031885862350464
data/raw/osu_lora/Diff_Days_Indoor_Setup/Day5/Device13/IQ_1.dat,125,9799875,11,11,1,test,diff_days_indoor,5,0,0,0,0,0,0.961395800113678
data/raw/osu_lora/Diff_Days_Indoor_Setup/Day5/Device13/IQ_1.dat,126,9878274,11,11,1,test,diff_days_indoor,5,0,0,0,0,0,0.6081497073173523
data/raw/osu_lora/Diff_Days_Indoor_Setup/Day5/Device13/IQ_1.dat,127,9956673,11,11,1,test,diff_days_indoor,5,0,0,0,0,0,0.8594585061073303
data/raw/osu_lora/Diff_Days_Indoor_Setup/Day5/Device13/IQ_1.dat,128,10035072,11,11,1,test,diff_days_indoor,5,0,0,0,0,0,0.844979465007782
data/raw/osu_lora/Diff_Days_Indoor_Setup/Day5/Device13/IQ_1.dat,129,10113471,11,11,1,test,diff_days_indoor,5,0,0,0,0,0,0.9381193518638611
data/raw/osu_lora/Diff_Days_Indoor_Setup/Day5/Device13/IQ_1.dat,130,10191870,11,4,0,test,diff_days_indoor,5,0,0,0,0,0,0.5909056663513184
data/raw/osu_lora/Diff_Days_Indoor_Setup/Day5/Device13/IQ_1.dat,131,10270269,11,11,1,test,diff_days_indoor,5,0,0,0,0,0,0.9361588954925537
data/raw/osu_lora/Diff_Days_Indoor_Setup/Day5/Device13/IQ_1.dat,132,10348668,11,4,0,test,diff_days_indoor,5,0,0,0,0,0,0.5130923986434937
data/raw/osu_lora/Diff_Days_Indoor_Setup/Day5/Device13/IQ_1.dat,133,10427067,11,11,1,test,diff_days_indoor,5,0,0,0,0,0,0.8815550208091736
data/raw/osu_lora/Diff_Days_Indoor_Setup/Day5/Device13/IQ_1.dat,134,10505466,11,11,1,test,diff_days_indoor,5,0,0,0,0,0,0.7740465402603149
data/raw/osu_lora/Diff_Days_Indoor_Setup/Day5/Device13/IQ_1.dat,135,10583865,11,11,1,test,diff_days_indoor,5,0,0,0,0,0,0.7078408002853394
data/raw/osu_lora/Diff_Days_Indoor_Setup/Day5/Device13/IQ_1.dat,136,10662264,11,11,1,test,diff_days_indoor,5,0,0,0,0,0,0.48020830750465393
data/raw/osu_lora/Diff_Days_Indoor_Setup/Day5/Device13/IQ_1.dat,137,10740663,11,11,1,test,diff_days_indoor,5,0,0,0,0,0,0.9780163764953613
data/raw/osu_lora/Diff_Days_Indoor_Setup/Day5/Device13/IQ_1.dat,138,10819062,11,11,1,test,diff_days_indoor,5,0,0,0,0,0,0.9584944248199463
data/raw/osu_lora/Diff_Days_Indoor_Setup/Day5/Device13/IQ_1.dat,139,10897461,11,11,1,test,diff_days_indoor,5,0,0,0,0,0,0.5209212303161621
data/raw/osu_lora/Diff_Days_Indoor_Setup/Day5/Device13/IQ_1.dat,140,10975860,11,11,1,test,diff_days_indoor,5,0,0,0,0,0,0.756118893623352
data/raw/osu_lora/Diff_Days_Indoor_Setup/Day5/Device13/IQ_1.dat,141,11054259,11,11,1,test,diff_days_indoor,5,0,0,0,0,0,0.9809762239456177
data/raw/osu_lora/Diff_Days_Indoor_Setup/Day5/Device13/IQ_1.dat,142,11132658,11,4,0,test,diff_days_indoor,5,0,0,0,0,0,0.8794309496879578
data/raw/osu_lora/Diff_Days_Indoor_Setup/Day5/Device13/IQ_1.dat,143,11211057,11,4,0,test,diff_days_indoor,5,0,0,0,0,0,0.6329989433288574
data/raw/osu_lora/Diff_Days_Indoor_Setup/Day5/Device13/IQ_1.dat,144,11289456,11,11,1,test,diff_days_indoor,5,0,0,0,0,0,0.7946543097496033
data/raw/osu_lora/Diff_Days_Indoor_Setup/Day5/Device13/IQ_1.dat,145,11367855,11,11,1,test,diff_days_indoor,5,0,0,0,0,0,0.9448899030685425
data/raw/osu_lora/Diff_Days_Indoor_Setup/Day5/Device13/IQ_1.dat,146,11446254,11,4,0,test,diff_days_indoor,5,0,0,0,0,0,0.6587774157524109
data/raw/osu_lora/Diff_Days_Indoor_Setup/Day5/Device13/IQ_1.dat,147,11524653,11,11,1,test,diff_days_indoor,5,0,0,0,0,0,0.9298928380012512
data/raw/osu_lora/Diff_Days_Indoor_Setup/Day5/Device13/IQ_1.dat,148,11603052,11,4,0,test,diff_days_indoor,5,0,0,0,0,0,0.9234016537666321
data/raw/osu_lora/Diff_Days_Indoor_Setup/Day5/Device13/IQ_1.dat,149,11681451,11,11,1,test,diff_days_indoor,5,0,0,0,0,0,0.9466649293899536
data/raw/osu_lora/Diff_Days_Indoor_Setup/Day5/Device13/IQ_1.dat,150,11759850,11,11,1,test,diff_days_indoor,5,0,0,0,0,0,0.5693682432174683
data/raw/osu_lora/Diff_Days_Indoor_Setup/Day5/Device13/IQ_1.dat,151,11838249,11,11,1,test,diff_days_indoor,5,0,0,0,0,0,0.9214453101158142
data/raw/osu_lora/Diff_Days_Indoor_Setup/Day5/Device13/IQ_1.dat,152,11916648,11,11,1,test,diff_days_indoor,5,0,0,0,0,0,0.9522584080696106
data/raw/osu_lora/Diff_Days_Indoor_Setup/Day5/Device13/IQ_1.dat,153,11995047,11,11,1,test,diff_days_indoor,5,0,0,0,0,0,0.8496866822242737
data/raw/osu_lora/Diff_Days_Indoor_Setup/Day5/Device13/IQ_1.dat,154,12073446,11,11,1,test,diff_days_indoor,5,0,0,0,0,0,0.9593453407287598
data/raw/osu_lora/Diff_Days_Indoor_Setup/Day5/Device13/IQ_1.dat,155,12151845,11,11,1,test,diff_days_indoor,5,0,0,0,0,0,0.734311044216156
data/raw/osu_lora/Diff_Days_Indoor_Setup/Day5/Device13/IQ_1.dat,156,12230244,11,4,0,test,diff_days_indoor,5,0,0,0,0,0,0.5732635259628296
data/raw/osu_lora/Diff_Days_Indoor_Setup/Day5/Device13/IQ_1.dat,157,12308643,11,10,0,test,diff_days_indoor,5,0,0,0,0,0,0.6082792282104492
data/raw/osu_lora/Diff_Days_Indoor_Setup/Day5/Device13/IQ_1.dat,158,12387042,11,11,1,test,diff_days_indoor,5,0,0,0,0,0,0.9287708401679993
data/raw/osu_lora/Diff_Days_Indoor_Setup/Day5/Device13/IQ_1.dat,159,12465441,11,11,1,test,diff_days_indoor,5,0,0,0,0,0,0.9259703755378723
data/raw/osu_lora/Diff_Days_Indoor_Setup/Day5/Device13/IQ_1.dat,160,12543840,11,4,0,test,diff_days_indoor,5,0,0,0,0,0,0.6847428679466248
data/raw/osu_lora/Diff_Days_Indoor_Setup/Day5/Device13/IQ_1.dat,161,12622239,11,4,0,test,diff_days_indoor,5,0,0,0,0,0,0.892114520072937
data/raw/osu_lora/Diff_Days_Indoor_Setup/Day5/Device13/IQ_1.dat,162,12700638,11,11,1,test,diff_days_indoor,5,0,0,0,0,0,0.5502996444702148
data/raw/osu_lora/Diff_Days_Indoor_Setup/Day5/Device13/IQ_1.dat,163,12779037,11,11,1,test,diff_days_indoor,5,0,0,0,0,0,0.8989487886428833
data/raw/osu_lora/Diff_Days_Indoor_Setup/Day5/Device13/IQ_1.dat,164,12857436,11,11,1,test,diff_days_indoor,5,0,0,0,0,0,0.9653610587120056
data/raw/osu_lora/Diff_Days_Indoor_Setup/Day5/Device13/IQ_1.dat,165,12935835,11,11,1,test,diff_days_indoor,5,0,0,0,0,0,0.5363363027572632
data/raw/osu_lora/Diff_Days_Indoor_Setup/Day5/Device13/IQ_1.dat,166,13014234,11,11,1,test,diff_days_indoor,5,0,0,0,0,0,0.8911013603210449
data/raw/osu_lora/Diff_Days_Indoor_Setup/Day5/Device13/IQ_1.dat,167,13092633,11,11,1,test,diff_days_indoor,5,0,0,0,0,0,0.5195515155792236
data/raw/osu_lora/Diff_Days_Indoor_Setup/Day5/Device13/IQ_1.dat,168,13171032,11,11,1,test,diff_days_indoor,5,0,0,0,0,0,0.674620509147644
data/raw/osu_lora/Diff_Days_Indoor_Setup/Day5/Device13/IQ_1.dat,169,13249431,11,4,0,test,diff_days_indoor,5,0,0,0,0,0,0.5994277596473694
data/raw/osu_lora/Diff_Days_Indoor_Setup/Day5/Device13/IQ_1.dat,170,13327830,11,11,1,test,diff_days_indoor,5,0,0,0,0,0,0.5856021642684937
data/raw/osu_lora/Diff_Days_Indoor_Setup/Day5/Device13/IQ_1.dat,171,13406229,11,11,1,test,diff_days_indoor,5,0,0,0,0,0,0.9814024567604065
data/raw/osu_lora/Diff_Days_Indoor_Setup/Day5/Device13/IQ_1.dat,172,13484628,11,4,0,test,diff_days_indoor,5,0,0,0,0,0,0.6964770555496216
data/raw/osu_lora/Diff_Days_Indoor_Setup/Day5/Device13/IQ_1.dat,173,13563027,11,11,1,test,diff_days_indoor,5,0,0,0,0,0,0.7864667177200317
data/raw/osu_lora/Diff_Days_Indoor_Setup/Day5/Device13/IQ_1.dat,174,13641426,11,4,0,test,diff_days_indoor,5,0,0,0,0,0,0.7023200988769531
data/raw/osu_lora/Diff_Days_Indoor_Setup/Day5/Device13/IQ_1.dat,175,13719825,11,11,1,test,diff_days_indoor,5,0,0,0,0,0,0.8495963215827942
data/raw/osu_lora/Diff_Days_Indoor_Setup/Day5/Device13/IQ_1.dat,176,13798224,11,11,1,test,diff_days_indoor,5,0,0,0,0,0,0.9413491487503052
data/raw/osu_lora/Diff_Days_Indoor_Setup/Day5/Device13/IQ_1.dat,177,13876623,11,11,1,test,diff_days_indoor,5,0,0,0,0,0,0.598259687423706
data/raw/osu_lora/Diff_Days_Indoor_Setup/Day5/Device13/IQ_1.dat,178,13955022,11,11,1,test,diff_days_indoor,5,0,0,0,0,0,0.8325157165527344
data/raw/osu_lora/Diff_Days_Indoor_Setup/Day5/Device13/IQ_1.dat,179,14033421,11,4,0,test,diff_days_indoor,5,0,0,0,0,0,0.8159988522529602
data/raw/osu_lora/Diff_Days_Indoor_Setup/Day5/Device13/IQ_1.dat,180,14111820,11,11,1,test,diff_days_indoor,5,0,0,0,0,0,0.5536192655563354
data/raw/osu_lora/Diff_Days_Indoor_Setup/Day5/Device13/IQ_1.dat,181,14190219,11,11,1,test,diff_days_indoor,5,0,0,0,0,0,0.6592345237731934
data/raw/osu_lora/Diff_Days_Indoor_Setup/Day5/Device13/IQ_1.dat,182,14268618,11,11,1,test,diff_days_indoor,5,0,0,0,0,0,0.8609922528266907
data/raw/osu_lora/Diff_Days_Indoor_Setup/Day5/Device13/IQ_1.dat,183,14347017,11,11,1,test,diff_days_indoor,5,0,0,0,0,0,0.4317326247692108
data/raw/osu_lora/Diff_Days_Indoor_Setup/Day5/Device13/IQ_1.dat,184,14425416,11,11,1,test,diff_days_indoor,5,0,0,0,0,0,0.928979218006134
data/raw/osu_lora/Diff_Days_Indoor_Setup/Day5/Device13/IQ_1.dat,185,14503815,11,11,1,test,diff_days_indoor,5,0,0,0,0,0,0.7225251197814941
data/raw/osu_lora/Diff_Days_Indoor_Setup/Day5/Device13/IQ_1.dat,186,14582214,11,11,1,test,diff_days_indoor,5,0,0,0,0,0,0.8486334085464478
data/raw/osu_lora/Diff_Days_Indoor_Setup/Day5/Device13/IQ_1.dat,187,14660613,11,11,1,test,diff_days_indoor,5,0,0,0,0,0,0.6699837446212769
data/raw/osu_lora/Diff_Days_Indoor_Setup/Day5/Device13/IQ_1.dat,188,14739012,11,11,1,test,diff_days_indoor,5,0,0,0,0,0,0.9902551770210266
data/raw/osu_lora/Diff_Days_Indoor_Setup/Day5/Device13/IQ_1.dat,189,14817411,11,4,0,test,diff_days_indoor,5,0,0,0,0,0,0.8038468956947327
data/raw/osu_lora/Diff_Days_Indoor_Setup/Day5/Device13/IQ_1.dat,190,14895810,11,10,0,test,diff_days_indoor,5,0,0,0,0,0,0.6944606304168701
data/raw/osu_lora/Diff_Days_Indoor_Setup/Day5/Device13/IQ_1.dat,191,14974209,11,11,1,test,diff_days_indoor,5,0,0,0,0,0,0.9710030555725098
data/raw/osu_lora/Diff_Days_Indoor_Setup/Day5/Device13/IQ_1.dat,192,15052608,11,11,1,test,diff_days_indoor,5,0,0,0,0,0,0.5363100171089172
data/raw/osu_lora/Diff_Days_Indoor_Setup/Day5/Device13/IQ_1.dat,193,15131007,11,4,0,test,diff_days_indoor,5,0,0,0,0,0,0.5083853006362915
data/raw/osu_lora/Diff_Days_Indoor_Setup/Day5/Device13/IQ_1.dat,194,15209406,11,4,0,test,diff_days_indoor,5,0,0,0,0,0,0.7163962721824646
data/raw/osu_lora/Diff_Days_Indoor_Setup/Day5/Device13/IQ_1.dat,195,15287805,11,11,1,test,diff_days_indoor,5,0,0,0,0,0,0.5424511432647705
data/raw/osu_lora/Diff_Days_Indoor_Setup/Day5/Device13/IQ_1.dat,196,15366204,11,11,1,test,diff_days_indoor,5,0,0,0,0,0,0.9799914360046387
data/raw/osu_lora/Diff_Days_Indoor_Setup/Day5/Device13/IQ_1.dat,197,15444603,11,4,0,test,diff_days_indoor,5,0,0,0,0,0,0.7443463802337646
data/raw/osu_lora/Diff_Days_Indoor_Setup/Day5/Device13/IQ_1.dat,198,15523002,11,11,1,test,diff_days_indoor,5,0,0,0,0,0,0.9671751260757446
data/raw/osu_lora/Diff_Days_Indoor_Setup/Day5/Device13/IQ_1.dat,199,15601401,11,11,1,test,diff_days_indoor,5,0,0,0,0,0,0.9131667017936707
data/raw/osu_lora/Diff_Days_Indoor_Setup/Day5/Device13/IQ_1.dat,200,15679800,11,4,0,test,diff_days_indoor,5,0,0,0,0,0,0.6351448893547058
data/raw/osu_lora/Diff_Days_Indoor_Setup/Day5/Device13/IQ_1.dat,201,15758199,11,11,1,test,diff_days_indoor,5,0,0,0,0,0,0.9142281413078308
data/raw/osu_lora/Diff_Days_Indoor_Setup/Day5/Device13/IQ_1.dat,202,15836598,11,11,1,test,diff_days_indoor,5,0,0,0,0,0,0.8756405115127563
data/raw/osu_lora/Diff_Days_Indoor_Setup/Day5/Device13/IQ_1.dat,203,15914997,11,11,1,test,diff_days_indoor,5,0,0,0,0,0,0.909878134727478
data/raw/osu_lora/Diff_Days_Indoor_Setup/Day5/Device13/IQ_1.dat,204,15993396,11,11,1,test,diff_days_indoor,5,0,0,0,0,0,0.8316439390182495
data/raw/osu_lora/Diff_Days_Indoor_Setup/Day5/Device13/IQ_1.dat,205,16071795,11,4,0,test,diff_days_indoor,5,0,0,0,0,0,0.9540752172470093
data/raw/osu_lora/Diff_Days_Indoor_Setup/Day5/Device13/IQ_1.dat,206,16150194,11,4,0,test,diff_days_indoor,5,0,0,0,0,0,0.9608356952667236
data/raw/osu_lora/Diff_Days_Indoor_Setup/Day5/Device13/IQ_1.dat,207,16228593,11,11,1,test,diff_days_indoor,5,0,0,0,0,0,0.9161097407341003
data/raw/osu_lora/Diff_Days_Indoor_Setup/Day5/Device13/IQ_1.dat,208,16306992,11,11,1,test,diff_days_indoor,5,0,0,0,0,0,0.7003899216651917
data/raw/osu_lora/Diff_Days_Indoor_Setup/Day5/Device13/IQ_1.dat,209,16385391,11,4,0,test,diff_days_indoor,5,0,0,0,0,0,0.6659584045410156
data/raw/osu_lora/Diff_Days_Indoor_Setup/Day5/Device13/IQ_1.dat,210,16463790,11,4,0,test,diff_days_indoor,5,0,0,0,0,0,0.9161871671676636
data/raw/osu_lora/Diff_Days_Indoor_Setup/Day5/Device13/IQ_1.dat,211,16542189,11,11,1,test,diff_days_indoor,5,0,0,0,0,0,0.5077720284461975
data/raw/osu_lora/Diff_Days_Indoor_Setup/Day5/Device13/IQ_1.dat,212,16620588,11,11,1,test,diff_days_indoor,5,0,0,0,0,0,0.94977205991745
data/raw/osu_lora/Diff_Days_Indoor_Setup/Day5/Device13/IQ_1.dat,213,16698987,11,11,1,test,diff_days_indoor,5,0,0,0,0,0,0.9555537104606628
data/raw/osu_lora/Diff_Days_Indoor_Setup/Day5/Device13/IQ_1.dat,214,16777386,11,11,1,test,diff_days_indoor,5,0,0,0,0,0,0.9709928035736084
data/raw/osu_lora/Diff_Days_Indoor_Setup/Day5/Device13/IQ_1.dat,215,16855785,11,11,1,test,diff_days_indoor,5,0,0,0,0,0,0.9668706059455872
data/raw/osu_lora/Diff_Days_Indoor_Setup/Day5/Device13/IQ_1.dat,216,16934184,11,11,1,test,diff_days_indoor,5,0,0,0,0,0,0.9933096170425415
data/raw/osu_lora/Diff_Days_Indoor_Setup/Day5/Device13/IQ_1.dat,217,17012583,11,11,1,test,diff_days_indoor,5,0,0,0,0,0,0.841413676738739
data/raw/osu_lora/Diff_Days_Indoor_Setup/Day5/Device13/IQ_1.dat,218,17090982,11,11,1,test,diff_days_indoor,5,0,0,0,0,0,0.586476743221283
data/raw/osu_lora/Diff_Days_Indoor_Setup/Day5/Device13/IQ_1.dat,219,17169381,11,11,1,test,diff_days_indoor,5,0,0,0,0,0,0.8921817541122437
data/raw/osu_lora/Diff_Days_Indoor_Setup/Day5/Device13/IQ_1.dat,220,17247780,11,4,0,test,diff_days_indoor,5,0,0,0,0,0,0.7564798593521118
data/raw/osu_lora/Diff_Days_Indoor_Setup/Day5/Device13/IQ_1.dat,221,17326179,11,21,0,test,diff_days_indoor,5,0,0,0,0,0,0.1596800535917282
data/raw/osu_lora/Diff_Days_Indoor_Setup/Day5/Device13/IQ_1.dat,222,17404578,11,11,1,test,diff_days_indoor,5,0,0,0,0,0,0.9184427857398987
data/raw/osu_lora/Diff_Days_Indoor_Setup/Day5/Device13/IQ_1.dat,223,17482977,11,11,1,test,diff_days_indoor,5,0,0,0,0,0,0.9336791038513184
data/raw/osu_lora/Diff_Days_Indoor_Setup/Day5/Device13/IQ_1.dat,224,17561376,11,11,1,test,diff_days_indoor,5,0,0,0,0,0,0.6811888217926025
data/raw/osu_lora/Diff_Days_Indoor_Setup/Day5/Device13/IQ_1.dat,225,17639775,11,11,1,test,diff_days_indoor,5,0,0,0,0,0,0.6471143364906311
data/raw/osu_lora/Diff_Days_Indoor_Setup/Day5/Device13/IQ_1.dat,226,17718174,11,11,1,test,diff_days_indoor,5,0,0,0,0,0,0.8694037199020386
data/raw/osu_lora/Diff_Days_Indoor_Setup/Day5/Device13/IQ_1.dat,227,17796573,11,11,1,test,diff_days_indoor,5,0,0,0,0,0,0.9839417338371277
data/raw/osu_lora/Diff_Days_Indoor_Setup/Day5/Device13/IQ_1.dat,228,17874972,11,11,1,test,diff_days_indoor,5,0,0,0,0,0,0.7124503254890442
data/raw/osu_lora/Diff_Days_Indoor_Setup/Day5/Device13/IQ_1.dat,229,17953371,11,11,1,test,diff_days_indoor,5,0,0,0,0,0,0.8307246565818787
data/raw/osu_lora/Diff_Days_Indoor_Setup/Day5/Device13/IQ_1.dat,230,18031770,11,10,0,test,diff_days_indoor,5,0,0,0,0,0,0.3994494676589966
data/raw/osu_lora/Diff_Days_Indoor_Setup/Day5/Device13/IQ_1.dat,231,18110169,11,11,1,test,diff_days_indoor,5,0,0,0,0,0,0.6995174884796143
data/raw/osu_lora/Diff_Days_Indoor_Setup/Day5/Device13/IQ_1.dat,232,18188568,11,11,1,test,diff_days_indoor,5,0,0,0,0,0,0.5132378339767456
data/raw/osu_lora/Diff_Days_Indoor_Setup/Day5/Device13/IQ_1.dat,233,18266967,11,11,1,test,diff_days_indoor,5,0,0,0,0,0,0.730085015296936
data/raw/osu_lora/Diff_Days_Indoor_Setup/Day5/Device13/IQ_1.dat,234,18345366,11,11,1,test,diff_days_indoor,5,0,0,0,0,0,0.5086605548858643
data/raw/osu_lora/Diff_Days_Indoor_Setup/Day5/Device13/IQ_1.dat,235,18423765,11,11,1,test,diff_days_indoor,5,0,0,0,0,0,0.9206458926200867
data/raw/osu_lora/Diff_Days_Indoor_Setup/Day5/Device13/IQ_1.dat,236,18502164,11,11,1,test,diff_days_indoor,5,0,0,0,0,0,0.5221395492553711
data/raw/osu_lora/Diff_Days_Indoor_Setup/Day5/Device13/IQ_1.dat,237,18580563,11,11,1,test,diff_days_indoor,5,0,0,0,0,0,0.6122063994407654
data/raw/osu_lora/Diff_Days_Indoor_Setup/Day5/Device13/IQ_1.dat,238,18658962,11,11,1,test,diff_days_indoor,5,0,0,0,0,0,0.7846978306770325
data/raw/osu_lora/Diff_Days_Indoor_Setup/Day5/Device13/IQ_1.dat,239,18737361,11,4,0,test,diff_days_indoor,5,0,0,0,0,0,0.5823993682861328
data/raw/osu_lora/Diff_Days_Indoor_Setup/Day5/Device13/IQ_1.dat,240,18815760,11,4,0,test,diff_days_indoor,5,0,0,0,0,0,0.6710533499717712
data/raw/osu_lora/Diff_Days_Indoor_Setup/Day5/Device13/IQ_1.dat,241,18894159,11,4,0,test,diff_days_indoor,5,0,0,0,0,0,0.7326638698577881
data/raw/osu_lora/Diff_Days_Indoor_Setup/Day5/Device13/IQ_1.dat,242,18972558,11,11,1,test,diff_days_indoor,5,0,0,0,0,0,0.9418740272521973
data/raw/osu_lora/Diff_Days_Indoor_Setup/Day5/Device13/IQ_1.dat,243,19050957,11,4,0,test,diff_days_indoor,5,0,0,0,0,0,0.5387611985206604
data/raw/osu_lora/Diff_Days_Indoor_Setup/Day5/Device13/IQ_1.dat,244,19129356,11,11,1,test,diff_days_indoor,5,0,0,0,0,0,0.9802498817443848
data/raw/osu_lora/Diff_Days_Indoor_Setup/Day5/Device13/IQ_1.dat,245,19207755,11,11,1,test,diff_days_indoor,5,0,0,0,0,0,0.9307990074157715
data/raw/osu_lora/Diff_Days_Indoor_Setup/Day5/Device13/IQ_1.dat,246,19286154,11,4,0,test,diff_days_indoor,5,0,0,0,0,0,0.5710545182228088
data/raw/osu_lora/Diff_Days_Indoor_Setup/Day5/Device13/IQ_1.dat,247,19364553,11,11,1,test,diff_days_indoor,5,0,0,0,0,0,0.955795407295227
data/raw/osu_lora/Diff_Days_Indoor_Setup/Day5/Device13/IQ_1.dat,248,19442952,11,11,1,test,diff_days_indoor,5,0,0,0,0,0,0.523585319519043
data/raw/osu_lora/Diff_Days_Indoor_Setup/Day5/Device13/IQ_1.dat,249,19521351,11,11,1,test,diff_days_indoor,5,0,0,0,0,0,0.8932084441184998
data/raw/osu_lora/Diff_Days_Indoor_Setup/Day5/Device13/IQ_1.dat,250,19599750,11,4,0,test,diff_days_indoor,5,0,0,0,0,0,0.927689790725708
data/raw/osu_lora/Diff_Days_Indoor_Setup/Day5/Device13/IQ_1.dat,251,19678149,11,11,1,test,diff_days_indoor,5,0,0,0,0,0,0.8896586894989014
data/raw/osu_lora/Diff_Days_Indoor_Setup/Day5/Device13/IQ_1.dat,252,19756548,11,4,0,test,diff_days_indoor,5,0,0,0,0,0,0.5639726519584656
data/raw/osu_lora/Diff_Days_Indoor_Setup/Day5/Device13/IQ_1.dat,253,19834947,11,11,1,test,diff_days_indoor,5,0,0,0,0,0,0.8721708655357361
data/raw/osu_lora/Diff_Days_Indoor_Setup/Day5/Device13/IQ_1.dat,254,19913346,11,11,1,test,diff_days_indoor,5,0,0,0,0,0,0.6701458692550659
data/raw/osu_lora/Diff_Days_Indoor_Setup/Day5/Device13/IQ_1.dat,255,19991745,11,4,0,test,diff_days_indoor,5,0,0,0,0,0,0.7409573197364807
data/raw/osu_lora/Diff_Days_Indoor_Setup/Day5/Device14/IQ_1.dat,0,0,12,16,0,test,diff_days_indoor,5,0,0,0,0,0,0.37152135372161865
data/raw/osu_lora/Diff_Days_Indoor_Setup/Day5/Device14/IQ_1.dat,1,78399,12,13,0,test,diff_days_indoor,5,0,0,0,0,0,0.3704403340816498
data/raw/osu_lora/Diff_Days_Indoor_Setup/Day5/Device14/IQ_1.dat,2,156798,12,7,0,test,diff_days_indoor,5,0,0,0,0,0,0.4261876046657562
data/raw/osu_lora/Diff_Days_Indoor_Setup/Day5/Device14/IQ_1.dat,3,235197,12,7,0,test,diff_days_indoor,5,0,0,0,0,0,0.35624995827674866
data/raw/osu_lora/Diff_Days_Indoor_Setup/Day5/Device14/IQ_1.dat,4,313596,12,16,0,test,diff_days_indoor,5,0,0,0,0,0,0.3397570550441742
data/raw/osu_lora/Diff_Days_Indoor_Setup/Day5/Device14/IQ_1.dat,5,391995,12,13,0,test,diff_days_indoor,5,0,0,0,0,0,0.3540624678134918
data/raw/osu_lora/Diff_Days_Indoor_Setup/Day5/Device14/IQ_1.dat,6,470394,12,12,1,test,diff_days_indoor,5,0,0,0,0,0,0.3324194848537445
data/raw/osu_lora/Diff_Days_Indoor_Setup/Day5/Device14/IQ_1.dat,7,548793,12,13,0,test,diff_days_indoor,5,0,0,0,0,0,0.34029847383499146
data/raw/osu_lora/Diff_Days_Indoor_Setup/Day5/Device14/IQ_1.dat,8,627192,12,13,0,test,diff_days_indoor,5,0,0,0,0,0,0.4376980662345886
data/raw/osu_lora/Diff_Days_Indoor_Setup/Day5/Device14/IQ_1.dat,9,705591,12,13,0,test,diff_days_indoor,5,0,0,0,0,0,0.36408472061157227
data/raw/osu_lora/Diff_Days_Indoor_Setup/Day5/Device14/IQ_1.dat,10,783990,12,16,0,test,diff_days_indoor,5,0,0,0,0,0,0.38346388936042786
data/raw/osu_lora/Diff_Days_Indoor_Setup/Day5/Device14/IQ_1.dat,11,862389,12,12,1,test,diff_days_indoor,5,0,0,0,0,0,0.3499751091003418
data/raw/osu_lora/Diff_Days_Indoor_Setup/Day5/Device14/IQ_1.dat,12,940788,12,13,0,test,diff_days_indoor,5,0,0,0,0,0,0.3843041658401489
data/raw/osu_lora/Diff_Days_Indoor_Setup/Day5/Device14/IQ_1.dat,13,1019187,12,14,0,test,diff_days_indoor,5,0,0,0,0,0,0.24000124633312225
data/raw/osu_lora/Diff_Days_Indoor_Setup/Day5/Device14/IQ_1.dat,14,1097586,12,16,0,test,diff_days_indoor,5,0,0,0,0,0,0.3335840106010437
data/raw/osu_lora/Diff_Days_Indoor_Setup/Day5/Device14/IQ_1.dat,15,1175985,12,13,0,test,diff_days_indoor,5,0,0,0,0,0,0.34808507561683655
data/raw/osu_lora/Diff_Days_Indoor_Setup/Day5/Device14/IQ_1.dat,16,1254384,12,16,0,test,diff_days_indoor,5,0,0,0,0,0,0.34009143710136414
data/raw/osu_lora/Diff_Days_Indoor_Setup/Day5/Device14/IQ_1.dat,17,1332783,12,12,1,test,diff_days_indoor,5,0,0,0,0,0,0.328811377286911
data/raw/osu_lora/Diff_Days_Indoor_Setup/Day5/Device14/IQ_1.dat,18,1411182,12,13,0,test,diff_days_indoor,5,0,0,0,0,0,0.31058892607688904
data/raw/osu_lora/Diff_Days_Indoor_Setup/Day5/Device14/IQ_1.dat,19,1489581,12,16,0,test,diff_days_indoor,5,0,0,0,0,0,0.41759973764419556
data/raw/osu_lora/Diff_Days_Indoor_Setup/Day5/Device14/IQ_1.dat,20,1567980,12,7,0,test,diff_days_indoor,5,0,0,0,0,0,0.4778502583503723
data/raw/osu_lora/Diff_Days_Indoor_Setup/Day5/Device14/IQ_1.dat,21,1646379,12,13,0,test,diff_days_indoor,5,0,0,0,0,0,0.3713133633136749
data/raw/osu_lora/Diff_Days_Indoor_Setup/Day5/Device14/IQ_1.dat,22,1724778,12,9,0,test,diff_days_indoor,5,0,0,0,0,0,0.32148391008377075
data/raw/osu_lora/Diff_Days_Indoor_Setup/Day5/Device14/IQ_1.dat,23,1803177,12,13,0,test,diff_days_indoor,5,0,0,0,0,0,0.35875046253204346
data/raw/osu_lora/Diff_Days_Indoor_Setup/Day5/Device14/IQ_1.dat,24,1881576,12,13,0,test,diff_days_indoor,5,0,0,0,0,0,0.38930803537368774
data/raw/osu_lora/Diff_Days_Indoor_Setup/Day5/Device14/IQ_1.dat,25,1959975,12,12,1,test,diff_days_indoor,5,0,0,0,0,0,0.3547273576259613
data/raw/osu_lora/Diff_Days_Indoor_Setup/Day5/Device14/IQ_1.dat,26,2038374,12,16,0,test,diff_days_indoor,5,0,0,0,0,0,0.3612833619117737
data/raw/osu_lora/Diff_Days_Indoor_Setup/Day5/Device14/IQ_1.dat,27,2116773,12,16,0,test,diff_days_indoor,5,0,0,0,0,0,0.32814520597457886
data/raw/osu_lora/Diff_Days_Indoor_Setup/Day5/Device14/IQ_1.dat,28,2195172,12,12,1,test,diff_days_indoor,5,0,0,0,0,0,0.3471412658691406
data/raw/osu_lora/Diff_Days_Indoor_Setup/Day5/Device14/IQ_1.dat,29,2273571,12,13,0,test,diff_days_indoor,5,0,0,0,0,0,0.3898112177848816
data/raw/osu_lora/Diff_Days_Indoor_Setup/Day5/Device14/IQ_1.dat,30,2351970,12,13,0,test,diff_days_indoor,5,0,0,0,0,0,0.3473662734031677
data/raw/osu_lora/Diff_Days_Indoor_Setup/Day5/Device14/IQ_1.dat,31,2430369,12,16,0,test,diff_days_indoor,5,0,0,0,0,0,0.3118313252925873
data/raw/osu_lora/Diff_Days_Indoor_Setup/Day5/Device14/IQ_1.dat,32,2508768,12,13,0,test,diff_days_indoor,5,0,0,0,0,0,0.3655082881450653
data/raw/osu_lora/Diff_Days_Indoor_Setup/Day5/Device14/IQ_1.dat,33,2587167,12,13,0,test,diff_days_indoor,5,0,0,0,0,0,0.3943301737308502
data/raw/osu_lora/Diff_Days_Indoor_Setup/Day5/Device14/IQ_1.dat,34,2665566,12,13,0,test,diff_days_indoor,5,0,0,0,0,0,0.4860796630382538
data/raw/osu_lora/Diff_Days_Indoor_Setup/Day5/Device14/IQ_1.dat,35,2743965,12,16,0,test,diff_days_indoor,5,0,0,0,0,0,0.4213353097438812
data/raw/osu_lora/Diff_Days_Indoor_Setup/Day5/Device14/IQ_1.dat,36,2822364,12,12,1,test,diff_days_indoor,5,0,0,0,0,0,0.3344360888004303
data/raw/osu_lora/Diff_Days_Indoor_Setup/Day5/Device14/IQ_1.dat,37,2900763,12,13,0,test,diff_days_indoor,5,0,0,0,0,0,0.2616002559661865
data/raw/osu_lora/Diff_Days_Indoor_Setup/Day5/Device14/IQ_1.dat,38,2979162,12,13,0,test,diff_days_indoor,5,0,0,0,0,0,0.3799901604652405
data/raw/osu_lora/Diff_Days_Indoor_Setup/Day5/Device14/IQ_1.dat,39,3057561,12,13,0,test,diff_days_indoor,5,0,0,0,0,0,0.3387029469013214
data/raw/osu_lora/Diff_Days_Indoor_Setup/Day5/Device14/IQ_1.dat,40,3135960,12,9,0,test,diff_days_indoor,5,0,0,0,0,0,0.2602197527885437
data/raw/osu_lora/Diff_Days_Indoor_Setup/Day5/Device14/IQ_1.dat,41,3214359,12,16,0,test,diff_days_indoor,5,0,0,0,0,0,0.3044965863227844
data/raw/osu_lora/Diff_Days_Indoor_Setup/Day5/Device14/IQ_1.dat,42,3292758,12,13,0,test,diff_days_indoor,5,0,0,0,0,0,0.3708832263946533
data/raw/osu_lora/Diff_Days_Indoor_Setup/Day5/Device14/IQ_1.dat,43,3371157,12,17,0,test,diff_days_indoor,5,0,0,0,0,0,0.4330257773399353
data/raw/osu_lora/Diff_Days_Indoor_Setup/Day5/Device14/IQ_1.dat,44,3449556,12,13,0,test,diff_days_indoor,5,0,0,0,0,0,0.4315342307090759
data/raw/osu_lora/Diff_Days_Indoor_Setup/Day5/Device14/IQ_1.dat,45,3527955,12,13,0,test,diff_days_indoor,5,0,0,0,0,0,0.36693811416625977
data/raw/osu_lora/Diff_Days_Indoor_Setup/Day5/Device14/IQ_1.dat,46,3606354,12,16,0,test,diff_days_indoor,5,0,0,0,0,0,0.34781938791275024
data/raw/osu_lora/Diff_Days_Indoor_Setup/Day5/Device14/IQ_1.dat,47,3684753,12,16,0,test,diff_days_indoor,5,0,0,0,0,0,0.3425147533416748
data/raw/osu_lora/Diff_Days_Indoor_Setup/Day5/Device14/IQ_1.dat,48,3763152,12,16,0,test,diff_days_indoor,5,0,0,0,0,0,0.35808590054512024
data/raw/osu_lora/Diff_Days_Indoor_Setup/Day5/Device14/IQ_1.dat,49,3841551,12,16,0,test,diff_days_indoor,5,0,0,0,0,0,0.42434412240982056
data/raw/osu_lora/Diff_Days_Indoor_Setup/Day5/Device14/IQ_1.dat,50,3919950,12,13,0,test,diff_days_indoor,5,0,0,0,0,0,0.324399471282959
data/raw/osu_lora/Diff_Days_Indoor_Setup/Day5/Device14/IQ_1.dat,51,3998349,12,7,0,test,diff_days_indoor,5,0,0,0,0,0,0.3775898516178131
data/raw/osu_lora/Diff_Days_Indoor_Setup/Day5/Device14/IQ_1.dat,52,4076748,12,13,0,test,diff_days_indoor,5,0,0,0,0,0,0.3972472846508026
data/raw/osu_lora/Diff_Days_Indoor_Setup/Day5/Device14/IQ_1.dat,53,4155147,12,13,0,test,diff_days_indoor,5,0,0,0,0,0,0.3737016022205353
data/raw/osu_lora/Diff_Days_Indoor_Setup/Day5/Device14/IQ_1.dat,54,4233546,12,16,0,test,diff_days_indoor,5,0,0,0,0,0,0.2848079204559326
data/raw/osu_lora/Diff_Days_Indoor_Setup/Day5/Device14/IQ_1.dat,55,4311945,12,16,0,test,diff_days_indoor,5,0,0,0,0,0,0.34855011105537415
data/raw/osu_lora/Diff_Days_Indoor_Setup/Day5/Device14/IQ_1.dat,56,4390344,12,16,0,test,diff_days_indoor,5,0,0,0,0,0,0.3435668349266052
data/raw/osu_lora/Diff_Days_Indoor_Setup/Day5/Device14/IQ_1.dat,57,4468743,12,16,0,test,diff_days_indoor,5,0,0,0,0,0,0.34290146827697754
data/raw/osu_lora/Diff_Days_Indoor_Setup/Day5/Device14/IQ_1.dat,58,4547142,12,16,0,test,diff_days_indoor,5,0,0,0,0,0,0.40365463495254517
data/raw/osu_lora/Diff_Days_Indoor_Setup/Day5/Device14/IQ_1.dat,59,4625541,12,16,0,test,diff_days_indoor,5,0,0,0,0,0,0.41189146041870117
data/raw/osu_lora/Diff_Days_Indoor_Setup/Day5/Device14/IQ_1.dat,60,4703940,12,13,0,test,diff_days_indoor,5,0,0,0,0,0,0.4527684152126312
data/raw/osu_lora/Diff_Days_Indoor_Setup/Day5/Device14/IQ_1.dat,61,4782339,12,13,0,test,diff_days_indoor,5,0,0,0,0,0,0.3399052917957306
data/raw/osu_lora/Diff_Days_Indoor_Setup/Day5/Device14/IQ_1.dat,62,4860738,12,13,0,test,diff_days_indoor,5,0,0,0,0,0,0.36703869700431824
data/raw/osu_lora/Diff_Days_Indoor_Setup/Day5/Device14/IQ_1.dat,63,4939137,12,13,0,test,diff_days_indoor,5,0,0,0,0,0,0.3896077275276184
data/raw/osu_lora/Diff_Days_Indoor_Setup/Day5/Device14/IQ_1.dat,64,5017536,12,13,0,test,diff_days_indoor,5,0,0,0,0,0,0.4008902609348297
data/raw/osu_lora/Diff_Days_Indoor_Setup/Day5/Device14/IQ_1.dat,65,5095935,12,13,0,test,diff_days_indoor,5,0,0,0,0,0,0.34385621547698975
data/raw/osu_lora/Diff_Days_Indoor_Setup/Day5/Device14/IQ_1.dat,66,5174334,12,13,0,test,diff_days_indoor,5,0,0,0,0,0,0.48409298062324524
data/raw/osu_lora/Diff_Days_Indoor_Setup/Day5/Device14/IQ_1.dat,67,5252733,12,16,0,test,diff_days_indoor,5,0,0,0,0,0,0.3327171802520752
data/raw/osu_lora/Diff_Days_Indoor_Setup/Day5/Device14/IQ_1.dat,68,5331132,12,13,0,test,diff_days_indoor,5,0,0,0,0,0,0.39939332008361816
data/raw/osu_lora/Diff_Days_Indoor_Setup/Day5/Device14/IQ_1.dat,69,5409531,12,16,0,test,diff_days_indoor,5,0,0,0,0,0,0.38141176104545593
data/raw/osu_lora/Diff_Days_Indoor_Setup/Day5/Device14/IQ_1.dat,70,5487930,12,16,0,test,diff_days_indoor,5,0,0,0,0,0,0.38699454069137573
data/raw/osu_lora/Diff_Days_Indoor_Setup/Day5/Device14/IQ_1.dat,71,5566329,12,13,0,test,diff_days_indoor,5,0,0,0,0,0,0.367061585187912
data/raw/osu_lora/Diff_Days_Indoor_Setup/Day5/Device14/IQ_1.dat,72,5644728,12,13,0,test,diff_days_indoor,5,0,0,0,0,0,0.35400843620300293
data/raw/osu_lora/Diff_Days_Indoor_Setup/Day5/Device14/IQ_1.dat,73,5723127,12,16,0,test,diff_days_indoor,5,0,0,0,0,0,0.45029062032699585
data/raw/osu_lora/Diff_Days_Indoor_Setup/Day5/Device14/IQ_1.dat,74,5801526,12,13,0,test,diff_days_indoor,5,0,0,0,0,0,0.32440125942230225
data/raw/osu_lora/Diff_Days_Indoor_Setup/Day5/Device14/IQ_1.dat,75,5879925,12,9,0,test,diff_days_indoor,5,0,0,0,0,0,0.3405090570449829
data/raw/osu_lora/Diff_Days_Indoor_Setup/Day5/Device14/IQ_1.dat,76,5958324,12,9,0,test,diff_days_indoor,5,0,0,0,0,0,0.22833247482776642
data/raw/osu_lora/Diff_Days_Indoor_Setup/Day5/Device14/IQ_1.dat,77,6036723,12,16,0,test,diff_days_indoor,5,0,0,0,0,0,0.337431937456131
data/raw/osu_lora/Diff_Days_Indoor_Setup/Day5/Device14/IQ_1.dat,78,6115122,12,13,0,test,diff_days_indoor,5,0,0,0,0,0,0.4547247588634491
data/raw/osu_lora/Diff_Days_Indoor_Setup/Day5/Device14/IQ_1.dat,79,6193521,12,12,1,test,diff_days_indoor,5,0,0,0,0,0,0.34529393911361694
data/raw/osu_lora/Diff_Days_Indoor_Setup/Day5/Device14/IQ_1.dat,80,6271920,12,16,0,test,diff_days_indoor,5,0,0,0,0,0,0.4069838523864746
data/raw/osu_lora/Diff_Days_Indoor_Setup/Day5/Device14/IQ_1.dat,81,6350319,12,13,0,test,diff_days_indoor,5,0,0,0,0,0,0.4412798285484314
data/raw/osu_lora/Diff_Days_Indoor_Setup/Day5/Device14/IQ_1.dat,82,6428718,12,13,0,test,diff_days_indoor,5,0,0,0,0,0,0.2509614825248718
data/raw/osu_lora/Diff_Days_Indoor_Setup/Day5/Device14/IQ_1.dat,83,6507117,12,7,0,test,diff_days_indoor,5,0,0,0,0,0,0.34794700145721436
data/raw/osu_lora/Diff_Days_Indoor_Setup/Day5/Device14/IQ_1.dat,84,6585516,12,16,0,test,diff_days_indoor,5,0,0,0,0,0,0.36439085006713867
data/raw/osu_lora/Diff_Days_Indoor_Setup/Day5/Device14/IQ_1.dat,85,6663915,12,17,0,test,diff_days_indoor,5,0,0,0,0,0,0.2570964992046356
data/raw/osu_lora/Diff_Days_Indoor_Setup/Day5/Device14/IQ_1.dat,86,6742314,12,20,0,test,diff_days_indoor,5,0,0,0,0,0,0.09136734157800674
data/raw/osu_lora/Diff_Days_Indoor_Setup/Day5/Device14/IQ_1.dat,87,6820713,12,13,0,test,diff_days_indoor,5,0,0,0,0,0,0.3538842499256134
data/raw/osu_lora/Diff_Days_Indoor_Setup/Day5/Device14/IQ_1.dat,88,6899112,12,13,0,test,diff_days_indoor,5,0,0,0,0,0,0.36541643738746643
data/raw/osu_lora/Diff_Days_Indoor_Setup/Day5/Device14/IQ_1.dat,89,6977511,12,12,1,test,diff_days_indoor,5,0,0,0,0,0,0.3555311858654022
data/raw/osu_lora/Diff_Days_Indoor_Setup/Day5/Device14/IQ_1.dat,90,7055910,12,13,0,test,diff_days_indoor,5,0,0,0,0,0,0.4572984576225281
data/raw/osu_lora/Diff_Days_Indoor_Setup/Day5/Device14/IQ_1.dat,91,7134309,12,7,0,test,diff_days_indoor,5,0,0,0,0,0,0.33316779136657715
data/raw/osu_lora/Diff_Days_Indoor_Setup/Day5/Device14/IQ_1.dat,92,7212708,12,16,0,test,diff_days_indoor,5,0,0,0,0,0,0.44555553793907166
data/raw/osu_lora/Diff_Days_Indoor_Setup/Day5/Device14/IQ_1.dat,93,7291107,12,7,0,test,diff_days_indoor,5,0,0,0,0,0,0.28810474276542664
data/raw/osu_lora/Diff_Days_Indoor_Setup/Day5/Device14/IQ_1.dat,94,7369506,12,13,0,test,diff_days_indoor,5,0,0,0,0,0,0.34410953521728516
data/raw/osu_lora/Diff_Days_Indoor_Setup/Day5/Device14/IQ_1.dat,95,7447905,12,13,0,test,diff_days_indoor,5,0,0,0,0,0,0.35715237259864807
data/raw/osu_lora/Diff_Days_Indoor_Setup/Day5/Device14/IQ_1.dat,96,7526304,12,16,0,test,diff_days_indoor,5,0,0,0,0,0,0.4037229120731354
data/raw/osu_lora/Diff_Days_Indoor_Setup/Day5/Device14/IQ_1.dat,97,7604703,12,16,0,test,diff_days_indoor,5,0,0,0,0,0,0.3176927864551544
data/raw/osu_lora/Diff_Days_Indoor_Setup/Day5/Device14/IQ_1.dat,98,7683102,12,13,0,test,diff_days_indoor,5,0,0,0,0,0,0.3834601640701294
data/raw/osu_lora/Diff_Days_Indoor_Setup/Day5/Device14/IQ_1.dat,99,7761501,12,7,0,test,diff_days_indoor,5,0,0,0,0,0,0.4297812581062317
data/raw/osu_lora/Diff_Days_Indoor_Setup/Day5/Device14/IQ_1.dat,100,7839900,12,16,0,test,diff_days_indoor,5,0,0,0,0,0,0.41169828176498413
data/raw/osu_lora/Diff_Days_Indoor_Setup/Day5/Device14/IQ_1.dat,101,7918299,12,13,0,test,diff_days_indoor,5,0,0,0,0,0,0.3652316629886627
data/raw/osu_lora/Diff_Days_Indoor_Setup/Day5/Device14/IQ_1.dat,102,7996698,12,13,0,test,diff_days_indoor,5,0,0,0,0,0,0.383131742477417
data/raw/osu_lora/Diff_Days_Indoor_Setup/Day5/Device14/IQ_1.dat,103,8075097,12,16,0,test,diff_days_indoor,5,0,0,0,0,0,0.3710033893585205
data/raw/osu_lora/Diff_Days_Indoor_Setup/Day5/Device14/IQ_1.dat,104,8153496,12,13,0,test,diff_days_indoor,5,0,0,0,0,0,0.36219322681427
data/raw/osu_lora/Diff_Days_Indoor_Setup/Day5/Device14/IQ_1.dat,105,8231895,12,16,0,test,diff_days_indoor,5,0,0,0,0,0,0.3487628400325775
data/raw/osu_lora/Diff_Days_Indoor_Setup/Day5/Device14/IQ_1.dat,106,8310294,12,16,0,test,diff_days_indoor,5,0,0,0,0,0,0.4107353389263153
data/raw/osu_lora/Diff_Days_Indoor_Setup/Day5/Device14/IQ_1.dat,107,8388693,12,13,0,test,diff_days_indoor,5,0,0,0,0,0,0.3772435486316681
data/raw/osu_lora/Diff_Days_Indoor_Setup/Day5/Device14/IQ_1.dat,108,8467092,12,7,0,test,diff_days_indoor,5,0,0,0,0,0,0.43064185976982117
data/raw/osu_lora/Diff_Days_Indoor_Setup/Day5/Device14/IQ_1.dat,109,8545491,12,13,0,test,diff_days_indoor,5,0,0,0,0,0,0.3698990046977997
data/raw/osu_lora/Diff_Days_Indoor_Setup/Day5/Device14/IQ_1.dat,110,8623890,12,12,1,test,diff_days_indoor,5,0,0,0,0,0,0.3550463914871216
data/raw/osu_lora/Diff_Days_Indoor_Setup/Day5/Device14/IQ_1.dat,111,8702289,12,16,0,test,diff_days_indoor,5,0,0,0,0,0,0.3508536219596863
data/raw/osu_lora/Diff_Days_Indoor_Setup/Day5/Device14/IQ_1.dat,112,8780688,12,13,0,test,diff_days_indoor,5,0,0,0,0,0,0.35717806220054626
data/raw/osu_lora/Diff_Days_Indoor_Setup/Day5/Device14/IQ_1.dat,113,8859087,12,16,0,test,diff_days_indoor,5,0,0,0,0,0,0.38355764746665955
data/raw/osu_lora/Diff_Days_Indoor_Setup/Day5/Device14/IQ_1.dat,114,8937486,12,13,0,test,diff_days_indoor,5,0,0,0,0,0,0.39123091101646423
data/raw/osu_lora/Diff_Days_Indoor_Setup/Day5/Device14/IQ_1.dat,115,9015885,12,7,0,test,diff_days_indoor,5,0,0,0,0,0,0.35056644678115845
data/raw/osu_lora/Diff_Days_Indoor_Setup/Day5/Device14/IQ_1.dat,116,9094284,12,13,0,test,diff_days_indoor,5,0,0,0,0,0,0.22678077220916748
data/raw/osu_lora/Diff_Days_Indoor_Setup/Day5/Device14/IQ_1.dat,117,9172683,12,13,0,test,diff_days_indoor,5,0,0,0,0,0,0.21716131269931793
data/raw/osu_lora/Diff_Days_Indoor_Setup/Day5/Device14/IQ_1.dat,118,9251082,12,7,0,test,diff_days_indoor,5,0,0,0,0,0,0.4141497015953064
data/raw/osu_lora/Diff_Days_Indoor_Setup/Day5/Device14/IQ_1.dat,119,9329481,12,16,0,test,diff_days_indoor,5,0,0,0,0,0,0.33965280652046204
data/raw/osu_lora/Diff_Days_Indoor_Setup/Day5/Device14/IQ_1.dat,120,9407880,12,13,0,test,diff_days_indoor,5,0,0,0,0,0,0.34094926714897156
data/raw/osu_lora/Diff_Days_Indoor_Setup/Day5/Device14/IQ_1.dat,121,9486279,12,13,0,test,diff_days_indoor,5,0,0,0,0,0,0.2546673119068146
data/raw/osu_lora/Diff_Days_Indoor_Setup/Day5/Device14/IQ_1.dat,122,9564678,12,13,0,test,diff_days_indoor,5,0,0,0,0,0,0.36307165026664734
data/raw/osu_lora/Diff_Days_Indoor_Setup/Day5/Device14/IQ_1.dat,123,9643077,12,13,0,test,diff_days_indoor,5,0,0,0,0,0,0.3736480176448822
data/raw/osu_lora/Diff_Days_Indoor_Setup/Day5/Device14/IQ_1.dat,124,9721476,12,12,1,test,diff_days_indoor,5,0,0,0,0,0,0.3528692424297333
data/raw/osu_lora/Diff_Days_Indoor_Setup/Day5/Device14/IQ_1.dat,125,9799875,12,13,0,test,diff_days_indoor,5,0,0,0,0,0,0.3779942989349365
data/raw/osu_lora/Diff_Days_Indoor_Setup/Day5/Device14/IQ_1.dat,126,9878274,12,13,0,test,diff_days_indoor,5,0,0,0,0,0,0.4464707672595978
data/raw/osu_lora/Diff_Days_Indoor_Setup/Day5/Device14/IQ_1.dat,127,9956673,12,9,0,test,diff_days_indoor,5,0,0,0,0,0,0.3043728768825531
data/raw/osu_lora/Diff_Days_Indoor_Setup/Day5/Device14/IQ_1.dat,128,10035072,12,16,0,test,diff_days_indoor,5,0,0,0,0,0,0.3572857975959778
data/raw/osu_lora/Diff_Days_Indoor_Setup/Day5/Device14/IQ_1.dat,129,10113471,12,13,0,test,diff_days_indoor,5,0,0,0,0,0,0.3589216470718384
data/raw/osu_lora/Diff_Days_Indoor_Setup/Day5/Device14/IQ_1.dat,130,10191870,12,13,0,test,diff_days_indoor,5,0,0,0,0,0,0.42224299907684326
data/raw/osu_lora/Diff_Days_Indoor_Setup/Day5/Device14/IQ_1.dat,131,10270269,12,7,0,test,diff_days_indoor,5,0,0,0,0,0,0.537378191947937
data/raw/osu_lora/Diff_Days_Indoor_Setup/Day5/Device14/IQ_1.dat,132,10348668,12,16,0,test,diff_days_indoor,5,0,0,0,0,0,0.3238104283809662
data/raw/osu_lora/Diff_Days_Indoor_Setup/Day5/Device14/IQ_1.dat,133,10427067,12,13,0,test,diff_days_indoor,5,0,0,0,0,0,0.346462607383728
data/raw/osu_lora/Diff_Days_Indoor_Setup/Day5/Device14/IQ_1.dat,134,10505466,12,13,0,test,diff_days_indoor,5,0,0,0,0,0,0.3176008462905884
data/raw/osu_lora/Diff_Days_Indoor_Setup/Day5/Device14/IQ_1.dat,135,10583865,12,13,0,test,diff_days_indoor,5,0,0,0,0,0,0.3251343071460724
data/raw/osu_lora/Diff_Days_Indoor_Setup/Day5/Device14/IQ_1.dat,136,10662264,12,16,0,test,diff_days_indoor,5,0,0,0,0,0,0.3286001980304718
data/raw/osu_lora/Diff_Days_Indoor_Setup/Day5/Device14/IQ_1.dat,137,10740663,12,13,0,test,diff_days_indoor,5,0,0,0,0,0,0.34190037846565247
data/raw/osu_lora/Diff_Days_Indoor_Setup/Day5/Device14/IQ_1.dat,138,10819062,12,13,0,test,diff_days_indoor,5,0,0,0,0,0,0.3473759889602661
data/raw/osu_lora/Diff_Days_Indoor_Setup/Day5/Device14/IQ_1.dat,139,10897461,12,16,0,test,diff_days_indoor,5,0,0,0,0,0,0.38817471265792847
data/raw/osu_lora/Diff_Days_Indoor_Setup/Day5/Device14/IQ_1.dat,140,10975860,12,13,0,test,diff_days_indoor,5,0,0,0,0,0,0.4313018023967743
data/raw/osu_lora/Diff_Days_Indoor_Setup/Day5/Device14/IQ_1.dat,141,11054259,12,16,0,test,diff_days_indoor,5,0,0,0,0,0,0.3030718266963959
data/raw/osu_lora/Diff_Days_Indoor_Setup/Day5/Device14/IQ_1.dat,142,11132658,12,13,0,test,diff_days_indoor,5,0,0,0,0,0,0.358909547328949
data/raw/osu_lora/Diff_Days_Indoor_Setup/Day5/Device14/IQ_1.dat,143,11211057,12,12,1,test,diff_days_indoor,5,0,0,0,0,0,0.3579561412334442
data/raw/osu_lora/Diff_Days_Indoor_Setup/Day5/Device14/IQ_1.dat,144,11289456,12,13,0,test,diff_days_indoor,5,0,0,0,0,0,0.4787878394126892
data/raw/osu_lora/Diff_Days_Indoor_Setup/Day5/Device14/IQ_1.dat,145,11367855,12,13,0,test,diff_days_indoor,5,0,0,0,0,0,0.3729627728462219
data/raw/osu_lora/Diff_Days_Indoor_Setup/Day5/Device14/IQ_1.dat,146,11446254,12,16,0,test,diff_days_indoor,5,0,0,0,0,0,0.4547518491744995
data/raw/osu_lora/Diff_Days_Indoor_Setup/Day5/Device14/IQ_1.dat,147,11524653,12,12,1,test,diff_days_indoor,5,0,0,0,0,0,0.31918978691101074
data/raw/osu_lora/Diff_Days_Indoor_Setup/Day5/Device14/IQ_1.dat,148,11603052,12,7,0,test,diff_days_indoor,5,0,0,0,0,0,0.505919873714447
data/raw/osu_lora/Diff_Days_Indoor_Setup/Day5/Device14/IQ_1.dat,149,11681451,12,16,0,test,diff_days_indoor,5,0,0,0,0,0,0.42023366689682007
data/raw/osu_lora/Diff_Days_Indoor_Setup/Day5/Device14/IQ_1.dat,150,11759850,12,16,0,test,diff_days_indoor,5,0,0,0,0,0,0.346831738948822
data/raw/osu_lora/Diff_Days_Indoor_Setup/Day5/Device14/IQ_1.dat,151,11838249,12,7,0,test,diff_days_indoor,5,0,0,0,0,0,0.34412315487861633
data/raw/osu_lora/Diff_Days_Indoor_Setup/Day5/Device14/IQ_1.dat,152,11916648,12,16,0,test,diff_days_indoor,5,0,0,0,0,0,0.3338204026222229
data/raw/osu_lora/Diff_Days_Indoor_Setup/Day5/Device14/IQ_1.dat,153,11995047,12,16,0,test,diff_days_indoor,5,0,0,0,0,0,0.4052543640136719
data/raw/osu_lora/Diff_Days_Indoor_Setup/Day5/Device14/IQ_1.dat,154,12073446,12,13,0,test,diff_days_indoor,5,0,0,0,0,0,0.38621681928634644
data/raw/osu_lora/Diff_Days_Indoor_Setup/Day5/Device14/IQ_1.dat,155,12151845,12,13,0,test,diff_days_indoor,5,0,0,0,0,0,0.41993701457977295
data/raw/osu_lora/Diff_Days_Indoor_Setup/Day5/Device14/IQ_1.dat,156,12230244,12,13,0,test,diff_days_indoor,5,0,0,0,0,0,0.38005903363227844
data/raw/osu_lora/Diff_Days_Indoor_Setup/Day5/Device14/IQ_1.dat,157,12308643,12,7,0,test,diff_days_indoor,5,0,0,0,0,0,0.278674453496933
data/raw/osu_lora/Diff_Days_Indoor_Setup/Day5/Device14/IQ_1.dat,158,12387042,12,13,0,test,diff_days_indoor,5,0,0,0,0,0,0.37301430106163025
data/raw/osu_lora/Diff_Days_Indoor_Setup/Day5/Device14/IQ_1.dat,159,12465441,12,13,0,test,diff_days_indoor,5,0,0,0,0,0,0.2464490681886673
data/raw/osu_lora/Diff_Days_Indoor_Setup/Day5/Device14/IQ_1.dat,160,12543840,12,16,0,test,diff_days_indoor,5,0,0,0,0,0,0.32923856377601624
data/raw/osu_lora/Diff_Days_Indoor_Setup/Day5/Device14/IQ_1.dat,161,12622239,12,13,0,test,diff_days_indoor,5,0,0,0,0,0,0.3848031163215637
data/raw/osu_lora/Diff_Days_Indoor_Setup/Day5/Device14/IQ_1.dat,162,12700638,12,16,0,test,diff_days_indoor,5,0,0,0,0,0,0.33174219727516174
data/raw/osu_lora/Diff_Days_Indoor_Setup/Day5/Device14/IQ_1.dat,163,12779037,12,13,0,test,diff_days_indoor,5,0,0,0,0,0,0.44177064299583435
data/raw/osu_lora/Diff_Days_Indoor_Setup/Day5/Device14/IQ_1.dat,164,12857436,12,12,1,test,diff_days_indoor,5,0,0,0,0,0,0.35026153922080994
data/raw/osu_lora/Diff_Days_Indoor_Setup/Day5/Device14/IQ_1.dat,165,12935835,12,16,0,test,diff_days_indoor,5,0,0,0,0,0,0.40805643796920776
data/raw/osu_lora/Diff_Days_Indoor_Setup/Day5/Device14/IQ_1.dat,166,13014234,12,16,0,test,diff_days_indoor,5,0,0,0,0,0,0.2787848711013794
data/raw/osu_lora/Diff_Days_Indoor_Setup/Day5/Device14/IQ_1.dat,167,13092633,12,12,1,test,diff_days_indoor,5,0,0,0,0,0,0.34333884716033936
data/raw/osu_lora/Diff_Days_Indoor_Setup/Day5/Device14/IQ_1.dat,168,13171032,12,13,0,test,diff_days_indoor,5,0,0,0,0,0,0.4048239588737488
data/raw/osu_lora/Diff_Days_Indoor_Setup/Day5/Device14/IQ_1.dat,169,13249431,12,16,0,test,diff_days_indoor,5,0,0,0,0,0,0.3503970205783844
data/raw/osu_lora/Diff_Days_Indoor_Setup/Day5/Device14/IQ_1.dat,170,13327830,12,13,0,test,diff_days_indoor,5,0,0,0,0,0,0.40054646134376526
data/raw/osu_lora/Diff_Days_Indoor_Setup/Day5/Device14/IQ_1.dat,171,13406229,12,13,0,test,diff_days_indoor,5,0,0,0,0,0,0.42576169967651367
data/raw/osu_lora/Diff_Days_Indoor_Setup/Day5/Device14/IQ_1.dat,172,13484628,12,7,0,test,diff_days_indoor,5,0,0,0,0,0,0.4250892698764801
data/raw/osu_lora/Diff_Days_Indoor_Setup/Day5/Device14/IQ_1.dat,173,13563027,12,16,0,test,diff_days_indoor,5,0,0,0,0,0,0.3260383903980255
data/raw/osu_lora/Diff_Days_Indoor_Setup/Day5/Device14/IQ_1.dat,174,13641426,12,13,0,test,diff_days_indoor,5,0,0,0,0,0,0.3634723126888275
data/raw/osu_lora/Diff_Days_Indoor_Setup/Day5/Device14/IQ_1.dat,175,13719825,12,16,0,test,diff_days_indoor,5,0,0,0,0,0,0.3494226038455963
data/raw/osu_lora/Diff_Days_Indoor_Setup/Day5/Device14/IQ_1.dat,176,13798224,12,13,0,test,diff_days_indoor,5,0,0,0,0,0,0.23620596528053284
data/raw/osu_lora/Diff_Days_Indoor_Setup/Day5/Device14/IQ_1.dat,177,13876623,12,13,0,test,diff_days_indoor,5,0,0,0,0,0,0.4095175266265869
data/raw/osu_lora/Diff_Days_Indoor_Setup/Day5/Device14/IQ_1.dat,178,13955022,12,13,0,test,diff_days_indoor,5,0,0,0,0,0,0.3504408597946167
data/raw/osu_lora/Diff_Days_Indoor_Setup/Day5/Device14/IQ_1.dat,179,14033421,12,13,0,test,diff_days_indoor,5,0,0,0,0,0,0.40147629380226135
data/raw/osu_lora/Diff_Days_Indoor_Setup/Day5/Device14/IQ_1.dat,180,14111820,12,13,0,test,diff_days_indoor,5,0,0,0,0,0,0.530928909778595
data/raw/osu_lora/Diff_Days_Indoor_Setup/Day5/Device14/IQ_1.dat,181,14190219,12,13,0,test,diff_days_indoor,5,0,0,0,0,0,0.36867401003837585
data/raw/osu_lora/Diff_Days_Indoor_Setup/Day5/Device14/IQ_1.dat,182,14268618,12,16,0,test,diff_days_indoor,5,0,0,0,0,0,0.32152488827705383
data/raw/osu_lora/Diff_Days_Indoor_Setup/Day5/Device14/IQ_1.dat,183,14347017,12,13,0,test,diff_days_indoor,5,0,0,0,0,0,0.35641613602638245
data/raw/osu_lora/Diff_Days_Indoor_Setup/Day5/Device14/IQ_1.dat,184,14425416,12,12,1,test,diff_days_indoor,5,0,0,0,0,0,0.32879146933555603
data/raw/osu_lora/Diff_Days_Indoor_Setup/Day5/Device14/IQ_1.dat,185,14503815,12,13,0,test,diff_days_indoor,5,0,0,0,0,0,0.3801458179950714
data/raw/osu_lora/Diff_Days_Indoor_Setup/Day5/Device14/IQ_1.dat,186,14582214,12,16,0,test,diff_days_indoor,5,0,0,0,0,0,0.3853650689125061
data/raw/osu_lora/Diff_Days_Indoor_Setup/Day5/Device14/IQ_1.dat,187,14660613,12,7,0,test,diff_days_indoor,5,0,0,0,0,0,0.30983152985572815
data/raw/osu_lora/Diff_Days_Indoor_Setup/Day5/Device14/IQ_1.dat,188,14739012,12,13,0,test,diff_days_indoor,5,0,0,0,0,0,0.35499176383018494
data/raw/osu_lora/Diff_Days_Indoor_Setup/Day5/Device14/IQ_1.dat,189,14817411,12,12,1,test,diff_days_indoor,5,0,0,0,0,0,0.33999103307724
data/raw/osu_lora/Diff_Days_Indoor_Setup/Day5/Device14/IQ_1.dat,190,14895810,12,16,0,test,diff_days_indoor,5,0,0,0,0,0,0.35059258341789246
data/raw/osu_lora/Diff_Days_Indoor_Setup/Day5/Device14/IQ_1.dat,191,14974209,12,13,0,test,diff_days_indoor,5,0,0,0,0,0,0.4046327471733093
data/raw/osu_lora/Diff_Days_Indoor_Setup/Day5/Device14/IQ_1.dat,192,15052608,12,16,0,test,diff_days_indoor,5,0,0,0,0,0,0.37684720754623413
data/raw/osu_lora/Diff_Days_Indoor_Setup/Day5/Device14/IQ_1.dat,193,15131007,12,16,0,test,diff_days_indoor,5,0,0,0,0,0,0.42908552289009094
data/raw/osu_lora/Diff_Days_Indoor_Setup/Day5/Device14/IQ_1.dat,194,15209406,12,13,0,test,diff_days_indoor,5,0,0,0,0,0,0.34295156598091125
data/raw/osu_lora/Diff_Days_Indoor_Setup/Day5/Device14/IQ_1.dat,195,15287805,12,9,0,test,diff_days_indoor,5,0,0,0,0,0,0.2491893321275711
data/raw/osu_lora/Diff_Days_Indoor_Setup/Day5/Device14/IQ_1.dat,196,15366204,12,13,0,test,diff_days_indoor,5,0,0,0,0,0,0.42261412739753723
data/raw/osu_lora/Diff_Days_Indoor_Setup/Day5/Device14/IQ_1.dat,197,15444603,12,12,1,test,diff_days_indoor,5,0,0,0,0,0,0.3547396957874298
data/raw/osu_lora/Diff_Days_Indoor_Setup/Day5/Device14/IQ_1.dat,198,15523002,12,16,0,test,diff_days_indoor,5,0,0,0,0,0,0.3172118067741394
data/raw/osu_lora/Diff_Days_Indoor_Setup/Day5/Device14/IQ_1.dat,199,15601401,12,13,0,test,diff_days_indoor,5,0,0,0,0,0,0.4499012231826782
data/raw/osu_lora/Diff_Days_Indoor_Setup/Day5/Device14/IQ_1.dat,200,15679800,12,16,0,test,diff_days_indoor,5,0,0,0,0,0,0.3733094036579132
data/raw/osu_lora/Diff_Days_Indoor_Setup/Day5/Device14/IQ_1.dat,201,15758199,12,13,0,test,diff_days_indoor,5,0,0,0,0,0,0.3747251629829407
data/raw/osu_lora/Diff_Days_Indoor_Setup/Day5/Device14/IQ_1.dat,202,15836598,12,16,0,test,diff_days_indoor,5,0,0,0,0,0,0.40721404552459717
data/raw/osu_lora/Diff_Days_Indoor_Setup/Day5/Device14/IQ_1.dat,203,15914997,12,13,0,test,diff_days_indoor,5,0,0,0,0,0,0.39969098567962646
data/raw/osu_lora/Diff_Days_Indoor_Setup/Day5/Device14/IQ_1.dat,204,15993396,12,13,0,test,diff_days_indoor,5,0,0,0,0,0,0.29785045981407166
data/raw/osu_lora/Diff_Days_Indoor_Setup/Day5/Device14/IQ_1.dat,205,16071795,12,12,1,test,diff_days_indoor,5,0,0,0,0,0,0.3572881817817688
data/raw/osu_lora/Diff_Days_Indoor_Setup/Day5/Device14/IQ_1.dat,206,16150194,12,10,0,test,diff_days_indoor,5,0,0,0,0,0,0.23631562292575836
data/raw/osu_lora/Diff_Days_Indoor_Setup/Day5/Device14/IQ_1.dat,207,16228593,12,13,0,test,diff_days_indoor,5,0,0,0,0,0,0.35162216424942017
data/raw/osu_lora/Diff_Days_Indoor_Setup/Day5/Device14/IQ_1.dat,208,16306992,12,16,0,test,diff_days_indoor,5,0,0,0,0,0,0.32372599840164185
data/raw/osu_lora/Diff_Days_Indoor_Setup/Day5/Device14/IQ_1.dat,209,16385391,12,13,0,test,diff_days_indoor,5,0,0,0,0,0,0.43877869844436646
data/raw/osu_lora/Diff_Days_Indoor_Setup/Day5/Device14/IQ_1.dat,210,16463790,12,13,0,test,diff_days_indoor,5,0,0,0,0,0,0.3619447350502014
data/raw/osu_lora/Diff_Days_Indoor_Setup/Day5/Device14/IQ_1.dat,211,16542189,12,13,0,test,diff_days_indoor,5,0,0,0,0,0,0.3628590404987335
data/raw/osu_lora/Diff_Days_Indoor_Setup/Day5/Device14/IQ_1.dat,212,16620588,12,13,0,test,diff_days_indoor,5,0,0,0,0,0,0.49604880809783936
data/raw/osu_lora/Diff_Days_Indoor_Setup/Day5/Device14/IQ_1.dat,213,16698987,12,12,1,test,diff_days_indoor,5,0,0,0,0,0,0.3380306661128998
data/raw/osu_lora/Diff_Days_Indoor_Setup/Day5/Device14/IQ_1.dat,214,16777386,12,16,0,test,diff_days_indoor,5,0,0,0,0,0,0.3319837749004364
data/raw/osu_lora/Diff_Days_Indoor_Setup/Day5/Device14/IQ_1.dat,215,16855785,12,13,0,test,diff_days_indoor,5,0,0,0,0,0,0.4410797357559204
data/raw/osu_lora/Diff_Days_Indoor_Setup/Day5/Device14/IQ_1.dat,216,16934184,12,13,0,test,diff_days_indoor,5,0,0,0,0,0,0.3863811492919922
data/raw/osu_lora/Diff_Days_Indoor_Setup/Day5/Device14/IQ_1.dat,217,17012583,12,16,0,test,diff_days_indoor,5,0,0,0,0,0,0.2738187313079834
data/raw/osu_lora/Diff_Days_Indoor_Setup/Day5/Device14/IQ_1.dat,218,17090982,12,13,0,test,diff_days_indoor,5,0,0,0,0,0,0.24626204371452332
data/raw/osu_lora/Diff_Days_Indoor_Setup/Day5/Device14/IQ_1.dat,219,17169381,12,13,0,test,diff_days_indoor,5,0,0,0,0,0,0.4292982518672943
data/raw/osu_lora/Diff_Days_Indoor_Setup/Day5/Device14/IQ_1.dat,220,17247780,12,13,0,test,diff_days_indoor,5,0,0,0,0,0,0.31224820017814636
data/raw/osu_lora/Diff_Days_Indoor_Setup/Day5/Device14/IQ_1.dat,221,17326179,12,12,1,test,diff_days_indoor,5,0,0,0,0,0,0.33810731768608093
data/raw/osu_lora/Diff_Days_Indoor_Setup/Day5/Device14/IQ_1.dat,222,17404578,12,13,0,test,diff_days_indoor,5,0,0,0,0,0,0.3525021970272064
data/raw/osu_lora/Diff_Days_Indoor_Setup/Day5/Device14/IQ_1.dat,223,17482977,12,13,0,test,diff_days_indoor,5,0,0,0,0,0,0.39456748962402344
data/raw/osu_lora/Diff_Days_Indoor_Setup/Day5/Device14/IQ_1.dat,224,17561376,12,13,0,test,diff_days_indoor,5,0,0,0,0,0,0.24008600413799286
data/raw/osu_lora/Diff_Days_Indoor_Setup/Day5/Device14/IQ_1.dat,225,17639775,12,9,0,test,diff_days_indoor,5,0,0,0,0,0,0.27451786398887634
data/raw/osu_lora/Diff_Days_Indoor_Setup/Day5/Device14/IQ_1.dat,226,17718174,12,13,0,test,diff_days_indoor,5,0,0,0,0,0,0.40214666724205017
data/raw/osu_lora/Diff_Days_Indoor_Setup/Day5/Device14/IQ_1.dat,227,17796573,12,13,0,test,diff_days_indoor,5,0,0,0,0,0,0.4760994613170624
data/raw/osu_lora/Diff_Days_Indoor_Setup/Day5/Device14/IQ_1.dat,228,17874972,12,16,0,test,diff_days_indoor,5,0,0,0,0,0,0.3667166829109192
data/raw/osu_lora/Diff_Days_Indoor_Setup/Day5/Device14/IQ_1.dat,229,17953371,12,13,0,test,diff_days_indoor,5,0,0,0,0,0,0.39307308197021484
data/raw/osu_lora/Diff_Days_Indoor_Setup/Day5/Device14/IQ_1.dat,230,18031770,12,16,0,test,diff_days_indoor,5,0,0,0,0,0,0.3607124090194702
data/raw/osu_lora/Diff_Days_Indoor_Setup/Day5/Device14/IQ_1.dat,231,18110169,12,13,0,test,diff_days_indoor,5,0,0,0,0,0,0.2728816568851471
data/raw/osu_lora/Diff_Days_Indoor_Setup/Day5/Device14/IQ_1.dat,232,18188568,12,16,0,test,diff_days_indoor,5,0,0,0,0,0,0.31890052556991577
data/raw/osu_lora/Diff_Days_Indoor_Setup/Day5/Device14/IQ_1.dat,233,18266967,12,7,0,test,diff_days_indoor,5,0,0,0,0,0,0.4257880449295044
data/raw/osu_lora/Diff_Days_Indoor_Setup/Day5/Device14/IQ_1.dat,234,18345366,12,13,0,test,diff_days_indoor,5,0,0,0,0,0,0.41326743364334106
data/raw/osu_lora/Diff_Days_Indoor_Setup/Day5/Device14/IQ_1.dat,235,18423765,12,13,0,test,diff_days_indoor,5,0,0,0,0,0,0.3389224708080292
data/raw/osu_lora/Diff_Days_Indoor_Setup/Day5/Device14/IQ_1.dat,236,18502164,12,9,0,test,diff_days_indoor,5,0,0,0,0,0,0.2838219404220581
data/raw/osu_lora/Diff_Days_Indoor_Setup/Day5/Device14/IQ_1.dat,237,18580563,12,13,0,test,diff_days_indoor,5,0,0,0,0,0,0.38900089263916016
data/raw/osu_lora/Diff_Days_Indoor_Setup/Day5/Device14/IQ_1.dat,238,18658962,12,13,0,test,diff_days_indoor,5,0,0,0,0,0,0.38298577070236206
data/raw/osu_lora/Diff_Days_Indoor_Setup/Day5/Device14/IQ_1.dat,239,18737361,12,16,0,test,diff_days_indoor,5,0,0,0,0,0,0.33358684182167053
data/raw/osu_lora/Diff_Days_Indoor_Setup/Day5/Device14/IQ_1.dat,240,18815760,12,13,0,test,diff_days_indoor,5,0,0,0,0,0,0.39722663164138794
data/raw/osu_lora/Diff_Days_Indoor_Setup/Day5/Device14/IQ_1.dat,241,18894159,12,13,0,test,diff_days_indoor,5,0,0,0,0,0,0.30291953682899475
data/raw/osu_lora/Diff_Days_Indoor_Setup/Day5/Device14/IQ_1.dat,242,18972558,12,13,0,test,diff_days_indoor,5,0,0,0,0,0,0.40464475750923157
data/raw/osu_lora/Diff_Days_Indoor_Setup/Day5/Device14/IQ_1.dat,243,19050957,12,16,0,test,diff_days_indoor,5,0,0,0,0,0,0.28851765394210815
data/raw/osu_lora/Diff_Days_Indoor_Setup/Day5/Device14/IQ_1.dat,244,19129356,12,13,0,test,diff_days_indoor,5,0,0,0,0,0,0.36247116327285767
data/raw/osu_lora/Diff_Days_Indoor_Setup/Day5/Device14/IQ_1.dat,245,19207755,12,13,0,test,diff_days_indoor,5,0,0,0,0,0,0.39211881160736084
data/raw/osu_lora/Diff_Days_Indoor_Setup/Day5/Device14/IQ_1.dat,246,19286154,12,13,0,test,diff_days_indoor,5,0,0,0,0,0,0.3674185574054718
data/raw/osu_lora/Diff_Days_Indoor_Setup/Day5/Device14/IQ_1.dat,247,19364553,12,13,0,test,diff_days_indoor,5,0,0,0,0,0,0.34015801548957825
data/raw/osu_lora/Diff_Days_Indoor_Setup/Day5/Device14/IQ_1.dat,248,19442952,12,16,0,test,diff_days_indoor,5,0,0,0,0,0,0.3695853352546692
data/raw/osu_lora/Diff_Days_Indoor_Setup/Day5/Device14/IQ_1.dat,249,19521351,12,16,0,test,diff_days_indoor,5,0,0,0,0,0,0.3579016923904419
data/raw/osu_lora/Diff_Days_Indoor_Setup/Day5/Device14/IQ_1.dat,250,19599750,12,7,0,test,diff_days_indoor,5,0,0,0,0,0,0.3309224843978882
data/raw/osu_lora/Diff_Days_Indoor_Setup/Day5/Device14/IQ_1.dat,251,19678149,12,13,0,test,diff_days_indoor,5,0,0,0,0,0,0.4946804940700531
data/raw/osu_lora/Diff_Days_Indoor_Setup/Day5/Device14/IQ_1.dat,252,19756548,12,13,0,test,diff_days_indoor,5,0,0,0,0,0,0.3351835608482361
data/raw/osu_lora/Diff_Days_Indoor_Setup/Day5/Device14/IQ_1.dat,253,19834947,12,13,0,test,diff_days_indoor,5,0,0,0,0,0,0.3529619574546814
data/raw/osu_lora/Diff_Days_Indoor_Setup/Day5/Device14/IQ_1.dat,254,19913346,12,13,0,test,diff_days_indoor,5,0,0,0,0,0,0.437866747379303
data/raw/osu_lora/Diff_Days_Indoor_Setup/Day5/Device14/IQ_1.dat,255,19991745,12,13,0,test,diff_days_indoor,5,0,0,0,0,0,0.35204488039016724
data/raw/osu_lora/Diff_Days_Indoor_Setup/Day5/Device15/IQ_1.dat,0,0,13,13,1,test,diff_days_indoor,5,0,0,0,0,0,0.3414769470691681
data/raw/osu_lora/Diff_Days_Indoor_Setup/Day5/Device15/IQ_1.dat,1,78399,13,13,1,test,diff_days_indoor,5,0,0,0,0,0,0.29473569989204407
data/raw/osu_lora/Diff_Days_Indoor_Setup/Day5/Device15/IQ_1.dat,2,156798,13,12,0,test,diff_days_indoor,5,0,0,0,0,0,0.3420591950416565
data/raw/osu_lora/Diff_Days_Indoor_Setup/Day5/Device15/IQ_1.dat,3,235197,13,16,0,test,diff_days_indoor,5,0,0,0,0,0,0.33893606066703796
data/raw/osu_lora/Diff_Days_Indoor_Setup/Day5/Device15/IQ_1.dat,4,313596,13,16,0,test,diff_days_indoor,5,0,0,0,0,0,0.3388651907444
data/raw/osu_lora/Diff_Days_Indoor_Setup/Day5/Device15/IQ_1.dat,5,391995,13,13,1,test,diff_days_indoor,5,0,0,0,0,0,0.2826160788536072
data/raw/osu_lora/Diff_Days_Indoor_Setup/Day5/Device15/IQ_1.dat,6,470394,13,16,0,test,diff_days_indoor,5,0,0,0,0,0,0.35476943850517273
data/raw/osu_lora/Diff_Days_Indoor_Setup/Day5/Device15/IQ_1.dat,7,548793,13,13,1,test,diff_days_indoor,5,0,0,0,0,0,0.25216105580329895
data/raw/osu_lora/Diff_Days_Indoor_Setup/Day5/Device15/IQ_1.dat,8,627192,13,12,0,test,diff_days_indoor,5,0,0,0,0,0,0.32800719141960144
data/raw/osu_lora/Diff_Days_Indoor_Setup/Day5/Device15/IQ_1.dat,9,705591,13,16,0,test,diff_days_indoor,5,0,0,0,0,0,0.40527620911598206
data/raw/osu_lora/Diff_Days_Indoor_Setup/Day5/Device15/IQ_1.dat,10,783990,13,13,1,test,diff_days_indoor,5,0,0,0,0,0,0.3888320326805115
data/raw/osu_lora/Diff_Days_Indoor_Setup/Day5/Device15/IQ_1.dat,11,862389,13,7,0,test,diff_days_indoor,5,0,0,0,0,0,0.31542038917541504
data/raw/osu_lora/Diff_Days_Indoor_Setup/Day5/Device15/IQ_1.dat,12,940788,13,13,1,test,diff_days_indoor,5,0,0,0,0,0,0.28910160064697266
data/raw/osu_lora/Diff_Days_Indoor_Setup/Day5/Device15/IQ_1.dat,13,1019187,13,16,0,test,diff_days_indoor,5,0,0,0,0,0,0.3398899734020233
data/raw/osu_lora/Diff_Days_Indoor_Setup/Day5/Device15/IQ_1.dat,14,1097586,13,13,1,test,diff_days_indoor,5,0,0,0,0,0,0.3886561989784241
data/raw/osu_lora/Diff_Days_Indoor_Setup/Day5/Device15/IQ_1.dat,15,1175985,13,7,0,test,diff_days_indoor,5,0,0,0,0,0,0.47314178943634033
data/raw/osu_lora/Diff_Days_Indoor_Setup/Day5/Device15/IQ_1.dat,16,1254384,13,16,0,test,diff_days_indoor,5,0,0,0,0,0,0.3716088831424713
data/raw/osu_lora/Diff_Days_Indoor_Setup/Day5/Device15/IQ_1.dat,17,1332783,13,13,1,test,diff_days_indoor,5,0,0,0,0,0,0.4004233181476593
data/raw/osu_lora/Diff_Days_Indoor_Setup/Day5/Device15/IQ_1.dat,18,1411182,13,13,1,test,diff_days_indoor,5,0,0,0,0,0,0.326028972864151
data/raw/osu_lora/Diff_Days_Indoor_Setup/Day5/Device15/IQ_1.dat,19,1489581,13,13,1,test,diff_days_indoor,5,0,0,0,0,0,0.3486476540565491
data/raw/osu_lora/Diff_Days_Indoor_Setup/Day5/Device15/IQ_1.dat,20,1567980,13,16,0,test,diff_days_indoor,5,0,0,0,0,0,0.4078240990638733
data/raw/osu_lora/Diff_Days_Indoor_Setup/Day5/Device15/IQ_1.dat,21,1646379,13,13,1,test,diff_days_indoor,5,0,0,0,0,0,0.3924800753593445
data/raw/osu_lora/Diff_Days_Indoor_Setup/Day5/Device15/IQ_1.dat,22,1724778,13,14,0,test,diff_days_indoor,5,0,0,0,0,0,0.2587156593799591
data/raw/osu_lora/Diff_Days_Indoor_Setup/Day5/Device15/IQ_1.dat,23,1803177,13,12,0,test,diff_days_indoor,5,0,0,0,0,0,0.36338526010513306
data/raw/osu_lora/Diff_Days_Indoor_Setup/Day5/Device15/IQ_1.dat,24,1881576,13,13,1,test,diff_days_indoor,5,0,0,0,0,0,0.40772950649261475
data/raw/osu_lora/Diff_Days_Indoor_Setup/Day5/Device15/IQ_1.dat,25,1959975,13,16,0,test,diff_days_indoor,5,0,0,0,0,0,0.4298180639743805
data/raw/osu_lora/Diff_Days_Indoor_Setup/Day5/Device15/IQ_1.dat,26,2038374,13,18,0,test,diff_days_indoor,5,0,0,0,0,0,0.3375403583049774
data/raw/osu_lora/Diff_Days_Indoor_Setup/Day5/Device15/IQ_1.dat,27,2116773,13,13,1,test,diff_days_indoor,5,0,0,0,0,0,0.3492499589920044
data/raw/osu_lora/Diff_Days_Indoor_Setup/Day5/Device15/IQ_1.dat,28,2195172,13,16,0,test,diff_days_indoor,5,0,0,0,0,0,0.31611618399620056
data/raw/osu_lora/Diff_Days_Indoor_Setup/Day5/Device15/IQ_1.dat,29,2273571,13,13,1,test,diff_days_indoor,5,0,0,0,0,0,0.43027129769325256
data/raw/osu_lora/Diff_Days_Indoor_Setup/Day5/Device15/IQ_1.dat,30,2351970,13,13,1,test,diff_days_indoor,5,0,0,0,0,0,0.350521981716156
data/raw/osu_lora/Diff_Days_Indoor_Setup/Day5/Device15/IQ_1.dat,31,2430369,13,13,1,test,diff_days_indoor,5,0,0,0,0,0,0.5050224661827087
data/raw/osu_lora/Diff_Days_Indoor_Setup/Day5/Device15/IQ_1.dat,32,2508768,13,13,1,test,diff_days_indoor,5,0,0,0,0,0,0.3863155245780945
data/raw/osu_lora/Diff_Days_Indoor_Setup/Day5/Device15/IQ_1.dat,33,2587167,13,16,0,test,diff_days_indoor,5,0,0,0,0,0,0.3263328969478607
data/raw/osu_lora/Diff_Days_Indoor_Setup/Day5/Device15/IQ_1.dat,34,2665566,13,12,0,test,diff_days_indoor,5,0,0,0,0,0,0.3497731685638428
data/raw/osu_lora/Diff_Days_Indoor_Setup/Day5/Device15/IQ_1.dat,35,2743965,13,13,1,test,diff_days_indoor,5,0,0,0,0,0,0.36992621421813965
data/raw/osu_lora/Diff_Days_Indoor_Setup/Day5/Device15/IQ_1.dat,36,2822364,13,12,0,test,diff_days_indoor,5,0,0,0,0,0,0.32670268416404724
data/raw/osu_lora/Diff_Days_Indoor_Setup/Day5/Device15/IQ_1.dat,37,2900763,13,13,1,test,diff_days_indoor,5,0,0,0,0,0,0.35521644353866577
data/raw/osu_lora/Diff_Days_Indoor_Setup/Day5/Device15/IQ_1.dat,38,2979162,13,16,0,test,diff_days_indoor,5,0,0,0,0,0,0.34573760628700256
data/raw/osu_lora/Diff_Days_Indoor_Setup/Day5/Device15/IQ_1.dat,39,3057561,13,13,1,test,diff_days_indoor,5,0,0,0,0,0,0.36887770891189575
data/raw/osu_lora/Diff_Days_Indoor_Setup/Day5/Device15/IQ_1.dat,40,3135960,13,16,0,test,diff_days_indoor,5,0,0,0,0,0,0.328327476978302
data/raw/osu_lora/Diff_Days_Indoor_Setup/Day5/Device15/IQ_1.dat,41,3214359,13,16,0,test,diff_days_indoor,5,0,0,0,0,0,0.37114885449409485
data/raw/osu_lora/Diff_Days_Indoor_Setup/Day5/Device15/IQ_1.dat,42,3292758,13,16,0,test,diff_days_indoor,5,0,0,0,0,0,0.4371943473815918
data/raw/osu_lora/Diff_Days_Indoor_Setup/Day5/Device15/IQ_1.dat,43,3371157,13,13,1,test,diff_days_indoor,5,0,0,0,0,0,0.38585102558135986
data/raw/osu_lora/Diff_Days_Indoor_Setup/Day5/Device15/IQ_1.dat,44,3449556,13,16,0,test,diff_days_indoor,5,0,0,0,0,0,0.3380792438983917
data/raw/osu_lora/Diff_Days_Indoor_Setup/Day5/Device15/IQ_1.dat,45,3527955,13,16,0,test,diff_days_indoor,5,0,0,0,0,0,0.4050526022911072
data/raw/osu_lora/Diff_Days_Indoor_Setup/Day5/Device15/IQ_1.dat,46,3606354,13,13,1,test,diff_days_indoor,5,0,0,0,0,0,0.3635670244693756
data/raw/osu_lora/Diff_Days_Indoor_Setup/Day5/Device15/IQ_1.dat,47,3684753,13,13,1,test,diff_days_indoor,5,0,0,0,0,0,0.3548549711704254
data/raw/osu_lora/Diff_Days_Indoor_Setup/Day5/Device15/IQ_1.dat,48,3763152,13,13,1,test,diff_days_indoor,5,0,0,0,0,0,0.3034598231315613
data/raw/osu_lora/Diff_Days_Indoor_Setup/Day5/Device15/IQ_1.dat,49,3841551,13,16,0,test,diff_days_indoor,5,0,0,0,0,0,0.3877224922180176
data/raw/osu_lora/Diff_Days_Indoor_Setup/Day5/Device15/IQ_1.dat,50,3919950,13,16,0,test,diff_days_indoor,5,0,0,0,0,0,0.39715880155563354
data/raw/osu_lora/Diff_Days_Indoor_Setup/Day5/Device15/IQ_1.dat,51,3998349,13,13,1,test,diff_days_indoor,5,0,0,0,0,0,0.4158225655555725
data/raw/osu_lora/Diff_Days_Indoor_Setup/Day5/Device15/IQ_1.dat,52,4076748,13,13,1,test,diff_days_indoor,5,0,0,0,0,0,0.37918663024902344
data/raw/osu_lora/Diff_Days_Indoor_Setup/Day5/Device15/IQ_1.dat,53,4155147,13,13,1,test,diff_days_indoor,5,0,0,0,0,0,0.34560689330101013
data/raw/osu_lora/Diff_Days_Indoor_Setup/Day5/Device15/IQ_1.dat,54,4233546,13,13,1,test,diff_days_indoor,5,0,0,0,0,0,0.31434690952301025
data/raw/osu_lora/Diff_Days_Indoor_Setup/Day5/Device15/IQ_1.dat,55,4311945,13,18,0,test,diff_days_indoor,5,0,0,0,0,0,0.31543877720832825
data/raw/osu_lora/Diff_Days_Indoor_Setup/Day5/Device15/IQ_1.dat,56,4390344,13,13,1,test,diff_days_indoor,5,0,0,0,0,0,0.4276334345340729
data/raw/osu_lora/Diff_Days_Indoor_Setup/Day5/Device15/IQ_1.dat,57,4468743,13,16,0,test,diff_days_indoor,5,0,0,0,0,0,0.3281562328338623
data/raw/osu_lora/Diff_Days_Indoor_Setup/Day5/Device15/IQ_1.dat,58,4547142,13,13,1,test,diff_days_indoor,5,0,0,0,0,0,0.3694159686565399
data/raw/osu_lora/Diff_Days_Indoor_Setup/Day5/Device15/IQ_1.dat,59,4625541,13,13,1,test,diff_days_indoor,5,0,0,0,0,0,0.3627600371837616
data/raw/osu_lora/Diff_Days_Indoor_Setup/Day5/Device15/IQ_1.dat,60,4703940,13,12,0,test,diff_days_indoor,5,0,0,0,0,0,0.34543269872665405
data/raw/osu_lora/Diff_Days_Indoor_Setup/Day5/Device15/IQ_1.dat,61,4782339,13,13,1,test,diff_days_indoor,5,0,0,0,0,0,0.383413165807724
data/raw/osu_lora/Diff_Days_Indoor_Setup/Day5/Device15/IQ_1.dat,62,4860738,13,13,1,test,diff_days_indoor,5,0,0,0,0,0,0.3838956654071808
data/raw/osu_lora/Diff_Days_Indoor_Setup/Day5/Device15/IQ_1.dat,63,4939137,13,16,0,test,diff_days_indoor,5,0,0,0,0,0,0.34212926030158997
data/raw/osu_lora/Diff_Days_Indoor_Setup/Day5/Device15/IQ_1.dat,64,5017536,13,13,1,test,diff_days_indoor,5,0,0,0,0,0,0.33155930042266846
data/raw/osu_lora/Diff_Days_Indoor_Setup/Day5/Device15/IQ_1.dat,65,5095935,13,13,1,test,diff_days_indoor,5,0,0,0,0,0,0.36656707525253296
data/raw/osu_lora/Diff_Days_Indoor_Setup/Day5/Device15/IQ_1.dat,66,5174334,13,13,1,test,diff_days_indoor,5,0,0,0,0,0,0.3999481201171875
data/raw/osu_lora/Diff_Days_Indoor_Setup/Day5/Device15/IQ_1.dat,67,5252733,13,13,1,test,diff_days_indoor,5,0,0,0,0,0,0.35811182856559753
data/raw/osu_lora/Diff_Days_Indoor_Setup/Day5/Device15/IQ_1.dat,68,5331132,13,12,0,test,diff_days_indoor,5,0,0,0,0,0,0.34562239050865173
data/raw/osu_lora/Diff_Days_Indoor_Setup/Day5/Device15/IQ_1.dat,69,5409531,13,13,1,test,diff_days_indoor,5,0,0,0,0,0,0.4841541051864624
data/raw/osu_lora/Diff_Days_Indoor_Setup/Day5/Device15/IQ_1.dat,70,5487930,13,9,0,test,diff_days_indoor,5,0,0,0,0,0,0.35243937373161316
data/raw/osu_lora/Diff_Days_Indoor_Setup/Day5/Device15/IQ_1.dat,71,5566329,13,16,0,test,diff_days_indoor,5,0,0,0,0,0,0.3422795534133911
data/raw/osu_lora/Diff_Days_Indoor_Setup/Day5/Device15/IQ_1.dat,72,5644728,13,12,0,test,diff_days_indoor,5,0,0,0,0,0,0.33870649337768555
data/raw/osu_lora/Diff_Days_Indoor_Setup/Day5/Device15/IQ_1.dat,73,5723127,13,13,1,test,diff_days_indoor,5,0,0,0,0,0,0.3809988796710968
data/raw/osu_lora/Diff_Days_Indoor_Setup/Day5/Device15/IQ_1.dat,74,5801526,13,13,1,test,diff_days_indoor,5,0,0,0,0,0,0.3682428300380707
data/raw/osu_lora/Diff_Days_Indoor_Setup/Day5/Device15/IQ_1.dat,75,5879925,13,13,1,test,diff_days_indoor,5,0,0,0,0,0,0.39252763986587524
data/raw/osu_lora/Diff_Days_Indoor_Setup/Day5/Device15/IQ_1.dat,76,5958324,13,12,0,test,diff_days_indoor,5,0,0,0,0,0,0.34099945425987244
data/raw/osu_lora/Diff_Days_Indoor_Setup/Day5/Device15/IQ_1.dat,77,6036723,13,13,1,test,diff_days_indoor,5,0,0,0,0,0,0.3358534574508667
data/raw/osu_lora/Diff_Days_Indoor_Setup/Day5/Device15/IQ_1.dat,78,6115122,13,13,1,test,diff_days_indoor,5,0,0,0,0,0,0.3850202262401581
data/raw/osu_lora/Diff_Days_Indoor_Setup/Day5/Device15/IQ_1.dat,79,6193521,13,13,1,test,diff_days_indoor,5,0,0,0,0,0,0.39066749811172485
data/raw/osu_lora/Diff_Days_Indoor_Setup/Day5/Device15/IQ_1.dat,80,6271920,13,13,1,test,diff_days_indoor,5,0,0,0,0,0,0.35863232612609863
data/raw/osu_lora/Diff_Days_Indoor_Setup/Day5/Device15/IQ_1.dat,81,6350319,13,13,1,test,diff_days_indoor,5,0,0,0,0,0,0.2266908586025238
data/raw/osu_lora/Diff_Days_Indoor_Setup/Day5/Device15/IQ_1.dat,82,6428718,13,16,0,test,diff_days_indoor,5,0,0,0,0,0,0.34018486738204956
data/raw/osu_lora/Diff_Days_Indoor_Setup/Day5/Device15/IQ_1.dat,83,6507117,13,13,1,test,diff_days_indoor,5,0,0,0,0,0,0.3326728940010071
data/raw/osu_lora/Diff_Days_Indoor_Setup/Day5/Device15/IQ_1.dat,84,6585516,13,13,1,test,diff_days_indoor,5,0,0,0,0,0,0.3673630654811859
data/raw/osu_lora/Diff_Days_Indoor_Setup/Day5/Device15/IQ_1.dat,85,6663915,13,13,1,test,diff_days_indoor,5,0,0,0,0,0,0.4315032660961151
data/raw/osu_lora/Diff_Days_Indoor_Setup/Day5/Device15/IQ_1.dat,86,6742314,13,17,0,test,diff_days_indoor,5,0,0,0,0,0,0.17128193378448486
data/raw/osu_lora/Diff_Days_Indoor_Setup/Day5/Device15/IQ_1.dat,87,6820713,13,9,0,test,diff_days_indoor,5,0,0,0,0,0,0.2703752815723419
data/raw/osu_lora/Diff_Days_Indoor_Setup/Day5/Device15/IQ_1.dat,88,6899112,13,13,1,test,diff_days_indoor,5,0,0,0,0,0,0.2056317776441574
data/raw/osu_lora/Diff_Days_Indoor_Setup/Day5/Device15/IQ_1.dat,89,6977511,13,16,0,test,diff_days_indoor,5,0,0,0,0,0,0.4025733172893524
data/raw/osu_lora/Diff_Days_Indoor_Setup/Day5/Device15/IQ_1.dat,90,7055910,13,13,1,test,diff_days_indoor,5,0,0,0,0,0,0.38629868626594543
data/raw/osu_lora/Diff_Days_Indoor_Setup/Day5/Device15/IQ_1.dat,91,7134309,13,16,0,test,diff_days_indoor,5,0,0,0,0,0,0.3527633547782898
data/raw/osu_lora/Diff_Days_Indoor_Setup/Day5/Device15/IQ_1.dat,92,7212708,13,13,1,test,diff_days_indoor,5,0,0,0,0,0,0.40577706694602966
data/raw/osu_lora/Diff_Days_Indoor_Setup/Day5/Device15/IQ_1.dat,93,7291107,13,13,1,test,diff_days_indoor,5,0,0,0,0,0,0.34094947576522827
data/raw/osu_lora/Diff_Days_Indoor_Setup/Day5/Device15/IQ_1.dat,94,7369506,13,13,1,test,diff_days_indoor,5,0,0,0,0,0,0.3916016221046448
data/raw/osu_lora/Diff_Days_Indoor_Setup/Day5/Device15/IQ_1.dat,95,7447905,13,21,0,test,diff_days_indoor,5,0,0,0,0,0,0.13747963309288025
data/raw/osu_lora/Diff_Days_Indoor_Setup/Day5/Device15/IQ_1.dat,96,7526304,13,13,1,test,diff_days_indoor,5,0,0,0,0,0,0.395275741815567
data/raw/osu_lora/Diff_Days_Indoor_Setup/Day5/Device15/IQ_1.dat,97,7604703,13,13,1,test,diff_days_indoor,5,0,0,0,0,0,0.4144514799118042
data/raw/osu_lora/Diff_Days_Indoor_Setup/Day5/Device15/IQ_1.dat,98,7683102,13,16,0,test,diff_days_indoor,5,0,0,0,0,0,0.34051522612571716
data/raw/osu_lora/Diff_Days_Indoor_Setup/Day5/Device15/IQ_1.dat,99,7761501,13,13,1,test,diff_days_indoor,5,0,0,0,0,0,0.39343419671058655
data/raw/osu_lora/Diff_Days_Indoor_Setup/Day5/Device15/IQ_1.dat,100,7839900,13,16,0,test,diff_days_indoor,5,0,0,0,0,0,0.2728619873523712
data/raw/osu_lora/Diff_Days_Indoor_Setup/Day5/Device15/IQ_1.dat,101,7918299,13,13,1,test,diff_days_indoor,5,0,0,0,0,0,0.46942323446273804
data/raw/osu_lora/Diff_Days_Indoor_Setup/Day5/Device15/IQ_1.dat,102,7996698,13,12,0,test,diff_days_indoor,5,0,0,0,0,0,0.3312649428844452
data/raw/osu_lora/Diff_Days_Indoor_Setup/Day5/Device15/IQ_1.dat,103,8075097,13,12,0,test,diff_days_indoor,5,0,0,0,0,0,0.34442609548568726
data/raw/osu_lora/Diff_Days_Indoor_Setup/Day5/Device15/IQ_1.dat,104,8153496,13,16,0,test,diff_days_indoor,5,0,0,0,0,0,0.33461594581604004
data/raw/osu_lora/Diff_Days_Indoor_Setup/Day5/Device15/IQ_1.dat,105,8231895,13,12,0,test,diff_days_indoor,5,0,0,0,0,0,0.3580387234687805
data/raw/osu_lora/Diff_Days_Indoor_Setup/Day5/Device15/IQ_1.dat,106,8310294,13,13,1,test,diff_days_indoor,5,0,0,0,0,0,0.34174099564552307
data/raw/osu_lora/Diff_Days_Indoor_Setup/Day5/Device15/IQ_1.dat,107,8388693,13,16,0,test,diff_days_indoor,5,0,0,0,0,0,0.31544339656829834
data/raw/osu_lora/Diff_Days_Indoor_Setup/Day5/Device15/IQ_1.dat,108,8467092,13,16,0,test,diff_days_indoor,5,0,0,0,0,0,0.3360380530357361
data/raw/osu_lora/Diff_Days_Indoor_Setup/Day5/Device15/IQ_1.dat,109,8545491,13,13,1,test,diff_days_indoor,5,0,0,0,0,0,0.3664790689945221
data/raw/osu_lora/Diff_Days_Indoor_Setup/Day5/Device15/IQ_1.dat,110,8623890,13,13,1,test,diff_days_indoor,5,0,0,0,0,0,0.36606302857398987
data/raw/osu_lora/Diff_Days_Indoor_Setup/Day5/Device15/IQ_1.dat,111,8702289,13,16,0,test,diff_days_indoor,5,0,0,0,0,0,0.37358373403549194
data/raw/osu_lora/Diff_Days_Indoor_Setup/Day5/Device15/IQ_1.dat,112,8780688,13,16,0,test,diff_days_indoor,5,0,0,0,0,0,0.3930605947971344
data/raw/osu_lora/Diff_Days_Indoor_Setup/Day5/Device15/IQ_1.dat,113,8859087,13,13,1,test,diff_days_indoor,5,0,0,0,0,0,0.3875688314437866
data/raw/osu_lora/Diff_Days_Indoor_Setup/Day5/Device15/IQ_1.dat,114,8937486,13,16,0,test,diff_days_indoor,5,0,0,0,0,0,0.3481875956058502
data/raw/osu_lora/Diff_Days_Indoor_Setup/Day5/Device15/IQ_1.dat,115,9015885,13,12,0,test,diff_days_indoor,5,0,0,0,0,0,0.35178613662719727
data/raw/osu_lora/Diff_Days_Indoor_Setup/Day5/Device15/IQ_1.dat,116,9094284,13,13,1,test,diff_days_indoor,5,0,0,0,0,0,0.5393564105033875
data/raw/osu_lora/Diff_Days_Indoor_Setup/Day5/Device15/IQ_1.dat,117,9172683,13,13,1,test,diff_days_indoor,5,0,0,0,0,0,0.40512415766716003
data/raw/osu_lora/Diff_Days_Indoor_Setup/Day5/Device15/IQ_1.dat,118,9251082,13,9,0,test,diff_days_indoor,5,0,0,0,0,0,0.3268991708755493
data/raw/osu_lora/Diff_Days_Indoor_Setup/Day5/Device15/IQ_1.dat,119,9329481,13,13,1,test,diff_days_indoor,5,0,0,0,0,0,0.4598400890827179
data/raw/osu_lora/Diff_Days_Indoor_Setup/Day5/Device15/IQ_1.dat,120,9407880,13,13,1,test,diff_days_indoor,5,0,0,0,0,0,0.3915219306945801
data/raw/osu_lora/Diff_Days_Indoor_Setup/Day5/Device15/IQ_1.dat,121,9486279,13,13,1,test,diff_days_indoor,5,0,0,0,0,0,0.4166233539581299
data/raw/osu_lora/Diff_Days_Indoor_Setup/Day5/Device15/IQ_1.dat,122,9564678,13,13,1,test,diff_days_indoor,5,0,0,0,0,0,0.42689064145088196
data/raw/osu_lora/Diff_Days_Indoor_Setup/Day5/Device15/IQ_1.dat,123,9643077,13,12,0,test,diff_days_indoor,5,0,0,0,0,0,0.32656222581863403
data/raw/osu_lora/Diff_Days_Indoor_Setup/Day5/Device15/IQ_1.dat,124,9721476,13,13,1,test,diff_days_indoor,5,0,0,0,0,0,0.40032005310058594
data/raw/osu_lora/Diff_Days_Indoor_Setup/Day5/Device15/IQ_1.dat,125,9799875,13,13,1,test,diff_days_indoor,5,0,0,0,0,0,0.31042781472206116
data/raw/osu_lora/Diff_Days_Indoor_Setup/Day5/Device15/IQ_1.dat,126,9878274,13,16,0,test,diff_days_indoor,5,0,0,0,0,0,0.3198102116584778
data/raw/osu_lora/Diff_Days_Indoor_Setup/Day5/Device15/IQ_1.dat,127,9956673,13,9,0,test,diff_days_indoor,5,0,0,0,0,0,0.4011765420436859
data/raw/osu_lora/Diff_Days_Indoor_Setup/Day5/Device15/IQ_1.dat,128,10035072,13,16,0,test,diff_days_indoor,5,0,0,0,0,0,0.334841251373291
data/raw/osu_lora/Diff_Days_Indoor_Setup/Day5/Device15/IQ_1.dat,129,10113471,13,16,0,test,diff_days_indoor,5,0,0,0,0,0,0.3598553538322449
data/raw/osu_lora/Diff_Days_Indoor_Setup/Day5/Device15/IQ_1.dat,130,10191870,13,12,0,test,diff_days_indoor,5,0,0,0,0,0,0.324372798204422
data/raw/osu_lora/Diff_Days_Indoor_Setup/Day5/Device15/IQ_1.dat,131,10270269,13,16,0,test,diff_days_indoor,5,0,0,0,0,0,0.40024855732917786
data/raw/osu_lora/Diff_Days_Indoor_Setup/Day5/Device15/IQ_1.dat,132,10348668,13,16,0,test,diff_days_indoor,5,0,0,0,0,0,0.30731770396232605
data/raw/osu_lora/Diff_Days_Indoor_Setup/Day5/Device15/IQ_1.dat,133,10427067,13,16,0,test,diff_days_indoor,5,0,0,0,0,0,0.3460327982902527
data/raw/osu_lora/Diff_Days_Indoor_Setup/Day5/Device15/IQ_1.dat,134,10505466,13,16,0,test,diff_days_indoor,5,0,0,0,0,0,0.33736586570739746
data/raw/osu_lora/Diff_Days_Indoor_Setup/Day5/Device15/IQ_1.dat,135,10583865,13,12,0,test,diff_days_indoor,5,0,0,0,0,0,0.3395797908306122
data/raw/osu_lora/Diff_Days_Indoor_Setup/Day5/Device15/IQ_1.dat,136,10662264,13,21,0,test,diff_days_indoor,5,0,0,0,0,0,0.38286808133125305
data/raw/osu_lora/Diff_Days_Indoor_Setup/Day5/Device15/IQ_1.dat,137,10740663,13,13,1,test,diff_days_indoor,5,0,0,0,0,0,0.39808258414268494
data/raw/osu_lora/Diff_Days_Indoor_Setup/Day5/Device15/IQ_1.dat,138,10819062,13,16,0,test,diff_days_indoor,5,0,0,0,0,0,0.34855884313583374
data/raw/osu_lora/Diff_Days_Indoor_Setup/Day5/Device15/IQ_1.dat,139,10897461,13,13,1,test,diff_days_indoor,5,0,0,0,0,0,0.42750856280326843
data/raw/osu_lora/Diff_Days_Indoor_Setup/Day5/Device15/IQ_1.dat,140,10975860,13,16,0,test,diff_days_indoor,5,0,0,0,0,0,0.3786526322364807
data/raw/osu_lora/Diff_Days_Indoor_Setup/Day5/Device15/IQ_1.dat,141,11054259,13,16,0,test,diff_days_indoor,5,0,0,0,0,0,0.3463568687438965
data/raw/osu_lora/Diff_Days_Indoor_Setup/Day5/Device15/IQ_1.dat,142,11132658,13,13,1,test,diff_days_indoor,5,0,0,0,0,0,0.2975705862045288
data/raw/osu_lora/Diff_Days_Indoor_Setup/Day5/Device15/IQ_1.dat,143,11211057,13,13,1,test,diff_days_indoor,5,0,0,0,0,0,0.41082045435905457
data/raw/osu_lora/Diff_Days_Indoor_Setup/Day5/Device15/IQ_1.dat,144,11289456,13,13,1,test,diff_days_indoor,5,0,0,0,0,0,0.3918004035949707
data/raw/osu_lora/Diff_Days_Indoor_Setup/Day5/Device15/IQ_1.dat,145,11367855,13,13,1,test,diff_days_indoor,5,0,0,0,0,0,0.3488069772720337
data/raw/osu_lora/Diff_Days_Indoor_Setup/Day5/Device15/IQ_1.dat,146,11446254,13,16,0,test,diff_days_indoor,5,0,0,0,0,0,0.3311823904514313
data/raw/osu_lora/Diff_Days_Indoor_Setup/Day5/Device15/IQ_1.dat,147,11524653,13,9,0,test,diff_days_indoor,5,0,0,0,0,0,0.3158222436904907
data/raw/osu_lora/Diff_Days_Indoor_Setup/Day5/Device15/IQ_1.dat,148,11603052,13,13,1,test,diff_days_indoor,5,0,0,0,0,0,0.41793203353881836
data/raw/osu_lora/Diff_Days_Indoor_Setup/Day5/Device15/IQ_1.dat,149,11681451,13,7,0,test,diff_days_indoor,5,0,0,0,0,0,0.40749362111091614
data/raw/osu_lora/Diff_Days_Indoor_Setup/Day5/Device15/IQ_1.dat,150,11759850,13,13,1,test,diff_days_indoor,5,0,0,0,0,0,0.3858324885368347
data/raw/osu_lora/Diff_Days_Indoor_Setup/Day5/Device15/IQ_1.dat,151,11838249,13,13,1,test,diff_days_indoor,5,0,0,0,0,0,0.3451116383075714
data/raw/osu_lora/Diff_Days_Indoor_Setup/Day5/Device15/IQ_1.dat,152,11916648,13,13,1,test,diff_days_indoor,5,0,0,0,0,0,0.44453299045562744
data/raw/osu_lora/Diff_Days_Indoor_Setup/Day5/Device15/IQ_1.dat,153,11995047,13,16,0,test,diff_days_indoor,5,0,0,0,0,0,0.30974575877189636
data/raw/osu_lora/Diff_Days_Indoor_Setup/Day5/Device15/IQ_1.dat,154,12073446,13,13,1,test,diff_days_indoor,5,0,0,0,0,0,0.3523058593273163
data/raw/osu_lora/Diff_Days_Indoor_Setup/Day5/Device15/IQ_1.dat,155,12151845,13,16,0,test,diff_days_indoor,5,0,0,0,0,0,0.3797591030597687
data/raw/osu_lora/Diff_Days_Indoor_Setup/Day5/Device15/IQ_1.dat,156,12230244,13,12,0,test,diff_days_indoor,5,0,0,0,0,0,0.3499869704246521
data/raw/osu_lora/Diff_Days_Indoor_Setup/Day5/Device15/IQ_1.dat,157,12308643,13,12,0,test,diff_days_indoor,5,0,0,0,0,0,0.3219496011734009
data/raw/osu_lora/Diff_Days_Indoor_Setup/Day5/Device15/IQ_1.dat,158,12387042,13,13,1,test,diff_days_indoor,5,0,0,0,0,0,0.4488256871700287
data/raw/osu_lora/Diff_Days_Indoor_Setup/Day5/Device15/IQ_1.dat,159,12465441,13,13,1,test,diff_days_indoor,5,0,0,0,0,0,0.2540125250816345
data/raw/osu_lora/Diff_Days_Indoor_Setup/Day5/Device15/IQ_1.dat,160,12543840,13,12,0,test,diff_days_indoor,5,0,0,0,0,0,0.33483216166496277
data/raw/osu_lora/Diff_Days_Indoor_Setup/Day5/Device15/IQ_1.dat,161,12622239,13,13,1,test,diff_days_indoor,5,0,0,0,0,0,0.4418519139289856
data/raw/osu_lora/Diff_Days_Indoor_Setup/Day5/Device15/IQ_1.dat,162,12700638,13,12,0,test,diff_days_indoor,5,0,0,0,0,0,0.3534667193889618
data/raw/osu_lora/Diff_Days_Indoor_Setup/Day5/Device15/IQ_1.dat,163,12779037,13,13,1,test,diff_days_indoor,5,0,0,0,0,0,0.42303332686424255
data/raw/osu_lora/Diff_Days_Indoor_Setup/Day5/Device15/IQ_1.dat,164,12857436,13,16,0,test,diff_days_indoor,5,0,0,0,0,0,0.38295260071754456
data/raw/osu_lora/Diff_Days_Indoor_Setup/Day5/Device15/IQ_1.dat,165,12935835,13,7,0,test,diff_days_indoor,5,0,0,0,0,0,0.31629928946495056
data/raw/osu_lora/Diff_Days_Indoor_Setup/Day5/Device15/IQ_1.dat,166,13014234,13,13,1,test,diff_days_indoor,5,0,0,0,0,0,0.33040177822113037
data/raw/osu_lora/Diff_Days_Indoor_Setup/Day5/Device15/IQ_1.dat,167,13092633,13,13,1,test,diff_days_indoor,5,0,0,0,0,0,0.2556197941303253
data/raw/osu_lora/Diff_Days_Indoor_Setup/Day5/Device15/IQ_1.dat,168,13171032,13,16,0,test,diff_days_indoor,5,0,0,0,0,0,0.22696514427661896
data/raw/osu_lora/Diff_Days_Indoor_Setup/Day5/Device15/IQ_1.dat,169,13249431,13,13,1,test,diff_days_indoor,5,0,0,0,0,0,0.4015877842903137
data/raw/osu_lora/Diff_Days_Indoor_Setup/Day5/Device15/IQ_1.dat,170,13327830,13,13,1,test,diff_days_indoor,5,0,0,0,0,0,0.27788370847702026
data/raw/osu_lora/Diff_Days_Indoor_Setup/Day5/Device15/IQ_1.dat,171,13406229,13,16,0,test,diff_days_indoor,5,0,0,0,0,0,0.4005291759967804
data/raw/osu_lora/Diff_Days_Indoor_Setup/Day5/Device15/IQ_1.dat,172,13484628,13,16,0,test,diff_days_indoor,5,0,0,0,0,0,0.3314771354198456
data/raw/osu_lora/Diff_Days_Indoor_Setup/Day5/Device15/IQ_1.dat,173,13563027,13,13,1,test,diff_days_indoor,5,0,0,0,0,0,0.44760817289352417
data/raw/osu_lora/Diff_Days_Indoor_Setup/Day5/Device15/IQ_1.dat,174,13641426,13,13,1,test,diff_days_indoor,5,0,0,0,0,0,0.36288535594940186
data/raw/osu_lora/Diff_Days_Indoor_Setup/Day5/Device15/IQ_1.dat,175,13719825,13,7,0,test,diff_days_indoor,5,0,0,0,0,0,0.32034727931022644
data/raw/osu_lora/Diff_Days_Indoor_Setup/Day5/Device15/IQ_1.dat,176,13798224,13,13,1,test,diff_days_indoor,5,0,0,0,0,0,0.3485347032546997
data/raw/osu_lora/Diff_Days_Indoor_Setup/Day5/Device15/IQ_1.dat,177,13876623,13,16,0,test,diff_days_indoor,5,0,0,0,0,0,0.35926052927970886
data/raw/osu_lora/Diff_Days_Indoor_Setup/Day5/Device15/IQ_1.dat,178,13955022,13,13,1,test,diff_days_indoor,5,0,0,0,0,0,0.32847654819488525
data/raw/osu_lora/Diff_Days_Indoor_Setup/Day5/Device15/IQ_1.dat,179,14033421,13,13,1,test,diff_days_indoor,5,0,0,0,0,0,0.35175734758377075
data/raw/osu_lora/Diff_Days_Indoor_Setup/Day5/Device15/IQ_1.dat,180,14111820,13,7,0,test,diff_days_indoor,5,0,0,0,0,0,0.5318671464920044
data/raw/osu_lora/Diff_Days_Indoor_Setup/Day5/Device15/IQ_1.dat,181,14190219,13,16,0,test,diff_days_indoor,5,0,0,0,0,0,0.36018338799476624
data/raw/osu_lora/Diff_Days_Indoor_Setup/Day5/Device15/IQ_1.dat,182,14268618,13,16,0,test,diff_days_indoor,5,0,0,0,0,0,0.3418434262275696
data/raw/osu_lora/Diff_Days_Indoor_Setup/Day5/Device15/IQ_1.dat,183,14347017,13,9,0,test,diff_days_indoor,5,0,0,0,0,0,0.21331454813480377
data/raw/osu_lora/Diff_Days_Indoor_Setup/Day5/Device15/IQ_1.dat,184,14425416,13,13,1,test,diff_days_indoor,5,0,0,0,0,0,0.3688325583934784
data/raw/osu_lora/Diff_Days_Indoor_Setup/Day5/Device15/IQ_1.dat,185,14503815,13,16,0,test,diff_days_indoor,5,0,0,0,0,0,0.31435489654541016
data/raw/osu_lora/Diff_Days_Indoor_Setup/Day5/Device15/IQ_1.dat,186,14582214,13,12,0,test,diff_days_indoor,5,0,0,0,0,0,0.3285459280014038
data/raw/osu_lora/Diff_Days_Indoor_Setup/Day5/Device15/IQ_1.dat,187,14660613,13,13,1,test,diff_days_indoor,5,0,0,0,0,0,0.4478908181190491
data/raw/osu_lora/Diff_Days_Indoor_Setup/Day5/Device15/IQ_1.dat,188,14739012,13,12,0,test,diff_days_indoor,5,0,0,0,0,0,0.3539807200431824
data/raw/osu_lora/Diff_Days_Indoor_Setup/Day5/Device15/IQ_1.dat,189,14817411,13,13,1,test,diff_days_indoor,5,0,0,0,0,0,0.507564902305603
data/raw/osu_lora/Diff_Days_Indoor_Setup/Day5/Device15/IQ_1.dat,190,14895810,13,13,1,test,diff_days_indoor,5,0,0,0,0,0,0.36888551712036133
data/raw/osu_lora/Diff_Days_Indoor_Setup/Day5/Device15/IQ_1.dat,191,14974209,13,13,1,test,diff_days_indoor,5,0,0,0,0,0,0.39007100462913513
data/raw/osu_lora/Diff_Days_Indoor_Setup/Day5/Device15/IQ_1.dat,192,15052608,13,16,0,test,diff_days_indoor,5,0,0,0,0,0,0.3052756190299988
data/raw/osu_lora/Diff_Days_Indoor_Setup/Day5/Device15/IQ_1.dat,193,15131007,13,16,0,test,diff_days_indoor,5,0,0,0,0,0,0.351188987493515
data/raw/osu_lora/Diff_Days_Indoor_Setup/Day5/Device15/IQ_1.dat,194,15209406,13,13,1,test,diff_days_indoor,5,0,0,0,0,0,0.34506145119667053
data/raw/osu_lora/Diff_Days_Indoor_Setup/Day5/Device15/IQ_1.dat,195,15287805,13,13,1,test,diff_days_indoor,5,0,0,0,0,0,0.3691197335720062
data/raw/osu_lora/Diff_Days_Indoor_Setup/Day5/Device15/IQ_1.dat,196,15366204,13,16,0,test,diff_days_indoor,5,0,0,0,0,0,0.346596360206604
data/raw/osu_lora/Diff_Days_Indoor_Setup/Day5/Device15/IQ_1.dat,197,15444603,13,12,0,test,diff_days_indoor,5,0,0,0,0,0,0.3417724668979645
data/raw/osu_lora/Diff_Days_Indoor_Setup/Day5/Device15/IQ_1.dat,198,15523002,13,13,1,test,diff_days_indoor,5,0,0,0,0,0,0.38551709055900574
data/raw/osu_lora/Diff_Days_Indoor_Setup/Day5/Device15/IQ_1.dat,199,15601401,13,16,0,test,diff_days_indoor,5,0,0,0,0,0,0.4395744204521179
data/raw/osu_lora/Diff_Days_Indoor_Setup/Day5/Device15/IQ_1.dat,200,15679800,13,16,0,test,diff_days_indoor,5,0,0,0,0,0,0.34082654118537903
data/raw/osu_lora/Diff_Days_Indoor_Setup/Day5/Device15/IQ_1.dat,201,15758199,13,9,0,test,diff_days_indoor,5,0,0,0,0,0,0.28524816036224365
data/raw/osu_lora/Diff_Days_Indoor_Setup/Day5/Device15/IQ_1.dat,202,15836598,13,13,1,test,diff_days_indoor,5,0,0,0,0,0,0.3490273952484131
data/raw/osu_lora/Diff_Days_Indoor_Setup/Day5/Device15/IQ_1.dat,203,15914997,13,13,1,test,diff_days_indoor,5,0,0,0,0,0,0.3426510691642761
data/raw/osu_lora/Diff_Days_Indoor_Setup/Day5/Device15/IQ_1.dat,204,15993396,13,13,1,test,diff_days_indoor,5,0,0,0,0,0,0.24719354510307312
data/raw/osu_lora/Diff_Days_Indoor_Setup/Day5/Device15/IQ_1.dat,205,16071795,13,16,0,test,diff_days_indoor,5,0,0,0,0,0,0.3314572870731354
data/raw/osu_lora/Diff_Days_Indoor_Setup/Day5/Device15/IQ_1.dat,206,16150194,13,16,0,test,diff_days_indoor,5,0,0,0,0,0,0.36240002512931824
data/raw/osu_lora/Diff_Days_Indoor_Setup/Day5/Device15/IQ_1.dat,207,16228593,13,13,1,test,diff_days_indoor,5,0,0,0,0,0,0.4328358471393585
data/raw/osu_lora/Diff_Days_Indoor_Setup/Day5/Device15/IQ_1.dat,208,16306992,13,13,1,test,diff_days_indoor,5,0,0,0,0,0,0.3964135944843292
data/raw/osu_lora/Diff_Days_Indoor_Setup/Day5/Device15/IQ_1.dat,209,16385391,13,16,0,test,diff_days_indoor,5,0,0,0,0,0,0.3788129389286041
data/raw/osu_lora/Diff_Days_Indoor_Setup/Day5/Device15/IQ_1.dat,210,16463790,13,9,0,test,diff_days_indoor,5,0,0,0,0,0,0.3589699864387512
data/raw/osu_lora/Diff_Days_Indoor_Setup/Day5/Device15/IQ_1.dat,211,16542189,13,13,1,test,diff_days_indoor,5,0,0,0,0,0,0.3448561429977417
data/raw/osu_lora/Diff_Days_Indoor_Setup/Day5/Device15/IQ_1.dat,212,16620588,13,13,1,test,diff_days_indoor,5,0,0,0,0,0,0.36563482880592346
data/raw/osu_lora/Diff_Days_Indoor_Setup/Day5/Device15/IQ_1.dat,213,16698987,13,13,1,test,diff_days_indoor,5,0,0,0,0,0,0.34469857811927795
data/raw/osu_lora/Diff_Days_Indoor_Setup/Day5/Device15/IQ_1.dat,214,16777386,13,16,0,test,diff_days_indoor,5,0,0,0,0,0,0.33900344371795654
data/raw/osu_lora/Diff_Days_Indoor_Setup/Day5/Device15/IQ_1.dat,215,16855785,13,14,0,test,diff_days_indoor,5,0,0,0,0,0,0.1259964257478714
data/raw/osu_lora/Diff_Days_Indoor_Setup/Day5/Device15/IQ_1.dat,216,16934184,13,13,1,test,diff_days_indoor,5,0,0,0,0,0,0.3617766499519348
data/raw/osu_lora/Diff_Days_Indoor_Setup/Day5/Device15/IQ_1.dat,217,17012583,13,7,0,test,diff_days_indoor,5,0,0,0,0,0,0.42412787675857544
data/raw/osu_lora/Diff_Days_Indoor_Setup/Day5/Device15/IQ_1.dat,218,17090982,13,16,0,test,diff_days_indoor,5,0,0,0,0,0,0.36290332674980164
data/raw/osu_lora/Diff_Days_Indoor_Setup/Day5/Device15/IQ_1.dat,219,17169381,13,16,0,test,diff_days_indoor,5,0,0,0,0,0,0.3110920786857605
data/raw/osu_lora/Diff_Days_Indoor_Setup/Day5/Device15/IQ_1.dat,220,17247780,13,16,0,test,diff_days_indoor,5,0,0,0,0,0,0.3776061534881592
data/raw/osu_lora/Diff_Days_Indoor_Setup/Day5/Device15/IQ_1.dat,221,17326179,13,13,1,test,diff_days_indoor,5,0,0,0,0,0,0.4199399948120117
data/raw/osu_lora/Diff_Days_Indoor_Setup/Day5/Device15/IQ_1.dat,222,17404578,13,13,1,test,diff_days_indoor,5,0,0,0,0,0,0.36630165576934814
data/raw/osu_lora/Diff_Days_Indoor_Setup/Day5/Device15/IQ_1.dat,223,17482977,13,13,1,test,diff_days_indoor,5,0,0,0,0,0,0.2452644407749176
data/raw/osu_lora/Diff_Days_Indoor_Setup/Day5/Device15/IQ_1.dat,224,17561376,13,12,0,test,diff_days_indoor,5,0,0,0,0,0,0.334377646446228
data/raw/osu_lora/Diff_Days_Indoor_Setup/Day5/Device15/IQ_1.dat,225,17639775,13,12,0,test,diff_days_indoor,5,0,0,0,0,0,0.3426309823989868
data/raw/osu_lora/Diff_Days_Indoor_Setup/Day5/Device15/IQ_1.dat,226,17718174,13,7,0,test,diff_days_indoor,5,0,0,0,0,0,0.4376367926597595
data/raw/osu_lora/Diff_Days_Indoor_Setup/Day5/Device15/IQ_1.dat,227,17796573,13,13,1,test,diff_days_indoor,5,0,0,0,0,0,0.35914018750190735
data/raw/osu_lora/Diff_Days_Indoor_Setup/Day5/Device15/IQ_1.dat,228,17874972,13,16,0,test,diff_days_indoor,5,0,0,0,0,0,0.34990206360816956
data/raw/osu_lora/Diff_Days_Indoor_Setup/Day5/Device15/IQ_1.dat,229,17953371,13,13,1,test,diff_days_indoor,5,0,0,0,0,0,0.427802711725235
data/raw/osu_lora/Diff_Days_Indoor_Setup/Day5/Device15/IQ_1.dat,230,18031770,13,17,0,test,diff_days_indoor,5,0,0,0,0,0,0.45342856645584106
data/raw/osu_lora/Diff_Days_Indoor_Setup/Day5/Device15/IQ_1.dat,231,18110169,13,16,0,test,diff_days_indoor,5,0,0,0,0,0,0.33602645993232727
data/raw/osu_lora/Diff_Days_Indoor_Setup/Day5/Device15/IQ_1.dat,232,18188568,13,13,1,test,diff_days_indoor,5,0,0,0,0,0,0.24863700568675995
data/raw/osu_lora/Diff_Days_Indoor_Setup/Day5/Device15/IQ_1.dat,233,18266967,13,13,1,test,diff_days_indoor,5,0,0,0,0,0,0.36562520265579224
data/raw/osu_lora/Diff_Days_Indoor_Setup/Day5/Device15/IQ_1.dat,234,18345366,13,16,0,test,diff_days_indoor,5,0,0,0,0,0,0.42850980162620544
data/raw/osu_lora/Diff_Days_Indoor_Setup/Day5/Device15/IQ_1.dat,235,18423765,13,16,0,test,diff_days_indoor,5,0,0,0,0,0,0.3882947564125061
data/raw/osu_lora/Diff_Days_Indoor_Setup/Day5/Device15/IQ_1.dat,236,18502164,13,13,1,test,diff_days_indoor,5,0,0,0,0,0,0.35471227765083313
data/raw/osu_lora/Diff_Days_Indoor_Setup/Day5/Device15/IQ_1.dat,237,18580563,13,13,1,test,diff_days_indoor,5,0,0,0,0,0,0.3822025656700134
data/raw/osu_lora/Diff_Days_Indoor_Setup/Day5/Device15/IQ_1.dat,238,18658962,13,16,0,test,diff_days_indoor,5,0,0,0,0,0,0.32030239701271057
data/raw/osu_lora/Diff_Days_Indoor_Setup/Day5/Device15/IQ_1.dat,239,18737361,13,16,0,test,diff_days_indoor,5,0,0,0,0,0,0.400260865688324
data/raw/osu_lora/Diff_Days_Indoor_Setup/Day5/Device15/IQ_1.dat,240,18815760,13,13,1,test,diff_days_indoor,5,0,0,0,0,0,0.3429569900035858
data/raw/osu_lora/Diff_Days_Indoor_Setup/Day5/Device15/IQ_1.dat,241,18894159,13,13,1,test,diff_days_indoor,5,0,0,0,0,0,0.39610055088996887
data/raw/osu_lora/Diff_Days_Indoor_Setup/Day5/Device15/IQ_1.dat,242,18972558,13,16,0,test,diff_days_indoor,5,0,0,0,0,0,0.3086870610713959
data/raw/osu_lora/Diff_Days_Indoor_Setup/Day5/Device15/IQ_1.dat,243,19050957,13,13,1,test,diff_days_indoor,5,0,0,0,0,0,0.4393206536769867
data/raw/osu_lora/Diff_Days_Indoor_Setup/Day5/Device15/IQ_1.dat,244,19129356,13,12,0,test,diff_days_indoor,5,0,0,0,0,0,0.31126272678375244
data/raw/osu_lora/Diff_Days_Indoor_Setup/Day5/Device15/IQ_1.dat,245,19207755,13,13,1,test,diff_days_indoor,5,0,0,0,0,0,0.30351462960243225
data/raw/osu_lora/Diff_Days_Indoor_Setup/Day5/Device15/IQ_1.dat,246,19286154,13,16,0,test,diff_days_indoor,5,0,0,0,0,0,0.33573034405708313
data/raw/osu_lora/Diff_Days_Indoor_Setup/Day5/Device15/IQ_1.dat,247,19364553,13,16,0,test,diff_days_indoor,5,0,0,0,0,0,0.34402501583099365
data/raw/osu_lora/Diff_Days_Indoor_Setup/Day5/Device15/IQ_1.dat,248,19442952,13,13,1,test,diff_days_indoor,5,0,0,0,0,0,0.4046550691127777
data/raw/osu_lora/Diff_Days_Indoor_Setup/Day5/Device15/IQ_1.dat,249,19521351,13,13,1,test,diff_days_indoor,5,0,0,0,0,0,0.3742671608924866
data/raw/osu_lora/Diff_Days_Indoor_Setup/Day5/Device15/IQ_1.dat,250,19599750,13,13,1,test,diff_days_indoor,5,0,0,0,0,0,0.357586532831192
data/raw/osu_lora/Diff_Days_Indoor_Setup/Day5/Device15/IQ_1.dat,251,19678149,13,16,0,test,diff_days_indoor,5,0,0,0,0,0,0.3784167170524597
data/raw/osu_lora/Diff_Days_Indoor_Setup/Day5/Device15/IQ_1.dat,252,19756548,13,16,0,test,diff_days_indoor,5,0,0,0,0,0,0.33815130591392517
data/raw/osu_lora/Diff_Days_Indoor_Setup/Day5/Device15/IQ_1.dat,253,19834947,13,12,0,test,diff_days_indoor,5,0,0,0,0,0,0.36229804158210754
data/raw/osu_lora/Diff_Days_Indoor_Setup/Day5/Device15/IQ_1.dat,254,19913346,13,13,1,test,diff_days_indoor,5,0,0,0,0,0,0.40041738748550415
data/raw/osu_lora/Diff_Days_Indoor_Setup/Day5/Device15/IQ_1.dat,255,19991745,13,12,0,test,diff_days_indoor,5,0,0,0,0,0,0.33346760272979736
data/raw/osu_lora/Diff_Days_Indoor_Setup/Day5/Device16/IQ_1.dat,0,0,14,9,0,test,diff_days_indoor,5,0,0,0,0,0,0.32478031516075134
data/raw/osu_lora/Diff_Days_Indoor_Setup/Day5/Device16/IQ_1.dat,1,78399,14,9,0,test,diff_days_indoor,5,0,0,0,0,0,0.3625662326812744
data/raw/osu_lora/Diff_Days_Indoor_Setup/Day5/Device16/IQ_1.dat,2,156798,14,9,0,test,diff_days_indoor,5,0,0,0,0,0,0.309582382440567
data/raw/osu_lora/Diff_Days_Indoor_Setup/Day5/Device16/IQ_1.dat,3,235197,14,9,0,test,diff_days_indoor,5,0,0,0,0,0,0.3993857204914093
data/raw/osu_lora/Diff_Days_Indoor_Setup/Day5/Device16/IQ_1.dat,4,313596,14,13,0,test,diff_days_indoor,5,0,0,0,0,0,0.2615373730659485
data/raw/osu_lora/Diff_Days_Indoor_Setup/Day5/Device16/IQ_1.dat,5,391995,14,9,0,test,diff_days_indoor,5,0,0,0,0,0,0.30798065662384033
data/raw/osu_lora/Diff_Days_Indoor_Setup/Day5/Device16/IQ_1.dat,6,470394,14,16,0,test,diff_days_indoor,5,0,0,0,0,0,0.2560993432998657
data/raw/osu_lora/Diff_Days_Indoor_Setup/Day5/Device16/IQ_1.dat,7,548793,14,13,0,test,diff_days_indoor,5,0,0,0,0,0,0.3293897807598114
data/raw/osu_lora/Diff_Days_Indoor_Setup/Day5/Device16/IQ_1.dat,8,627192,14,14,1,test,diff_days_indoor,5,0,0,0,0,0,0.29566821455955505
data/raw/osu_lora/Diff_Days_Indoor_Setup/Day5/Device16/IQ_1.dat,9,705591,14,9,0,test,diff_days_indoor,5,0,0,0,0,0,0.27478206157684326
data/raw/osu_lora/Diff_Days_Indoor_Setup/Day5/Device16/IQ_1.dat,10,783990,14,9,0,test,diff_days_indoor,5,0,0,0,0,0,0.31468307971954346
data/raw/osu_lora/Diff_Days_Indoor_Setup/Day5/Device16/IQ_1.dat,11,862389,14,9,0,test,diff_days_indoor,5,0,0,0,0,0,0.38604024052619934
data/raw/osu_lora/Diff_Days_Indoor_Setup/Day5/Device16/IQ_1.dat,12,940788,14,9,0,test,diff_days_indoor,5,0,0,0,0,0,0.34000512957572937
data/raw/osu_lora/Diff_Days_Indoor_Setup/Day5/Device16/IQ_1.dat,13,1019187,14,16,0,test,diff_days_indoor,5,0,0,0,0,0,0.3379487991333008
data/raw/osu_lora/Diff_Days_Indoor_Setup/Day5/Device16/IQ_1.dat,14,1097586,14,18,0,test,diff_days_indoor,5,0,0,0,0,0,0.35636231303215027
data/raw/osu_lora/Diff_Days_Indoor_Setup/Day5/Device16/IQ_1.dat,15,1175985,14,9,0,test,diff_days_indoor,5,0,0,0,0,0,0.3217257261276245
data/raw/osu_lora/Diff_Days_Indoor_Setup/Day5/Device16/IQ_1.dat,16,1254384,14,14,1,test,diff_days_indoor,5,0,0,0,0,0,0.25069037079811096
data/raw/osu_lora/Diff_Days_Indoor_Setup/Day5/Device16/IQ_1.dat,17,1332783,14,13,0,test,diff_days_indoor,5,0,0,0,0,0,0.3864749073982239
data/raw/osu_lora/Diff_Days_Indoor_Setup/Day5/Device16/IQ_1.dat,18,1411182,14,9,0,test,diff_days_indoor,5,0,0,0,0,0,0.3568238615989685
data/raw/osu_lora/Diff_Days_Indoor_Setup/Day5/Device16/IQ_1.dat,19,1489581,14,9,0,test,diff_days_indoor,5,0,0,0,0,0,0.3550853729248047
data/raw/osu_lora/Diff_Days_Indoor_Setup/Day5/Device16/IQ_1.dat,20,1567980,14,9,0,test,diff_days_indoor,5,0,0,0,0,0,0.36660662293434143
data/raw/osu_lora/Diff_Days_Indoor_Setup/Day5/Device16/IQ_1.dat,21,1646379,14,9,0,test,diff_days_indoor,5,0,0,0,0,0,0.3979310095310211
data/raw/osu_lora/Diff_Days_Indoor_Setup/Day5/Device16/IQ_1.dat,22,1724778,14,14,1,test,diff_days_indoor,5,0,0,0,0,0,0.2595735788345337
data/raw/osu_lora/Diff_Days_Indoor_Setup/Day5/Device16/IQ_1.dat,23,1803177,14,14,1,test,diff_days_indoor,5,0,0,0,0,0,0.26366835832595825
data/raw/osu_lora/Diff_Days_Indoor_Setup/Day5/Device16/IQ_1.dat,24,1881576,14,9,0,test,diff_days_indoor,5,0,0,0,0,0,0.38361403346061707
data/raw/osu_lora/Diff_Days_Indoor_Setup/Day5/Device16/IQ_1.dat,25,1959975,14,18,0,test,diff_days_indoor,5,0,0,0,0,0,0.39773064851760864
data/raw/osu_lora/Diff_Days_Indoor_Setup/Day5/Device16/IQ_1.dat,26,2038374,14,9,0,test,diff_days_indoor,5,0,0,0,0,0,0.409061998128891
data/raw/osu_lora/Diff_Days_Indoor_Setup/Day5/Device16/IQ_1.dat,27,2116773,14,13,0,test,diff_days_indoor,5,0,0,0,0,0,0.34143832325935364
data/raw/osu_lora/Diff_Days_Indoor_Setup/Day5/Device16/IQ_1.dat,28,2195172,14,9,0,test,diff_days_indoor,5,0,0,0,0,0,0.3451017737388611
data/raw/osu_lora/Diff_Days_Indoor_Setup/Day5/Device16/IQ_1.dat,29,2273571,14,9,0,test,diff_days_indoor,5,0,0,0,0,0,0.35379767417907715
data/raw/osu_lora/Diff_Days_Indoor_Setup/Day5/Device16/IQ_1.dat,30,2351970,14,9,0,test,diff_days_indoor,5,0,0,0,0,0,0.35596781969070435
data/raw/osu_lora/Diff_Days_Indoor_Setup/Day5/Device16/IQ_1.dat,31,2430369,14,9,0,test,diff_days_indoor,5,0,0,0,0,0,0.35422369837760925
data/raw/osu_lora/Diff_Days_Indoor_Setup/Day5/Device16/IQ_1.dat,32,2508768,14,21,0,test,diff_days_indoor,5,0,0,0,0,0,0.40166041254997253
data/raw/osu_lora/Diff_Days_Indoor_Setup/Day5/Device16/IQ_1.dat,33,2587167,14,9,0,test,diff_days_indoor,5,0,0,0,0,0,0.3602464497089386
data/raw/osu_lora/Diff_Days_Indoor_Setup/Day5/Device16/IQ_1.dat,34,2665566,14,13,0,test,diff_days_indoor,5,0,0,0,0,0,0.3609744906425476
data/raw/osu_lora/Diff_Days_Indoor_Setup/Day5/Device16/IQ_1.dat,35,2743965,14,9,0,test,diff_days_indoor,5,0,0,0,0,0,0.38933879137039185
data/raw/osu_lora/Diff_Days_Indoor_Setup/Day5/Device16/IQ_1.dat,36,2822364,14,9,0,test,diff_days_indoor,5,0,0,0,0,0,0.29755350947380066
data/raw/osu_lora/Diff_Days_Indoor_Setup/Day5/Device16/IQ_1.dat,37,2900763,14,9,0,test,diff_days_indoor,5,0,0,0,0,0,0.305566668510437
data/raw/osu_lora/Diff_Days_Indoor_Setup/Day5/Device16/IQ_1.dat,38,2979162,14,9,0,test,diff_days_indoor,5,0,0,0,0,0,0.3667706847190857
data/raw/osu_lora/Diff_Days_Indoor_Setup/Day5/Device16/IQ_1.dat,39,3057561,14,9,0,test,diff_days_indoor,5,0,0,0,0,0,0.42161479592323303
data/raw/osu_lora/Diff_Days_Indoor_Setup/Day5/Device16/IQ_1.dat,40,3135960,14,9,0,test,diff_days_indoor,5,0,0,0,0,0,0.2746307849884033
data/raw/osu_lora/Diff_Days_Indoor_Setup/Day5/Device16/IQ_1.dat,41,3214359,14,9,0,test,diff_days_indoor,5,0,0,0,0,0,0.36267733573913574
data/raw/osu_lora/Diff_Days_Indoor_Setup/Day5/Device16/IQ_1.dat,42,3292758,14,9,0,test,diff_days_indoor,5,0,0,0,0,0,0.3004377484321594
data/raw/osu_lora/Diff_Days_Indoor_Setup/Day5/Device16/IQ_1.dat,43,3371157,14,21,0,test,diff_days_indoor,5,0,0,0,0,0,0.4564150273799896
data/raw/osu_lora/Diff_Days_Indoor_Setup/Day5/Device16/IQ_1.dat,44,3449556,14,9,0,test,diff_days_indoor,5,0,0,0,0,0,0.3538748621940613
data/raw/osu_lora/Diff_Days_Indoor_Setup/Day5/Device16/IQ_1.dat,45,3527955,14,9,0,test,diff_days_indoor,5,0,0,0,0,0,0.38872841000556946
data/raw/osu_lora/Diff_Days_Indoor_Setup/Day5/Device16/IQ_1.dat,46,3606354,14,9,0,test,diff_days_indoor,5,0,0,0,0,0,0.2879040241241455
data/raw/osu_lora/Diff_Days_Indoor_Setup/Day5/Device16/IQ_1.dat,47,3684753,14,9,0,test,diff_days_indoor,5,0,0,0,0,0,0.2577211856842041
data/raw/osu_lora/Diff_Days_Indoor_Setup/Day5/Device16/IQ_1.dat,48,3763152,14,9,0,test,diff_days_indoor,5,0,0,0,0,0,0.3750916123390198
data/raw/osu_lora/Diff_Days_Indoor_Setup/Day5/Device16/IQ_1.dat,49,3841551,14,9,0,test,diff_days_indoor,5,0,0,0,0,0,0.35490936040878296
data/raw/osu_lora/Diff_Days_Indoor_Setup/Day5/Device16/IQ_1.dat,50,3919950,14,9,0,test,diff_days_indoor,5,0,0,0,0,0,0.3598719537258148
data/raw/osu_lora/Diff_Days_Indoor_Setup/Day5/Device16/IQ_1.dat,51,3998349,14,9,0,test,diff_days_indoor,5,0,0,0,0,0,0.3365515470504761
data/raw/osu_lora/Diff_Days_Indoor_Setup/Day5/Device16/IQ_1.dat,52,4076748,14,9,0,test,diff_days_indoor,5,0,0,0,0,0,0.35924869775772095
data/raw/osu_lora/Diff_Days_Indoor_Setup/Day5/Device16/IQ_1.dat,53,4155147,14,9,0,test,diff_days_indoor,5,0,0,0,0,0,0.3924124836921692
data/raw/osu_lora/Diff_Days_Indoor_Setup/Day5/Device16/IQ_1.dat,54,4233546,14,9,0,test,diff_days_indoor,5,0,0,0,0,0,0.3688456416130066
data/raw/osu_lora/Diff_Days_Indoor_Setup/Day5/Device16/IQ_1.dat,55,4311945,14,9,0,test,diff_days_indoor,5,0,0,0,0,0,0.3494550585746765
data/raw/osu_lora/Diff_Days_Indoor_Setup/Day5/Device16/IQ_1.dat,56,4390344,14,13,0,test,diff_days_indoor,5,0,0,0,0,0,0.27143222093582153
data/raw/osu_lora/Diff_Days_Indoor_Setup/Day5/Device16/IQ_1.dat,57,4468743,14,9,0,test,diff_days_indoor,5,0,0,0,0,0,0.37059321999549866
data/raw/osu_lora/Diff_Days_Indoor_Setup/Day5/Device16/IQ_1.dat,58,4547142,14,9,0,test,diff_days_indoor,5,0,0,0,0,0,0.3645023703575134
data/raw/osu_lora/Diff_Days_Indoor_Setup/Day5/Device16/IQ_1.dat,59,4625541,14,16,0,test,diff_days_indoor,5,0,0,0,0,0,0.3673315644264221
data/raw/osu_lora/Diff_Days_Indoor_Setup/Day5/Device16/IQ_1.dat,60,4703940,14,9,0,test,diff_days_indoor,5,0,0,0,0,0,0.2760671079158783
data/raw/osu_lora/Diff_Days_Indoor_Setup/Day5/Device16/IQ_1.dat,61,4782339,14,21,0,test,diff_days_indoor,5,0,0,0,0,0,0.42877092957496643
data/raw/osu_lora/Diff_Days_Indoor_Setup/Day5/Device16/IQ_1.dat,62,4860738,14,9,0,test,diff_days_indoor,5,0,0,0,0,0,0.3476642668247223
data/raw/osu_lora/Diff_Days_Indoor_Setup/Day5/Device16/IQ_1.dat,63,4939137,14,9,0,test,diff_days_indoor,5,0,0,0,0,0,0.3750193417072296
data/raw/osu_lora/Diff_Days_Indoor_Setup/Day5/Device16/IQ_1.dat,64,5017536,14,21,0,test,diff_days_indoor,5,0,0,0,0,0,0.5164888501167297
data/raw/osu_lora/Diff_Days_Indoor_Setup/Day5/Device16/IQ_1.dat,65,5095935,14,9,0,test,diff_days_indoor,5,0,0,0,0,0,0.324727326631546
data/raw/osu_lora/Diff_Days_Indoor_Setup/Day5/Device16/IQ_1.dat,66,5174334,14,9,0,test,diff_days_indoor,5,0,0,0,0,0,0.4144541323184967
data/raw/osu_lora/Diff_Days_Indoor_Setup/Day5/Device16/IQ_1.dat,67,5252733,14,13,0,test,diff_days_indoor,5,0,0,0,0,0,0.2967255711555481
data/raw/osu_lora/Diff_Days_Indoor_Setup/Day5/Device16/IQ_1.dat,68,5331132,14,18,0,test,diff_days_indoor,5,0,0,0,0,0,0.3836875557899475
data/raw/osu_lora/Diff_Days_Indoor_Setup/Day5/Device16/IQ_1.dat,69,5409531,14,9,0,test,diff_days_indoor,5,0,0,0,0,0,0.3791719675064087
data/raw/osu_lora/Diff_Days_Indoor_Setup/Day5/Device16/IQ_1.dat,70,5487930,14,9,0,test,diff_days_indoor,5,0,0,0,0,0,0.28194737434387207
data/raw/osu_lora/Diff_Days_Indoor_Setup/Day5/Device16/IQ_1.dat,71,5566329,14,9,0,test,diff_days_indoor,5,0,0,0,0,0,0.3689707815647125
data/raw/osu_lora/Diff_Days_Indoor_Setup/Day5/Device16/IQ_1.dat,72,5644728,14,21,0,test,diff_days_indoor,5,0,0,0,0,0,0.5426157116889954
data/raw/osu_lora/Diff_Days_Indoor_Setup/Day5/Device16/IQ_1.dat,73,5723127,14,9,0,test,diff_days_indoor,5,0,0,0,0,0,0.3469673693180084
data/raw/osu_lora/Diff_Days_Indoor_Setup/Day5/Device16/IQ_1.dat,74,5801526,14,9,0,test,diff_days_indoor,5,0,0,0,0,0,0.2691282033920288
data/raw/osu_lora/Diff_Days_Indoor_Setup/Day5/Device16/IQ_1.dat,75,5879925,14,9,0,test,diff_days_indoor,5,0,0,0,0,0,0.28980663418769836
data/raw/osu_lora/Diff_Days_Indoor_Setup/Day5/Device16/IQ_1.dat,76,5958324,14,9,0,test,diff_days_indoor,5,0,0,0,0,0,0.2857937216758728
data/raw/osu_lora/Diff_Days_Indoor_Setup/Day5/Device16/IQ_1.dat,77,6036723,14,9,0,test,diff_days_indoor,5,0,0,0,0,0,0.34475043416023254
data/raw/osu_lora/Diff_Days_Indoor_Setup/Day5/Device16/IQ_1.dat,78,6115122,14,9,0,test,diff_days_indoor,5,0,0,0,0,0,0.27183693647384644
data/raw/osu_lora/Diff_Days_Indoor_Setup/Day5/Device16/IQ_1.dat,79,6193521,14,13,0,test,diff_days_indoor,5,0,0,0,0,0,0.28406834602355957
data/raw/osu_lora/Diff_Days_Indoor_Setup/Day5/Device16/IQ_1.dat,80,6271920,14,9,0,test,diff_days_indoor,5,0,0,0,0,0,0.35255560278892517
data/raw/osu_lora/Diff_Days_Indoor_Setup/Day5/Device16/IQ_1.dat,81,6350319,14,21,0,test,diff_days_indoor,5,0,0,0,0,0,0.2901814877986908
data/raw/osu_lora/Diff_Days_Indoor_Setup/Day5/Device16/IQ_1.dat,82,6428718,14,9,0,test,diff_days_indoor,5,0,0,0,0,0,0.412505179643631
data/raw/osu_lora/Diff_Days_Indoor_Setup/Day5/Device16/IQ_1.dat,83,6507117,14,9,0,test,diff_days_indoor,5,0,0,0,0,0,0.34012070298194885
data/raw/osu_lora/Diff_Days_Indoor_Setup/Day5/Device16/IQ_1.dat,84,6585516,14,9,0,test,diff_days_indoor,5,0,0,0,0,0,0.3648575246334076
data/raw/osu_lora/Diff_Days_Indoor_Setup/Day5/Device16/IQ_1.dat,85,6663915,14,9,0,test,diff_days_indoor,5,0,0,0,0,0,0.2751637101173401
data/raw/osu_lora/Diff_Days_Indoor_Setup/Day5/Device16/IQ_1.dat,86,6742314,14,9,0,test,diff_days_indoor,5,0,0,0,0,0,0.26481756567955017
data/raw/osu_lora/Diff_Days_Indoor_Setup/Day5/Device16/IQ_1.dat,87,6820713,14,9,0,test,diff_days_indoor,5,0,0,0,0,0,0.2979985177516937
data/raw/osu_lora/Diff_Days_Indoor_Setup/Day5/Device16/IQ_1.dat,88,6899112,14,9,0,test,diff_days_indoor,5,0,0,0,0,0,0.30845609307289124
data/raw/osu_lora/Diff_Days_Indoor_Setup/Day5/Device16/IQ_1.dat,89,6977511,14,13,0,test,diff_days_indoor,5,0,0,0,0,0,0.31607869267463684
data/raw/osu_lora/Diff_Days_Indoor_Setup/Day5/Device16/IQ_1.dat,90,7055910,14,18,0,test,diff_days_indoor,5,0,0,0,0,0,0.3544975519180298
data/raw/osu_lora/Diff_Days_Indoor_Setup/Day5/Device16/IQ_1.dat,91,7134309,14,18,0,test,diff_days_indoor,5,0,0,0,0,0,0.38003402948379517
data/raw/osu_lora/Diff_Days_Indoor_Setup/Day5/Device16/IQ_1.dat,92,7212708,14,9,0,test,diff_days_indoor,5,0,0,0,0,0,0.39362457394599915
data/raw/osu_lora/Diff_Days_Indoor_Setup/Day5/Device16/IQ_1.dat,93,7291107,14,21,0,test,diff_days_indoor,5,0,0,0,0,0,0.2639782726764679
data/raw/osu_lora/Diff_Days_Indoor_Setup/Day5/Device16/IQ_1.dat,94,7369506,14,9,0,test,diff_days_indoor,5,0,0,0,0,0,0.35512644052505493
data/raw/osu_lora/Diff_Days_Indoor_Setup/Day5/Device16/IQ_1.dat,95,7447905,14,9,0,test,diff_days_indoor,5,0,0,0,0,0,0.33370447158813477
data/raw/osu_lora/Diff_Days_Indoor_Setup/Day5/Device16/IQ_1.dat,96,7526304,14,9,0,test,diff_days_indoor,5,0,0,0,0,0,0.33192411065101624
data/raw/osu_lora/Diff_Days_Indoor_Setup/Day5/Device16/IQ_1.dat,97,7604703,14,9,0,test,diff_days_indoor,5,0,0,0,0,0,0.3809624910354614
data/raw/osu_lora/Diff_Days_Indoor_Setup/Day5/Device16/IQ_1.dat,98,7683102,14,9,0,test,diff_days_indoor,5,0,0,0,0,0,0.27920952439308167
data/raw/osu_lora/Diff_Days_Indoor_Setup/Day5/Device16/IQ_1.dat,99,7761501,14,13,0,test,diff_days_indoor,5,0,0,0,0,0,0.29151445627212524
data/raw/osu_lora/Diff_Days_Indoor_Setup/Day5/Device16/IQ_1.dat,100,7839900,14,9,0,test,diff_days_indoor,5,0,0,0,0,0,0.3953530788421631
data/raw/osu_lora/Diff_Days_Indoor_Setup/Day5/Device16/IQ_1.dat,101,7918299,14,18,0,test,diff_days_indoor,5,0,0,0,0,0,0.39805662631988525
data/raw/osu_lora/Diff_Days_Indoor_Setup/Day5/Device16/IQ_1.dat,102,7996698,14,9,0,test,diff_days_indoor,5,0,0,0,0,0,0.36490511894226074
data/raw/osu_lora/Diff_Days_Indoor_Setup/Day5/Device16/IQ_1.dat,103,8075097,14,9,0,test,diff_days_indoor,5,0,0,0,0,0,0.3608328700065613
data/raw/osu_lora/Diff_Days_Indoor_Setup/Day5/Device16/IQ_1.dat,104,8153496,14,9,0,test,diff_days_indoor,5,0,0,0,0,0,0.357960969209671
data/raw/osu_lora/Diff_Days_Indoor_Setup/Day5/Device16/IQ_1.dat,105,8231895,14,9,0,test,diff_days_indoor,5,0,0,0,0,0,0.3946453630924225
data/raw/osu_lora/Diff_Days_Indoor_Setup/Day5/Device16/IQ_1.dat,106,8310294,14,9,0,test,diff_days_indoor,5,0,0,0,0,0,0.3498975932598114
data/raw/osu_lora/Diff_Days_Indoor_Setup/Day5/Device16/IQ_1.dat,107,8388693,14,9,0,test,diff_days_indoor,5,0,0,0,0,0,0.37361443042755127
data/raw/osu_lora/Diff_Days_Indoor_Setup/Day5/Device16/IQ_1.dat,108,8467092,14,7,0,test,diff_days_indoor,5,0,0,0,0,0,0.3392273187637329
data/raw/osu_lora/Diff_Days_Indoor_Setup/Day5/Device16/IQ_1.dat,109,8545491,14,9,0,test,diff_days_indoor,5,0,0,0,0,0,0.27225446701049805
data/raw/osu_lora/Diff_Days_Indoor_Setup/Day5/Device16/IQ_1.dat,110,8623890,14,9,0,test,diff_days_indoor,5,0,0,0,0,0,0.407680481672287
data/raw/osu_lora/Diff_Days_Indoor_Setup/Day5/Device16/IQ_1.dat,111,8702289,14,21,0,test,diff_days_indoor,5,0,0,0,0,0,0.29945865273475647
data/raw/osu_lora/Diff_Days_Indoor_Setup/Day5/Device16/IQ_1.dat,112,8780688,14,9,0,test,diff_days_indoor,5,0,0,0,0,0,0.3431828022003174
data/raw/osu_lora/Diff_Days_Indoor_Setup/Day5/Device16/IQ_1.dat,113,8859087,14,9,0,test,diff_days_indoor,5,0,0,0,0,0,0.38753435015678406
data/raw/osu_lora/Diff_Days_Indoor_Setup/Day5/Device16/IQ_1.dat,114,8937486,14,9,0,test,diff_days_indoor,5,0,0,0,0,0,0.36138278245925903
data/raw/osu_lora/Diff_Days_Indoor_Setup/Day5/Device16/IQ_1.dat,115,9015885,14,14,1,test,diff_days_indoor,5,0,0,0,0,0,0.300150066614151
data/raw/osu_lora/Diff_Days_Indoor_Setup/Day5/Device16/IQ_1.dat,116,9094284,14,9,0,test,diff_days_indoor,5,0,0,0,0,0,0.3235003650188446
data/raw/osu_lora/Diff_Days_Indoor_Setup/Day5/Device16/IQ_1.dat,117,9172683,14,4,0,test,diff_days_indoor,5,0,0,0,0,0,0.21381661295890808
data/raw/osu_lora/Diff_Days_Indoor_Setup/Day5/Device16/IQ_1.dat,118,9251082,14,13,0,test,diff_days_indoor,5,0,0,0,0,0,0.33368751406669617
data/raw/osu_lora/Diff_Days_Indoor_Setup/Day5/Device16/IQ_1.dat,119,9329481,14,9,0,test,diff_days_indoor,5,0,0,0,0,0,0.3251691460609436
data/raw/osu_lora/Diff_Days_Indoor_Setup/Day5/Device16/IQ_1.dat,120,9407880,14,9,0,test,diff_days_indoor,5,0,0,0,0,0,0.3527299463748932
data/raw/osu_lora/Diff_Days_Indoor_Setup/Day5/Device16/IQ_1.dat,121,9486279,14,9,0,test,diff_days_indoor,5,0,0,0,0,0,0.3748130202293396
data/raw/osu_lora/Diff_Days_Indoor_Setup/Day5/Device16/IQ_1.dat,122,9564678,14,9,0,test,diff_days_indoor,5,0,0,0,0,0,0.32478249073028564
data/raw/osu_lora/Diff_Days_Indoor_Setup/Day5/Device16/IQ_1.dat,123,9643077,14,9,0,test,diff_days_indoor,5,0,0,0,0,0,0.37581345438957214
data/raw/osu_lora/Diff_Days_Indoor_Setup/Day5/Device16/IQ_1.dat,124,9721476,14,9,0,test,diff_days_indoor,5,0,0,0,0,0,0.36520588397979736
data/raw/osu_lora/Diff_Days_Indoor_Setup/Day5/Device16/IQ_1.dat,125,9799875,14,9,0,test,diff_days_indoor,5,0,0,0,0,0,0.40230637788772583
data/raw/osu_lora/Diff_Days_Indoor_Setup/Day5/Device16/IQ_1.dat,126,9878274,14,9,0,test,diff_days_indoor,5,0,0,0,0,0,0.36493200063705444
data/raw/osu_lora/Diff_Days_Indoor_Setup/Day5/Device16/IQ_1.dat,127,9956673,14,9,0,test,diff_days_indoor,5,0,0,0,0,0,0.33533310890197754
data/raw/osu_lora/Diff_Days_Indoor_Setup/Day5/Device16/IQ_1.dat,128,10035072,14,14,1,test,diff_days_indoor,5,0,0,0,0,0,0.33710670471191406
data/raw/osu_lora/Diff_Days_Indoor_Setup/Day5/Device16/IQ_1.dat,129,10113471,14,9,0,test,diff_days_indoor,5,0,0,0,0,0,0.33704236149787903
data/raw/osu_lora/Diff_Days_Indoor_Setup/Day5/Device16/IQ_1.dat,130,10191870,14,9,0,test,diff_days_indoor,5,0,0,0,0,0,0.34284523129463196
data/raw/osu_lora/Diff_Days_Indoor_Setup/Day5/Device16/IQ_1.dat,131,10270269,14,9,0,test,diff_days_indoor,5,0,0,0,0,0,0.38234254717826843
data/raw/osu_lora/Diff_Days_Indoor_Setup/Day5/Device16/IQ_1.dat,132,10348668,14,9,0,test,diff_days_indoor,5,0,0,0,0,0,0.29622867703437805
data/raw/osu_lora/Diff_Days_Indoor_Setup/Day5/Device16/IQ_1.dat,133,10427067,14,9,0,test,diff_days_indoor,5,0,0,0,0,0,0.34250137209892273
data/raw/osu_lora/Diff_Days_Indoor_Setup/Day5/Device16/IQ_1.dat,134,10505466,14,9,0,test,diff_days_indoor,5,0,0,0,0,0,0.3176298439502716
data/raw/osu_lora/Diff_Days_Indoor_Setup/Day5/Device16/IQ_1.dat,135,10583865,14,9,0,test,diff_days_indoor,5,0,0,0,0,0,0.33790305256843567
data/raw/osu_lora/Diff_Days_Indoor_Setup/Day5/Device16/IQ_1.dat,136,10662264,14,14,1,test,diff_days_indoor,5,0,0,0,0,0,0.3357847332954407
data/raw/osu_lora/Diff_Days_Indoor_Setup/Day5/Device16/IQ_1.dat,137,10740663,14,9,0,test,diff_days_indoor,5,0,0,0,0,0,0.363197922706604
data/raw/osu_lora/Diff_Days_Indoor_Setup/Day5/Device16/IQ_1.dat,138,10819062,14,9,0,test,diff_days_indoor,5,0,0,0,0,0,0.35956037044525146
data/raw/osu_lora/Diff_Days_Indoor_Setup/Day5/Device16/IQ_1.dat,139,10897461,14,9,0,test,diff_days_indoor,5,0,0,0,0,0,0.38871484994888306
data/raw/osu_lora/Diff_Days_Indoor_Setup/Day5/Device16/IQ_1.dat,140,10975860,14,9,0,test,diff_days_indoor,5,0,0,0,0,0,0.3860400915145874
data/raw/osu_lora/Diff_Days_Indoor_Setup/Day5/Device16/IQ_1.dat,141,11054259,14,9,0,test,diff_days_indoor,5,0,0,0,0,0,0.396421879529953
data/raw/osu_lora/Diff_Days_Indoor_Setup/Day5/Device16/IQ_1.dat,142,11132658,14,9,0,test,diff_days_indoor,5,0,0,0,0,0,0.3778904378414154
data/raw/osu_lora/Diff_Days_Indoor_Setup/Day5/Device16/IQ_1.dat,143,11211057,14,9,0,test,diff_days_indoor,5,0,0,0,0,0,0.3598656952381134
data/raw/osu_lora/Diff_Days_Indoor_Setup/Day5/Device16/IQ_1.dat,144,11289456,14,9,0,test,diff_days_indoor,5,0,0,0,0,0,0.36635804176330566
data/raw/osu_lora/Diff_Days_Indoor_Setup/Day5/Device16/IQ_1.dat,145,11367855,14,18,0,test,diff_days_indoor,5,0,0,0,0,0,0.38627421855926514
data/raw/osu_lora/Diff_Days_Indoor_Setup/Day5/Device16/IQ_1.dat,146,11446254,14,9,0,test,diff_days_indoor,5,0,0,0,0,0,0.40227267146110535
data/raw/osu_lora/Diff_Days_Indoor_Setup/Day5/Device16/IQ_1.dat,147,11524653,14,9,0,test,diff_days_indoor,5,0,0,0,0,0,0.2661188244819641
data/raw/osu_lora/Diff_Days_Indoor_Setup/Day5/Device16/IQ_1.dat,148,11603052,14,9,0,test,diff_days_indoor,5,0,0,0,0,0,0.372554212808609
data/raw/osu_lora/Diff_Days_Indoor_Setup/Day5/Device16/IQ_1.dat,149,11681451,14,13,0,test,diff_days_indoor,5,0,0,0,0,0,0.4180697500705719
data/raw/osu_lora/Diff_Days_Indoor_Setup/Day5/Device16/IQ_1.dat,150,11759850,14,9,0,test,diff_days_indoor,5,0,0,0,0,0,0.3544295132160187
data/raw/osu_lora/Diff_Days_Indoor_Setup/Day5/Device16/IQ_1.dat,151,11838249,14,9,0,test,diff_days_indoor,5,0,0,0,0,0,0.2740706503391266
data/raw/osu_lora/Diff_Days_Indoor_Setup/Day5/Device16/IQ_1.dat,152,11916648,14,9,0,test,diff_days_indoor,5,0,0,0,0,0,0.29656314849853516
data/raw/osu_lora/Diff_Days_Indoor_Setup/Day5/Device16/IQ_1.dat,153,11995047,14,9,0,test,diff_days_indoor,5,0,0,0,0,0,0.389043390750885
data/raw/osu_lora/Diff_Days_Indoor_Setup/Day5/Device16/IQ_1.dat,154,12073446,14,9,0,test,diff_days_indoor,5,0,0,0,0,0,0.36485546827316284
data/raw/osu_lora/Diff_Days_Indoor_Setup/Day5/Device16/IQ_1.dat,155,12151845,14,9,0,test,diff_days_indoor,5,0,0,0,0,0,0.40110304951667786
data/raw/osu_lora/Diff_Days_Indoor_Setup/Day5/Device16/IQ_1.dat,156,12230244,14,9,0,test,diff_days_indoor,5,0,0,0,0,0,0.3223786950111389
data/raw/osu_lora/Diff_Days_Indoor_Setup/Day5/Device16/IQ_1.dat,157,12308643,14,14,1,test,diff_days_indoor,5,0,0,0,0,0,0.3317662179470062
data/raw/osu_lora/Diff_Days_Indoor_Setup/Day5/Device16/IQ_1.dat,158,12387042,14,21,0,test,diff_days_indoor,5,0,0,0,0,0,0.28625068068504333
data/raw/osu_lora/Diff_Days_Indoor_Setup/Day5/Device16/IQ_1.dat,159,12465441,14,18,0,test,diff_days_indoor,5,0,0,0,0,0,0.37543532252311707
data/raw/osu_lora/Diff_Days_Indoor_Setup/Day5/Device16/IQ_1.dat,160,12543840,14,9,0,test,diff_days_indoor,5,0,0,0,0,0,0.3396878242492676
data/raw/osu_lora/Diff_Days_Indoor_Setup/Day5/Device16/IQ_1.dat,161,12622239,14,9,0,test,diff_days_indoor,5,0,0,0,0,0,0.3236130177974701
data/raw/osu_lora/Diff_Days_Indoor_Setup/Day5/Device16/IQ_1.dat,162,12700638,14,9,0,test,diff_days_indoor,5,0,0,0,0,0,0.3468967378139496
data/raw/osu_lora/Diff_Days_Indoor_Setup/Day5/Device16/IQ_1.dat,163,12779037,14,9,0,test,diff_days_indoor,5,0,0,0,0,0,0.39140084385871887
data/raw/osu_lora/Diff_Days_Indoor_Setup/Day5/Device16/IQ_1.dat,164,12857436,14,14,1,test,diff_days_indoor,5,0,0,0,0,0,0.3492826819419861
data/raw/osu_lora/Diff_Days_Indoor_Setup/Day5/Device16/IQ_1.dat,165,12935835,14,9,0,test,diff_days_indoor,5,0,0,0,0,0,0.3602299392223358
data/raw/osu_lora/Diff_Days_Indoor_Setup/Day5/Device16/IQ_1.dat,166,13014234,14,14,1,test,diff_days_indoor,5,0,0,0,0,0,0.35651037096977234
data/raw/osu_lora/Diff_Days_Indoor_Setup/Day5/Device16/IQ_1.dat,167,13092633,14,9,0,test,diff_days_indoor,5,0,0,0,0,0,0.3607213497161865
data/raw/osu_lora/Diff_Days_Indoor_Setup/Day5/Device16/IQ_1.dat,168,13171032,14,18,0,test,diff_days_indoor,5,0,0,0,0,0,0.38006362318992615
data/raw/osu_lora/Diff_Days_Indoor_Setup/Day5/Device16/IQ_1.dat,169,13249431,14,9,0,test,diff_days_indoor,5,0,0,0,0,0,0.37093299627304077
data/raw/osu_lora/Diff_Days_Indoor_Setup/Day5/Device16/IQ_1.dat,170,13327830,14,9,0,test,diff_days_indoor,5,0,0,0,0,0,0.35700738430023193
data/raw/osu_lora/Diff_Days_Indoor_Setup/Day5/Device16/IQ_1.dat,171,13406229,14,21,0,test,diff_days_indoor,5,0,0,0,0,0,0.2779782712459564
data/raw/osu_lora/Diff_Days_Indoor_Setup/Day5/Device16/IQ_1.dat,172,13484628,14,9,0,test,diff_days_indoor,5,0,0,0,0,0,0.418183296918869
data/raw/osu_lora/Diff_Days_Indoor_Setup/Day5/Device16/IQ_1.dat,173,13563027,14,18,0,test,diff_days_indoor,5,0,0,0,0,0,0.25750768184661865
data/raw/osu_lora/Diff_Days_Indoor_Setup/Day5/Device16/IQ_1.dat,174,13641426,14,9,0,test,diff_days_indoor,5,0,0,0,0,0,0.24402976036071777
data/raw/osu_lora/Diff_Days_Indoor_Setup/Day5/Device16/IQ_1.dat,175,13719825,14,21,0,test,diff_days_indoor,5,0,0,0,0,0,0.37781867384910583
data/raw/osu_lora/Diff_Days_Indoor_Setup/Day5/Device16/IQ_1.dat,176,13798224,14,14,1,test,diff_days_indoor,5,0,0,0,0,0,0.2937428057193756
data/raw/osu_lora/Diff_Days_Indoor_Setup/Day5/Device16/IQ_1.dat,177,13876623,14,21,0,test,diff_days_indoor,5,0,0,0,0,0,0.5095635652542114
data/raw/osu_lora/Diff_Days_Indoor_Setup/Day5/Device16/IQ_1.dat,178,13955022,14,9,0,test,diff_days_indoor,5,0,0,0,0,0,0.3824627697467804
data/raw/osu_lora/Diff_Days_Indoor_Setup/Day5/Device16/IQ_1.dat,179,14033421,14,9,0,test,diff_days_indoor,5,0,0,0,0,0,0.3337664306163788
data/raw/osu_lora/Diff_Days_Indoor_Setup/Day5/Device16/IQ_1.dat,180,14111820,14,9,0,test,diff_days_indoor,5,0,0,0,0,0,0.23791444301605225
data/raw/osu_lora/Diff_Days_Indoor_Setup/Day5/Device16/IQ_1.dat,181,14190219,14,9,0,test,diff_days_indoor,5,0,0,0,0,0,0.3551183342933655
data/raw/osu_lora/Diff_Days_Indoor_Setup/Day5/Device16/IQ_1.dat,182,14268618,14,9,0,test,diff_days_indoor,5,0,0,0,0,0,0.39913561940193176
data/raw/osu_lora/Diff_Days_Indoor_Setup/Day5/Device16/IQ_1.dat,183,14347017,14,9,0,test,diff_days_indoor,5,0,0,0,0,0,0.3206371068954468
data/raw/osu_lora/Diff_Days_Indoor_Setup/Day5/Device16/IQ_1.dat,184,14425416,14,9,0,test,diff_days_indoor,5,0,0,0,0,0,0.332680881023407
data/raw/osu_lora/Diff_Days_Indoor_Setup/Day5/Device16/IQ_1.dat,185,14503815,14,9,0,test,diff_days_indoor,5,0,0,0,0,0,0.3772715926170349
data/raw/osu_lora/Diff_Days_Indoor_Setup/Day5/Device16/IQ_1.dat,186,14582214,14,9,0,test,diff_days_indoor,5,0,0,0,0,0,0.3200754225254059
data/raw/osu_lora/Diff_Days_Indoor_Setup/Day5/Device16/IQ_1.dat,187,14660613,14,9,0,test,diff_days_indoor,5,0,0,0,0,0,0.35691508650779724
data/raw/osu_lora/Diff_Days_Indoor_Setup/Day5/Device16/IQ_1.dat,188,14739012,14,9,0,test,diff_days_indoor,5,0,0,0,0,0,0.3000543713569641
data/raw/osu_lora/Diff_Days_Indoor_Setup/Day5/Device16/IQ_1.dat,189,14817411,14,9,0,test,diff_days_indoor,5,0,0,0,0,0,0.2684668302536011
data/raw/osu_lora/Diff_Days_Indoor_Setup/Day5/Device16/IQ_1.dat,190,14895810,14,14,1,test,diff_days_indoor,5,0,0,0,0,0,0.22270862758159637
data/raw/osu_lora/Diff_Days_Indoor_Setup/Day5/Device16/IQ_1.dat,191,14974209,14,9,0,test,diff_days_indoor,5,0,0,0,0,0,0.32082098722457886
data/raw/osu_lora/Diff_Days_Indoor_Setup/Day5/Device16/IQ_1.dat,192,15052608,14,9,0,test,diff_days_indoor,5,0,0,0,0,0,0.3503296971321106
data/raw/osu_lora/Diff_Days_Indoor_Setup/Day5/Device16/IQ_1.dat,193,15131007,14,9,0,test,diff_days_indoor,5,0,0,0,0,0,0.38075578212738037
data/raw/osu_lora/Diff_Days_Indoor_Setup/Day5/Device16/IQ_1.dat,194,15209406,14,18,0,test,diff_days_indoor,5,0,0,0,0,0,0.36159494519233704
data/raw/osu_lora/Diff_Days_Indoor_Setup/Day5/Device16/IQ_1.dat,195,15287805,14,9,0,test,diff_days_indoor,5,0,0,0,0,0,0.3993857204914093
data/raw/osu_lora/Diff_Days_Indoor_Setup/Day5/Device16/IQ_1.dat,196,15366204,14,9,0,test,diff_days_indoor,5,0,0,0,0,0,0.4009541869163513
data/raw/osu_lora/Diff_Days_Indoor_Setup/Day5/Device16/IQ_1.dat,197,15444603,14,9,0,test,diff_days_indoor,5,0,0,0,0,0,0.37852713465690613
data/raw/osu_lora/Diff_Days_Indoor_Setup/Day5/Device16/IQ_1.dat,198,15523002,14,21,0,test,diff_days_indoor,5,0,0,0,0,0,0.3671298325061798
data/raw/osu_lora/Diff_Days_Indoor_Setup/Day5/Device16/IQ_1.dat,199,15601401,14,14,1,test,diff_days_indoor,5,0,0,0,0,0,0.3205063045024872
data/raw/osu_lora/Diff_Days_Indoor_Setup/Day5/Device16/IQ_1.dat,200,15679800,14,9,0,test,diff_days_indoor,5,0,0,0,0,0,0.3039449453353882
data/raw/osu_lora/Diff_Days_Indoor_Setup/Day5/Device16/IQ_1.dat,201,15758199,14,9,0,test,diff_days_indoor,5,0,0,0,0,0,0.33995696902275085
data/raw/osu_lora/Diff_Days_Indoor_Setup/Day5/Device16/IQ_1.dat,202,15836598,14,9,0,test,diff_days_indoor,5,0,0,0,0,0,0.3299059271812439
data/raw/osu_lora/Diff_Days_Indoor_Setup/Day5/Device16/IQ_1.dat,203,15914997,14,9,0,test,diff_days_indoor,5,0,0,0,0,0,0.37648600339889526
data/raw/osu_lora/Diff_Days_Indoor_Setup/Day5/Device16/IQ_1.dat,204,15993396,14,9,0,test,diff_days_indoor,5,0,0,0,0,0,0.37463027238845825
data/raw/osu_lora/Diff_Days_Indoor_Setup/Day5/Device16/IQ_1.dat,205,16071795,14,9,0,test,diff_days_indoor,5,0,0,0,0,0,0.3407137989997864
data/raw/osu_lora/Diff_Days_Indoor_Setup/Day5/Device16/IQ_1.dat,206,16150194,14,9,0,test,diff_days_indoor,5,0,0,0,0,0,0.3731234073638916
data/raw/osu_lora/Diff_Days_Indoor_Setup/Day5/Device16/IQ_1.dat,207,16228593,14,9,0,test,diff_days_indoor,5,0,0,0,0,0,0.34058496356010437
data/raw/osu_lora/Diff_Days_Indoor_Setup/Day5/Device16/IQ_1.dat,208,16306992,14,21,0,test,diff_days_indoor,5,0,0,0,0,0,0.42766761779785156
data/raw/osu_lora/Diff_Days_Indoor_Setup/Day5/Device16/IQ_1.dat,209,16385391,14,9,0,test,diff_days_indoor,5,0,0,0,0,0,0.37752068042755127
data/raw/osu_lora/Diff_Days_Indoor_Setup/Day5/Device16/IQ_1.dat,210,16463790,14,9,0,test,diff_days_indoor,5,0,0,0,0,0,0.39077290892601013
data/raw/osu_lora/Diff_Days_Indoor_Setup/Day5/Device16/IQ_1.dat,211,16542189,14,18,0,test,diff_days_indoor,5,0,0,0,0,0,0.3792724907398224
data/raw/osu_lora/Diff_Days_Indoor_Setup/Day5/Device16/IQ_1.dat,212,16620588,14,9,0,test,diff_days_indoor,5,0,0,0,0,0,0.3813631236553192
data/raw/osu_lora/Diff_Days_Indoor_Setup/Day5/Device16/IQ_1.dat,213,16698987,14,14,1,test,diff_days_indoor,5,0,0,0,0,0,0.34055936336517334
data/raw/osu_lora/Diff_Days_Indoor_Setup/Day5/Device16/IQ_1.dat,214,16777386,14,9,0,test,diff_days_indoor,5,0,0,0,0,0,0.36952710151672363
data/raw/osu_lora/Diff_Days_Indoor_Setup/Day5/Device16/IQ_1.dat,215,16855785,14,13,0,test,diff_days_indoor,5,0,0,0,0,0,0.2392951399087906
data/raw/osu_lora/Diff_Days_Indoor_Setup/Day5/Device16/IQ_1.dat,216,16934184,14,9,0,test,diff_days_indoor,5,0,0,0,0,0,0.3547305762767792
data/raw/osu_lora/Diff_Days_Indoor_Setup/Day5/Device16/IQ_1.dat,217,17012583,14,9,0,test,diff_days_indoor,5,0,0,0,0,0,0.3601588308811188
data/raw/osu_lora/Diff_Days_Indoor_Setup/Day5/Device16/IQ_1.dat,218,17090982,14,9,0,test,diff_days_indoor,5,0,0,0,0,0,0.3682948648929596
data/raw/osu_lora/Diff_Days_Indoor_Setup/Day5/Device16/IQ_1.dat,219,17169381,14,21,0,test,diff_days_indoor,5,0,0,0,0,0,0.34894058108329773
data/raw/osu_lora/Diff_Days_Indoor_Setup/Day5/Device16/IQ_1.dat,220,17247780,14,21,0,test,diff_days_indoor,5,0,0,0,0,0,0.5403696298599243
data/raw/osu_lora/Diff_Days_Indoor_Setup/Day5/Device16/IQ_1.dat,221,17326179,14,9,0,test,diff_days_indoor,5,0,0,0,0,0,0.31463631987571716
data/raw/osu_lora/Diff_Days_Indoor_Setup/Day5/Device16/IQ_1.dat,222,17404578,14,9,0,test,diff_days_indoor,5,0,0,0,0,0,0.36524447798728943
data/raw/osu_lora/Diff_Days_Indoor_Setup/Day5/Device16/IQ_1.dat,223,17482977,14,9,0,test,diff_days_indoor,5,0,0,0,0,0,0.3449403941631317
data/raw/osu_lora/Diff_Days_Indoor_Setup/Day5/Device16/IQ_1.dat,224,17561376,14,9,0,test,diff_days_indoor,5,0,0,0,0,0,0.42068251967430115
data/raw/osu_lora/Diff_Days_Indoor_Setup/Day5/Device16/IQ_1.dat,225,17639775,14,9,0,test,diff_days_indoor,5,0,0,0,0,0,0.35093018412590027
data/raw/osu_lora/Diff_Days_Indoor_Setup/Day5/Device16/IQ_1.dat,226,17718174,14,9,0,test,diff_days_indoor,5,0,0,0,0,0,0.3868355453014374
data/raw/osu_lora/Diff_Days_Indoor_Setup/Day5/Device16/IQ_1.dat,227,17796573,14,9,0,test,diff_days_indoor,5,0,0,0,0,0,0.30297723412513733
data/raw/osu_lora/Diff_Days_Indoor_Setup/Day5/Device16/IQ_1.dat,228,17874972,14,9,0,test,diff_days_indoor,5,0,0,0,0,0,0.37955787777900696
data/raw/osu_lora/Diff_Days_Indoor_Setup/Day5/Device16/IQ_1.dat,229,17953371,14,9,0,test,diff_days_indoor,5,0,0,0,0,0,0.3391641080379486
data/raw/osu_lora/Diff_Days_Indoor_Setup/Day5/Device16/IQ_1.dat,230,18031770,14,9,0,test,diff_days_indoor,5,0,0,0,0,0,0.3467528820037842
data/raw/osu_lora/Diff_Days_Indoor_Setup/Day5/Device16/IQ_1.dat,231,18110169,14,9,0,test,diff_days_indoor,5,0,0,0,0,0,0.3201548159122467
data/raw/osu_lora/Diff_Days_Indoor_Setup/Day5/Device16/IQ_1.dat,232,18188568,14,9,0,test,diff_days_indoor,5,0,0,0,0,0,0.35813048481941223
data/raw/osu_lora/Diff_Days_Indoor_Setup/Day5/Device16/IQ_1.dat,233,18266967,14,9,0,test,diff_days_indoor,5,0,0,0,0,0,0.3765299320220947
data/raw/osu_lora/Diff_Days_Indoor_Setup/Day5/Device16/IQ_1.dat,234,18345366,14,9,0,test,diff_days_indoor,5,0,0,0,0,0,0.3788945972919464
data/raw/osu_lora/Diff_Days_Indoor_Setup/Day5/Device16/IQ_1.dat,235,18423765,14,9,0,test,diff_days_indoor,5,0,0,0,0,0,0.37474897503852844
data/raw/osu_lora/Diff_Days_Indoor_Setup/Day5/Device16/IQ_1.dat,236,18502164,14,9,0,test,diff_days_indoor,5,0,0,0,0,0,0.32660043239593506
data/raw/osu_lora/Diff_Days_Indoor_Setup/Day5/Device16/IQ_1.dat,237,18580563,14,21,0,test,diff_days_indoor,5,0,0,0,0,0,0.33543160557746887
data/raw/osu_lora/Diff_Days_Indoor_Setup/Day5/Device16/IQ_1.dat,238,18658962,14,9,0,test,diff_days_indoor,5,0,0,0,0,0,0.3891625702381134
data/raw/osu_lora/Diff_Days_Indoor_Setup/Day5/Device16/IQ_1.dat,239,18737361,14,10,0,test,diff_days_indoor,5,0,0,0,0,0,0.47018489241600037
data/raw/osu_lora/Diff_Days_Indoor_Setup/Day5/Device16/IQ_1.dat,240,18815760,14,9,0,test,diff_days_indoor,5,0,0,0,0,0,0.342943400144577
data/raw/osu_lora/Diff_Days_Indoor_Setup/Day5/Device16/IQ_1.dat,241,18894159,14,21,0,test,diff_days_indoor,5,0,0,0,0,0,0.35097968578338623
data/raw/osu_lora/Diff_Days_Indoor_Setup/Day5/Device16/IQ_1.dat,242,18972558,14,9,0,test,diff_days_indoor,5,0,0,0,0,0,0.39247041940689087
data/raw/osu_lora/Diff_Days_Indoor_Setup/Day5/Device16/IQ_1.dat,243,19050957,14,9,0,test,diff_days_indoor,5,0,0,0,0,0,0.38173219561576843
data/raw/osu_lora/Diff_Days_Indoor_Setup/Day5/Device16/IQ_1.dat,244,19129356,14,9,0,test,diff_days_indoor,5,0,0,0,0,0,0.3545166254043579
data/raw/osu_lora/Diff_Days_Indoor_Setup/Day5/Device16/IQ_1.dat,245,19207755,14,9,0,test,diff_days_indoor,5,0,0,0,0,0,0.31895187497138977
data/raw/osu_lora/Diff_Days_Indoor_Setup/Day5/Device16/IQ_1.dat,246,19286154,14,9,0,test,diff_days_indoor,5,0,0,0,0,0,0.3093242347240448
data/raw/osu_lora/Diff_Days_Indoor_Setup/Day5/Device16/IQ_1.dat,247,19364553,14,9,0,test,diff_days_indoor,5,0,0,0,0,0,0.3374386131763458
data/raw/osu_lora/Diff_Days_Indoor_Setup/Day5/Device16/IQ_1.dat,248,19442952,14,14,1,test,diff_days_indoor,5,0,0,0,0,0,0.3144301176071167
data/raw/osu_lora/Diff_Days_Indoor_Setup/Day5/Device16/IQ_1.dat,249,19521351,14,21,0,test,diff_days_indoor,5,0,0,0,0,0,0.4609246850013733
data/raw/osu_lora/Diff_Days_Indoor_Setup/Day5/Device16/IQ_1.dat,250,19599750,14,9,0,test,diff_days_indoor,5,0,0,0,0,0,0.3466361463069916
data/raw/osu_lora/Diff_Days_Indoor_Setup/Day5/Device16/IQ_1.dat,251,19678149,14,21,0,test,diff_days_indoor,5,0,0,0,0,0,0.4123867154121399
data/raw/osu_lora/Diff_Days_Indoor_Setup/Day5/Device16/IQ_1.dat,252,19756548,14,21,0,test,diff_days_indoor,5,0,0,0,0,0,0.35498300194740295
data/raw/osu_lora/Diff_Days_Indoor_Setup/Day5/Device16/IQ_1.dat,253,19834947,14,9,0,test,diff_days_indoor,5,0,0,0,0,0,0.3942253589630127
data/raw/osu_lora/Diff_Days_Indoor_Setup/Day5/Device16/IQ_1.dat,254,19913346,14,9,0,test,diff_days_indoor,5,0,0,0,0,0,0.24578124284744263
data/raw/osu_lora/Diff_Days_Indoor_Setup/Day5/Device16/IQ_1.dat,255,19991745,14,9,0,test,diff_days_indoor,5,0,0,0,0,0,0.41628769040107727
data/raw/osu_lora/Diff_Days_Indoor_Setup/Day5/Device17/IQ_1.dat,0,0,15,23,0,test,diff_days_indoor,5,0,0,0,0,0,0.3270263671875
data/raw/osu_lora/Diff_Days_Indoor_Setup/Day5/Device17/IQ_1.dat,1,78399,15,22,0,test,diff_days_indoor,5,0,0,0,0,0,0.40310466289520264
data/raw/osu_lora/Diff_Days_Indoor_Setup/Day5/Device17/IQ_1.dat,2,156798,15,22,0,test,diff_days_indoor,5,0,0,0,0,0,0.6419572234153748
data/raw/osu_lora/Diff_Days_Indoor_Setup/Day5/Device17/IQ_1.dat,3,235197,15,22,0,test,diff_days_indoor,5,0,0,0,0,0,0.48901355266571045
data/raw/osu_lora/Diff_Days_Indoor_Setup/Day5/Device17/IQ_1.dat,4,313596,15,23,0,test,diff_days_indoor,5,0,0,0,0,0,0.34780922532081604
data/raw/osu_lora/Diff_Days_Indoor_Setup/Day5/Device17/IQ_1.dat,5,391995,15,22,0,test,diff_days_indoor,5,0,0,0,0,0,0.5325158834457397
data/raw/osu_lora/Diff_Days_Indoor_Setup/Day5/Device17/IQ_1.dat,6,470394,15,22,0,test,diff_days_indoor,5,0,0,0,0,0,0.3626491129398346
data/raw/osu_lora/Diff_Days_Indoor_Setup/Day5/Device17/IQ_1.dat,7,548793,15,22,0,test,diff_days_indoor,5,0,0,0,0,0,0.5904015898704529
data/raw/osu_lora/Diff_Days_Indoor_Setup/Day5/Device17/IQ_1.dat,8,627192,15,23,0,test,diff_days_indoor,5,0,0,0,0,0,0.44935154914855957
data/raw/osu_lora/Diff_Days_Indoor_Setup/Day5/Device17/IQ_1.dat,9,705591,15,15,1,test,diff_days_indoor,5,0,0,0,0,0,0.41039109230041504
data/raw/osu_lora/Diff_Days_Indoor_Setup/Day5/Device17/IQ_1.dat,10,783990,15,23,0,test,diff_days_indoor,5,0,0,0,0,0,0.3734911382198334
data/raw/osu_lora/Diff_Days_Indoor_Setup/Day5/Device17/IQ_1.dat,11,862389,15,22,0,test,diff_days_indoor,5,0,0,0,0,0,0.5255194306373596
data/raw/osu_lora/Diff_Days_Indoor_Setup/Day5/Device17/IQ_1.dat,12,940788,15,22,0,test,diff_days_indoor,5,0,0,0,0,0,0.6723197102546692
data/raw/osu_lora/Diff_Days_Indoor_Setup/Day5/Device17/IQ_1.dat,13,1019187,15,23,0,test,diff_days_indoor,5,0,0,0,0,0,0.3733493983745575
data/raw/osu_lora/Diff_Days_Indoor_Setup/Day5/Device17/IQ_1.dat,14,1097586,15,22,0,test,diff_days_indoor,5,0,0,0,0,0,0.45728689432144165
data/raw/osu_lora/Diff_Days_Indoor_Setup/Day5/Device17/IQ_1.dat,15,1175985,15,23,0,test,diff_days_indoor,5,0,0,0,0,0,0.3268214166164398
data/raw/osu_lora/Diff_Days_Indoor_Setup/Day5/Device17/IQ_1.dat,16,1254384,15,17,0,test,diff_days_indoor,5,0,0,0,0,0,0.41315531730651855
data/raw/osu_lora/Diff_Days_Indoor_Setup/Day5/Device17/IQ_1.dat,17,1332783,15,22,0,test,diff_days_indoor,5,0,0,0,0,0,0.4112424850463867
data/raw/osu_lora/Diff_Days_Indoor_Setup/Day5/Device17/IQ_1.dat,18,1411182,15,15,1,test,diff_days_indoor,5,0,0,0,0,0,0.4370068907737732
data/raw/osu_lora/Diff_Days_Indoor_Setup/Day5/Device17/IQ_1.dat,19,1489581,15,15,1,test,diff_days_indoor,5,0,0,0,0,0,0.3784709572792053
data/raw/osu_lora/Diff_Days_Indoor_Setup/Day5/Device17/IQ_1.dat,20,1567980,15,23,0,test,diff_days_indoor,5,0,0,0,0,0,0.33516570925712585
data/raw/osu_lora/Diff_Days_Indoor_Setup/Day5/Device17/IQ_1.dat,21,1646379,15,22,0,test,diff_days_indoor,5,0,0,0,0,0,0.317290335893631
data/raw/osu_lora/Diff_Days_Indoor_Setup/Day5/Device17/IQ_1.dat,22,1724778,15,7,0,test,diff_days_indoor,5,0,0,0,0,0,0.2019066959619522
data/raw/osu_lora/Diff_Days_Indoor_Setup/Day5/Device17/IQ_1.dat,23,1803177,15,19,0,test,diff_days_indoor,5,0,0,0,0,0,0.6350384950637817
data/raw/osu_lora/Diff_Days_Indoor_Setup/Day5/Device17/IQ_1.dat,24,1881576,15,15,1,test,diff_days_indoor,5,0,0,0,0,0,0.388397753238678
data/raw/osu_lora/Diff_Days_Indoor_Setup/Day5/Device17/IQ_1.dat,25,1959975,15,19,0,test,diff_days_indoor,5,0,0,0,0,0,0.2905348539352417
data/raw/osu_lora/Diff_Days_Indoor_Setup/Day5/Device17/IQ_1.dat,26,2038374,15,15,1,test,diff_days_indoor,5,0,0,0,0,0,0.474763423204422
data/raw/osu_lora/Diff_Days_Indoor_Setup/Day5/Device17/IQ_1.dat,27,2116773,15,23,0,test,diff_days_indoor,5,0,0,0,0,0,0.3673786520957947
data/raw/osu_lora/Diff_Days_Indoor_Setup/Day5/Device17/IQ_1.dat,28,2195172,15,22,0,test,diff_days_indoor,5,0,0,0,0,0,0.5861130952835083
data/raw/osu_lora/Diff_Days_Indoor_Setup/Day5/Device17/IQ_1.dat,29,2273571,15,23,0,test,diff_days_indoor,5,0,0,0,0,0,0.2852228879928589
data/raw/osu_lora/Diff_Days_Indoor_Setup/Day5/Device17/IQ_1.dat,30,2351970,15,22,0,test,diff_days_indoor,5,0,0,0,0,0,0.7301254272460938
data/raw/osu_lora/Diff_Days_Indoor_Setup/Day5/Device17/IQ_1.dat,31,2430369,15,22,0,test,diff_days_indoor,5,0,0,0,0,0,0.5004315972328186
data/raw/osu_lora/Diff_Days_Indoor_Setup/Day5/Device17/IQ_1.dat,32,2508768,15,23,0,test,diff_days_indoor,5,0,0,0,0,0,0.32237008213996887
data/raw/osu_lora/Diff_Days_Indoor_Setup/Day5/Device17/IQ_1.dat,33,2587167,15,22,0,test,diff_days_indoor,5,0,0,0,0,0,0.41142675280570984
data/raw/osu_lora/Diff_Days_Indoor_Setup/Day5/Device17/IQ_1.dat,34,2665566,15,17,0,test,diff_days_indoor,5,0,0,0,0,0,0.34218311309814453
data/raw/osu_lora/Diff_Days_Indoor_Setup/Day5/Device17/IQ_1.dat,35,2743965,15,22,0,test,diff_days_indoor,5,0,0,0,0,0,0.5314133167266846
data/raw/osu_lora/Diff_Days_Indoor_Setup/Day5/Device17/IQ_1.dat,36,2822364,15,19,0,test,diff_days_indoor,5,0,0,0,0,0,0.36046528816223145
data/raw/osu_lora/Diff_Days_Indoor_Setup/Day5/Device17/IQ_1.dat,37,2900763,15,23,0,test,diff_days_indoor,5,0,0,0,0,0,0.3061634600162506
data/raw/osu_lora/Diff_Days_Indoor_Setup/Day5/Device17/IQ_1.dat,38,2979162,15,15,1,test,diff_days_indoor,5,0,0,0,0,0,0.3639359772205353
data/raw/osu_lora/Diff_Days_Indoor_Setup/Day5/Device17/IQ_1.dat,39,3057561,15,23,0,test,diff_days_indoor,5,0,0,0,0,0,0.37696489691734314
data/raw/osu_lora/Diff_Days_Indoor_Setup/Day5/Device17/IQ_1.dat,40,3135960,15,23,0,test,diff_days_indoor,5,0,0,0,0,0,0.39833205938339233
data/raw/osu_lora/Diff_Days_Indoor_Setup/Day5/Device17/IQ_1.dat,41,3214359,15,15,1,test,diff_days_indoor,5,0,0,0,0,0,0.36931437253952026
data/raw/osu_lora/Diff_Days_Indoor_Setup/Day5/Device17/IQ_1.dat,42,3292758,15,22,0,test,diff_days_indoor,5,0,0,0,0,0,0.5598576664924622
data/raw/osu_lora/Diff_Days_Indoor_Setup/Day5/Device17/IQ_1.dat,43,3371157,15,22,0,test,diff_days_indoor,5,0,0,0,0,0,0.3889227509498596
data/raw/osu_lora/Diff_Days_Indoor_Setup/Day5/Device17/IQ_1.dat,44,3449556,15,22,0,test,diff_days_indoor,5,0,0,0,0,0,0.4637756943702698
data/raw/osu_lora/Diff_Days_Indoor_Setup/Day5/Device17/IQ_1.dat,45,3527955,15,15,1,test,diff_days_indoor,5,0,0,0,0,0,0.3650773763656616
data/raw/osu_lora/Diff_Days_Indoor_Setup/Day5/Device17/IQ_1.dat,46,3606354,15,23,0,test,diff_days_indoor,5,0,0,0,0,0,0.3519819378852844
data/raw/osu_lora/Diff_Days_Indoor_Setup/Day5/Device17/IQ_1.dat,47,3684753,15,23,0,test,diff_days_indoor,5,0,0,0,0,0,0.3947882354259491
data/raw/osu_lora/Diff_Days_Indoor_Setup/Day5/Device17/IQ_1.dat,48,3763152,15,7,0,test,diff_days_indoor,5,0,0,0,0,0,0.35218846797943115
data/raw/osu_lora/Diff_Days_Indoor_Setup/Day5/Device17/IQ_1.dat,49,3841551,15,22,0,test,diff_days_indoor,5,0,0,0,0,0,0.5982128381729126
data/raw/osu_lora/Diff_Days_Indoor_Setup/Day5/Device17/IQ_1.dat,50,3919950,15,22,0,test,diff_days_indoor,5,0,0,0,0,0,0.341356098651886
data/raw/osu_lora/Diff_Days_Indoor_Setup/Day5/Device17/IQ_1.dat,51,3998349,15,22,0,test,diff_days_indoor,5,0,0,0,0,0,0.7117593884468079
data/raw/osu_lora/Diff_Days_Indoor_Setup/Day5/Device17/IQ_1.dat,52,4076748,15,22,0,test,diff_days_indoor,5,0,0,0,0,0,0.3789820373058319
data/raw/osu_lora/Diff_Days_Indoor_Setup/Day5/Device17/IQ_1.dat,53,4155147,15,19,0,test,diff_days_indoor,5,0,0,0,0,0,0.35661184787750244
data/raw/osu_lora/Diff_Days_Indoor_Setup/Day5/Device17/IQ_1.dat,54,4233546,15,22,0,test,diff_days_indoor,5,0,0,0,0,0,0.3135254979133606
data/raw/osu_lora/Diff_Days_Indoor_Setup/Day5/Device17/IQ_1.dat,55,4311945,15,23,0,test,diff_days_indoor,5,0,0,0,0,0,0.34546905755996704
data/raw/osu_lora/Diff_Days_Indoor_Setup/Day5/Device17/IQ_1.dat,56,4390344,15,19,0,test,diff_days_indoor,5,0,0,0,0,0,0.36219239234924316
data/raw/osu_lora/Diff_Days_Indoor_Setup/Day5/Device17/IQ_1.dat,57,4468743,15,15,1,test,diff_days_indoor,5,0,0,0,0,0,0.5073367357254028
data/raw/osu_lora/Diff_Days_Indoor_Setup/Day5/Device17/IQ_1.dat,58,4547142,15,15,1,test,diff_days_indoor,5,0,0,0,0,0,0.40373942255973816
data/raw/osu_lora/Diff_Days_Indoor_Setup/Day5/Device17/IQ_1.dat,59,4625541,15,22,0,test,diff_days_indoor,5,0,0,0,0,0,0.4906660318374634
data/raw/osu_lora/Diff_Days_Indoor_Setup/Day5/Device17/IQ_1.dat,60,4703940,15,23,0,test,diff_days_indoor,5,0,0,0,0,0,0.34874746203422546
data/raw/osu_lora/Diff_Days_Indoor_Setup/Day5/Device17/IQ_1.dat,61,4782339,15,22,0,test,diff_days_indoor,5,0,0,0,0,0,0.37698477506637573
data/raw/osu_lora/Diff_Days_Indoor_Setup/Day5/Device17/IQ_1.dat,62,4860738,15,22,0,test,diff_days_indoor,5,0,0,0,0,0,0.41226592659950256
data/raw/osu_lora/Diff_Days_Indoor_Setup/Day5/Device17/IQ_1.dat,63,4939137,15,22,0,test,diff_days_indoor,5,0,0,0,0,0,0.6416144967079163
data/raw/osu_lora/Diff_Days_Indoor_Setup/Day5/Device17/IQ_1.dat,64,5017536,15,23,0,test,diff_days_indoor,5,0,0,0,0,0,0.3244331479072571
data/raw/osu_lora/Diff_Days_Indoor_Setup/Day5/Device17/IQ_1.dat,65,5095935,15,23,0,test,diff_days_indoor,5,0,0,0,0,0,0.3316211700439453
data/raw/osu_lora/Diff_Days_Indoor_Setup/Day5/Device17/IQ_1.dat,66,5174334,15,15,1,test,diff_days_indoor,5,0,0,0,0,0,0.45809218287467957
data/raw/osu_lora/Diff_Days_Indoor_Setup/Day5/Device17/IQ_1.dat,67,5252733,15,22,0,test,diff_days_indoor,5,0,0,0,0,0,0.39330703020095825
data/raw/osu_lora/Diff_Days_Indoor_Setup/Day5/Device17/IQ_1.dat,68,5331132,15,22,0,test,diff_days_indoor,5,0,0,0,0,0,0.4478835463523865
data/raw/osu_lora/Diff_Days_Indoor_Setup/Day5/Device17/IQ_1.dat,69,5409531,15,22,0,test,diff_days_indoor,5,0,0,0,0,0,0.29584816098213196
data/raw/osu_lora/Diff_Days_Indoor_Setup/Day5/Device17/IQ_1.dat,70,5487930,15,22,0,test,diff_days_indoor,5,0,0,0,0,0,0.41891321539878845
data/raw/osu_lora/Diff_Days_Indoor_Setup/Day5/Device17/IQ_1.dat,71,5566329,15,22,0,test,diff_days_indoor,5,0,0,0,0,0,0.5655229091644287
data/raw/osu_lora/Diff_Days_Indoor_Setup/Day5/Device17/IQ_1.dat,72,5644728,15,15,1,test,diff_days_indoor,5,0,0,0,0,0,0.3449965715408325
data/raw/osu_lora/Diff_Days_Indoor_Setup/Day5/Device17/IQ_1.dat,73,5723127,15,23,0,test,diff_days_indoor,5,0,0,0,0,0,0.37113717198371887
data/raw/osu_lora/Diff_Days_Indoor_Setup/Day5/Device17/IQ_1.dat,74,5801526,15,22,0,test,diff_days_indoor,5,0,0,0,0,0,0.3489784300327301
data/raw/osu_lora/Diff_Days_Indoor_Setup/Day5/Device17/IQ_1.dat,75,5879925,15,22,0,test,diff_days_indoor,5,0,0,0,0,0,0.4270758330821991
data/raw/osu_lora/Diff_Days_Indoor_Setup/Day5/Device17/IQ_1.dat,76,5958324,15,23,0,test,diff_days_indoor,5,0,0,0,0,0,0.309175044298172
data/raw/osu_lora/Diff_Days_Indoor_Setup/Day5/Device17/IQ_1.dat,77,6036723,15,22,0,test,diff_days_indoor,5,0,0,0,0,0,0.599869430065155
data/raw/osu_lora/Diff_Days_Indoor_Setup/Day5/Device17/IQ_1.dat,78,6115122,15,21,0,test,diff_days_indoor,5,0,0,0,0,0,0.1751483678817749
data/raw/osu_lora/Diff_Days_Indoor_Setup/Day5/Device17/IQ_1.dat,79,6193521,15,22,0,test,diff_days_indoor,5,0,0,0,0,0,0.3417781591415405
data/raw/osu_lora/Diff_Days_Indoor_Setup/Day5/Device17/IQ_1.dat,80,6271920,15,22,0,test,diff_days_indoor,5,0,0,0,0,0,0.3859327733516693
data/raw/osu_lora/Diff_Days_Indoor_Setup/Day5/Device17/IQ_1.dat,81,6350319,15,15,1,test,diff_days_indoor,5,0,0,0,0,0,0.4811432659626007
data/raw/osu_lora/Diff_Days_Indoor_Setup/Day5/Device17/IQ_1.dat,82,6428718,15,15,1,test,diff_days_indoor,5,0,0,0,0,0,0.4384251832962036
data/raw/osu_lora/Diff_Days_Indoor_Setup/Day5/Device17/IQ_1.dat,83,6507117,15,15,1,test,diff_days_indoor,5,0,0,0,0,0,0.3783811330795288
data/raw/osu_lora/Diff_Days_Indoor_Setup/Day5/Device17/IQ_1.dat,84,6585516,15,19,0,test,diff_days_indoor,5,0,0,0,0,0,0.5950436592102051
data/raw/osu_lora/Diff_Days_Indoor_Setup/Day5/Device17/IQ_1.dat,85,6663915,15,15,1,test,diff_days_indoor,5,0,0,0,0,0,0.5097562074661255
data/raw/osu_lora/Diff_Days_Indoor_Setup/Day5/Device17/IQ_1.dat,86,6742314,15,23,0,test,diff_days_indoor,5,0,0,0,0,0,0.3365901708602905
data/raw/osu_lora/Diff_Days_Indoor_Setup/Day5/Device17/IQ_1.dat,87,6820713,15,23,0,test,diff_days_indoor,5,0,0,0,0,0,0.3331335484981537
data/raw/osu_lora/Diff_Days_Indoor_Setup/Day5/Device17/IQ_1.dat,88,6899112,15,15,1,test,diff_days_indoor,5,0,0,0,0,0,0.3750184178352356
data/raw/osu_lora/Diff_Days_Indoor_Setup/Day5/Device17/IQ_1.dat,89,6977511,15,15,1,test,diff_days_indoor,5,0,0,0,0,0,0.3187447786331177
data/raw/osu_lora/Diff_Days_Indoor_Setup/Day5/Device17/IQ_1.dat,90,7055910,15,22,0,test,diff_days_indoor,5,0,0,0,0,0,0.30584684014320374
data/raw/osu_lora/Diff_Days_Indoor_Setup/Day5/Device17/IQ_1.dat,91,7134309,15,23,0,test,diff_days_indoor,5,0,0,0,0,0,0.37911075353622437
data/raw/osu_lora/Diff_Days_Indoor_Setup/Day5/Device17/IQ_1.dat,92,7212708,15,15,1,test,diff_days_indoor,5,0,0,0,0,0,0.359331876039505
data/raw/osu_lora/Diff_Days_Indoor_Setup/Day5/Device17/IQ_1.dat,93,7291107,15,22,0,test,diff_days_indoor,5,0,0,0,0,0,0.4849541485309601
data/raw/osu_lora/Diff_Days_Indoor_Setup/Day5/Device17/IQ_1.dat,94,7369506,15,19,0,test,diff_days_indoor,5,0,0,0,0,0,0.3164813220500946
data/raw/osu_lora/Diff_Days_Indoor_Setup/Day5/Device17/IQ_1.dat,95,7447905,15,15,1,test,diff_days_indoor,5,0,0,0,0,0,0.3332318067550659
data/raw/osu_lora/Diff_Days_Indoor_Setup/Day5/Device17/IQ_1.dat,96,7526304,15,22,0,test,diff_days_indoor,5,0,0,0,0,0,0.6129546165466309
data/raw/osu_lora/Diff_Days_Indoor_Setup/Day5/Device17/IQ_1.dat,97,7604703,15,15,1,test,diff_days_indoor,5,0,0,0,0,0,0.5037710070610046
data/raw/osu_lora/Diff_Days_Indoor_Setup/Day5/Device17/IQ_1.dat,98,7683102,15,15,1,test,diff_days_indoor,5,0,0,0,0,0,0.32306453585624695
data/raw/osu_lora/Diff_Days_Indoor_Setup/Day5/Device17/IQ_1.dat,99,7761501,15,23,0,test,diff_days_indoor,5,0,0,0,0,0,0.4570423364639282
data/raw/osu_lora/Diff_Days_Indoor_Setup/Day5/Device17/IQ_1.dat,100,7839900,15,23,0,test,diff_days_indoor,5,0,0,0,0,0,0.3631823658943176
data/raw/osu_lora/Diff_Days_Indoor_Setup/Day5/Device17/IQ_1.dat,101,7918299,15,22,0,test,diff_days_indoor,5,0,0,0,0,0,0.41840097308158875
data/raw/osu_lora/Diff_Days_Indoor_Setup/Day5/Device17/IQ_1.dat,102,7996698,15,22,0,test,diff_days_indoor,5,0,0,0,0,0,0.35597357153892517
data/raw/osu_lora/Diff_Days_Indoor_Setup/Day5/Device17/IQ_1.dat,103,8075097,15,22,0,test,diff_days_indoor,5,0,0,0,0,0,0.3231546878814697
data/raw/osu_lora/Diff_Days_Indoor_Setup/Day5/Device17/IQ_1.dat,104,8153496,15,22,0,test,diff_days_indoor,5,0,0,0,0,0,0.45415499806404114
data/raw/osu_lora/Diff_Days_Indoor_Setup/Day5/Device17/IQ_1.dat,105,8231895,15,22,0,test,diff_days_indoor,5,0,0,0,0,0,0.322052001953125
data/raw/osu_lora/Diff_Days_Indoor_Setup/Day5/Device17/IQ_1.dat,106,8310294,15,23,0,test,diff_days_indoor,5,0,0,0,0,0,0.3253972828388214
data/raw/osu_lora/Diff_Days_Indoor_Setup/Day5/Device17/IQ_1.dat,107,8388693,15,22,0,test,diff_days_indoor,5,0,0,0,0,0,0.3540695309638977
data/raw/osu_lora/Diff_Days_Indoor_Setup/Day5/Device17/IQ_1.dat,108,8467092,15,7,0,test,diff_days_indoor,5,0,0,0,0,0,0.33321964740753174
data/raw/osu_lora/Diff_Days_Indoor_Setup/Day5/Device17/IQ_1.dat,109,8545491,15,19,0,test,diff_days_indoor,5,0,0,0,0,0,0.3048524856567383
data/raw/osu_lora/Diff_Days_Indoor_Setup/Day5/Device17/IQ_1.dat,110,8623890,15,22,0,test,diff_days_indoor,5,0,0,0,0,0,0.5608128905296326
data/raw/osu_lora/Diff_Days_Indoor_Setup/Day5/Device17/IQ_1.dat,111,8702289,15,22,0,test,diff_days_indoor,5,0,0,0,0,0,0.3827578127384186
data/raw/osu_lora/Diff_Days_Indoor_Setup/Day5/Device17/IQ_1.dat,112,8780688,15,22,0,test,diff_days_indoor,5,0,0,0,0,0,0.6874271035194397
data/raw/osu_lora/Diff_Days_Indoor_Setup/Day5/Device17/IQ_1.dat,113,8859087,15,7,0,test,diff_days_indoor,5,0,0,0,0,0,0.26593199372291565
data/raw/osu_lora/Diff_Days_Indoor_Setup/Day5/Device17/IQ_1.dat,114,8937486,15,22,0,test,diff_days_indoor,5,0,0,0,0,0,0.4782014489173889
data/raw/osu_lora/Diff_Days_Indoor_Setup/Day5/Device17/IQ_1.dat,115,9015885,15,22,0,test,diff_days_indoor,5,0,0,0,0,0,0.32174041867256165
data/raw/osu_lora/Diff_Days_Indoor_Setup/Day5/Device17/IQ_1.dat,116,9094284,15,15,1,test,diff_days_indoor,5,0,0,0,0,0,0.36387836933135986
data/raw/osu_lora/Diff_Days_Indoor_Setup/Day5/Device17/IQ_1.dat,117,9172683,15,22,0,test,diff_days_indoor,5,0,0,0,0,0,0.4647112190723419
data/raw/osu_lora/Diff_Days_Indoor_Setup/Day5/Device17/IQ_1.dat,118,9251082,15,19,0,test,diff_days_indoor,5,0,0,0,0,0,0.32795849442481995
data/raw/osu_lora/Diff_Days_Indoor_Setup/Day5/Device17/IQ_1.dat,119,9329481,15,15,1,test,diff_days_indoor,5,0,0,0,0,0,0.3157418966293335
data/raw/osu_lora/Diff_Days_Indoor_Setup/Day5/Device17/IQ_1.dat,120,9407880,15,23,0,test,diff_days_indoor,5,0,0,0,0,0,0.42927512526512146
data/raw/osu_lora/Diff_Days_Indoor_Setup/Day5/Device17/IQ_1.dat,121,9486279,15,15,1,test,diff_days_indoor,5,0,0,0,0,0,0.35074758529663086
data/raw/osu_lora/Diff_Days_Indoor_Setup/Day5/Device17/IQ_1.dat,122,9564678,15,15,1,test,diff_days_indoor,5,0,0,0,0,0,0.299485445022583
data/raw/osu_lora/Diff_Days_Indoor_Setup/Day5/Device17/IQ_1.dat,123,9643077,15,22,0,test,diff_days_indoor,5,0,0,0,0,0,0.7180149555206299
data/raw/osu_lora/Diff_Days_Indoor_Setup/Day5/Device17/IQ_1.dat,124,9721476,15,23,0,test,diff_days_indoor,5,0,0,0,0,0,0.3556811809539795
data/raw/osu_lora/Diff_Days_Indoor_Setup/Day5/Device17/IQ_1.dat,125,9799875,15,22,0,test,diff_days_indoor,5,0,0,0,0,0,0.3735966682434082
data/raw/osu_lora/Diff_Days_Indoor_Setup/Day5/Device17/IQ_1.dat,126,9878274,15,23,0,test,diff_days_indoor,5,0,0,0,0,0,0.3237302005290985
data/raw/osu_lora/Diff_Days_Indoor_Setup/Day5/Device17/IQ_1.dat,127,9956673,15,22,0,test,diff_days_indoor,5,0,0,0,0,0,0.3523789644241333
data/raw/osu_lora/Diff_Days_Indoor_Setup/Day5/Device17/IQ_1.dat,128,10035072,15,23,0,test,diff_days_indoor,5,0,0,0,0,0,0.37399497628211975
data/raw/osu_lora/Diff_Days_Indoor_Setup/Day5/Device17/IQ_1.dat,129,10113471,15,15,1,test,diff_days_indoor,5,0,0,0,0,0,0.3362381160259247
data/raw/osu_lora/Diff_Days_Indoor_Setup/Day5/Device17/IQ_1.dat,130,10191870,15,23,0,test,diff_days_indoor,5,0,0,0,0,0,0.4058932363986969
data/raw/osu_lora/Diff_Days_Indoor_Setup/Day5/Device17/IQ_1.dat,131,10270269,15,15,1,test,diff_days_indoor,5,0,0,0,0,0,0.33816424012184143
data/raw/osu_lora/Diff_Days_Indoor_Setup/Day5/Device17/IQ_1.dat,132,10348668,15,22,0,test,diff_days_indoor,5,0,0,0,0,0,0.3718249201774597
data/raw/osu_lora/Diff_Days_Indoor_Setup/Day5/Device17/IQ_1.dat,133,10427067,15,23,0,test,diff_days_indoor,5,0,0,0,0,0,0.3365151882171631
data/raw/osu_lora/Diff_Days_Indoor_Setup/Day5/Device17/IQ_1.dat,134,10505466,15,23,0,test,diff_days_indoor,5,0,0,0,0,0,0.3222636580467224
data/raw/osu_lora/Diff_Days_Indoor_Setup/Day5/Device17/IQ_1.dat,135,10583865,15,22,0,test,diff_days_indoor,5,0,0,0,0,0,0.7357020974159241
data/raw/osu_lora/Diff_Days_Indoor_Setup/Day5/Device17/IQ_1.dat,136,10662264,15,23,0,test,diff_days_indoor,5,0,0,0,0,0,0.36107319593429565
data/raw/osu_lora/Diff_Days_Indoor_Setup/Day5/Device17/IQ_1.dat,137,10740663,15,15,1,test,diff_days_indoor,5,0,0,0,0,0,0.3870891034603119
data/raw/osu_lora/Diff_Days_Indoor_Setup/Day5/Device17/IQ_1.dat,138,10819062,15,22,0,test,diff_days_indoor,5,0,0,0,0,0,0.3121083378791809
data/raw/osu_lora/Diff_Days_Indoor_Setup/Day5/Device17/IQ_1.dat,139,10897461,15,22,0,test,diff_days_indoor,5,0,0,0,0,0,0.3795420527458191
data/raw/osu_lora/Diff_Days_Indoor_Setup/Day5/Device17/IQ_1.dat,140,10975860,15,23,0,test,diff_days_indoor,5,0,0,0,0,0,0.3549419343471527
data/raw/osu_lora/Diff_Days_Indoor_Setup/Day5/Device17/IQ_1.dat,141,11054259,15,23,0,test,diff_days_indoor,5,0,0,0,0,0,0.2873585522174835
data/raw/osu_lora/Diff_Days_Indoor_Setup/Day5/Device17/IQ_1.dat,142,11132658,15,22,0,test,diff_days_indoor,5,0,0,0,0,0,0.4569506049156189
data/raw/osu_lora/Diff_Days_Indoor_Setup/Day5/Device17/IQ_1.dat,143,11211057,15,23,0,test,diff_days_indoor,5,0,0,0,0,0,0.46181508898735046
data/raw/osu_lora/Diff_Days_Indoor_Setup/Day5/Device17/IQ_1.dat,144,11289456,15,15,1,test,diff_days_indoor,5,0,0,0,0,0,0.34832870960235596
data/raw/osu_lora/Diff_Days_Indoor_Setup/Day5/Device17/IQ_1.dat,145,11367855,15,22,0,test,diff_days_indoor,5,0,0,0,0,0,0.3110002279281616
data/raw/osu_lora/Diff_Days_Indoor_Setup/Day5/Device17/IQ_1.dat,146,11446254,15,22,0,test,diff_days_indoor,5,0,0,0,0,0,0.437622994184494
data/raw/osu_lora/Diff_Days_Indoor_Setup/Day5/Device17/IQ_1.dat,147,11524653,15,22,0,test,diff_days_indoor,5,0,0,0,0,0,0.4932900369167328
data/raw/osu_lora/Diff_Days_Indoor_Setup/Day5/Device17/IQ_1.dat,148,11603052,15,22,0,test,diff_days_indoor,5,0,0,0,0,0,0.3410584628582001
data/raw/osu_lora/Diff_Days_Indoor_Setup/Day5/Device17/IQ_1.dat,149,11681451,15,22,0,test,diff_days_indoor,5,0,0,0,0,0,0.45598331093788147
data/raw/osu_lora/Diff_Days_Indoor_Setup/Day5/Device17/IQ_1.dat,150,11759850,15,22,0,test,diff_days_indoor,5,0,0,0,0,0,0.5064436793327332
data/raw/osu_lora/Diff_Days_Indoor_Setup/Day5/Device17/IQ_1.dat,151,11838249,15,22,0,test,diff_days_indoor,5,0,0,0,0,0,0.3103306293487549
data/raw/osu_lora/Diff_Days_Indoor_Setup/Day5/Device17/IQ_1.dat,152,11916648,15,23,0,test,diff_days_indoor,5,0,0,0,0,0,0.3786199986934662
data/raw/osu_lora/Diff_Days_Indoor_Setup/Day5/Device17/IQ_1.dat,153,11995047,15,22,0,test,diff_days_indoor,5,0,0,0,0,0,0.41524580121040344
data/raw/osu_lora/Diff_Days_Indoor_Setup/Day5/Device17/IQ_1.dat,154,12073446,15,15,1,test,diff_days_indoor,5,0,0,0,0,0,0.4342884421348572
data/raw/osu_lora/Diff_Days_Indoor_Setup/Day5/Device17/IQ_1.dat,155,12151845,15,22,0,test,diff_days_indoor,5,0,0,0,0,0,0.5546783208847046
data/raw/osu_lora/Diff_Days_Indoor_Setup/Day5/Device17/IQ_1.dat,156,12230244,15,23,0,test,diff_days_indoor,5,0,0,0,0,0,0.3627595007419586
data/raw/osu_lora/Diff_Days_Indoor_Setup/Day5/Device17/IQ_1.dat,157,12308643,15,23,0,test,diff_days_indoor,5,0,0,0,0,0,0.3357759714126587
data/raw/osu_lora/Diff_Days_Indoor_Setup/Day5/Device17/IQ_1.dat,158,12387042,15,15,1,test,diff_days_indoor,5,0,0,0,0,0,0.4006043076515198
data/raw/osu_lora/Diff_Days_Indoor_Setup/Day5/Device17/IQ_1.dat,159,12465441,15,23,0,test,diff_days_indoor,5,0,0,0,0,0,0.4033440053462982
data/raw/osu_lora/Diff_Days_Indoor_Setup/Day5/Device17/IQ_1.dat,160,12543840,15,19,0,test,diff_days_indoor,5,0,0,0,0,0,0.33018162846565247
data/raw/osu_lora/Diff_Days_Indoor_Setup/Day5/Device17/IQ_1.dat,161,12622239,15,22,0,test,diff_days_indoor,5,0,0,0,0,0,0.33005887269973755
data/raw/osu_lora/Diff_Days_Indoor_Setup/Day5/Device17/IQ_1.dat,162,12700638,15,22,0,test,diff_days_indoor,5,0,0,0,0,0,0.44397127628326416
data/raw/osu_lora/Diff_Days_Indoor_Setup/Day5/Device17/IQ_1.dat,163,12779037,15,22,0,test,diff_days_indoor,5,0,0,0,0,0,0.526201605796814
data/raw/osu_lora/Diff_Days_Indoor_Setup/Day5/Device17/IQ_1.dat,164,12857436,15,15,1,test,diff_days_indoor,5,0,0,0,0,0,0.37492063641548157
data/raw/osu_lora/Diff_Days_Indoor_Setup/Day5/Device17/IQ_1.dat,165,12935835,15,23,0,test,diff_days_indoor,5,0,0,0,0,0,0.31487807631492615
data/raw/osu_lora/Diff_Days_Indoor_Setup/Day5/Device17/IQ_1.dat,166,13014234,15,23,0,test,diff_days_indoor,5,0,0,0,0,0,0.34415432810783386
data/raw/osu_lora/Diff_Days_Indoor_Setup/Day5/Device17/IQ_1.dat,167,13092633,15,23,0,test,diff_days_indoor,5,0,0,0,0,0,0.29148998856544495
data/raw/osu_lora/Diff_Days_Indoor_Setup/Day5/Device17/IQ_1.dat,168,13171032,15,22,0,test,diff_days_indoor,5,0,0,0,0,0,0.4663343131542206
data/raw/osu_lora/Diff_Days_Indoor_Setup/Day5/Device17/IQ_1.dat,169,13249431,15,22,0,test,diff_days_indoor,5,0,0,0,0,0,0.7750768065452576
data/raw/osu_lora/Diff_Days_Indoor_Setup/Day5/Device17/IQ_1.dat,170,13327830,15,23,0,test,diff_days_indoor,5,0,0,0,0,0,0.3743300437927246
data/raw/osu_lora/Diff_Days_Indoor_Setup/Day5/Device17/IQ_1.dat,171,13406229,15,22,0,test,diff_days_indoor,5,0,0,0,0,0,0.35231050848960876
data/raw/osu_lora/Diff_Days_Indoor_Setup/Day5/Device17/IQ_1.dat,172,13484628,15,15,1,test,diff_days_indoor,5,0,0,0,0,0,0.36212167143821716
data/raw/osu_lora/Diff_Days_Indoor_Setup/Day5/Device17/IQ_1.dat,173,13563027,15,15,1,test,diff_days_indoor,5,0,0,0,0,0,0.5116336345672607
data/raw/osu_lora/Diff_Days_Indoor_Setup/Day5/Device17/IQ_1.dat,174,13641426,15,22,0,test,diff_days_indoor,5,0,0,0,0,0,0.3126809895038605
data/raw/osu_lora/Diff_Days_Indoor_Setup/Day5/Device17/IQ_1.dat,175,13719825,15,23,0,test,diff_days_indoor,5,0,0,0,0,0,0.44940119981765747
data/raw/osu_lora/Diff_Days_Indoor_Setup/Day5/Device17/IQ_1.dat,176,13798224,15,19,0,test,diff_days_indoor,5,0,0,0,0,0,0.6316019892692566
data/raw/osu_lora/Diff_Days_Indoor_Setup/Day5/Device17/IQ_1.dat,177,13876623,15,15,1,test,diff_days_indoor,5,0,0,0,0,0,0.386320024728775
data/raw/osu_lora/Diff_Days_Indoor_Setup/Day5/Device17/IQ_1.dat,178,13955022,15,15,1,test,diff_days_indoor,5,0,0,0,0,0,0.4856344163417816
data/raw/osu_lora/Diff_Days_Indoor_Setup/Day5/Device17/IQ_1.dat,179,14033421,15,22,0,test,diff_days_indoor,5,0,0,0,0,0,0.6332188248634338
data/raw/osu_lora/Diff_Days_Indoor_Setup/Day5/Device17/IQ_1.dat,180,14111820,15,22,0,test,diff_days_indoor,5,0,0,0,0,0,0.4333573877811432
data/raw/osu_lora/Diff_Days_Indoor_Setup/Day5/Device17/IQ_1.dat,181,14190219,15,23,0,test,diff_days_indoor,5,0,0,0,0,0,0.3457689881324768
data/raw/osu_lora/Diff_Days_Indoor_Setup/Day5/Device17/IQ_1.dat,182,14268618,15,23,0,test,diff_days_indoor,5,0,0,0,0,0,0.3309783339500427
data/raw/osu_lora/Diff_Days_Indoor_Setup/Day5/Device17/IQ_1.dat,183,14347017,15,22,0,test,diff_days_indoor,5,0,0,0,0,0,0.3537273406982422
data/raw/osu_lora/Diff_Days_Indoor_Setup/Day5/Device17/IQ_1.dat,184,14425416,15,22,0,test,diff_days_indoor,5,0,0,0,0,0,0.3407926857471466
data/raw/osu_lora/Diff_Days_Indoor_Setup/Day5/Device17/IQ_1.dat,185,14503815,15,22,0,test,diff_days_indoor,5,0,0,0,0,0,0.3375765383243561
data/raw/osu_lora/Diff_Days_Indoor_Setup/Day5/Device17/IQ_1.dat,186,14582214,15,23,0,test,diff_days_indoor,5,0,0,0,0,0,0.32113203406333923
data/raw/osu_lora/Diff_Days_Indoor_Setup/Day5/Device17/IQ_1.dat,187,14660613,15,19,0,test,diff_days_indoor,5,0,0,0,0,0,0.5238423943519592
data/raw/osu_lora/Diff_Days_Indoor_Setup/Day5/Device17/IQ_1.dat,188,14739012,15,15,1,test,diff_days_indoor,5,0,0,0,0,0,0.38002729415893555
data/raw/osu_lora/Diff_Days_Indoor_Setup/Day5/Device17/IQ_1.dat,189,14817411,15,22,0,test,diff_days_indoor,5,0,0,0,0,0,0.5536710619926453
data/raw/osu_lora/Diff_Days_Indoor_Setup/Day5/Device17/IQ_1.dat,190,14895810,15,22,0,test,diff_days_indoor,5,0,0,0,0,0,0.435397207736969
data/raw/osu_lora/Diff_Days_Indoor_Setup/Day5/Device17/IQ_1.dat,191,14974209,15,23,0,test,diff_days_indoor,5,0,0,0,0,0,0.36200353503227234
data/raw/osu_lora/Diff_Days_Indoor_Setup/Day5/Device17/IQ_1.dat,192,15052608,15,15,1,test,diff_days_indoor,5,0,0,0,0,0,0.32286059856414795
data/raw/osu_lora/Diff_Days_Indoor_Setup/Day5/Device17/IQ_1.dat,193,15131007,15,15,1,test,diff_days_indoor,5,0,0,0,0,0,0.47611454129219055
data/raw/osu_lora/Diff_Days_Indoor_Setup/Day5/Device17/IQ_1.dat,194,15209406,15,22,0,test,diff_days_indoor,5,0,0,0,0,0,0.38679611682891846
data/raw/osu_lora/Diff_Days_Indoor_Setup/Day5/Device17/IQ_1.dat,195,15287805,15,17,0,test,diff_days_indoor,5,0,0,0,0,0,0.35074514150619507
data/raw/osu_lora/Diff_Days_Indoor_Setup/Day5/Device17/IQ_1.dat,196,15366204,15,5,0,test,diff_days_indoor,5,0,0,0,0,0,0.42087727785110474
data/raw/osu_lora/Diff_Days_Indoor_Setup/Day5/Device17/IQ_1.dat,197,15444603,15,22,0,test,diff_days_indoor,5,0,0,0,0,0,0.32675832509994507
data/raw/osu_lora/Diff_Days_Indoor_Setup/Day5/Device17/IQ_1.dat,198,15523002,15,17,0,test,diff_days_indoor,5,0,0,0,0,0,0.11685187369585037
data/raw/osu_lora/Diff_Days_Indoor_Setup/Day5/Device17/IQ_1.dat,199,15601401,15,22,0,test,diff_days_indoor,5,0,0,0,0,0,0.5706257820129395
data/raw/osu_lora/Diff_Days_Indoor_Setup/Day5/Device17/IQ_1.dat,200,15679800,15,22,0,test,diff_days_indoor,5,0,0,0,0,0,0.3845064043998718
data/raw/osu_lora/Diff_Days_Indoor_Setup/Day5/Device17/IQ_1.dat,201,15758199,15,23,0,test,diff_days_indoor,5,0,0,0,0,0,0.3251999318599701
data/raw/osu_lora/Diff_Days_Indoor_Setup/Day5/Device17/IQ_1.dat,202,15836598,15,15,1,test,diff_days_indoor,5,0,0,0,0,0,0.32365143299102783
data/raw/osu_lora/Diff_Days_Indoor_Setup/Day5/Device17/IQ_1.dat,203,15914997,15,23,0,test,diff_days_indoor,5,0,0,0,0,0,0.39549121260643005
data/raw/osu_lora/Diff_Days_Indoor_Setup/Day5/Device17/IQ_1.dat,204,15993396,15,22,0,test,diff_days_indoor,5,0,0,0,0,0,0.4326172173023224
data/raw/osu_lora/Diff_Days_Indoor_Setup/Day5/Device17/IQ_1.dat,205,16071795,15,17,0,test,diff_days_indoor,5,0,0,0,0,0,0.3494741916656494
data/raw/osu_lora/Diff_Days_Indoor_Setup/Day5/Device17/IQ_1.dat,206,16150194,15,23,0,test,diff_days_indoor,5,0,0,0,0,0,0.29975882172584534
data/raw/osu_lora/Diff_Days_Indoor_Setup/Day5/Device17/IQ_1.dat,207,16228593,15,23,0,test,diff_days_indoor,5,0,0,0,0,0,0.3117976486682892
data/raw/osu_lora/Diff_Days_Indoor_Setup/Day5/Device17/IQ_1.dat,208,16306992,15,22,0,test,diff_days_indoor,5,0,0,0,0,0,0.44831573963165283
data/raw/osu_lora/Diff_Days_Indoor_Setup/Day5/Device17/IQ_1.dat,209,16385391,15,15,1,test,diff_days_indoor,5,0,0,0,0,0,0.42292043566703796
data/raw/osu_lora/Diff_Days_Indoor_Setup/Day5/Device17/IQ_1.dat,210,16463790,15,15,1,test,diff_days_indoor,5,0,0,0,0,0,0.41992804408073425
data/raw/osu_lora/Diff_Days_Indoor_Setup/Day5/Device17/IQ_1.dat,211,16542189,15,17,0,test,diff_days_indoor,5,0,0,0,0,0,0.4197629392147064
data/raw/osu_lora/Diff_Days_Indoor_Setup/Day5/Device17/IQ_1.dat,212,16620588,15,22,0,test,diff_days_indoor,5,0,0,0,0,0,0.35439130663871765
data/raw/osu_lora/Diff_Days_Indoor_Setup/Day5/Device17/IQ_1.dat,213,16698987,15,22,0,test,diff_days_indoor,5,0,0,0,0,0,0.4743112027645111
data/raw/osu_lora/Diff_Days_Indoor_Setup/Day5/Device17/IQ_1.dat,214,16777386,15,15,1,test,diff_days_indoor,5,0,0,0,0,0,0.3849627673625946
data/raw/osu_lora/Diff_Days_Indoor_Setup/Day5/Device17/IQ_1.dat,215,16855785,15,7,0,test,diff_days_indoor,5,0,0,0,0,0,0.3880922496318817
data/raw/osu_lora/Diff_Days_Indoor_Setup/Day5/Device17/IQ_1.dat,216,16934184,15,22,0,test,diff_days_indoor,5,0,0,0,0,0,0.5442920327186584
data/raw/osu_lora/Diff_Days_Indoor_Setup/Day5/Device17/IQ_1.dat,217,17012583,15,15,1,test,diff_days_indoor,5,0,0,0,0,0,0.4746016561985016
data/raw/osu_lora/Diff_Days_Indoor_Setup/Day5/Device17/IQ_1.dat,218,17090982,15,22,0,test,diff_days_indoor,5,0,0,0,0,0,0.5161915421485901
data/raw/osu_lora/Diff_Days_Indoor_Setup/Day5/Device17/IQ_1.dat,219,17169381,15,15,1,test,diff_days_indoor,5,0,0,0,0,0,0.41995495557785034
data/raw/osu_lora/Diff_Days_Indoor_Setup/Day5/Device17/IQ_1.dat,220,17247780,15,15,1,test,diff_days_indoor,5,0,0,0,0,0,0.38941827416419983
data/raw/osu_lora/Diff_Days_Indoor_Setup/Day5/Device17/IQ_1.dat,221,17326179,15,15,1,test,diff_days_indoor,5,0,0,0,0,0,0.38282519578933716
data/raw/osu_lora/Diff_Days_Indoor_Setup/Day5/Device17/IQ_1.dat,222,17404578,15,22,0,test,diff_days_indoor,5,0,0,0,0,0,0.5621110200881958
data/raw/osu_lora/Diff_Days_Indoor_Setup/Day5/Device17/IQ_1.dat,223,17482977,15,15,1,test,diff_days_indoor,5,0,0,0,0,0,0.3418343961238861
data/raw/osu_lora/Diff_Days_Indoor_Setup/Day5/Device17/IQ_1.dat,224,17561376,15,22,0,test,diff_days_indoor,5,0,0,0,0,0,0.35524097084999084
data/raw/osu_lora/Diff_Days_Indoor_Setup/Day5/Device17/IQ_1.dat,225,17639775,15,23,0,test,diff_days_indoor,5,0,0,0,0,0,0.3278622329235077
data/raw/osu_lora/Diff_Days_Indoor_Setup/Day5/Device17/IQ_1.dat,226,17718174,15,23,0,test,diff_days_indoor,5,0,0,0,0,0,0.4527115225791931
data/raw/osu_lora/Diff_Days_Indoor_Setup/Day5/Device17/IQ_1.dat,227,17796573,15,15,1,test,diff_days_indoor,5,0,0,0,0,0,0.3792097568511963
data/raw/osu_lora/Diff_Days_Indoor_Setup/Day5/Device17/IQ_1.dat,228,17874972,15,22,0,test,diff_days_indoor,5,0,0,0,0,0,0.730483889579773
data/raw/osu_lora/Diff_Days_Indoor_Setup/Day5/Device17/IQ_1.dat,229,17953371,15,23,0,test,diff_days_indoor,5,0,0,0,0,0,0.3883388042449951
data/raw/osu_lora/Diff_Days_Indoor_Setup/Day5/Device17/IQ_1.dat,230,18031770,15,22,0,test,diff_days_indoor,5,0,0,0,0,0,0.6294273734092712
data/raw/osu_lora/Diff_Days_Indoor_Setup/Day5/Device17/IQ_1.dat,231,18110169,15,23,0,test,diff_days_indoor,5,0,0,0,0,0,0.28142693638801575
data/raw/osu_lora/Diff_Days_Indoor_Setup/Day5/Device17/IQ_1.dat,232,18188568,15,15,1,test,diff_days_indoor,5,0,0,0,0,0,0.44940441846847534
data/raw/osu_lora/Diff_Days_Indoor_Setup/Day5/Device17/IQ_1.dat,233,18266967,15,22,0,test,diff_days_indoor,5,0,0,0,0,0,0.21679408848285675
data/raw/osu_lora/Diff_Days_Indoor_Setup/Day5/Device17/IQ_1.dat,234,18345366,15,22,0,test,diff_days_indoor,5,0,0,0,0,0,0.44552865624427795
data/raw/osu_lora/Diff_Days_Indoor_Setup/Day5/Device17/IQ_1.dat,235,18423765,15,22,0,test,diff_days_indoor,5,0,0,0,0,0,0.5274970531463623
data/raw/osu_lora/Diff_Days_Indoor_Setup/Day5/Device17/IQ_1.dat,236,18502164,15,23,0,test,diff_days_indoor,5,0,0,0,0,0,0.4151039719581604
data/raw/osu_lora/Diff_Days_Indoor_Setup/Day5/Device17/IQ_1.dat,237,18580563,15,22,0,test,diff_days_indoor,5,0,0,0,0,0,0.5600557327270508
data/raw/osu_lora/Diff_Days_Indoor_Setup/Day5/Device17/IQ_1.dat,238,18658962,15,23,0,test,diff_days_indoor,5,0,0,0,0,0,0.42070138454437256
data/raw/osu_lora/Diff_Days_Indoor_Setup/Day5/Device17/IQ_1.dat,239,18737361,15,23,0,test,diff_days_indoor,5,0,0,0,0,0,0.33308911323547363
data/raw/osu_lora/Diff_Days_Indoor_Setup/Day5/Device17/IQ_1.dat,240,18815760,15,23,0,test,diff_days_indoor,5,0,0,0,0,0,0.4412599802017212
data/raw/osu_lora/Diff_Days_Indoor_Setup/Day5/Device17/IQ_1.dat,241,18894159,15,23,0,test,diff_days_indoor,5,0,0,0,0,0,0.3794463574886322
data/raw/osu_lora/Diff_Days_Indoor_Setup/Day5/Device17/IQ_1.dat,242,18972558,15,22,0,test,diff_days_indoor,5,0,0,0,0,0,0.5759269595146179
data/raw/osu_lora/Diff_Days_Indoor_Setup/Day5/Device17/IQ_1.dat,243,19050957,15,22,0,test,diff_days_indoor,5,0,0,0,0,0,0.48560214042663574
data/raw/osu_lora/Diff_Days_Indoor_Setup/Day5/Device17/IQ_1.dat,244,19129356,15,15,1,test,diff_days_indoor,5,0,0,0,0,0,0.4236612617969513
data/raw/osu_lora/Diff_Days_Indoor_Setup/Day5/Device17/IQ_1.dat,245,19207755,15,22,0,test,diff_days_indoor,5,0,0,0,0,0,0.4061712324619293
data/raw/osu_lora/Diff_Days_Indoor_Setup/Day5/Device17/IQ_1.dat,246,19286154,15,23,0,test,diff_days_indoor,5,0,0,0,0,0,0.30642804503440857
data/raw/osu_lora/Diff_Days_Indoor_Setup/Day5/Device17/IQ_1.dat,247,19364553,15,22,0,test,diff_days_indoor,5,0,0,0,0,0,0.37511003017425537
data/raw/osu_lora/Diff_Days_Indoor_Setup/Day5/Device17/IQ_1.dat,248,19442952,15,23,0,test,diff_days_indoor,5,0,0,0,0,0,0.41342657804489136
data/raw/osu_lora/Diff_Days_Indoor_Setup/Day5/Device17/IQ_1.dat,249,19521351,15,22,0,test,diff_days_indoor,5,0,0,0,0,0,0.3116645812988281
data/raw/osu_lora/Diff_Days_Indoor_Setup/Day5/Device17/IQ_1.dat,250,19599750,15,15,1,test,diff_days_indoor,5,0,0,0,0,0,0.4793393909931183
data/raw/osu_lora/Diff_Days_Indoor_Setup/Day5/Device17/IQ_1.dat,251,19678149,15,23,0,test,diff_days_indoor,5,0,0,0,0,0,0.3193623423576355
data/raw/osu_lora/Diff_Days_Indoor_Setup/Day5/Device17/IQ_1.dat,252,19756548,15,22,0,test,diff_days_indoor,5,0,0,0,0,0,0.3933892846107483
data/raw/osu_lora/Diff_Days_Indoor_Setup/Day5/Device17/IQ_1.dat,253,19834947,15,23,0,test,diff_days_indoor,5,0,0,0,0,0,0.34339576959609985
data/raw/osu_lora/Diff_Days_Indoor_Setup/Day5/Device17/IQ_1.dat,254,19913346,15,23,0,test,diff_days_indoor,5,0,0,0,0,0,0.3261836767196655
data/raw/osu_lora/Diff_Days_Indoor_Setup/Day5/Device17/IQ_1.dat,255,19991745,15,23,0,test,diff_days_indoor,5,0,0,0,0,0,0.42533770203590393
data/raw/osu_lora/Diff_Days_Indoor_Setup/Day5/Device18/IQ_1.dat,0,0,16,13,0,test,diff_days_indoor,5,0,0,0,0,0,0.28811419010162354
data/raw/osu_lora/Diff_Days_Indoor_Setup/Day5/Device18/IQ_1.dat,1,78399,16,7,0,test,diff_days_indoor,5,0,0,0,0,0,0.5136895179748535
data/raw/osu_lora/Diff_Days_Indoor_Setup/Day5/Device18/IQ_1.dat,2,156798,16,16,1,test,diff_days_indoor,5,0,0,0,0,0,0.37659749388694763
data/raw/osu_lora/Diff_Days_Indoor_Setup/Day5/Device18/IQ_1.dat,3,235197,16,16,1,test,diff_days_indoor,5,0,0,0,0,0,0.34384116530418396
data/raw/osu_lora/Diff_Days_Indoor_Setup/Day5/Device18/IQ_1.dat,4,313596,16,16,1,test,diff_days_indoor,5,0,0,0,0,0,0.31863754987716675
data/raw/osu_lora/Diff_Days_Indoor_Setup/Day5/Device18/IQ_1.dat,5,391995,16,16,1,test,diff_days_indoor,5,0,0,0,0,0,0.33328157663345337
data/raw/osu_lora/Diff_Days_Indoor_Setup/Day5/Device18/IQ_1.dat,6,470394,16,13,0,test,diff_days_indoor,5,0,0,0,0,0,0.36115148663520813
data/raw/osu_lora/Diff_Days_Indoor_Setup/Day5/Device18/IQ_1.dat,7,548793,16,13,0,test,diff_days_indoor,5,0,0,0,0,0,0.3502209186553955
data/raw/osu_lora/Diff_Days_Indoor_Setup/Day5/Device18/IQ_1.dat,8,627192,16,16,1,test,diff_days_indoor,5,0,0,0,0,0,0.3825167715549469
data/raw/osu_lora/Diff_Days_Indoor_Setup/Day5/Device18/IQ_1.dat,9,705591,16,7,0,test,diff_days_indoor,5,0,0,0,0,0,0.34749168157577515
data/raw/osu_lora/Diff_Days_Indoor_Setup/Day5/Device18/IQ_1.dat,10,783990,16,16,1,test,diff_days_indoor,5,0,0,0,0,0,0.28296399116516113
data/raw/osu_lora/Diff_Days_Indoor_Setup/Day5/Device18/IQ_1.dat,11,862389,16,7,0,test,diff_days_indoor,5,0,0,0,0,0,0.2897976040840149
data/raw/osu_lora/Diff_Days_Indoor_Setup/Day5/Device18/IQ_1.dat,12,940788,16,16,1,test,diff_days_indoor,5,0,0,0,0,0,0.3711446225643158
data/raw/osu_lora/Diff_Days_Indoor_Setup/Day5/Device18/IQ_1.dat,13,1019187,16,7,0,test,diff_days_indoor,5,0,0,0,0,0,0.5562963485717773
data/raw/osu_lora/Diff_Days_Indoor_Setup/Day5/Device18/IQ_1.dat,14,1097586,16,13,0,test,diff_days_indoor,5,0,0,0,0,0,0.3616566061973572
data/raw/osu_lora/Diff_Days_Indoor_Setup/Day5/Device18/IQ_1.dat,15,1175985,16,13,0,test,diff_days_indoor,5,0,0,0,0,0,0.3500744104385376
data/raw/osu_lora/Diff_Days_Indoor_Setup/Day5/Device18/IQ_1.dat,16,1254384,16,16,1,test,diff_days_indoor,5,0,0,0,0,0,0.36269712448120117
data/raw/osu_lora/Diff_Days_Indoor_Setup/Day5/Device18/IQ_1.dat,17,1332783,16,13,0,test,diff_days_indoor,5,0,0,0,0,0,0.4106345772743225
data/raw/osu_lora/Diff_Days_Indoor_Setup/Day5/Device18/IQ_1.dat,18,1411182,16,12,0,test,diff_days_indoor,5,0,0,0,0,0,0.23410548269748688
data/raw/osu_lora/Diff_Days_Indoor_Setup/Day5/Device18/IQ_1.dat,19,1489581,16,7,0,test,diff_days_indoor,5,0,0,0,0,0,0.5695154666900635
data/raw/osu_lora/Diff_Days_Indoor_Setup/Day5/Device18/IQ_1.dat,20,1567980,16,16,1,test,diff_days_indoor,5,0,0,0,0,0,0.3950120210647583
data/raw/osu_lora/Diff_Days_Indoor_Setup/Day5/Device18/IQ_1.dat,21,1646379,16,13,0,test,diff_days_indoor,5,0,0,0,0,0,0.40542569756507874
data/raw/osu_lora/Diff_Days_Indoor_Setup/Day5/Device18/IQ_1.dat,22,1724778,16,16,1,test,diff_days_indoor,5,0,0,0,0,0,0.3395571708679199
data/raw/osu_lora/Diff_Days_Indoor_Setup/Day5/Device18/IQ_1.dat,23,1803177,16,16,1,test,diff_days_indoor,5,0,0,0,0,0,0.44708749651908875
data/raw/osu_lora/Diff_Days_Indoor_Setup/Day5/Device18/IQ_1.dat,24,1881576,16,16,1,test,diff_days_indoor,5,0,0,0,0,0,0.42909350991249084
data/raw/osu_lora/Diff_Days_Indoor_Setup/Day5/Device18/IQ_1.dat,25,1959975,16,7,0,test,diff_days_indoor,5,0,0,0,0,0,0.5862045884132385
data/raw/osu_lora/Diff_Days_Indoor_Setup/Day5/Device18/IQ_1.dat,26,2038374,16,16,1,test,diff_days_indoor,5,0,0,0,0,0,0.3549823462963104
data/raw/osu_lora/Diff_Days_Indoor_Setup/Day5/Device18/IQ_1.dat,27,2116773,16,16,1,test,diff_days_indoor,5,0,0,0,0,0,0.3290591835975647
data/raw/osu_lora/Diff_Days_Indoor_Setup/Day5/Device18/IQ_1.dat,28,2195172,16,16,1,test,diff_days_indoor,5,0,0,0,0,0,0.4242311716079712
data/raw/osu_lora/Diff_Days_Indoor_Setup/Day5/Device18/IQ_1.dat,29,2273571,16,16,1,test,diff_days_indoor,5,0,0,0,0,0,0.30068138241767883
data/raw/osu_lora/Diff_Days_Indoor_Setup/Day5/Device18/IQ_1.dat,30,2351970,16,16,1,test,diff_days_indoor,5,0,0,0,0,0,0.4567719101905823
data/raw/osu_lora/Diff_Days_Indoor_Setup/Day5/Device18/IQ_1.dat,31,2430369,16,13,0,test,diff_days_indoor,5,0,0,0,0,0,0.3985233008861542
data/raw/osu_lora/Diff_Days_Indoor_Setup/Day5/Device18/IQ_1.dat,32,2508768,16,16,1,test,diff_days_indoor,5,0,0,0,0,0,0.362309992313385
data/raw/osu_lora/Diff_Days_Indoor_Setup/Day5/Device18/IQ_1.dat,33,2587167,16,7,0,test,diff_days_indoor,5,0,0,0,0,0,0.6392742395401001
data/raw/osu_lora/Diff_Days_Indoor_Setup/Day5/Device18/IQ_1.dat,34,2665566,16,16,1,test,diff_days_indoor,5,0,0,0,0,0,0.3569284677505493
data/raw/osu_lora/Diff_Days_Indoor_Setup/Day5/Device18/IQ_1.dat,35,2743965,16,16,1,test,diff_days_indoor,5,0,0,0,0,0,0.3041977286338806
data/raw/osu_lora/Diff_Days_Indoor_Setup/Day5/Device18/IQ_1.dat,36,2822364,16,13,0,test,diff_days_indoor,5,0,0,0,0,0,0.18733787536621094
data/raw/osu_lora/Diff_Days_Indoor_Setup/Day5/Device18/IQ_1.dat,37,2900763,16,7,0,test,diff_days_indoor,5,0,0,0,0,0,0.3211411237716675
data/raw/osu_lora/Diff_Days_Indoor_Setup/Day5/Device18/IQ_1.dat,38,2979162,16,13,0,test,diff_days_indoor,5,0,0,0,0,0,0.38500481843948364
data/raw/osu_lora/Diff_Days_Indoor_Setup/Day5/Device18/IQ_1.dat,39,3057561,16,16,1,test,diff_days_indoor,5,0,0,0,0,0,0.44414275884628296
data/raw/osu_lora/Diff_Days_Indoor_Setup/Day5/Device18/IQ_1.dat,40,3135960,16,16,1,test,diff_days_indoor,5,0,0,0,0,0,0.3925727605819702
data/raw/osu_lora/Diff_Days_Indoor_Setup/Day5/Device18/IQ_1.dat,41,3214359,16,13,0,test,diff_days_indoor,5,0,0,0,0,0,0.4310052990913391
data/raw/osu_lora/Diff_Days_Indoor_Setup/Day5/Device18/IQ_1.dat,42,3292758,16,16,1,test,diff_days_indoor,5,0,0,0,0,0,0.40703848004341125
data/raw/osu_lora/Diff_Days_Indoor_Setup/Day5/Device18/IQ_1.dat,43,3371157,16,16,1,test,diff_days_indoor,5,0,0,0,0,0,0.36740636825561523
data/raw/osu_lora/Diff_Days_Indoor_Setup/Day5/Device18/IQ_1.dat,44,3449556,16,16,1,test,diff_days_indoor,5,0,0,0,0,0,0.2854084372520447
data/raw/osu_lora/Diff_Days_Indoor_Setup/Day5/Device18/IQ_1.dat,45,3527955,16,13,0,test,diff_days_indoor,5,0,0,0,0,0,0.35787254571914673
data/raw/osu_lora/Diff_Days_Indoor_Setup/Day5/Device18/IQ_1.dat,46,3606354,16,13,0,test,diff_days_indoor,5,0,0,0,0,0,0.43944916129112244
data/raw/osu_lora/Diff_Days_Indoor_Setup/Day5/Device18/IQ_1.dat,47,3684753,16,16,1,test,diff_days_indoor,5,0,0,0,0,0,0.30383118987083435
data/raw/osu_lora/Diff_Days_Indoor_Setup/Day5/Device18/IQ_1.dat,48,3763152,16,16,1,test,diff_days_indoor,5,0,0,0,0,0,0.3236416280269623
data/raw/osu_lora/Diff_Days_Indoor_Setup/Day5/Device18/IQ_1.dat,49,3841551,16,7,0,test,diff_days_indoor,5,0,0,0,0,0,0.5306872129440308
data/raw/osu_lora/Diff_Days_Indoor_Setup/Day5/Device18/IQ_1.dat,50,3919950,16,16,1,test,diff_days_indoor,5,0,0,0,0,0,0.31042200326919556
data/raw/osu_lora/Diff_Days_Indoor_Setup/Day5/Device18/IQ_1.dat,51,3998349,16,13,0,test,diff_days_indoor,5,0,0,0,0,0,0.32095539569854736
data/raw/osu_lora/Diff_Days_Indoor_Setup/Day5/Device18/IQ_1.dat,52,4076748,16,7,0,test,diff_days_indoor,5,0,0,0,0,0,0.5017014741897583
data/raw/osu_lora/Diff_Days_Indoor_Setup/Day5/Device18/IQ_1.dat,53,4155147,16,16,1,test,diff_days_indoor,5,0,0,0,0,0,0.33871474862098694
data/raw/osu_lora/Diff_Days_Indoor_Setup/Day5/Device18/IQ_1.dat,54,4233546,16,13,0,test,diff_days_indoor,5,0,0,0,0,0,0.40110939741134644
data/raw/osu_lora/Diff_Days_Indoor_Setup/Day5/Device18/IQ_1.dat,55,4311945,16,7,0,test,diff_days_indoor,5,0,0,0,0,0,0.3518940806388855
data/raw/osu_lora/Diff_Days_Indoor_Setup/Day5/Device18/IQ_1.dat,56,4390344,16,16,1,test,diff_days_indoor,5,0,0,0,0,0,0.270246684551239
data/raw/osu_lora/Diff_Days_Indoor_Setup/Day5/Device18/IQ_1.dat,57,4468743,16,13,0,test,diff_days_indoor,5,0,0,0,0,0,0.4531204104423523
data/raw/osu_lora/Diff_Days_Indoor_Setup/Day5/Device18/IQ_1.dat,58,4547142,16,16,1,test,diff_days_indoor,5,0,0,0,0,0,0.35943660140037537
data/raw/osu_lora/Diff_Days_Indoor_Setup/Day5/Device18/IQ_1.dat,59,4625541,16,16,1,test,diff_days_indoor,5,0,0,0,0,0,0.34417083859443665
data/raw/osu_lora/Diff_Days_Indoor_Setup/Day5/Device18/IQ_1.dat,60,4703940,16,13,0,test,diff_days_indoor,5,0,0,0,0,0,0.3467896580696106
data/raw/osu_lora/Diff_Days_Indoor_Setup/Day5/Device18/IQ_1.dat,61,4782339,16,16,1,test,diff_days_indoor,5,0,0,0,0,0,0.3022964596748352
data/raw/osu_lora/Diff_Days_Indoor_Setup/Day5/Device18/IQ_1.dat,62,4860738,16,16,1,test,diff_days_indoor,5,0,0,0,0,0,0.39984095096588135
data/raw/osu_lora/Diff_Days_Indoor_Setup/Day5/Device18/IQ_1.dat,63,4939137,16,7,0,test,diff_days_indoor,5,0,0,0,0,0,0.43217408657073975
data/raw/osu_lora/Diff_Days_Indoor_Setup/Day5/Device18/IQ_1.dat,64,5017536,16,16,1,test,diff_days_indoor,5,0,0,0,0,0,0.35652199387550354
data/raw/osu_lora/Diff_Days_Indoor_Setup/Day5/Device18/IQ_1.dat,65,5095935,16,7,0,test,diff_days_indoor,5,0,0,0,0,0,0.4681514799594879
data/raw/osu_lora/Diff_Days_Indoor_Setup/Day5/Device18/IQ_1.dat,66,5174334,16,13,0,test,diff_days_indoor,5,0,0,0,0,0,0.3444822430610657
data/raw/osu_lora/Diff_Days_Indoor_Setup/Day5/Device18/IQ_1.dat,67,5252733,16,7,0,test,diff_days_indoor,5,0,0,0,0,0,0.4753683805465698
data/raw/osu_lora/Diff_Days_Indoor_Setup/Day5/Device18/IQ_1.dat,68,5331132,16,13,0,test,diff_days_indoor,5,0,0,0,0,0,0.41781771183013916
data/raw/osu_lora/Diff_Days_Indoor_Setup/Day5/Device18/IQ_1.dat,69,5409531,16,12,0,test,diff_days_indoor,5,0,0,0,0,0,0.326592355966568
data/raw/osu_lora/Diff_Days_Indoor_Setup/Day5/Device18/IQ_1.dat,70,5487930,16,16,1,test,diff_days_indoor,5,0,0,0,0,0,0.39990514516830444
data/raw/osu_lora/Diff_Days_Indoor_Setup/Day5/Device18/IQ_1.dat,71,5566329,16,16,1,test,diff_days_indoor,5,0,0,0,0,0,0.3622948229312897
data/raw/osu_lora/Diff_Days_Indoor_Setup/Day5/Device18/IQ_1.dat,72,5644728,16,16,1,test,diff_days_indoor,5,0,0,0,0,0,0.35024216771125793
data/raw/osu_lora/Diff_Days_Indoor_Setup/Day5/Device18/IQ_1.dat,73,5723127,16,16,1,test,diff_days_indoor,5,0,0,0,0,0,0.37840408086776733
data/raw/osu_lora/Diff_Days_Indoor_Setup/Day5/Device18/IQ_1.dat,74,5801526,16,7,0,test,diff_days_indoor,5,0,0,0,0,0,0.4688439667224884
data/raw/osu_lora/Diff_Days_Indoor_Setup/Day5/Device18/IQ_1.dat,75,5879925,16,16,1,test,diff_days_indoor,5,0,0,0,0,0,0.3740217089653015
data/raw/osu_lora/Diff_Days_Indoor_Setup/Day5/Device18/IQ_1.dat,76,5958324,16,16,1,test,diff_days_indoor,5,0,0,0,0,0,0.34595975279808044
data/raw/osu_lora/Diff_Days_Indoor_Setup/Day5/Device18/IQ_1.dat,77,6036723,16,16,1,test,diff_days_indoor,5,0,0,0,0,0,0.38881388306617737
data/raw/osu_lora/Diff_Days_Indoor_Setup/Day5/Device18/IQ_1.dat,78,6115122,16,13,0,test,diff_days_indoor,5,0,0,0,0,0,0.45125293731689453
data/raw/osu_lora/Diff_Days_Indoor_Setup/Day5/Device18/IQ_1.dat,79,6193521,16,16,1,test,diff_days_indoor,5,0,0,0,0,0,0.3193112313747406
data/raw/osu_lora/Diff_Days_Indoor_Setup/Day5/Device18/IQ_1.dat,80,6271920,16,16,1,test,diff_days_indoor,5,0,0,0,0,0,0.3477855324745178
data/raw/osu_lora/Diff_Days_Indoor_Setup/Day5/Device18/IQ_1.dat,81,6350319,16,16,1,test,diff_days_indoor,5,0,0,0,0,0,0.33512720465660095
data/raw/osu_lora/Diff_Days_Indoor_Setup/Day5/Device18/IQ_1.dat,82,6428718,16,16,1,test,diff_days_indoor,5,0,0,0,0,0,0.38563063740730286
data/raw/osu_lora/Diff_Days_Indoor_Setup/Day5/Device18/IQ_1.dat,83,6507117,16,13,0,test,diff_days_indoor,5,0,0,0,0,0,0.2229267805814743
data/raw/osu_lora/Diff_Days_Indoor_Setup/Day5/Device18/IQ_1.dat,84,6585516,16,7,0,test,diff_days_indoor,5,0,0,0,0,0,0.5428328514099121
data/raw/osu_lora/Diff_Days_Indoor_Setup/Day5/Device18/IQ_1.dat,85,6663915,16,13,0,test,diff_days_indoor,5,0,0,0,0,0,0.3445341885089874
data/raw/osu_lora/Diff_Days_Indoor_Setup/Day5/Device18/IQ_1.dat,86,6742314,16,16,1,test,diff_days_indoor,5,0,0,0,0,0,0.3280211389064789
data/raw/osu_lora/Diff_Days_Indoor_Setup/Day5/Device18/IQ_1.dat,87,6820713,16,9,0,test,diff_days_indoor,5,0,0,0,0,0,0.24071146547794342
data/raw/osu_lora/Diff_Days_Indoor_Setup/Day5/Device18/IQ_1.dat,88,6899112,16,7,0,test,diff_days_indoor,5,0,0,0,0,0,0.41245123744010925
data/raw/osu_lora/Diff_Days_Indoor_Setup/Day5/Device18/IQ_1.dat,89,6977511,16,16,1,test,diff_days_indoor,5,0,0,0,0,0,0.3683580160140991
data/raw/osu_lora/Diff_Days_Indoor_Setup/Day5/Device18/IQ_1.dat,90,7055910,16,13,0,test,diff_days_indoor,5,0,0,0,0,0,0.38813316822052
data/raw/osu_lora/Diff_Days_Indoor_Setup/Day5/Device18/IQ_1.dat,91,7134309,16,16,1,test,diff_days_indoor,5,0,0,0,0,0,0.32944464683532715
data/raw/osu_lora/Diff_Days_Indoor_Setup/Day5/Device18/IQ_1.dat,92,7212708,16,16,1,test,diff_days_indoor,5,0,0,0,0,0,0.41473686695098877
data/raw/osu_lora/Diff_Days_Indoor_Setup/Day5/Device18/IQ_1.dat,93,7291107,16,16,1,test,diff_days_indoor,5,0,0,0,0,0,0.3748660981655121
data/raw/osu_lora/Diff_Days_Indoor_Setup/Day5/Device18/IQ_1.dat,94,7369506,16,16,1,test,diff_days_indoor,5,0,0,0,0,0,0.41449469327926636
data/raw/osu_lora/Diff_Days_Indoor_Setup/Day5/Device18/IQ_1.dat,95,7447905,16,12,0,test,diff_days_indoor,5,0,0,0,0,0,0.3591931164264679
data/raw/osu_lora/Diff_Days_Indoor_Setup/Day5/Device18/IQ_1.dat,96,7526304,16,16,1,test,diff_days_indoor,5,0,0,0,0,0,0.44657406210899353
data/raw/osu_lora/Diff_Days_Indoor_Setup/Day5/Device18/IQ_1.dat,97,7604703,16,13,0,test,diff_days_indoor,5,0,0,0,0,0,0.41370394825935364
data/raw/osu_lora/Diff_Days_Indoor_Setup/Day5/Device18/IQ_1.dat,98,7683102,16,16,1,test,diff_days_indoor,5,0,0,0,0,0,0.36684468388557434
data/raw/osu_lora/Diff_Days_Indoor_Setup/Day5/Device18/IQ_1.dat,99,7761501,16,16,1,test,diff_days_indoor,5,0,0,0,0,0,0.34168973565101624
data/raw/osu_lora/Diff_Days_Indoor_Setup/Day5/Device18/IQ_1.dat,100,7839900,16,16,1,test,diff_days_indoor,5,0,0,0,0,0,0.403972864151001
data/raw/osu_lora/Diff_Days_Indoor_Setup/Day5/Device18/IQ_1.dat,101,7918299,16,16,1,test,diff_days_indoor,5,0,0,0,0,0,0.3549186587333679
data/raw/osu_lora/Diff_Days_Indoor_Setup/Day5/Device18/IQ_1.dat,102,7996698,16,13,0,test,diff_days_indoor,5,0,0,0,0,0,0.3335759937763214
data/raw/osu_lora/Diff_Days_Indoor_Setup/Day5/Device18/IQ_1.dat,103,8075097,16,16,1,test,diff_days_indoor,5,0,0,0,0,0,0.440817266702652
data/raw/osu_lora/Diff_Days_Indoor_Setup/Day5/Device18/IQ_1.dat,104,8153496,16,16,1,test,diff_days_indoor,5,0,0,0,0,0,0.4123421609401703
data/raw/osu_lora/Diff_Days_Indoor_Setup/Day5/Device18/IQ_1.dat,105,8231895,16,16,1,test,diff_days_indoor,5,0,0,0,0,0,0.3443531394004822
data/raw/osu_lora/Diff_Days_Indoor_Setup/Day5/Device18/IQ_1.dat,106,8310294,16,16,1,test,diff_days_indoor,5,0,0,0,0,0,0.38910526037216187
data/raw/osu_lora/Diff_Days_Indoor_Setup/Day5/Device18/IQ_1.dat,107,8388693,16,13,0,test,diff_days_indoor,5,0,0,0,0,0,0.37951192259788513
data/raw/osu_lora/Diff_Days_Indoor_Setup/Day5/Device18/IQ_1.dat,108,8467092,16,13,0,test,diff_days_indoor,5,0,0,0,0,0,0.37049517035484314
data/raw/osu_lora/Diff_Days_Indoor_Setup/Day5/Device18/IQ_1.dat,109,8545491,16,13,0,test,diff_days_indoor,5,0,0,0,0,0,0.3185342252254486
data/raw/osu_lora/Diff_Days_Indoor_Setup/Day5/Device18/IQ_1.dat,110,8623890,16,13,0,test,diff_days_indoor,5,0,0,0,0,0,0.4181727468967438
data/raw/osu_lora/Diff_Days_Indoor_Setup/Day5/Device18/IQ_1.dat,111,8702289,16,7,0,test,diff_days_indoor,5,0,0,0,0,0,0.43123361468315125
data/raw/osu_lora/Diff_Days_Indoor_Setup/Day5/Device18/IQ_1.dat,112,8780688,16,16,1,test,diff_days_indoor,5,0,0,0,0,0,0.3185567259788513
data/raw/osu_lora/Diff_Days_Indoor_Setup/Day5/Device18/IQ_1.dat,113,8859087,16,7,0,test,diff_days_indoor,5,0,0,0,0,0,0.41878393292427063
data/raw/osu_lora/Diff_Days_Indoor_Setup/Day5/Device18/IQ_1.dat,114,8937486,16,16,1,test,diff_days_indoor,5,0,0,0,0,0,0.40809395909309387
data/raw/osu_lora/Diff_Days_Indoor_Setup/Day5/Device18/IQ_1.dat,115,9015885,16,16,1,test,diff_days_indoor,5,0,0,0,0,0,0.3729202449321747
data/raw/osu_lora/Diff_Days_Indoor_Setup/Day5/Device18/IQ_1.dat,116,9094284,16,12,0,test,diff_days_indoor,5,0,0,0,0,0,0.3536726236343384
data/raw/osu_lora/Diff_Days_Indoor_Setup/Day5/Device18/IQ_1.dat,117,9172683,16,13,0,test,diff_days_indoor,5,0,0,0,0,0,0.4332410991191864
data/raw/osu_lora/Diff_Days_Indoor_Setup/Day5/Device18/IQ_1.dat,118,9251082,16,13,0,test,diff_days_indoor,5,0,0,0,0,0,0.4220457375049591
data/raw/osu_lora/Diff_Days_Indoor_Setup/Day5/Device18/IQ_1.dat,119,9329481,16,13,0,test,diff_days_indoor,5,0,0,0,0,0,0.3794793486595154
data/raw/osu_lora/Diff_Days_Indoor_Setup/Day5/Device18/IQ_1.dat,120,9407880,16,16,1,test,diff_days_indoor,5,0,0,0,0,0,0.24504448473453522
data/raw/osu_lora/Diff_Days_Indoor_Setup/Day5/Device18/IQ_1.dat,121,9486279,16,16,1,test,diff_days_indoor,5,0,0,0,0,0,0.29249992966651917
data/raw/osu_lora/Diff_Days_Indoor_Setup/Day5/Device18/IQ_1.dat,122,9564678,16,16,1,test,diff_days_indoor,5,0,0,0,0,0,0.3482482433319092
data/raw/osu_lora/Diff_Days_Indoor_Setup/Day5/Device18/IQ_1.dat,123,9643077,16,16,1,test,diff_days_indoor,5,0,0,0,0,0,0.3593921959400177
data/raw/osu_lora/Diff_Days_Indoor_Setup/Day5/Device18/IQ_1.dat,124,9721476,16,16,1,test,diff_days_indoor,5,0,0,0,0,0,0.33070915937423706
data/raw/osu_lora/Diff_Days_Indoor_Setup/Day5/Device18/IQ_1.dat,125,9799875,16,16,1,test,diff_days_indoor,5,0,0,0,0,0,0.3655591309070587
data/raw/osu_lora/Diff_Days_Indoor_Setup/Day5/Device18/IQ_1.dat,126,9878274,16,16,1,test,diff_days_indoor,5,0,0,0,0,0,0.33486589789390564
data/raw/osu_lora/Diff_Days_Indoor_Setup/Day5/Device18/IQ_1.dat,127,9956673,16,16,1,test,diff_days_indoor,5,0,0,0,0,0,0.41247326135635376
data/raw/osu_lora/Diff_Days_Indoor_Setup/Day5/Device18/IQ_1.dat,128,10035072,16,16,1,test,diff_days_indoor,5,0,0,0,0,0,0.38930031657218933
data/raw/osu_lora/Diff_Days_Indoor_Setup/Day5/Device18/IQ_1.dat,129,10113471,16,16,1,test,diff_days_indoor,5,0,0,0,0,0,0.39861103892326355
data/raw/osu_lora/Diff_Days_Indoor_Setup/Day5/Device18/IQ_1.dat,130,10191870,16,13,0,test,diff_days_indoor,5,0,0,0,0,0,0.34415966272354126
data/raw/osu_lora/Diff_Days_Indoor_Setup/Day5/Device18/IQ_1.dat,131,10270269,16,13,0,test,diff_days_indoor,5,0,0,0,0,0,0.32627978920936584
data/raw/osu_lora/Diff_Days_Indoor_Setup/Day5/Device18/IQ_1.dat,132,10348668,16,7,0,test,diff_days_indoor,5,0,0,0,0,0,0.34173935651779175
data/raw/osu_lora/Diff_Days_Indoor_Setup/Day5/Device18/IQ_1.dat,133,10427067,16,13,0,test,diff_days_indoor,5,0,0,0,0,0,0.41911640763282776
data/raw/osu_lora/Diff_Days_Indoor_Setup/Day5/Device18/IQ_1.dat,134,10505466,16,13,0,test,diff_days_indoor,5,0,0,0,0,0,0.4984847605228424
data/raw/osu_lora/Diff_Days_Indoor_Setup/Day5/Device18/IQ_1.dat,135,10583865,16,7,0,test,diff_days_indoor,5,0,0,0,0,0,0.45283108949661255
data/raw/osu_lora/Diff_Days_Indoor_Setup/Day5/Device18/IQ_1.dat,136,10662264,16,7,0,test,diff_days_indoor,5,0,0,0,0,0,0.3573768436908722
data/raw/osu_lora/Diff_Days_Indoor_Setup/Day5/Device18/IQ_1.dat,137,10740663,16,13,0,test,diff_days_indoor,5,0,0,0,0,0,0.3395324945449829
data/raw/osu_lora/Diff_Days_Indoor_Setup/Day5/Device18/IQ_1.dat,138,10819062,16,7,0,test,diff_days_indoor,5,0,0,0,0,0,0.43166807293891907
data/raw/osu_lora/Diff_Days_Indoor_Setup/Day5/Device18/IQ_1.dat,139,10897461,16,16,1,test,diff_days_indoor,5,0,0,0,0,0,0.34573572874069214
data/raw/osu_lora/Diff_Days_Indoor_Setup/Day5/Device18/IQ_1.dat,140,10975860,16,12,0,test,diff_days_indoor,5,0,0,0,0,0,0.3472118675708771
data/raw/osu_lora/Diff_Days_Indoor_Setup/Day5/Device18/IQ_1.dat,141,11054259,16,12,0,test,diff_days_indoor,5,0,0,0,0,0,0.35301974415779114
data/raw/osu_lora/Diff_Days_Indoor_Setup/Day5/Device18/IQ_1.dat,142,11132658,16,13,0,test,diff_days_indoor,5,0,0,0,0,0,0.3103093206882477
data/raw/osu_lora/Diff_Days_Indoor_Setup/Day5/Device18/IQ_1.dat,143,11211057,16,16,1,test,diff_days_indoor,5,0,0,0,0,0,0.41312626004219055
data/raw/osu_lora/Diff_Days_Indoor_Setup/Day5/Device18/IQ_1.dat,144,11289456,16,16,1,test,diff_days_indoor,5,0,0,0,0,0,0.42111408710479736
data/raw/osu_lora/Diff_Days_Indoor_Setup/Day5/Device18/IQ_1.dat,145,11367855,16,16,1,test,diff_days_indoor,5,0,0,0,0,0,0.361691415309906
data/raw/osu_lora/Diff_Days_Indoor_Setup/Day5/Device18/IQ_1.dat,146,11446254,16,13,0,test,diff_days_indoor,5,0,0,0,0,0,0.28460171818733215
data/raw/osu_lora/Diff_Days_Indoor_Setup/Day5/Device18/IQ_1.dat,147,11524653,16,7,0,test,diff_days_indoor,5,0,0,0,0,0,0.35490331053733826
data/raw/osu_lora/Diff_Days_Indoor_Setup/Day5/Device18/IQ_1.dat,148,11603052,16,16,1,test,diff_days_indoor,5,0,0,0,0,0,0.34227651357650757
data/raw/osu_lora/Diff_Days_Indoor_Setup/Day5/Device18/IQ_1.dat,149,11681451,16,22,0,test,diff_days_indoor,5,0,0,0,0,0,0.3467089831829071
data/raw/osu_lora/Diff_Days_Indoor_Setup/Day5/Device18/IQ_1.dat,150,11759850,16,16,1,test,diff_days_indoor,5,0,0,0,0,0,0.37781867384910583
data/raw/osu_lora/Diff_Days_Indoor_Setup/Day5/Device18/IQ_1.dat,151,11838249,16,13,0,test,diff_days_indoor,5,0,0,0,0,0,0.3809504508972168
data/raw/osu_lora/Diff_Days_Indoor_Setup/Day5/Device18/IQ_1.dat,152,11916648,16,16,1,test,diff_days_indoor,5,0,0,0,0,0,0.3739950954914093
data/raw/osu_lora/Diff_Days_Indoor_Setup/Day5/Device18/IQ_1.dat,153,11995047,16,16,1,test,diff_days_indoor,5,0,0,0,0,0,0.355681836605072
data/raw/osu_lora/Diff_Days_Indoor_Setup/Day5/Device18/IQ_1.dat,154,12073446,16,7,0,test,diff_days_indoor,5,0,0,0,0,0,0.3070812225341797
data/raw/osu_lora/Diff_Days_Indoor_Setup/Day5/Device18/IQ_1.dat,155,12151845,16,13,0,test,diff_days_indoor,5,0,0,0,0,0,0.3664175570011139
data/raw/osu_lora/Diff_Days_Indoor_Setup/Day5/Device18/IQ_1.dat,156,12230244,16,21,0,test,diff_days_indoor,5,0,0,0,0,0,0.1511487066745758
data/raw/osu_lora/Diff_Days_Indoor_Setup/Day5/Device18/IQ_1.dat,157,12308643,16,13,0,test,diff_days_indoor,5,0,0,0,0,0,0.3389935791492462
data/raw/osu_lora/Diff_Days_Indoor_Setup/Day5/Device18/IQ_1.dat,158,12387042,16,16,1,test,diff_days_indoor,5,0,0,0,0,0,0.33616986870765686
data/raw/osu_lora/Diff_Days_Indoor_Setup/Day5/Device18/IQ_1.dat,159,12465441,16,16,1,test,diff_days_indoor,5,0,0,0,0,0,0.40310949087142944
data/raw/osu_lora/Diff_Days_Indoor_Setup/Day5/Device18/IQ_1.dat,160,12543840,16,13,0,test,diff_days_indoor,5,0,0,0,0,0,0.4957854747772217
data/raw/osu_lora/Diff_Days_Indoor_Setup/Day5/Device18/IQ_1.dat,161,12622239,16,7,0,test,diff_days_indoor,5,0,0,0,0,0,0.34659650921821594
data/raw/osu_lora/Diff_Days_Indoor_Setup/Day5/Device18/IQ_1.dat,162,12700638,16,16,1,test,diff_days_indoor,5,0,0,0,0,0,0.4058375358581543
data/raw/osu_lora/Diff_Days_Indoor_Setup/Day5/Device18/IQ_1.dat,163,12779037,16,16,1,test,diff_days_indoor,5,0,0,0,0,0,0.3766022026538849
data/raw/osu_lora/Diff_Days_Indoor_Setup/Day5/Device18/IQ_1.dat,164,12857436,16,12,0,test,diff_days_indoor,5,0,0,0,0,0,0.3514888286590576
data/raw/osu_lora/Diff_Days_Indoor_Setup/Day5/Device18/IQ_1.dat,165,12935835,16,7,0,test,diff_days_indoor,5,0,0,0,0,0,0.39373165369033813
data/raw/osu_lora/Diff_Days_Indoor_Setup/Day5/Device18/IQ_1.dat,166,13014234,16,7,0,test,diff_days_indoor,5,0,0,0,0,0,0.4358130395412445
data/raw/osu_lora/Diff_Days_Indoor_Setup/Day5/Device18/IQ_1.dat,167,13092633,16,16,1,test,diff_days_indoor,5,0,0,0,0,0,0.42420464754104614
data/raw/osu_lora/Diff_Days_Indoor_Setup/Day5/Device18/IQ_1.dat,168,13171032,16,16,1,test,diff_days_indoor,5,0,0,0,0,0,0.32815316319465637
data/raw/osu_lora/Diff_Days_Indoor_Setup/Day5/Device18/IQ_1.dat,169,13249431,16,7,0,test,diff_days_indoor,5,0,0,0,0,0,0.35210326313972473
data/raw/osu_lora/Diff_Days_Indoor_Setup/Day5/Device18/IQ_1.dat,170,13327830,16,7,0,test,diff_days_indoor,5,0,0,0,0,0,0.6329215168952942
data/raw/osu_lora/Diff_Days_Indoor_Setup/Day5/Device18/IQ_1.dat,171,13406229,16,7,0,test,diff_days_indoor,5,0,0,0,0,0,0.5789452791213989
data/raw/osu_lora/Diff_Days_Indoor_Setup/Day5/Device18/IQ_1.dat,172,13484628,16,13,0,test,diff_days_indoor,5,0,0,0,0,0,0.40011996030807495
data/raw/osu_lora/Diff_Days_Indoor_Setup/Day5/Device18/IQ_1.dat,173,13563027,16,7,0,test,diff_days_indoor,5,0,0,0,0,0,0.6464749574661255
data/raw/osu_lora/Diff_Days_Indoor_Setup/Day5/Device18/IQ_1.dat,174,13641426,16,13,0,test,diff_days_indoor,5,0,0,0,0,0,0.29425498843193054
data/raw/osu_lora/Diff_Days_Indoor_Setup/Day5/Device18/IQ_1.dat,175,13719825,16,16,1,test,diff_days_indoor,5,0,0,0,0,0,0.3752010464668274
data/raw/osu_lora/Diff_Days_Indoor_Setup/Day5/Device18/IQ_1.dat,176,13798224,16,16,1,test,diff_days_indoor,5,0,0,0,0,0,0.3436272144317627
data/raw/osu_lora/Diff_Days_Indoor_Setup/Day5/Device18/IQ_1.dat,177,13876623,16,13,0,test,diff_days_indoor,5,0,0,0,0,0,0.5102345943450928
data/raw/osu_lora/Diff_Days_Indoor_Setup/Day5/Device18/IQ_1.dat,178,13955022,16,13,0,test,diff_days_indoor,5,0,0,0,0,0,0.4264451563358307
data/raw/osu_lora/Diff_Days_Indoor_Setup/Day5/Device18/IQ_1.dat,179,14033421,16,9,0,test,diff_days_indoor,5,0,0,0,0,0,0.37881478667259216
data/raw/osu_lora/Diff_Days_Indoor_Setup/Day5/Device18/IQ_1.dat,180,14111820,16,16,1,test,diff_days_indoor,5,0,0,0,0,0,0.3529658913612366
data/raw/osu_lora/Diff_Days_Indoor_Setup/Day5/Device18/IQ_1.dat,181,14190219,16,7,0,test,diff_days_indoor,5,0,0,0,0,0,0.35022008419036865
data/raw/osu_lora/Diff_Days_Indoor_Setup/Day5/Device18/IQ_1.dat,182,14268618,16,16,1,test,diff_days_indoor,5,0,0,0,0,0,0.34597060084342957
data/raw/osu_lora/Diff_Days_Indoor_Setup/Day5/Device18/IQ_1.dat,183,14347017,16,16,1,test,diff_days_indoor,5,0,0,0,0,0,0.38829246163368225
data/raw/osu_lora/Diff_Days_Indoor_Setup/Day5/Device18/IQ_1.dat,184,14425416,16,7,0,test,diff_days_indoor,5,0,0,0,0,0,0.5798485279083252
data/raw/osu_lora/Diff_Days_Indoor_Setup/Day5/Device18/IQ_1.dat,185,14503815,16,16,1,test,diff_days_indoor,5,0,0,0,0,0,0.2748563587665558
data/raw/osu_lora/Diff_Days_Indoor_Setup/Day5/Device18/IQ_1.dat,186,14582214,16,13,0,test,diff_days_indoor,5,0,0,0,0,0,0.17036327719688416
data/raw/osu_lora/Diff_Days_Indoor_Setup/Day5/Device18/IQ_1.dat,187,14660613,16,13,0,test,diff_days_indoor,5,0,0,0,0,0,0.3691413700580597
data/raw/osu_lora/Diff_Days_Indoor_Setup/Day5/Device18/IQ_1.dat,188,14739012,16,16,1,test,diff_days_indoor,5,0,0,0,0,0,0.35776981711387634
data/raw/osu_lora/Diff_Days_Indoor_Setup/Day5/Device18/IQ_1.dat,189,14817411,16,16,1,test,diff_days_indoor,5,0,0,0,0,0,0.37324753403663635
data/raw/osu_lora/Diff_Days_Indoor_Setup/Day5/Device18/IQ_1.dat,190,14895810,16,13,0,test,diff_days_indoor,5,0,0,0,0,0,0.3838508725166321
data/raw/osu_lora/Diff_Days_Indoor_Setup/Day5/Device18/IQ_1.dat,191,14974209,16,16,1,test,diff_days_indoor,5,0,0,0,0,0,0.3838399052619934
data/raw/osu_lora/Diff_Days_Indoor_Setup/Day5/Device18/IQ_1.dat,192,15052608,16,7,0,test,diff_days_indoor,5,0,0,0,0,0,0.4405826926231384
data/raw/osu_lora/Diff_Days_Indoor_Setup/Day5/Device18/IQ_1.dat,193,15131007,16,16,1,test,diff_days_indoor,5,0,0,0,0,0,0.32688239216804504
data/raw/osu_lora/Diff_Days_Indoor_Setup/Day5/Device18/IQ_1.dat,194,15209406,16,16,1,test,diff_days_indoor,5,0,0,0,0,0,0.3350710868835449
data/raw/osu_lora/Diff_Days_Indoor_Setup/Day5/Device18/IQ_1.dat,195,15287805,16,16,1,test,diff_days_indoor,5,0,0,0,0,0,0.3217470943927765
data/raw/osu_lora/Diff_Days_Indoor_Setup/Day5/Device18/IQ_1.dat,196,15366204,16,16,1,test,diff_days_indoor,5,0,0,0,0,0,0.3637421727180481
data/raw/osu_lora/Diff_Days_Indoor_Setup/Day5/Device18/IQ_1.dat,197,15444603,16,9,0,test,diff_days_indoor,5,0,0,0,0,0,0.20758706331253052
data/raw/osu_lora/Diff_Days_Indoor_Setup/Day5/Device18/IQ_1.dat,198,15523002,16,12,0,test,diff_days_indoor,5,0,0,0,0,0,0.32930418848991394
data/raw/osu_lora/Diff_Days_Indoor_Setup/Day5/Device18/IQ_1.dat,199,15601401,16,7,0,test,diff_days_indoor,5,0,0,0,0,0,0.5866425037384033
data/raw/osu_lora/Diff_Days_Indoor_Setup/Day5/Device18/IQ_1.dat,200,15679800,16,16,1,test,diff_days_indoor,5,0,0,0,0,0,0.350259393453598
data/raw/osu_lora/Diff_Days_Indoor_Setup/Day5/Device18/IQ_1.dat,201,15758199,16,7,0,test,diff_days_indoor,5,0,0,0,0,0,0.39905452728271484
data/raw/osu_lora/Diff_Days_Indoor_Setup/Day5/Device18/IQ_1.dat,202,15836598,16,16,1,test,diff_days_indoor,5,0,0,0,0,0,0.36876028776168823
data/raw/osu_lora/Diff_Days_Indoor_Setup/Day5/Device18/IQ_1.dat,203,15914997,16,13,0,test,diff_days_indoor,5,0,0,0,0,0,0.30885905027389526
data/raw/osu_lora/Diff_Days_Indoor_Setup/Day5/Device18/IQ_1.dat,204,15993396,16,12,0,test,diff_days_indoor,5,0,0,0,0,0,0.33346596360206604
data/raw/osu_lora/Diff_Days_Indoor_Setup/Day5/Device18/IQ_1.dat,205,16071795,16,12,0,test,diff_days_indoor,5,0,0,0,0,0,0.34616854786872864
data/raw/osu_lora/Diff_Days_Indoor_Setup/Day5/Device18/IQ_1.dat,206,16150194,16,16,1,test,diff_days_indoor,5,0,0,0,0,0,0.33147650957107544
data/raw/osu_lora/Diff_Days_Indoor_Setup/Day5/Device18/IQ_1.dat,207,16228593,16,16,1,test,diff_days_indoor,5,0,0,0,0,0,0.3270731270313263
data/raw/osu_lora/Diff_Days_Indoor_Setup/Day5/Device18/IQ_1.dat,208,16306992,16,16,1,test,diff_days_indoor,5,0,0,0,0,0,0.32699453830718994
data/raw/osu_lora/Diff_Days_Indoor_Setup/Day5/Device18/IQ_1.dat,209,16385391,16,13,0,test,diff_days_indoor,5,0,0,0,0,0,0.33441635966300964
data/raw/osu_lora/Diff_Days_Indoor_Setup/Day5/Device18/IQ_1.dat,210,16463790,16,7,0,test,diff_days_indoor,5,0,0,0,0,0,0.5852324366569519
data/raw/osu_lora/Diff_Days_Indoor_Setup/Day5/Device18/IQ_1.dat,211,16542189,16,7,0,test,diff_days_indoor,5,0,0,0,0,0,0.5722832679748535
data/raw/osu_lora/Diff_Days_Indoor_Setup/Day5/Device18/IQ_1.dat,212,16620588,16,16,1,test,diff_days_indoor,5,0,0,0,0,0,0.33758121728897095
data/raw/osu_lora/Diff_Days_Indoor_Setup/Day5/Device18/IQ_1.dat,213,16698987,16,12,0,test,diff_days_indoor,5,0,0,0,0,0,0.34596505761146545
data/raw/osu_lora/Diff_Days_Indoor_Setup/Day5/Device18/IQ_1.dat,214,16777386,16,18,0,test,diff_days_indoor,5,0,0,0,0,0,0.21366026997566223
data/raw/osu_lora/Diff_Days_Indoor_Setup/Day5/Device18/IQ_1.dat,215,16855785,16,16,1,test,diff_days_indoor,5,0,0,0,0,0,0.3661639392375946
data/raw/osu_lora/Diff_Days_Indoor_Setup/Day5/Device18/IQ_1.dat,216,16934184,16,7,0,test,diff_days_indoor,5,0,0,0,0,0,0.5338249802589417
data/raw/osu_lora/Diff_Days_Indoor_Setup/Day5/Device18/IQ_1.dat,217,17012583,16,16,1,test,diff_days_indoor,5,0,0,0,0,0,0.37537845969200134
data/raw/osu_lora/Diff_Days_Indoor_Setup/Day5/Device18/IQ_1.dat,218,17090982,16,16,1,test,diff_days_indoor,5,0,0,0,0,0,0.329290509223938
data/raw/osu_lora/Diff_Days_Indoor_Setup/Day5/Device18/IQ_1.dat,219,17169381,16,16,1,test,diff_days_indoor,5,0,0,0,0,0,0.37179049849510193
data/raw/osu_lora/Diff_Days_Indoor_Setup/Day5/Device18/IQ_1.dat,220,17247780,16,16,1,test,diff_days_indoor,5,0,0,0,0,0,0.3142651915550232
data/raw/osu_lora/Diff_Days_Indoor_Setup/Day5/Device18/IQ_1.dat,221,17326179,16,7,0,test,diff_days_indoor,5,0,0,0,0,0,0.40048718452453613
data/raw/osu_lora/Diff_Days_Indoor_Setup/Day5/Device18/IQ_1.dat,222,17404578,16,16,1,test,diff_days_indoor,5,0,0,0,0,0,0.36894291639328003
data/raw/osu_lora/Diff_Days_Indoor_Setup/Day5/Device18/IQ_1.dat,223,17482977,16,13,0,test,diff_days_indoor,5,0,0,0,0,0,0.32940930128097534
data/raw/osu_lora/Diff_Days_Indoor_Setup/Day5/Device18/IQ_1.dat,224,17561376,16,16,1,test,diff_days_indoor,5,0,0,0,0,0,0.41086718440055847
data/raw/osu_lora/Diff_Days_Indoor_Setup/Day5/Device18/IQ_1.dat,225,17639775,16,7,0,test,diff_days_indoor,5,0,0,0,0,0,0.4417729675769806
data/raw/osu_lora/Diff_Days_Indoor_Setup/Day5/Device18/IQ_1.dat,226,17718174,16,7,0,test,diff_days_indoor,5,0,0,0,0,0,0.5729265213012695
data/raw/osu_lora/Diff_Days_Indoor_Setup/Day5/Device18/IQ_1.dat,227,17796573,16,7,0,test,diff_days_indoor,5,0,0,0,0,0,0.4720544219017029
data/raw/osu_lora/Diff_Days_Indoor_Setup/Day5/Device18/IQ_1.dat,228,17874972,16,18,0,test,diff_days_indoor,5,0,0,0,0,0,0.23354928195476532
data/raw/osu_lora/Diff_Days_Indoor_Setup/Day5/Device18/IQ_1.dat,229,17953371,16,13,0,test,diff_days_indoor,5,0,0,0,0,0,0.27222582697868347
data/raw/osu_lora/Diff_Days_Indoor_Setup/Day5/Device18/IQ_1.dat,230,18031770,16,7,0,test,diff_days_indoor,5,0,0,0,0,0,0.38774794340133667
data/raw/osu_lora/Diff_Days_Indoor_Setup/Day5/Device18/IQ_1.dat,231,18110169,16,16,1,test,diff_days_indoor,5,0,0,0,0,0,0.3516164720058441
data/raw/osu_lora/Diff_Days_Indoor_Setup/Day5/Device18/IQ_1.dat,232,18188568,16,16,1,test,diff_days_indoor,5,0,0,0,0,0,0.33447712659835815
data/raw/osu_lora/Diff_Days_Indoor_Setup/Day5/Device18/IQ_1.dat,233,18266967,16,7,0,test,diff_days_indoor,5,0,0,0,0,0,0.39019691944122314
data/raw/osu_lora/Diff_Days_Indoor_Setup/Day5/Device18/IQ_1.dat,234,18345366,16,13,0,test,diff_days_indoor,5,0,0,0,0,0,0.3743237853050232
data/raw/osu_lora/Diff_Days_Indoor_Setup/Day5/Device18/IQ_1.dat,235,18423765,16,16,1,test,diff_days_indoor,5,0,0,0,0,0,0.4197327792644501
data/raw/osu_lora/Diff_Days_Indoor_Setup/Day5/Device18/IQ_1.dat,236,18502164,16,7,0,test,diff_days_indoor,5,0,0,0,0,0,0.6511005759239197
data/raw/osu_lora/Diff_Days_Indoor_Setup/Day5/Device18/IQ_1.dat,237,18580563,16,12,0,test,diff_days_indoor,5,0,0,0,0,0,0.34132644534111023
data/raw/osu_lora/Diff_Days_Indoor_Setup/Day5/Device18/IQ_1.dat,238,18658962,16,16,1,test,diff_days_indoor,5,0,0,0,0,0,0.3660504221916199
data/raw/osu_lora/Diff_Days_Indoor_Setup/Day5/Device18/IQ_1.dat,239,18737361,16,16,1,test,diff_days_indoor,5,0,0,0,0,0,0.38621780276298523
data/raw/osu_lora/Diff_Days_Indoor_Setup/Day5/Device18/IQ_1.dat,240,18815760,16,16,1,test,diff_days_indoor,5,0,0,0,0,0,0.3924863040447235
data/raw/osu_lora/Diff_Days_Indoor_Setup/Day5/Device18/IQ_1.dat,241,18894159,16,16,1,test,diff_days_indoor,5,0,0,0,0,0,0.29552730917930603
data/raw/osu_lora/Diff_Days_Indoor_Setup/Day5/Device18/IQ_1.dat,242,18972558,16,16,1,test,diff_days_indoor,5,0,0,0,0,0,0.4289722442626953
data/raw/osu_lora/Diff_Days_Indoor_Setup/Day5/Device18/IQ_1.dat,243,19050957,16,7,0,test,diff_days_indoor,5,0,0,0,0,0,0.6683274507522583
data/raw/osu_lora/Diff_Days_Indoor_Setup/Day5/Device18/IQ_1.dat,244,19129356,16,16,1,test,diff_days_indoor,5,0,0,0,0,0,0.31277164816856384
data/raw/osu_lora/Diff_Days_Indoor_Setup/Day5/Device18/IQ_1.dat,245,19207755,16,16,1,test,diff_days_indoor,5,0,0,0,0,0,0.37591302394866943
data/raw/osu_lora/Diff_Days_Indoor_Setup/Day5/Device18/IQ_1.dat,246,19286154,16,16,1,test,diff_days_indoor,5,0,0,0,0,0,0.32018786668777466
data/raw/osu_lora/Diff_Days_Indoor_Setup/Day5/Device18/IQ_1.dat,247,19364553,16,16,1,test,diff_days_indoor,5,0,0,0,0,0,0.29719460010528564
data/raw/osu_lora/Diff_Days_Indoor_Setup/Day5/Device18/IQ_1.dat,248,19442952,16,16,1,test,diff_days_indoor,5,0,0,0,0,0,0.3884721100330353
data/raw/osu_lora/Diff_Days_Indoor_Setup/Day5/Device18/IQ_1.dat,249,19521351,16,7,0,test,diff_days_indoor,5,0,0,0,0,0,0.4325841963291168
data/raw/osu_lora/Diff_Days_Indoor_Setup/Day5/Device18/IQ_1.dat,250,19599750,16,16,1,test,diff_days_indoor,5,0,0,0,0,0,0.37343335151672363
data/raw/osu_lora/Diff_Days_Indoor_Setup/Day5/Device18/IQ_1.dat,251,19678149,16,16,1,test,diff_days_indoor,5,0,0,0,0,0,0.3518527150154114
data/raw/osu_lora/Diff_Days_Indoor_Setup/Day5/Device18/IQ_1.dat,252,19756548,16,13,0,test,diff_days_indoor,5,0,0,0,0,0,0.3776571750640869
data/raw/osu_lora/Diff_Days_Indoor_Setup/Day5/Device18/IQ_1.dat,253,19834947,16,13,0,test,diff_days_indoor,5,0,0,0,0,0,0.36874693632125854
data/raw/osu_lora/Diff_Days_Indoor_Setup/Day5/Device18/IQ_1.dat,254,19913346,16,16,1,test,diff_days_indoor,5,0,0,0,0,0,0.32949700951576233
data/raw/osu_lora/Diff_Days_Indoor_Setup/Day5/Device18/IQ_1.dat,255,19991745,16,7,0,test,diff_days_indoor,5,0,0,0,0,0,0.4511227607727051
data/raw/osu_lora/Diff_Days_Indoor_Setup/Day5/Device19/IQ_1.dat,0,0,17,7,0,test,diff_days_indoor,5,0,0,0,0,0,0.6012955904006958
data/raw/osu_lora/Diff_Days_Indoor_Setup/Day5/Device19/IQ_1.dat,1,78399,17,7,0,test,diff_days_indoor,5,0,0,0,0,0,0.5548847913742065
data/raw/osu_lora/Diff_Days_Indoor_Setup/Day5/Device19/IQ_1.dat,2,156798,17,7,0,test,diff_days_indoor,5,0,0,0,0,0,0.5867601037025452
data/raw/osu_lora/Diff_Days_Indoor_Setup/Day5/Device19/IQ_1.dat,3,235197,17,17,1,test,diff_days_indoor,5,0,0,0,0,0,0.3671084940433502
data/raw/osu_lora/Diff_Days_Indoor_Setup/Day5/Device19/IQ_1.dat,4,313596,17,15,0,test,diff_days_indoor,5,0,0,0,0,0,0.3062118887901306
data/raw/osu_lora/Diff_Days_Indoor_Setup/Day5/Device19/IQ_1.dat,5,391995,17,17,1,test,diff_days_indoor,5,0,0,0,0,0,0.5084595084190369
data/raw/osu_lora/Diff_Days_Indoor_Setup/Day5/Device19/IQ_1.dat,6,470394,17,7,0,test,diff_days_indoor,5,0,0,0,0,0,0.3714112937450409
data/raw/osu_lora/Diff_Days_Indoor_Setup/Day5/Device19/IQ_1.dat,7,548793,17,7,0,test,diff_days_indoor,5,0,0,0,0,0,0.48585230112075806
data/raw/osu_lora/Diff_Days_Indoor_Setup/Day5/Device19/IQ_1.dat,8,627192,17,22,0,test,diff_days_indoor,5,0,0,0,0,0,0.4370191991329193
data/raw/osu_lora/Diff_Days_Indoor_Setup/Day5/Device19/IQ_1.dat,9,705591,17,15,0,test,diff_days_indoor,5,0,0,0,0,0,0.4889713227748871
data/raw/osu_lora/Diff_Days_Indoor_Setup/Day5/Device19/IQ_1.dat,10,783990,17,17,1,test,diff_days_indoor,5,0,0,0,0,0,0.26592618227005005
data/raw/osu_lora/Diff_Days_Indoor_Setup/Day5/Device19/IQ_1.dat,11,862389,17,17,1,test,diff_days_indoor,5,0,0,0,0,0,0.4184589982032776
data/raw/osu_lora/Diff_Days_Indoor_Setup/Day5/Device19/IQ_1.dat,12,940788,17,7,0,test,diff_days_indoor,5,0,0,0,0,0,0.29273009300231934
data/raw/osu_lora/Diff_Days_Indoor_Setup/Day5/Device19/IQ_1.dat,13,1019187,17,7,0,test,diff_days_indoor,5,0,0,0,0,0,0.5718717575073242
data/raw/osu_lora/Diff_Days_Indoor_Setup/Day5/Device19/IQ_1.dat,14,1097586,17,7,0,test,diff_days_indoor,5,0,0,0,0,0,0.5486140847206116
data/raw/osu_lora/Diff_Days_Indoor_Setup/Day5/Device19/IQ_1.dat,15,1175985,17,7,0,test,diff_days_indoor,5,0,0,0,0,0,0.6037298440933228
data/raw/osu_lora/Diff_Days_Indoor_Setup/Day5/Device19/IQ_1.dat,16,1254384,17,17,1,test,diff_days_indoor,5,0,0,0,0,0,0.549948513507843
data/raw/osu_lora/Diff_Days_Indoor_Setup/Day5/Device19/IQ_1.dat,17,1332783,17,15,0,test,diff_days_indoor,5,0,0,0,0,0,0.3320237398147583
data/raw/osu_lora/Diff_Days_Indoor_Setup/Day5/Device19/IQ_1.dat,18,1411182,17,17,1,test,diff_days_indoor,5,0,0,0,0,0,0.3431810438632965
data/raw/osu_lora/Diff_Days_Indoor_Setup/Day5/Device19/IQ_1.dat,19,1489581,17,15,0,test,diff_days_indoor,5,0,0,0,0,0,0.2928299903869629
data/raw/osu_lora/Diff_Days_Indoor_Setup/Day5/Device19/IQ_1.dat,20,1567980,17,17,1,test,diff_days_indoor,5,0,0,0,0,0,0.41380926966667175
data/raw/osu_lora/Diff_Days_Indoor_Setup/Day5/Device19/IQ_1.dat,21,1646379,17,7,0,test,diff_days_indoor,5,0,0,0,0,0,0.4268152117729187
data/raw/osu_lora/Diff_Days_Indoor_Setup/Day5/Device19/IQ_1.dat,22,1724778,17,7,0,test,diff_days_indoor,5,0,0,0,0,0,0.6092036366462708
data/raw/osu_lora/Diff_Days_Indoor_Setup/Day5/Device19/IQ_1.dat,23,1803177,17,7,0,test,diff_days_indoor,5,0,0,0,0,0,0.5554251670837402
data/raw/osu_lora/Diff_Days_Indoor_Setup/Day5/Device19/IQ_1.dat,24,1881576,17,17,1,test,diff_days_indoor,5,0,0,0,0,0,0.44291359186172485
data/raw/osu_lora/Diff_Days_Indoor_Setup/Day5/Device19/IQ_1.dat,25,1959975,17,7,0,test,diff_days_indoor,5,0,0,0,0,0,0.47205424308776855
data/raw/osu_lora/Diff_Days_Indoor_Setup/Day5/Device19/IQ_1.dat,26,2038374,17,17,1,test,diff_days_indoor,5,0,0,0,0,0,0.2823772132396698
data/raw/osu_lora/Diff_Days_Indoor_Setup/Day5/Device19/IQ_1.dat,27,2116773,17,22,0,test,diff_days_indoor,5,0,0,0,0,0,0.36743444204330444
data/raw/osu_lora/Diff_Days_Indoor_Setup/Day5/Device19/IQ_1.dat,28,2195172,17,7,0,test,diff_days_indoor,5,0,0,0,0,0,0.5974085927009583
data/raw/osu_lora/Diff_Days_Indoor_Setup/Day5/Device19/IQ_1.dat,29,2273571,17,15,0,test,diff_days_indoor,5,0,0,0,0,0,0.3210856020450592
data/raw/osu_lora/Diff_Days_Indoor_Setup/Day5/Device19/IQ_1.dat,30,2351970,17,16,0,test,diff_days_indoor,5,0,0,0,0,0,0.2938109338283539
data/raw/osu_lora/Diff_Days_Indoor_Setup/Day5/Device19/IQ_1.dat,31,2430369,17,7,0,test,diff_days_indoor,5,0,0,0,0,0,0.601952850818634
data/raw/osu_lora/Diff_Days_Indoor_Setup/Day5/Device19/IQ_1.dat,32,2508768,17,7,0,test,diff_days_indoor,5,0,0,0,0,0,0.5012658834457397
data/raw/osu_lora/Diff_Days_Indoor_Setup/Day5/Device19/IQ_1.dat,33,2587167,17,17,1,test,diff_days_indoor,5,0,0,0,0,0,0.4602524936199188
data/raw/osu_lora/Diff_Days_Indoor_Setup/Day5/Device19/IQ_1.dat,34,2665566,17,7,0,test,diff_days_indoor,5,0,0,0,0,0,0.6407625675201416
data/raw/osu_lora/Diff_Days_Indoor_Setup/Day5/Device19/IQ_1.dat,35,2743965,17,7,0,test,diff_days_indoor,5,0,0,0,0,0,0.5177043676376343
data/raw/osu_lora/Diff_Days_Indoor_Setup/Day5/Device19/IQ_1.dat,36,2822364,17,7,0,test,diff_days_indoor,5,0,0,0,0,0,0.5089561343193054
data/raw/osu_lora/Diff_Days_Indoor_Setup/Day5/Device19/IQ_1.dat,37,2900763,17,7,0,test,diff_days_indoor,5,0,0,0,0,0,0.4186301529407501
data/raw/osu_lora/Diff_Days_Indoor_Setup/Day5/Device19/IQ_1.dat,38,2979162,17,7,0,test,diff_days_indoor,5,0,0,0,0,0,0.2045982927083969
data/raw/osu_lora/Diff_Days_Indoor_Setup/Day5/Device19/IQ_1.dat,39,3057561,17,7,0,test,diff_days_indoor,5,0,0,0,0,0,0.5015066266059875
data/raw/osu_lora/Diff_Days_Indoor_Setup/Day5/Device19/IQ_1.dat,40,3135960,17,15,0,test,diff_days_indoor,5,0,0,0,0,0,0.33995530009269714
data/raw/osu_lora/Diff_Days_Indoor_Setup/Day5/Device19/IQ_1.dat,41,3214359,17,17,1,test,diff_days_indoor,5,0,0,0,0,0,0.40961384773254395
data/raw/osu_lora/Diff_Days_Indoor_Setup/Day5/Device19/IQ_1.dat,42,3292758,17,17,1,test,diff_days_indoor,5,0,0,0,0,0,0.42415136098861694
data/raw/osu_lora/Diff_Days_Indoor_Setup/Day5/Device19/IQ_1.dat,43,3371157,17,7,0,test,diff_days_indoor,5,0,0,0,0,0,0.6041440367698669
data/raw/osu_lora/Diff_Days_Indoor_Setup/Day5/Device19/IQ_1.dat,44,3449556,17,22,0,test,diff_days_indoor,5,0,0,0,0,0,0.5393370985984802
data/raw/osu_lora/Diff_Days_Indoor_Setup/Day5/Device19/IQ_1.dat,45,3527955,17,22,0,test,diff_days_indoor,5,0,0,0,0,0,0.4092836081981659
data/raw/osu_lora/Diff_Days_Indoor_Setup/Day5/Device19/IQ_1.dat,46,3606354,17,13,0,test,diff_days_indoor,5,0,0,0,0,0,0.3318374454975128
data/raw/osu_lora/Diff_Days_Indoor_Setup/Day5/Device19/IQ_1.dat,47,3684753,17,7,0,test,diff_days_indoor,5,0,0,0,0,0,0.5112484097480774
data/raw/osu_lora/Diff_Days_Indoor_Setup/Day5/Device19/IQ_1.dat,48,3763152,17,17,1,test,diff_days_indoor,5,0,0,0,0,0,0.3991878926753998
data/raw/osu_lora/Diff_Days_Indoor_Setup/Day5/Device19/IQ_1.dat,49,3841551,17,7,0,test,diff_days_indoor,5,0,0,0,0,0,0.2648506760597229
data/raw/osu_lora/Diff_Days_Indoor_Setup/Day5/Device19/IQ_1.dat,50,3919950,17,17,1,test,diff_days_indoor,5,0,0,0,0,0,0.4550321698188782
data/raw/osu_lora/Diff_Days_Indoor_Setup/Day5/Device19/IQ_1.dat,51,3998349,17,17,1,test,diff_days_indoor,5,0,0,0,0,0,0.47214555740356445
data/raw/osu_lora/Diff_Days_Indoor_Setup/Day5/Device19/IQ_1.dat,52,4076748,17,15,0,test,diff_days_indoor,5,0,0,0,0,0,0.5125144720077515
data/raw/osu_lora/Diff_Days_Indoor_Setup/Day5/Device19/IQ_1.dat,53,4155147,17,17,1,test,diff_days_indoor,5,0,0,0,0,0,0.4483027160167694
data/raw/osu_lora/Diff_Days_Indoor_Setup/Day5/Device19/IQ_1.dat,54,4233546,17,15,0,test,diff_days_indoor,5,0,0,0,0,0,0.3639996647834778
data/raw/osu_lora/Diff_Days_Indoor_Setup/Day5/Device19/IQ_1.dat,55,4311945,17,17,1,test,diff_days_indoor,5,0,0,0,0,0,0.5787805318832397
data/raw/osu_lora/Diff_Days_Indoor_Setup/Day5/Device19/IQ_1.dat,56,4390344,17,17,1,test,diff_days_indoor,5,0,0,0,0,0,0.3178788125514984
data/raw/osu_lora/Diff_Days_Indoor_Setup/Day5/Device19/IQ_1.dat,57,4468743,17,15,0,test,diff_days_indoor,5,0,0,0,0,0,0.39094141125679016
data/raw/osu_lora/Diff_Days_Indoor_Setup/Day5/Device19/IQ_1.dat,58,4547142,17,23,0,test,diff_days_indoor,5,0,0,0,0,0,0.3334452211856842
data/raw/osu_lora/Diff_Days_Indoor_Setup/Day5/Device19/IQ_1.dat,59,4625541,17,17,1,test,diff_days_indoor,5,0,0,0,0,0,0.2558292746543884
data/raw/osu_lora/Diff_Days_Indoor_Setup/Day5/Device19/IQ_1.dat,60,4703940,17,7,0,test,diff_days_indoor,5,0,0,0,0,0,0.5793174505233765
data/raw/osu_lora/Diff_Days_Indoor_Setup/Day5/Device19/IQ_1.dat,61,4782339,17,7,0,test,diff_days_indoor,5,0,0,0,0,0,0.5485972762107849
data/raw/osu_lora/Diff_Days_Indoor_Setup/Day5/Device19/IQ_1.dat,62,4860738,17,7,0,test,diff_days_indoor,5,0,0,0,0,0,0.2532033920288086
data/raw/osu_lora/Diff_Days_Indoor_Setup/Day5/Device19/IQ_1.dat,63,4939137,17,7,0,test,diff_days_indoor,5,0,0,0,0,0,0.504610002040863
data/raw/osu_lora/Diff_Days_Indoor_Setup/Day5/Device19/IQ_1.dat,64,5017536,17,7,0,test,diff_days_indoor,5,0,0,0,0,0,0.47211673855781555
data/raw/osu_lora/Diff_Days_Indoor_Setup/Day5/Device19/IQ_1.dat,65,5095935,17,22,0,test,diff_days_indoor,5,0,0,0,0,0,0.37559831142425537
data/raw/osu_lora/Diff_Days_Indoor_Setup/Day5/Device19/IQ_1.dat,66,5174334,17,15,0,test,diff_days_indoor,5,0,0,0,0,0,0.3379654288291931
data/raw/osu_lora/Diff_Days_Indoor_Setup/Day5/Device19/IQ_1.dat,67,5252733,17,17,1,test,diff_days_indoor,5,0,0,0,0,0,0.4677964448928833
data/raw/osu_lora/Diff_Days_Indoor_Setup/Day5/Device19/IQ_1.dat,68,5331132,17,22,0,test,diff_days_indoor,5,0,0,0,0,0,0.37890252470970154
data/raw/osu_lora/Diff_Days_Indoor_Setup/Day5/Device19/IQ_1.dat,69,5409531,17,7,0,test,diff_days_indoor,5,0,0,0,0,0,0.42003750801086426
data/raw/osu_lora/Diff_Days_Indoor_Setup/Day5/Device19/IQ_1.dat,70,5487930,17,17,1,test,diff_days_indoor,5,0,0,0,0,0,0.5335071682929993
data/raw/osu_lora/Diff_Days_Indoor_Setup/Day5/Device19/IQ_1.dat,71,5566329,17,17,1,test,diff_days_indoor,5,0,0,0,0,0,0.4858337640762329
data/raw/osu_lora/Diff_Days_Indoor_Setup/Day5/Device19/IQ_1.dat,72,5644728,17,22,0,test,diff_days_indoor,5,0,0,0,0,0,0.2576451599597931
data/raw/osu_lora/Diff_Days_Indoor_Setup/Day5/Device19/IQ_1.dat,73,5723127,17,17,1,test,diff_days_indoor,5,0,0,0,0,0,0.4119981527328491
data/raw/osu_lora/Diff_Days_Indoor_Setup/Day5/Device19/IQ_1.dat,74,5801526,17,17,1,test,diff_days_indoor,5,0,0,0,0,0,0.4776698648929596
data/raw/osu_lora/Diff_Days_Indoor_Setup/Day5/Device19/IQ_1.dat,75,5879925,17,7,0,test,diff_days_indoor,5,0,0,0,0,0,0.5253803133964539
data/raw/osu_lora/Diff_Days_Indoor_Setup/Day5/Device19/IQ_1.dat,76,5958324,17,7,0,test,diff_days_indoor,5,0,0,0,0,0,0.41337594389915466
data/raw/osu_lora/Diff_Days_Indoor_Setup/Day5/Device19/IQ_1.dat,77,6036723,17,17,1,test,diff_days_indoor,5,0,0,0,0,0,0.3948115408420563
data/raw/osu_lora/Diff_Days_Indoor_Setup/Day5/Device19/IQ_1.dat,78,6115122,17,7,0,test,diff_days_indoor,5,0,0,0,0,0,0.6228360533714294
data/raw/osu_lora/Diff_Days_Indoor_Setup/Day5/Device19/IQ_1.dat,79,6193521,17,17,1,test,diff_days_indoor,5,0,0,0,0,0,0.3651334047317505
data/raw/osu_lora/Diff_Days_Indoor_Setup/Day5/Device19/IQ_1.dat,80,6271920,17,17,1,test,diff_days_indoor,5,0,0,0,0,0,0.45192551612854004
data/raw/osu_lora/Diff_Days_Indoor_Setup/Day5/Device19/IQ_1.dat,81,6350319,17,17,1,test,diff_days_indoor,5,0,0,0,0,0,0.41116228699684143
data/raw/osu_lora/Diff_Days_Indoor_Setup/Day5/Device19/IQ_1.dat,82,6428718,17,15,0,test,diff_days_indoor,5,0,0,0,0,0,0.4991847574710846
data/raw/osu_lora/Diff_Days_Indoor_Setup/Day5/Device19/IQ_1.dat,83,6507117,17,23,0,test,diff_days_indoor,5,0,0,0,0,0,0.2627101242542267
data/raw/osu_lora/Diff_Days_Indoor_Setup/Day5/Device19/IQ_1.dat,84,6585516,17,17,1,test,diff_days_indoor,5,0,0,0,0,0,0.5072452425956726
data/raw/osu_lora/Diff_Days_Indoor_Setup/Day5/Device19/IQ_1.dat,85,6663915,17,17,1,test,diff_days_indoor,5,0,0,0,0,0,0.5083420276641846
data/raw/osu_lora/Diff_Days_Indoor_Setup/Day5/Device19/IQ_1.dat,86,6742314,17,22,0,test,diff_days_indoor,5,0,0,0,0,0,0.46429693698883057
data/raw/osu_lora/Diff_Days_Indoor_Setup/Day5/Device19/IQ_1.dat,87,6820713,17,7,0,test,diff_days_indoor,5,0,0,0,0,0,0.5842122435569763
data/raw/osu_lora/Diff_Days_Indoor_Setup/Day5/Device19/IQ_1.dat,88,6899112,17,7,0,test,diff_days_indoor,5,0,0,0,0,0,0.5036520957946777
data/raw/osu_lora/Diff_Days_Indoor_Setup/Day5/Device19/IQ_1.dat,89,6977511,17,17,1,test,diff_days_indoor,5,0,0,0,0,0,0.6044391989707947
data/raw/osu_lora/Diff_Days_Indoor_Setup/Day5/Device19/IQ_1.dat,90,7055910,17,7,0,test,diff_days_indoor,5,0,0,0,0,0,0.5724071860313416
data/raw/osu_lora/Diff_Days_Indoor_Setup/Day5/Device19/IQ_1.dat,91,7134309,17,7,0,test,diff_days_indoor,5,0,0,0,0,0,0.5172349810600281
data/raw/osu_lora/Diff_Days_Indoor_Setup/Day5/Device19/IQ_1.dat,92,7212708,17,7,0,test,diff_days_indoor,5,0,0,0,0,0,0.5647857785224915
data/raw/osu_lora/Diff_Days_Indoor_Setup/Day5/Device19/IQ_1.dat,93,7291107,17,15,0,test,diff_days_indoor,5,0,0,0,0,0,0.39695030450820923
data/raw/osu_lora/Diff_Days_Indoor_Setup/Day5/Device19/IQ_1.dat,94,7369506,17,17,1,test,diff_days_indoor,5,0,0,0,0,0,0.4603310823440552
data/raw/osu_lora/Diff_Days_Indoor_Setup/Day5/Device19/IQ_1.dat,95,7447905,17,22,0,test,diff_days_indoor,5,0,0,0,0,0,0.26796993613243103
data/raw/osu_lora/Diff_Days_Indoor_Setup/Day5/Device19/IQ_1.dat,96,7526304,17,7,0,test,diff_days_indoor,5,0,0,0,0,0,0.5873626470565796
data/raw/osu_lora/Diff_Days_Indoor_Setup/Day5/Device19/IQ_1.dat,97,7604703,17,7,0,test,diff_days_indoor,5,0,0,0,0,0,0.5360156297683716
data/raw/osu_lora/Diff_Days_Indoor_Setup/Day5/Device19/IQ_1.dat,98,7683102,17,17,1,test,diff_days_indoor,5,0,0,0,0,0,0.37511390447616577
data/raw/osu_lora/Diff_Days_Indoor_Setup/Day5/Device19/IQ_1.dat,99,7761501,17,17,1,test,diff_days_indoor,5,0,0,0,0,0,0.48146432638168335
data/raw/osu_lora/Diff_Days_Indoor_Setup/Day5/Device19/IQ_1.dat,100,7839900,17,22,0,test,diff_days_indoor,5,0,0,0,0,0,0.39844998717308044
data/raw/osu_lora/Diff_Days_Indoor_Setup/Day5/Device19/IQ_1.dat,101,7918299,17,7,0,test,diff_days_indoor,5,0,0,0,0,0,0.5114182829856873
data/raw/osu_lora/Diff_Days_Indoor_Setup/Day5/Device19/IQ_1.dat,102,7996698,17,15,0,test,diff_days_indoor,5,0,0,0,0,0,0.5072270035743713
data/raw/osu_lora/Diff_Days_Indoor_Setup/Day5/Device19/IQ_1.dat,103,8075097,17,7,0,test,diff_days_indoor,5,0,0,0,0,0,0.4948410093784332
data/raw/osu_lora/Diff_Days_Indoor_Setup/Day5/Device19/IQ_1.dat,104,8153496,17,17,1,test,diff_days_indoor,5,0,0,0,0,0,0.39913061261177063
data/raw/osu_lora/Diff_Days_Indoor_Setup/Day5/Device19/IQ_1.dat,105,8231895,17,7,0,test,diff_days_indoor,5,0,0,0,0,0,0.48599258065223694
data/raw/osu_lora/Diff_Days_Indoor_Setup/Day5/Device19/IQ_1.dat,106,8310294,17,17,1,test,diff_days_indoor,5,0,0,0,0,0,0.46971365809440613
data/raw/osu_lora/Diff_Days_Indoor_Setup/Day5/Device19/IQ_1.dat,107,8388693,17,7,0,test,diff_days_indoor,5,0,0,0,0,0,0.6326246857643127
data/raw/osu_lora/Diff_Days_Indoor_Setup/Day5/Device19/IQ_1.dat,108,8467092,17,7,0,test,diff_days_indoor,5,0,0,0,0,0,0.5784837603569031
data/raw/osu_lora/Diff_Days_Indoor_Setup/Day5/Device19/IQ_1.dat,109,8545491,17,17,1,test,diff_days_indoor,5,0,0,0,0,0,0.44360294938087463
data/raw/osu_lora/Diff_Days_Indoor_Setup/Day5/Device19/IQ_1.dat,110,8623890,17,7,0,test,diff_days_indoor,5,0,0,0,0,0,0.5158231258392334
data/raw/osu_lora/Diff_Days_Indoor_Setup/Day5/Device19/IQ_1.dat,111,8702289,17,7,0,test,diff_days_indoor,5,0,0,0,0,0,0.4652654826641083
data/raw/osu_lora/Diff_Days_Indoor_Setup/Day5/Device19/IQ_1.dat,112,8780688,17,17,1,test,diff_days_indoor,5,0,0,0,0,0,0.47114047408103943
data/raw/osu_lora/Diff_Days_Indoor_Setup/Day5/Device19/IQ_1.dat,113,8859087,17,7,0,test,diff_days_indoor,5,0,0,0,0,0,0.3852916955947876
data/raw/osu_lora/Diff_Days_Indoor_Setup/Day5/Device19/IQ_1.dat,114,8937486,17,7,0,test,diff_days_indoor,5,0,0,0,0,0,0.5153148174285889
data/raw/osu_lora/Diff_Days_Indoor_Setup/Day5/Device19/IQ_1.dat,115,9015885,17,21,0,test,diff_days_indoor,5,0,0,0,0,0,0.2068070024251938
data/raw/osu_lora/Diff_Days_Indoor_Setup/Day5/Device19/IQ_1.dat,116,9094284,17,15,0,test,diff_days_indoor,5,0,0,0,0,0,0.2860320508480072
data/raw/osu_lora/Diff_Days_Indoor_Setup/Day5/Device19/IQ_1.dat,117,9172683,17,17,1,test,diff_days_indoor,5,0,0,0,0,0,0.4149951934814453
data/raw/osu_lora/Diff_Days_Indoor_Setup/Day5/Device19/IQ_1.dat,118,9251082,17,22,0,test,diff_days_indoor,5,0,0,0,0,0,0.3327547609806061
data/raw/osu_lora/Diff_Days_Indoor_Setup/Day5/Device19/IQ_1.dat,119,9329481,17,17,1,test,diff_days_indoor,5,0,0,0,0,0,0.5355048775672913
data/raw/osu_lora/Diff_Days_Indoor_Setup/Day5/Device19/IQ_1.dat,120,9407880,17,17,1,test,diff_days_indoor,5,0,0,0,0,0,0.4212133586406708
data/raw/osu_lora/Diff_Days_Indoor_Setup/Day5/Device19/IQ_1.dat,121,9486279,17,17,1,test,diff_days_indoor,5,0,0,0,0,0,0.43804267048835754
data/raw/osu_lora/Diff_Days_Indoor_Setup/Day5/Device19/IQ_1.dat,122,9564678,17,7,0,test,diff_days_indoor,5,0,0,0,0,0,0.6354585886001587
data/raw/osu_lora/Diff_Days_Indoor_Setup/Day5/Device19/IQ_1.dat,123,9643077,17,17,1,test,diff_days_indoor,5,0,0,0,0,0,0.47473451495170593
data/raw/osu_lora/Diff_Days_Indoor_Setup/Day5/Device19/IQ_1.dat,124,9721476,17,15,0,test,diff_days_indoor,5,0,0,0,0,0,0.4125026762485504
data/raw/osu_lora/Diff_Days_Indoor_Setup/Day5/Device19/IQ_1.dat,125,9799875,17,17,1,test,diff_days_indoor,5,0,0,0,0,0,0.31179797649383545
data/raw/osu_lora/Diff_Days_Indoor_Setup/Day5/Device19/IQ_1.dat,126,9878274,17,17,1,test,diff_days_indoor,5,0,0,0,0,0,0.4429682195186615
data/raw/osu_lora/Diff_Days_Indoor_Setup/Day5/Device19/IQ_1.dat,127,9956673,17,15,0,test,diff_days_indoor,5,0,0,0,0,0,0.47107619047164917
data/raw/osu_lora/Diff_Days_Indoor_Setup/Day5/Device19/IQ_1.dat,128,10035072,17,7,0,test,diff_days_indoor,5,0,0,0,0,0,0.3058288097381592
data/raw/osu_lora/Diff_Days_Indoor_Setup/Day5/Device19/IQ_1.dat,129,10113471,17,17,1,test,diff_days_indoor,5,0,0,0,0,0,0.46863308548927307
data/raw/osu_lora/Diff_Days_Indoor_Setup/Day5/Device19/IQ_1.dat,130,10191870,17,15,0,test,diff_days_indoor,5,0,0,0,0,0,0.3580677807331085
data/raw/osu_lora/Diff_Days_Indoor_Setup/Day5/Device19/IQ_1.dat,131,10270269,17,16,0,test,diff_days_indoor,5,0,0,0,0,0,0.2710963785648346
data/raw/osu_lora/Diff_Days_Indoor_Setup/Day5/Device19/IQ_1.dat,132,10348668,17,17,1,test,diff_days_indoor,5,0,0,0,0,0,0.4011845588684082
data/raw/osu_lora/Diff_Days_Indoor_Setup/Day5/Device19/IQ_1.dat,133,10427067,17,17,1,test,diff_days_indoor,5,0,0,0,0,0,0.3041563332080841
data/raw/osu_lora/Diff_Days_Indoor_Setup/Day5/Device19/IQ_1.dat,134,10505466,17,7,0,test,diff_days_indoor,5,0,0,0,0,0,0.6267333030700684
data/raw/osu_lora/Diff_Days_Indoor_Setup/Day5/Device19/IQ_1.dat,135,10583865,17,17,1,test,diff_days_indoor,5,0,0,0,0,0,0.4560631811618805
data/raw/osu_lora/Diff_Days_Indoor_Setup/Day5/Device19/IQ_1.dat,136,10662264,17,7,0,test,diff_days_indoor,5,0,0,0,0,0,0.5924022793769836
data/raw/osu_lora/Diff_Days_Indoor_Setup/Day5/Device19/IQ_1.dat,137,10740663,17,17,1,test,diff_days_indoor,5,0,0,0,0,0,0.4737906754016876
data/raw/osu_lora/Diff_Days_Indoor_Setup/Day5/Device19/IQ_1.dat,138,10819062,17,17,1,test,diff_days_indoor,5,0,0,0,0,0,0.3892274498939514
data/raw/osu_lora/Diff_Days_Indoor_Setup/Day5/Device19/IQ_1.dat,139,10897461,17,17,1,test,diff_days_indoor,5,0,0,0,0,0,0.23639896512031555
data/raw/osu_lora/Diff_Days_Indoor_Setup/Day5/Device19/IQ_1.dat,140,10975860,17,22,0,test,diff_days_indoor,5,0,0,0,0,0,0.39801400899887085
data/raw/osu_lora/Diff_Days_Indoor_Setup/Day5/Device19/IQ_1.dat,141,11054259,17,17,1,test,diff_days_indoor,5,0,0,0,0,0,0.3435998260974884
data/raw/osu_lora/Diff_Days_Indoor_Setup/Day5/Device19/IQ_1.dat,142,11132658,17,7,0,test,diff_days_indoor,5,0,0,0,0,0,0.4606115520000458
data/raw/osu_lora/Diff_Days_Indoor_Setup/Day5/Device19/IQ_1.dat,143,11211057,17,15,0,test,diff_days_indoor,5,0,0,0,0,0,0.3045775592327118
data/raw/osu_lora/Diff_Days_Indoor_Setup/Day5/Device19/IQ_1.dat,144,11289456,17,17,1,test,diff_days_indoor,5,0,0,0,0,0,0.4065767526626587
data/raw/osu_lora/Diff_Days_Indoor_Setup/Day5/Device19/IQ_1.dat,145,11367855,17,7,0,test,diff_days_indoor,5,0,0,0,0,0,0.5742363929748535
data/raw/osu_lora/Diff_Days_Indoor_Setup/Day5/Device19/IQ_1.dat,146,11446254,17,7,0,test,diff_days_indoor,5,0,0,0,0,0,0.4417245388031006
data/raw/osu_lora/Diff_Days_Indoor_Setup/Day5/Device19/IQ_1.dat,147,11524653,17,7,0,test,diff_days_indoor,5,0,0,0,0,0,0.3112887144088745
data/raw/osu_lora/Diff_Days_Indoor_Setup/Day5/Device19/IQ_1.dat,148,11603052,17,17,1,test,diff_days_indoor,5,0,0,0,0,0,0.4076721966266632
data/raw/osu_lora/Diff_Days_Indoor_Setup/Day5/Device19/IQ_1.dat,149,11681451,17,15,0,test,diff_days_indoor,5,0,0,0,0,0,0.353608638048172
data/raw/osu_lora/Diff_Days_Indoor_Setup/Day5/Device19/IQ_1.dat,150,11759850,17,16,0,test,diff_days_indoor,5,0,0,0,0,0,0.25263574719429016
data/raw/osu_lora/Diff_Days_Indoor_Setup/Day5/Device19/IQ_1.dat,151,11838249,17,7,0,test,diff_days_indoor,5,0,0,0,0,0,0.5525162816047668
data/raw/osu_lora/Diff_Days_Indoor_Setup/Day5/Device19/IQ_1.dat,152,11916648,17,7,0,test,diff_days_indoor,5,0,0,0,0,0,0.537213146686554
data/raw/osu_lora/Diff_Days_Indoor_Setup/Day5/Device19/IQ_1.dat,153,11995047,17,7,0,test,diff_days_indoor,5,0,0,0,0,0,0.4455130398273468
data/raw/osu_lora/Diff_Days_Indoor_Setup/Day5/Device19/IQ_1.dat,154,12073446,17,7,0,test,diff_days_indoor,5,0,0,0,0,0,0.6487453579902649
data/raw/osu_lora/Diff_Days_Indoor_Setup/Day5/Device19/IQ_1.dat,155,12151845,17,7,0,test,diff_days_indoor,5,0,0,0,0,0,0.42632779479026794
data/raw/osu_lora/Diff_Days_Indoor_Setup/Day5/Device19/IQ_1.dat,156,12230244,17,17,1,test,diff_days_indoor,5,0,0,0,0,0,0.2990751564502716
data/raw/osu_lora/Diff_Days_Indoor_Setup/Day5/Device19/IQ_1.dat,157,12308643,17,7,0,test,diff_days_indoor,5,0,0,0,0,0,0.47890710830688477
data/raw/osu_lora/Diff_Days_Indoor_Setup/Day5/Device19/IQ_1.dat,158,12387042,17,17,1,test,diff_days_indoor,5,0,0,0,0,0,0.48666948080062866
data/raw/osu_lora/Diff_Days_Indoor_Setup/Day5/Device19/IQ_1.dat,159,12465441,17,7,0,test,diff_days_indoor,5,0,0,0,0,0,0.47118741273880005
data/raw/osu_lora/Diff_Days_Indoor_Setup/Day5/Device19/IQ_1.dat,160,12543840,17,17,1,test,diff_days_indoor,5,0,0,0,0,0,0.47207948565483093
data/raw/osu_lora/Diff_Days_Indoor_Setup/Day5/Device19/IQ_1.dat,161,12622239,17,22,0,test,diff_days_indoor,5,0,0,0,0,0,0.4322318136692047
data/raw/osu_lora/Diff_Days_Indoor_Setup/Day5/Device19/IQ_1.dat,162,12700638,17,17,1,test,diff_days_indoor,5,0,0,0,0,0,0.3916826844215393
data/raw/osu_lora/Diff_Days_Indoor_Setup/Day5/Device19/IQ_1.dat,163,12779037,17,15,0,test,diff_days_indoor,5,0,0,0,0,0,0.3208889961242676
data/raw/osu_lora/Diff_Days_Indoor_Setup/Day5/Device19/IQ_1.dat,164,12857436,17,17,1,test,diff_days_indoor,5,0,0,0,0,0,0.3260910212993622
data/raw/osu_lora/Diff_Days_Indoor_Setup/Day5/Device19/IQ_1.dat,165,12935835,17,22,0,test,diff_days_indoor,5,0,0,0,0,0,0.3299500644207001
data/raw/osu_lora/Diff_Days_Indoor_Setup/Day5/Device19/IQ_1.dat,166,13014234,17,7,0,test,diff_days_indoor,5,0,0,0,0,0,0.48209869861602783
data/raw/osu_lora/Diff_Days_Indoor_Setup/Day5/Device19/IQ_1.dat,167,13092633,17,7,0,test,diff_days_indoor,5,0,0,0,0,0,0.5475184321403503
data/raw/osu_lora/Diff_Days_Indoor_Setup/Day5/Device19/IQ_1.dat,168,13171032,17,17,1,test,diff_days_indoor,5,0,0,0,0,0,0.325590044260025
data/raw/osu_lora/Diff_Days_Indoor_Setup/Day5/Device19/IQ_1.dat,169,13249431,17,17,1,test,diff_days_indoor,5,0,0,0,0,0,0.38652539253234863
data/raw/osu_lora/Diff_Days_Indoor_Setup/Day5/Device19/IQ_1.dat,170,13327830,17,17,1,test,diff_days_indoor,5,0,0,0,0,0,0.5117624998092651
data/raw/osu_lora/Diff_Days_Indoor_Setup/Day5/Device19/IQ_1.dat,171,13406229,17,7,0,test,diff_days_indoor,5,0,0,0,0,0,0.5703807473182678
data/raw/osu_lora/Diff_Days_Indoor_Setup/Day5/Device19/IQ_1.dat,172,13484628,17,15,0,test,diff_days_indoor,5,0,0,0,0,0,0.34295597672462463
data/raw/osu_lora/Diff_Days_Indoor_Setup/Day5/Device19/IQ_1.dat,173,13563027,17,7,0,test,diff_days_indoor,5,0,0,0,0,0,0.5104023814201355
data/raw/osu_lora/Diff_Days_Indoor_Setup/Day5/Device19/IQ_1.dat,174,13641426,17,17,1,test,diff_days_indoor,5,0,0,0,0,0,0.4596782624721527
data/raw/osu_lora/Diff_Days_Indoor_Setup/Day5/Device19/IQ_1.dat,175,13719825,17,7,0,test,diff_days_indoor,5,0,0,0,0,0,0.4885903596878052
data/raw/osu_lora/Diff_Days_Indoor_Setup/Day5/Device19/IQ_1.dat,176,13798224,17,7,0,test,diff_days_indoor,5,0,0,0,0,0,0.5538108348846436
data/raw/osu_lora/Diff_Days_Indoor_Setup/Day5/Device19/IQ_1.dat,177,13876623,17,17,1,test,diff_days_indoor,5,0,0,0,0,0,0.3067695200443268
data/raw/osu_lora/Diff_Days_Indoor_Setup/Day5/Device19/IQ_1.dat,178,13955022,17,17,1,test,diff_days_indoor,5,0,0,0,0,0,0.25245824456214905
data/raw/osu_lora/Diff_Days_Indoor_Setup/Day5/Device19/IQ_1.dat,179,14033421,17,17,1,test,diff_days_indoor,5,0,0,0,0,0,0.4836040139198303
data/raw/osu_lora/Diff_Days_Indoor_Setup/Day5/Device19/IQ_1.dat,180,14111820,17,7,0,test,diff_days_indoor,5,0,0,0,0,0,0.41087543964385986
data/raw/osu_lora/Diff_Days_Indoor_Setup/Day5/Device19/IQ_1.dat,181,14190219,17,15,0,test,diff_days_indoor,5,0,0,0,0,0,0.290213406085968
data/raw/osu_lora/Diff_Days_Indoor_Setup/Day5/Device19/IQ_1.dat,182,14268618,17,15,0,test,diff_days_indoor,5,0,0,0,0,0,0.26691219210624695
data/raw/osu_lora/Diff_Days_Indoor_Setup/Day5/Device19/IQ_1.dat,183,14347017,17,15,0,test,diff_days_indoor,5,0,0,0,0,0,0.35250797867774963
data/raw/osu_lora/Diff_Days_Indoor_Setup/Day5/Device19/IQ_1.dat,184,14425416,17,7,0,test,diff_days_indoor,5,0,0,0,0,0,0.3725174069404602
data/raw/osu_lora/Diff_Days_Indoor_Setup/Day5/Device19/IQ_1.dat,185,14503815,17,17,1,test,diff_days_indoor,5,0,0,0,0,0,0.4193635582923889
data/raw/osu_lora/Diff_Days_Indoor_Setup/Day5/Device19/IQ_1.dat,186,14582214,17,17,1,test,diff_days_indoor,5,0,0,0,0,0,0.3182663321495056
data/raw/osu_lora/Diff_Days_Indoor_Setup/Day5/Device19/IQ_1.dat,187,14660613,17,15,0,test,diff_days_indoor,5,0,0,0,0,0,0.23907403647899628
data/raw/osu_lora/Diff_Days_Indoor_Setup/Day5/Device19/IQ_1.dat,188,14739012,17,21,0,test,diff_days_indoor,5,0,0,0,0,0,0.15634188055992126
data/raw/osu_lora/Diff_Days_Indoor_Setup/Day5/Device19/IQ_1.dat,189,14817411,17,17,1,test,diff_days_indoor,5,0,0,0,0,0,0.4356418550014496
data/raw/osu_lora/Diff_Days_Indoor_Setup/Day5/Device19/IQ_1.dat,190,14895810,17,7,0,test,diff_days_indoor,5,0,0,0,0,0,0.6049625277519226
data/raw/osu_lora/Diff_Days_Indoor_Setup/Day5/Device19/IQ_1.dat,191,14974209,17,7,0,test,diff_days_indoor,5,0,0,0,0,0,0.5706747174263
data/raw/osu_lora/Diff_Days_Indoor_Setup/Day5/Device19/IQ_1.dat,192,15052608,17,22,0,test,diff_days_indoor,5,0,0,0,0,0,0.579813539981842
data/raw/osu_lora/Diff_Days_Indoor_Setup/Day5/Device19/IQ_1.dat,193,15131007,17,7,0,test,diff_days_indoor,5,0,0,0,0,0,0.584873616695404
data/raw/osu_lora/Diff_Days_Indoor_Setup/Day5/Device19/IQ_1.dat,194,15209406,17,7,0,test,diff_days_indoor,5,0,0,0,0,0,0.5453366041183472
data/raw/osu_lora/Diff_Days_Indoor_Setup/Day5/Device19/IQ_1.dat,195,15287805,17,7,0,test,diff_days_indoor,5,0,0,0,0,0,0.5355146527290344
data/raw/osu_lora/Diff_Days_Indoor_Setup/Day5/Device19/IQ_1.dat,196,15366204,17,17,1,test,diff_days_indoor,5,0,0,0,0,0,0.4200913608074188
data/raw/osu_lora/Diff_Days_Indoor_Setup/Day5/Device19/IQ_1.dat,197,15444603,17,17,1,test,diff_days_indoor,5,0,0,0,0,0,0.4819360077381134
data/raw/osu_lora/Diff_Days_Indoor_Setup/Day5/Device19/IQ_1.dat,198,15523002,17,7,0,test,diff_days_indoor,5,0,0,0,0,0,0.5858829021453857
data/raw/osu_lora/Diff_Days_Indoor_Setup/Day5/Device19/IQ_1.dat,199,15601401,17,7,0,test,diff_days_indoor,5,0,0,0,0,0,0.4298251271247864
data/raw/osu_lora/Diff_Days_Indoor_Setup/Day5/Device19/IQ_1.dat,200,15679800,17,22,0,test,diff_days_indoor,5,0,0,0,0,0,0.478179931640625
data/raw/osu_lora/Diff_Days_Indoor_Setup/Day5/Device19/IQ_1.dat,201,15758199,17,7,0,test,diff_days_indoor,5,0,0,0,0,0,0.5082237124443054
data/raw/osu_lora/Diff_Days_Indoor_Setup/Day5/Device19/IQ_1.dat,202,15836598,17,17,1,test,diff_days_indoor,5,0,0,0,0,0,0.34236201643943787
data/raw/osu_lora/Diff_Days_Indoor_Setup/Day5/Device19/IQ_1.dat,203,15914997,17,17,1,test,diff_days_indoor,5,0,0,0,0,0,0.48989400267601013
data/raw/osu_lora/Diff_Days_Indoor_Setup/Day5/Device19/IQ_1.dat,204,15993396,17,17,1,test,diff_days_indoor,5,0,0,0,0,0,0.40740272402763367
data/raw/osu_lora/Diff_Days_Indoor_Setup/Day5/Device19/IQ_1.dat,205,16071795,17,7,0,test,diff_days_indoor,5,0,0,0,0,0,0.4966890513896942
data/raw/osu_lora/Diff_Days_Indoor_Setup/Day5/Device19/IQ_1.dat,206,16150194,17,22,0,test,diff_days_indoor,5,0,0,0,0,0,0.6709445714950562
data/raw/osu_lora/Diff_Days_Indoor_Setup/Day5/Device19/IQ_1.dat,207,16228593,17,7,0,test,diff_days_indoor,5,0,0,0,0,0,0.5815752148628235
data/raw/osu_lora/Diff_Days_Indoor_Setup/Day5/Device19/IQ_1.dat,208,16306992,17,7,0,test,diff_days_indoor,5,0,0,0,0,0,0.5341387391090393
data/raw/osu_lora/Diff_Days_Indoor_Setup/Day5/Device19/IQ_1.dat,209,16385391,17,17,1,test,diff_days_indoor,5,0,0,0,0,0,0.5666496753692627
data/raw/osu_lora/Diff_Days_Indoor_Setup/Day5/Device19/IQ_1.dat,210,16463790,17,7,0,test,diff_days_indoor,5,0,0,0,0,0,0.4726111590862274
data/raw/osu_lora/Diff_Days_Indoor_Setup/Day5/Device19/IQ_1.dat,211,16542189,17,7,0,test,diff_days_indoor,5,0,0,0,0,0,0.565754771232605
data/raw/osu_lora/Diff_Days_Indoor_Setup/Day5/Device19/IQ_1.dat,212,16620588,17,17,1,test,diff_days_indoor,5,0,0,0,0,0,0.49077752232551575
data/raw/osu_lora/Diff_Days_Indoor_Setup/Day5/Device19/IQ_1.dat,213,16698987,17,17,1,test,diff_days_indoor,5,0,0,0,0,0,0.5323344469070435
data/raw/osu_lora/Diff_Days_Indoor_Setup/Day5/Device19/IQ_1.dat,214,16777386,17,15,0,test,diff_days_indoor,5,0,0,0,0,0,0.2810428738594055
data/raw/osu_lora/Diff_Days_Indoor_Setup/Day5/Device19/IQ_1.dat,215,16855785,17,17,1,test,diff_days_indoor,5,0,0,0,0,0,0.3999898135662079
data/raw/osu_lora/Diff_Days_Indoor_Setup/Day5/Device19/IQ_1.dat,216,16934184,17,7,0,test,diff_days_indoor,5,0,0,0,0,0,0.5413296222686768
data/raw/osu_lora/Diff_Days_Indoor_Setup/Day5/Device19/IQ_1.dat,217,17012583,17,15,0,test,diff_days_indoor,5,0,0,0,0,0,0.3601318299770355
data/raw/osu_lora/Diff_Days_Indoor_Setup/Day5/Device19/IQ_1.dat,218,17090982,17,7,0,test,diff_days_indoor,5,0,0,0,0,0,0.5359724760055542
data/raw/osu_lora/Diff_Days_Indoor_Setup/Day5/Device19/IQ_1.dat,219,17169381,17,17,1,test,diff_days_indoor,5,0,0,0,0,0,0.4139614999294281
data/raw/osu_lora/Diff_Days_Indoor_Setup/Day5/Device19/IQ_1.dat,220,17247780,17,17,1,test,diff_days_indoor,5,0,0,0,0,0,0.43188101053237915
data/raw/osu_lora/Diff_Days_Indoor_Setup/Day5/Device19/IQ_1.dat,221,17326179,17,17,1,test,diff_days_indoor,5,0,0,0,0,0,0.3814243972301483
data/raw/osu_lora/Diff_Days_Indoor_Setup/Day5/Device19/IQ_1.dat,222,17404578,17,15,0,test,diff_days_indoor,5,0,0,0,0,0,0.38375774025917053
data/raw/osu_lora/Diff_Days_Indoor_Setup/Day5/Device19/IQ_1.dat,223,17482977,17,16,0,test,diff_days_indoor,5,0,0,0,0,0,0.30621418356895447
data/raw/osu_lora/Diff_Days_Indoor_Setup/Day5/Device19/IQ_1.dat,224,17561376,17,15,0,test,diff_days_indoor,5,0,0,0,0,0,0.2968009412288666
data/raw/osu_lora/Diff_Days_Indoor_Setup/Day5/Device19/IQ_1.dat,225,17639775,17,17,1,test,diff_days_indoor,5,0,0,0,0,0,0.4699057340621948
data/raw/osu_lora/Diff_Days_Indoor_Setup/Day5/Device19/IQ_1.dat,226,17718174,17,17,1,test,diff_days_indoor,5,0,0,0,0,0,0.4060317277908325
data/raw/osu_lora/Diff_Days_Indoor_Setup/Day5/Device19/IQ_1.dat,227,17796573,17,22,0,test,diff_days_indoor,5,0,0,0,0,0,0.31493842601776123
data/raw/osu_lora/Diff_Days_Indoor_Setup/Day5/Device19/IQ_1.dat,228,17874972,17,17,1,test,diff_days_indoor,5,0,0,0,0,0,0.4395301043987274
data/raw/osu_lora/Diff_Days_Indoor_Setup/Day5/Device19/IQ_1.dat,229,17953371,17,17,1,test,diff_days_indoor,5,0,0,0,0,0,0.4725329577922821
data/raw/osu_lora/Diff_Days_Indoor_Setup/Day5/Device19/IQ_1.dat,230,18031770,17,7,0,test,diff_days_indoor,5,0,0,0,0,0,0.5026975870132446
data/raw/osu_lora/Diff_Days_Indoor_Setup/Day5/Device19/IQ_1.dat,231,18110169,17,17,1,test,diff_days_indoor,5,0,0,0,0,0,0.3453281819820404
data/raw/osu_lora/Diff_Days_Indoor_Setup/Day5/Device19/IQ_1.dat,232,18188568,17,17,1,test,diff_days_indoor,5,0,0,0,0,0,0.3410155475139618
data/raw/osu_lora/Diff_Days_Indoor_Setup/Day5/Device19/IQ_1.dat,233,18266967,17,17,1,test,diff_days_indoor,5,0,0,0,0,0,0.34346577525138855
data/raw/osu_lora/Diff_Days_Indoor_Setup/Day5/Device19/IQ_1.dat,234,18345366,17,7,0,test,diff_days_indoor,5,0,0,0,0,0,0.34927600622177124
data/raw/osu_lora/Diff_Days_Indoor_Setup/Day5/Device19/IQ_1.dat,235,18423765,17,22,0,test,diff_days_indoor,5,0,0,0,0,0,0.2628987431526184
data/raw/osu_lora/Diff_Days_Indoor_Setup/Day5/Device19/IQ_1.dat,236,18502164,17,22,0,test,diff_days_indoor,5,0,0,0,0,0,0.35145196318626404
data/raw/osu_lora/Diff_Days_Indoor_Setup/Day5/Device19/IQ_1.dat,237,18580563,17,17,1,test,diff_days_indoor,5,0,0,0,0,0,0.2845972180366516
data/raw/osu_lora/Diff_Days_Indoor_Setup/Day5/Device19/IQ_1.dat,238,18658962,17,7,0,test,diff_days_indoor,5,0,0,0,0,0,0.4492678642272949
data/raw/osu_lora/Diff_Days_Indoor_Setup/Day5/Device19/IQ_1.dat,239,18737361,17,17,1,test,diff_days_indoor,5,0,0,0,0,0,0.44221168756484985
data/raw/osu_lora/Diff_Days_Indoor_Setup/Day5/Device19/IQ_1.dat,240,18815760,17,7,0,test,diff_days_indoor,5,0,0,0,0,0,0.39308682084083557
data/raw/osu_lora/Diff_Days_Indoor_Setup/Day5/Device19/IQ_1.dat,241,18894159,17,17,1,test,diff_days_indoor,5,0,0,0,0,0,0.4496827721595764
data/raw/osu_lora/Diff_Days_Indoor_Setup/Day5/Device19/IQ_1.dat,242,18972558,17,15,0,test,diff_days_indoor,5,0,0,0,0,0,0.44827985763549805
data/raw/osu_lora/Diff_Days_Indoor_Setup/Day5/Device19/IQ_1.dat,243,19050957,17,15,0,test,diff_days_indoor,5,0,0,0,0,0,0.3228624761104584
data/raw/osu_lora/Diff_Days_Indoor_Setup/Day5/Device19/IQ_1.dat,244,19129356,17,17,1,test,diff_days_indoor,5,0,0,0,0,0,0.40762215852737427
data/raw/osu_lora/Diff_Days_Indoor_Setup/Day5/Device19/IQ_1.dat,245,19207755,17,17,1,test,diff_days_indoor,5,0,0,0,0,0,0.44449135661125183
data/raw/osu_lora/Diff_Days_Indoor_Setup/Day5/Device19/IQ_1.dat,246,19286154,17,7,0,test,diff_days_indoor,5,0,0,0,0,0,0.46595409512519836
data/raw/osu_lora/Diff_Days_Indoor_Setup/Day5/Device19/IQ_1.dat,247,19364553,17,17,1,test,diff_days_indoor,5,0,0,0,0,0,0.48103323578834534
data/raw/osu_lora/Diff_Days_Indoor_Setup/Day5/Device19/IQ_1.dat,248,19442952,17,17,1,test,diff_days_indoor,5,0,0,0,0,0,0.2944181263446808
data/raw/osu_lora/Diff_Days_Indoor_Setup/Day5/Device19/IQ_1.dat,249,19521351,17,15,0,test,diff_days_indoor,5,0,0,0,0,0,0.26488012075424194
data/raw/osu_lora/Diff_Days_Indoor_Setup/Day5/Device19/IQ_1.dat,250,19599750,17,15,0,test,diff_days_indoor,5,0,0,0,0,0,0.3233567178249359
data/raw/osu_lora/Diff_Days_Indoor_Setup/Day5/Device19/IQ_1.dat,251,19678149,17,17,1,test,diff_days_indoor,5,0,0,0,0,0,0.5203442573547363
data/raw/osu_lora/Diff_Days_Indoor_Setup/Day5/Device19/IQ_1.dat,252,19756548,17,17,1,test,diff_days_indoor,5,0,0,0,0,0,0.3520548343658447
data/raw/osu_lora/Diff_Days_Indoor_Setup/Day5/Device19/IQ_1.dat,253,19834947,17,22,0,test,diff_days_indoor,5,0,0,0,0,0,0.6623632907867432
data/raw/osu_lora/Diff_Days_Indoor_Setup/Day5/Device19/IQ_1.dat,254,19913346,17,17,1,test,diff_days_indoor,5,0,0,0,0,0,0.4356424808502197
data/raw/osu_lora/Diff_Days_Indoor_Setup/Day5/Device19/IQ_1.dat,255,19991745,17,17,1,test,diff_days_indoor,5,0,0,0,0,0,0.4673368036746979
data/raw/osu_lora/Diff_Days_Indoor_Setup/Day5/Device20/IQ_1.dat,0,0,18,9,0,test,diff_days_indoor,5,0,0,0,0,0,0.27421125769615173
data/raw/osu_lora/Diff_Days_Indoor_Setup/Day5/Device20/IQ_1.dat,1,78399,18,9,0,test,diff_days_indoor,5,0,0,0,0,0,0.3921303153038025
data/raw/osu_lora/Diff_Days_Indoor_Setup/Day5/Device20/IQ_1.dat,2,156798,18,9,0,test,diff_days_indoor,5,0,0,0,0,0,0.3607039153575897
data/raw/osu_lora/Diff_Days_Indoor_Setup/Day5/Device20/IQ_1.dat,3,235197,18,9,0,test,diff_days_indoor,5,0,0,0,0,0,0.3619413673877716
data/raw/osu_lora/Diff_Days_Indoor_Setup/Day5/Device20/IQ_1.dat,4,313596,18,9,0,test,diff_days_indoor,5,0,0,0,0,0,0.30874162912368774
data/raw/osu_lora/Diff_Days_Indoor_Setup/Day5/Device20/IQ_1.dat,5,391995,18,9,0,test,diff_days_indoor,5,0,0,0,0,0,0.37515971064567566
data/raw/osu_lora/Diff_Days_Indoor_Setup/Day5/Device20/IQ_1.dat,6,470394,18,18,1,test,diff_days_indoor,5,0,0,0,0,0,0.3226960301399231
data/raw/osu_lora/Diff_Days_Indoor_Setup/Day5/Device20/IQ_1.dat,7,548793,18,9,0,test,diff_days_indoor,5,0,0,0,0,0,0.3565143942832947
data/raw/osu_lora/Diff_Days_Indoor_Setup/Day5/Device20/IQ_1.dat,8,627192,18,13,0,test,diff_days_indoor,5,0,0,0,0,0,0.3001878261566162
data/raw/osu_lora/Diff_Days_Indoor_Setup/Day5/Device20/IQ_1.dat,9,705591,18,9,0,test,diff_days_indoor,5,0,0,0,0,0,0.340741902589798
data/raw/osu_lora/Diff_Days_Indoor_Setup/Day5/Device20/IQ_1.dat,10,783990,18,9,0,test,diff_days_indoor,5,0,0,0,0,0,0.3356233239173889
data/raw/osu_lora/Diff_Days_Indoor_Setup/Day5/Device20/IQ_1.dat,11,862389,18,9,0,test,diff_days_indoor,5,0,0,0,0,0,0.3572990894317627
data/raw/osu_lora/Diff_Days_Indoor_Setup/Day5/Device20/IQ_1.dat,12,940788,18,13,0,test,diff_days_indoor,5,0,0,0,0,0,0.3680037260055542
data/raw/osu_lora/Diff_Days_Indoor_Setup/Day5/Device20/IQ_1.dat,13,1019187,18,9,0,test,diff_days_indoor,5,0,0,0,0,0,0.37206774950027466
data/raw/osu_lora/Diff_Days_Indoor_Setup/Day5/Device20/IQ_1.dat,14,1097586,18,14,0,test,diff_days_indoor,5,0,0,0,0,0,0.29731452465057373
data/raw/osu_lora/Diff_Days_Indoor_Setup/Day5/Device20/IQ_1.dat,15,1175985,18,9,0,test,diff_days_indoor,5,0,0,0,0,0,0.351603627204895
data/raw/osu_lora/Diff_Days_Indoor_Setup/Day5/Device20/IQ_1.dat,16,1254384,18,9,0,test,diff_days_indoor,5,0,0,0,0,0,0.3659752607345581
data/raw/osu_lora/Diff_Days_Indoor_Setup/Day5/Device20/IQ_1.dat,17,1332783,18,9,0,test,diff_days_indoor,5,0,0,0,0,0,0.3391573429107666
data/raw/osu_lora/Diff_Days_Indoor_Setup/Day5/Device20/IQ_1.dat,18,1411182,18,14,0,test,diff_days_indoor,5,0,0,0,0,0,0.34373024106025696
data/raw/osu_lora/Diff_Days_Indoor_Setup/Day5/Device20/IQ_1.dat,19,1489581,18,9,0,test,diff_days_indoor,5,0,0,0,0,0,0.380291610956192
data/raw/osu_lora/Diff_Days_Indoor_Setup/Day5/Device20/IQ_1.dat,20,1567980,18,13,0,test,diff_days_indoor,5,0,0,0,0,0,0.5142631530761719
data/raw/osu_lora/Diff_Days_Indoor_Setup/Day5/Device20/IQ_1.dat,21,1646379,18,9,0,test,diff_days_indoor,5,0,0,0,0,0,0.3803112804889679
data/raw/osu_lora/Diff_Days_Indoor_Setup/Day5/Device20/IQ_1.dat,22,1724778,18,9,0,test,diff_days_indoor,5,0,0,0,0,0,0.4023931622505188
data/raw/osu_lora/Diff_Days_Indoor_Setup/Day5/Device20/IQ_1.dat,23,1803177,18,13,0,test,diff_days_indoor,5,0,0,0,0,0,0.2168867290019989
data/raw/osu_lora/Diff_Days_Indoor_Setup/Day5/Device20/IQ_1.dat,24,1881576,18,9,0,test,diff_days_indoor,5,0,0,0,0,0,0.36561304330825806
data/raw/osu_lora/Diff_Days_Indoor_Setup/Day5/Device20/IQ_1.dat,25,1959975,18,21,0,test,diff_days_indoor,5,0,0,0,0,0,0.34846124053001404
data/raw/osu_lora/Diff_Days_Indoor_Setup/Day5/Device20/IQ_1.dat,26,2038374,18,9,0,test,diff_days_indoor,5,0,0,0,0,0,0.3352413773536682
data/raw/osu_lora/Diff_Days_Indoor_Setup/Day5/Device20/IQ_1.dat,27,2116773,18,14,0,test,diff_days_indoor,5,0,0,0,0,0,0.2893189787864685
data/raw/osu_lora/Diff_Days_Indoor_Setup/Day5/Device20/IQ_1.dat,28,2195172,18,9,0,test,diff_days_indoor,5,0,0,0,0,0,0.40300458669662476
data/raw/osu_lora/Diff_Days_Indoor_Setup/Day5/Device20/IQ_1.dat,29,2273571,18,9,0,test,diff_days_indoor,5,0,0,0,0,0,0.3163329064846039
data/raw/osu_lora/Diff_Days_Indoor_Setup/Day5/Device20/IQ_1.dat,30,2351970,18,9,0,test,diff_days_indoor,5,0,0,0,0,0,0.2870079576969147
data/raw/osu_lora/Diff_Days_Indoor_Setup/Day5/Device20/IQ_1.dat,31,2430369,18,13,0,test,diff_days_indoor,5,0,0,0,0,0,0.2653054893016815
data/raw/osu_lora/Diff_Days_Indoor_Setup/Day5/Device20/IQ_1.dat,32,2508768,18,14,0,test,diff_days_indoor,5,0,0,0,0,0,0.28578582406044006
data/raw/osu_lora/Diff_Days_Indoor_Setup/Day5/Device20/IQ_1.dat,33,2587167,18,9,0,test,diff_days_indoor,5,0,0,0,0,0,0.34240755438804626
data/raw/osu_lora/Diff_Days_Indoor_Setup/Day5/Device20/IQ_1.dat,34,2665566,18,9,0,test,diff_days_indoor,5,0,0,0,0,0,0.34488117694854736
data/raw/osu_lora/Diff_Days_Indoor_Setup/Day5/Device20/IQ_1.dat,35,2743965,18,9,0,test,diff_days_indoor,5,0,0,0,0,0,0.4151145815849304
data/raw/osu_lora/Diff_Days_Indoor_Setup/Day5/Device20/IQ_1.dat,36,2822364,18,13,0,test,diff_days_indoor,5,0,0,0,0,0,0.33943286538124084
data/raw/osu_lora/Diff_Days_Indoor_Setup/Day5/Device20/IQ_1.dat,37,2900763,18,9,0,test,diff_days_indoor,5,0,0,0,0,0,0.35662245750427246
data/raw/osu_lora/Diff_Days_Indoor_Setup/Day5/Device20/IQ_1.dat,38,2979162,18,9,0,test,diff_days_indoor,5,0,0,0,0,0,0.3594433069229126
data/raw/osu_lora/Diff_Days_Indoor_Setup/Day5/Device20/IQ_1.dat,39,3057561,18,13,0,test,diff_days_indoor,5,0,0,0,0,0,0.24323564767837524
data/raw/osu_lora/Diff_Days_Indoor_Setup/Day5/Device20/IQ_1.dat,40,3135960,18,9,0,test,diff_days_indoor,5,0,0,0,0,0,0.29266706109046936
data/raw/osu_lora/Diff_Days_Indoor_Setup/Day5/Device20/IQ_1.dat,41,3214359,18,9,0,test,diff_days_indoor,5,0,0,0,0,0,0.29167208075523376
data/raw/osu_lora/Diff_Days_Indoor_Setup/Day5/Device20/IQ_1.dat,42,3292758,18,9,0,test,diff_days_indoor,5,0,0,0,0,0,0.3344151973724365
data/raw/osu_lora/Diff_Days_Indoor_Setup/Day5/Device20/IQ_1.dat,43,3371157,18,9,0,test,diff_days_indoor,5,0,0,0,0,0,0.33660784363746643
data/raw/osu_lora/Diff_Days_Indoor_Setup/Day5/Device20/IQ_1.dat,44,3449556,18,18,1,test,diff_days_indoor,5,0,0,0,0,0,0.36048397421836853
data/raw/osu_lora/Diff_Days_Indoor_Setup/Day5/Device20/IQ_1.dat,45,3527955,18,13,0,test,diff_days_indoor,5,0,0,0,0,0,0.4114150404930115
data/raw/osu_lora/Diff_Days_Indoor_Setup/Day5/Device20/IQ_1.dat,46,3606354,18,14,0,test,diff_days_indoor,5,0,0,0,0,0,0.34710273146629333
data/raw/osu_lora/Diff_Days_Indoor_Setup/Day5/Device20/IQ_1.dat,47,3684753,18,9,0,test,diff_days_indoor,5,0,0,0,0,0,0.3457179665565491
data/raw/osu_lora/Diff_Days_Indoor_Setup/Day5/Device20/IQ_1.dat,48,3763152,18,9,0,test,diff_days_indoor,5,0,0,0,0,0,0.3248714208602905
data/raw/osu_lora/Diff_Days_Indoor_Setup/Day5/Device20/IQ_1.dat,49,3841551,18,9,0,test,diff_days_indoor,5,0,0,0,0,0,0.3471500873565674
data/raw/osu_lora/Diff_Days_Indoor_Setup/Day5/Device20/IQ_1.dat,50,3919950,18,9,0,test,diff_days_indoor,5,0,0,0,0,0,0.3598623275756836
data/raw/osu_lora/Diff_Days_Indoor_Setup/Day5/Device20/IQ_1.dat,51,3998349,18,9,0,test,diff_days_indoor,5,0,0,0,0,0,0.36789876222610474
data/raw/osu_lora/Diff_Days_Indoor_Setup/Day5/Device20/IQ_1.dat,52,4076748,18,13,0,test,diff_days_indoor,5,0,0,0,0,0,0.33943501114845276
data/raw/osu_lora/Diff_Days_Indoor_Setup/Day5/Device20/IQ_1.dat,53,4155147,18,9,0,test,diff_days_indoor,5,0,0,0,0,0,0.389087051153183
data/raw/osu_lora/Diff_Days_Indoor_Setup/Day5/Device20/IQ_1.dat,54,4233546,18,9,0,test,diff_days_indoor,5,0,0,0,0,0,0.31539884209632874
data/raw/osu_lora/Diff_Days_Indoor_Setup/Day5/Device20/IQ_1.dat,55,4311945,18,9,0,test,diff_days_indoor,5,0,0,0,0,0,0.3643254041671753
data/raw/osu_lora/Diff_Days_Indoor_Setup/Day5/Device20/IQ_1.dat,56,4390344,18,9,0,test,diff_days_indoor,5,0,0,0,0,0,0.2962629795074463
data/raw/osu_lora/Diff_Days_Indoor_Setup/Day5/Device20/IQ_1.dat,57,4468743,18,9,0,test,diff_days_indoor,5,0,0,0,0,0,0.3622646629810333
data/raw/osu_lora/Diff_Days_Indoor_Setup/Day5/Device20/IQ_1.dat,58,4547142,18,9,0,test,diff_days_indoor,5,0,0,0,0,0,0.33349940180778503
data/raw/osu_lora/Diff_Days_Indoor_Setup/Day5/Device20/IQ_1.dat,59,4625541,18,9,0,test,diff_days_indoor,5,0,0,0,0,0,0.36657387018203735
data/raw/osu_lora/Diff_Days_Indoor_Setup/Day5/Device20/IQ_1.dat,60,4703940,18,9,0,test,diff_days_indoor,5,0,0,0,0,0,0.26184913516044617
data/raw/osu_lora/Diff_Days_Indoor_Setup/Day5/Device20/IQ_1.dat,61,4782339,18,9,0,test,diff_days_indoor,5,0,0,0,0,0,0.3276394009590149
data/raw/osu_lora/Diff_Days_Indoor_Setup/Day5/Device20/IQ_1.dat,62,4860738,18,9,0,test,diff_days_indoor,5,0,0,0,0,0,0.26537221670150757
data/raw/osu_lora/Diff_Days_Indoor_Setup/Day5/Device20/IQ_1.dat,63,4939137,18,9,0,test,diff_days_indoor,5,0,0,0,0,0,0.3787146508693695
data/raw/osu_lora/Diff_Days_Indoor_Setup/Day5/Device20/IQ_1.dat,64,5017536,18,9,0,test,diff_days_indoor,5,0,0,0,0,0,0.26736846566200256
data/raw/osu_lora/Diff_Days_Indoor_Setup/Day5/Device20/IQ_1.dat,65,5095935,18,9,0,test,diff_days_indoor,5,0,0,0,0,0,0.2339644432067871
data/raw/osu_lora/Diff_Days_Indoor_Setup/Day5/Device20/IQ_1.dat,66,5174334,18,21,0,test,diff_days_indoor,5,0,0,0,0,0,0.3145175278186798
data/raw/osu_lora/Diff_Days_Indoor_Setup/Day5/Device20/IQ_1.dat,67,5252733,18,13,0,test,diff_days_indoor,5,0,0,0,0,0,0.3038567900657654
data/raw/osu_lora/Diff_Days_Indoor_Setup/Day5/Device20/IQ_1.dat,68,5331132,18,9,0,test,diff_days_indoor,5,0,0,0,0,0,0.33519768714904785
data/raw/osu_lora/Diff_Days_Indoor_Setup/Day5/Device20/IQ_1.dat,69,5409531,18,9,0,test,diff_days_indoor,5,0,0,0,0,0,0.4079173505306244
data/raw/osu_lora/Diff_Days_Indoor_Setup/Day5/Device20/IQ_1.dat,70,5487930,18,21,0,test,diff_days_indoor,5,0,0,0,0,0,0.26788729429244995
data/raw/osu_lora/Diff_Days_Indoor_Setup/Day5/Device20/IQ_1.dat,71,5566329,18,9,0,test,diff_days_indoor,5,0,0,0,0,0,0.40467384457588196
data/raw/osu_lora/Diff_Days_Indoor_Setup/Day5/Device20/IQ_1.dat,72,5644728,18,21,0,test,diff_days_indoor,5,0,0,0,0,0,0.29517862200737
data/raw/osu_lora/Diff_Days_Indoor_Setup/Day5/Device20/IQ_1.dat,73,5723127,18,9,0,test,diff_days_indoor,5,0,0,0,0,0,0.37157225608825684
data/raw/osu_lora/Diff_Days_Indoor_Setup/Day5/Device20/IQ_1.dat,74,5801526,18,9,0,test,diff_days_indoor,5,0,0,0,0,0,0.371715247631073
data/raw/osu_lora/Diff_Days_Indoor_Setup/Day5/Device20/IQ_1.dat,75,5879925,18,9,0,test,diff_days_indoor,5,0,0,0,0,0,0.3658534288406372
data/raw/osu_lora/Diff_Days_Indoor_Setup/Day5/Device20/IQ_1.dat,76,5958324,18,13,0,test,diff_days_indoor,5,0,0,0,0,0,0.2922653555870056
data/raw/osu_lora/Diff_Days_Indoor_Setup/Day5/Device20/IQ_1.dat,77,6036723,18,13,0,test,diff_days_indoor,5,0,0,0,0,0,0.2656576633453369
data/raw/osu_lora/Diff_Days_Indoor_Setup/Day5/Device20/IQ_1.dat,78,6115122,18,9,0,test,diff_days_indoor,5,0,0,0,0,0,0.23079931735992432
data/raw/osu_lora/Diff_Days_Indoor_Setup/Day5/Device20/IQ_1.dat,79,6193521,18,18,1,test,diff_days_indoor,5,0,0,0,0,0,0.3620406687259674
data/raw/osu_lora/Diff_Days_Indoor_Setup/Day5/Device20/IQ_1.dat,80,6271920,18,13,0,test,diff_days_indoor,5,0,0,0,0,0,0.36631616950035095
data/raw/osu_lora/Diff_Days_Indoor_Setup/Day5/Device20/IQ_1.dat,81,6350319,18,14,0,test,diff_days_indoor,5,0,0,0,0,0,0.3155934512615204
data/raw/osu_lora/Diff_Days_Indoor_Setup/Day5/Device20/IQ_1.dat,82,6428718,18,9,0,test,diff_days_indoor,5,0,0,0,0,0,0.3220907151699066
data/raw/osu_lora/Diff_Days_Indoor_Setup/Day5/Device20/IQ_1.dat,83,6507117,18,9,0,test,diff_days_indoor,5,0,0,0,0,0,0.37002474069595337
data/raw/osu_lora/Diff_Days_Indoor_Setup/Day5/Device20/IQ_1.dat,84,6585516,18,9,0,test,diff_days_indoor,5,0,0,0,0,0,0.3753308951854706
data/raw/osu_lora/Diff_Days_Indoor_Setup/Day5/Device20/IQ_1.dat,85,6663915,18,13,0,test,diff_days_indoor,5,0,0,0,0,0,0.3746163249015808
data/raw/osu_lora/Diff_Days_Indoor_Setup/Day5/Device20/IQ_1.dat,86,6742314,18,13,0,test,diff_days_indoor,5,0,0,0,0,0,0.327348917722702
data/raw/osu_lora/Diff_Days_Indoor_Setup/Day5/Device20/IQ_1.dat,87,6820713,18,9,0,test,diff_days_indoor,5,0,0,0,0,0,0.37519559264183044
data/raw/osu_lora/Diff_Days_Indoor_Setup/Day5/Device20/IQ_1.dat,88,6899112,18,14,0,test,diff_days_indoor,5,0,0,0,0,0,0.32015472650527954
data/raw/osu_lora/Diff_Days_Indoor_Setup/Day5/Device20/IQ_1.dat,89,6977511,18,9,0,test,diff_days_indoor,5,0,0,0,0,0,0.3619660437107086
data/raw/osu_lora/Diff_Days_Indoor_Setup/Day5/Device20/IQ_1.dat,90,7055910,18,9,0,test,diff_days_indoor,5,0,0,0,0,0,0.2892988622188568
data/raw/osu_lora/Diff_Days_Indoor_Setup/Day5/Device20/IQ_1.dat,91,7134309,18,9,0,test,diff_days_indoor,5,0,0,0,0,0,0.36869198083877563
data/raw/osu_lora/Diff_Days_Indoor_Setup/Day5/Device20/IQ_1.dat,92,7212708,18,9,0,test,diff_days_indoor,5,0,0,0,0,0,0.3606348931789398
data/raw/osu_lora/Diff_Days_Indoor_Setup/Day5/Device20/IQ_1.dat,93,7291107,18,9,0,test,diff_days_indoor,5,0,0,0,0,0,0.34479185938835144
data/raw/osu_lora/Diff_Days_Indoor_Setup/Day5/Device20/IQ_1.dat,94,7369506,18,9,0,test,diff_days_indoor,5,0,0,0,0,0,0.35599440336227417
data/raw/osu_lora/Diff_Days_Indoor_Setup/Day5/Device20/IQ_1.dat,95,7447905,18,13,0,test,diff_days_indoor,5,0,0,0,0,0,0.2957434356212616
data/raw/osu_lora/Diff_Days_Indoor_Setup/Day5/Device20/IQ_1.dat,96,7526304,18,9,0,test,diff_days_indoor,5,0,0,0,0,0,0.3040671646595001
data/raw/osu_lora/Diff_Days_Indoor_Setup/Day5/Device20/IQ_1.dat,97,7604703,18,9,0,test,diff_days_indoor,5,0,0,0,0,0,0.34441784024238586
data/raw/osu_lora/Diff_Days_Indoor_Setup/Day5/Device20/IQ_1.dat,98,7683102,18,9,0,test,diff_days_indoor,5,0,0,0,0,0,0.4121388792991638
data/raw/osu_lora/Diff_Days_Indoor_Setup/Day5/Device20/IQ_1.dat,99,7761501,18,13,0,test,diff_days_indoor,5,0,0,0,0,0,0.30342504382133484
data/raw/osu_lora/Diff_Days_Indoor_Setup/Day5/Device20/IQ_1.dat,100,7839900,18,13,0,test,diff_days_indoor,5,0,0,0,0,0,0.29998868703842163
data/raw/osu_lora/Diff_Days_Indoor_Setup/Day5/Device20/IQ_1.dat,101,7918299,18,21,0,test,diff_days_indoor,5,0,0,0,0,0,0.27265679836273193
data/raw/osu_lora/Diff_Days_Indoor_Setup/Day5/Device20/IQ_1.dat,102,7996698,18,13,0,test,diff_days_indoor,5,0,0,0,0,0,0.23247568309307098
data/raw/osu_lora/Diff_Days_Indoor_Setup/Day5/Device20/IQ_1.dat,103,8075097,18,9,0,test,diff_days_indoor,5,0,0,0,0,0,0.35709521174430847
data/raw/osu_lora/Diff_Days_Indoor_Setup/Day5/Device20/IQ_1.dat,104,8153496,18,21,0,test,diff_days_indoor,5,0,0,0,0,0,0.3916303515434265
data/raw/osu_lora/Diff_Days_Indoor_Setup/Day5/Device20/IQ_1.dat,105,8231895,18,9,0,test,diff_days_indoor,5,0,0,0,0,0,0.3813287317752838
data/raw/osu_lora/Diff_Days_Indoor_Setup/Day5/Device20/IQ_1.dat,106,8310294,18,9,0,test,diff_days_indoor,5,0,0,0,0,0,0.3244718313217163
data/raw/osu_lora/Diff_Days_Indoor_Setup/Day5/Device20/IQ_1.dat,107,8388693,18,9,0,test,diff_days_indoor,5,0,0,0,0,0,0.37595394253730774
data/raw/osu_lora/Diff_Days_Indoor_Setup/Day5/Device20/IQ_1.dat,108,8467092,18,13,0,test,diff_days_indoor,5,0,0,0,0,0,0.33598119020462036
data/raw/osu_lora/Diff_Days_Indoor_Setup/Day5/Device20/IQ_1.dat,109,8545491,18,9,0,test,diff_days_indoor,5,0,0,0,0,0,0.270464688539505
data/raw/osu_lora/Diff_Days_Indoor_Setup/Day5/Device20/IQ_1.dat,110,8623890,18,18,1,test,diff_days_indoor,5,0,0,0,0,0,0.31791970133781433
data/raw/osu_lora/Diff_Days_Indoor_Setup/Day5/Device20/IQ_1.dat,111,8702289,18,9,0,test,diff_days_indoor,5,0,0,0,0,0,0.3374086618423462
data/raw/osu_lora/Diff_Days_Indoor_Setup/Day5/Device20/IQ_1.dat,112,8780688,18,9,0,test,diff_days_indoor,5,0,0,0,0,0,0.3800555169582367
data/raw/osu_lora/Diff_Days_Indoor_Setup/Day5/Device20/IQ_1.dat,113,8859087,18,13,0,test,diff_days_indoor,5,0,0,0,0,0,0.28995534777641296
data/raw/osu_lora/Diff_Days_Indoor_Setup/Day5/Device20/IQ_1.dat,114,8937486,18,9,0,test,diff_days_indoor,5,0,0,0,0,0,0.3606780171394348
data/raw/osu_lora/Diff_Days_Indoor_Setup/Day5/Device20/IQ_1.dat,115,9015885,18,18,1,test,diff_days_indoor,5,0,0,0,0,0,0.3540443480014801
data/raw/osu_lora/Diff_Days_Indoor_Setup/Day5/Device20/IQ_1.dat,116,9094284,18,9,0,test,diff_days_indoor,5,0,0,0,0,0,0.38380682468414307
data/raw/osu_lora/Diff_Days_Indoor_Setup/Day5/Device20/IQ_1.dat,117,9172683,18,9,0,test,diff_days_indoor,5,0,0,0,0,0,0.32338327169418335
data/raw/osu_lora/Diff_Days_Indoor_Setup/Day5/Device20/IQ_1.dat,118,9251082,18,9,0,test,diff_days_indoor,5,0,0,0,0,0,0.3877534568309784
data/raw/osu_lora/Diff_Days_Indoor_Setup/Day5/Device20/IQ_1.dat,119,9329481,18,13,0,test,diff_days_indoor,5,0,0,0,0,0,0.20704028010368347
data/raw/osu_lora/Diff_Days_Indoor_Setup/Day5/Device20/IQ_1.dat,120,9407880,18,21,0,test,diff_days_indoor,5,0,0,0,0,0,0.22821196913719177
data/raw/osu_lora/Diff_Days_Indoor_Setup/Day5/Device20/IQ_1.dat,121,9486279,18,9,0,test,diff_days_indoor,5,0,0,0,0,0,0.4022650718688965
data/raw/osu_lora/Diff_Days_Indoor_Setup/Day5/Device20/IQ_1.dat,122,9564678,18,9,0,test,diff_days_indoor,5,0,0,0,0,0,0.41534945368766785
data/raw/osu_lora/Diff_Days_Indoor_Setup/Day5/Device20/IQ_1.dat,123,9643077,18,9,0,test,diff_days_indoor,5,0,0,0,0,0,0.3301537036895752
data/raw/osu_lora/Diff_Days_Indoor_Setup/Day5/Device20/IQ_1.dat,124,9721476,18,9,0,test,diff_days_indoor,5,0,0,0,0,0,0.31456458568573
data/raw/osu_lora/Diff_Days_Indoor_Setup/Day5/Device20/IQ_1.dat,125,9799875,18,9,0,test,diff_days_indoor,5,0,0,0,0,0,0.3634088933467865
data/raw/osu_lora/Diff_Days_Indoor_Setup/Day5/Device20/IQ_1.dat,126,9878274,18,9,0,test,diff_days_indoor,5,0,0,0,0,0,0.3877454102039337
data/raw/osu_lora/Diff_Days_Indoor_Setup/Day5/Device20/IQ_1.dat,127,9956673,18,13,0,test,diff_days_indoor,5,0,0,0,0,0,0.3896544873714447
data/raw/osu_lora/Diff_Days_Indoor_Setup/Day5/Device20/IQ_1.dat,128,10035072,18,9,0,test,diff_days_indoor,5,0,0,0,0,0,0.3621983528137207
data/raw/osu_lora/Diff_Days_Indoor_Setup/Day5/Device20/IQ_1.dat,129,10113471,18,9,0,test,diff_days_indoor,5,0,0,0,0,0,0.3417697250843048
data/raw/osu_lora/Diff_Days_Indoor_Setup/Day5/Device20/IQ_1.dat,130,10191870,18,9,0,test,diff_days_indoor,5,0,0,0,0,0,0.36248350143432617
data/raw/osu_lora/Diff_Days_Indoor_Setup/Day5/Device20/IQ_1.dat,131,10270269,18,9,0,test,diff_days_indoor,5,0,0,0,0,0,0.39462438225746155
data/raw/osu_lora/Diff_Days_Indoor_Setup/Day5/Device20/IQ_1.dat,132,10348668,18,13,0,test,diff_days_indoor,5,0,0,0,0,0,0.24711251258850098
data/raw/osu_lora/Diff_Days_Indoor_Setup/Day5/Device20/IQ_1.dat,133,10427067,18,9,0,test,diff_days_indoor,5,0,0,0,0,0,0.3469303846359253
data/raw/osu_lora/Diff_Days_Indoor_Setup/Day5/Device20/IQ_1.dat,134,10505466,18,9,0,test,diff_days_indoor,5,0,0,0,0,0,0.20719344913959503
data/raw/osu_lora/Diff_Days_Indoor_Setup/Day5/Device20/IQ_1.dat,135,10583865,18,9,0,test,diff_days_indoor,5,0,0,0,0,0,0.3665112555027008
data/raw/osu_lora/Diff_Days_Indoor_Setup/Day5/Device20/IQ_1.dat,136,10662264,18,9,0,test,diff_days_indoor,5,0,0,0,0,0,0.31115269660949707
data/raw/osu_lora/Diff_Days_Indoor_Setup/Day5/Device20/IQ_1.dat,137,10740663,18,9,0,test,diff_days_indoor,5,0,0,0,0,0,0.27774861454963684
data/raw/osu_lora/Diff_Days_Indoor_Setup/Day5/Device20/IQ_1.dat,138,10819062,18,9,0,test,diff_days_indoor,5,0,0,0,0,0,0.2963314354419708
data/raw/osu_lora/Diff_Days_Indoor_Setup/Day5/Device20/IQ_1.dat,139,10897461,18,9,0,test,diff_days_indoor,5,0,0,0,0,0,0.33094361424446106
data/raw/osu_lora/Diff_Days_Indoor_Setup/Day5/Device20/IQ_1.dat,140,10975860,18,9,0,test,diff_days_indoor,5,0,0,0,0,0,0.3554743528366089
data/raw/osu_lora/Diff_Days_Indoor_Setup/Day5/Device20/IQ_1.dat,141,11054259,18,18,1,test,diff_days_indoor,5,0,0,0,0,0,0.3604656457901001
data/raw/osu_lora/Diff_Days_Indoor_Setup/Day5/Device20/IQ_1.dat,142,11132658,18,9,0,test,diff_days_indoor,5,0,0,0,0,0,0.3129774034023285
data/raw/osu_lora/Diff_Days_Indoor_Setup/Day5/Device20/IQ_1.dat,143,11211057,18,14,0,test,diff_days_indoor,5,0,0,0,0,0,0.2772032618522644
data/raw/osu_lora/Diff_Days_Indoor_Setup/Day5/Device20/IQ_1.dat,144,11289456,18,9,0,test,diff_days_indoor,5,0,0,0,0,0,0.34229135513305664
data/raw/osu_lora/Diff_Days_Indoor_Setup/Day5/Device20/IQ_1.dat,145,11367855,18,9,0,test,diff_days_indoor,5,0,0,0,0,0,0.27547457814216614
data/raw/osu_lora/Diff_Days_Indoor_Setup/Day5/Device20/IQ_1.dat,146,11446254,18,9,0,test,diff_days_indoor,5,0,0,0,0,0,0.3546166718006134
data/raw/osu_lora/Diff_Days_Indoor_Setup/Day5/Device20/IQ_1.dat,147,11524653,18,14,0,test,diff_days_indoor,5,0,0,0,0,0,0.30790066719055176
data/raw/osu_lora/Diff_Days_Indoor_Setup/Day5/Device20/IQ_1.dat,148,11603052,18,9,0,test,diff_days_indoor,5,0,0,0,0,0,0.405370831489563
data/raw/osu_lora/Diff_Days_Indoor_Setup/Day5/Device20/IQ_1.dat,149,11681451,18,21,0,test,diff_days_indoor,5,0,0,0,0,0,0.3241273760795593
data/raw/osu_lora/Diff_Days_Indoor_Setup/Day5/Device20/IQ_1.dat,150,11759850,18,9,0,test,diff_days_indoor,5,0,0,0,0,0,0.40964943170547485
data/raw/osu_lora/Diff_Days_Indoor_Setup/Day5/Device20/IQ_1.dat,151,11838249,18,9,0,test,diff_days_indoor,5,0,0,0,0,0,0.36682599782943726
data/raw/osu_lora/Diff_Days_Indoor_Setup/Day5/Device20/IQ_1.dat,152,11916648,18,9,0,test,diff_days_indoor,5,0,0,0,0,0,0.32931211590766907
data/raw/osu_lora/Diff_Days_Indoor_Setup/Day5/Device20/IQ_1.dat,153,11995047,18,9,0,test,diff_days_indoor,5,0,0,0,0,0,0.3223171532154083
data/raw/osu_lora/Diff_Days_Indoor_Setup/Day5/Device20/IQ_1.dat,154,12073446,18,21,0,test,diff_days_indoor,5,0,0,0,0,0,0.3565438985824585
data/raw/osu_lora/Diff_Days_Indoor_Setup/Day5/Device20/IQ_1.dat,155,12151845,18,14,0,test,diff_days_indoor,5,0,0,0,0,0,0.2935877740383148
data/raw/osu_lora/Diff_Days_Indoor_Setup/Day5/Device20/IQ_1.dat,156,12230244,18,9,0,test,diff_days_indoor,5,0,0,0,0,0,0.37050631642341614
data/raw/osu_lora/Diff_Days_Indoor_Setup/Day5/Device20/IQ_1.dat,157,12308643,18,9,0,test,diff_days_indoor,5,0,0,0,0,0,0.4095223844051361
data/raw/osu_lora/Diff_Days_Indoor_Setup/Day5/Device20/IQ_1.dat,158,12387042,18,9,0,test,diff_days_indoor,5,0,0,0,0,0,0.29905104637145996
data/raw/osu_lora/Diff_Days_Indoor_Setup/Day5/Device20/IQ_1.dat,159,12465441,18,9,0,test,diff_days_indoor,5,0,0,0,0,0,0.36267682909965515
data/raw/osu_lora/Diff_Days_Indoor_Setup/Day5/Device20/IQ_1.dat,160,12543840,18,9,0,test,diff_days_indoor,5,0,0,0,0,0,0.33452725410461426
data/raw/osu_lora/Diff_Days_Indoor_Setup/Day5/Device20/IQ_1.dat,161,12622239,18,9,0,test,diff_days_indoor,5,0,0,0,0,0,0.38856789469718933
data/raw/osu_lora/Diff_Days_Indoor_Setup/Day5/Device20/IQ_1.dat,162,12700638,18,9,0,test,diff_days_indoor,5,0,0,0,0,0,0.33397090435028076
data/raw/osu_lora/Diff_Days_Indoor_Setup/Day5/Device20/IQ_1.dat,163,12779037,18,9,0,test,diff_days_indoor,5,0,0,0,0,0,0.38069960474967957
data/raw/osu_lora/Diff_Days_Indoor_Setup/Day5/Device20/IQ_1.dat,164,12857436,18,18,1,test,diff_days_indoor,5,0,0,0,0,0,0.385299414396286
data/raw/osu_lora/Diff_Days_Indoor_Setup/Day5/Device20/IQ_1.dat,165,12935835,18,9,0,test,diff_days_indoor,5,0,0,0,0,0,0.352395236492157
data/raw/osu_lora/Diff_Days_Indoor_Setup/Day5/Device20/IQ_1.dat,166,13014234,18,14,0,test,diff_days_indoor,5,0,0,0,0,0,0.3567569851875305
data/raw/osu_lora/Diff_Days_Indoor_Setup/Day5/Device20/IQ_1.dat,167,13092633,18,9,0,test,diff_days_indoor,5,0,0,0,0,0,0.4153657853603363
data/raw/osu_lora/Diff_Days_Indoor_Setup/Day5/Device20/IQ_1.dat,168,13171032,18,9,0,test,diff_days_indoor,5,0,0,0,0,0,0.3607725501060486
data/raw/osu_lora/Diff_Days_Indoor_Setup/Day5/Device20/IQ_1.dat,169,13249431,18,9,0,test,diff_days_indoor,5,0,0,0,0,0,0.38644108176231384
data/raw/osu_lora/Diff_Days_Indoor_Setup/Day5/Device20/IQ_1.dat,170,13327830,18,9,0,test,diff_days_indoor,5,0,0,0,0,0,0.3361662030220032
data/raw/osu_lora/Diff_Days_Indoor_Setup/Day5/Device20/IQ_1.dat,171,13406229,18,13,0,test,diff_days_indoor,5,0,0,0,0,0,0.2967339754104614
data/raw/osu_lora/Diff_Days_Indoor_Setup/Day5/Device20/IQ_1.dat,172,13484628,18,13,0,test,diff_days_indoor,5,0,0,0,0,0,0.3720220625400543
data/raw/osu_lora/Diff_Days_Indoor_Setup/Day5/Device20/IQ_1.dat,173,13563027,18,9,0,test,diff_days_indoor,5,0,0,0,0,0,0.3578173518180847
data/raw/osu_lora/Diff_Days_Indoor_Setup/Day5/Device20/IQ_1.dat,174,13641426,18,9,0,test,diff_days_indoor,5,0,0,0,0,0,0.3311336040496826
data/raw/osu_lora/Diff_Days_Indoor_Setup/Day5/Device20/IQ_1.dat,175,13719825,18,9,0,test,diff_days_indoor,5,0,0,0,0,0,0.3537321388721466
data/raw/osu_lora/Diff_Days_Indoor_Setup/Day5/Device20/IQ_1.dat,176,13798224,18,9,0,test,diff_days_indoor,5,0,0,0,0,0,0.3638108968734741
data/raw/osu_lora/Diff_Days_Indoor_Setup/Day5/Device20/IQ_1.dat,177,13876623,18,9,0,test,diff_days_indoor,5,0,0,0,0,0,0.4094136953353882
data/raw/osu_lora/Diff_Days_Indoor_Setup/Day5/Device20/IQ_1.dat,178,13955022,18,9,0,test,diff_days_indoor,5,0,0,0,0,0,0.37045836448669434
data/raw/osu_lora/Diff_Days_Indoor_Setup/Day5/Device20/IQ_1.dat,179,14033421,18,21,0,test,diff_days_indoor,5,0,0,0,0,0,0.5021464824676514
data/raw/osu_lora/Diff_Days_Indoor_Setup/Day5/Device20/IQ_1.dat,180,14111820,18,9,0,test,diff_days_indoor,5,0,0,0,0,0,0.3915983736515045
data/raw/osu_lora/Diff_Days_Indoor_Setup/Day5/Device20/IQ_1.dat,181,14190219,18,13,0,test,diff_days_indoor,5,0,0,0,0,0,0.25436902046203613
data/raw/osu_lora/Diff_Days_Indoor_Setup/Day5/Device20/IQ_1.dat,182,14268618,18,9,0,test,diff_days_indoor,5,0,0,0,0,0,0.3513469398021698
data/raw/osu_lora/Diff_Days_Indoor_Setup/Day5/Device20/IQ_1.dat,183,14347017,18,9,0,test,diff_days_indoor,5,0,0,0,0,0,0.3391242027282715
data/raw/osu_lora/Diff_Days_Indoor_Setup/Day5/Device20/IQ_1.dat,184,14425416,18,9,0,test,diff_days_indoor,5,0,0,0,0,0,0.3884669542312622
data/raw/osu_lora/Diff_Days_Indoor_Setup/Day5/Device20/IQ_1.dat,185,14503815,18,9,0,test,diff_days_indoor,5,0,0,0,0,0,0.3536207377910614
data/raw/osu_lora/Diff_Days_Indoor_Setup/Day5/Device20/IQ_1.dat,186,14582214,18,9,0,test,diff_days_indoor,5,0,0,0,0,0,0.38165876269340515
data/raw/osu_lora/Diff_Days_Indoor_Setup/Day5/Device20/IQ_1.dat,187,14660613,18,9,0,test,diff_days_indoor,5,0,0,0,0,0,0.355754017829895
data/raw/osu_lora/Diff_Days_Indoor_Setup/Day5/Device20/IQ_1.dat,188,14739012,18,13,0,test,diff_days_indoor,5,0,0,0,0,0,0.24516147375106812
data/raw/osu_lora/Diff_Days_Indoor_Setup/Day5/Device20/IQ_1.dat,189,14817411,18,13,0,test,diff_days_indoor,5,0,0,0,0,0,0.3262547254562378
data/raw/osu_lora/Diff_Days_Indoor_Setup/Day5/Device20/IQ_1.dat,190,14895810,18,10,0,test,diff_days_indoor,5,0,0,0,0,0,0.27740293741226196
data/raw/osu_lora/Diff_Days_Indoor_Setup/Day5/Device20/IQ_1.dat,191,14974209,18,9,0,test,diff_days_indoor,5,0,0,0,0,0,0.3655054271221161
data/raw/osu_lora/Diff_Days_Indoor_Setup/Day5/Device20/IQ_1.dat,192,15052608,18,9,0,test,diff_days_indoor,5,0,0,0,0,0,0.3533996641635895
data/raw/osu_lora/Diff_Days_Indoor_Setup/Day5/Device20/IQ_1.dat,193,15131007,18,9,0,test,diff_days_indoor,5,0,0,0,0,0,0.4098502993583679
data/raw/osu_lora/Diff_Days_Indoor_Setup/Day5/Device20/IQ_1.dat,194,15209406,18,18,1,test,diff_days_indoor,5,0,0,0,0,0,0.2659713923931122
data/raw/osu_lora/Diff_Days_Indoor_Setup/Day5/Device20/IQ_1.dat,195,15287805,18,21,0,test,diff_days_indoor,5,0,0,0,0,0,0.3488196134567261
data/raw/osu_lora/Diff_Days_Indoor_Setup/Day5/Device20/IQ_1.dat,196,15366204,18,18,1,test,diff_days_indoor,5,0,0,0,0,0,0.2780102789402008
data/raw/osu_lora/Diff_Days_Indoor_Setup/Day5/Device20/IQ_1.dat,197,15444603,18,9,0,test,diff_days_indoor,5,0,0,0,0,0,0.38346758484840393
data/raw/osu_lora/Diff_Days_Indoor_Setup/Day5/Device20/IQ_1.dat,198,15523002,18,9,0,test,diff_days_indoor,5,0,0,0,0,0,0.31923672556877136
data/raw/osu_lora/Diff_Days_Indoor_Setup/Day5/Device20/IQ_1.dat,199,15601401,18,9,0,test,diff_days_indoor,5,0,0,0,0,0,0.3779776394367218
data/raw/osu_lora/Diff_Days_Indoor_Setup/Day5/Device20/IQ_1.dat,200,15679800,18,13,0,test,diff_days_indoor,5,0,0,0,0,0,0.44445717334747314
data/raw/osu_lora/Diff_Days_Indoor_Setup/Day5/Device20/IQ_1.dat,201,15758199,18,9,0,test,diff_days_indoor,5,0,0,0,0,0,0.33345890045166016
data/raw/osu_lora/Diff_Days_Indoor_Setup/Day5/Device20/IQ_1.dat,202,15836598,18,9,0,test,diff_days_indoor,5,0,0,0,0,0,0.32433414459228516
data/raw/osu_lora/Diff_Days_Indoor_Setup/Day5/Device20/IQ_1.dat,203,15914997,18,9,0,test,diff_days_indoor,5,0,0,0,0,0,0.34755629301071167
data/raw/osu_lora/Diff_Days_Indoor_Setup/Day5/Device20/IQ_1.dat,204,15993396,18,9,0,test,diff_days_indoor,5,0,0,0,0,0,0.3743480443954468
data/raw/osu_lora/Diff_Days_Indoor_Setup/Day5/Device20/IQ_1.dat,205,16071795,18,9,0,test,diff_days_indoor,5,0,0,0,0,0,0.33889010548591614
data/raw/osu_lora/Diff_Days_Indoor_Setup/Day5/Device20/IQ_1.dat,206,16150194,18,9,0,test,diff_days_indoor,5,0,0,0,0,0,0.36841994524002075
data/raw/osu_lora/Diff_Days_Indoor_Setup/Day5/Device20/IQ_1.dat,207,16228593,18,9,0,test,diff_days_indoor,5,0,0,0,0,0,0.37993115186691284
data/raw/osu_lora/Diff_Days_Indoor_Setup/Day5/Device20/IQ_1.dat,208,16306992,18,9,0,test,diff_days_indoor,5,0,0,0,0,0,0.3457653820514679
data/raw/osu_lora/Diff_Days_Indoor_Setup/Day5/Device20/IQ_1.dat,209,16385391,18,14,0,test,diff_days_indoor,5,0,0,0,0,0,0.3438621461391449
data/raw/osu_lora/Diff_Days_Indoor_Setup/Day5/Device20/IQ_1.dat,210,16463790,18,9,0,test,diff_days_indoor,5,0,0,0,0,0,0.3134162425994873
data/raw/osu_lora/Diff_Days_Indoor_Setup/Day5/Device20/IQ_1.dat,211,16542189,18,18,1,test,diff_days_indoor,5,0,0,0,0,0,0.3532952070236206
data/raw/osu_lora/Diff_Days_Indoor_Setup/Day5/Device20/IQ_1.dat,212,16620588,18,9,0,test,diff_days_indoor,5,0,0,0,0,0,0.345975399017334
data/raw/osu_lora/Diff_Days_Indoor_Setup/Day5/Device20/IQ_1.dat,213,16698987,18,9,0,test,diff_days_indoor,5,0,0,0,0,0,0.3582425117492676
data/raw/osu_lora/Diff_Days_Indoor_Setup/Day5/Device20/IQ_1.dat,214,16777386,18,9,0,test,diff_days_indoor,5,0,0,0,0,0,0.3836159408092499
data/raw/osu_lora/Diff_Days_Indoor_Setup/Day5/Device20/IQ_1.dat,215,16855785,18,9,0,test,diff_days_indoor,5,0,0,0,0,0,0.38923999667167664
data/raw/osu_lora/Diff_Days_Indoor_Setup/Day5/Device20/IQ_1.dat,216,16934184,18,14,0,test,diff_days_indoor,5,0,0,0,0,0,0.28907397389411926
data/raw/osu_lora/Diff_Days_Indoor_Setup/Day5/Device20/IQ_1.dat,217,17012583,18,9,0,test,diff_days_indoor,5,0,0,0,0,0,0.37871456146240234
data/raw/osu_lora/Diff_Days_Indoor_Setup/Day5/Device20/IQ_1.dat,218,17090982,18,9,0,test,diff_days_indoor,5,0,0,0,0,0,0.35559865832328796
data/raw/osu_lora/Diff_Days_Indoor_Setup/Day5/Device20/IQ_1.dat,219,17169381,18,9,0,test,diff_days_indoor,5,0,0,0,0,0,0.3228704035282135
data/raw/osu_lora/Diff_Days_Indoor_Setup/Day5/Device20/IQ_1.dat,220,17247780,18,13,0,test,diff_days_indoor,5,0,0,0,0,0,0.3771180510520935
data/raw/osu_lora/Diff_Days_Indoor_Setup/Day5/Device20/IQ_1.dat,221,17326179,18,9,0,test,diff_days_indoor,5,0,0,0,0,0,0.3769569993019104
data/raw/osu_lora/Diff_Days_Indoor_Setup/Day5/Device20/IQ_1.dat,222,17404578,18,9,0,test,diff_days_indoor,5,0,0,0,0,0,0.39693400263786316
data/raw/osu_lora/Diff_Days_Indoor_Setup/Day5/Device20/IQ_1.dat,223,17482977,18,9,0,test,diff_days_indoor,5,0,0,0,0,0,0.257102906703949
data/raw/osu_lora/Diff_Days_Indoor_Setup/Day5/Device20/IQ_1.dat,224,17561376,18,21,0,test,diff_days_indoor,5,0,0,0,0,0,0.6116556525230408
data/raw/osu_lora/Diff_Days_Indoor_Setup/Day5/Device20/IQ_1.dat,225,17639775,18,9,0,test,diff_days_indoor,5,0,0,0,0,0,0.339189738035202
data/raw/osu_lora/Diff_Days_Indoor_Setup/Day5/Device20/IQ_1.dat,226,17718174,18,9,0,test,diff_days_indoor,5,0,0,0,0,0,0.3829021155834198
data/raw/osu_lora/Diff_Days_Indoor_Setup/Day5/Device20/IQ_1.dat,227,17796573,18,9,0,test,diff_days_indoor,5,0,0,0,0,0,0.32324931025505066
data/raw/osu_lora/Diff_Days_Indoor_Setup/Day5/Device20/IQ_1.dat,228,17874972,18,9,0,test,diff_days_indoor,5,0,0,0,0,0,0.35366499423980713
data/raw/osu_lora/Diff_Days_Indoor_Setup/Day5/Device20/IQ_1.dat,229,17953371,18,9,0,test,diff_days_indoor,5,0,0,0,0,0,0.348347544670105
data/raw/osu_lora/Diff_Days_Indoor_Setup/Day5/Device20/IQ_1.dat,230,18031770,18,13,0,test,diff_days_indoor,5,0,0,0,0,0,0.30225589871406555
data/raw/osu_lora/Diff_Days_Indoor_Setup/Day5/Device20/IQ_1.dat,231,18110169,18,9,0,test,diff_days_indoor,5,0,0,0,0,0,0.35604748129844666
data/raw/osu_lora/Diff_Days_Indoor_Setup/Day5/Device20/IQ_1.dat,232,18188568,18,9,0,test,diff_days_indoor,5,0,0,0,0,0,0.3799128830432892
data/raw/osu_lora/Diff_Days_Indoor_Setup/Day5/Device20/IQ_1.dat,233,18266967,18,9,0,test,diff_days_indoor,5,0,0,0,0,0,0.34382185339927673
data/raw/osu_lora/Diff_Days_Indoor_Setup/Day5/Device20/IQ_1.dat,234,18345366,18,9,0,test,diff_days_indoor,5,0,0,0,0,0,0.4043196737766266
data/raw/osu_lora/Diff_Days_Indoor_Setup/Day5/Device20/IQ_1.dat,235,18423765,18,9,0,test,diff_days_indoor,5,0,0,0,0,0,0.3244604468345642
data/raw/osu_lora/Diff_Days_Indoor_Setup/Day5/Device20/IQ_1.dat,236,18502164,18,9,0,test,diff_days_indoor,5,0,0,0,0,0,0.397031307220459
data/raw/osu_lora/Diff_Days_Indoor_Setup/Day5/Device20/IQ_1.dat,237,18580563,18,9,0,test,diff_days_indoor,5,0,0,0,0,0,0.3431979715824127
data/raw/osu_lora/Diff_Days_Indoor_Setup/Day5/Device20/IQ_1.dat,238,18658962,18,9,0,test,diff_days_indoor,5,0,0,0,0,0,0.38221439719200134
data/raw/osu_lora/Diff_Days_Indoor_Setup/Day5/Device20/IQ_1.dat,239,18737361,18,9,0,test,diff_days_indoor,5,0,0,0,0,0,0.2602350115776062
data/raw/osu_lora/Diff_Days_Indoor_Setup/Day5/Device20/IQ_1.dat,240,18815760,18,9,0,test,diff_days_indoor,5,0,0,0,0,0,0.3140262961387634
data/raw/osu_lora/Diff_Days_Indoor_Setup/Day5/Device20/IQ_1.dat,241,18894159,18,9,0,test,diff_days_indoor,5,0,0,0,0,0,0.38186201453208923
data/raw/osu_lora/Diff_Days_Indoor_Setup/Day5/Device20/IQ_1.dat,242,18972558,18,9,0,test,diff_days_indoor,5,0,0,0,0,0,0.3765306770801544
data/raw/osu_lora/Diff_Days_Indoor_Setup/Day5/Device20/IQ_1.dat,243,19050957,18,18,1,test,diff_days_indoor,5,0,0,0,0,0,0.34045279026031494
data/raw/osu_lora/Diff_Days_Indoor_Setup/Day5/Device20/IQ_1.dat,244,19129356,18,9,0,test,diff_days_indoor,5,0,0,0,0,0,0.37251973152160645
data/raw/osu_lora/Diff_Days_Indoor_Setup/Day5/Device20/IQ_1.dat,245,19207755,18,9,0,test,diff_days_indoor,5,0,0,0,0,0,0.37198880314826965
data/raw/osu_lora/Diff_Days_Indoor_Setup/Day5/Device20/IQ_1.dat,246,19286154,18,9,0,test,diff_days_indoor,5,0,0,0,0,0,0.36611294746398926
data/raw/osu_lora/Diff_Days_Indoor_Setup/Day5/Device20/IQ_1.dat,247,19364553,18,18,1,test,diff_days_indoor,5,0,0,0,0,0,0.2525722086429596
data/raw/osu_lora/Diff_Days_Indoor_Setup/Day5/Device20/IQ_1.dat,248,19442952,18,18,1,test,diff_days_indoor,5,0,0,0,0,0,0.36375105381011963
data/raw/osu_lora/Diff_Days_Indoor_Setup/Day5/Device20/IQ_1.dat,249,19521351,18,9,0,test,diff_days_indoor,5,0,0,0,0,0,0.3234998285770416
data/raw/osu_lora/Diff_Days_Indoor_Setup/Day5/Device20/IQ_1.dat,250,19599750,18,14,0,test,diff_days_indoor,5,0,0,0,0,0,0.29805052280426025
data/raw/osu_lora/Diff_Days_Indoor_Setup/Day5/Device20/IQ_1.dat,251,19678149,18,9,0,test,diff_days_indoor,5,0,0,0,0,0,0.34672781825065613
data/raw/osu_lora/Diff_Days_Indoor_Setup/Day5/Device20/IQ_1.dat,252,19756548,18,9,0,test,diff_days_indoor,5,0,0,0,0,0,0.296796590089798
data/raw/osu_lora/Diff_Days_Indoor_Setup/Day5/Device20/IQ_1.dat,253,19834947,18,9,0,test,diff_days_indoor,5,0,0,0,0,0,0.35888567566871643
data/raw/osu_lora/Diff_Days_Indoor_Setup/Day5/Device20/IQ_1.dat,254,19913346,18,9,0,test,diff_days_indoor,5,0,0,0,0,0,0.3566635251045227
data/raw/osu_lora/Diff_Days_Indoor_Setup/Day5/Device20/IQ_1.dat,255,19991745,18,9,0,test,diff_days_indoor,5,0,0,0,0,0,0.37280893325805664
data/raw/osu_lora/Diff_Days_Indoor_Setup/Day5/Device21/IQ_1.dat,0,0,19,5,0,test,diff_days_indoor,5,0,0,0,0,0,0.5176734328269958
data/raw/osu_lora/Diff_Days_Indoor_Setup/Day5/Device21/IQ_1.dat,1,78399,19,19,1,test,diff_days_indoor,5,0,0,0,0,0,0.6380245089530945
data/raw/osu_lora/Diff_Days_Indoor_Setup/Day5/Device21/IQ_1.dat,2,156798,19,19,1,test,diff_days_indoor,5,0,0,0,0,0,0.4376382529735565
data/raw/osu_lora/Diff_Days_Indoor_Setup/Day5/Device21/IQ_1.dat,3,235197,19,19,1,test,diff_days_indoor,5,0,0,0,0,0,0.7218108177185059
data/raw/osu_lora/Diff_Days_Indoor_Setup/Day5/Device21/IQ_1.dat,4,313596,19,19,1,test,diff_days_indoor,5,0,0,0,0,0,0.7284376621246338
data/raw/osu_lora/Diff_Days_Indoor_Setup/Day5/Device21/IQ_1.dat,5,391995,19,22,0,test,diff_days_indoor,5,0,0,0,0,0,0.4296360909938812
data/raw/osu_lora/Diff_Days_Indoor_Setup/Day5/Device21/IQ_1.dat,6,470394,19,19,1,test,diff_days_indoor,5,0,0,0,0,0,0.6430940628051758
data/raw/osu_lora/Diff_Days_Indoor_Setup/Day5/Device21/IQ_1.dat,7,548793,19,19,1,test,diff_days_indoor,5,0,0,0,0,0,0.6795092821121216
data/raw/osu_lora/Diff_Days_Indoor_Setup/Day5/Device21/IQ_1.dat,8,627192,19,19,1,test,diff_days_indoor,5,0,0,0,0,0,0.5365810394287109
data/raw/osu_lora/Diff_Days_Indoor_Setup/Day5/Device21/IQ_1.dat,9,705591,19,19,1,test,diff_days_indoor,5,0,0,0,0,0,0.7582901120185852
data/raw/osu_lora/Diff_Days_Indoor_Setup/Day5/Device21/IQ_1.dat,10,783990,19,22,0,test,diff_days_indoor,5,0,0,0,0,0,0.7185327410697937
data/raw/osu_lora/Diff_Days_Indoor_Setup/Day5/Device21/IQ_1.dat,11,862389,19,19,1,test,diff_days_indoor,5,0,0,0,0,0,0.48213836550712585
data/raw/osu_lora/Diff_Days_Indoor_Setup/Day5/Device21/IQ_1.dat,12,940788,19,19,1,test,diff_days_indoor,5,0,0,0,0,0,0.5652854442596436
data/raw/osu_lora/Diff_Days_Indoor_Setup/Day5/Device21/IQ_1.dat,13,1019187,19,19,1,test,diff_days_indoor,5,0,0,0,0,0,0.684747040271759
data/raw/osu_lora/Diff_Days_Indoor_Setup/Day5/Device21/IQ_1.dat,14,1097586,19,19,1,test,diff_days_indoor,5,0,0,0,0,0,0.48107391595840454
data/raw/osu_lora/Diff_Days_Indoor_Setup/Day5/Device21/IQ_1.dat,15,1175985,19,19,1,test,diff_days_indoor,5,0,0,0,0,0,0.5505269169807434
data/raw/osu_lora/Diff_Days_Indoor_Setup/Day5/Device21/IQ_1.dat,16,1254384,19,23,0,test,diff_days_indoor,5,0,0,0,0,0,0.3284825384616852
data/raw/osu_lora/Diff_Days_Indoor_Setup/Day5/Device21/IQ_1.dat,17,1332783,19,19,1,test,diff_days_indoor,5,0,0,0,0,0,0.4323904812335968
data/raw/osu_lora/Diff_Days_Indoor_Setup/Day5/Device21/IQ_1.dat,18,1411182,19,19,1,test,diff_days_indoor,5,0,0,0,0,0,0.5326471924781799
data/raw/osu_lora/Diff_Days_Indoor_Setup/Day5/Device21/IQ_1.dat,19,1489581,19,22,0,test,diff_days_indoor,5,0,0,0,0,0,0.7092504501342773
data/raw/osu_lora/Diff_Days_Indoor_Setup/Day5/Device21/IQ_1.dat,20,1567980,19,19,1,test,diff_days_indoor,5,0,0,0,0,0,0.5538243055343628
data/raw/osu_lora/Diff_Days_Indoor_Setup/Day5/Device21/IQ_1.dat,21,1646379,19,19,1,test,diff_days_indoor,5,0,0,0,0,0,0.7055092453956604
data/raw/osu_lora/Diff_Days_Indoor_Setup/Day5/Device21/IQ_1.dat,22,1724778,19,19,1,test,diff_days_indoor,5,0,0,0,0,0,0.431474894285202
data/raw/osu_lora/Diff_Days_Indoor_Setup/Day5/Device21/IQ_1.dat,23,1803177,19,19,1,test,diff_days_indoor,5,0,0,0,0,0,0.7144990563392639
data/raw/osu_lora/Diff_Days_Indoor_Setup/Day5/Device21/IQ_1.dat,24,1881576,19,5,0,test,diff_days_indoor,5,0,0,0,0,0,0.5272196531295776
data/raw/osu_lora/Diff_Days_Indoor_Setup/Day5/Device21/IQ_1.dat,25,1959975,19,19,1,test,diff_days_indoor,5,0,0,0,0,0,0.6892345547676086
data/raw/osu_lora/Diff_Days_Indoor_Setup/Day5/Device21/IQ_1.dat,26,2038374,19,19,1,test,diff_days_indoor,5,0,0,0,0,0,0.40848803520202637
data/raw/osu_lora/Diff_Days_Indoor_Setup/Day5/Device21/IQ_1.dat,27,2116773,19,5,0,test,diff_days_indoor,5,0,0,0,0,0,0.8163081407546997
data/raw/osu_lora/Diff_Days_Indoor_Setup/Day5/Device21/IQ_1.dat,28,2195172,19,19,1,test,diff_days_indoor,5,0,0,0,0,0,0.5048680901527405
data/raw/osu_lora/Diff_Days_Indoor_Setup/Day5/Device21/IQ_1.dat,29,2273571,19,19,1,test,diff_days_indoor,5,0,0,0,0,0,0.3927095830440521
data/raw/osu_lora/Diff_Days_Indoor_Setup/Day5/Device21/IQ_1.dat,30,2351970,19,19,1,test,diff_days_indoor,5,0,0,0,0,0,0.7741707563400269
data/raw/osu_lora/Diff_Days_Indoor_Setup/Day5/Device21/IQ_1.dat,31,2430369,19,5,0,test,diff_days_indoor,5,0,0,0,0,0,0.8546265959739685
data/raw/osu_lora/Diff_Days_Indoor_Setup/Day5/Device21/IQ_1.dat,32,2508768,19,5,0,test,diff_days_indoor,5,0,0,0,0,0,0.46765294671058655
data/raw/osu_lora/Diff_Days_Indoor_Setup/Day5/Device21/IQ_1.dat,33,2587167,19,23,0,test,diff_days_indoor,5,0,0,0,0,0,0.298539400100708
data/raw/osu_lora/Diff_Days_Indoor_Setup/Day5/Device21/IQ_1.dat,34,2665566,19,19,1,test,diff_days_indoor,5,0,0,0,0,0,0.7828370928764343
data/raw/osu_lora/Diff_Days_Indoor_Setup/Day5/Device21/IQ_1.dat,35,2743965,19,19,1,test,diff_days_indoor,5,0,0,0,0,0,0.8404072523117065
data/raw/osu_lora/Diff_Days_Indoor_Setup/Day5/Device21/IQ_1.dat,36,2822364,19,5,0,test,diff_days_indoor,5,0,0,0,0,0,0.9055414199829102
data/raw/osu_lora/Diff_Days_Indoor_Setup/Day5/Device21/IQ_1.dat,37,2900763,19,5,0,test,diff_days_indoor,5,0,0,0,0,0,0.5912961363792419
data/raw/osu_lora/Diff_Days_Indoor_Setup/Day5/Device21/IQ_1.dat,38,2979162,19,19,1,test,diff_days_indoor,5,0,0,0,0,0,0.5542280077934265
data/raw/osu_lora/Diff_Days_Indoor_Setup/Day5/Device21/IQ_1.dat,39,3057561,19,19,1,test,diff_days_indoor,5,0,0,0,0,0,0.5427819490432739
data/raw/osu_lora/Diff_Days_Indoor_Setup/Day5/Device21/IQ_1.dat,40,3135960,19,19,1,test,diff_days_indoor,5,0,0,0,0,0,0.671249508857727
data/raw/osu_lora/Diff_Days_Indoor_Setup/Day5/Device21/IQ_1.dat,41,3214359,19,22,0,test,diff_days_indoor,5,0,0,0,0,0,0.7339783906936646
data/raw/osu_lora/Diff_Days_Indoor_Setup/Day5/Device21/IQ_1.dat,42,3292758,19,23,0,test,diff_days_indoor,5,0,0,0,0,0,0.3652755320072174
data/raw/osu_lora/Diff_Days_Indoor_Setup/Day5/Device21/IQ_1.dat,43,3371157,19,22,0,test,diff_days_indoor,5,0,0,0,0,0,0.6200059056282043
data/raw/osu_lora/Diff_Days_Indoor_Setup/Day5/Device21/IQ_1.dat,44,3449556,19,19,1,test,diff_days_indoor,5,0,0,0,0,0,0.5060262680053711
data/raw/osu_lora/Diff_Days_Indoor_Setup/Day5/Device21/IQ_1.dat,45,3527955,19,19,1,test,diff_days_indoor,5,0,0,0,0,0,0.38278928399086
data/raw/osu_lora/Diff_Days_Indoor_Setup/Day5/Device21/IQ_1.dat,46,3606354,19,5,0,test,diff_days_indoor,5,0,0,0,0,0,0.8597236275672913
data/raw/osu_lora/Diff_Days_Indoor_Setup/Day5/Device21/IQ_1.dat,47,3684753,19,19,1,test,diff_days_indoor,5,0,0,0,0,0,0.6610956192016602
data/raw/osu_lora/Diff_Days_Indoor_Setup/Day5/Device21/IQ_1.dat,48,3763152,19,23,0,test,diff_days_indoor,5,0,0,0,0,0,0.343192994594574
data/raw/osu_lora/Diff_Days_Indoor_Setup/Day5/Device21/IQ_1.dat,49,3841551,19,19,1,test,diff_days_indoor,5,0,0,0,0,0,0.4154341220855713
data/raw/osu_lora/Diff_Days_Indoor_Setup/Day5/Device21/IQ_1.dat,50,3919950,19,23,0,test,diff_days_indoor,5,0,0,0,0,0,0.35731154680252075
data/raw/osu_lora/Diff_Days_Indoor_Setup/Day5/Device21/IQ_1.dat,51,3998349,19,19,1,test,diff_days_indoor,5,0,0,0,0,0,0.724980890750885
data/raw/osu_lora/Diff_Days_Indoor_Setup/Day5/Device21/IQ_1.dat,52,4076748,19,19,1,test,diff_days_indoor,5,0,0,0,0,0,0.7532572150230408
data/raw/osu_lora/Diff_Days_Indoor_Setup/Day5/Device21/IQ_1.dat,53,4155147,19,5,0,test,diff_days_indoor,5,0,0,0,0,0,0.33180809020996094
data/raw/osu_lora/Diff_Days_Indoor_Setup/Day5/Device21/IQ_1.dat,54,4233546,19,22,0,test,diff_days_indoor,5,0,0,0,0,0,0.4623357653617859
data/raw/osu_lora/Diff_Days_Indoor_Setup/Day5/Device21/IQ_1.dat,55,4311945,19,19,1,test,diff_days_indoor,5,0,0,0,0,0,0.6739519834518433
data/raw/osu_lora/Diff_Days_Indoor_Setup/Day5/Device21/IQ_1.dat,56,4390344,19,19,1,test,diff_days_indoor,5,0,0,0,0,0,0.5764592885971069
data/raw/osu_lora/Diff_Days_Indoor_Setup/Day5/Device21/IQ_1.dat,57,4468743,19,19,1,test,diff_days_indoor,5,0,0,0,0,0,0.40391549468040466
data/raw/osu_lora/Diff_Days_Indoor_Setup/Day5/Device21/IQ_1.dat,58,4547142,19,19,1,test,diff_days_indoor,5,0,0,0,0,0,0.5682321190834045
data/raw/osu_lora/Diff_Days_Indoor_Setup/Day5/Device21/IQ_1.dat,59,4625541,19,5,0,test,diff_days_indoor,5,0,0,0,0,0,0.7588386535644531
data/raw/osu_lora/Diff_Days_Indoor_Setup/Day5/Device21/IQ_1.dat,60,4703940,19,5,0,test,diff_days_indoor,5,0,0,0,0,0,0.40409141778945923
data/raw/osu_lora/Diff_Days_Indoor_Setup/Day5/Device21/IQ_1.dat,61,4782339,19,19,1,test,diff_days_indoor,5,0,0,0,0,0,0.4416534900665283
data/raw/osu_lora/Diff_Days_Indoor_Setup/Day5/Device21/IQ_1.dat,62,4860738,19,5,0,test,diff_days_indoor,5,0,0,0,0,0,0.5737205743789673
data/raw/osu_lora/Diff_Days_Indoor_Setup/Day5/Device21/IQ_1.dat,63,4939137,19,19,1,test,diff_days_indoor,5,0,0,0,0,0,0.6224254369735718
data/raw/osu_lora/Diff_Days_Indoor_Setup/Day5/Device21/IQ_1.dat,64,5017536,19,19,1,test,diff_days_indoor,5,0,0,0,0,0,0.49682724475860596
data/raw/osu_lora/Diff_Days_Indoor_Setup/Day5/Device21/IQ_1.dat,65,5095935,19,19,1,test,diff_days_indoor,5,0,0,0,0,0,0.529244065284729
data/raw/osu_lora/Diff_Days_Indoor_Setup/Day5/Device21/IQ_1.dat,66,5174334,19,22,0,test,diff_days_indoor,5,0,0,0,0,0,0.4735013544559479
data/raw/osu_lora/Diff_Days_Indoor_Setup/Day5/Device21/IQ_1.dat,67,5252733,19,22,0,test,diff_days_indoor,5,0,0,0,0,0,0.45837563276290894
data/raw/osu_lora/Diff_Days_Indoor_Setup/Day5/Device21/IQ_1.dat,68,5331132,19,19,1,test,diff_days_indoor,5,0,0,0,0,0,0.6020383834838867
data/raw/osu_lora/Diff_Days_Indoor_Setup/Day5/Device21/IQ_1.dat,69,5409531,19,23,0,test,diff_days_indoor,5,0,0,0,0,0,0.34886112809181213
data/raw/osu_lora/Diff_Days_Indoor_Setup/Day5/Device21/IQ_1.dat,70,5487930,19,19,1,test,diff_days_indoor,5,0,0,0,0,0,0.6021875739097595
data/raw/osu_lora/Diff_Days_Indoor_Setup/Day5/Device21/IQ_1.dat,71,5566329,19,19,1,test,diff_days_indoor,5,0,0,0,0,0,0.7386944890022278
data/raw/osu_lora/Diff_Days_Indoor_Setup/Day5/Device21/IQ_1.dat,72,5644728,19,22,0,test,diff_days_indoor,5,0,0,0,0,0,0.5573585033416748
data/raw/osu_lora/Diff_Days_Indoor_Setup/Day5/Device21/IQ_1.dat,73,5723127,19,19,1,test,diff_days_indoor,5,0,0,0,0,0,0.6107231974601746
data/raw/osu_lora/Diff_Days_Indoor_Setup/Day5/Device21/IQ_1.dat,74,5801526,19,19,1,test,diff_days_indoor,5,0,0,0,0,0,0.39953088760375977
data/raw/osu_lora/Diff_Days_Indoor_Setup/Day5/Device21/IQ_1.dat,75,5879925,19,19,1,test,diff_days_indoor,5,0,0,0,0,0,0.6103032827377319
data/raw/osu_lora/Diff_Days_Indoor_Setup/Day5/Device21/IQ_1.dat,76,5958324,19,5,0,test,diff_days_indoor,5,0,0,0,0,0,0.6142836213111877
data/raw/osu_lora/Diff_Days_Indoor_Setup/Day5/Device21/IQ_1.dat,77,6036723,19,19,1,test,diff_days_indoor,5,0,0,0,0,0,0.746059000492096
data/raw/osu_lora/Diff_Days_Indoor_Setup/Day5/Device21/IQ_1.dat,78,6115122,19,5,0,test,diff_days_indoor,5,0,0,0,0,0,0.4134034216403961
data/raw/osu_lora/Diff_Days_Indoor_Setup/Day5/Device21/IQ_1.dat,79,6193521,19,22,0,test,diff_days_indoor,5,0,0,0,0,0,0.308952659368515
data/raw/osu_lora/Diff_Days_Indoor_Setup/Day5/Device21/IQ_1.dat,80,6271920,19,19,1,test,diff_days_indoor,5,0,0,0,0,0,0.5513573288917542
data/raw/osu_lora/Diff_Days_Indoor_Setup/Day5/Device21/IQ_1.dat,81,6350319,19,19,1,test,diff_days_indoor,5,0,0,0,0,0,0.6133739948272705
data/raw/osu_lora/Diff_Days_Indoor_Setup/Day5/Device21/IQ_1.dat,82,6428718,19,19,1,test,diff_days_indoor,5,0,0,0,0,0,0.787616491317749
data/raw/osu_lora/Diff_Days_Indoor_Setup/Day5/Device21/IQ_1.dat,83,6507117,19,19,1,test,diff_days_indoor,5,0,0,0,0,0,0.5632652640342712
data/raw/osu_lora/Diff_Days_Indoor_Setup/Day5/Device21/IQ_1.dat,84,6585516,19,19,1,test,diff_days_indoor,5,0,0,0,0,0,0.2024286836385727
data/raw/osu_lora/Diff_Days_Indoor_Setup/Day5/Device21/IQ_1.dat,85,6663915,19,22,0,test,diff_days_indoor,5,0,0,0,0,0,0.6121288537979126
data/raw/osu_lora/Diff_Days_Indoor_Setup/Day5/Device21/IQ_1.dat,86,6742314,19,5,0,test,diff_days_indoor,5,0,0,0,0,0,0.6689679026603699
data/raw/osu_lora/Diff_Days_Indoor_Setup/Day5/Device21/IQ_1.dat,87,6820713,19,19,1,test,diff_days_indoor,5,0,0,0,0,0,0.625128984451294
data/raw/osu_lora/Diff_Days_Indoor_Setup/Day5/Device21/IQ_1.dat,88,6899112,19,5,0,test,diff_days_indoor,5,0,0,0,0,0,0.5611810088157654
data/raw/osu_lora/Diff_Days_Indoor_Setup/Day5/Device21/IQ_1.dat,89,6977511,19,19,1,test,diff_days_indoor,5,0,0,0,0,0,0.4430040121078491
data/raw/osu_lora/Diff_Days_Indoor_Setup/Day5/Device21/IQ_1.dat,90,7055910,19,5,0,test,diff_days_indoor,5,0,0,0,0,0,0.823627233505249
data/raw/osu_lora/Diff_Days_Indoor_Setup/Day5/Device21/IQ_1.dat,91,7134309,19,5,0,test,diff_days_indoor,5,0,0,0,0,0,0.4382725656032562
data/raw/osu_lora/Diff_Days_Indoor_Setup/Day5/Device21/IQ_1.dat,92,7212708,19,19,1,test,diff_days_indoor,5,0,0,0,0,0,0.3532772660255432
data/raw/osu_lora/Diff_Days_Indoor_Setup/Day5/Device21/IQ_1.dat,93,7291107,19,5,0,test,diff_days_indoor,5,0,0,0,0,0,0.5225422382354736
data/raw/osu_lora/Diff_Days_Indoor_Setup/Day5/Device21/IQ_1.dat,94,7369506,19,19,1,test,diff_days_indoor,5,0,0,0,0,0,0.7725181579589844
data/raw/osu_lora/Diff_Days_Indoor_Setup/Day5/Device21/IQ_1.dat,95,7447905,19,19,1,test,diff_days_indoor,5,0,0,0,0,0,0.55965256690979
data/raw/osu_lora/Diff_Days_Indoor_Setup/Day5/Device21/IQ_1.dat,96,7526304,19,19,1,test,diff_days_indoor,5,0,0,0,0,0,0.7262839078903198
data/raw/osu_lora/Diff_Days_Indoor_Setup/Day5/Device21/IQ_1.dat,97,7604703,19,19,1,test,diff_days_indoor,5,0,0,0,0,0,0.623218834400177
data/raw/osu_lora/Diff_Days_Indoor_Setup/Day5/Device21/IQ_1.dat,98,7683102,19,22,0,test,diff_days_indoor,5,0,0,0,0,0,0.7531406879425049
data/raw/osu_lora/Diff_Days_Indoor_Setup/Day5/Device21/IQ_1.dat,99,7761501,19,19,1,test,diff_days_indoor,5,0,0,0,0,0,0.5839133858680725
data/raw/osu_lora/Diff_Days_Indoor_Setup/Day5/Device21/IQ_1.dat,100,7839900,19,19,1,test,diff_days_indoor,5,0,0,0,0,0,0.6960390210151672
data/raw/osu_lora/Diff_Days_Indoor_Setup/Day5/Device21/IQ_1.dat,101,7918299,19,22,0,test,diff_days_indoor,5,0,0,0,0,0,0.3987497389316559
data/raw/osu_lora/Diff_Days_Indoor_Setup/Day5/Device21/IQ_1.dat,102,7996698,19,19,1,test,diff_days_indoor,5,0,0,0,0,0,0.6293121576309204
data/raw/osu_lora/Diff_Days_Indoor_Setup/Day5/Device21/IQ_1.dat,103,8075097,19,22,0,test,diff_days_indoor,5,0,0,0,0,0,0.5429007411003113
data/raw/osu_lora/Diff_Days_Indoor_Setup/Day5/Device21/IQ_1.dat,104,8153496,19,23,0,test,diff_days_indoor,5,0,0,0,0,0,0.36245784163475037
data/raw/osu_lora/Diff_Days_Indoor_Setup/Day5/Device21/IQ_1.dat,105,8231895,19,19,1,test,diff_days_indoor,5,0,0,0,0,0,0.41678953170776367
data/raw/osu_lora/Diff_Days_Indoor_Setup/Day5/Device21/IQ_1.dat,106,8310294,19,19,1,test,diff_days_indoor,5,0,0,0,0,0,0.3366139829158783
data/raw/osu_lora/Diff_Days_Indoor_Setup/Day5/Device21/IQ_1.dat,107,8388693,19,5,0,test,diff_days_indoor,5,0,0,0,0,0,0.8616368770599365
data/raw/osu_lora/Diff_Days_Indoor_Setup/Day5/Device21/IQ_1.dat,108,8467092,19,19,1,test,diff_days_indoor,5,0,0,0,0,0,0.6313530206680298
data/raw/osu_lora/Diff_Days_Indoor_Setup/Day5/Device21/IQ_1.dat,109,8545491,19,5,0,test,diff_days_indoor,5,0,0,0,0,0,0.7804648876190186
data/raw/osu_lora/Diff_Days_Indoor_Setup/Day5/Device21/IQ_1.dat,110,8623890,19,22,0,test,diff_days_indoor,5,0,0,0,0,0,0.6255999207496643
data/raw/osu_lora/Diff_Days_Indoor_Setup/Day5/Device21/IQ_1.dat,111,8702289,19,23,0,test,diff_days_indoor,5,0,0,0,0,0,0.3980647921562195
data/raw/osu_lora/Diff_Days_Indoor_Setup/Day5/Device21/IQ_1.dat,112,8780688,19,22,0,test,diff_days_indoor,5,0,0,0,0,0,0.4266125559806824
data/raw/osu_lora/Diff_Days_Indoor_Setup/Day5/Device21/IQ_1.dat,113,8859087,19,19,1,test,diff_days_indoor,5,0,0,0,0,0,0.7119885683059692
data/raw/osu_lora/Diff_Days_Indoor_Setup/Day5/Device21/IQ_1.dat,114,8937486,19,19,1,test,diff_days_indoor,5,0,0,0,0,0,0.620677649974823
data/raw/osu_lora/Diff_Days_Indoor_Setup/Day5/Device21/IQ_1.dat,115,9015885,19,19,1,test,diff_days_indoor,5,0,0,0,0,0,0.6240228414535522
data/raw/osu_lora/Diff_Days_Indoor_Setup/Day5/Device21/IQ_1.dat,116,9094284,19,22,0,test,diff_days_indoor,5,0,0,0,0,0,0.5323214530944824
data/raw/osu_lora/Diff_Days_Indoor_Setup/Day5/Device21/IQ_1.dat,117,9172683,19,5,0,test,diff_days_indoor,5,0,0,0,0,0,0.5038338303565979
data/raw/osu_lora/Diff_Days_Indoor_Setup/Day5/Device21/IQ_1.dat,118,9251082,19,19,1,test,diff_days_indoor,5,0,0,0,0,0,0.7075902819633484
data/raw/osu_lora/Diff_Days_Indoor_Setup/Day5/Device21/IQ_1.dat,119,9329481,19,19,1,test,diff_days_indoor,5,0,0,0,0,0,0.2818965017795563
data/raw/osu_lora/Diff_Days_Indoor_Setup/Day5/Device21/IQ_1.dat,120,9407880,19,19,1,test,diff_days_indoor,5,0,0,0,0,0,0.6808426976203918
data/raw/osu_lora/Diff_Days_Indoor_Setup/Day5/Device21/IQ_1.dat,121,9486279,19,5,0,test,diff_days_indoor,5,0,0,0,0,0,0.7481975555419922
data/raw/osu_lora/Diff_Days_Indoor_Setup/Day5/Device21/IQ_1.dat,122,9564678,19,19,1,test,diff_days_indoor,5,0,0,0,0,0,0.39915230870246887
data/raw/osu_lora/Diff_Days_Indoor_Setup/Day5/Device21/IQ_1.dat,123,9643077,19,19,1,test,diff_days_indoor,5,0,0,0,0,0,0.38062340021133423
data/raw/osu_lora/Diff_Days_Indoor_Setup/Day5/Device21/IQ_1.dat,124,9721476,19,5,0,test,diff_days_indoor,5,0,0,0,0,0,0.691727340221405
data/raw/osu_lora/Diff_Days_Indoor_Setup/Day5/Device21/IQ_1.dat,125,9799875,19,19,1,test,diff_days_indoor,5,0,0,0,0,0,0.6521883010864258
data/raw/osu_lora/Diff_Days_Indoor_Setup/Day5/Device21/IQ_1.dat,126,9878274,19,19,1,test,diff_days_indoor,5,0,0,0,0,0,0.48443901538848877
data/raw/osu_lora/Diff_Days_Indoor_Setup/Day5/Device21/IQ_1.dat,127,9956673,19,5,0,test,diff_days_indoor,5,0,0,0,0,0,0.66477370262146
data/raw/osu_lora/Diff_Days_Indoor_Setup/Day5/Device21/IQ_1.dat,128,10035072,19,19,1,test,diff_days_indoor,5,0,0,0,0,0,0.4842164218425751
data/raw/osu_lora/Diff_Days_Indoor_Setup/Day5/Device21/IQ_1.dat,129,10113471,19,22,0,test,diff_days_indoor,5,0,0,0,0,0,0.7475743889808655
data/raw/osu_lora/Diff_Days_Indoor_Setup/Day5/Device21/IQ_1.dat,130,10191870,19,19,1,test,diff_days_indoor,5,0,0,0,0,0,0.5609095096588135
data/raw/osu_lora/Diff_Days_Indoor_Setup/Day5/Device21/IQ_1.dat,131,10270269,19,19,1,test,diff_days_indoor,5,0,0,0,0,0,0.6520323753356934
data/raw/osu_lora/Diff_Days_Indoor_Setup/Day5/Device21/IQ_1.dat,132,10348668,19,19,1,test,diff_days_indoor,5,0,0,0,0,0,0.48493078351020813
data/raw/osu_lora/Diff_Days_Indoor_Setup/Day5/Device21/IQ_1.dat,133,10427067,19,19,1,test,diff_days_indoor,5,0,0,0,0,0,0.4848678708076477
data/raw/osu_lora/Diff_Days_Indoor_Setup/Day5/Device21/IQ_1.dat,134,10505466,19,22,0,test,diff_days_indoor,5,0,0,0,0,0,0.42682158946990967
data/raw/osu_lora/Diff_Days_Indoor_Setup/Day5/Device21/IQ_1.dat,135,10583865,19,19,1,test,diff_days_indoor,5,0,0,0,0,0,0.4827541708946228
data/raw/osu_lora/Diff_Days_Indoor_Setup/Day5/Device21/IQ_1.dat,136,10662264,19,19,1,test,diff_days_indoor,5,0,0,0,0,0,0.6280109286308289
data/raw/osu_lora/Diff_Days_Indoor_Setup/Day5/Device21/IQ_1.dat,137,10740663,19,19,1,test,diff_days_indoor,5,0,0,0,0,0,0.6157439351081848
data/raw/osu_lora/Diff_Days_Indoor_Setup/Day5/Device21/IQ_1.dat,138,10819062,19,19,1,test,diff_days_indoor,5,0,0,0,0,0,0.6210219264030457
data/raw/osu_lora/Diff_Days_Indoor_Setup/Day5/Device21/IQ_1.dat,139,10897461,19,19,1,test,diff_days_indoor,5,0,0,0,0,0,0.7638532519340515
data/raw/osu_lora/Diff_Days_Indoor_Setup/Day5/Device21/IQ_1.dat,140,10975860,19,5,0,test,diff_days_indoor,5,0,0,0,0,0,0.7398509979248047
data/raw/osu_lora/Diff_Days_Indoor_Setup/Day5/Device21/IQ_1.dat,141,11054259,19,22,0,test,diff_days_indoor,5,0,0,0,0,0,0.37695199251174927
data/raw/osu_lora/Diff_Days_Indoor_Setup/Day5/Device21/IQ_1.dat,142,11132658,19,19,1,test,diff_days_indoor,5,0,0,0,0,0,0.6677737832069397
data/raw/osu_lora/Diff_Days_Indoor_Setup/Day5/Device21/IQ_1.dat,143,11211057,19,19,1,test,diff_days_indoor,5,0,0,0,0,0,0.5846585035324097
data/raw/osu_lora/Diff_Days_Indoor_Setup/Day5/Device21/IQ_1.dat,144,11289456,19,19,1,test,diff_days_indoor,5,0,0,0,0,0,0.6733396053314209
data/raw/osu_lora/Diff_Days_Indoor_Setup/Day5/Device21/IQ_1.dat,145,11367855,19,19,1,test,diff_days_indoor,5,0,0,0,0,0,0.5935479402542114
data/raw/osu_lora/Diff_Days_Indoor_Setup/Day5/Device21/IQ_1.dat,146,11446254,19,5,0,test,diff_days_indoor,5,0,0,0,0,0,0.4751800000667572
data/raw/osu_lora/Diff_Days_Indoor_Setup/Day5/Device21/IQ_1.dat,147,11524653,19,19,1,test,diff_days_indoor,5,0,0,0,0,0,0.558042585849762
data/raw/osu_lora/Diff_Days_Indoor_Setup/Day5/Device21/IQ_1.dat,148,11603052,19,5,0,test,diff_days_indoor,5,0,0,0,0,0,0.5586925745010376
data/raw/osu_lora/Diff_Days_Indoor_Setup/Day5/Device21/IQ_1.dat,149,11681451,19,19,1,test,diff_days_indoor,5,0,0,0,0,0,0.4715918004512787
data/raw/osu_lora/Diff_Days_Indoor_Setup/Day5/Device21/IQ_1.dat,150,11759850,19,5,0,test,diff_days_indoor,5,0,0,0,0,0,0.4270922541618347
data/raw/osu_lora/Diff_Days_Indoor_Setup/Day5/Device21/IQ_1.dat,151,11838249,19,19,1,test,diff_days_indoor,5,0,0,0,0,0,0.4982776641845703
data/raw/osu_lora/Diff_Days_Indoor_Setup/Day5/Device21/IQ_1.dat,152,11916648,19,19,1,test,diff_days_indoor,5,0,0,0,0,0,0.5864559412002563
data/raw/osu_lora/Diff_Days_Indoor_Setup/Day5/Device21/IQ_1.dat,153,11995047,19,5,0,test,diff_days_indoor,5,0,0,0,0,0,0.6873753070831299
data/raw/osu_lora/Diff_Days_Indoor_Setup/Day5/Device21/IQ_1.dat,154,12073446,19,5,0,test,diff_days_indoor,5,0,0,0,0,0,0.6025100946426392
data/raw/osu_lora/Diff_Days_Indoor_Setup/Day5/Device21/IQ_1.dat,155,12151845,19,19,1,test,diff_days_indoor,5,0,0,0,0,0,0.5232262015342712
data/raw/osu_lora/Diff_Days_Indoor_Setup/Day5/Device21/IQ_1.dat,156,12230244,19,5,0,test,diff_days_indoor,5,0,0,0,0,0,0.5797063708305359
data/raw/osu_lora/Diff_Days_Indoor_Setup/Day5/Device21/IQ_1.dat,157,12308643,19,19,1,test,diff_days_indoor,5,0,0,0,0,0,0.4641093611717224
data/raw/osu_lora/Diff_Days_Indoor_Setup/Day5/Device21/IQ_1.dat,158,12387042,19,19,1,test,diff_days_indoor,5,0,0,0,0,0,0.5229884386062622
data/raw/osu_lora/Diff_Days_Indoor_Setup/Day5/Device21/IQ_1.dat,159,12465441,19,19,1,test,diff_days_indoor,5,0,0,0,0,0,0.610336184501648
data/raw/osu_lora/Diff_Days_Indoor_Setup/Day5/Device21/IQ_1.dat,160,12543840,19,22,0,test,diff_days_indoor,5,0,0,0,0,0,0.7949201464653015
data/raw/osu_lora/Diff_Days_Indoor_Setup/Day5/Device21/IQ_1.dat,161,12622239,19,6,0,test,diff_days_indoor,5,0,0,0,0,0,0.35129085183143616
data/raw/osu_lora/Diff_Days_Indoor_Setup/Day5/Device21/IQ_1.dat,162,12700638,19,19,1,test,diff_days_indoor,5,0,0,0,0,0,0.47373974323272705
data/raw/osu_lora/Diff_Days_Indoor_Setup/Day5/Device21/IQ_1.dat,163,12779037,19,19,1,test,diff_days_indoor,5,0,0,0,0,0,0.3848819434642792
data/raw/osu_lora/Diff_Days_Indoor_Setup/Day5/Device21/IQ_1.dat,164,12857436,19,19,1,test,diff_days_indoor,5,0,0,0,0,0,0.7297355532646179
data/raw/osu_lora/Diff_Days_Indoor_Setup/Day5/Device21/IQ_1.dat,165,12935835,19,22,0,test,diff_days_indoor,5,0,0,0,0,0,0.7831383347511292
data/raw/osu_lora/Diff_Days_Indoor_Setup/Day5/Device21/IQ_1.dat,166,13014234,19,19,1,test,diff_days_indoor,5,0,0,0,0,0,0.6829847693443298
data/raw/osu_lora/Diff_Days_Indoor_Setup/Day5/Device21/IQ_1.dat,167,13092633,19,19,1,test,diff_days_indoor,5,0,0,0,0,0,0.699381411075592
data/raw/osu_lora/Diff_Days_Indoor_Setup/Day5/Device21/IQ_1.dat,168,13171032,19,19,1,test,diff_days_indoor,5,0,0,0,0,0,0.6918302178382874
data/raw/osu_lora/Diff_Days_Indoor_Setup/Day5/Device21/IQ_1.dat,169,13249431,19,19,1,test,diff_days_indoor,5,0,0,0,0,0,0.5933244228363037
data/raw/osu_lora/Diff_Days_Indoor_Setup/Day5/Device21/IQ_1.dat,170,13327830,19,19,1,test,diff_days_indoor,5,0,0,0,0,0,0.751349925994873
data/raw/osu_lora/Diff_Days_Indoor_Setup/Day5/Device21/IQ_1.dat,171,13406229,19,5,0,test,diff_days_indoor,5,0,0,0,0,0,0.7149616479873657
data/raw/osu_lora/Diff_Days_Indoor_Setup/Day5/Device21/IQ_1.dat,172,13484628,19,23,0,test,diff_days_indoor,5,0,0,0,0,0,0.37612801790237427
data/raw/osu_lora/Diff_Days_Indoor_Setup/Day5/Device21/IQ_1.dat,173,13563027,19,19,1,test,diff_days_indoor,5,0,0,0,0,0,0.5000520348548889
data/raw/osu_lora/Diff_Days_Indoor_Setup/Day5/Device21/IQ_1.dat,174,13641426,19,19,1,test,diff_days_indoor,5,0,0,0,0,0,0.3491345942020416
data/raw/osu_lora/Diff_Days_Indoor_Setup/Day5/Device21/IQ_1.dat,175,13719825,19,19,1,test,diff_days_indoor,5,0,0,0,0,0,0.7051608562469482
data/raw/osu_lora/Diff_Days_Indoor_Setup/Day5/Device21/IQ_1.dat,176,13798224,19,19,1,test,diff_days_indoor,5,0,0,0,0,0,0.5300244092941284
data/raw/osu_lora/Diff_Days_Indoor_Setup/Day5/Device21/IQ_1.dat,177,13876623,19,19,1,test,diff_days_indoor,5,0,0,0,0,0,0.5614962577819824
data/raw/osu_lora/Diff_Days_Indoor_Setup/Day5/Device21/IQ_1.dat,178,13955022,19,19,1,test,diff_days_indoor,5,0,0,0,0,0,0.5026648640632629
data/raw/osu_lora/Diff_Days_Indoor_Setup/Day5/Device21/IQ_1.dat,179,14033421,19,5,0,test,diff_days_indoor,5,0,0,0,0,0,0.5044990181922913
data/raw/osu_lora/Diff_Days_Indoor_Setup/Day5/Device21/IQ_1.dat,180,14111820,19,19,1,test,diff_days_indoor,5,0,0,0,0,0,0.5637797117233276
data/raw/osu_lora/Diff_Days_Indoor_Setup/Day5/Device21/IQ_1.dat,181,14190219,19,19,1,test,diff_days_indoor,5,0,0,0,0,0,0.40303581953048706
data/raw/osu_lora/Diff_Days_Indoor_Setup/Day5/Device21/IQ_1.dat,182,14268618,19,5,0,test,diff_days_indoor,5,0,0,0,0,0,0.4763546288013458
data/raw/osu_lora/Diff_Days_Indoor_Setup/Day5/Device21/IQ_1.dat,183,14347017,19,5,0,test,diff_days_indoor,5,0,0,0,0,0,0.5451796054840088
data/raw/osu_lora/Diff_Days_Indoor_Setup/Day5/Device21/IQ_1.dat,184,14425416,19,5,0,test,diff_days_indoor,5,0,0,0,0,0,0.400316059589386
data/raw/osu_lora/Diff_Days_Indoor_Setup/Day5/Device21/IQ_1.dat,185,14503815,19,19,1,test,diff_days_indoor,5,0,0,0,0,0,0.4050174057483673
data/raw/osu_lora/Diff_Days_Indoor_Setup/Day5/Device21/IQ_1.dat,186,14582214,19,22,0,test,diff_days_indoor,5,0,0,0,0,0,0.47829490900039673
data/raw/osu_lora/Diff_Days_Indoor_Setup/Day5/Device21/IQ_1.dat,187,14660613,19,5,0,test,diff_days_indoor,5,0,0,0,0,0,0.6501336097717285
data/raw/osu_lora/Diff_Days_Indoor_Setup/Day5/Device21/IQ_1.dat,188,14739012,19,19,1,test,diff_days_indoor,5,0,0,0,0,0,0.5157073140144348
data/raw/osu_lora/Diff_Days_Indoor_Setup/Day5/Device21/IQ_1.dat,189,14817411,19,19,1,test,diff_days_indoor,5,0,0,0,0,0,0.7441719174385071
data/raw/osu_lora/Diff_Days_Indoor_Setup/Day5/Device21/IQ_1.dat,190,14895810,19,5,0,test,diff_days_indoor,5,0,0,0,0,0,0.6441570520401001
data/raw/osu_lora/Diff_Days_Indoor_Setup/Day5/Device21/IQ_1.dat,191,14974209,19,19,1,test,diff_days_indoor,5,0,0,0,0,0,0.4962705969810486
data/raw/osu_lora/Diff_Days_Indoor_Setup/Day5/Device21/IQ_1.dat,192,15052608,19,19,1,test,diff_days_indoor,5,0,0,0,0,0,0.7538177967071533
data/raw/osu_lora/Diff_Days_Indoor_Setup/Day5/Device21/IQ_1.dat,193,15131007,19,19,1,test,diff_days_indoor,5,0,0,0,0,0,0.7765344381332397
data/raw/osu_lora/Diff_Days_Indoor_Setup/Day5/Device21/IQ_1.dat,194,15209406,19,19,1,test,diff_days_indoor,5,0,0,0,0,0,0.5359325408935547
data/raw/osu_lora/Diff_Days_Indoor_Setup/Day5/Device21/IQ_1.dat,195,15287805,19,23,0,test,diff_days_indoor,5,0,0,0,0,0,0.3207687437534332
data/raw/osu_lora/Diff_Days_Indoor_Setup/Day5/Device21/IQ_1.dat,196,15366204,19,22,0,test,diff_days_indoor,5,0,0,0,0,0,0.6896416544914246
data/raw/osu_lora/Diff_Days_Indoor_Setup/Day5/Device21/IQ_1.dat,197,15444603,19,5,0,test,diff_days_indoor,5,0,0,0,0,0,0.5357110500335693
data/raw/osu_lora/Diff_Days_Indoor_Setup/Day5/Device21/IQ_1.dat,198,15523002,19,19,1,test,diff_days_indoor,5,0,0,0,0,0,0.5902823805809021
data/raw/osu_lora/Diff_Days_Indoor_Setup/Day5/Device21/IQ_1.dat,199,15601401,19,19,1,test,diff_days_indoor,5,0,0,0,0,0,0.7012984156608582
data/raw/osu_lora/Diff_Days_Indoor_Setup/Day5/Device21/IQ_1.dat,200,15679800,19,5,0,test,diff_days_indoor,5,0,0,0,0,0,0.536014199256897
data/raw/osu_lora/Diff_Days_Indoor_Setup/Day5/Device21/IQ_1.dat,201,15758199,19,19,1,test,diff_days_indoor,5,0,0,0,0,0,0.3279655873775482
data/raw/osu_lora/Diff_Days_Indoor_Setup/Day5/Device21/IQ_1.dat,202,15836598,19,19,1,test,diff_days_indoor,5,0,0,0,0,0,0.3569881021976471
data/raw/osu_lora/Diff_Days_Indoor_Setup/Day5/Device21/IQ_1.dat,203,15914997,19,22,0,test,diff_days_indoor,5,0,0,0,0,0,0.58567214012146
data/raw/osu_lora/Diff_Days_Indoor_Setup/Day5/Device21/IQ_1.dat,204,15993396,19,23,0,test,diff_days_indoor,5,0,0,0,0,0,0.3779805600643158
data/raw/osu_lora/Diff_Days_Indoor_Setup/Day5/Device21/IQ_1.dat,205,16071795,19,19,1,test,diff_days_indoor,5,0,0,0,0,0,0.629644513130188
data/raw/osu_lora/Diff_Days_Indoor_Setup/Day5/Device21/IQ_1.dat,206,16150194,19,19,1,test,diff_days_indoor,5,0,0,0,0,0,0.6585792303085327
data/raw/osu_lora/Diff_Days_Indoor_Setup/Day5/Device21/IQ_1.dat,207,16228593,19,19,1,test,diff_days_indoor,5,0,0,0,0,0,0.6787716150283813
data/raw/osu_lora/Diff_Days_Indoor_Setup/Day5/Device21/IQ_1.dat,208,16306992,19,5,0,test,diff_days_indoor,5,0,0,0,0,0,0.6520155668258667
data/raw/osu_lora/Diff_Days_Indoor_Setup/Day5/Device21/IQ_1.dat,209,16385391,19,19,1,test,diff_days_indoor,5,0,0,0,0,0,0.6077881455421448
data/raw/osu_lora/Diff_Days_Indoor_Setup/Day5/Device21/IQ_1.dat,210,16463790,19,19,1,test,diff_days_indoor,5,0,0,0,0,0,0.3964061737060547
data/raw/osu_lora/Diff_Days_Indoor_Setup/Day5/Device21/IQ_1.dat,211,16542189,19,5,0,test,diff_days_indoor,5,0,0,0,0,0,0.5745273232460022
data/raw/osu_lora/Diff_Days_Indoor_Setup/Day5/Device21/IQ_1.dat,212,16620588,19,19,1,test,diff_days_indoor,5,0,0,0,0,0,0.5171060562133789
data/raw/osu_lora/Diff_Days_Indoor_Setup/Day5/Device21/IQ_1.dat,213,16698987,19,5,0,test,diff_days_indoor,5,0,0,0,0,0,0.7522119879722595
data/raw/osu_lora/Diff_Days_Indoor_Setup/Day5/Device21/IQ_1.dat,214,16777386,19,19,1,test,diff_days_indoor,5,0,0,0,0,0,0.6562222242355347
data/raw/osu_lora/Diff_Days_Indoor_Setup/Day5/Device21/IQ_1.dat,215,16855785,19,5,0,test,diff_days_indoor,5,0,0,0,0,0,0.37762945890426636
data/raw/osu_lora/Diff_Days_Indoor_Setup/Day5/Device21/IQ_1.dat,216,16934184,19,5,0,test,diff_days_indoor,5,0,0,0,0,0,0.4784025549888611
data/raw/osu_lora/Diff_Days_Indoor_Setup/Day5/Device21/IQ_1.dat,217,17012583,19,19,1,test,diff_days_indoor,5,0,0,0,0,0,0.46276170015335083
data/raw/osu_lora/Diff_Days_Indoor_Setup/Day5/Device21/IQ_1.dat,218,17090982,19,5,0,test,diff_days_indoor,5,0,0,0,0,0,0.9234878420829773
data/raw/osu_lora/Diff_Days_Indoor_Setup/Day5/Device21/IQ_1.dat,219,17169381,19,19,1,test,diff_days_indoor,5,0,0,0,0,0,0.6143637299537659
data/raw/osu_lora/Diff_Days_Indoor_Setup/Day5/Device21/IQ_1.dat,220,17247780,19,19,1,test,diff_days_indoor,5,0,0,0,0,0,0.6807979345321655
data/raw/osu_lora/Diff_Days_Indoor_Setup/Day5/Device21/IQ_1.dat,221,17326179,19,5,0,test,diff_days_indoor,5,0,0,0,0,0,0.47523581981658936
data/raw/osu_lora/Diff_Days_Indoor_Setup/Day5/Device21/IQ_1.dat,222,17404578,19,5,0,test,diff_days_indoor,5,0,0,0,0,0,0.35932251811027527
data/raw/osu_lora/Diff_Days_Indoor_Setup/Day5/Device21/IQ_1.dat,223,17482977,19,5,0,test,diff_days_indoor,5,0,0,0,0,0,0.8771374225616455
data/raw/osu_lora/Diff_Days_Indoor_Setup/Day5/Device21/IQ_1.dat,224,17561376,19,19,1,test,diff_days_indoor,5,0,0,0,0,0,0.6590240597724915
data/raw/osu_lora/Diff_Days_Indoor_Setup/Day5/Device21/IQ_1.dat,225,17639775,19,22,0,test,diff_days_indoor,5,0,0,0,0,0,0.523952841758728
data/raw/osu_lora/Diff_Days_Indoor_Setup/Day5/Device21/IQ_1.dat,226,17718174,19,19,1,test,diff_days_indoor,5,0,0,0,0,0,0.6213501691818237
data/raw/osu_lora/Diff_Days_Indoor_Setup/Day5/Device21/IQ_1.dat,227,17796573,19,22,0,test,diff_days_indoor,5,0,0,0,0,0,0.7703496813774109
data/raw/osu_lora/Diff_Days_Indoor_Setup/Day5/Device21/IQ_1.dat,228,17874972,19,19,1,test,diff_days_indoor,5,0,0,0,0,0,0.6968260407447815
data/raw/osu_lora/Diff_Days_Indoor_Setup/Day5/Device21/IQ_1.dat,229,17953371,19,5,0,test,diff_days_indoor,5,0,0,0,0,0,0.7523206472396851
data/raw/osu_lora/Diff_Days_Indoor_Setup/Day5/Device21/IQ_1.dat,230,18031770,19,19,1,test,diff_days_indoor,5,0,0,0,0,0,0.7577323913574219
data/raw/osu_lora/Diff_Days_Indoor_Setup/Day5/Device21/IQ_1.dat,231,18110169,19,5,0,test,diff_days_indoor,5,0,0,0,0,0,0.7702295184135437
data/raw/osu_lora/Diff_Days_Indoor_Setup/Day5/Device21/IQ_1.dat,232,18188568,19,19,1,test,diff_days_indoor,5,0,0,0,0,0,0.4269280731678009
data/raw/osu_lora/Diff_Days_Indoor_Setup/Day5/Device21/IQ_1.dat,233,18266967,19,19,1,test,diff_days_indoor,5,0,0,0,0,0,0.7520901560783386
data/raw/osu_lora/Diff_Days_Indoor_Setup/Day5/Device21/IQ_1.dat,234,18345366,19,19,1,test,diff_days_indoor,5,0,0,0,0,0,0.48647230863571167
data/raw/osu_lora/Diff_Days_Indoor_Setup/Day5/Device21/IQ_1.dat,235,18423765,19,23,0,test,diff_days_indoor,5,0,0,0,0,0,0.34808585047721863
data/raw/osu_lora/Diff_Days_Indoor_Setup/Day5/Device21/IQ_1.dat,236,18502164,19,19,1,test,diff_days_indoor,5,0,0,0,0,0,0.6893900632858276
data/raw/osu_lora/Diff_Days_Indoor_Setup/Day5/Device21/IQ_1.dat,237,18580563,19,19,1,test,diff_days_indoor,5,0,0,0,0,0,0.46830642223358154
data/raw/osu_lora/Diff_Days_Indoor_Setup/Day5/Device21/IQ_1.dat,238,18658962,19,19,1,test,diff_days_indoor,5,0,0,0,0,0,0.7352197170257568
data/raw/osu_lora/Diff_Days_Indoor_Setup/Day5/Device21/IQ_1.dat,239,18737361,19,5,0,test,diff_days_indoor,5,0,0,0,0,0,0.5407932996749878
data/raw/osu_lora/Diff_Days_Indoor_Setup/Day5/Device21/IQ_1.dat,240,18815760,19,19,1,test,diff_days_indoor,5,0,0,0,0,0,0.47472718358039856
data/raw/osu_lora/Diff_Days_Indoor_Setup/Day5/Device21/IQ_1.dat,241,18894159,19,19,1,test,diff_days_indoor,5,0,0,0,0,0,0.6019601821899414
data/raw/osu_lora/Diff_Days_Indoor_Setup/Day5/Device21/IQ_1.dat,242,18972558,19,19,1,test,diff_days_indoor,5,0,0,0,0,0,0.48936551809310913
data/raw/osu_lora/Diff_Days_Indoor_Setup/Day5/Device21/IQ_1.dat,243,19050957,19,5,0,test,diff_days_indoor,5,0,0,0,0,0,0.48086509108543396
data/raw/osu_lora/Diff_Days_Indoor_Setup/Day5/Device21/IQ_1.dat,244,19129356,19,19,1,test,diff_days_indoor,5,0,0,0,0,0,0.6890034675598145
data/raw/osu_lora/Diff_Days_Indoor_Setup/Day5/Device21/IQ_1.dat,245,19207755,19,19,1,test,diff_days_indoor,5,0,0,0,0,0,0.688238799571991
data/raw/osu_lora/Diff_Days_Indoor_Setup/Day5/Device21/IQ_1.dat,246,19286154,19,19,1,test,diff_days_indoor,5,0,0,0,0,0,0.33003056049346924
data/raw/osu_lora/Diff_Days_Indoor_Setup/Day5/Device21/IQ_1.dat,247,19364553,19,5,0,test,diff_days_indoor,5,0,0,0,0,0,0.8290393352508545
data/raw/osu_lora/Diff_Days_Indoor_Setup/Day5/Device21/IQ_1.dat,248,19442952,19,22,0,test,diff_days_indoor,5,0,0,0,0,0,0.5874350666999817
data/raw/osu_lora/Diff_Days_Indoor_Setup/Day5/Device21/IQ_1.dat,249,19521351,19,5,0,test,diff_days_indoor,5,0,0,0,0,0,0.4943603575229645
data/raw/osu_lora/Diff_Days_Indoor_Setup/Day5/Device21/IQ_1.dat,250,19599750,19,5,0,test,diff_days_indoor,5,0,0,0,0,0,0.5870881676673889
data/raw/osu_lora/Diff_Days_Indoor_Setup/Day5/Device21/IQ_1.dat,251,19678149,19,19,1,test,diff_days_indoor,5,0,0,0,0,0,0.5899222493171692
data/raw/osu_lora/Diff_Days_Indoor_Setup/Day5/Device21/IQ_1.dat,252,19756548,19,19,1,test,diff_days_indoor,5,0,0,0,0,0,0.5686396360397339
data/raw/osu_lora/Diff_Days_Indoor_Setup/Day5/Device21/IQ_1.dat,253,19834947,19,5,0,test,diff_days_indoor,5,0,0,0,0,0,0.7365363240242004
data/raw/osu_lora/Diff_Days_Indoor_Setup/Day5/Device21/IQ_1.dat,254,19913346,19,5,0,test,diff_days_indoor,5,0,0,0,0,0,0.7408595085144043
data/raw/osu_lora/Diff_Days_Indoor_Setup/Day5/Device21/IQ_1.dat,255,19991745,19,19,1,test,diff_days_indoor,5,0,0,0,0,0,0.7274439930915833
data/raw/osu_lora/Diff_Days_Indoor_Setup/Day5/Device22/IQ_1.dat,0,0,20,20,1,test,diff_days_indoor,5,0,0,0,0,0,0.6956937313079834
data/raw/osu_lora/Diff_Days_Indoor_Setup/Day5/Device22/IQ_1.dat,1,78399,20,20,1,test,diff_days_indoor,5,0,0,0,0,0,0.6722207069396973
data/raw/osu_lora/Diff_Days_Indoor_Setup/Day5/Device22/IQ_1.dat,2,156798,20,8,0,test,diff_days_indoor,5,0,0,0,0,0,0.5160606503486633
data/raw/osu_lora/Diff_Days_Indoor_Setup/Day5/Device22/IQ_1.dat,3,235197,20,20,1,test,diff_days_indoor,5,0,0,0,0,0,0.4984191656112671
data/raw/osu_lora/Diff_Days_Indoor_Setup/Day5/Device22/IQ_1.dat,4,313596,20,8,0,test,diff_days_indoor,5,0,0,0,0,0,0.5725037455558777
data/raw/osu_lora/Diff_Days_Indoor_Setup/Day5/Device22/IQ_1.dat,5,391995,20,8,0,test,diff_days_indoor,5,0,0,0,0,0,0.49579015374183655
data/raw/osu_lora/Diff_Days_Indoor_Setup/Day5/Device22/IQ_1.dat,6,470394,20,20,1,test,diff_days_indoor,5,0,0,0,0,0,0.6596270203590393
data/raw/osu_lora/Diff_Days_Indoor_Setup/Day5/Device22/IQ_1.dat,7,548793,20,20,1,test,diff_days_indoor,5,0,0,0,0,0,0.6959666013717651
data/raw/osu_lora/Diff_Days_Indoor_Setup/Day5/Device22/IQ_1.dat,8,627192,20,20,1,test,diff_days_indoor,5,0,0,0,0,0,0.6570179462432861
data/raw/osu_lora/Diff_Days_Indoor_Setup/Day5/Device22/IQ_1.dat,9,705591,20,20,1,test,diff_days_indoor,5,0,0,0,0,0,0.7254643440246582
data/raw/osu_lora/Diff_Days_Indoor_Setup/Day5/Device22/IQ_1.dat,10,783990,20,6,0,test,diff_days_indoor,5,0,0,0,0,0,0.39883366227149963
data/raw/osu_lora/Diff_Days_Indoor_Setup/Day5/Device22/IQ_1.dat,11,862389,20,20,1,test,diff_days_indoor,5,0,0,0,0,0,0.7704290151596069
data/raw/osu_lora/Diff_Days_Indoor_Setup/Day5/Device22/IQ_1.dat,12,940788,20,21,0,test,diff_days_indoor,5,0,0,0,0,0,0.16038236021995544
data/raw/osu_lora/Diff_Days_Indoor_Setup/Day5/Device22/IQ_1.dat,13,1019187,20,20,1,test,diff_days_indoor,5,0,0,0,0,0,0.6356449723243713
data/raw/osu_lora/Diff_Days_Indoor_Setup/Day5/Device22/IQ_1.dat,14,1097586,20,6,0,test,diff_days_indoor,5,0,0,0,0,0,0.4914870262145996
data/raw/osu_lora/Diff_Days_Indoor_Setup/Day5/Device22/IQ_1.dat,15,1175985,20,20,1,test,diff_days_indoor,5,0,0,0,0,0,0.7258334159851074
data/raw/osu_lora/Diff_Days_Indoor_Setup/Day5/Device22/IQ_1.dat,16,1254384,20,8,0,test,diff_days_indoor,5,0,0,0,0,0,0.5703774690628052
data/raw/osu_lora/Diff_Days_Indoor_Setup/Day5/Device22/IQ_1.dat,17,1332783,20,20,1,test,diff_days_indoor,5,0,0,0,0,0,0.6723723411560059
data/raw/osu_lora/Diff_Days_Indoor_Setup/Day5/Device22/IQ_1.dat,18,1411182,20,20,1,test,diff_days_indoor,5,0,0,0,0,0,0.7027668952941895
data/raw/osu_lora/Diff_Days_Indoor_Setup/Day5/Device22/IQ_1.dat,19,1489581,20,20,1,test,diff_days_indoor,5,0,0,0,0,0,0.678726077079773
data/raw/osu_lora/Diff_Days_Indoor_Setup/Day5/Device22/IQ_1.dat,20,1567980,20,20,1,test,diff_days_indoor,5,0,0,0,0,0,0.6855260729789734
data/raw/osu_lora/Diff_Days_Indoor_Setup/Day5/Device22/IQ_1.dat,21,1646379,20,8,0,test,diff_days_indoor,5,0,0,0,0,0,0.5205919146537781
data/raw/osu_lora/Diff_Days_Indoor_Setup/Day5/Device22/IQ_1.dat,22,1724778,20,8,0,test,diff_days_indoor,5,0,0,0,0,0,0.5040139555931091
data/raw/osu_lora/Diff_Days_Indoor_Setup/Day5/Device22/IQ_1.dat,23,1803177,20,20,1,test,diff_days_indoor,5,0,0,0,0,0,0.5798699855804443
data/raw/osu_lora/Diff_Days_Indoor_Setup/Day5/Device22/IQ_1.dat,24,1881576,20,20,1,test,diff_days_indoor,5,0,0,0,0,0,0.7631535530090332
data/raw/osu_lora/Diff_Days_Indoor_Setup/Day5/Device22/IQ_1.dat,25,1959975,20,20,1,test,diff_days_indoor,5,0,0,0,0,0,0.5925853252410889
data/raw/osu_lora/Diff_Days_Indoor_Setup/Day5/Device22/IQ_1.dat,26,2038374,20,20,1,test,diff_days_indoor,5,0,0,0,0,0,0.6307379603385925
data/raw/osu_lora/Diff_Days_Indoor_Setup/Day5/Device22/IQ_1.dat,27,2116773,20,20,1,test,diff_days_indoor,5,0,0,0,0,0,0.5150617957115173
data/raw/osu_lora/Diff_Days_Indoor_Setup/Day5/Device22/IQ_1.dat,28,2195172,20,20,1,test,diff_days_indoor,5,0,0,0,0,0,0.5858268141746521
data/raw/osu_lora/Diff_Days_Indoor_Setup/Day5/Device22/IQ_1.dat,29,2273571,20,20,1,test,diff_days_indoor,5,0,0,0,0,0,0.5281762480735779
data/raw/osu_lora/Diff_Days_Indoor_Setup/Day5/Device22/IQ_1.dat,30,2351970,20,6,0,test,diff_days_indoor,5,0,0,0,0,0,0.5661053657531738
data/raw/osu_lora/Diff_Days_Indoor_Setup/Day5/Device22/IQ_1.dat,31,2430369,20,6,0,test,diff_days_indoor,5,0,0,0,0,0,0.696835458278656
data/raw/osu_lora/Diff_Days_Indoor_Setup/Day5/Device22/IQ_1.dat,32,2508768,20,20,1,test,diff_days_indoor,5,0,0,0,0,0,0.5637795925140381
data/raw/osu_lora/Diff_Days_Indoor_Setup/Day5/Device22/IQ_1.dat,33,2587167,20,8,0,test,diff_days_indoor,5,0,0,0,0,0,0.5478966236114502
data/raw/osu_lora/Diff_Days_Indoor_Setup/Day5/Device22/IQ_1.dat,34,2665566,20,20,1,test,diff_days_indoor,5,0,0,0,0,0,0.7425957322120667
data/raw/osu_lora/Diff_Days_Indoor_Setup/Day5/Device22/IQ_1.dat,35,2743965,20,6,0,test,diff_days_indoor,5,0,0,0,0,0,0.5818365812301636
data/raw/osu_lora/Diff_Days_Indoor_Setup/Day5/Device22/IQ_1.dat,36,2822364,20,20,1,test,diff_days_indoor,5,0,0,0,0,0,0.5853011012077332
data/raw/osu_lora/Diff_Days_Indoor_Setup/Day5/Device22/IQ_1.dat,37,2900763,20,20,1,test,diff_days_indoor,5,0,0,0,0,0,0.7521322965621948
data/raw/osu_lora/Diff_Days_Indoor_Setup/Day5/Device22/IQ_1.dat,38,2979162,20,20,1,test,diff_days_indoor,5,0,0,0,0,0,0.6673718094825745
data/raw/osu_lora/Diff_Days_Indoor_Setup/Day5/Device22/IQ_1.dat,39,3057561,20,20,1,test,diff_days_indoor,5,0,0,0,0,0,0.7683531641960144
data/raw/osu_lora/Diff_Days_Indoor_Setup/Day5/Device22/IQ_1.dat,40,3135960,20,20,1,test,diff_days_indoor,5,0,0,0,0,0,0.6096758246421814
data/raw/osu_lora/Diff_Days_Indoor_Setup/Day5/Device22/IQ_1.dat,41,3214359,20,20,1,test,diff_days_indoor,5,0,0,0,0,0,0.7552065849304199
data/raw/osu_lora/Diff_Days_Indoor_Setup/Day5/Device22/IQ_1.dat,42,3292758,20,20,1,test,diff_days_indoor,5,0,0,0,0,0,0.6429718732833862
data/raw/osu_lora/Diff_Days_Indoor_Setup/Day5/Device22/IQ_1.dat,43,3371157,20,20,1,test,diff_days_indoor,5,0,0,0,0,0,0.6762984991073608
data/raw/osu_lora/Diff_Days_Indoor_Setup/Day5/Device22/IQ_1.dat,44,3449556,20,20,1,test,diff_days_indoor,5,0,0,0,0,0,0.5101712942123413
data/raw/osu_lora/Diff_Days_Indoor_Setup/Day5/Device22/IQ_1.dat,45,3527955,20,20,1,test,diff_days_indoor,5,0,0,0,0,0,0.5133205652236938
data/raw/osu_lora/Diff_Days_Indoor_Setup/Day5/Device22/IQ_1.dat,46,3606354,20,20,1,test,diff_days_indoor,5,0,0,0,0,0,0.6552678942680359
data/raw/osu_lora/Diff_Days_Indoor_Setup/Day5/Device22/IQ_1.dat,47,3684753,20,20,1,test,diff_days_indoor,5,0,0,0,0,0,0.49941346049308777
data/raw/osu_lora/Diff_Days_Indoor_Setup/Day5/Device22/IQ_1.dat,48,3763152,20,8,0,test,diff_days_indoor,5,0,0,0,0,0,0.6359474658966064
data/raw/osu_lora/Diff_Days_Indoor_Setup/Day5/Device22/IQ_1.dat,49,3841551,20,8,0,test,diff_days_indoor,5,0,0,0,0,0,0.6073241829872131
data/raw/osu_lora/Diff_Days_Indoor_Setup/Day5/Device22/IQ_1.dat,50,3919950,20,8,0,test,diff_days_indoor,5,0,0,0,0,0,0.6297503113746643
data/raw/osu_lora/Diff_Days_Indoor_Setup/Day5/Device22/IQ_1.dat,51,3998349,20,20,1,test,diff_days_indoor,5,0,0,0,0,0,0.6773621439933777
data/raw/osu_lora/Diff_Days_Indoor_Setup/Day5/Device22/IQ_1.dat,52,4076748,20,8,0,test,diff_days_indoor,5,0,0,0,0,0,0.6615744829177856
data/raw/osu_lora/Diff_Days_Indoor_Setup/Day5/Device22/IQ_1.dat,53,4155147,20,20,1,test,diff_days_indoor,5,0,0,0,0,0,0.5305197238922119
data/raw/osu_lora/Diff_Days_Indoor_Setup/Day5/Device22/IQ_1.dat,54,4233546,20,20,1,test,diff_days_indoor,5,0,0,0,0,0,0.5713216662406921
data/raw/osu_lora/Diff_Days_Indoor_Setup/Day5/Device22/IQ_1.dat,55,4311945,20,20,1,test,diff_days_indoor,5,0,0,0,0,0,0.6194894313812256
data/raw/osu_lora/Diff_Days_Indoor_Setup/Day5/Device22/IQ_1.dat,56,4390344,20,20,1,test,diff_days_indoor,5,0,0,0,0,0,0.5001126527786255
data/raw/osu_lora/Diff_Days_Indoor_Setup/Day5/Device22/IQ_1.dat,57,4468743,20,20,1,test,diff_days_indoor,5,0,0,0,0,0,0.6032055020332336
data/raw/osu_lora/Diff_Days_Indoor_Setup/Day5/Device22/IQ_1.dat,58,4547142,20,20,1,test,diff_days_indoor,5,0,0,0,0,0,0.56747967004776
data/raw/osu_lora/Diff_Days_Indoor_Setup/Day5/Device22/IQ_1.dat,59,4625541,20,20,1,test,diff_days_indoor,5,0,0,0,0,0,0.5824416875839233
data/raw/osu_lora/Diff_Days_Indoor_Setup/Day5/Device22/IQ_1.dat,60,4703940,20,20,1,test,diff_days_indoor,5,0,0,0,0,0,0.7369003891944885
data/raw/osu_lora/Diff_Days_Indoor_Setup/Day5/Device22/IQ_1.dat,61,4782339,20,20,1,test,diff_days_indoor,5,0,0,0,0,0,0.44949159026145935
data/raw/osu_lora/Diff_Days_Indoor_Setup/Day5/Device22/IQ_1.dat,62,4860738,20,6,0,test,diff_days_indoor,5,0,0,0,0,0,0.5768833756446838
data/raw/osu_lora/Diff_Days_Indoor_Setup/Day5/Device22/IQ_1.dat,63,4939137,20,20,1,test,diff_days_indoor,5,0,0,0,0,0,0.6600939631462097
data/raw/osu_lora/Diff_Days_Indoor_Setup/Day5/Device22/IQ_1.dat,64,5017536,20,20,1,test,diff_days_indoor,5,0,0,0,0,0,0.8024422526359558
data/raw/osu_lora/Diff_Days_Indoor_Setup/Day5/Device22/IQ_1.dat,65,5095935,20,20,1,test,diff_days_indoor,5,0,0,0,0,0,0.7948187589645386
data/raw/osu_lora/Diff_Days_Indoor_Setup/Day5/Device22/IQ_1.dat,66,5174334,20,20,1,test,diff_days_indoor,5,0,0,0,0,0,0.6180881261825562
data/raw/osu_lora/Diff_Days_Indoor_Setup/Day5/Device22/IQ_1.dat,67,5252733,20,20,1,test,diff_days_indoor,5,0,0,0,0,0,0.6365336775779724
data/raw/osu_lora/Diff_Days_Indoor_Setup/Day5/Device22/IQ_1.dat,68,5331132,20,8,0,test,diff_days_indoor,5,0,0,0,0,0,0.5642961263656616
data/raw/osu_lora/Diff_Days_Indoor_Setup/Day5/Device22/IQ_1.dat,69,5409531,20,8,0,test,diff_days_indoor,5,0,0,0,0,0,0.5801814198493958
data/raw/osu_lora/Diff_Days_Indoor_Setup/Day5/Device22/IQ_1.dat,70,5487930,20,20,1,test,diff_days_indoor,5,0,0,0,0,0,0.5532594919204712
data/raw/osu_lora/Diff_Days_Indoor_Setup/Day5/Device22/IQ_1.dat,71,5566329,20,20,1,test,diff_days_indoor,5,0,0,0,0,0,0.6143456697463989
data/raw/osu_lora/Diff_Days_Indoor_Setup/Day5/Device22/IQ_1.dat,72,5644728,20,20,1,test,diff_days_indoor,5,0,0,0,0,0,0.6236161589622498
data/raw/osu_lora/Diff_Days_Indoor_Setup/Day5/Device22/IQ_1.dat,73,5723127,20,8,0,test,diff_days_indoor,5,0,0,0,0,0,0.719363808631897
data/raw/osu_lora/Diff_Days_Indoor_Setup/Day5/Device22/IQ_1.dat,74,5801526,20,6,0,test,diff_days_indoor,5,0,0,0,0,0,0.6477901339530945
data/raw/osu_lora/Diff_Days_Indoor_Setup/Day5/Device22/IQ_1.dat,75,5879925,20,8,0,test,diff_days_indoor,5,0,0,0,0,0,0.6749374866485596
data/raw/osu_lora/Diff_Days_Indoor_Setup/Day5/Device22/IQ_1.dat,76,5958324,20,20,1,test,diff_days_indoor,5,0,0,0,0,0,0.5677367448806763
data/raw/osu_lora/Diff_Days_Indoor_Setup/Day5/Device22/IQ_1.dat,77,6036723,20,20,1,test,diff_days_indoor,5,0,0,0,0,0,0.6174575686454773
data/raw/osu_lora/Diff_Days_Indoor_Setup/Day5/Device22/IQ_1.dat,78,6115122,20,20,1,test,diff_days_indoor,5,0,0,0,0,0,0.6154451966285706
data/raw/osu_lora/Diff_Days_Indoor_Setup/Day5/Device22/IQ_1.dat,79,6193521,20,20,1,test,diff_days_indoor,5,0,0,0,0,0,0.6141659617424011
data/raw/osu_lora/Diff_Days_Indoor_Setup/Day5/Device22/IQ_1.dat,80,6271920,20,20,1,test,diff_days_indoor,5,0,0,0,0,0,0.6444140672683716
data/raw/osu_lora/Diff_Days_Indoor_Setup/Day5/Device22/IQ_1.dat,81,6350319,20,20,1,test,diff_days_indoor,5,0,0,0,0,0,0.6037028431892395
data/raw/osu_lora/Diff_Days_Indoor_Setup/Day5/Device22/IQ_1.dat,82,6428718,20,20,1,test,diff_days_indoor,5,0,0,0,0,0,0.7665401697158813
data/raw/osu_lora/Diff_Days_Indoor_Setup/Day5/Device22/IQ_1.dat,83,6507117,20,6,0,test,diff_days_indoor,5,0,0,0,0,0,0.711807906627655
data/raw/osu_lora/Diff_Days_Indoor_Setup/Day5/Device22/IQ_1.dat,84,6585516,20,20,1,test,diff_days_indoor,5,0,0,0,0,0,0.6595502495765686
data/raw/osu_lora/Diff_Days_Indoor_Setup/Day5/Device22/IQ_1.dat,85,6663915,20,20,1,test,diff_days_indoor,5,0,0,0,0,0,0.619499683380127
data/raw/osu_lora/Diff_Days_Indoor_Setup/Day5/Device22/IQ_1.dat,86,6742314,20,20,1,test,diff_days_indoor,5,0,0,0,0,0,0.6486292481422424
data/raw/osu_lora/Diff_Days_Indoor_Setup/Day5/Device22/IQ_1.dat,87,6820713,20,20,1,test,diff_days_indoor,5,0,0,0,0,0,0.7124606370925903
data/raw/osu_lora/Diff_Days_Indoor_Setup/Day5/Device22/IQ_1.dat,88,6899112,20,20,1,test,diff_days_indoor,5,0,0,0,0,0,0.5471429228782654
data/raw/osu_lora/Diff_Days_Indoor_Setup/Day5/Device22/IQ_1.dat,89,6977511,20,8,0,test,diff_days_indoor,5,0,0,0,0,0,0.5416388511657715
data/raw/osu_lora/Diff_Days_Indoor_Setup/Day5/Device22/IQ_1.dat,90,7055910,20,20,1,test,diff_days_indoor,5,0,0,0,0,0,0.5171833634376526
data/raw/osu_lora/Diff_Days_Indoor_Setup/Day5/Device22/IQ_1.dat,91,7134309,20,20,1,test,diff_days_indoor,5,0,0,0,0,0,0.5299795866012573
data/raw/osu_lora/Diff_Days_Indoor_Setup/Day5/Device22/IQ_1.dat,92,7212708,20,20,1,test,diff_days_indoor,5,0,0,0,0,0,0.723495602607727
data/raw/osu_lora/Diff_Days_Indoor_Setup/Day5/Device22/IQ_1.dat,93,7291107,20,6,0,test,diff_days_indoor,5,0,0,0,0,0,0.4804115295410156
data/raw/osu_lora/Diff_Days_Indoor_Setup/Day5/Device22/IQ_1.dat,94,7369506,20,20,1,test,diff_days_indoor,5,0,0,0,0,0,0.6068118214607239
data/raw/osu_lora/Diff_Days_Indoor_Setup/Day5/Device22/IQ_1.dat,95,7447905,20,20,1,test,diff_days_indoor,5,0,0,0,0,0,0.5337217450141907
data/raw/osu_lora/Diff_Days_Indoor_Setup/Day5/Device22/IQ_1.dat,96,7526304,20,20,1,test,diff_days_indoor,5,0,0,0,0,0,0.5283858180046082
data/raw/osu_lora/Diff_Days_Indoor_Setup/Day5/Device22/IQ_1.dat,97,7604703,20,20,1,test,diff_days_indoor,5,0,0,0,0,0,0.6649056673049927
data/raw/osu_lora/Diff_Days_Indoor_Setup/Day5/Device22/IQ_1.dat,98,7683102,20,20,1,test,diff_days_indoor,5,0,0,0,0,0,0.6335330009460449
data/raw/osu_lora/Diff_Days_Indoor_Setup/Day5/Device22/IQ_1.dat,99,7761501,20,8,0,test,diff_days_indoor,5,0,0,0,0,0,0.6343219876289368
data/raw/osu_lora/Diff_Days_Indoor_Setup/Day5/Device22/IQ_1.dat,100,7839900,20,8,0,test,diff_days_indoor,5,0,0,0,0,0,0.5709380507469177
data/raw/osu_lora/Diff_Days_Indoor_Setup/Day5/Device22/IQ_1.dat,101,7918299,20,20,1,test,diff_days_indoor,5,0,0,0,0,0,0.5823480486869812
data/raw/osu_lora/Diff_Days_Indoor_Setup/Day5/Device22/IQ_1.dat,102,7996698,20,20,1,test,diff_days_indoor,5,0,0,0,0,0,0.5955895781517029
data/raw/osu_lora/Diff_Days_Indoor_Setup/Day5/Device22/IQ_1.dat,103,8075097,20,20,1,test,diff_days_indoor,5,0,0,0,0,0,0.6385911703109741
data/raw/osu_lora/Diff_Days_Indoor_Setup/Day5/Device22/IQ_1.dat,104,8153496,20,20,1,test,diff_days_indoor,5,0,0,0,0,0,0.668266236782074
data/raw/osu_lora/Diff_Days_Indoor_Setup/Day5/Device22/IQ_1.dat,105,8231895,20,20,1,test,diff_days_indoor,5,0,0,0,0,0,0.5872038006782532
data/raw/osu_lora/Diff_Days_Indoor_Setup/Day5/Device22/IQ_1.dat,106,8310294,20,20,1,test,diff_days_indoor,5,0,0,0,0,0,0.6243505477905273
data/raw/osu_lora/Diff_Days_Indoor_Setup/Day5/Device22/IQ_1.dat,107,8388693,20,6,0,test,diff_days_indoor,5,0,0,0,0,0,0.7881544828414917
data/raw/osu_lora/Diff_Days_Indoor_Setup/Day5/Device22/IQ_1.dat,108,8467092,20,20,1,test,diff_days_indoor,5,0,0,0,0,0,0.502126157283783
data/raw/osu_lora/Diff_Days_Indoor_Setup/Day5/Device22/IQ_1.dat,109,8545491,20,20,1,test,diff_days_indoor,5,0,0,0,0,0,0.5093315839767456
data/raw/osu_lora/Diff_Days_Indoor_Setup/Day5/Device22/IQ_1.dat,110,8623890,20,8,0,test,diff_days_indoor,5,0,0,0,0,0,0.5775075554847717
data/raw/osu_lora/Diff_Days_Indoor_Setup/Day5/Device22/IQ_1.dat,111,8702289,20,20,1,test,diff_days_indoor,5,0,0,0,0,0,0.6068094372749329
data/raw/osu_lora/Diff_Days_Indoor_Setup/Day5/Device22/IQ_1.dat,112,8780688,20,20,1,test,diff_days_indoor,5,0,0,0,0,0,0.6418080925941467
data/raw/osu_lora/Diff_Days_Indoor_Setup/Day5/Device22/IQ_1.dat,113,8859087,20,20,1,test,diff_days_indoor,5,0,0,0,0,0,0.5795273780822754
data/raw/osu_lora/Diff_Days_Indoor_Setup/Day5/Device22/IQ_1.dat,114,8937486,20,20,1,test,diff_days_indoor,5,0,0,0,0,0,0.6690054535865784
data/raw/osu_lora/Diff_Days_Indoor_Setup/Day5/Device22/IQ_1.dat,115,9015885,20,20,1,test,diff_days_indoor,5,0,0,0,0,0,0.6048914194107056
data/raw/osu_lora/Diff_Days_Indoor_Setup/Day5/Device22/IQ_1.dat,116,9094284,20,20,1,test,diff_days_indoor,5,0,0,0,0,0,0.7371678352355957
data/raw/osu_lora/Diff_Days_Indoor_Setup/Day5/Device22/IQ_1.dat,117,9172683,20,6,0,test,diff_days_indoor,5,0,0,0,0,0,0.6692377328872681
data/raw/osu_lora/Diff_Days_Indoor_Setup/Day5/Device22/IQ_1.dat,118,9251082,20,8,0,test,diff_days_indoor,5,0,0,0,0,0,0.542528510093689
data/raw/osu_lora/Diff_Days_Indoor_Setup/Day5/Device22/IQ_1.dat,119,9329481,20,20,1,test,diff_days_indoor,5,0,0,0,0,0,0.7399555444717407
data/raw/osu_lora/Diff_Days_Indoor_Setup/Day5/Device22/IQ_1.dat,120,9407880,20,20,1,test,diff_days_indoor,5,0,0,0,0,0,0.6351975202560425
data/raw/osu_lora/Diff_Days_Indoor_Setup/Day5/Device22/IQ_1.dat,121,9486279,20,8,0,test,diff_days_indoor,5,0,0,0,0,0,0.6053632497787476
data/raw/osu_lora/Diff_Days_Indoor_Setup/Day5/Device22/IQ_1.dat,122,9564678,20,8,0,test,diff_days_indoor,5,0,0,0,0,0,0.5380312204360962
data/raw/osu_lora/Diff_Days_Indoor_Setup/Day5/Device22/IQ_1.dat,123,9643077,20,20,1,test,diff_days_indoor,5,0,0,0,0,0,0.5594454407691956
data/raw/osu_lora/Diff_Days_Indoor_Setup/Day5/Device22/IQ_1.dat,124,9721476,20,20,1,test,diff_days_indoor,5,0,0,0,0,0,0.5887507796287537
data/raw/osu_lora/Diff_Days_Indoor_Setup/Day5/Device22/IQ_1.dat,125,9799875,20,20,1,test,diff_days_indoor,5,0,0,0,0,0,0.6611276865005493
data/raw/osu_lora/Diff_Days_Indoor_Setup/Day5/Device22/IQ_1.dat,126,9878274,20,20,1,test,diff_days_indoor,5,0,0,0,0,0,0.6370248794555664
data/raw/osu_lora/Diff_Days_Indoor_Setup/Day5/Device22/IQ_1.dat,127,9956673,20,20,1,test,diff_days_indoor,5,0,0,0,0,0,0.516894519329071
data/raw/osu_lora/Diff_Days_Indoor_Setup/Day5/Device22/IQ_1.dat,128,10035072,20,8,0,test,diff_days_indoor,5,0,0,0,0,0,0.549685537815094
data/raw/osu_lora/Diff_Days_Indoor_Setup/Day5/Device22/IQ_1.dat,129,10113471,20,8,0,test,diff_days_indoor,5,0,0,0,0,0,0.7509929537773132
data/raw/osu_lora/Diff_Days_Indoor_Setup/Day5/Device22/IQ_1.dat,130,10191870,20,20,1,test,diff_days_indoor,5,0,0,0,0,0,0.4789672791957855
data/raw/osu_lora/Diff_Days_Indoor_Setup/Day5/Device22/IQ_1.dat,131,10270269,20,20,1,test,diff_days_indoor,5,0,0,0,0,0,0.757562518119812
data/raw/osu_lora/Diff_Days_Indoor_Setup/Day5/Device22/IQ_1.dat,132,10348668,20,6,0,test,diff_days_indoor,5,0,0,0,0,0,0.12080630660057068
data/raw/osu_lora/Diff_Days_Indoor_Setup/Day5/Device22/IQ_1.dat,133,10427067,20,8,0,test,diff_days_indoor,5,0,0,0,0,0,0.6734654903411865
data/raw/osu_lora/Diff_Days_Indoor_Setup/Day5/Device22/IQ_1.dat,134,10505466,20,8,0,test,diff_days_indoor,5,0,0,0,0,0,0.6273244023323059
data/raw/osu_lora/Diff_Days_Indoor_Setup/Day5/Device22/IQ_1.dat,135,10583865,20,20,1,test,diff_days_indoor,5,0,0,0,0,0,0.7447246313095093
data/raw/osu_lora/Diff_Days_Indoor_Setup/Day5/Device22/IQ_1.dat,136,10662264,20,8,0,test,diff_days_indoor,5,0,0,0,0,0,0.5419426560401917
data/raw/osu_lora/Diff_Days_Indoor_Setup/Day5/Device22/IQ_1.dat,137,10740663,20,20,1,test,diff_days_indoor,5,0,0,0,0,0,0.7169588804244995
data/raw/osu_lora/Diff_Days_Indoor_Setup/Day5/Device22/IQ_1.dat,138,10819062,20,20,1,test,diff_days_indoor,5,0,0,0,0,0,0.6146577596664429
data/raw/osu_lora/Diff_Days_Indoor_Setup/Day5/Device22/IQ_1.dat,139,10897461,20,8,0,test,diff_days_indoor,5,0,0,0,0,0,0.6544616222381592
data/raw/osu_lora/Diff_Days_Indoor_Setup/Day5/Device22/IQ_1.dat,140,10975860,20,20,1,test,diff_days_indoor,5,0,0,0,0,0,0.6062564253807068
data/raw/osu_lora/Diff_Days_Indoor_Setup/Day5/Device22/IQ_1.dat,141,11054259,20,8,0,test,diff_days_indoor,5,0,0,0,0,0,0.5256789922714233
data/raw/osu_lora/Diff_Days_Indoor_Setup/Day5/Device22/IQ_1.dat,142,11132658,20,8,0,test,diff_days_indoor,5,0,0,0,0,0,0.593435525894165
data/raw/osu_lora/Diff_Days_Indoor_Setup/Day5/Device22/IQ_1.dat,143,11211057,20,20,1,test,diff_days_indoor,5,0,0,0,0,0,0.5851271152496338
data/raw/osu_lora/Diff_Days_Indoor_Setup/Day5/Device22/IQ_1.dat,144,11289456,20,6,0,test,diff_days_indoor,5,0,0,0,0,0,0.5981689095497131
data/raw/osu_lora/Diff_Days_Indoor_Setup/Day5/Device22/IQ_1.dat,145,11367855,20,8,0,test,diff_days_indoor,5,0,0,0,0,0,0.5843402743339539
data/raw/osu_lora/Diff_Days_Indoor_Setup/Day5/Device22/IQ_1.dat,146,11446254,20,20,1,test,diff_days_indoor,5,0,0,0,0,0,0.7110820412635803
data/raw/osu_lora/Diff_Days_Indoor_Setup/Day5/Device22/IQ_1.dat,147,11524653,20,20,1,test,diff_days_indoor,5,0,0,0,0,0,0.6216319799423218
data/raw/osu_lora/Diff_Days_Indoor_Setup/Day5/Device22/IQ_1.dat,148,11603052,20,6,0,test,diff_days_indoor,5,0,0,0,0,0,0.862898588180542
data/raw/osu_lora/Diff_Days_Indoor_Setup/Day5/Device22/IQ_1.dat,149,11681451,20,20,1,test,diff_days_indoor,5,0,0,0,0,0,0.5806257724761963
data/raw/osu_lora/Diff_Days_Indoor_Setup/Day5/Device22/IQ_1.dat,150,11759850,20,20,1,test,diff_days_indoor,5,0,0,0,0,0,0.5037959218025208
data/raw/osu_lora/Diff_Days_Indoor_Setup/Day5/Device22/IQ_1.dat,151,11838249,20,20,1,test,diff_days_indoor,5,0,0,0,0,0,0.7012429237365723
data/raw/osu_lora/Diff_Days_Indoor_Setup/Day5/Device22/IQ_1.dat,152,11916648,20,20,1,test,diff_days_indoor,5,0,0,0,0,0,0.7054789066314697
data/raw/osu_lora/Diff_Days_Indoor_Setup/Day5/Device22/IQ_1.dat,153,11995047,20,8,0,test,diff_days_indoor,5,0,0,0,0,0,0.5147276520729065
data/raw/osu_lora/Diff_Days_Indoor_Setup/Day5/Device22/IQ_1.dat,154,12073446,20,8,0,test,diff_days_indoor,5,0,0,0,0,0,0.5032631158828735
data/raw/osu_lora/Diff_Days_Indoor_Setup/Day5/Device22/IQ_1.dat,155,12151845,20,20,1,test,diff_days_indoor,5,0,0,0,0,0,0.6544924974441528
data/raw/osu_lora/Diff_Days_Indoor_Setup/Day5/Device22/IQ_1.dat,156,12230244,20,20,1,test,diff_days_indoor,5,0,0,0,0,0,0.7390658855438232
data/raw/osu_lora/Diff_Days_Indoor_Setup/Day5/Device22/IQ_1.dat,157,12308643,20,20,1,test,diff_days_indoor,5,0,0,0,0,0,0.6206814050674438
data/raw/osu_lora/Diff_Days_Indoor_Setup/Day5/Device22/IQ_1.dat,158,12387042,20,8,0,test,diff_days_indoor,5,0,0,0,0,0,0.5139960050582886
data/raw/osu_lora/Diff_Days_Indoor_Setup/Day5/Device22/IQ_1.dat,159,12465441,20,20,1,test,diff_days_indoor,5,0,0,0,0,0,0.6682555079460144
data/raw/osu_lora/Diff_Days_Indoor_Setup/Day5/Device22/IQ_1.dat,160,12543840,20,8,0,test,diff_days_indoor,5,0,0,0,0,0,0.5881773829460144
data/raw/osu_lora/Diff_Days_Indoor_Setup/Day5/Device22/IQ_1.dat,161,12622239,20,20,1,test,diff_days_indoor,5,0,0,0,0,0,0.7448320984840393
data/raw/osu_lora/Diff_Days_Indoor_Setup/Day5/Device22/IQ_1.dat,162,12700638,20,8,0,test,diff_days_indoor,5,0,0,0,0,0,0.6395225524902344
data/raw/osu_lora/Diff_Days_Indoor_Setup/Day5/Device22/IQ_1.dat,163,12779037,20,20,1,test,diff_days_indoor,5,0,0,0,0,0,0.6152486801147461
data/raw/osu_lora/Diff_Days_Indoor_Setup/Day5/Device22/IQ_1.dat,164,12857436,20,20,1,test,diff_days_indoor,5,0,0,0,0,0,0.7521756887435913
data/raw/osu_lora/Diff_Days_Indoor_Setup/Day5/Device22/IQ_1.dat,165,12935835,20,20,1,test,diff_days_indoor,5,0,0,0,0,0,0.5914861559867859
data/raw/osu_lora/Diff_Days_Indoor_Setup/Day5/Device22/IQ_1.dat,166,13014234,20,20,1,test,diff_days_indoor,5,0,0,0,0,0,0.6448062062263489
data/raw/osu_lora/Diff_Days_Indoor_Setup/Day5/Device22/IQ_1.dat,167,13092633,20,20,1,test,diff_days_indoor,5,0,0,0,0,0,0.5879523754119873
data/raw/osu_lora/Diff_Days_Indoor_Setup/Day5/Device22/IQ_1.dat,168,13171032,20,8,0,test,diff_days_indoor,5,0,0,0,0,0,0.5196322202682495
data/raw/osu_lora/Diff_Days_Indoor_Setup/Day5/Device22/IQ_1.dat,169,13249431,20,8,0,test,diff_days_indoor,5,0,0,0,0,0,0.7346513867378235
data/raw/osu_lora/Diff_Days_Indoor_Setup/Day5/Device22/IQ_1.dat,170,13327830,20,8,0,test,diff_days_indoor,5,0,0,0,0,0,0.5954821109771729
data/raw/osu_lora/Diff_Days_Indoor_Setup/Day5/Device22/IQ_1.dat,171,13406229,20,20,1,test,diff_days_indoor,5,0,0,0,0,0,0.7030104398727417
data/raw/osu_lora/Diff_Days_Indoor_Setup/Day5/Device22/IQ_1.dat,172,13484628,20,20,1,test,diff_days_indoor,5,0,0,0,0,0,0.5068249702453613
data/raw/osu_lora/Diff_Days_Indoor_Setup/Day5/Device22/IQ_1.dat,173,13563027,20,6,0,test,diff_days_indoor,5,0,0,0,0,0,0.5257619619369507
data/raw/osu_lora/Diff_Days_Indoor_Setup/Day5/Device22/IQ_1.dat,174,13641426,20,8,0,test,diff_days_indoor,5,0,0,0,0,0,0.6033341884613037
data/raw/osu_lora/Diff_Days_Indoor_Setup/Day5/Device22/IQ_1.dat,175,13719825,20,20,1,test,diff_days_indoor,5,0,0,0,0,0,0.6134331226348877
data/raw/osu_lora/Diff_Days_Indoor_Setup/Day5/Device22/IQ_1.dat,176,13798224,20,20,1,test,diff_days_indoor,5,0,0,0,0,0,0.5519672632217407
data/raw/osu_lora/Diff_Days_Indoor_Setup/Day5/Device22/IQ_1.dat,177,13876623,20,20,1,test,diff_days_indoor,5,0,0,0,0,0,0.5443743467330933
data/raw/osu_lora/Diff_Days_Indoor_Setup/Day5/Device22/IQ_1.dat,178,13955022,20,20,1,test,diff_days_indoor,5,0,0,0,0,0,0.7250791788101196
data/raw/osu_lora/Diff_Days_Indoor_Setup/Day5/Device22/IQ_1.dat,179,14033421,20,20,1,test,diff_days_indoor,5,0,0,0,0,0,0.6164118647575378
data/raw/osu_lora/Diff_Days_Indoor_Setup/Day5/Device22/IQ_1.dat,180,14111820,20,8,0,test,diff_days_indoor,5,0,0,0,0,0,0.6931459307670593
data/raw/osu_lora/Diff_Days_Indoor_Setup/Day5/Device22/IQ_1.dat,181,14190219,20,5,0,test,diff_days_indoor,5,0,0,0,0,0,0.40580692887306213
data/raw/osu_lora/Diff_Days_Indoor_Setup/Day5/Device22/IQ_1.dat,182,14268618,20,20,1,test,diff_days_indoor,5,0,0,0,0,0,0.5234506726264954
data/raw/osu_lora/Diff_Days_Indoor_Setup/Day5/Device22/IQ_1.dat,183,14347017,20,20,1,test,diff_days_indoor,5,0,0,0,0,0,0.7577163577079773
data/raw/osu_lora/Diff_Days_Indoor_Setup/Day5/Device22/IQ_1.dat,184,14425416,20,20,1,test,diff_days_indoor,5,0,0,0,0,0,0.7447931170463562
data/raw/osu_lora/Diff_Days_Indoor_Setup/Day5/Device22/IQ_1.dat,185,14503815,20,20,1,test,diff_days_indoor,5,0,0,0,0,0,0.6611084342002869
data/raw/osu_lora/Diff_Days_Indoor_Setup/Day5/Device22/IQ_1.dat,186,14582214,20,20,1,test,diff_days_indoor,5,0,0,0,0,0,0.6794530153274536
data/raw/osu_lora/Diff_Days_Indoor_Setup/Day5/Device22/IQ_1.dat,187,14660613,20,8,0,test,diff_days_indoor,5,0,0,0,0,0,0.6888840198516846
data/raw/osu_lora/Diff_Days_Indoor_Setup/Day5/Device22/IQ_1.dat,188,14739012,20,20,1,test,diff_days_indoor,5,0,0,0,0,0,0.42693862318992615
data/raw/osu_lora/Diff_Days_Indoor_Setup/Day5/Device22/IQ_1.dat,189,14817411,20,8,0,test,diff_days_indoor,5,0,0,0,0,0,0.5029492974281311
data/raw/osu_lora/Diff_Days_Indoor_Setup/Day5/Device22/IQ_1.dat,190,14895810,20,6,0,test,diff_days_indoor,5,0,0,0,0,0,0.7137667536735535
data/raw/osu_lora/Diff_Days_Indoor_Setup/Day5/Device22/IQ_1.dat,191,14974209,20,20,1,test,diff_days_indoor,5,0,0,0,0,0,0.552122175693512
data/raw/osu_lora/Diff_Days_Indoor_Setup/Day5/Device22/IQ_1.dat,192,15052608,20,8,0,test,diff_days_indoor,5,0,0,0,0,0,0.5193882584571838
data/raw/osu_lora/Diff_Days_Indoor_Setup/Day5/Device22/IQ_1.dat,193,15131007,20,8,0,test,diff_days_indoor,5,0,0,0,0,0,0.7340547442436218
data/raw/osu_lora/Diff_Days_Indoor_Setup/Day5/Device22/IQ_1.dat,194,15209406,20,20,1,test,diff_days_indoor,5,0,0,0,0,0,0.6238155364990234
data/raw/osu_lora/Diff_Days_Indoor_Setup/Day5/Device22/IQ_1.dat,195,15287805,20,20,1,test,diff_days_indoor,5,0,0,0,0,0,0.5167790651321411
data/raw/osu_lora/Diff_Days_Indoor_Setup/Day5/Device22/IQ_1.dat,196,15366204,20,20,1,test,diff_days_indoor,5,0,0,0,0,0,0.53803551197052
data/raw/osu_lora/Diff_Days_Indoor_Setup/Day5/Device22/IQ_1.dat,197,15444603,20,8,0,test,diff_days_indoor,5,0,0,0,0,0,0.535938024520874
data/raw/osu_lora/Diff_Days_Indoor_Setup/Day5/Device22/IQ_1.dat,198,15523002,20,20,1,test,diff_days_indoor,5,0,0,0,0,0,0.5930770635604858
data/raw/osu_lora/Diff_Days_Indoor_Setup/Day5/Device22/IQ_1.dat,199,15601401,20,20,1,test,diff_days_indoor,5,0,0,0,0,0,0.6931725144386292
data/raw/osu_lora/Diff_Days_Indoor_Setup/Day5/Device22/IQ_1.dat,200,15679800,20,20,1,test,diff_days_indoor,5,0,0,0,0,0,0.5187013745307922
data/raw/osu_lora/Diff_Days_Indoor_Setup/Day5/Device22/IQ_1.dat,201,15758199,20,20,1,test,diff_days_indoor,5,0,0,0,0,0,0.6855069994926453
data/raw/osu_lora/Diff_Days_Indoor_Setup/Day5/Device22/IQ_1.dat,202,15836598,20,6,0,test,diff_days_indoor,5,0,0,0,0,0,0.46566498279571533
data/raw/osu_lora/Diff_Days_Indoor_Setup/Day5/Device22/IQ_1.dat,203,15914997,20,20,1,test,diff_days_indoor,5,0,0,0,0,0,0.7390658259391785
data/raw/osu_lora/Diff_Days_Indoor_Setup/Day5/Device22/IQ_1.dat,204,15993396,20,20,1,test,diff_days_indoor,5,0,0,0,0,0,0.691329836845398
data/raw/osu_lora/Diff_Days_Indoor_Setup/Day5/Device22/IQ_1.dat,205,16071795,20,20,1,test,diff_days_indoor,5,0,0,0,0,0,0.5496802926063538
data/raw/osu_lora/Diff_Days_Indoor_Setup/Day5/Device22/IQ_1.dat,206,16150194,20,20,1,test,diff_days_indoor,5,0,0,0,0,0,0.5702623128890991
data/raw/osu_lora/Diff_Days_Indoor_Setup/Day5/Device22/IQ_1.dat,207,16228593,20,8,0,test,diff_days_indoor,5,0,0,0,0,0,0.5836988091468811
data/raw/osu_lora/Diff_Days_Indoor_Setup/Day5/Device22/IQ_1.dat,208,16306992,20,20,1,test,diff_days_indoor,5,0,0,0,0,0,0.749326765537262
data/raw/osu_lora/Diff_Days_Indoor_Setup/Day5/Device22/IQ_1.dat,209,16385391,20,8,0,test,diff_days_indoor,5,0,0,0,0,0,0.5669603943824768
data/raw/osu_lora/Diff_Days_Indoor_Setup/Day5/Device22/IQ_1.dat,210,16463790,20,20,1,test,diff_days_indoor,5,0,0,0,0,0,0.6246609687805176
data/raw/osu_lora/Diff_Days_Indoor_Setup/Day5/Device22/IQ_1.dat,211,16542189,20,20,1,test,diff_days_indoor,5,0,0,0,0,0,0.6874364614486694
data/raw/osu_lora/Diff_Days_Indoor_Setup/Day5/Device22/IQ_1.dat,212,16620588,20,20,1,test,diff_days_indoor,5,0,0,0,0,0,0.7214661240577698
data/raw/osu_lora/Diff_Days_Indoor_Setup/Day5/Device22/IQ_1.dat,213,16698987,20,20,1,test,diff_days_indoor,5,0,0,0,0,0,0.6692288517951965
data/raw/osu_lora/Diff_Days_Indoor_Setup/Day5/Device22/IQ_1.dat,214,16777386,20,8,0,test,diff_days_indoor,5,0,0,0,0,0,0.5830718278884888
data/raw/osu_lora/Diff_Days_Indoor_Setup/Day5/Device22/IQ_1.dat,215,16855785,20,20,1,test,diff_days_indoor,5,0,0,0,0,0,0.6730327606201172
data/raw/osu_lora/Diff_Days_Indoor_Setup/Day5/Device22/IQ_1.dat,216,16934184,20,20,1,test,diff_days_indoor,5,0,0,0,0,0,0.544423520565033
data/raw/osu_lora/Diff_Days_Indoor_Setup/Day5/Device22/IQ_1.dat,217,17012583,20,20,1,test,diff_days_indoor,5,0,0,0,0,0,0.6726166605949402
data/raw/osu_lora/Diff_Days_Indoor_Setup/Day5/Device22/IQ_1.dat,218,17090982,20,20,1,test,diff_days_indoor,5,0,0,0,0,0,0.7055413722991943
data/raw/osu_lora/Diff_Days_Indoor_Setup/Day5/Device22/IQ_1.dat,219,17169381,20,8,0,test,diff_days_indoor,5,0,0,0,0,0,0.699122965335846
data/raw/osu_lora/Diff_Days_Indoor_Setup/Day5/Device22/IQ_1.dat,220,17247780,20,20,1,test,diff_days_indoor,5,0,0,0,0,0,0.4967271089553833
data/raw/osu_lora/Diff_Days_Indoor_Setup/Day5/Device22/IQ_1.dat,221,17326179,20,20,1,test,diff_days_indoor,5,0,0,0,0,0,0.6785986423492432
data/raw/osu_lora/Diff_Days_Indoor_Setup/Day5/Device22/IQ_1.dat,222,17404578,20,20,1,test,diff_days_indoor,5,0,0,0,0,0,0.628446102142334
data/raw/osu_lora/Diff_Days_Indoor_Setup/Day5/Device22/IQ_1.dat,223,17482977,20,20,1,test,diff_days_indoor,5,0,0,0,0,0,0.6430534720420837
data/raw/osu_lora/Diff_Days_Indoor_Setup/Day5/Device22/IQ_1.dat,224,17561376,20,20,1,test,diff_days_indoor,5,0,0,0,0,0,0.7125615477561951
data/raw/osu_lora/Diff_Days_Indoor_Setup/Day5/Device22/IQ_1.dat,225,17639775,20,20,1,test,diff_days_indoor,5,0,0,0,0,0,0.5952361226081848
data/raw/osu_lora/Diff_Days_Indoor_Setup/Day5/Device22/IQ_1.dat,226,17718174,20,20,1,test,diff_days_indoor,5,0,0,0,0,0,0.645298957824707
data/raw/osu_lora/Diff_Days_Indoor_Setup/Day5/Device22/IQ_1.dat,227,17796573,20,20,1,test,diff_days_indoor,5,0,0,0,0,0,0.5539332628250122
data/raw/osu_lora/Diff_Days_Indoor_Setup/Day5/Device22/IQ_1.dat,228,17874972,20,20,1,test,diff_days_indoor,5,0,0,0,0,0,0.5649726390838623
data/raw/osu_lora/Diff_Days_Indoor_Setup/Day5/Device22/IQ_1.dat,229,17953371,20,20,1,test,diff_days_indoor,5,0,0,0,0,0,0.5659419298171997
data/raw/osu_lora/Diff_Days_Indoor_Setup/Day5/Device22/IQ_1.dat,230,18031770,20,8,0,test,diff_days_indoor,5,0,0,0,0,0,0.5218672156333923
data/raw/osu_lora/Diff_Days_Indoor_Setup/Day5/Device22/IQ_1.dat,231,18110169,20,20,1,test,diff_days_indoor,5,0,0,0,0,0,0.5671424269676208
data/raw/osu_lora/Diff_Days_Indoor_Setup/Day5/Device22/IQ_1.dat,232,18188568,20,20,1,test,diff_days_indoor,5,0,0,0,0,0,0.7081040740013123
data/raw/osu_lora/Diff_Days_Indoor_Setup/Day5/Device22/IQ_1.dat,233,18266967,20,20,1,test,diff_days_indoor,5,0,0,0,0,0,0.7303521633148193
data/raw/osu_lora/Diff_Days_Indoor_Setup/Day5/Device22/IQ_1.dat,234,18345366,20,20,1,test,diff_days_indoor,5,0,0,0,0,0,0.516407310962677
data/raw/osu_lora/Diff_Days_Indoor_Setup/Day5/Device22/IQ_1.dat,235,18423765,20,8,0,test,diff_days_indoor,5,0,0,0,0,0,0.5171347856521606
data/raw/osu_lora/Diff_Days_Indoor_Setup/Day5/Device22/IQ_1.dat,236,18502164,20,20,1,test,diff_days_indoor,5,0,0,0,0,0,0.7246063947677612
data/raw/osu_lora/Diff_Days_Indoor_Setup/Day5/Device22/IQ_1.dat,237,18580563,20,20,1,test,diff_days_indoor,5,0,0,0,0,0,0.8007276058197021
data/raw/osu_lora/Diff_Days_Indoor_Setup/Day5/Device22/IQ_1.dat,238,18658962,20,8,0,test,diff_days_indoor,5,0,0,0,0,0,0.594113290309906
data/raw/osu_lora/Diff_Days_Indoor_Setup/Day5/Device22/IQ_1.dat,239,18737361,20,20,1,test,diff_days_indoor,5,0,0,0,0,0,0.6848726868629456
data/raw/osu_lora/Diff_Days_Indoor_Setup/Day5/Device22/IQ_1.dat,240,18815760,20,20,1,test,diff_days_indoor,5,0,0,0,0,0,0.5118632912635803
data/raw/osu_lora/Diff_Days_Indoor_Setup/Day5/Device22/IQ_1.dat,241,18894159,20,20,1,test,diff_days_indoor,5,0,0,0,0,0,0.7517030835151672
data/raw/osu_lora/Diff_Days_Indoor_Setup/Day5/Device22/IQ_1.dat,242,18972558,20,8,0,test,diff_days_indoor,5,0,0,0,0,0,0.6922250390052795
data/raw/osu_lora/Diff_Days_Indoor_Setup/Day5/Device22/IQ_1.dat,243,19050957,20,20,1,test,diff_days_indoor,5,0,0,0,0,0,0.6446968913078308
data/raw/osu_lora/Diff_Days_Indoor_Setup/Day5/Device22/IQ_1.dat,244,19129356,20,8,0,test,diff_days_indoor,5,0,0,0,0,0,0.5213848352432251
data/raw/osu_lora/Diff_Days_Indoor_Setup/Day5/Device22/IQ_1.dat,245,19207755,20,20,1,test,diff_days_indoor,5,0,0,0,0,0,0.6611155867576599
data/raw/osu_lora/Diff_Days_Indoor_Setup/Day5/Device22/IQ_1.dat,246,19286154,20,20,1,test,diff_days_indoor,5,0,0,0,0,0,0.6213114261627197
data/raw/osu_lora/Diff_Days_Indoor_Setup/Day5/Device22/IQ_1.dat,247,19364553,20,8,0,test,diff_days_indoor,5,0,0,0,0,0,0.5276541113853455
data/raw/osu_lora/Diff_Days_Indoor_Setup/Day5/Device22/IQ_1.dat,248,19442952,20,8,0,test,diff_days_indoor,5,0,0,0,0,0,0.5897466540336609
data/raw/osu_lora/Diff_Days_Indoor_Setup/Day5/Device22/IQ_1.dat,249,19521351,20,20,1,test,diff_days_indoor,5,0,0,0,0,0,0.7278009057044983
data/raw/osu_lora/Diff_Days_Indoor_Setup/Day5/Device22/IQ_1.dat,250,19599750,20,20,1,test,diff_days_indoor,5,0,0,0,0,0,0.5935308337211609
data/raw/osu_lora/Diff_Days_Indoor_Setup/Day5/Device22/IQ_1.dat,251,19678149,20,20,1,test,diff_days_indoor,5,0,0,0,0,0,0.48284411430358887
data/raw/osu_lora/Diff_Days_Indoor_Setup/Day5/Device22/IQ_1.dat,252,19756548,20,21,0,test,diff_days_indoor,5,0,0,0,0,0,0.15995018184185028
data/raw/osu_lora/Diff_Days_Indoor_Setup/Day5/Device22/IQ_1.dat,253,19834947,20,8,0,test,diff_days_indoor,5,0,0,0,0,0,0.5492024421691895
data/raw/osu_lora/Diff_Days_Indoor_Setup/Day5/Device22/IQ_1.dat,254,19913346,20,20,1,test,diff_days_indoor,5,0,0,0,0,0,0.6032652258872986
data/raw/osu_lora/Diff_Days_Indoor_Setup/Day5/Device22/IQ_1.dat,255,19991745,20,20,1,test,diff_days_indoor,5,0,0,0,0,0,0.5674420595169067
data/raw/osu_lora/Diff_Days_Indoor_Setup/Day5/Device23/IQ_1.dat,0,0,21,21,1,test,diff_days_indoor,5,0,0,0,0,0,0.37376466393470764
data/raw/osu_lora/Diff_Days_Indoor_Setup/Day5/Device23/IQ_1.dat,1,78399,21,21,1,test,diff_days_indoor,5,0,0,0,0,0,0.4004187285900116
data/raw/osu_lora/Diff_Days_Indoor_Setup/Day5/Device23/IQ_1.dat,2,156798,21,21,1,test,diff_days_indoor,5,0,0,0,0,0,0.3181733787059784
data/raw/osu_lora/Diff_Days_Indoor_Setup/Day5/Device23/IQ_1.dat,3,235197,21,21,1,test,diff_days_indoor,5,0,0,0,0,0,0.6521816253662109
data/raw/osu_lora/Diff_Days_Indoor_Setup/Day5/Device23/IQ_1.dat,4,313596,21,21,1,test,diff_days_indoor,5,0,0,0,0,0,0.6046193838119507
data/raw/osu_lora/Diff_Days_Indoor_Setup/Day5/Device23/IQ_1.dat,5,391995,21,9,0,test,diff_days_indoor,5,0,0,0,0,0,0.30439144372940063
data/raw/osu_lora/Diff_Days_Indoor_Setup/Day5/Device23/IQ_1.dat,6,470394,21,21,1,test,diff_days_indoor,5,0,0,0,0,0,0.38829439878463745
data/raw/osu_lora/Diff_Days_Indoor_Setup/Day5/Device23/IQ_1.dat,7,548793,21,21,1,test,diff_days_indoor,5,0,0,0,0,0,0.6054251790046692
data/raw/osu_lora/Diff_Days_Indoor_Setup/Day5/Device23/IQ_1.dat,8,627192,21,21,1,test,diff_days_indoor,5,0,0,0,0,0,0.487556129693985
data/raw/osu_lora/Diff_Days_Indoor_Setup/Day5/Device23/IQ_1.dat,9,705591,21,10,0,test,diff_days_indoor,5,0,0,0,0,0,0.4910046458244324
data/raw/osu_lora/Diff_Days_Indoor_Setup/Day5/Device23/IQ_1.dat,10,783990,21,21,1,test,diff_days_indoor,5,0,0,0,0,0,0.5100492835044861
data/raw/osu_lora/Diff_Days_Indoor_Setup/Day5/Device23/IQ_1.dat,11,862389,21,21,1,test,diff_days_indoor,5,0,0,0,0,0,0.36469894647598267
data/raw/osu_lora/Diff_Days_Indoor_Setup/Day5/Device23/IQ_1.dat,12,940788,21,21,1,test,diff_days_indoor,5,0,0,0,0,0,0.6274194717407227
data/raw/osu_lora/Diff_Days_Indoor_Setup/Day5/Device23/IQ_1.dat,13,1019187,21,10,0,test,diff_days_indoor,5,0,0,0,0,0,0.5305606126785278
data/raw/osu_lora/Diff_Days_Indoor_Setup/Day5/Device23/IQ_1.dat,14,1097586,21,9,0,test,diff_days_indoor,5,0,0,0,0,0,0.3262993097305298
data/raw/osu_lora/Diff_Days_Indoor_Setup/Day5/Device23/IQ_1.dat,15,1175985,21,14,0,test,diff_days_indoor,5,0,0,0,0,0,0.27634572982788086
data/raw/osu_lora/Diff_Days_Indoor_Setup/Day5/Device23/IQ_1.dat,16,1254384,21,21,1,test,diff_days_indoor,5,0,0,0,0,0,0.6396524310112
data/raw/osu_lora/Diff_Days_Indoor_Setup/Day5/Device23/IQ_1.dat,17,1332783,21,21,1,test,diff_days_indoor,5,0,0,0,0,0,0.49561235308647156
data/raw/osu_lora/Diff_Days_Indoor_Setup/Day5/Device23/IQ_1.dat,18,1411182,21,21,1,test,diff_days_indoor,5,0,0,0,0,0,0.633810818195343
data/raw/osu_lora/Diff_Days_Indoor_Setup/Day5/Device23/IQ_1.dat,19,1489581,21,21,1,test,diff_days_indoor,5,0,0,0,0,0,0.37236151099205017
data/raw/osu_lora/Diff_Days_Indoor_Setup/Day5/Device23/IQ_1.dat,20,1567980,21,21,1,test,diff_days_indoor,5,0,0,0,0,0,0.5929320454597473
data/raw/osu_lora/Diff_Days_Indoor_Setup/Day5/Device23/IQ_1.dat,21,1646379,21,21,1,test,diff_days_indoor,5,0,0,0,0,0,0.34888380765914917
data/raw/osu_lora/Diff_Days_Indoor_Setup/Day5/Device23/IQ_1.dat,22,1724778,21,21,1,test,diff_days_indoor,5,0,0,0,0,0,0.3996299207210541
data/raw/osu_lora/Diff_Days_Indoor_Setup/Day5/Device23/IQ_1.dat,23,1803177,21,21,1,test,diff_days_indoor,5,0,0,0,0,0,0.5162438750267029
data/raw/osu_lora/Diff_Days_Indoor_Setup/Day5/Device23/IQ_1.dat,24,1881576,21,21,1,test,diff_days_indoor,5,0,0,0,0,0,0.3210885524749756
data/raw/osu_lora/Diff_Days_Indoor_Setup/Day5/Device23/IQ_1.dat,25,1959975,21,9,0,test,diff_days_indoor,5,0,0,0,0,0,0.3525671362876892
data/raw/osu_lora/Diff_Days_Indoor_Setup/Day5/Device23/IQ_1.dat,26,2038374,21,14,0,test,diff_days_indoor,5,0,0,0,0,0,0.24012088775634766
data/raw/osu_lora/Diff_Days_Indoor_Setup/Day5/Device23/IQ_1.dat,27,2116773,21,14,0,test,diff_days_indoor,5,0,0,0,0,0,0.29737207293510437
data/raw/osu_lora/Diff_Days_Indoor_Setup/Day5/Device23/IQ_1.dat,28,2195172,21,21,1,test,diff_days_indoor,5,0,0,0,0,0,0.5765146613121033
data/raw/osu_lora/Diff_Days_Indoor_Setup/Day5/Device23/IQ_1.dat,29,2273571,21,21,1,test,diff_days_indoor,5,0,0,0,0,0,0.5659105777740479
data/raw/osu_lora/Diff_Days_Indoor_Setup/Day5/Device23/IQ_1.dat,30,2351970,21,21,1,test,diff_days_indoor,5,0,0,0,0,0,0.45614516735076904
data/raw/osu_lora/Diff_Days_Indoor_Setup/Day5/Device23/IQ_1.dat,31,2430369,21,14,0,test,diff_days_indoor,5,0,0,0,0,0,0.26636257767677307
data/raw/osu_lora/Diff_Days_Indoor_Setup/Day5/Device23/IQ_1.dat,32,2508768,21,21,1,test,diff_days_indoor,5,0,0,0,0,0,0.5195158123970032
data/raw/osu_lora/Diff_Days_Indoor_Setup/Day5/Device23/IQ_1.dat,33,2587167,21,9,0,test,diff_days_indoor,5,0,0,0,0,0,0.34072110056877136
data/raw/osu_lora/Diff_Days_Indoor_Setup/Day5/Device23/IQ_1.dat,34,2665566,21,9,0,test,diff_days_indoor,5,0,0,0,0,0,0.37772172689437866
data/raw/osu_lora/Diff_Days_Indoor_Setup/Day5/Device23/IQ_1.dat,35,2743965,21,9,0,test,diff_days_indoor,5,0,0,0,0,0,0.31197768449783325
data/raw/osu_lora/Diff_Days_Indoor_Setup/Day5/Device23/IQ_1.dat,36,2822364,21,21,1,test,diff_days_indoor,5,0,0,0,0,0,0.6612529158592224
data/raw/osu_lora/Diff_Days_Indoor_Setup/Day5/Device23/IQ_1.dat,37,2900763,21,21,1,test,diff_days_indoor,5,0,0,0,0,0,0.4875621497631073
data/raw/osu_lora/Diff_Days_Indoor_Setup/Day5/Device23/IQ_1.dat,38,2979162,21,21,1,test,diff_days_indoor,5,0,0,0,0,0,0.4997480511665344
data/raw/osu_lora/Diff_Days_Indoor_Setup/Day5/Device23/IQ_1.dat,39,3057561,21,21,1,test,diff_days_indoor,5,0,0,0,0,0,0.5849504470825195
data/raw/osu_lora/Diff_Days_Indoor_Setup/Day5/Device23/IQ_1.dat,40,3135960,21,21,1,test,diff_days_indoor,5,0,0,0,0,0,0.4696499705314636
data/raw/osu_lora/Diff_Days_Indoor_Setup/Day5/Device23/IQ_1.dat,41,3214359,21,21,1,test,diff_days_indoor,5,0,0,0,0,0,0.49676981568336487
data/raw/osu_lora/Diff_Days_Indoor_Setup/Day5/Device23/IQ_1.dat,42,3292758,21,21,1,test,diff_days_indoor,5,0,0,0,0,0,0.5264772772789001
data/raw/osu_lora/Diff_Days_Indoor_Setup/Day5/Device23/IQ_1.dat,43,3371157,21,21,1,test,diff_days_indoor,5,0,0,0,0,0,0.5175783634185791
data/raw/osu_lora/Diff_Days_Indoor_Setup/Day5/Device23/IQ_1.dat,44,3449556,21,21,1,test,diff_days_indoor,5,0,0,0,0,0,0.4855024814605713
data/raw/osu_lora/Diff_Days_Indoor_Setup/Day5/Device23/IQ_1.dat,45,3527955,21,10,0,test,diff_days_indoor,5,0,0,0,0,0,0.442259281873703
data/raw/osu_lora/Diff_Days_Indoor_Setup/Day5/Device23/IQ_1.dat,46,3606354,21,21,1,test,diff_days_indoor,5,0,0,0,0,0,0.441962867975235
data/raw/osu_lora/Diff_Days_Indoor_Setup/Day5/Device23/IQ_1.dat,47,3684753,21,21,1,test,diff_days_indoor,5,0,0,0,0,0,0.5990653038024902
data/raw/osu_lora/Diff_Days_Indoor_Setup/Day5/Device23/IQ_1.dat,48,3763152,21,21,1,test,diff_days_indoor,5,0,0,0,0,0,0.29820510745048523
data/raw/osu_lora/Diff_Days_Indoor_Setup/Day5/Device23/IQ_1.dat,49,3841551,21,21,1,test,diff_days_indoor,5,0,0,0,0,0,0.5594984889030457
data/raw/osu_lora/Diff_Days_Indoor_Setup/Day5/Device23/IQ_1.dat,50,3919950,21,21,1,test,diff_days_indoor,5,0,0,0,0,0,0.4724630117416382
data/raw/osu_lora/Diff_Days_Indoor_Setup/Day5/Device23/IQ_1.dat,51,3998349,21,21,1,test,diff_days_indoor,5,0,0,0,0,0,0.5454750061035156
data/raw/osu_lora/Diff_Days_Indoor_Setup/Day5/Device23/IQ_1.dat,52,4076748,21,10,0,test,diff_days_indoor,5,0,0,0,0,0,0.6325341463088989
data/raw/osu_lora/Diff_Days_Indoor_Setup/Day5/Device23/IQ_1.dat,53,4155147,21,21,1,test,diff_days_indoor,5,0,0,0,0,0,0.5618855953216553
data/raw/osu_lora/Diff_Days_Indoor_Setup/Day5/Device23/IQ_1.dat,54,4233546,21,21,1,test,diff_days_indoor,5,0,0,0,0,0,0.4816920757293701
data/raw/osu_lora/Diff_Days_Indoor_Setup/Day5/Device23/IQ_1.dat,55,4311945,21,21,1,test,diff_days_indoor,5,0,0,0,0,0,0.3611065149307251
data/raw/osu_lora/Diff_Days_Indoor_Setup/Day5/Device23/IQ_1.dat,56,4390344,21,21,1,test,diff_days_indoor,5,0,0,0,0,0,0.5064237713813782
data/raw/osu_lora/Diff_Days_Indoor_Setup/Day5/Device23/IQ_1.dat,57,4468743,21,21,1,test,diff_days_indoor,5,0,0,0,0,0,0.6006696224212646
data/raw/osu_lora/Diff_Days_Indoor_Setup/Day5/Device23/IQ_1.dat,58,4547142,21,21,1,test,diff_days_indoor,5,0,0,0,0,0,0.6298809051513672
data/raw/osu_lora/Diff_Days_Indoor_Setup/Day5/Device23/IQ_1.dat,59,4625541,21,21,1,test,diff_days_indoor,5,0,0,0,0,0,0.6518301367759705
data/raw/osu_lora/Diff_Days_Indoor_Setup/Day5/Device23/IQ_1.dat,60,4703940,21,9,0,test,diff_days_indoor,5,0,0,0,0,0,0.31998327374458313
data/raw/osu_lora/Diff_Days_Indoor_Setup/Day5/Device23/IQ_1.dat,61,4782339,21,21,1,test,diff_days_indoor,5,0,0,0,0,0,0.5563668012619019
data/raw/osu_lora/Diff_Days_Indoor_Setup/Day5/Device23/IQ_1.dat,62,4860738,21,21,1,test,diff_days_indoor,5,0,0,0,0,0,0.49685531854629517
data/raw/osu_lora/Diff_Days_Indoor_Setup/Day5/Device23/IQ_1.dat,63,4939137,21,21,1,test,diff_days_indoor,5,0,0,0,0,0,0.6376250386238098
data/raw/osu_lora/Diff_Days_Indoor_Setup/Day5/Device23/IQ_1.dat,64,5017536,21,11,0,test,diff_days_indoor,5,0,0,0,0,0,0.35055920481681824
data/raw/osu_lora/Diff_Days_Indoor_Setup/Day5/Device23/IQ_1.dat,65,5095935,21,21,1,test,diff_days_indoor,5,0,0,0,0,0,0.5837982296943665
data/raw/osu_lora/Diff_Days_Indoor_Setup/Day5/Device23/IQ_1.dat,66,5174334,21,9,0,test,diff_days_indoor,5,0,0,0,0,0,0.3270961344242096
data/raw/osu_lora/Diff_Days_Indoor_Setup/Day5/Device23/IQ_1.dat,67,5252733,21,21,1,test,diff_days_indoor,5,0,0,0,0,0,0.6382933855056763
data/raw/osu_lora/Diff_Days_Indoor_Setup/Day5/Device23/IQ_1.dat,68,5331132,21,21,1,test,diff_days_indoor,5,0,0,0,0,0,0.40731513500213623
data/raw/osu_lora/Diff_Days_Indoor_Setup/Day5/Device23/IQ_1.dat,69,5409531,21,21,1,test,diff_days_indoor,5,0,0,0,0,0,0.5038921236991882
data/raw/osu_lora/Diff_Days_Indoor_Setup/Day5/Device23/IQ_1.dat,70,5487930,21,21,1,test,diff_days_indoor,5,0,0,0,0,0,0.6283252239227295
data/raw/osu_lora/Diff_Days_Indoor_Setup/Day5/Device23/IQ_1.dat,71,5566329,21,21,1,test,diff_days_indoor,5,0,0,0,0,0,0.5750001072883606
data/raw/osu_lora/Diff_Days_Indoor_Setup/Day5/Device23/IQ_1.dat,72,5644728,21,21,1,test,diff_days_indoor,5,0,0,0,0,0,0.4749743342399597
data/raw/osu_lora/Diff_Days_Indoor_Setup/Day5/Device23/IQ_1.dat,73,5723127,21,21,1,test,diff_days_indoor,5,0,0,0,0,0,0.26092204451560974
data/raw/osu_lora/Diff_Days_Indoor_Setup/Day5/Device23/IQ_1.dat,74,5801526,21,21,1,test,diff_days_indoor,5,0,0,0,0,0,0.5107115507125854
data/raw/osu_lora/Diff_Days_Indoor_Setup/Day5/Device23/IQ_1.dat,75,5879925,21,21,1,test,diff_days_indoor,5,0,0,0,0,0,0.5900618433952332
data/raw/osu_lora/Diff_Days_Indoor_Setup/Day5/Device23/IQ_1.dat,76,5958324,21,21,1,test,diff_days_indoor,5,0,0,0,0,0,0.5899060368537903
data/raw/osu_lora/Diff_Days_Indoor_Setup/Day5/Device23/IQ_1.dat,77,6036723,21,21,1,test,diff_days_indoor,5,0,0,0,0,0,0.5288414359092712
data/raw/osu_lora/Diff_Days_Indoor_Setup/Day5/Device23/IQ_1.dat,78,6115122,21,10,0,test,diff_days_indoor,5,0,0,0,0,0,0.5691912174224854
data/raw/osu_lora/Diff_Days_Indoor_Setup/Day5/Device23/IQ_1.dat,79,6193521,21,9,0,test,diff_days_indoor,5,0,0,0,0,0,0.3235274851322174
data/raw/osu_lora/Diff_Days_Indoor_Setup/Day5/Device23/IQ_1.dat,80,6271920,21,21,1,test,diff_days_indoor,5,0,0,0,0,0,0.28275054693222046
data/raw/osu_lora/Diff_Days_Indoor_Setup/Day5/Device23/IQ_1.dat,81,6350319,21,21,1,test,diff_days_indoor,5,0,0,0,0,0,0.5890231728553772
data/raw/osu_lora/Diff_Days_Indoor_Setup/Day5/Device23/IQ_1.dat,82,6428718,21,10,0,test,diff_days_indoor,5,0,0,0,0,0,0.5293224453926086
data/raw/osu_lora/Diff_Days_Indoor_Setup/Day5/Device23/IQ_1.dat,83,6507117,21,21,1,test,diff_days_indoor,5,0,0,0,0,0,0.7064166069030762
data/raw/osu_lora/Diff_Days_Indoor_Setup/Day5/Device23/IQ_1.dat,84,6585516,21,21,1,test,diff_days_indoor,5,0,0,0,0,0,0.550687849521637
data/raw/osu_lora/Diff_Days_Indoor_Setup/Day5/Device23/IQ_1.dat,85,6663915,21,21,1,test,diff_days_indoor,5,0,0,0,0,0,0.5663815140724182
data/raw/osu_lora/Diff_Days_Indoor_Setup/Day5/Device23/IQ_1.dat,86,6742314,21,21,1,test,diff_days_indoor,5,0,0,0,0,0,0.6284340620040894
data/raw/osu_lora/Diff_Days_Indoor_Setup/Day5/Device23/IQ_1.dat,87,6820713,21,21,1,test,diff_days_indoor,5,0,0,0,0,0,0.4671765863895416
data/raw/osu_lora/Diff_Days_Indoor_Setup/Day5/Device23/IQ_1.dat,88,6899112,21,21,1,test,diff_days_indoor,5,0,0,0,0,0,0.4128965735435486
data/raw/osu_lora/Diff_Days_Indoor_Setup/Day5/Device23/IQ_1.dat,89,6977511,21,21,1,test,diff_days_indoor,5,0,0,0,0,0,0.5174053907394409
data/raw/osu_lora/Diff_Days_Indoor_Setup/Day5/Device23/IQ_1.dat,90,7055910,21,21,1,test,diff_days_indoor,5,0,0,0,0,0,0.5694820880889893
data/raw/osu_lora/Diff_Days_Indoor_Setup/Day5/Device23/IQ_1.dat,91,7134309,21,9,0,test,diff_days_indoor,5,0,0,0,0,0,0.34043508768081665
data/raw/osu_lora/Diff_Days_Indoor_Setup/Day5/Device23/IQ_1.dat,92,7212708,21,21,1,test,diff_days_indoor,5,0,0,0,0,0,0.6545044183731079
data/raw/osu_lora/Diff_Days_Indoor_Setup/Day5/Device23/IQ_1.dat,93,7291107,21,21,1,test,diff_days_indoor,5,0,0,0,0,0,0.6130253076553345
data/raw/osu_lora/Diff_Days_Indoor_Setup/Day5/Device23/IQ_1.dat,94,7369506,21,21,1,test,diff_days_indoor,5,0,0,0,0,0,0.588774561882019
data/raw/osu_lora/Diff_Days_Indoor_Setup/Day5/Device23/IQ_1.dat,95,7447905,21,21,1,test,diff_days_indoor,5,0,0,0,0,0,0.5781654119491577
data/raw/osu_lora/Diff_Days_Indoor_Setup/Day5/Device23/IQ_1.dat,96,7526304,21,21,1,test,diff_days_indoor,5,0,0,0,0,0,0.39101940393447876
data/raw/osu_lora/Diff_Days_Indoor_Setup/Day5/Device23/IQ_1.dat,97,7604703,21,21,1,test,diff_days_indoor,5,0,0,0,0,0,0.3035677373409271
data/raw/osu_lora/Diff_Days_Indoor_Setup/Day5/Device23/IQ_1.dat,98,7683102,21,21,1,test,diff_days_indoor,5,0,0,0,0,0,0.6289776563644409
data/raw/osu_lora/Diff_Days_Indoor_Setup/Day5/Device23/IQ_1.dat,99,7761501,21,21,1,test,diff_days_indoor,5,0,0,0,0,0,0.5714433789253235
data/raw/osu_lora/Diff_Days_Indoor_Setup/Day5/Device23/IQ_1.dat,100,7839900,21,21,1,test,diff_days_indoor,5,0,0,0,0,0,0.5766453742980957
data/raw/osu_lora/Diff_Days_Indoor_Setup/Day5/Device23/IQ_1.dat,101,7918299,21,21,1,test,diff_days_indoor,5,0,0,0,0,0,0.5886644721031189
data/raw/osu_lora/Diff_Days_Indoor_Setup/Day5/Device23/IQ_1.dat,102,7996698,21,9,0,test,diff_days_indoor,5,0,0,0,0,0,0.27411168813705444
data/raw/osu_lora/Diff_Days_Indoor_Setup/Day5/Device23/IQ_1.dat,103,8075097,21,10,0,test,diff_days_indoor,5,0,0,0,0,0,0.47967439889907837
data/raw/osu_lora/Diff_Days_Indoor_Setup/Day5/Device23/IQ_1.dat,104,8153496,21,21,1,test,diff_days_indoor,5,0,0,0,0,0,0.6149413585662842
data/raw/osu_lora/Diff_Days_Indoor_Setup/Day5/Device23/IQ_1.dat,105,8231895,21,21,1,test,diff_days_indoor,5,0,0,0,0,0,0.5202906131744385
data/raw/osu_lora/Diff_Days_Indoor_Setup/Day5/Device23/IQ_1.dat,106,8310294,21,21,1,test,diff_days_indoor,5,0,0,0,0,0,0.4542849659919739
data/raw/osu_lora/Diff_Days_Indoor_Setup/Day5/Device23/IQ_1.dat,107,8388693,21,10,0,test,diff_days_indoor,5,0,0,0,0,0,0.5250424742698669
data/raw/osu_lora/Diff_Days_Indoor_Setup/Day5/Device23/IQ_1.dat,108,8467092,21,21,1,test,diff_days_indoor,5,0,0,0,0,0,0.5744292736053467
data/raw/osu_lora/Diff_Days_Indoor_Setup/Day5/Device23/IQ_1.dat,109,8545491,21,21,1,test,diff_days_indoor,5,0,0,0,0,0,0.48383447527885437
data/raw/osu_lora/Diff_Days_Indoor_Setup/Day5/Device23/IQ_1.dat,110,8623890,21,9,0,test,diff_days_indoor,5,0,0,0,0,0,0.3686473071575165
data/raw/osu_lora/Diff_Days_Indoor_Setup/Day5/Device23/IQ_1.dat,111,8702289,21,21,1,test,diff_days_indoor,5,0,0,0,0,0,0.27917081117630005
data/raw/osu_lora/Diff_Days_Indoor_Setup/Day5/Device23/IQ_1.dat,112,8780688,21,21,1,test,diff_days_indoor,5,0,0,0,0,0,0.6851183772087097
data/raw/osu_lora/Diff_Days_Indoor_Setup/Day5/Device23/IQ_1.dat,113,8859087,21,21,1,test,diff_days_indoor,5,0,0,0,0,0,0.5177728533744812
data/raw/osu_lora/Diff_Days_Indoor_Setup/Day5/Device23/IQ_1.dat,114,8937486,21,21,1,test,diff_days_indoor,5,0,0,0,0,0,0.6464517712593079
data/raw/osu_lora/Diff_Days_Indoor_Setup/Day5/Device23/IQ_1.dat,115,9015885,21,21,1,test,diff_days_indoor,5,0,0,0,0,0,0.594009518623352
data/raw/osu_lora/Diff_Days_Indoor_Setup/Day5/Device23/IQ_1.dat,116,9094284,21,21,1,test,diff_days_indoor,5,0,0,0,0,0,0.35956740379333496
data/raw/osu_lora/Diff_Days_Indoor_Setup/Day5/Device23/IQ_1.dat,117,9172683,21,21,1,test,diff_days_indoor,5,0,0,0,0,0,0.547344446182251
data/raw/osu_lora/Diff_Days_Indoor_Setup/Day5/Device23/IQ_1.dat,118,9251082,21,21,1,test,diff_days_indoor,5,0,0,0,0,0,0.2950713634490967
data/raw/osu_lora/Diff_Days_Indoor_Setup/Day5/Device23/IQ_1.dat,119,9329481,21,21,1,test,diff_days_indoor,5,0,0,0,0,0,0.5635086894035339
data/raw/osu_lora/Diff_Days_Indoor_Setup/Day5/Device23/IQ_1.dat,120,9407880,21,21,1,test,diff_days_indoor,5,0,0,0,0,0,0.5911840796470642
data/raw/osu_lora/Diff_Days_Indoor_Setup/Day5/Device23/IQ_1.dat,121,9486279,21,10,0,test,diff_days_indoor,5,0,0,0,0,0,0.449345201253891
data/raw/osu_lora/Diff_Days_Indoor_Setup/Day5/Device23/IQ_1.dat,122,9564678,21,21,1,test,diff_days_indoor,5,0,0,0,0,0,0.6335922479629517
data/raw/osu_lora/Diff_Days_Indoor_Setup/Day5/Device23/IQ_1.dat,123,9643077,21,21,1,test,diff_days_indoor,5,0,0,0,0,0,0.3052510917186737
data/raw/osu_lora/Diff_Days_Indoor_Setup/Day5/Device23/IQ_1.dat,124,9721476,21,21,1,test,diff_days_indoor,5,0,0,0,0,0,0.3791123330593109
data/raw/osu_lora/Diff_Days_Indoor_Setup/Day5/Device23/IQ_1.dat,125,9799875,21,10,0,test,diff_days_indoor,5,0,0,0,0,0,0.5056250691413879
data/raw/osu_lora/Diff_Days_Indoor_Setup/Day5/Device23/IQ_1.dat,126,9878274,21,21,1,test,diff_days_indoor,5,0,0,0,0,0,0.4147038459777832
data/raw/osu_lora/Diff_Days_Indoor_Setup/Day5/Device23/IQ_1.dat,127,9956673,21,21,1,test,diff_days_indoor,5,0,0,0,0,0,0.6031790375709534
data/raw/osu_lora/Diff_Days_Indoor_Setup/Day5/Device23/IQ_1.dat,128,10035072,21,21,1,test,diff_days_indoor,5,0,0,0,0,0,0.49701809883117676
data/raw/osu_lora/Diff_Days_Indoor_Setup/Day5/Device23/IQ_1.dat,129,10113471,21,21,1,test,diff_days_indoor,5,0,0,0,0,0,0.5520064234733582
data/raw/osu_lora/Diff_Days_Indoor_Setup/Day5/Device23/IQ_1.dat,130,10191870,21,21,1,test,diff_days_indoor,5,0,0,0,0,0,0.5891895890235901
data/raw/osu_lora/Diff_Days_Indoor_Setup/Day5/Device23/IQ_1.dat,131,10270269,21,21,1,test,diff_days_indoor,5,0,0,0,0,0,0.6141671538352966
data/raw/osu_lora/Diff_Days_Indoor_Setup/Day5/Device23/IQ_1.dat,132,10348668,21,21,1,test,diff_days_indoor,5,0,0,0,0,0,0.49864470958709717
data/raw/osu_lora/Diff_Days_Indoor_Setup/Day5/Device23/IQ_1.dat,133,10427067,21,21,1,test,diff_days_indoor,5,0,0,0,0,0,0.6326711177825928
data/raw/osu_lora/Diff_Days_Indoor_Setup/Day5/Device23/IQ_1.dat,134,10505466,21,21,1,test,diff_days_indoor,5,0,0,0,0,0,0.29072305560112
data/raw/osu_lora/Diff_Days_Indoor_Setup/Day5/Device23/IQ_1.dat,135,10583865,21,21,1,test,diff_days_indoor,5,0,0,0,0,0,0.15454289317131042
data/raw/osu_lora/Diff_Days_Indoor_Setup/Day5/Device23/IQ_1.dat,136,10662264,21,9,0,test,diff_days_indoor,5,0,0,0,0,0,0.2907201647758484
data/raw/osu_lora/Diff_Days_Indoor_Setup/Day5/Device23/IQ_1.dat,137,10740663,21,21,1,test,diff_days_indoor,5,0,0,0,0,0,0.6090666651725769
data/raw/osu_lora/Diff_Days_Indoor_Setup/Day5/Device23/IQ_1.dat,138,10819062,21,21,1,test,diff_days_indoor,5,0,0,0,0,0,0.604027271270752
data/raw/osu_lora/Diff_Days_Indoor_Setup/Day5/Device23/IQ_1.dat,139,10897461,21,9,0,test,diff_days_indoor,5,0,0,0,0,0,0.28471341729164124
data/raw/osu_lora/Diff_Days_Indoor_Setup/Day5/Device23/IQ_1.dat,140,10975860,21,21,1,test,diff_days_indoor,5,0,0,0,0,0,0.588155210018158
data/raw/osu_lora/Diff_Days_Indoor_Setup/Day5/Device23/IQ_1.dat,141,11054259,21,21,1,test,diff_days_indoor,5,0,0,0,0,0,0.6291555762290955
data/raw/osu_lora/Diff_Days_Indoor_Setup/Day5/Device23/IQ_1.dat,142,11132658,21,21,1,test,diff_days_indoor,5,0,0,0,0,0,0.63575679063797
data/raw/osu_lora/Diff_Days_Indoor_Setup/Day5/Device23/IQ_1.dat,143,11211057,21,21,1,test,diff_days_indoor,5,0,0,0,0,0,0.5911499261856079
data/raw/osu_lora/Diff_Days_Indoor_Setup/Day5/Device23/IQ_1.dat,144,11289456,21,9,0,test,diff_days_indoor,5,0,0,0,0,0,0.3200378119945526
data/raw/osu_lora/Diff_Days_Indoor_Setup/Day5/Device23/IQ_1.dat,145,11367855,21,21,1,test,diff_days_indoor,5,0,0,0,0,0,0.6213482022285461
data/raw/osu_lora/Diff_Days_Indoor_Setup/Day5/Device23/IQ_1.dat,146,11446254,21,21,1,test,diff_days_indoor,5,0,0,0,0,0,0.4387540817260742
data/raw/osu_lora/Diff_Days_Indoor_Setup/Day5/Device23/IQ_1.dat,147,11524653,21,21,1,test,diff_days_indoor,5,0,0,0,0,0,0.526978611946106
data/raw/osu_lora/Diff_Days_Indoor_Setup/Day5/Device23/IQ_1.dat,148,11603052,21,21,1,test,diff_days_indoor,5,0,0,0,0,0,0.6176787614822388
data/raw/osu_lora/Diff_Days_Indoor_Setup/Day5/Device23/IQ_1.dat,149,11681451,21,9,0,test,diff_days_indoor,5,0,0,0,0,0,0.36468979716300964
data/raw/osu_lora/Diff_Days_Indoor_Setup/Day5/Device23/IQ_1.dat,150,11759850,21,21,1,test,diff_days_indoor,5,0,0,0,0,0,0.32773029804229736
data/raw/osu_lora/Diff_Days_Indoor_Setup/Day5/Device23/IQ_1.dat,151,11838249,21,21,1,test,diff_days_indoor,5,0,0,0,0,0,0.2736409604549408
data/raw/osu_lora/Diff_Days_Indoor_Setup/Day5/Device23/IQ_1.dat,152,11916648,21,9,0,test,diff_days_indoor,5,0,0,0,0,0,0.34444481134414673
data/raw/osu_lora/Diff_Days_Indoor_Setup/Day5/Device23/IQ_1.dat,153,11995047,21,14,0,test,diff_days_indoor,5,0,0,0,0,0,0.25430265069007874
data/raw/osu_lora/Diff_Days_Indoor_Setup/Day5/Device23/IQ_1.dat,154,12073446,21,21,1,test,diff_days_indoor,5,0,0,0,0,0,0.5098630785942078
data/raw/osu_lora/Diff_Days_Indoor_Setup/Day5/Device23/IQ_1.dat,155,12151845,21,21,1,test,diff_days_indoor,5,0,0,0,0,0,0.5578020811080933
data/raw/osu_lora/Diff_Days_Indoor_Setup/Day5/Device23/IQ_1.dat,156,12230244,21,21,1,test,diff_days_indoor,5,0,0,0,0,0,0.6361719369888306
data/raw/osu_lora/Diff_Days_Indoor_Setup/Day5/Device23/IQ_1.dat,157,12308643,21,21,1,test,diff_days_indoor,5,0,0,0,0,0,0.5953927040100098
data/raw/osu_lora/Diff_Days_Indoor_Setup/Day5/Device23/IQ_1.dat,158,12387042,21,10,0,test,diff_days_indoor,5,0,0,0,0,0,0.529421865940094
data/raw/osu_lora/Diff_Days_Indoor_Setup/Day5/Device23/IQ_1.dat,159,12465441,21,21,1,test,diff_days_indoor,5,0,0,0,0,0,0.628554105758667
data/raw/osu_lora/Diff_Days_Indoor_Setup/Day5/Device23/IQ_1.dat,160,12543840,21,21,1,test,diff_days_indoor,5,0,0,0,0,0,0.47960177063941956
data/raw/osu_lora/Diff_Days_Indoor_Setup/Day5/Device23/IQ_1.dat,161,12622239,21,21,1,test,diff_days_indoor,5,0,0,0,0,0,0.5680832266807556
data/raw/osu_lora/Diff_Days_Indoor_Setup/Day5/Device23/IQ_1.dat,162,12700638,21,21,1,test,diff_days_indoor,5,0,0,0,0,0,0.3055291473865509
data/raw/osu_lora/Diff_Days_Indoor_Setup/Day5/Device23/IQ_1.dat,163,12779037,21,21,1,test,diff_days_indoor,5,0,0,0,0,0,0.5335000157356262
data/raw/osu_lora/Diff_Days_Indoor_Setup/Day5/Device23/IQ_1.dat,164,12857436,21,9,0,test,diff_days_indoor,5,0,0,0,0,0,0.3697177767753601
data/raw/osu_lora/Diff_Days_Indoor_Setup/Day5/Device23/IQ_1.dat,165,12935835,21,21,1,test,diff_days_indoor,5,0,0,0,0,0,0.5535671710968018
data/raw/osu_lora/Diff_Days_Indoor_Setup/Day5/Device23/IQ_1.dat,166,13014234,21,21,1,test,diff_days_indoor,5,0,0,0,0,0,0.43254420161247253
data/raw/osu_lora/Diff_Days_Indoor_Setup/Day5/Device23/IQ_1.dat,167,13092633,21,21,1,test,diff_days_indoor,5,0,0,0,0,0,0.610347330570221
data/raw/osu_lora/Diff_Days_Indoor_Setup/Day5/Device23/IQ_1.dat,168,13171032,21,21,1,test,diff_days_indoor,5,0,0,0,0,0,0.5429809093475342
data/raw/osu_lora/Diff_Days_Indoor_Setup/Day5/Device23/IQ_1.dat,169,13249431,21,21,1,test,diff_days_indoor,5,0,0,0,0,0,0.6475982069969177
data/raw/osu_lora/Diff_Days_Indoor_Setup/Day5/Device23/IQ_1.dat,170,13327830,21,21,1,test,diff_days_indoor,5,0,0,0,0,0,0.5490720272064209
data/raw/osu_lora/Diff_Days_Indoor_Setup/Day5/Device23/IQ_1.dat,171,13406229,21,21,1,test,diff_days_indoor,5,0,0,0,0,0,0.6198139786720276
data/raw/osu_lora/Diff_Days_Indoor_Setup/Day5/Device23/IQ_1.dat,172,13484628,21,21,1,test,diff_days_indoor,5,0,0,0,0,0,0.5417618751525879
data/raw/osu_lora/Diff_Days_Indoor_Setup/Day5/Device23/IQ_1.dat,173,13563027,21,10,0,test,diff_days_indoor,5,0,0,0,0,0,0.5556808710098267
data/raw/osu_lora/Diff_Days_Indoor_Setup/Day5/Device23/IQ_1.dat,174,13641426,21,21,1,test,diff_days_indoor,5,0,0,0,0,0,0.4590521454811096
data/raw/osu_lora/Diff_Days_Indoor_Setup/Day5/Device23/IQ_1.dat,175,13719825,21,21,1,test,diff_days_indoor,5,0,0,0,0,0,0.5290709137916565
data/raw/osu_lora/Diff_Days_Indoor_Setup/Day5/Device23/IQ_1.dat,176,13798224,21,21,1,test,diff_days_indoor,5,0,0,0,0,0,0.5134010910987854
data/raw/osu_lora/Diff_Days_Indoor_Setup/Day5/Device23/IQ_1.dat,177,13876623,21,21,1,test,diff_days_indoor,5,0,0,0,0,0,0.30200839042663574
data/raw/osu_lora/Diff_Days_Indoor_Setup/Day5/Device23/IQ_1.dat,178,13955022,21,21,1,test,diff_days_indoor,5,0,0,0,0,0,0.535982072353363
data/raw/osu_lora/Diff_Days_Indoor_Setup/Day5/Device23/IQ_1.dat,179,14033421,21,21,1,test,diff_days_indoor,5,0,0,0,0,0,0.382479190826416
data/raw/osu_lora/Diff_Days_Indoor_Setup/Day5/Device23/IQ_1.dat,180,14111820,21,14,0,test,diff_days_indoor,5,0,0,0,0,0,0.2692420482635498
data/raw/osu_lora/Diff_Days_Indoor_Setup/Day5/Device23/IQ_1.dat,181,14190219,21,21,1,test,diff_days_indoor,5,0,0,0,0,0,0.6043549180030823
data/raw/osu_lora/Diff_Days_Indoor_Setup/Day5/Device23/IQ_1.dat,182,14268618,21,21,1,test,diff_days_indoor,5,0,0,0,0,0,0.5173864364624023
data/raw/osu_lora/Diff_Days_Indoor_Setup/Day5/Device23/IQ_1.dat,183,14347017,21,9,0,test,diff_days_indoor,5,0,0,0,0,0,0.34360945224761963
data/raw/osu_lora/Diff_Days_Indoor_Setup/Day5/Device23/IQ_1.dat,184,14425416,21,11,0,test,diff_days_indoor,5,0,0,0,0,0,0.354015588760376
data/raw/osu_lora/Diff_Days_Indoor_Setup/Day5/Device23/IQ_1.dat,185,14503815,21,10,0,test,diff_days_indoor,5,0,0,0,0,0,0.5051761269569397
data/raw/osu_lora/Diff_Days_Indoor_Setup/Day5/Device23/IQ_1.dat,186,14582214,21,21,1,test,diff_days_indoor,5,0,0,0,0,0,0.560433566570282
data/raw/osu_lora/Diff_Days_Indoor_Setup/Day5/Device23/IQ_1.dat,187,14660613,21,10,0,test,diff_days_indoor,5,0,0,0,0,0,0.5184572339057922
data/raw/osu_lora/Diff_Days_Indoor_Setup/Day5/Device23/IQ_1.dat,188,14739012,21,21,1,test,diff_days_indoor,5,0,0,0,0,0,0.4329482614994049
data/raw/osu_lora/Diff_Days_Indoor_Setup/Day5/Device23/IQ_1.dat,189,14817411,21,21,1,test,diff_days_indoor,5,0,0,0,0,0,0.5823005437850952
data/raw/osu_lora/Diff_Days_Indoor_Setup/Day5/Device23/IQ_1.dat,190,14895810,21,21,1,test,diff_days_indoor,5,0,0,0,0,0,0.5877927541732788
data/raw/osu_lora/Diff_Days_Indoor_Setup/Day5/Device23/IQ_1.dat,191,14974209,21,21,1,test,diff_days_indoor,5,0,0,0,0,0,0.653640627861023
data/raw/osu_lora/Diff_Days_Indoor_Setup/Day5/Device23/IQ_1.dat,192,15052608,21,21,1,test,diff_days_indoor,5,0,0,0,0,0,0.5372359156608582
data/raw/osu_lora/Diff_Days_Indoor_Setup/Day5/Device23/IQ_1.dat,193,15131007,21,21,1,test,diff_days_indoor,5,0,0,0,0,0,0.5096691846847534
data/raw/osu_lora/Diff_Days_Indoor_Setup/Day5/Device23/IQ_1.dat,194,15209406,21,21,1,test,diff_days_indoor,5,0,0,0,0,0,0.5875900983810425
data/raw/osu_lora/Diff_Days_Indoor_Setup/Day5/Device23/IQ_1.dat,195,15287805,21,21,1,test,diff_days_indoor,5,0,0,0,0,0,0.5832779407501221
data/raw/osu_lora/Diff_Days_Indoor_Setup/Day5/Device23/IQ_1.dat,196,15366204,21,21,1,test,diff_days_indoor,5,0,0,0,0,0,0.41371697187423706
data/raw/osu_lora/Diff_Days_Indoor_Setup/Day5/Device23/IQ_1.dat,197,15444603,21,21,1,test,diff_days_indoor,5,0,0,0,0,0,0.5389594435691833
data/raw/osu_lora/Diff_Days_Indoor_Setup/Day5/Device23/IQ_1.dat,198,15523002,21,21,1,test,diff_days_indoor,5,0,0,0,0,0,0.5384231805801392
data/raw/osu_lora/Diff_Days_Indoor_Setup/Day5/Device23/IQ_1.dat,199,15601401,21,9,0,test,diff_days_indoor,5,0,0,0,0,0,0.3290441334247589
data/raw/osu_lora/Diff_Days_Indoor_Setup/Day5/Device23/IQ_1.dat,200,15679800,21,21,1,test,diff_days_indoor,5,0,0,0,0,0,0.4278794229030609
data/raw/osu_lora/Diff_Days_Indoor_Setup/Day5/Device23/IQ_1.dat,201,15758199,21,21,1,test,diff_days_indoor,5,0,0,0,0,0,0.321438193321228
data/raw/osu_lora/Diff_Days_Indoor_Setup/Day5/Device23/IQ_1.dat,202,15836598,21,21,1,test,diff_days_indoor,5,0,0,0,0,0,0.5540707111358643
data/raw/osu_lora/Diff_Days_Indoor_Setup/Day5/Device23/IQ_1.dat,203,15914997,21,21,1,test,diff_days_indoor,5,0,0,0,0,0,0.5167649388313293
data/raw/osu_lora/Diff_Days_Indoor_Setup/Day5/Device23/IQ_1.dat,204,15993396,21,14,0,test,diff_days_indoor,5,0,0,0,0,0,0.28248998522758484
data/raw/osu_lora/Diff_Days_Indoor_Setup/Day5/Device23/IQ_1.dat,205,16071795,21,21,1,test,diff_days_indoor,5,0,0,0,0,0,0.5745556950569153
data/raw/osu_lora/Diff_Days_Indoor_Setup/Day5/Device23/IQ_1.dat,206,16150194,21,10,0,test,diff_days_indoor,5,0,0,0,0,0,0.5384654998779297
data/raw/osu_lora/Diff_Days_Indoor_Setup/Day5/Device23/IQ_1.dat,207,16228593,21,21,1,test,diff_days_indoor,5,0,0,0,0,0,0.3825681209564209
data/raw/osu_lora/Diff_Days_Indoor_Setup/Day5/Device23/IQ_1.dat,208,16306992,21,21,1,test,diff_days_indoor,5,0,0,0,0,0,0.4265306890010834
data/raw/osu_lora/Diff_Days_Indoor_Setup/Day5/Device23/IQ_1.dat,209,16385391,21,21,1,test,diff_days_indoor,5,0,0,0,0,0,0.5168676972389221
data/raw/osu_lora/Diff_Days_Indoor_Setup/Day5/Device23/IQ_1.dat,210,16463790,21,21,1,test,diff_days_indoor,5,0,0,0,0,0,0.5334746837615967
data/raw/osu_lora/Diff_Days_Indoor_Setup/Day5/Device23/IQ_1.dat,211,16542189,21,21,1,test,diff_days_indoor,5,0,0,0,0,0,0.5877893567085266
data/raw/osu_lora/Diff_Days_Indoor_Setup/Day5/Device23/IQ_1.dat,212,16620588,21,10,0,test,diff_days_indoor,5,0,0,0,0,0,0.5405541658401489
data/raw/osu_lora/Diff_Days_Indoor_Setup/Day5/Device23/IQ_1.dat,213,16698987,21,21,1,test,diff_days_indoor,5,0,0,0,0,0,0.6470333337783813
data/raw/osu_lora/Diff_Days_Indoor_Setup/Day5/Device23/IQ_1.dat,214,16777386,21,21,1,test,diff_days_indoor,5,0,0,0,0,0,0.38141098618507385
data/raw/osu_lora/Diff_Days_Indoor_Setup/Day5/Device23/IQ_1.dat,215,16855785,21,21,1,test,diff_days_indoor,5,0,0,0,0,0,0.623340904712677
data/raw/osu_lora/Diff_Days_Indoor_Setup/Day5/Device23/IQ_1.dat,216,16934184,21,21,1,test,diff_days_indoor,5,0,0,0,0,0,0.5410324335098267
data/raw/osu_lora/Diff_Days_Indoor_Setup/Day5/Device23/IQ_1.dat,217,17012583,21,21,1,test,diff_days_indoor,5,0,0,0,0,0,0.5332865715026855
data/raw/osu_lora/Diff_Days_Indoor_Setup/Day5/Device23/IQ_1.dat,218,17090982,21,21,1,test,diff_days_indoor,5,0,0,0,0,0,0.5416126847267151
data/raw/osu_lora/Diff_Days_Indoor_Setup/Day5/Device23/IQ_1.dat,219,17169381,21,21,1,test,diff_days_indoor,5,0,0,0,0,0,0.5350659489631653
data/raw/osu_lora/Diff_Days_Indoor_Setup/Day5/Device23/IQ_1.dat,220,17247780,21,21,1,test,diff_days_indoor,5,0,0,0,0,0,0.5270974040031433
data/raw/osu_lora/Diff_Days_Indoor_Setup/Day5/Device23/IQ_1.dat,221,17326179,21,21,1,test,diff_days_indoor,5,0,0,0,0,0,0.43987831473350525
data/raw/osu_lora/Diff_Days_Indoor_Setup/Day5/Device23/IQ_1.dat,222,17404578,21,21,1,test,diff_days_indoor,5,0,0,0,0,0,0.5492917895317078
data/raw/osu_lora/Diff_Days_Indoor_Setup/Day5/Device23/IQ_1.dat,223,17482977,21,21,1,test,diff_days_indoor,5,0,0,0,0,0,0.3565031588077545
data/raw/osu_lora/Diff_Days_Indoor_Setup/Day5/Device23/IQ_1.dat,224,17561376,21,21,1,test,diff_days_indoor,5,0,0,0,0,0,0.45596843957901
data/raw/osu_lora/Diff_Days_Indoor_Setup/Day5/Device23/IQ_1.dat,225,17639775,21,21,1,test,diff_days_indoor,5,0,0,0,0,0,0.539024829864502
data/raw/osu_lora/Diff_Days_Indoor_Setup/Day5/Device23/IQ_1.dat,226,17718174,21,9,0,test,diff_days_indoor,5,0,0,0,0,0,0.29819416999816895
data/raw/osu_lora/Diff_Days_Indoor_Setup/Day5/Device23/IQ_1.dat,227,17796573,21,21,1,test,diff_days_indoor,5,0,0,0,0,0,0.590204656124115
data/raw/osu_lora/Diff_Days_Indoor_Setup/Day5/Device23/IQ_1.dat,228,17874972,21,9,0,test,diff_days_indoor,5,0,0,0,0,0,0.4023652970790863
data/raw/osu_lora/Diff_Days_Indoor_Setup/Day5/Device23/IQ_1.dat,229,17953371,21,21,1,test,diff_days_indoor,5,0,0,0,0,0,0.6139912605285645
data/raw/osu_lora/Diff_Days_Indoor_Setup/Day5/Device23/IQ_1.dat,230,18031770,21,21,1,test,diff_days_indoor,5,0,0,0,0,0,0.45655906200408936
data/raw/osu_lora/Diff_Days_Indoor_Setup/Day5/Device23/IQ_1.dat,231,18110169,21,21,1,test,diff_days_indoor,5,0,0,0,0,0,0.6058143377304077
data/raw/osu_lora/Diff_Days_Indoor_Setup/Day5/Device23/IQ_1.dat,232,18188568,21,21,1,test,diff_days_indoor,5,0,0,0,0,0,0.5443015694618225
data/raw/osu_lora/Diff_Days_Indoor_Setup/Day5/Device23/IQ_1.dat,233,18266967,21,9,0,test,diff_days_indoor,5,0,0,0,0,0,0.321617990732193
data/raw/osu_lora/Diff_Days_Indoor_Setup/Day5/Device23/IQ_1.dat,234,18345366,21,21,1,test,diff_days_indoor,5,0,0,0,0,0,0.528124213218689
data/raw/osu_lora/Diff_Days_Indoor_Setup/Day5/Device23/IQ_1.dat,235,18423765,21,21,1,test,diff_days_indoor,5,0,0,0,0,0,0.5244323015213013
data/raw/osu_lora/Diff_Days_Indoor_Setup/Day5/Device23/IQ_1.dat,236,18502164,21,9,0,test,diff_days_indoor,5,0,0,0,0,0,0.3572132885456085
data/raw/osu_lora/Diff_Days_Indoor_Setup/Day5/Device23/IQ_1.dat,237,18580563,21,21,1,test,diff_days_indoor,5,0,0,0,0,0,0.5012617111206055
data/raw/osu_lora/Diff_Days_Indoor_Setup/Day5/Device23/IQ_1.dat,238,18658962,21,21,1,test,diff_days_indoor,5,0,0,0,0,0,0.5423709750175476
data/raw/osu_lora/Diff_Days_Indoor_Setup/Day5/Device23/IQ_1.dat,239,18737361,21,10,0,test,diff_days_indoor,5,0,0,0,0,0,0.5438869595527649
data/raw/osu_lora/Diff_Days_Indoor_Setup/Day5/Device23/IQ_1.dat,240,18815760,21,10,0,test,diff_days_indoor,5,0,0,0,0,0,0.5425441265106201
data/raw/osu_lora/Diff_Days_Indoor_Setup/Day5/Device23/IQ_1.dat,241,18894159,21,21,1,test,diff_days_indoor,5,0,0,0,0,0,0.5430477261543274
data/raw/osu_lora/Diff_Days_Indoor_Setup/Day5/Device23/IQ_1.dat,242,18972558,21,21,1,test,diff_days_indoor,5,0,0,0,0,0,0.5753601789474487
data/raw/osu_lora/Diff_Days_Indoor_Setup/Day5/Device23/IQ_1.dat,243,19050957,21,21,1,test,diff_days_indoor,5,0,0,0,0,0,0.35844686627388
data/raw/osu_lora/Diff_Days_Indoor_Setup/Day5/Device23/IQ_1.dat,244,19129356,21,21,1,test,diff_days_indoor,5,0,0,0,0,0,0.5453657507896423
data/raw/osu_lora/Diff_Days_Indoor_Setup/Day5/Device23/IQ_1.dat,245,19207755,21,21,1,test,diff_days_indoor,5,0,0,0,0,0,0.5122808218002319
data/raw/osu_lora/Diff_Days_Indoor_Setup/Day5/Device23/IQ_1.dat,246,19286154,21,21,1,test,diff_days_indoor,5,0,0,0,0,0,0.33865177631378174
data/raw/osu_lora/Diff_Days_Indoor_Setup/Day5/Device23/IQ_1.dat,247,19364553,21,21,1,test,diff_days_indoor,5,0,0,0,0,0,0.39128729701042175
data/raw/osu_lora/Diff_Days_Indoor_Setup/Day5/Device23/IQ_1.dat,248,19442952,21,10,0,test,diff_days_indoor,5,0,0,0,0,0,0.6203435659408569
data/raw/osu_lora/Diff_Days_Indoor_Setup/Day5/Device23/IQ_1.dat,249,19521351,21,10,0,test,diff_days_indoor,5,0,0,0,0,0,0.4980970621109009
data/raw/osu_lora/Diff_Days_Indoor_Setup/Day5/Device23/IQ_1.dat,250,19599750,21,10,0,test,diff_days_indoor,5,0,0,0,0,0,0.5164547562599182
data/raw/osu_lora/Diff_Days_Indoor_Setup/Day5/Device23/IQ_1.dat,251,19678149,21,21,1,test,diff_days_indoor,5,0,0,0,0,0,0.5921984314918518
data/raw/osu_lora/Diff_Days_Indoor_Setup/Day5/Device23/IQ_1.dat,252,19756548,21,21,1,test,diff_days_indoor,5,0,0,0,0,0,0.5177017450332642
data/raw/osu_lora/Diff_Days_Indoor_Setup/Day5/Device23/IQ_1.dat,253,19834947,21,21,1,test,diff_days_indoor,5,0,0,0,0,0,0.5102161765098572
data/raw/osu_lora/Diff_Days_Indoor_Setup/Day5/Device23/IQ_1.dat,254,19913346,21,21,1,test,diff_days_indoor,5,0,0,0,0,0,0.40784335136413574
data/raw/osu_lora/Diff_Days_Indoor_Setup/Day5/Device23/IQ_1.dat,255,19991745,21,6,0,test,diff_days_indoor,5,0,0,0,0,0,0.14978592097759247
data/raw/osu_lora/Diff_Days_Indoor_Setup/Day5/Device24/IQ_1.dat,0,0,22,22,1,test,diff_days_indoor,5,0,0,0,0,0,0.8511968851089478
data/raw/osu_lora/Diff_Days_Indoor_Setup/Day5/Device24/IQ_1.dat,1,78399,22,22,1,test,diff_days_indoor,5,0,0,0,0,0,0.4714725911617279
data/raw/osu_lora/Diff_Days_Indoor_Setup/Day5/Device24/IQ_1.dat,2,156798,22,23,0,test,diff_days_indoor,5,0,0,0,0,0,0.3201294541358948
data/raw/osu_lora/Diff_Days_Indoor_Setup/Day5/Device24/IQ_1.dat,3,235197,22,23,0,test,diff_days_indoor,5,0,0,0,0,0,0.30340415239334106
data/raw/osu_lora/Diff_Days_Indoor_Setup/Day5/Device24/IQ_1.dat,4,313596,22,22,1,test,diff_days_indoor,5,0,0,0,0,0,0.5905313491821289
data/raw/osu_lora/Diff_Days_Indoor_Setup/Day5/Device24/IQ_1.dat,5,391995,22,22,1,test,diff_days_indoor,5,0,0,0,0,0,0.7753211855888367
data/raw/osu_lora/Diff_Days_Indoor_Setup/Day5/Device24/IQ_1.dat,6,470394,22,22,1,test,diff_days_indoor,5,0,0,0,0,0,0.546858012676239
data/raw/osu_lora/Diff_Days_Indoor_Setup/Day5/Device24/IQ_1.dat,7,548793,22,22,1,test,diff_days_indoor,5,0,0,0,0,0,0.6420500874519348
data/raw/osu_lora/Diff_Days_Indoor_Setup/Day5/Device24/IQ_1.dat,8,627192,22,21,0,test,diff_days_indoor,5,0,0,0,0,0,0.12989084422588348
data/raw/osu_lora/Diff_Days_Indoor_Setup/Day5/Device24/IQ_1.dat,9,705591,22,22,1,test,diff_days_indoor,5,0,0,0,0,0,0.5933032631874084
data/raw/osu_lora/Diff_Days_Indoor_Setup/Day5/Device24/IQ_1.dat,10,783990,22,22,1,test,diff_days_indoor,5,0,0,0,0,0,0.8364635109901428
data/raw/osu_lora/Diff_Days_Indoor_Setup/Day5/Device24/IQ_1.dat,11,862389,22,22,1,test,diff_days_indoor,5,0,0,0,0,0,0.6801518797874451
data/raw/osu_lora/Diff_Days_Indoor_Setup/Day5/Device24/IQ_1.dat,12,940788,22,23,0,test,diff_days_indoor,5,0,0,0,0,0,0.33568075299263
data/raw/osu_lora/Diff_Days_Indoor_Setup/Day5/Device24/IQ_1.dat,13,1019187,22,22,1,test,diff_days_indoor,5,0,0,0,0,0,0.6934470534324646
data/raw/osu_lora/Diff_Days_Indoor_Setup/Day5/Device24/IQ_1.dat,14,1097586,22,19,0,test,diff_days_indoor,5,0,0,0,0,0,0.6205139756202698
data/raw/osu_lora/Diff_Days_Indoor_Setup/Day5/Device24/IQ_1.dat,15,1175985,22,22,1,test,diff_days_indoor,5,0,0,0,0,0,0.4208590090274811
data/raw/osu_lora/Diff_Days_Indoor_Setup/Day5/Device24/IQ_1.dat,16,1254384,22,22,1,test,diff_days_indoor,5,0,0,0,0,0,0.3927735984325409
data/raw/osu_lora/Diff_Days_Indoor_Setup/Day5/Device24/IQ_1.dat,17,1332783,22,22,1,test,diff_days_indoor,5,0,0,0,0,0,0.683041512966156
data/raw/osu_lora/Diff_Days_Indoor_Setup/Day5/Device24/IQ_1.dat,18,1411182,22,22,1,test,diff_days_indoor,5,0,0,0,0,0,0.6180378794670105
data/raw/osu_lora/Diff_Days_Indoor_Setup/Day5/Device24/IQ_1.dat,19,1489581,22,22,1,test,diff_days_indoor,5,0,0,0,0,0,0.4676941931247711
data/raw/osu_lora/Diff_Days_Indoor_Setup/Day5/Device24/IQ_1.dat,20,1567980,22,22,1,test,diff_days_indoor,5,0,0,0,0,0,0.49659571051597595
data/raw/osu_lora/Diff_Days_Indoor_Setup/Day5/Device24/IQ_1.dat,21,1646379,22,22,1,test,diff_days_indoor,5,0,0,0,0,0,0.3972947299480438
data/raw/osu_lora/Diff_Days_Indoor_Setup/Day5/Device24/IQ_1.dat,22,1724778,22,22,1,test,diff_days_indoor,5,0,0,0,0,0,0.7232288122177124
data/raw/osu_lora/Diff_Days_Indoor_Setup/Day5/Device24/IQ_1.dat,23,1803177,22,19,0,test,diff_days_indoor,5,0,0,0,0,0,0.49013787508010864
data/raw/osu_lora/Diff_Days_Indoor_Setup/Day5/Device24/IQ_1.dat,24,1881576,22,22,1,test,diff_days_indoor,5,0,0,0,0,0,0.3436172902584076
data/raw/osu_lora/Diff_Days_Indoor_Setup/Day5/Device24/IQ_1.dat,25,1959975,22,22,1,test,diff_days_indoor,5,0,0,0,0,0,0.6154877543449402
data/raw/osu_lora/Diff_Days_Indoor_Setup/Day5/Device24/IQ_1.dat,26,2038374,22,22,1,test,diff_days_indoor,5,0,0,0,0,0,0.7684921026229858
data/raw/osu_lora/Diff_Days_Indoor_Setup/Day5/Device24/IQ_1.dat,27,2116773,22,22,1,test,diff_days_indoor,5,0,0,0,0,0,0.6247518658638
data/raw/osu_lora/Diff_Days_Indoor_Setup/Day5/Device24/IQ_1.dat,28,2195172,22,22,1,test,diff_days_indoor,5,0,0,0,0,0,0.8470266461372375
data/raw/osu_lora/Diff_Days_Indoor_Setup/Day5/Device24/IQ_1.dat,29,2273571,22,22,1,test,diff_days_indoor,5,0,0,0,0,0,0.7933267951011658
data/raw/osu_lora/Diff_Days_Indoor_Setup/Day5/Device24/IQ_1.dat,30,2351970,22,22,1,test,diff_days_indoor,5,0,0,0,0,0,0.3938916325569153
data/raw/osu_lora/Diff_Days_Indoor_Setup/Day5/Device24/IQ_1.dat,31,2430369,22,22,1,test,diff_days_indoor,5,0,0,0,0,0,0.7854880094528198
data/raw/osu_lora/Diff_Days_Indoor_Setup/Day5/Device24/IQ_1.dat,32,2508768,22,19,0,test,diff_days_indoor,5,0,0,0,0,0,0.6403048634529114
data/raw/osu_lora/Diff_Days_Indoor_Setup/Day5/Device24/IQ_1.dat,33,2587167,22,22,1,test,diff_days_indoor,5,0,0,0,0,0,0.617173969745636
data/raw/osu_lora/Diff_Days_Indoor_Setup/Day5/Device24/IQ_1.dat,34,2665566,22,22,1,test,diff_days_indoor,5,0,0,0,0,0,0.6450660824775696
data/raw/osu_lora/Diff_Days_Indoor_Setup/Day5/Device24/IQ_1.dat,35,2743965,22,22,1,test,diff_days_indoor,5,0,0,0,0,0,0.6280726194381714
data/raw/osu_lora/Diff_Days_Indoor_Setup/Day5/Device24/IQ_1.dat,36,2822364,22,22,1,test,diff_days_indoor,5,0,0,0,0,0,0.5922003388404846
data/raw/osu_lora/Diff_Days_Indoor_Setup/Day5/Device24/IQ_1.dat,37,2900763,22,22,1,test,diff_days_indoor,5,0,0,0,0,0,0.5469347834587097
data/raw/osu_lora/Diff_Days_Indoor_Setup/Day5/Device24/IQ_1.dat,38,2979162,22,22,1,test,diff_days_indoor,5,0,0,0,0,0,0.7136546969413757
data/raw/osu_lora/Diff_Days_Indoor_Setup/Day5/Device24/IQ_1.dat,39,3057561,22,23,0,test,diff_days_indoor,5,0,0,0,0,0,0.38344892859458923
data/raw/osu_lora/Diff_Days_Indoor_Setup/Day5/Device24/IQ_1.dat,40,3135960,22,22,1,test,diff_days_indoor,5,0,0,0,0,0,0.6017208099365234
data/raw/osu_lora/Diff_Days_Indoor_Setup/Day5/Device24/IQ_1.dat,41,3214359,22,22,1,test,diff_days_indoor,5,0,0,0,0,0,0.739551305770874
data/raw/osu_lora/Diff_Days_Indoor_Setup/Day5/Device24/IQ_1.dat,42,3292758,22,22,1,test,diff_days_indoor,5,0,0,0,0,0,0.8873860239982605
data/raw/osu_lora/Diff_Days_Indoor_Setup/Day5/Device24/IQ_1.dat,43,3371157,22,19,0,test,diff_days_indoor,5,0,0,0,0,0,0.295343279838562
data/raw/osu_lora/Diff_Days_Indoor_Setup/Day5/Device24/IQ_1.dat,44,3449556,22,22,1,test,diff_days_indoor,5,0,0,0,0,0,0.5994654297828674
data/raw/osu_lora/Diff_Days_Indoor_Setup/Day5/Device24/IQ_1.dat,45,3527955,22,22,1,test,diff_days_indoor,5,0,0,0,0,0,0.3635160028934479
data/raw/osu_lora/Diff_Days_Indoor_Setup/Day5/Device24/IQ_1.dat,46,3606354,22,22,1,test,diff_days_indoor,5,0,0,0,0,0,0.495434045791626
data/raw/osu_lora/Diff_Days_Indoor_Setup/Day5/Device24/IQ_1.dat,47,3684753,22,22,1,test,diff_days_indoor,5,0,0,0,0,0,0.6544103622436523
data/raw/osu_lora/Diff_Days_Indoor_Setup/Day5/Device24/IQ_1.dat,48,3763152,22,22,1,test,diff_days_indoor,5,0,0,0,0,0,0.5344225764274597
data/raw/osu_lora/Diff_Days_Indoor_Setup/Day5/Device24/IQ_1.dat,49,3841551,22,22,1,test,diff_days_indoor,5,0,0,0,0,0,0.5452969670295715
data/raw/osu_lora/Diff_Days_Indoor_Setup/Day5/Device24/IQ_1.dat,50,3919950,22,19,0,test,diff_days_indoor,5,0,0,0,0,0,0.40747594833374023
data/raw/osu_lora/Diff_Days_Indoor_Setup/Day5/Device24/IQ_1.dat,51,3998349,22,22,1,test,diff_days_indoor,5,0,0,0,0,0,0.6002174019813538
data/raw/osu_lora/Diff_Days_Indoor_Setup/Day5/Device24/IQ_1.dat,52,4076748,22,22,1,test,diff_days_indoor,5,0,0,0,0,0,0.7051011323928833
data/raw/osu_lora/Diff_Days_Indoor_Setup/Day5/Device24/IQ_1.dat,53,4155147,22,22,1,test,diff_days_indoor,5,0,0,0,0,0,0.8483815789222717
data/raw/osu_lora/Diff_Days_Indoor_Setup/Day5/Device24/IQ_1.dat,54,4233546,22,22,1,test,diff_days_indoor,5,0,0,0,0,0,0.5907731652259827
data/raw/osu_lora/Diff_Days_Indoor_Setup/Day5/Device24/IQ_1.dat,55,4311945,22,22,1,test,diff_days_indoor,5,0,0,0,0,0,0.5739647150039673
data/raw/osu_lora/Diff_Days_Indoor_Setup/Day5/Device24/IQ_1.dat,56,4390344,22,22,1,test,diff_days_indoor,5,0,0,0,0,0,0.5090999007225037
data/raw/osu_lora/Diff_Days_Indoor_Setup/Day5/Device24/IQ_1.dat,57,4468743,22,7,0,test,diff_days_indoor,5,0,0,0,0,0,0.19777430593967438
data/raw/osu_lora/Diff_Days_Indoor_Setup/Day5/Device24/IQ_1.dat,58,4547142,22,23,0,test,diff_days_indoor,5,0,0,0,0,0,0.35881462693214417
data/raw/osu_lora/Diff_Days_Indoor_Setup/Day5/Device24/IQ_1.dat,59,4625541,22,22,1,test,diff_days_indoor,5,0,0,0,0,0,0.8059940338134766
data/raw/osu_lora/Diff_Days_Indoor_Setup/Day5/Device24/IQ_1.dat,60,4703940,22,22,1,test,diff_days_indoor,5,0,0,0,0,0,0.41798263788223267
data/raw/osu_lora/Diff_Days_Indoor_Setup/Day5/Device24/IQ_1.dat,61,4782339,22,22,1,test,diff_days_indoor,5,0,0,0,0,0,0.6864708662033081
data/raw/osu_lora/Diff_Days_Indoor_Setup/Day5/Device24/IQ_1.dat,62,4860738,22,22,1,test,diff_days_indoor,5,0,0,0,0,0,0.5426881313323975
data/raw/osu_lora/Diff_Days_Indoor_Setup/Day5/Device24/IQ_1.dat,63,4939137,22,22,1,test,diff_days_indoor,5,0,0,0,0,0,0.5782764554023743
data/raw/osu_lora/Diff_Days_Indoor_Setup/Day5/Device24/IQ_1.dat,64,5017536,22,22,1,test,diff_days_indoor,5,0,0,0,0,0,0.523673415184021
data/raw/osu_lora/Diff_Days_Indoor_Setup/Day5/Device24/IQ_1.dat,65,5095935,22,22,1,test,diff_days_indoor,5,0,0,0,0,0,0.7416104674339294
data/raw/osu_lora/Diff_Days_Indoor_Setup/Day5/Device24/IQ_1.dat,66,5174334,22,23,0,test,diff_days_indoor,5,0,0,0,0,0,0.4231056571006775
data/raw/osu_lora/Diff_Days_Indoor_Setup/Day5/Device24/IQ_1.dat,67,5252733,22,22,1,test,diff_days_indoor,5,0,0,0,0,0,0.6922743916511536
data/raw/osu_lora/Diff_Days_Indoor_Setup/Day5/Device24/IQ_1.dat,68,5331132,22,22,1,test,diff_days_indoor,5,0,0,0,0,0,0.6352677941322327
data/raw/osu_lora/Diff_Days_Indoor_Setup/Day5/Device24/IQ_1.dat,69,5409531,22,22,1,test,diff_days_indoor,5,0,0,0,0,0,0.6952937841415405
data/raw/osu_lora/Diff_Days_Indoor_Setup/Day5/Device24/IQ_1.dat,70,5487930,22,19,0,test,diff_days_indoor,5,0,0,0,0,0,0.6933793425559998
data/raw/osu_lora/Diff_Days_Indoor_Setup/Day5/Device24/IQ_1.dat,71,5566329,22,22,1,test,diff_days_indoor,5,0,0,0,0,0,0.3365871012210846
data/raw/osu_lora/Diff_Days_Indoor_Setup/Day5/Device24/IQ_1.dat,72,5644728,22,22,1,test,diff_days_indoor,5,0,0,0,0,0,0.47934475541114807
data/raw/osu_lora/Diff_Days_Indoor_Setup/Day5/Device24/IQ_1.dat,73,5723127,22,22,1,test,diff_days_indoor,5,0,0,0,0,0,0.8208234310150146
data/raw/osu_lora/Diff_Days_Indoor_Setup/Day5/Device24/IQ_1.dat,74,5801526,22,22,1,test,diff_days_indoor,5,0,0,0,0,0,0.742504894733429
data/raw/osu_lora/Diff_Days_Indoor_Setup/Day5/Device24/IQ_1.dat,75,5879925,22,22,1,test,diff_days_indoor,5,0,0,0,0,0,0.7778870463371277
data/raw/osu_lora/Diff_Days_Indoor_Setup/Day5/Device24/IQ_1.dat,76,5958324,22,22,1,test,diff_days_indoor,5,0,0,0,0,0,0.7877301573753357
data/raw/osu_lora/Diff_Days_Indoor_Setup/Day5/Device24/IQ_1.dat,77,6036723,22,22,1,test,diff_days_indoor,5,0,0,0,0,0,0.4664194583892822
data/raw/osu_lora/Diff_Days_Indoor_Setup/Day5/Device24/IQ_1.dat,78,6115122,22,22,1,test,diff_days_indoor,5,0,0,0,0,0,0.8015445470809937
data/raw/osu_lora/Diff_Days_Indoor_Setup/Day5/Device24/IQ_1.dat,79,6193521,22,22,1,test,diff_days_indoor,5,0,0,0,0,0,0.3442125916481018
data/raw/osu_lora/Diff_Days_Indoor_Setup/Day5/Device24/IQ_1.dat,80,6271920,22,22,1,test,diff_days_indoor,5,0,0,0,0,0,0.34639352560043335
data/raw/osu_lora/Diff_Days_Indoor_Setup/Day5/Device24/IQ_1.dat,81,6350319,22,22,1,test,diff_days_indoor,5,0,0,0,0,0,0.5678408741950989
data/raw/osu_lora/Diff_Days_Indoor_Setup/Day5/Device24/IQ_1.dat,82,6428718,22,22,1,test,diff_days_indoor,5,0,0,0,0,0,0.5354759097099304
data/raw/osu_lora/Diff_Days_Indoor_Setup/Day5/Device24/IQ_1.dat,83,6507117,22,22,1,test,diff_days_indoor,5,0,0,0,0,0,0.407772421836853
data/raw/osu_lora/Diff_Days_Indoor_Setup/Day5/Device24/IQ_1.dat,84,6585516,22,22,1,test,diff_days_indoor,5,0,0,0,0,0,0.8279087543487549
data/raw/osu_lora/Diff_Days_Indoor_Setup/Day5/Device24/IQ_1.dat,85,6663915,22,19,0,test,diff_days_indoor,5,0,0,0,0,0,0.5138655304908752
data/raw/osu_lora/Diff_Days_Indoor_Setup/Day5/Device24/IQ_1.dat,86,6742314,22,22,1,test,diff_days_indoor,5,0,0,0,0,0,0.6571969389915466
data/raw/osu_lora/Diff_Days_Indoor_Setup/Day5/Device24/IQ_1.dat,87,6820713,22,22,1,test,diff_days_indoor,5,0,0,0,0,0,0.7095698714256287
data/raw/osu_lora/Diff_Days_Indoor_Setup/Day5/Device24/IQ_1.dat,88,6899112,22,22,1,test,diff_days_indoor,5,0,0,0,0,0,0.6038944125175476
data/raw/osu_lora/Diff_Days_Indoor_Setup/Day5/Device24/IQ_1.dat,89,6977511,22,22,1,test,diff_days_indoor,5,0,0,0,0,0,0.6822105646133423
data/raw/osu_lora/Diff_Days_Indoor_Setup/Day5/Device24/IQ_1.dat,90,7055910,22,19,0,test,diff_days_indoor,5,0,0,0,0,0,0.6935666799545288
data/raw/osu_lora/Diff_Days_Indoor_Setup/Day5/Device24/IQ_1.dat,91,7134309,22,22,1,test,diff_days_indoor,5,0,0,0,0,0,0.6834885478019714
data/raw/osu_lora/Diff_Days_Indoor_Setup/Day5/Device24/IQ_1.dat,92,7212708,22,22,1,test,diff_days_indoor,5,0,0,0,0,0,0.3883112967014313
data/raw/osu_lora/Diff_Days_Indoor_Setup/Day5/Device24/IQ_1.dat,93,7291107,22,22,1,test,diff_days_indoor,5,0,0,0,0,0,0.857427179813385
data/raw/osu_lora/Diff_Days_Indoor_Setup/Day5/Device24/IQ_1.dat,94,7369506,22,22,1,test,diff_days_indoor,5,0,0,0,0,0,0.8236426711082458
data/raw/osu_lora/Diff_Days_Indoor_Setup/Day5/Device24/IQ_1.dat,95,7447905,22,19,0,test,diff_days_indoor,5,0,0,0,0,0,0.43601328134536743
data/raw/osu_lora/Diff_Days_Indoor_Setup/Day5/Device24/IQ_1.dat,96,7526304,22,19,0,test,diff_days_indoor,5,0,0,0,0,0,0.38223662972450256
data/raw/osu_lora/Diff_Days_Indoor_Setup/Day5/Device24/IQ_1.dat,97,7604703,22,22,1,test,diff_days_indoor,5,0,0,0,0,0,0.5006056427955627
data/raw/osu_lora/Diff_Days_Indoor_Setup/Day5/Device24/IQ_1.dat,98,7683102,22,22,1,test,diff_days_indoor,5,0,0,0,0,0,0.6068356037139893
data/raw/osu_lora/Diff_Days_Indoor_Setup/Day5/Device24/IQ_1.dat,99,7761501,22,22,1,test,diff_days_indoor,5,0,0,0,0,0,0.6709285974502563
data/raw/osu_lora/Diff_Days_Indoor_Setup/Day5/Device24/IQ_1.dat,100,7839900,22,22,1,test,diff_days_indoor,5,0,0,0,0,0,0.5000457763671875
data/raw/osu_lora/Diff_Days_Indoor_Setup/Day5/Device24/IQ_1.dat,101,7918299,22,22,1,test,diff_days_indoor,5,0,0,0,0,0,0.7926291823387146
data/raw/osu_lora/Diff_Days_Indoor_Setup/Day5/Device24/IQ_1.dat,102,7996698,22,22,1,test,diff_days_indoor,5,0,0,0,0,0,0.6236887574195862
data/raw/osu_lora/Diff_Days_Indoor_Setup/Day5/Device24/IQ_1.dat,103,8075097,22,22,1,test,diff_days_indoor,5,0,0,0,0,0,0.8427185416221619
data/raw/osu_lora/Diff_Days_Indoor_Setup/Day5/Device24/IQ_1.dat,104,8153496,22,22,1,test,diff_days_indoor,5,0,0,0,0,0,0.8516528010368347
data/raw/osu_lora/Diff_Days_Indoor_Setup/Day5/Device24/IQ_1.dat,105,8231895,22,22,1,test,diff_days_indoor,5,0,0,0,0,0,0.5541980862617493
data/raw/osu_lora/Diff_Days_Indoor_Setup/Day5/Device24/IQ_1.dat,106,8310294,22,22,1,test,diff_days_indoor,5,0,0,0,0,0,0.8037007451057434
data/raw/osu_lora/Diff_Days_Indoor_Setup/Day5/Device24/IQ_1.dat,107,8388693,22,22,1,test,diff_days_indoor,5,0,0,0,0,0,0.7145827412605286
data/raw/osu_lora/Diff_Days_Indoor_Setup/Day5/Device24/IQ_1.dat,108,8467092,22,22,1,test,diff_days_indoor,5,0,0,0,0,0,0.8651999235153198
data/raw/osu_lora/Diff_Days_Indoor_Setup/Day5/Device24/IQ_1.dat,109,8545491,22,22,1,test,diff_days_indoor,5,0,0,0,0,0,0.6425162553787231
data/raw/osu_lora/Diff_Days_Indoor_Setup/Day5/Device24/IQ_1.dat,110,8623890,22,22,1,test,diff_days_indoor,5,0,0,0,0,0,0.5140711069107056
data/raw/osu_lora/Diff_Days_Indoor_Setup/Day5/Device24/IQ_1.dat,111,8702289,22,22,1,test,diff_days_indoor,5,0,0,0,0,0,0.38981613516807556
data/raw/osu_lora/Diff_Days_Indoor_Setup/Day5/Device24/IQ_1.dat,112,8780688,22,22,1,test,diff_days_indoor,5,0,0,0,0,0,0.3847379684448242
data/raw/osu_lora/Diff_Days_Indoor_Setup/Day5/Device24/IQ_1.dat,113,8859087,22,22,1,test,diff_days_indoor,5,0,0,0,0,0,0.8224575519561768
data/raw/osu_lora/Diff_Days_Indoor_Setup/Day5/Device24/IQ_1.dat,114,8937486,22,22,1,test,diff_days_indoor,5,0,0,0,0,0,0.7053346633911133
data/raw/osu_lora/Diff_Days_Indoor_Setup/Day5/Device24/IQ_1.dat,115,9015885,22,22,1,test,diff_days_indoor,5,0,0,0,0,0,0.5328257083892822
data/raw/osu_lora/Diff_Days_Indoor_Setup/Day5/Device24/IQ_1.dat,116,9094284,22,19,0,test,diff_days_indoor,5,0,0,0,0,0,0.3230242133140564
data/raw/osu_lora/Diff_Days_Indoor_Setup/Day5/Device24/IQ_1.dat,117,9172683,22,19,0,test,diff_days_indoor,5,0,0,0,0,0,0.40614163875579834
data/raw/osu_lora/Diff_Days_Indoor_Setup/Day5/Device24/IQ_1.dat,118,9251082,22,22,1,test,diff_days_indoor,5,0,0,0,0,0,0.7143040299415588
data/raw/osu_lora/Diff_Days_Indoor_Setup/Day5/Device24/IQ_1.dat,119,9329481,22,19,0,test,diff_days_indoor,5,0,0,0,0,0,0.5279417634010315
data/raw/osu_lora/Diff_Days_Indoor_Setup/Day5/Device24/IQ_1.dat,120,9407880,22,22,1,test,diff_days_indoor,5,0,0,0,0,0,0.8804298639297485
data/raw/osu_lora/Diff_Days_Indoor_Setup/Day5/Device24/IQ_1.dat,121,9486279,22,22,1,test,diff_days_indoor,5,0,0,0,0,0,0.6515891551971436
data/raw/osu_lora/Diff_Days_Indoor_Setup/Day5/Device24/IQ_1.dat,122,9564678,22,22,1,test,diff_days_indoor,5,0,0,0,0,0,0.35744839906692505
data/raw/osu_lora/Diff_Days_Indoor_Setup/Day5/Device24/IQ_1.dat,123,9643077,22,19,0,test,diff_days_indoor,5,0,0,0,0,0,0.3378223776817322
data/raw/osu_lora/Diff_Days_Indoor_Setup/Day5/Device24/IQ_1.dat,124,9721476,22,19,0,test,diff_days_indoor,5,0,0,0,0,0,0.5824446678161621
data/raw/osu_lora/Diff_Days_Indoor_Setup/Day5/Device24/IQ_1.dat,125,9799875,22,22,1,test,diff_days_indoor,5,0,0,0,0,0,0.5042785406112671
data/raw/osu_lora/Diff_Days_Indoor_Setup/Day5/Device24/IQ_1.dat,126,9878274,22,5,0,test,diff_days_indoor,5,0,0,0,0,0,0.6247366666793823
data/raw/osu_lora/Diff_Days_Indoor_Setup/Day5/Device24/IQ_1.dat,127,9956673,22,19,0,test,diff_days_indoor,5,0,0,0,0,0,0.5139585137367249
data/raw/osu_lora/Diff_Days_Indoor_Setup/Day5/Device24/IQ_1.dat,128,10035072,22,5,0,test,diff_days_indoor,5,0,0,0,0,0,0.37093445658683777
data/raw/osu_lora/Diff_Days_Indoor_Setup/Day5/Device24/IQ_1.dat,129,10113471,22,22,1,test,diff_days_indoor,5,0,0,0,0,0,0.38341984152793884
data/raw/osu_lora/Diff_Days_Indoor_Setup/Day5/Device24/IQ_1.dat,130,10191870,22,22,1,test,diff_days_indoor,5,0,0,0,0,0,0.8077380657196045
data/raw/osu_lora/Diff_Days_Indoor_Setup/Day5/Device24/IQ_1.dat,131,10270269,22,22,1,test,diff_days_indoor,5,0,0,0,0,0,0.8279312252998352
data/raw/osu_lora/Diff_Days_Indoor_Setup/Day5/Device24/IQ_1.dat,132,10348668,22,22,1,test,diff_days_indoor,5,0,0,0,0,0,0.6262189745903015
data/raw/osu_lora/Diff_Days_Indoor_Setup/Day5/Device24/IQ_1.dat,133,10427067,22,22,1,test,diff_days_indoor,5,0,0,0,0,0,0.6416308879852295
data/raw/osu_lora/Diff_Days_Indoor_Setup/Day5/Device24/IQ_1.dat,134,10505466,22,19,0,test,diff_days_indoor,5,0,0,0,0,0,0.5856398940086365
data/raw/osu_lora/Diff_Days_Indoor_Setup/Day5/Device24/IQ_1.dat,135,10583865,22,22,1,test,diff_days_indoor,5,0,0,0,0,0,0.3861769437789917
data/raw/osu_lora/Diff_Days_Indoor_Setup/Day5/Device24/IQ_1.dat,136,10662264,22,19,0,test,diff_days_indoor,5,0,0,0,0,0,0.43422743678092957
data/raw/osu_lora/Diff_Days_Indoor_Setup/Day5/Device24/IQ_1.dat,137,10740663,22,22,1,test,diff_days_indoor,5,0,0,0,0,0,0.5556575059890747
data/raw/osu_lora/Diff_Days_Indoor_Setup/Day5/Device24/IQ_1.dat,138,10819062,22,19,0,test,diff_days_indoor,5,0,0,0,0,0,0.4607287049293518
data/raw/osu_lora/Diff_Days_Indoor_Setup/Day5/Device24/IQ_1.dat,139,10897461,22,22,1,test,diff_days_indoor,5,0,0,0,0,0,0.40244001150131226
data/raw/osu_lora/Diff_Days_Indoor_Setup/Day5/Device24/IQ_1.dat,140,10975860,22,22,1,test,diff_days_indoor,5,0,0,0,0,0,0.36491572856903076
data/raw/osu_lora/Diff_Days_Indoor_Setup/Day5/Device24/IQ_1.dat,141,11054259,22,22,1,test,diff_days_indoor,5,0,0,0,0,0,0.499576210975647
data/raw/osu_lora/Diff_Days_Indoor_Setup/Day5/Device24/IQ_1.dat,142,11132658,22,22,1,test,diff_days_indoor,5,0,0,0,0,0,0.6820869445800781
data/raw/osu_lora/Diff_Days_Indoor_Setup/Day5/Device24/IQ_1.dat,143,11211057,22,19,0,test,diff_days_indoor,5,0,0,0,0,0,0.412240594625473
data/raw/osu_lora/Diff_Days_Indoor_Setup/Day5/Device24/IQ_1.dat,144,11289456,22,19,0,test,diff_days_indoor,5,0,0,0,0,0,0.4015735983848572
data/raw/osu_lora/Diff_Days_Indoor_Setup/Day5/Device24/IQ_1.dat,145,11367855,22,22,1,test,diff_days_indoor,5,0,0,0,0,0,0.5462239384651184
data/raw/osu_lora/Diff_Days_Indoor_Setup/Day5/Device24/IQ_1.dat,146,11446254,22,22,1,test,diff_days_indoor,5,0,0,0,0,0,0.696296751499176
data/raw/osu_lora/Diff_Days_Indoor_Setup/Day5/Device24/IQ_1.dat,147,11524653,22,22,1,test,diff_days_indoor,5,0,0,0,0,0,0.6796420216560364
data/raw/osu_lora/Diff_Days_Indoor_Setup/Day5/Device24/IQ_1.dat,148,11603052,22,22,1,test,diff_days_indoor,5,0,0,0,0,0,0.7960609197616577
data/raw/osu_lora/Diff_Days_Indoor_Setup/Day5/Device24/IQ_1.dat,149,11681451,22,22,1,test,diff_days_indoor,5,0,0,0,0,0,0.7158869504928589
data/raw/osu_lora/Diff_Days_Indoor_Setup/Day5/Device24/IQ_1.dat,150,11759850,22,22,1,test,diff_days_indoor,5,0,0,0,0,0,0.596707284450531
data/raw/osu_lora/Diff_Days_Indoor_Setup/Day5/Device24/IQ_1.dat,151,11838249,22,22,1,test,diff_days_indoor,5,0,0,0,0,0,0.5725859999656677
data/raw/osu_lora/Diff_Days_Indoor_Setup/Day5/Device24/IQ_1.dat,152,11916648,22,22,1,test,diff_days_indoor,5,0,0,0,0,0,0.6394003033638
data/raw/osu_lora/Diff_Days_Indoor_Setup/Day5/Device24/IQ_1.dat,153,11995047,22,22,1,test,diff_days_indoor,5,0,0,0,0,0,0.6210456490516663
data/raw/osu_lora/Diff_Days_Indoor_Setup/Day5/Device24/IQ_1.dat,154,12073446,22,22,1,test,diff_days_indoor,5,0,0,0,0,0,0.3786812126636505
data/raw/osu_lora/Diff_Days_Indoor_Setup/Day5/Device24/IQ_1.dat,155,12151845,22,22,1,test,diff_days_indoor,5,0,0,0,0,0,0.5280223488807678
data/raw/osu_lora/Diff_Days_Indoor_Setup/Day5/Device24/IQ_1.dat,156,12230244,22,22,1,test,diff_days_indoor,5,0,0,0,0,0,0.4542345702648163
data/raw/osu_lora/Diff_Days_Indoor_Setup/Day5/Device24/IQ_1.dat,157,12308643,22,22,1,test,diff_days_indoor,5,0,0,0,0,0,0.6111609935760498
data/raw/osu_lora/Diff_Days_Indoor_Setup/Day5/Device24/IQ_1.dat,158,12387042,22,22,1,test,diff_days_indoor,5,0,0,0,0,0,0.8332618474960327
data/raw/osu_lora/Diff_Days_Indoor_Setup/Day5/Device24/IQ_1.dat,159,12465441,22,23,0,test,diff_days_indoor,5,0,0,0,0,0,0.28890231251716614
data/raw/osu_lora/Diff_Days_Indoor_Setup/Day5/Device24/IQ_1.dat,160,12543840,22,22,1,test,diff_days_indoor,5,0,0,0,0,0,0.698758602142334
data/raw/osu_lora/Diff_Days_Indoor_Setup/Day5/Device24/IQ_1.dat,161,12622239,22,22,1,test,diff_days_indoor,5,0,0,0,0,0,0.44656169414520264
data/raw/osu_lora/Diff_Days_Indoor_Setup/Day5/Device24/IQ_1.dat,162,12700638,22,15,0,test,diff_days_indoor,5,0,0,0,0,0,0.3579351007938385
data/raw/osu_lora/Diff_Days_Indoor_Setup/Day5/Device24/IQ_1.dat,163,12779037,22,19,0,test,diff_days_indoor,5,0,0,0,0,0,0.34588655829429626
data/raw/osu_lora/Diff_Days_Indoor_Setup/Day5/Device24/IQ_1.dat,164,12857436,22,22,1,test,diff_days_indoor,5,0,0,0,0,0,0.7725870609283447
data/raw/osu_lora/Diff_Days_Indoor_Setup/Day5/Device24/IQ_1.dat,165,12935835,22,22,1,test,diff_days_indoor,5,0,0,0,0,0,0.7553404569625854
data/raw/osu_lora/Diff_Days_Indoor_Setup/Day5/Device24/IQ_1.dat,166,13014234,22,22,1,test,diff_days_indoor,5,0,0,0,0,0,0.6453310251235962
data/raw/osu_lora/Diff_Days_Indoor_Setup/Day5/Device24/IQ_1.dat,167,13092633,22,22,1,test,diff_days_indoor,5,0,0,0,0,0,0.7871487736701965
data/raw/osu_lora/Diff_Days_Indoor_Setup/Day5/Device24/IQ_1.dat,168,13171032,22,19,0,test,diff_days_indoor,5,0,0,0,0,0,0.5038344860076904
data/raw/osu_lora/Diff_Days_Indoor_Setup/Day5/Device24/IQ_1.dat,169,13249431,22,22,1,test,diff_days_indoor,5,0,0,0,0,0,0.7574027180671692
data/raw/osu_lora/Diff_Days_Indoor_Setup/Day5/Device24/IQ_1.dat,170,13327830,22,23,0,test,diff_days_indoor,5,0,0,0,0,0,0.32871049642562866
data/raw/osu_lora/Diff_Days_Indoor_Setup/Day5/Device24/IQ_1.dat,171,13406229,22,22,1,test,diff_days_indoor,5,0,0,0,0,0,0.8462669253349304
data/raw/osu_lora/Diff_Days_Indoor_Setup/Day5/Device24/IQ_1.dat,172,13484628,22,22,1,test,diff_days_indoor,5,0,0,0,0,0,0.39236369729042053
data/raw/osu_lora/Diff_Days_Indoor_Setup/Day5/Device24/IQ_1.dat,173,13563027,22,22,1,test,diff_days_indoor,5,0,0,0,0,0,0.7822112441062927
data/raw/osu_lora/Diff_Days_Indoor_Setup/Day5/Device24/IQ_1.dat,174,13641426,22,22,1,test,diff_days_indoor,5,0,0,0,0,0,0.5283297896385193
data/raw/osu_lora/Diff_Days_Indoor_Setup/Day5/Device24/IQ_1.dat,175,13719825,22,22,1,test,diff_days_indoor,5,0,0,0,0,0,0.5790777802467346
data/raw/osu_lora/Diff_Days_Indoor_Setup/Day5/Device24/IQ_1.dat,176,13798224,22,22,1,test,diff_days_indoor,5,0,0,0,0,0,0.47392740845680237
data/raw/osu_lora/Diff_Days_Indoor_Setup/Day5/Device24/IQ_1.dat,177,13876623,22,22,1,test,diff_days_indoor,5,0,0,0,0,0,0.8306575417518616
data/raw/osu_lora/Diff_Days_Indoor_Setup/Day5/Device24/IQ_1.dat,178,13955022,22,15,0,test,diff_days_indoor,5,0,0,0,0,0,0.30850568413734436
data/raw/osu_lora/Diff_Days_Indoor_Setup/Day5/Device24/IQ_1.dat,179,14033421,22,22,1,test,diff_days_indoor,5,0,0,0,0,0,0.405378520488739
data/raw/osu_lora/Diff_Days_Indoor_Setup/Day5/Device24/IQ_1.dat,180,14111820,22,22,1,test,diff_days_indoor,5,0,0,0,0,0,0.5862473249435425
data/raw/osu_lora/Diff_Days_Indoor_Setup/Day5/Device24/IQ_1.dat,181,14190219,22,22,1,test,diff_days_indoor,5,0,0,0,0,0,0.6352642178535461
data/raw/osu_lora/Diff_Days_Indoor_Setup/Day5/Device24/IQ_1.dat,182,14268618,22,22,1,test,diff_days_indoor,5,0,0,0,0,0,0.4808914065361023
data/raw/osu_lora/Diff_Days_Indoor_Setup/Day5/Device24/IQ_1.dat,183,14347017,22,22,1,test,diff_days_indoor,5,0,0,0,0,0,0.4831973910331726
data/raw/osu_lora/Diff_Days_Indoor_Setup/Day5/Device24/IQ_1.dat,184,14425416,22,22,1,test,diff_days_indoor,5,0,0,0,0,0,0.5781146883964539
data/raw/osu_lora/Diff_Days_Indoor_Setup/Day5/Device24/IQ_1.dat,185,14503815,22,22,1,test,diff_days_indoor,5,0,0,0,0,0,0.5843479037284851
data/raw/osu_lora/Diff_Days_Indoor_Setup/Day5/Device24/IQ_1.dat,186,14582214,22,23,0,test,diff_days_indoor,5,0,0,0,0,0,0.36112919449806213
data/raw/osu_lora/Diff_Days_Indoor_Setup/Day5/Device24/IQ_1.dat,187,14660613,22,22,1,test,diff_days_indoor,5,0,0,0,0,0,0.5655068159103394
data/raw/osu_lora/Diff_Days_Indoor_Setup/Day5/Device24/IQ_1.dat,188,14739012,22,22,1,test,diff_days_indoor,5,0,0,0,0,0,0.6261039972305298
data/raw/osu_lora/Diff_Days_Indoor_Setup/Day5/Device24/IQ_1.dat,189,14817411,22,22,1,test,diff_days_indoor,5,0,0,0,0,0,0.7508329749107361
data/raw/osu_lora/Diff_Days_Indoor_Setup/Day5/Device24/IQ_1.dat,190,14895810,22,22,1,test,diff_days_indoor,5,0,0,0,0,0,0.6994085907936096
data/raw/osu_lora/Diff_Days_Indoor_Setup/Day5/Device24/IQ_1.dat,191,14974209,22,22,1,test,diff_days_indoor,5,0,0,0,0,0,0.6267709136009216
data/raw/osu_lora/Diff_Days_Indoor_Setup/Day5/Device24/IQ_1.dat,192,15052608,22,22,1,test,diff_days_indoor,5,0,0,0,0,0,0.643009603023529
data/raw/osu_lora/Diff_Days_Indoor_Setup/Day5/Device24/IQ_1.dat,193,15131007,22,22,1,test,diff_days_indoor,5,0,0,0,0,0,0.6392019987106323
data/raw/osu_lora/Diff_Days_Indoor_Setup/Day5/Device24/IQ_1.dat,194,15209406,22,22,1,test,diff_days_indoor,5,0,0,0,0,0,0.6475763320922852
data/raw/osu_lora/Diff_Days_Indoor_Setup/Day5/Device24/IQ_1.dat,195,15287805,22,22,1,test,diff_days_indoor,5,0,0,0,0,0,0.42768925428390503
data/raw/osu_lora/Diff_Days_Indoor_Setup/Day5/Device24/IQ_1.dat,196,15366204,22,22,1,test,diff_days_indoor,5,0,0,0,0,0,0.8339201807975769
data/raw/osu_lora/Diff_Days_Indoor_Setup/Day5/Device24/IQ_1.dat,197,15444603,22,22,1,test,diff_days_indoor,5,0,0,0,0,0,0.6697352528572083
data/raw/osu_lora/Diff_Days_Indoor_Setup/Day5/Device24/IQ_1.dat,198,15523002,22,22,1,test,diff_days_indoor,5,0,0,0,0,0,0.5068963766098022
data/raw/osu_lora/Diff_Days_Indoor_Setup/Day5/Device24/IQ_1.dat,199,15601401,22,22,1,test,diff_days_indoor,5,0,0,0,0,0,0.6356731057167053
data/raw/osu_lora/Diff_Days_Indoor_Setup/Day5/Device24/IQ_1.dat,200,15679800,22,22,1,test,diff_days_indoor,5,0,0,0,0,0,0.628319501876831
data/raw/osu_lora/Diff_Days_Indoor_Setup/Day5/Device24/IQ_1.dat,201,15758199,22,14,0,test,diff_days_indoor,5,0,0,0,0,0,0.16378135979175568
data/raw/osu_lora/Diff_Days_Indoor_Setup/Day5/Device24/IQ_1.dat,202,15836598,22,22,1,test,diff_days_indoor,5,0,0,0,0,0,0.7136988043785095
data/raw/osu_lora/Diff_Days_Indoor_Setup/Day5/Device24/IQ_1.dat,203,15914997,22,17,0,test,diff_days_indoor,5,0,0,0,0,0,0.43030497431755066
data/raw/osu_lora/Diff_Days_Indoor_Setup/Day5/Device24/IQ_1.dat,204,15993396,22,23,0,test,diff_days_indoor,5,0,0,0,0,0,0.37165671586990356
data/raw/osu_lora/Diff_Days_Indoor_Setup/Day5/Device24/IQ_1.dat,205,16071795,22,22,1,test,diff_days_indoor,5,0,0,0,0,0,0.4716956317424774
data/raw/osu_lora/Diff_Days_Indoor_Setup/Day5/Device24/IQ_1.dat,206,16150194,22,22,1,test,diff_days_indoor,5,0,0,0,0,0,0.6325169205665588
data/raw/osu_lora/Diff_Days_Indoor_Setup/Day5/Device24/IQ_1.dat,207,16228593,22,19,0,test,diff_days_indoor,5,0,0,0,0,0,0.47475185990333557
data/raw/osu_lora/Diff_Days_Indoor_Setup/Day5/Device24/IQ_1.dat,208,16306992,22,15,0,test,diff_days_indoor,5,0,0,0,0,0,0.3371178209781647
data/raw/osu_lora/Diff_Days_Indoor_Setup/Day5/Device24/IQ_1.dat,209,16385391,22,22,1,test,diff_days_indoor,5,0,0,0,0,0,0.6611656546592712
data/raw/osu_lora/Diff_Days_Indoor_Setup/Day5/Device24/IQ_1.dat,210,16463790,22,22,1,test,diff_days_indoor,5,0,0,0,0,0,0.592358410358429
data/raw/osu_lora/Diff_Days_Indoor_Setup/Day5/Device24/IQ_1.dat,211,16542189,22,22,1,test,diff_days_indoor,5,0,0,0,0,0,0.6667402982711792
data/raw/osu_lora/Diff_Days_Indoor_Setup/Day5/Device24/IQ_1.dat,212,16620588,22,22,1,test,diff_days_indoor,5,0,0,0,0,0,0.7292764186859131
data/raw/osu_lora/Diff_Days_Indoor_Setup/Day5/Device24/IQ_1.dat,213,16698987,22,22,1,test,diff_days_indoor,5,0,0,0,0,0,0.6534780263900757
data/raw/osu_lora/Diff_Days_Indoor_Setup/Day5/Device24/IQ_1.dat,214,16777386,22,22,1,test,diff_days_indoor,5,0,0,0,0,0,0.7174534201622009
data/raw/osu_lora/Diff_Days_Indoor_Setup/Day5/Device24/IQ_1.dat,215,16855785,22,22,1,test,diff_days_indoor,5,0,0,0,0,0,0.587120532989502
data/raw/osu_lora/Diff_Days_Indoor_Setup/Day5/Device24/IQ_1.dat,216,16934184,22,22,1,test,diff_days_indoor,5,0,0,0,0,0,0.48024865984916687
data/raw/osu_lora/Diff_Days_Indoor_Setup/Day5/Device24/IQ_1.dat,217,17012583,22,22,1,test,diff_days_indoor,5,0,0,0,0,0,0.3893384337425232
data/raw/osu_lora/Diff_Days_Indoor_Setup/Day5/Device24/IQ_1.dat,218,17090982,22,22,1,test,diff_days_indoor,5,0,0,0,0,0,0.6905497908592224
data/raw/osu_lora/Diff_Days_Indoor_Setup/Day5/Device24/IQ_1.dat,219,17169381,22,22,1,test,diff_days_indoor,5,0,0,0,0,0,0.7102600336074829
data/raw/osu_lora/Diff_Days_Indoor_Setup/Day5/Device24/IQ_1.dat,220,17247780,22,22,1,test,diff_days_indoor,5,0,0,0,0,0,0.4267755150794983
data/raw/osu_lora/Diff_Days_Indoor_Setup/Day5/Device24/IQ_1.dat,221,17326179,22,22,1,test,diff_days_indoor,5,0,0,0,0,0,0.7774674892425537
data/raw/osu_lora/Diff_Days_Indoor_Setup/Day5/Device24/IQ_1.dat,222,17404578,22,22,1,test,diff_days_indoor,5,0,0,0,0,0,0.2820841073989868
data/raw/osu_lora/Diff_Days_Indoor_Setup/Day5/Device24/IQ_1.dat,223,17482977,22,22,1,test,diff_days_indoor,5,0,0,0,0,0,0.8552116751670837
data/raw/osu_lora/Diff_Days_Indoor_Setup/Day5/Device24/IQ_1.dat,224,17561376,22,22,1,test,diff_days_indoor,5,0,0,0,0,0,0.7676262855529785
data/raw/osu_lora/Diff_Days_Indoor_Setup/Day5/Device24/IQ_1.dat,225,17639775,22,22,1,test,diff_days_indoor,5,0,0,0,0,0,0.5555832386016846
data/raw/osu_lora/Diff_Days_Indoor_Setup/Day5/Device24/IQ_1.dat,226,17718174,22,22,1,test,diff_days_indoor,5,0,0,0,0,0,0.7446942329406738
data/raw/osu_lora/Diff_Days_Indoor_Setup/Day5/Device24/IQ_1.dat,227,17796573,22,22,1,test,diff_days_indoor,5,0,0,0,0,0,0.6388479471206665
data/raw/osu_lora/Diff_Days_Indoor_Setup/Day5/Device24/IQ_1.dat,228,17874972,22,22,1,test,diff_days_indoor,5,0,0,0,0,0,0.8021898865699768
data/raw/osu_lora/Diff_Days_Indoor_Setup/Day5/Device24/IQ_1.dat,229,17953371,22,22,1,test,diff_days_indoor,5,0,0,0,0,0,0.6955727338790894
data/raw/osu_lora/Diff_Days_Indoor_Setup/Day5/Device24/IQ_1.dat,230,18031770,22,22,1,test,diff_days_indoor,5,0,0,0,0,0,0.5982352495193481
data/raw/osu_lora/Diff_Days_Indoor_Setup/Day5/Device24/IQ_1.dat,231,18110169,22,22,1,test,diff_days_indoor,5,0,0,0,0,0,0.36756616830825806
data/raw/osu_lora/Diff_Days_Indoor_Setup/Day5/Device24/IQ_1.dat,232,18188568,22,22,1,test,diff_days_indoor,5,0,0,0,0,0,0.8909125328063965
data/raw/osu_lora/Diff_Days_Indoor_Setup/Day5/Device24/IQ_1.dat,233,18266967,22,22,1,test,diff_days_indoor,5,0,0,0,0,0,0.6041418313980103
data/raw/osu_lora/Diff_Days_Indoor_Setup/Day5/Device24/IQ_1.dat,234,18345366,22,22,1,test,diff_days_indoor,5,0,0,0,0,0,0.7574189305305481
data/raw/osu_lora/Diff_Days_Indoor_Setup/Day5/Device24/IQ_1.dat,235,18423765,22,22,1,test,diff_days_indoor,5,0,0,0,0,0,0.9087349772453308
data/raw/osu_lora/Diff_Days_Indoor_Setup/Day5/Device24/IQ_1.dat,236,18502164,22,22,1,test,diff_days_indoor,5,0,0,0,0,0,0.4373058080673218
data/raw/osu_lora/Diff_Days_Indoor_Setup/Day5/Device24/IQ_1.dat,237,18580563,22,22,1,test,diff_days_indoor,5,0,0,0,0,0,0.46568018198013306
data/raw/osu_lora/Diff_Days_Indoor_Setup/Day5/Device24/IQ_1.dat,238,18658962,22,22,1,test,diff_days_indoor,5,0,0,0,0,0,0.7407558560371399
data/raw/osu_lora/Diff_Days_Indoor_Setup/Day5/Device24/IQ_1.dat,239,18737361,22,22,1,test,diff_days_indoor,5,0,0,0,0,0,0.7469534277915955
data/raw/osu_lora/Diff_Days_Indoor_Setup/Day5/Device24/IQ_1.dat,240,18815760,22,22,1,test,diff_days_indoor,5,0,0,0,0,0,0.7996335625648499
data/raw/osu_lora/Diff_Days_Indoor_Setup/Day5/Device24/IQ_1.dat,241,18894159,22,22,1,test,diff_days_indoor,5,0,0,0,0,0,0.679277241230011
data/raw/osu_lora/Diff_Days_Indoor_Setup/Day5/Device24/IQ_1.dat,242,18972558,22,22,1,test,diff_days_indoor,5,0,0,0,0,0,0.6828024983406067
data/raw/osu_lora/Diff_Days_Indoor_Setup/Day5/Device24/IQ_1.dat,243,19050957,22,22,1,test,diff_days_indoor,5,0,0,0,0,0,0.5355071425437927
data/raw/osu_lora/Diff_Days_Indoor_Setup/Day5/Device24/IQ_1.dat,244,19129356,22,22,1,test,diff_days_indoor,5,0,0,0,0,0,0.7026709318161011
data/raw/osu_lora/Diff_Days_Indoor_Setup/Day5/Device24/IQ_1.dat,245,19207755,22,22,1,test,diff_days_indoor,5,0,0,0,0,0,0.7520585060119629
data/raw/osu_lora/Diff_Days_Indoor_Setup/Day5/Device24/IQ_1.dat,246,19286154,22,22,1,test,diff_days_indoor,5,0,0,0,0,0,0.4527965188026428
data/raw/osu_lora/Diff_Days_Indoor_Setup/Day5/Device24/IQ_1.dat,247,19364553,22,22,1,test,diff_days_indoor,5,0,0,0,0,0,0.5793095827102661
data/raw/osu_lora/Diff_Days_Indoor_Setup/Day5/Device24/IQ_1.dat,248,19442952,22,22,1,test,diff_days_indoor,5,0,0,0,0,0,0.37337368726730347
data/raw/osu_lora/Diff_Days_Indoor_Setup/Day5/Device24/IQ_1.dat,249,19521351,22,22,1,test,diff_days_indoor,5,0,0,0,0,0,0.5574613213539124
data/raw/osu_lora/Diff_Days_Indoor_Setup/Day5/Device24/IQ_1.dat,250,19599750,22,22,1,test,diff_days_indoor,5,0,0,0,0,0,0.8487520813941956
data/raw/osu_lora/Diff_Days_Indoor_Setup/Day5/Device24/IQ_1.dat,251,19678149,22,22,1,test,diff_days_indoor,5,0,0,0,0,0,0.66890949010849
data/raw/osu_lora/Diff_Days_Indoor_Setup/Day5/Device24/IQ_1.dat,252,19756548,22,22,1,test,diff_days_indoor,5,0,0,0,0,0,0.5505398511886597
data/raw/osu_lora/Diff_Days_Indoor_Setup/Day5/Device24/IQ_1.dat,253,19834947,22,22,1,test,diff_days_indoor,5,0,0,0,0,0,0.3146924674510956
data/raw/osu_lora/Diff_Days_Indoor_Setup/Day5/Device24/IQ_1.dat,254,19913346,22,19,0,test,diff_days_indoor,5,0,0,0,0,0,0.6945009827613831
data/raw/osu_lora/Diff_Days_Indoor_Setup/Day5/Device24/IQ_1.dat,255,19991745,22,22,1,test,diff_days_indoor,5,0,0,0,0,0,0.5180697441101074
data/raw/osu_lora/Diff_Days_Indoor_Setup/Day5/Device25/IQ_1.dat,0,0,23,22,0,test,diff_days_indoor,5,0,0,0,0,0,0.7067803740501404
data/raw/osu_lora/Diff_Days_Indoor_Setup/Day5/Device25/IQ_1.dat,1,78399,23,23,1,test,diff_days_indoor,5,0,0,0,0,0,0.3692612648010254
data/raw/osu_lora/Diff_Days_Indoor_Setup/Day5/Device25/IQ_1.dat,2,156798,23,23,1,test,diff_days_indoor,5,0,0,0,0,0,0.44006070494651794
data/raw/osu_lora/Diff_Days_Indoor_Setup/Day5/Device25/IQ_1.dat,3,235197,23,22,0,test,diff_days_indoor,5,0,0,0,0,0,0.39792531728744507
data/raw/osu_lora/Diff_Days_Indoor_Setup/Day5/Device25/IQ_1.dat,4,313596,23,22,0,test,diff_days_indoor,5,0,0,0,0,0,0.32350850105285645
data/raw/osu_lora/Diff_Days_Indoor_Setup/Day5/Device25/IQ_1.dat,5,391995,23,19,0,test,diff_days_indoor,5,0,0,0,0,0,0.4727726876735687
data/raw/osu_lora/Diff_Days_Indoor_Setup/Day5/Device25/IQ_1.dat,6,470394,23,22,0,test,diff_days_indoor,5,0,0,0,0,0,0.5347381234169006
data/raw/osu_lora/Diff_Days_Indoor_Setup/Day5/Device25/IQ_1.dat,7,548793,23,15,0,test,diff_days_indoor,5,0,0,0,0,0,0.363919198513031
data/raw/osu_lora/Diff_Days_Indoor_Setup/Day5/Device25/IQ_1.dat,8,627192,23,23,1,test,diff_days_indoor,5,0,0,0,0,0,0.3926253616809845
data/raw/osu_lora/Diff_Days_Indoor_Setup/Day5/Device25/IQ_1.dat,9,705591,23,23,1,test,diff_days_indoor,5,0,0,0,0,0,0.31064754724502563
data/raw/osu_lora/Diff_Days_Indoor_Setup/Day5/Device25/IQ_1.dat,10,783990,23,22,0,test,diff_days_indoor,5,0,0,0,0,0,0.3572186827659607
data/raw/osu_lora/Diff_Days_Indoor_Setup/Day5/Device25/IQ_1.dat,11,862389,23,22,0,test,diff_days_indoor,5,0,0,0,0,0,0.535158634185791
data/raw/osu_lora/Diff_Days_Indoor_Setup/Day5/Device25/IQ_1.dat,12,940788,23,5,0,test,diff_days_indoor,5,0,0,0,0,0,0.32387539744377136
data/raw/osu_lora/Diff_Days_Indoor_Setup/Day5/Device25/IQ_1.dat,13,1019187,23,22,0,test,diff_days_indoor,5,0,0,0,0,0,0.6587034463882446
data/raw/osu_lora/Diff_Days_Indoor_Setup/Day5/Device25/IQ_1.dat,14,1097586,23,21,0,test,diff_days_indoor,5,0,0,0,0,0,0.13466735184192657
data/raw/osu_lora/Diff_Days_Indoor_Setup/Day5/Device25/IQ_1.dat,15,1175985,23,15,0,test,diff_days_indoor,5,0,0,0,0,0,0.3553444743156433
data/raw/osu_lora/Diff_Days_Indoor_Setup/Day5/Device25/IQ_1.dat,16,1254384,23,15,0,test,diff_days_indoor,5,0,0,0,0,0,0.4285410940647125
data/raw/osu_lora/Diff_Days_Indoor_Setup/Day5/Device25/IQ_1.dat,17,1332783,23,15,0,test,diff_days_indoor,5,0,0,0,0,0,0.3746430575847626
data/raw/osu_lora/Diff_Days_Indoor_Setup/Day5/Device25/IQ_1.dat,18,1411182,23,23,1,test,diff_days_indoor,5,0,0,0,0,0,0.315100759267807
data/raw/osu_lora/Diff_Days_Indoor_Setup/Day5/Device25/IQ_1.dat,19,1489581,23,22,0,test,diff_days_indoor,5,0,0,0,0,0,0.3284166157245636
data/raw/osu_lora/Diff_Days_Indoor_Setup/Day5/Device25/IQ_1.dat,20,1567980,23,19,0,test,diff_days_indoor,5,0,0,0,0,0,0.7234988212585449
data/raw/osu_lora/Diff_Days_Indoor_Setup/Day5/Device25/IQ_1.dat,21,1646379,23,15,0,test,diff_days_indoor,5,0,0,0,0,0,0.30498403310775757
data/raw/osu_lora/Diff_Days_Indoor_Setup/Day5/Device25/IQ_1.dat,22,1724778,23,23,1,test,diff_days_indoor,5,0,0,0,0,0,0.3224972188472748
data/raw/osu_lora/Diff_Days_Indoor_Setup/Day5/Device25/IQ_1.dat,23,1803177,23,23,1,test,diff_days_indoor,5,0,0,0,0,0,0.31800660490989685
data/raw/osu_lora/Diff_Days_Indoor_Setup/Day5/Device25/IQ_1.dat,24,1881576,23,22,0,test,diff_days_indoor,5,0,0,0,0,0,0.31921303272247314
data/raw/osu_lora/Diff_Days_Indoor_Setup/Day5/Device25/IQ_1.dat,25,1959975,23,19,0,test,diff_days_indoor,5,0,0,0,0,0,0.254175066947937
data/raw/osu_lora/Diff_Days_Indoor_Setup/Day5/Device25/IQ_1.dat,26,2038374,23,23,1,test,diff_days_indoor,5,0,0,0,0,0,0.3047631084918976
data/raw/osu_lora/Diff_Days_Indoor_Setup/Day5/Device25/IQ_1.dat,27,2116773,23,23,1,test,diff_days_indoor,5,0,0,0,0,0,0.3997221887111664
data/raw/osu_lora/Diff_Days_Indoor_Setup/Day5/Device25/IQ_1.dat,28,2195172,23,22,0,test,diff_days_indoor,5,0,0,0,0,0,0.46676331758499146
data/raw/osu_lora/Diff_Days_Indoor_Setup/Day5/Device25/IQ_1.dat,29,2273571,23,22,0,test,diff_days_indoor,5,0,0,0,0,0,0.35931265354156494
data/raw/osu_lora/Diff_Days_Indoor_Setup/Day5/Device25/IQ_1.dat,30,2351970,23,22,0,test,diff_days_indoor,5,0,0,0,0,0,0.29691484570503235
data/raw/osu_lora/Diff_Days_Indoor_Setup/Day5/Device25/IQ_1.dat,31,2430369,23,22,0,test,diff_days_indoor,5,0,0,0,0,0,0.5287717580795288
data/raw/osu_lora/Diff_Days_Indoor_Setup/Day5/Device25/IQ_1.dat,32,2508768,23,22,0,test,diff_days_indoor,5,0,0,0,0,0,0.5504356026649475
data/raw/osu_lora/Diff_Days_Indoor_Setup/Day5/Device25/IQ_1.dat,33,2587167,23,23,1,test,diff_days_indoor,5,0,0,0,0,0,0.4357752501964569
data/raw/osu_lora/Diff_Days_Indoor_Setup/Day5/Device25/IQ_1.dat,34,2665566,23,22,0,test,diff_days_indoor,5,0,0,0,0,0,0.4917573928833008
data/raw/osu_lora/Diff_Days_Indoor_Setup/Day5/Device25/IQ_1.dat,35,2743965,23,22,0,test,diff_days_indoor,5,0,0,0,0,0,0.3852854371070862
data/raw/osu_lora/Diff_Days_Indoor_Setup/Day5/Device25/IQ_1.dat,36,2822364,23,15,0,test,diff_days_indoor,5,0,0,0,0,0,0.28820422291755676
data/raw/osu_lora/Diff_Days_Indoor_Setup/Day5/Device25/IQ_1.dat,37,2900763,23,22,0,test,diff_days_indoor,5,0,0,0,0,0,0.6434330344200134
data/raw/osu_lora/Diff_Days_Indoor_Setup/Day5/Device25/IQ_1.dat,38,2979162,23,22,0,test,diff_days_indoor,5,0,0,0,0,0,0.3821059763431549
data/raw/osu_lora/Diff_Days_Indoor_Setup/Day5/Device25/IQ_1.dat,39,3057561,23,22,0,test,diff_days_indoor,5,0,0,0,0,0,0.3914737403392792
data/raw/osu_lora/Diff_Days_Indoor_Setup/Day5/Device25/IQ_1.dat,40,3135960,23,22,0,test,diff_days_indoor,5,0,0,0,0,0,0.32784485816955566
data/raw/osu_lora/Diff_Days_Indoor_Setup/Day5/Device25/IQ_1.dat,41,3214359,23,22,0,test,diff_days_indoor,5,0,0,0,0,0,0.45998185873031616
data/raw/osu_lora/Diff_Days_Indoor_Setup/Day5/Device25/IQ_1.dat,42,3292758,23,22,0,test,diff_days_indoor,5,0,0,0,0,0,0.635062575340271
data/raw/osu_lora/Diff_Days_Indoor_Setup/Day5/Device25/IQ_1.dat,43,3371157,23,17,0,test,diff_days_indoor,5,0,0,0,0,0,0.28989213705062866
data/raw/osu_lora/Diff_Days_Indoor_Setup/Day5/Device25/IQ_1.dat,44,3449556,23,22,0,test,diff_days_indoor,5,0,0,0,0,0,0.6184850335121155
data/raw/osu_lora/Diff_Days_Indoor_Setup/Day5/Device25/IQ_1.dat,45,3527955,23,23,1,test,diff_days_indoor,5,0,0,0,0,0,0.2709592580795288
data/raw/osu_lora/Diff_Days_Indoor_Setup/Day5/Device25/IQ_1.dat,46,3606354,23,22,0,test,diff_days_indoor,5,0,0,0,0,0,0.4558219611644745
data/raw/osu_lora/Diff_Days_Indoor_Setup/Day5/Device25/IQ_1.dat,47,3684753,23,22,0,test,diff_days_indoor,5,0,0,0,0,0,0.679474413394928
data/raw/osu_lora/Diff_Days_Indoor_Setup/Day5/Device25/IQ_1.dat,48,3763152,23,22,0,test,diff_days_indoor,5,0,0,0,0,0,0.4210331439971924
data/raw/osu_lora/Diff_Days_Indoor_Setup/Day5/Device25/IQ_1.dat,49,3841551,23,15,0,test,diff_days_indoor,5,0,0,0,0,0,0.4169015884399414
data/raw/osu_lora/Diff_Days_Indoor_Setup/Day5/Device25/IQ_1.dat,50,3919950,23,22,0,test,diff_days_indoor,5,0,0,0,0,0,0.5147626996040344
data/raw/osu_lora/Diff_Days_Indoor_Setup/Day5/Device25/IQ_1.dat,51,3998349,23,22,0,test,diff_days_indoor,5,0,0,0,0,0,0.5215282440185547
data/raw/osu_lora/Diff_Days_Indoor_Setup/Day5/Device25/IQ_1.dat,52,4076748,23,22,0,test,diff_days_indoor,5,0,0,0,0,0,0.4656062424182892
data/raw/osu_lora/Diff_Days_Indoor_Setup/Day5/Device25/IQ_1.dat,53,4155147,23,15,0,test,diff_days_indoor,5,0,0,0,0,0,0.3742971420288086
data/raw/osu_lora/Diff_Days_Indoor_Setup/Day5/Device25/IQ_1.dat,54,4233546,23,23,1,test,diff_days_indoor,5,0,0,0,0,0,0.3161570727825165
data/raw/osu_lora/Diff_Days_Indoor_Setup/Day5/Device25/IQ_1.dat,55,4311945,23,7,0,test,diff_days_indoor,5,0,0,0,0,0,0.4261002838611603
data/raw/osu_lora/Diff_Days_Indoor_Setup/Day5/Device25/IQ_1.dat,56,4390344,23,23,1,test,diff_days_indoor,5,0,0,0,0,0,0.336402952671051
data/raw/osu_lora/Diff_Days_Indoor_Setup/Day5/Device25/IQ_1.dat,57,4468743,23,23,1,test,diff_days_indoor,5,0,0,0,0,0,0.31474635004997253
data/raw/osu_lora/Diff_Days_Indoor_Setup/Day5/Device25/IQ_1.dat,58,4547142,23,7,0,test,diff_days_indoor,5,0,0,0,0,0,0.22829145193099976
data/raw/osu_lora/Diff_Days_Indoor_Setup/Day5/Device25/IQ_1.dat,59,4625541,23,22,0,test,diff_days_indoor,5,0,0,0,0,0,0.540261447429657
data/raw/osu_lora/Diff_Days_Indoor_Setup/Day5/Device25/IQ_1.dat,60,4703940,23,23,1,test,diff_days_indoor,5,0,0,0,0,0,0.41618967056274414
data/raw/osu_lora/Diff_Days_Indoor_Setup/Day5/Device25/IQ_1.dat,61,4782339,23,22,0,test,diff_days_indoor,5,0,0,0,0,0,0.33770447969436646
data/raw/osu_lora/Diff_Days_Indoor_Setup/Day5/Device25/IQ_1.dat,62,4860738,23,22,0,test,diff_days_indoor,5,0,0,0,0,0,0.3907981812953949
data/raw/osu_lora/Diff_Days_Indoor_Setup/Day5/Device25/IQ_1.dat,63,4939137,23,22,0,test,diff_days_indoor,5,0,0,0,0,0,0.5307299494743347
data/raw/osu_lora/Diff_Days_Indoor_Setup/Day5/Device25/IQ_1.dat,64,5017536,23,23,1,test,diff_days_indoor,5,0,0,0,0,0,0.42652440071105957
data/raw/osu_lora/Diff_Days_Indoor_Setup/Day5/Device25/IQ_1.dat,65,5095935,23,23,1,test,diff_days_indoor,5,0,0,0,0,0,0.3144798278808594
data/raw/osu_lora/Diff_Days_Indoor_Setup/Day5/Device25/IQ_1.dat,66,5174334,23,15,0,test,diff_days_indoor,5,0,0,0,0,0,0.4491153061389923
data/raw/osu_lora/Diff_Days_Indoor_Setup/Day5/Device25/IQ_1.dat,67,5252733,23,19,0,test,diff_days_indoor,5,0,0,0,0,0,0.38322120904922485
data/raw/osu_lora/Diff_Days_Indoor_Setup/Day5/Device25/IQ_1.dat,68,5331132,23,22,0,test,diff_days_indoor,5,0,0,0,0,0,0.47428202629089355
data/raw/osu_lora/Diff_Days_Indoor_Setup/Day5/Device25/IQ_1.dat,69,5409531,23,23,1,test,diff_days_indoor,5,0,0,0,0,0,0.4029694199562073
data/raw/osu_lora/Diff_Days_Indoor_Setup/Day5/Device25/IQ_1.dat,70,5487930,23,23,1,test,diff_days_indoor,5,0,0,0,0,0,0.30571189522743225
data/raw/osu_lora/Diff_Days_Indoor_Setup/Day5/Device25/IQ_1.dat,71,5566329,23,23,1,test,diff_days_indoor,5,0,0,0,0,0,0.33593615889549255
data/raw/osu_lora/Diff_Days_Indoor_Setup/Day5/Device25/IQ_1.dat,72,5644728,23,15,0,test,diff_days_indoor,5,0,0,0,0,0,0.31359386444091797
data/raw/osu_lora/Diff_Days_Indoor_Setup/Day5/Device25/IQ_1.dat,73,5723127,23,22,0,test,diff_days_indoor,5,0,0,0,0,0,0.4280742406845093
data/raw/osu_lora/Diff_Days_Indoor_Setup/Day5/Device25/IQ_1.dat,74,5801526,23,23,1,test,diff_days_indoor,5,0,0,0,0,0,0.33492153882980347
data/raw/osu_lora/Diff_Days_Indoor_Setup/Day5/Device25/IQ_1.dat,75,5879925,23,22,0,test,diff_days_indoor,5,0,0,0,0,0,0.32139384746551514
data/raw/osu_lora/Diff_Days_Indoor_Setup/Day5/Device25/IQ_1.dat,76,5958324,23,19,0,test,diff_days_indoor,5,0,0,0,0,0,0.45275574922561646
data/raw/osu_lora/Diff_Days_Indoor_Setup/Day5/Device25/IQ_1.dat,77,6036723,23,19,0,test,diff_days_indoor,5,0,0,0,0,0,0.5198141932487488
data/raw/osu_lora/Diff_Days_Indoor_Setup/Day5/Device25/IQ_1.dat,78,6115122,23,15,0,test,diff_days_indoor,5,0,0,0,0,0,0.3516277074813843
data/raw/osu_lora/Diff_Days_Indoor_Setup/Day5/Device25/IQ_1.dat,79,6193521,23,22,0,test,diff_days_indoor,5,0,0,0,0,0,0.4341902732849121
data/raw/osu_lora/Diff_Days_Indoor_Setup/Day5/Device25/IQ_1.dat,80,6271920,23,22,0,test,diff_days_indoor,5,0,0,0,0,0,0.3129068613052368
data/raw/osu_lora/Diff_Days_Indoor_Setup/Day5/Device25/IQ_1.dat,81,6350319,23,22,0,test,diff_days_indoor,5,0,0,0,0,0,0.39077916741371155
data/raw/osu_lora/Diff_Days_Indoor_Setup/Day5/Device25/IQ_1.dat,82,6428718,23,22,0,test,diff_days_indoor,5,0,0,0,0,0,0.6917402148246765
data/raw/osu_lora/Diff_Days_Indoor_Setup/Day5/Device25/IQ_1.dat,83,6507117,23,22,0,test,diff_days_indoor,5,0,0,0,0,0,0.3316929042339325
data/raw/osu_lora/Diff_Days_Indoor_Setup/Day5/Device25/IQ_1.dat,84,6585516,23,23,1,test,diff_days_indoor,5,0,0,0,0,0,0.3835289478302002
data/raw/osu_lora/Diff_Days_Indoor_Setup/Day5/Device25/IQ_1.dat,85,6663915,23,19,0,test,diff_days_indoor,5,0,0,0,0,0,0.48920729756355286
data/raw/osu_lora/Diff_Days_Indoor_Setup/Day5/Device25/IQ_1.dat,86,6742314,23,22,0,test,diff_days_indoor,5,0,0,0,0,0,0.4579024612903595
data/raw/osu_lora/Diff_Days_Indoor_Setup/Day5/Device25/IQ_1.dat,87,6820713,23,22,0,test,diff_days_indoor,5,0,0,0,0,0,0.5054681301116943
data/raw/osu_lora/Diff_Days_Indoor_Setup/Day5/Device25/IQ_1.dat,88,6899112,23,19,0,test,diff_days_indoor,5,0,0,0,0,0,0.5180517435073853
data/raw/osu_lora/Diff_Days_Indoor_Setup/Day5/Device25/IQ_1.dat,89,6977511,23,22,0,test,diff_days_indoor,5,0,0,0,0,0,0.46330520510673523
data/raw/osu_lora/Diff_Days_Indoor_Setup/Day5/Device25/IQ_1.dat,90,7055910,23,15,0,test,diff_days_indoor,5,0,0,0,0,0,0.3601517379283905
data/raw/osu_lora/Diff_Days_Indoor_Setup/Day5/Device25/IQ_1.dat,91,7134309,23,22,0,test,diff_days_indoor,5,0,0,0,0,0,0.33962756395339966
data/raw/osu_lora/Diff_Days_Indoor_Setup/Day5/Device25/IQ_1.dat,92,7212708,23,23,1,test,diff_days_indoor,5,0,0,0,0,0,0.3398997187614441
data/raw/osu_lora/Diff_Days_Indoor_Setup/Day5/Device25/IQ_1.dat,93,7291107,23,23,1,test,diff_days_indoor,5,0,0,0,0,0,0.4114671051502228
data/raw/osu_lora/Diff_Days_Indoor_Setup/Day5/Device25/IQ_1.dat,94,7369506,23,22,0,test,diff_days_indoor,5,0,0,0,0,0,0.48299646377563477
data/raw/osu_lora/Diff_Days_Indoor_Setup/Day5/Device25/IQ_1.dat,95,7447905,23,22,0,test,diff_days_indoor,5,0,0,0,0,0,0.43264421820640564
data/raw/osu_lora/Diff_Days_Indoor_Setup/Day5/Device25/IQ_1.dat,96,7526304,23,22,0,test,diff_days_indoor,5,0,0,0,0,0,0.368304967880249
data/raw/osu_lora/Diff_Days_Indoor_Setup/Day5/Device25/IQ_1.dat,97,7604703,23,15,0,test,diff_days_indoor,5,0,0,0,0,0,0.2871801257133484
data/raw/osu_lora/Diff_Days_Indoor_Setup/Day5/Device25/IQ_1.dat,98,7683102,23,22,0,test,diff_days_indoor,5,0,0,0,0,0,0.42726168036460876
data/raw/osu_lora/Diff_Days_Indoor_Setup/Day5/Device25/IQ_1.dat,99,7761501,23,5,0,test,diff_days_indoor,5,0,0,0,0,0,0.2874738872051239
data/raw/osu_lora/Diff_Days_Indoor_Setup/Day5/Device25/IQ_1.dat,100,7839900,23,22,0,test,diff_days_indoor,5,0,0,0,0,0,0.4594026505947113
data/raw/osu_lora/Diff_Days_Indoor_Setup/Day5/Device25/IQ_1.dat,101,7918299,23,23,1,test,diff_days_indoor,5,0,0,0,0,0,0.4051065146923065
data/raw/osu_lora/Diff_Days_Indoor_Setup/Day5/Device25/IQ_1.dat,102,7996698,23,23,1,test,diff_days_indoor,5,0,0,0,0,0,0.3897397518157959
data/raw/osu_lora/Diff_Days_Indoor_Setup/Day5/Device25/IQ_1.dat,103,8075097,23,22,0,test,diff_days_indoor,5,0,0,0,0,0,0.4650665521621704
data/raw/osu_lora/Diff_Days_Indoor_Setup/Day5/Device25/IQ_1.dat,104,8153496,23,22,0,test,diff_days_indoor,5,0,0,0,0,0,0.40111875534057617
data/raw/osu_lora/Diff_Days_Indoor_Setup/Day5/Device25/IQ_1.dat,105,8231895,23,22,0,test,diff_days_indoor,5,0,0,0,0,0,0.7110362648963928
data/raw/osu_lora/Diff_Days_Indoor_Setup/Day5/Device25/IQ_1.dat,106,8310294,23,15,0,test,diff_days_indoor,5,0,0,0,0,0,0.33059582114219666
data/raw/osu_lora/Diff_Days_Indoor_Setup/Day5/Device25/IQ_1.dat,107,8388693,23,22,0,test,diff_days_indoor,5,0,0,0,0,0,0.517582356929779
data/raw/osu_lora/Diff_Days_Indoor_Setup/Day5/Device25/IQ_1.dat,108,8467092,23,22,0,test,diff_days_indoor,5,0,0,0,0,0,0.5046679973602295
data/raw/osu_lora/Diff_Days_Indoor_Setup/Day5/Device25/IQ_1.dat,109,8545491,23,15,0,test,diff_days_indoor,5,0,0,0,0,0,0.39327338337898254
data/raw/osu_lora/Diff_Days_Indoor_Setup/Day5/Device25/IQ_1.dat,110,8623890,23,22,0,test,diff_days_indoor,5,0,0,0,0,0,0.4633696973323822
data/raw/osu_lora/Diff_Days_Indoor_Setup/Day5/Device25/IQ_1.dat,111,8702289,23,23,1,test,diff_days_indoor,5,0,0,0,0,0,0.353092223405838
data/raw/osu_lora/Diff_Days_Indoor_Setup/Day5/Device25/IQ_1.dat,112,8780688,23,22,0,test,diff_days_indoor,5,0,0,0,0,0,0.37275201082229614
data/raw/osu_lora/Diff_Days_Indoor_Setup/Day5/Device25/IQ_1.dat,113,8859087,23,22,0,test,diff_days_indoor,5,0,0,0,0,0,0.3722436726093292
data/raw/osu_lora/Diff_Days_Indoor_Setup/Day5/Device25/IQ_1.dat,114,8937486,23,22,0,test,diff_days_indoor,5,0,0,0,0,0,0.32397788763046265
data/raw/osu_lora/Diff_Days_Indoor_Setup/Day5/Device25/IQ_1.dat,115,9015885,23,22,0,test,diff_days_indoor,5,0,0,0,0,0,0.5192916393280029
data/raw/osu_lora/Diff_Days_Indoor_Setup/Day5/Device25/IQ_1.dat,116,9094284,23,19,0,test,diff_days_indoor,5,0,0,0,0,0,0.41629326343536377
data/raw/osu_lora/Diff_Days_Indoor_Setup/Day5/Device25/IQ_1.dat,117,9172683,23,22,0,test,diff_days_indoor,5,0,0,0,0,0,0.3963756859302521
data/raw/osu_lora/Diff_Days_Indoor_Setup/Day5/Device25/IQ_1.dat,118,9251082,23,15,0,test,diff_days_indoor,5,0,0,0,0,0,0.4590940475463867
data/raw/osu_lora/Diff_Days_Indoor_Setup/Day5/Device25/IQ_1.dat,119,9329481,23,22,0,test,diff_days_indoor,5,0,0,0,0,0,0.48265206813812256
data/raw/osu_lora/Diff_Days_Indoor_Setup/Day5/Device25/IQ_1.dat,120,9407880,23,15,0,test,diff_days_indoor,5,0,0,0,0,0,0.36713531613349915
data/raw/osu_lora/Diff_Days_Indoor_Setup/Day5/Device25/IQ_1.dat,121,9486279,23,22,0,test,diff_days_indoor,5,0,0,0,0,0,0.3995310366153717
data/raw/osu_lora/Diff_Days_Indoor_Setup/Day5/Device25/IQ_1.dat,122,9564678,23,17,0,test,diff_days_indoor,5,0,0,0,0,0,0.3144722878932953
data/raw/osu_lora/Diff_Days_Indoor_Setup/Day5/Device25/IQ_1.dat,123,9643077,23,22,0,test,diff_days_indoor,5,0,0,0,0,0,0.34495967626571655
data/raw/osu_lora/Diff_Days_Indoor_Setup/Day5/Device25/IQ_1.dat,124,9721476,23,15,0,test,diff_days_indoor,5,0,0,0,0,0,0.32974037528038025
data/raw/osu_lora/Diff_Days_Indoor_Setup/Day5/Device25/IQ_1.dat,125,9799875,23,22,0,test,diff_days_indoor,5,0,0,0,0,0,0.7434959411621094
data/raw/osu_lora/Diff_Days_Indoor_Setup/Day5/Device25/IQ_1.dat,126,9878274,23,22,0,test,diff_days_indoor,5,0,0,0,0,0,0.5331581234931946
data/raw/osu_lora/Diff_Days_Indoor_Setup/Day5/Device25/IQ_1.dat,127,9956673,23,22,0,test,diff_days_indoor,5,0,0,0,0,0,0.4872928559780121
data/raw/osu_lora/Diff_Days_Indoor_Setup/Day5/Device25/IQ_1.dat,128,10035072,23,15,0,test,diff_days_indoor,5,0,0,0,0,0,0.4011891186237335
data/raw/osu_lora/Diff_Days_Indoor_Setup/Day5/Device25/IQ_1.dat,129,10113471,23,23,1,test,diff_days_indoor,5,0,0,0,0,0,0.33072561025619507
data/raw/osu_lora/Diff_Days_Indoor_Setup/Day5/Device25/IQ_1.dat,130,10191870,23,23,1,test,diff_days_indoor,5,0,0,0,0,0,0.39002862572669983
data/raw/osu_lora/Diff_Days_Indoor_Setup/Day5/Device25/IQ_1.dat,131,10270269,23,22,0,test,diff_days_indoor,5,0,0,0,0,0,0.7533119916915894
data/raw/osu_lora/Diff_Days_Indoor_Setup/Day5/Device25/IQ_1.dat,132,10348668,23,22,0,test,diff_days_indoor,5,0,0,0,0,0,0.5387319326400757
data/raw/osu_lora/Diff_Days_Indoor_Setup/Day5/Device25/IQ_1.dat,133,10427067,23,22,0,test,diff_days_indoor,5,0,0,0,0,0,0.5374795198440552
data/raw/osu_lora/Diff_Days_Indoor_Setup/Day5/Device25/IQ_1.dat,134,10505466,23,22,0,test,diff_days_indoor,5,0,0,0,0,0,0.33084389567375183
data/raw/osu_lora/Diff_Days_Indoor_Setup/Day5/Device25/IQ_1.dat,135,10583865,23,22,0,test,diff_days_indoor,5,0,0,0,0,0,0.5196141004562378
data/raw/osu_lora/Diff_Days_Indoor_Setup/Day5/Device25/IQ_1.dat,136,10662264,23,19,0,test,diff_days_indoor,5,0,0,0,0,0,0.26252683997154236
data/raw/osu_lora/Diff_Days_Indoor_Setup/Day5/Device25/IQ_1.dat,137,10740663,23,23,1,test,diff_days_indoor,5,0,0,0,0,0,0.43939414620399475
data/raw/osu_lora/Diff_Days_Indoor_Setup/Day5/Device25/IQ_1.dat,138,10819062,23,15,0,test,diff_days_indoor,5,0,0,0,0,0,0.5424908399581909
data/raw/osu_lora/Diff_Days_Indoor_Setup/Day5/Device25/IQ_1.dat,139,10897461,23,15,0,test,diff_days_indoor,5,0,0,0,0,0,0.5080440044403076
data/raw/osu_lora/Diff_Days_Indoor_Setup/Day5/Device25/IQ_1.dat,140,10975860,23,23,1,test,diff_days_indoor,5,0,0,0,0,0,0.31549230217933655
data/raw/osu_lora/Diff_Days_Indoor_Setup/Day5/Device25/IQ_1.dat,141,11054259,23,15,0,test,diff_days_indoor,5,0,0,0,0,0,0.39688926935195923
data/raw/osu_lora/Diff_Days_Indoor_Setup/Day5/Device25/IQ_1.dat,142,11132658,23,23,1,test,diff_days_indoor,5,0,0,0,0,0,0.36569732427597046
data/raw/osu_lora/Diff_Days_Indoor_Setup/Day5/Device25/IQ_1.dat,143,11211057,23,19,0,test,diff_days_indoor,5,0,0,0,0,0,0.4785041809082031
data/raw/osu_lora/Diff_Days_Indoor_Setup/Day5/Device25/IQ_1.dat,144,11289456,23,22,0,test,diff_days_indoor,5,0,0,0,0,0,0.5127588510513306
data/raw/osu_lora/Diff_Days_Indoor_Setup/Day5/Device25/IQ_1.dat,145,11367855,23,23,1,test,diff_days_indoor,5,0,0,0,0,0,0.29615506529808044
data/raw/osu_lora/Diff_Days_Indoor_Setup/Day5/Device25/IQ_1.dat,146,11446254,23,22,0,test,diff_days_indoor,5,0,0,0,0,0,0.36893734335899353
data/raw/osu_lora/Diff_Days_Indoor_Setup/Day5/Device25/IQ_1.dat,147,11524653,23,22,0,test,diff_days_indoor,5,0,0,0,0,0,0.2816708981990814
data/raw/osu_lora/Diff_Days_Indoor_Setup/Day5/Device25/IQ_1.dat,148,11603052,23,23,1,test,diff_days_indoor,5,0,0,0,0,0,0.343988299369812
data/raw/osu_lora/Diff_Days_Indoor_Setup/Day5/Device25/IQ_1.dat,149,11681451,23,22,0,test,diff_days_indoor,5,0,0,0,0,0,0.3068752586841583
data/raw/osu_lora/Diff_Days_Indoor_Setup/Day5/Device25/IQ_1.dat,150,11759850,23,15,0,test,diff_days_indoor,5,0,0,0,0,0,0.4295516312122345
data/raw/osu_lora/Diff_Days_Indoor_Setup/Day5/Device25/IQ_1.dat,151,11838249,23,15,0,test,diff_days_indoor,5,0,0,0,0,0,0.23837654292583466
data/raw/osu_lora/Diff_Days_Indoor_Setup/Day5/Device25/IQ_1.dat,152,11916648,23,19,0,test,diff_days_indoor,5,0,0,0,0,0,0.6440134048461914
data/raw/osu_lora/Diff_Days_Indoor_Setup/Day5/Device25/IQ_1.dat,153,11995047,23,23,1,test,diff_days_indoor,5,0,0,0,0,0,0.3901320993900299
data/raw/osu_lora/Diff_Days_Indoor_Setup/Day5/Device25/IQ_1.dat,154,12073446,23,15,0,test,diff_days_indoor,5,0,0,0,0,0,0.3796178996562958
data/raw/osu_lora/Diff_Days_Indoor_Setup/Day5/Device25/IQ_1.dat,155,12151845,23,23,1,test,diff_days_indoor,5,0,0,0,0,0,0.32279178500175476
data/raw/osu_lora/Diff_Days_Indoor_Setup/Day5/Device25/IQ_1.dat,156,12230244,23,22,0,test,diff_days_indoor,5,0,0,0,0,0,0.4950667917728424
data/raw/osu_lora/Diff_Days_Indoor_Setup/Day5/Device25/IQ_1.dat,157,12308643,23,15,0,test,diff_days_indoor,5,0,0,0,0,0,0.4268571138381958
data/raw/osu_lora/Diff_Days_Indoor_Setup/Day5/Device25/IQ_1.dat,158,12387042,23,22,0,test,diff_days_indoor,5,0,0,0,0,0,0.3699677884578705
data/raw/osu_lora/Diff_Days_Indoor_Setup/Day5/Device25/IQ_1.dat,159,12465441,23,19,0,test,diff_days_indoor,5,0,0,0,0,0,0.4829826056957245
data/raw/osu_lora/Diff_Days_Indoor_Setup/Day5/Device25/IQ_1.dat,160,12543840,23,23,1,test,diff_days_indoor,5,0,0,0,0,0,0.28766894340515137
data/raw/osu_lora/Diff_Days_Indoor_Setup/Day5/Device25/IQ_1.dat,161,12622239,23,19,0,test,diff_days_indoor,5,0,0,0,0,0,0.47388169169425964
data/raw/osu_lora/Diff_Days_Indoor_Setup/Day5/Device25/IQ_1.dat,162,12700638,23,19,0,test,diff_days_indoor,5,0,0,0,0,0,0.30609554052352905
data/raw/osu_lora/Diff_Days_Indoor_Setup/Day5/Device25/IQ_1.dat,163,12779037,23,23,1,test,diff_days_indoor,5,0,0,0,0,0,0.3246050477027893
data/raw/osu_lora/Diff_Days_Indoor_Setup/Day5/Device25/IQ_1.dat,164,12857436,23,22,0,test,diff_days_indoor,5,0,0,0,0,0,0.352883905172348
data/raw/osu_lora/Diff_Days_Indoor_Setup/Day5/Device25/IQ_1.dat,165,12935835,23,15,0,test,diff_days_indoor,5,0,0,0,0,0,0.3091331124305725
data/raw/osu_lora/Diff_Days_Indoor_Setup/Day5/Device25/IQ_1.dat,166,13014234,23,15,0,test,diff_days_indoor,5,0,0,0,0,0,0.2962627708911896
data/raw/osu_lora/Diff_Days_Indoor_Setup/Day5/Device25/IQ_1.dat,167,13092633,23,22,0,test,diff_days_indoor,5,0,0,0,0,0,0.5635245442390442
data/raw/osu_lora/Diff_Days_Indoor_Setup/Day5/Device25/IQ_1.dat,168,13171032,23,22,0,test,diff_days_indoor,5,0,0,0,0,0,0.6431146860122681
data/raw/osu_lora/Diff_Days_Indoor_Setup/Day5/Device25/IQ_1.dat,169,13249431,23,23,1,test,diff_days_indoor,5,0,0,0,0,0,0.3129012882709503
data/raw/osu_lora/Diff_Days_Indoor_Setup/Day5/Device25/IQ_1.dat,170,13327830,23,22,0,test,diff_days_indoor,5,0,0,0,0,0,0.5638787746429443
data/raw/osu_lora/Diff_Days_Indoor_Setup/Day5/Device25/IQ_1.dat,171,13406229,23,22,0,test,diff_days_indoor,5,0,0,0,0,0,0.5346906185150146
data/raw/osu_lora/Diff_Days_Indoor_Setup/Day5/Device25/IQ_1.dat,172,13484628,23,23,1,test,diff_days_indoor,5,0,0,0,0,0,0.3648454248905182
data/raw/osu_lora/Diff_Days_Indoor_Setup/Day5/Device25/IQ_1.dat,173,13563027,23,22,0,test,diff_days_indoor,5,0,0,0,0,0,0.6916650533676147
data/raw/osu_lora/Diff_Days_Indoor_Setup/Day5/Device25/IQ_1.dat,174,13641426,23,22,0,test,diff_days_indoor,5,0,0,0,0,0,0.42087939381599426
data/raw/osu_lora/Diff_Days_Indoor_Setup/Day5/Device25/IQ_1.dat,175,13719825,23,22,0,test,diff_days_indoor,5,0,0,0,0,0,0.5469151735305786
data/raw/osu_lora/Diff_Days_Indoor_Setup/Day5/Device25/IQ_1.dat,176,13798224,23,23,1,test,diff_days_indoor,5,0,0,0,0,0,0.34539464116096497
data/raw/osu_lora/Diff_Days_Indoor_Setup/Day5/Device25/IQ_1.dat,177,13876623,23,22,0,test,diff_days_indoor,5,0,0,0,0,0,0.5078821182250977
data/raw/osu_lora/Diff_Days_Indoor_Setup/Day5/Device25/IQ_1.dat,178,13955022,23,22,0,test,diff_days_indoor,5,0,0,0,0,0,0.6581447124481201
data/raw/osu_lora/Diff_Days_Indoor_Setup/Day5/Device25/IQ_1.dat,179,14033421,23,22,0,test,diff_days_indoor,5,0,0,0,0,0,0.7549495100975037
data/raw/osu_lora/Diff_Days_Indoor_Setup/Day5/Device25/IQ_1.dat,180,14111820,23,22,0,test,diff_days_indoor,5,0,0,0,0,0,0.4042256474494934
data/raw/osu_lora/Diff_Days_Indoor_Setup/Day5/Device25/IQ_1.dat,181,14190219,23,22,0,test,diff_days_indoor,5,0,0,0,0,0,0.4968363642692566
data/raw/osu_lora/Diff_Days_Indoor_Setup/Day5/Device25/IQ_1.dat,182,14268618,23,23,1,test,diff_days_indoor,5,0,0,0,0,0,0.3389565050601959
data/raw/osu_lora/Diff_Days_Indoor_Setup/Day5/Device25/IQ_1.dat,183,14347017,23,22,0,test,diff_days_indoor,5,0,0,0,0,0,0.7304747104644775
data/raw/osu_lora/Diff_Days_Indoor_Setup/Day5/Device25/IQ_1.dat,184,14425416,23,5,0,test,diff_days_indoor,5,0,0,0,0,0,0.4868367910385132
data/raw/osu_lora/Diff_Days_Indoor_Setup/Day5/Device25/IQ_1.dat,185,14503815,23,23,1,test,diff_days_indoor,5,0,0,0,0,0,0.35583415627479553
data/raw/osu_lora/Diff_Days_Indoor_Setup/Day5/Device25/IQ_1.dat,186,14582214,23,23,1,test,diff_days_indoor,5,0,0,0,0,0,0.41592392325401306
data/raw/osu_lora/Diff_Days_Indoor_Setup/Day5/Device25/IQ_1.dat,187,14660613,23,15,0,test,diff_days_indoor,5,0,0,0,0,0,0.4218411445617676
data/raw/osu_lora/Diff_Days_Indoor_Setup/Day5/Device25/IQ_1.dat,188,14739012,23,22,0,test,diff_days_indoor,5,0,0,0,0,0,0.496980756521225
data/raw/osu_lora/Diff_Days_Indoor_Setup/Day5/Device25/IQ_1.dat,189,14817411,23,15,0,test,diff_days_indoor,5,0,0,0,0,0,0.3395082950592041
data/raw/osu_lora/Diff_Days_Indoor_Setup/Day5/Device25/IQ_1.dat,190,14895810,23,22,0,test,diff_days_indoor,5,0,0,0,0,0,0.3499729633331299
data/raw/osu_lora/Diff_Days_Indoor_Setup/Day5/Device25/IQ_1.dat,191,14974209,23,23,1,test,diff_days_indoor,5,0,0,0,0,0,0.3186691403388977
data/raw/osu_lora/Diff_Days_Indoor_Setup/Day5/Device25/IQ_1.dat,192,15052608,23,15,0,test,diff_days_indoor,5,0,0,0,0,0,0.5132525563240051
data/raw/osu_lora/Diff_Days_Indoor_Setup/Day5/Device25/IQ_1.dat,193,15131007,23,22,0,test,diff_days_indoor,5,0,0,0,0,0,0.41892969608306885
data/raw/osu_lora/Diff_Days_Indoor_Setup/Day5/Device25/IQ_1.dat,194,15209406,23,19,0,test,diff_days_indoor,5,0,0,0,0,0,0.2791493833065033
data/raw/osu_lora/Diff_Days_Indoor_Setup/Day5/Device25/IQ_1.dat,195,15287805,23,23,1,test,diff_days_indoor,5,0,0,0,0,0,0.37491512298583984
data/raw/osu_lora/Diff_Days_Indoor_Setup/Day5/Device25/IQ_1.dat,196,15366204,23,22,0,test,diff_days_indoor,5,0,0,0,0,0,0.34461790323257446
data/raw/osu_lora/Diff_Days_Indoor_Setup/Day5/Device25/IQ_1.dat,197,15444603,23,22,0,test,diff_days_indoor,5,0,0,0,0,0,0.3405399024486542
data/raw/osu_lora/Diff_Days_Indoor_Setup/Day5/Device25/IQ_1.dat,198,15523002,23,19,0,test,diff_days_indoor,5,0,0,0,0,0,0.5140340328216553
data/raw/osu_lora/Diff_Days_Indoor_Setup/Day5/Device25/IQ_1.dat,199,15601401,23,15,0,test,diff_days_indoor,5,0,0,0,0,0,0.3617570996284485
data/raw/osu_lora/Diff_Days_Indoor_Setup/Day5/Device25/IQ_1.dat,200,15679800,23,23,1,test,diff_days_indoor,5,0,0,0,0,0,0.3563379645347595
data/raw/osu_lora/Diff_Days_Indoor_Setup/Day5/Device25/IQ_1.dat,201,15758199,23,23,1,test,diff_days_indoor,5,0,0,0,0,0,0.4068341553211212
data/raw/osu_lora/Diff_Days_Indoor_Setup/Day5/Device25/IQ_1.dat,202,15836598,23,23,1,test,diff_days_indoor,5,0,0,0,0,0,0.38607922196388245
data/raw/osu_lora/Diff_Days_Indoor_Setup/Day5/Device25/IQ_1.dat,203,15914997,23,22,0,test,diff_days_indoor,5,0,0,0,0,0,0.3557504415512085
data/raw/osu_lora/Diff_Days_Indoor_Setup/Day5/Device25/IQ_1.dat,204,15993396,23,19,0,test,diff_days_indoor,5,0,0,0,0,0,0.4133056700229645
data/raw/osu_lora/Diff_Days_Indoor_Setup/Day5/Device25/IQ_1.dat,205,16071795,23,22,0,test,diff_days_indoor,5,0,0,0,0,0,0.3983632028102875
data/raw/osu_lora/Diff_Days_Indoor_Setup/Day5/Device25/IQ_1.dat,206,16150194,23,22,0,test,diff_days_indoor,5,0,0,0,0,0,0.34108439087867737
data/raw/osu_lora/Diff_Days_Indoor_Setup/Day5/Device25/IQ_1.dat,207,16228593,23,21,0,test,diff_days_indoor,5,0,0,0,0,0,0.09830951690673828
data/raw/osu_lora/Diff_Days_Indoor_Setup/Day5/Device25/IQ_1.dat,208,16306992,23,23,1,test,diff_days_indoor,5,0,0,0,0,0,0.45929184556007385
data/raw/osu_lora/Diff_Days_Indoor_Setup/Day5/Device25/IQ_1.dat,209,16385391,23,23,1,test,diff_days_indoor,5,0,0,0,0,0,0.33607640862464905
data/raw/osu_lora/Diff_Days_Indoor_Setup/Day5/Device25/IQ_1.dat,210,16463790,23,15,0,test,diff_days_indoor,5,0,0,0,0,0,0.45596933364868164
data/raw/osu_lora/Diff_Days_Indoor_Setup/Day5/Device25/IQ_1.dat,211,16542189,23,22,0,test,diff_days_indoor,5,0,0,0,0,0,0.4906471371650696
data/raw/osu_lora/Diff_Days_Indoor_Setup/Day5/Device25/IQ_1.dat,212,16620588,23,23,1,test,diff_days_indoor,5,0,0,0,0,0,0.3839678168296814
data/raw/osu_lora/Diff_Days_Indoor_Setup/Day5/Device25/IQ_1.dat,213,16698987,23,22,0,test,diff_days_indoor,5,0,0,0,0,0,0.4863490164279938
data/raw/osu_lora/Diff_Days_Indoor_Setup/Day5/Device25/IQ_1.dat,214,16777386,23,15,0,test,diff_days_indoor,5,0,0,0,0,0,0.366487056016922
data/raw/osu_lora/Diff_Days_Indoor_Setup/Day5/Device25/IQ_1.dat,215,16855785,23,22,0,test,diff_days_indoor,5,0,0,0,0,0,0.32311174273490906
data/raw/osu_lora/Diff_Days_Indoor_Setup/Day5/Device25/IQ_1.dat,216,16934184,23,23,1,test,diff_days_indoor,5,0,0,0,0,0,0.3530399203300476
data/raw/osu_lora/Diff_Days_Indoor_Setup/Day5/Device25/IQ_1.dat,217,17012583,23,22,0,test,diff_days_indoor,5,0,0,0,0,0,0.37358421087265015
data/raw/osu_lora/Diff_Days_Indoor_Setup/Day5/Device25/IQ_1.dat,218,17090982,23,15,0,test,diff_days_indoor,5,0,0,0,0,0,0.3832106590270996
data/raw/osu_lora/Diff_Days_Indoor_Setup/Day5/Device25/IQ_1.dat,219,17169381,23,22,0,test,diff_days_indoor,5,0,0,0,0,0,0.3639082610607147
data/raw/osu_lora/Diff_Days_Indoor_Setup/Day5/Device25/IQ_1.dat,220,17247780,23,15,0,test,diff_days_indoor,5,0,0,0,0,0,0.47992345690727234
data/raw/osu_lora/Diff_Days_Indoor_Setup/Day5/Device25/IQ_1.dat,221,17326179,23,15,0,test,diff_days_indoor,5,0,0,0,0,0,0.4146026074886322
data/raw/osu_lora/Diff_Days_Indoor_Setup/Day5/Device25/IQ_1.dat,222,17404578,23,23,1,test,diff_days_indoor,5,0,0,0,0,0,0.3387751877307892
data/raw/osu_lora/Diff_Days_Indoor_Setup/Day5/Device25/IQ_1.dat,223,17482977,23,22,0,test,diff_days_indoor,5,0,0,0,0,0,0.2786403000354767
data/raw/osu_lora/Diff_Days_Indoor_Setup/Day5/Device25/IQ_1.dat,224,17561376,23,15,0,test,diff_days_indoor,5,0,0,0,0,0,0.33078956604003906
data/raw/osu_lora/Diff_Days_Indoor_Setup/Day5/Device25/IQ_1.dat,225,17639775,23,15,0,test,diff_days_indoor,5,0,0,0,0,0,0.35621559619903564
data/raw/osu_lora/Diff_Days_Indoor_Setup/Day5/Device25/IQ_1.dat,226,17718174,23,15,0,test,diff_days_indoor,5,0,0,0,0,0,0.3904091417789459
data/raw/osu_lora/Diff_Days_Indoor_Setup/Day5/Device25/IQ_1.dat,227,17796573,23,22,0,test,diff_days_indoor,5,0,0,0,0,0,0.5426969528198242
data/raw/osu_lora/Diff_Days_Indoor_Setup/Day5/Device25/IQ_1.dat,228,17874972,23,22,0,test,diff_days_indoor,5,0,0,0,0,0,0.5610477924346924
data/raw/osu_lora/Diff_Days_Indoor_Setup/Day5/Device25/IQ_1.dat,229,17953371,23,23,1,test,diff_days_indoor,5,0,0,0,0,0,0.32142534852027893
data/raw/osu_lora/Diff_Days_Indoor_Setup/Day5/Device25/IQ_1.dat,230,18031770,23,22,0,test,diff_days_indoor,5,0,0,0,0,0,0.7523379325866699
data/raw/osu_lora/Diff_Days_Indoor_Setup/Day5/Device25/IQ_1.dat,231,18110169,23,23,1,test,diff_days_indoor,5,0,0,0,0,0,0.43520480394363403
data/raw/osu_lora/Diff_Days_Indoor_Setup/Day5/Device25/IQ_1.dat,232,18188568,23,6,0,test,diff_days_indoor,5,0,0,0,0,0,0.5326159596443176
data/raw/osu_lora/Diff_Days_Indoor_Setup/Day5/Device25/IQ_1.dat,233,18266967,23,22,0,test,diff_days_indoor,5,0,0,0,0,0,0.36309993267059326
data/raw/osu_lora/Diff_Days_Indoor_Setup/Day5/Device25/IQ_1.dat,234,18345366,23,15,0,test,diff_days_indoor,5,0,0,0,0,0,0.40299272537231445
data/raw/osu_lora/Diff_Days_Indoor_Setup/Day5/Device25/IQ_1.dat,235,18423765,23,22,0,test,diff_days_indoor,5,0,0,0,0,0,0.5491669178009033
data/raw/osu_lora/Diff_Days_Indoor_Setup/Day5/Device25/IQ_1.dat,236,18502164,23,22,0,test,diff_days_indoor,5,0,0,0,0,0,0.4400360584259033
data/raw/osu_lora/Diff_Days_Indoor_Setup/Day5/Device25/IQ_1.dat,237,18580563,23,15,0,test,diff_days_indoor,5,0,0,0,0,0,0.4166015386581421
data/raw/osu_lora/Diff_Days_Indoor_Setup/Day5/Device25/IQ_1.dat,238,18658962,23,23,1,test,diff_days_indoor,5,0,0,0,0,0,0.38635098934173584
data/raw/osu_lora/Diff_Days_Indoor_Setup/Day5/Device25/IQ_1.dat,239,18737361,23,22,0,test,diff_days_indoor,5,0,0,0,0,0,0.8622037768363953
data/raw/osu_lora/Diff_Days_Indoor_Setup/Day5/Device25/IQ_1.dat,240,18815760,23,22,0,test,diff_days_indoor,5,0,0,0,0,0,0.43867361545562744
data/raw/osu_lora/Diff_Days_Indoor_Setup/Day5/Device25/IQ_1.dat,241,18894159,23,23,1,test,diff_days_indoor,5,0,0,0,0,0,0.3893195390701294
data/raw/osu_lora/Diff_Days_Indoor_Setup/Day5/Device25/IQ_1.dat,242,18972558,23,15,0,test,diff_days_indoor,5,0,0,0,0,0,0.37427252531051636
data/raw/osu_lora/Diff_Days_Indoor_Setup/Day5/Device25/IQ_1.dat,243,19050957,23,19,0,test,diff_days_indoor,5,0,0,0,0,0,0.4576228857040405
data/raw/osu_lora/Diff_Days_Indoor_Setup/Day5/Device25/IQ_1.dat,244,19129356,23,19,0,test,diff_days_indoor,5,0,0,0,0,0,0.44910040497779846
data/raw/osu_lora/Diff_Days_Indoor_Setup/Day5/Device25/IQ_1.dat,245,19207755,23,19,0,test,diff_days_indoor,5,0,0,0,0,0,0.3289538323879242
data/raw/osu_lora/Diff_Days_Indoor_Setup/Day5/Device25/IQ_1.dat,246,19286154,23,22,0,test,diff_days_indoor,5,0,0,0,0,0,0.7564799189567566
data/raw/osu_lora/Diff_Days_Indoor_Setup/Day5/Device25/IQ_1.dat,247,19364553,23,19,0,test,diff_days_indoor,5,0,0,0,0,0,0.46706122159957886
data/raw/osu_lora/Diff_Days_Indoor_Setup/Day5/Device25/IQ_1.dat,248,19442952,23,23,1,test,diff_days_indoor,5,0,0,0,0,0,0.3403870761394501
data/raw/osu_lora/Diff_Days_Indoor_Setup/Day5/Device25/IQ_1.dat,249,19521351,23,23,1,test,diff_days_indoor,5,0,0,0,0,0,0.2991449236869812
data/raw/osu_lora/Diff_Days_Indoor_Setup/Day5/Device25/IQ_1.dat,250,19599750,23,22,0,test,diff_days_indoor,5,0,0,0,0,0,0.5782979726791382
data/raw/osu_lora/Diff_Days_Indoor_Setup/Day5/Device25/IQ_1.dat,251,19678149,23,22,0,test,diff_days_indoor,5,0,0,0,0,0,0.4152413606643677
data/raw/osu_lora/Diff_Days_Indoor_Setup/Day5/Device25/IQ_1.dat,252,19756548,23,22,0,test,diff_days_indoor,5,0,0,0,0,0,0.45058318972587585
data/raw/osu_lora/Diff_Days_Indoor_Setup/Day5/Device25/IQ_1.dat,253,19834947,23,22,0,test,diff_days_indoor,5,0,0,0,0,0,0.4741903841495514
data/raw/osu_lora/Diff_Days_Indoor_Setup/Day5/Device25/IQ_1.dat,254,19913346,23,22,0,test,diff_days_indoor,5,0,0,0,0,0,0.4516545534133911
data/raw/osu_lora/Diff_Days_Indoor_Setup/Day5/Device25/IQ_1.dat,255,19991745,23,23,1,test,diff_days_indoor,5,0,0,0,0,0,0.3040700852870941
