file_path,window_index,sample_offset,label,pred,correct,split,setup,day,receiver,location,distance,sf,config,confidence
data/raw/osu_lora/Diff_Days_Indoor_Setup/Day5/Device1/IQ_1.dat,0,0,0,0,1,test,diff_days_indoor,5,0,0,0,0,0,0.3562175929546356
data/raw/osu_lora/Diff_Days_Indoor_Setup/Day5/Device1/IQ_1.dat,1,78399,0,1,0,test,diff_days_indoor,5,0,0,0,0,0,0.4973055124282837
data/raw/osu_lora/Diff_Days_Indoor_Setup/Day5/Device1/IQ_1.dat,2,156798,0,0,1,test,diff_days_indoor,5,0,0,0,0,0,0.37728795409202576
data/raw/osu_lora/Diff_Days_Indoor_Setup/Day5/Device1/IQ_1.dat,3,235197,0,1,0,test,diff_days_indoor,5,0,0,0,0,0,0.5484978556632996
data/raw/osu_lora/Diff_Days_Indoor_Setup/Day5/Device1/IQ_1.dat,4,313596,0,1,0,test,diff_days_indoor,5,0,0,0,0,0,0.6742597818374634
data/raw/osu_lora/Diff_Days_Indoor_Setup/Day5/Device1/IQ_1.dat,5,391995,0,1,0,test,diff_days_indoor,5,0,0,0,0,0,0.5403965711593628
data/raw/osu_lora/Diff_Days_Indoor_Setup/Day5/Device1/IQ_1.dat,6,470394,0,1,0,test,diff_days_indoor,5,0,0,0,0,0,0.4150654077529907
data/raw/osu_lora/Diff_Days_Indoor_Setup/Day5/Device1/IQ_1.dat,7,548793,0,0,1,test,diff_days_indoor,5,0,0,0,0,0,0.37461358308792114
data/raw/osu_lora/Diff_Days_Indoor_Setup/Day5/Device1/IQ_1.dat,8,627192,0,1,0,test,diff_days_indoor,5,0,0,0,0,0,0.5351730585098267
data/raw/osu_lora/Diff_Days_Indoor_Setup/Day5/Device1/IQ_1.dat,9,705591,0,1,0,test,diff_days_indoor,5,0,0,0,0,0,0.5844091176986694
data/raw/osu_lora/Diff_Days_Indoor_Setup/Day5/Device1/IQ_1.dat,10,783990,0,0,1,test,diff_days_indoor,5,0,0,0,0,0,0.4218585789203644
data/raw/osu_lora/Diff_Days_Indoor_Setup/Day5/Device1/IQ_1.dat,11,862389,0,0,1,test,diff_days_indoor,5,0,0,0,0,0,0.40382614731788635
data/raw/osu_lora/Diff_Days_Indoor_Setup/Day5/Device1/IQ_1.dat,12,940788,0,0,1,test,diff_days_indoor,5,0,0,0,0,0,0.36962875723838806
data/raw/osu_lora/Diff_Days_Indoor_Setup/Day5/Device1/IQ_1.dat,13,1019187,0,3,0,test,diff_days_indoor,5,0,0,0,0,0,0.3939623236656189
data/raw/osu_lora/Diff_Days_Indoor_Setup/Day5/Device1/IQ_1.dat,14,1097586,0,1,0,test,diff_days_indoor,5,0,0,0,0,0,0.44813621044158936
data/raw/osu_lora/Diff_Days_Indoor_Setup/Day5/Device1/IQ_1.dat,15,1175985,0,1,0,test,diff_days_indoor,5,0,0,0,0,0,0.56256502866745
data/raw/osu_lora/Diff_Days_Indoor_Setup/Day5/Device1/IQ_1.dat,16,1254384,0,1,0,test,diff_days_indoor,5,0,0,0,0,0,0.4847556948661804
data/raw/osu_lora/Diff_Days_Indoor_Setup/Day5/Device1/IQ_1.dat,17,1332783,0,3,0,test,diff_days_indoor,5,0,0,0,0,0,0.37939414381980896
data/raw/osu_lora/Diff_Days_Indoor_Setup/Day5/Device1/IQ_1.dat,18,1411182,0,1,0,test,diff_days_indoor,5,0,0,0,0,0,0.5079917907714844
data/raw/osu_lora/Diff_Days_Indoor_Setup/Day5/Device1/IQ_1.dat,19,1489581,0,1,0,test,diff_days_indoor,5,0,0,0,0,0,0.4183051586151123
data/raw/osu_lora/Diff_Days_Indoor_Setup/Day5/Device1/IQ_1.dat,20,1567980,0,1,0,test,diff_days_indoor,5,0,0,0,0,0,0.4280063509941101
data/raw/osu_lora/Diff_Days_Indoor_Setup/Day5/Device1/IQ_1.dat,21,1646379,0,1,0,test,diff_days_indoor,5,0,0,0,0,0,0.538921594619751
data/raw/osu_lora/Diff_Days_Indoor_Setup/Day5/Device1/IQ_1.dat,22,1724778,0,3,0,test,diff_days_indoor,5,0,0,0,0,0,0.28895777463912964
data/raw/osu_lora/Diff_Days_Indoor_Setup/Day5/Device1/IQ_1.dat,23,1803177,0,3,0,test,diff_days_indoor,5,0,0,0,0,0,0.3466557264328003
data/raw/osu_lora/Diff_Days_Indoor_Setup/Day5/Device1/IQ_1.dat,24,1881576,0,1,0,test,diff_days_indoor,5,0,0,0,0,0,0.3765428364276886
data/raw/osu_lora/Diff_Days_Indoor_Setup/Day5/Device1/IQ_1.dat,25,1959975,0,1,0,test,diff_days_indoor,5,0,0,0,0,0,0.36311599612236023
data/raw/osu_lora/Diff_Days_Indoor_Setup/Day5/Device1/IQ_1.dat,26,2038374,0,1,0,test,diff_days_indoor,5,0,0,0,0,0,0.5135625600814819
data/raw/osu_lora/Diff_Days_Indoor_Setup/Day5/Device1/IQ_1.dat,27,2116773,0,0,1,test,diff_days_indoor,5,0,0,0,0,0,0.328122079372406
data/raw/osu_lora/Diff_Days_Indoor_Setup/Day5/Device1/IQ_1.dat,28,2195172,0,0,1,test,diff_days_indoor,5,0,0,0,0,0,0.3889683783054352
data/raw/osu_lora/Diff_Days_Indoor_Setup/Day5/Device1/IQ_1.dat,29,2273571,0,1,0,test,diff_days_indoor,5,0,0,0,0,0,0.5533943772315979
data/raw/osu_lora/Diff_Days_Indoor_Setup/Day5/Device1/IQ_1.dat,30,2351970,0,3,0,test,diff_days_indoor,5,0,0,0,0,0,0.4281139671802521
data/raw/osu_lora/Diff_Days_Indoor_Setup/Day5/Device1/IQ_1.dat,31,2430369,0,3,0,test,diff_days_indoor,5,0,0,0,0,0,0.4181445240974426
data/raw/osu_lora/Diff_Days_Indoor_Setup/Day5/Device1/IQ_1.dat,32,2508768,0,1,0,test,diff_days_indoor,5,0,0,0,0,0,0.48948928713798523
data/raw/osu_lora/Diff_Days_Indoor_Setup/Day5/Device1/IQ_1.dat,33,2587167,0,0,1,test,diff_days_indoor,5,0,0,0,0,0,0.37275251746177673
data/raw/osu_lora/Diff_Days_Indoor_Setup/Day5/Device1/IQ_1.dat,34,2665566,0,0,1,test,diff_days_indoor,5,0,0,0,0,0,0.33761143684387207
data/raw/osu_lora/Diff_Days_Indoor_Setup/Day5/Device1/IQ_1.dat,35,2743965,0,1,0,test,diff_days_indoor,5,0,0,0,0,0,0.4590858221054077
data/raw/osu_lora/Diff_Days_Indoor_Setup/Day5/Device1/IQ_1.dat,36,2822364,0,1,0,test,diff_days_indoor,5,0,0,0,0,0,0.40767475962638855
data/raw/osu_lora/Diff_Days_Indoor_Setup/Day5/Device1/IQ_1.dat,37,2900763,0,1,0,test,diff_days_indoor,5,0,0,0,0,0,0.5280738472938538
data/raw/osu_lora/Diff_Days_Indoor_Setup/Day5/Device1/IQ_1.dat,38,2979162,0,1,0,test,diff_days_indoor,5,0,0,0,0,0,0.5195272564888
data/raw/osu_lora/Diff_Days_Indoor_Setup/Day5/Device1/IQ_1.dat,39,3057561,0,3,0,test,diff_days_indoor,5,0,0,0,0,0,0.39007899165153503
data/raw/osu_lora/Diff_Days_Indoor_Setup/Day5/Device1/IQ_1.dat,40,3135960,0,1,0,test,diff_days_indoor,5,0,0,0,0,0,0.4185141921043396
data/raw/osu_lora/Diff_Days_Indoor_Setup/Day5/Device1/IQ_1.dat,41,3214359,0,1,0,test,diff_days_indoor,5,0,0,0,0,0,0.4643893837928772
data/raw/osu_lora/Diff_Days_Indoor_Setup/Day5/Device1/IQ_1.dat,42,3292758,0,2,0,test,diff_days_indoor,5,0,0,0,0,0,0.44799721240997314
data/raw/osu_lora/Diff_Days_Indoor_Setup/Day5/Device1/IQ_1.dat,43,3371157,0,3,0,test,diff_days_indoor,5,0,0,0,0,0,0.3502882719039917
data/raw/osu_lora/Diff_Days_Indoor_Setup/Day5/Device1/IQ_1.dat,44,3449556,0,0,1,test,diff_days_indoor,5,0,0,0,0,0,0.42547908425331116
data/raw/osu_lora/Diff_Days_Indoor_Setup/Day5/Device1/IQ_1.dat,45,3527955,0,3,0,test,diff_days_indoor,5,0,0,0,0,0,0.3867337703704834
data/raw/osu_lora/Diff_Days_Indoor_Setup/Day5/Device1/IQ_1.dat,46,3606354,0,0,1,test,diff_days_indoor,5,0,0,0,0,0,0.4202343821525574
data/raw/osu_lora/Diff_Days_Indoor_Setup/Day5/Device1/IQ_1.dat,47,3684753,0,0,1,test,diff_days_indoor,5,0,0,0,0,0,0.29526451230049133
data/raw/osu_lora/Diff_Days_Indoor_Setup/Day5/Device1/IQ_1.dat,48,3763152,0,1,0,test,diff_days_indoor,5,0,0,0,0,0,0.4526135325431824
data/raw/osu_lora/Diff_Days_Indoor_Setup/Day5/Device1/IQ_1.dat,49,3841551,0,1,0,test,diff_days_indoor,5,0,0,0,0,0,0.4678152799606323
data/raw/osu_lora/Diff_Days_Indoor_Setup/Day5/Device1/IQ_1.dat,50,3919950,0,1,0,test,diff_days_indoor,5,0,0,0,0,0,0.5894984006881714
data/raw/osu_lora/Diff_Days_Indoor_Setup/Day5/Device1/IQ_1.dat,51,3998349,0,1,0,test,diff_days_indoor,5,0,0,0,0,0,0.31906959414482117
data/raw/osu_lora/Diff_Days_Indoor_Setup/Day5/Device1/IQ_1.dat,52,4076748,0,1,0,test,diff_days_indoor,5,0,0,0,0,0,0.32634690403938293
data/raw/osu_lora/Diff_Days_Indoor_Setup/Day5/Device1/IQ_1.dat,53,4155147,0,1,0,test,diff_days_indoor,5,0,0,0,0,0,0.5251164436340332
data/raw/osu_lora/Diff_Days_Indoor_Setup/Day5/Device1/IQ_1.dat,54,4233546,0,1,0,test,diff_days_indoor,5,0,0,0,0,0,0.4887503385543823
data/raw/osu_lora/Diff_Days_Indoor_Setup/Day5/Device1/IQ_1.dat,55,4311945,0,1,0,test,diff_days_indoor,5,0,0,0,0,0,0.5032379031181335
data/raw/osu_lora/Diff_Days_Indoor_Setup/Day5/Device1/IQ_1.dat,56,4390344,0,3,0,test,diff_days_indoor,5,0,0,0,0,0,0.3944198191165924
data/raw/osu_lora/Diff_Days_Indoor_Setup/Day5/Device1/IQ_1.dat,57,4468743,0,0,1,test,diff_days_indoor,5,0,0,0,0,0,0.3154909908771515
data/raw/osu_lora/Diff_Days_Indoor_Setup/Day5/Device1/IQ_1.dat,58,4547142,0,1,0,test,diff_days_indoor,5,0,0,0,0,0,0.5581419467926025
data/raw/osu_lora/Diff_Days_Indoor_Setup/Day5/Device1/IQ_1.dat,59,4625541,0,1,0,test,diff_days_indoor,5,0,0,0,0,0,0.5803226828575134
data/raw/osu_lora/Diff_Days_Indoor_Setup/Day5/Device1/IQ_1.dat,60,4703940,0,1,0,test,diff_days_indoor,5,0,0,0,0,0,0.4526765048503876
data/raw/osu_lora/Diff_Days_Indoor_Setup/Day5/Device1/IQ_1.dat,61,4782339,0,0,1,test,diff_days_indoor,5,0,0,0,0,0,0.35510843992233276
data/raw/osu_lora/Diff_Days_Indoor_Setup/Day5/Device1/IQ_1.dat,62,4860738,0,1,0,test,diff_days_indoor,5,0,0,0,0,0,0.43723902106285095
data/raw/osu_lora/Diff_Days_Indoor_Setup/Day5/Device1/IQ_1.dat,63,4939137,0,3,0,test,diff_days_indoor,5,0,0,0,0,0,0.29518023133277893
data/raw/osu_lora/Diff_Days_Indoor_Setup/Day5/Device1/IQ_1.dat,64,5017536,0,3,0,test,diff_days_indoor,5,0,0,0,0,0,0.3709549605846405
data/raw/osu_lora/Diff_Days_Indoor_Setup/Day5/Device1/IQ_1.dat,65,5095935,0,3,0,test,diff_days_indoor,5,0,0,0,0,0,0.44073066115379333
data/raw/osu_lora/Diff_Days_Indoor_Setup/Day5/Device1/IQ_1.dat,66,5174334,0,1,0,test,diff_days_indoor,5,0,0,0,0,0,0.3602755069732666
data/raw/osu_lora/Diff_Days_Indoor_Setup/Day5/Device1/IQ_1.dat,67,5252733,0,1,0,test,diff_days_indoor,5,0,0,0,0,0,0.4627871811389923
data/raw/osu_lora/Diff_Days_Indoor_Setup/Day5/Device1/IQ_1.dat,68,5331132,0,1,0,test,diff_days_indoor,5,0,0,0,0,0,0.5518146753311157
data/raw/osu_lora/Diff_Days_Indoor_Setup/Day5/Device1/IQ_1.dat,69,5409531,0,0,1,test,diff_days_indoor,5,0,0,0,0,0,0.28916868567466736
data/raw/osu_lora/Diff_Days_Indoor_Setup/Day5/Device1/IQ_1.dat,70,5487930,0,1,0,test,diff_days_indoor,5,0,0,0,0,0,0.5320476293563843
data/raw/osu_lora/Diff_Days_Indoor_Setup/Day5/Device1/IQ_1.dat,71,5566329,0,1,0,test,diff_days_indoor,5,0,0,0,0,0,0.5441868305206299
data/raw/osu_lora/Diff_Days_Indoor_Setup/Day5/Device1/IQ_1.dat,72,5644728,0,1,0,test,diff_days_indoor,5,0,0,0,0,0,0.44459426403045654
data/raw/osu_lora/Diff_Days_Indoor_Setup/Day5/Device1/IQ_1.dat,73,5723127,0,3,0,test,diff_days_indoor,5,0,0,0,0,0,0.37428155541419983
data/raw/osu_lora/Diff_Days_Indoor_Setup/Day5/Device1/IQ_1.dat,74,5801526,0,1,0,test,diff_days_indoor,5,0,0,0,0,0,0.5287609100341797
data/raw/osu_lora/Diff_Days_Indoor_Setup/Day5/Device1/IQ_1.dat,75,5879925,0,1,0,test,diff_days_indoor,5,0,0,0,0,0,0.4752374291419983
data/raw/osu_lora/Diff_Days_Indoor_Setup/Day5/Device1/IQ_1.dat,76,5958324,0,3,0,test,diff_days_indoor,5,0,0,0,0,0,0.40828508138656616
data/raw/osu_lora/Diff_Days_Indoor_Setup/Day5/Device1/IQ_1.dat,77,6036723,0,0,1,test,diff_days_indoor,5,0,0,0,0,0,0.3369837999343872
data/raw/osu_lora/Diff_Days_Indoor_Setup/Day5/Device1/IQ_1.dat,78,6115122,0,3,0,test,diff_days_indoor,5,0,0,0,0,0,0.34276318550109863
data/raw/osu_lora/Diff_Days_Indoor_Setup/Day5/Device1/IQ_1.dat,79,6193521,0,1,0,test,diff_days_indoor,5,0,0,0,0,0,0.5589131712913513
data/raw/osu_lora/Diff_Days_Indoor_Setup/Day5/Device1/IQ_1.dat,80,6271920,0,0,1,test,diff_days_indoor,5,0,0,0,0,0,0.45310336351394653
data/raw/osu_lora/Diff_Days_Indoor_Setup/Day5/Device1/IQ_1.dat,81,6350319,0,1,0,test,diff_days_indoor,5,0,0,0,0,0,0.4300886392593384
data/raw/osu_lora/Diff_Days_Indoor_Setup/Day5/Device1/IQ_1.dat,82,6428718,0,3,0,test,diff_days_indoor,5,0,0,0,0,0,0.35868194699287415
data/raw/osu_lora/Diff_Days_Indoor_Setup/Day5/Device1/IQ_1.dat,83,6507117,0,0,1,test,diff_days_indoor,5,0,0,0,0,0,0.34946247935295105
data/raw/osu_lora/Diff_Days_Indoor_Setup/Day5/Device1/IQ_1.dat,84,6585516,0,3,0,test,diff_days_indoor,5,0,0,0,0,0,0.36056339740753174
data/raw/osu_lora/Diff_Days_Indoor_Setup/Day5/Device1/IQ_1.dat,85,6663915,0,0,1,test,diff_days_indoor,5,0,0,0,0,0,0.3696410655975342
data/raw/osu_lora/Diff_Days_Indoor_Setup/Day5/Device1/IQ_1.dat,86,6742314,0,3,0,test,diff_days_indoor,5,0,0,0,0,0,0.4584903419017792
data/raw/osu_lora/Diff_Days_Indoor_Setup/Day5/Device1/IQ_1.dat,87,6820713,0,1,0,test,diff_days_indoor,5,0,0,0,0,0,0.4189903736114502
data/raw/osu_lora/Diff_Days_Indoor_Setup/Day5/Device1/IQ_1.dat,88,6899112,0,1,0,test,diff_days_indoor,5,0,0,0,0,0,0.42939984798431396
data/raw/osu_lora/Diff_Days_Indoor_Setup/Day5/Device1/IQ_1.dat,89,6977511,0,1,0,test,diff_days_indoor,5,0,0,0,0,0,0.5471465587615967
data/raw/osu_lora/Diff_Days_Indoor_Setup/Day5/Device1/IQ_1.dat,90,7055910,0,3,0,test,diff_days_indoor,5,0,0,0,0,0,0.35596051812171936
data/raw/osu_lora/Diff_Days_Indoor_Setup/Day5/Device1/IQ_1.dat,91,7134309,0,0,1,test,diff_days_indoor,5,0,0,0,0,0,0.3114061951637268
data/raw/osu_lora/Diff_Days_Indoor_Setup/Day5/Device1/IQ_1.dat,92,7212708,0,3,0,test,diff_days_indoor,5,0,0,0,0,0,0.301563024520874
data/raw/osu_lora/Diff_Days_Indoor_Setup/Day5/Device1/IQ_1.dat,93,7291107,0,1,0,test,diff_days_indoor,5,0,0,0,0,0,0.515532374382019
data/raw/osu_lora/Diff_Days_Indoor_Setup/Day5/Device1/IQ_1.dat,94,7369506,0,3,0,test,diff_days_indoor,5,0,0,0,0,0,0.31136322021484375
data/raw/osu_lora/Diff_Days_Indoor_Setup/Day5/Device1/IQ_1.dat,95,7447905,0,1,0,test,diff_days_indoor,5,0,0,0,0,0,0.45403018593788147
data/raw/osu_lora/Diff_Days_Indoor_Setup/Day5/Device1/IQ_1.dat,96,7526304,0,1,0,test,diff_days_indoor,5,0,0,0,0,0,0.4491916298866272
data/raw/osu_lora/Diff_Days_Indoor_Setup/Day5/Device1/IQ_1.dat,97,7604703,0,3,0,test,diff_days_indoor,5,0,0,0,0,0,0.39057785272598267
data/raw/osu_lora/Diff_Days_Indoor_Setup/Day5/Device1/IQ_1.dat,98,7683102,0,0,1,test,diff_days_indoor,5,0,0,0,0,0,0.32859304547309875
data/raw/osu_lora/Diff_Days_Indoor_Setup/Day5/Device1/IQ_1.dat,99,7761501,0,3,0,test,diff_days_indoor,5,0,0,0,0,0,0.3584350049495697
data/raw/osu_lora/Diff_Days_Indoor_Setup/Day5/Device1/IQ_1.dat,100,7839900,0,3,0,test,diff_days_indoor,5,0,0,0,0,0,0.35053855180740356
data/raw/osu_lora/Diff_Days_Indoor_Setup/Day5/Device1/IQ_1.dat,101,7918299,0,1,0,test,diff_days_indoor,5,0,0,0,0,0,0.5240998864173889
data/raw/osu_lora/Diff_Days_Indoor_Setup/Day5/Device1/IQ_1.dat,102,7996698,0,1,0,test,diff_days_indoor,5,0,0,0,0,0,0.5778374075889587
data/raw/osu_lora/Diff_Days_Indoor_Setup/Day5/Device1/IQ_1.dat,103,8075097,0,1,0,test,diff_days_indoor,5,0,0,0,0,0,0.37395432591438293
data/raw/osu_lora/Diff_Days_Indoor_Setup/Day5/Device1/IQ_1.dat,104,8153496,0,1,0,test,diff_days_indoor,5,0,0,0,0,0,0.37038469314575195
data/raw/osu_lora/Diff_Days_Indoor_Setup/Day5/Device1/IQ_1.dat,105,8231895,0,0,1,test,diff_days_indoor,5,0,0,0,0,0,0.44100484251976013
data/raw/osu_lora/Diff_Days_Indoor_Setup/Day5/Device1/IQ_1.dat,106,8310294,0,3,0,test,diff_days_indoor,5,0,0,0,0,0,0.30070143938064575
data/raw/osu_lora/Diff_Days_Indoor_Setup/Day5/Device1/IQ_1.dat,107,8388693,0,3,0,test,diff_days_indoor,5,0,0,0,0,0,0.3711625039577484
data/raw/osu_lora/Diff_Days_Indoor_Setup/Day5/Device1/IQ_1.dat,108,8467092,0,3,0,test,diff_days_indoor,5,0,0,0,0,0,0.42217743396759033
data/raw/osu_lora/Diff_Days_Indoor_Setup/Day5/Device1/IQ_1.dat,109,8545491,0,3,0,test,diff_days_indoor,5,0,0,0,0,0,0.33130478858947754
data/raw/osu_lora/Diff_Days_Indoor_Setup/Day5/Device1/IQ_1.dat,110,8623890,0,0,1,test,diff_days_indoor,5,0,0,0,0,0,0.35378706455230713
data/raw/osu_lora/Diff_Days_Indoor_Setup/Day5/Device1/IQ_1.dat,111,8702289,0,0,1,test,diff_days_indoor,5,0,0,0,0,0,0.31230345368385315
data/raw/osu_lora/Diff_Days_Indoor_Setup/Day5/Device1/IQ_1.dat,112,8780688,0,1,0,test,diff_days_indoor,5,0,0,0,0,0,0.5580288171768188
data/raw/osu_lora/Diff_Days_Indoor_Setup/Day5/Device1/IQ_1.dat,113,8859087,0,3,0,test,diff_days_indoor,5,0,0,0,0,0,0.38225680589675903
data/raw/osu_lora/Diff_Days_Indoor_Setup/Day5/Device1/IQ_1.dat,114,8937486,0,1,0,test,diff_days_indoor,5,0,0,0,0,0,0.35832494497299194
data/raw/osu_lora/Diff_Days_Indoor_Setup/Day5/Device1/IQ_1.dat,115,9015885,0,0,1,test,diff_days_indoor,5,0,0,0,0,0,0.3377247750759125
data/raw/osu_lora/Diff_Days_Indoor_Setup/Day5/Device1/IQ_1.dat,116,9094284,0,3,0,test,diff_days_indoor,5,0,0,0,0,0,0.29628846049308777
data/raw/osu_lora/Diff_Days_Indoor_Setup/Day5/Device1/IQ_1.dat,117,9172683,0,3,0,test,diff_days_indoor,5,0,0,0,0,0,0.31448644399642944
data/raw/osu_lora/Diff_Days_Indoor_Setup/Day5/Device1/IQ_1.dat,118,9251082,0,3,0,test,diff_days_indoor,5,0,0,0,0,0,0.3158758282661438
data/raw/osu_lora/Diff_Days_Indoor_Setup/Day5/Device1/IQ_1.dat,119,9329481,0,0,1,test,diff_days_indoor,5,0,0,0,0,0,0.2873356342315674
data/raw/osu_lora/Diff_Days_Indoor_Setup/Day5/Device1/IQ_1.dat,120,9407880,0,3,0,test,diff_days_indoor,5,0,0,0,0,0,0.35573142766952515
data/raw/osu_lora/Diff_Days_Indoor_Setup/Day5/Device1/IQ_1.dat,121,9486279,0,1,0,test,diff_days_indoor,5,0,0,0,0,0,0.5608948469161987
data/raw/osu_lora/Diff_Days_Indoor_Setup/Day5/Device1/IQ_1.dat,122,9564678,0,1,0,test,diff_days_indoor,5,0,0,0,0,0,0.44340625405311584
data/raw/osu_lora/Diff_Days_Indoor_Setup/Day5/Device1/IQ_1.dat,123,9643077,0,1,0,test,diff_days_indoor,5,0,0,0,0,0,0.37855008244514465
data/raw/osu_lora/Diff_Days_Indoor_Setup/Day5/Device1/IQ_1.dat,124,9721476,0,3,0,test,diff_days_indoor,5,0,0,0,0,0,0.36244845390319824
data/raw/osu_lora/Diff_Days_Indoor_Setup/Day5/Device1/IQ_1.dat,125,9799875,0,3,0,test,diff_days_indoor,5,0,0,0,0,0,0.3326297104358673
data/raw/osu_lora/Diff_Days_Indoor_Setup/Day5/Device1/IQ_1.dat,126,9878274,0,3,0,test,diff_days_indoor,5,0,0,0,0,0,0.35707613825798035
data/raw/osu_lora/Diff_Days_Indoor_Setup/Day5/Device1/IQ_1.dat,127,9956673,0,0,1,test,diff_days_indoor,5,0,0,0,0,0,0.3081418573856354
data/raw/osu_lora/Diff_Days_Indoor_Setup/Day5/Device1/IQ_1.dat,128,10035072,0,0,1,test,diff_days_indoor,5,0,0,0,0,0,0.41999128460884094
data/raw/osu_lora/Diff_Days_Indoor_Setup/Day5/Device1/IQ_1.dat,129,10113471,0,1,0,test,diff_days_indoor,5,0,0,0,0,0,0.5264708995819092
data/raw/osu_lora/Diff_Days_Indoor_Setup/Day5/Device1/IQ_1.dat,130,10191870,0,0,1,test,diff_days_indoor,5,0,0,0,0,0,0.4011925756931305
data/raw/osu_lora/Diff_Days_Indoor_Setup/Day5/Device1/IQ_1.dat,131,10270269,0,3,0,test,diff_days_indoor,5,0,0,0,0,0,0.3833259046077728
data/raw/osu_lora/Diff_Days_Indoor_Setup/Day5/Device1/IQ_1.dat,132,10348668,0,1,0,test,diff_days_indoor,5,0,0,0,0,0,0.570855438709259
data/raw/osu_lora/Diff_Days_Indoor_Setup/Day5/Device1/IQ_1.dat,133,10427067,0,3,0,test,diff_days_indoor,5,0,0,0,0,0,0.3248263895511627
data/raw/osu_lora/Diff_Days_Indoor_Setup/Day5/Device1/IQ_1.dat,134,10505466,0,0,1,test,diff_days_indoor,5,0,0,0,0,0,0.4345816671848297
data/raw/osu_lora/Diff_Days_Indoor_Setup/Day5/Device1/IQ_1.dat,135,10583865,0,1,0,test,diff_days_indoor,5,0,0,0,0,0,0.4679188132286072
data/raw/osu_lora/Diff_Days_Indoor_Setup/Day5/Device1/IQ_1.dat,136,10662264,0,0,1,test,diff_days_indoor,5,0,0,0,0,0,0.36313050985336304
data/raw/osu_lora/Diff_Days_Indoor_Setup/Day5/Device1/IQ_1.dat,137,10740663,0,1,0,test,diff_days_indoor,5,0,0,0,0,0,0.414492666721344
data/raw/osu_lora/Diff_Days_Indoor_Setup/Day5/Device1/IQ_1.dat,138,10819062,0,1,0,test,diff_days_indoor,5,0,0,0,0,0,0.4477226734161377
data/raw/osu_lora/Diff_Days_Indoor_Setup/Day5/Device1/IQ_1.dat,139,10897461,0,0,1,test,diff_days_indoor,5,0,0,0,0,0,0.39054417610168457
data/raw/osu_lora/Diff_Days_Indoor_Setup/Day5/Device1/IQ_1.dat,140,10975860,0,3,0,test,diff_days_indoor,5,0,0,0,0,0,0.3758711516857147
data/raw/osu_lora/Diff_Days_Indoor_Setup/Day5/Device1/IQ_1.dat,141,11054259,0,3,0,test,diff_days_indoor,5,0,0,0,0,0,0.39609295129776
data/raw/osu_lora/Diff_Days_Indoor_Setup/Day5/Device1/IQ_1.dat,142,11132658,0,1,0,test,diff_days_indoor,5,0,0,0,0,0,0.6334590911865234
data/raw/osu_lora/Diff_Days_Indoor_Setup/Day5/Device1/IQ_1.dat,143,11211057,0,3,0,test,diff_days_indoor,5,0,0,0,0,0,0.4084545969963074
data/raw/osu_lora/Diff_Days_Indoor_Setup/Day5/Device1/IQ_1.dat,144,11289456,0,3,0,test,diff_days_indoor,5,0,0,0,0,0,0.35214483737945557
data/raw/osu_lora/Diff_Days_Indoor_Setup/Day5/Device1/IQ_1.dat,145,11367855,0,0,1,test,diff_days_indoor,5,0,0,0,0,0,0.31831392645835876
data/raw/osu_lora/Diff_Days_Indoor_Setup/Day5/Device1/IQ_1.dat,146,11446254,0,1,0,test,diff_days_indoor,5,0,0,0,0,0,0.402596652507782
data/raw/osu_lora/Diff_Days_Indoor_Setup/Day5/Device1/IQ_1.dat,147,11524653,0,1,0,test,diff_days_indoor,5,0,0,0,0,0,0.4231988489627838
data/raw/osu_lora/Diff_Days_Indoor_Setup/Day5/Device1/IQ_1.dat,148,11603052,0,1,0,test,diff_days_indoor,5,0,0,0,0,0,0.4679378569126129
data/raw/osu_lora/Diff_Days_Indoor_Setup/Day5/Device1/IQ_1.dat,149,11681451,0,3,0,test,diff_days_indoor,5,0,0,0,0,0,0.36601102352142334
data/raw/osu_lora/Diff_Days_Indoor_Setup/Day5/Device1/IQ_1.dat,150,11759850,0,0,1,test,diff_days_indoor,5,0,0,0,0,0,0.3855980932712555
data/raw/osu_lora/Diff_Days_Indoor_Setup/Day5/Device1/IQ_1.dat,151,11838249,0,0,1,test,diff_days_indoor,5,0,0,0,0,0,0.382394939661026
data/raw/osu_lora/Diff_Days_Indoor_Setup/Day5/Device1/IQ_1.dat,152,11916648,0,0,1,test,diff_days_indoor,5,0,0,0,0,0,0.39934009313583374
data/raw/osu_lora/Diff_Days_Indoor_Setup/Day5/Device1/IQ_1.dat,153,11995047,0,3,0,test,diff_days_indoor,5,0,0,0,0,0,0.3896649181842804
data/raw/osu_lora/Diff_Days_Indoor_Setup/Day5/Device1/IQ_1.dat,154,12073446,0,1,0,test,diff_days_indoor,5,0,0,0,0,0,0.4938756227493286
data/raw/osu_lora/Diff_Days_Indoor_Setup/Day5/Device1/IQ_1.dat,155,12151845,0,1,0,test,diff_days_indoor,5,0,0,0,0,0,0.4784969687461853
data/raw/osu_lora/Diff_Days_Indoor_Setup/Day5/Device1/IQ_1.dat,156,12230244,0,1,0,test,diff_days_indoor,5,0,0,0,0,0,0.5414007306098938
data/raw/osu_lora/Diff_Days_Indoor_Setup/Day5/Device1/IQ_1.dat,157,12308643,0,3,0,test,diff_days_indoor,5,0,0,0,0,0,0.37806016206741333
data/raw/osu_lora/Diff_Days_Indoor_Setup/Day5/Device1/IQ_1.dat,158,12387042,0,3,0,test,diff_days_indoor,5,0,0,0,0,0,0.3997979760169983
data/raw/osu_lora/Diff_Days_Indoor_Setup/Day5/Device1/IQ_1.dat,159,12465441,0,0,1,test,diff_days_indoor,5,0,0,0,0,0,0.36969998478889465
data/raw/osu_lora/Diff_Days_Indoor_Setup/Day5/Device1/IQ_1.dat,160,12543840,0,0,1,test,diff_days_indoor,5,0,0,0,0,0,0.28461894392967224
data/raw/osu_lora/Diff_Days_Indoor_Setup/Day5/Device1/IQ_1.dat,161,12622239,0,3,0,test,diff_days_indoor,5,0,0,0,0,0,0.40085679292678833
data/raw/osu_lora/Diff_Days_Indoor_Setup/Day5/Device1/IQ_1.dat,162,12700638,0,3,0,test,diff_days_indoor,5,0,0,0,0,0,0.4274960160255432
data/raw/osu_lora/Diff_Days_Indoor_Setup/Day5/Device1/IQ_1.dat,163,12779037,0,1,0,test,diff_days_indoor,5,0,0,0,0,0,0.5911797285079956
data/raw/osu_lora/Diff_Days_Indoor_Setup/Day5/Device1/IQ_1.dat,164,12857436,0,1,0,test,diff_days_indoor,5,0,0,0,0,0,0.5067510604858398
data/raw/osu_lora/Diff_Days_Indoor_Setup/Day5/Device1/IQ_1.dat,165,12935835,0,3,0,test,diff_days_indoor,5,0,0,0,0,0,0.4082823693752289
data/raw/osu_lora/Diff_Days_Indoor_Setup/Day5/Device1/IQ_1.dat,166,13014234,0,3,0,test,diff_days_indoor,5,0,0,0,0,0,0.3130723237991333
data/raw/osu_lora/Diff_Days_Indoor_Setup/Day5/Device1/IQ_1.dat,167,13092633,0,3,0,test,diff_days_indoor,5,0,0,0,0,0,0.38460439443588257
data/raw/osu_lora/Diff_Days_Indoor_Setup/Day5/Device1/IQ_1.dat,168,13171032,0,3,0,test,diff_days_indoor,5,0,0,0,0,0,0.3964496850967407
data/raw/osu_lora/Diff_Days_Indoor_Setup/Day5/Device1/IQ_1.dat,169,13249431,0,1,0,test,diff_days_indoor,5,0,0,0,0,0,0.5593585968017578
data/raw/osu_lora/Diff_Days_Indoor_Setup/Day5/Device1/IQ_1.dat,170,13327830,0,0,1,test,diff_days_indoor,5,0,0,0,0,0,0.3880957067012787
data/raw/osu_lora/Diff_Days_Indoor_Setup/Day5/Device1/IQ_1.dat,171,13406229,0,0,1,test,diff_days_indoor,5,0,0,0,0,0,0.34378930926322937
data/raw/osu_lora/Diff_Days_Indoor_Setup/Day5/Device1/IQ_1.dat,172,13484628,0,3,0,test,diff_days_indoor,5,0,0,0,0,0,0.3527664542198181
data/raw/osu_lora/Diff_Days_Indoor_Setup/Day5/Device1/IQ_1.dat,173,13563027,0,0,1,test,diff_days_indoor,5,0,0,0,0,0,0.3818020522594452
data/raw/osu_lora/Diff_Days_Indoor_Setup/Day5/Device1/IQ_1.dat,174,13641426,0,3,0,test,diff_days_indoor,5,0,0,0,0,0,0.3691880404949188
data/raw/osu_lora/Diff_Days_Indoor_Setup/Day5/Device1/IQ_1.dat,175,13719825,0,1,0,test,diff_days_indoor,5,0,0,0,0,0,0.5145961046218872
data/raw/osu_lora/Diff_Days_Indoor_Setup/Day5/Device1/IQ_1.dat,176,13798224,0,0,1,test,diff_days_indoor,5,0,0,0,0,0,0.3521227538585663
data/raw/osu_lora/Diff_Days_Indoor_Setup/Day5/Device1/IQ_1.dat,177,13876623,0,0,1,test,diff_days_indoor,5,0,0,0,0,0,0.32714810967445374
data/raw/osu_lora/Diff_Days_Indoor_Setup/Day5/Device1/IQ_1.dat,178,13955022,0,1,0,test,diff_days_indoor,5,0,0,0,0,0,0.48786666989326477
data/raw/osu_lora/Diff_Days_Indoor_Setup/Day5/Device1/IQ_1.dat,179,14033421,0,0,1,test,diff_days_indoor,5,0,0,0,0,0,0.4030856788158417
data/raw/osu_lora/Diff_Days_Indoor_Setup/Day5/Device1/IQ_1.dat,180,14111820,0,1,0,test,diff_days_indoor,5,0,0,0,0,0,0.5712894797325134
data/raw/osu_lora/Diff_Days_Indoor_Setup/Day5/Device1/IQ_1.dat,181,14190219,0,0,1,test,diff_days_indoor,5,0,0,0,0,0,0.4331619441509247
data/raw/osu_lora/Diff_Days_Indoor_Setup/Day5/Device1/IQ_1.dat,182,14268618,0,0,1,test,diff_days_indoor,5,0,0,0,0,0,0.3402736186981201
data/raw/osu_lora/Diff_Days_Indoor_Setup/Day5/Device1/IQ_1.dat,183,14347017,0,0,1,test,diff_days_indoor,5,0,0,0,0,0,0.48969027400016785
data/raw/osu_lora/Diff_Days_Indoor_Setup/Day5/Device1/IQ_1.dat,184,14425416,0,1,0,test,diff_days_indoor,5,0,0,0,0,0,0.5014272332191467
data/raw/osu_lora/Diff_Days_Indoor_Setup/Day5/Device1/IQ_1.dat,185,14503815,0,1,0,test,diff_days_indoor,5,0,0,0,0,0,0.32120227813720703
data/raw/osu_lora/Diff_Days_Indoor_Setup/Day5/Device1/IQ_1.dat,186,14582214,0,1,0,test,diff_days_indoor,5,0,0,0,0,0,0.4451211094856262
data/raw/osu_lora/Diff_Days_Indoor_Setup/Day5/Device1/IQ_1.dat,187,14660613,0,0,1,test,diff_days_indoor,5,0,0,0,0,0,0.39684292674064636
data/raw/osu_lora/Diff_Days_Indoor_Setup/Day5/Device1/IQ_1.dat,188,14739012,0,1,0,test,diff_days_indoor,5,0,0,0,0,0,0.4783676266670227
data/raw/osu_lora/Diff_Days_Indoor_Setup/Day5/Device1/IQ_1.dat,189,14817411,0,1,0,test,diff_days_indoor,5,0,0,0,0,0,0.499163419008255
data/raw/osu_lora/Diff_Days_Indoor_Setup/Day5/Device1/IQ_1.dat,190,14895810,0,0,1,test,diff_days_indoor,5,0,0,0,0,0,0.38425740599632263
data/raw/osu_lora/Diff_Days_Indoor_Setup/Day5/Device1/IQ_1.dat,191,14974209,0,3,0,test,diff_days_indoor,5,0,0,0,0,0,0.3586677014827728
data/raw/osu_lora/Diff_Days_Indoor_Setup/Day5/Device1/IQ_1.dat,192,15052608,0,3,0,test,diff_days_indoor,5,0,0,0,0,0,0.37017589807510376
data/raw/osu_lora/Diff_Days_Indoor_Setup/Day5/Device1/IQ_1.dat,193,15131007,0,0,1,test,diff_days_indoor,5,0,0,0,0,0,0.3259159028530121
data/raw/osu_lora/Diff_Days_Indoor_Setup/Day5/Device1/IQ_1.dat,194,15209406,0,0,1,test,diff_days_indoor,5,0,0,0,0,0,0.31605347990989685
data/raw/osu_lora/Diff_Days_Indoor_Setup/Day5/Device1/IQ_1.dat,195,15287805,0,0,1,test,diff_days_indoor,5,0,0,0,0,0,0.3307207524776459
data/raw/osu_lora/Diff_Days_Indoor_Setup/Day5/Device1/IQ_1.dat,196,15366204,0,1,0,test,diff_days_indoor,5,0,0,0,0,0,0.4813985824584961
data/raw/osu_lora/Diff_Days_Indoor_Setup/Day5/Device1/IQ_1.dat,197,15444603,0,1,0,test,diff_days_indoor,5,0,0,0,0,0,0.5792957544326782
data/raw/osu_lora/Diff_Days_Indoor_Setup/Day5/Device1/IQ_1.dat,198,15523002,0,3,0,test,diff_days_indoor,5,0,0,0,0,0,0.36779066920280457
data/raw/osu_lora/Diff_Days_Indoor_Setup/Day5/Device1/IQ_1.dat,199,15601401,0,1,0,test,diff_days_indoor,5,0,0,0,0,0,0.5182368159294128
data/raw/osu_lora/Diff_Days_Indoor_Setup/Day5/Device1/IQ_1.dat,200,15679800,0,1,0,test,diff_days_indoor,5,0,0,0,0,0,0.40187376737594604
data/raw/osu_lora/Diff_Days_Indoor_Setup/Day5/Device1/IQ_1.dat,201,15758199,0,1,0,test,diff_days_indoor,5,0,0,0,0,0,0.5225168466567993
data/raw/osu_lora/Diff_Days_Indoor_Setup/Day5/Device1/IQ_1.dat,202,15836598,0,0,1,test,diff_days_indoor,5,0,0,0,0,0,0.4174976348876953
data/raw/osu_lora/Diff_Days_Indoor_Setup/Day5/Device1/IQ_1.dat,203,15914997,0,0,1,test,diff_days_indoor,5,0,0,0,0,0,0.3453004062175751
data/raw/osu_lora/Diff_Days_Indoor_Setup/Day5/Device1/IQ_1.dat,204,15993396,0,3,0,test,diff_days_indoor,5,0,0,0,0,0,0.3527786433696747
data/raw/osu_lora/Diff_Days_Indoor_Setup/Day5/Device1/IQ_1.dat,205,16071795,0,3,0,test,diff_days_indoor,5,0,0,0,0,0,0.27722495794296265
data/raw/osu_lora/Diff_Days_Indoor_Setup/Day5/Device1/IQ_1.dat,206,16150194,0,0,1,test,diff_days_indoor,5,0,0,0,0,0,0.3775763213634491
data/raw/osu_lora/Diff_Days_Indoor_Setup/Day5/Device1/IQ_1.dat,207,16228593,0,3,0,test,diff_days_indoor,5,0,0,0,0,0,0.2959708273410797
data/raw/osu_lora/Diff_Days_Indoor_Setup/Day5/Device1/IQ_1.dat,208,16306992,0,1,0,test,diff_days_indoor,5,0,0,0,0,0,0.39273473620414734
data/raw/osu_lora/Diff_Days_Indoor_Setup/Day5/Device1/IQ_1.dat,209,16385391,0,1,0,test,diff_days_indoor,5,0,0,0,0,0,0.49418264627456665
data/raw/osu_lora/Diff_Days_Indoor_Setup/Day5/Device1/IQ_1.dat,210,16463790,0,1,0,test,diff_days_indoor,5,0,0,0,0,0,0.4674754738807678
data/raw/osu_lora/Diff_Days_Indoor_Setup/Day5/Device1/IQ_1.dat,211,16542189,0,1,0,test,diff_days_indoor,5,0,0,0,0,0,0.4148411750793457
data/raw/osu_lora/Diff_Days_Indoor_Setup/Day5/Device1/IQ_1.dat,212,16620588,0,3,0,test,diff_days_indoor,5,0,0,0,0,0,0.2979711890220642
data/raw/osu_lora/Diff_Days_Indoor_Setup/Day5/Device1/IQ_1.dat,213,16698987,0,1,0,test,diff_days_indoor,5,0,0,0,0,0,0.5084415078163147
data/raw/osu_lora/Diff_Days_Indoor_Setup/Day5/Device1/IQ_1.dat,214,16777386,0,3,0,test,diff_days_indoor,5,0,0,0,0,0,0.31948962807655334
data/raw/osu_lora/Diff_Days_Indoor_Setup/Day5/Device1/IQ_1.dat,215,16855785,0,3,0,test,diff_days_indoor,5,0,0,0,0,0,0.3307684063911438
data/raw/osu_lora/Diff_Days_Indoor_Setup/Day5/Device1/IQ_1.dat,216,16934184,0,3,0,test,diff_days_indoor,5,0,0,0,0,0,0.44093915820121765
data/raw/osu_lora/Diff_Days_Indoor_Setup/Day5/Device1/IQ_1.dat,217,17012583,0,1,0,test,diff_days_indoor,5,0,0,0,0,0,0.5034387111663818
data/raw/osu_lora/Diff_Days_Indoor_Setup/Day5/Device1/IQ_1.dat,218,17090982,0,3,0,test,diff_days_indoor,5,0,0,0,0,0,0.3041199743747711
data/raw/osu_lora/Diff_Days_Indoor_Setup/Day5/Device1/IQ_1.dat,219,17169381,0,3,0,test,diff_days_indoor,5,0,0,0,0,0,0.33892983198165894
data/raw/osu_lora/Diff_Days_Indoor_Setup/Day5/Device1/IQ_1.dat,220,17247780,0,1,0,test,diff_days_indoor,5,0,0,0,0,0,0.48918038606643677
data/raw/osu_lora/Diff_Days_Indoor_Setup/Day5/Device1/IQ_1.dat,221,17326179,0,1,0,test,diff_days_indoor,5,0,0,0,0,0,0.5025894641876221
data/raw/osu_lora/Diff_Days_Indoor_Setup/Day5/Device1/IQ_1.dat,222,17404578,0,3,0,test,diff_days_indoor,5,0,0,0,0,0,0.3178149163722992
data/raw/osu_lora/Diff_Days_Indoor_Setup/Day5/Device1/IQ_1.dat,223,17482977,0,1,0,test,diff_days_indoor,5,0,0,0,0,0,0.42176613211631775
data/raw/osu_lora/Diff_Days_Indoor_Setup/Day5/Device1/IQ_1.dat,224,17561376,0,3,0,test,diff_days_indoor,5,0,0,0,0,0,0.371204137802124
data/raw/osu_lora/Diff_Days_Indoor_Setup/Day5/Device1/IQ_1.dat,225,17639775,0,1,0,test,diff_days_indoor,5,0,0,0,0,0,0.43085819482803345
data/raw/osu_lora/Diff_Days_Indoor_Setup/Day5/Device1/IQ_1.dat,226,17718174,0,3,0,test,diff_days_indoor,5,0,0,0,0,0,0.30869215726852417
data/raw/osu_lora/Diff_Days_Indoor_Setup/Day5/Device1/IQ_1.dat,227,17796573,0,3,0,test,diff_days_indoor,5,0,0,0,0,0,0.2771989405155182
data/raw/osu_lora/Diff_Days_Indoor_Setup/Day5/Device1/IQ_1.dat,228,17874972,0,3,0,test,diff_days_indoor,5,0,0,0,0,0,0.41205260157585144
data/raw/osu_lora/Diff_Days_Indoor_Setup/Day5/Device1/IQ_1.dat,229,17953371,0,1,0,test,diff_days_indoor,5,0,0,0,0,0,0.6408267617225647
data/raw/osu_lora/Diff_Days_Indoor_Setup/Day5/Device1/IQ_1.dat,230,18031770,0,1,0,test,diff_days_indoor,5,0,0,0,0,0,0.5037350654602051
data/raw/osu_lora/Diff_Days_Indoor_Setup/Day5/Device1/IQ_1.dat,231,18110169,0,1,0,test,diff_days_indoor,5,0,0,0,0,0,0.39703211188316345
data/raw/osu_lora/Diff_Days_Indoor_Setup/Day5/Device1/IQ_1.dat,232,18188568,0,3,0,test,diff_days_indoor,5,0,0,0,0,0,0.41043996810913086
data/raw/osu_lora/Diff_Days_Indoor_Setup/Day5/Device1/IQ_1.dat,233,18266967,0,1,0,test,diff_days_indoor,5,0,0,0,0,0,0.3701803386211395
data/raw/osu_lora/Diff_Days_Indoor_Setup/Day5/Device1/IQ_1.dat,234,18345366,0,3,0,test,diff_days_indoor,5,0,0,0,0,0,0.4247260093688965
data/raw/osu_lora/Diff_Days_Indoor_Setup/Day5/Device1/IQ_1.dat,235,18423765,0,3,0,test,diff_days_indoor,5,0,0,0,0,0,0.33809688687324524
data/raw/osu_lora/Diff_Days_Indoor_Setup/Day5/Device1/IQ_1.dat,236,18502164,0,0,1,test,diff_days_indoor,5,0,0,0,0,0,0.3272339999675751
data/raw/osu_lora/Diff_Days_Indoor_Setup/Day5/Device1/IQ_1.dat,237,18580563,0,3,0,test,diff_days_indoor,5,0,0,0,0,0,0.2952271103858948
data/raw/osu_lora/Diff_Days_Indoor_Setup/Day5/Device1/IQ_1.dat,238,18658962,0,1,0,test,diff_days_indoor,5,0,0,0,0,0,0.4735172986984253
data/raw/osu_lora/Diff_Days_Indoor_Setup/Day5/Device1/IQ_1.dat,239,18737361,0,1,0,test,diff_days_indoor,5,0,0,0,0,0,0.4343907833099365
data/raw/osu_lora/Diff_Days_Indoor_Setup/Day5/Device1/IQ_1.dat,240,18815760,0,3,0,test,diff_days_indoor,5,0,0,0,0,0,0.31253644824028015
data/raw/osu_lora/Diff_Days_Indoor_Setup/Day5/Device1/IQ_1.dat,241,18894159,0,1,0,test,diff_days_indoor,5,0,0,0,0,0,0.4397357106208801
data/raw/osu_lora/Diff_Days_Indoor_Setup/Day5/Device1/IQ_1.dat,242,18972558,0,1,0,test,diff_days_indoor,5,0,0,0,0,0,0.49483463168144226
data/raw/osu_lora/Diff_Days_Indoor_Setup/Day5/Device1/IQ_1.dat,243,19050957,0,0,1,test,diff_days_indoor,5,0,0,0,0,0,0.4287697374820709
data/raw/osu_lora/Diff_Days_Indoor_Setup/Day5/Device1/IQ_1.dat,244,19129356,0,3,0,test,diff_days_indoor,5,0,0,0,0,0,0.34627044200897217
data/raw/osu_lora/Diff_Days_Indoor_Setup/Day5/Device1/IQ_1.dat,245,19207755,0,1,0,test,diff_days_indoor,5,0,0,0,0,0,0.4257110357284546
data/raw/osu_lora/Diff_Days_Indoor_Setup/Day5/Device1/IQ_1.dat,246,19286154,0,0,1,test,diff_days_indoor,5,0,0,0,0,0,0.4093899428844452
data/raw/osu_lora/Diff_Days_Indoor_Setup/Day5/Device1/IQ_1.dat,247,19364553,0,0,1,test,diff_days_indoor,5,0,0,0,0,0,0.35659292340278625
data/raw/osu_lora/Diff_Days_Indoor_Setup/Day5/Device1/IQ_1.dat,248,19442952,0,1,0,test,diff_days_indoor,5,0,0,0,0,0,0.45304223895072937
data/raw/osu_lora/Diff_Days_Indoor_Setup/Day5/Device1/IQ_1.dat,249,19521351,0,1,0,test,diff_days_indoor,5,0,0,0,0,0,0.45842063426971436
data/raw/osu_lora/Diff_Days_Indoor_Setup/Day5/Device1/IQ_1.dat,250,19599750,0,1,0,test,diff_days_indoor,5,0,0,0,0,0,0.3833123445510864
data/raw/osu_lora/Diff_Days_Indoor_Setup/Day5/Device1/IQ_1.dat,251,19678149,0,1,0,test,diff_days_indoor,5,0,0,0,0,0,0.5779015421867371
data/raw/osu_lora/Diff_Days_Indoor_Setup/Day5/Device1/IQ_1.dat,252,19756548,0,0,1,test,diff_days_indoor,5,0,0,0,0,0,0.42310789227485657
data/raw/osu_lora/Diff_Days_Indoor_Setup/Day5/Device1/IQ_1.dat,253,19834947,0,3,0,test,diff_days_indoor,5,0,0,0,0,0,0.3306483328342438
data/raw/osu_lora/Diff_Days_Indoor_Setup/Day5/Device1/IQ_1.dat,254,19913346,0,3,0,test,diff_days_indoor,5,0,0,0,0,0,0.36936473846435547
data/raw/osu_lora/Diff_Days_Indoor_Setup/Day5/Device1/IQ_1.dat,255,19991745,0,1,0,test,diff_days_indoor,5,0,0,0,0,0,0.44819876551628113
data/raw/osu_lora/Diff_Days_Indoor_Setup/Day5/Device2/IQ_1.dat,0,0,1,1,1,test,diff_days_indoor,5,0,0,0,0,0,0.6044610142707825
data/raw/osu_lora/Diff_Days_Indoor_Setup/Day5/Device2/IQ_1.dat,1,78399,1,1,1,test,diff_days_indoor,5,0,0,0,0,0,0.557748019695282
data/raw/osu_lora/Diff_Days_Indoor_Setup/Day5/Device2/IQ_1.dat,2,156798,1,1,1,test,diff_days_indoor,5,0,0,0,0,0,0.6301144957542419
data/raw/osu_lora/Diff_Days_Indoor_Setup/Day5/Device2/IQ_1.dat,3,235197,1,1,1,test,diff_days_indoor,5,0,0,0,0,0,0.5479593873023987
data/raw/osu_lora/Diff_Days_Indoor_Setup/Day5/Device2/IQ_1.dat,4,313596,1,1,1,test,diff_days_indoor,5,0,0,0,0,0,0.4127656817436218
data/raw/osu_lora/Diff_Days_Indoor_Setup/Day5/Device2/IQ_1.dat,5,391995,1,1,1,test,diff_days_indoor,5,0,0,0,0,0,0.6324195265769958
data/raw/osu_lora/Diff_Days_Indoor_Setup/Day5/Device2/IQ_1.dat,6,470394,1,1,1,test,diff_days_indoor,5,0,0,0,0,0,0.6755928993225098
data/raw/osu_lora/Diff_Days_Indoor_Setup/Day5/Device2/IQ_1.dat,7,548793,1,1,1,test,diff_days_indoor,5,0,0,0,0,0,0.6957109570503235
data/raw/osu_lora/Diff_Days_Indoor_Setup/Day5/Device2/IQ_1.dat,8,627192,1,1,1,test,diff_days_indoor,5,0,0,0,0,0,0.6884073615074158
data/raw/osu_lora/Diff_Days_Indoor_Setup/Day5/Device2/IQ_1.dat,9,705591,1,1,1,test,diff_days_indoor,5,0,0,0,0,0,0.48018428683280945
data/raw/osu_lora/Diff_Days_Indoor_Setup/Day5/Device2/IQ_1.dat,10,783990,1,1,1,test,diff_days_indoor,5,0,0,0,0,0,0.7215437889099121
data/raw/osu_lora/Diff_Days_Indoor_Setup/Day5/Device2/IQ_1.dat,11,862389,1,1,1,test,diff_days_indoor,5,0,0,0,0,0,0.5407114624977112
data/raw/osu_lora/Diff_Days_Indoor_Setup/Day5/Device2/IQ_1.dat,12,940788,1,1,1,test,diff_days_indoor,5,0,0,0,0,0,0.6561142206192017
data/raw/osu_lora/Diff_Days_Indoor_Setup/Day5/Device2/IQ_1.dat,13,1019187,1,1,1,test,diff_days_indoor,5,0,0,0,0,0,0.7535486221313477
data/raw/osu_lora/Diff_Days_Indoor_Setup/Day5/Device2/IQ_1.dat,14,1097586,1,1,1,test,diff_days_indoor,5,0,0,0,0,0,0.6689936518669128
data/raw/osu_lora/Diff_Days_Indoor_Setup/Day5/Device2/IQ_1.dat,15,1175985,1,1,1,test,diff_days_indoor,5,0,0,0,0,0,0.4981623589992523
data/raw/osu_lora/Diff_Days_Indoor_Setup/Day5/Device2/IQ_1.dat,16,1254384,1,1,1,test,diff_days_indoor,5,0,0,0,0,0,0.6535905599594116
data/raw/osu_lora/Diff_Days_Indoor_Setup/Day5/Device2/IQ_1.dat,17,1332783,1,1,1,test,diff_days_indoor,5,0,0,0,0,0,0.5687539577484131
data/raw/osu_lora/Diff_Days_Indoor_Setup/Day5/Device2/IQ_1.dat,18,1411182,1,1,1,test,diff_days_indoor,5,0,0,0,0,0,0.691501259803772
data/raw/osu_lora/Diff_Days_Indoor_Setup/Day5/Device2/IQ_1.dat,19,1489581,1,1,1,test,diff_days_indoor,5,0,0,0,0,0,0.6590101718902588
data/raw/osu_lora/Diff_Days_Indoor_Setup/Day5/Device2/IQ_1.dat,20,1567980,1,1,1,test,diff_days_indoor,5,0,0,0,0,0,0.5686143636703491
data/raw/osu_lora/Diff_Days_Indoor_Setup/Day5/Device2/IQ_1.dat,21,1646379,1,1,1,test,diff_days_indoor,5,0,0,0,0,0,0.6427770853042603
data/raw/osu_lora/Diff_Days_Indoor_Setup/Day5/Device2/IQ_1.dat,22,1724778,1,1,1,test,diff_days_indoor,5,0,0,0,0,0,0.3727935254573822
data/raw/osu_lora/Diff_Days_Indoor_Setup/Day5/Device2/IQ_1.dat,23,1803177,1,1,1,test,diff_days_indoor,5,0,0,0,0,0,0.6023492813110352
data/raw/osu_lora/Diff_Days_Indoor_Setup/Day5/Device2/IQ_1.dat,24,1881576,1,1,1,test,diff_days_indoor,5,0,0,0,0,0,0.5770106315612793
data/raw/osu_lora/Diff_Days_Indoor_Setup/Day5/Device2/IQ_1.dat,25,1959975,1,1,1,test,diff_days_indoor,5,0,0,0,0,0,0.4460943937301636
data/raw/osu_lora/Diff_Days_Indoor_Setup/Day5/Device2/IQ_1.dat,26,2038374,1,1,1,test,diff_days_indoor,5,0,0,0,0,0,0.7235373854637146
data/raw/osu_lora/Diff_Days_Indoor_Setup/Day5/Device2/IQ_1.dat,27,2116773,1,1,1,test,diff_days_indoor,5,0,0,0,0,0,0.7328800559043884
data/raw/osu_lora/Diff_Days_Indoor_Setup/Day5/Device2/IQ_1.dat,28,2195172,1,1,1,test,diff_days_indoor,5,0,0,0,0,0,0.6305058598518372
data/raw/osu_lora/Diff_Days_Indoor_Setup/Day5/Device2/IQ_1.dat,29,2273571,1,1,1,test,diff_days_indoor,5,0,0,0,0,0,0.5322771668434143
data/raw/osu_lora/Diff_Days_Indoor_Setup/Day5/Device2/IQ_1.dat,30,2351970,1,1,1,test,diff_days_indoor,5,0,0,0,0,0,0.6134864687919617
data/raw/osu_lora/Diff_Days_Indoor_Setup/Day5/Device2/IQ_1.dat,31,2430369,1,1,1,test,diff_days_indoor,5,0,0,0,0,0,0.7031140327453613
data/raw/osu_lora/Diff_Days_Indoor_Setup/Day5/Device2/IQ_1.dat,32,2508768,1,1,1,test,diff_days_indoor,5,0,0,0,0,0,0.6765296459197998
data/raw/osu_lora/Diff_Days_Indoor_Setup/Day5/Device2/IQ_1.dat,33,2587167,1,1,1,test,diff_days_indoor,5,0,0,0,0,0,0.5741643309593201
data/raw/osu_lora/Diff_Days_Indoor_Setup/Day5/Device2/IQ_1.dat,34,2665566,1,1,1,test,diff_days_indoor,5,0,0,0,0,0,0.6151724457740784
data/raw/osu_lora/Diff_Days_Indoor_Setup/Day5/Device2/IQ_1.dat,35,2743965,1,1,1,test,diff_days_indoor,5,0,0,0,0,0,0.6600915193557739
data/raw/osu_lora/Diff_Days_Indoor_Setup/Day5/Device2/IQ_1.dat,36,2822364,1,1,1,test,diff_days_indoor,5,0,0,0,0,0,0.7235945463180542
data/raw/osu_lora/Diff_Days_Indoor_Setup/Day5/Device2/IQ_1.dat,37,2900763,1,1,1,test,diff_days_indoor,5,0,0,0,0,0,0.6848101615905762
data/raw/osu_lora/Diff_Days_Indoor_Setup/Day5/Device2/IQ_1.dat,38,2979162,1,1,1,test,diff_days_indoor,5,0,0,0,0,0,0.6890841722488403
data/raw/osu_lora/Diff_Days_Indoor_Setup/Day5/Device2/IQ_1.dat,39,3057561,1,1,1,test,diff_days_indoor,5,0,0,0,0,0,0.4105345606803894
data/raw/osu_lora/Diff_Days_Indoor_Setup/Day5/Device2/IQ_1.dat,40,3135960,1,1,1,test,diff_days_indoor,5,0,0,0,0,0,0.548615574836731
data/raw/osu_lora/Diff_Days_Indoor_Setup/Day5/Device2/IQ_1.dat,41,3214359,1,1,1,test,diff_days_indoor,5,0,0,0,0,0,0.6148046851158142
data/raw/osu_lora/Diff_Days_Indoor_Setup/Day5/Device2/IQ_1.dat,42,3292758,1,1,1,test,diff_days_indoor,5,0,0,0,0,0,0.4114927053451538
data/raw/osu_lora/Diff_Days_Indoor_Setup/Day5/Device2/IQ_1.dat,43,3371157,1,1,1,test,diff_days_indoor,5,0,0,0,0,0,0.6449730396270752
data/raw/osu_lora/Diff_Days_Indoor_Setup/Day5/Device2/IQ_1.dat,44,3449556,1,1,1,test,diff_days_indoor,5,0,0,0,0,0,0.6124985814094543
data/raw/osu_lora/Diff_Days_Indoor_Setup/Day5/Device2/IQ_1.dat,45,3527955,1,1,1,test,diff_days_indoor,5,0,0,0,0,0,0.6578519344329834
data/raw/osu_lora/Diff_Days_Indoor_Setup/Day5/Device2/IQ_1.dat,46,3606354,1,1,1,test,diff_days_indoor,5,0,0,0,0,0,0.7160036563873291
data/raw/osu_lora/Diff_Days_Indoor_Setup/Day5/Device2/IQ_1.dat,47,3684753,1,1,1,test,diff_days_indoor,5,0,0,0,0,0,0.6665320992469788
data/raw/osu_lora/Diff_Days_Indoor_Setup/Day5/Device2/IQ_1.dat,48,3763152,1,1,1,test,diff_days_indoor,5,0,0,0,0,0,0.7019233703613281
data/raw/osu_lora/Diff_Days_Indoor_Setup/Day5/Device2/IQ_1.dat,49,3841551,1,1,1,test,diff_days_indoor,5,0,0,0,0,0,0.7008030414581299
data/raw/osu_lora/Diff_Days_Indoor_Setup/Day5/Device2/IQ_1.dat,50,3919950,1,1,1,test,diff_days_indoor,5,0,0,0,0,0,0.7093517184257507
data/raw/osu_lora/Diff_Days_Indoor_Setup/Day5/Device2/IQ_1.dat,51,3998349,1,1,1,test,diff_days_indoor,5,0,0,0,0,0,0.5990025997161865
data/raw/osu_lora/Diff_Days_Indoor_Setup/Day5/Device2/IQ_1.dat,52,4076748,1,1,1,test,diff_days_indoor,5,0,0,0,0,0,0.6261151432991028
data/raw/osu_lora/Diff_Days_Indoor_Setup/Day5/Device2/IQ_1.dat,53,4155147,1,1,1,test,diff_days_indoor,5,0,0,0,0,0,0.6459696888923645
data/raw/osu_lora/Diff_Days_Indoor_Setup/Day5/Device2/IQ_1.dat,54,4233546,1,1,1,test,diff_days_indoor,5,0,0,0,0,0,0.6900615096092224
data/raw/osu_lora/Diff_Days_Indoor_Setup/Day5/Device2/IQ_1.dat,55,4311945,1,1,1,test,diff_days_indoor,5,0,0,0,0,0,0.6237229704856873
data/raw/osu_lora/Diff_Days_Indoor_Setup/Day5/Device2/IQ_1.dat,56,4390344,1,1,1,test,diff_days_indoor,5,0,0,0,0,0,0.5871179699897766
data/raw/osu_lora/Diff_Days_Indoor_Setup/Day5/Device2/IQ_1.dat,57,4468743,1,1,1,test,diff_days_indoor,5,0,0,0,0,0,0.7089734673500061
data/raw/osu_lora/Diff_Days_Indoor_Setup/Day5/Device2/IQ_1.dat,58,4547142,1,1,1,test,diff_days_indoor,5,0,0,0,0,0,0.5672984719276428
data/raw/osu_lora/Diff_Days_Indoor_Setup/Day5/Device2/IQ_1.dat,59,4625541,1,1,1,test,diff_days_indoor,5,0,0,0,0,0,0.5072810649871826
data/raw/osu_lora/Diff_Days_Indoor_Setup/Day5/Device2/IQ_1.dat,60,4703940,1,1,1,test,diff_days_indoor,5,0,0,0,0,0,0.6076400876045227
data/raw/osu_lora/Diff_Days_Indoor_Setup/Day5/Device2/IQ_1.dat,61,4782339,1,1,1,test,diff_days_indoor,5,0,0,0,0,0,0.650301992893219
data/raw/osu_lora/Diff_Days_Indoor_Setup/Day5/Device2/IQ_1.dat,62,4860738,1,1,1,test,diff_days_indoor,5,0,0,0,0,0,0.5792745351791382
data/raw/osu_lora/Diff_Days_Indoor_Setup/Day5/Device2/IQ_1.dat,63,4939137,1,1,1,test,diff_days_indoor,5,0,0,0,0,0,0.7135237455368042
data/raw/osu_lora/Diff_Days_Indoor_Setup/Day5/Device2/IQ_1.dat,64,5017536,1,1,1,test,diff_days_indoor,5,0,0,0,0,0,0.7151160836219788
data/raw/osu_lora/Diff_Days_Indoor_Setup/Day5/Device2/IQ_1.dat,65,5095935,1,1,1,test,diff_days_indoor,5,0,0,0,0,0,0.5456997156143188
data/raw/osu_lora/Diff_Days_Indoor_Setup/Day5/Device2/IQ_1.dat,66,5174334,1,1,1,test,diff_days_indoor,5,0,0,0,0,0,0.6425053477287292
data/raw/osu_lora/Diff_Days_Indoor_Setup/Day5/Device2/IQ_1.dat,67,5252733,1,1,1,test,diff_days_indoor,5,0,0,0,0,0,0.6750596761703491
data/raw/osu_lora/Diff_Days_Indoor_Setup/Day5/Device2/IQ_1.dat,68,5331132,1,1,1,test,diff_days_indoor,5,0,0,0,0,0,0.5628330707550049
data/raw/osu_lora/Diff_Days_Indoor_Setup/Day5/Device2/IQ_1.dat,69,5409531,1,1,1,test,diff_days_indoor,5,0,0,0,0,0,0.6748020052909851
data/raw/osu_lora/Diff_Days_Indoor_Setup/Day5/Device2/IQ_1.dat,70,5487930,1,1,1,test,diff_days_indoor,5,0,0,0,0,0,0.6009966731071472
data/raw/osu_lora/Diff_Days_Indoor_Setup/Day5/Device2/IQ_1.dat,71,5566329,1,1,1,test,diff_days_indoor,5,0,0,0,0,0,0.6859753131866455
data/raw/osu_lora/Diff_Days_Indoor_Setup/Day5/Device2/IQ_1.dat,72,5644728,1,1,1,test,diff_days_indoor,5,0,0,0,0,0,0.49059686064720154
data/raw/osu_lora/Diff_Days_Indoor_Setup/Day5/Device2/IQ_1.dat,73,5723127,1,1,1,test,diff_days_indoor,5,0,0,0,0,0,0.724285364151001
data/raw/osu_lora/Diff_Days_Indoor_Setup/Day5/Device2/IQ_1.dat,74,5801526,1,1,1,test,diff_days_indoor,5,0,0,0,0,0,0.7199610471725464
data/raw/osu_lora/Diff_Days_Indoor_Setup/Day5/Device2/IQ_1.dat,75,5879925,1,1,1,test,diff_days_indoor,5,0,0,0,0,0,0.6114099025726318
data/raw/osu_lora/Diff_Days_Indoor_Setup/Day5/Device2/IQ_1.dat,76,5958324,1,1,1,test,diff_days_indoor,5,0,0,0,0,0,0.6280509233474731
data/raw/osu_lora/Diff_Days_Indoor_Setup/Day5/Device2/IQ_1.dat,77,6036723,1,1,1,test,diff_days_indoor,5,0,0,0,0,0,0.6188586354255676
data/raw/osu_lora/Diff_Days_Indoor_Setup/Day5/Device2/IQ_1.dat,78,6115122,1,1,1,test,diff_days_indoor,5,0,0,0,0,0,0.6958754062652588
data/raw/osu_lora/Diff_Days_Indoor_Setup/Day5/Device2/IQ_1.dat,79,6193521,1,1,1,test,diff_days_indoor,5,0,0,0,0,0,0.6585596203804016
data/raw/osu_lora/Diff_Days_Indoor_Setup/Day5/Device2/IQ_1.dat,80,6271920,1,1,1,test,diff_days_indoor,5,0,0,0,0,0,0.5288287997245789
data/raw/osu_lora/Diff_Days_Indoor_Setup/Day5/Device2/IQ_1.dat,81,6350319,1,1,1,test,diff_days_indoor,5,0,0,0,0,0,0.711848795413971
data/raw/osu_lora/Diff_Days_Indoor_Setup/Day5/Device2/IQ_1.dat,82,6428718,1,1,1,test,diff_days_indoor,5,0,0,0,0,0,0.5636230707168579
data/raw/osu_lora/Diff_Days_Indoor_Setup/Day5/Device2/IQ_1.dat,83,6507117,1,1,1,test,diff_days_indoor,5,0,0,0,0,0,0.6666612029075623
data/raw/osu_lora/Diff_Days_Indoor_Setup/Day5/Device2/IQ_1.dat,84,6585516,1,1,1,test,diff_days_indoor,5,0,0,0,0,0,0.6957817077636719
data/raw/osu_lora/Diff_Days_Indoor_Setup/Day5/Device2/IQ_1.dat,85,6663915,1,1,1,test,diff_days_indoor,5,0,0,0,0,0,0.5220714211463928
data/raw/osu_lora/Diff_Days_Indoor_Setup/Day5/Device2/IQ_1.dat,86,6742314,1,1,1,test,diff_days_indoor,5,0,0,0,0,0,0.6332473754882812
data/raw/osu_lora/Diff_Days_Indoor_Setup/Day5/Device2/IQ_1.dat,87,6820713,1,1,1,test,diff_days_indoor,5,0,0,0,0,0,0.6698510050773621
data/raw/osu_lora/Diff_Days_Indoor_Setup/Day5/Device2/IQ_1.dat,88,6899112,1,1,1,test,diff_days_indoor,5,0,0,0,0,0,0.6744176745414734
data/raw/osu_lora/Diff_Days_Indoor_Setup/Day5/Device2/IQ_1.dat,89,6977511,1,1,1,test,diff_days_indoor,5,0,0,0,0,0,0.5659000277519226
data/raw/osu_lora/Diff_Days_Indoor_Setup/Day5/Device2/IQ_1.dat,90,7055910,1,1,1,test,diff_days_indoor,5,0,0,0,0,0,0.7492294907569885
data/raw/osu_lora/Diff_Days_Indoor_Setup/Day5/Device2/IQ_1.dat,91,7134309,1,1,1,test,diff_days_indoor,5,0,0,0,0,0,0.5245140194892883
data/raw/osu_lora/Diff_Days_Indoor_Setup/Day5/Device2/IQ_1.dat,92,7212708,1,1,1,test,diff_days_indoor,5,0,0,0,0,0,0.550091028213501
data/raw/osu_lora/Diff_Days_Indoor_Setup/Day5/Device2/IQ_1.dat,93,7291107,1,1,1,test,diff_days_indoor,5,0,0,0,0,0,0.5996450185775757
data/raw/osu_lora/Diff_Days_Indoor_Setup/Day5/Device2/IQ_1.dat,94,7369506,1,1,1,test,diff_days_indoor,5,0,0,0,0,0,0.6876074075698853
data/raw/osu_lora/Diff_Days_Indoor_Setup/Day5/Device2/IQ_1.dat,95,7447905,1,1,1,test,diff_days_indoor,5,0,0,0,0,0,0.6338919997215271
data/raw/osu_lora/Diff_Days_Indoor_Setup/Day5/Device2/IQ_1.dat,96,7526304,1,1,1,test,diff_days_indoor,5,0,0,0,0,0,0.754534900188446
data/raw/osu_lora/Diff_Days_Indoor_Setup/Day5/Device2/IQ_1.dat,97,7604703,1,1,1,test,diff_days_indoor,5,0,0,0,0,0,0.5538129806518555
data/raw/osu_lora/Diff_Days_Indoor_Setup/Day5/Device2/IQ_1.dat,98,7683102,1,1,1,test,diff_days_indoor,5,0,0,0,0,0,0.6660986542701721
data/raw/osu_lora/Diff_Days_Indoor_Setup/Day5/Device2/IQ_1.dat,99,7761501,1,1,1,test,diff_days_indoor,5,0,0,0,0,0,0.6215283274650574
data/raw/osu_lora/Diff_Days_Indoor_Setup/Day5/Device2/IQ_1.dat,100,7839900,1,1,1,test,diff_days_indoor,5,0,0,0,0,0,0.6898795366287231
data/raw/osu_lora/Diff_Days_Indoor_Setup/Day5/Device2/IQ_1.dat,101,7918299,1,1,1,test,diff_days_indoor,5,0,0,0,0,0,0.5895364284515381
data/raw/osu_lora/Diff_Days_Indoor_Setup/Day5/Device2/IQ_1.dat,102,7996698,1,1,1,test,diff_days_indoor,5,0,0,0,0,0,0.578730583190918
data/raw/osu_lora/Diff_Days_Indoor_Setup/Day5/Device2/IQ_1.dat,103,8075097,1,1,1,test,diff_days_indoor,5,0,0,0,0,0,0.6405137777328491
data/raw/osu_lora/Diff_Days_Indoor_Setup/Day5/Device2/IQ_1.dat,104,8153496,1,1,1,test,diff_days_indoor,5,0,0,0,0,0,0.6296753287315369
data/raw/osu_lora/Diff_Days_Indoor_Setup/Day5/Device2/IQ_1.dat,105,8231895,1,1,1,test,diff_days_indoor,5,0,0,0,0,0,0.50274658203125
data/raw/osu_lora/Diff_Days_Indoor_Setup/Day5/Device2/IQ_1.dat,106,8310294,1,1,1,test,diff_days_indoor,5,0,0,0,0,0,0.6782887578010559
data/raw/osu_lora/Diff_Days_Indoor_Setup/Day5/Device2/IQ_1.dat,107,8388693,1,1,1,test,diff_days_indoor,5,0,0,0,0,0,0.4794728755950928
data/raw/osu_lora/Diff_Days_Indoor_Setup/Day5/Device2/IQ_1.dat,108,8467092,1,1,1,test,diff_days_indoor,5,0,0,0,0,0,0.6576681137084961
data/raw/osu_lora/Diff_Days_Indoor_Setup/Day5/Device2/IQ_1.dat,109,8545491,1,1,1,test,diff_days_indoor,5,0,0,0,0,0,0.6046388149261475
data/raw/osu_lora/Diff_Days_Indoor_Setup/Day5/Device2/IQ_1.dat,110,8623890,1,1,1,test,diff_days_indoor,5,0,0,0,0,0,0.7187322974205017
data/raw/osu_lora/Diff_Days_Indoor_Setup/Day5/Device2/IQ_1.dat,111,8702289,1,1,1,test,diff_days_indoor,5,0,0,0,0,0,0.6991651654243469
data/raw/osu_lora/Diff_Days_Indoor_Setup/Day5/Device2/IQ_1.dat,112,8780688,1,1,1,test,diff_days_indoor,5,0,0,0,0,0,0.705168604850769
data/raw/osu_lora/Diff_Days_Indoor_Setup/Day5/Device2/IQ_1.dat,113,8859087,1,1,1,test,diff_days_indoor,5,0,0,0,0,0,0.753998875617981
data/raw/osu_lora/Diff_Days_Indoor_Setup/Day5/Device2/IQ_1.dat,114,8937486,1,1,1,test,diff_days_indoor,5,0,0,0,0,0,0.6122526526451111
data/raw/osu_lora/Diff_Days_Indoor_Setup/Day5/Device2/IQ_1.dat,115,9015885,1,1,1,test,diff_days_indoor,5,0,0,0,0,0,0.692288875579834
data/raw/osu_lora/Diff_Days_Indoor_Setup/Day5/Device2/IQ_1.dat,116,9094284,1,1,1,test,diff_days_indoor,5,0,0,0,0,0,0.7367984056472778
data/raw/osu_lora/Diff_Days_Indoor_Setup/Day5/Device2/IQ_1.dat,117,9172683,1,1,1,test,diff_days_indoor,5,0,0,0,0,0,0.6886029243469238
data/raw/osu_lora/Diff_Days_Indoor_Setup/Day5/Device2/IQ_1.dat,118,9251082,1,1,1,test,diff_days_indoor,5,0,0,0,0,0,0.7118707895278931
data/raw/osu_lora/Diff_Days_Indoor_Setup/Day5/Device2/IQ_1.dat,119,9329481,1,1,1,test,diff_days_indoor,5,0,0,0,0,0,0.6457832455635071
data/raw/osu_lora/Diff_Days_Indoor_Setup/Day5/Device2/IQ_1.dat,120,9407880,1,1,1,test,diff_days_indoor,5,0,0,0,0,0,0.4189502000808716
data/raw/osu_lora/Diff_Days_Indoor_Setup/Day5/Device2/IQ_1.dat,121,9486279,1,1,1,test,diff_days_indoor,5,0,0,0,0,0,0.6122827529907227
data/raw/osu_lora/Diff_Days_Indoor_Setup/Day5/Device2/IQ_1.dat,122,9564678,1,1,1,test,diff_days_indoor,5,0,0,0,0,0,0.644568145275116
data/raw/osu_lora/Diff_Days_Indoor_Setup/Day5/Device2/IQ_1.dat,123,9643077,1,1,1,test,diff_days_indoor,5,0,0,0,0,0,0.5942831635475159
data/raw/osu_lora/Diff_Days_Indoor_Setup/Day5/Device2/IQ_1.dat,124,9721476,1,1,1,test,diff_days_indoor,5,0,0,0,0,0,0.7625973224639893
data/raw/osu_lora/Diff_Days_Indoor_Setup/Day5/Device2/IQ_1.dat,125,9799875,1,1,1,test,diff_days_indoor,5,0,0,0,0,0,0.5390118956565857
data/raw/osu_lora/Diff_Days_Indoor_Setup/Day5/Device2/IQ_1.dat,126,9878274,1,1,1,test,diff_days_indoor,5,0,0,0,0,0,0.6531311869621277
data/raw/osu_lora/Diff_Days_Indoor_Setup/Day5/Device2/IQ_1.dat,127,9956673,1,1,1,test,diff_days_indoor,5,0,0,0,0,0,0.6837408542633057
data/raw/osu_lora/Diff_Days_Indoor_Setup/Day5/Device2/IQ_1.dat,128,10035072,1,1,1,test,diff_days_indoor,5,0,0,0,0,0,0.7456831932067871
data/raw/osu_lora/Diff_Days_Indoor_Setup/Day5/Device2/IQ_1.dat,129,10113471,1,1,1,test,diff_days_indoor,5,0,0,0,0,0,0.5191576480865479
data/raw/osu_lora/Diff_Days_Indoor_Setup/Day5/Device2/IQ_1.dat,130,10191870,1,1,1,test,diff_days_indoor,5,0,0,0,0,0,0.6740222573280334
data/raw/osu_lora/Diff_Days_Indoor_Setup/Day5/Device2/IQ_1.dat,131,10270269,1,1,1,test,diff_days_indoor,5,0,0,0,0,0,0.6347466707229614
data/raw/osu_lora/Diff_Days_Indoor_Setup/Day5/Device2/IQ_1.dat,132,10348668,1,1,1,test,diff_days_indoor,5,0,0,0,0,0,0.6557472944259644
data/raw/osu_lora/Diff_Days_Indoor_Setup/Day5/Device2/IQ_1.dat,133,10427067,1,1,1,test,diff_days_indoor,5,0,0,0,0,0,0.5486447215080261
data/raw/osu_lora/Diff_Days_Indoor_Setup/Day5/Device2/IQ_1.dat,134,10505466,1,1,1,test,diff_days_indoor,5,0,0,0,0,0,0.5934935808181763
data/raw/osu_lora/Diff_Days_Indoor_Setup/Day5/Device2/IQ_1.dat,135,10583865,1,1,1,test,diff_days_indoor,5,0,0,0,0,0,0.6335011124610901
data/raw/osu_lora/Diff_Days_Indoor_Setup/Day5/Device2/IQ_1.dat,136,10662264,1,3,0,test,diff_days_indoor,5,0,0,0,0,0,0.37619447708129883
data/raw/osu_lora/Diff_Days_Indoor_Setup/Day5/Device2/IQ_1.dat,137,10740663,1,1,1,test,diff_days_indoor,5,0,0,0,0,0,0.6662493348121643
data/raw/osu_lora/Diff_Days_Indoor_Setup/Day5/Device2/IQ_1.dat,138,10819062,1,1,1,test,diff_days_indoor,5,0,0,0,0,0,0.6027563810348511
data/raw/osu_lora/Diff_Days_Indoor_Setup/Day5/Device2/IQ_1.dat,139,10897461,1,1,1,test,diff_days_indoor,5,0,0,0,0,0,0.6924247145652771
data/raw/osu_lora/Diff_Days_Indoor_Setup/Day5/Device2/IQ_1.dat,140,10975860,1,1,1,test,diff_days_indoor,5,0,0,0,0,0,0.706859290599823
data/raw/osu_lora/Diff_Days_Indoor_Setup/Day5/Device2/IQ_1.dat,141,11054259,1,1,1,test,diff_days_indoor,5,0,0,0,0,0,0.6665517687797546
data/raw/osu_lora/Diff_Days_Indoor_Setup/Day5/Device2/IQ_1.dat,142,11132658,1,1,1,test,diff_days_indoor,5,0,0,0,0,0,0.7169177532196045
data/raw/osu_lora/Diff_Days_Indoor_Setup/Day5/Device2/IQ_1.dat,143,11211057,1,1,1,test,diff_days_indoor,5,0,0,0,0,0,0.7217981815338135
data/raw/osu_lora/Diff_Days_Indoor_Setup/Day5/Device2/IQ_1.dat,144,11289456,1,1,1,test,diff_days_indoor,5,0,0,0,0,0,0.6660041809082031
data/raw/osu_lora/Diff_Days_Indoor_Setup/Day5/Device2/IQ_1.dat,145,11367855,1,1,1,test,diff_days_indoor,5,0,0,0,0,0,0.7020390629768372
data/raw/osu_lora/Diff_Days_Indoor_Setup/Day5/Device2/IQ_1.dat,146,11446254,1,1,1,test,diff_days_indoor,5,0,0,0,0,0,0.7363730072975159
data/raw/osu_lora/Diff_Days_Indoor_Setup/Day5/Device2/IQ_1.dat,147,11524653,1,1,1,test,diff_days_indoor,5,0,0,0,0,0,0.586394727230072
data/raw/osu_lora/Diff_Days_Indoor_Setup/Day5/Device2/IQ_1.dat,148,11603052,1,1,1,test,diff_days_indoor,5,0,0,0,0,0,0.6133459210395813
data/raw/osu_lora/Diff_Days_Indoor_Setup/Day5/Device2/IQ_1.dat,149,11681451,1,1,1,test,diff_days_indoor,5,0,0,0,0,0,0.5982864499092102
data/raw/osu_lora/Diff_Days_Indoor_Setup/Day5/Device2/IQ_1.dat,150,11759850,1,1,1,test,diff_days_indoor,5,0,0,0,0,0,0.4983430802822113
data/raw/osu_lora/Diff_Days_Indoor_Setup/Day5/Device2/IQ_1.dat,151,11838249,1,1,1,test,diff_days_indoor,5,0,0,0,0,0,0.692760169506073
data/raw/osu_lora/Diff_Days_Indoor_Setup/Day5/Device2/IQ_1.dat,152,11916648,1,1,1,test,diff_days_indoor,5,0,0,0,0,0,0.6715837717056274
data/raw/osu_lora/Diff_Days_Indoor_Setup/Day5/Device2/IQ_1.dat,153,11995047,1,1,1,test,diff_days_indoor,5,0,0,0,0,0,0.611504852771759
data/raw/osu_lora/Diff_Days_Indoor_Setup/Day5/Device2/IQ_1.dat,154,12073446,1,1,1,test,diff_days_indoor,5,0,0,0,0,0,0.6705757975578308
data/raw/osu_lora/Diff_Days_Indoor_Setup/Day5/Device2/IQ_1.dat,155,12151845,1,1,1,test,diff_days_indoor,5,0,0,0,0,0,0.5900748372077942
data/raw/osu_lora/Diff_Days_Indoor_Setup/Day5/Device2/IQ_1.dat,156,12230244,1,1,1,test,diff_days_indoor,5,0,0,0,0,0,0.5430051684379578
data/raw/osu_lora/Diff_Days_Indoor_Setup/Day5/Device2/IQ_1.dat,157,12308643,1,1,1,test,diff_days_indoor,5,0,0,0,0,0,0.6201108694076538
data/raw/osu_lora/Diff_Days_Indoor_Setup/Day5/Device2/IQ_1.dat,158,12387042,1,1,1,test,diff_days_indoor,5,0,0,0,0,0,0.5331385731697083
data/raw/osu_lora/Diff_Days_Indoor_Setup/Day5/Device2/IQ_1.dat,159,12465441,1,1,1,test,diff_days_indoor,5,0,0,0,0,0,0.6030188202857971
data/raw/osu_lora/Diff_Days_Indoor_Setup/Day5/Device2/IQ_1.dat,160,12543840,1,1,1,test,diff_days_indoor,5,0,0,0,0,0,0.5539716482162476
data/raw/osu_lora/Diff_Days_Indoor_Setup/Day5/Device2/IQ_1.dat,161,12622239,1,1,1,test,diff_days_indoor,5,0,0,0,0,0,0.6122367978096008
data/raw/osu_lora/Diff_Days_Indoor_Setup/Day5/Device2/IQ_1.dat,162,12700638,1,1,1,test,diff_days_indoor,5,0,0,0,0,0,0.4376464784145355
data/raw/osu_lora/Diff_Days_Indoor_Setup/Day5/Device2/IQ_1.dat,163,12779037,1,1,1,test,diff_days_indoor,5,0,0,0,0,0,0.7114537358283997
data/raw/osu_lora/Diff_Days_Indoor_Setup/Day5/Device2/IQ_1.dat,164,12857436,1,1,1,test,diff_days_indoor,5,0,0,0,0,0,0.6293252110481262
data/raw/osu_lora/Diff_Days_Indoor_Setup/Day5/Device2/IQ_1.dat,165,12935835,1,1,1,test,diff_days_indoor,5,0,0,0,0,0,0.7280457615852356
data/raw/osu_lora/Diff_Days_Indoor_Setup/Day5/Device2/IQ_1.dat,166,13014234,1,1,1,test,diff_days_indoor,5,0,0,0,0,0,0.617362380027771
data/raw/osu_lora/Diff_Days_Indoor_Setup/Day5/Device2/IQ_1.dat,167,13092633,1,1,1,test,diff_days_indoor,5,0,0,0,0,0,0.46006715297698975
data/raw/osu_lora/Diff_Days_Indoor_Setup/Day5/Device2/IQ_1.dat,168,13171032,1,1,1,test,diff_days_indoor,5,0,0,0,0,0,0.641761064529419
data/raw/osu_lora/Diff_Days_Indoor_Setup/Day5/Device2/IQ_1.dat,169,13249431,1,1,1,test,diff_days_indoor,5,0,0,0,0,0,0.513745129108429
data/raw/osu_lora/Diff_Days_Indoor_Setup/Day5/Device2/IQ_1.dat,170,13327830,1,1,1,test,diff_days_indoor,5,0,0,0,0,0,0.6923635601997375
data/raw/osu_lora/Diff_Days_Indoor_Setup/Day5/Device2/IQ_1.dat,171,13406229,1,1,1,test,diff_days_indoor,5,0,0,0,0,0,0.7120066285133362
data/raw/osu_lora/Diff_Days_Indoor_Setup/Day5/Device2/IQ_1.dat,172,13484628,1,1,1,test,diff_days_indoor,5,0,0,0,0,0,0.6330980658531189
data/raw/osu_lora/Diff_Days_Indoor_Setup/Day5/Device2/IQ_1.dat,173,13563027,1,3,0,test,diff_days_indoor,5,0,0,0,0,0,0.325833797454834
data/raw/osu_lora/Diff_Days_Indoor_Setup/Day5/Device2/IQ_1.dat,174,13641426,1,1,1,test,diff_days_indoor,5,0,0,0,0,0,0.5901797413825989
data/raw/osu_lora/Diff_Days_Indoor_Setup/Day5/Device2/IQ_1.dat,175,13719825,1,1,1,test,diff_days_indoor,5,0,0,0,0,0,0.5723244547843933
data/raw/osu_lora/Diff_Days_Indoor_Setup/Day5/Device2/IQ_1.dat,176,13798224,1,1,1,test,diff_days_indoor,5,0,0,0,0,0,0.6173990964889526
data/raw/osu_lora/Diff_Days_Indoor_Setup/Day5/Device2/IQ_1.dat,177,13876623,1,1,1,test,diff_days_indoor,5,0,0,0,0,0,0.7185128331184387
data/raw/osu_lora/Diff_Days_Indoor_Setup/Day5/Device2/IQ_1.dat,178,13955022,1,1,1,test,diff_days_indoor,5,0,0,0,0,0,0.5589507818222046
data/raw/osu_lora/Diff_Days_Indoor_Setup/Day5/Device2/IQ_1.dat,179,14033421,1,1,1,test,diff_days_indoor,5,0,0,0,0,0,0.5359758734703064
data/raw/osu_lora/Diff_Days_Indoor_Setup/Day5/Device2/IQ_1.dat,180,14111820,1,1,1,test,diff_days_indoor,5,0,0,0,0,0,0.6175007224082947
data/raw/osu_lora/Diff_Days_Indoor_Setup/Day5/Device2/IQ_1.dat,181,14190219,1,1,1,test,diff_days_indoor,5,0,0,0,0,0,0.658439040184021
data/raw/osu_lora/Diff_Days_Indoor_Setup/Day5/Device2/IQ_1.dat,182,14268618,1,1,1,test,diff_days_indoor,5,0,0,0,0,0,0.4861944913864136
data/raw/osu_lora/Diff_Days_Indoor_Setup/Day5/Device2/IQ_1.dat,183,14347017,1,1,1,test,diff_days_indoor,5,0,0,0,0,0,0.6869586706161499
data/raw/osu_lora/Diff_Days_Indoor_Setup/Day5/Device2/IQ_1.dat,184,14425416,1,1,1,test,diff_days_indoor,5,0,0,0,0,0,0.6795032024383545
data/raw/osu_lora/Diff_Days_Indoor_Setup/Day5/Device2/IQ_1.dat,185,14503815,1,1,1,test,diff_days_indoor,5,0,0,0,0,0,0.6807662844657898
data/raw/osu_lora/Diff_Days_Indoor_Setup/Day5/Device2/IQ_1.dat,186,14582214,1,1,1,test,diff_days_indoor,5,0,0,0,0,0,0.6756801009178162
data/raw/osu_lora/Diff_Days_Indoor_Setup/Day5/Device2/IQ_1.dat,187,14660613,1,1,1,test,diff_days_indoor,5,0,0,0,0,0,0.4982699751853943
data/raw/osu_lora/Diff_Days_Indoor_Setup/Day5/Device2/IQ_1.dat,188,14739012,1,1,1,test,diff_days_indoor,5,0,0,0,0,0,0.7190357446670532
data/raw/osu_lora/Diff_Days_Indoor_Setup/Day5/Device2/IQ_1.dat,189,14817411,1,1,1,test,diff_days_indoor,5,0,0,0,0,0,0.6188096404075623
data/raw/osu_lora/Diff_Days_Indoor_Setup/Day5/Device2/IQ_1.dat,190,14895810,1,1,1,test,diff_days_indoor,5,0,0,0,0,0,0.5522158145904541
data/raw/osu_lora/Diff_Days_Indoor_Setup/Day5/Device2/IQ_1.dat,191,14974209,1,1,1,test,diff_days_indoor,5,0,0,0,0,0,0.6915137767791748
data/raw/osu_lora/Diff_Days_Indoor_Setup/Day5/Device2/IQ_1.dat,192,15052608,1,1,1,test,diff_days_indoor,5,0,0,0,0,0,0.4975854456424713
data/raw/osu_lora/Diff_Days_Indoor_Setup/Day5/Device2/IQ_1.dat,193,15131007,1,1,1,test,diff_days_indoor,5,0,0,0,0,0,0.6735158562660217
data/raw/osu_lora/Diff_Days_Indoor_Setup/Day5/Device2/IQ_1.dat,194,15209406,1,1,1,test,diff_days_indoor,5,0,0,0,0,0,0.48506027460098267
data/raw/osu_lora/Diff_Days_Indoor_Setup/Day5/Device2/IQ_1.dat,195,15287805,1,1,1,test,diff_days_indoor,5,0,0,0,0,0,0.6565408706665039
data/raw/osu_lora/Diff_Days_Indoor_Setup/Day5/Device2/IQ_1.dat,196,15366204,1,1,1,test,diff_days_indoor,5,0,0,0,0,0,0.5322924852371216
data/raw/osu_lora/Diff_Days_Indoor_Setup/Day5/Device2/IQ_1.dat,197,15444603,1,1,1,test,diff_days_indoor,5,0,0,0,0,0,0.6579593420028687
data/raw/osu_lora/Diff_Days_Indoor_Setup/Day5/Device2/IQ_1.dat,198,15523002,1,1,1,test,diff_days_indoor,5,0,0,0,0,0,0.5869796872138977
data/raw/osu_lora/Diff_Days_Indoor_Setup/Day5/Device2/IQ_1.dat,199,15601401,1,1,1,test,diff_days_indoor,5,0,0,0,0,0,0.6770249009132385
data/raw/osu_lora/Diff_Days_Indoor_Setup/Day5/Device2/IQ_1.dat,200,15679800,1,1,1,test,diff_days_indoor,5,0,0,0,0,0,0.5680004358291626
data/raw/osu_lora/Diff_Days_Indoor_Setup/Day5/Device2/IQ_1.dat,201,15758199,1,1,1,test,diff_days_indoor,5,0,0,0,0,0,0.7520889639854431
data/raw/osu_lora/Diff_Days_Indoor_Setup/Day5/Device2/IQ_1.dat,202,15836598,1,1,1,test,diff_days_indoor,5,0,0,0,0,0,0.38657471537590027
data/raw/osu_lora/Diff_Days_Indoor_Setup/Day5/Device2/IQ_1.dat,203,15914997,1,1,1,test,diff_days_indoor,5,0,0,0,0,0,0.7234827876091003
data/raw/osu_lora/Diff_Days_Indoor_Setup/Day5/Device2/IQ_1.dat,204,15993396,1,1,1,test,diff_days_indoor,5,0,0,0,0,0,0.5494052767753601
data/raw/osu_lora/Diff_Days_Indoor_Setup/Day5/Device2/IQ_1.dat,205,16071795,1,1,1,test,diff_days_indoor,5,0,0,0,0,0,0.5844287276268005
data/raw/osu_lora/Diff_Days_Indoor_Setup/Day5/Device2/IQ_1.dat,206,16150194,1,1,1,test,diff_days_indoor,5,0,0,0,0,0,0.6554438471794128
data/raw/osu_lora/Diff_Days_Indoor_Setup/Day5/Device2/IQ_1.dat,207,16228593,1,1,1,test,diff_days_indoor,5,0,0,0,0,0,0.7358154654502869
data/raw/osu_lora/Diff_Days_Indoor_Setup/Day5/Device2/IQ_1.dat,208,16306992,1,1,1,test,diff_days_indoor,5,0,0,0,0,0,0.6268265843391418
data/raw/osu_lora/Diff_Days_Indoor_Setup/Day5/Device2/IQ_1.dat,209,16385391,1,1,1,test,diff_days_indoor,5,0,0,0,0,0,0.7310742735862732
data/raw/osu_lora/Diff_Days_Indoor_Setup/Day5/Device2/IQ_1.dat,210,16463790,1,1,1,test,diff_days_indoor,5,0,0,0,0,0,0.6815904378890991
data/raw/osu_lora/Diff_Days_Indoor_Setup/Day5/Device2/IQ_1.dat,211,16542189,1,1,1,test,diff_days_indoor,5,0,0,0,0,0,0.7230347990989685
data/raw/osu_lora/Diff_Days_Indoor_Setup/Day5/Device2/IQ_1.dat,212,16620588,1,1,1,test,diff_days_indoor,5,0,0,0,0,0,0.5997487902641296
data/raw/osu_lora/Diff_Days_Indoor_Setup/Day5/Device2/IQ_1.dat,213,16698987,1,1,1,test,diff_days_indoor,5,0,0,0,0,0,0.7228366136550903
data/raw/osu_lora/Diff_Days_Indoor_Setup/Day5/Device2/IQ_1.dat,214,16777386,1,1,1,test,diff_days_indoor,5,0,0,0,0,0,0.6161208748817444
data/raw/osu_lora/Diff_Days_Indoor_Setup/Day5/Device2/IQ_1.dat,215,16855785,1,1,1,test,diff_days_indoor,5,0,0,0,0,0,0.5488117337226868
data/raw/osu_lora/Diff_Days_Indoor_Setup/Day5/Device2/IQ_1.dat,216,16934184,1,1,1,test,diff_days_indoor,5,0,0,0,0,0,0.5956916809082031
data/raw/osu_lora/Diff_Days_Indoor_Setup/Day5/Device2/IQ_1.dat,217,17012583,1,1,1,test,diff_days_indoor,5,0,0,0,0,0,0.654888927936554
data/raw/osu_lora/Diff_Days_Indoor_Setup/Day5/Device2/IQ_1.dat,218,17090982,1,1,1,test,diff_days_indoor,5,0,0,0,0,0,0.5274957418441772
data/raw/osu_lora/Diff_Days_Indoor_Setup/Day5/Device2/IQ_1.dat,219,17169381,1,1,1,test,diff_days_indoor,5,0,0,0,0,0,0.6265681385993958
data/raw/osu_lora/Diff_Days_Indoor_Setup/Day5/Device2/IQ_1.dat,220,17247780,1,1,1,test,diff_days_indoor,5,0,0,0,0,0,0.6072201728820801
data/raw/osu_lora/Diff_Days_Indoor_Setup/Day5/Device2/IQ_1.dat,221,17326179,1,1,1,test,diff_days_indoor,5,0,0,0,0,0,0.6291143298149109
data/raw/osu_lora/Diff_Days_Indoor_Setup/Day5/Device2/IQ_1.dat,222,17404578,1,1,1,test,diff_days_indoor,5,0,0,0,0,0,0.6718523502349854
data/raw/osu_lora/Diff_Days_Indoor_Setup/Day5/Device2/IQ_1.dat,223,17482977,1,1,1,test,diff_days_indoor,5,0,0,0,0,0,0.6447919011116028
data/raw/osu_lora/Diff_Days_Indoor_Setup/Day5/Device2/IQ_1.dat,224,17561376,1,1,1,test,diff_days_indoor,5,0,0,0,0,0,0.6960875988006592
data/raw/osu_lora/Diff_Days_Indoor_Setup/Day5/Device2/IQ_1.dat,225,17639775,1,1,1,test,diff_days_indoor,5,0,0,0,0,0,0.4932272136211395
data/raw/osu_lora/Diff_Days_Indoor_Setup/Day5/Device2/IQ_1.dat,226,17718174,1,1,1,test,diff_days_indoor,5,0,0,0,0,0,0.5782063007354736
data/raw/osu_lora/Diff_Days_Indoor_Setup/Day5/Device2/IQ_1.dat,227,17796573,1,1,1,test,diff_days_indoor,5,0,0,0,0,0,0.48745131492614746
data/raw/osu_lora/Diff_Days_Indoor_Setup/Day5/Device2/IQ_1.dat,228,17874972,1,1,1,test,diff_days_indoor,5,0,0,0,0,0,0.6036292314529419
data/raw/osu_lora/Diff_Days_Indoor_Setup/Day5/Device2/IQ_1.dat,229,17953371,1,1,1,test,diff_days_indoor,5,0,0,0,0,0,0.5672776699066162
data/raw/osu_lora/Diff_Days_Indoor_Setup/Day5/Device2/IQ_1.dat,230,18031770,1,1,1,test,diff_days_indoor,5,0,0,0,0,0,0.714106023311615
data/raw/osu_lora/Diff_Days_Indoor_Setup/Day5/Device2/IQ_1.dat,231,18110169,1,1,1,test,diff_days_indoor,5,0,0,0,0,0,0.6141703724861145
data/raw/osu_lora/Diff_Days_Indoor_Setup/Day5/Device2/IQ_1.dat,232,18188568,1,1,1,test,diff_days_indoor,5,0,0,0,0,0,0.6233727335929871
data/raw/osu_lora/Diff_Days_Indoor_Setup/Day5/Device2/IQ_1.dat,233,18266967,1,1,1,test,diff_days_indoor,5,0,0,0,0,0,0.7403435707092285
data/raw/osu_lora/Diff_Days_Indoor_Setup/Day5/Device2/IQ_1.dat,234,18345366,1,1,1,test,diff_days_indoor,5,0,0,0,0,0,0.5491499304771423
data/raw/osu_lora/Diff_Days_Indoor_Setup/Day5/Device2/IQ_1.dat,235,18423765,1,1,1,test,diff_days_indoor,5,0,0,0,0,0,0.7242494821548462
data/raw/osu_lora/Diff_Days_Indoor_Setup/Day5/Device2/IQ_1.dat,236,18502164,1,1,1,test,diff_days_indoor,5,0,0,0,0,0,0.7058011889457703
data/raw/osu_lora/Diff_Days_Indoor_Setup/Day5/Device2/IQ_1.dat,237,18580563,1,1,1,test,diff_days_indoor,5,0,0,0,0,0,0.46558526158332825
data/raw/osu_lora/Diff_Days_Indoor_Setup/Day5/Device2/IQ_1.dat,238,18658962,1,1,1,test,diff_days_indoor,5,0,0,0,0,0,0.6750098466873169
data/raw/osu_lora/Diff_Days_Indoor_Setup/Day5/Device2/IQ_1.dat,239,18737361,1,1,1,test,diff_days_indoor,5,0,0,0,0,0,0.6486247181892395
data/raw/osu_lora/Diff_Days_Indoor_Setup/Day5/Device2/IQ_1.dat,240,18815760,1,1,1,test,diff_days_indoor,5,0,0,0,0,0,0.52955162525177
data/raw/osu_lora/Diff_Days_Indoor_Setup/Day5/Device2/IQ_1.dat,241,18894159,1,1,1,test,diff_days_indoor,5,0,0,0,0,0,0.49020829796791077
data/raw/osu_lora/Diff_Days_Indoor_Setup/Day5/Device2/IQ_1.dat,242,18972558,1,1,1,test,diff_days_indoor,5,0,0,0,0,0,0.48361936211586
data/raw/osu_lora/Diff_Days_Indoor_Setup/Day5/Device2/IQ_1.dat,243,19050957,1,1,1,test,diff_days_indoor,5,0,0,0,0,0,0.5255441665649414
data/raw/osu_lora/Diff_Days_Indoor_Setup/Day5/Device2/IQ_1.dat,244,19129356,1,1,1,test,diff_days_indoor,5,0,0,0,0,0,0.6619762778282166
data/raw/osu_lora/Diff_Days_Indoor_Setup/Day5/Device2/IQ_1.dat,245,19207755,1,1,1,test,diff_days_indoor,5,0,0,0,0,0,0.5065234303474426
data/raw/osu_lora/Diff_Days_Indoor_Setup/Day5/Device2/IQ_1.dat,246,19286154,1,1,1,test,diff_days_indoor,5,0,0,0,0,0,0.6226904988288879
data/raw/osu_lora/Diff_Days_Indoor_Setup/Day5/Device2/IQ_1.dat,247,19364553,1,1,1,test,diff_days_indoor,5,0,0,0,0,0,0.6275231242179871
data/raw/osu_lora/Diff_Days_Indoor_Setup/Day5/Device2/IQ_1.dat,248,19442952,1,1,1,test,diff_days_indoor,5,0,0,0,0,0,0.7068745493888855
data/raw/osu_lora/Diff_Days_Indoor_Setup/Day5/Device2/IQ_1.dat,249,19521351,1,1,1,test,diff_days_indoor,5,0,0,0,0,0,0.6760333776473999
data/raw/osu_lora/Diff_Days_Indoor_Setup/Day5/Device2/IQ_1.dat,250,19599750,1,1,1,test,diff_days_indoor,5,0,0,0,0,0,0.6761132478713989
data/raw/osu_lora/Diff_Days_Indoor_Setup/Day5/Device2/IQ_1.dat,251,19678149,1,1,1,test,diff_days_indoor,5,0,0,0,0,0,0.6932091116905212
data/raw/osu_lora/Diff_Days_Indoor_Setup/Day5/Device2/IQ_1.dat,252,19756548,1,1,1,test,diff_days_indoor,5,0,0,0,0,0,0.695056140422821
data/raw/osu_lora/Diff_Days_Indoor_Setup/Day5/Device2/IQ_1.dat,253,19834947,1,1,1,test,diff_days_indoor,5,0,0,0,0,0,0.6736513376235962
data/raw/osu_lora/Diff_Days_Indoor_Setup/Day5/Device2/IQ_1.dat,254,19913346,1,1,1,test,diff_days_indoor,5,0,0,0,0,0,0.707970917224884
data/raw/osu_lora/Diff_Days_Indoor_Setup/Day5/Device2/IQ_1.dat,255,19991745,1,1,1,test,diff_days_indoor,5,0,0,0,0,0,0.432384192943573
data/raw/osu_lora/Diff_Days_Indoor_Setup/Day5/Device3/IQ_1.dat,0,0,2,0,0,test,diff_days_indoor,5,0,0,0,0,0,0.430856317281723
data/raw/osu_lora/Diff_Days_Indoor_Setup/Day5/Device3/IQ_1.dat,1,78399,2,0,0,test,diff_days_indoor,5,0,0,0,0,0,0.46045586466789246
data/raw/osu_lora/Diff_Days_Indoor_Setup/Day5/Device3/IQ_1.dat,2,156798,2,2,1,test,diff_days_indoor,5,0,0,0,0,0,0.4423406720161438
data/raw/osu_lora/Diff_Days_Indoor_Setup/Day5/Device3/IQ_1.dat,3,235197,2,3,0,test,diff_days_indoor,5,0,0,0,0,0,0.3769143223762512
data/raw/osu_lora/Diff_Days_Indoor_Setup/Day5/Device3/IQ_1.dat,4,313596,2,0,0,test,diff_days_indoor,5,0,0,0,0,0,0.40084967017173767
data/raw/osu_lora/Diff_Days_Indoor_Setup/Day5/Device3/IQ_1.dat,5,391995,2,0,0,test,diff_days_indoor,5,0,0,0,0,0,0.32455652952194214
data/raw/osu_lora/Diff_Days_Indoor_Setup/Day5/Device3/IQ_1.dat,6,470394,2,0,0,test,diff_days_indoor,5,0,0,0,0,0,0.42384636402130127
data/raw/osu_lora/Diff_Days_Indoor_Setup/Day5/Device3/IQ_1.dat,7,548793,2,0,0,test,diff_days_indoor,5,0,0,0,0,0,0.3916700780391693
data/raw/osu_lora/Diff_Days_Indoor_Setup/Day5/Device3/IQ_1.dat,8,627192,2,0,0,test,diff_days_indoor,5,0,0,0,0,0,0.3547550439834595
data/raw/osu_lora/Diff_Days_Indoor_Setup/Day5/Device3/IQ_1.dat,9,705591,2,0,0,test,diff_days_indoor,5,0,0,0,0,0,0.40815308690071106
data/raw/osu_lora/Diff_Days_Indoor_Setup/Day5/Device3/IQ_1.dat,10,783990,2,0,0,test,diff_days_indoor,5,0,0,0,0,0,0.42373281717300415
data/raw/osu_lora/Diff_Days_Indoor_Setup/Day5/Device3/IQ_1.dat,11,862389,2,2,1,test,diff_days_indoor,5,0,0,0,0,0,0.43919193744659424
data/raw/osu_lora/Diff_Days_Indoor_Setup/Day5/Device3/IQ_1.dat,12,940788,2,0,0,test,diff_days_indoor,5,0,0,0,0,0,0.3268320858478546
data/raw/osu_lora/Diff_Days_Indoor_Setup/Day5/Device3/IQ_1.dat,13,1019187,2,2,1,test,diff_days_indoor,5,0,0,0,0,0,0.4902092218399048
data/raw/osu_lora/Diff_Days_Indoor_Setup/Day5/Device3/IQ_1.dat,14,1097586,2,2,1,test,diff_days_indoor,5,0,0,0,0,0,0.4757205545902252
data/raw/osu_lora/Diff_Days_Indoor_Setup/Day5/Device3/IQ_1.dat,15,1175985,2,0,0,test,diff_days_indoor,5,0,0,0,0,0,0.2938287854194641
data/raw/osu_lora/Diff_Days_Indoor_Setup/Day5/Device3/IQ_1.dat,16,1254384,2,0,0,test,diff_days_indoor,5,0,0,0,0,0,0.4431394338607788
data/raw/osu_lora/Diff_Days_Indoor_Setup/Day5/Device3/IQ_1.dat,17,1332783,2,3,0,test,diff_days_indoor,5,0,0,0,0,0,0.3733479082584381
data/raw/osu_lora/Diff_Days_Indoor_Setup/Day5/Device3/IQ_1.dat,18,1411182,2,0,0,test,diff_days_indoor,5,0,0,0,0,0,0.43332764506340027
data/raw/osu_lora/Diff_Days_Indoor_Setup/Day5/Device3/IQ_1.dat,19,1489581,2,3,0,test,diff_days_indoor,5,0,0,0,0,0,0.35542598366737366
data/raw/osu_lora/Diff_Days_Indoor_Setup/Day5/Device3/IQ_1.dat,20,1567980,2,3,0,test,diff_days_indoor,5,0,0,0,0,0,0.35324737429618835
data/raw/osu_lora/Diff_Days_Indoor_Setup/Day5/Device3/IQ_1.dat,21,1646379,2,0,0,test,diff_days_indoor,5,0,0,0,0,0,0.3225972652435303
data/raw/osu_lora/Diff_Days_Indoor_Setup/Day5/Device3/IQ_1.dat,22,1724778,2,0,0,test,diff_days_indoor,5,0,0,0,0,0,0.3444482684135437
data/raw/osu_lora/Diff_Days_Indoor_Setup/Day5/Device3/IQ_1.dat,23,1803177,2,2,1,test,diff_days_indoor,5,0,0,0,0,0,0.4778086245059967
data/raw/osu_lora/Diff_Days_Indoor_Setup/Day5/Device3/IQ_1.dat,24,1881576,2,0,0,test,diff_days_indoor,5,0,0,0,0,0,0.3459092974662781
data/raw/osu_lora/Diff_Days_Indoor_Setup/Day5/Device3/IQ_1.dat,25,1959975,2,1,0,test,diff_days_indoor,5,0,0,0,0,0,0.4305388629436493
data/raw/osu_lora/Diff_Days_Indoor_Setup/Day5/Device3/IQ_1.dat,26,2038374,2,0,0,test,diff_days_indoor,5,0,0,0,0,0,0.30599185824394226
data/raw/osu_lora/Diff_Days_Indoor_Setup/Day5/Device3/IQ_1.dat,27,2116773,2,3,0,test,diff_days_indoor,5,0,0,0,0,0,0.43311554193496704
data/raw/osu_lora/Diff_Days_Indoor_Setup/Day5/Device3/IQ_1.dat,28,2195172,2,0,0,test,diff_days_indoor,5,0,0,0,0,0,0.4049677550792694
data/raw/osu_lora/Diff_Days_Indoor_Setup/Day5/Device3/IQ_1.dat,29,2273571,2,0,0,test,diff_days_indoor,5,0,0,0,0,0,0.3558429181575775
data/raw/osu_lora/Diff_Days_Indoor_Setup/Day5/Device3/IQ_1.dat,30,2351970,2,0,0,test,diff_days_indoor,5,0,0,0,0,0,0.40756282210350037
data/raw/osu_lora/Diff_Days_Indoor_Setup/Day5/Device3/IQ_1.dat,31,2430369,2,2,1,test,diff_days_indoor,5,0,0,0,0,0,0.3833201825618744
data/raw/osu_lora/Diff_Days_Indoor_Setup/Day5/Device3/IQ_1.dat,32,2508768,2,2,1,test,diff_days_indoor,5,0,0,0,0,0,0.41113388538360596
data/raw/osu_lora/Diff_Days_Indoor_Setup/Day5/Device3/IQ_1.dat,33,2587167,2,0,0,test,diff_days_indoor,5,0,0,0,0,0,0.45637574791908264
data/raw/osu_lora/Diff_Days_Indoor_Setup/Day5/Device3/IQ_1.dat,34,2665566,2,3,0,test,diff_days_indoor,5,0,0,0,0,0,0.35412314534187317
data/raw/osu_lora/Diff_Days_Indoor_Setup/Day5/Device3/IQ_1.dat,35,2743965,2,0,0,test,diff_days_indoor,5,0,0,0,0,0,0.43295586109161377
data/raw/osu_lora/Diff_Days_Indoor_Setup/Day5/Device3/IQ_1.dat,36,2822364,2,0,0,test,diff_days_indoor,5,0,0,0,0,0,0.32649147510528564
data/raw/osu_lora/Diff_Days_Indoor_Setup/Day5/Device3/IQ_1.dat,37,2900763,2,0,0,test,diff_days_indoor,5,0,0,0,0,0,0.34174472093582153
data/raw/osu_lora/Diff_Days_Indoor_Setup/Day5/Device3/IQ_1.dat,38,2979162,2,0,0,test,diff_days_indoor,5,0,0,0,0,0,0.435225248336792
data/raw/osu_lora/Diff_Days_Indoor_Setup/Day5/Device3/IQ_1.dat,39,3057561,2,0,0,test,diff_days_indoor,5,0,0,0,0,0,0.42686980962753296
data/raw/osu_lora/Diff_Days_Indoor_Setup/Day5/Device3/IQ_1.dat,40,3135960,2,3,0,test,diff_days_indoor,5,0,0,0,0,0,0.4400295913219452
data/raw/osu_lora/Diff_Days_Indoor_Setup/Day5/Device3/IQ_1.dat,41,3214359,2,3,0,test,diff_days_indoor,5,0,0,0,0,0,0.3418075442314148
data/raw/osu_lora/Diff_Days_Indoor_Setup/Day5/Device3/IQ_1.dat,42,3292758,2,0,0,test,diff_days_indoor,5,0,0,0,0,0,0.4383581280708313
data/raw/osu_lora/Diff_Days_Indoor_Setup/Day5/Device3/IQ_1.dat,43,3371157,2,3,0,test,diff_days_indoor,5,0,0,0,0,0,0.31663861870765686
data/raw/osu_lora/Diff_Days_Indoor_Setup/Day5/Device3/IQ_1.dat,44,3449556,2,0,0,test,diff_days_indoor,5,0,0,0,0,0,0.4265851676464081
data/raw/osu_lora/Diff_Days_Indoor_Setup/Day5/Device3/IQ_1.dat,45,3527955,2,0,0,test,diff_days_indoor,5,0,0,0,0,0,0.3820662796497345
data/raw/osu_lora/Diff_Days_Indoor_Setup/Day5/Device3/IQ_1.dat,46,3606354,2,0,0,test,diff_days_indoor,5,0,0,0,0,0,0.44457098841667175
data/raw/osu_lora/Diff_Days_Indoor_Setup/Day5/Device3/IQ_1.dat,47,3684753,2,3,0,test,diff_days_indoor,5,0,0,0,0,0,0.296237975358963
data/raw/osu_lora/Diff_Days_Indoor_Setup/Day5/Device3/IQ_1.dat,48,3763152,2,0,0,test,diff_days_indoor,5,0,0,0,0,0,0.40005776286125183
data/raw/osu_lora/Diff_Days_Indoor_Setup/Day5/Device3/IQ_1.dat,49,3841551,2,0,0,test,diff_days_indoor,5,0,0,0,0,0,0.3043832778930664
data/raw/osu_lora/Diff_Days_Indoor_Setup/Day5/Device3/IQ_1.dat,50,3919950,2,0,0,test,diff_days_indoor,5,0,0,0,0,0,0.4002492427825928
data/raw/osu_lora/Diff_Days_Indoor_Setup/Day5/Device3/IQ_1.dat,51,3998349,2,0,0,test,diff_days_indoor,5,0,0,0,0,0,0.3524820804595947
data/raw/osu_lora/Diff_Days_Indoor_Setup/Day5/Device3/IQ_1.dat,52,4076748,2,0,0,test,diff_days_indoor,5,0,0,0,0,0,0.37112677097320557
data/raw/osu_lora/Diff_Days_Indoor_Setup/Day5/Device3/IQ_1.dat,53,4155147,2,0,0,test,diff_days_indoor,5,0,0,0,0,0,0.34422680735588074
data/raw/osu_lora/Diff_Days_Indoor_Setup/Day5/Device3/IQ_1.dat,54,4233546,2,0,0,test,diff_days_indoor,5,0,0,0,0,0,0.3475424349308014
data/raw/osu_lora/Diff_Days_Indoor_Setup/Day5/Device3/IQ_1.dat,55,4311945,2,0,0,test,diff_days_indoor,5,0,0,0,0,0,0.44771501421928406
data/raw/osu_lora/Diff_Days_Indoor_Setup/Day5/Device3/IQ_1.dat,56,4390344,2,3,0,test,diff_days_indoor,5,0,0,0,0,0,0.33653897047042847
data/raw/osu_lora/Diff_Days_Indoor_Setup/Day5/Device3/IQ_1.dat,57,4468743,2,3,0,test,diff_days_indoor,5,0,0,0,0,0,0.34645459055900574
data/raw/osu_lora/Diff_Days_Indoor_Setup/Day5/Device3/IQ_1.dat,58,4547142,2,3,0,test,diff_days_indoor,5,0,0,0,0,0,0.34720778465270996
data/raw/osu_lora/Diff_Days_Indoor_Setup/Day5/Device3/IQ_1.dat,59,4625541,2,3,0,test,diff_days_indoor,5,0,0,0,0,0,0.37509772181510925
data/raw/osu_lora/Diff_Days_Indoor_Setup/Day5/Device3/IQ_1.dat,60,4703940,2,0,0,test,diff_days_indoor,5,0,0,0,0,0,0.34561923146247864
data/raw/osu_lora/Diff_Days_Indoor_Setup/Day5/Device3/IQ_1.dat,61,4782339,2,0,0,test,diff_days_indoor,5,0,0,0,0,0,0.509714663028717
data/raw/osu_lora/Diff_Days_Indoor_Setup/Day5/Device3/IQ_1.dat,62,4860738,2,0,0,test,diff_days_indoor,5,0,0,0,0,0,0.45035070180892944
data/raw/osu_lora/Diff_Days_Indoor_Setup/Day5/Device3/IQ_1.dat,63,4939137,2,0,0,test,diff_days_indoor,5,0,0,0,0,0,0.33296480774879456
data/raw/osu_lora/Diff_Days_Indoor_Setup/Day5/Device3/IQ_1.dat,64,5017536,2,0,0,test,diff_days_indoor,5,0,0,0,0,0,0.38663920760154724
data/raw/osu_lora/Diff_Days_Indoor_Setup/Day5/Device3/IQ_1.dat,65,5095935,2,0,0,test,diff_days_indoor,5,0,0,0,0,0,0.34665727615356445
data/raw/osu_lora/Diff_Days_Indoor_Setup/Day5/Device3/IQ_1.dat,66,5174334,2,0,0,test,diff_days_indoor,5,0,0,0,0,0,0.43823400139808655
data/raw/osu_lora/Diff_Days_Indoor_Setup/Day5/Device3/IQ_1.dat,67,5252733,2,0,0,test,diff_days_indoor,5,0,0,0,0,0,0.31020456552505493
data/raw/osu_lora/Diff_Days_Indoor_Setup/Day5/Device3/IQ_1.dat,68,5331132,2,0,0,test,diff_days_indoor,5,0,0,0,0,0,0.3465041518211365
data/raw/osu_lora/Diff_Days_Indoor_Setup/Day5/Device3/IQ_1.dat,69,5409531,2,0,0,test,diff_days_indoor,5,0,0,0,0,0,0.35747817158699036
data/raw/osu_lora/Diff_Days_Indoor_Setup/Day5/Device3/IQ_1.dat,70,5487930,2,0,0,test,diff_days_indoor,5,0,0,0,0,0,0.38344675302505493
data/raw/osu_lora/Diff_Days_Indoor_Setup/Day5/Device3/IQ_1.dat,71,5566329,2,3,0,test,diff_days_indoor,5,0,0,0,0,0,0.2946183979511261
data/raw/osu_lora/Diff_Days_Indoor_Setup/Day5/Device3/IQ_1.dat,72,5644728,2,2,1,test,diff_days_indoor,5,0,0,0,0,0,0.43471840023994446
data/raw/osu_lora/Diff_Days_Indoor_Setup/Day5/Device3/IQ_1.dat,73,5723127,2,0,0,test,diff_days_indoor,5,0,0,0,0,0,0.4434208869934082
data/raw/osu_lora/Diff_Days_Indoor_Setup/Day5/Device3/IQ_1.dat,74,5801526,2,2,1,test,diff_days_indoor,5,0,0,0,0,0,0.5005048513412476
data/raw/osu_lora/Diff_Days_Indoor_Setup/Day5/Device3/IQ_1.dat,75,5879925,2,0,0,test,diff_days_indoor,5,0,0,0,0,0,0.4488985240459442
data/raw/osu_lora/Diff_Days_Indoor_Setup/Day5/Device3/IQ_1.dat,76,5958324,2,0,0,test,diff_days_indoor,5,0,0,0,0,0,0.5021404027938843
data/raw/osu_lora/Diff_Days_Indoor_Setup/Day5/Device3/IQ_1.dat,77,6036723,2,3,0,test,diff_days_indoor,5,0,0,0,0,0,0.3685034513473511
data/raw/osu_lora/Diff_Days_Indoor_Setup/Day5/Device3/IQ_1.dat,78,6115122,2,0,0,test,diff_days_indoor,5,0,0,0,0,0,0.41644808650016785
data/raw/osu_lora/Diff_Days_Indoor_Setup/Day5/Device3/IQ_1.dat,79,6193521,2,0,0,test,diff_days_indoor,5,0,0,0,0,0,0.350533127784729
data/raw/osu_lora/Diff_Days_Indoor_Setup/Day5/Device3/IQ_1.dat,80,6271920,2,0,0,test,diff_days_indoor,5,0,0,0,0,0,0.4578722417354584
data/raw/osu_lora/Diff_Days_Indoor_Setup/Day5/Device3/IQ_1.dat,81,6350319,2,0,0,test,diff_days_indoor,5,0,0,0,0,0,0.31035417318344116
data/raw/osu_lora/Diff_Days_Indoor_Setup/Day5/Device3/IQ_1.dat,82,6428718,2,0,0,test,diff_days_indoor,5,0,0,0,0,0,0.4892551302909851
data/raw/osu_lora/Diff_Days_Indoor_Setup/Day5/Device3/IQ_1.dat,83,6507117,2,2,1,test,diff_days_indoor,5,0,0,0,0,0,0.44804587960243225
data/raw/osu_lora/Diff_Days_Indoor_Setup/Day5/Device3/IQ_1.dat,84,6585516,2,0,0,test,diff_days_indoor,5,0,0,0,0,0,0.3851093053817749
data/raw/osu_lora/Diff_Days_Indoor_Setup/Day5/Device3/IQ_1.dat,85,6663915,2,0,0,test,diff_days_indoor,5,0,0,0,0,0,0.41469889879226685
data/raw/osu_lora/Diff_Days_Indoor_Setup/Day5/Device3/IQ_1.dat,86,6742314,2,0,0,test,diff_days_indoor,5,0,0,0,0,0,0.4626297056674957
data/raw/osu_lora/Diff_Days_Indoor_Setup/Day5/Device3/IQ_1.dat,87,6820713,2,0,0,test,diff_days_indoor,5,0,0,0,0,0,0.4697040021419525
data/raw/osu_lora/Diff_Days_Indoor_Setup/Day5/Device3/IQ_1.dat,88,6899112,2,0,0,test,diff_days_indoor,5,0,0,0,0,0,0.482825368642807
data/raw/osu_lora/Diff_Days_Indoor_Setup/Day5/Device3/IQ_1.dat,89,6977511,2,0,0,test,diff_days_indoor,5,0,0,0,0,0,0.43941742181777954
data/raw/osu_lora/Diff_Days_Indoor_Setup/Day5/Device3/IQ_1.dat,90,7055910,2,0,0,test,diff_days_indoor,5,0,0,0,0,0,0.4130452871322632
data/raw/osu_lora/Diff_Days_Indoor_Setup/Day5/Device3/IQ_1.dat,91,7134309,2,0,0,test,diff_days_indoor,5,0,0,0,0,0,0.31408849358558655
data/raw/osu_lora/Diff_Days_Indoor_Setup/Day5/Device3/IQ_1.dat,92,7212708,2,3,0,test,diff_days_indoor,5,0,0,0,0,0,0.35167181491851807
data/raw/osu_lora/Diff_Days_Indoor_Setup/Day5/Device3/IQ_1.dat,93,7291107,2,0,0,test,diff_days_indoor,5,0,0,0,0,0,0.3211006820201874
data/raw/osu_lora/Diff_Days_Indoor_Setup/Day5/Device3/IQ_1.dat,94,7369506,2,3,0,test,diff_days_indoor,5,0,0,0,0,0,0.3712283670902252
data/raw/osu_lora/Diff_Days_Indoor_Setup/Day5/Device3/IQ_1.dat,95,7447905,2,0,0,test,diff_days_indoor,5,0,0,0,0,0,0.2791469991207123
data/raw/osu_lora/Diff_Days_Indoor_Setup/Day5/Device3/IQ_1.dat,96,7526304,2,0,0,test,diff_days_indoor,5,0,0,0,0,0,0.4138960838317871
data/raw/osu_lora/Diff_Days_Indoor_Setup/Day5/Device3/IQ_1.dat,97,7604703,2,0,0,test,diff_days_indoor,5,0,0,0,0,0,0.42010530829429626
data/raw/osu_lora/Diff_Days_Indoor_Setup/Day5/Device3/IQ_1.dat,98,7683102,2,1,0,test,diff_days_indoor,5,0,0,0,0,0,0.3440655767917633
data/raw/osu_lora/Diff_Days_Indoor_Setup/Day5/Device3/IQ_1.dat,99,7761501,2,0,0,test,diff_days_indoor,5,0,0,0,0,0,0.4089515507221222
data/raw/osu_lora/Diff_Days_Indoor_Setup/Day5/Device3/IQ_1.dat,100,7839900,2,3,0,test,diff_days_indoor,5,0,0,0,0,0,0.3421468734741211
data/raw/osu_lora/Diff_Days_Indoor_Setup/Day5/Device3/IQ_1.dat,101,7918299,2,3,0,test,diff_days_indoor,5,0,0,0,0,0,0.41523224115371704
data/raw/osu_lora/Diff_Days_Indoor_Setup/Day5/Device3/IQ_1.dat,102,7996698,2,3,0,test,diff_days_indoor,5,0,0,0,0,0,0.3361022472381592
data/raw/osu_lora/Diff_Days_Indoor_Setup/Day5/Device3/IQ_1.dat,103,8075097,2,0,0,test,diff_days_indoor,5,0,0,0,0,0,0.44492241740226746
data/raw/osu_lora/Diff_Days_Indoor_Setup/Day5/Device3/IQ_1.dat,104,8153496,2,0,0,test,diff_days_indoor,5,0,0,0,0,0,0.5015372633934021
data/raw/osu_lora/Diff_Days_Indoor_Setup/Day5/Device3/IQ_1.dat,105,8231895,2,0,0,test,diff_days_indoor,5,0,0,0,0,0,0.4277384877204895
data/raw/osu_lora/Diff_Days_Indoor_Setup/Day5/Device3/IQ_1.dat,106,8310294,2,0,0,test,diff_days_indoor,5,0,0,0,0,0,0.4268280267715454
data/raw/osu_lora/Diff_Days_Indoor_Setup/Day5/Device3/IQ_1.dat,107,8388693,2,0,0,test,diff_days_indoor,5,0,0,0,0,0,0.3172500431537628
data/raw/osu_lora/Diff_Days_Indoor_Setup/Day5/Device3/IQ_1.dat,108,8467092,2,0,0,test,diff_days_indoor,5,0,0,0,0,0,0.44320109486579895
data/raw/osu_lora/Diff_Days_Indoor_Setup/Day5/Device3/IQ_1.dat,109,8545491,2,0,0,test,diff_days_indoor,5,0,0,0,0,0,0.44603443145751953
data/raw/osu_lora/Diff_Days_Indoor_Setup/Day5/Device3/IQ_1.dat,110,8623890,2,0,0,test,diff_days_indoor,5,0,0,0,0,0,0.4409535229206085
data/raw/osu_lora/Diff_Days_Indoor_Setup/Day5/Device3/IQ_1.dat,111,8702289,2,0,0,test,diff_days_indoor,5,0,0,0,0,0,0.4446121156215668
data/raw/osu_lora/Diff_Days_Indoor_Setup/Day5/Device3/IQ_1.dat,112,8780688,2,0,0,test,diff_days_indoor,5,0,0,0,0,0,0.45750465989112854
data/raw/osu_lora/Diff_Days_Indoor_Setup/Day5/Device3/IQ_1.dat,113,8859087,2,0,0,test,diff_days_indoor,5,0,0,0,0,0,0.3899941146373749
data/raw/osu_lora/Diff_Days_Indoor_Setup/Day5/Device3/IQ_1.dat,114,8937486,2,0,0,test,diff_days_indoor,5,0,0,0,0,0,0.4217236340045929
data/raw/osu_lora/Diff_Days_Indoor_Setup/Day5/Device3/IQ_1.dat,115,9015885,2,0,0,test,diff_days_indoor,5,0,0,0,0,0,0.3093174993991852
data/raw/osu_lora/Diff_Days_Indoor_Setup/Day5/Device3/IQ_1.dat,116,9094284,2,0,0,test,diff_days_indoor,5,0,0,0,0,0,0.47705215215682983
data/raw/osu_lora/Diff_Days_Indoor_Setup/Day5/Device3/IQ_1.dat,117,9172683,2,0,0,test,diff_days_indoor,5,0,0,0,0,0,0.4444673955440521
data/raw/osu_lora/Diff_Days_Indoor_Setup/Day5/Device3/IQ_1.dat,118,9251082,2,0,0,test,diff_days_indoor,5,0,0,0,0,0,0.4848201870918274
data/raw/osu_lora/Diff_Days_Indoor_Setup/Day5/Device3/IQ_1.dat,119,9329481,2,0,0,test,diff_days_indoor,5,0,0,0,0,0,0.43447232246398926
data/raw/osu_lora/Diff_Days_Indoor_Setup/Day5/Device3/IQ_1.dat,120,9407880,2,2,1,test,diff_days_indoor,5,0,0,0,0,0,0.44161733984947205
data/raw/osu_lora/Diff_Days_Indoor_Setup/Day5/Device3/IQ_1.dat,121,9486279,2,0,0,test,diff_days_indoor,5,0,0,0,0,0,0.35626769065856934
data/raw/osu_lora/Diff_Days_Indoor_Setup/Day5/Device3/IQ_1.dat,122,9564678,2,3,0,test,diff_days_indoor,5,0,0,0,0,0,0.3409506380558014
data/raw/osu_lora/Diff_Days_Indoor_Setup/Day5/Device3/IQ_1.dat,123,9643077,2,0,0,test,diff_days_indoor,5,0,0,0,0,0,0.4523692727088928
data/raw/osu_lora/Diff_Days_Indoor_Setup/Day5/Device3/IQ_1.dat,124,9721476,2,0,0,test,diff_days_indoor,5,0,0,0,0,0,0.43812114000320435
data/raw/osu_lora/Diff_Days_Indoor_Setup/Day5/Device3/IQ_1.dat,125,9799875,2,0,0,test,diff_days_indoor,5,0,0,0,0,0,0.3259635865688324
data/raw/osu_lora/Diff_Days_Indoor_Setup/Day5/Device3/IQ_1.dat,126,9878274,2,0,0,test,diff_days_indoor,5,0,0,0,0,0,0.29206374287605286
data/raw/osu_lora/Diff_Days_Indoor_Setup/Day5/Device3/IQ_1.dat,127,9956673,2,0,0,test,diff_days_indoor,5,0,0,0,0,0,0.4033567011356354
data/raw/osu_lora/Diff_Days_Indoor_Setup/Day5/Device3/IQ_1.dat,128,10035072,2,0,0,test,diff_days_indoor,5,0,0,0,0,0,0.4662047326564789
data/raw/osu_lora/Diff_Days_Indoor_Setup/Day5/Device3/IQ_1.dat,129,10113471,2,0,0,test,diff_days_indoor,5,0,0,0,0,0,0.43910494446754456
data/raw/osu_lora/Diff_Days_Indoor_Setup/Day5/Device3/IQ_1.dat,130,10191870,2,0,0,test,diff_days_indoor,5,0,0,0,0,0,0.41175851225852966
data/raw/osu_lora/Diff_Days_Indoor_Setup/Day5/Device3/IQ_1.dat,131,10270269,2,0,0,test,diff_days_indoor,5,0,0,0,0,0,0.37657463550567627
data/raw/osu_lora/Diff_Days_Indoor_Setup/Day5/Device3/IQ_1.dat,132,10348668,2,0,0,test,diff_days_indoor,5,0,0,0,0,0,0.32772234082221985
data/raw/osu_lora/Diff_Days_Indoor_Setup/Day5/Device3/IQ_1.dat,133,10427067,2,0,0,test,diff_days_indoor,5,0,0,0,0,0,0.4028506278991699
data/raw/osu_lora/Diff_Days_Indoor_Setup/Day5/Device3/IQ_1.dat,134,10505466,2,0,0,test,diff_days_indoor,5,0,0,0,0,0,0.41435104608535767
data/raw/osu_lora/Diff_Days_Indoor_Setup/Day5/Device3/IQ_1.dat,135,10583865,2,0,0,test,diff_days_indoor,5,0,0,0,0,0,0.41294845938682556
data/raw/osu_lora/Diff_Days_Indoor_Setup/Day5/Device3/IQ_1.dat,136,10662264,2,0,0,test,diff_days_indoor,5,0,0,0,0,0,0.38755086064338684
data/raw/osu_lora/Diff_Days_Indoor_Setup/Day5/Device3/IQ_1.dat,137,10740663,2,0,0,test,diff_days_indoor,5,0,0,0,0,0,0.5035914778709412
data/raw/osu_lora/Diff_Days_Indoor_Setup/Day5/Device3/IQ_1.dat,138,10819062,2,0,0,test,diff_days_indoor,5,0,0,0,0,0,0.28151583671569824
data/raw/osu_lora/Diff_Days_Indoor_Setup/Day5/Device3/IQ_1.dat,139,10897461,2,0,0,test,diff_days_indoor,5,0,0,0,0,0,0.49246302247047424
data/raw/osu_lora/Diff_Days_Indoor_Setup/Day5/Device3/IQ_1.dat,140,10975860,2,0,0,test,diff_days_indoor,5,0,0,0,0,0,0.5025282502174377
data/raw/osu_lora/Diff_Days_Indoor_Setup/Day5/Device3/IQ_1.dat,141,11054259,2,2,1,test,diff_days_indoor,5,0,0,0,0,0,0.4836263358592987
data/raw/osu_lora/Diff_Days_Indoor_Setup/Day5/Device3/IQ_1.dat,142,11132658,2,3,0,test,diff_days_indoor,5,0,0,0,0,0,0.327304482460022
data/raw/osu_lora/Diff_Days_Indoor_Setup/Day5/Device3/IQ_1.dat,143,11211057,2,0,0,test,diff_days_indoor,5,0,0,0,0,0,0.3684607744216919
data/raw/osu_lora/Diff_Days_Indoor_Setup/Day5/Device3/IQ_1.dat,144,11289456,2,0,0,test,diff_days_indoor,5,0,0,0,0,0,0.48611384630203247
data/raw/osu_lora/Diff_Days_Indoor_Setup/Day5/Device3/IQ_1.dat,145,11367855,2,0,0,test,diff_days_indoor,5,0,0,0,0,0,0.42217159271240234
data/raw/osu_lora/Diff_Days_Indoor_Setup/Day5/Device3/IQ_1.dat,146,11446254,2,0,0,test,diff_days_indoor,5,0,0,0,0,0,0.3226771056652069
data/raw/osu_lora/Diff_Days_Indoor_Setup/Day5/Device3/IQ_1.dat,147,11524653,2,0,0,test,diff_days_indoor,5,0,0,0,0,0,0.46643248200416565
data/raw/osu_lora/Diff_Days_Indoor_Setup/Day5/Device3/IQ_1.dat,148,11603052,2,0,0,test,diff_days_indoor,5,0,0,0,0,0,0.44261276721954346
data/raw/osu_lora/Diff_Days_Indoor_Setup/Day5/Device3/IQ_1.dat,149,11681451,2,2,1,test,diff_days_indoor,5,0,0,0,0,0,0.4781915247440338
data/raw/osu_lora/Diff_Days_Indoor_Setup/Day5/Device3/IQ_1.dat,150,11759850,2,2,1,test,diff_days_indoor,5,0,0,0,0,0,0.47065481543540955
data/raw/osu_lora/Diff_Days_Indoor_Setup/Day5/Device3/IQ_1.dat,151,11838249,2,0,0,test,diff_days_indoor,5,0,0,0,0,0,0.48141345381736755
data/raw/osu_lora/Diff_Days_Indoor_Setup/Day5/Device3/IQ_1.dat,152,11916648,2,0,0,test,diff_days_indoor,5,0,0,0,0,0,0.3314208686351776
data/raw/osu_lora/Diff_Days_Indoor_Setup/Day5/Device3/IQ_1.dat,153,11995047,2,0,0,test,diff_days_indoor,5,0,0,0,0,0,0.4163283407688141
data/raw/osu_lora/Diff_Days_Indoor_Setup/Day5/Device3/IQ_1.dat,154,12073446,2,3,0,test,diff_days_indoor,5,0,0,0,0,0,0.40749821066856384
data/raw/osu_lora/Diff_Days_Indoor_Setup/Day5/Device3/IQ_1.dat,155,12151845,2,0,0,test,diff_days_indoor,5,0,0,0,0,0,0.4182679355144501
data/raw/osu_lora/Diff_Days_Indoor_Setup/Day5/Device3/IQ_1.dat,156,12230244,2,0,0,test,diff_days_indoor,5,0,0,0,0,0,0.40726396441459656
data/raw/osu_lora/Diff_Days_Indoor_Setup/Day5/Device3/IQ_1.dat,157,12308643,2,0,0,test,diff_days_indoor,5,0,0,0,0,0,0.3814343214035034
data/raw/osu_lora/Diff_Days_Indoor_Setup/Day5/Device3/IQ_1.dat,158,12387042,2,0,0,test,diff_days_indoor,5,0,0,0,0,0,0.4770030379295349
data/raw/osu_lora/Diff_Days_Indoor_Setup/Day5/Device3/IQ_1.dat,159,12465441,2,2,1,test,diff_days_indoor,5,0,0,0,0,0,0.3880825340747833
data/raw/osu_lora/Diff_Days_Indoor_Setup/Day5/Device3/IQ_1.dat,160,12543840,2,2,1,test,diff_days_indoor,5,0,0,0,0,0,0.5087403655052185
data/raw/osu_lora/Diff_Days_Indoor_Setup/Day5/Device3/IQ_1.dat,161,12622239,2,0,0,test,diff_days_indoor,5,0,0,0,0,0,0.3347892761230469
data/raw/osu_lora/Diff_Days_Indoor_Setup/Day5/Device3/IQ_1.dat,162,12700638,2,0,0,test,diff_days_indoor,5,0,0,0,0,0,0.48661571741104126
data/raw/osu_lora/Diff_Days_Indoor_Setup/Day5/Device3/IQ_1.dat,163,12779037,2,0,0,test,diff_days_indoor,5,0,0,0,0,0,0.4486640989780426
data/raw/osu_lora/Diff_Days_Indoor_Setup/Day5/Device3/IQ_1.dat,164,12857436,2,0,0,test,diff_days_indoor,5,0,0,0,0,0,0.4181627929210663
data/raw/osu_lora/Diff_Days_Indoor_Setup/Day5/Device3/IQ_1.dat,165,12935835,2,0,0,test,diff_days_indoor,5,0,0,0,0,0,0.3278619647026062
data/raw/osu_lora/Diff_Days_Indoor_Setup/Day5/Device3/IQ_1.dat,166,13014234,2,0,0,test,diff_days_indoor,5,0,0,0,0,0,0.412257581949234
data/raw/osu_lora/Diff_Days_Indoor_Setup/Day5/Device3/IQ_1.dat,167,13092633,2,0,0,test,diff_days_indoor,5,0,0,0,0,0,0.4236120581626892
data/raw/osu_lora/Diff_Days_Indoor_Setup/Day5/Device3/IQ_1.dat,168,13171032,2,3,0,test,diff_days_indoor,5,0,0,0,0,0,0.4221631586551666
data/raw/osu_lora/Diff_Days_Indoor_Setup/Day5/Device3/IQ_1.dat,169,13249431,2,0,0,test,diff_days_indoor,5,0,0,0,0,0,0.3884436786174774
data/raw/osu_lora/Diff_Days_Indoor_Setup/Day5/Device3/IQ_1.dat,170,13327830,2,2,1,test,diff_days_indoor,5,0,0,0,0,0,0.47109994292259216
data/raw/osu_lora/Diff_Days_Indoor_Setup/Day5/Device3/IQ_1.dat,171,13406229,2,0,0,test,diff_days_indoor,5,0,0,0,0,0,0.4439305365085602
data/raw/osu_lora/Diff_Days_Indoor_Setup/Day5/Device3/IQ_1.dat,172,13484628,2,2,1,test,diff_days_indoor,5,0,0,0,0,0,0.47366654872894287
data/raw/osu_lora/Diff_Days_Indoor_Setup/Day5/Device3/IQ_1.dat,173,13563027,2,0,0,test,diff_days_indoor,5,0,0,0,0,0,0.3752228319644928
data/raw/osu_lora/Diff_Days_Indoor_Setup/Day5/Device3/IQ_1.dat,174,13641426,2,0,0,test,diff_days_indoor,5,0,0,0,0,0,0.354131817817688
data/raw/osu_lora/Diff_Days_Indoor_Setup/Day5/Device3/IQ_1.dat,175,13719825,2,0,0,test,diff_days_indoor,5,0,0,0,0,0,0.28797483444213867
data/raw/osu_lora/Diff_Days_Indoor_Setup/Day5/Device3/IQ_1.dat,176,13798224,2,3,0,test,diff_days_indoor,5,0,0,0,0,0,0.3480100631713867
data/raw/osu_lora/Diff_Days_Indoor_Setup/Day5/Device3/IQ_1.dat,177,13876623,2,0,0,test,diff_days_indoor,5,0,0,0,0,0,0.37318548560142517
data/raw/osu_lora/Diff_Days_Indoor_Setup/Day5/Device3/IQ_1.dat,178,13955022,2,0,0,test,diff_days_indoor,5,0,0,0,0,0,0.46086806058883667
data/raw/osu_lora/Diff_Days_Indoor_Setup/Day5/Device3/IQ_1.dat,179,14033421,2,0,0,test,diff_days_indoor,5,0,0,0,0,0,0.35782599449157715
data/raw/osu_lora/Diff_Days_Indoor_Setup/Day5/Device3/IQ_1.dat,180,14111820,2,2,1,test,diff_days_indoor,5,0,0,0,0,0,0.4509461224079132
data/raw/osu_lora/Diff_Days_Indoor_Setup/Day5/Device3/IQ_1.dat,181,14190219,2,0,0,test,diff_days_indoor,5,0,0,0,0,0,0.3612437844276428
data/raw/osu_lora/Diff_Days_Indoor_Setup/Day5/Device3/IQ_1.dat,182,14268618,2,0,0,test,diff_days_indoor,5,0,0,0,0,0,0.3685134947299957
data/raw/osu_lora/Diff_Days_Indoor_Setup/Day5/Device3/IQ_1.dat,183,14347017,2,1,0,test,diff_days_indoor,5,0,0,0,0,0,0.3073599934577942
data/raw/osu_lora/Diff_Days_Indoor_Setup/Day5/Device3/IQ_1.dat,184,14425416,2,2,1,test,diff_days_indoor,5,0,0,0,0,0,0.4489125609397888
data/raw/osu_lora/Diff_Days_Indoor_Setup/Day5/Device3/IQ_1.dat,185,14503815,2,3,0,test,diff_days_indoor,5,0,0,0,0,0,0.3451470136642456
data/raw/osu_lora/Diff_Days_Indoor_Setup/Day5/Device3/IQ_1.dat,186,14582214,2,0,0,test,diff_days_indoor,5,0,0,0,0,0,0.41123566031455994
data/raw/osu_lora/Diff_Days_Indoor_Setup/Day5/Device3/IQ_1.dat,187,14660613,2,0,0,test,diff_days_indoor,5,0,0,0,0,0,0.4645591676235199
data/raw/osu_lora/Diff_Days_Indoor_Setup/Day5/Device3/IQ_1.dat,188,14739012,2,0,0,test,diff_days_indoor,5,0,0,0,0,0,0.42448005080223083
data/raw/osu_lora/Diff_Days_Indoor_Setup/Day5/Device3/IQ_1.dat,189,14817411,2,0,0,test,diff_days_indoor,5,0,0,0,0,0,0.4519726634025574
data/raw/osu_lora/Diff_Days_Indoor_Setup/Day5/Device3/IQ_1.dat,190,14895810,2,0,0,test,diff_days_indoor,5,0,0,0,0,0,0.4364590346813202
data/raw/osu_lora/Diff_Days_Indoor_Setup/Day5/Device3/IQ_1.dat,191,14974209,2,0,0,test,diff_days_indoor,5,0,0,0,0,0,0.4725970923900604
data/raw/osu_lora/Diff_Days_Indoor_Setup/Day5/Device3/IQ_1.dat,192,15052608,2,0,0,test,diff_days_indoor,5,0,0,0,0,0,0.31659871339797974
data/raw/osu_lora/Diff_Days_Indoor_Setup/Day5/Device3/IQ_1.dat,193,15131007,2,3,0,test,diff_days_indoor,5,0,0,0,0,0,0.292871356010437
data/raw/osu_lora/Diff_Days_Indoor_Setup/Day5/Device3/IQ_1.dat,194,15209406,2,0,0,test,diff_days_indoor,5,0,0,0,0,0,0.4311245381832123
data/raw/osu_lora/Diff_Days_Indoor_Setup/Day5/Device3/IQ_1.dat,195,15287805,2,2,1,test,diff_days_indoor,5,0,0,0,0,0,0.46810194849967957
data/raw/osu_lora/Diff_Days_Indoor_Setup/Day5/Device3/IQ_1.dat,196,15366204,2,0,0,test,diff_days_indoor,5,0,0,0,0,0,0.47975993156433105
data/raw/osu_lora/Diff_Days_Indoor_Setup/Day5/Device3/IQ_1.dat,197,15444603,2,0,0,test,diff_days_indoor,5,0,0,0,0,0,0.3082055151462555
data/raw/osu_lora/Diff_Days_Indoor_Setup/Day5/Device3/IQ_1.dat,198,15523002,2,0,0,test,diff_days_indoor,5,0,0,0,0,0,0.363003671169281
data/raw/osu_lora/Diff_Days_Indoor_Setup/Day5/Device3/IQ_1.dat,199,15601401,2,0,0,test,diff_days_indoor,5,0,0,0,0,0,0.306196928024292
data/raw/osu_lora/Diff_Days_Indoor_Setup/Day5/Device3/IQ_1.dat,200,15679800,2,0,0,test,diff_days_indoor,5,0,0,0,0,0,0.42153868079185486
data/raw/osu_lora/Diff_Days_Indoor_Setup/Day5/Device3/IQ_1.dat,201,15758199,2,0,0,test,diff_days_indoor,5,0,0,0,0,0,0.34095895290374756
data/raw/osu_lora/Diff_Days_Indoor_Setup/Day5/Device3/IQ_1.dat,202,15836598,2,0,0,test,diff_days_indoor,5,0,0,0,0,0,0.37783363461494446
data/raw/osu_lora/Diff_Days_Indoor_Setup/Day5/Device3/IQ_1.dat,203,15914997,2,3,0,test,diff_days_indoor,5,0,0,0,0,0,0.30976104736328125
data/raw/osu_lora/Diff_Days_Indoor_Setup/Day5/Device3/IQ_1.dat,204,15993396,2,0,0,test,diff_days_indoor,5,0,0,0,0,0,0.4672287404537201
data/raw/osu_lora/Diff_Days_Indoor_Setup/Day5/Device3/IQ_1.dat,205,16071795,2,0,0,test,diff_days_indoor,5,0,0,0,0,0,0.3352237045764923
data/raw/osu_lora/Diff_Days_Indoor_Setup/Day5/Device3/IQ_1.dat,206,16150194,2,0,0,test,diff_days_indoor,5,0,0,0,0,0,0.4769456088542938
data/raw/osu_lora/Diff_Days_Indoor_Setup/Day5/Device3/IQ_1.dat,207,16228593,2,2,1,test,diff_days_indoor,5,0,0,0,0,0,0.5484010577201843
data/raw/osu_lora/Diff_Days_Indoor_Setup/Day5/Device3/IQ_1.dat,208,16306992,2,0,0,test,diff_days_indoor,5,0,0,0,0,0,0.40637287497520447
data/raw/osu_lora/Diff_Days_Indoor_Setup/Day5/Device3/IQ_1.dat,209,16385391,2,2,1,test,diff_days_indoor,5,0,0,0,0,0,0.44349539279937744
data/raw/osu_lora/Diff_Days_Indoor_Setup/Day5/Device3/IQ_1.dat,210,16463790,2,0,0,test,diff_days_indoor,5,0,0,0,0,0,0.4220578372478485
data/raw/osu_lora/Diff_Days_Indoor_Setup/Day5/Device3/IQ_1.dat,211,16542189,2,0,0,test,diff_days_indoor,5,0,0,0,0,0,0.4630875587463379
data/raw/osu_lora/Diff_Days_Indoor_Setup/Day5/Device3/IQ_1.dat,212,16620588,2,0,0,test,diff_days_indoor,5,0,0,0,0,0,0.45118701457977295
data/raw/osu_lora/Diff_Days_Indoor_Setup/Day5/Device3/IQ_1.dat,213,16698987,2,1,0,test,diff_days_indoor,5,0,0,0,0,0,0.4860408306121826
data/raw/osu_lora/Diff_Days_Indoor_Setup/Day5/Device3/IQ_1.dat,214,16777386,2,2,1,test,diff_days_indoor,5,0,0,0,0,0,0.44461169838905334
data/raw/osu_lora/Diff_Days_Indoor_Setup/Day5/Device3/IQ_1.dat,215,16855785,2,0,0,test,diff_days_indoor,5,0,0,0,0,0,0.4085915982723236
data/raw/osu_lora/Diff_Days_Indoor_Setup/Day5/Device3/IQ_1.dat,216,16934184,2,0,0,test,diff_days_indoor,5,0,0,0,0,0,0.3485809564590454
data/raw/osu_lora/Diff_Days_Indoor_Setup/Day5/Device3/IQ_1.dat,217,17012583,2,3,0,test,diff_days_indoor,5,0,0,0,0,0,0.3316516876220703
data/raw/osu_lora/Diff_Days_Indoor_Setup/Day5/Device3/IQ_1.dat,218,17090982,2,0,0,test,diff_days_indoor,5,0,0,0,0,0,0.2906714975833893
data/raw/osu_lora/Diff_Days_Indoor_Setup/Day5/Device3/IQ_1.dat,219,17169381,2,1,0,test,diff_days_indoor,5,0,0,0,0,0,0.4238191246986389
data/raw/osu_lora/Diff_Days_Indoor_Setup/Day5/Device3/IQ_1.dat,220,17247780,2,0,0,test,diff_days_indoor,5,0,0,0,0,0,0.3296092450618744
data/raw/osu_lora/Diff_Days_Indoor_Setup/Day5/Device3/IQ_1.dat,221,17326179,2,3,0,test,diff_days_indoor,5,0,0,0,0,0,0.37348276376724243
data/raw/osu_lora/Diff_Days_Indoor_Setup/Day5/Device3/IQ_1.dat,222,17404578,2,0,0,test,diff_days_indoor,5,0,0,0,0,0,0.4610937237739563
data/raw/osu_lora/Diff_Days_Indoor_Setup/Day5/Device3/IQ_1.dat,223,17482977,2,0,0,test,diff_days_indoor,5,0,0,0,0,0,0.30314016342163086
data/raw/osu_lora/Diff_Days_Indoor_Setup/Day5/Device3/IQ_1.dat,224,17561376,2,0,0,test,diff_days_indoor,5,0,0,0,0,0,0.45899006724357605
data/raw/osu_lora/Diff_Days_Indoor_Setup/Day5/Device3/IQ_1.dat,225,17639775,2,0,0,test,diff_days_indoor,5,0,0,0,0,0,0.4300287067890167
data/raw/osu_lora/Diff_Days_Indoor_Setup/Day5/Device3/IQ_1.dat,226,17718174,2,0,0,test,diff_days_indoor,5,0,0,0,0,0,0.394270122051239
data/raw/osu_lora/Diff_Days_Indoor_Setup/Day5/Device3/IQ_1.dat,227,17796573,2,2,1,test,diff_days_indoor,5,0,0,0,0,0,0.4352770447731018
data/raw/osu_lora/Diff_Days_Indoor_Setup/Day5/Device3/IQ_1.dat,228,17874972,2,3,0,test,diff_days_indoor,5,0,0,0,0,0,0.4091626703739166
data/raw/osu_lora/Diff_Days_Indoor_Setup/Day5/Device3/IQ_1.dat,229,17953371,2,3,0,test,diff_days_indoor,5,0,0,0,0,0,0.3034490942955017
data/raw/osu_lora/Diff_Days_Indoor_Setup/Day5/Device3/IQ_1.dat,230,18031770,2,3,0,test,diff_days_indoor,5,0,0,0,0,0,0.3357953727245331
data/raw/osu_lora/Diff_Days_Indoor_Setup/Day5/Device3/IQ_1.dat,231,18110169,2,0,0,test,diff_days_indoor,5,0,0,0,0,0,0.43987417221069336
data/raw/osu_lora/Diff_Days_Indoor_Setup/Day5/Device3/IQ_1.dat,232,18188568,2,0,0,test,diff_days_indoor,5,0,0,0,0,0,0.4546387195587158
data/raw/osu_lora/Diff_Days_Indoor_Setup/Day5/Device3/IQ_1.dat,233,18266967,2,0,0,test,diff_days_indoor,5,0,0,0,0,0,0.3305678069591522
data/raw/osu_lora/Diff_Days_Indoor_Setup/Day5/Device3/IQ_1.dat,234,18345366,2,0,0,test,diff_days_indoor,5,0,0,0,0,0,0.38496705889701843
data/raw/osu_lora/Diff_Days_Indoor_Setup/Day5/Device3/IQ_1.dat,235,18423765,2,3,0,test,diff_days_indoor,5,0,0,0,0,0,0.35567155480384827
data/raw/osu_lora/Diff_Days_Indoor_Setup/Day5/Device3/IQ_1.dat,236,18502164,2,2,1,test,diff_days_indoor,5,0,0,0,0,0,0.43927693367004395
data/raw/osu_lora/Diff_Days_Indoor_Setup/Day5/Device3/IQ_1.dat,237,18580563,2,2,1,test,diff_days_indoor,5,0,0,0,0,0,0.4335838854312897
data/raw/osu_lora/Diff_Days_Indoor_Setup/Day5/Device3/IQ_1.dat,238,18658962,2,0,0,test,diff_days_indoor,5,0,0,0,0,0,0.46654146909713745
data/raw/osu_lora/Diff_Days_Indoor_Setup/Day5/Device3/IQ_1.dat,239,18737361,2,0,0,test,diff_days_indoor,5,0,0,0,0,0,0.39453330636024475
data/raw/osu_lora/Diff_Days_Indoor_Setup/Day5/Device3/IQ_1.dat,240,18815760,2,3,0,test,diff_days_indoor,5,0,0,0,0,0,0.3968513309955597
data/raw/osu_lora/Diff_Days_Indoor_Setup/Day5/Device3/IQ_1.dat,241,18894159,2,0,0,test,diff_days_indoor,5,0,0,0,0,0,0.424146831035614
data/raw/osu_lora/Diff_Days_Indoor_Setup/Day5/Device3/IQ_1.dat,242,18972558,2,0,0,test,diff_days_indoor,5,0,0,0,0,0,0.40366262197494507
data/raw/osu_lora/Diff_Days_Indoor_Setup/Day5/Device3/IQ_1.dat,243,19050957,2,3,0,test,diff_days_indoor,5,0,0,0,0,0,0.38122794032096863
data/raw/osu_lora/Diff_Days_Indoor_Setup/Day5/Device3/IQ_1.dat,244,19129356,2,0,0,test,diff_days_indoor,5,0,0,0,0,0,0.30745047330856323
data/raw/osu_lora/Diff_Days_Indoor_Setup/Day5/Device3/IQ_1.dat,245,19207755,2,0,0,test,diff_days_indoor,5,0,0,0,0,0,0.45992469787597656
data/raw/osu_lora/Diff_Days_Indoor_Setup/Day5/Device3/IQ_1.dat,246,19286154,2,0,0,test,diff_days_indoor,5,0,0,0,0,0,0.4787052571773529
data/raw/osu_lora/Diff_Days_Indoor_Setup/Day5/Device3/IQ_1.dat,247,19364553,2,0,0,test,diff_days_indoor,5,0,0,0,0,0,0.45600903034210205
data/raw/osu_lora/Diff_Days_Indoor_Setup/Day5/Device3/IQ_1.dat,248,19442952,2,3,0,test,diff_days_indoor,5,0,0,0,0,0,0.4483236074447632
data/raw/osu_lora/Diff_Days_Indoor_Setup/Day5/Device3/IQ_1.dat,249,19521351,2,3,0,test,diff_days_indoor,5,0,0,0,0,0,0.3888967037200928
data/raw/osu_lora/Diff_Days_Indoor_Setup/Day5/Device3/IQ_1.dat,250,19599750,2,0,0,test,diff_days_indoor,5,0,0,0,0,0,0.3833566904067993
data/raw/osu_lora/Diff_Days_Indoor_Setup/Day5/Device3/IQ_1.dat,251,19678149,2,0,0,test,diff_days_indoor,5,0,0,0,0,0,0.49295490980148315
data/raw/osu_lora/Diff_Days_Indoor_Setup/Day5/Device3/IQ_1.dat,252,19756548,2,1,0,test,diff_days_indoor,5,0,0,0,0,0,0.46356287598609924
data/raw/osu_lora/Diff_Days_Indoor_Setup/Day5/Device3/IQ_1.dat,253,19834947,2,0,0,test,diff_days_indoor,5,0,0,0,0,0,0.4136289954185486
data/raw/osu_lora/Diff_Days_Indoor_Setup/Day5/Device3/IQ_1.dat,254,19913346,2,0,0,test,diff_days_indoor,5,0,0,0,0,0,0.3853268623352051
data/raw/osu_lora/Diff_Days_Indoor_Setup/Day5/Device3/IQ_1.dat,255,19991745,2,0,0,test,diff_days_indoor,5,0,0,0,0,0,0.2903337776660919
data/raw/osu_lora/Diff_Days_Indoor_Setup/Day5/Device4/IQ_1.dat,0,0,3,0,0,test,diff_days_indoor,5,0,0,0,0,0,0.37712228298187256
data/raw/osu_lora/Diff_Days_Indoor_Setup/Day5/Device4/IQ_1.dat,1,78399,3,3,1,test,diff_days_indoor,5,0,0,0,0,0,0.40794023871421814
data/raw/osu_lora/Diff_Days_Indoor_Setup/Day5/Device4/IQ_1.dat,2,156798,3,3,1,test,diff_days_indoor,5,0,0,0,0,0,0.374870628118515
data/raw/osu_lora/Diff_Days_Indoor_Setup/Day5/Device4/IQ_1.dat,3,235197,3,1,0,test,diff_days_indoor,5,0,0,0,0,0,0.48955589532852173
data/raw/osu_lora/Diff_Days_Indoor_Setup/Day5/Device4/IQ_1.dat,4,313596,3,3,1,test,diff_days_indoor,5,0,0,0,0,0,0.2903069257736206
data/raw/osu_lora/Diff_Days_Indoor_Setup/Day5/Device4/IQ_1.dat,5,391995,3,3,1,test,diff_days_indoor,5,0,0,0,0,0,0.29445281624794006
data/raw/osu_lora/Diff_Days_Indoor_Setup/Day5/Device4/IQ_1.dat,6,470394,3,3,1,test,diff_days_indoor,5,0,0,0,0,0,0.3490104377269745
data/raw/osu_lora/Diff_Days_Indoor_Setup/Day5/Device4/IQ_1.dat,7,548793,3,8,0,test,diff_days_indoor,5,0,0,0,0,0,0.344438374042511
data/raw/osu_lora/Diff_Days_Indoor_Setup/Day5/Device4/IQ_1.dat,8,627192,3,1,0,test,diff_days_indoor,5,0,0,0,0,0,0.5916957259178162
data/raw/osu_lora/Diff_Days_Indoor_Setup/Day5/Device4/IQ_1.dat,9,705591,3,1,0,test,diff_days_indoor,5,0,0,0,0,0,0.5658618807792664
data/raw/osu_lora/Diff_Days_Indoor_Setup/Day5/Device4/IQ_1.dat,10,783990,3,3,1,test,diff_days_indoor,5,0,0,0,0,0,0.30669233202934265
data/raw/osu_lora/Diff_Days_Indoor_Setup/Day5/Device4/IQ_1.dat,11,862389,3,1,0,test,diff_days_indoor,5,0,0,0,0,0,0.5236392617225647
data/raw/osu_lora/Diff_Days_Indoor_Setup/Day5/Device4/IQ_1.dat,12,940788,3,0,0,test,diff_days_indoor,5,0,0,0,0,0,0.48357999324798584
data/raw/osu_lora/Diff_Days_Indoor_Setup/Day5/Device4/IQ_1.dat,13,1019187,3,3,1,test,diff_days_indoor,5,0,0,0,0,0,0.3732605278491974
data/raw/osu_lora/Diff_Days_Indoor_Setup/Day5/Device4/IQ_1.dat,14,1097586,3,3,1,test,diff_days_indoor,5,0,0,0,0,0,0.3433375060558319
data/raw/osu_lora/Diff_Days_Indoor_Setup/Day5/Device4/IQ_1.dat,15,1175985,3,1,0,test,diff_days_indoor,5,0,0,0,0,0,0.3645537197589874
data/raw/osu_lora/Diff_Days_Indoor_Setup/Day5/Device4/IQ_1.dat,16,1254384,3,1,0,test,diff_days_indoor,5,0,0,0,0,0,0.38690245151519775
data/raw/osu_lora/Diff_Days_Indoor_Setup/Day5/Device4/IQ_1.dat,17,1332783,3,1,0,test,diff_days_indoor,5,0,0,0,0,0,0.4598039388656616
data/raw/osu_lora/Diff_Days_Indoor_Setup/Day5/Device4/IQ_1.dat,18,1411182,3,1,0,test,diff_days_indoor,5,0,0,0,0,0,0.6160386800765991
data/raw/osu_lora/Diff_Days_Indoor_Setup/Day5/Device4/IQ_1.dat,19,1489581,3,1,0,test,diff_days_indoor,5,0,0,0,0,0,0.4515610933303833
data/raw/osu_lora/Diff_Days_Indoor_Setup/Day5/Device4/IQ_1.dat,20,1567980,3,3,1,test,diff_days_indoor,5,0,0,0,0,0,0.4002969264984131
data/raw/osu_lora/Diff_Days_Indoor_Setup/Day5/Device4/IQ_1.dat,21,1646379,3,3,1,test,diff_days_indoor,5,0,0,0,0,0,0.34710732102394104
data/raw/osu_lora/Diff_Days_Indoor_Setup/Day5/Device4/IQ_1.dat,22,1724778,3,3,1,test,diff_days_indoor,5,0,0,0,0,0,0.3978404998779297
data/raw/osu_lora/Diff_Days_Indoor_Setup/Day5/Device4/IQ_1.dat,23,1803177,3,3,1,test,diff_days_indoor,5,0,0,0,0,0,0.3981648087501526
data/raw/osu_lora/Diff_Days_Indoor_Setup/Day5/Device4/IQ_1.dat,24,1881576,3,1,0,test,diff_days_indoor,5,0,0,0,0,0,0.5399755239486694
data/raw/osu_lora/Diff_Days_Indoor_Setup/Day5/Device4/IQ_1.dat,25,1959975,3,1,0,test,diff_days_indoor,5,0,0,0,0,0,0.5045144557952881
data/raw/osu_lora/Diff_Days_Indoor_Setup/Day5/Device4/IQ_1.dat,26,2038374,3,3,1,test,diff_days_indoor,5,0,0,0,0,0,0.37148210406303406
data/raw/osu_lora/Diff_Days_Indoor_Setup/Day5/Device4/IQ_1.dat,27,2116773,3,3,1,test,diff_days_indoor,5,0,0,0,0,0,0.3193996250629425
data/raw/osu_lora/Diff_Days_Indoor_Setup/Day5/Device4/IQ_1.dat,28,2195172,3,1,0,test,diff_days_indoor,5,0,0,0,0,0,0.654276967048645
data/raw/osu_lora/Diff_Days_Indoor_Setup/Day5/Device4/IQ_1.dat,29,2273571,3,1,0,test,diff_days_indoor,5,0,0,0,0,0,0.40798717737197876
data/raw/osu_lora/Diff_Days_Indoor_Setup/Day5/Device4/IQ_1.dat,30,2351970,3,3,1,test,diff_days_indoor,5,0,0,0,0,0,0.31588929891586304
data/raw/osu_lora/Diff_Days_Indoor_Setup/Day5/Device4/IQ_1.dat,31,2430369,3,3,1,test,diff_days_indoor,5,0,0,0,0,0,0.41388487815856934
data/raw/osu_lora/Diff_Days_Indoor_Setup/Day5/Device4/IQ_1.dat,32,2508768,3,3,1,test,diff_days_indoor,5,0,0,0,0,0,0.3375284671783447
data/raw/osu_lora/Diff_Days_Indoor_Setup/Day5/Device4/IQ_1.dat,33,2587167,3,1,0,test,diff_days_indoor,5,0,0,0,0,0,0.4364493489265442
data/raw/osu_lora/Diff_Days_Indoor_Setup/Day5/Device4/IQ_1.dat,34,2665566,3,1,0,test,diff_days_indoor,5,0,0,0,0,0,0.5861918926239014
data/raw/osu_lora/Diff_Days_Indoor_Setup/Day5/Device4/IQ_1.dat,35,2743965,3,1,0,test,diff_days_indoor,5,0,0,0,0,0,0.4256138801574707
data/raw/osu_lora/Diff_Days_Indoor_Setup/Day5/Device4/IQ_1.dat,36,2822364,3,1,0,test,diff_days_indoor,5,0,0,0,0,0,0.4796432852745056
data/raw/osu_lora/Diff_Days_Indoor_Setup/Day5/Device4/IQ_1.dat,37,2900763,3,1,0,test,diff_days_indoor,5,0,0,0,0,0,0.5613029599189758
data/raw/osu_lora/Diff_Days_Indoor_Setup/Day5/Device4/IQ_1.dat,38,2979162,3,1,0,test,diff_days_indoor,5,0,0,0,0,0,0.4398086667060852
data/raw/osu_lora/Diff_Days_Indoor_Setup/Day5/Device4/IQ_1.dat,39,3057561,3,1,0,test,diff_days_indoor,5,0,0,0,0,0,0.5428180694580078
data/raw/osu_lora/Diff_Days_Indoor_Setup/Day5/Device4/IQ_1.dat,40,3135960,3,3,1,test,diff_days_indoor,5,0,0,0,0,0,0.31036728620529175
data/raw/osu_lora/Diff_Days_Indoor_Setup/Day5/Device4/IQ_1.dat,41,3214359,3,3,1,test,diff_days_indoor,5,0,0,0,0,0,0.2925923764705658
data/raw/osu_lora/Diff_Days_Indoor_Setup/Day5/Device4/IQ_1.dat,42,3292758,3,1,0,test,diff_days_indoor,5,0,0,0,0,0,0.4399555027484894
data/raw/osu_lora/Diff_Days_Indoor_Setup/Day5/Device4/IQ_1.dat,43,3371157,3,0,0,test,diff_days_indoor,5,0,0,0,0,0,0.3488718867301941
data/raw/osu_lora/Diff_Days_Indoor_Setup/Day5/Device4/IQ_1.dat,44,3449556,3,0,0,test,diff_days_indoor,5,0,0,0,0,0,0.36177387833595276
data/raw/osu_lora/Diff_Days_Indoor_Setup/Day5/Device4/IQ_1.dat,45,3527955,3,0,0,test,diff_days_indoor,5,0,0,0,0,0,0.36384955048561096
data/raw/osu_lora/Diff_Days_Indoor_Setup/Day5/Device4/IQ_1.dat,46,3606354,3,3,1,test,diff_days_indoor,5,0,0,0,0,0,0.3004307448863983
data/raw/osu_lora/Diff_Days_Indoor_Setup/Day5/Device4/IQ_1.dat,47,3684753,3,3,1,test,diff_days_indoor,5,0,0,0,0,0,0.35911181569099426
data/raw/osu_lora/Diff_Days_Indoor_Setup/Day5/Device4/IQ_1.dat,48,3763152,3,1,0,test,diff_days_indoor,5,0,0,0,0,0,0.34124723076820374
data/raw/osu_lora/Diff_Days_Indoor_Setup/Day5/Device4/IQ_1.dat,49,3841551,3,1,0,test,diff_days_indoor,5,0,0,0,0,0,0.5025902390480042
data/raw/osu_lora/Diff_Days_Indoor_Setup/Day5/Device4/IQ_1.dat,50,3919950,3,1,0,test,diff_days_indoor,5,0,0,0,0,0,0.443369597196579
data/raw/osu_lora/Diff_Days_Indoor_Setup/Day5/Device4/IQ_1.dat,51,3998349,3,1,0,test,diff_days_indoor,5,0,0,0,0,0,0.39984288811683655
data/raw/osu_lora/Diff_Days_Indoor_Setup/Day5/Device4/IQ_1.dat,52,4076748,3,1,0,test,diff_days_indoor,5,0,0,0,0,0,0.44383788108825684
data/raw/osu_lora/Diff_Days_Indoor_Setup/Day5/Device4/IQ_1.dat,53,4155147,3,3,1,test,diff_days_indoor,5,0,0,0,0,0,0.35869869589805603
data/raw/osu_lora/Diff_Days_Indoor_Setup/Day5/Device4/IQ_1.dat,54,4233546,3,1,0,test,diff_days_indoor,5,0,0,0,0,0,0.5630295872688293
data/raw/osu_lora/Diff_Days_Indoor_Setup/Day5/Device4/IQ_1.dat,55,4311945,3,1,0,test,diff_days_indoor,5,0,0,0,0,0,0.6645504236221313
data/raw/osu_lora/Diff_Days_Indoor_Setup/Day5/Device4/IQ_1.dat,56,4390344,3,1,0,test,diff_days_indoor,5,0,0,0,0,0,0.5426491498947144
data/raw/osu_lora/Diff_Days_Indoor_Setup/Day5/Device4/IQ_1.dat,57,4468743,3,1,0,test,diff_days_indoor,5,0,0,0,0,0,0.38527989387512207
data/raw/osu_lora/Diff_Days_Indoor_Setup/Day5/Device4/IQ_1.dat,58,4547142,3,1,0,test,diff_days_indoor,5,0,0,0,0,0,0.5948741436004639
data/raw/osu_lora/Diff_Days_Indoor_Setup/Day5/Device4/IQ_1.dat,59,4625541,3,1,0,test,diff_days_indoor,5,0,0,0,0,0,0.44542768597602844
data/raw/osu_lora/Diff_Days_Indoor_Setup/Day5/Device4/IQ_1.dat,60,4703940,3,3,1,test,diff_days_indoor,5,0,0,0,0,0,0.35205402970314026
data/raw/osu_lora/Diff_Days_Indoor_Setup/Day5/Device4/IQ_1.dat,61,4782339,3,1,0,test,diff_days_indoor,5,0,0,0,0,0,0.5670921206474304
data/raw/osu_lora/Diff_Days_Indoor_Setup/Day5/Device4/IQ_1.dat,62,4860738,3,1,0,test,diff_days_indoor,5,0,0,0,0,0,0.6150655150413513
data/raw/osu_lora/Diff_Days_Indoor_Setup/Day5/Device4/IQ_1.dat,63,4939137,3,0,0,test,diff_days_indoor,5,0,0,0,0,0,0.26713860034942627
data/raw/osu_lora/Diff_Days_Indoor_Setup/Day5/Device4/IQ_1.dat,64,5017536,3,1,0,test,diff_days_indoor,5,0,0,0,0,0,0.327499657869339
data/raw/osu_lora/Diff_Days_Indoor_Setup/Day5/Device4/IQ_1.dat,65,5095935,3,3,1,test,diff_days_indoor,5,0,0,0,0,0,0.36588791012763977
data/raw/osu_lora/Diff_Days_Indoor_Setup/Day5/Device4/IQ_1.dat,66,5174334,3,3,1,test,diff_days_indoor,5,0,0,0,0,0,0.42816221714019775
data/raw/osu_lora/Diff_Days_Indoor_Setup/Day5/Device4/IQ_1.dat,67,5252733,3,3,1,test,diff_days_indoor,5,0,0,0,0,0,0.3934588134288788
data/raw/osu_lora/Diff_Days_Indoor_Setup/Day5/Device4/IQ_1.dat,68,5331132,3,1,0,test,diff_days_indoor,5,0,0,0,0,0,0.6328728199005127
data/raw/osu_lora/Diff_Days_Indoor_Setup/Day5/Device4/IQ_1.dat,69,5409531,3,1,0,test,diff_days_indoor,5,0,0,0,0,0,0.41378986835479736
data/raw/osu_lora/Diff_Days_Indoor_Setup/Day5/Device4/IQ_1.dat,70,5487930,3,1,0,test,diff_days_indoor,5,0,0,0,0,0,0.5926188826560974
data/raw/osu_lora/Diff_Days_Indoor_Setup/Day5/Device4/IQ_1.dat,71,5566329,3,3,1,test,diff_days_indoor,5,0,0,0,0,0,0.3117083013057709
data/raw/osu_lora/Diff_Days_Indoor_Setup/Day5/Device4/IQ_1.dat,72,5644728,3,1,0,test,diff_days_indoor,5,0,0,0,0,0,0.3734495937824249
data/raw/osu_lora/Diff_Days_Indoor_Setup/Day5/Device4/IQ_1.dat,73,5723127,3,0,0,test,diff_days_indoor,5,0,0,0,0,0,0.32964736223220825
data/raw/osu_lora/Diff_Days_Indoor_Setup/Day5/Device4/IQ_1.dat,74,5801526,3,1,0,test,diff_days_indoor,5,0,0,0,0,0,0.46226248145103455
data/raw/osu_lora/Diff_Days_Indoor_Setup/Day5/Device4/IQ_1.dat,75,5879925,3,3,1,test,diff_days_indoor,5,0,0,0,0,0,0.33510822057724
data/raw/osu_lora/Diff_Days_Indoor_Setup/Day5/Device4/IQ_1.dat,76,5958324,3,1,0,test,diff_days_indoor,5,0,0,0,0,0,0.4404788613319397
data/raw/osu_lora/Diff_Days_Indoor_Setup/Day5/Device4/IQ_1.dat,77,6036723,3,0,0,test,diff_days_indoor,5,0,0,0,0,0,0.336184024810791
data/raw/osu_lora/Diff_Days_Indoor_Setup/Day5/Device4/IQ_1.dat,78,6115122,3,1,0,test,diff_days_indoor,5,0,0,0,0,0,0.575392484664917
data/raw/osu_lora/Diff_Days_Indoor_Setup/Day5/Device4/IQ_1.dat,79,6193521,3,1,0,test,diff_days_indoor,5,0,0,0,0,0,0.4539085328578949
data/raw/osu_lora/Diff_Days_Indoor_Setup/Day5/Device4/IQ_1.dat,80,6271920,3,1,0,test,diff_days_indoor,5,0,0,0,0,0,0.6030503511428833
data/raw/osu_lora/Diff_Days_Indoor_Setup/Day5/Device4/IQ_1.dat,81,6350319,3,1,0,test,diff_days_indoor,5,0,0,0,0,0,0.5653300881385803
data/raw/osu_lora/Diff_Days_Indoor_Setup/Day5/Device4/IQ_1.dat,82,6428718,3,1,0,test,diff_days_indoor,5,0,0,0,0,0,0.4137241542339325
data/raw/osu_lora/Diff_Days_Indoor_Setup/Day5/Device4/IQ_1.dat,83,6507117,3,1,0,test,diff_days_indoor,5,0,0,0,0,0,0.3663690686225891
data/raw/osu_lora/Diff_Days_Indoor_Setup/Day5/Device4/IQ_1.dat,84,6585516,3,1,0,test,diff_days_indoor,5,0,0,0,0,0,0.5464179515838623
data/raw/osu_lora/Diff_Days_Indoor_Setup/Day5/Device4/IQ_1.dat,85,6663915,3,1,0,test,diff_days_indoor,5,0,0,0,0,0,0.5522392988204956
data/raw/osu_lora/Diff_Days_Indoor_Setup/Day5/Device4/IQ_1.dat,86,6742314,3,1,0,test,diff_days_indoor,5,0,0,0,0,0,0.3074703514575958
data/raw/osu_lora/Diff_Days_Indoor_Setup/Day5/Device4/IQ_1.dat,87,6820713,3,3,1,test,diff_days_indoor,5,0,0,0,0,0,0.4054720401763916
data/raw/osu_lora/Diff_Days_Indoor_Setup/Day5/Device4/IQ_1.dat,88,6899112,3,1,0,test,diff_days_indoor,5,0,0,0,0,0,0.6334229707717896
data/raw/osu_lora/Diff_Days_Indoor_Setup/Day5/Device4/IQ_1.dat,89,6977511,3,3,1,test,diff_days_indoor,5,0,0,0,0,0,0.3766801357269287
data/raw/osu_lora/Diff_Days_Indoor_Setup/Day5/Device4/IQ_1.dat,90,7055910,3,1,0,test,diff_days_indoor,5,0,0,0,0,0,0.5075050592422485
data/raw/osu_lora/Diff_Days_Indoor_Setup/Day5/Device4/IQ_1.dat,91,7134309,3,1,0,test,diff_days_indoor,5,0,0,0,0,0,0.6009666919708252
data/raw/osu_lora/Diff_Days_Indoor_Setup/Day5/Device4/IQ_1.dat,92,7212708,3,1,0,test,diff_days_indoor,5,0,0,0,0,0,0.4153517782688141
data/raw/osu_lora/Diff_Days_Indoor_Setup/Day5/Device4/IQ_1.dat,93,7291107,3,1,0,test,diff_days_indoor,5,0,0,0,0,0,0.5731431841850281
data/raw/osu_lora/Diff_Days_Indoor_Setup/Day5/Device4/IQ_1.dat,94,7369506,3,1,0,test,diff_days_indoor,5,0,0,0,0,0,0.5248884558677673
data/raw/osu_lora/Diff_Days_Indoor_Setup/Day5/Device4/IQ_1.dat,95,7447905,3,3,1,test,diff_days_indoor,5,0,0,0,0,0,0.36428481340408325
data/raw/osu_lora/Diff_Days_Indoor_Setup/Day5/Device4/IQ_1.dat,96,7526304,3,1,0,test,diff_days_indoor,5,0,0,0,0,0,0.37711915373802185
data/raw/osu_lora/Diff_Days_Indoor_Setup/Day5/Device4/IQ_1.dat,97,7604703,3,1,0,test,diff_days_indoor,5,0,0,0,0,0,0.529482364654541
data/raw/osu_lora/Diff_Days_Indoor_Setup/Day5/Device4/IQ_1.dat,98,7683102,3,1,0,test,diff_days_indoor,5,0,0,0,0,0,0.6419059038162231
data/raw/osu_lora/Diff_Days_Indoor_Setup/Day5/Device4/IQ_1.dat,99,7761501,3,1,0,test,diff_days_indoor,5,0,0,0,0,0,0.4491512179374695
data/raw/osu_lora/Diff_Days_Indoor_Setup/Day5/Device4/IQ_1.dat,100,7839900,3,1,0,test,diff_days_indoor,5,0,0,0,0,0,0.49509042501449585
data/raw/osu_lora/Diff_Days_Indoor_Setup/Day5/Device4/IQ_1.dat,101,7918299,3,3,1,test,diff_days_indoor,5,0,0,0,0,0,0.3739098608493805
data/raw/osu_lora/Diff_Days_Indoor_Setup/Day5/Device4/IQ_1.dat,102,7996698,3,1,0,test,diff_days_indoor,5,0,0,0,0,0,0.4157697856426239
data/raw/osu_lora/Diff_Days_Indoor_Setup/Day5/Device4/IQ_1.dat,103,8075097,3,1,0,test,diff_days_indoor,5,0,0,0,0,0,0.47355011105537415
data/raw/osu_lora/Diff_Days_Indoor_Setup/Day5/Device4/IQ_1.dat,104,8153496,3,3,1,test,diff_days_indoor,5,0,0,0,0,0,0.3694433569908142
data/raw/osu_lora/Diff_Days_Indoor_Setup/Day5/Device4/IQ_1.dat,105,8231895,3,1,0,test,diff_days_indoor,5,0,0,0,0,0,0.5551384091377258
data/raw/osu_lora/Diff_Days_Indoor_Setup/Day5/Device4/IQ_1.dat,106,8310294,3,3,1,test,diff_days_indoor,5,0,0,0,0,0,0.3627794086933136
data/raw/osu_lora/Diff_Days_Indoor_Setup/Day5/Device4/IQ_1.dat,107,8388693,3,3,1,test,diff_days_indoor,5,0,0,0,0,0,0.3288065195083618
data/raw/osu_lora/Diff_Days_Indoor_Setup/Day5/Device4/IQ_1.dat,108,8467092,3,0,0,test,diff_days_indoor,5,0,0,0,0,0,0.4172995984554291
data/raw/osu_lora/Diff_Days_Indoor_Setup/Day5/Device4/IQ_1.dat,109,8545491,3,1,0,test,diff_days_indoor,5,0,0,0,0,0,0.4257127344608307
data/raw/osu_lora/Diff_Days_Indoor_Setup/Day5/Device4/IQ_1.dat,110,8623890,3,0,0,test,diff_days_indoor,5,0,0,0,0,0,0.29750367999076843
data/raw/osu_lora/Diff_Days_Indoor_Setup/Day5/Device4/IQ_1.dat,111,8702289,3,0,0,test,diff_days_indoor,5,0,0,0,0,0,0.29035189747810364
data/raw/osu_lora/Diff_Days_Indoor_Setup/Day5/Device4/IQ_1.dat,112,8780688,3,3,1,test,diff_days_indoor,5,0,0,0,0,0,0.35418838262557983
data/raw/osu_lora/Diff_Days_Indoor_Setup/Day5/Device4/IQ_1.dat,113,8859087,3,1,0,test,diff_days_indoor,5,0,0,0,0,0,0.3785327970981598
data/raw/osu_lora/Diff_Days_Indoor_Setup/Day5/Device4/IQ_1.dat,114,8937486,3,1,0,test,diff_days_indoor,5,0,0,0,0,0,0.46246999502182007
data/raw/osu_lora/Diff_Days_Indoor_Setup/Day5/Device4/IQ_1.dat,115,9015885,3,3,1,test,diff_days_indoor,5,0,0,0,0,0,0.3504026234149933
data/raw/osu_lora/Diff_Days_Indoor_Setup/Day5/Device4/IQ_1.dat,116,9094284,3,1,0,test,diff_days_indoor,5,0,0,0,0,0,0.4995468258857727
data/raw/osu_lora/Diff_Days_Indoor_Setup/Day5/Device4/IQ_1.dat,117,9172683,3,1,0,test,diff_days_indoor,5,0,0,0,0,0,0.30045264959335327
data/raw/osu_lora/Diff_Days_Indoor_Setup/Day5/Device4/IQ_1.dat,118,9251082,3,0,0,test,diff_days_indoor,5,0,0,0,0,0,0.3140031397342682
data/raw/osu_lora/Diff_Days_Indoor_Setup/Day5/Device4/IQ_1.dat,119,9329481,3,1,0,test,diff_days_indoor,5,0,0,0,0,0,0.556784451007843
data/raw/osu_lora/Diff_Days_Indoor_Setup/Day5/Device4/IQ_1.dat,120,9407880,3,1,0,test,diff_days_indoor,5,0,0,0,0,0,0.3642377555370331
data/raw/osu_lora/Diff_Days_Indoor_Setup/Day5/Device4/IQ_1.dat,121,9486279,3,1,0,test,diff_days_indoor,5,0,0,0,0,0,0.5312479734420776
data/raw/osu_lora/Diff_Days_Indoor_Setup/Day5/Device4/IQ_1.dat,122,9564678,3,1,0,test,diff_days_indoor,5,0,0,0,0,0,0.5324093103408813
data/raw/osu_lora/Diff_Days_Indoor_Setup/Day5/Device4/IQ_1.dat,123,9643077,3,1,0,test,diff_days_indoor,5,0,0,0,0,0,0.5873159766197205
data/raw/osu_lora/Diff_Days_Indoor_Setup/Day5/Device4/IQ_1.dat,124,9721476,3,1,0,test,diff_days_indoor,5,0,0,0,0,0,0.45758652687072754
data/raw/osu_lora/Diff_Days_Indoor_Setup/Day5/Device4/IQ_1.dat,125,9799875,3,3,1,test,diff_days_indoor,5,0,0,0,0,0,0.32685741782188416
data/raw/osu_lora/Diff_Days_Indoor_Setup/Day5/Device4/IQ_1.dat,126,9878274,3,1,0,test,diff_days_indoor,5,0,0,0,0,0,0.44568049907684326
data/raw/osu_lora/Diff_Days_Indoor_Setup/Day5/Device4/IQ_1.dat,127,9956673,3,3,1,test,diff_days_indoor,5,0,0,0,0,0,0.3882618546485901
data/raw/osu_lora/Diff_Days_Indoor_Setup/Day5/Device4/IQ_1.dat,128,10035072,3,1,0,test,diff_days_indoor,5,0,0,0,0,0,0.520015299320221
data/raw/osu_lora/Diff_Days_Indoor_Setup/Day5/Device4/IQ_1.dat,129,10113471,3,1,0,test,diff_days_indoor,5,0,0,0,0,0,0.6050581336021423
data/raw/osu_lora/Diff_Days_Indoor_Setup/Day5/Device4/IQ_1.dat,130,10191870,3,3,1,test,diff_days_indoor,5,0,0,0,0,0,0.2774525582790375
data/raw/osu_lora/Diff_Days_Indoor_Setup/Day5/Device4/IQ_1.dat,131,10270269,3,1,0,test,diff_days_indoor,5,0,0,0,0,0,0.6001057028770447
data/raw/osu_lora/Diff_Days_Indoor_Setup/Day5/Device4/IQ_1.dat,132,10348668,3,1,0,test,diff_days_indoor,5,0,0,0,0,0,0.3033865988254547
data/raw/osu_lora/Diff_Days_Indoor_Setup/Day5/Device4/IQ_1.dat,133,10427067,3,1,0,test,diff_days_indoor,5,0,0,0,0,0,0.39441755414009094
data/raw/osu_lora/Diff_Days_Indoor_Setup/Day5/Device4/IQ_1.dat,134,10505466,3,1,0,test,diff_days_indoor,5,0,0,0,0,0,0.6537948846817017
data/raw/osu_lora/Diff_Days_Indoor_Setup/Day5/Device4/IQ_1.dat,135,10583865,3,1,0,test,diff_days_indoor,5,0,0,0,0,0,0.42201194167137146
data/raw/osu_lora/Diff_Days_Indoor_Setup/Day5/Device4/IQ_1.dat,136,10662264,3,1,0,test,diff_days_indoor,5,0,0,0,0,0,0.4327963590621948
data/raw/osu_lora/Diff_Days_Indoor_Setup/Day5/Device4/IQ_1.dat,137,10740663,3,1,0,test,diff_days_indoor,5,0,0,0,0,0,0.6162528991699219
data/raw/osu_lora/Diff_Days_Indoor_Setup/Day5/Device4/IQ_1.dat,138,10819062,3,1,0,test,diff_days_indoor,5,0,0,0,0,0,0.5599234700202942
data/raw/osu_lora/Diff_Days_Indoor_Setup/Day5/Device4/IQ_1.dat,139,10897461,3,3,1,test,diff_days_indoor,5,0,0,0,0,0,0.3049953281879425
data/raw/osu_lora/Diff_Days_Indoor_Setup/Day5/Device4/IQ_1.dat,140,10975860,3,3,1,test,diff_days_indoor,5,0,0,0,0,0,0.3906330168247223
data/raw/osu_lora/Diff_Days_Indoor_Setup/Day5/Device4/IQ_1.dat,141,11054259,3,1,0,test,diff_days_indoor,5,0,0,0,0,0,0.4815882742404938
data/raw/osu_lora/Diff_Days_Indoor_Setup/Day5/Device4/IQ_1.dat,142,11132658,3,1,0,test,diff_days_indoor,5,0,0,0,0,0,0.45132678747177124
data/raw/osu_lora/Diff_Days_Indoor_Setup/Day5/Device4/IQ_1.dat,143,11211057,3,3,1,test,diff_days_indoor,5,0,0,0,0,0,0.3546997010707855
data/raw/osu_lora/Diff_Days_Indoor_Setup/Day5/Device4/IQ_1.dat,144,11289456,3,1,0,test,diff_days_indoor,5,0,0,0,0,0,0.5074724555015564
data/raw/osu_lora/Diff_Days_Indoor_Setup/Day5/Device4/IQ_1.dat,145,11367855,3,3,1,test,diff_days_indoor,5,0,0,0,0,0,0.33848100900650024
data/raw/osu_lora/Diff_Days_Indoor_Setup/Day5/Device4/IQ_1.dat,146,11446254,3,1,0,test,diff_days_indoor,5,0,0,0,0,0,0.47435855865478516
data/raw/osu_lora/Diff_Days_Indoor_Setup/Day5/Device4/IQ_1.dat,147,11524653,3,3,1,test,diff_days_indoor,5,0,0,0,0,0,0.3298344910144806
data/raw/osu_lora/Diff_Days_Indoor_Setup/Day5/Device4/IQ_1.dat,148,11603052,3,3,1,test,diff_days_indoor,5,0,0,0,0,0,0.3074386715888977
data/raw/osu_lora/Diff_Days_Indoor_Setup/Day5/Device4/IQ_1.dat,149,11681451,3,1,0,test,diff_days_indoor,5,0,0,0,0,0,0.40886276960372925
data/raw/osu_lora/Diff_Days_Indoor_Setup/Day5/Device4/IQ_1.dat,150,11759850,3,1,0,test,diff_days_indoor,5,0,0,0,0,0,0.4264124631881714
data/raw/osu_lora/Diff_Days_Indoor_Setup/Day5/Device4/IQ_1.dat,151,11838249,3,1,0,test,diff_days_indoor,5,0,0,0,0,0,0.5757340788841248
data/raw/osu_lora/Diff_Days_Indoor_Setup/Day5/Device4/IQ_1.dat,152,11916648,3,1,0,test,diff_days_indoor,5,0,0,0,0,0,0.5746801495552063
data/raw/osu_lora/Diff_Days_Indoor_Setup/Day5/Device4/IQ_1.dat,153,11995047,3,1,0,test,diff_days_indoor,5,0,0,0,0,0,0.5982986092567444
data/raw/osu_lora/Diff_Days_Indoor_Setup/Day5/Device4/IQ_1.dat,154,12073446,3,1,0,test,diff_days_indoor,5,0,0,0,0,0,0.4147447645664215
data/raw/osu_lora/Diff_Days_Indoor_Setup/Day5/Device4/IQ_1.dat,155,12151845,3,1,0,test,diff_days_indoor,5,0,0,0,0,0,0.604152500629425
data/raw/osu_lora/Diff_Days_Indoor_Setup/Day5/Device4/IQ_1.dat,156,12230244,3,1,0,test,diff_days_indoor,5,0,0,0,0,0,0.4613857865333557
data/raw/osu_lora/Diff_Days_Indoor_Setup/Day5/Device4/IQ_1.dat,157,12308643,3,1,0,test,diff_days_indoor,5,0,0,0,0,0,0.6019129157066345
data/raw/osu_lora/Diff_Days_Indoor_Setup/Day5/Device4/IQ_1.dat,158,12387042,3,1,0,test,diff_days_indoor,5,0,0,0,0,0,0.6112424731254578
data/raw/osu_lora/Diff_Days_Indoor_Setup/Day5/Device4/IQ_1.dat,159,12465441,3,1,0,test,diff_days_indoor,5,0,0,0,0,0,0.41120052337646484
data/raw/osu_lora/Diff_Days_Indoor_Setup/Day5/Device4/IQ_1.dat,160,12543840,3,3,1,test,diff_days_indoor,5,0,0,0,0,0,0.3111724853515625
data/raw/osu_lora/Diff_Days_Indoor_Setup/Day5/Device4/IQ_1.dat,161,12622239,3,1,0,test,diff_days_indoor,5,0,0,0,0,0,0.6277534365653992
data/raw/osu_lora/Diff_Days_Indoor_Setup/Day5/Device4/IQ_1.dat,162,12700638,3,1,0,test,diff_days_indoor,5,0,0,0,0,0,0.656460702419281
data/raw/osu_lora/Diff_Days_Indoor_Setup/Day5/Device4/IQ_1.dat,163,12779037,3,1,0,test,diff_days_indoor,5,0,0,0,0,0,0.5715693831443787
data/raw/osu_lora/Diff_Days_Indoor_Setup/Day5/Device4/IQ_1.dat,164,12857436,3,1,0,test,diff_days_indoor,5,0,0,0,0,0,0.5453260540962219
data/raw/osu_lora/Diff_Days_Indoor_Setup/Day5/Device4/IQ_1.dat,165,12935835,3,1,0,test,diff_days_indoor,5,0,0,0,0,0,0.6415422558784485
data/raw/osu_lora/Diff_Days_Indoor_Setup/Day5/Device4/IQ_1.dat,166,13014234,3,1,0,test,diff_days_indoor,5,0,0,0,0,0,0.47531089186668396
data/raw/osu_lora/Diff_Days_Indoor_Setup/Day5/Device4/IQ_1.dat,167,13092633,3,3,1,test,diff_days_indoor,5,0,0,0,0,0,0.35027873516082764
data/raw/osu_lora/Diff_Days_Indoor_Setup/Day5/Device4/IQ_1.dat,168,13171032,3,1,0,test,diff_days_indoor,5,0,0,0,0,0,0.5440823435783386
data/raw/osu_lora/Diff_Days_Indoor_Setup/Day5/Device4/IQ_1.dat,169,13249431,3,1,0,test,diff_days_indoor,5,0,0,0,0,0,0.3991911709308624
data/raw/osu_lora/Diff_Days_Indoor_Setup/Day5/Device4/IQ_1.dat,170,13327830,3,3,1,test,diff_days_indoor,5,0,0,0,0,0,0.3446812331676483
data/raw/osu_lora/Diff_Days_Indoor_Setup/Day5/Device4/IQ_1.dat,171,13406229,3,1,0,test,diff_days_indoor,5,0,0,0,0,0,0.5510882139205933
data/raw/osu_lora/Diff_Days_Indoor_Setup/Day5/Device4/IQ_1.dat,172,13484628,3,1,0,test,diff_days_indoor,5,0,0,0,0,0,0.6178388595581055
data/raw/osu_lora/Diff_Days_Indoor_Setup/Day5/Device4/IQ_1.dat,173,13563027,3,3,1,test,diff_days_indoor,5,0,0,0,0,0,0.39794477820396423
data/raw/osu_lora/Diff_Days_Indoor_Setup/Day5/Device4/IQ_1.dat,174,13641426,3,3,1,test,diff_days_indoor,5,0,0,0,0,0,0.4274253845214844
data/raw/osu_lora/Diff_Days_Indoor_Setup/Day5/Device4/IQ_1.dat,175,13719825,3,0,0,test,diff_days_indoor,5,0,0,0,0,0,0.3473415672779083
data/raw/osu_lora/Diff_Days_Indoor_Setup/Day5/Device4/IQ_1.dat,176,13798224,3,1,0,test,diff_days_indoor,5,0,0,0,0,0,0.5480936765670776
data/raw/osu_lora/Diff_Days_Indoor_Setup/Day5/Device4/IQ_1.dat,177,13876623,3,1,0,test,diff_days_indoor,5,0,0,0,0,0,0.4255480468273163
data/raw/osu_lora/Diff_Days_Indoor_Setup/Day5/Device4/IQ_1.dat,178,13955022,3,1,0,test,diff_days_indoor,5,0,0,0,0,0,0.5313211679458618
data/raw/osu_lora/Diff_Days_Indoor_Setup/Day5/Device4/IQ_1.dat,179,14033421,3,0,0,test,diff_days_indoor,5,0,0,0,0,0,0.3777063488960266
data/raw/osu_lora/Diff_Days_Indoor_Setup/Day5/Device4/IQ_1.dat,180,14111820,3,19,0,test,diff_days_indoor,5,0,0,0,0,0,0.23300394415855408
data/raw/osu_lora/Diff_Days_Indoor_Setup/Day5/Device4/IQ_1.dat,181,14190219,3,1,0,test,diff_days_indoor,5,0,0,0,0,0,0.511375367641449
data/raw/osu_lora/Diff_Days_Indoor_Setup/Day5/Device4/IQ_1.dat,182,14268618,3,3,1,test,diff_days_indoor,5,0,0,0,0,0,0.38332515954971313
data/raw/osu_lora/Diff_Days_Indoor_Setup/Day5/Device4/IQ_1.dat,183,14347017,3,3,1,test,diff_days_indoor,5,0,0,0,0,0,0.30629047751426697
data/raw/osu_lora/Diff_Days_Indoor_Setup/Day5/Device4/IQ_1.dat,184,14425416,3,3,1,test,diff_days_indoor,5,0,0,0,0,0,0.29301321506500244
data/raw/osu_lora/Diff_Days_Indoor_Setup/Day5/Device4/IQ_1.dat,185,14503815,3,1,0,test,diff_days_indoor,5,0,0,0,0,0,0.4154024124145508
data/raw/osu_lora/Diff_Days_Indoor_Setup/Day5/Device4/IQ_1.dat,186,14582214,3,3,1,test,diff_days_indoor,5,0,0,0,0,0,0.31583064794540405
data/raw/osu_lora/Diff_Days_Indoor_Setup/Day5/Device4/IQ_1.dat,187,14660613,3,1,0,test,diff_days_indoor,5,0,0,0,0,0,0.5789863467216492
data/raw/osu_lora/Diff_Days_Indoor_Setup/Day5/Device4/IQ_1.dat,188,14739012,3,1,0,test,diff_days_indoor,5,0,0,0,0,0,0.588126540184021
data/raw/osu_lora/Diff_Days_Indoor_Setup/Day5/Device4/IQ_1.dat,189,14817411,3,1,0,test,diff_days_indoor,5,0,0,0,0,0,0.299110472202301
data/raw/osu_lora/Diff_Days_Indoor_Setup/Day5/Device4/IQ_1.dat,190,14895810,3,1,0,test,diff_days_indoor,5,0,0,0,0,0,0.5906468629837036
data/raw/osu_lora/Diff_Days_Indoor_Setup/Day5/Device4/IQ_1.dat,191,14974209,3,1,0,test,diff_days_indoor,5,0,0,0,0,0,0.569263756275177
data/raw/osu_lora/Diff_Days_Indoor_Setup/Day5/Device4/IQ_1.dat,192,15052608,3,1,0,test,diff_days_indoor,5,0,0,0,0,0,0.49666139483451843
data/raw/osu_lora/Diff_Days_Indoor_Setup/Day5/Device4/IQ_1.dat,193,15131007,3,1,0,test,diff_days_indoor,5,0,0,0,0,0,0.5871064066886902
data/raw/osu_lora/Diff_Days_Indoor_Setup/Day5/Device4/IQ_1.dat,194,15209406,3,0,0,test,diff_days_indoor,5,0,0,0,0,0,0.32915517687797546
data/raw/osu_lora/Diff_Days_Indoor_Setup/Day5/Device4/IQ_1.dat,195,15287805,3,1,0,test,diff_days_indoor,5,0,0,0,0,0,0.5639334917068481
data/raw/osu_lora/Diff_Days_Indoor_Setup/Day5/Device4/IQ_1.dat,196,15366204,3,1,0,test,diff_days_indoor,5,0,0,0,0,0,0.5608032941818237
data/raw/osu_lora/Diff_Days_Indoor_Setup/Day5/Device4/IQ_1.dat,197,15444603,3,1,0,test,diff_days_indoor,5,0,0,0,0,0,0.46759095788002014
data/raw/osu_lora/Diff_Days_Indoor_Setup/Day5/Device4/IQ_1.dat,198,15523002,3,1,0,test,diff_days_indoor,5,0,0,0,0,0,0.5348469614982605
data/raw/osu_lora/Diff_Days_Indoor_Setup/Day5/Device4/IQ_1.dat,199,15601401,3,1,0,test,diff_days_indoor,5,0,0,0,0,0,0.3400423526763916
data/raw/osu_lora/Diff_Days_Indoor_Setup/Day5/Device4/IQ_1.dat,200,15679800,3,1,0,test,diff_days_indoor,5,0,0,0,0,0,0.5760513544082642
data/raw/osu_lora/Diff_Days_Indoor_Setup/Day5/Device4/IQ_1.dat,201,15758199,3,1,0,test,diff_days_indoor,5,0,0,0,0,0,0.6178305149078369
data/raw/osu_lora/Diff_Days_Indoor_Setup/Day5/Device4/IQ_1.dat,202,15836598,3,1,0,test,diff_days_indoor,5,0,0,0,0,0,0.3516915738582611
data/raw/osu_lora/Diff_Days_Indoor_Setup/Day5/Device4/IQ_1.dat,203,15914997,3,3,1,test,diff_days_indoor,5,0,0,0,0,0,0.338116317987442
data/raw/osu_lora/Diff_Days_Indoor_Setup/Day5/Device4/IQ_1.dat,204,15993396,3,3,1,test,diff_days_indoor,5,0,0,0,0,0,0.3933391571044922
data/raw/osu_lora/Diff_Days_Indoor_Setup/Day5/Device4/IQ_1.dat,205,16071795,3,3,1,test,diff_days_indoor,5,0,0,0,0,0,0.3993406891822815
data/raw/osu_lora/Diff_Days_Indoor_Setup/Day5/Device4/IQ_1.dat,206,16150194,3,1,0,test,diff_days_indoor,5,0,0,0,0,0,0.4618237018585205
data/raw/osu_lora/Diff_Days_Indoor_Setup/Day5/Device4/IQ_1.dat,207,16228593,3,1,0,test,diff_days_indoor,5,0,0,0,0,0,0.486308753490448
data/raw/osu_lora/Diff_Days_Indoor_Setup/Day5/Device4/IQ_1.dat,208,16306992,3,1,0,test,diff_days_indoor,5,0,0,0,0,0,0.5681949853897095
data/raw/osu_lora/Diff_Days_Indoor_Setup/Day5/Device4/IQ_1.dat,209,16385391,3,1,0,test,diff_days_indoor,5,0,0,0,0,0,0.6577382683753967
data/raw/osu_lora/Diff_Days_Indoor_Setup/Day5/Device4/IQ_1.dat,210,16463790,3,1,0,test,diff_days_indoor,5,0,0,0,0,0,0.40335455536842346
data/raw/osu_lora/Diff_Days_Indoor_Setup/Day5/Device4/IQ_1.dat,211,16542189,3,0,0,test,diff_days_indoor,5,0,0,0,0,0,0.3463669717311859
data/raw/osu_lora/Diff_Days_Indoor_Setup/Day5/Device4/IQ_1.dat,212,16620588,3,1,0,test,diff_days_indoor,5,0,0,0,0,0,0.43400517106056213
data/raw/osu_lora/Diff_Days_Indoor_Setup/Day5/Device4/IQ_1.dat,213,16698987,3,1,0,test,diff_days_indoor,5,0,0,0,0,0,0.4424035847187042
data/raw/osu_lora/Diff_Days_Indoor_Setup/Day5/Device4/IQ_1.dat,214,16777386,3,3,1,test,diff_days_indoor,5,0,0,0,0,0,0.40390971302986145
data/raw/osu_lora/Diff_Days_Indoor_Setup/Day5/Device4/IQ_1.dat,215,16855785,3,1,0,test,diff_days_indoor,5,0,0,0,0,0,0.3638342022895813
data/raw/osu_lora/Diff_Days_Indoor_Setup/Day5/Device4/IQ_1.dat,216,16934184,3,1,0,test,diff_days_indoor,5,0,0,0,0,0,0.4783352315425873
data/raw/osu_lora/Diff_Days_Indoor_Setup/Day5/Device4/IQ_1.dat,217,17012583,3,1,0,test,diff_days_indoor,5,0,0,0,0,0,0.30658069252967834
data/raw/osu_lora/Diff_Days_Indoor_Setup/Day5/Device4/IQ_1.dat,218,17090982,3,1,0,test,diff_days_indoor,5,0,0,0,0,0,0.46140527725219727
data/raw/osu_lora/Diff_Days_Indoor_Setup/Day5/Device4/IQ_1.dat,219,17169381,3,1,0,test,diff_days_indoor,5,0,0,0,0,0,0.48832136392593384
data/raw/osu_lora/Diff_Days_Indoor_Setup/Day5/Device4/IQ_1.dat,220,17247780,3,3,1,test,diff_days_indoor,5,0,0,0,0,0,0.29730895161628723
data/raw/osu_lora/Diff_Days_Indoor_Setup/Day5/Device4/IQ_1.dat,221,17326179,3,3,1,test,diff_days_indoor,5,0,0,0,0,0,0.4020436704158783
data/raw/osu_lora/Diff_Days_Indoor_Setup/Day5/Device4/IQ_1.dat,222,17404578,3,1,0,test,diff_days_indoor,5,0,0,0,0,0,0.7096647024154663
data/raw/osu_lora/Diff_Days_Indoor_Setup/Day5/Device4/IQ_1.dat,223,17482977,3,1,0,test,diff_days_indoor,5,0,0,0,0,0,0.46225643157958984
data/raw/osu_lora/Diff_Days_Indoor_Setup/Day5/Device4/IQ_1.dat,224,17561376,3,1,0,test,diff_days_indoor,5,0,0,0,0,0,0.5917671322822571
data/raw/osu_lora/Diff_Days_Indoor_Setup/Day5/Device4/IQ_1.dat,225,17639775,3,1,0,test,diff_days_indoor,5,0,0,0,0,0,0.5539958477020264
data/raw/osu_lora/Diff_Days_Indoor_Setup/Day5/Device4/IQ_1.dat,226,17718174,3,1,0,test,diff_days_indoor,5,0,0,0,0,0,0.596200704574585
data/raw/osu_lora/Diff_Days_Indoor_Setup/Day5/Device4/IQ_1.dat,227,17796573,3,3,1,test,diff_days_indoor,5,0,0,0,0,0,0.389454185962677
data/raw/osu_lora/Diff_Days_Indoor_Setup/Day5/Device4/IQ_1.dat,228,17874972,3,1,0,test,diff_days_indoor,5,0,0,0,0,0,0.6597861647605896
data/raw/osu_lora/Diff_Days_Indoor_Setup/Day5/Device4/IQ_1.dat,229,17953371,3,1,0,test,diff_days_indoor,5,0,0,0,0,0,0.7085647583007812
data/raw/osu_lora/Diff_Days_Indoor_Setup/Day5/Device4/IQ_1.dat,230,18031770,3,1,0,test,diff_days_indoor,5,0,0,0,0,0,0.7049436569213867
data/raw/osu_lora/Diff_Days_Indoor_Setup/Day5/Device4/IQ_1.dat,231,18110169,3,1,0,test,diff_days_indoor,5,0,0,0,0,0,0.5642538666725159
data/raw/osu_lora/Diff_Days_Indoor_Setup/Day5/Device4/IQ_1.dat,232,18188568,3,1,0,test,diff_days_indoor,5,0,0,0,0,0,0.46634888648986816
data/raw/osu_lora/Diff_Days_Indoor_Setup/Day5/Device4/IQ_1.dat,233,18266967,3,1,0,test,diff_days_indoor,5,0,0,0,0,0,0.5785784125328064
data/raw/osu_lora/Diff_Days_Indoor_Setup/Day5/Device4/IQ_1.dat,234,18345366,3,1,0,test,diff_days_indoor,5,0,0,0,0,0,0.5169811248779297
data/raw/osu_lora/Diff_Days_Indoor_Setup/Day5/Device4/IQ_1.dat,235,18423765,3,3,1,test,diff_days_indoor,5,0,0,0,0,0,0.35304680466651917
data/raw/osu_lora/Diff_Days_Indoor_Setup/Day5/Device4/IQ_1.dat,236,18502164,3,0,0,test,diff_days_indoor,5,0,0,0,0,0,0.3079579472541809
data/raw/osu_lora/Diff_Days_Indoor_Setup/Day5/Device4/IQ_1.dat,237,18580563,3,1,0,test,diff_days_indoor,5,0,0,0,0,0,0.5224295258522034
data/raw/osu_lora/Diff_Days_Indoor_Setup/Day5/Device4/IQ_1.dat,238,18658962,3,1,0,test,diff_days_indoor,5,0,0,0,0,0,0.45413023233413696
data/raw/osu_lora/Diff_Days_Indoor_Setup/Day5/Device4/IQ_1.dat,239,18737361,3,1,0,test,diff_days_indoor,5,0,0,0,0,0,0.6119950413703918
data/raw/osu_lora/Diff_Days_Indoor_Setup/Day5/Device4/IQ_1.dat,240,18815760,3,1,0,test,diff_days_indoor,5,0,0,0,0,0,0.46970874071121216
data/raw/osu_lora/Diff_Days_Indoor_Setup/Day5/Device4/IQ_1.dat,241,18894159,3,1,0,test,diff_days_indoor,5,0,0,0,0,0,0.6145427823066711
data/raw/osu_lora/Diff_Days_Indoor_Setup/Day5/Device4/IQ_1.dat,242,18972558,3,1,0,test,diff_days_indoor,5,0,0,0,0,0,0.38658711314201355
data/raw/osu_lora/Diff_Days_Indoor_Setup/Day5/Device4/IQ_1.dat,243,19050957,3,1,0,test,diff_days_indoor,5,0,0,0,0,0,0.45944735407829285
data/raw/osu_lora/Diff_Days_Indoor_Setup/Day5/Device4/IQ_1.dat,244,19129356,3,1,0,test,diff_days_indoor,5,0,0,0,0,0,0.5457932353019714
data/raw/osu_lora/Diff_Days_Indoor_Setup/Day5/Device4/IQ_1.dat,245,19207755,3,1,0,test,diff_days_indoor,5,0,0,0,0,0,0.5419064164161682
data/raw/osu_lora/Diff_Days_Indoor_Setup/Day5/Device4/IQ_1.dat,246,19286154,3,3,1,test,diff_days_indoor,5,0,0,0,0,0,0.38741424679756165
data/raw/osu_lora/Diff_Days_Indoor_Setup/Day5/Device4/IQ_1.dat,247,19364553,3,1,0,test,diff_days_indoor,5,0,0,0,0,0,0.4857933223247528
data/raw/osu_lora/Diff_Days_Indoor_Setup/Day5/Device4/IQ_1.dat,248,19442952,3,3,1,test,diff_days_indoor,5,0,0,0,0,0,0.3599129617214203
data/raw/osu_lora/Diff_Days_Indoor_Setup/Day5/Device4/IQ_1.dat,249,19521351,3,1,0,test,diff_days_indoor,5,0,0,0,0,0,0.4357316493988037
data/raw/osu_lora/Diff_Days_Indoor_Setup/Day5/Device4/IQ_1.dat,250,19599750,3,1,0,test,diff_days_indoor,5,0,0,0,0,0,0.638777494430542
data/raw/osu_lora/Diff_Days_Indoor_Setup/Day5/Device4/IQ_1.dat,251,19678149,3,1,0,test,diff_days_indoor,5,0,0,0,0,0,0.563086986541748
data/raw/osu_lora/Diff_Days_Indoor_Setup/Day5/Device4/IQ_1.dat,252,19756548,3,1,0,test,diff_days_indoor,5,0,0,0,0,0,0.5588062405586243
data/raw/osu_lora/Diff_Days_Indoor_Setup/Day5/Device4/IQ_1.dat,253,19834947,3,1,0,test,diff_days_indoor,5,0,0,0,0,0,0.5895369648933411
data/raw/osu_lora/Diff_Days_Indoor_Setup/Day5/Device4/IQ_1.dat,254,19913346,3,1,0,test,diff_days_indoor,5,0,0,0,0,0,0.6253757476806641
data/raw/osu_lora/Diff_Days_Indoor_Setup/Day5/Device4/IQ_1.dat,255,19991745,3,1,0,test,diff_days_indoor,5,0,0,0,0,0,0.5156494379043579
data/raw/osu_lora/Diff_Days_Indoor_Setup/Day5/Device5/IQ_1.dat,0,0,4,4,1,test,diff_days_indoor,5,0,0,0,0,0,0.735767126083374
data/raw/osu_lora/Diff_Days_Indoor_Setup/Day5/Device5/IQ_1.dat,1,78399,4,4,1,test,diff_days_indoor,5,0,0,0,0,0,0.9493281245231628
data/raw/osu_lora/Diff_Days_Indoor_Setup/Day5/Device5/IQ_1.dat,2,156798,4,4,1,test,diff_days_indoor,5,0,0,0,0,0,0.9855764508247375
data/raw/osu_lora/Diff_Days_Indoor_Setup/Day5/Device5/IQ_1.dat,3,235197,4,4,1,test,diff_days_indoor,5,0,0,0,0,0,0.9532134532928467
data/raw/osu_lora/Diff_Days_Indoor_Setup/Day5/Device5/IQ_1.dat,4,313596,4,4,1,test,diff_days_indoor,5,0,0,0,0,0,0.950337827205658
data/raw/osu_lora/Diff_Days_Indoor_Setup/Day5/Device5/IQ_1.dat,5,391995,4,4,1,test,diff_days_indoor,5,0,0,0,0,0,0.9674724340438843
data/raw/osu_lora/Diff_Days_Indoor_Setup/Day5/Device5/IQ_1.dat,6,470394,4,4,1,test,diff_days_indoor,5,0,0,0,0,0,0.9213277697563171
data/raw/osu_lora/Diff_Days_Indoor_Setup/Day5/Device5/IQ_1.dat,7,548793,4,4,1,test,diff_days_indoor,5,0,0,0,0,0,0.9504777789115906
data/raw/osu_lora/Diff_Days_Indoor_Setup/Day5/Device5/IQ_1.dat,8,627192,4,4,1,test,diff_days_indoor,5,0,0,0,0,0,0.9684141874313354
data/raw/osu_lora/Diff_Days_Indoor_Setup/Day5/Device5/IQ_1.dat,9,705591,4,4,1,test,diff_days_indoor,5,0,0,0,0,0,0.969038188457489
data/raw/osu_lora/Diff_Days_Indoor_Setup/Day5/Device5/IQ_1.dat,10,783990,4,4,1,test,diff_days_indoor,5,0,0,0,0,0,0.7861095666885376
data/raw/osu_lora/Diff_Days_Indoor_Setup/Day5/Device5/IQ_1.dat,11,862389,4,4,1,test,diff_days_indoor,5,0,0,0,0,0,0.9881373047828674
data/raw/osu_lora/Diff_Days_Indoor_Setup/Day5/Device5/IQ_1.dat,12,940788,4,4,1,test,diff_days_indoor,5,0,0,0,0,0,0.9923180341720581
data/raw/osu_lora/Diff_Days_Indoor_Setup/Day5/Device5/IQ_1.dat,13,1019187,4,4,1,test,diff_days_indoor,5,0,0,0,0,0,0.9891568422317505
data/raw/osu_lora/Diff_Days_Indoor_Setup/Day5/Device5/IQ_1.dat,14,1097586,4,4,1,test,diff_days_indoor,5,0,0,0,0,0,0.9714207649230957
data/raw/osu_lora/Diff_Days_Indoor_Setup/Day5/Device5/IQ_1.dat,15,1175985,4,4,1,test,diff_days_indoor,5,0,0,0,0,0,0.9307109117507935
data/raw/osu_lora/Diff_Days_Indoor_Setup/Day5/Device5/IQ_1.dat,16,1254384,4,4,1,test,diff_days_indoor,5,0,0,0,0,0,0.9745733737945557
data/raw/osu_lora/Diff_Days_Indoor_Setup/Day5/Device5/IQ_1.dat,17,1332783,4,4,1,test,diff_days_indoor,5,0,0,0,0,0,0.9584510326385498
data/raw/osu_lora/Diff_Days_Indoor_Setup/Day5/Device5/IQ_1.dat,18,1411182,4,4,1,test,diff_days_indoor,5,0,0,0,0,0,0.9749157428741455
data/raw/osu_lora/Diff_Days_Indoor_Setup/Day5/Device5/IQ_1.dat,19,1489581,4,4,1,test,diff_days_indoor,5,0,0,0,0,0,0.9359569549560547
data/raw/osu_lora/Diff_Days_Indoor_Setup/Day5/Device5/IQ_1.dat,20,1567980,4,4,1,test,diff_days_indoor,5,0,0,0,0,0,0.9557581543922424
data/raw/osu_lora/Diff_Days_Indoor_Setup/Day5/Device5/IQ_1.dat,21,1646379,4,4,1,test,diff_days_indoor,5,0,0,0,0,0,0.9703338742256165
data/raw/osu_lora/Diff_Days_Indoor_Setup/Day5/Device5/IQ_1.dat,22,1724778,4,11,0,test,diff_days_indoor,5,0,0,0,0,0,0.28274843096733093
data/raw/osu_lora/Diff_Days_Indoor_Setup/Day5/Device5/IQ_1.dat,23,1803177,4,4,1,test,diff_days_indoor,5,0,0,0,0,0,0.9102874994277954
data/raw/osu_lora/Diff_Days_Indoor_Setup/Day5/Device5/IQ_1.dat,24,1881576,4,4,1,test,diff_days_indoor,5,0,0,0,0,0,0.9491233825683594
data/raw/osu_lora/Diff_Days_Indoor_Setup/Day5/Device5/IQ_1.dat,25,1959975,4,4,1,test,diff_days_indoor,5,0,0,0,0,0,0.9140986204147339
data/raw/osu_lora/Diff_Days_Indoor_Setup/Day5/Device5/IQ_1.dat,26,2038374,4,4,1,test,diff_days_indoor,5,0,0,0,0,0,0.9319868087768555
data/raw/osu_lora/Diff_Days_Indoor_Setup/Day5/Device5/IQ_1.dat,27,2116773,4,4,1,test,diff_days_indoor,5,0,0,0,0,0,0.7910502552986145
data/raw/osu_lora/Diff_Days_Indoor_Setup/Day5/Device5/IQ_1.dat,28,2195172,4,4,1,test,diff_days_indoor,5,0,0,0,0,0,0.8793705701828003
data/raw/osu_lora/Diff_Days_Indoor_Setup/Day5/Device5/IQ_1.dat,29,2273571,4,4,1,test,diff_days_indoor,5,0,0,0,0,0,0.9393311738967896
data/raw/osu_lora/Diff_Days_Indoor_Setup/Day5/Device5/IQ_1.dat,30,2351970,4,4,1,test,diff_days_indoor,5,0,0,0,0,0,0.8562886714935303
data/raw/osu_lora/Diff_Days_Indoor_Setup/Day5/Device5/IQ_1.dat,31,2430369,4,4,1,test,diff_days_indoor,5,0,0,0,0,0,0.9716256856918335
data/raw/osu_lora/Diff_Days_Indoor_Setup/Day5/Device5/IQ_1.dat,32,2508768,4,4,1,test,diff_days_indoor,5,0,0,0,0,0,0.969716489315033
data/raw/osu_lora/Diff_Days_Indoor_Setup/Day5/Device5/IQ_1.dat,33,2587167,4,4,1,test,diff_days_indoor,5,0,0,0,0,0,0.9471690058708191
data/raw/osu_lora/Diff_Days_Indoor_Setup/Day5/Device5/IQ_1.dat,34,2665566,4,4,1,test,diff_days_indoor,5,0,0,0,0,0,0.8970435857772827
data/raw/osu_lora/Diff_Days_Indoor_Setup/Day5/Device5/IQ_1.dat,35,2743965,4,4,1,test,diff_days_indoor,5,0,0,0,0,0,0.8675038814544678
data/raw/osu_lora/Diff_Days_Indoor_Setup/Day5/Device5/IQ_1.dat,36,2822364,4,4,1,test,diff_days_indoor,5,0,0,0,0,0,0.9854355454444885
data/raw/osu_lora/Diff_Days_Indoor_Setup/Day5/Device5/IQ_1.dat,37,2900763,4,4,1,test,diff_days_indoor,5,0,0,0,0,0,0.9304530024528503
data/raw/osu_lora/Diff_Days_Indoor_Setup/Day5/Device5/IQ_1.dat,38,2979162,4,4,1,test,diff_days_indoor,5,0,0,0,0,0,0.9599384069442749
data/raw/osu_lora/Diff_Days_Indoor_Setup/Day5/Device5/IQ_1.dat,39,3057561,4,4,1,test,diff_days_indoor,5,0,0,0,0,0,0.9337762594223022
data/raw/osu_lora/Diff_Days_Indoor_Setup/Day5/Device5/IQ_1.dat,40,3135960,4,4,1,test,diff_days_indoor,5,0,0,0,0,0,0.9107906818389893
data/raw/osu_lora/Diff_Days_Indoor_Setup/Day5/Device5/IQ_1.dat,41,3214359,4,4,1,test,diff_days_indoor,5,0,0,0,0,0,0.9543816447257996
data/raw/osu_lora/Diff_Days_Indoor_Setup/Day5/Device5/IQ_1.dat,42,3292758,4,4,1,test,diff_days_indoor,5,0,0,0,0,0,0.9549924731254578
data/raw/osu_lora/Diff_Days_Indoor_Setup/Day5/Device5/IQ_1.dat,43,3371157,4,4,1,test,diff_days_indoor,5,0,0,0,0,0,0.8617492318153381
data/raw/osu_lora/Diff_Days_Indoor_Setup/Day5/Device5/IQ_1.dat,44,3449556,4,4,1,test,diff_days_indoor,5,0,0,0,0,0,0.9550111889839172
data/raw/osu_lora/Diff_Days_Indoor_Setup/Day5/Device5/IQ_1.dat,45,3527955,4,4,1,test,diff_days_indoor,5,0,0,0,0,0,0.9480364918708801
data/raw/osu_lora/Diff_Days_Indoor_Setup/Day5/Device5/IQ_1.dat,46,3606354,4,4,1,test,diff_days_indoor,5,0,0,0,0,0,0.9863161444664001
data/raw/osu_lora/Diff_Days_Indoor_Setup/Day5/Device5/IQ_1.dat,47,3684753,4,4,1,test,diff_days_indoor,5,0,0,0,0,0,0.9519925713539124
data/raw/osu_lora/Diff_Days_Indoor_Setup/Day5/Device5/IQ_1.dat,48,3763152,4,4,1,test,diff_days_indoor,5,0,0,0,0,0,0.9594234824180603
data/raw/osu_lora/Diff_Days_Indoor_Setup/Day5/Device5/IQ_1.dat,49,3841551,4,4,1,test,diff_days_indoor,5,0,0,0,0,0,0.9207878112792969
data/raw/osu_lora/Diff_Days_Indoor_Setup/Day5/Device5/IQ_1.dat,50,3919950,4,4,1,test,diff_days_indoor,5,0,0,0,0,0,0.971083402633667
data/raw/osu_lora/Diff_Days_Indoor_Setup/Day5/Device5/IQ_1.dat,51,3998349,4,4,1,test,diff_days_indoor,5,0,0,0,0,0,0.9920265078544617
data/raw/osu_lora/Diff_Days_Indoor_Setup/Day5/Device5/IQ_1.dat,52,4076748,4,4,1,test,diff_days_indoor,5,0,0,0,0,0,0.920764684677124
data/raw/osu_lora/Diff_Days_Indoor_Setup/Day5/Device5/IQ_1.dat,53,4155147,4,4,1,test,diff_days_indoor,5,0,0,0,0,0,0.5699989795684814
data/raw/osu_lora/Diff_Days_Indoor_Setup/Day5/Device5/IQ_1.dat,54,4233546,4,4,1,test,diff_days_indoor,5,0,0,0,0,0,0.9786505699157715
data/raw/osu_lora/Diff_Days_Indoor_Setup/Day5/Device5/IQ_1.dat,55,4311945,4,4,1,test,diff_days_indoor,5,0,0,0,0,0,0.9897099137306213
data/raw/osu_lora/Diff_Days_Indoor_Setup/Day5/Device5/IQ_1.dat,56,4390344,4,4,1,test,diff_days_indoor,5,0,0,0,0,0,0.9529166221618652
data/raw/osu_lora/Diff_Days_Indoor_Setup/Day5/Device5/IQ_1.dat,57,4468743,4,4,1,test,diff_days_indoor,5,0,0,0,0,0,0.89964359998703
data/raw/osu_lora/Diff_Days_Indoor_Setup/Day5/Device5/IQ_1.dat,58,4547142,4,4,1,test,diff_days_indoor,5,0,0,0,0,0,0.9196553826332092
data/raw/osu_lora/Diff_Days_Indoor_Setup/Day5/Device5/IQ_1.dat,59,4625541,4,4,1,test,diff_days_indoor,5,0,0,0,0,0,0.9304570555686951
data/raw/osu_lora/Diff_Days_Indoor_Setup/Day5/Device5/IQ_1.dat,60,4703940,4,4,1,test,diff_days_indoor,5,0,0,0,0,0,0.9752252697944641
data/raw/osu_lora/Diff_Days_Indoor_Setup/Day5/Device5/IQ_1.dat,61,4782339,4,4,1,test,diff_days_indoor,5,0,0,0,0,0,0.9628670811653137
data/raw/osu_lora/Diff_Days_Indoor_Setup/Day5/Device5/IQ_1.dat,62,4860738,4,4,1,test,diff_days_indoor,5,0,0,0,0,0,0.9436095952987671
data/raw/osu_lora/Diff_Days_Indoor_Setup/Day5/Device5/IQ_1.dat,63,4939137,4,4,1,test,diff_days_indoor,5,0,0,0,0,0,0.7988596558570862
data/raw/osu_lora/Diff_Days_Indoor_Setup/Day5/Device5/IQ_1.dat,64,5017536,4,4,1,test,diff_days_indoor,5,0,0,0,0,0,0.979209303855896
data/raw/osu_lora/Diff_Days_Indoor_Setup/Day5/Device5/IQ_1.dat,65,5095935,4,4,1,test,diff_days_indoor,5,0,0,0,0,0,0.9569748640060425
data/raw/osu_lora/Diff_Days_Indoor_Setup/Day5/Device5/IQ_1.dat,66,5174334,4,4,1,test,diff_days_indoor,5,0,0,0,0,0,0.9423934817314148
data/raw/osu_lora/Diff_Days_Indoor_Setup/Day5/Device5/IQ_1.dat,67,5252733,4,4,1,test,diff_days_indoor,5,0,0,0,0,0,0.9702308177947998
data/raw/osu_lora/Diff_Days_Indoor_Setup/Day5/Device5/IQ_1.dat,68,5331132,4,4,1,test,diff_days_indoor,5,0,0,0,0,0,0.9199739694595337
data/raw/osu_lora/Diff_Days_Indoor_Setup/Day5/Device5/IQ_1.dat,69,5409531,4,4,1,test,diff_days_indoor,5,0,0,0,0,0,0.9388837218284607
data/raw/osu_lora/Diff_Days_Indoor_Setup/Day5/Device5/IQ_1.dat,70,5487930,4,4,1,test,diff_days_indoor,5,0,0,0,0,0,0.9368587732315063
data/raw/osu_lora/Diff_Days_Indoor_Setup/Day5/Device5/IQ_1.dat,71,5566329,4,4,1,test,diff_days_indoor,5,0,0,0,0,0,0.9401166439056396
data/raw/osu_lora/Diff_Days_Indoor_Setup/Day5/Device5/IQ_1.dat,72,5644728,4,4,1,test,diff_days_indoor,5,0,0,0,0,0,0.9635098576545715
data/raw/osu_lora/Diff_Days_Indoor_Setup/Day5/Device5/IQ_1.dat,73,5723127,4,4,1,test,diff_days_indoor,5,0,0,0,0,0,0.9911449551582336
data/raw/osu_lora/Diff_Days_Indoor_Setup/Day5/Device5/IQ_1.dat,74,5801526,4,4,1,test,diff_days_indoor,5,0,0,0,0,0,0.9609167575836182
data/raw/osu_lora/Diff_Days_Indoor_Setup/Day5/Device5/IQ_1.dat,75,5879925,4,4,1,test,diff_days_indoor,5,0,0,0,0,0,0.9516814947128296
data/raw/osu_lora/Diff_Days_Indoor_Setup/Day5/Device5/IQ_1.dat,76,5958324,4,4,1,test,diff_days_indoor,5,0,0,0,0,0,0.9762930870056152
data/raw/osu_lora/Diff_Days_Indoor_Setup/Day5/Device5/IQ_1.dat,77,6036723,4,4,1,test,diff_days_indoor,5,0,0,0,0,0,0.9721020460128784
data/raw/osu_lora/Diff_Days_Indoor_Setup/Day5/Device5/IQ_1.dat,78,6115122,4,4,1,test,diff_days_indoor,5,0,0,0,0,0,0.9581287503242493
data/raw/osu_lora/Diff_Days_Indoor_Setup/Day5/Device5/IQ_1.dat,79,6193521,4,4,1,test,diff_days_indoor,5,0,0,0,0,0,0.9312718510627747
data/raw/osu_lora/Diff_Days_Indoor_Setup/Day5/Device5/IQ_1.dat,80,6271920,4,4,1,test,diff_days_indoor,5,0,0,0,0,0,0.9910714626312256
data/raw/osu_lora/Diff_Days_Indoor_Setup/Day5/Device5/IQ_1.dat,81,6350319,4,4,1,test,diff_days_indoor,5,0,0,0,0,0,0.9617109894752502
data/raw/osu_lora/Diff_Days_Indoor_Setup/Day5/Device5/IQ_1.dat,82,6428718,4,4,1,test,diff_days_indoor,5,0,0,0,0,0,0.9529265761375427
data/raw/osu_lora/Diff_Days_Indoor_Setup/Day5/Device5/IQ_1.dat,83,6507117,4,4,1,test,diff_days_indoor,5,0,0,0,0,0,0.9590094089508057
data/raw/osu_lora/Diff_Days_Indoor_Setup/Day5/Device5/IQ_1.dat,84,6585516,4,4,1,test,diff_days_indoor,5,0,0,0,0,0,0.8308121562004089
data/raw/osu_lora/Diff_Days_Indoor_Setup/Day5/Device5/IQ_1.dat,85,6663915,4,4,1,test,diff_days_indoor,5,0,0,0,0,0,0.985647439956665
data/raw/osu_lora/Diff_Days_Indoor_Setup/Day5/Device5/IQ_1.dat,86,6742314,4,4,1,test,diff_days_indoor,5,0,0,0,0,0,0.9271556735038757
data/raw/osu_lora/Diff_Days_Indoor_Setup/Day5/Device5/IQ_1.dat,87,6820713,4,4,1,test,diff_days_indoor,5,0,0,0,0,0,0.9828181266784668
data/raw/osu_lora/Diff_Days_Indoor_Setup/Day5/Device5/IQ_1.dat,88,6899112,4,4,1,test,diff_days_indoor,5,0,0,0,0,0,0.9508811831474304
data/raw/osu_lora/Diff_Days_Indoor_Setup/Day5/Device5/IQ_1.dat,89,6977511,4,4,1,test,diff_days_indoor,5,0,0,0,0,0,0.9862666130065918
data/raw/osu_lora/Diff_Days_Indoor_Setup/Day5/Device5/IQ_1.dat,90,7055910,4,4,1,test,diff_days_indoor,5,0,0,0,0,0,0.9030296206474304
data/raw/osu_lora/Diff_Days_Indoor_Setup/Day5/Device5/IQ_1.dat,91,7134309,4,4,1,test,diff_days_indoor,5,0,0,0,0,0,0.9811853766441345
data/raw/osu_lora/Diff_Days_Indoor_Setup/Day5/Device5/IQ_1.dat,92,7212708,4,4,1,test,diff_days_indoor,5,0,0,0,0,0,0.9220204949378967
data/raw/osu_lora/Diff_Days_Indoor_Setup/Day5/Device5/IQ_1.dat,93,7291107,4,4,1,test,diff_days_indoor,5,0,0,0,0,0,0.9887307286262512
data/raw/osu_lora/Diff_Days_Indoor_Setup/Day5/Device5/IQ_1.dat,94,7369506,4,4,1,test,diff_days_indoor,5,0,0,0,0,0,0.8188197612762451
data/raw/osu_lora/Diff_Days_Indoor_Setup/Day5/Device5/IQ_1.dat,95,7447905,4,4,1,test,diff_days_indoor,5,0,0,0,0,0,0.9308497905731201
data/raw/osu_lora/Diff_Days_Indoor_Setup/Day5/Device5/IQ_1.dat,96,7526304,4,4,1,test,diff_days_indoor,5,0,0,0,0,0,0.9812053442001343
data/raw/osu_lora/Diff_Days_Indoor_Setup/Day5/Device5/IQ_1.dat,97,7604703,4,4,1,test,diff_days_indoor,5,0,0,0,0,0,0.8574092388153076
data/raw/osu_lora/Diff_Days_Indoor_Setup/Day5/Device5/IQ_1.dat,98,7683102,4,4,1,test,diff_days_indoor,5,0,0,0,0,0,0.9705662727355957
data/raw/osu_lora/Diff_Days_Indoor_Setup/Day5/Device5/IQ_1.dat,99,7761501,4,4,1,test,diff_days_indoor,5,0,0,0,0,0,0.9913051724433899
data/raw/osu_lora/Diff_Days_Indoor_Setup/Day5/Device5/IQ_1.dat,100,7839900,4,4,1,test,diff_days_indoor,5,0,0,0,0,0,0.8429519534111023
data/raw/osu_lora/Diff_Days_Indoor_Setup/Day5/Device5/IQ_1.dat,101,7918299,4,4,1,test,diff_days_indoor,5,0,0,0,0,0,0.9670286774635315
data/raw/osu_lora/Diff_Days_Indoor_Setup/Day5/Device5/IQ_1.dat,102,7996698,4,4,1,test,diff_days_indoor,5,0,0,0,0,0,0.8465673327445984
data/raw/osu_lora/Diff_Days_Indoor_Setup/Day5/Device5/IQ_1.dat,103,8075097,4,4,1,test,diff_days_indoor,5,0,0,0,0,0,0.9811829328536987
data/raw/osu_lora/Diff_Days_Indoor_Setup/Day5/Device5/IQ_1.dat,104,8153496,4,4,1,test,diff_days_indoor,5,0,0,0,0,0,0.7710338830947876
data/raw/osu_lora/Diff_Days_Indoor_Setup/Day5/Device5/IQ_1.dat,105,8231895,4,4,1,test,diff_days_indoor,5,0,0,0,0,0,0.893903911113739
data/raw/osu_lora/Diff_Days_Indoor_Setup/Day5/Device5/IQ_1.dat,106,8310294,4,4,1,test,diff_days_indoor,5,0,0,0,0,0,0.9030786156654358
data/raw/osu_lora/Diff_Days_Indoor_Setup/Day5/Device5/IQ_1.dat,107,8388693,4,4,1,test,diff_days_indoor,5,0,0,0,0,0,0.8953996300697327
data/raw/osu_lora/Diff_Days_Indoor_Setup/Day5/Device5/IQ_1.dat,108,8467092,4,4,1,test,diff_days_indoor,5,0,0,0,0,0,0.7927921414375305
data/raw/osu_lora/Diff_Days_Indoor_Setup/Day5/Device5/IQ_1.dat,109,8545491,4,4,1,test,diff_days_indoor,5,0,0,0,0,0,0.984602689743042
data/raw/osu_lora/Diff_Days_Indoor_Setup/Day5/Device5/IQ_1.dat,110,8623890,4,4,1,test,diff_days_indoor,5,0,0,0,0,0,0.9845693707466125
data/raw/osu_lora/Diff_Days_Indoor_Setup/Day5/Device5/IQ_1.dat,111,8702289,4,4,1,test,diff_days_indoor,5,0,0,0,0,0,0.9739944338798523
data/raw/osu_lora/Diff_Days_Indoor_Setup/Day5/Device5/IQ_1.dat,112,8780688,4,4,1,test,diff_days_indoor,5,0,0,0,0,0,0.8189006447792053
data/raw/osu_lora/Diff_Days_Indoor_Setup/Day5/Device5/IQ_1.dat,113,8859087,4,4,1,test,diff_days_indoor,5,0,0,0,0,0,0.6599207520484924
data/raw/osu_lora/Diff_Days_Indoor_Setup/Day5/Device5/IQ_1.dat,114,8937486,4,4,1,test,diff_days_indoor,5,0,0,0,0,0,0.9630832076072693
data/raw/osu_lora/Diff_Days_Indoor_Setup/Day5/Device5/IQ_1.dat,115,9015885,4,4,1,test,diff_days_indoor,5,0,0,0,0,0,0.6254934668540955
data/raw/osu_lora/Diff_Days_Indoor_Setup/Day5/Device5/IQ_1.dat,116,9094284,4,4,1,test,diff_days_indoor,5,0,0,0,0,0,0.9539527297019958
data/raw/osu_lora/Diff_Days_Indoor_Setup/Day5/Device5/IQ_1.dat,117,9172683,4,4,1,test,diff_days_indoor,5,0,0,0,0,0,0.957684338092804
data/raw/osu_lora/Diff_Days_Indoor_Setup/Day5/Device5/IQ_1.dat,118,9251082,4,4,1,test,diff_days_indoor,5,0,0,0,0,0,0.9874846339225769
data/raw/osu_lora/Diff_Days_Indoor_Setup/Day5/Device5/IQ_1.dat,119,9329481,4,4,1,test,diff_days_indoor,5,0,0,0,0,0,0.9632408022880554
data/raw/osu_lora/Diff_Days_Indoor_Setup/Day5/Device5/IQ_1.dat,120,9407880,4,4,1,test,diff_days_indoor,5,0,0,0,0,0,0.9623778462409973
data/raw/osu_lora/Diff_Days_Indoor_Setup/Day5/Device5/IQ_1.dat,121,9486279,4,4,1,test,diff_days_indoor,5,0,0,0,0,0,0.8516679406166077
data/raw/osu_lora/Diff_Days_Indoor_Setup/Day5/Device5/IQ_1.dat,122,9564678,4,4,1,test,diff_days_indoor,5,0,0,0,0,0,0.7916883826255798
data/raw/osu_lora/Diff_Days_Indoor_Setup/Day5/Device5/IQ_1.dat,123,9643077,4,4,1,test,diff_days_indoor,5,0,0,0,0,0,0.9277566075325012
data/raw/osu_lora/Diff_Days_Indoor_Setup/Day5/Device5/IQ_1.dat,124,9721476,4,4,1,test,diff_days_indoor,5,0,0,0,0,0,0.9878363013267517
data/raw/osu_lora/Diff_Days_Indoor_Setup/Day5/Device5/IQ_1.dat,125,9799875,4,4,1,test,diff_days_indoor,5,0,0,0,0,0,0.8664535284042358
data/raw/osu_lora/Diff_Days_Indoor_Setup/Day5/Device5/IQ_1.dat,126,9878274,4,4,1,test,diff_days_indoor,5,0,0,0,0,0,0.9447152018547058
data/raw/osu_lora/Diff_Days_Indoor_Setup/Day5/Device5/IQ_1.dat,127,9956673,4,4,1,test,diff_days_indoor,5,0,0,0,0,0,0.9249935150146484
data/raw/osu_lora/Diff_Days_Indoor_Setup/Day5/Device5/IQ_1.dat,128,10035072,4,4,1,test,diff_days_indoor,5,0,0,0,0,0,0.9695587754249573
data/raw/osu_lora/Diff_Days_Indoor_Setup/Day5/Device5/IQ_1.dat,129,10113471,4,4,1,test,diff_days_indoor,5,0,0,0,0,0,0.9813053011894226
data/raw/osu_lora/Diff_Days_Indoor_Setup/Day5/Device5/IQ_1.dat,130,10191870,4,4,1,test,diff_days_indoor,5,0,0,0,0,0,0.9788479208946228
data/raw/osu_lora/Diff_Days_Indoor_Setup/Day5/Device5/IQ_1.dat,131,10270269,4,4,1,test,diff_days_indoor,5,0,0,0,0,0,0.9723104238510132
data/raw/osu_lora/Diff_Days_Indoor_Setup/Day5/Device5/IQ_1.dat,132,10348668,4,4,1,test,diff_days_indoor,5,0,0,0,0,0,0.7402267456054688
data/raw/osu_lora/Diff_Days_Indoor_Setup/Day5/Device5/IQ_1.dat,133,10427067,4,4,1,test,diff_days_indoor,5,0,0,0,0,0,0.9155082702636719
data/raw/osu_lora/Diff_Days_Indoor_Setup/Day5/Device5/IQ_1.dat,134,10505466,4,4,1,test,diff_days_indoor,5,0,0,0,0,0,0.7404696941375732
data/raw/osu_lora/Diff_Days_Indoor_Setup/Day5/Device5/IQ_1.dat,135,10583865,4,4,1,test,diff_days_indoor,5,0,0,0,0,0,0.7299571633338928
data/raw/osu_lora/Diff_Days_Indoor_Setup/Day5/Device5/IQ_1.dat,136,10662264,4,4,1,test,diff_days_indoor,5,0,0,0,0,0,0.9558388590812683
data/raw/osu_lora/Diff_Days_Indoor_Setup/Day5/Device5/IQ_1.dat,137,10740663,4,4,1,test,diff_days_indoor,5,0,0,0,0,0,0.9736160635948181
data/raw/osu_lora/Diff_Days_Indoor_Setup/Day5/Device5/IQ_1.dat,138,10819062,4,4,1,test,diff_days_indoor,5,0,0,0,0,0,0.9765902161598206
data/raw/osu_lora/Diff_Days_Indoor_Setup/Day5/Device5/IQ_1.dat,139,10897461,4,4,1,test,diff_days_indoor,5,0,0,0,0,0,0.9047551155090332
data/raw/osu_lora/Diff_Days_Indoor_Setup/Day5/Device5/IQ_1.dat,140,10975860,4,4,1,test,diff_days_indoor,5,0,0,0,0,0,0.8867192268371582
data/raw/osu_lora/Diff_Days_Indoor_Setup/Day5/Device5/IQ_1.dat,141,11054259,4,4,1,test,diff_days_indoor,5,0,0,0,0,0,0.9806386828422546
data/raw/osu_lora/Diff_Days_Indoor_Setup/Day5/Device5/IQ_1.dat,142,11132658,4,4,1,test,diff_days_indoor,5,0,0,0,0,0,0.9604091048240662
data/raw/osu_lora/Diff_Days_Indoor_Setup/Day5/Device5/IQ_1.dat,143,11211057,4,4,1,test,diff_days_indoor,5,0,0,0,0,0,0.9030706882476807
data/raw/osu_lora/Diff_Days_Indoor_Setup/Day5/Device5/IQ_1.dat,144,11289456,4,4,1,test,diff_days_indoor,5,0,0,0,0,0,0.982463002204895
data/raw/osu_lora/Diff_Days_Indoor_Setup/Day5/Device5/IQ_1.dat,145,11367855,4,4,1,test,diff_days_indoor,5,0,0,0,0,0,0.9631949067115784
data/raw/osu_lora/Diff_Days_Indoor_Setup/Day5/Device5/IQ_1.dat,146,11446254,4,4,1,test,diff_days_indoor,5,0,0,0,0,0,0.9178352952003479
data/raw/osu_lora/Diff_Days_Indoor_Setup/Day5/Device5/IQ_1.dat,147,11524653,4,4,1,test,diff_days_indoor,5,0,0,0,0,0,0.9928160905838013
data/raw/osu_lora/Diff_Days_Indoor_Setup/Day5/Device5/IQ_1.dat,148,11603052,4,4,1,test,diff_days_indoor,5,0,0,0,0,0,0.8570477962493896
data/raw/osu_lora/Diff_Days_Indoor_Setup/Day5/Device5/IQ_1.dat,149,11681451,4,4,1,test,diff_days_indoor,5,0,0,0,0,0,0.9391151070594788
data/raw/osu_lora/Diff_Days_Indoor_Setup/Day5/Device5/IQ_1.dat,150,11759850,4,4,1,test,diff_days_indoor,5,0,0,0,0,0,0.9752529263496399
data/raw/osu_lora/Diff_Days_Indoor_Setup/Day5/Device5/IQ_1.dat,151,11838249,4,4,1,test,diff_days_indoor,5,0,0,0,0,0,0.9737817645072937
data/raw/osu_lora/Diff_Days_Indoor_Setup/Day5/Device5/IQ_1.dat,152,11916648,4,4,1,test,diff_days_indoor,5,0,0,0,0,0,0.8082658648490906
data/raw/osu_lora/Diff_Days_Indoor_Setup/Day5/Device5/IQ_1.dat,153,11995047,4,4,1,test,diff_days_indoor,5,0,0,0,0,0,0.9849761128425598
data/raw/osu_lora/Diff_Days_Indoor_Setup/Day5/Device5/IQ_1.dat,154,12073446,4,4,1,test,diff_days_indoor,5,0,0,0,0,0,0.6033375263214111
data/raw/osu_lora/Diff_Days_Indoor_Setup/Day5/Device5/IQ_1.dat,155,12151845,4,4,1,test,diff_days_indoor,5,0,0,0,0,0,0.917981743812561
data/raw/osu_lora/Diff_Days_Indoor_Setup/Day5/Device5/IQ_1.dat,156,12230244,4,4,1,test,diff_days_indoor,5,0,0,0,0,0,0.8469367027282715
data/raw/osu_lora/Diff_Days_Indoor_Setup/Day5/Device5/IQ_1.dat,157,12308643,4,4,1,test,diff_days_indoor,5,0,0,0,0,0,0.8564833998680115
data/raw/osu_lora/Diff_Days_Indoor_Setup/Day5/Device5/IQ_1.dat,158,12387042,4,4,1,test,diff_days_indoor,5,0,0,0,0,0,0.8256269693374634
data/raw/osu_lora/Diff_Days_Indoor_Setup/Day5/Device5/IQ_1.dat,159,12465441,4,4,1,test,diff_days_indoor,5,0,0,0,0,0,0.8202645182609558
data/raw/osu_lora/Diff_Days_Indoor_Setup/Day5/Device5/IQ_1.dat,160,12543840,4,4,1,test,diff_days_indoor,5,0,0,0,0,0,0.9500617384910583
data/raw/osu_lora/Diff_Days_Indoor_Setup/Day5/Device5/IQ_1.dat,161,12622239,4,4,1,test,diff_days_indoor,5,0,0,0,0,0,0.9495470523834229
data/raw/osu_lora/Diff_Days_Indoor_Setup/Day5/Device5/IQ_1.dat,162,12700638,4,4,1,test,diff_days_indoor,5,0,0,0,0,0,0.9530929923057556
data/raw/osu_lora/Diff_Days_Indoor_Setup/Day5/Device5/IQ_1.dat,163,12779037,4,4,1,test,diff_days_indoor,5,0,0,0,0,0,0.9807386994361877
data/raw/osu_lora/Diff_Days_Indoor_Setup/Day5/Device5/IQ_1.dat,164,12857436,4,4,1,test,diff_days_indoor,5,0,0,0,0,0,0.9772670269012451
data/raw/osu_lora/Diff_Days_Indoor_Setup/Day5/Device5/IQ_1.dat,165,12935835,4,4,1,test,diff_days_indoor,5,0,0,0,0,0,0.8880939483642578
data/raw/osu_lora/Diff_Days_Indoor_Setup/Day5/Device5/IQ_1.dat,166,13014234,4,4,1,test,diff_days_indoor,5,0,0,0,0,0,0.8560959100723267
data/raw/osu_lora/Diff_Days_Indoor_Setup/Day5/Device5/IQ_1.dat,167,13092633,4,4,1,test,diff_days_indoor,5,0,0,0,0,0,0.9565737843513489
data/raw/osu_lora/Diff_Days_Indoor_Setup/Day5/Device5/IQ_1.dat,168,13171032,4,4,1,test,diff_days_indoor,5,0,0,0,0,0,0.9723127484321594
data/raw/osu_lora/Diff_Days_Indoor_Setup/Day5/Device5/IQ_1.dat,169,13249431,4,4,1,test,diff_days_indoor,5,0,0,0,0,0,0.9836682677268982
data/raw/osu_lora/Diff_Days_Indoor_Setup/Day5/Device5/IQ_1.dat,170,13327830,4,4,1,test,diff_days_indoor,5,0,0,0,0,0,0.8915265798568726
data/raw/osu_lora/Diff_Days_Indoor_Setup/Day5/Device5/IQ_1.dat,171,13406229,4,4,1,test,diff_days_indoor,5,0,0,0,0,0,0.9370710849761963
data/raw/osu_lora/Diff_Days_Indoor_Setup/Day5/Device5/IQ_1.dat,172,13484628,4,4,1,test,diff_days_indoor,5,0,0,0,0,0,0.9369078278541565
data/raw/osu_lora/Diff_Days_Indoor_Setup/Day5/Device5/IQ_1.dat,173,13563027,4,4,1,test,diff_days_indoor,5,0,0,0,0,0,0.9516282677650452
data/raw/osu_lora/Diff_Days_Indoor_Setup/Day5/Device5/IQ_1.dat,174,13641426,4,4,1,test,diff_days_indoor,5,0,0,0,0,0,0.9835637807846069
data/raw/osu_lora/Diff_Days_Indoor_Setup/Day5/Device5/IQ_1.dat,175,13719825,4,4,1,test,diff_days_indoor,5,0,0,0,0,0,0.8957056999206543
data/raw/osu_lora/Diff_Days_Indoor_Setup/Day5/Device5/IQ_1.dat,176,13798224,4,4,1,test,diff_days_indoor,5,0,0,0,0,0,0.9653281569480896
data/raw/osu_lora/Diff_Days_Indoor_Setup/Day5/Device5/IQ_1.dat,177,13876623,4,4,1,test,diff_days_indoor,5,0,0,0,0,0,0.9742327928543091
data/raw/osu_lora/Diff_Days_Indoor_Setup/Day5/Device5/IQ_1.dat,178,13955022,4,4,1,test,diff_days_indoor,5,0,0,0,0,0,0.9747378826141357
data/raw/osu_lora/Diff_Days_Indoor_Setup/Day5/Device5/IQ_1.dat,179,14033421,4,4,1,test,diff_days_indoor,5,0,0,0,0,0,0.8382834196090698
data/raw/osu_lora/Diff_Days_Indoor_Setup/Day5/Device5/IQ_1.dat,180,14111820,4,4,1,test,diff_days_indoor,5,0,0,0,0,0,0.9919638633728027
data/raw/osu_lora/Diff_Days_Indoor_Setup/Day5/Device5/IQ_1.dat,181,14190219,4,4,1,test,diff_days_indoor,5,0,0,0,0,0,0.9670888781547546
data/raw/osu_lora/Diff_Days_Indoor_Setup/Day5/Device5/IQ_1.dat,182,14268618,4,4,1,test,diff_days_indoor,5,0,0,0,0,0,0.9725551605224609
data/raw/osu_lora/Diff_Days_Indoor_Setup/Day5/Device5/IQ_1.dat,183,14347017,4,4,1,test,diff_days_indoor,5,0,0,0,0,0,0.9384691715240479
data/raw/osu_lora/Diff_Days_Indoor_Setup/Day5/Device5/IQ_1.dat,184,14425416,4,4,1,test,diff_days_indoor,5,0,0,0,0,0,0.9297870993614197
data/raw/osu_lora/Diff_Days_Indoor_Setup/Day5/Device5/IQ_1.dat,185,14503815,4,4,1,test,diff_days_indoor,5,0,0,0,0,0,0.9767463207244873
data/raw/osu_lora/Diff_Days_Indoor_Setup/Day5/Device5/IQ_1.dat,186,14582214,4,4,1,test,diff_days_indoor,5,0,0,0,0,0,0.9665991067886353
data/raw/osu_lora/Diff_Days_Indoor_Setup/Day5/Device5/IQ_1.dat,187,14660613,4,4,1,test,diff_days_indoor,5,0,0,0,0,0,0.589168131351471
data/raw/osu_lora/Diff_Days_Indoor_Setup/Day5/Device5/IQ_1.dat,188,14739012,4,4,1,test,diff_days_indoor,5,0,0,0,0,0,0.9578799605369568
data/raw/osu_lora/Diff_Days_Indoor_Setup/Day5/Device5/IQ_1.dat,189,14817411,4,4,1,test,diff_days_indoor,5,0,0,0,0,0,0.9670549631118774
data/raw/osu_lora/Diff_Days_Indoor_Setup/Day5/Device5/IQ_1.dat,190,14895810,4,4,1,test,diff_days_indoor,5,0,0,0,0,0,0.8739932179450989
data/raw/osu_lora/Diff_Days_Indoor_Setup/Day5/Device5/IQ_1.dat,191,14974209,4,4,1,test,diff_days_indoor,5,0,0,0,0,0,0.9412471055984497
data/raw/osu_lora/Diff_Days_Indoor_Setup/Day5/Device5/IQ_1.dat,192,15052608,4,4,1,test,diff_days_indoor,5,0,0,0,0,0,0.9838719367980957
data/raw/osu_lora/Diff_Days_Indoor_Setup/Day5/Device5/IQ_1.dat,193,15131007,4,4,1,test,diff_days_indoor,5,0,0,0,0,0,0.9877076745033264
data/raw/osu_lora/Diff_Days_Indoor_Setup/Day5/Device5/IQ_1.dat,194,15209406,4,4,1,test,diff_days_indoor,5,0,0,0,0,0,0.9920706152915955
data/raw/osu_lora/Diff_Days_Indoor_Setup/Day5/Device5/IQ_1.dat,195,15287805,4,4,1,test,diff_days_indoor,5,0,0,0,0,0,0.9357121586799622
data/raw/osu_lora/Diff_Days_Indoor_Setup/Day5/Device5/IQ_1.dat,196,15366204,4,4,1,test,diff_days_indoor,5,0,0,0,0,0,0.8852579593658447
data/raw/osu_lora/Diff_Days_Indoor_Setup/Day5/Device5/IQ_1.dat,197,15444603,4,4,1,test,diff_days_indoor,5,0,0,0,0,0,0.9675065875053406
data/raw/osu_lora/Diff_Days_Indoor_Setup/Day5/Device5/IQ_1.dat,198,15523002,4,4,1,test,diff_days_indoor,5,0,0,0,0,0,0.8672466278076172
data/raw/osu_lora/Diff_Days_Indoor_Setup/Day5/Device5/IQ_1.dat,199,15601401,4,4,1,test,diff_days_indoor,5,0,0,0,0,0,0.9797184467315674
data/raw/osu_lora/Diff_Days_Indoor_Setup/Day5/Device5/IQ_1.dat,200,15679800,4,4,1,test,diff_days_indoor,5,0,0,0,0,0,0.9881921410560608
data/raw/osu_lora/Diff_Days_Indoor_Setup/Day5/Device5/IQ_1.dat,201,15758199,4,4,1,test,diff_days_indoor,5,0,0,0,0,0,0.9579962491989136
data/raw/osu_lora/Diff_Days_Indoor_Setup/Day5/Device5/IQ_1.dat,202,15836598,4,11,0,test,diff_days_indoor,5,0,0,0,0,0,0.6754299402236938
data/raw/osu_lora/Diff_Days_Indoor_Setup/Day5/Device5/IQ_1.dat,203,15914997,4,4,1,test,diff_days_indoor,5,0,0,0,0,0,0.9848294854164124
data/raw/osu_lora/Diff_Days_Indoor_Setup/Day5/Device5/IQ_1.dat,204,15993396,4,4,1,test,diff_days_indoor,5,0,0,0,0,0,0.8790410757064819
data/raw/osu_lora/Diff_Days_Indoor_Setup/Day5/Device5/IQ_1.dat,205,16071795,4,4,1,test,diff_days_indoor,5,0,0,0,0,0,0.7750346064567566
data/raw/osu_lora/Diff_Days_Indoor_Setup/Day5/Device5/IQ_1.dat,206,16150194,4,4,1,test,diff_days_indoor,5,0,0,0,0,0,0.9501199126243591
data/raw/osu_lora/Diff_Days_Indoor_Setup/Day5/Device5/IQ_1.dat,207,16228593,4,4,1,test,diff_days_indoor,5,0,0,0,0,0,0.9105416536331177
data/raw/osu_lora/Diff_Days_Indoor_Setup/Day5/Device5/IQ_1.dat,208,16306992,4,8,0,test,diff_days_indoor,5,0,0,0,0,0,0.10612203180789948
data/raw/osu_lora/Diff_Days_Indoor_Setup/Day5/Device5/IQ_1.dat,209,16385391,4,8,0,test,diff_days_indoor,5,0,0,0,0,0,0.11960699409246445
data/raw/osu_lora/Diff_Days_Indoor_Setup/Day5/Device5/IQ_1.dat,210,16463790,4,8,0,test,diff_days_indoor,5,0,0,0,0,0,0.11087986081838608
data/raw/osu_lora/Diff_Days_Indoor_Setup/Day5/Device5/IQ_1.dat,211,16542189,4,8,0,test,diff_days_indoor,5,0,0,0,0,0,0.1096477136015892
data/raw/osu_lora/Diff_Days_Indoor_Setup/Day5/Device5/IQ_1.dat,212,16620588,4,8,0,test,diff_days_indoor,5,0,0,0,0,0,0.10999539494514465
data/raw/osu_lora/Diff_Days_Indoor_Setup/Day5/Device5/IQ_1.dat,213,16698987,4,8,0,test,diff_days_indoor,5,0,0,0,0,0,0.10741167515516281
data/raw/osu_lora/Diff_Days_Indoor_Setup/Day5/Device5/IQ_1.dat,214,16777386,4,8,0,test,diff_days_indoor,5,0,0,0,0,0,0.11510584503412247
data/raw/osu_lora/Diff_Days_Indoor_Setup/Day5/Device5/IQ_1.dat,215,16855785,4,8,0,test,diff_days_indoor,5,0,0,0,0,0,0.1107737123966217
data/raw/osu_lora/Diff_Days_Indoor_Setup/Day5/Device5/IQ_1.dat,216,16934184,4,8,0,test,diff_days_indoor,5,0,0,0,0,0,0.11091168969869614
data/raw/osu_lora/Diff_Days_Indoor_Setup/Day5/Device5/IQ_1.dat,217,17012583,4,8,0,test,diff_days_indoor,5,0,0,0,0,0,0.10987992584705353
data/raw/osu_lora/Diff_Days_Indoor_Setup/Day5/Device5/IQ_1.dat,218,17090982,4,8,0,test,diff_days_indoor,5,0,0,0,0,0,0.11028865724802017
data/raw/osu_lora/Diff_Days_Indoor_Setup/Day5/Device5/IQ_1.dat,219,17169381,4,8,0,test,diff_days_indoor,5,0,0,0,0,0,0.11399129033088684
data/raw/osu_lora/Diff_Days_Indoor_Setup/Day5/Device5/IQ_1.dat,220,17247780,4,8,0,test,diff_days_indoor,5,0,0,0,0,0,0.10973731428384781
data/raw/osu_lora/Diff_Days_Indoor_Setup/Day5/Device5/IQ_1.dat,221,17326179,4,8,0,test,diff_days_indoor,5,0,0,0,0,0,0.10680704563856125
data/raw/osu_lora/Diff_Days_Indoor_Setup/Day5/Device5/IQ_1.dat,222,17404578,4,8,0,test,diff_days_indoor,5,0,0,0,0,0,0.10950306802988052
data/raw/osu_lora/Diff_Days_Indoor_Setup/Day5/Device5/IQ_1.dat,223,17482977,4,8,0,test,diff_days_indoor,5,0,0,0,0,0,0.10616966336965561
data/raw/osu_lora/Diff_Days_Indoor_Setup/Day5/Device5/IQ_1.dat,224,17561376,4,8,0,test,diff_days_indoor,5,0,0,0,0,0,0.11081564426422119
data/raw/osu_lora/Diff_Days_Indoor_Setup/Day5/Device5/IQ_1.dat,225,17639775,4,8,0,test,diff_days_indoor,5,0,0,0,0,0,0.1059972420334816
data/raw/osu_lora/Diff_Days_Indoor_Setup/Day5/Device5/IQ_1.dat,226,17718174,4,8,0,test,diff_days_indoor,5,0,0,0,0,0,0.11031501740217209
data/raw/osu_lora/Diff_Days_Indoor_Setup/Day5/Device5/IQ_1.dat,227,17796573,4,4,1,test,diff_days_indoor,5,0,0,0,0,0,0.9831205606460571
data/raw/osu_lora/Diff_Days_Indoor_Setup/Day5/Device5/IQ_1.dat,228,17874972,4,4,1,test,diff_days_indoor,5,0,0,0,0,0,0.854800283908844
data/raw/osu_lora/Diff_Days_Indoor_Setup/Day5/Device5/IQ_1.dat,229,17953371,4,4,1,test,diff_days_indoor,5,0,0,0,0,0,0.9344140887260437
data/raw/osu_lora/Diff_Days_Indoor_Setup/Day5/Device5/IQ_1.dat,230,18031770,4,4,1,test,diff_days_indoor,5,0,0,0,0,0,0.8788446187973022
data/raw/osu_lora/Diff_Days_Indoor_Setup/Day5/Device5/IQ_1.dat,231,18110169,4,4,1,test,diff_days_indoor,5,0,0,0,0,0,0.9426405429840088
data/raw/osu_lora/Diff_Days_Indoor_Setup/Day5/Device5/IQ_1.dat,232,18188568,4,4,1,test,diff_days_indoor,5,0,0,0,0,0,0.7783525586128235
data/raw/osu_lora/Diff_Days_Indoor_Setup/Day5/Device5/IQ_1.dat,233,18266967,4,4,1,test,diff_days_indoor,5,0,0,0,0,0,0.9147219657897949
data/raw/osu_lora/Diff_Days_Indoor_Setup/Day5/Device5/IQ_1.dat,234,18345366,4,4,1,test,diff_days_indoor,5,0,0,0,0,0,0.9034554958343506
data/raw/osu_lora/Diff_Days_Indoor_Setup/Day5/Device5/IQ_1.dat,235,18423765,4,4,1,test,diff_days_indoor,5,0,0,0,0,0,0.9617701172828674
data/raw/osu_lora/Diff_Days_Indoor_Setup/Day5/Device5/IQ_1.dat,236,18502164,4,4,1,test,diff_days_indoor,5,0,0,0,0,0,0.9830353260040283
data/raw/osu_lora/Diff_Days_Indoor_Setup/Day5/Device5/IQ_1.dat,237,18580563,4,4,1,test,diff_days_indoor,5,0,0,0,0,0,0.962863564491272
data/raw/osu_lora/Diff_Days_Indoor_Setup/Day5/Device5/IQ_1.dat,238,18658962,4,4,1,test,diff_days_indoor,5,0,0,0,0,0,0.9899283051490784
data/raw/osu_lora/Diff_Days_Indoor_Setup/Day5/Device5/IQ_1.dat,239,18737361,4,4,1,test,diff_days_indoor,5,0,0,0,0,0,0.9479141235351562
data/raw/osu_lora/Diff_Days_Indoor_Setup/Day5/Device5/IQ_1.dat,240,18815760,4,4,1,test,diff_days_indoor,5,0,0,0,0,0,0.9303256869316101
data/raw/osu_lora/Diff_Days_Indoor_Setup/Day5/Device5/IQ_1.dat,241,18894159,4,4,1,test,diff_days_indoor,5,0,0,0,0,0,0.6254046559333801
data/raw/osu_lora/Diff_Days_Indoor_Setup/Day5/Device5/IQ_1.dat,242,18972558,4,4,1,test,diff_days_indoor,5,0,0,0,0,0,0.9761344790458679
data/raw/osu_lora/Diff_Days_Indoor_Setup/Day5/Device5/IQ_1.dat,243,19050957,4,4,1,test,diff_days_indoor,5,0,0,0,0,0,0.9862101674079895
data/raw/osu_lora/Diff_Days_Indoor_Setup/Day5/Device5/IQ_1.dat,244,19129356,4,4,1,test,diff_days_indoor,5,0,0,0,0,0,0.7842785716056824
data/raw/osu_lora/Diff_Days_Indoor_Setup/Day5/Device5/IQ_1.dat,245,19207755,4,4,1,test,diff_days_indoor,5,0,0,0,0,0,0.9316366314888
data/raw/osu_lora/Diff_Days_Indoor_Setup/Day5/Device5/IQ_1.dat,246,19286154,4,4,1,test,diff_days_indoor,5,0,0,0,0,0,0.9512931704521179
data/raw/osu_lora/Diff_Days_Indoor_Setup/Day5/Device5/IQ_1.dat,247,19364553,4,4,1,test,diff_days_indoor,5,0,0,0,0,0,0.9884937405586243
data/raw/osu_lora/Diff_Days_Indoor_Setup/Day5/Device5/IQ_1.dat,248,19442952,4,4,1,test,diff_days_indoor,5,0,0,0,0,0,0.9706811308860779
data/raw/osu_lora/Diff_Days_Indoor_Setup/Day5/Device5/IQ_1.dat,249,19521351,4,4,1,test,diff_days_indoor,5,0,0,0,0,0,0.9431779980659485
data/raw/osu_lora/Diff_Days_Indoor_Setup/Day5/Device5/IQ_1.dat,250,19599750,4,4,1,test,diff_days_indoor,5,0,0,0,0,0,0.9040389060974121
data/raw/osu_lora/Diff_Days_Indoor_Setup/Day5/Device5/IQ_1.dat,251,19678149,4,4,1,test,diff_days_indoor,5,0,0,0,0,0,0.8584050536155701
data/raw/osu_lora/Diff_Days_Indoor_Setup/Day5/Device5/IQ_1.dat,252,19756548,4,4,1,test,diff_days_indoor,5,0,0,0,0,0,0.959347665309906
data/raw/osu_lora/Diff_Days_Indoor_Setup/Day5/Device5/IQ_1.dat,253,19834947,4,4,1,test,diff_days_indoor,5,0,0,0,0,0,0.9862539768218994
data/raw/osu_lora/Diff_Days_Indoor_Setup/Day5/Device5/IQ_1.dat,254,19913346,4,4,1,test,diff_days_indoor,5,0,0,0,0,0,0.9242032170295715
data/raw/osu_lora/Diff_Days_Indoor_Setup/Day5/Device5/IQ_1.dat,255,19991745,4,4,1,test,diff_days_indoor,5,0,0,0,0,0,0.9462044835090637
data/raw/osu_lora/Diff_Days_Indoor_Setup/Day5/Device6/IQ_1.dat,0,0,5,5,1,test,diff_days_indoor,5,0,0,0,0,0,0.44580569863319397
data/raw/osu_lora/Diff_Days_Indoor_Setup/Day5/Device6/IQ_1.dat,1,78399,5,5,1,test,diff_days_indoor,5,0,0,0,0,0,0.28105875849723816
data/raw/osu_lora/Diff_Days_Indoor_Setup/Day5/Device6/IQ_1.dat,2,156798,5,6,0,test,diff_days_indoor,5,0,0,0,0,0,0.33792564272880554
data/raw/osu_lora/Diff_Days_Indoor_Setup/Day5/Device6/IQ_1.dat,3,235197,5,5,1,test,diff_days_indoor,5,0,0,0,0,0,0.2889525592327118
data/raw/osu_lora/Diff_Days_Indoor_Setup/Day5/Device6/IQ_1.dat,4,313596,5,6,0,test,diff_days_indoor,5,0,0,0,0,0,0.39358648657798767
data/raw/osu_lora/Diff_Days_Indoor_Setup/Day5/Device6/IQ_1.dat,5,391995,5,5,1,test,diff_days_indoor,5,0,0,0,0,0,0.35201141238212585
data/raw/osu_lora/Diff_Days_Indoor_Setup/Day5/Device6/IQ_1.dat,6,470394,5,5,1,test,diff_days_indoor,5,0,0,0,0,0,0.41973748803138733
data/raw/osu_lora/Diff_Days_Indoor_Setup/Day5/Device6/IQ_1.dat,7,548793,5,5,1,test,diff_days_indoor,5,0,0,0,0,0,0.47570928931236267
data/raw/osu_lora/Diff_Days_Indoor_Setup/Day5/Device6/IQ_1.dat,8,627192,5,5,1,test,diff_days_indoor,5,0,0,0,0,0,0.3538926839828491
data/raw/osu_lora/Diff_Days_Indoor_Setup/Day5/Device6/IQ_1.dat,9,705591,5,5,1,test,diff_days_indoor,5,0,0,0,0,0,0.473745733499527
data/raw/osu_lora/Diff_Days_Indoor_Setup/Day5/Device6/IQ_1.dat,10,783990,5,5,1,test,diff_days_indoor,5,0,0,0,0,0,0.37867066264152527
data/raw/osu_lora/Diff_Days_Indoor_Setup/Day5/Device6/IQ_1.dat,11,862389,5,5,1,test,diff_days_indoor,5,0,0,0,0,0,0.4757097065448761
data/raw/osu_lora/Diff_Days_Indoor_Setup/Day5/Device6/IQ_1.dat,12,940788,5,5,1,test,diff_days_indoor,5,0,0,0,0,0,0.35160353779792786
data/raw/osu_lora/Diff_Days_Indoor_Setup/Day5/Device6/IQ_1.dat,13,1019187,5,5,1,test,diff_days_indoor,5,0,0,0,0,0,0.43889787793159485
data/raw/osu_lora/Diff_Days_Indoor_Setup/Day5/Device6/IQ_1.dat,14,1097586,5,6,0,test,diff_days_indoor,5,0,0,0,0,0,0.3720952570438385
data/raw/osu_lora/Diff_Days_Indoor_Setup/Day5/Device6/IQ_1.dat,15,1175985,5,6,0,test,diff_days_indoor,5,0,0,0,0,0,0.330583393573761
data/raw/osu_lora/Diff_Days_Indoor_Setup/Day5/Device6/IQ_1.dat,16,1254384,5,5,1,test,diff_days_indoor,5,0,0,0,0,0,0.46104931831359863
data/raw/osu_lora/Diff_Days_Indoor_Setup/Day5/Device6/IQ_1.dat,17,1332783,5,5,1,test,diff_days_indoor,5,0,0,0,0,0,0.4310506284236908
data/raw/osu_lora/Diff_Days_Indoor_Setup/Day5/Device6/IQ_1.dat,18,1411182,5,5,1,test,diff_days_indoor,5,0,0,0,0,0,0.43983757495880127
data/raw/osu_lora/Diff_Days_Indoor_Setup/Day5/Device6/IQ_1.dat,19,1489581,5,6,0,test,diff_days_indoor,5,0,0,0,0,0,0.40630778670310974
data/raw/osu_lora/Diff_Days_Indoor_Setup/Day5/Device6/IQ_1.dat,20,1567980,5,5,1,test,diff_days_indoor,5,0,0,0,0,0,0.44388753175735474
data/raw/osu_lora/Diff_Days_Indoor_Setup/Day5/Device6/IQ_1.dat,21,1646379,5,5,1,test,diff_days_indoor,5,0,0,0,0,0,0.44811782240867615
data/raw/osu_lora/Diff_Days_Indoor_Setup/Day5/Device6/IQ_1.dat,22,1724778,5,5,1,test,diff_days_indoor,5,0,0,0,0,0,0.4144463539123535
data/raw/osu_lora/Diff_Days_Indoor_Setup/Day5/Device6/IQ_1.dat,23,1803177,5,5,1,test,diff_days_indoor,5,0,0,0,0,0,0.5742531418800354
data/raw/osu_lora/Diff_Days_Indoor_Setup/Day5/Device6/IQ_1.dat,24,1881576,5,6,0,test,diff_days_indoor,5,0,0,0,0,0,0.38430050015449524
data/raw/osu_lora/Diff_Days_Indoor_Setup/Day5/Device6/IQ_1.dat,25,1959975,5,6,0,test,diff_days_indoor,5,0,0,0,0,0,0.31788766384124756
data/raw/osu_lora/Diff_Days_Indoor_Setup/Day5/Device6/IQ_1.dat,26,2038374,5,5,1,test,diff_days_indoor,5,0,0,0,0,0,0.4912854731082916
data/raw/osu_lora/Diff_Days_Indoor_Setup/Day5/Device6/IQ_1.dat,27,2116773,5,5,1,test,diff_days_indoor,5,0,0,0,0,0,0.3677932024002075
data/raw/osu_lora/Diff_Days_Indoor_Setup/Day5/Device6/IQ_1.dat,28,2195172,5,6,0,test,diff_days_indoor,5,0,0,0,0,0,0.3572370707988739
data/raw/osu_lora/Diff_Days_Indoor_Setup/Day5/Device6/IQ_1.dat,29,2273571,5,22,0,test,diff_days_indoor,5,0,0,0,0,0,0.15514664351940155
data/raw/osu_lora/Diff_Days_Indoor_Setup/Day5/Device6/IQ_1.dat,30,2351970,5,5,1,test,diff_days_indoor,5,0,0,0,0,0,0.3669324219226837
data/raw/osu_lora/Diff_Days_Indoor_Setup/Day5/Device6/IQ_1.dat,31,2430369,5,5,1,test,diff_days_indoor,5,0,0,0,0,0,0.39995160698890686
data/raw/osu_lora/Diff_Days_Indoor_Setup/Day5/Device6/IQ_1.dat,32,2508768,5,5,1,test,diff_days_indoor,5,0,0,0,0,0,0.38008832931518555
data/raw/osu_lora/Diff_Days_Indoor_Setup/Day5/Device6/IQ_1.dat,33,2587167,5,5,1,test,diff_days_indoor,5,0,0,0,0,0,0.5174685716629028
data/raw/osu_lora/Diff_Days_Indoor_Setup/Day5/Device6/IQ_1.dat,34,2665566,5,5,1,test,diff_days_indoor,5,0,0,0,0,0,0.4627034366130829
data/raw/osu_lora/Diff_Days_Indoor_Setup/Day5/Device6/IQ_1.dat,35,2743965,5,5,1,test,diff_days_indoor,5,0,0,0,0,0,0.4686242341995239
data/raw/osu_lora/Diff_Days_Indoor_Setup/Day5/Device6/IQ_1.dat,36,2822364,5,5,1,test,diff_days_indoor,5,0,0,0,0,0,0.4840802252292633
data/raw/osu_lora/Diff_Days_Indoor_Setup/Day5/Device6/IQ_1.dat,37,2900763,5,6,0,test,diff_days_indoor,5,0,0,0,0,0,0.33639925718307495
data/raw/osu_lora/Diff_Days_Indoor_Setup/Day5/Device6/IQ_1.dat,38,2979162,5,6,0,test,diff_days_indoor,5,0,0,0,0,0,0.3631080389022827
data/raw/osu_lora/Diff_Days_Indoor_Setup/Day5/Device6/IQ_1.dat,39,3057561,5,5,1,test,diff_days_indoor,5,0,0,0,0,0,0.41640225052833557
data/raw/osu_lora/Diff_Days_Indoor_Setup/Day5/Device6/IQ_1.dat,40,3135960,5,5,1,test,diff_days_indoor,5,0,0,0,0,0,0.4352949857711792
data/raw/osu_lora/Diff_Days_Indoor_Setup/Day5/Device6/IQ_1.dat,41,3214359,5,5,1,test,diff_days_indoor,5,0,0,0,0,0,0.3917900025844574
data/raw/osu_lora/Diff_Days_Indoor_Setup/Day5/Device6/IQ_1.dat,42,3292758,5,5,1,test,diff_days_indoor,5,0,0,0,0,0,0.43858397006988525
data/raw/osu_lora/Diff_Days_Indoor_Setup/Day5/Device6/IQ_1.dat,43,3371157,5,5,1,test,diff_days_indoor,5,0,0,0,0,0,0.3502153158187866
data/raw/osu_lora/Diff_Days_Indoor_Setup/Day5/Device6/IQ_1.dat,44,3449556,5,5,1,test,diff_days_indoor,5,0,0,0,0,0,0.3068784773349762
data/raw/osu_lora/Diff_Days_Indoor_Setup/Day5/Device6/IQ_1.dat,45,3527955,5,5,1,test,diff_days_indoor,5,0,0,0,0,0,0.41794219613075256
data/raw/osu_lora/Diff_Days_Indoor_Setup/Day5/Device6/IQ_1.dat,46,3606354,5,20,0,test,diff_days_indoor,5,0,0,0,0,0,0.3500120937824249
data/raw/osu_lora/Diff_Days_Indoor_Setup/Day5/Device6/IQ_1.dat,47,3684753,5,5,1,test,diff_days_indoor,5,0,0,0,0,0,0.545220136642456
data/raw/osu_lora/Diff_Days_Indoor_Setup/Day5/Device6/IQ_1.dat,48,3763152,5,5,1,test,diff_days_indoor,5,0,0,0,0,0,0.542047917842865
data/raw/osu_lora/Diff_Days_Indoor_Setup/Day5/Device6/IQ_1.dat,49,3841551,5,5,1,test,diff_days_indoor,5,0,0,0,0,0,0.462260901927948
data/raw/osu_lora/Diff_Days_Indoor_Setup/Day5/Device6/IQ_1.dat,50,3919950,5,5,1,test,diff_days_indoor,5,0,0,0,0,0,0.3933880627155304
data/raw/osu_lora/Diff_Days_Indoor_Setup/Day5/Device6/IQ_1.dat,51,3998349,5,5,1,test,diff_days_indoor,5,0,0,0,0,0,0.47612205147743225
data/raw/osu_lora/Diff_Days_Indoor_Setup/Day5/Device6/IQ_1.dat,52,4076748,5,5,1,test,diff_days_indoor,5,0,0,0,0,0,0.4844268262386322
data/raw/osu_lora/Diff_Days_Indoor_Setup/Day5/Device6/IQ_1.dat,53,4155147,5,5,1,test,diff_days_indoor,5,0,0,0,0,0,0.4188924729824066
data/raw/osu_lora/Diff_Days_Indoor_Setup/Day5/Device6/IQ_1.dat,54,4233546,5,5,1,test,diff_days_indoor,5,0,0,0,0,0,0.42283177375793457
data/raw/osu_lora/Diff_Days_Indoor_Setup/Day5/Device6/IQ_1.dat,55,4311945,5,5,1,test,diff_days_indoor,5,0,0,0,0,0,0.4408360719680786
data/raw/osu_lora/Diff_Days_Indoor_Setup/Day5/Device6/IQ_1.dat,56,4390344,5,5,1,test,diff_days_indoor,5,0,0,0,0,0,0.32739338278770447
data/raw/osu_lora/Diff_Days_Indoor_Setup/Day5/Device6/IQ_1.dat,57,4468743,5,5,1,test,diff_days_indoor,5,0,0,0,0,0,0.40117916464805603
data/raw/osu_lora/Diff_Days_Indoor_Setup/Day5/Device6/IQ_1.dat,58,4547142,5,5,1,test,diff_days_indoor,5,0,0,0,0,0,0.5290499925613403
data/raw/osu_lora/Diff_Days_Indoor_Setup/Day5/Device6/IQ_1.dat,59,4625541,5,5,1,test,diff_days_indoor,5,0,0,0,0,0,0.49600914120674133
data/raw/osu_lora/Diff_Days_Indoor_Setup/Day5/Device6/IQ_1.dat,60,4703940,5,5,1,test,diff_days_indoor,5,0,0,0,0,0,0.4956795573234558
data/raw/osu_lora/Diff_Days_Indoor_Setup/Day5/Device6/IQ_1.dat,61,4782339,5,5,1,test,diff_days_indoor,5,0,0,0,0,0,0.37780818343162537
data/raw/osu_lora/Diff_Days_Indoor_Setup/Day5/Device6/IQ_1.dat,62,4860738,5,6,0,test,diff_days_indoor,5,0,0,0,0,0,0.2741437554359436
data/raw/osu_lora/Diff_Days_Indoor_Setup/Day5/Device6/IQ_1.dat,63,4939137,5,5,1,test,diff_days_indoor,5,0,0,0,0,0,0.4054088592529297
data/raw/osu_lora/Diff_Days_Indoor_Setup/Day5/Device6/IQ_1.dat,64,5017536,5,5,1,test,diff_days_indoor,5,0,0,0,0,0,0.5211020112037659
data/raw/osu_lora/Diff_Days_Indoor_Setup/Day5/Device6/IQ_1.dat,65,5095935,5,5,1,test,diff_days_indoor,5,0,0,0,0,0,0.5157046318054199
data/raw/osu_lora/Diff_Days_Indoor_Setup/Day5/Device6/IQ_1.dat,66,5174334,5,5,1,test,diff_days_indoor,5,0,0,0,0,0,0.46847641468048096
data/raw/osu_lora/Diff_Days_Indoor_Setup/Day5/Device6/IQ_1.dat,67,5252733,5,5,1,test,diff_days_indoor,5,0,0,0,0,0,0.46660086512565613
data/raw/osu_lora/Diff_Days_Indoor_Setup/Day5/Device6/IQ_1.dat,68,5331132,5,5,1,test,diff_days_indoor,5,0,0,0,0,0,0.4806310832500458
data/raw/osu_lora/Diff_Days_Indoor_Setup/Day5/Device6/IQ_1.dat,69,5409531,5,5,1,test,diff_days_indoor,5,0,0,0,0,0,0.4138491451740265
data/raw/osu_lora/Diff_Days_Indoor_Setup/Day5/Device6/IQ_1.dat,70,5487930,5,6,0,test,diff_days_indoor,5,0,0,0,0,0,0.3611491620540619
data/raw/osu_lora/Diff_Days_Indoor_Setup/Day5/Device6/IQ_1.dat,71,5566329,5,5,1,test,diff_days_indoor,5,0,0,0,0,0,0.33631619811058044
data/raw/osu_lora/Diff_Days_Indoor_Setup/Day5/Device6/IQ_1.dat,72,5644728,5,6,0,test,diff_days_indoor,5,0,0,0,0,0,0.3680814504623413
data/raw/osu_lora/Diff_Days_Indoor_Setup/Day5/Device6/IQ_1.dat,73,5723127,5,5,1,test,diff_days_indoor,5,0,0,0,0,0,0.46516814827919006
data/raw/osu_lora/Diff_Days_Indoor_Setup/Day5/Device6/IQ_1.dat,74,5801526,5,5,1,test,diff_days_indoor,5,0,0,0,0,0,0.40556275844573975
data/raw/osu_lora/Diff_Days_Indoor_Setup/Day5/Device6/IQ_1.dat,75,5879925,5,5,1,test,diff_days_indoor,5,0,0,0,0,0,0.38904762268066406
data/raw/osu_lora/Diff_Days_Indoor_Setup/Day5/Device6/IQ_1.dat,76,5958324,5,8,0,test,diff_days_indoor,5,0,0,0,0,0,0.10951194167137146
data/raw/osu_lora/Diff_Days_Indoor_Setup/Day5/Device6/IQ_1.dat,77,6036723,5,6,0,test,diff_days_indoor,5,0,0,0,0,0,0.2838766872882843
data/raw/osu_lora/Diff_Days_Indoor_Setup/Day5/Device6/IQ_1.dat,78,6115122,5,5,1,test,diff_days_indoor,5,0,0,0,0,0,0.5165435671806335
data/raw/osu_lora/Diff_Days_Indoor_Setup/Day5/Device6/IQ_1.dat,79,6193521,5,5,1,test,diff_days_indoor,5,0,0,0,0,0,0.35648107528686523
data/raw/osu_lora/Diff_Days_Indoor_Setup/Day5/Device6/IQ_1.dat,80,6271920,5,6,0,test,diff_days_indoor,5,0,0,0,0,0,0.35953351855278015
data/raw/osu_lora/Diff_Days_Indoor_Setup/Day5/Device6/IQ_1.dat,81,6350319,5,5,1,test,diff_days_indoor,5,0,0,0,0,0,0.5152923464775085
data/raw/osu_lora/Diff_Days_Indoor_Setup/Day5/Device6/IQ_1.dat,82,6428718,5,5,1,test,diff_days_indoor,5,0,0,0,0,0,0.44744864106178284
data/raw/osu_lora/Diff_Days_Indoor_Setup/Day5/Device6/IQ_1.dat,83,6507117,5,5,1,test,diff_days_indoor,5,0,0,0,0,0,0.5020719170570374
data/raw/osu_lora/Diff_Days_Indoor_Setup/Day5/Device6/IQ_1.dat,84,6585516,5,5,1,test,diff_days_indoor,5,0,0,0,0,0,0.4310432970523834
data/raw/osu_lora/Diff_Days_Indoor_Setup/Day5/Device6/IQ_1.dat,85,6663915,5,5,1,test,diff_days_indoor,5,0,0,0,0,0,0.4659452438354492
data/raw/osu_lora/Diff_Days_Indoor_Setup/Day5/Device6/IQ_1.dat,86,6742314,5,5,1,test,diff_days_indoor,5,0,0,0,0,0,0.561011552810669
data/raw/osu_lora/Diff_Days_Indoor_Setup/Day5/Device6/IQ_1.dat,87,6820713,5,5,1,test,diff_days_indoor,5,0,0,0,0,0,0.3900200128555298
data/raw/osu_lora/Diff_Days_Indoor_Setup/Day5/Device6/IQ_1.dat,88,6899112,5,6,0,test,diff_days_indoor,5,0,0,0,0,0,0.37834495306015015
data/raw/osu_lora/Diff_Days_Indoor_Setup/Day5/Device6/IQ_1.dat,89,6977511,5,5,1,test,diff_days_indoor,5,0,0,0,0,0,0.4149143397808075
data/raw/osu_lora/Diff_Days_Indoor_Setup/Day5/Device6/IQ_1.dat,90,7055910,5,5,1,test,diff_days_indoor,5,0,0,0,0,0,0.4902068078517914
data/raw/osu_lora/Diff_Days_Indoor_Setup/Day5/Device6/IQ_1.dat,91,7134309,5,5,1,test,diff_days_indoor,5,0,0,0,0,0,0.3677842915058136
data/raw/osu_lora/Diff_Days_Indoor_Setup/Day5/Device6/IQ_1.dat,92,7212708,5,5,1,test,diff_days_indoor,5,0,0,0,0,0,0.4200890064239502
data/raw/osu_lora/Diff_Days_Indoor_Setup/Day5/Device6/IQ_1.dat,93,7291107,5,5,1,test,diff_days_indoor,5,0,0,0,0,0,0.555841326713562
data/raw/osu_lora/Diff_Days_Indoor_Setup/Day5/Device6/IQ_1.dat,94,7369506,5,5,1,test,diff_days_indoor,5,0,0,0,0,0,0.43190431594848633
data/raw/osu_lora/Diff_Days_Indoor_Setup/Day5/Device6/IQ_1.dat,95,7447905,5,5,1,test,diff_days_indoor,5,0,0,0,0,0,0.4069533050060272
data/raw/osu_lora/Diff_Days_Indoor_Setup/Day5/Device6/IQ_1.dat,96,7526304,5,5,1,test,diff_days_indoor,5,0,0,0,0,0,0.45159441232681274
data/raw/osu_lora/Diff_Days_Indoor_Setup/Day5/Device6/IQ_1.dat,97,7604703,5,5,1,test,diff_days_indoor,5,0,0,0,0,0,0.40061965584754944
data/raw/osu_lora/Diff_Days_Indoor_Setup/Day5/Device6/IQ_1.dat,98,7683102,5,5,1,test,diff_days_indoor,5,0,0,0,0,0,0.45472073554992676
data/raw/osu_lora/Diff_Days_Indoor_Setup/Day5/Device6/IQ_1.dat,99,7761501,5,6,0,test,diff_days_indoor,5,0,0,0,0,0,0.32517358660697937
data/raw/osu_lora/Diff_Days_Indoor_Setup/Day5/Device6/IQ_1.dat,100,7839900,5,5,1,test,diff_days_indoor,5,0,0,0,0,0,0.4436764717102051
data/raw/osu_lora/Diff_Days_Indoor_Setup/Day5/Device6/IQ_1.dat,101,7918299,5,6,0,test,diff_days_indoor,5,0,0,0,0,0,0.34199583530426025
data/raw/osu_lora/Diff_Days_Indoor_Setup/Day5/Device6/IQ_1.dat,102,7996698,5,8,0,test,diff_days_indoor,5,0,0,0,0,0,0.3019273579120636
data/raw/osu_lora/Diff_Days_Indoor_Setup/Day5/Device6/IQ_1.dat,103,8075097,5,5,1,test,diff_days_indoor,5,0,0,0,0,0,0.36414071917533875
data/raw/osu_lora/Diff_Days_Indoor_Setup/Day5/Device6/IQ_1.dat,104,8153496,5,6,0,test,diff_days_indoor,5,0,0,0,0,0,0.31476181745529175
data/raw/osu_lora/Diff_Days_Indoor_Setup/Day5/Device6/IQ_1.dat,105,8231895,5,5,1,test,diff_days_indoor,5,0,0,0,0,0,0.44355517625808716
data/raw/osu_lora/Diff_Days_Indoor_Setup/Day5/Device6/IQ_1.dat,106,8310294,5,5,1,test,diff_days_indoor,5,0,0,0,0,0,0.45403051376342773
data/raw/osu_lora/Diff_Days_Indoor_Setup/Day5/Device6/IQ_1.dat,107,8388693,5,5,1,test,diff_days_indoor,5,0,0,0,0,0,0.3453577160835266
data/raw/osu_lora/Diff_Days_Indoor_Setup/Day5/Device6/IQ_1.dat,108,8467092,5,5,1,test,diff_days_indoor,5,0,0,0,0,0,0.410793274641037
data/raw/osu_lora/Diff_Days_Indoor_Setup/Day5/Device6/IQ_1.dat,109,8545491,5,5,1,test,diff_days_indoor,5,0,0,0,0,0,0.4950096011161804
data/raw/osu_lora/Diff_Days_Indoor_Setup/Day5/Device6/IQ_1.dat,110,8623890,5,5,1,test,diff_days_indoor,5,0,0,0,0,0,0.47829240560531616
data/raw/osu_lora/Diff_Days_Indoor_Setup/Day5/Device6/IQ_1.dat,111,8702289,5,5,1,test,diff_days_indoor,5,0,0,0,0,0,0.41041502356529236
data/raw/osu_lora/Diff_Days_Indoor_Setup/Day5/Device6/IQ_1.dat,112,8780688,5,20,0,test,diff_days_indoor,5,0,0,0,0,0,0.31410491466522217
data/raw/osu_lora/Diff_Days_Indoor_Setup/Day5/Device6/IQ_1.dat,113,8859087,5,5,1,test,diff_days_indoor,5,0,0,0,0,0,0.4036934971809387
data/raw/osu_lora/Diff_Days_Indoor_Setup/Day5/Device6/IQ_1.dat,114,8937486,5,5,1,test,diff_days_indoor,5,0,0,0,0,0,0.43581780791282654
data/raw/osu_lora/Diff_Days_Indoor_Setup/Day5/Device6/IQ_1.dat,115,9015885,5,5,1,test,diff_days_indoor,5,0,0,0,0,0,0.478837788105011
data/raw/osu_lora/Diff_Days_Indoor_Setup/Day5/Device6/IQ_1.dat,116,9094284,5,5,1,test,diff_days_indoor,5,0,0,0,0,0,0.3563621938228607
data/raw/osu_lora/Diff_Days_Indoor_Setup/Day5/Device6/IQ_1.dat,117,9172683,5,19,0,test,diff_days_indoor,5,0,0,0,0,0,0.4215783476829529
data/raw/osu_lora/Diff_Days_Indoor_Setup/Day5/Device6/IQ_1.dat,118,9251082,5,5,1,test,diff_days_indoor,5,0,0,0,0,0,0.5110259056091309
data/raw/osu_lora/Diff_Days_Indoor_Setup/Day5/Device6/IQ_1.dat,119,9329481,5,5,1,test,diff_days_indoor,5,0,0,0,0,0,0.4824977219104767
data/raw/osu_lora/Diff_Days_Indoor_Setup/Day5/Device6/IQ_1.dat,120,9407880,5,5,1,test,diff_days_indoor,5,0,0,0,0,0,0.48388761281967163
data/raw/osu_lora/Diff_Days_Indoor_Setup/Day5/Device6/IQ_1.dat,121,9486279,5,6,0,test,diff_days_indoor,5,0,0,0,0,0,0.3630988895893097
data/raw/osu_lora/Diff_Days_Indoor_Setup/Day5/Device6/IQ_1.dat,122,9564678,5,6,0,test,diff_days_indoor,5,0,0,0,0,0,0.30232393741607666
data/raw/osu_lora/Diff_Days_Indoor_Setup/Day5/Device6/IQ_1.dat,123,9643077,5,5,1,test,diff_days_indoor,5,0,0,0,0,0,0.3331083655357361
data/raw/osu_lora/Diff_Days_Indoor_Setup/Day5/Device6/IQ_1.dat,124,9721476,5,5,1,test,diff_days_indoor,5,0,0,0,0,0,0.5040486454963684
data/raw/osu_lora/Diff_Days_Indoor_Setup/Day5/Device6/IQ_1.dat,125,9799875,5,5,1,test,diff_days_indoor,5,0,0,0,0,0,0.5492788553237915
data/raw/osu_lora/Diff_Days_Indoor_Setup/Day5/Device6/IQ_1.dat,126,9878274,5,5,1,test,diff_days_indoor,5,0,0,0,0,0,0.4907292425632477
data/raw/osu_lora/Diff_Days_Indoor_Setup/Day5/Device6/IQ_1.dat,127,9956673,5,5,1,test,diff_days_indoor,5,0,0,0,0,0,0.4212460517883301
data/raw/osu_lora/Diff_Days_Indoor_Setup/Day5/Device6/IQ_1.dat,128,10035072,5,5,1,test,diff_days_indoor,5,0,0,0,0,0,0.3979973793029785
data/raw/osu_lora/Diff_Days_Indoor_Setup/Day5/Device6/IQ_1.dat,129,10113471,5,5,1,test,diff_days_indoor,5,0,0,0,0,0,0.42133453488349915
data/raw/osu_lora/Diff_Days_Indoor_Setup/Day5/Device6/IQ_1.dat,130,10191870,5,6,0,test,diff_days_indoor,5,0,0,0,0,0,0.3853582441806793
data/raw/osu_lora/Diff_Days_Indoor_Setup/Day5/Device6/IQ_1.dat,131,10270269,5,5,1,test,diff_days_indoor,5,0,0,0,0,0,0.3130798041820526
data/raw/osu_lora/Diff_Days_Indoor_Setup/Day5/Device6/IQ_1.dat,132,10348668,5,5,1,test,diff_days_indoor,5,0,0,0,0,0,0.46667051315307617
data/raw/osu_lora/Diff_Days_Indoor_Setup/Day5/Device6/IQ_1.dat,133,10427067,5,5,1,test,diff_days_indoor,5,0,0,0,0,0,0.3664240837097168
data/raw/osu_lora/Diff_Days_Indoor_Setup/Day5/Device6/IQ_1.dat,134,10505466,5,5,1,test,diff_days_indoor,5,0,0,0,0,0,0.38262662291526794
data/raw/osu_lora/Diff_Days_Indoor_Setup/Day5/Device6/IQ_1.dat,135,10583865,5,5,1,test,diff_days_indoor,5,0,0,0,0,0,0.49509450793266296
data/raw/osu_lora/Diff_Days_Indoor_Setup/Day5/Device6/IQ_1.dat,136,10662264,5,5,1,test,diff_days_indoor,5,0,0,0,0,0,0.3479125201702118
data/raw/osu_lora/Diff_Days_Indoor_Setup/Day5/Device6/IQ_1.dat,137,10740663,5,5,1,test,diff_days_indoor,5,0,0,0,0,0,0.46628281474113464
data/raw/osu_lora/Diff_Days_Indoor_Setup/Day5/Device6/IQ_1.dat,138,10819062,5,5,1,test,diff_days_indoor,5,0,0,0,0,0,0.34080278873443604
data/raw/osu_lora/Diff_Days_Indoor_Setup/Day5/Device6/IQ_1.dat,139,10897461,5,5,1,test,diff_days_indoor,5,0,0,0,0,0,0.4605254828929901
data/raw/osu_lora/Diff_Days_Indoor_Setup/Day5/Device6/IQ_1.dat,140,10975860,5,5,1,test,diff_days_indoor,5,0,0,0,0,0,0.500609278678894
data/raw/osu_lora/Diff_Days_Indoor_Setup/Day5/Device6/IQ_1.dat,141,11054259,5,5,1,test,diff_days_indoor,5,0,0,0,0,0,0.5110350847244263
data/raw/osu_lora/Diff_Days_Indoor_Setup/Day5/Device6/IQ_1.dat,142,11132658,5,6,0,test,diff_days_indoor,5,0,0,0,0,0,0.3421719968318939
data/raw/osu_lora/Diff_Days_Indoor_Setup/Day5/Device6/IQ_1.dat,143,11211057,5,5,1,test,diff_days_indoor,5,0,0,0,0,0,0.5173661112785339
data/raw/osu_lora/Diff_Days_Indoor_Setup/Day5/Device6/IQ_1.dat,144,11289456,5,6,0,test,diff_days_indoor,5,0,0,0,0,0,0.3640858232975006
data/raw/osu_lora/Diff_Days_Indoor_Setup/Day5/Device6/IQ_1.dat,145,11367855,5,5,1,test,diff_days_indoor,5,0,0,0,0,0,0.36310121417045593
data/raw/osu_lora/Diff_Days_Indoor_Setup/Day5/Device6/IQ_1.dat,146,11446254,5,5,1,test,diff_days_indoor,5,0,0,0,0,0,0.45810654759407043
data/raw/osu_lora/Diff_Days_Indoor_Setup/Day5/Device6/IQ_1.dat,147,11524653,5,5,1,test,diff_days_indoor,5,0,0,0,0,0,0.5218946933746338
data/raw/osu_lora/Diff_Days_Indoor_Setup/Day5/Device6/IQ_1.dat,148,11603052,5,5,1,test,diff_days_indoor,5,0,0,0,0,0,0.4737664759159088
data/raw/osu_lora/Diff_Days_Indoor_Setup/Day5/Device6/IQ_1.dat,149,11681451,5,13,0,test,diff_days_indoor,5,0,0,0,0,0,0.10814602673053741
data/raw/osu_lora/Diff_Days_Indoor_Setup/Day5/Device6/IQ_1.dat,150,11759850,5,5,1,test,diff_days_indoor,5,0,0,0,0,0,0.5688284635543823
data/raw/osu_lora/Diff_Days_Indoor_Setup/Day5/Device6/IQ_1.dat,151,11838249,5,5,1,test,diff_days_indoor,5,0,0,0,0,0,0.5560974478721619
data/raw/osu_lora/Diff_Days_Indoor_Setup/Day5/Device6/IQ_1.dat,152,11916648,5,5,1,test,diff_days_indoor,5,0,0,0,0,0,0.4057658016681671
data/raw/osu_lora/Diff_Days_Indoor_Setup/Day5/Device6/IQ_1.dat,153,11995047,5,5,1,test,diff_days_indoor,5,0,0,0,0,0,0.43511831760406494
data/raw/osu_lora/Diff_Days_Indoor_Setup/Day5/Device6/IQ_1.dat,154,12073446,5,5,1,test,diff_days_indoor,5,0,0,0,0,0,0.47242000699043274
data/raw/osu_lora/Diff_Days_Indoor_Setup/Day5/Device6/IQ_1.dat,155,12151845,5,5,1,test,diff_days_indoor,5,0,0,0,0,0,0.2755325734615326
data/raw/osu_lora/Diff_Days_Indoor_Setup/Day5/Device6/IQ_1.dat,156,12230244,5,5,1,test,diff_days_indoor,5,0,0,0,0,0,0.42441317439079285
data/raw/osu_lora/Diff_Days_Indoor_Setup/Day5/Device6/IQ_1.dat,157,12308643,5,5,1,test,diff_days_indoor,5,0,0,0,0,0,0.49146905541419983
data/raw/osu_lora/Diff_Days_Indoor_Setup/Day5/Device6/IQ_1.dat,158,12387042,5,20,0,test,diff_days_indoor,5,0,0,0,0,0,0.3576895594596863
data/raw/osu_lora/Diff_Days_Indoor_Setup/Day5/Device6/IQ_1.dat,159,12465441,5,5,1,test,diff_days_indoor,5,0,0,0,0,0,0.3982820212841034
data/raw/osu_lora/Diff_Days_Indoor_Setup/Day5/Device6/IQ_1.dat,160,12543840,5,5,1,test,diff_days_indoor,5,0,0,0,0,0,0.42341890931129456
data/raw/osu_lora/Diff_Days_Indoor_Setup/Day5/Device6/IQ_1.dat,161,12622239,5,5,1,test,diff_days_indoor,5,0,0,0,0,0,0.5378328561782837
data/raw/osu_lora/Diff_Days_Indoor_Setup/Day5/Device6/IQ_1.dat,162,12700638,5,5,1,test,diff_days_indoor,5,0,0,0,0,0,0.44780054688453674
data/raw/osu_lora/Diff_Days_Indoor_Setup/Day5/Device6/IQ_1.dat,163,12779037,5,5,1,test,diff_days_indoor,5,0,0,0,0,0,0.46429145336151123
data/raw/osu_lora/Diff_Days_Indoor_Setup/Day5/Device6/IQ_1.dat,164,12857436,5,5,1,test,diff_days_indoor,5,0,0,0,0,0,0.5131798386573792
data/raw/osu_lora/Diff_Days_Indoor_Setup/Day5/Device6/IQ_1.dat,165,12935835,5,5,1,test,diff_days_indoor,5,0,0,0,0,0,0.37195858359336853
data/raw/osu_lora/Diff_Days_Indoor_Setup/Day5/Device6/IQ_1.dat,166,13014234,5,6,0,test,diff_days_indoor,5,0,0,0,0,0,0.3218713700771332
data/raw/osu_lora/Diff_Days_Indoor_Setup/Day5/Device6/IQ_1.dat,167,13092633,5,8,0,test,diff_days_indoor,5,0,0,0,0,0,0.31891879439353943
data/raw/osu_lora/Diff_Days_Indoor_Setup/Day5/Device6/IQ_1.dat,168,13171032,5,5,1,test,diff_days_indoor,5,0,0,0,0,0,0.3913936913013458
data/raw/osu_lora/Diff_Days_Indoor_Setup/Day5/Device6/IQ_1.dat,169,13249431,5,6,0,test,diff_days_indoor,5,0,0,0,0,0,0.3330283761024475
data/raw/osu_lora/Diff_Days_Indoor_Setup/Day5/Device6/IQ_1.dat,170,13327830,5,5,1,test,diff_days_indoor,5,0,0,0,0,0,0.46217504143714905
data/raw/osu_lora/Diff_Days_Indoor_Setup/Day5/Device6/IQ_1.dat,171,13406229,5,5,1,test,diff_days_indoor,5,0,0,0,0,0,0.4488821029663086
data/raw/osu_lora/Diff_Days_Indoor_Setup/Day5/Device6/IQ_1.dat,172,13484628,5,5,1,test,diff_days_indoor,5,0,0,0,0,0,0.40028366446495056
data/raw/osu_lora/Diff_Days_Indoor_Setup/Day5/Device6/IQ_1.dat,173,13563027,5,5,1,test,diff_days_indoor,5,0,0,0,0,0,0.4956190288066864
data/raw/osu_lora/Diff_Days_Indoor_Setup/Day5/Device6/IQ_1.dat,174,13641426,5,5,1,test,diff_days_indoor,5,0,0,0,0,0,0.5239085555076599
data/raw/osu_lora/Diff_Days_Indoor_Setup/Day5/Device6/IQ_1.dat,175,13719825,5,20,0,test,diff_days_indoor,5,0,0,0,0,0,0.3605591058731079
data/raw/osu_lora/Diff_Days_Indoor_Setup/Day5/Device6/IQ_1.dat,176,13798224,5,5,1,test,diff_days_indoor,5,0,0,0,0,0,0.46798548102378845
data/raw/osu_lora/Diff_Days_Indoor_Setup/Day5/Device6/IQ_1.dat,177,13876623,5,5,1,test,diff_days_indoor,5,0,0,0,0,0,0.5313446521759033
data/raw/osu_lora/Diff_Days_Indoor_Setup/Day5/Device6/IQ_1.dat,178,13955022,5,5,1,test,diff_days_indoor,5,0,0,0,0,0,0.5657639503479004
data/raw/osu_lora/Diff_Days_Indoor_Setup/Day5/Device6/IQ_1.dat,179,14033421,5,5,1,test,diff_days_indoor,5,0,0,0,0,0,0.38446173071861267
data/raw/osu_lora/Diff_Days_Indoor_Setup/Day5/Device6/IQ_1.dat,180,14111820,5,5,1,test,diff_days_indoor,5,0,0,0,0,0,0.5266537070274353
data/raw/osu_lora/Diff_Days_Indoor_Setup/Day5/Device6/IQ_1.dat,181,14190219,5,5,1,test,diff_days_indoor,5,0,0,0,0,0,0.4854262173175812
data/raw/osu_lora/Diff_Days_Indoor_Setup/Day5/Device6/IQ_1.dat,182,14268618,5,5,1,test,diff_days_indoor,5,0,0,0,0,0,0.5192760229110718
data/raw/osu_lora/Diff_Days_Indoor_Setup/Day5/Device6/IQ_1.dat,183,14347017,5,5,1,test,diff_days_indoor,5,0,0,0,0,0,0.49876508116722107
data/raw/osu_lora/Diff_Days_Indoor_Setup/Day5/Device6/IQ_1.dat,184,14425416,5,5,1,test,diff_days_indoor,5,0,0,0,0,0,0.4724767804145813
data/raw/osu_lora/Diff_Days_Indoor_Setup/Day5/Device6/IQ_1.dat,185,14503815,5,5,1,test,diff_days_indoor,5,0,0,0,0,0,0.5216370224952698
data/raw/osu_lora/Diff_Days_Indoor_Setup/Day5/Device6/IQ_1.dat,186,14582214,5,5,1,test,diff_days_indoor,5,0,0,0,0,0,0.3684957027435303
data/raw/osu_lora/Diff_Days_Indoor_Setup/Day5/Device6/IQ_1.dat,187,14660613,5,6,0,test,diff_days_indoor,5,0,0,0,0,0,0.3844913840293884
data/raw/osu_lora/Diff_Days_Indoor_Setup/Day5/Device6/IQ_1.dat,188,14739012,5,5,1,test,diff_days_indoor,5,0,0,0,0,0,0.4738894999027252
data/raw/osu_lora/Diff_Days_Indoor_Setup/Day5/Device6/IQ_1.dat,189,14817411,5,19,0,test,diff_days_indoor,5,0,0,0,0,0,0.42445892095565796
data/raw/osu_lora/Diff_Days_Indoor_Setup/Day5/Device6/IQ_1.dat,190,14895810,5,5,1,test,diff_days_indoor,5,0,0,0,0,0,0.5227252244949341
data/raw/osu_lora/Diff_Days_Indoor_Setup/Day5/Device6/IQ_1.dat,191,14974209,5,5,1,test,diff_days_indoor,5,0,0,0,0,0,0.40184545516967773
data/raw/osu_lora/Diff_Days_Indoor_Setup/Day5/Device6/IQ_1.dat,192,15052608,5,5,1,test,diff_days_indoor,5,0,0,0,0,0,0.37854093313217163
data/raw/osu_lora/Diff_Days_Indoor_Setup/Day5/Device6/IQ_1.dat,193,15131007,5,19,0,test,diff_days_indoor,5,0,0,0,0,0,0.3875330984592438
data/raw/osu_lora/Diff_Days_Indoor_Setup/Day5/Device6/IQ_1.dat,194,15209406,5,5,1,test,diff_days_indoor,5,0,0,0,0,0,0.43469199538230896
data/raw/osu_lora/Diff_Days_Indoor_Setup/Day5/Device6/IQ_1.dat,195,15287805,5,5,1,test,diff_days_indoor,5,0,0,0,0,0,0.4555850327014923
data/raw/osu_lora/Diff_Days_Indoor_Setup/Day5/Device6/IQ_1.dat,196,15366204,5,8,0,test,diff_days_indoor,5,0,0,0,0,0,0.2377963811159134
data/raw/osu_lora/Diff_Days_Indoor_Setup/Day5/Device6/IQ_1.dat,197,15444603,5,5,1,test,diff_days_indoor,5,0,0,0,0,0,0.40978071093559265
data/raw/osu_lora/Diff_Days_Indoor_Setup/Day5/Device6/IQ_1.dat,198,15523002,5,5,1,test,diff_days_indoor,5,0,0,0,0,0,0.35786813497543335
data/raw/osu_lora/Diff_Days_Indoor_Setup/Day5/Device6/IQ_1.dat,199,15601401,5,5,1,test,diff_days_indoor,5,0,0,0,0,0,0.3495103418827057
data/raw/osu_lora/Diff_Days_Indoor_Setup/Day5/Device6/IQ_1.dat,200,15679800,5,5,1,test,diff_days_indoor,5,0,0,0,0,0,0.495646208524704
data/raw/osu_lora/Diff_Days_Indoor_Setup/Day5/Device6/IQ_1.dat,201,15758199,5,5,1,test,diff_days_indoor,5,0,0,0,0,0,0.5554035305976868
data/raw/osu_lora/Diff_Days_Indoor_Setup/Day5/Device6/IQ_1.dat,202,15836598,5,5,1,test,diff_days_indoor,5,0,0,0,0,0,0.47201377153396606
data/raw/osu_lora/Diff_Days_Indoor_Setup/Day5/Device6/IQ_1.dat,203,15914997,5,5,1,test,diff_days_indoor,5,0,0,0,0,0,0.4370975196361542
data/raw/osu_lora/Diff_Days_Indoor_Setup/Day5/Device6/IQ_1.dat,204,15993396,5,5,1,test,diff_days_indoor,5,0,0,0,0,0,0.4380149245262146
data/raw/osu_lora/Diff_Days_Indoor_Setup/Day5/Device6/IQ_1.dat,205,16071795,5,5,1,test,diff_days_indoor,5,0,0,0,0,0,0.36838486790657043
data/raw/osu_lora/Diff_Days_Indoor_Setup/Day5/Device6/IQ_1.dat,206,16150194,5,5,1,test,diff_days_indoor,5,0,0,0,0,0,0.3520856499671936
data/raw/osu_lora/Diff_Days_Indoor_Setup/Day5/Device6/IQ_1.dat,207,16228593,5,5,1,test,diff_days_indoor,5,0,0,0,0,0,0.36499759554862976
data/raw/osu_lora/Diff_Days_Indoor_Setup/Day5/Device6/IQ_1.dat,208,16306992,5,5,1,test,diff_days_indoor,5,0,0,0,0,0,0.3683345913887024
data/raw/osu_lora/Diff_Days_Indoor_Setup/Day5/Device6/IQ_1.dat,209,16385391,5,5,1,test,diff_days_indoor,5,0,0,0,0,0,0.46329182386398315
data/raw/osu_lora/Diff_Days_Indoor_Setup/Day5/Device6/IQ_1.dat,210,16463790,5,5,1,test,diff_days_indoor,5,0,0,0,0,0,0.5344328284263611
data/raw/osu_lora/Diff_Days_Indoor_Setup/Day5/Device6/IQ_1.dat,211,16542189,5,5,1,test,diff_days_indoor,5,0,0,0,0,0,0.452065110206604
data/raw/osu_lora/Diff_Days_Indoor_Setup/Day5/Device6/IQ_1.dat,212,16620588,5,5,1,test,diff_days_indoor,5,0,0,0,0,0,0.4913271367549896
data/raw/osu_lora/Diff_Days_Indoor_Setup/Day5/Device6/IQ_1.dat,213,16698987,5,5,1,test,diff_days_indoor,5,0,0,0,0,0,0.459011048078537
data/raw/osu_lora/Diff_Days_Indoor_Setup/Day5/Device6/IQ_1.dat,214,16777386,5,5,1,test,diff_days_indoor,5,0,0,0,0,0,0.46487829089164734
data/raw/osu_lora/Diff_Days_Indoor_Setup/Day5/Device6/IQ_1.dat,215,16855785,5,19,0,test,diff_days_indoor,5,0,0,0,0,0,0.42051056027412415
data/raw/osu_lora/Diff_Days_Indoor_Setup/Day5/Device6/IQ_1.dat,216,16934184,5,5,1,test,diff_days_indoor,5,0,0,0,0,0,0.5101682543754578
data/raw/osu_lora/Diff_Days_Indoor_Setup/Day5/Device6/IQ_1.dat,217,17012583,5,5,1,test,diff_days_indoor,5,0,0,0,0,0,0.43322694301605225
data/raw/osu_lora/Diff_Days_Indoor_Setup/Day5/Device6/IQ_1.dat,218,17090982,5,5,1,test,diff_days_indoor,5,0,0,0,0,0,0.48311638832092285
data/raw/osu_lora/Diff_Days_Indoor_Setup/Day5/Device6/IQ_1.dat,219,17169381,5,5,1,test,diff_days_indoor,5,0,0,0,0,0,0.5096776485443115
data/raw/osu_lora/Diff_Days_Indoor_Setup/Day5/Device6/IQ_1.dat,220,17247780,5,5,1,test,diff_days_indoor,5,0,0,0,0,0,0.41001638770103455
data/raw/osu_lora/Diff_Days_Indoor_Setup/Day5/Device6/IQ_1.dat,221,17326179,5,6,0,test,diff_days_indoor,5,0,0,0,0,0,0.34109288454055786
data/raw/osu_lora/Diff_Days_Indoor_Setup/Day5/Device6/IQ_1.dat,222,17404578,5,5,1,test,diff_days_indoor,5,0,0,0,0,0,0.30157914757728577
data/raw/osu_lora/Diff_Days_Indoor_Setup/Day5/Device6/IQ_1.dat,223,17482977,5,6,0,test,diff_days_indoor,5,0,0,0,0,0,0.3172459304332733
data/raw/osu_lora/Diff_Days_Indoor_Setup/Day5/Device6/IQ_1.dat,224,17561376,5,5,1,test,diff_days_indoor,5,0,0,0,0,0,0.36363735795021057
data/raw/osu_lora/Diff_Days_Indoor_Setup/Day5/Device6/IQ_1.dat,225,17639775,5,5,1,test,diff_days_indoor,5,0,0,0,0,0,0.479299396276474
data/raw/osu_lora/Diff_Days_Indoor_Setup/Day5/Device6/IQ_1.dat,226,17718174,5,5,1,test,diff_days_indoor,5,0,0,0,0,0,0.5013694763183594
data/raw/osu_lora/Diff_Days_Indoor_Setup/Day5/Device6/IQ_1.dat,227,17796573,5,5,1,test,diff_days_indoor,5,0,0,0,0,0,0.4368632435798645
data/raw/osu_lora/Diff_Days_Indoor_Setup/Day5/Device6/IQ_1.dat,228,17874972,5,5,1,test,diff_days_indoor,5,0,0,0,0,0,0.468038946390152
data/raw/osu_lora/Diff_Days_Indoor_Setup/Day5/Device6/IQ_1.dat,229,17953371,5,5,1,test,diff_days_indoor,5,0,0,0,0,0,0.4690917432308197
data/raw/osu_lora/Diff_Days_Indoor_Setup/Day5/Device6/IQ_1.dat,230,18031770,5,5,1,test,diff_days_indoor,5,0,0,0,0,0,0.5266390442848206
data/raw/osu_lora/Diff_Days_Indoor_Setup/Day5/Device6/IQ_1.dat,231,18110169,5,5,1,test,diff_days_indoor,5,0,0,0,0,0,0.39871272444725037
data/raw/osu_lora/Diff_Days_Indoor_Setup/Day5/Device6/IQ_1.dat,232,18188568,5,5,1,test,diff_days_indoor,5,0,0,0,0,0,0.5673127174377441
data/raw/osu_lora/Diff_Days_Indoor_Setup/Day5/Device6/IQ_1.dat,233,18266967,5,5,1,test,diff_days_indoor,5,0,0,0,0,0,0.4289509654045105
data/raw/osu_lora/Diff_Days_Indoor_Setup/Day5/Device6/IQ_1.dat,234,18345366,5,5,1,test,diff_days_indoor,5,0,0,0,0,0,0.3712990880012512
data/raw/osu_lora/Diff_Days_Indoor_Setup/Day5/Device6/IQ_1.dat,235,18423765,5,5,1,test,diff_days_indoor,5,0,0,0,0,0,0.4999914765357971
data/raw/osu_lora/Diff_Days_Indoor_Setup/Day5/Device6/IQ_1.dat,236,18502164,5,5,1,test,diff_days_indoor,5,0,0,0,0,0,0.4435397684574127
data/raw/osu_lora/Diff_Days_Indoor_Setup/Day5/Device6/IQ_1.dat,237,18580563,5,5,1,test,diff_days_indoor,5,0,0,0,0,0,0.37224307656288147
data/raw/osu_lora/Diff_Days_Indoor_Setup/Day5/Device6/IQ_1.dat,238,18658962,5,5,1,test,diff_days_indoor,5,0,0,0,0,0,0.526826024055481
data/raw/osu_lora/Diff_Days_Indoor_Setup/Day5/Device6/IQ_1.dat,239,18737361,5,5,1,test,diff_days_indoor,5,0,0,0,0,0,0.5570681095123291
data/raw/osu_lora/Diff_Days_Indoor_Setup/Day5/Device6/IQ_1.dat,240,18815760,5,5,1,test,diff_days_indoor,5,0,0,0,0,0,0.5484932065010071
data/raw/osu_lora/Diff_Days_Indoor_Setup/Day5/Device6/IQ_1.dat,241,18894159,5,5,1,test,diff_days_indoor,5,0,0,0,0,0,0.4032718539237976
data/raw/osu_lora/Diff_Days_Indoor_Setup/Day5/Device6/IQ_1.dat,242,18972558,5,6,0,test,diff_days_indoor,5,0,0,0,0,0,0.29867562651634216
data/raw/osu_lora/Diff_Days_Indoor_Setup/Day5/Device6/IQ_1.dat,243,19050957,5,8,0,test,diff_days_indoor,5,0,0,0,0,0,0.41211768984794617
data/raw/osu_lora/Diff_Days_Indoor_Setup/Day5/Device6/IQ_1.dat,244,19129356,5,5,1,test,diff_days_indoor,5,0,0,0,0,0,0.5544694662094116
data/raw/osu_lora/Diff_Days_Indoor_Setup/Day5/Device6/IQ_1.dat,245,19207755,5,5,1,test,diff_days_indoor,5,0,0,0,0,0,0.537926971912384
data/raw/osu_lora/Diff_Days_Indoor_Setup/Day5/Device6/IQ_1.dat,246,19286154,5,5,1,test,diff_days_indoor,5,0,0,0,0,0,0.45351269841194153
data/raw/osu_lora/Diff_Days_Indoor_Setup/Day5/Device6/IQ_1.dat,247,19364553,5,5,1,test,diff_days_indoor,5,0,0,0,0,0,0.49472275376319885
data/raw/osu_lora/Diff_Days_Indoor_Setup/Day5/Device6/IQ_1.dat,248,19442952,5,5,1,test,diff_days_indoor,5,0,0,0,0,0,0.5775402188301086
data/raw/osu_lora/Diff_Days_Indoor_Setup/Day5/Device6/IQ_1.dat,249,19521351,5,6,0,test,diff_days_indoor,5,0,0,0,0,0,0.3703077435493469
data/raw/osu_lora/Diff_Days_Indoor_Setup/Day5/Device6/IQ_1.dat,250,19599750,5,5,1,test,diff_days_indoor,5,0,0,0,0,0,0.37321698665618896
data/raw/osu_lora/Diff_Days_Indoor_Setup/Day5/Device6/IQ_1.dat,251,19678149,5,5,1,test,diff_days_indoor,5,0,0,0,0,0,0.23514780402183533
data/raw/osu_lora/Diff_Days_Indoor_Setup/Day5/Device6/IQ_1.dat,252,19756548,5,5,1,test,diff_days_indoor,5,0,0,0,0,0,0.26876869797706604
data/raw/osu_lora/Diff_Days_Indoor_Setup/Day5/Device6/IQ_1.dat,253,19834947,5,5,1,test,diff_days_indoor,5,0,0,0,0,0,0.4552169144153595
data/raw/osu_lora/Diff_Days_Indoor_Setup/Day5/Device6/IQ_1.dat,254,19913346,5,5,1,test,diff_days_indoor,5,0,0,0,0,0,0.4983786642551422
data/raw/osu_lora/Diff_Days_Indoor_Setup/Day5/Device6/IQ_1.dat,255,19991745,5,5,1,test,diff_days_indoor,5,0,0,0,0,0,0.49068599939346313
data/raw/osu_lora/Diff_Days_Indoor_Setup/Day5/Device7/IQ_1.dat,0,0,6,5,0,test,diff_days_indoor,5,0,0,0,0,0,0.3674907386302948
data/raw/osu_lora/Diff_Days_Indoor_Setup/Day5/Device7/IQ_1.dat,1,78399,6,5,0,test,diff_days_indoor,5,0,0,0,0,0,0.42027047276496887
data/raw/osu_lora/Diff_Days_Indoor_Setup/Day5/Device7/IQ_1.dat,2,156798,6,5,0,test,diff_days_indoor,5,0,0,0,0,0,0.5078632831573486
data/raw/osu_lora/Diff_Days_Indoor_Setup/Day5/Device7/IQ_1.dat,3,235197,6,6,1,test,diff_days_indoor,5,0,0,0,0,0,0.3513568341732025
data/raw/osu_lora/Diff_Days_Indoor_Setup/Day5/Device7/IQ_1.dat,4,313596,6,20,0,test,diff_days_indoor,5,0,0,0,0,0,0.33112871646881104
data/raw/osu_lora/Diff_Days_Indoor_Setup/Day5/Device7/IQ_1.dat,5,391995,6,20,0,test,diff_days_indoor,5,0,0,0,0,0,0.26155322790145874
data/raw/osu_lora/Diff_Days_Indoor_Setup/Day5/Device7/IQ_1.dat,6,470394,6,6,1,test,diff_days_indoor,5,0,0,0,0,0,0.3550836443901062
data/raw/osu_lora/Diff_Days_Indoor_Setup/Day5/Device7/IQ_1.dat,7,548793,6,20,0,test,diff_days_indoor,5,0,0,0,0,0,0.3385704755783081
data/raw/osu_lora/Diff_Days_Indoor_Setup/Day5/Device7/IQ_1.dat,8,627192,6,5,0,test,diff_days_indoor,5,0,0,0,0,0,0.5194098949432373
data/raw/osu_lora/Diff_Days_Indoor_Setup/Day5/Device7/IQ_1.dat,9,705591,6,6,1,test,diff_days_indoor,5,0,0,0,0,0,0.3122387230396271
data/raw/osu_lora/Diff_Days_Indoor_Setup/Day5/Device7/IQ_1.dat,10,783990,6,5,0,test,diff_days_indoor,5,0,0,0,0,0,0.3376171886920929
data/raw/osu_lora/Diff_Days_Indoor_Setup/Day5/Device7/IQ_1.dat,11,862389,6,6,1,test,diff_days_indoor,5,0,0,0,0,0,0.3279930353164673
data/raw/osu_lora/Diff_Days_Indoor_Setup/Day5/Device7/IQ_1.dat,12,940788,6,6,1,test,diff_days_indoor,5,0,0,0,0,0,0.3121442496776581
data/raw/osu_lora/Diff_Days_Indoor_Setup/Day5/Device7/IQ_1.dat,13,1019187,6,6,1,test,diff_days_indoor,5,0,0,0,0,0,0.35007724165916443
data/raw/osu_lora/Diff_Days_Indoor_Setup/Day5/Device7/IQ_1.dat,14,1097586,6,5,0,test,diff_days_indoor,5,0,0,0,0,0,0.33207806944847107
data/raw/osu_lora/Diff_Days_Indoor_Setup/Day5/Device7/IQ_1.dat,15,1175985,6,20,0,test,diff_days_indoor,5,0,0,0,0,0,0.3287130296230316
data/raw/osu_lora/Diff_Days_Indoor_Setup/Day5/Device7/IQ_1.dat,16,1254384,6,20,0,test,diff_days_indoor,5,0,0,0,0,0,0.3803553879261017
data/raw/osu_lora/Diff_Days_Indoor_Setup/Day5/Device7/IQ_1.dat,17,1332783,6,8,0,test,diff_days_indoor,5,0,0,0,0,0,0.4137503504753113
data/raw/osu_lora/Diff_Days_Indoor_Setup/Day5/Device7/IQ_1.dat,18,1411182,6,6,1,test,diff_days_indoor,5,0,0,0,0,0,0.3665412366390228
data/raw/osu_lora/Diff_Days_Indoor_Setup/Day5/Device7/IQ_1.dat,19,1489581,6,5,0,test,diff_days_indoor,5,0,0,0,0,0,0.3717050552368164
data/raw/osu_lora/Diff_Days_Indoor_Setup/Day5/Device7/IQ_1.dat,20,1567980,6,8,0,test,diff_days_indoor,5,0,0,0,0,0,0.27044761180877686
data/raw/osu_lora/Diff_Days_Indoor_Setup/Day5/Device7/IQ_1.dat,21,1646379,6,6,1,test,diff_days_indoor,5,0,0,0,0,0,0.2929679751396179
data/raw/osu_lora/Diff_Days_Indoor_Setup/Day5/Device7/IQ_1.dat,22,1724778,6,5,0,test,diff_days_indoor,5,0,0,0,0,0,0.37476274371147156
data/raw/osu_lora/Diff_Days_Indoor_Setup/Day5/Device7/IQ_1.dat,23,1803177,6,6,1,test,diff_days_indoor,5,0,0,0,0,0,0.3106144964694977
data/raw/osu_lora/Diff_Days_Indoor_Setup/Day5/Device7/IQ_1.dat,24,1881576,6,6,1,test,diff_days_indoor,5,0,0,0,0,0,0.33332785964012146
data/raw/osu_lora/Diff_Days_Indoor_Setup/Day5/Device7/IQ_1.dat,25,1959975,6,6,1,test,diff_days_indoor,5,0,0,0,0,0,0.3121993839740753
data/raw/osu_lora/Diff_Days_Indoor_Setup/Day5/Device7/IQ_1.dat,26,2038374,6,6,1,test,diff_days_indoor,5,0,0,0,0,0,0.3115505278110504
data/raw/osu_lora/Diff_Days_Indoor_Setup/Day5/Device7/IQ_1.dat,27,2116773,6,5,0,test,diff_days_indoor,5,0,0,0,0,0,0.38414445519447327
data/raw/osu_lora/Diff_Days_Indoor_Setup/Day5/Device7/IQ_1.dat,28,2195172,6,5,0,test,diff_days_indoor,5,0,0,0,0,0,0.5111499428749084
data/raw/osu_lora/Diff_Days_Indoor_Setup/Day5/Device7/IQ_1.dat,29,2273571,6,20,0,test,diff_days_indoor,5,0,0,0,0,0,0.37300801277160645
data/raw/osu_lora/Diff_Days_Indoor_Setup/Day5/Device7/IQ_1.dat,30,2351970,6,5,0,test,diff_days_indoor,5,0,0,0,0,0,0.3711857199668884
data/raw/osu_lora/Diff_Days_Indoor_Setup/Day5/Device7/IQ_1.dat,31,2430369,6,5,0,test,diff_days_indoor,5,0,0,0,0,0,0.3954577147960663
data/raw/osu_lora/Diff_Days_Indoor_Setup/Day5/Device7/IQ_1.dat,32,2508768,6,5,0,test,diff_days_indoor,5,0,0,0,0,0,0.46610307693481445
data/raw/osu_lora/Diff_Days_Indoor_Setup/Day5/Device7/IQ_1.dat,33,2587167,6,5,0,test,diff_days_indoor,5,0,0,0,0,0,0.3714239299297333
data/raw/osu_lora/Diff_Days_Indoor_Setup/Day5/Device7/IQ_1.dat,34,2665566,6,6,1,test,diff_days_indoor,5,0,0,0,0,0,0.3453158140182495
data/raw/osu_lora/Diff_Days_Indoor_Setup/Day5/Device7/IQ_1.dat,35,2743965,6,5,0,test,diff_days_indoor,5,0,0,0,0,0,0.42905813455581665
data/raw/osu_lora/Diff_Days_Indoor_Setup/Day5/Device7/IQ_1.dat,36,2822364,6,6,1,test,diff_days_indoor,5,0,0,0,0,0,0.32857516407966614
data/raw/osu_lora/Diff_Days_Indoor_Setup/Day5/Device7/IQ_1.dat,37,2900763,6,5,0,test,diff_days_indoor,5,0,0,0,0,0,0.2788390815258026
data/raw/osu_lora/Diff_Days_Indoor_Setup/Day5/Device7/IQ_1.dat,38,2979162,6,20,0,test,diff_days_indoor,5,0,0,0,0,0,0.4672262966632843
data/raw/osu_lora/Diff_Days_Indoor_Setup/Day5/Device7/IQ_1.dat,39,3057561,6,6,1,test,diff_days_indoor,5,0,0,0,0,0,0.30255264043807983
data/raw/osu_lora/Diff_Days_Indoor_Setup/Day5/Device7/IQ_1.dat,40,3135960,6,5,0,test,diff_days_indoor,5,0,0,0,0,0,0.3937956392765045
data/raw/osu_lora/Diff_Days_Indoor_Setup/Day5/Device7/IQ_1.dat,41,3214359,6,6,1,test,diff_days_indoor,5,0,0,0,0,0,0.34496623277664185
data/raw/osu_lora/Diff_Days_Indoor_Setup/Day5/Device7/IQ_1.dat,42,3292758,6,8,0,test,diff_days_indoor,5,0,0,0,0,0,0.12413179129362106
data/raw/osu_lora/Diff_Days_Indoor_Setup/Day5/Device7/IQ_1.dat,43,3371157,6,6,1,test,diff_days_indoor,5,0,0,0,0,0,0.3178964853286743
data/raw/osu_lora/Diff_Days_Indoor_Setup/Day5/Device7/IQ_1.dat,44,3449556,6,5,0,test,diff_days_indoor,5,0,0,0,0,0,0.35094568133354187
data/raw/osu_lora/Diff_Days_Indoor_Setup/Day5/Device7/IQ_1.dat,45,3527955,6,6,1,test,diff_days_indoor,5,0,0,0,0,0,0.40664082765579224
data/raw/osu_lora/Diff_Days_Indoor_Setup/Day5/Device7/IQ_1.dat,46,3606354,6,8,0,test,diff_days_indoor,5,0,0,0,0,0,0.297348290681839
data/raw/osu_lora/Diff_Days_Indoor_Setup/Day5/Device7/IQ_1.dat,47,3684753,6,6,1,test,diff_days_indoor,5,0,0,0,0,0,0.37069910764694214
data/raw/osu_lora/Diff_Days_Indoor_Setup/Day5/Device7/IQ_1.dat,48,3763152,6,6,1,test,diff_days_indoor,5,0,0,0,0,0,0.37067028880119324
data/raw/osu_lora/Diff_Days_Indoor_Setup/Day5/Device7/IQ_1.dat,49,3841551,6,20,0,test,diff_days_indoor,5,0,0,0,0,0,0.307736873626709
data/raw/osu_lora/Diff_Days_Indoor_Setup/Day5/Device7/IQ_1.dat,50,3919950,6,5,0,test,diff_days_indoor,5,0,0,0,0,0,0.5128721594810486
data/raw/osu_lora/Diff_Days_Indoor_Setup/Day5/Device7/IQ_1.dat,51,3998349,6,5,0,test,diff_days_indoor,5,0,0,0,0,0,0.3628435730934143
data/raw/osu_lora/Diff_Days_Indoor_Setup/Day5/Device7/IQ_1.dat,52,4076748,6,8,0,test,diff_days_indoor,5,0,0,0,0,0,0.35514941811561584
data/raw/osu_lora/Diff_Days_Indoor_Setup/Day5/Device7/IQ_1.dat,53,4155147,6,5,0,test,diff_days_indoor,5,0,0,0,0,0,0.3023318350315094
data/raw/osu_lora/Diff_Days_Indoor_Setup/Day5/Device7/IQ_1.dat,54,4233546,6,5,0,test,diff_days_indoor,5,0,0,0,0,0,0.3767615556716919
data/raw/osu_lora/Diff_Days_Indoor_Setup/Day5/Device7/IQ_1.dat,55,4311945,6,5,0,test,diff_days_indoor,5,0,0,0,0,0,0.3206850588321686
data/raw/osu_lora/Diff_Days_Indoor_Setup/Day5/Device7/IQ_1.dat,56,4390344,6,5,0,test,diff_days_indoor,5,0,0,0,0,0,0.36404529213905334
data/raw/osu_lora/Diff_Days_Indoor_Setup/Day5/Device7/IQ_1.dat,57,4468743,6,8,0,test,diff_days_indoor,5,0,0,0,0,0,0.4325663149356842
data/raw/osu_lora/Diff_Days_Indoor_Setup/Day5/Device7/IQ_1.dat,58,4547142,6,6,1,test,diff_days_indoor,5,0,0,0,0,0,0.33344802260398865
data/raw/osu_lora/Diff_Days_Indoor_Setup/Day5/Device7/IQ_1.dat,59,4625541,6,20,0,test,diff_days_indoor,5,0,0,0,0,0,0.33074814081192017
data/raw/osu_lora/Diff_Days_Indoor_Setup/Day5/Device7/IQ_1.dat,60,4703940,6,6,1,test,diff_days_indoor,5,0,0,0,0,0,0.34685876965522766
data/raw/osu_lora/Diff_Days_Indoor_Setup/Day5/Device7/IQ_1.dat,61,4782339,6,5,0,test,diff_days_indoor,5,0,0,0,0,0,0.4434642493724823
data/raw/osu_lora/Diff_Days_Indoor_Setup/Day5/Device7/IQ_1.dat,62,4860738,6,20,0,test,diff_days_indoor,5,0,0,0,0,0,0.34660083055496216
data/raw/osu_lora/Diff_Days_Indoor_Setup/Day5/Device7/IQ_1.dat,63,4939137,6,20,0,test,diff_days_indoor,5,0,0,0,0,0,0.3589736521244049
data/raw/osu_lora/Diff_Days_Indoor_Setup/Day5/Device7/IQ_1.dat,64,5017536,6,5,0,test,diff_days_indoor,5,0,0,0,0,0,0.30775386095046997
data/raw/osu_lora/Diff_Days_Indoor_Setup/Day5/Device7/IQ_1.dat,65,5095935,6,5,0,test,diff_days_indoor,5,0,0,0,0,0,0.42448166012763977
data/raw/osu_lora/Diff_Days_Indoor_Setup/Day5/Device7/IQ_1.dat,66,5174334,6,5,0,test,diff_days_indoor,5,0,0,0,0,0,0.34646621346473694
data/raw/osu_lora/Diff_Days_Indoor_Setup/Day5/Device7/IQ_1.dat,67,5252733,6,5,0,test,diff_days_indoor,5,0,0,0,0,0,0.28192082047462463
data/raw/osu_lora/Diff_Days_Indoor_Setup/Day5/Device7/IQ_1.dat,68,5331132,6,5,0,test,diff_days_indoor,5,0,0,0,0,0,0.34931841492652893
data/raw/osu_lora/Diff_Days_Indoor_Setup/Day5/Device7/IQ_1.dat,69,5409531,6,20,0,test,diff_days_indoor,5,0,0,0,0,0,0.28511130809783936
data/raw/osu_lora/Diff_Days_Indoor_Setup/Day5/Device7/IQ_1.dat,70,5487930,6,5,0,test,diff_days_indoor,5,0,0,0,0,0,0.3675984740257263
data/raw/osu_lora/Diff_Days_Indoor_Setup/Day5/Device7/IQ_1.dat,71,5566329,6,6,1,test,diff_days_indoor,5,0,0,0,0,0,0.3493223488330841
data/raw/osu_lora/Diff_Days_Indoor_Setup/Day5/Device7/IQ_1.dat,72,5644728,6,5,0,test,diff_days_indoor,5,0,0,0,0,0,0.4882781505584717
data/raw/osu_lora/Diff_Days_Indoor_Setup/Day5/Device7/IQ_1.dat,73,5723127,6,5,0,test,diff_days_indoor,5,0,0,0,0,0,0.40549781918525696
data/raw/osu_lora/Diff_Days_Indoor_Setup/Day5/Device7/IQ_1.dat,74,5801526,6,20,0,test,diff_days_indoor,5,0,0,0,0,0,0.3353448212146759
data/raw/osu_lora/Diff_Days_Indoor_Setup/Day5/Device7/IQ_1.dat,75,5879925,6,5,0,test,diff_days_indoor,5,0,0,0,0,0,0.44964849948883057
data/raw/osu_lora/Diff_Days_Indoor_Setup/Day5/Device7/IQ_1.dat,76,5958324,6,5,0,test,diff_days_indoor,5,0,0,0,0,0,0.3526366353034973
data/raw/osu_lora/Diff_Days_Indoor_Setup/Day5/Device7/IQ_1.dat,77,6036723,6,5,0,test,diff_days_indoor,5,0,0,0,0,0,0.44239792227745056
data/raw/osu_lora/Diff_Days_Indoor_Setup/Day5/Device7/IQ_1.dat,78,6115122,6,6,1,test,diff_days_indoor,5,0,0,0,0,0,0.3081599175930023
data/raw/osu_lora/Diff_Days_Indoor_Setup/Day5/Device7/IQ_1.dat,79,6193521,6,5,0,test,diff_days_indoor,5,0,0,0,0,0,0.3350236713886261
data/raw/osu_lora/Diff_Days_Indoor_Setup/Day5/Device7/IQ_1.dat,80,6271920,6,20,0,test,diff_days_indoor,5,0,0,0,0,0,0.37515726685523987
data/raw/osu_lora/Diff_Days_Indoor_Setup/Day5/Device7/IQ_1.dat,81,6350319,6,6,1,test,diff_days_indoor,5,0,0,0,0,0,0.34499242901802063
data/raw/osu_lora/Diff_Days_Indoor_Setup/Day5/Device7/IQ_1.dat,82,6428718,6,20,0,test,diff_days_indoor,5,0,0,0,0,0,0.3251056671142578
data/raw/osu_lora/Diff_Days_Indoor_Setup/Day5/Device7/IQ_1.dat,83,6507117,6,20,0,test,diff_days_indoor,5,0,0,0,0,0,0.3304385840892792
data/raw/osu_lora/Diff_Days_Indoor_Setup/Day5/Device7/IQ_1.dat,84,6585516,6,6,1,test,diff_days_indoor,5,0,0,0,0,0,0.2765714228153229
data/raw/osu_lora/Diff_Days_Indoor_Setup/Day5/Device7/IQ_1.dat,85,6663915,6,5,0,test,diff_days_indoor,5,0,0,0,0,0,0.4915814995765686
data/raw/osu_lora/Diff_Days_Indoor_Setup/Day5/Device7/IQ_1.dat,86,6742314,6,6,1,test,diff_days_indoor,5,0,0,0,0,0,0.3404109477996826
data/raw/osu_lora/Diff_Days_Indoor_Setup/Day5/Device7/IQ_1.dat,87,6820713,6,5,0,test,diff_days_indoor,5,0,0,0,0,0,0.4370228946208954
data/raw/osu_lora/Diff_Days_Indoor_Setup/Day5/Device7/IQ_1.dat,88,6899112,6,5,0,test,diff_days_indoor,5,0,0,0,0,0,0.4672321677207947
data/raw/osu_lora/Diff_Days_Indoor_Setup/Day5/Device7/IQ_1.dat,89,6977511,6,20,0,test,diff_days_indoor,5,0,0,0,0,0,0.26385724544525146
data/raw/osu_lora/Diff_Days_Indoor_Setup/Day5/Device7/IQ_1.dat,90,7055910,6,8,0,test,diff_days_indoor,5,0,0,0,0,0,0.4716995656490326
data/raw/osu_lora/Diff_Days_Indoor_Setup/Day5/Device7/IQ_1.dat,91,7134309,6,6,1,test,diff_days_indoor,5,0,0,0,0,0,0.323036253452301
data/raw/osu_lora/Diff_Days_Indoor_Setup/Day5/Device7/IQ_1.dat,92,7212708,6,6,1,test,diff_days_indoor,5,0,0,0,0,0,0.34452834725379944
data/raw/osu_lora/Diff_Days_Indoor_Setup/Day5/Device7/IQ_1.dat,93,7291107,6,5,0,test,diff_days_indoor,5,0,0,0,0,0,0.26803895831108093
data/raw/osu_lora/Diff_Days_Indoor_Setup/Day5/Device7/IQ_1.dat,94,7369506,6,5,0,test,diff_days_indoor,5,0,0,0,0,0,0.40938708186149597
data/raw/osu_lora/Diff_Days_Indoor_Setup/Day5/Device7/IQ_1.dat,95,7447905,6,20,0,test,diff_days_indoor,5,0,0,0,0,0,0.3920365273952484
data/raw/osu_lora/Diff_Days_Indoor_Setup/Day5/Device7/IQ_1.dat,96,7526304,6,6,1,test,diff_days_indoor,5,0,0,0,0,0,0.3736748695373535
data/raw/osu_lora/Diff_Days_Indoor_Setup/Day5/Device7/IQ_1.dat,97,7604703,6,5,0,test,diff_days_indoor,5,0,0,0,0,0,0.4476853311061859
data/raw/osu_lora/Diff_Days_Indoor_Setup/Day5/Device7/IQ_1.dat,98,7683102,6,20,0,test,diff_days_indoor,5,0,0,0,0,0,0.3191865086555481
data/raw/osu_lora/Diff_Days_Indoor_Setup/Day5/Device7/IQ_1.dat,99,7761501,6,20,0,test,diff_days_indoor,5,0,0,0,0,0,0.37947770953178406
data/raw/osu_lora/Diff_Days_Indoor_Setup/Day5/Device7/IQ_1.dat,100,7839900,6,5,0,test,diff_days_indoor,5,0,0,0,0,0,0.34142181277275085
data/raw/osu_lora/Diff_Days_Indoor_Setup/Day5/Device7/IQ_1.dat,101,7918299,6,5,0,test,diff_days_indoor,5,0,0,0,0,0,0.3935779929161072
data/raw/osu_lora/Diff_Days_Indoor_Setup/Day5/Device7/IQ_1.dat,102,7996698,6,6,1,test,diff_days_indoor,5,0,0,0,0,0,0.3651939928531647
data/raw/osu_lora/Diff_Days_Indoor_Setup/Day5/Device7/IQ_1.dat,103,8075097,6,6,1,test,diff_days_indoor,5,0,0,0,0,0,0.35013923048973083
data/raw/osu_lora/Diff_Days_Indoor_Setup/Day5/Device7/IQ_1.dat,104,8153496,6,6,1,test,diff_days_indoor,5,0,0,0,0,0,0.36516281962394714
data/raw/osu_lora/Diff_Days_Indoor_Setup/Day5/Device7/IQ_1.dat,105,8231895,6,6,1,test,diff_days_indoor,5,0,0,0,0,0,0.2985876798629761
data/raw/osu_lora/Diff_Days_Indoor_Setup/Day5/Device7/IQ_1.dat,106,8310294,6,6,1,test,diff_days_indoor,5,0,0,0,0,0,0.3218609690666199
data/raw/osu_lora/Diff_Days_Indoor_Setup/Day5/Device7/IQ_1.dat,107,8388693,6,5,0,test,diff_days_indoor,5,0,0,0,0,0,0.4527008831501007
data/raw/osu_lora/Diff_Days_Indoor_Setup/Day5/Device7/IQ_1.dat,108,8467092,6,5,0,test,diff_days_indoor,5,0,0,0,0,0,0.4109655022621155
data/raw/osu_lora/Diff_Days_Indoor_Setup/Day5/Device7/IQ_1.dat,109,8545491,6,5,0,test,diff_days_indoor,5,0,0,0,0,0,0.48376917839050293
data/raw/osu_lora/Diff_Days_Indoor_Setup/Day5/Device7/IQ_1.dat,110,8623890,6,6,1,test,diff_days_indoor,5,0,0,0,0,0,0.3010728657245636
data/raw/osu_lora/Diff_Days_Indoor_Setup/Day5/Device7/IQ_1.dat,111,8702289,6,6,1,test,diff_days_indoor,5,0,0,0,0,0,0.2885781228542328
data/raw/osu_lora/Diff_Days_Indoor_Setup/Day5/Device7/IQ_1.dat,112,8780688,6,5,0,test,diff_days_indoor,5,0,0,0,0,0,0.3730592429637909
data/raw/osu_lora/Diff_Days_Indoor_Setup/Day5/Device7/IQ_1.dat,113,8859087,6,6,1,test,diff_days_indoor,5,0,0,0,0,0,0.35375136137008667
data/raw/osu_lora/Diff_Days_Indoor_Setup/Day5/Device7/IQ_1.dat,114,8937486,6,6,1,test,diff_days_indoor,5,0,0,0,0,0,0.3235418498516083
data/raw/osu_lora/Diff_Days_Indoor_Setup/Day5/Device7/IQ_1.dat,115,9015885,6,8,0,test,diff_days_indoor,5,0,0,0,0,0,0.14222685992717743
data/raw/osu_lora/Diff_Days_Indoor_Setup/Day5/Device7/IQ_1.dat,116,9094284,6,6,1,test,diff_days_indoor,5,0,0,0,0,0,0.2908080518245697
data/raw/osu_lora/Diff_Days_Indoor_Setup/Day5/Device7/IQ_1.dat,117,9172683,6,20,0,test,diff_days_indoor,5,0,0,0,0,0,0.3251156508922577
data/raw/osu_lora/Diff_Days_Indoor_Setup/Day5/Device7/IQ_1.dat,118,9251082,6,6,1,test,diff_days_indoor,5,0,0,0,0,0,0.34335124492645264
data/raw/osu_lora/Diff_Days_Indoor_Setup/Day5/Device7/IQ_1.dat,119,9329481,6,5,0,test,diff_days_indoor,5,0,0,0,0,0,0.4364199638366699
data/raw/osu_lora/Diff_Days_Indoor_Setup/Day5/Device7/IQ_1.dat,120,9407880,6,20,0,test,diff_days_indoor,5,0,0,0,0,0,0.35109588503837585
data/raw/osu_lora/Diff_Days_Indoor_Setup/Day5/Device7/IQ_1.dat,121,9486279,6,5,0,test,diff_days_indoor,5,0,0,0,0,0,0.18599268794059753
data/raw/osu_lora/Diff_Days_Indoor_Setup/Day5/Device7/IQ_1.dat,122,9564678,6,5,0,test,diff_days_indoor,5,0,0,0,0,0,0.3235435485839844
data/raw/osu_lora/Diff_Days_Indoor_Setup/Day5/Device7/IQ_1.dat,123,9643077,6,5,0,test,diff_days_indoor,5,0,0,0,0,0,0.4241160750389099
data/raw/osu_lora/Diff_Days_Indoor_Setup/Day5/Device7/IQ_1.dat,124,9721476,6,20,0,test,diff_days_indoor,5,0,0,0,0,0,0.30520930886268616
data/raw/osu_lora/Diff_Days_Indoor_Setup/Day5/Device7/IQ_1.dat,125,9799875,6,6,1,test,diff_days_indoor,5,0,0,0,0,0,0.35399454832077026
data/raw/osu_lora/Diff_Days_Indoor_Setup/Day5/Device7/IQ_1.dat,126,9878274,6,6,1,test,diff_days_indoor,5,0,0,0,0,0,0.3271480202674866
data/raw/osu_lora/Diff_Days_Indoor_Setup/Day5/Device7/IQ_1.dat,127,9956673,6,6,1,test,diff_days_indoor,5,0,0,0,0,0,0.3361360728740692
data/raw/osu_lora/Diff_Days_Indoor_Setup/Day5/Device7/IQ_1.dat,128,10035072,6,6,1,test,diff_days_indoor,5,0,0,0,0,0,0.3699522614479065
data/raw/osu_lora/Diff_Days_Indoor_Setup/Day5/Device7/IQ_1.dat,129,10113471,6,6,1,test,diff_days_indoor,5,0,0,0,0,0,0.31057021021842957
data/raw/osu_lora/Diff_Days_Indoor_Setup/Day5/Device7/IQ_1.dat,130,10191870,6,20,0,test,diff_days_indoor,5,0,0,0,0,0,0.3480488657951355
data/raw/osu_lora/Diff_Days_Indoor_Setup/Day5/Device7/IQ_1.dat,131,10270269,6,5,0,test,diff_days_indoor,5,0,0,0,0,0,0.43934595584869385
data/raw/osu_lora/Diff_Days_Indoor_Setup/Day5/Device7/IQ_1.dat,132,10348668,6,6,1,test,diff_days_indoor,5,0,0,0,0,0,0.3161912262439728
data/raw/osu_lora/Diff_Days_Indoor_Setup/Day5/Device7/IQ_1.dat,133,10427067,6,5,0,test,diff_days_indoor,5,0,0,0,0,0,0.37551411986351013
data/raw/osu_lora/Diff_Days_Indoor_Setup/Day5/Device7/IQ_1.dat,134,10505466,6,6,1,test,diff_days_indoor,5,0,0,0,0,0,0.3389478325843811
data/raw/osu_lora/Diff_Days_Indoor_Setup/Day5/Device7/IQ_1.dat,135,10583865,6,8,0,test,diff_days_indoor,5,0,0,0,0,0,0.3101065456867218
data/raw/osu_lora/Diff_Days_Indoor_Setup/Day5/Device7/IQ_1.dat,136,10662264,6,1,0,test,diff_days_indoor,5,0,0,0,0,0,0.16540388762950897
data/raw/osu_lora/Diff_Days_Indoor_Setup/Day5/Device7/IQ_1.dat,137,10740663,6,20,0,test,diff_days_indoor,5,0,0,0,0,0,0.45918944478034973
data/raw/osu_lora/Diff_Days_Indoor_Setup/Day5/Device7/IQ_1.dat,138,10819062,6,5,0,test,diff_days_indoor,5,0,0,0,0,0,0.45342668890953064
data/raw/osu_lora/Diff_Days_Indoor_Setup/Day5/Device7/IQ_1.dat,139,10897461,6,6,1,test,diff_days_indoor,5,0,0,0,0,0,0.35367250442504883
data/raw/osu_lora/Diff_Days_Indoor_Setup/Day5/Device7/IQ_1.dat,140,10975860,6,6,1,test,diff_days_indoor,5,0,0,0,0,0,0.37219589948654175
data/raw/osu_lora/Diff_Days_Indoor_Setup/Day5/Device7/IQ_1.dat,141,11054259,6,8,0,test,diff_days_indoor,5,0,0,0,0,0,0.2900865972042084
data/raw/osu_lora/Diff_Days_Indoor_Setup/Day5/Device7/IQ_1.dat,142,11132658,6,6,1,test,diff_days_indoor,5,0,0,0,0,0,0.3360053300857544
data/raw/osu_lora/Diff_Days_Indoor_Setup/Day5/Device7/IQ_1.dat,143,11211057,6,6,1,test,diff_days_indoor,5,0,0,0,0,0,0.27804383635520935
data/raw/osu_lora/Diff_Days_Indoor_Setup/Day5/Device7/IQ_1.dat,144,11289456,6,5,0,test,diff_days_indoor,5,0,0,0,0,0,0.40986084938049316
data/raw/osu_lora/Diff_Days_Indoor_Setup/Day5/Device7/IQ_1.dat,145,11367855,6,6,1,test,diff_days_indoor,5,0,0,0,0,0,0.33873555064201355
data/raw/osu_lora/Diff_Days_Indoor_Setup/Day5/Device7/IQ_1.dat,146,11446254,6,5,0,test,diff_days_indoor,5,0,0,0,0,0,0.5054528117179871
data/raw/osu_lora/Diff_Days_Indoor_Setup/Day5/Device7/IQ_1.dat,147,11524653,6,5,0,test,diff_days_indoor,5,0,0,0,0,0,0.37531235814094543
data/raw/osu_lora/Diff_Days_Indoor_Setup/Day5/Device7/IQ_1.dat,148,11603052,6,20,0,test,diff_days_indoor,5,0,0,0,0,0,0.3037378489971161
data/raw/osu_lora/Diff_Days_Indoor_Setup/Day5/Device7/IQ_1.dat,149,11681451,6,5,0,test,diff_days_indoor,5,0,0,0,0,0,0.3439420163631439
data/raw/osu_lora/Diff_Days_Indoor_Setup/Day5/Device7/IQ_1.dat,150,11759850,6,6,1,test,diff_days_indoor,5,0,0,0,0,0,0.2859431803226471
data/raw/osu_lora/Diff_Days_Indoor_Setup/Day5/Device7/IQ_1.dat,151,11838249,6,5,0,test,diff_days_indoor,5,0,0,0,0,0,0.4908472001552582
data/raw/osu_lora/Diff_Days_Indoor_Setup/Day5/Device7/IQ_1.dat,152,11916648,6,5,0,test,diff_days_indoor,5,0,0,0,0,0,0.420418381690979
data/raw/osu_lora/Diff_Days_Indoor_Setup/Day5/Device7/IQ_1.dat,153,11995047,6,20,0,test,diff_days_indoor,5,0,0,0,0,0,0.384852796792984
data/raw/osu_lora/Diff_Days_Indoor_Setup/Day5/Device7/IQ_1.dat,154,12073446,6,6,1,test,diff_days_indoor,5,0,0,0,0,0,0.35104435682296753
data/raw/osu_lora/Diff_Days_Indoor_Setup/Day5/Device7/IQ_1.dat,155,12151845,6,20,0,test,diff_days_indoor,5,0,0,0,0,0,0.3025553524494171
data/raw/osu_lora/Diff_Days_Indoor_Setup/Day5/Device7/IQ_1.dat,156,12230244,6,6,1,test,diff_days_indoor,5,0,0,0,0,0,0.36995741724967957
data/raw/osu_lora/Diff_Days_Indoor_Setup/Day5/Device7/IQ_1.dat,157,12308643,6,5,0,test,diff_days_indoor,5,0,0,0,0,0,0.2657092213630676
data/raw/osu_lora/Diff_Days_Indoor_Setup/Day5/Device7/IQ_1.dat,158,12387042,6,6,1,test,diff_days_indoor,5,0,0,0,0,0,0.3054620921611786
data/raw/osu_lora/Diff_Days_Indoor_Setup/Day5/Device7/IQ_1.dat,159,12465441,6,5,0,test,diff_days_indoor,5,0,0,0,0,0,0.5345970392227173
data/raw/osu_lora/Diff_Days_Indoor_Setup/Day5/Device7/IQ_1.dat,160,12543840,6,5,0,test,diff_days_indoor,5,0,0,0,0,0,0.42469698190689087
data/raw/osu_lora/Diff_Days_Indoor_Setup/Day5/Device7/IQ_1.dat,161,12622239,6,8,0,test,diff_days_indoor,5,0,0,0,0,0,0.293614000082016
data/raw/osu_lora/Diff_Days_Indoor_Setup/Day5/Device7/IQ_1.dat,162,12700638,6,8,0,test,diff_days_indoor,5,0,0,0,0,0,0.10127120465040207
data/raw/osu_lora/Diff_Days_Indoor_Setup/Day5/Device7/IQ_1.dat,163,12779037,6,6,1,test,diff_days_indoor,5,0,0,0,0,0,0.3252235949039459
data/raw/osu_lora/Diff_Days_Indoor_Setup/Day5/Device7/IQ_1.dat,164,12857436,6,6,1,test,diff_days_indoor,5,0,0,0,0,0,0.3273129463195801
data/raw/osu_lora/Diff_Days_Indoor_Setup/Day5/Device7/IQ_1.dat,165,12935835,6,6,1,test,diff_days_indoor,5,0,0,0,0,0,0.3321765065193176
data/raw/osu_lora/Diff_Days_Indoor_Setup/Day5/Device7/IQ_1.dat,166,13014234,6,6,1,test,diff_days_indoor,5,0,0,0,0,0,0.34933242201805115
data/raw/osu_lora/Diff_Days_Indoor_Setup/Day5/Device7/IQ_1.dat,167,13092633,6,6,1,test,diff_days_indoor,5,0,0,0,0,0,0.355050653219223
data/raw/osu_lora/Diff_Days_Indoor_Setup/Day5/Device7/IQ_1.dat,168,13171032,6,5,0,test,diff_days_indoor,5,0,0,0,0,0,0.47957998514175415
data/raw/osu_lora/Diff_Days_Indoor_Setup/Day5/Device7/IQ_1.dat,169,13249431,6,6,1,test,diff_days_indoor,5,0,0,0,0,0,0.3545584976673126
data/raw/osu_lora/Diff_Days_Indoor_Setup/Day5/Device7/IQ_1.dat,170,13327830,6,5,0,test,diff_days_indoor,5,0,0,0,0,0,0.27794402837753296
data/raw/osu_lora/Diff_Days_Indoor_Setup/Day5/Device7/IQ_1.dat,171,13406229,6,6,1,test,diff_days_indoor,5,0,0,0,0,0,0.3111152946949005
data/raw/osu_lora/Diff_Days_Indoor_Setup/Day5/Device7/IQ_1.dat,172,13484628,6,6,1,test,diff_days_indoor,5,0,0,0,0,0,0.3472292125225067
data/raw/osu_lora/Diff_Days_Indoor_Setup/Day5/Device7/IQ_1.dat,173,13563027,6,6,1,test,diff_days_indoor,5,0,0,0,0,0,0.3795000910758972
data/raw/osu_lora/Diff_Days_Indoor_Setup/Day5/Device7/IQ_1.dat,174,13641426,6,5,0,test,diff_days_indoor,5,0,0,0,0,0,0.2860807776451111
data/raw/osu_lora/Diff_Days_Indoor_Setup/Day5/Device7/IQ_1.dat,175,13719825,6,6,1,test,diff_days_indoor,5,0,0,0,0,0,0.3668341040611267
data/raw/osu_lora/Diff_Days_Indoor_Setup/Day5/Device7/IQ_1.dat,176,13798224,6,5,0,test,diff_days_indoor,5,0,0,0,0,0,0.35679394006729126
data/raw/osu_lora/Diff_Days_Indoor_Setup/Day5/Device7/IQ_1.dat,177,13876623,6,5,0,test,diff_days_indoor,5,0,0,0,0,0,0.34475836157798767
data/raw/osu_lora/Diff_Days_Indoor_Setup/Day5/Device7/IQ_1.dat,178,13955022,6,6,1,test,diff_days_indoor,5,0,0,0,0,0,0.390536367893219
data/raw/osu_lora/Diff_Days_Indoor_Setup/Day5/Device7/IQ_1.dat,179,14033421,6,20,0,test,diff_days_indoor,5,0,0,0,0,0,0.2984355688095093
data/raw/osu_lora/Diff_Days_Indoor_Setup/Day5/Device7/IQ_1.dat,180,14111820,6,5,0,test,diff_days_indoor,5,0,0,0,0,0,0.3689911365509033
data/raw/osu_lora/Diff_Days_Indoor_Setup/Day5/Device7/IQ_1.dat,181,14190219,6,6,1,test,diff_days_indoor,5,0,0,0,0,0,0.32981598377227783
data/raw/osu_lora/Diff_Days_Indoor_Setup/Day5/Device7/IQ_1.dat,182,14268618,6,5,0,test,diff_days_indoor,5,0,0,0,0,0,0.49155497550964355
data/raw/osu_lora/Diff_Days_Indoor_Setup/Day5/Device7/IQ_1.dat,183,14347017,6,5,0,test,diff_days_indoor,5,0,0,0,0,0,0.4024949073791504
data/raw/osu_lora/Diff_Days_Indoor_Setup/Day5/Device7/IQ_1.dat,184,14425416,6,6,1,test,diff_days_indoor,5,0,0,0,0,0,0.32389700412750244
data/raw/osu_lora/Diff_Days_Indoor_Setup/Day5/Device7/IQ_1.dat,185,14503815,6,6,1,test,diff_days_indoor,5,0,0,0,0,0,0.37646955251693726
data/raw/osu_lora/Diff_Days_Indoor_Setup/Day5/Device7/IQ_1.dat,186,14582214,6,20,0,test,diff_days_indoor,5,0,0,0,0,0,0.27012506127357483
data/raw/osu_lora/Diff_Days_Indoor_Setup/Day5/Device7/IQ_1.dat,187,14660613,6,5,0,test,diff_days_indoor,5,0,0,0,0,0,0.269176721572876
data/raw/osu_lora/Diff_Days_Indoor_Setup/Day5/Device7/IQ_1.dat,188,14739012,6,8,0,test,diff_days_indoor,5,0,0,0,0,0,0.313852459192276
data/raw/osu_lora/Diff_Days_Indoor_Setup/Day5/Device7/IQ_1.dat,189,14817411,6,6,1,test,diff_days_indoor,5,0,0,0,0,0,0.2735302746295929
data/raw/osu_lora/Diff_Days_Indoor_Setup/Day5/Device7/IQ_1.dat,190,14895810,6,5,0,test,diff_days_indoor,5,0,0,0,0,0,0.3578336536884308
data/raw/osu_lora/Diff_Days_Indoor_Setup/Day5/Device7/IQ_1.dat,191,14974209,6,20,0,test,diff_days_indoor,5,0,0,0,0,0,0.3039051592350006
data/raw/osu_lora/Diff_Days_Indoor_Setup/Day5/Device7/IQ_1.dat,192,15052608,6,5,0,test,diff_days_indoor,5,0,0,0,0,0,0.5503450632095337
data/raw/osu_lora/Diff_Days_Indoor_Setup/Day5/Device7/IQ_1.dat,193,15131007,6,5,0,test,diff_days_indoor,5,0,0,0,0,0,0.41008031368255615
data/raw/osu_lora/Diff_Days_Indoor_Setup/Day5/Device7/IQ_1.dat,194,15209406,6,20,0,test,diff_days_indoor,5,0,0,0,0,0,0.32973456382751465
data/raw/osu_lora/Diff_Days_Indoor_Setup/Day5/Device7/IQ_1.dat,195,15287805,6,5,0,test,diff_days_indoor,5,0,0,0,0,0,0.4309813976287842
data/raw/osu_lora/Diff_Days_Indoor_Setup/Day5/Device7/IQ_1.dat,196,15366204,6,5,0,test,diff_days_indoor,5,0,0,0,0,0,0.3834501802921295
data/raw/osu_lora/Diff_Days_Indoor_Setup/Day5/Device7/IQ_1.dat,197,15444603,6,6,1,test,diff_days_indoor,5,0,0,0,0,0,0.35352203249931335
data/raw/osu_lora/Diff_Days_Indoor_Setup/Day5/Device7/IQ_1.dat,198,15523002,6,6,1,test,diff_days_indoor,5,0,0,0,0,0,0.3846413493156433
data/raw/osu_lora/Diff_Days_Indoor_Setup/Day5/Device7/IQ_1.dat,199,15601401,6,20,0,test,diff_days_indoor,5,0,0,0,0,0,0.36414635181427
data/raw/osu_lora/Diff_Days_Indoor_Setup/Day5/Device7/IQ_1.dat,200,15679800,6,5,0,test,diff_days_indoor,5,0,0,0,0,0,0.35601648688316345
data/raw/osu_lora/Diff_Days_Indoor_Setup/Day5/Device7/IQ_1.dat,201,15758199,6,5,0,test,diff_days_indoor,5,0,0,0,0,0,0.4667910039424896
data/raw/osu_lora/Diff_Days_Indoor_Setup/Day5/Device7/IQ_1.dat,202,15836598,6,6,1,test,diff_days_indoor,5,0,0,0,0,0,0.3898777663707733
data/raw/osu_lora/Diff_Days_Indoor_Setup/Day5/Device7/IQ_1.dat,203,15914997,6,5,0,test,diff_days_indoor,5,0,0,0,0,0,0.41019824147224426
data/raw/osu_lora/Diff_Days_Indoor_Setup/Day5/Device7/IQ_1.dat,204,15993396,6,5,0,test,diff_days_indoor,5,0,0,0,0,0,0.40467122197151184
data/raw/osu_lora/Diff_Days_Indoor_Setup/Day5/Device7/IQ_1.dat,205,16071795,6,6,1,test,diff_days_indoor,5,0,0,0,0,0,0.4057711958885193
data/raw/osu_lora/Diff_Days_Indoor_Setup/Day5/Device7/IQ_1.dat,206,16150194,6,6,1,test,diff_days_indoor,5,0,0,0,0,0,0.31719520688056946
data/raw/osu_lora/Diff_Days_Indoor_Setup/Day5/Device7/IQ_1.dat,207,16228593,6,6,1,test,diff_days_indoor,5,0,0,0,0,0,0.35815176367759705
data/raw/osu_lora/Diff_Days_Indoor_Setup/Day5/Device7/IQ_1.dat,208,16306992,6,6,1,test,diff_days_indoor,5,0,0,0,0,0,0.3689478933811188
data/raw/osu_lora/Diff_Days_Indoor_Setup/Day5/Device7/IQ_1.dat,209,16385391,6,5,0,test,diff_days_indoor,5,0,0,0,0,0,0.35316410660743713
data/raw/osu_lora/Diff_Days_Indoor_Setup/Day5/Device7/IQ_1.dat,210,16463790,6,6,1,test,diff_days_indoor,5,0,0,0,0,0,0.30860668420791626
data/raw/osu_lora/Diff_Days_Indoor_Setup/Day5/Device7/IQ_1.dat,211,16542189,6,6,1,test,diff_days_indoor,5,0,0,0,0,0,0.28922080993652344
data/raw/osu_lora/Diff_Days_Indoor_Setup/Day5/Device7/IQ_1.dat,212,16620588,6,6,1,test,diff_days_indoor,5,0,0,0,0,0,0.32348451018333435
data/raw/osu_lora/Diff_Days_Indoor_Setup/Day5/Device7/IQ_1.dat,213,16698987,6,5,0,test,diff_days_indoor,5,0,0,0,0,0,0.319364994764328
data/raw/osu_lora/Diff_Days_Indoor_Setup/Day5/Device7/IQ_1.dat,214,16777386,6,5,0,test,diff_days_indoor,5,0,0,0,0,0,0.4000547528266907
data/raw/osu_lora/Diff_Days_Indoor_Setup/Day5/Device7/IQ_1.dat,215,16855785,6,5,0,test,diff_days_indoor,5,0,0,0,0,0,0.3767058849334717
data/raw/osu_lora/Diff_Days_Indoor_Setup/Day5/Device7/IQ_1.dat,216,16934184,6,6,1,test,diff_days_indoor,5,0,0,0,0,0,0.36199313402175903
data/raw/osu_lora/Diff_Days_Indoor_Setup/Day5/Device7/IQ_1.dat,217,17012583,6,5,0,test,diff_days_indoor,5,0,0,0,0,0,0.42141297459602356
data/raw/osu_lora/Diff_Days_Indoor_Setup/Day5/Device7/IQ_1.dat,218,17090982,6,6,1,test,diff_days_indoor,5,0,0,0,0,0,0.3174113929271698
data/raw/osu_lora/Diff_Days_Indoor_Setup/Day5/Device7/IQ_1.dat,219,17169381,6,20,0,test,diff_days_indoor,5,0,0,0,0,0,0.384166955947876
data/raw/osu_lora/Diff_Days_Indoor_Setup/Day5/Device7/IQ_1.dat,220,17247780,6,5,0,test,diff_days_indoor,5,0,0,0,0,0,0.33282676339149475
data/raw/osu_lora/Diff_Days_Indoor_Setup/Day5/Device7/IQ_1.dat,221,17326179,6,6,1,test,diff_days_indoor,5,0,0,0,0,0,0.34731897711753845
data/raw/osu_lora/Diff_Days_Indoor_Setup/Day5/Device7/IQ_1.dat,222,17404578,6,6,1,test,diff_days_indoor,5,0,0,0,0,0,0.3147255778312683
data/raw/osu_lora/Diff_Days_Indoor_Setup/Day5/Device7/IQ_1.dat,223,17482977,6,20,0,test,diff_days_indoor,5,0,0,0,0,0,0.27207115292549133
data/raw/osu_lora/Diff_Days_Indoor_Setup/Day5/Device7/IQ_1.dat,224,17561376,6,20,0,test,diff_days_indoor,5,0,0,0,0,0,0.3020388185977936
data/raw/osu_lora/Diff_Days_Indoor_Setup/Day5/Device7/IQ_1.dat,225,17639775,6,5,0,test,diff_days_indoor,5,0,0,0,0,0,0.34698358178138733
data/raw/osu_lora/Diff_Days_Indoor_Setup/Day5/Device7/IQ_1.dat,226,17718174,6,5,0,test,diff_days_indoor,5,0,0,0,0,0,0.44219931960105896
data/raw/osu_lora/Diff_Days_Indoor_Setup/Day5/Device7/IQ_1.dat,227,17796573,6,20,0,test,diff_days_indoor,5,0,0,0,0,0,0.3961750864982605
data/raw/osu_lora/Diff_Days_Indoor_Setup/Day5/Device7/IQ_1.dat,228,17874972,6,6,1,test,diff_days_indoor,5,0,0,0,0,0,0.35324007272720337
data/raw/osu_lora/Diff_Days_Indoor_Setup/Day5/Device7/IQ_1.dat,229,17953371,6,6,1,test,diff_days_indoor,5,0,0,0,0,0,0.3451653718948364
data/raw/osu_lora/Diff_Days_Indoor_Setup/Day5/Device7/IQ_1.dat,230,18031770,6,20,0,test,diff_days_indoor,5,0,0,0,0,0,0.28437161445617676
data/raw/osu_lora/Diff_Days_Indoor_Setup/Day5/Device7/IQ_1.dat,231,18110169,6,6,1,test,diff_days_indoor,5,0,0,0,0,0,0.35777291655540466
data/raw/osu_lora/Diff_Days_Indoor_Setup/Day5/Device7/IQ_1.dat,232,18188568,6,20,0,test,diff_days_indoor,5,0,0,0,0,0,0.38381925225257874
data/raw/osu_lora/Diff_Days_Indoor_Setup/Day5/Device7/IQ_1.dat,233,18266967,6,6,1,test,diff_days_indoor,5,0,0,0,0,0,0.3691963851451874
data/raw/osu_lora/Diff_Days_Indoor_Setup/Day5/Device7/IQ_1.dat,234,18345366,6,5,0,test,diff_days_indoor,5,0,0,0,0,0,0.4818929135799408
data/raw/osu_lora/Diff_Days_Indoor_Setup/Day5/Device7/IQ_1.dat,235,18423765,6,8,0,test,diff_days_indoor,5,0,0,0,0,0,0.09429849684238434
data/raw/osu_lora/Diff_Days_Indoor_Setup/Day5/Device7/IQ_1.dat,236,18502164,6,5,0,test,diff_days_indoor,5,0,0,0,0,0,0.40243759751319885
data/raw/osu_lora/Diff_Days_Indoor_Setup/Day5/Device7/IQ_1.dat,237,18580563,6,5,0,test,diff_days_indoor,5,0,0,0,0,0,0.4520012140274048
data/raw/osu_lora/Diff_Days_Indoor_Setup/Day5/Device7/IQ_1.dat,238,18658962,6,6,1,test,diff_days_indoor,5,0,0,0,0,0,0.30657607316970825
data/raw/osu_lora/Diff_Days_Indoor_Setup/Day5/Device7/IQ_1.dat,239,18737361,6,6,1,test,diff_days_indoor,5,0,0,0,0,0,0.3709246516227722
data/raw/osu_lora/Diff_Days_Indoor_Setup/Day5/Device7/IQ_1.dat,240,18815760,6,6,1,test,diff_days_indoor,5,0,0,0,0,0,0.2964194715023041
data/raw/osu_lora/Diff_Days_Indoor_Setup/Day5/Device7/IQ_1.dat,241,18894159,6,20,0,test,diff_days_indoor,5,0,0,0,0,0,0.3229445517063141
data/raw/osu_lora/Diff_Days_Indoor_Setup/Day5/Device7/IQ_1.dat,242,18972558,6,5,0,test,diff_days_indoor,5,0,0,0,0,0,0.49072033166885376
data/raw/osu_lora/Diff_Days_Indoor_Setup/Day5/Device7/IQ_1.dat,243,19050957,6,5,0,test,diff_days_indoor,5,0,0,0,0,0,0.3604925870895386
data/raw/osu_lora/Diff_Days_Indoor_Setup/Day5/Device7/IQ_1.dat,244,19129356,6,8,0,test,diff_days_indoor,5,0,0,0,0,0,0.278036892414093
data/raw/osu_lora/Diff_Days_Indoor_Setup/Day5/Device7/IQ_1.dat,245,19207755,6,20,0,test,diff_days_indoor,5,0,0,0,0,0,0.38979774713516235
data/raw/osu_lora/Diff_Days_Indoor_Setup/Day5/Device7/IQ_1.dat,246,19286154,6,6,1,test,diff_days_indoor,5,0,0,0,0,0,0.3318954408168793
data/raw/osu_lora/Diff_Days_Indoor_Setup/Day5/Device7/IQ_1.dat,247,19364553,6,5,0,test,diff_days_indoor,5,0,0,0,0,0,0.4301392436027527
data/raw/osu_lora/Diff_Days_Indoor_Setup/Day5/Device7/IQ_1.dat,248,19442952,6,6,1,test,diff_days_indoor,5,0,0,0,0,0,0.34759461879730225
data/raw/osu_lora/Diff_Days_Indoor_Setup/Day5/Device7/IQ_1.dat,249,19521351,6,20,0,test,diff_days_indoor,5,0,0,0,0,0,0.3324742019176483
data/raw/osu_lora/Diff_Days_Indoor_Setup/Day5/Device7/IQ_1.dat,250,19599750,6,6,1,test,diff_days_indoor,5,0,0,0,0,0,0.3277490735054016
data/raw/osu_lora/Diff_Days_Indoor_Setup/Day5/Device7/IQ_1.dat,251,19678149,6,5,0,test,diff_days_indoor,5,0,0,0,0,0,0.4366011321544647
data/raw/osu_lora/Diff_Days_Indoor_Setup/Day5/Device7/IQ_1.dat,252,19756548,6,5,0,test,diff_days_indoor,5,0,0,0,0,0,0.4041981101036072
data/raw/osu_lora/Diff_Days_Indoor_Setup/Day5/Device7/IQ_1.dat,253,19834947,6,6,1,test,diff_days_indoor,5,0,0,0,0,0,0.34964078664779663
data/raw/osu_lora/Diff_Days_Indoor_Setup/Day5/Device7/IQ_1.dat,254,19913346,6,5,0,test,diff_days_indoor,5,0,0,0,0,0,0.35111328959465027
data/raw/osu_lora/Diff_Days_Indoor_Setup/Day5/Device7/IQ_1.dat,255,19991745,6,6,1,test,diff_days_indoor,5,0,0,0,0,0,0.32861846685409546
data/raw/osu_lora/Diff_Days_Indoor_Setup/Day5/Device8/IQ_1.dat,0,0,7,13,0,test,diff_days_indoor,5,0,0,0,0,0,0.1945621520280838
data/raw/osu_lora/Diff_Days_Indoor_Setup/Day5/Device8/IQ_1.dat,1,78399,7,7,1,test,diff_days_indoor,5,0,0,0,0,0,0.30581292510032654
data/raw/osu_lora/Diff_Days_Indoor_Setup/Day5/Device8/IQ_1.dat,2,156798,7,17,0,test,diff_days_indoor,5,0,0,0,0,0,0.24220339953899384
data/raw/osu_lora/Diff_Days_Indoor_Setup/Day5/Device8/IQ_1.dat,3,235197,7,7,1,test,diff_days_indoor,5,0,0,0,0,0,0.3357212543487549
data/raw/osu_lora/Diff_Days_Indoor_Setup/Day5/Device8/IQ_1.dat,4,313596,7,7,1,test,diff_days_indoor,5,0,0,0,0,0,0.18425756692886353
data/raw/osu_lora/Diff_Days_Indoor_Setup/Day5/Device8/IQ_1.dat,5,391995,7,13,0,test,diff_days_indoor,5,0,0,0,0,0,0.18390879034996033
data/raw/osu_lora/Diff_Days_Indoor_Setup/Day5/Device8/IQ_1.dat,6,470394,7,17,0,test,diff_days_indoor,5,0,0,0,0,0,0.2859920263290405
data/raw/osu_lora/Diff_Days_Indoor_Setup/Day5/Device8/IQ_1.dat,7,548793,7,7,1,test,diff_days_indoor,5,0,0,0,0,0,0.31180861592292786
data/raw/osu_lora/Diff_Days_Indoor_Setup/Day5/Device8/IQ_1.dat,8,627192,7,15,0,test,diff_days_indoor,5,0,0,0,0,0,0.20778749883174896
data/raw/osu_lora/Diff_Days_Indoor_Setup/Day5/Device8/IQ_1.dat,9,705591,7,17,0,test,diff_days_indoor,5,0,0,0,0,0,0.3413178622722626
data/raw/osu_lora/Diff_Days_Indoor_Setup/Day5/Device8/IQ_1.dat,10,783990,7,17,0,test,diff_days_indoor,5,0,0,0,0,0,0.242104634642601
data/raw/osu_lora/Diff_Days_Indoor_Setup/Day5/Device8/IQ_1.dat,11,862389,7,13,0,test,diff_days_indoor,5,0,0,0,0,0,0.24667254090309143
data/raw/osu_lora/Diff_Days_Indoor_Setup/Day5/Device8/IQ_1.dat,12,940788,7,17,0,test,diff_days_indoor,5,0,0,0,0,0,0.18392008543014526
data/raw/osu_lora/Diff_Days_Indoor_Setup/Day5/Device8/IQ_1.dat,13,1019187,7,12,0,test,diff_days_indoor,5,0,0,0,0,0,0.2519809305667877
data/raw/osu_lora/Diff_Days_Indoor_Setup/Day5/Device8/IQ_1.dat,14,1097586,7,7,1,test,diff_days_indoor,5,0,0,0,0,0,0.2952306568622589
data/raw/osu_lora/Diff_Days_Indoor_Setup/Day5/Device8/IQ_1.dat,15,1175985,7,7,1,test,diff_days_indoor,5,0,0,0,0,0,0.30674299597740173
data/raw/osu_lora/Diff_Days_Indoor_Setup/Day5/Device8/IQ_1.dat,16,1254384,7,12,0,test,diff_days_indoor,5,0,0,0,0,0,0.23431645333766937
data/raw/osu_lora/Diff_Days_Indoor_Setup/Day5/Device8/IQ_1.dat,17,1332783,7,7,1,test,diff_days_indoor,5,0,0,0,0,0,0.28430283069610596
data/raw/osu_lora/Diff_Days_Indoor_Setup/Day5/Device8/IQ_1.dat,18,1411182,7,13,0,test,diff_days_indoor,5,0,0,0,0,0,0.16981959342956543
data/raw/osu_lora/Diff_Days_Indoor_Setup/Day5/Device8/IQ_1.dat,19,1489581,7,7,1,test,diff_days_indoor,5,0,0,0,0,0,0.29076293110847473
data/raw/osu_lora/Diff_Days_Indoor_Setup/Day5/Device8/IQ_1.dat,20,1567980,7,15,0,test,diff_days_indoor,5,0,0,0,0,0,0.2293941229581833
data/raw/osu_lora/Diff_Days_Indoor_Setup/Day5/Device8/IQ_1.dat,21,1646379,7,10,0,test,diff_days_indoor,5,0,0,0,0,0,0.10802824795246124
data/raw/osu_lora/Diff_Days_Indoor_Setup/Day5/Device8/IQ_1.dat,22,1724778,7,12,0,test,diff_days_indoor,5,0,0,0,0,0,0.2520270049571991
data/raw/osu_lora/Diff_Days_Indoor_Setup/Day5/Device8/IQ_1.dat,23,1803177,7,7,1,test,diff_days_indoor,5,0,0,0,0,0,0.24807947874069214
data/raw/osu_lora/Diff_Days_Indoor_Setup/Day5/Device8/IQ_1.dat,24,1881576,7,7,1,test,diff_days_indoor,5,0,0,0,0,0,0.28929242491722107
data/raw/osu_lora/Diff_Days_Indoor_Setup/Day5/Device8/IQ_1.dat,25,1959975,7,7,1,test,diff_days_indoor,5,0,0,0,0,0,0.24298159778118134
data/raw/osu_lora/Diff_Days_Indoor_Setup/Day5/Device8/IQ_1.dat,26,2038374,7,17,0,test,diff_days_indoor,5,0,0,0,0,0,0.2883898913860321
data/raw/osu_lora/Diff_Days_Indoor_Setup/Day5/Device8/IQ_1.dat,27,2116773,7,7,1,test,diff_days_indoor,5,0,0,0,0,0,0.29132068157196045
data/raw/osu_lora/Diff_Days_Indoor_Setup/Day5/Device8/IQ_1.dat,28,2195172,7,7,1,test,diff_days_indoor,5,0,0,0,0,0,0.18495570123195648
data/raw/osu_lora/Diff_Days_Indoor_Setup/Day5/Device8/IQ_1.dat,29,2273571,7,7,1,test,diff_days_indoor,5,0,0,0,0,0,0.21561011672019958
data/raw/osu_lora/Diff_Days_Indoor_Setup/Day5/Device8/IQ_1.dat,30,2351970,7,7,1,test,diff_days_indoor,5,0,0,0,0,0,0.3026714324951172
data/raw/osu_lora/Diff_Days_Indoor_Setup/Day5/Device8/IQ_1.dat,31,2430369,7,15,0,test,diff_days_indoor,5,0,0,0,0,0,0.24397602677345276
data/raw/osu_lora/Diff_Days_Indoor_Setup/Day5/Device8/IQ_1.dat,32,2508768,7,17,0,test,diff_days_indoor,5,0,0,0,0,0,0.28860342502593994
data/raw/osu_lora/Diff_Days_Indoor_Setup/Day5/Device8/IQ_1.dat,33,2587167,7,7,1,test,diff_days_indoor,5,0,0,0,0,0,0.251816064119339
data/raw/osu_lora/Diff_Days_Indoor_Setup/Day5/Device8/IQ_1.dat,34,2665566,7,12,0,test,diff_days_indoor,5,0,0,0,0,0,0.1899474859237671
data/raw/osu_lora/Diff_Days_Indoor_Setup/Day5/Device8/IQ_1.dat,35,2743965,7,7,1,test,diff_days_indoor,5,0,0,0,0,0,0.2002636045217514
data/raw/osu_lora/Diff_Days_Indoor_Setup/Day5/Device8/IQ_1.dat,36,2822364,7,7,1,test,diff_days_indoor,5,0,0,0,0,0,0.23604638874530792
data/raw/osu_lora/Diff_Days_Indoor_Setup/Day5/Device8/IQ_1.dat,37,2900763,7,15,0,test,diff_days_indoor,5,0,0,0,0,0,0.20474866032600403
data/raw/osu_lora/Diff_Days_Indoor_Setup/Day5/Device8/IQ_1.dat,38,2979162,7,17,0,test,diff_days_indoor,5,0,0,0,0,0,0.26830658316612244
data/raw/osu_lora/Diff_Days_Indoor_Setup/Day5/Device8/IQ_1.dat,39,3057561,7,7,1,test,diff_days_indoor,5,0,0,0,0,0,0.28896501660346985
data/raw/osu_lora/Diff_Days_Indoor_Setup/Day5/Device8/IQ_1.dat,40,3135960,7,7,1,test,diff_days_indoor,5,0,0,0,0,0,0.27983537316322327
data/raw/osu_lora/Diff_Days_Indoor_Setup/Day5/Device8/IQ_1.dat,41,3214359,7,15,0,test,diff_days_indoor,5,0,0,0,0,0,0.28108590841293335
data/raw/osu_lora/Diff_Days_Indoor_Setup/Day5/Device8/IQ_1.dat,42,3292758,7,7,1,test,diff_days_indoor,5,0,0,0,0,0,0.3202262818813324
data/raw/osu_lora/Diff_Days_Indoor_Setup/Day5/Device8/IQ_1.dat,43,3371157,7,15,0,test,diff_days_indoor,5,0,0,0,0,0,0.19014842808246613
data/raw/osu_lora/Diff_Days_Indoor_Setup/Day5/Device8/IQ_1.dat,44,3449556,7,17,0,test,diff_days_indoor,5,0,0,0,0,0,0.2910241186618805
data/raw/osu_lora/Diff_Days_Indoor_Setup/Day5/Device8/IQ_1.dat,45,3527955,7,12,0,test,diff_days_indoor,5,0,0,0,0,0,0.2280494123697281
data/raw/osu_lora/Diff_Days_Indoor_Setup/Day5/Device8/IQ_1.dat,46,3606354,7,7,1,test,diff_days_indoor,5,0,0,0,0,0,0.25600162148475647
data/raw/osu_lora/Diff_Days_Indoor_Setup/Day5/Device8/IQ_1.dat,47,3684753,7,13,0,test,diff_days_indoor,5,0,0,0,0,0,0.11440958827733994
data/raw/osu_lora/Diff_Days_Indoor_Setup/Day5/Device8/IQ_1.dat,48,3763152,7,7,1,test,diff_days_indoor,5,0,0,0,0,0,0.23775523900985718
data/raw/osu_lora/Diff_Days_Indoor_Setup/Day5/Device8/IQ_1.dat,49,3841551,7,13,0,test,diff_days_indoor,5,0,0,0,0,0,0.1729363203048706
data/raw/osu_lora/Diff_Days_Indoor_Setup/Day5/Device8/IQ_1.dat,50,3919950,7,17,0,test,diff_days_indoor,5,0,0,0,0,0,0.30279847979545593
data/raw/osu_lora/Diff_Days_Indoor_Setup/Day5/Device8/IQ_1.dat,51,3998349,7,7,1,test,diff_days_indoor,5,0,0,0,0,0,0.32795122265815735
data/raw/osu_lora/Diff_Days_Indoor_Setup/Day5/Device8/IQ_1.dat,52,4076748,7,13,0,test,diff_days_indoor,5,0,0,0,0,0,0.1893940567970276
data/raw/osu_lora/Diff_Days_Indoor_Setup/Day5/Device8/IQ_1.dat,53,4155147,7,15,0,test,diff_days_indoor,5,0,0,0,0,0,0.245626300573349
data/raw/osu_lora/Diff_Days_Indoor_Setup/Day5/Device8/IQ_1.dat,54,4233546,7,15,0,test,diff_days_indoor,5,0,0,0,0,0,0.31582412123680115
data/raw/osu_lora/Diff_Days_Indoor_Setup/Day5/Device8/IQ_1.dat,55,4311945,7,7,1,test,diff_days_indoor,5,0,0,0,0,0,0.1973341405391693
data/raw/osu_lora/Diff_Days_Indoor_Setup/Day5/Device8/IQ_1.dat,56,4390344,7,17,0,test,diff_days_indoor,5,0,0,0,0,0,0.27255749702453613
data/raw/osu_lora/Diff_Days_Indoor_Setup/Day5/Device8/IQ_1.dat,57,4468743,7,7,1,test,diff_days_indoor,5,0,0,0,0,0,0.31763941049575806
data/raw/osu_lora/Diff_Days_Indoor_Setup/Day5/Device8/IQ_1.dat,58,4547142,7,7,1,test,diff_days_indoor,5,0,0,0,0,0,0.2678588032722473
data/raw/osu_lora/Diff_Days_Indoor_Setup/Day5/Device8/IQ_1.dat,59,4625541,7,15,0,test,diff_days_indoor,5,0,0,0,0,0,0.29751908779144287
data/raw/osu_lora/Diff_Days_Indoor_Setup/Day5/Device8/IQ_1.dat,60,4703940,7,7,1,test,diff_days_indoor,5,0,0,0,0,0,0.29488804936408997
data/raw/osu_lora/Diff_Days_Indoor_Setup/Day5/Device8/IQ_1.dat,61,4782339,7,17,0,test,diff_days_indoor,5,0,0,0,0,0,0.21471397578716278
data/raw/osu_lora/Diff_Days_Indoor_Setup/Day5/Device8/IQ_1.dat,62,4860738,7,17,0,test,diff_days_indoor,5,0,0,0,0,0,0.287177175283432
data/raw/osu_lora/Diff_Days_Indoor_Setup/Day5/Device8/IQ_1.dat,63,4939137,7,17,0,test,diff_days_indoor,5,0,0,0,0,0,0.24513749778270721
data/raw/osu_lora/Diff_Days_Indoor_Setup/Day5/Device8/IQ_1.dat,64,5017536,7,13,0,test,diff_days_indoor,5,0,0,0,0,0,0.22642554342746735
data/raw/osu_lora/Diff_Days_Indoor_Setup/Day5/Device8/IQ_1.dat,65,5095935,7,17,0,test,diff_days_indoor,5,0,0,0,0,0,0.24679481983184814
data/raw/osu_lora/Diff_Days_Indoor_Setup/Day5/Device8/IQ_1.dat,66,5174334,7,17,0,test,diff_days_indoor,5,0,0,0,0,0,0.28322696685791016
data/raw/osu_lora/Diff_Days_Indoor_Setup/Day5/Device8/IQ_1.dat,67,5252733,7,7,1,test,diff_days_indoor,5,0,0,0,0,0,0.22665035724639893
data/raw/osu_lora/Diff_Days_Indoor_Setup/Day5/Device8/IQ_1.dat,68,5331132,7,7,1,test,diff_days_indoor,5,0,0,0,0,0,0.29988211393356323
data/raw/osu_lora/Diff_Days_Indoor_Setup/Day5/Device8/IQ_1.dat,69,5409531,7,7,1,test,diff_days_indoor,5,0,0,0,0,0,0.37764832377433777
data/raw/osu_lora/Diff_Days_Indoor_Setup/Day5/Device8/IQ_1.dat,70,5487930,7,17,0,test,diff_days_indoor,5,0,0,0,0,0,0.3246591091156006
data/raw/osu_lora/Diff_Days_Indoor_Setup/Day5/Device8/IQ_1.dat,71,5566329,7,17,0,test,diff_days_indoor,5,0,0,0,0,0,0.2653590440750122
data/raw/osu_lora/Diff_Days_Indoor_Setup/Day5/Device8/IQ_1.dat,72,5644728,7,7,1,test,diff_days_indoor,5,0,0,0,0,0,0.28495627641677856
data/raw/osu_lora/Diff_Days_Indoor_Setup/Day5/Device8/IQ_1.dat,73,5723127,7,17,0,test,diff_days_indoor,5,0,0,0,0,0,0.20559251308441162
data/raw/osu_lora/Diff_Days_Indoor_Setup/Day5/Device8/IQ_1.dat,74,5801526,7,7,1,test,diff_days_indoor,5,0,0,0,0,0,0.34122833609580994
data/raw/osu_lora/Diff_Days_Indoor_Setup/Day5/Device8/IQ_1.dat,75,5879925,7,7,1,test,diff_days_indoor,5,0,0,0,0,0,0.2504720985889435
data/raw/osu_lora/Diff_Days_Indoor_Setup/Day5/Device8/IQ_1.dat,76,5958324,7,12,0,test,diff_days_indoor,5,0,0,0,0,0,0.2560797929763794
data/raw/osu_lora/Diff_Days_Indoor_Setup/Day5/Device8/IQ_1.dat,77,6036723,7,15,0,test,diff_days_indoor,5,0,0,0,0,0,0.1999242901802063
data/raw/osu_lora/Diff_Days_Indoor_Setup/Day5/Device8/IQ_1.dat,78,6115122,7,7,1,test,diff_days_indoor,5,0,0,0,0,0,0.2510857582092285
data/raw/osu_lora/Diff_Days_Indoor_Setup/Day5/Device8/IQ_1.dat,79,6193521,7,9,0,test,diff_days_indoor,5,0,0,0,0,0,0.13387279212474823
data/raw/osu_lora/Diff_Days_Indoor_Setup/Day5/Device8/IQ_1.dat,80,6271920,7,7,1,test,diff_days_indoor,5,0,0,0,0,0,0.30026182532310486
data/raw/osu_lora/Diff_Days_Indoor_Setup/Day5/Device8/IQ_1.dat,81,6350319,7,12,0,test,diff_days_indoor,5,0,0,0,0,0,0.22254425287246704
data/raw/osu_lora/Diff_Days_Indoor_Setup/Day5/Device8/IQ_1.dat,82,6428718,7,7,1,test,diff_days_indoor,5,0,0,0,0,0,0.31982651352882385
data/raw/osu_lora/Diff_Days_Indoor_Setup/Day5/Device8/IQ_1.dat,83,6507117,7,13,0,test,diff_days_indoor,5,0,0,0,0,0,0.2144312560558319
data/raw/osu_lora/Diff_Days_Indoor_Setup/Day5/Device8/IQ_1.dat,84,6585516,7,7,1,test,diff_days_indoor,5,0,0,0,0,0,0.29509925842285156
data/raw/osu_lora/Diff_Days_Indoor_Setup/Day5/Device8/IQ_1.dat,85,6663915,7,13,0,test,diff_days_indoor,5,0,0,0,0,0,0.14567917585372925
data/raw/osu_lora/Diff_Days_Indoor_Setup/Day5/Device8/IQ_1.dat,86,6742314,7,7,1,test,diff_days_indoor,5,0,0,0,0,0,0.2624797523021698
data/raw/osu_lora/Diff_Days_Indoor_Setup/Day5/Device8/IQ_1.dat,87,6820713,7,7,1,test,diff_days_indoor,5,0,0,0,0,0,0.28223469853401184
data/raw/osu_lora/Diff_Days_Indoor_Setup/Day5/Device8/IQ_1.dat,88,6899112,7,17,0,test,diff_days_indoor,5,0,0,0,0,0,0.27560505270957947
data/raw/osu_lora/Diff_Days_Indoor_Setup/Day5/Device8/IQ_1.dat,89,6977511,7,17,0,test,diff_days_indoor,5,0,0,0,0,0,0.30100181698799133
data/raw/osu_lora/Diff_Days_Indoor_Setup/Day5/Device8/IQ_1.dat,90,7055910,7,7,1,test,diff_days_indoor,5,0,0,0,0,0,0.18967071175575256
data/raw/osu_lora/Diff_Days_Indoor_Setup/Day5/Device8/IQ_1.dat,91,7134309,7,15,0,test,diff_days_indoor,5,0,0,0,0,0,0.22556640207767487
data/raw/osu_lora/Diff_Days_Indoor_Setup/Day5/Device8/IQ_1.dat,92,7212708,7,7,1,test,diff_days_indoor,5,0,0,0,0,0,0.19411320984363556
data/raw/osu_lora/Diff_Days_Indoor_Setup/Day5/Device8/IQ_1.dat,93,7291107,7,17,0,test,diff_days_indoor,5,0,0,0,0,0,0.24555325508117676
data/raw/osu_lora/Diff_Days_Indoor_Setup/Day5/Device8/IQ_1.dat,94,7369506,7,8,0,test,diff_days_indoor,5,0,0,0,0,0,0.10292422771453857
data/raw/osu_lora/Diff_Days_Indoor_Setup/Day5/Device8/IQ_1.dat,95,7447905,7,12,0,test,diff_days_indoor,5,0,0,0,0,0,0.27256059646606445
data/raw/osu_lora/Diff_Days_Indoor_Setup/Day5/Device8/IQ_1.dat,96,7526304,7,7,1,test,diff_days_indoor,5,0,0,0,0,0,0.2505946159362793
data/raw/osu_lora/Diff_Days_Indoor_Setup/Day5/Device8/IQ_1.dat,97,7604703,7,7,1,test,diff_days_indoor,5,0,0,0,0,0,0.2761714458465576
data/raw/osu_lora/Diff_Days_Indoor_Setup/Day5/Device8/IQ_1.dat,98,7683102,7,17,0,test,diff_days_indoor,5,0,0,0,0,0,0.23814694583415985
data/raw/osu_lora/Diff_Days_Indoor_Setup/Day5/Device8/IQ_1.dat,99,7761501,7,7,1,test,diff_days_indoor,5,0,0,0,0,0,0.3025223910808563
data/raw/osu_lora/Diff_Days_Indoor_Setup/Day5/Device8/IQ_1.dat,100,7839900,7,23,0,test,diff_days_indoor,5,0,0,0,0,0,0.26061955094337463
data/raw/osu_lora/Diff_Days_Indoor_Setup/Day5/Device8/IQ_1.dat,101,7918299,7,7,1,test,diff_days_indoor,5,0,0,0,0,0,0.24464759230613708
data/raw/osu_lora/Diff_Days_Indoor_Setup/Day5/Device8/IQ_1.dat,102,7996698,7,17,0,test,diff_days_indoor,5,0,0,0,0,0,0.20178918540477753
data/raw/osu_lora/Diff_Days_Indoor_Setup/Day5/Device8/IQ_1.dat,103,8075097,7,17,0,test,diff_days_indoor,5,0,0,0,0,0,0.2707725465297699
data/raw/osu_lora/Diff_Days_Indoor_Setup/Day5/Device8/IQ_1.dat,104,8153496,7,7,1,test,diff_days_indoor,5,0,0,0,0,0,0.23058496415615082
data/raw/osu_lora/Diff_Days_Indoor_Setup/Day5/Device8/IQ_1.dat,105,8231895,7,17,0,test,diff_days_indoor,5,0,0,0,0,0,0.251362681388855
data/raw/osu_lora/Diff_Days_Indoor_Setup/Day5/Device8/IQ_1.dat,106,8310294,7,7,1,test,diff_days_indoor,5,0,0,0,0,0,0.2853987216949463
data/raw/osu_lora/Diff_Days_Indoor_Setup/Day5/Device8/IQ_1.dat,107,8388693,7,13,0,test,diff_days_indoor,5,0,0,0,0,0,0.1935332715511322
data/raw/osu_lora/Diff_Days_Indoor_Setup/Day5/Device8/IQ_1.dat,108,8467092,7,12,0,test,diff_days_indoor,5,0,0,0,0,0,0.22720281779766083
data/raw/osu_lora/Diff_Days_Indoor_Setup/Day5/Device8/IQ_1.dat,109,8545491,7,17,0,test,diff_days_indoor,5,0,0,0,0,0,0.23192156851291656
data/raw/osu_lora/Diff_Days_Indoor_Setup/Day5/Device8/IQ_1.dat,110,8623890,7,17,0,test,diff_days_indoor,5,0,0,0,0,0,0.2557421922683716
data/raw/osu_lora/Diff_Days_Indoor_Setup/Day5/Device8/IQ_1.dat,111,8702289,7,15,0,test,diff_days_indoor,5,0,0,0,0,0,0.24893568456172943
data/raw/osu_lora/Diff_Days_Indoor_Setup/Day5/Device8/IQ_1.dat,112,8780688,7,7,1,test,diff_days_indoor,5,0,0,0,0,0,0.29778578877449036
data/raw/osu_lora/Diff_Days_Indoor_Setup/Day5/Device8/IQ_1.dat,113,8859087,7,17,0,test,diff_days_indoor,5,0,0,0,0,0,0.23627972602844238
data/raw/osu_lora/Diff_Days_Indoor_Setup/Day5/Device8/IQ_1.dat,114,8937486,7,17,0,test,diff_days_indoor,5,0,0,0,0,0,0.2939416766166687
data/raw/osu_lora/Diff_Days_Indoor_Setup/Day5/Device8/IQ_1.dat,115,9015885,7,16,0,test,diff_days_indoor,5,0,0,0,0,0,0.22480212152004242
data/raw/osu_lora/Diff_Days_Indoor_Setup/Day5/Device8/IQ_1.dat,116,9094284,7,17,0,test,diff_days_indoor,5,0,0,0,0,0,0.24593976140022278
data/raw/osu_lora/Diff_Days_Indoor_Setup/Day5/Device8/IQ_1.dat,117,9172683,7,7,1,test,diff_days_indoor,5,0,0,0,0,0,0.2396513968706131
data/raw/osu_lora/Diff_Days_Indoor_Setup/Day5/Device8/IQ_1.dat,118,9251082,7,7,1,test,diff_days_indoor,5,0,0,0,0,0,0.2612478733062744
data/raw/osu_lora/Diff_Days_Indoor_Setup/Day5/Device8/IQ_1.dat,119,9329481,7,7,1,test,diff_days_indoor,5,0,0,0,0,0,0.2205454409122467
data/raw/osu_lora/Diff_Days_Indoor_Setup/Day5/Device8/IQ_1.dat,120,9407880,7,7,1,test,diff_days_indoor,5,0,0,0,0,0,0.21732762455940247
data/raw/osu_lora/Diff_Days_Indoor_Setup/Day5/Device8/IQ_1.dat,121,9486279,7,7,1,test,diff_days_indoor,5,0,0,0,0,0,0.31055912375450134
data/raw/osu_lora/Diff_Days_Indoor_Setup/Day5/Device8/IQ_1.dat,122,9564678,7,7,1,test,diff_days_indoor,5,0,0,0,0,0,0.3095938265323639
data/raw/osu_lora/Diff_Days_Indoor_Setup/Day5/Device8/IQ_1.dat,123,9643077,7,7,1,test,diff_days_indoor,5,0,0,0,0,0,0.2716104984283447
data/raw/osu_lora/Diff_Days_Indoor_Setup/Day5/Device8/IQ_1.dat,124,9721476,7,7,1,test,diff_days_indoor,5,0,0,0,0,0,0.2450491338968277
data/raw/osu_lora/Diff_Days_Indoor_Setup/Day5/Device8/IQ_1.dat,125,9799875,7,7,1,test,diff_days_indoor,5,0,0,0,0,0,0.18050716817378998
data/raw/osu_lora/Diff_Days_Indoor_Setup/Day5/Device8/IQ_1.dat,126,9878274,7,12,0,test,diff_days_indoor,5,0,0,0,0,0,0.23051846027374268
data/raw/osu_lora/Diff_Days_Indoor_Setup/Day5/Device8/IQ_1.dat,127,9956673,7,7,1,test,diff_days_indoor,5,0,0,0,0,0,0.26992449164390564
data/raw/osu_lora/Diff_Days_Indoor_Setup/Day5/Device8/IQ_1.dat,128,10035072,7,7,1,test,diff_days_indoor,5,0,0,0,0,0,0.265713632106781
data/raw/osu_lora/Diff_Days_Indoor_Setup/Day5/Device8/IQ_1.dat,129,10113471,7,17,0,test,diff_days_indoor,5,0,0,0,0,0,0.28932860493659973
data/raw/osu_lora/Diff_Days_Indoor_Setup/Day5/Device8/IQ_1.dat,130,10191870,7,17,0,test,diff_days_indoor,5,0,0,0,0,0,0.21064236760139465
data/raw/osu_lora/Diff_Days_Indoor_Setup/Day5/Device8/IQ_1.dat,131,10270269,7,7,1,test,diff_days_indoor,5,0,0,0,0,0,0.21401329338550568
data/raw/osu_lora/Diff_Days_Indoor_Setup/Day5/Device8/IQ_1.dat,132,10348668,7,7,1,test,diff_days_indoor,5,0,0,0,0,0,0.22518256306648254
data/raw/osu_lora/Diff_Days_Indoor_Setup/Day5/Device8/IQ_1.dat,133,10427067,7,13,0,test,diff_days_indoor,5,0,0,0,0,0,0.21702270209789276
data/raw/osu_lora/Diff_Days_Indoor_Setup/Day5/Device8/IQ_1.dat,134,10505466,7,7,1,test,diff_days_indoor,5,0,0,0,0,0,0.23194311559200287
data/raw/osu_lora/Diff_Days_Indoor_Setup/Day5/Device8/IQ_1.dat,135,10583865,7,17,0,test,diff_days_indoor,5,0,0,0,0,0,0.2862343490123749
data/raw/osu_lora/Diff_Days_Indoor_Setup/Day5/Device8/IQ_1.dat,136,10662264,7,12,0,test,diff_days_indoor,5,0,0,0,0,0,0.250833123922348
data/raw/osu_lora/Diff_Days_Indoor_Setup/Day5/Device8/IQ_1.dat,137,10740663,7,7,1,test,diff_days_indoor,5,0,0,0,0,0,0.236528679728508
data/raw/osu_lora/Diff_Days_Indoor_Setup/Day5/Device8/IQ_1.dat,138,10819062,7,17,0,test,diff_days_indoor,5,0,0,0,0,0,0.1229906678199768
data/raw/osu_lora/Diff_Days_Indoor_Setup/Day5/Device8/IQ_1.dat,139,10897461,7,17,0,test,diff_days_indoor,5,0,0,0,0,0,0.25403380393981934
data/raw/osu_lora/Diff_Days_Indoor_Setup/Day5/Device8/IQ_1.dat,140,10975860,7,7,1,test,diff_days_indoor,5,0,0,0,0,0,0.18575729429721832
data/raw/osu_lora/Diff_Days_Indoor_Setup/Day5/Device8/IQ_1.dat,141,11054259,7,7,1,test,diff_days_indoor,5,0,0,0,0,0,0.1595715880393982
data/raw/osu_lora/Diff_Days_Indoor_Setup/Day5/Device8/IQ_1.dat,142,11132658,7,12,0,test,diff_days_indoor,5,0,0,0,0,0,0.24180744588375092
data/raw/osu_lora/Diff_Days_Indoor_Setup/Day5/Device8/IQ_1.dat,143,11211057,7,7,1,test,diff_days_indoor,5,0,0,0,0,0,0.25533637404441833
data/raw/osu_lora/Diff_Days_Indoor_Setup/Day5/Device8/IQ_1.dat,144,11289456,7,7,1,test,diff_days_indoor,5,0,0,0,0,0,0.2651177644729614
data/raw/osu_lora/Diff_Days_Indoor_Setup/Day5/Device8/IQ_1.dat,145,11367855,7,17,0,test,diff_days_indoor,5,0,0,0,0,0,0.2857065498828888
data/raw/osu_lora/Diff_Days_Indoor_Setup/Day5/Device8/IQ_1.dat,146,11446254,7,7,1,test,diff_days_indoor,5,0,0,0,0,0,0.3376028537750244
data/raw/osu_lora/Diff_Days_Indoor_Setup/Day5/Device8/IQ_1.dat,147,11524653,7,7,1,test,diff_days_indoor,5,0,0,0,0,0,0.30478206276893616
data/raw/osu_lora/Diff_Days_Indoor_Setup/Day5/Device8/IQ_1.dat,148,11603052,7,7,1,test,diff_days_indoor,5,0,0,0,0,0,0.28330370783805847
data/raw/osu_lora/Diff_Days_Indoor_Setup/Day5/Device8/IQ_1.dat,149,11681451,7,7,1,test,diff_days_indoor,5,0,0,0,0,0,0.3040882647037506
data/raw/osu_lora/Diff_Days_Indoor_Setup/Day5/Device8/IQ_1.dat,150,11759850,7,17,0,test,diff_days_indoor,5,0,0,0,0,0,0.23374922573566437
data/raw/osu_lora/Diff_Days_Indoor_Setup/Day5/Device8/IQ_1.dat,151,11838249,7,12,0,test,diff_days_indoor,5,0,0,0,0,0,0.24663154780864716
data/raw/osu_lora/Diff_Days_Indoor_Setup/Day5/Device8/IQ_1.dat,152,11916648,7,7,1,test,diff_days_indoor,5,0,0,0,0,0,0.3393051028251648
data/raw/osu_lora/Diff_Days_Indoor_Setup/Day5/Device8/IQ_1.dat,153,11995047,7,17,0,test,diff_days_indoor,5,0,0,0,0,0,0.3017084300518036
data/raw/osu_lora/Diff_Days_Indoor_Setup/Day5/Device8/IQ_1.dat,154,12073446,7,7,1,test,diff_days_indoor,5,0,0,0,0,0,0.29341864585876465
data/raw/osu_lora/Diff_Days_Indoor_Setup/Day5/Device8/IQ_1.dat,155,12151845,7,7,1,test,diff_days_indoor,5,0,0,0,0,0,0.2780933976173401
data/raw/osu_lora/Diff_Days_Indoor_Setup/Day5/Device8/IQ_1.dat,156,12230244,7,7,1,test,diff_days_indoor,5,0,0,0,0,0,0.2649272680282593
data/raw/osu_lora/Diff_Days_Indoor_Setup/Day5/Device8/IQ_1.dat,157,12308643,7,15,0,test,diff_days_indoor,5,0,0,0,0,0,0.19680263102054596
data/raw/osu_lora/Diff_Days_Indoor_Setup/Day5/Device8/IQ_1.dat,158,12387042,7,17,0,test,diff_days_indoor,5,0,0,0,0,0,0.20424024760723114
data/raw/osu_lora/Diff_Days_Indoor_Setup/Day5/Device8/IQ_1.dat,159,12465441,7,17,0,test,diff_days_indoor,5,0,0,0,0,0,0.2890048921108246
data/raw/osu_lora/Diff_Days_Indoor_Setup/Day5/Device8/IQ_1.dat,160,12543840,7,7,1,test,diff_days_indoor,5,0,0,0,0,0,0.284155935049057
data/raw/osu_lora/Diff_Days_Indoor_Setup/Day5/Device8/IQ_1.dat,161,12622239,7,7,1,test,diff_days_indoor,5,0,0,0,0,0,0.22195281088352203
data/raw/osu_lora/Diff_Days_Indoor_Setup/Day5/Device8/IQ_1.dat,162,12700638,7,7,1,test,diff_days_indoor,5,0,0,0,0,0,0.3063114583492279
data/raw/osu_lora/Diff_Days_Indoor_Setup/Day5/Device8/IQ_1.dat,163,12779037,7,17,0,test,diff_days_indoor,5,0,0,0,0,0,0.21557776629924774
data/raw/osu_lora/Diff_Days_Indoor_Setup/Day5/Device8/IQ_1.dat,164,12857436,7,17,0,test,diff_days_indoor,5,0,0,0,0,0,0.3057418167591095
data/raw/osu_lora/Diff_Days_Indoor_Setup/Day5/Device8/IQ_1.dat,165,12935835,7,7,1,test,diff_days_indoor,5,0,0,0,0,0,0.31977027654647827
data/raw/osu_lora/Diff_Days_Indoor_Setup/Day5/Device8/IQ_1.dat,166,13014234,7,7,1,test,diff_days_indoor,5,0,0,0,0,0,0.3268580138683319
data/raw/osu_lora/Diff_Days_Indoor_Setup/Day5/Device8/IQ_1.dat,167,13092633,7,13,0,test,diff_days_indoor,5,0,0,0,0,0,0.1598655730485916
data/raw/osu_lora/Diff_Days_Indoor_Setup/Day5/Device8/IQ_1.dat,168,13171032,7,12,0,test,diff_days_indoor,5,0,0,0,0,0,0.23974183201789856
data/raw/osu_lora/Diff_Days_Indoor_Setup/Day5/Device8/IQ_1.dat,169,13249431,7,17,0,test,diff_days_indoor,5,0,0,0,0,0,0.257708877325058
data/raw/osu_lora/Diff_Days_Indoor_Setup/Day5/Device8/IQ_1.dat,170,13327830,7,7,1,test,diff_days_indoor,5,0,0,0,0,0,0.1728896051645279
data/raw/osu_lora/Diff_Days_Indoor_Setup/Day5/Device8/IQ_1.dat,171,13406229,7,17,0,test,diff_days_indoor,5,0,0,0,0,0,0.17118380963802338
data/raw/osu_lora/Diff_Days_Indoor_Setup/Day5/Device8/IQ_1.dat,172,13484628,7,17,0,test,diff_days_indoor,5,0,0,0,0,0,0.292461097240448
data/raw/osu_lora/Diff_Days_Indoor_Setup/Day5/Device8/IQ_1.dat,173,13563027,7,17,0,test,diff_days_indoor,5,0,0,0,0,0,0.34552499651908875
data/raw/osu_lora/Diff_Days_Indoor_Setup/Day5/Device8/IQ_1.dat,174,13641426,7,7,1,test,diff_days_indoor,5,0,0,0,0,0,0.2530132830142975
data/raw/osu_lora/Diff_Days_Indoor_Setup/Day5/Device8/IQ_1.dat,175,13719825,7,7,1,test,diff_days_indoor,5,0,0,0,0,0,0.2277338206768036
data/raw/osu_lora/Diff_Days_Indoor_Setup/Day5/Device8/IQ_1.dat,176,13798224,7,7,1,test,diff_days_indoor,5,0,0,0,0,0,0.29660022258758545
data/raw/osu_lora/Diff_Days_Indoor_Setup/Day5/Device8/IQ_1.dat,177,13876623,7,7,1,test,diff_days_indoor,5,0,0,0,0,0,0.34343016147613525
data/raw/osu_lora/Diff_Days_Indoor_Setup/Day5/Device8/IQ_1.dat,178,13955022,7,7,1,test,diff_days_indoor,5,0,0,0,0,0,0.3207385838031769
data/raw/osu_lora/Diff_Days_Indoor_Setup/Day5/Device8/IQ_1.dat,179,14033421,7,7,1,test,diff_days_indoor,5,0,0,0,0,0,0.30295416712760925
data/raw/osu_lora/Diff_Days_Indoor_Setup/Day5/Device8/IQ_1.dat,180,14111820,7,17,0,test,diff_days_indoor,5,0,0,0,0,0,0.29614120721817017
data/raw/osu_lora/Diff_Days_Indoor_Setup/Day5/Device8/IQ_1.dat,181,14190219,7,17,0,test,diff_days_indoor,5,0,0,0,0,0,0.2545488178730011
data/raw/osu_lora/Diff_Days_Indoor_Setup/Day5/Device8/IQ_1.dat,182,14268618,7,7,1,test,diff_days_indoor,5,0,0,0,0,0,0.2288661003112793
data/raw/osu_lora/Diff_Days_Indoor_Setup/Day5/Device8/IQ_1.dat,183,14347017,7,17,0,test,diff_days_indoor,5,0,0,0,0,0,0.16569884121418
data/raw/osu_lora/Diff_Days_Indoor_Setup/Day5/Device8/IQ_1.dat,184,14425416,7,17,0,test,diff_days_indoor,5,0,0,0,0,0,0.22057192027568817
data/raw/osu_lora/Diff_Days_Indoor_Setup/Day5/Device8/IQ_1.dat,185,14503815,7,7,1,test,diff_days_indoor,5,0,0,0,0,0,0.2985576391220093
data/raw/osu_lora/Diff_Days_Indoor_Setup/Day5/Device8/IQ_1.dat,186,14582214,7,17,0,test,diff_days_indoor,5,0,0,0,0,0,0.2127518206834793
data/raw/osu_lora/Diff_Days_Indoor_Setup/Day5/Device8/IQ_1.dat,187,14660613,7,17,0,test,diff_days_indoor,5,0,0,0,0,0,0.2965337336063385
data/raw/osu_lora/Diff_Days_Indoor_Setup/Day5/Device8/IQ_1.dat,188,14739012,7,7,1,test,diff_days_indoor,5,0,0,0,0,0,0.36214932799339294
data/raw/osu_lora/Diff_Days_Indoor_Setup/Day5/Device8/IQ_1.dat,189,14817411,7,12,0,test,diff_days_indoor,5,0,0,0,0,0,0.2658049464225769
data/raw/osu_lora/Diff_Days_Indoor_Setup/Day5/Device8/IQ_1.dat,190,14895810,7,7,1,test,diff_days_indoor,5,0,0,0,0,0,0.27819570899009705
data/raw/osu_lora/Diff_Days_Indoor_Setup/Day5/Device8/IQ_1.dat,191,14974209,7,7,1,test,diff_days_indoor,5,0,0,0,0,0,0.23941630125045776
data/raw/osu_lora/Diff_Days_Indoor_Setup/Day5/Device8/IQ_1.dat,192,15052608,7,7,1,test,diff_days_indoor,5,0,0,0,0,0,0.35086435079574585
data/raw/osu_lora/Diff_Days_Indoor_Setup/Day5/Device8/IQ_1.dat,193,15131007,7,7,1,test,diff_days_indoor,5,0,0,0,0,0,0.30264055728912354
data/raw/osu_lora/Diff_Days_Indoor_Setup/Day5/Device8/IQ_1.dat,194,15209406,7,7,1,test,diff_days_indoor,5,0,0,0,0,0,0.30970701575279236
data/raw/osu_lora/Diff_Days_Indoor_Setup/Day5/Device8/IQ_1.dat,195,15287805,7,7,1,test,diff_days_indoor,5,0,0,0,0,0,0.22315452992916107
data/raw/osu_lora/Diff_Days_Indoor_Setup/Day5/Device8/IQ_1.dat,196,15366204,7,7,1,test,diff_days_indoor,5,0,0,0,0,0,0.3121810555458069
data/raw/osu_lora/Diff_Days_Indoor_Setup/Day5/Device8/IQ_1.dat,197,15444603,7,17,0,test,diff_days_indoor,5,0,0,0,0,0,0.3515968918800354
data/raw/osu_lora/Diff_Days_Indoor_Setup/Day5/Device8/IQ_1.dat,198,15523002,7,7,1,test,diff_days_indoor,5,0,0,0,0,0,0.2873044013977051
data/raw/osu_lora/Diff_Days_Indoor_Setup/Day5/Device8/IQ_1.dat,199,15601401,7,12,0,test,diff_days_indoor,5,0,0,0,0,0,0.21587364375591278
data/raw/osu_lora/Diff_Days_Indoor_Setup/Day5/Device8/IQ_1.dat,200,15679800,7,7,1,test,diff_days_indoor,5,0,0,0,0,0,0.2791128158569336
data/raw/osu_lora/Diff_Days_Indoor_Setup/Day5/Device8/IQ_1.dat,201,15758199,7,17,0,test,diff_days_indoor,5,0,0,0,0,0,0.3079823851585388
data/raw/osu_lora/Diff_Days_Indoor_Setup/Day5/Device8/IQ_1.dat,202,15836598,7,7,1,test,diff_days_indoor,5,0,0,0,0,0,0.27330297231674194
data/raw/osu_lora/Diff_Days_Indoor_Setup/Day5/Device8/IQ_1.dat,203,15914997,7,17,0,test,diff_days_indoor,5,0,0,0,0,0,0.28309017419815063
data/raw/osu_lora/Diff_Days_Indoor_Setup/Day5/Device8/IQ_1.dat,204,15993396,7,17,0,test,diff_days_indoor,5,0,0,0,0,0,0.25809207558631897
data/raw/osu_lora/Diff_Days_Indoor_Setup/Day5/Device8/IQ_1.dat,205,16071795,7,17,0,test,diff_days_indoor,5,0,0,0,0,0,0.24006780982017517
data/raw/osu_lora/Diff_Days_Indoor_Setup/Day5/Device8/IQ_1.dat,206,16150194,7,7,1,test,diff_days_indoor,5,0,0,0,0,0,0.26858288049697876
data/raw/osu_lora/Diff_Days_Indoor_Setup/Day5/Device8/IQ_1.dat,207,16228593,7,7,1,test,diff_days_indoor,5,0,0,0,0,0,0.32247766852378845
data/raw/osu_lora/Diff_Days_Indoor_Setup/Day5/Device8/IQ_1.dat,208,16306992,7,15,0,test,diff_days_indoor,5,0,0,0,0,0,0.291251003742218
data/raw/osu_lora/Diff_Days_Indoor_Setup/Day5/Device8/IQ_1.dat,209,16385391,7,17,0,test,diff_days_indoor,5,0,0,0,0,0,0.2819356620311737
data/raw/osu_lora/Diff_Days_Indoor_Setup/Day5/Device8/IQ_1.dat,210,16463790,7,12,0,test,diff_days_indoor,5,0,0,0,0,0,0.22655035555362701
data/raw/osu_lora/Diff_Days_Indoor_Setup/Day5/Device8/IQ_1.dat,211,16542189,7,17,0,test,diff_days_indoor,5,0,0,0,0,0,0.18795643746852875
data/raw/osu_lora/Diff_Days_Indoor_Setup/Day5/Device8/IQ_1.dat,212,16620588,7,17,0,test,diff_days_indoor,5,0,0,0,0,0,0.29375481605529785
data/raw/osu_lora/Diff_Days_Indoor_Setup/Day5/Device8/IQ_1.dat,213,16698987,7,7,1,test,diff_days_indoor,5,0,0,0,0,0,0.2419690489768982
data/raw/osu_lora/Diff_Days_Indoor_Setup/Day5/Device8/IQ_1.dat,214,16777386,7,8,0,test,diff_days_indoor,5,0,0,0,0,0,0.11259392648935318
data/raw/osu_lora/Diff_Days_Indoor_Setup/Day5/Device8/IQ_1.dat,215,16855785,7,13,0,test,diff_days_indoor,5,0,0,0,0,0,0.22530291974544525
data/raw/osu_lora/Diff_Days_Indoor_Setup/Day5/Device8/IQ_1.dat,216,16934184,7,7,1,test,diff_days_indoor,5,0,0,0,0,0,0.2994071841239929
data/raw/osu_lora/Diff_Days_Indoor_Setup/Day5/Device8/IQ_1.dat,217,17012583,7,7,1,test,diff_days_indoor,5,0,0,0,0,0,0.3039061725139618
data/raw/osu_lora/Diff_Days_Indoor_Setup/Day5/Device8/IQ_1.dat,218,17090982,7,17,0,test,diff_days_indoor,5,0,0,0,0,0,0.23937851190567017
data/raw/osu_lora/Diff_Days_Indoor_Setup/Day5/Device8/IQ_1.dat,219,17169381,7,7,1,test,diff_days_indoor,5,0,0,0,0,0,0.31141197681427
data/raw/osu_lora/Diff_Days_Indoor_Setup/Day5/Device8/IQ_1.dat,220,17247780,7,17,0,test,diff_days_indoor,5,0,0,0,0,0,0.30551639199256897
data/raw/osu_lora/Diff_Days_Indoor_Setup/Day5/Device8/IQ_1.dat,221,17326179,7,17,0,test,diff_days_indoor,5,0,0,0,0,0,0.3058968782424927
data/raw/osu_lora/Diff_Days_Indoor_Setup/Day5/Device8/IQ_1.dat,222,17404578,7,17,0,test,diff_days_indoor,5,0,0,0,0,0,0.20703335106372833
data/raw/osu_lora/Diff_Days_Indoor_Setup/Day5/Device8/IQ_1.dat,223,17482977,7,17,0,test,diff_days_indoor,5,0,0,0,0,0,0.18914318084716797
data/raw/osu_lora/Diff_Days_Indoor_Setup/Day5/Device8/IQ_1.dat,224,17561376,7,7,1,test,diff_days_indoor,5,0,0,0,0,0,0.30450165271759033
data/raw/osu_lora/Diff_Days_Indoor_Setup/Day5/Device8/IQ_1.dat,225,17639775,7,17,0,test,diff_days_indoor,5,0,0,0,0,0,0.21497809886932373
data/raw/osu_lora/Diff_Days_Indoor_Setup/Day5/Device8/IQ_1.dat,226,17718174,7,7,1,test,diff_days_indoor,5,0,0,0,0,0,0.24012458324432373
data/raw/osu_lora/Diff_Days_Indoor_Setup/Day5/Device8/IQ_1.dat,227,17796573,7,7,1,test,diff_days_indoor,5,0,0,0,0,0,0.20887094736099243
data/raw/osu_lora/Diff_Days_Indoor_Setup/Day5/Device8/IQ_1.dat,228,17874972,7,13,0,test,diff_days_indoor,5,0,0,0,0,0,0.20243039727210999
data/raw/osu_lora/Diff_Days_Indoor_Setup/Day5/Device8/IQ_1.dat,229,17953371,7,13,0,test,diff_days_indoor,5,0,0,0,0,0,0.16991636157035828
data/raw/osu_lora/Diff_Days_Indoor_Setup/Day5/Device8/IQ_1.dat,230,18031770,7,15,0,test,diff_days_indoor,5,0,0,0,0,0,0.2595316767692566
data/raw/osu_lora/Diff_Days_Indoor_Setup/Day5/Device8/IQ_1.dat,231,18110169,7,17,0,test,diff_days_indoor,5,0,0,0,0,0,0.26870301365852356
data/raw/osu_lora/Diff_Days_Indoor_Setup/Day5/Device8/IQ_1.dat,232,18188568,7,17,0,test,diff_days_indoor,5,0,0,0,0,0,0.301567405462265
data/raw/osu_lora/Diff_Days_Indoor_Setup/Day5/Device8/IQ_1.dat,233,18266967,7,15,0,test,diff_days_indoor,5,0,0,0,0,0,0.23853732645511627
data/raw/osu_lora/Diff_Days_Indoor_Setup/Day5/Device8/IQ_1.dat,234,18345366,7,7,1,test,diff_days_indoor,5,0,0,0,0,0,0.3465035855770111
data/raw/osu_lora/Diff_Days_Indoor_Setup/Day5/Device8/IQ_1.dat,235,18423765,7,7,1,test,diff_days_indoor,5,0,0,0,0,0,0.37372416257858276
data/raw/osu_lora/Diff_Days_Indoor_Setup/Day5/Device8/IQ_1.dat,236,18502164,7,17,0,test,diff_days_indoor,5,0,0,0,0,0,0.18931926786899567
data/raw/osu_lora/Diff_Days_Indoor_Setup/Day5/Device8/IQ_1.dat,237,18580563,7,7,1,test,diff_days_indoor,5,0,0,0,0,0,0.2805735766887665
data/raw/osu_lora/Diff_Days_Indoor_Setup/Day5/Device8/IQ_1.dat,238,18658962,7,7,1,test,diff_days_indoor,5,0,0,0,0,0,0.29635992646217346
data/raw/osu_lora/Diff_Days_Indoor_Setup/Day5/Device8/IQ_1.dat,239,18737361,7,17,0,test,diff_days_indoor,5,0,0,0,0,0,0.24555031955242157
data/raw/osu_lora/Diff_Days_Indoor_Setup/Day5/Device8/IQ_1.dat,240,18815760,7,13,0,test,diff_days_indoor,5,0,0,0,0,0,0.18247264623641968
data/raw/osu_lora/Diff_Days_Indoor_Setup/Day5/Device8/IQ_1.dat,241,18894159,7,7,1,test,diff_days_indoor,5,0,0,0,0,0,0.3214148283004761
data/raw/osu_lora/Diff_Days_Indoor_Setup/Day5/Device8/IQ_1.dat,242,18972558,7,7,1,test,diff_days_indoor,5,0,0,0,0,0,0.28825533390045166
data/raw/osu_lora/Diff_Days_Indoor_Setup/Day5/Device8/IQ_1.dat,243,19050957,7,7,1,test,diff_days_indoor,5,0,0,0,0,0,0.25672274827957153
data/raw/osu_lora/Diff_Days_Indoor_Setup/Day5/Device8/IQ_1.dat,244,19129356,7,7,1,test,diff_days_indoor,5,0,0,0,0,0,0.3228956460952759
data/raw/osu_lora/Diff_Days_Indoor_Setup/Day5/Device8/IQ_1.dat,245,19207755,7,7,1,test,diff_days_indoor,5,0,0,0,0,0,0.1938585340976715
data/raw/osu_lora/Diff_Days_Indoor_Setup/Day5/Device8/IQ_1.dat,246,19286154,7,7,1,test,diff_days_indoor,5,0,0,0,0,0,0.2907717525959015
data/raw/osu_lora/Diff_Days_Indoor_Setup/Day5/Device8/IQ_1.dat,247,19364553,7,7,1,test,diff_days_indoor,5,0,0,0,0,0,0.21552515029907227
data/raw/osu_lora/Diff_Days_Indoor_Setup/Day5/Device8/IQ_1.dat,248,19442952,7,13,0,test,diff_days_indoor,5,0,0,0,0,0,0.21734893321990967
data/raw/osu_lora/Diff_Days_Indoor_Setup/Day5/Device8/IQ_1.dat,249,19521351,7,7,1,test,diff_days_indoor,5,0,0,0,0,0,0.24030622839927673
data/raw/osu_lora/Diff_Days_Indoor_Setup/Day5/Device8/IQ_1.dat,250,19599750,7,7,1,test,diff_days_indoor,5,0,0,0,0,0,0.27388980984687805
data/raw/osu_lora/Diff_Days_Indoor_Setup/Day5/Device8/IQ_1.dat,251,19678149,7,7,1,test,diff_days_indoor,5,0,0,0,0,0,0.25578951835632324
data/raw/osu_lora/Diff_Days_Indoor_Setup/Day5/Device8/IQ_1.dat,252,19756548,7,7,1,test,diff_days_indoor,5,0,0,0,0,0,0.24051903188228607
data/raw/osu_lora/Diff_Days_Indoor_Setup/Day5/Device8/IQ_1.dat,253,19834947,7,12,0,test,diff_days_indoor,5,0,0,0,0,0,0.2397397756576538
data/raw/osu_lora/Diff_Days_Indoor_Setup/Day5/Device8/IQ_1.dat,254,19913346,7,7,1,test,diff_days_indoor,5,0,0,0,0,0,0.25684529542922974
data/raw/osu_lora/Diff_Days_Indoor_Setup/Day5/Device8/IQ_1.dat,255,19991745,7,7,1,test,diff_days_indoor,5,0,0,0,0,0,0.26317527890205383
data/raw/osu_lora/Diff_Days_Indoor_Setup/Day5/Device10/IQ_1.dat,0,0,8,8,1,test,diff_days_indoor,5,0,0,0,0,0,0.3585607707500458
data/raw/osu_lora/Diff_Days_Indoor_Setup/Day5/Device10/IQ_1.dat,1,78399,8,20,0,test,diff_days_indoor,5,0,0,0,0,0,0.34169065952301025
data/raw/osu_lora/Diff_Days_Indoor_Setup/Day5/Device10/IQ_1.dat,2,156798,8,8,1,test,diff_days_indoor,5,0,0,0,0,0,0.4735416769981384
data/raw/osu_lora/Diff_Days_Indoor_Setup/Day5/Device10/IQ_1.dat,3,235197,8,8,1,test,diff_days_indoor,5,0,0,0,0,0,0.62172532081604
data/raw/osu_lora/Diff_Days_Indoor_Setup/Day5/Device10/IQ_1.dat,4,313596,8,8,1,test,diff_days_indoor,5,0,0,0,0,0,0.6203367114067078
data/raw/osu_lora/Diff_Days_Indoor_Setup/Day5/Device10/IQ_1.dat,5,391995,8,8,1,test,diff_days_indoor,5,0,0,0,0,0,0.5255574584007263
data/raw/osu_lora/Diff_Days_Indoor_Setup/Day5/Device10/IQ_1.dat,6,470394,8,8,1,test,diff_days_indoor,5,0,0,0,0,0,0.5128090977668762
data/raw/osu_lora/Diff_Days_Indoor_Setup/Day5/Device10/IQ_1.dat,7,548793,8,8,1,test,diff_days_indoor,5,0,0,0,0,0,0.4671667516231537
data/raw/osu_lora/Diff_Days_Indoor_Setup/Day5/Device10/IQ_1.dat,8,627192,8,8,1,test,diff_days_indoor,5,0,0,0,0,0,0.49285900592803955
data/raw/osu_lora/Diff_Days_Indoor_Setup/Day5/Device10/IQ_1.dat,9,705591,8,8,1,test,diff_days_indoor,5,0,0,0,0,0,0.5973297953605652
data/raw/osu_lora/Diff_Days_Indoor_Setup/Day5/Device10/IQ_1.dat,10,783990,8,8,1,test,diff_days_indoor,5,0,0,0,0,0,0.38486936688423157
data/raw/osu_lora/Diff_Days_Indoor_Setup/Day5/Device10/IQ_1.dat,11,862389,8,20,0,test,diff_days_indoor,5,0,0,0,0,0,0.39592891931533813
data/raw/osu_lora/Diff_Days_Indoor_Setup/Day5/Device10/IQ_1.dat,12,940788,8,20,0,test,diff_days_indoor,5,0,0,0,0,0,0.43294328451156616
data/raw/osu_lora/Diff_Days_Indoor_Setup/Day5/Device10/IQ_1.dat,13,1019187,8,8,1,test,diff_days_indoor,5,0,0,0,0,0,0.5751063227653503
data/raw/osu_lora/Diff_Days_Indoor_Setup/Day5/Device10/IQ_1.dat,14,1097586,8,8,1,test,diff_days_indoor,5,0,0,0,0,0,0.6139265298843384
data/raw/osu_lora/Diff_Days_Indoor_Setup/Day5/Device10/IQ_1.dat,15,1175985,8,8,1,test,diff_days_indoor,5,0,0,0,0,0,0.5321537256240845
data/raw/osu_lora/Diff_Days_Indoor_Setup/Day5/Device10/IQ_1.dat,16,1254384,8,8,1,test,diff_days_indoor,5,0,0,0,0,0,0.5020984411239624
data/raw/osu_lora/Diff_Days_Indoor_Setup/Day5/Device10/IQ_1.dat,17,1332783,8,8,1,test,diff_days_indoor,5,0,0,0,0,0,0.6175479888916016
data/raw/osu_lora/Diff_Days_Indoor_Setup/Day5/Device10/IQ_1.dat,18,1411182,8,8,1,test,diff_days_indoor,5,0,0,0,0,0,0.3164523243904114
data/raw/osu_lora/Diff_Days_Indoor_Setup/Day5/Device10/IQ_1.dat,19,1489581,8,8,1,test,diff_days_indoor,5,0,0,0,0,0,0.4608132243156433
data/raw/osu_lora/Diff_Days_Indoor_Setup/Day5/Device10/IQ_1.dat,20,1567980,8,8,1,test,diff_days_indoor,5,0,0,0,0,0,0.3981330394744873
data/raw/osu_lora/Diff_Days_Indoor_Setup/Day5/Device10/IQ_1.dat,21,1646379,8,8,1,test,diff_days_indoor,5,0,0,0,0,0,0.5365188121795654
data/raw/osu_lora/Diff_Days_Indoor_Setup/Day5/Device10/IQ_1.dat,22,1724778,8,20,0,test,diff_days_indoor,5,0,0,0,0,0,0.4067527651786804
data/raw/osu_lora/Diff_Days_Indoor_Setup/Day5/Device10/IQ_1.dat,23,1803177,8,8,1,test,diff_days_indoor,5,0,0,0,0,0,0.4005635380744934
data/raw/osu_lora/Diff_Days_Indoor_Setup/Day5/Device10/IQ_1.dat,24,1881576,8,8,1,test,diff_days_indoor,5,0,0,0,0,0,0.48723137378692627
data/raw/osu_lora/Diff_Days_Indoor_Setup/Day5/Device10/IQ_1.dat,25,1959975,8,8,1,test,diff_days_indoor,5,0,0,0,0,0,0.6444100141525269
data/raw/osu_lora/Diff_Days_Indoor_Setup/Day5/Device10/IQ_1.dat,26,2038374,8,8,1,test,diff_days_indoor,5,0,0,0,0,0,0.5688870549201965
data/raw/osu_lora/Diff_Days_Indoor_Setup/Day5/Device10/IQ_1.dat,27,2116773,8,8,1,test,diff_days_indoor,5,0,0,0,0,0,0.5640727281570435
data/raw/osu_lora/Diff_Days_Indoor_Setup/Day5/Device10/IQ_1.dat,28,2195172,8,8,1,test,diff_days_indoor,5,0,0,0,0,0,0.5753375291824341
data/raw/osu_lora/Diff_Days_Indoor_Setup/Day5/Device10/IQ_1.dat,29,2273571,8,8,1,test,diff_days_indoor,5,0,0,0,0,0,0.49832263588905334
data/raw/osu_lora/Diff_Days_Indoor_Setup/Day5/Device10/IQ_1.dat,30,2351970,8,8,1,test,diff_days_indoor,5,0,0,0,0,0,0.5534323453903198
data/raw/osu_lora/Diff_Days_Indoor_Setup/Day5/Device10/IQ_1.dat,31,2430369,8,20,0,test,diff_days_indoor,5,0,0,0,0,0,0.39213821291923523
data/raw/osu_lora/Diff_Days_Indoor_Setup/Day5/Device10/IQ_1.dat,32,2508768,8,8,1,test,diff_days_indoor,5,0,0,0,0,0,0.517841637134552
data/raw/osu_lora/Diff_Days_Indoor_Setup/Day5/Device10/IQ_1.dat,33,2587167,8,20,0,test,diff_days_indoor,5,0,0,0,0,0,0.42167845368385315
data/raw/osu_lora/Diff_Days_Indoor_Setup/Day5/Device10/IQ_1.dat,34,2665566,8,8,1,test,diff_days_indoor,5,0,0,0,0,0,0.6000471115112305
data/raw/osu_lora/Diff_Days_Indoor_Setup/Day5/Device10/IQ_1.dat,35,2743965,8,8,1,test,diff_days_indoor,5,0,0,0,0,0,0.583672046661377
data/raw/osu_lora/Diff_Days_Indoor_Setup/Day5/Device10/IQ_1.dat,36,2822364,8,8,1,test,diff_days_indoor,5,0,0,0,0,0,0.5703909397125244
data/raw/osu_lora/Diff_Days_Indoor_Setup/Day5/Device10/IQ_1.dat,37,2900763,8,8,1,test,diff_days_indoor,5,0,0,0,0,0,0.5185412764549255
data/raw/osu_lora/Diff_Days_Indoor_Setup/Day5/Device10/IQ_1.dat,38,2979162,8,8,1,test,diff_days_indoor,5,0,0,0,0,0,0.5603308081626892
data/raw/osu_lora/Diff_Days_Indoor_Setup/Day5/Device10/IQ_1.dat,39,3057561,8,8,1,test,diff_days_indoor,5,0,0,0,0,0,0.5765726566314697
data/raw/osu_lora/Diff_Days_Indoor_Setup/Day5/Device10/IQ_1.dat,40,3135960,8,8,1,test,diff_days_indoor,5,0,0,0,0,0,0.4913288652896881
data/raw/osu_lora/Diff_Days_Indoor_Setup/Day5/Device10/IQ_1.dat,41,3214359,8,8,1,test,diff_days_indoor,5,0,0,0,0,0,0.5410390496253967
data/raw/osu_lora/Diff_Days_Indoor_Setup/Day5/Device10/IQ_1.dat,42,3292758,8,20,0,test,diff_days_indoor,5,0,0,0,0,0,0.3136036992073059
data/raw/osu_lora/Diff_Days_Indoor_Setup/Day5/Device10/IQ_1.dat,43,3371157,8,8,1,test,diff_days_indoor,5,0,0,0,0,0,0.6173842549324036
data/raw/osu_lora/Diff_Days_Indoor_Setup/Day5/Device10/IQ_1.dat,44,3449556,8,8,1,test,diff_days_indoor,5,0,0,0,0,0,0.47178494930267334
data/raw/osu_lora/Diff_Days_Indoor_Setup/Day5/Device10/IQ_1.dat,45,3527955,8,8,1,test,diff_days_indoor,5,0,0,0,0,0,0.4407195448875427
data/raw/osu_lora/Diff_Days_Indoor_Setup/Day5/Device10/IQ_1.dat,46,3606354,8,20,0,test,diff_days_indoor,5,0,0,0,0,0,0.41796544194221497
data/raw/osu_lora/Diff_Days_Indoor_Setup/Day5/Device10/IQ_1.dat,47,3684753,8,8,1,test,diff_days_indoor,5,0,0,0,0,0,0.2843896150588989
data/raw/osu_lora/Diff_Days_Indoor_Setup/Day5/Device10/IQ_1.dat,48,3763152,8,8,1,test,diff_days_indoor,5,0,0,0,0,0,0.46747317910194397
data/raw/osu_lora/Diff_Days_Indoor_Setup/Day5/Device10/IQ_1.dat,49,3841551,8,8,1,test,diff_days_indoor,5,0,0,0,0,0,0.5204700231552124
data/raw/osu_lora/Diff_Days_Indoor_Setup/Day5/Device10/IQ_1.dat,50,3919950,8,8,1,test,diff_days_indoor,5,0,0,0,0,0,0.5230353474617004
data/raw/osu_lora/Diff_Days_Indoor_Setup/Day5/Device10/IQ_1.dat,51,3998349,8,8,1,test,diff_days_indoor,5,0,0,0,0,0,0.49735328555107117
data/raw/osu_lora/Diff_Days_Indoor_Setup/Day5/Device10/IQ_1.dat,52,4076748,8,8,1,test,diff_days_indoor,5,0,0,0,0,0,0.5307789444923401
data/raw/osu_lora/Diff_Days_Indoor_Setup/Day5/Device10/IQ_1.dat,53,4155147,8,8,1,test,diff_days_indoor,5,0,0,0,0,0,0.43611955642700195
data/raw/osu_lora/Diff_Days_Indoor_Setup/Day5/Device10/IQ_1.dat,54,4233546,8,8,1,test,diff_days_indoor,5,0,0,0,0,0,0.5224465131759644
data/raw/osu_lora/Diff_Days_Indoor_Setup/Day5/Device10/IQ_1.dat,55,4311945,8,8,1,test,diff_days_indoor,5,0,0,0,0,0,0.6400763392448425
data/raw/osu_lora/Diff_Days_Indoor_Setup/Day5/Device10/IQ_1.dat,56,4390344,8,8,1,test,diff_days_indoor,5,0,0,0,0,0,0.2905579209327698
data/raw/osu_lora/Diff_Days_Indoor_Setup/Day5/Device10/IQ_1.dat,57,4468743,8,8,1,test,diff_days_indoor,5,0,0,0,0,0,0.5193462371826172
data/raw/osu_lora/Diff_Days_Indoor_Setup/Day5/Device10/IQ_1.dat,58,4547142,8,8,1,test,diff_days_indoor,5,0,0,0,0,0,0.5605345368385315
data/raw/osu_lora/Diff_Days_Indoor_Setup/Day5/Device10/IQ_1.dat,59,4625541,8,8,1,test,diff_days_indoor,5,0,0,0,0,0,0.5575698614120483
data/raw/osu_lora/Diff_Days_Indoor_Setup/Day5/Device10/IQ_1.dat,60,4703940,8,8,1,test,diff_days_indoor,5,0,0,0,0,0,0.5709019303321838
data/raw/osu_lora/Diff_Days_Indoor_Setup/Day5/Device10/IQ_1.dat,61,4782339,8,8,1,test,diff_days_indoor,5,0,0,0,0,0,0.5196672081947327
data/raw/osu_lora/Diff_Days_Indoor_Setup/Day5/Device10/IQ_1.dat,62,4860738,8,8,1,test,diff_days_indoor,5,0,0,0,0,0,0.5876106023788452
data/raw/osu_lora/Diff_Days_Indoor_Setup/Day5/Device10/IQ_1.dat,63,4939137,8,8,1,test,diff_days_indoor,5,0,0,0,0,0,0.4349307715892792
data/raw/osu_lora/Diff_Days_Indoor_Setup/Day5/Device10/IQ_1.dat,64,5017536,8,20,0,test,diff_days_indoor,5,0,0,0,0,0,0.37464556097984314
data/raw/osu_lora/Diff_Days_Indoor_Setup/Day5/Device10/IQ_1.dat,65,5095935,8,8,1,test,diff_days_indoor,5,0,0,0,0,0,0.5703682899475098
data/raw/osu_lora/Diff_Days_Indoor_Setup/Day5/Device10/IQ_1.dat,66,5174334,8,8,1,test,diff_days_indoor,5,0,0,0,0,0,0.43195444345474243
data/raw/osu_lora/Diff_Days_Indoor_Setup/Day5/Device10/IQ_1.dat,67,5252733,8,8,1,test,diff_days_indoor,5,0,0,0,0,0,0.6216132044792175
data/raw/osu_lora/Diff_Days_Indoor_Setup/Day5/Device10/IQ_1.dat,68,5331132,8,8,1,test,diff_days_indoor,5,0,0,0,0,0,0.43246158957481384
data/raw/osu_lora/Diff_Days_Indoor_Setup/Day5/Device10/IQ_1.dat,69,5409531,8,8,1,test,diff_days_indoor,5,0,0,0,0,0,0.5528443455696106
data/raw/osu_lora/Diff_Days_Indoor_Setup/Day5/Device10/IQ_1.dat,70,5487930,8,8,1,test,diff_days_indoor,5,0,0,0,0,0,0.4360851049423218
data/raw/osu_lora/Diff_Days_Indoor_Setup/Day5/Device10/IQ_1.dat,71,5566329,8,8,1,test,diff_days_indoor,5,0,0,0,0,0,0.6055275797843933
data/raw/osu_lora/Diff_Days_Indoor_Setup/Day5/Device10/IQ_1.dat,72,5644728,8,8,1,test,diff_days_indoor,5,0,0,0,0,0,0.6047664284706116
data/raw/osu_lora/Diff_Days_Indoor_Setup/Day5/Device10/IQ_1.dat,73,5723127,8,8,1,test,diff_days_indoor,5,0,0,0,0,0,0.29904162883758545
data/raw/osu_lora/Diff_Days_Indoor_Setup/Day5/Device10/IQ_1.dat,74,5801526,8,8,1,test,diff_days_indoor,5,0,0,0,0,0,0.5297173857688904
data/raw/osu_lora/Diff_Days_Indoor_Setup/Day5/Device10/IQ_1.dat,75,5879925,8,8,1,test,diff_days_indoor,5,0,0,0,0,0,0.47090333700180054
data/raw/osu_lora/Diff_Days_Indoor_Setup/Day5/Device10/IQ_1.dat,76,5958324,8,8,1,test,diff_days_indoor,5,0,0,0,0,0,0.47050246596336365
data/raw/osu_lora/Diff_Days_Indoor_Setup/Day5/Device10/IQ_1.dat,77,6036723,8,8,1,test,diff_days_indoor,5,0,0,0,0,0,0.564289391040802
data/raw/osu_lora/Diff_Days_Indoor_Setup/Day5/Device10/IQ_1.dat,78,6115122,8,8,1,test,diff_days_indoor,5,0,0,0,0,0,0.5720263719558716
data/raw/osu_lora/Diff_Days_Indoor_Setup/Day5/Device10/IQ_1.dat,79,6193521,8,2,0,test,diff_days_indoor,5,0,0,0,0,0,0.3863852322101593
data/raw/osu_lora/Diff_Days_Indoor_Setup/Day5/Device10/IQ_1.dat,80,6271920,8,8,1,test,diff_days_indoor,5,0,0,0,0,0,0.670373260974884
data/raw/osu_lora/Diff_Days_Indoor_Setup/Day5/Device10/IQ_1.dat,81,6350319,8,8,1,test,diff_days_indoor,5,0,0,0,0,0,0.5413268804550171
data/raw/osu_lora/Diff_Days_Indoor_Setup/Day5/Device10/IQ_1.dat,82,6428718,8,8,1,test,diff_days_indoor,5,0,0,0,0,0,0.5007035136222839
data/raw/osu_lora/Diff_Days_Indoor_Setup/Day5/Device10/IQ_1.dat,83,6507117,8,2,0,test,diff_days_indoor,5,0,0,0,0,0,0.3698079288005829
data/raw/osu_lora/Diff_Days_Indoor_Setup/Day5/Device10/IQ_1.dat,84,6585516,8,8,1,test,diff_days_indoor,5,0,0,0,0,0,0.43289700150489807
data/raw/osu_lora/Diff_Days_Indoor_Setup/Day5/Device10/IQ_1.dat,85,6663915,8,8,1,test,diff_days_indoor,5,0,0,0,0,0,0.47429510951042175
data/raw/osu_lora/Diff_Days_Indoor_Setup/Day5/Device10/IQ_1.dat,86,6742314,8,8,1,test,diff_days_indoor,5,0,0,0,0,0,0.504269540309906
data/raw/osu_lora/Diff_Days_Indoor_Setup/Day5/Device10/IQ_1.dat,87,6820713,8,8,1,test,diff_days_indoor,5,0,0,0,0,0,0.4581955373287201
data/raw/osu_lora/Diff_Days_Indoor_Setup/Day5/Device10/IQ_1.dat,88,6899112,8,8,1,test,diff_days_indoor,5,0,0,0,0,0,0.4576018452644348
data/raw/osu_lora/Diff_Days_Indoor_Setup/Day5/Device10/IQ_1.dat,89,6977511,8,20,0,test,diff_days_indoor,5,0,0,0,0,0,0.4658685624599457
data/raw/osu_lora/Diff_Days_Indoor_Setup/Day5/Device10/IQ_1.dat,90,7055910,8,8,1,test,diff_days_indoor,5,0,0,0,0,0,0.6446463465690613
data/raw/osu_lora/Diff_Days_Indoor_Setup/Day5/Device10/IQ_1.dat,91,7134309,8,8,1,test,diff_days_indoor,5,0,0,0,0,0,0.09489302337169647
data/raw/osu_lora/Diff_Days_Indoor_Setup/Day5/Device10/IQ_1.dat,92,7212708,8,8,1,test,diff_days_indoor,5,0,0,0,0,0,0.5018286108970642
data/raw/osu_lora/Diff_Days_Indoor_Setup/Day5/Device10/IQ_1.dat,93,7291107,8,20,0,test,diff_days_indoor,5,0,0,0,0,0,0.35255083441734314
data/raw/osu_lora/Diff_Days_Indoor_Setup/Day5/Device10/IQ_1.dat,94,7369506,8,8,1,test,diff_days_indoor,5,0,0,0,0,0,0.40704426169395447
data/raw/osu_lora/Diff_Days_Indoor_Setup/Day5/Device10/IQ_1.dat,95,7447905,8,20,0,test,diff_days_indoor,5,0,0,0,0,0,0.40720856189727783
data/raw/osu_lora/Diff_Days_Indoor_Setup/Day5/Device10/IQ_1.dat,96,7526304,8,8,1,test,diff_days_indoor,5,0,0,0,0,0,0.4306730329990387
data/raw/osu_lora/Diff_Days_Indoor_Setup/Day5/Device10/IQ_1.dat,97,7604703,8,8,1,test,diff_days_indoor,5,0,0,0,0,0,0.45290589332580566
data/raw/osu_lora/Diff_Days_Indoor_Setup/Day5/Device10/IQ_1.dat,98,7683102,8,20,0,test,diff_days_indoor,5,0,0,0,0,0,0.3197464048862457
data/raw/osu_lora/Diff_Days_Indoor_Setup/Day5/Device10/IQ_1.dat,99,7761501,8,8,1,test,diff_days_indoor,5,0,0,0,0,0,0.4759337902069092
data/raw/osu_lora/Diff_Days_Indoor_Setup/Day5/Device10/IQ_1.dat,100,7839900,8,8,1,test,diff_days_indoor,5,0,0,0,0,0,0.36202409863471985
data/raw/osu_lora/Diff_Days_Indoor_Setup/Day5/Device10/IQ_1.dat,101,7918299,8,8,1,test,diff_days_indoor,5,0,0,0,0,0,0.6241263151168823
data/raw/osu_lora/Diff_Days_Indoor_Setup/Day5/Device10/IQ_1.dat,102,7996698,8,8,1,test,diff_days_indoor,5,0,0,0,0,0,0.5952146649360657
data/raw/osu_lora/Diff_Days_Indoor_Setup/Day5/Device10/IQ_1.dat,103,8075097,8,8,1,test,diff_days_indoor,5,0,0,0,0,0,0.4458910822868347
data/raw/osu_lora/Diff_Days_Indoor_Setup/Day5/Device10/IQ_1.dat,104,8153496,8,8,1,test,diff_days_indoor,5,0,0,0,0,0,0.5564540028572083
data/raw/osu_lora/Diff_Days_Indoor_Setup/Day5/Device10/IQ_1.dat,105,8231895,8,20,0,test,diff_days_indoor,5,0,0,0,0,0,0.442879319190979
data/raw/osu_lora/Diff_Days_Indoor_Setup/Day5/Device10/IQ_1.dat,106,8310294,8,20,0,test,diff_days_indoor,5,0,0,0,0,0,0.4336744248867035
data/raw/osu_lora/Diff_Days_Indoor_Setup/Day5/Device10/IQ_1.dat,107,8388693,8,20,0,test,diff_days_indoor,5,0,0,0,0,0,0.39798712730407715
data/raw/osu_lora/Diff_Days_Indoor_Setup/Day5/Device10/IQ_1.dat,108,8467092,8,20,0,test,diff_days_indoor,5,0,0,0,0,0,0.4512520134449005
data/raw/osu_lora/Diff_Days_Indoor_Setup/Day5/Device10/IQ_1.dat,109,8545491,8,8,1,test,diff_days_indoor,5,0,0,0,0,0,0.4596073031425476
data/raw/osu_lora/Diff_Days_Indoor_Setup/Day5/Device10/IQ_1.dat,110,8623890,8,8,1,test,diff_days_indoor,5,0,0,0,0,0,0.5817060470581055
data/raw/osu_lora/Diff_Days_Indoor_Setup/Day5/Device10/IQ_1.dat,111,8702289,8,8,1,test,diff_days_indoor,5,0,0,0,0,0,0.5515182018280029
data/raw/osu_lora/Diff_Days_Indoor_Setup/Day5/Device10/IQ_1.dat,112,8780688,8,8,1,test,diff_days_indoor,5,0,0,0,0,0,0.6554409861564636
data/raw/osu_lora/Diff_Days_Indoor_Setup/Day5/Device10/IQ_1.dat,113,8859087,8,8,1,test,diff_days_indoor,5,0,0,0,0,0,0.432155579328537
data/raw/osu_lora/Diff_Days_Indoor_Setup/Day5/Device10/IQ_1.dat,114,8937486,8,8,1,test,diff_days_indoor,5,0,0,0,0,0,0.49324581027030945
data/raw/osu_lora/Diff_Days_Indoor_Setup/Day5/Device10/IQ_1.dat,115,9015885,8,8,1,test,diff_days_indoor,5,0,0,0,0,0,0.5285465717315674
data/raw/osu_lora/Diff_Days_Indoor_Setup/Day5/Device10/IQ_1.dat,116,9094284,8,20,0,test,diff_days_indoor,5,0,0,0,0,0,0.40748363733291626
data/raw/osu_lora/Diff_Days_Indoor_Setup/Day5/Device10/IQ_1.dat,117,9172683,8,8,1,test,diff_days_indoor,5,0,0,0,0,0,0.5629786252975464
data/raw/osu_lora/Diff_Days_Indoor_Setup/Day5/Device10/IQ_1.dat,118,9251082,8,8,1,test,diff_days_indoor,5,0,0,0,0,0,0.483186811208725
data/raw/osu_lora/Diff_Days_Indoor_Setup/Day5/Device10/IQ_1.dat,119,9329481,8,8,1,test,diff_days_indoor,5,0,0,0,0,0,0.46560347080230713
data/raw/osu_lora/Diff_Days_Indoor_Setup/Day5/Device10/IQ_1.dat,120,9407880,8,8,1,test,diff_days_indoor,5,0,0,0,0,0,0.3853987157344818
data/raw/osu_lora/Diff_Days_Indoor_Setup/Day5/Device10/IQ_1.dat,121,9486279,8,8,1,test,diff_days_indoor,5,0,0,0,0,0,0.5206245183944702
data/raw/osu_lora/Diff_Days_Indoor_Setup/Day5/Device10/IQ_1.dat,122,9564678,8,2,0,test,diff_days_indoor,5,0,0,0,0,0,0.31779712438583374
data/raw/osu_lora/Diff_Days_Indoor_Setup/Day5/Device10/IQ_1.dat,123,9643077,8,20,0,test,diff_days_indoor,5,0,0,0,0,0,0.3663700819015503
data/raw/osu_lora/Diff_Days_Indoor_Setup/Day5/Device10/IQ_1.dat,124,9721476,8,8,1,test,diff_days_indoor,5,0,0,0,0,0,0.4334632158279419
data/raw/osu_lora/Diff_Days_Indoor_Setup/Day5/Device10/IQ_1.dat,125,9799875,8,8,1,test,diff_days_indoor,5,0,0,0,0,0,0.5377313494682312
data/raw/osu_lora/Diff_Days_Indoor_Setup/Day5/Device10/IQ_1.dat,126,9878274,8,8,1,test,diff_days_indoor,5,0,0,0,0,0,0.45388174057006836
data/raw/osu_lora/Diff_Days_Indoor_Setup/Day5/Device10/IQ_1.dat,127,9956673,8,8,1,test,diff_days_indoor,5,0,0,0,0,0,0.5997744798660278
data/raw/osu_lora/Diff_Days_Indoor_Setup/Day5/Device10/IQ_1.dat,128,10035072,8,8,1,test,diff_days_indoor,5,0,0,0,0,0,0.47428426146507263
data/raw/osu_lora/Diff_Days_Indoor_Setup/Day5/Device10/IQ_1.dat,129,10113471,8,8,1,test,diff_days_indoor,5,0,0,0,0,0,0.3629607558250427
data/raw/osu_lora/Diff_Days_Indoor_Setup/Day5/Device10/IQ_1.dat,130,10191870,8,8,1,test,diff_days_indoor,5,0,0,0,0,0,0.4041956067085266
data/raw/osu_lora/Diff_Days_Indoor_Setup/Day5/Device10/IQ_1.dat,131,10270269,8,8,1,test,diff_days_indoor,5,0,0,0,0,0,0.4077001214027405
data/raw/osu_lora/Diff_Days_Indoor_Setup/Day5/Device10/IQ_1.dat,132,10348668,8,2,0,test,diff_days_indoor,5,0,0,0,0,0,0.4289064109325409
data/raw/osu_lora/Diff_Days_Indoor_Setup/Day5/Device10/IQ_1.dat,133,10427067,8,8,1,test,diff_days_indoor,5,0,0,0,0,0,0.30263063311576843
data/raw/osu_lora/Diff_Days_Indoor_Setup/Day5/Device10/IQ_1.dat,134,10505466,8,8,1,test,diff_days_indoor,5,0,0,0,0,0,0.5011002421379089
data/raw/osu_lora/Diff_Days_Indoor_Setup/Day5/Device10/IQ_1.dat,135,10583865,8,8,1,test,diff_days_indoor,5,0,0,0,0,0,0.4391447603702545
data/raw/osu_lora/Diff_Days_Indoor_Setup/Day5/Device10/IQ_1.dat,136,10662264,8,8,1,test,diff_days_indoor,5,0,0,0,0,0,0.5381433963775635
data/raw/osu_lora/Diff_Days_Indoor_Setup/Day5/Device10/IQ_1.dat,137,10740663,8,20,0,test,diff_days_indoor,5,0,0,0,0,0,0.41928109526634216
data/raw/osu_lora/Diff_Days_Indoor_Setup/Day5/Device10/IQ_1.dat,138,10819062,8,8,1,test,diff_days_indoor,5,0,0,0,0,0,0.4254560172557831
data/raw/osu_lora/Diff_Days_Indoor_Setup/Day5/Device10/IQ_1.dat,139,10897461,8,8,1,test,diff_days_indoor,5,0,0,0,0,0,0.5290505886077881
data/raw/osu_lora/Diff_Days_Indoor_Setup/Day5/Device10/IQ_1.dat,140,10975860,8,8,1,test,diff_days_indoor,5,0,0,0,0,0,0.5426867008209229
data/raw/osu_lora/Diff_Days_Indoor_Setup/Day5/Device10/IQ_1.dat,141,11054259,8,8,1,test,diff_days_indoor,5,0,0,0,0,0,0.5697482228279114
data/raw/osu_lora/Diff_Days_Indoor_Setup/Day5/Device10/IQ_1.dat,142,11132658,8,8,1,test,diff_days_indoor,5,0,0,0,0,0,0.46956244111061096
data/raw/osu_lora/Diff_Days_Indoor_Setup/Day5/Device10/IQ_1.dat,143,11211057,8,2,0,test,diff_days_indoor,5,0,0,0,0,0,0.4101006090641022
data/raw/osu_lora/Diff_Days_Indoor_Setup/Day5/Device10/IQ_1.dat,144,11289456,8,8,1,test,diff_days_indoor,5,0,0,0,0,0,0.4318523705005646
data/raw/osu_lora/Diff_Days_Indoor_Setup/Day5/Device10/IQ_1.dat,145,11367855,8,8,1,test,diff_days_indoor,5,0,0,0,0,0,0.5611662268638611
data/raw/osu_lora/Diff_Days_Indoor_Setup/Day5/Device10/IQ_1.dat,146,11446254,8,8,1,test,diff_days_indoor,5,0,0,0,0,0,0.519168496131897
data/raw/osu_lora/Diff_Days_Indoor_Setup/Day5/Device10/IQ_1.dat,147,11524653,8,8,1,test,diff_days_indoor,5,0,0,0,0,0,0.5614262819290161
data/raw/osu_lora/Diff_Days_Indoor_Setup/Day5/Device10/IQ_1.dat,148,11603052,8,8,1,test,diff_days_indoor,5,0,0,0,0,0,0.5211041569709778
data/raw/osu_lora/Diff_Days_Indoor_Setup/Day5/Device10/IQ_1.dat,149,11681451,8,2,0,test,diff_days_indoor,5,0,0,0,0,0,0.36312952637672424
data/raw/osu_lora/Diff_Days_Indoor_Setup/Day5/Device10/IQ_1.dat,150,11759850,8,8,1,test,diff_days_indoor,5,0,0,0,0,0,0.5573357343673706
data/raw/osu_lora/Diff_Days_Indoor_Setup/Day5/Device10/IQ_1.dat,151,11838249,8,8,1,test,diff_days_indoor,5,0,0,0,0,0,0.5184967517852783
data/raw/osu_lora/Diff_Days_Indoor_Setup/Day5/Device10/IQ_1.dat,152,11916648,8,8,1,test,diff_days_indoor,5,0,0,0,0,0,0.47592148184776306
data/raw/osu_lora/Diff_Days_Indoor_Setup/Day5/Device10/IQ_1.dat,153,11995047,8,8,1,test,diff_days_indoor,5,0,0,0,0,0,0.5439858436584473
data/raw/osu_lora/Diff_Days_Indoor_Setup/Day5/Device10/IQ_1.dat,154,12073446,8,8,1,test,diff_days_indoor,5,0,0,0,0,0,0.4227067530155182
data/raw/osu_lora/Diff_Days_Indoor_Setup/Day5/Device10/IQ_1.dat,155,12151845,8,8,1,test,diff_days_indoor,5,0,0,0,0,0,0.6387491226196289
data/raw/osu_lora/Diff_Days_Indoor_Setup/Day5/Device10/IQ_1.dat,156,12230244,8,8,1,test,diff_days_indoor,5,0,0,0,0,0,0.5885034799575806
data/raw/osu_lora/Diff_Days_Indoor_Setup/Day5/Device10/IQ_1.dat,157,12308643,8,8,1,test,diff_days_indoor,5,0,0,0,0,0,0.46804794669151306
data/raw/osu_lora/Diff_Days_Indoor_Setup/Day5/Device10/IQ_1.dat,158,12387042,8,20,0,test,diff_days_indoor,5,0,0,0,0,0,0.44047343730926514
data/raw/osu_lora/Diff_Days_Indoor_Setup/Day5/Device10/IQ_1.dat,159,12465441,8,20,0,test,diff_days_indoor,5,0,0,0,0,0,0.35290661454200745
data/raw/osu_lora/Diff_Days_Indoor_Setup/Day5/Device10/IQ_1.dat,160,12543840,8,8,1,test,diff_days_indoor,5,0,0,0,0,0,0.48879727721214294
data/raw/osu_lora/Diff_Days_Indoor_Setup/Day5/Device10/IQ_1.dat,161,12622239,8,8,1,test,diff_days_indoor,5,0,0,0,0,0,0.5024608969688416
data/raw/osu_lora/Diff_Days_Indoor_Setup/Day5/Device10/IQ_1.dat,162,12700638,8,8,1,test,diff_days_indoor,5,0,0,0,0,0,0.5366440415382385
data/raw/osu_lora/Diff_Days_Indoor_Setup/Day5/Device10/IQ_1.dat,163,12779037,8,8,1,test,diff_days_indoor,5,0,0,0,0,0,0.5909554958343506
data/raw/osu_lora/Diff_Days_Indoor_Setup/Day5/Device10/IQ_1.dat,164,12857436,8,8,1,test,diff_days_indoor,5,0,0,0,0,0,0.2438671886920929
data/raw/osu_lora/Diff_Days_Indoor_Setup/Day5/Device10/IQ_1.dat,165,12935835,8,8,1,test,diff_days_indoor,5,0,0,0,0,0,0.5550798177719116
data/raw/osu_lora/Diff_Days_Indoor_Setup/Day5/Device10/IQ_1.dat,166,13014234,8,8,1,test,diff_days_indoor,5,0,0,0,0,0,0.6282685995101929
data/raw/osu_lora/Diff_Days_Indoor_Setup/Day5/Device10/IQ_1.dat,167,13092633,8,8,1,test,diff_days_indoor,5,0,0,0,0,0,0.6002442836761475
data/raw/osu_lora/Diff_Days_Indoor_Setup/Day5/Device10/IQ_1.dat,168,13171032,8,8,1,test,diff_days_indoor,5,0,0,0,0,0,0.6314623355865479
data/raw/osu_lora/Diff_Days_Indoor_Setup/Day5/Device10/IQ_1.dat,169,13249431,8,20,0,test,diff_days_indoor,5,0,0,0,0,0,0.4329460561275482
data/raw/osu_lora/Diff_Days_Indoor_Setup/Day5/Device10/IQ_1.dat,170,13327830,8,20,0,test,diff_days_indoor,5,0,0,0,0,0,0.37296441197395325
data/raw/osu_lora/Diff_Days_Indoor_Setup/Day5/Device10/IQ_1.dat,171,13406229,8,8,1,test,diff_days_indoor,5,0,0,0,0,0,0.3646122217178345
data/raw/osu_lora/Diff_Days_Indoor_Setup/Day5/Device10/IQ_1.dat,172,13484628,8,8,1,test,diff_days_indoor,5,0,0,0,0,0,0.4667351245880127
data/raw/osu_lora/Diff_Days_Indoor_Setup/Day5/Device10/IQ_1.dat,173,13563027,8,8,1,test,diff_days_indoor,5,0,0,0,0,0,0.4167020320892334
data/raw/osu_lora/Diff_Days_Indoor_Setup/Day5/Device10/IQ_1.dat,174,13641426,8,8,1,test,diff_days_indoor,5,0,0,0,0,0,0.5764950513839722
data/raw/osu_lora/Diff_Days_Indoor_Setup/Day5/Device10/IQ_1.dat,175,13719825,8,8,1,test,diff_days_indoor,5,0,0,0,0,0,0.33821889758110046
data/raw/osu_lora/Diff_Days_Indoor_Setup/Day5/Device10/IQ_1.dat,176,13798224,8,8,1,test,diff_days_indoor,5,0,0,0,0,0,0.5160069465637207
data/raw/osu_lora/Diff_Days_Indoor_Setup/Day5/Device10/IQ_1.dat,177,13876623,8,8,1,test,diff_days_indoor,5,0,0,0,0,0,0.4206981658935547
data/raw/osu_lora/Diff_Days_Indoor_Setup/Day5/Device10/IQ_1.dat,178,13955022,8,8,1,test,diff_days_indoor,5,0,0,0,0,0,0.43976351618766785
data/raw/osu_lora/Diff_Days_Indoor_Setup/Day5/Device10/IQ_1.dat,179,14033421,8,20,0,test,diff_days_indoor,5,0,0,0,0,0,0.3731127381324768
data/raw/osu_lora/Diff_Days_Indoor_Setup/Day5/Device10/IQ_1.dat,180,14111820,8,8,1,test,diff_days_indoor,5,0,0,0,0,0,0.4330640733242035
data/raw/osu_lora/Diff_Days_Indoor_Setup/Day5/Device10/IQ_1.dat,181,14190219,8,8,1,test,diff_days_indoor,5,0,0,0,0,0,0.5050097703933716
data/raw/osu_lora/Diff_Days_Indoor_Setup/Day5/Device10/IQ_1.dat,182,14268618,8,8,1,test,diff_days_indoor,5,0,0,0,0,0,0.4201542139053345
data/raw/osu_lora/Diff_Days_Indoor_Setup/Day5/Device10/IQ_1.dat,183,14347017,8,8,1,test,diff_days_indoor,5,0,0,0,0,0,0.5130228996276855
data/raw/osu_lora/Diff_Days_Indoor_Setup/Day5/Device10/IQ_1.dat,184,14425416,8,8,1,test,diff_days_indoor,5,0,0,0,0,0,0.4945278763771057
data/raw/osu_lora/Diff_Days_Indoor_Setup/Day5/Device10/IQ_1.dat,185,14503815,8,1,0,test,diff_days_indoor,5,0,0,0,0,0,0.20000995695590973
data/raw/osu_lora/Diff_Days_Indoor_Setup/Day5/Device10/IQ_1.dat,186,14582214,8,8,1,test,diff_days_indoor,5,0,0,0,0,0,0.5629469752311707
data/raw/osu_lora/Diff_Days_Indoor_Setup/Day5/Device10/IQ_1.dat,187,14660613,8,8,1,test,diff_days_indoor,5,0,0,0,0,0,0.5539750456809998
data/raw/osu_lora/Diff_Days_Indoor_Setup/Day5/Device10/IQ_1.dat,188,14739012,8,8,1,test,diff_days_indoor,5,0,0,0,0,0,0.5972749590873718
data/raw/osu_lora/Diff_Days_Indoor_Setup/Day5/Device10/IQ_1.dat,189,14817411,8,20,0,test,diff_days_indoor,5,0,0,0,0,0,0.3445940911769867
data/raw/osu_lora/Diff_Days_Indoor_Setup/Day5/Device10/IQ_1.dat,190,14895810,8,8,1,test,diff_days_indoor,5,0,0,0,0,0,0.6307082772254944
data/raw/osu_lora/Diff_Days_Indoor_Setup/Day5/Device10/IQ_1.dat,191,14974209,8,8,1,test,diff_days_indoor,5,0,0,0,0,0,0.5104764699935913
data/raw/osu_lora/Diff_Days_Indoor_Setup/Day5/Device10/IQ_1.dat,192,15052608,8,20,0,test,diff_days_indoor,5,0,0,0,0,0,0.3543972074985504
data/raw/osu_lora/Diff_Days_Indoor_Setup/Day5/Device10/IQ_1.dat,193,15131007,8,8,1,test,diff_days_indoor,5,0,0,0,0,0,0.3723525106906891
data/raw/osu_lora/Diff_Days_Indoor_Setup/Day5/Device10/IQ_1.dat,194,15209406,8,20,0,test,diff_days_indoor,5,0,0,0,0,0,0.4000363051891327
data/raw/osu_lora/Diff_Days_Indoor_Setup/Day5/Device10/IQ_1.dat,195,15287805,8,20,0,test,diff_days_indoor,5,0,0,0,0,0,0.3664427697658539
data/raw/osu_lora/Diff_Days_Indoor_Setup/Day5/Device10/IQ_1.dat,196,15366204,8,8,1,test,diff_days_indoor,5,0,0,0,0,0,0.5386770963668823
data/raw/osu_lora/Diff_Days_Indoor_Setup/Day5/Device10/IQ_1.dat,197,15444603,8,8,1,test,diff_days_indoor,5,0,0,0,0,0,0.6062368154525757
data/raw/osu_lora/Diff_Days_Indoor_Setup/Day5/Device10/IQ_1.dat,198,15523002,8,8,1,test,diff_days_indoor,5,0,0,0,0,0,0.3271538019180298
data/raw/osu_lora/Diff_Days_Indoor_Setup/Day5/Device10/IQ_1.dat,199,15601401,8,8,1,test,diff_days_indoor,5,0,0,0,0,0,0.4461573660373688
data/raw/osu_lora/Diff_Days_Indoor_Setup/Day5/Device10/IQ_1.dat,200,15679800,8,8,1,test,diff_days_indoor,5,0,0,0,0,0,0.5901841521263123
data/raw/osu_lora/Diff_Days_Indoor_Setup/Day5/Device10/IQ_1.dat,201,15758199,8,8,1,test,diff_days_indoor,5,0,0,0,0,0,0.5310006737709045
data/raw/osu_lora/Diff_Days_Indoor_Setup/Day5/Device10/IQ_1.dat,202,15836598,8,8,1,test,diff_days_indoor,5,0,0,0,0,0,0.44404467940330505
data/raw/osu_lora/Diff_Days_Indoor_Setup/Day5/Device10/IQ_1.dat,203,15914997,8,8,1,test,diff_days_indoor,5,0,0,0,0,0,0.5520115494728088
data/raw/osu_lora/Diff_Days_Indoor_Setup/Day5/Device10/IQ_1.dat,204,15993396,8,8,1,test,diff_days_indoor,5,0,0,0,0,0,0.515162467956543
data/raw/osu_lora/Diff_Days_Indoor_Setup/Day5/Device10/IQ_1.dat,205,16071795,8,8,1,test,diff_days_indoor,5,0,0,0,0,0,0.5236822366714478
data/raw/osu_lora/Diff_Days_Indoor_Setup/Day5/Device10/IQ_1.dat,206,16150194,8,8,1,test,diff_days_indoor,5,0,0,0,0,0,0.55687415599823
data/raw/osu_lora/Diff_Days_Indoor_Setup/Day5/Device10/IQ_1.dat,207,16228593,8,20,0,test,diff_days_indoor,5,0,0,0,0,0,0.43580859899520874
data/raw/osu_lora/Diff_Days_Indoor_Setup/Day5/Device10/IQ_1.dat,208,16306992,8,20,0,test,diff_days_indoor,5,0,0,0,0,0,0.33862847089767456
data/raw/osu_lora/Diff_Days_Indoor_Setup/Day5/Device10/IQ_1.dat,209,16385391,8,20,0,test,diff_days_indoor,5,0,0,0,0,0,0.38529089093208313
data/raw/osu_lora/Diff_Days_Indoor_Setup/Day5/Device10/IQ_1.dat,210,16463790,8,8,1,test,diff_days_indoor,5,0,0,0,0,0,0.5839827060699463
data/raw/osu_lora/Diff_Days_Indoor_Setup/Day5/Device10/IQ_1.dat,211,16542189,8,8,1,test,diff_days_indoor,5,0,0,0,0,0,0.1127520203590393
data/raw/osu_lora/Diff_Days_Indoor_Setup/Day5/Device10/IQ_1.dat,212,16620588,8,8,1,test,diff_days_indoor,5,0,0,0,0,0,0.5743124485015869
data/raw/osu_lora/Diff_Days_Indoor_Setup/Day5/Device10/IQ_1.dat,213,16698987,8,8,1,test,diff_days_indoor,5,0,0,0,0,0,0.4207080006599426
data/raw/osu_lora/Diff_Days_Indoor_Setup/Day5/Device10/IQ_1.dat,214,16777386,8,8,1,test,diff_days_indoor,5,0,0,0,0,0,0.35100939869880676
data/raw/osu_lora/Diff_Days_Indoor_Setup/Day5/Device10/IQ_1.dat,215,16855785,8,20,0,test,diff_days_indoor,5,0,0,0,0,0,0.36458733677864075
data/raw/osu_lora/Diff_Days_Indoor_Setup/Day5/Device10/IQ_1.dat,216,16934184,8,8,1,test,diff_days_indoor,5,0,0,0,0,0,0.5025718808174133
data/raw/osu_lora/Diff_Days_Indoor_Setup/Day5/Device10/IQ_1.dat,217,17012583,8,8,1,test,diff_days_indoor,5,0,0,0,0,0,0.5374733209609985
data/raw/osu_lora/Diff_Days_Indoor_Setup/Day5/Device10/IQ_1.dat,218,17090982,8,8,1,test,diff_days_indoor,5,0,0,0,0,0,0.40987133979797363
data/raw/osu_lora/Diff_Days_Indoor_Setup/Day5/Device10/IQ_1.dat,219,17169381,8,8,1,test,diff_days_indoor,5,0,0,0,0,0,0.5453811883926392
data/raw/osu_lora/Diff_Days_Indoor_Setup/Day5/Device10/IQ_1.dat,220,17247780,8,8,1,test,diff_days_indoor,5,0,0,0,0,0,0.566446840763092
data/raw/osu_lora/Diff_Days_Indoor_Setup/Day5/Device10/IQ_1.dat,221,17326179,8,8,1,test,diff_days_indoor,5,0,0,0,0,0,0.5636860728263855
data/raw/osu_lora/Diff_Days_Indoor_Setup/Day5/Device10/IQ_1.dat,222,17404578,8,8,1,test,diff_days_indoor,5,0,0,0,0,0,0.4792957901954651
data/raw/osu_lora/Diff_Days_Indoor_Setup/Day5/Device10/IQ_1.dat,223,17482977,8,8,1,test,diff_days_indoor,5,0,0,0,0,0,0.5707075595855713
data/raw/osu_lora/Diff_Days_Indoor_Setup/Day5/Device10/IQ_1.dat,224,17561376,8,8,1,test,diff_days_indoor,5,0,0,0,0,0,0.521632730960846
data/raw/osu_lora/Diff_Days_Indoor_Setup/Day5/Device10/IQ_1.dat,225,17639775,8,8,1,test,diff_days_indoor,5,0,0,0,0,0,0.40841665863990784
data/raw/osu_lora/Diff_Days_Indoor_Setup/Day5/Device10/IQ_1.dat,226,17718174,8,8,1,test,diff_days_indoor,5,0,0,0,0,0,0.2082315981388092
data/raw/osu_lora/Diff_Days_Indoor_Setup/Day5/Device10/IQ_1.dat,227,17796573,8,8,1,test,diff_days_indoor,5,0,0,0,0,0,0.531152069568634
data/raw/osu_lora/Diff_Days_Indoor_Setup/Day5/Device10/IQ_1.dat,228,17874972,8,8,1,test,diff_days_indoor,5,0,0,0,0,0,0.6140857934951782
data/raw/osu_lora/Diff_Days_Indoor_Setup/Day5/Device10/IQ_1.dat,229,17953371,8,8,1,test,diff_days_indoor,5,0,0,0,0,0,0.4603058397769928
data/raw/osu_lora/Diff_Days_Indoor_Setup/Day5/Device10/IQ_1.dat,230,18031770,8,8,1,test,diff_days_indoor,5,0,0,0,0,0,0.45804837346076965
data/raw/osu_lora/Diff_Days_Indoor_Setup/Day5/Device10/IQ_1.dat,231,18110169,8,8,1,test,diff_days_indoor,5,0,0,0,0,0,0.5800086855888367
data/raw/osu_lora/Diff_Days_Indoor_Setup/Day5/Device10/IQ_1.dat,232,18188568,8,8,1,test,diff_days_indoor,5,0,0,0,0,0,0.6556984186172485
data/raw/osu_lora/Diff_Days_Indoor_Setup/Day5/Device10/IQ_1.dat,233,18266967,8,8,1,test,diff_days_indoor,5,0,0,0,0,0,0.41320905089378357
data/raw/osu_lora/Diff_Days_Indoor_Setup/Day5/Device10/IQ_1.dat,234,18345366,8,20,0,test,diff_days_indoor,5,0,0,0,0,0,0.44198524951934814
data/raw/osu_lora/Diff_Days_Indoor_Setup/Day5/Device10/IQ_1.dat,235,18423765,8,20,0,test,diff_days_indoor,5,0,0,0,0,0,0.40662527084350586
data/raw/osu_lora/Diff_Days_Indoor_Setup/Day5/Device10/IQ_1.dat,236,18502164,8,8,1,test,diff_days_indoor,5,0,0,0,0,0,0.43933236598968506
data/raw/osu_lora/Diff_Days_Indoor_Setup/Day5/Device10/IQ_1.dat,237,18580563,8,8,1,test,diff_days_indoor,5,0,0,0,0,0,0.4911527931690216
data/raw/osu_lora/Diff_Days_Indoor_Setup/Day5/Device10/IQ_1.dat,238,18658962,8,8,1,test,diff_days_indoor,5,0,0,0,0,0,0.5661634206771851
data/raw/osu_lora/Diff_Days_Indoor_Setup/Day5/Device10/IQ_1.dat,239,18737361,8,8,1,test,diff_days_indoor,5,0,0,0,0,0,0.5612002611160278
data/raw/osu_lora/Diff_Days_Indoor_Setup/Day5/Device10/IQ_1.dat,240,18815760,8,20,0,test,diff_days_indoor,5,0,0,0,0,0,0.28938305377960205
data/raw/osu_lora/Diff_Days_Indoor_Setup/Day5/Device10/IQ_1.dat,241,18894159,8,8,1,test,diff_days_indoor,5,0,0,0,0,0,0.5677306652069092
data/raw/osu_lora/Diff_Days_Indoor_Setup/Day5/Device10/IQ_1.dat,242,18972558,8,8,1,test,diff_days_indoor,5,0,0,0,0,0,0.47166991233825684
data/raw/osu_lora/Diff_Days_Indoor_Setup/Day5/Device10/IQ_1.dat,243,19050957,8,8,1,test,diff_days_indoor,5,0,0,0,0,0,0.45223551988601685
data/raw/osu_lora/Diff_Days_Indoor_Setup/Day5/Device10/IQ_1.dat,244,19129356,8,8,1,test,diff_days_indoor,5,0,0,0,0,0,0.42674919962882996
data/raw/osu_lora/Diff_Days_Indoor_Setup/Day5/Device10/IQ_1.dat,245,19207755,8,8,1,test,diff_days_indoor,5,0,0,0,0,0,0.42969587445259094
data/raw/osu_lora/Diff_Days_Indoor_Setup/Day5/Device10/IQ_1.dat,246,19286154,8,8,1,test,diff_days_indoor,5,0,0,0,0,0,0.6429406404495239
data/raw/osu_lora/Diff_Days_Indoor_Setup/Day5/Device10/IQ_1.dat,247,19364553,8,20,0,test,diff_days_indoor,5,0,0,0,0,0,0.36728018522262573
data/raw/osu_lora/Diff_Days_Indoor_Setup/Day5/Device10/IQ_1.dat,248,19442952,8,8,1,test,diff_days_indoor,5,0,0,0,0,0,0.47055819630622864
data/raw/osu_lora/Diff_Days_Indoor_Setup/Day5/Device10/IQ_1.dat,249,19521351,8,8,1,test,diff_days_indoor,5,0,0,0,0,0,0.5086768865585327
data/raw/osu_lora/Diff_Days_Indoor_Setup/Day5/Device10/IQ_1.dat,250,19599750,8,8,1,test,diff_days_indoor,5,0,0,0,0,0,0.5338966846466064
data/raw/osu_lora/Diff_Days_Indoor_Setup/Day5/Device10/IQ_1.dat,251,19678149,8,8,1,test,diff_days_indoor,5,0,0,0,0,0,0.5543140172958374
data/raw/osu_lora/Diff_Days_Indoor_Setup/Day5/Device10/IQ_1.dat,252,19756548,8,8,1,test,diff_days_indoor,5,0,0,0,0,0,0.47901442646980286
data/raw/osu_lora/Diff_Days_Indoor_Setup/Day5/Device10/IQ_1.dat,253,19834947,8,8,1,test,diff_days_indoor,5,0,0,0,0,0,0.5439729690551758
data/raw/osu_lora/Diff_Days_Indoor_Setup/Day5/Device10/IQ_1.dat,254,19913346,8,8,1,test,diff_days_indoor,5,0,0,0,0,0,0.5605999231338501
data/raw/osu_lora/Diff_Days_Indoor_Setup/Day5/Device10/IQ_1.dat,255,19991745,8,20,0,test,diff_days_indoor,5,0,0,0,0,0,0.3811317980289459
data/raw/osu_lora/Diff_Days_Indoor_Setup/Day5/Device11/IQ_1.dat,0,0,9,9,1,test,diff_days_indoor,5,0,0,0,0,0,0.23714333772659302
data/raw/osu_lora/Diff_Days_Indoor_Setup/Day5/Device11/IQ_1.dat,1,78399,9,14,0,test,diff_days_indoor,5,0,0,0,0,0,0.3119363784790039
data/raw/osu_lora/Diff_Days_Indoor_Setup/Day5/Device11/IQ_1.dat,2,156798,9,9,1,test,diff_days_indoor,5,0,0,0,0,0,0.23046264052391052
data/raw/osu_lora/Diff_Days_Indoor_Setup/Day5/Device11/IQ_1.dat,3,235197,9,21,0,test,diff_days_indoor,5,0,0,0,0,0,0.2251758575439453
data/raw/osu_lora/Diff_Days_Indoor_Setup/Day5/Device11/IQ_1.dat,4,313596,9,9,1,test,diff_days_indoor,5,0,0,0,0,0,0.30002647638320923
data/raw/osu_lora/Diff_Days_Indoor_Setup/Day5/Device11/IQ_1.dat,5,391995,9,21,0,test,diff_days_indoor,5,0,0,0,0,0,0.3304279148578644
data/raw/osu_lora/Diff_Days_Indoor_Setup/Day5/Device11/IQ_1.dat,6,470394,9,13,0,test,diff_days_indoor,5,0,0,0,0,0,0.21010948717594147
data/raw/osu_lora/Diff_Days_Indoor_Setup/Day5/Device11/IQ_1.dat,7,548793,9,9,1,test,diff_days_indoor,5,0,0,0,0,0,0.32330775260925293
data/raw/osu_lora/Diff_Days_Indoor_Setup/Day5/Device11/IQ_1.dat,8,627192,9,9,1,test,diff_days_indoor,5,0,0,0,0,0,0.3349666893482208
data/raw/osu_lora/Diff_Days_Indoor_Setup/Day5/Device11/IQ_1.dat,9,705591,9,9,1,test,diff_days_indoor,5,0,0,0,0,0,0.30995091795921326
data/raw/osu_lora/Diff_Days_Indoor_Setup/Day5/Device11/IQ_1.dat,10,783990,9,14,0,test,diff_days_indoor,5,0,0,0,0,0,0.3209105432033539
data/raw/osu_lora/Diff_Days_Indoor_Setup/Day5/Device11/IQ_1.dat,11,862389,9,9,1,test,diff_days_indoor,5,0,0,0,0,0,0.2728959321975708
data/raw/osu_lora/Diff_Days_Indoor_Setup/Day5/Device11/IQ_1.dat,12,940788,9,14,0,test,diff_days_indoor,5,0,0,0,0,0,0.22658337652683258
data/raw/osu_lora/Diff_Days_Indoor_Setup/Day5/Device11/IQ_1.dat,13,1019187,9,9,1,test,diff_days_indoor,5,0,0,0,0,0,0.2910938560962677
data/raw/osu_lora/Diff_Days_Indoor_Setup/Day5/Device11/IQ_1.dat,14,1097586,9,9,1,test,diff_days_indoor,5,0,0,0,0,0,0.28188633918762207
data/raw/osu_lora/Diff_Days_Indoor_Setup/Day5/Device11/IQ_1.dat,15,1175985,9,21,0,test,diff_days_indoor,5,0,0,0,0,0,0.2895636260509491
data/raw/osu_lora/Diff_Days_Indoor_Setup/Day5/Device11/IQ_1.dat,16,1254384,9,9,1,test,diff_days_indoor,5,0,0,0,0,0,0.22273719310760498
data/raw/osu_lora/Diff_Days_Indoor_Setup/Day5/Device11/IQ_1.dat,17,1332783,9,14,0,test,diff_days_indoor,5,0,0,0,0,0,0.2657744288444519
data/raw/osu_lora/Diff_Days_Indoor_Setup/Day5/Device11/IQ_1.dat,18,1411182,9,14,0,test,diff_days_indoor,5,0,0,0,0,0,0.23555120825767517
data/raw/osu_lora/Diff_Days_Indoor_Setup/Day5/Device11/IQ_1.dat,19,1489581,9,21,0,test,diff_days_indoor,5,0,0,0,0,0,0.18452505767345428
data/raw/osu_lora/Diff_Days_Indoor_Setup/Day5/Device11/IQ_1.dat,20,1567980,9,9,1,test,diff_days_indoor,5,0,0,0,0,0,0.30328527092933655
data/raw/osu_lora/Diff_Days_Indoor_Setup/Day5/Device11/IQ_1.dat,21,1646379,9,14,0,test,diff_days_indoor,5,0,0,0,0,0,0.23899421095848083
data/raw/osu_lora/Diff_Days_Indoor_Setup/Day5/Device11/IQ_1.dat,22,1724778,9,9,1,test,diff_days_indoor,5,0,0,0,0,0,0.255502849817276
data/raw/osu_lora/Diff_Days_Indoor_Setup/Day5/Device11/IQ_1.dat,23,1803177,9,9,1,test,diff_days_indoor,5,0,0,0,0,0,0.2875330150127411
data/raw/osu_lora/Diff_Days_Indoor_Setup/Day5/Device11/IQ_1.dat,24,1881576,9,9,1,test,diff_days_indoor,5,0,0,0,0,0,0.2864721715450287
data/raw/osu_lora/Diff_Days_Indoor_Setup/Day5/Device11/IQ_1.dat,25,1959975,9,9,1,test,diff_days_indoor,5,0,0,0,0,0,0.23991495370864868
data/raw/osu_lora/Diff_Days_Indoor_Setup/Day5/Device11/IQ_1.dat,26,2038374,9,14,0,test,diff_days_indoor,5,0,0,0,0,0,0.2675303518772125
data/raw/osu_lora/Diff_Days_Indoor_Setup/Day5/Device11/IQ_1.dat,27,2116773,9,9,1,test,diff_days_indoor,5,0,0,0,0,0,0.22519603371620178
data/raw/osu_lora/Diff_Days_Indoor_Setup/Day5/Device11/IQ_1.dat,28,2195172,9,12,0,test,diff_days_indoor,5,0,0,0,0,0,0.2374749332666397
data/raw/osu_lora/Diff_Days_Indoor_Setup/Day5/Device11/IQ_1.dat,29,2273571,9,9,1,test,diff_days_indoor,5,0,0,0,0,0,0.23368489742279053
data/raw/osu_lora/Diff_Days_Indoor_Setup/Day5/Device11/IQ_1.dat,30,2351970,9,9,1,test,diff_days_indoor,5,0,0,0,0,0,0.31159964203834534
data/raw/osu_lora/Diff_Days_Indoor_Setup/Day5/Device11/IQ_1.dat,31,2430369,9,21,0,test,diff_days_indoor,5,0,0,0,0,0,0.33889225125312805
data/raw/osu_lora/Diff_Days_Indoor_Setup/Day5/Device11/IQ_1.dat,32,2508768,9,9,1,test,diff_days_indoor,5,0,0,0,0,0,0.3259435296058655
data/raw/osu_lora/Diff_Days_Indoor_Setup/Day5/Device11/IQ_1.dat,33,2587167,9,9,1,test,diff_days_indoor,5,0,0,0,0,0,0.3209514319896698
data/raw/osu_lora/Diff_Days_Indoor_Setup/Day5/Device11/IQ_1.dat,34,2665566,9,9,1,test,diff_days_indoor,5,0,0,0,0,0,0.23371580243110657
data/raw/osu_lora/Diff_Days_Indoor_Setup/Day5/Device11/IQ_1.dat,35,2743965,9,9,1,test,diff_days_indoor,5,0,0,0,0,0,0.3236152231693268
data/raw/osu_lora/Diff_Days_Indoor_Setup/Day5/Device11/IQ_1.dat,36,2822364,9,9,1,test,diff_days_indoor,5,0,0,0,0,0,0.2333386391401291
data/raw/osu_lora/Diff_Days_Indoor_Setup/Day5/Device11/IQ_1.dat,37,2900763,9,9,1,test,diff_days_indoor,5,0,0,0,0,0,0.2896285951137543
data/raw/osu_lora/Diff_Days_Indoor_Setup/Day5/Device11/IQ_1.dat,38,2979162,9,9,1,test,diff_days_indoor,5,0,0,0,0,0,0.3291379511356354
data/raw/osu_lora/Diff_Days_Indoor_Setup/Day5/Device11/IQ_1.dat,39,3057561,9,9,1,test,diff_days_indoor,5,0,0,0,0,0,0.2754247784614563
data/raw/osu_lora/Diff_Days_Indoor_Setup/Day5/Device11/IQ_1.dat,40,3135960,9,9,1,test,diff_days_indoor,5,0,0,0,0,0,0.20796260237693787
data/raw/osu_lora/Diff_Days_Indoor_Setup/Day5/Device11/IQ_1.dat,41,3214359,9,9,1,test,diff_days_indoor,5,0,0,0,0,0,0.3235684931278229
data/raw/osu_lora/Diff_Days_Indoor_Setup/Day5/Device11/IQ_1.dat,42,3292758,9,21,0,test,diff_days_indoor,5,0,0,0,0,0,0.2540595531463623
data/raw/osu_lora/Diff_Days_Indoor_Setup/Day5/Device11/IQ_1.dat,43,3371157,9,9,1,test,diff_days_indoor,5,0,0,0,0,0,0.31012800335884094
data/raw/osu_lora/Diff_Days_Indoor_Setup/Day5/Device11/IQ_1.dat,44,3449556,9,9,1,test,diff_days_indoor,5,0,0,0,0,0,0.2715715765953064
data/raw/osu_lora/Diff_Days_Indoor_Setup/Day5/Device11/IQ_1.dat,45,3527955,9,9,1,test,diff_days_indoor,5,0,0,0,0,0,0.31966012716293335
data/raw/osu_lora/Diff_Days_Indoor_Setup/Day5/Device11/IQ_1.dat,46,3606354,9,9,1,test,diff_days_indoor,5,0,0,0,0,0,0.29178059101104736
data/raw/osu_lora/Diff_Days_Indoor_Setup/Day5/Device11/IQ_1.dat,47,3684753,9,13,0,test,diff_days_indoor,5,0,0,0,0,0,0.21965810656547546
data/raw/osu_lora/Diff_Days_Indoor_Setup/Day5/Device11/IQ_1.dat,48,3763152,9,14,0,test,diff_days_indoor,5,0,0,0,0,0,0.20822452008724213
data/raw/osu_lora/Diff_Days_Indoor_Setup/Day5/Device11/IQ_1.dat,49,3841551,9,9,1,test,diff_days_indoor,5,0,0,0,0,0,0.25351521372795105
data/raw/osu_lora/Diff_Days_Indoor_Setup/Day5/Device11/IQ_1.dat,50,3919950,9,9,1,test,diff_days_indoor,5,0,0,0,0,0,0.3153269588947296
data/raw/osu_lora/Diff_Days_Indoor_Setup/Day5/Device11/IQ_1.dat,51,3998349,9,14,0,test,diff_days_indoor,5,0,0,0,0,0,0.23365268111228943
data/raw/osu_lora/Diff_Days_Indoor_Setup/Day5/Device11/IQ_1.dat,52,4076748,9,10,0,test,diff_days_indoor,5,0,0,0,0,0,0.515164315700531
data/raw/osu_lora/Diff_Days_Indoor_Setup/Day5/Device11/IQ_1.dat,53,4155147,9,9,1,test,diff_days_indoor,5,0,0,0,0,0,0.20453760027885437
data/raw/osu_lora/Diff_Days_Indoor_Setup/Day5/Device11/IQ_1.dat,54,4233546,9,9,1,test,diff_days_indoor,5,0,0,0,0,0,0.2978787124156952
data/raw/osu_lora/Diff_Days_Indoor_Setup/Day5/Device11/IQ_1.dat,55,4311945,9,14,0,test,diff_days_indoor,5,0,0,0,0,0,0.2821424901485443
data/raw/osu_lora/Diff_Days_Indoor_Setup/Day5/Device11/IQ_1.dat,56,4390344,9,9,1,test,diff_days_indoor,5,0,0,0,0,0,0.28362229466438293
data/raw/osu_lora/Diff_Days_Indoor_Setup/Day5/Device11/IQ_1.dat,57,4468743,9,21,0,test,diff_days_indoor,5,0,0,0,0,0,0.2060747593641281
data/raw/osu_lora/Diff_Days_Indoor_Setup/Day5/Device11/IQ_1.dat,58,4547142,9,9,1,test,diff_days_indoor,5,0,0,0,0,0,0.25861796736717224
data/raw/osu_lora/Diff_Days_Indoor_Setup/Day5/Device11/IQ_1.dat,59,4625541,9,9,1,test,diff_days_indoor,5,0,0,0,0,0,0.26133105158805847
data/raw/osu_lora/Diff_Days_Indoor_Setup/Day5/Device11/IQ_1.dat,60,4703940,9,11,0,test,diff_days_indoor,5,0,0,0,0,0,0.23028331995010376
data/raw/osu_lora/Diff_Days_Indoor_Setup/Day5/Device11/IQ_1.dat,61,4782339,9,9,1,test,diff_days_indoor,5,0,0,0,0,0,0.32996681332588196
data/raw/osu_lora/Diff_Days_Indoor_Setup/Day5/Device11/IQ_1.dat,62,4860738,9,9,1,test,diff_days_indoor,5,0,0,0,0,0,0.3037116229534149
data/raw/osu_lora/Diff_Days_Indoor_Setup/Day5/Device11/IQ_1.dat,63,4939137,9,9,1,test,diff_days_indoor,5,0,0,0,0,0,0.23272192478179932
data/raw/osu_lora/Diff_Days_Indoor_Setup/Day5/Device11/IQ_1.dat,64,5017536,9,9,1,test,diff_days_indoor,5,0,0,0,0,0,0.3028373122215271
data/raw/osu_lora/Diff_Days_Indoor_Setup/Day5/Device11/IQ_1.dat,65,5095935,9,9,1,test,diff_days_indoor,5,0,0,0,0,0,0.29055866599082947
data/raw/osu_lora/Diff_Days_Indoor_Setup/Day5/Device11/IQ_1.dat,66,5174334,9,9,1,test,diff_days_indoor,5,0,0,0,0,0,0.30094611644744873
data/raw/osu_lora/Diff_Days_Indoor_Setup/Day5/Device11/IQ_1.dat,67,5252733,9,12,0,test,diff_days_indoor,5,0,0,0,0,0,0.2366582453250885
data/raw/osu_lora/Diff_Days_Indoor_Setup/Day5/Device11/IQ_1.dat,68,5331132,9,14,0,test,diff_days_indoor,5,0,0,0,0,0,0.17928513884544373
data/raw/osu_lora/Diff_Days_Indoor_Setup/Day5/Device11/IQ_1.dat,69,5409531,9,14,0,test,diff_days_indoor,5,0,0,0,0,0,0.2467220574617386
data/raw/osu_lora/Diff_Days_Indoor_Setup/Day5/Device11/IQ_1.dat,70,5487930,9,14,0,test,diff_days_indoor,5,0,0,0,0,0,0.26384538412094116
data/raw/osu_lora/Diff_Days_Indoor_Setup/Day5/Device11/IQ_1.dat,71,5566329,9,21,0,test,diff_days_indoor,5,0,0,0,0,0,0.365620493888855
data/raw/osu_lora/Diff_Days_Indoor_Setup/Day5/Device11/IQ_1.dat,72,5644728,9,21,0,test,diff_days_indoor,5,0,0,0,0,0,0.2530060112476349
data/raw/osu_lora/Diff_Days_Indoor_Setup/Day5/Device11/IQ_1.dat,73,5723127,9,9,1,test,diff_days_indoor,5,0,0,0,0,0,0.31214576959609985
data/raw/osu_lora/Diff_Days_Indoor_Setup/Day5/Device11/IQ_1.dat,74,5801526,9,14,0,test,diff_days_indoor,5,0,0,0,0,0,0.23259903490543365
data/raw/osu_lora/Diff_Days_Indoor_Setup/Day5/Device11/IQ_1.dat,75,5879925,9,9,1,test,diff_days_indoor,5,0,0,0,0,0,0.2848471999168396
data/raw/osu_lora/Diff_Days_Indoor_Setup/Day5/Device11/IQ_1.dat,76,5958324,9,14,0,test,diff_days_indoor,5,0,0,0,0,0,0.2953548729419708
data/raw/osu_lora/Diff_Days_Indoor_Setup/Day5/Device11/IQ_1.dat,77,6036723,9,9,1,test,diff_days_indoor,5,0,0,0,0,0,0.2767089605331421
data/raw/osu_lora/Diff_Days_Indoor_Setup/Day5/Device11/IQ_1.dat,78,6115122,9,21,0,test,diff_days_indoor,5,0,0,0,0,0,0.23282599449157715
data/raw/osu_lora/Diff_Days_Indoor_Setup/Day5/Device11/IQ_1.dat,79,6193521,9,13,0,test,diff_days_indoor,5,0,0,0,0,0,0.1992717981338501
data/raw/osu_lora/Diff_Days_Indoor_Setup/Day5/Device11/IQ_1.dat,80,6271920,9,9,1,test,diff_days_indoor,5,0,0,0,0,0,0.2691367268562317
data/raw/osu_lora/Diff_Days_Indoor_Setup/Day5/Device11/IQ_1.dat,81,6350319,9,9,1,test,diff_days_indoor,5,0,0,0,0,0,0.3093997538089752
data/raw/osu_lora/Diff_Days_Indoor_Setup/Day5/Device11/IQ_1.dat,82,6428718,9,9,1,test,diff_days_indoor,5,0,0,0,0,0,0.3132289946079254
data/raw/osu_lora/Diff_Days_Indoor_Setup/Day5/Device11/IQ_1.dat,83,6507117,9,9,1,test,diff_days_indoor,5,0,0,0,0,0,0.20932920277118683
data/raw/osu_lora/Diff_Days_Indoor_Setup/Day5/Device11/IQ_1.dat,84,6585516,9,21,0,test,diff_days_indoor,5,0,0,0,0,0,0.3588462173938751
data/raw/osu_lora/Diff_Days_Indoor_Setup/Day5/Device11/IQ_1.dat,85,6663915,9,9,1,test,diff_days_indoor,5,0,0,0,0,0,0.31967276334762573
data/raw/osu_lora/Diff_Days_Indoor_Setup/Day5/Device11/IQ_1.dat,86,6742314,9,9,1,test,diff_days_indoor,5,0,0,0,0,0,0.2759760618209839
data/raw/osu_lora/Diff_Days_Indoor_Setup/Day5/Device11/IQ_1.dat,87,6820713,9,9,1,test,diff_days_indoor,5,0,0,0,0,0,0.3092041015625
data/raw/osu_lora/Diff_Days_Indoor_Setup/Day5/Device11/IQ_1.dat,88,6899112,9,14,0,test,diff_days_indoor,5,0,0,0,0,0,0.3045046329498291
data/raw/osu_lora/Diff_Days_Indoor_Setup/Day5/Device11/IQ_1.dat,89,6977511,9,14,0,test,diff_days_indoor,5,0,0,0,0,0,0.23237344622612
data/raw/osu_lora/Diff_Days_Indoor_Setup/Day5/Device11/IQ_1.dat,90,7055910,9,21,0,test,diff_days_indoor,5,0,0,0,0,0,0.3101767599582672
data/raw/osu_lora/Diff_Days_Indoor_Setup/Day5/Device11/IQ_1.dat,91,7134309,9,13,0,test,diff_days_indoor,5,0,0,0,0,0,0.17372022569179535
data/raw/osu_lora/Diff_Days_Indoor_Setup/Day5/Device11/IQ_1.dat,92,7212708,9,9,1,test,diff_days_indoor,5,0,0,0,0,0,0.2978806495666504
data/raw/osu_lora/Diff_Days_Indoor_Setup/Day5/Device11/IQ_1.dat,93,7291107,9,21,0,test,diff_days_indoor,5,0,0,0,0,0,0.18774528801441193
data/raw/osu_lora/Diff_Days_Indoor_Setup/Day5/Device11/IQ_1.dat,94,7369506,9,13,0,test,diff_days_indoor,5,0,0,0,0,0,0.20709434151649475
data/raw/osu_lora/Diff_Days_Indoor_Setup/Day5/Device11/IQ_1.dat,95,7447905,9,21,0,test,diff_days_indoor,5,0,0,0,0,0,0.3682924211025238
data/raw/osu_lora/Diff_Days_Indoor_Setup/Day5/Device11/IQ_1.dat,96,7526304,9,21,0,test,diff_days_indoor,5,0,0,0,0,0,0.3503304719924927
data/raw/osu_lora/Diff_Days_Indoor_Setup/Day5/Device11/IQ_1.dat,97,7604703,9,14,0,test,diff_days_indoor,5,0,0,0,0,0,0.29342907667160034
data/raw/osu_lora/Diff_Days_Indoor_Setup/Day5/Device11/IQ_1.dat,98,7683102,9,9,1,test,diff_days_indoor,5,0,0,0,0,0,0.30692800879478455
data/raw/osu_lora/Diff_Days_Indoor_Setup/Day5/Device11/IQ_1.dat,99,7761501,9,9,1,test,diff_days_indoor,5,0,0,0,0,0,0.23075616359710693
data/raw/osu_lora/Diff_Days_Indoor_Setup/Day5/Device11/IQ_1.dat,100,7839900,9,9,1,test,diff_days_indoor,5,0,0,0,0,0,0.3307543694972992
data/raw/osu_lora/Diff_Days_Indoor_Setup/Day5/Device11/IQ_1.dat,101,7918299,9,9,1,test,diff_days_indoor,5,0,0,0,0,0,0.2935200333595276
data/raw/osu_lora/Diff_Days_Indoor_Setup/Day5/Device11/IQ_1.dat,102,7996698,9,9,1,test,diff_days_indoor,5,0,0,0,0,0,0.2575559914112091
data/raw/osu_lora/Diff_Days_Indoor_Setup/Day5/Device11/IQ_1.dat,103,8075097,9,14,0,test,diff_days_indoor,5,0,0,0,0,0,0.2999560534954071
data/raw/osu_lora/Diff_Days_Indoor_Setup/Day5/Device11/IQ_1.dat,104,8153496,9,14,0,test,diff_days_indoor,5,0,0,0,0,0,0.30939632654190063
data/raw/osu_lora/Diff_Days_Indoor_Setup/Day5/Device11/IQ_1.dat,105,8231895,9,14,0,test,diff_days_indoor,5,0,0,0,0,0,0.21413643658161163
data/raw/osu_lora/Diff_Days_Indoor_Setup/Day5/Device11/IQ_1.dat,106,8310294,9,14,0,test,diff_days_indoor,5,0,0,0,0,0,0.19054779410362244
data/raw/osu_lora/Diff_Days_Indoor_Setup/Day5/Device11/IQ_1.dat,107,8388693,9,8,0,test,diff_days_indoor,5,0,0,0,0,0,0.1124577522277832
data/raw/osu_lora/Diff_Days_Indoor_Setup/Day5/Device11/IQ_1.dat,108,8467092,9,9,1,test,diff_days_indoor,5,0,0,0,0,0,0.30449047684669495
data/raw/osu_lora/Diff_Days_Indoor_Setup/Day5/Device11/IQ_1.dat,109,8545491,9,9,1,test,diff_days_indoor,5,0,0,0,0,0,0.30595558881759644
data/raw/osu_lora/Diff_Days_Indoor_Setup/Day5/Device11/IQ_1.dat,110,8623890,9,14,0,test,diff_days_indoor,5,0,0,0,0,0,0.22138962149620056
data/raw/osu_lora/Diff_Days_Indoor_Setup/Day5/Device11/IQ_1.dat,111,8702289,9,9,1,test,diff_days_indoor,5,0,0,0,0,0,0.2926498353481293
data/raw/osu_lora/Diff_Days_Indoor_Setup/Day5/Device11/IQ_1.dat,112,8780688,9,9,1,test,diff_days_indoor,5,0,0,0,0,0,0.30434462428092957
data/raw/osu_lora/Diff_Days_Indoor_Setup/Day5/Device11/IQ_1.dat,113,8859087,9,14,0,test,diff_days_indoor,5,0,0,0,0,0,0.24367909133434296
data/raw/osu_lora/Diff_Days_Indoor_Setup/Day5/Device11/IQ_1.dat,114,8937486,9,9,1,test,diff_days_indoor,5,0,0,0,0,0,0.29177871346473694
data/raw/osu_lora/Diff_Days_Indoor_Setup/Day5/Device11/IQ_1.dat,115,9015885,9,9,1,test,diff_days_indoor,5,0,0,0,0,0,0.28917989134788513
data/raw/osu_lora/Diff_Days_Indoor_Setup/Day5/Device11/IQ_1.dat,116,9094284,9,9,1,test,diff_days_indoor,5,0,0,0,0,0,0.29888880252838135
data/raw/osu_lora/Diff_Days_Indoor_Setup/Day5/Device11/IQ_1.dat,117,9172683,9,14,0,test,diff_days_indoor,5,0,0,0,0,0,0.2821970582008362
data/raw/osu_lora/Diff_Days_Indoor_Setup/Day5/Device11/IQ_1.dat,118,9251082,9,9,1,test,diff_days_indoor,5,0,0,0,0,0,0.2724539339542389
data/raw/osu_lora/Diff_Days_Indoor_Setup/Day5/Device11/IQ_1.dat,119,9329481,9,21,0,test,diff_days_indoor,5,0,0,0,0,0,0.24208270013332367
data/raw/osu_lora/Diff_Days_Indoor_Setup/Day5/Device11/IQ_1.dat,120,9407880,9,14,0,test,diff_days_indoor,5,0,0,0,0,0,0.23166140913963318
data/raw/osu_lora/Diff_Days_Indoor_Setup/Day5/Device11/IQ_1.dat,121,9486279,9,9,1,test,diff_days_indoor,5,0,0,0,0,0,0.27076223492622375
data/raw/osu_lora/Diff_Days_Indoor_Setup/Day5/Device11/IQ_1.dat,122,9564678,9,9,1,test,diff_days_indoor,5,0,0,0,0,0,0.2676250636577606
data/raw/osu_lora/Diff_Days_Indoor_Setup/Day5/Device11/IQ_1.dat,123,9643077,9,9,1,test,diff_days_indoor,5,0,0,0,0,0,0.26836830377578735
data/raw/osu_lora/Diff_Days_Indoor_Setup/Day5/Device11/IQ_1.dat,124,9721476,9,9,1,test,diff_days_indoor,5,0,0,0,0,0,0.30941444635391235
data/raw/osu_lora/Diff_Days_Indoor_Setup/Day5/Device11/IQ_1.dat,125,9799875,9,21,0,test,diff_days_indoor,5,0,0,0,0,0,0.2868221700191498
data/raw/osu_lora/Diff_Days_Indoor_Setup/Day5/Device11/IQ_1.dat,126,9878274,9,14,0,test,diff_days_indoor,5,0,0,0,0,0,0.31071552634239197
data/raw/osu_lora/Diff_Days_Indoor_Setup/Day5/Device11/IQ_1.dat,127,9956673,9,9,1,test,diff_days_indoor,5,0,0,0,0,0,0.30159488320350647
data/raw/osu_lora/Diff_Days_Indoor_Setup/Day5/Device11/IQ_1.dat,128,10035072,9,9,1,test,diff_days_indoor,5,0,0,0,0,0,0.3217061758041382
data/raw/osu_lora/Diff_Days_Indoor_Setup/Day5/Device11/IQ_1.dat,129,10113471,9,21,0,test,diff_days_indoor,5,0,0,0,0,0,0.2293207049369812
data/raw/osu_lora/Diff_Days_Indoor_Setup/Day5/Device11/IQ_1.dat,130,10191870,9,9,1,test,diff_days_indoor,5,0,0,0,0,0,0.3291380703449249
data/raw/osu_lora/Diff_Days_Indoor_Setup/Day5/Device11/IQ_1.dat,131,10270269,9,9,1,test,diff_days_indoor,5,0,0,0,0,0,0.29676687717437744
data/raw/osu_lora/Diff_Days_Indoor_Setup/Day5/Device11/IQ_1.dat,132,10348668,9,9,1,test,diff_days_indoor,5,0,0,0,0,0,0.22533918917179108
data/raw/osu_lora/Diff_Days_Indoor_Setup/Day5/Device11/IQ_1.dat,133,10427067,9,9,1,test,diff_days_indoor,5,0,0,0,0,0,0.27565422654151917
data/raw/osu_lora/Diff_Days_Indoor_Setup/Day5/Device11/IQ_1.dat,134,10505466,9,9,1,test,diff_days_indoor,5,0,0,0,0,0,0.3201654255390167
data/raw/osu_lora/Diff_Days_Indoor_Setup/Day5/Device11/IQ_1.dat,135,10583865,9,9,1,test,diff_days_indoor,5,0,0,0,0,0,0.2830716371536255
data/raw/osu_lora/Diff_Days_Indoor_Setup/Day5/Device11/IQ_1.dat,136,10662264,9,9,1,test,diff_days_indoor,5,0,0,0,0,0,0.23747697472572327
data/raw/osu_lora/Diff_Days_Indoor_Setup/Day5/Device11/IQ_1.dat,137,10740663,9,14,0,test,diff_days_indoor,5,0,0,0,0,0,0.22371166944503784
data/raw/osu_lora/Diff_Days_Indoor_Setup/Day5/Device11/IQ_1.dat,138,10819062,9,21,0,test,diff_days_indoor,5,0,0,0,0,0,0.2320377677679062
data/raw/osu_lora/Diff_Days_Indoor_Setup/Day5/Device11/IQ_1.dat,139,10897461,9,10,0,test,diff_days_indoor,5,0,0,0,0,0,0.41924935579299927
data/raw/osu_lora/Diff_Days_Indoor_Setup/Day5/Device11/IQ_1.dat,140,10975860,9,9,1,test,diff_days_indoor,5,0,0,0,0,0,0.259492427110672
data/raw/osu_lora/Diff_Days_Indoor_Setup/Day5/Device11/IQ_1.dat,141,11054259,9,21,0,test,diff_days_indoor,5,0,0,0,0,0,0.20385412871837616
data/raw/osu_lora/Diff_Days_Indoor_Setup/Day5/Device11/IQ_1.dat,142,11132658,9,9,1,test,diff_days_indoor,5,0,0,0,0,0,0.31442946195602417
data/raw/osu_lora/Diff_Days_Indoor_Setup/Day5/Device11/IQ_1.dat,143,11211057,9,9,1,test,diff_days_indoor,5,0,0,0,0,0,0.3127020597457886
data/raw/osu_lora/Diff_Days_Indoor_Setup/Day5/Device11/IQ_1.dat,144,11289456,9,21,0,test,diff_days_indoor,5,0,0,0,0,0,0.3234440088272095
data/raw/osu_lora/Diff_Days_Indoor_Setup/Day5/Device11/IQ_1.dat,145,11367855,9,14,0,test,diff_days_indoor,5,0,0,0,0,0,0.25656262040138245
data/raw/osu_lora/Diff_Days_Indoor_Setup/Day5/Device11/IQ_1.dat,146,11446254,9,9,1,test,diff_days_indoor,5,0,0,0,0,0,0.33461564779281616
data/raw/osu_lora/Diff_Days_Indoor_Setup/Day5/Device11/IQ_1.dat,147,11524653,9,9,1,test,diff_days_indoor,5,0,0,0,0,0,0.3008853495121002
data/raw/osu_lora/Diff_Days_Indoor_Setup/Day5/Device11/IQ_1.dat,148,11603052,9,10,0,test,diff_days_indoor,5,0,0,0,0,0,0.5301117300987244
data/raw/osu_lora/Diff_Days_Indoor_Setup/Day5/Device11/IQ_1.dat,149,11681451,9,9,1,test,diff_days_indoor,5,0,0,0,0,0,0.34233567118644714
data/raw/osu_lora/Diff_Days_Indoor_Setup/Day5/Device11/IQ_1.dat,150,11759850,9,21,0,test,diff_days_indoor,5,0,0,0,0,0,0.39118072390556335
data/raw/osu_lora/Diff_Days_Indoor_Setup/Day5/Device11/IQ_1.dat,151,11838249,9,21,0,test,diff_days_indoor,5,0,0,0,0,0,0.29979583621025085
data/raw/osu_lora/Diff_Days_Indoor_Setup/Day5/Device11/IQ_1.dat,152,11916648,9,9,1,test,diff_days_indoor,5,0,0,0,0,0,0.3334132432937622
data/raw/osu_lora/Diff_Days_Indoor_Setup/Day5/Device11/IQ_1.dat,153,11995047,9,9,1,test,diff_days_indoor,5,0,0,0,0,0,0.29686275124549866
data/raw/osu_lora/Diff_Days_Indoor_Setup/Day5/Device11/IQ_1.dat,154,12073446,9,9,1,test,diff_days_indoor,5,0,0,0,0,0,0.32928380370140076
data/raw/osu_lora/Diff_Days_Indoor_Setup/Day5/Device11/IQ_1.dat,155,12151845,9,9,1,test,diff_days_indoor,5,0,0,0,0,0,0.2868185043334961
data/raw/osu_lora/Diff_Days_Indoor_Setup/Day5/Device11/IQ_1.dat,156,12230244,9,9,1,test,diff_days_indoor,5,0,0,0,0,0,0.33642899990081787
data/raw/osu_lora/Diff_Days_Indoor_Setup/Day5/Device11/IQ_1.dat,157,12308643,9,9,1,test,diff_days_indoor,5,0,0,0,0,0,0.2817976474761963
data/raw/osu_lora/Diff_Days_Indoor_Setup/Day5/Device11/IQ_1.dat,158,12387042,9,9,1,test,diff_days_indoor,5,0,0,0,0,0,0.31434911489486694
data/raw/osu_lora/Diff_Days_Indoor_Setup/Day5/Device11/IQ_1.dat,159,12465441,9,9,1,test,diff_days_indoor,5,0,0,0,0,0,0.311254620552063
data/raw/osu_lora/Diff_Days_Indoor_Setup/Day5/Device11/IQ_1.dat,160,12543840,9,9,1,test,diff_days_indoor,5,0,0,0,0,0,0.20701763033866882
data/raw/osu_lora/Diff_Days_Indoor_Setup/Day5/Device11/IQ_1.dat,161,12622239,9,9,1,test,diff_days_indoor,5,0,0,0,0,0,0.3178313374519348
data/raw/osu_lora/Diff_Days_Indoor_Setup/Day5/Device11/IQ_1.dat,162,12700638,9,21,0,test,diff_days_indoor,5,0,0,0,0,0,0.23036432266235352
data/raw/osu_lora/Diff_Days_Indoor_Setup/Day5/Device11/IQ_1.dat,163,12779037,9,9,1,test,diff_days_indoor,5,0,0,0,0,0,0.25937649607658386
data/raw/osu_lora/Diff_Days_Indoor_Setup/Day5/Device11/IQ_1.dat,164,12857436,9,9,1,test,diff_days_indoor,5,0,0,0,0,0,0.3179367184638977
data/raw/osu_lora/Diff_Days_Indoor_Setup/Day5/Device11/IQ_1.dat,165,12935835,9,14,0,test,diff_days_indoor,5,0,0,0,0,0,0.25424936413764954
data/raw/osu_lora/Diff_Days_Indoor_Setup/Day5/Device11/IQ_1.dat,166,13014234,9,9,1,test,diff_days_indoor,5,0,0,0,0,0,0.30906009674072266
data/raw/osu_lora/Diff_Days_Indoor_Setup/Day5/Device11/IQ_1.dat,167,13092633,9,13,0,test,diff_days_indoor,5,0,0,0,0,0,0.25373566150665283
data/raw/osu_lora/Diff_Days_Indoor_Setup/Day5/Device11/IQ_1.dat,168,13171032,9,11,0,test,diff_days_indoor,5,0,0,0,0,0,0.24107511341571808
data/raw/osu_lora/Diff_Days_Indoor_Setup/Day5/Device11/IQ_1.dat,169,13249431,9,9,1,test,diff_days_indoor,5,0,0,0,0,0,0.300714373588562
data/raw/osu_lora/Diff_Days_Indoor_Setup/Day5/Device11/IQ_1.dat,170,13327830,9,21,0,test,diff_days_indoor,5,0,0,0,0,0,0.38690894842147827
data/raw/osu_lora/Diff_Days_Indoor_Setup/Day5/Device11/IQ_1.dat,171,13406229,9,21,0,test,diff_days_indoor,5,0,0,0,0,0,0.24728670716285706
data/raw/osu_lora/Diff_Days_Indoor_Setup/Day5/Device11/IQ_1.dat,172,13484628,9,9,1,test,diff_days_indoor,5,0,0,0,0,0,0.29921194911003113
data/raw/osu_lora/Diff_Days_Indoor_Setup/Day5/Device11/IQ_1.dat,173,13563027,9,9,1,test,diff_days_indoor,5,0,0,0,0,0,0.19659382104873657
data/raw/osu_lora/Diff_Days_Indoor_Setup/Day5/Device11/IQ_1.dat,174,13641426,9,9,1,test,diff_days_indoor,5,0,0,0,0,0,0.2798595130443573
data/raw/osu_lora/Diff_Days_Indoor_Setup/Day5/Device11/IQ_1.dat,175,13719825,9,14,0,test,diff_days_indoor,5,0,0,0,0,0,0.2204868197441101
data/raw/osu_lora/Diff_Days_Indoor_Setup/Day5/Device11/IQ_1.dat,176,13798224,9,9,1,test,diff_days_indoor,5,0,0,0,0,0,0.2491423487663269
data/raw/osu_lora/Diff_Days_Indoor_Setup/Day5/Device11/IQ_1.dat,177,13876623,9,14,0,test,diff_days_indoor,5,0,0,0,0,0,0.18312209844589233
data/raw/osu_lora/Diff_Days_Indoor_Setup/Day5/Device11/IQ_1.dat,178,13955022,9,14,0,test,diff_days_indoor,5,0,0,0,0,0,0.20285074412822723
data/raw/osu_lora/Diff_Days_Indoor_Setup/Day5/Device11/IQ_1.dat,179,14033421,9,21,0,test,diff_days_indoor,5,0,0,0,0,0,0.27545133233070374
data/raw/osu_lora/Diff_Days_Indoor_Setup/Day5/Device11/IQ_1.dat,180,14111820,9,11,0,test,diff_days_indoor,5,0,0,0,0,0,0.23689930140972137
data/raw/osu_lora/Diff_Days_Indoor_Setup/Day5/Device11/IQ_1.dat,181,14190219,9,9,1,test,diff_days_indoor,5,0,0,0,0,0,0.28334739804267883
data/raw/osu_lora/Diff_Days_Indoor_Setup/Day5/Device11/IQ_1.dat,182,14268618,9,14,0,test,diff_days_indoor,5,0,0,0,0,0,0.24179203808307648
data/raw/osu_lora/Diff_Days_Indoor_Setup/Day5/Device11/IQ_1.dat,183,14347017,9,9,1,test,diff_days_indoor,5,0,0,0,0,0,0.28095802664756775
data/raw/osu_lora/Diff_Days_Indoor_Setup/Day5/Device11/IQ_1.dat,184,14425416,9,9,1,test,diff_days_indoor,5,0,0,0,0,0,0.32106563448905945
data/raw/osu_lora/Diff_Days_Indoor_Setup/Day5/Device11/IQ_1.dat,185,14503815,9,9,1,test,diff_days_indoor,5,0,0,0,0,0,0.2804964482784271
data/raw/osu_lora/Diff_Days_Indoor_Setup/Day5/Device11/IQ_1.dat,186,14582214,9,4,0,test,diff_days_indoor,5,0,0,0,0,0,0.20717951655387878
data/raw/osu_lora/Diff_Days_Indoor_Setup/Day5/Device11/IQ_1.dat,187,14660613,9,14,0,test,diff_days_indoor,5,0,0,0,0,0,0.25478798151016235
data/raw/osu_lora/Diff_Days_Indoor_Setup/Day5/Device11/IQ_1.dat,188,14739012,9,9,1,test,diff_days_indoor,5,0,0,0,0,0,0.3056502938270569
data/raw/osu_lora/Diff_Days_Indoor_Setup/Day5/Device11/IQ_1.dat,189,14817411,9,9,1,test,diff_days_indoor,5,0,0,0,0,0,0.26946789026260376
data/raw/osu_lora/Diff_Days_Indoor_Setup/Day5/Device11/IQ_1.dat,190,14895810,9,14,0,test,diff_days_indoor,5,0,0,0,0,0,0.2601839303970337
data/raw/osu_lora/Diff_Days_Indoor_Setup/Day5/Device11/IQ_1.dat,191,14974209,9,14,0,test,diff_days_indoor,5,0,0,0,0,0,0.2874731123447418
data/raw/osu_lora/Diff_Days_Indoor_Setup/Day5/Device11/IQ_1.dat,192,15052608,9,21,0,test,diff_days_indoor,5,0,0,0,0,0,0.30063238739967346
data/raw/osu_lora/Diff_Days_Indoor_Setup/Day5/Device11/IQ_1.dat,193,15131007,9,9,1,test,diff_days_indoor,5,0,0,0,0,0,0.33702370524406433
data/raw/osu_lora/Diff_Days_Indoor_Setup/Day5/Device11/IQ_1.dat,194,15209406,9,9,1,test,diff_days_indoor,5,0,0,0,0,0,0.3059501647949219
data/raw/osu_lora/Diff_Days_Indoor_Setup/Day5/Device11/IQ_1.dat,195,15287805,9,21,0,test,diff_days_indoor,5,0,0,0,0,0,0.3028185963630676
data/raw/osu_lora/Diff_Days_Indoor_Setup/Day5/Device11/IQ_1.dat,196,15366204,9,14,0,test,diff_days_indoor,5,0,0,0,0,0,0.2924361824989319
data/raw/osu_lora/Diff_Days_Indoor_Setup/Day5/Device11/IQ_1.dat,197,15444603,9,9,1,test,diff_days_indoor,5,0,0,0,0,0,0.3229212164878845
data/raw/osu_lora/Diff_Days_Indoor_Setup/Day5/Device11/IQ_1.dat,198,15523002,9,21,0,test,diff_days_indoor,5,0,0,0,0,0,0.2866978049278259
data/raw/osu_lora/Diff_Days_Indoor_Setup/Day5/Device11/IQ_1.dat,199,15601401,9,9,1,test,diff_days_indoor,5,0,0,0,0,0,0.28545233607292175
data/raw/osu_lora/Diff_Days_Indoor_Setup/Day5/Device11/IQ_1.dat,200,15679800,9,9,1,test,diff_days_indoor,5,0,0,0,0,0,0.2563427686691284
data/raw/osu_lora/Diff_Days_Indoor_Setup/Day5/Device11/IQ_1.dat,201,15758199,9,9,1,test,diff_days_indoor,5,0,0,0,0,0,0.33960941433906555
data/raw/osu_lora/Diff_Days_Indoor_Setup/Day5/Device11/IQ_1.dat,202,15836598,9,9,1,test,diff_days_indoor,5,0,0,0,0,0,0.3274480104446411
data/raw/osu_lora/Diff_Days_Indoor_Setup/Day5/Device11/IQ_1.dat,203,15914997,9,9,1,test,diff_days_indoor,5,0,0,0,0,0,0.30611008405685425
data/raw/osu_lora/Diff_Days_Indoor_Setup/Day5/Device11/IQ_1.dat,204,15993396,9,21,0,test,diff_days_indoor,5,0,0,0,0,0,0.2975618243217468
data/raw/osu_lora/Diff_Days_Indoor_Setup/Day5/Device11/IQ_1.dat,205,16071795,9,21,0,test,diff_days_indoor,5,0,0,0,0,0,0.2779892385005951
data/raw/osu_lora/Diff_Days_Indoor_Setup/Day5/Device11/IQ_1.dat,206,16150194,9,9,1,test,diff_days_indoor,5,0,0,0,0,0,0.31220531463623047
data/raw/osu_lora/Diff_Days_Indoor_Setup/Day5/Device11/IQ_1.dat,207,16228593,9,14,0,test,diff_days_indoor,5,0,0,0,0,0,0.22462834417819977
data/raw/osu_lora/Diff_Days_Indoor_Setup/Day5/Device11/IQ_1.dat,208,16306992,9,9,1,test,diff_days_indoor,5,0,0,0,0,0,0.3131735920906067
data/raw/osu_lora/Diff_Days_Indoor_Setup/Day5/Device11/IQ_1.dat,209,16385391,9,9,1,test,diff_days_indoor,5,0,0,0,0,0,0.29708921909332275
data/raw/osu_lora/Diff_Days_Indoor_Setup/Day5/Device11/IQ_1.dat,210,16463790,9,10,0,test,diff_days_indoor,5,0,0,0,0,0,0.4914354085922241
data/raw/osu_lora/Diff_Days_Indoor_Setup/Day5/Device11/IQ_1.dat,211,16542189,9,9,1,test,diff_days_indoor,5,0,0,0,0,0,0.21608883142471313
data/raw/osu_lora/Diff_Days_Indoor_Setup/Day5/Device11/IQ_1.dat,212,16620588,9,9,1,test,diff_days_indoor,5,0,0,0,0,0,0.3118831515312195
data/raw/osu_lora/Diff_Days_Indoor_Setup/Day5/Device11/IQ_1.dat,213,16698987,9,14,0,test,diff_days_indoor,5,0,0,0,0,0,0.26066145300865173
data/raw/osu_lora/Diff_Days_Indoor_Setup/Day5/Device11/IQ_1.dat,214,16777386,9,21,0,test,diff_days_indoor,5,0,0,0,0,0,0.16074374318122864
data/raw/osu_lora/Diff_Days_Indoor_Setup/Day5/Device11/IQ_1.dat,215,16855785,9,14,0,test,diff_days_indoor,5,0,0,0,0,0,0.22865766286849976
data/raw/osu_lora/Diff_Days_Indoor_Setup/Day5/Device11/IQ_1.dat,216,16934184,9,14,0,test,diff_days_indoor,5,0,0,0,0,0,0.2041187584400177
data/raw/osu_lora/Diff_Days_Indoor_Setup/Day5/Device11/IQ_1.dat,217,17012583,9,14,0,test,diff_days_indoor,5,0,0,0,0,0,0.30863142013549805
data/raw/osu_lora/Diff_Days_Indoor_Setup/Day5/Device11/IQ_1.dat,218,17090982,9,14,0,test,diff_days_indoor,5,0,0,0,0,0,0.26513147354125977
data/raw/osu_lora/Diff_Days_Indoor_Setup/Day5/Device11/IQ_1.dat,219,17169381,9,1,0,test,diff_days_indoor,5,0,0,0,0,0,0.22182460129261017
data/raw/osu_lora/Diff_Days_Indoor_Setup/Day5/Device11/IQ_1.dat,220,17247780,9,9,1,test,diff_days_indoor,5,0,0,0,0,0,0.31023457646369934
data/raw/osu_lora/Diff_Days_Indoor_Setup/Day5/Device11/IQ_1.dat,221,17326179,9,9,1,test,diff_days_indoor,5,0,0,0,0,0,0.2988246977329254
data/raw/osu_lora/Diff_Days_Indoor_Setup/Day5/Device11/IQ_1.dat,222,17404578,9,9,1,test,diff_days_indoor,5,0,0,0,0,0,0.24083857238292694
data/raw/osu_lora/Diff_Days_Indoor_Setup/Day5/Device11/IQ_1.dat,223,17482977,9,13,0,test,diff_days_indoor,5,0,0,0,0,0,0.24180692434310913
data/raw/osu_lora/Diff_Days_Indoor_Setup/Day5/Device11/IQ_1.dat,224,17561376,9,14,0,test,diff_days_indoor,5,0,0,0,0,0,0.28314706683158875
data/raw/osu_lora/Diff_Days_Indoor_Setup/Day5/Device11/IQ_1.dat,225,17639775,9,9,1,test,diff_days_indoor,5,0,0,0,0,0,0.32764488458633423
data/raw/osu_lora/Diff_Days_Indoor_Setup/Day5/Device11/IQ_1.dat,226,17718174,9,9,1,test,diff_days_indoor,5,0,0,0,0,0,0.252145916223526
data/raw/osu_lora/Diff_Days_Indoor_Setup/Day5/Device11/IQ_1.dat,227,17796573,9,13,0,test,diff_days_indoor,5,0,0,0,0,0,0.07816693931818008
data/raw/osu_lora/Diff_Days_Indoor_Setup/Day5/Device11/IQ_1.dat,228,17874972,9,9,1,test,diff_days_indoor,5,0,0,0,0,0,0.2761407196521759
data/raw/osu_lora/Diff_Days_Indoor_Setup/Day5/Device11/IQ_1.dat,229,17953371,9,9,1,test,diff_days_indoor,5,0,0,0,0,0,0.26201289892196655
data/raw/osu_lora/Diff_Days_Indoor_Setup/Day5/Device11/IQ_1.dat,230,18031770,9,9,1,test,diff_days_indoor,5,0,0,0,0,0,0.28300654888153076
data/raw/osu_lora/Diff_Days_Indoor_Setup/Day5/Device11/IQ_1.dat,231,18110169,9,9,1,test,diff_days_indoor,5,0,0,0,0,0,0.32722368836402893
data/raw/osu_lora/Diff_Days_Indoor_Setup/Day5/Device11/IQ_1.dat,232,18188568,9,9,1,test,diff_days_indoor,5,0,0,0,0,0,0.3167865574359894
data/raw/osu_lora/Diff_Days_Indoor_Setup/Day5/Device11/IQ_1.dat,233,18266967,9,9,1,test,diff_days_indoor,5,0,0,0,0,0,0.2969595491886139
data/raw/osu_lora/Diff_Days_Indoor_Setup/Day5/Device11/IQ_1.dat,234,18345366,9,14,0,test,diff_days_indoor,5,0,0,0,0,0,0.2996213734149933
data/raw/osu_lora/Diff_Days_Indoor_Setup/Day5/Device11/IQ_1.dat,235,18423765,9,9,1,test,diff_days_indoor,5,0,0,0,0,0,0.22266040742397308
data/raw/osu_lora/Diff_Days_Indoor_Setup/Day5/Device11/IQ_1.dat,236,18502164,9,9,1,test,diff_days_indoor,5,0,0,0,0,0,0.24289825558662415
data/raw/osu_lora/Diff_Days_Indoor_Setup/Day5/Device11/IQ_1.dat,237,18580563,9,9,1,test,diff_days_indoor,5,0,0,0,0,0,0.2691287696361542
data/raw/osu_lora/Diff_Days_Indoor_Setup/Day5/Device11/IQ_1.dat,238,18658962,9,9,1,test,diff_days_indoor,5,0,0,0,0,0,0.3098183572292328
data/raw/osu_lora/Diff_Days_Indoor_Setup/Day5/Device11/IQ_1.dat,239,18737361,9,9,1,test,diff_days_indoor,5,0,0,0,0,0,0.33252546191215515
data/raw/osu_lora/Diff_Days_Indoor_Setup/Day5/Device11/IQ_1.dat,240,18815760,9,14,0,test,diff_days_indoor,5,0,0,0,0,0,0.19185544550418854
data/raw/osu_lora/Diff_Days_Indoor_Setup/Day5/Device11/IQ_1.dat,241,18894159,9,9,1,test,diff_days_indoor,5,0,0,0,0,0,0.23504891991615295
data/raw/osu_lora/Diff_Days_Indoor_Setup/Day5/Device11/IQ_1.dat,242,18972558,9,21,0,test,diff_days_indoor,5,0,0,0,0,0,0.2298382818698883
data/raw/osu_lora/Diff_Days_Indoor_Setup/Day5/Device11/IQ_1.dat,243,19050957,9,9,1,test,diff_days_indoor,5,0,0,0,0,0,0.27474305033683777
data/raw/osu_lora/Diff_Days_Indoor_Setup/Day5/Device11/IQ_1.dat,244,19129356,9,9,1,test,diff_days_indoor,5,0,0,0,0,0,0.2785261273384094
data/raw/osu_lora/Diff_Days_Indoor_Setup/Day5/Device11/IQ_1.dat,245,19207755,9,9,1,test,diff_days_indoor,5,0,0,0,0,0,0.31242460012435913
data/raw/osu_lora/Diff_Days_Indoor_Setup/Day5/Device11/IQ_1.dat,246,19286154,9,14,0,test,diff_days_indoor,5,0,0,0,0,0,0.29604899883270264
data/raw/osu_lora/Diff_Days_Indoor_Setup/Day5/Device11/IQ_1.dat,247,19364553,9,9,1,test,diff_days_indoor,5,0,0,0,0,0,0.2815239727497101
data/raw/osu_lora/Diff_Days_Indoor_Setup/Day5/Device11/IQ_1.dat,248,19442952,9,9,1,test,diff_days_indoor,5,0,0,0,0,0,0.2485436052083969
data/raw/osu_lora/Diff_Days_Indoor_Setup/Day5/Device11/IQ_1.dat,249,19521351,9,21,0,test,diff_days_indoor,5,0,0,0,0,0,0.3194590210914612
data/raw/osu_lora/Diff_Days_Indoor_Setup/Day5/Device11/IQ_1.dat,250,19599750,9,9,1,test,diff_days_indoor,5,0,0,0,0,0,0.24787232279777527
data/raw/osu_lora/Diff_Days_Indoor_Setup/Day5/Device11/IQ_1.dat,251,19678149,9,9,1,test,diff_days_indoor,5,0,0,0,0,0,0.23998889327049255
data/raw/osu_lora/Diff_Days_Indoor_Setup/Day5/Device11/IQ_1.dat,252,19756548,9,14,0,test,diff_days_indoor,5,0,0,0,0,0,0.25326302647590637
data/raw/osu_lora/Diff_Days_Indoor_Setup/Day5/Device11/IQ_1.dat,253,19834947,9,9,1,test,diff_days_indoor,5,0,0,0,0,0,0.23835037648677826
data/raw/osu_lora/Diff_Days_Indoor_Setup/Day5/Device11/IQ_1.dat,254,19913346,9,9,1,test,diff_days_indoor,5,0,0,0,0,0,0.21478740870952606
data/raw/osu_lora/Diff_Days_Indoor_Setup/Day5/Device11/IQ_1.dat,255,19991745,9,9,1,test,diff_days_indoor,5,0,0,0,0,0,0.2963230013847351
data/raw/osu_lora/Diff_Days_Indoor_Setup/Day5/Device12/IQ_1.dat,0,0,10,21,0,test,diff_days_indoor,5,0,0,0,0,0,0.25722259283065796
data/raw/osu_lora/Diff_Days_Indoor_Setup/Day5/Device12/IQ_1.dat,1,78399,10,21,0,test,diff_days_indoor,5,0,0,0,0,0,0.3911089599132538
data/raw/osu_lora/Diff_Days_Indoor_Setup/Day5/Device12/IQ_1.dat,2,156798,10,21,0,test,diff_days_indoor,5,0,0,0,0,0,0.21125243604183197
data/raw/osu_lora/Diff_Days_Indoor_Setup/Day5/Device12/IQ_1.dat,3,235197,10,21,0,test,diff_days_indoor,5,0,0,0,0,0,0.3167816996574402
data/raw/osu_lora/Diff_Days_Indoor_Setup/Day5/Device12/IQ_1.dat,4,313596,10,21,0,test,diff_days_indoor,5,0,0,0,0,0,0.2907106578350067
data/raw/osu_lora/Diff_Days_Indoor_Setup/Day5/Device12/IQ_1.dat,5,391995,10,21,0,test,diff_days_indoor,5,0,0,0,0,0,0.2873528301715851
data/raw/osu_lora/Diff_Days_Indoor_Setup/Day5/Device12/IQ_1.dat,6,470394,10,10,1,test,diff_days_indoor,5,0,0,0,0,0,0.45418381690979004
data/raw/osu_lora/Diff_Days_Indoor_Setup/Day5/Device12/IQ_1.dat,7,548793,10,10,1,test,diff_days_indoor,5,0,0,0,0,0,0.32798442244529724
data/raw/osu_lora/Diff_Days_Indoor_Setup/Day5/Device12/IQ_1.dat,8,627192,10,10,1,test,diff_days_indoor,5,0,0,0,0,0,0.5318909287452698
data/raw/osu_lora/Diff_Days_Indoor_Setup/Day5/Device12/IQ_1.dat,9,705591,10,10,1,test,diff_days_indoor,5,0,0,0,0,0,0.4509480595588684
data/raw/osu_lora/Diff_Days_Indoor_Setup/Day5/Device12/IQ_1.dat,10,783990,10,10,1,test,diff_days_indoor,5,0,0,0,0,0,0.5234706401824951
data/raw/osu_lora/Diff_Days_Indoor_Setup/Day5/Device12/IQ_1.dat,11,862389,10,10,1,test,diff_days_indoor,5,0,0,0,0,0,0.482757031917572
data/raw/osu_lora/Diff_Days_Indoor_Setup/Day5/Device12/IQ_1.dat,12,940788,10,10,1,test,diff_days_indoor,5,0,0,0,0,0,0.4540768265724182
data/raw/osu_lora/Diff_Days_Indoor_Setup/Day5/Device12/IQ_1.dat,13,1019187,10,21,0,test,diff_days_indoor,5,0,0,0,0,0,0.319021612405777
data/raw/osu_lora/Diff_Days_Indoor_Setup/Day5/Device12/IQ_1.dat,14,1097586,10,11,0,test,diff_days_indoor,5,0,0,0,0,0,0.6704038381576538
data/raw/osu_lora/Diff_Days_Indoor_Setup/Day5/Device12/IQ_1.dat,15,1175985,10,21,0,test,diff_days_indoor,5,0,0,0,0,0,0.29268014430999756
data/raw/osu_lora/Diff_Days_Indoor_Setup/Day5/Device12/IQ_1.dat,16,1254384,10,10,1,test,diff_days_indoor,5,0,0,0,0,0,0.4339735507965088
data/raw/osu_lora/Diff_Days_Indoor_Setup/Day5/Device12/IQ_1.dat,17,1332783,10,10,1,test,diff_days_indoor,5,0,0,0,0,0,0.39736488461494446
data/raw/osu_lora/Diff_Days_Indoor_Setup/Day5/Device12/IQ_1.dat,18,1411182,10,10,1,test,diff_days_indoor,5,0,0,0,0,0,0.545854926109314
data/raw/osu_lora/Diff_Days_Indoor_Setup/Day5/Device12/IQ_1.dat,19,1489581,10,11,0,test,diff_days_indoor,5,0,0,0,0,0,0.2154424637556076
data/raw/osu_lora/Diff_Days_Indoor_Setup/Day5/Device12/IQ_1.dat,20,1567980,10,10,1,test,diff_days_indoor,5,0,0,0,0,0,0.42238694429397583
data/raw/osu_lora/Diff_Days_Indoor_Setup/Day5/Device12/IQ_1.dat,21,1646379,10,10,1,test,diff_days_indoor,5,0,0,0,0,0,0.5625603795051575
data/raw/osu_lora/Diff_Days_Indoor_Setup/Day5/Device12/IQ_1.dat,22,1724778,10,10,1,test,diff_days_indoor,5,0,0,0,0,0,0.5801013112068176
data/raw/osu_lora/Diff_Days_Indoor_Setup/Day5/Device12/IQ_1.dat,23,1803177,10,10,1,test,diff_days_indoor,5,0,0,0,0,0,0.5417019128799438
data/raw/osu_lora/Diff_Days_Indoor_Setup/Day5/Device12/IQ_1.dat,24,1881576,10,10,1,test,diff_days_indoor,5,0,0,0,0,0,0.4891623556613922
data/raw/osu_lora/Diff_Days_Indoor_Setup/Day5/Device12/IQ_1.dat,25,1959975,10,10,1,test,diff_days_indoor,5,0,0,0,0,0,0.42996859550476074
data/raw/osu_lora/Diff_Days_Indoor_Setup/Day5/Device12/IQ_1.dat,26,2038374,10,21,0,test,diff_days_indoor,5,0,0,0,0,0,0.40780431032180786
data/raw/osu_lora/Diff_Days_Indoor_Setup/Day5/Device12/IQ_1.dat,27,2116773,10,10,1,test,diff_days_indoor,5,0,0,0,0,0,0.5179585814476013
data/raw/osu_lora/Diff_Days_Indoor_Setup/Day5/Device12/IQ_1.dat,28,2195172,10,10,1,test,diff_days_indoor,5,0,0,0,0,0,0.4040762782096863
data/raw/osu_lora/Diff_Days_Indoor_Setup/Day5/Device12/IQ_1.dat,29,2273571,10,21,0,test,diff_days_indoor,5,0,0,0,0,0,0.22592829167842865
data/raw/osu_lora/Diff_Days_Indoor_Setup/Day5/Device12/IQ_1.dat,30,2351970,10,11,0,test,diff_days_indoor,5,0,0,0,0,0,0.5001561045646667
data/raw/osu_lora/Diff_Days_Indoor_Setup/Day5/Device12/IQ_1.dat,31,2430369,10,10,1,test,diff_days_indoor,5,0,0,0,0,0,0.3813629746437073
data/raw/osu_lora/Diff_Days_Indoor_Setup/Day5/Device12/IQ_1.dat,32,2508768,10,21,0,test,diff_days_indoor,5,0,0,0,0,0,0.2120465636253357
data/raw/osu_lora/Diff_Days_Indoor_Setup/Day5/Device12/IQ_1.dat,33,2587167,10,10,1,test,diff_days_indoor,5,0,0,0,0,0,0.5841435194015503
data/raw/osu_lora/Diff_Days_Indoor_Setup/Day5/Device12/IQ_1.dat,34,2665566,10,21,0,test,diff_days_indoor,5,0,0,0,0,0,0.27081337571144104
data/raw/osu_lora/Diff_Days_Indoor_Setup/Day5/Device12/IQ_1.dat,35,2743965,10,21,0,test,diff_days_indoor,5,0,0,0,0,0,0.23777616024017334
data/raw/osu_lora/Diff_Days_Indoor_Setup/Day5/Device12/IQ_1.dat,36,2822364,10,9,0,test,diff_days_indoor,5,0,0,0,0,0,0.2824777662754059
data/raw/osu_lora/Diff_Days_Indoor_Setup/Day5/Device12/IQ_1.dat,37,2900763,10,10,1,test,diff_days_indoor,5,0,0,0,0,0,0.4930737316608429
data/raw/osu_lora/Diff_Days_Indoor_Setup/Day5/Device12/IQ_1.dat,38,2979162,10,10,1,test,diff_days_indoor,5,0,0,0,0,0,0.3502950668334961
data/raw/osu_lora/Diff_Days_Indoor_Setup/Day5/Device12/IQ_1.dat,39,3057561,10,10,1,test,diff_days_indoor,5,0,0,0,0,0,0.40964725613594055
data/raw/osu_lora/Diff_Days_Indoor_Setup/Day5/Device12/IQ_1.dat,40,3135960,10,21,0,test,diff_days_indoor,5,0,0,0,0,0,0.3513234257698059
data/raw/osu_lora/Diff_Days_Indoor_Setup/Day5/Device12/IQ_1.dat,41,3214359,10,10,1,test,diff_days_indoor,5,0,0,0,0,0,0.47129562497138977
data/raw/osu_lora/Diff_Days_Indoor_Setup/Day5/Device12/IQ_1.dat,42,3292758,10,10,1,test,diff_days_indoor,5,0,0,0,0,0,0.4382927715778351
data/raw/osu_lora/Diff_Days_Indoor_Setup/Day5/Device12/IQ_1.dat,43,3371157,10,21,0,test,diff_days_indoor,5,0,0,0,0,0,0.2504933178424835
data/raw/osu_lora/Diff_Days_Indoor_Setup/Day5/Device12/IQ_1.dat,44,3449556,10,10,1,test,diff_days_indoor,5,0,0,0,0,0,0.39580467343330383
data/raw/osu_lora/Diff_Days_Indoor_Setup/Day5/Device12/IQ_1.dat,45,3527955,10,10,1,test,diff_days_indoor,5,0,0,0,0,0,0.2194863110780716
data/raw/osu_lora/Diff_Days_Indoor_Setup/Day5/Device12/IQ_1.dat,46,3606354,10,21,0,test,diff_days_indoor,5,0,0,0,0,0,0.35272765159606934
data/raw/osu_lora/Diff_Days_Indoor_Setup/Day5/Device12/IQ_1.dat,47,3684753,10,10,1,test,diff_days_indoor,5,0,0,0,0,0,0.37202149629592896
data/raw/osu_lora/Diff_Days_Indoor_Setup/Day5/Device12/IQ_1.dat,48,3763152,10,10,1,test,diff_days_indoor,5,0,0,0,0,0,0.3829350471496582
data/raw/osu_lora/Diff_Days_Indoor_Setup/Day5/Device12/IQ_1.dat,49,3841551,10,21,0,test,diff_days_indoor,5,0,0,0,0,0,0.2372967153787613
data/raw/osu_lora/Diff_Days_Indoor_Setup/Day5/Device12/IQ_1.dat,50,3919950,10,21,0,test,diff_days_indoor,5,0,0,0,0,0,0.2723771035671234
data/raw/osu_lora/Diff_Days_Indoor_Setup/Day5/Device12/IQ_1.dat,51,3998349,10,14,0,test,diff_days_indoor,5,0,0,0,0,0,0.2087152898311615
data/raw/osu_lora/Diff_Days_Indoor_Setup/Day5/Device12/IQ_1.dat,52,4076748,10,10,1,test,diff_days_indoor,5,0,0,0,0,0,0.3750746548175812
data/raw/osu_lora/Diff_Days_Indoor_Setup/Day5/Device12/IQ_1.dat,53,4155147,10,21,0,test,diff_days_indoor,5,0,0,0,0,0,0.3925911784172058
data/raw/osu_lora/Diff_Days_Indoor_Setup/Day5/Device12/IQ_1.dat,54,4233546,10,21,0,test,diff_days_indoor,5,0,0,0,0,0,0.2181072235107422
data/raw/osu_lora/Diff_Days_Indoor_Setup/Day5/Device12/IQ_1.dat,55,4311945,10,10,1,test,diff_days_indoor,5,0,0,0,0,0,0.512671947479248
data/raw/osu_lora/Diff_Days_Indoor_Setup/Day5/Device12/IQ_1.dat,56,4390344,10,21,0,test,diff_days_indoor,5,0,0,0,0,0,0.3505110740661621
data/raw/osu_lora/Diff_Days_Indoor_Setup/Day5/Device12/IQ_1.dat,57,4468743,10,14,0,test,diff_days_indoor,5,0,0,0,0,0,0.21146827936172485
data/raw/osu_lora/Diff_Days_Indoor_Setup/Day5/Device12/IQ_1.dat,58,4547142,10,10,1,test,diff_days_indoor,5,0,0,0,0,0,0.5211037397384644
data/raw/osu_lora/Diff_Days_Indoor_Setup/Day5/Device12/IQ_1.dat,59,4625541,10,21,0,test,diff_days_indoor,5,0,0,0,0,0,0.35514986515045166
data/raw/osu_lora/Diff_Days_Indoor_Setup/Day5/Device12/IQ_1.dat,60,4703940,10,21,0,test,diff_days_indoor,5,0,0,0,0,0,0.22906064987182617
data/raw/osu_lora/Diff_Days_Indoor_Setup/Day5/Device12/IQ_1.dat,61,4782339,10,10,1,test,diff_days_indoor,5,0,0,0,0,0,0.3559435307979584
data/raw/osu_lora/Diff_Days_Indoor_Setup/Day5/Device12/IQ_1.dat,62,4860738,10,9,0,test,diff_days_indoor,5,0,0,0,0,0,0.24010948836803436
data/raw/osu_lora/Diff_Days_Indoor_Setup/Day5/Device12/IQ_1.dat,63,4939137,10,10,1,test,diff_days_indoor,5,0,0,0,0,0,0.5140482783317566
data/raw/osu_lora/Diff_Days_Indoor_Setup/Day5/Device12/IQ_1.dat,64,5017536,10,21,0,test,diff_days_indoor,5,0,0,0,0,0,0.3661404252052307
data/raw/osu_lora/Diff_Days_Indoor_Setup/Day5/Device12/IQ_1.dat,65,5095935,10,9,0,test,diff_days_indoor,5,0,0,0,0,0,0.2323043793439865
data/raw/osu_lora/Diff_Days_Indoor_Setup/Day5/Device12/IQ_1.dat,66,5174334,10,10,1,test,diff_days_indoor,5,0,0,0,0,0,0.455404669046402
data/raw/osu_lora/Diff_Days_Indoor_Setup/Day5/Device12/IQ_1.dat,67,5252733,10,10,1,test,diff_days_indoor,5,0,0,0,0,0,0.5868709087371826
data/raw/osu_lora/Diff_Days_Indoor_Setup/Day5/Device12/IQ_1.dat,68,5331132,10,10,1,test,diff_days_indoor,5,0,0,0,0,0,0.6001197695732117
data/raw/osu_lora/Diff_Days_Indoor_Setup/Day5/Device12/IQ_1.dat,69,5409531,10,10,1,test,diff_days_indoor,5,0,0,0,0,0,0.47967612743377686
data/raw/osu_lora/Diff_Days_Indoor_Setup/Day5/Device12/IQ_1.dat,70,5487930,10,10,1,test,diff_days_indoor,5,0,0,0,0,0,0.5272619128227234
data/raw/osu_lora/Diff_Days_Indoor_Setup/Day5/Device12/IQ_1.dat,71,5566329,10,10,1,test,diff_days_indoor,5,0,0,0,0,0,0.35917118191719055
data/raw/osu_lora/Diff_Days_Indoor_Setup/Day5/Device12/IQ_1.dat,72,5644728,10,9,0,test,diff_days_indoor,5,0,0,0,0,0,0.26887673139572144
data/raw/osu_lora/Diff_Days_Indoor_Setup/Day5/Device12/IQ_1.dat,73,5723127,10,21,0,test,diff_days_indoor,5,0,0,0,0,0,0.30929598212242126
data/raw/osu_lora/Diff_Days_Indoor_Setup/Day5/Device12/IQ_1.dat,74,5801526,10,21,0,test,diff_days_indoor,5,0,0,0,0,0,0.3465278744697571
data/raw/osu_lora/Diff_Days_Indoor_Setup/Day5/Device12/IQ_1.dat,75,5879925,10,10,1,test,diff_days_indoor,5,0,0,0,0,0,0.3983157277107239
data/raw/osu_lora/Diff_Days_Indoor_Setup/Day5/Device12/IQ_1.dat,76,5958324,10,10,1,test,diff_days_indoor,5,0,0,0,0,0,0.3475944995880127
data/raw/osu_lora/Diff_Days_Indoor_Setup/Day5/Device12/IQ_1.dat,77,6036723,10,10,1,test,diff_days_indoor,5,0,0,0,0,0,0.5199167728424072
data/raw/osu_lora/Diff_Days_Indoor_Setup/Day5/Device12/IQ_1.dat,78,6115122,10,10,1,test,diff_days_indoor,5,0,0,0,0,0,0.4006054699420929
data/raw/osu_lora/Diff_Days_Indoor_Setup/Day5/Device12/IQ_1.dat,79,6193521,10,9,0,test,diff_days_indoor,5,0,0,0,0,0,0.22263501584529877
data/raw/osu_lora/Diff_Days_Indoor_Setup/Day5/Device12/IQ_1.dat,80,6271920,10,10,1,test,diff_days_indoor,5,0,0,0,0,0,0.5064469575881958
data/raw/osu_lora/Diff_Days_Indoor_Setup/Day5/Device12/IQ_1.dat,81,6350319,10,10,1,test,diff_days_indoor,5,0,0,0,0,0,0.45008736848831177
data/raw/osu_lora/Diff_Days_Indoor_Setup/Day5/Device12/IQ_1.dat,82,6428718,10,21,0,test,diff_days_indoor,5,0,0,0,0,0,0.3223080337047577
data/raw/osu_lora/Diff_Days_Indoor_Setup/Day5/Device12/IQ_1.dat,83,6507117,10,21,0,test,diff_days_indoor,5,0,0,0,0,0,0.2909447252750397
data/raw/osu_lora/Diff_Days_Indoor_Setup/Day5/Device12/IQ_1.dat,84,6585516,10,21,0,test,diff_days_indoor,5,0,0,0,0,0,0.4099023938179016
data/raw/osu_lora/Diff_Days_Indoor_Setup/Day5/Device12/IQ_1.dat,85,6663915,10,10,1,test,diff_days_indoor,5,0,0,0,0,0,0.4871433675289154
data/raw/osu_lora/Diff_Days_Indoor_Setup/Day5/Device12/IQ_1.dat,86,6742314,10,10,1,test,diff_days_indoor,5,0,0,0,0,0,0.529636800289154
data/raw/osu_lora/Diff_Days_Indoor_Setup/Day5/Device12/IQ_1.dat,87,6820713,10,21,0,test,diff_days_indoor,5,0,0,0,0,0,0.27046534419059753
data/raw/osu_lora/Diff_Days_Indoor_Setup/Day5/Device12/IQ_1.dat,88,6899112,10,10,1,test,diff_days_indoor,5,0,0,0,0,0,0.4191344082355499
data/raw/osu_lora/Diff_Days_Indoor_Setup/Day5/Device12/IQ_1.dat,89,6977511,10,21,0,test,diff_days_indoor,5,0,0,0,0,0,0.24049657583236694
data/raw/osu_lora/Diff_Days_Indoor_Setup/Day5/Device12/IQ_1.dat,90,7055910,10,21,0,test,diff_days_indoor,5,0,0,0,0,0,0.29784533381462097
data/raw/osu_lora/Diff_Days_Indoor_Setup/Day5/Device12/IQ_1.dat,91,7134309,10,9,0,test,diff_days_indoor,5,0,0,0,0,0,0.2414522022008896
data/raw/osu_lora/Diff_Days_Indoor_Setup/Day5/Device12/IQ_1.dat,92,7212708,10,8,0,test,diff_days_indoor,5,0,0,0,0,0,0.10557801276445389
data/raw/osu_lora/Diff_Days_Indoor_Setup/Day5/Device12/IQ_1.dat,93,7291107,10,10,1,test,diff_days_indoor,5,0,0,0,0,0,0.45269790291786194
data/raw/osu_lora/Diff_Days_Indoor_Setup/Day5/Device12/IQ_1.dat,94,7369506,10,21,0,test,diff_days_indoor,5,0,0,0,0,0,0.32374078035354614
data/raw/osu_lora/Diff_Days_Indoor_Setup/Day5/Device12/IQ_1.dat,95,7447905,10,10,1,test,diff_days_indoor,5,0,0,0,0,0,0.41784417629241943
data/raw/osu_lora/Diff_Days_Indoor_Setup/Day5/Device12/IQ_1.dat,96,7526304,10,10,1,test,diff_days_indoor,5,0,0,0,0,0,0.5767077803611755
data/raw/osu_lora/Diff_Days_Indoor_Setup/Day5/Device12/IQ_1.dat,97,7604703,10,10,1,test,diff_days_indoor,5,0,0,0,0,0,0.47698426246643066
data/raw/osu_lora/Diff_Days_Indoor_Setup/Day5/Device12/IQ_1.dat,98,7683102,10,10,1,test,diff_days_indoor,5,0,0,0,0,0,0.3278105854988098
data/raw/osu_lora/Diff_Days_Indoor_Setup/Day5/Device12/IQ_1.dat,99,7761501,10,10,1,test,diff_days_indoor,5,0,0,0,0,0,0.4638082683086395
data/raw/osu_lora/Diff_Days_Indoor_Setup/Day5/Device12/IQ_1.dat,100,7839900,10,11,0,test,diff_days_indoor,5,0,0,0,0,0,0.4037630558013916
data/raw/osu_lora/Diff_Days_Indoor_Setup/Day5/Device12/IQ_1.dat,101,7918299,10,21,0,test,diff_days_indoor,5,0,0,0,0,0,0.26752060651779175
data/raw/osu_lora/Diff_Days_Indoor_Setup/Day5/Device12/IQ_1.dat,102,7996698,10,9,0,test,diff_days_indoor,5,0,0,0,0,0,0.2503783702850342
data/raw/osu_lora/Diff_Days_Indoor_Setup/Day5/Device12/IQ_1.dat,103,8075097,10,10,1,test,diff_days_indoor,5,0,0,0,0,0,0.4285074770450592
data/raw/osu_lora/Diff_Days_Indoor_Setup/Day5/Device12/IQ_1.dat,104,8153496,10,11,0,test,diff_days_indoor,5,0,0,0,0,0,0.3083716034889221
data/raw/osu_lora/Diff_Days_Indoor_Setup/Day5/Device12/IQ_1.dat,105,8231895,10,10,1,test,diff_days_indoor,5,0,0,0,0,0,0.41930830478668213
data/raw/osu_lora/Diff_Days_Indoor_Setup/Day5/Device12/IQ_1.dat,106,8310294,10,10,1,test,diff_days_indoor,5,0,0,0,0,0,0.40800637006759644
data/raw/osu_lora/Diff_Days_Indoor_Setup/Day5/Device12/IQ_1.dat,107,8388693,10,11,0,test,diff_days_indoor,5,0,0,0,0,0,0.39890560507774353
data/raw/osu_lora/Diff_Days_Indoor_Setup/Day5/Device12/IQ_1.dat,108,8467092,10,21,0,test,diff_days_indoor,5,0,0,0,0,0,0.2671985328197479
data/raw/osu_lora/Diff_Days_Indoor_Setup/Day5/Device12/IQ_1.dat,109,8545491,10,21,0,test,diff_days_indoor,5,0,0,0,0,0,0.23411598801612854
data/raw/osu_lora/Diff_Days_Indoor_Setup/Day5/Device12/IQ_1.dat,110,8623890,10,10,1,test,diff_days_indoor,5,0,0,0,0,0,0.49281731247901917
data/raw/osu_lora/Diff_Days_Indoor_Setup/Day5/Device12/IQ_1.dat,111,8702289,10,10,1,test,diff_days_indoor,5,0,0,0,0,0,0.4702973961830139
data/raw/osu_lora/Diff_Days_Indoor_Setup/Day5/Device12/IQ_1.dat,112,8780688,10,10,1,test,diff_days_indoor,5,0,0,0,0,0,0.44135934114456177
data/raw/osu_lora/Diff_Days_Indoor_Setup/Day5/Device12/IQ_1.dat,113,8859087,10,11,0,test,diff_days_indoor,5,0,0,0,0,0,0.5869811177253723
data/raw/osu_lora/Diff_Days_Indoor_Setup/Day5/Device12/IQ_1.dat,114,8937486,10,10,1,test,diff_days_indoor,5,0,0,0,0,0,0.436299204826355
data/raw/osu_lora/Diff_Days_Indoor_Setup/Day5/Device12/IQ_1.dat,115,9015885,10,10,1,test,diff_days_indoor,5,0,0,0,0,0,0.5521845817565918
data/raw/osu_lora/Diff_Days_Indoor_Setup/Day5/Device12/IQ_1.dat,116,9094284,10,10,1,test,diff_days_indoor,5,0,0,0,0,0,0.5735002160072327
data/raw/osu_lora/Diff_Days_Indoor_Setup/Day5/Device12/IQ_1.dat,117,9172683,10,10,1,test,diff_days_indoor,5,0,0,0,0,0,0.5286751985549927
data/raw/osu_lora/Diff_Days_Indoor_Setup/Day5/Device12/IQ_1.dat,118,9251082,10,21,0,test,diff_days_indoor,5,0,0,0,0,0,0.3629920482635498
data/raw/osu_lora/Diff_Days_Indoor_Setup/Day5/Device12/IQ_1.dat,119,9329481,10,9,0,test,diff_days_indoor,5,0,0,0,0,0,0.22734379768371582
data/raw/osu_lora/Diff_Days_Indoor_Setup/Day5/Device12/IQ_1.dat,120,9407880,10,21,0,test,diff_days_indoor,5,0,0,0,0,0,0.3188718259334564
data/raw/osu_lora/Diff_Days_Indoor_Setup/Day5/Device12/IQ_1.dat,121,9486279,10,21,0,test,diff_days_indoor,5,0,0,0,0,0,0.3240621089935303
data/raw/osu_lora/Diff_Days_Indoor_Setup/Day5/Device12/IQ_1.dat,122,9564678,10,14,0,test,diff_days_indoor,5,0,0,0,0,0,0.23279833793640137
data/raw/osu_lora/Diff_Days_Indoor_Setup/Day5/Device12/IQ_1.dat,123,9643077,10,21,0,test,diff_days_indoor,5,0,0,0,0,0,0.21580512821674347
data/raw/osu_lora/Diff_Days_Indoor_Setup/Day5/Device12/IQ_1.dat,124,9721476,10,10,1,test,diff_days_indoor,5,0,0,0,0,0,0.44328081607818604
data/raw/osu_lora/Diff_Days_Indoor_Setup/Day5/Device12/IQ_1.dat,125,9799875,10,10,1,test,diff_days_indoor,5,0,0,0,0,0,0.5244238376617432
data/raw/osu_lora/Diff_Days_Indoor_Setup/Day5/Device12/IQ_1.dat,126,9878274,10,10,1,test,diff_days_indoor,5,0,0,0,0,0,0.5563625693321228
data/raw/osu_lora/Diff_Days_Indoor_Setup/Day5/Device12/IQ_1.dat,127,9956673,10,21,0,test,diff_days_indoor,5,0,0,0,0,0,0.19634191691875458
data/raw/osu_lora/Diff_Days_Indoor_Setup/Day5/Device12/IQ_1.dat,128,10035072,10,10,1,test,diff_days_indoor,5,0,0,0,0,0,0.5600024461746216
data/raw/osu_lora/Diff_Days_Indoor_Setup/Day5/Device12/IQ_1.dat,129,10113471,10,11,0,test,diff_days_indoor,5,0,0,0,0,0,0.5248525738716125
data/raw/osu_lora/Diff_Days_Indoor_Setup/Day5/Device12/IQ_1.dat,130,10191870,10,10,1,test,diff_days_indoor,5,0,0,0,0,0,0.37623679637908936
data/raw/osu_lora/Diff_Days_Indoor_Setup/Day5/Device12/IQ_1.dat,131,10270269,10,10,1,test,diff_days_indoor,5,0,0,0,0,0,0.42640167474746704
data/raw/osu_lora/Diff_Days_Indoor_Setup/Day5/Device12/IQ_1.dat,132,10348668,10,10,1,test,diff_days_indoor,5,0,0,0,0,0,0.506936252117157
data/raw/osu_lora/Diff_Days_Indoor_Setup/Day5/Device12/IQ_1.dat,133,10427067,10,21,0,test,diff_days_indoor,5,0,0,0,0,0,0.24119623005390167
data/raw/osu_lora/Diff_Days_Indoor_Setup/Day5/Device12/IQ_1.dat,134,10505466,10,10,1,test,diff_days_indoor,5,0,0,0,0,0,0.47343385219573975
data/raw/osu_lora/Diff_Days_Indoor_Setup/Day5/Device12/IQ_1.dat,135,10583865,10,10,1,test,diff_days_indoor,5,0,0,0,0,0,0.4644947946071625
data/raw/osu_lora/Diff_Days_Indoor_Setup/Day5/Device12/IQ_1.dat,136,10662264,10,21,0,test,diff_days_indoor,5,0,0,0,0,0,0.2995542287826538
data/raw/osu_lora/Diff_Days_Indoor_Setup/Day5/Device12/IQ_1.dat,137,10740663,10,10,1,test,diff_days_indoor,5,0,0,0,0,0,0.41440966725349426
data/raw/osu_lora/Diff_Days_Indoor_Setup/Day5/Device12/IQ_1.dat,138,10819062,10,10,1,test,diff_days_indoor,5,0,0,0,0,0,0.3916148543357849
data/raw/osu_lora/Diff_Days_Indoor_Setup/Day5/Device12/IQ_1.dat,139,10897461,10,8,0,test,diff_days_indoor,5,0,0,0,0,0,0.3193081021308899
data/raw/osu_lora/Diff_Days_Indoor_Setup/Day5/Device12/IQ_1.dat,140,10975860,10,10,1,test,diff_days_indoor,5,0,0,0,0,0,0.3652198314666748
data/raw/osu_lora/Diff_Days_Indoor_Setup/Day5/Device12/IQ_1.dat,141,11054259,10,21,0,test,diff_days_indoor,5,0,0,0,0,0,0.3188801407814026
data/raw/osu_lora/Diff_Days_Indoor_Setup/Day5/Device12/IQ_1.dat,142,11132658,10,21,0,test,diff_days_indoor,5,0,0,0,0,0,0.406314879655838
data/raw/osu_lora/Diff_Days_Indoor_Setup/Day5/Device12/IQ_1.dat,143,11211057,10,10,1,test,diff_days_indoor,5,0,0,0,0,0,0.4564976990222931
data/raw/osu_lora/Diff_Days_Indoor_Setup/Day5/Device12/IQ_1.dat,144,11289456,10,10,1,test,diff_days_indoor,5,0,0,0,0,0,0.46372750401496887
data/raw/osu_lora/Diff_Days_Indoor_Setup/Day5/Device12/IQ_1.dat,145,11367855,10,21,0,test,diff_days_indoor,5,0,0,0,0,0,0.3987118899822235
data/raw/osu_lora/Diff_Days_Indoor_Setup/Day5/Device12/IQ_1.dat,146,11446254,10,21,0,test,diff_days_indoor,5,0,0,0,0,0,0.34292325377464294
data/raw/osu_lora/Diff_Days_Indoor_Setup/Day5/Device12/IQ_1.dat,147,11524653,10,10,1,test,diff_days_indoor,5,0,0,0,0,0,0.50565505027771
data/raw/osu_lora/Diff_Days_Indoor_Setup/Day5/Device12/IQ_1.dat,148,11603052,10,10,1,test,diff_days_indoor,5,0,0,0,0,0,0.2919934391975403
data/raw/osu_lora/Diff_Days_Indoor_Setup/Day5/Device12/IQ_1.dat,149,11681451,10,10,1,test,diff_days_indoor,5,0,0,0,0,0,0.39181774854660034
data/raw/osu_lora/Diff_Days_Indoor_Setup/Day5/Device12/IQ_1.dat,150,11759850,10,10,1,test,diff_days_indoor,5,0,0,0,0,0,0.35179996490478516
data/raw/osu_lora/Diff_Days_Indoor_Setup/Day5/Device12/IQ_1.dat,151,11838249,10,11,0,test,diff_days_indoor,5,0,0,0,0,0,0.5148029923439026
data/raw/osu_lora/Diff_Days_Indoor_Setup/Day5/Device12/IQ_1.dat,152,11916648,10,10,1,test,diff_days_indoor,5,0,0,0,0,0,0.3473331928253174
data/raw/osu_lora/Diff_Days_Indoor_Setup/Day5/Device12/IQ_1.dat,153,11995047,10,10,1,test,diff_days_indoor,5,0,0,0,0,0,0.38009113073349
data/raw/osu_lora/Diff_Days_Indoor_Setup/Day5/Device12/IQ_1.dat,154,12073446,10,21,0,test,diff_days_indoor,5,0,0,0,0,0,0.19961625337600708
data/raw/osu_lora/Diff_Days_Indoor_Setup/Day5/Device12/IQ_1.dat,155,12151845,10,21,0,test,diff_days_indoor,5,0,0,0,0,0,0.3734196424484253
data/raw/osu_lora/Diff_Days_Indoor_Setup/Day5/Device12/IQ_1.dat,156,12230244,10,10,1,test,diff_days_indoor,5,0,0,0,0,0,0.5417982935905457
data/raw/osu_lora/Diff_Days_Indoor_Setup/Day5/Device12/IQ_1.dat,157,12308643,10,21,0,test,diff_days_indoor,5,0,0,0,0,0,0.3935762643814087
data/raw/osu_lora/Diff_Days_Indoor_Setup/Day5/Device12/IQ_1.dat,158,12387042,10,10,1,test,diff_days_indoor,5,0,0,0,0,0,0.350766122341156
data/raw/osu_lora/Diff_Days_Indoor_Setup/Day5/Device12/IQ_1.dat,159,12465441,10,21,0,test,diff_days_indoor,5,0,0,0,0,0,0.23453877866268158
data/raw/osu_lora/Diff_Days_Indoor_Setup/Day5/Device12/IQ_1.dat,160,12543840,10,21,0,test,diff_days_indoor,5,0,0,0,0,0,0.24837972223758698
data/raw/osu_lora/Diff_Days_Indoor_Setup/Day5/Device12/IQ_1.dat,161,12622239,10,9,0,test,diff_days_indoor,5,0,0,0,0,0,0.2576178014278412
data/raw/osu_lora/Diff_Days_Indoor_Setup/Day5/Device12/IQ_1.dat,162,12700638,10,9,0,test,diff_days_indoor,5,0,0,0,0,0,0.3013276755809784
data/raw/osu_lora/Diff_Days_Indoor_Setup/Day5/Device12/IQ_1.dat,163,12779037,10,21,0,test,diff_days_indoor,5,0,0,0,0,0,0.23534409701824188
data/raw/osu_lora/Diff_Days_Indoor_Setup/Day5/Device12/IQ_1.dat,164,12857436,10,21,0,test,diff_days_indoor,5,0,0,0,0,0,0.24808281660079956
data/raw/osu_lora/Diff_Days_Indoor_Setup/Day5/Device12/IQ_1.dat,165,12935835,10,11,0,test,diff_days_indoor,5,0,0,0,0,0,0.27901148796081543
data/raw/osu_lora/Diff_Days_Indoor_Setup/Day5/Device12/IQ_1.dat,166,13014234,10,10,1,test,diff_days_indoor,5,0,0,0,0,0,0.5120269060134888
data/raw/osu_lora/Diff_Days_Indoor_Setup/Day5/Device12/IQ_1.dat,167,13092633,10,10,1,test,diff_days_indoor,5,0,0,0,0,0,0.5979475378990173
data/raw/osu_lora/Diff_Days_Indoor_Setup/Day5/Device12/IQ_1.dat,168,13171032,10,10,1,test,diff_days_indoor,5,0,0,0,0,0,0.36977410316467285
data/raw/osu_lora/Diff_Days_Indoor_Setup/Day5/Device12/IQ_1.dat,169,13249431,10,10,1,test,diff_days_indoor,5,0,0,0,0,0,0.4465116858482361
data/raw/osu_lora/Diff_Days_Indoor_Setup/Day5/Device12/IQ_1.dat,170,13327830,10,21,0,test,diff_days_indoor,5,0,0,0,0,0,0.29787516593933105
data/raw/osu_lora/Diff_Days_Indoor_Setup/Day5/Device12/IQ_1.dat,171,13406229,10,10,1,test,diff_days_indoor,5,0,0,0,0,0,0.46938034892082214
data/raw/osu_lora/Diff_Days_Indoor_Setup/Day5/Device12/IQ_1.dat,172,13484628,10,10,1,test,diff_days_indoor,5,0,0,0,0,0,0.40227559208869934
data/raw/osu_lora/Diff_Days_Indoor_Setup/Day5/Device12/IQ_1.dat,173,13563027,10,10,1,test,diff_days_indoor,5,0,0,0,0,0,0.4125460684299469
data/raw/osu_lora/Diff_Days_Indoor_Setup/Day5/Device12/IQ_1.dat,174,13641426,10,14,0,test,diff_days_indoor,5,0,0,0,0,0,0.22438286244869232
data/raw/osu_lora/Diff_Days_Indoor_Setup/Day5/Device12/IQ_1.dat,175,13719825,10,10,1,test,diff_days_indoor,5,0,0,0,0,0,0.5170562863349915
data/raw/osu_lora/Diff_Days_Indoor_Setup/Day5/Device12/IQ_1.dat,176,13798224,10,10,1,test,diff_days_indoor,5,0,0,0,0,0,0.3291592001914978
data/raw/osu_lora/Diff_Days_Indoor_Setup/Day5/Device12/IQ_1.dat,177,13876623,10,10,1,test,diff_days_indoor,5,0,0,0,0,0,0.4743807315826416
data/raw/osu_lora/Diff_Days_Indoor_Setup/Day5/Device12/IQ_1.dat,178,13955022,10,10,1,test,diff_days_indoor,5,0,0,0,0,0,0.4579196572303772
data/raw/osu_lora/Diff_Days_Indoor_Setup/Day5/Device12/IQ_1.dat,179,14033421,10,10,1,test,diff_days_indoor,5,0,0,0,0,0,0.33570513129234314
data/raw/osu_lora/Diff_Days_Indoor_Setup/Day5/Device12/IQ_1.dat,180,14111820,10,21,0,test,diff_days_indoor,5,0,0,0,0,0,0.29543498158454895
data/raw/osu_lora/Diff_Days_Indoor_Setup/Day5/Device12/IQ_1.dat,181,14190219,10,21,0,test,diff_days_indoor,5,0,0,0,0,0,0.2687925398349762
data/raw/osu_lora/Diff_Days_Indoor_Setup/Day5/Device12/IQ_1.dat,182,14268618,10,10,1,test,diff_days_indoor,5,0,0,0,0,0,0.4484541714191437
data/raw/osu_lora/Diff_Days_Indoor_Setup/Day5/Device12/IQ_1.dat,183,14347017,10,10,1,test,diff_days_indoor,5,0,0,0,0,0,0.5642472505569458
data/raw/osu_lora/Diff_Days_Indoor_Setup/Day5/Device12/IQ_1.dat,184,14425416,10,9,0,test,diff_days_indoor,5,0,0,0,0,0,0.23870740830898285
data/raw/osu_lora/Diff_Days_Indoor_Setup/Day5/Device12/IQ_1.dat,185,14503815,10,21,0,test,diff_days_indoor,5,0,0,0,0,0,0.3010834753513336
data/raw/osu_lora/Diff_Days_Indoor_Setup/Day5/Device12/IQ_1.dat,186,14582214,10,10,1,test,diff_days_indoor,5,0,0,0,0,0,0.45141837000846863
data/raw/osu_lora/Diff_Days_Indoor_Setup/Day5/Device12/IQ_1.dat,187,14660613,10,10,1,test,diff_days_indoor,5,0,0,0,0,0,0.4765969216823578
data/raw/osu_lora/Diff_Days_Indoor_Setup/Day5/Device12/IQ_1.dat,188,14739012,10,10,1,test,diff_days_indoor,5,0,0,0,0,0,0.5365988612174988
data/raw/osu_lora/Diff_Days_Indoor_Setup/Day5/Device12/IQ_1.dat,189,14817411,10,10,1,test,diff_days_indoor,5,0,0,0,0,0,0.35900527238845825
data/raw/osu_lora/Diff_Days_Indoor_Setup/Day5/Device12/IQ_1.dat,190,14895810,10,10,1,test,diff_days_indoor,5,0,0,0,0,0,0.4264932870864868
data/raw/osu_lora/Diff_Days_Indoor_Setup/Day5/Device12/IQ_1.dat,191,14974209,10,14,0,test,diff_days_indoor,5,0,0,0,0,0,0.25657224655151367
data/raw/osu_lora/Diff_Days_Indoor_Setup/Day5/Device12/IQ_1.dat,192,15052608,10,21,0,test,diff_days_indoor,5,0,0,0,0,0,0.37845179438591003
data/raw/osu_lora/Diff_Days_Indoor_Setup/Day5/Device12/IQ_1.dat,193,15131007,10,21,0,test,diff_days_indoor,5,0,0,0,0,0,0.299919068813324
data/raw/osu_lora/Diff_Days_Indoor_Setup/Day5/Device12/IQ_1.dat,194,15209406,10,10,1,test,diff_days_indoor,5,0,0,0,0,0,0.5254859924316406
data/raw/osu_lora/Diff_Days_Indoor_Setup/Day5/Device12/IQ_1.dat,195,15287805,10,10,1,test,diff_days_indoor,5,0,0,0,0,0,0.3497708737850189
data/raw/osu_lora/Diff_Days_Indoor_Setup/Day5/Device12/IQ_1.dat,196,15366204,10,10,1,test,diff_days_indoor,5,0,0,0,0,0,0.37079212069511414
data/raw/osu_lora/Diff_Days_Indoor_Setup/Day5/Device12/IQ_1.dat,197,15444603,10,13,0,test,diff_days_indoor,5,0,0,0,0,0,0.15765328705310822
data/raw/osu_lora/Diff_Days_Indoor_Setup/Day5/Device12/IQ_1.dat,198,15523002,10,21,0,test,diff_days_indoor,5,0,0,0,0,0,0.361896276473999
data/raw/osu_lora/Diff_Days_Indoor_Setup/Day5/Device12/IQ_1.dat,199,15601401,10,10,1,test,diff_days_indoor,5,0,0,0,0,0,0.38404881954193115
data/raw/osu_lora/Diff_Days_Indoor_Setup/Day5/Device12/IQ_1.dat,200,15679800,10,11,0,test,diff_days_indoor,5,0,0,0,0,0,0.3120949864387512
data/raw/osu_lora/Diff_Days_Indoor_Setup/Day5/Device12/IQ_1.dat,201,15758199,10,9,0,test,diff_days_indoor,5,0,0,0,0,0,0.24075298011302948
data/raw/osu_lora/Diff_Days_Indoor_Setup/Day5/Device12/IQ_1.dat,202,15836598,10,10,1,test,diff_days_indoor,5,0,0,0,0,0,0.3978434205055237
data/raw/osu_lora/Diff_Days_Indoor_Setup/Day5/Device12/IQ_1.dat,203,15914997,10,10,1,test,diff_days_indoor,5,0,0,0,0,0,0.4137718081474304
data/raw/osu_lora/Diff_Days_Indoor_Setup/Day5/Device12/IQ_1.dat,204,15993396,10,10,1,test,diff_days_indoor,5,0,0,0,0,0,0.41029438376426697
data/raw/osu_lora/Diff_Days_Indoor_Setup/Day5/Device12/IQ_1.dat,205,16071795,10,10,1,test,diff_days_indoor,5,0,0,0,0,0,0.5353741645812988
data/raw/osu_lora/Diff_Days_Indoor_Setup/Day5/Device12/IQ_1.dat,206,16150194,10,21,0,test,diff_days_indoor,5,0,0,0,0,0,0.34021350741386414
data/raw/osu_lora/Diff_Days_Indoor_Setup/Day5/Device12/IQ_1.dat,207,16228593,10,9,0,test,diff_days_indoor,5,0,0,0,0,0,0.3046259582042694
data/raw/osu_lora/Diff_Days_Indoor_Setup/Day5/Device12/IQ_1.dat,208,16306992,10,10,1,test,diff_days_indoor,5,0,0,0,0,0,0.41188523173332214
data/raw/osu_lora/Diff_Days_Indoor_Setup/Day5/Device12/IQ_1.dat,209,16385391,10,14,0,test,diff_days_indoor,5,0,0,0,0,0,0.2988338768482208
data/raw/osu_lora/Diff_Days_Indoor_Setup/Day5/Device12/IQ_1.dat,210,16463790,10,10,1,test,diff_days_indoor,5,0,0,0,0,0,0.5071917176246643
data/raw/osu_lora/Diff_Days_Indoor_Setup/Day5/Device12/IQ_1.dat,211,16542189,10,10,1,test,diff_days_indoor,5,0,0,0,0,0,0.41488948464393616
data/raw/osu_lora/Diff_Days_Indoor_Setup/Day5/Device12/IQ_1.dat,212,16620588,10,8,0,test,diff_days_indoor,5,0,0,0,0,0,0.11211466044187546
data/raw/osu_lora/Diff_Days_Indoor_Setup/Day5/Device12/IQ_1.dat,213,16698987,10,11,0,test,diff_days_indoor,5,0,0,0,0,0,0.1924787014722824
data/raw/osu_lora/Diff_Days_Indoor_Setup/Day5/Device12/IQ_1.dat,214,16777386,10,10,1,test,diff_days_indoor,5,0,0,0,0,0,0.5054911971092224
data/raw/osu_lora/Diff_Days_Indoor_Setup/Day5/Device12/IQ_1.dat,215,16855785,10,10,1,test,diff_days_indoor,5,0,0,0,0,0,0.593498706817627
data/raw/osu_lora/Diff_Days_Indoor_Setup/Day5/Device12/IQ_1.dat,216,16934184,10,21,0,test,diff_days_indoor,5,0,0,0,0,0,0.2765292525291443
data/raw/osu_lora/Diff_Days_Indoor_Setup/Day5/Device12/IQ_1.dat,217,17012583,10,10,1,test,diff_days_indoor,5,0,0,0,0,0,0.5018737316131592
data/raw/osu_lora/Diff_Days_Indoor_Setup/Day5/Device12/IQ_1.dat,218,17090982,10,21,0,test,diff_days_indoor,5,0,0,0,0,0,0.29810741543769836
data/raw/osu_lora/Diff_Days_Indoor_Setup/Day5/Device12/IQ_1.dat,219,17169381,10,21,0,test,diff_days_indoor,5,0,0,0,0,0,0.26957979798316956
data/raw/osu_lora/Diff_Days_Indoor_Setup/Day5/Device12/IQ_1.dat,220,17247780,10,10,1,test,diff_days_indoor,5,0,0,0,0,0,0.47434696555137634
data/raw/osu_lora/Diff_Days_Indoor_Setup/Day5/Device12/IQ_1.dat,221,17326179,10,10,1,test,diff_days_indoor,5,0,0,0,0,0,0.43046459555625916
data/raw/osu_lora/Diff_Days_Indoor_Setup/Day5/Device12/IQ_1.dat,222,17404578,10,10,1,test,diff_days_indoor,5,0,0,0,0,0,0.5197481513023376
data/raw/osu_lora/Diff_Days_Indoor_Setup/Day5/Device12/IQ_1.dat,223,17482977,10,10,1,test,diff_days_indoor,5,0,0,0,0,0,0.4041904807090759
data/raw/osu_lora/Diff_Days_Indoor_Setup/Day5/Device12/IQ_1.dat,224,17561376,10,10,1,test,diff_days_indoor,5,0,0,0,0,0,0.4985319674015045
data/raw/osu_lora/Diff_Days_Indoor_Setup/Day5/Device12/IQ_1.dat,225,17639775,10,10,1,test,diff_days_indoor,5,0,0,0,0,0,0.342512845993042
data/raw/osu_lora/Diff_Days_Indoor_Setup/Day5/Device12/IQ_1.dat,226,17718174,10,10,1,test,diff_days_indoor,5,0,0,0,0,0,0.4849923551082611
data/raw/osu_lora/Diff_Days_Indoor_Setup/Day5/Device12/IQ_1.dat,227,17796573,10,21,0,test,diff_days_indoor,5,0,0,0,0,0,0.4294060170650482
data/raw/osu_lora/Diff_Days_Indoor_Setup/Day5/Device12/IQ_1.dat,228,17874972,10,10,1,test,diff_days_indoor,5,0,0,0,0,0,0.46448805928230286
data/raw/osu_lora/Diff_Days_Indoor_Setup/Day5/Device12/IQ_1.dat,229,17953371,10,10,1,test,diff_days_indoor,5,0,0,0,0,0,0.5126388669013977
data/raw/osu_lora/Diff_Days_Indoor_Setup/Day5/Device12/IQ_1.dat,230,18031770,10,10,1,test,diff_days_indoor,5,0,0,0,0,0,0.5387216806411743
data/raw/osu_lora/Diff_Days_Indoor_Setup/Day5/Device12/IQ_1.dat,231,18110169,10,21,0,test,diff_days_indoor,5,0,0,0,0,0,0.36925095319747925
data/raw/osu_lora/Diff_Days_Indoor_Setup/Day5/Device12/IQ_1.dat,232,18188568,10,10,1,test,diff_days_indoor,5,0,0,0,0,0,0.5480614900588989
data/raw/osu_lora/Diff_Days_Indoor_Setup/Day5/Device12/IQ_1.dat,233,18266967,10,10,1,test,diff_days_indoor,5,0,0,0,0,0,0.5587769150733948
data/raw/osu_lora/Diff_Days_Indoor_Setup/Day5/Device12/IQ_1.dat,234,18345366,10,21,0,test,diff_days_indoor,5,0,0,0,0,0,0.24158522486686707
data/raw/osu_lora/Diff_Days_Indoor_Setup/Day5/Device12/IQ_1.dat,235,18423765,10,10,1,test,diff_days_indoor,5,0,0,0,0,0,0.42040330171585083
data/raw/osu_lora/Diff_Days_Indoor_Setup/Day5/Device12/IQ_1.dat,236,18502164,10,10,1,test,diff_days_indoor,5,0,0,0,0,0,0.5907800197601318
data/raw/osu_lora/Diff_Days_Indoor_Setup/Day5/Device12/IQ_1.dat,237,18580563,10,10,1,test,diff_days_indoor,5,0,0,0,0,0,0.5249421000480652
data/raw/osu_lora/Diff_Days_Indoor_Setup/Day5/Device12/IQ_1.dat,238,18658962,10,21,0,test,diff_days_indoor,5,0,0,0,0,0,0.26450207829475403
data/raw/osu_lora/Diff_Days_Indoor_Setup/Day5/Device12/IQ_1.dat,239,18737361,10,10,1,test,diff_days_indoor,5,0,0,0,0,0,0.5138738751411438
data/raw/osu_lora/Diff_Days_Indoor_Setup/Day5/Device12/IQ_1.dat,240,18815760,10,21,0,test,diff_days_indoor,5,0,0,0,0,0,0.22640253603458405
data/raw/osu_lora/Diff_Days_Indoor_Setup/Day5/Device12/IQ_1.dat,241,18894159,10,10,1,test,diff_days_indoor,5,0,0,0,0,0,0.37512436509132385
data/raw/osu_lora/Diff_Days_Indoor_Setup/Day5/Device12/IQ_1.dat,242,18972558,10,10,1,test,diff_days_indoor,5,0,0,0,0,0,0.4880809485912323
data/raw/osu_lora/Diff_Days_Indoor_Setup/Day5/Device12/IQ_1.dat,243,19050957,10,10,1,test,diff_days_indoor,5,0,0,0,0,0,0.37630555033683777
data/raw/osu_lora/Diff_Days_Indoor_Setup/Day5/Device12/IQ_1.dat,244,19129356,10,10,1,test,diff_days_indoor,5,0,0,0,0,0,0.5170570015907288
data/raw/osu_lora/Diff_Days_Indoor_Setup/Day5/Device12/IQ_1.dat,245,19207755,10,21,0,test,diff_days_indoor,5,0,0,0,0,0,0.2598406970500946
data/raw/osu_lora/Diff_Days_Indoor_Setup/Day5/Device12/IQ_1.dat,246,19286154,10,21,0,test,diff_days_indoor,5,0,0,0,0,0,0.2313624918460846
data/raw/osu_lora/Diff_Days_Indoor_Setup/Day5/Device12/IQ_1.dat,247,19364553,10,10,1,test,diff_days_indoor,5,0,0,0,0,0,0.34558531641960144
data/raw/osu_lora/Diff_Days_Indoor_Setup/Day5/Device12/IQ_1.dat,248,19442952,10,10,1,test,diff_days_indoor,5,0,0,0,0,0,0.5657572150230408
data/raw/osu_lora/Diff_Days_Indoor_Setup/Day5/Device12/IQ_1.dat,249,19521351,10,10,1,test,diff_days_indoor,5,0,0,0,0,0,0.4672373831272125
data/raw/osu_lora/Diff_Days_Indoor_Setup/Day5/Device12/IQ_1.dat,250,19599750,10,10,1,test,diff_days_indoor,5,0,0,0,0,0,0.27196910977363586
data/raw/osu_lora/Diff_Days_Indoor_Setup/Day5/Device12/IQ_1.dat,251,19678149,10,10,1,test,diff_days_indoor,5,0,0,0,0,0,0.4993801712989807
data/raw/osu_lora/Diff_Days_Indoor_Setup/Day5/Device12/IQ_1.dat,252,19756548,10,10,1,test,diff_days_indoor,5,0,0,0,0,0,0.32401376962661743
data/raw/osu_lora/Diff_Days_Indoor_Setup/Day5/Device12/IQ_1.dat,253,19834947,10,10,1,test,diff_days_indoor,5,0,0,0,0,0,0.3454437553882599
data/raw/osu_lora/Diff_Days_Indoor_Setup/Day5/Device12/IQ_1.dat,254,19913346,10,10,1,test,diff_days_indoor,5,0,0,0,0,0,0.5136375427246094
data/raw/osu_lora/Diff_Days_Indoor_Setup/Day5/Device12/IQ_1.dat,255,19991745,10,21,0,test,diff_days_indoor,5,0,0,0,0,0,0.24290984869003296
data/raw/osu_lora/Diff_Days_Indoor_Setup/Day5/Device13/IQ_1.dat,0,0,11,4,0,test,diff_days_indoor,5,0,0,0,0,0,0.9336250424385071
data/raw/osu_lora/Diff_Days_Indoor_Setup/Day5/Device13/IQ_1.dat,1,78399,11,4,0,test,diff_days_indoor,5,0,0,0,0,0,0.9595754742622375
data/raw/osu_lora/Diff_Days_Indoor_Setup/Day5/Device13/IQ_1.dat,2,156798,11,4,0,test,diff_days_indoor,5,0,0,0,0,0,0.7349445819854736
data/raw/osu_lora/Diff_Days_Indoor_Setup/Day5/Device13/IQ_1.dat,3,235197,11,11,1,test,diff_days_indoor,5,0,0,0,0,0,0.4996694028377533
data/raw/osu_lora/Diff_Days_Indoor_Setup/Day5/Device13/IQ_1.dat,4,313596,11,4,0,test,diff_days_indoor,5,0,0,0,0,0,0.929404616355896
data/raw/osu_lora/Diff_Days_Indoor_Setup/Day5/Device13/IQ_1.dat,5,391995,11,4,0,test,diff_days_indoor,5,0,0,0,0,0,0.9243798851966858
data/raw/osu_lora/Diff_Days_Indoor_Setup/Day5/Device13/IQ_1.dat,6,470394,11,4,0,test,diff_days_indoor,5,0,0,0,0,0,0.8104631304740906
data/raw/osu_lora/Diff_Days_Indoor_Setup/Day5/Device13/IQ_1.dat,7,548793,11,4,0,test,diff_days_indoor,5,0,0,0,0,0,0.9566076397895813
data/raw/osu_lora/Diff_Days_Indoor_Setup/Day5/Device13/IQ_1.dat,8,627192,11,4,0,test,diff_days_indoor,5,0,0,0,0,0,0.704892098903656
data/raw/osu_lora/Diff_Days_Indoor_Setup/Day5/Device13/IQ_1.dat,9,705591,11,4,0,test,diff_days_indoor,5,0,0,0,0,0,0.5488657355308533
data/raw/osu_lora/Diff_Days_Indoor_Setup/Day5/Device13/IQ_1.dat,10,783990,11,11,1,test,diff_days_indoor,5,0,0,0,0,0,0.8082745671272278
data/raw/osu_lora/Diff_Days_Indoor_Setup/Day5/Device13/IQ_1.dat,11,862389,11,4,0,test,diff_days_indoor,5,0,0,0,0,0,0.6495392918586731
data/raw/osu_lora/Diff_Days_Indoor_Setup/Day5/Device13/IQ_1.dat,12,940788,11,4,0,test,diff_days_indoor,5,0,0,0,0,0,0.9544705748558044
data/raw/osu_lora/Diff_Days_Indoor_Setup/Day5/Device13/IQ_1.dat,13,1019187,11,4,0,test,diff_days_indoor,5,0,0,0,0,0,0.8576629161834717
data/raw/osu_lora/Diff_Days_Indoor_Setup/Day5/Device13/IQ_1.dat,14,1097586,11,4,0,test,diff_days_indoor,5,0,0,0,0,0,0.4717150032520294
data/raw/osu_lora/Diff_Days_Indoor_Setup/Day5/Device13/IQ_1.dat,15,1175985,11,11,1,test,diff_days_indoor,5,0,0,0,0,0,0.49851781129837036
data/raw/osu_lora/Diff_Days_Indoor_Setup/Day5/Device13/IQ_1.dat,16,1254384,11,4,0,test,diff_days_indoor,5,0,0,0,0,0,0.6779186725616455
data/raw/osu_lora/Diff_Days_Indoor_Setup/Day5/Device13/IQ_1.dat,17,1332783,11,11,1,test,diff_days_indoor,5,0,0,0,0,0,0.650593101978302
data/raw/osu_lora/Diff_Days_Indoor_Setup/Day5/Device13/IQ_1.dat,18,1411182,11,4,0,test,diff_days_indoor,5,0,0,0,0,0,0.7617974877357483
data/raw/osu_lora/Diff_Days_Indoor_Setup/Day5/Device13/IQ_1.dat,19,1489581,11,4,0,test,diff_days_indoor,5,0,0,0,0,0,0.6709351539611816
data/raw/osu_lora/Diff_Days_Indoor_Setup/Day5/Device13/IQ_1.dat,20,1567980,11,4,0,test,diff_days_indoor,5,0,0,0,0,0,0.9101025462150574
data/raw/osu_lora/Diff_Days_Indoor_Setup/Day5/Device13/IQ_1.dat,21,1646379,11,4,0,test,diff_days_indoor,5,0,0,0,0,0,0.8144919276237488
data/raw/osu_lora/Diff_Days_Indoor_Setup/Day5/Device13/IQ_1.dat,22,1724778,11,4,0,test,diff_days_indoor,5,0,0,0,0,0,0.6976220607757568
data/raw/osu_lora/Diff_Days_Indoor_Setup/Day5/Device13/IQ_1.dat,23,1803177,11,4,0,test,diff_days_indoor,5,0,0,0,0,0,0.8973944187164307
data/raw/osu_lora/Diff_Days_Indoor_Setup/Day5/Device13/IQ_1.dat,24,1881576,11,4,0,test,diff_days_indoor,5,0,0,0,0,0,0.763002336025238
data/raw/osu_lora/Diff_Days_Indoor_Setup/Day5/Device13/IQ_1.dat,25,1959975,11,11,1,test,diff_days_indoor,5,0,0,0,0,0,0.6638587117195129
data/raw/osu_lora/Diff_Days_Indoor_Setup/Day5/Device13/IQ_1.dat,26,2038374,11,4,0,test,diff_days_indoor,5,0,0,0,0,0,0.785334587097168
data/raw/osu_lora/Diff_Days_Indoor_Setup/Day5/Device13/IQ_1.dat,27,2116773,11,4,0,test,diff_days_indoor,5,0,0,0,0,0,0.9419092535972595
data/raw/osu_lora/Diff_Days_Indoor_Setup/Day5/Device13/IQ_1.dat,28,2195172,11,11,1,test,diff_days_indoor,5,0,0,0,0,0,0.3819725513458252
data/raw/osu_lora/Diff_Days_Indoor_Setup/Day5/Device13/IQ_1.dat,29,2273571,11,4,0,test,diff_days_indoor,5,0,0,0,0,0,0.9183223843574524
data/raw/osu_lora/Diff_Days_Indoor_Setup/Day5/Device13/IQ_1.dat,30,2351970,11,4,0,test,diff_days_indoor,5,0,0,0,0,0,0.6477046608924866
data/raw/osu_lora/Diff_Days_Indoor_Setup/Day5/Device13/IQ_1.dat,31,2430369,11,4,0,test,diff_days_indoor,5,0,0,0,0,0,0.9653667211532593
data/raw/osu_lora/Diff_Days_Indoor_Setup/Day5/Device13/IQ_1.dat,32,2508768,11,4,0,test,diff_days_indoor,5,0,0,0,0,0,0.9119330048561096
data/raw/osu_lora/Diff_Days_Indoor_Setup/Day5/Device13/IQ_1.dat,33,2587167,11,4,0,test,diff_days_indoor,5,0,0,0,0,0,0.8003554344177246
data/raw/osu_lora/Diff_Days_Indoor_Setup/Day5/Device13/IQ_1.dat,34,2665566,11,4,0,test,diff_days_indoor,5,0,0,0,0,0,0.8394173979759216
data/raw/osu_lora/Diff_Days_Indoor_Setup/Day5/Device13/IQ_1.dat,35,2743965,11,4,0,test,diff_days_indoor,5,0,0,0,0,0,0.7176669239997864
data/raw/osu_lora/Diff_Days_Indoor_Setup/Day5/Device13/IQ_1.dat,36,2822364,11,11,1,test,diff_days_indoor,5,0,0,0,0,0,0.8229132294654846
data/raw/osu_lora/Diff_Days_Indoor_Setup/Day5/Device13/IQ_1.dat,37,2900763,11,4,0,test,diff_days_indoor,5,0,0,0,0,0,0.49542438983917236
data/raw/osu_lora/Diff_Days_Indoor_Setup/Day5/Device13/IQ_1.dat,38,2979162,11,4,0,test,diff_days_indoor,5,0,0,0,0,0,0.9035171270370483
data/raw/osu_lora/Diff_Days_Indoor_Setup/Day5/Device13/IQ_1.dat,39,3057561,11,4,0,test,diff_days_indoor,5,0,0,0,0,0,0.8458456993103027
data/raw/osu_lora/Diff_Days_Indoor_Setup/Day5/Device13/IQ_1.dat,40,3135960,11,4,0,test,diff_days_indoor,5,0,0,0,0,0,0.8563109040260315
data/raw/osu_lora/Diff_Days_Indoor_Setup/Day5/Device13/IQ_1.dat,41,3214359,11,4,0,test,diff_days_indoor,5,0,0,0,0,0,0.7833563089370728
data/raw/osu_lora/Diff_Days_Indoor_Setup/Day5/Device13/IQ_1.dat,42,3292758,11,4,0,test,diff_days_indoor,5,0,0,0,0,0,0.8880059123039246
data/raw/osu_lora/Diff_Days_Indoor_Setup/Day5/Device13/IQ_1.dat,43,3371157,11,4,0,test,diff_days_indoor,5,0,0,0,0,0,0.9335173964500427
data/raw/osu_lora/Diff_Days_Indoor_Setup/Day5/Device13/IQ_1.dat,44,3449556,11,4,0,test,diff_days_indoor,5,0,0,0,0,0,0.8708450198173523
data/raw/osu_lora/Diff_Days_Indoor_Setup/Day5/Device13/IQ_1.dat,45,3527955,11,4,0,test,diff_days_indoor,5,0,0,0,0,0,0.7757573127746582
data/raw/osu_lora/Diff_Days_Indoor_Setup/Day5/Device13/IQ_1.dat,46,3606354,11,4,0,test,diff_days_indoor,5,0,0,0,0,0,0.7827316522598267
data/raw/osu_lora/Diff_Days_Indoor_Setup/Day5/Device13/IQ_1.dat,47,3684753,11,4,0,test,diff_days_indoor,5,0,0,0,0,0,0.7945559620857239
data/raw/osu_lora/Diff_Days_Indoor_Setup/Day5/Device13/IQ_1.dat,48,3763152,11,4,0,test,diff_days_indoor,5,0,0,0,0,0,0.6338991522789001
data/raw/osu_lora/Diff_Days_Indoor_Setup/Day5/Device13/IQ_1.dat,49,3841551,11,4,0,test,diff_days_indoor,5,0,0,0,0,0,0.9743272662162781
data/raw/osu_lora/Diff_Days_Indoor_Setup/Day5/Device13/IQ_1.dat,50,3919950,11,4,0,test,diff_days_indoor,5,0,0,0,0,0,0.8468751907348633
data/raw/osu_lora/Diff_Days_Indoor_Setup/Day5/Device13/IQ_1.dat,51,3998349,11,4,0,test,diff_days_indoor,5,0,0,0,0,0,0.6701865792274475
data/raw/osu_lora/Diff_Days_Indoor_Setup/Day5/Device13/IQ_1.dat,52,4076748,11,4,0,test,diff_days_indoor,5,0,0,0,0,0,0.9225131869316101
data/raw/osu_lora/Diff_Days_Indoor_Setup/Day5/Device13/IQ_1.dat,53,4155147,11,4,0,test,diff_days_indoor,5,0,0,0,0,0,0.8650201559066772
data/raw/osu_lora/Diff_Days_Indoor_Setup/Day5/Device13/IQ_1.dat,54,4233546,11,4,0,test,diff_days_indoor,5,0,0,0,0,0,0.4411405026912689
data/raw/osu_lora/Diff_Days_Indoor_Setup/Day5/Device13/IQ_1.dat,55,4311945,11,4,0,test,diff_days_indoor,5,0,0,0,0,0,0.850645124912262
data/raw/osu_lora/Diff_Days_Indoor_Setup/Day5/Device13/IQ_1.dat,56,4390344,11,4,0,test,diff_days_indoor,5,0,0,0,0,0,0.8538275361061096
data/raw/osu_lora/Diff_Days_Indoor_Setup/Day5/Device13/IQ_1.dat,57,4468743,11,4,0,test,diff_days_indoor,5,0,0,0,0,0,0.6848915815353394
data/raw/osu_lora/Diff_Days_Indoor_Setup/Day5/Device13/IQ_1.dat,58,4547142,11,11,1,test,diff_days_indoor,5,0,0,0,0,0,0.7844178080558777
data/raw/osu_lora/Diff_Days_Indoor_Setup/Day5/Device13/IQ_1.dat,59,4625541,11,4,0,test,diff_days_indoor,5,0,0,0,0,0,0.7613906860351562
data/raw/osu_lora/Diff_Days_Indoor_Setup/Day5/Device13/IQ_1.dat,60,4703940,11,4,0,test,diff_days_indoor,5,0,0,0,0,0,0.9669665694236755
data/raw/osu_lora/Diff_Days_Indoor_Setup/Day5/Device13/IQ_1.dat,61,4782339,11,4,0,test,diff_days_indoor,5,0,0,0,0,0,0.8919026255607605
data/raw/osu_lora/Diff_Days_Indoor_Setup/Day5/Device13/IQ_1.dat,62,4860738,11,4,0,test,diff_days_indoor,5,0,0,0,0,0,0.8688568472862244
data/raw/osu_lora/Diff_Days_Indoor_Setup/Day5/Device13/IQ_1.dat,63,4939137,11,11,1,test,diff_days_indoor,5,0,0,0,0,0,0.516169011592865
data/raw/osu_lora/Diff_Days_Indoor_Setup/Day5/Device13/IQ_1.dat,64,5017536,11,4,0,test,diff_days_indoor,5,0,0,0,0,0,0.8398693203926086
data/raw/osu_lora/Diff_Days_Indoor_Setup/Day5/Device13/IQ_1.dat,65,5095935,11,4,0,test,diff_days_indoor,5,0,0,0,0,0,0.7867863774299622
data/raw/osu_lora/Diff_Days_Indoor_Setup/Day5/Device13/IQ_1.dat,66,5174334,11,4,0,test,diff_days_indoor,5,0,0,0,0,0,0.6171783804893494
data/raw/osu_lora/Diff_Days_Indoor_Setup/Day5/Device13/IQ_1.dat,67,5252733,11,4,0,test,diff_days_indoor,5,0,0,0,0,0,0.8016624450683594
data/raw/osu_lora/Diff_Days_Indoor_Setup/Day5/Device13/IQ_1.dat,68,5331132,11,11,1,test,diff_days_indoor,5,0,0,0,0,0,0.525752604007721
data/raw/osu_lora/Diff_Days_Indoor_Setup/Day5/Device13/IQ_1.dat,69,5409531,11,4,0,test,diff_days_indoor,5,0,0,0,0,0,0.8659489154815674
data/raw/osu_lora/Diff_Days_Indoor_Setup/Day5/Device13/IQ_1.dat,70,5487930,11,4,0,test,diff_days_indoor,5,0,0,0,0,0,0.9121243357658386
data/raw/osu_lora/Diff_Days_Indoor_Setup/Day5/Device13/IQ_1.dat,71,5566329,11,11,1,test,diff_days_indoor,5,0,0,0,0,0,0.5035597681999207
data/raw/osu_lora/Diff_Days_Indoor_Setup/Day5/Device13/IQ_1.dat,72,5644728,11,4,0,test,diff_days_indoor,5,0,0,0,0,0,0.8497026562690735
data/raw/osu_lora/Diff_Days_Indoor_Setup/Day5/Device13/IQ_1.dat,73,5723127,11,4,0,test,diff_days_indoor,5,0,0,0,0,0,0.8889098167419434
data/raw/osu_lora/Diff_Days_Indoor_Setup/Day5/Device13/IQ_1.dat,74,5801526,11,4,0,test,diff_days_indoor,5,0,0,0,0,0,0.7724148631095886
data/raw/osu_lora/Diff_Days_Indoor_Setup/Day5/Device13/IQ_1.dat,75,5879925,11,4,0,test,diff_days_indoor,5,0,0,0,0,0,0.8976114392280579
data/raw/osu_lora/Diff_Days_Indoor_Setup/Day5/Device13/IQ_1.dat,76,5958324,11,4,0,test,diff_days_indoor,5,0,0,0,0,0,0.8331252336502075
data/raw/osu_lora/Diff_Days_Indoor_Setup/Day5/Device13/IQ_1.dat,77,6036723,11,4,0,test,diff_days_indoor,5,0,0,0,0,0,0.7834030985832214
data/raw/osu_lora/Diff_Days_Indoor_Setup/Day5/Device13/IQ_1.dat,78,6115122,11,4,0,test,diff_days_indoor,5,0,0,0,0,0,0.7857978940010071
data/raw/osu_lora/Diff_Days_Indoor_Setup/Day5/Device13/IQ_1.dat,79,6193521,11,11,1,test,diff_days_indoor,5,0,0,0,0,0,0.5464560985565186
data/raw/osu_lora/Diff_Days_Indoor_Setup/Day5/Device13/IQ_1.dat,80,6271920,11,4,0,test,diff_days_indoor,5,0,0,0,0,0,0.7126369476318359
data/raw/osu_lora/Diff_Days_Indoor_Setup/Day5/Device13/IQ_1.dat,81,6350319,11,11,1,test,diff_days_indoor,5,0,0,0,0,0,0.8354039192199707
data/raw/osu_lora/Diff_Days_Indoor_Setup/Day5/Device13/IQ_1.dat,82,6428718,11,4,0,test,diff_days_indoor,5,0,0,0,0,0,0.555178165435791
data/raw/osu_lora/Diff_Days_Indoor_Setup/Day5/Device13/IQ_1.dat,83,6507117,11,4,0,test,diff_days_indoor,5,0,0,0,0,0,0.7957404851913452
data/raw/osu_lora/Diff_Days_Indoor_Setup/Day5/Device13/IQ_1.dat,84,6585516,11,4,0,test,diff_days_indoor,5,0,0,0,0,0,0.9035924673080444
data/raw/osu_lora/Diff_Days_Indoor_Setup/Day5/Device13/IQ_1.dat,85,6663915,11,4,0,test,diff_days_indoor,5,0,0,0,0,0,0.8421343564987183
data/raw/osu_lora/Diff_Days_Indoor_Setup/Day5/Device13/IQ_1.dat,86,6742314,11,4,0,test,diff_days_indoor,5,0,0,0,0,0,0.5900551676750183
data/raw/osu_lora/Diff_Days_Indoor_Setup/Day5/Device13/IQ_1.dat,87,6820713,11,4,0,test,diff_days_indoor,5,0,0,0,0,0,0.6854057312011719
data/raw/osu_lora/Diff_Days_Indoor_Setup/Day5/Device13/IQ_1.dat,88,6899112,11,4,0,test,diff_days_indoor,5,0,0,0,0,0,0.9674772024154663
data/raw/osu_lora/Diff_Days_Indoor_Setup/Day5/Device13/IQ_1.dat,89,6977511,11,11,1,test,diff_days_indoor,5,0,0,0,0,0,0.5052854418754578
data/raw/osu_lora/Diff_Days_Indoor_Setup/Day5/Device13/IQ_1.dat,90,7055910,11,11,1,test,diff_days_indoor,5,0,0,0,0,0,0.5078396201133728
data/raw/osu_lora/Diff_Days_Indoor_Setup/Day5/Device13/IQ_1.dat,91,7134309,11,11,1,test,diff_days_indoor,5,0,0,0,0,0,0.5341024398803711
data/raw/osu_lora/Diff_Days_Indoor_Setup/Day5/Device13/IQ_1.dat,92,7212708,11,4,0,test,diff_days_indoor,5,0,0,0,0,0,0.7225466370582581
data/raw/osu_lora/Diff_Days_Indoor_Setup/Day5/Device13/IQ_1.dat,93,7291107,11,4,0,test,diff_days_indoor,5,0,0,0,0,0,0.8207575678825378
data/raw/osu_lora/Diff_Days_Indoor_Setup/Day5/Device13/IQ_1.dat,94,7369506,11,4,0,test,diff_days_indoor,5,0,0,0,0,0,0.7763230204582214
data/raw/osu_lora/Diff_Days_Indoor_Setup/Day5/Device13/IQ_1.dat,95,7447905,11,4,0,test,diff_days_indoor,5,0,0,0,0,0,0.9419358968734741
data/raw/osu_lora/Diff_Days_Indoor_Setup/Day5/Device13/IQ_1.dat,96,7526304,11,4,0,test,diff_days_indoor,5,0,0,0,0,0,0.8047662377357483
data/raw/osu_lora/Diff_Days_Indoor_Setup/Day5/Device13/IQ_1.dat,97,7604703,11,4,0,test,diff_days_indoor,5,0,0,0,0,0,0.9533326029777527
data/raw/osu_lora/Diff_Days_Indoor_Setup/Day5/Device13/IQ_1.dat,98,7683102,11,4,0,test,diff_days_indoor,5,0,0,0,0,0,0.9181344509124756
data/raw/osu_lora/Diff_Days_Indoor_Setup/Day5/Device13/IQ_1.dat,99,7761501,11,4,0,test,diff_days_indoor,5,0,0,0,0,0,0.9647819399833679
data/raw/osu_lora/Diff_Days_Indoor_Setup/Day5/Device13/IQ_1.dat,100,7839900,11,4,0,test,diff_days_indoor,5,0,0,0,0,0,0.730534017086029
data/raw/osu_lora/Diff_Days_Indoor_Setup/Day5/Device13/IQ_1.dat,101,7918299,11,8,0,test,diff_days_indoor,5,0,0,0,0,0,0.10941658169031143
data/raw/osu_lora/Diff_Days_Indoor_Setup/Day5/Device13/IQ_1.dat,102,7996698,11,4,0,test,diff_days_indoor,5,0,0,0,0,0,0.8533836007118225
data/raw/osu_lora/Diff_Days_Indoor_Setup/Day5/Device13/IQ_1.dat,103,8075097,11,11,1,test,diff_days_indoor,5,0,0,0,0,0,0.490090936422348
data/raw/osu_lora/Diff_Days_Indoor_Setup/Day5/Device13/IQ_1.dat,104,8153496,11,4,0,test,diff_days_indoor,5,0,0,0,0,0,0.9585750102996826
data/raw/osu_lora/Diff_Days_Indoor_Setup/Day5/Device13/IQ_1.dat,105,8231895,11,4,0,test,diff_days_indoor,5,0,0,0,0,0,0.7927038669586182
data/raw/osu_lora/Diff_Days_Indoor_Setup/Day5/Device13/IQ_1.dat,106,8310294,11,4,0,test,diff_days_indoor,5,0,0,0,0,0,0.9619302749633789
data/raw/osu_lora/Diff_Days_Indoor_Setup/Day5/Device13/IQ_1.dat,107,8388693,11,4,0,test,diff_days_indoor,5,0,0,0,0,0,0.8776015639305115
data/raw/osu_lora/Diff_Days_Indoor_Setup/Day5/Device13/IQ_1.dat,108,8467092,11,4,0,test,diff_days_indoor,5,0,0,0,0,0,0.6825656890869141
data/raw/osu_lora/Diff_Days_Indoor_Setup/Day5/Device13/IQ_1.dat,109,8545491,11,4,0,test,diff_days_indoor,5,0,0,0,0,0,0.8389930129051208
data/raw/osu_lora/Diff_Days_Indoor_Setup/Day5/Device13/IQ_1.dat,110,8623890,11,11,1,test,diff_days_indoor,5,0,0,0,0,0,0.5629673600196838
data/raw/osu_lora/Diff_Days_Indoor_Setup/Day5/Device13/IQ_1.dat,111,8702289,11,4,0,test,diff_days_indoor,5,0,0,0,0,0,0.9036137461662292
data/raw/osu_lora/Diff_Days_Indoor_Setup/Day5/Device13/IQ_1.dat,112,8780688,11,4,0,test,diff_days_indoor,5,0,0,0,0,0,0.6869149208068848
data/raw/osu_lora/Diff_Days_Indoor_Setup/Day5/Device13/IQ_1.dat,113,8859087,11,4,0,test,diff_days_indoor,5,0,0,0,0,0,0.8358490467071533
data/raw/osu_lora/Diff_Days_Indoor_Setup/Day5/Device13/IQ_1.dat,114,8937486,11,4,0,test,diff_days_indoor,5,0,0,0,0,0,0.9079670906066895
data/raw/osu_lora/Diff_Days_Indoor_Setup/Day5/Device13/IQ_1.dat,115,9015885,11,4,0,test,diff_days_indoor,5,0,0,0,0,0,0.692037045955658
data/raw/osu_lora/Diff_Days_Indoor_Setup/Day5/Device13/IQ_1.dat,116,9094284,11,4,0,test,diff_days_indoor,5,0,0,0,0,0,0.5632380247116089
data/raw/osu_lora/Diff_Days_Indoor_Setup/Day5/Device13/IQ_1.dat,117,9172683,11,4,0,test,diff_days_indoor,5,0,0,0,0,0,0.9854169487953186
data/raw/osu_lora/Diff_Days_Indoor_Setup/Day5/Device13/IQ_1.dat,118,9251082,11,4,0,test,diff_days_indoor,5,0,0,0,0,0,0.8992205262184143
data/raw/osu_lora/Diff_Days_Indoor_Setup/Day5/Device13/IQ_1.dat,119,9329481,11,4,0,test,diff_days_indoor,5,0,0,0,0,0,0.9531370997428894
data/raw/osu_lora/Diff_Days_Indoor_Setup/Day5/Device13/IQ_1.dat,120,9407880,11,4,0,test,diff_days_indoor,5,0,0,0,0,0,0.7257166504859924
data/raw/osu_lora/Diff_Days_Indoor_Setup/Day5/Device13/IQ_1.dat,121,9486279,11,4,0,test,diff_days_indoor,5,0,0,0,0,0,0.6594788432121277
data/raw/osu_lora/Diff_Days_Indoor_Setup/Day5/Device13/IQ_1.dat,122,9564678,11,4,0,test,diff_days_indoor,5,0,0,0,0,0,0.7712065577507019
data/raw/osu_lora/Diff_Days_Indoor_Setup/Day5/Device13/IQ_1.dat,123,9643077,11,4,0,test,diff_days_indoor,5,0,0,0,0,0,0.9164793491363525
data/raw/osu_lora/Diff_Days_Indoor_Setup/Day5/Device13/IQ_1.dat,124,9721476,11,4,0,test,diff_days_indoor,5,0,0,0,0,0,0.5943163633346558
data/raw/osu_lora/Diff_Days_Indoor_Setup/Day5/Device13/IQ_1.dat,125,9799875,11,4,0,test,diff_days_indoor,5,0,0,0,0,0,0.9393959641456604
data/raw/osu_lora/Diff_Days_Indoor_Setup/Day5/Device13/IQ_1.dat,126,9878274,11,4,0,test,diff_days_indoor,5,0,0,0,0,0,0.8414091467857361
data/raw/osu_lora/Diff_Days_Indoor_Setup/Day5/Device13/IQ_1.dat,127,9956673,11,4,0,test,diff_days_indoor,5,0,0,0,0,0,0.829744815826416
data/raw/osu_lora/Diff_Days_Indoor_Setup/Day5/Device13/IQ_1.dat,128,10035072,11,4,0,test,diff_days_indoor,5,0,0,0,0,0,0.8168551325798035
data/raw/osu_lora/Diff_Days_Indoor_Setup/Day5/Device13/IQ_1.dat,129,10113471,11,4,0,test,diff_days_indoor,5,0,0,0,0,0,0.5305089354515076
data/raw/osu_lora/Diff_Days_Indoor_Setup/Day5/Device13/IQ_1.dat,130,10191870,11,11,1,test,diff_days_indoor,5,0,0,0,0,0,0.5508658289909363
data/raw/osu_lora/Diff_Days_Indoor_Setup/Day5/Device13/IQ_1.dat,131,10270269,11,4,0,test,diff_days_indoor,5,0,0,0,0,0,0.8834733963012695
data/raw/osu_lora/Diff_Days_Indoor_Setup/Day5/Device13/IQ_1.dat,132,10348668,11,4,0,test,diff_days_indoor,5,0,0,0,0,0,0.5984095335006714
data/raw/osu_lora/Diff_Days_Indoor_Setup/Day5/Device13/IQ_1.dat,133,10427067,11,4,0,test,diff_days_indoor,5,0,0,0,0,0,0.799003005027771
data/raw/osu_lora/Diff_Days_Indoor_Setup/Day5/Device13/IQ_1.dat,134,10505466,11,11,1,test,diff_days_indoor,5,0,0,0,0,0,0.7832822799682617
data/raw/osu_lora/Diff_Days_Indoor_Setup/Day5/Device13/IQ_1.dat,135,10583865,11,11,1,test,diff_days_indoor,5,0,0,0,0,0,0.5875536799430847
data/raw/osu_lora/Diff_Days_Indoor_Setup/Day5/Device13/IQ_1.dat,136,10662264,11,4,0,test,diff_days_indoor,5,0,0,0,0,0,0.9734695553779602
data/raw/osu_lora/Diff_Days_Indoor_Setup/Day5/Device13/IQ_1.dat,137,10740663,11,4,0,test,diff_days_indoor,5,0,0,0,0,0,0.6505077481269836
data/raw/osu_lora/Diff_Days_Indoor_Setup/Day5/Device13/IQ_1.dat,138,10819062,11,11,1,test,diff_days_indoor,5,0,0,0,0,0,0.6921098232269287
data/raw/osu_lora/Diff_Days_Indoor_Setup/Day5/Device13/IQ_1.dat,139,10897461,11,4,0,test,diff_days_indoor,5,0,0,0,0,0,0.9865756630897522
data/raw/osu_lora/Diff_Days_Indoor_Setup/Day5/Device13/IQ_1.dat,140,10975860,11,4,0,test,diff_days_indoor,5,0,0,0,0,0,0.6770484447479248
data/raw/osu_lora/Diff_Days_Indoor_Setup/Day5/Device13/IQ_1.dat,141,11054259,11,4,0,test,diff_days_indoor,5,0,0,0,0,0,0.9067065715789795
data/raw/osu_lora/Diff_Days_Indoor_Setup/Day5/Device13/IQ_1.dat,142,11132658,11,11,1,test,diff_days_indoor,5,0,0,0,0,0,0.5937336683273315
data/raw/osu_lora/Diff_Days_Indoor_Setup/Day5/Device13/IQ_1.dat,143,11211057,11,4,0,test,diff_days_indoor,5,0,0,0,0,0,0.813450813293457
data/raw/osu_lora/Diff_Days_Indoor_Setup/Day5/Device13/IQ_1.dat,144,11289456,11,11,1,test,diff_days_indoor,5,0,0,0,0,0,0.6547062397003174
data/raw/osu_lora/Diff_Days_Indoor_Setup/Day5/Device13/IQ_1.dat,145,11367855,11,4,0,test,diff_days_indoor,5,0,0,0,0,0,0.6878616213798523
data/raw/osu_lora/Diff_Days_Indoor_Setup/Day5/Device13/IQ_1.dat,146,11446254,11,4,0,test,diff_days_indoor,5,0,0,0,0,0,0.9219420552253723
data/raw/osu_lora/Diff_Days_Indoor_Setup/Day5/Device13/IQ_1.dat,147,11524653,11,4,0,test,diff_days_indoor,5,0,0,0,0,0,0.8780039548873901
data/raw/osu_lora/Diff_Days_Indoor_Setup/Day5/Device13/IQ_1.dat,148,11603052,11,11,1,test,diff_days_indoor,5,0,0,0,0,0,0.6138573288917542
data/raw/osu_lora/Diff_Days_Indoor_Setup/Day5/Device13/IQ_1.dat,149,11681451,11,4,0,test,diff_days_indoor,5,0,0,0,0,0,0.9821200966835022
data/raw/osu_lora/Diff_Days_Indoor_Setup/Day5/Device13/IQ_1.dat,150,11759850,11,4,0,test,diff_days_indoor,5,0,0,0,0,0,0.976184606552124
data/raw/osu_lora/Diff_Days_Indoor_Setup/Day5/Device13/IQ_1.dat,151,11838249,11,4,0,test,diff_days_indoor,5,0,0,0,0,0,0.8559940457344055
data/raw/osu_lora/Diff_Days_Indoor_Setup/Day5/Device13/IQ_1.dat,152,11916648,11,4,0,test,diff_days_indoor,5,0,0,0,0,0,0.9534416794776917
data/raw/osu_lora/Diff_Days_Indoor_Setup/Day5/Device13/IQ_1.dat,153,11995047,11,4,0,test,diff_days_indoor,5,0,0,0,0,0,0.7145990133285522
data/raw/osu_lora/Diff_Days_Indoor_Setup/Day5/Device13/IQ_1.dat,154,12073446,11,11,1,test,diff_days_indoor,5,0,0,0,0,0,0.7937107086181641
data/raw/osu_lora/Diff_Days_Indoor_Setup/Day5/Device13/IQ_1.dat,155,12151845,11,4,0,test,diff_days_indoor,5,0,0,0,0,0,0.5980799794197083
data/raw/osu_lora/Diff_Days_Indoor_Setup/Day5/Device13/IQ_1.dat,156,12230244,11,11,1,test,diff_days_indoor,5,0,0,0,0,0,0.7887123227119446
data/raw/osu_lora/Diff_Days_Indoor_Setup/Day5/Device13/IQ_1.dat,157,12308643,11,4,0,test,diff_days_indoor,5,0,0,0,0,0,0.894181489944458
data/raw/osu_lora/Diff_Days_Indoor_Setup/Day5/Device13/IQ_1.dat,158,12387042,11,4,0,test,diff_days_indoor,5,0,0,0,0,0,0.8635358214378357
data/raw/osu_lora/Diff_Days_Indoor_Setup/Day5/Device13/IQ_1.dat,159,12465441,11,4,0,test,diff_days_indoor,5,0,0,0,0,0,0.54061359167099
data/raw/osu_lora/Diff_Days_Indoor_Setup/Day5/Device13/IQ_1.dat,160,12543840,11,4,0,test,diff_days_indoor,5,0,0,0,0,0,0.834413468837738
data/raw/osu_lora/Diff_Days_Indoor_Setup/Day5/Device13/IQ_1.dat,161,12622239,11,4,0,test,diff_days_indoor,5,0,0,0,0,0,0.7047106027603149
data/raw/osu_lora/Diff_Days_Indoor_Setup/Day5/Device13/IQ_1.dat,162,12700638,11,4,0,test,diff_days_indoor,5,0,0,0,0,0,0.8345548510551453
data/raw/osu_lora/Diff_Days_Indoor_Setup/Day5/Device13/IQ_1.dat,163,12779037,11,4,0,test,diff_days_indoor,5,0,0,0,0,0,0.709814190864563
data/raw/osu_lora/Diff_Days_Indoor_Setup/Day5/Device13/IQ_1.dat,164,12857436,11,4,0,test,diff_days_indoor,5,0,0,0,0,0,0.8831809163093567
data/raw/osu_lora/Diff_Days_Indoor_Setup/Day5/Device13/IQ_1.dat,165,12935835,11,4,0,test,diff_days_indoor,5,0,0,0,0,0,0.5543580651283264
data/raw/osu_lora/Diff_Days_Indoor_Setup/Day5/Device13/IQ_1.dat,166,13014234,11,4,0,test,diff_days_indoor,5,0,0,0,0,0,0.6852025389671326
data/raw/osu_lora/Diff_Days_Indoor_Setup/Day5/Device13/IQ_1.dat,167,13092633,11,4,0,test,diff_days_indoor,5,0,0,0,0,0,0.7630852460861206
data/raw/osu_lora/Diff_Days_Indoor_Setup/Day5/Device13/IQ_1.dat,168,13171032,11,4,0,test,diff_days_indoor,5,0,0,0,0,0,0.8482159376144409
data/raw/osu_lora/Diff_Days_Indoor_Setup/Day5/Device13/IQ_1.dat,169,13249431,11,4,0,test,diff_days_indoor,5,0,0,0,0,0,0.7125269174575806
data/raw/osu_lora/Diff_Days_Indoor_Setup/Day5/Device13/IQ_1.dat,170,13327830,11,4,0,test,diff_days_indoor,5,0,0,0,0,0,0.650814950466156
data/raw/osu_lora/Diff_Days_Indoor_Setup/Day5/Device13/IQ_1.dat,171,13406229,11,4,0,test,diff_days_indoor,5,0,0,0,0,0,0.7658581733703613
data/raw/osu_lora/Diff_Days_Indoor_Setup/Day5/Device13/IQ_1.dat,172,13484628,11,4,0,test,diff_days_indoor,5,0,0,0,0,0,0.9044336676597595
data/raw/osu_lora/Diff_Days_Indoor_Setup/Day5/Device13/IQ_1.dat,173,13563027,11,4,0,test,diff_days_indoor,5,0,0,0,0,0,0.7423549294471741
data/raw/osu_lora/Diff_Days_Indoor_Setup/Day5/Device13/IQ_1.dat,174,13641426,11,11,1,test,diff_days_indoor,5,0,0,0,0,0,0.35273125767707825
data/raw/osu_lora/Diff_Days_Indoor_Setup/Day5/Device13/IQ_1.dat,175,13719825,11,4,0,test,diff_days_indoor,5,0,0,0,0,0,0.8482587337493896
data/raw/osu_lora/Diff_Days_Indoor_Setup/Day5/Device13/IQ_1.dat,176,13798224,11,4,0,test,diff_days_indoor,5,0,0,0,0,0,0.7624383568763733
data/raw/osu_lora/Diff_Days_Indoor_Setup/Day5/Device13/IQ_1.dat,177,13876623,11,4,0,test,diff_days_indoor,5,0,0,0,0,0,0.7360697388648987
data/raw/osu_lora/Diff_Days_Indoor_Setup/Day5/Device13/IQ_1.dat,178,13955022,11,4,0,test,diff_days_indoor,5,0,0,0,0,0,0.8999349474906921
data/raw/osu_lora/Diff_Days_Indoor_Setup/Day5/Device13/IQ_1.dat,179,14033421,11,4,0,test,diff_days_indoor,5,0,0,0,0,0,0.7801614999771118
data/raw/osu_lora/Diff_Days_Indoor_Setup/Day5/Device13/IQ_1.dat,180,14111820,11,4,0,test,diff_days_indoor,5,0,0,0,0,0,0.9052154421806335
data/raw/osu_lora/Diff_Days_Indoor_Setup/Day5/Device13/IQ_1.dat,181,14190219,11,4,0,test,diff_days_indoor,5,0,0,0,0,0,0.5604451894760132
data/raw/osu_lora/Diff_Days_Indoor_Setup/Day5/Device13/IQ_1.dat,182,14268618,11,4,0,test,diff_days_indoor,5,0,0,0,0,0,0.7593744397163391
data/raw/osu_lora/Diff_Days_Indoor_Setup/Day5/Device13/IQ_1.dat,183,14347017,11,4,0,test,diff_days_indoor,5,0,0,0,0,0,0.9396502375602722
data/raw/osu_lora/Diff_Days_Indoor_Setup/Day5/Device13/IQ_1.dat,184,14425416,11,4,0,test,diff_days_indoor,5,0,0,0,0,0,0.9701636433601379
data/raw/osu_lora/Diff_Days_Indoor_Setup/Day5/Device13/IQ_1.dat,185,14503815,11,11,1,test,diff_days_indoor,5,0,0,0,0,0,0.7305179238319397
data/raw/osu_lora/Diff_Days_Indoor_Setup/Day5/Device13/IQ_1.dat,186,14582214,11,4,0,test,diff_days_indoor,5,0,0,0,0,0,0.9368739128112793
data/raw/osu_lora/Diff_Days_Indoor_Setup/Day5/Device13/IQ_1.dat,187,14660613,11,4,0,test,diff_days_indoor,5,0,0,0,0,0,0.6446210741996765
data/raw/osu_lora/Diff_Days_Indoor_Setup/Day5/Device13/IQ_1.dat,188,14739012,11,4,0,test,diff_days_indoor,5,0,0,0,0,0,0.7881434559822083
data/raw/osu_lora/Diff_Days_Indoor_Setup/Day5/Device13/IQ_1.dat,189,14817411,11,4,0,test,diff_days_indoor,5,0,0,0,0,0,0.9125261306762695
data/raw/osu_lora/Diff_Days_Indoor_Setup/Day5/Device13/IQ_1.dat,190,14895810,11,4,0,test,diff_days_indoor,5,0,0,0,0,0,0.7988528609275818
data/raw/osu_lora/Diff_Days_Indoor_Setup/Day5/Device13/IQ_1.dat,191,14974209,11,4,0,test,diff_days_indoor,5,0,0,0,0,0,0.7036839127540588
data/raw/osu_lora/Diff_Days_Indoor_Setup/Day5/Device13/IQ_1.dat,192,15052608,11,4,0,test,diff_days_indoor,5,0,0,0,0,0,0.9161956906318665
data/raw/osu_lora/Diff_Days_Indoor_Setup/Day5/Device13/IQ_1.dat,193,15131007,11,4,0,test,diff_days_indoor,5,0,0,0,0,0,0.9094208478927612
data/raw/osu_lora/Diff_Days_Indoor_Setup/Day5/Device13/IQ_1.dat,194,15209406,11,4,0,test,diff_days_indoor,5,0,0,0,0,0,0.6068634390830994
data/raw/osu_lora/Diff_Days_Indoor_Setup/Day5/Device13/IQ_1.dat,195,15287805,11,4,0,test,diff_days_indoor,5,0,0,0,0,0,0.4628233313560486
data/raw/osu_lora/Diff_Days_Indoor_Setup/Day5/Device13/IQ_1.dat,196,15366204,11,4,0,test,diff_days_indoor,5,0,0,0,0,0,0.661873996257782
data/raw/osu_lora/Diff_Days_Indoor_Setup/Day5/Device13/IQ_1.dat,197,15444603,11,4,0,test,diff_days_indoor,5,0,0,0,0,0,0.815649151802063
data/raw/osu_lora/Diff_Days_Indoor_Setup/Day5/Device13/IQ_1.dat,198,15523002,11,4,0,test,diff_days_indoor,5,0,0,0,0,0,0.8412405848503113
data/raw/osu_lora/Diff_Days_Indoor_Setup/Day5/Device13/IQ_1.dat,199,15601401,11,4,0,test,diff_days_indoor,5,0,0,0,0,0,0.7595305442810059
data/raw/osu_lora/Diff_Days_Indoor_Setup/Day5/Device13/IQ_1.dat,200,15679800,11,4,0,test,diff_days_indoor,5,0,0,0,0,0,0.8340402841567993
data/raw/osu_lora/Diff_Days_Indoor_Setup/Day5/Device13/IQ_1.dat,201,15758199,11,4,0,test,diff_days_indoor,5,0,0,0,0,0,0.8076279759407043
data/raw/osu_lora/Diff_Days_Indoor_Setup/Day5/Device13/IQ_1.dat,202,15836598,11,4,0,test,diff_days_indoor,5,0,0,0,0,0,0.8402252197265625
data/raw/osu_lora/Diff_Days_Indoor_Setup/Day5/Device13/IQ_1.dat,203,15914997,11,4,0,test,diff_days_indoor,5,0,0,0,0,0,0.9085947275161743
data/raw/osu_lora/Diff_Days_Indoor_Setup/Day5/Device13/IQ_1.dat,204,15993396,11,4,0,test,diff_days_indoor,5,0,0,0,0,0,0.8468371033668518
data/raw/osu_lora/Diff_Days_Indoor_Setup/Day5/Device13/IQ_1.dat,205,16071795,11,11,1,test,diff_days_indoor,5,0,0,0,0,0,0.5422863364219666
data/raw/osu_lora/Diff_Days_Indoor_Setup/Day5/Device13/IQ_1.dat,206,16150194,11,4,0,test,diff_days_indoor,5,0,0,0,0,0,0.7776058912277222
data/raw/osu_lora/Diff_Days_Indoor_Setup/Day5/Device13/IQ_1.dat,207,16228593,11,4,0,test,diff_days_indoor,5,0,0,0,0,0,0.7760724425315857
data/raw/osu_lora/Diff_Days_Indoor_Setup/Day5/Device13/IQ_1.dat,208,16306992,11,4,0,test,diff_days_indoor,5,0,0,0,0,0,0.6033084392547607
data/raw/osu_lora/Diff_Days_Indoor_Setup/Day5/Device13/IQ_1.dat,209,16385391,11,4,0,test,diff_days_indoor,5,0,0,0,0,0,0.8987952470779419
data/raw/osu_lora/Diff_Days_Indoor_Setup/Day5/Device13/IQ_1.dat,210,16463790,11,4,0,test,diff_days_indoor,5,0,0,0,0,0,0.7199187278747559
data/raw/osu_lora/Diff_Days_Indoor_Setup/Day5/Device13/IQ_1.dat,211,16542189,11,4,0,test,diff_days_indoor,5,0,0,0,0,0,0.7808763384819031
data/raw/osu_lora/Diff_Days_Indoor_Setup/Day5/Device13/IQ_1.dat,212,16620588,11,4,0,test,diff_days_indoor,5,0,0,0,0,0,0.8115915060043335
data/raw/osu_lora/Diff_Days_Indoor_Setup/Day5/Device13/IQ_1.dat,213,16698987,11,4,0,test,diff_days_indoor,5,0,0,0,0,0,0.7928633689880371
data/raw/osu_lora/Diff_Days_Indoor_Setup/Day5/Device13/IQ_1.dat,214,16777386,11,4,0,test,diff_days_indoor,5,0,0,0,0,0,0.749297559261322
data/raw/osu_lora/Diff_Days_Indoor_Setup/Day5/Device13/IQ_1.dat,215,16855785,11,4,0,test,diff_days_indoor,5,0,0,0,0,0,0.801149845123291
data/raw/osu_lora/Diff_Days_Indoor_Setup/Day5/Device13/IQ_1.dat,216,16934184,11,4,0,test,diff_days_indoor,5,0,0,0,0,0,0.9064471125602722
data/raw/osu_lora/Diff_Days_Indoor_Setup/Day5/Device13/IQ_1.dat,217,17012583,11,4,0,test,diff_days_indoor,5,0,0,0,0,0,0.693450927734375
data/raw/osu_lora/Diff_Days_Indoor_Setup/Day5/Device13/IQ_1.dat,218,17090982,11,4,0,test,diff_days_indoor,5,0,0,0,0,0,0.6913395524024963
data/raw/osu_lora/Diff_Days_Indoor_Setup/Day5/Device13/IQ_1.dat,219,17169381,11,4,0,test,diff_days_indoor,5,0,0,0,0,0,0.7574850916862488
data/raw/osu_lora/Diff_Days_Indoor_Setup/Day5/Device13/IQ_1.dat,220,17247780,11,4,0,test,diff_days_indoor,5,0,0,0,0,0,0.8941806554794312
data/raw/osu_lora/Diff_Days_Indoor_Setup/Day5/Device13/IQ_1.dat,221,17326179,11,8,0,test,diff_days_indoor,5,0,0,0,0,0,0.0915321633219719
data/raw/osu_lora/Diff_Days_Indoor_Setup/Day5/Device13/IQ_1.dat,222,17404578,11,4,0,test,diff_days_indoor,5,0,0,0,0,0,0.9513885378837585
data/raw/osu_lora/Diff_Days_Indoor_Setup/Day5/Device13/IQ_1.dat,223,17482977,11,4,0,test,diff_days_indoor,5,0,0,0,0,0,0.9206955432891846
data/raw/osu_lora/Diff_Days_Indoor_Setup/Day5/Device13/IQ_1.dat,224,17561376,11,4,0,test,diff_days_indoor,5,0,0,0,0,0,0.9716265797615051
data/raw/osu_lora/Diff_Days_Indoor_Setup/Day5/Device13/IQ_1.dat,225,17639775,11,4,0,test,diff_days_indoor,5,0,0,0,0,0,0.8711159825325012
data/raw/osu_lora/Diff_Days_Indoor_Setup/Day5/Device13/IQ_1.dat,226,17718174,11,4,0,test,diff_days_indoor,5,0,0,0,0,0,0.8793696761131287
data/raw/osu_lora/Diff_Days_Indoor_Setup/Day5/Device13/IQ_1.dat,227,17796573,11,4,0,test,diff_days_indoor,5,0,0,0,0,0,0.8387370109558105
data/raw/osu_lora/Diff_Days_Indoor_Setup/Day5/Device13/IQ_1.dat,228,17874972,11,11,1,test,diff_days_indoor,5,0,0,0,0,0,0.6169649958610535
data/raw/osu_lora/Diff_Days_Indoor_Setup/Day5/Device13/IQ_1.dat,229,17953371,11,4,0,test,diff_days_indoor,5,0,0,0,0,0,0.7846139073371887
data/raw/osu_lora/Diff_Days_Indoor_Setup/Day5/Device13/IQ_1.dat,230,18031770,11,11,1,test,diff_days_indoor,5,0,0,0,0,0,0.5884882211685181
data/raw/osu_lora/Diff_Days_Indoor_Setup/Day5/Device13/IQ_1.dat,231,18110169,11,4,0,test,diff_days_indoor,5,0,0,0,0,0,0.9062758684158325
data/raw/osu_lora/Diff_Days_Indoor_Setup/Day5/Device13/IQ_1.dat,232,18188568,11,4,0,test,diff_days_indoor,5,0,0,0,0,0,0.9001961946487427
data/raw/osu_lora/Diff_Days_Indoor_Setup/Day5/Device13/IQ_1.dat,233,18266967,11,4,0,test,diff_days_indoor,5,0,0,0,0,0,0.8179066777229309
data/raw/osu_lora/Diff_Days_Indoor_Setup/Day5/Device13/IQ_1.dat,234,18345366,11,4,0,test,diff_days_indoor,5,0,0,0,0,0,0.9324702620506287
data/raw/osu_lora/Diff_Days_Indoor_Setup/Day5/Device13/IQ_1.dat,235,18423765,11,4,0,test,diff_days_indoor,5,0,0,0,0,0,0.9639833569526672
data/raw/osu_lora/Diff_Days_Indoor_Setup/Day5/Device13/IQ_1.dat,236,18502164,11,4,0,test,diff_days_indoor,5,0,0,0,0,0,0.7138059139251709
data/raw/osu_lora/Diff_Days_Indoor_Setup/Day5/Device13/IQ_1.dat,237,18580563,11,4,0,test,diff_days_indoor,5,0,0,0,0,0,0.8986226320266724
data/raw/osu_lora/Diff_Days_Indoor_Setup/Day5/Device13/IQ_1.dat,238,18658962,11,4,0,test,diff_days_indoor,5,0,0,0,0,0,0.7261659502983093
data/raw/osu_lora/Diff_Days_Indoor_Setup/Day5/Device13/IQ_1.dat,239,18737361,11,4,0,test,diff_days_indoor,5,0,0,0,0,0,0.6386816501617432
data/raw/osu_lora/Diff_Days_Indoor_Setup/Day5/Device13/IQ_1.dat,240,18815760,11,4,0,test,diff_days_indoor,5,0,0,0,0,0,0.8684921860694885
data/raw/osu_lora/Diff_Days_Indoor_Setup/Day5/Device13/IQ_1.dat,241,18894159,11,11,1,test,diff_days_indoor,5,0,0,0,0,0,0.5183576345443726
data/raw/osu_lora/Diff_Days_Indoor_Setup/Day5/Device13/IQ_1.dat,242,18972558,11,4,0,test,diff_days_indoor,5,0,0,0,0,0,0.9007169008255005
data/raw/osu_lora/Diff_Days_Indoor_Setup/Day5/Device13/IQ_1.dat,243,19050957,11,4,0,test,diff_days_indoor,5,0,0,0,0,0,0.8204827308654785
data/raw/osu_lora/Diff_Days_Indoor_Setup/Day5/Device13/IQ_1.dat,244,19129356,11,4,0,test,diff_days_indoor,5,0,0,0,0,0,0.6291733980178833
data/raw/osu_lora/Diff_Days_Indoor_Setup/Day5/Device13/IQ_1.dat,245,19207755,11,4,0,test,diff_days_indoor,5,0,0,0,0,0,0.8665357232093811
data/raw/osu_lora/Diff_Days_Indoor_Setup/Day5/Device13/IQ_1.dat,246,19286154,11,4,0,test,diff_days_indoor,5,0,0,0,0,0,0.9425669312477112
data/raw/osu_lora/Diff_Days_Indoor_Setup/Day5/Device13/IQ_1.dat,247,19364553,11,4,0,test,diff_days_indoor,5,0,0,0,0,0,0.8124364018440247
data/raw/osu_lora/Diff_Days_Indoor_Setup/Day5/Device13/IQ_1.dat,248,19442952,11,11,1,test,diff_days_indoor,5,0,0,0,0,0,0.7457877397537231
data/raw/osu_lora/Diff_Days_Indoor_Setup/Day5/Device13/IQ_1.dat,249,19521351,11,4,0,test,diff_days_indoor,5,0,0,0,0,0,0.8950325846672058
data/raw/osu_lora/Diff_Days_Indoor_Setup/Day5/Device13/IQ_1.dat,250,19599750,11,4,0,test,diff_days_indoor,5,0,0,0,0,0,0.7943936586380005
data/raw/osu_lora/Diff_Days_Indoor_Setup/Day5/Device13/IQ_1.dat,251,19678149,11,4,0,test,diff_days_indoor,5,0,0,0,0,0,0.8149904608726501
data/raw/osu_lora/Diff_Days_Indoor_Setup/Day5/Device13/IQ_1.dat,252,19756548,11,4,0,test,diff_days_indoor,5,0,0,0,0,0,0.6271176338195801
data/raw/osu_lora/Diff_Days_Indoor_Setup/Day5/Device13/IQ_1.dat,253,19834947,11,4,0,test,diff_days_indoor,5,0,0,0,0,0,0.7969655990600586
data/raw/osu_lora/Diff_Days_Indoor_Setup/Day5/Device13/IQ_1.dat,254,19913346,11,11,1,test,diff_days_indoor,5,0,0,0,0,0,0.5988239645957947
data/raw/osu_lora/Diff_Days_Indoor_Setup/Day5/Device13/IQ_1.dat,255,19991745,11,4,0,test,diff_days_indoor,5,0,0,0,0,0,0.8411922454833984
data/raw/osu_lora/Diff_Days_Indoor_Setup/Day5/Device14/IQ_1.dat,0,0,12,13,0,test,diff_days_indoor,5,0,0,0,0,0,0.21658071875572205
data/raw/osu_lora/Diff_Days_Indoor_Setup/Day5/Device14/IQ_1.dat,1,78399,12,12,1,test,diff_days_indoor,5,0,0,0,0,0,0.23290346562862396
data/raw/osu_lora/Diff_Days_Indoor_Setup/Day5/Device14/IQ_1.dat,2,156798,12,17,0,test,diff_days_indoor,5,0,0,0,0,0,0.2195705771446228
data/raw/osu_lora/Diff_Days_Indoor_Setup/Day5/Device14/IQ_1.dat,3,235197,12,17,0,test,diff_days_indoor,5,0,0,0,0,0,0.20859110355377197
data/raw/osu_lora/Diff_Days_Indoor_Setup/Day5/Device14/IQ_1.dat,4,313596,12,13,0,test,diff_days_indoor,5,0,0,0,0,0,0.1822585016489029
data/raw/osu_lora/Diff_Days_Indoor_Setup/Day5/Device14/IQ_1.dat,5,391995,12,13,0,test,diff_days_indoor,5,0,0,0,0,0,0.2606438100337982
data/raw/osu_lora/Diff_Days_Indoor_Setup/Day5/Device14/IQ_1.dat,6,470394,12,12,1,test,diff_days_indoor,5,0,0,0,0,0,0.2113960087299347
data/raw/osu_lora/Diff_Days_Indoor_Setup/Day5/Device14/IQ_1.dat,7,548793,12,7,0,test,diff_days_indoor,5,0,0,0,0,0,0.23380689322948456
data/raw/osu_lora/Diff_Days_Indoor_Setup/Day5/Device14/IQ_1.dat,8,627192,12,12,1,test,diff_days_indoor,5,0,0,0,0,0,0.27830496430397034
data/raw/osu_lora/Diff_Days_Indoor_Setup/Day5/Device14/IQ_1.dat,9,705591,12,13,0,test,diff_days_indoor,5,0,0,0,0,0,0.1826782077550888
data/raw/osu_lora/Diff_Days_Indoor_Setup/Day5/Device14/IQ_1.dat,10,783990,12,14,0,test,diff_days_indoor,5,0,0,0,0,0,0.21686755120754242
data/raw/osu_lora/Diff_Days_Indoor_Setup/Day5/Device14/IQ_1.dat,11,862389,12,12,1,test,diff_days_indoor,5,0,0,0,0,0,0.2758358120918274
data/raw/osu_lora/Diff_Days_Indoor_Setup/Day5/Device14/IQ_1.dat,12,940788,12,12,1,test,diff_days_indoor,5,0,0,0,0,0,0.26138097047805786
data/raw/osu_lora/Diff_Days_Indoor_Setup/Day5/Device14/IQ_1.dat,13,1019187,12,13,0,test,diff_days_indoor,5,0,0,0,0,0,0.12385593354701996
data/raw/osu_lora/Diff_Days_Indoor_Setup/Day5/Device14/IQ_1.dat,14,1097586,12,13,0,test,diff_days_indoor,5,0,0,0,0,0,0.24878859519958496
data/raw/osu_lora/Diff_Days_Indoor_Setup/Day5/Device14/IQ_1.dat,15,1175985,12,17,0,test,diff_days_indoor,5,0,0,0,0,0,0.29964572191238403
data/raw/osu_lora/Diff_Days_Indoor_Setup/Day5/Device14/IQ_1.dat,16,1254384,12,12,1,test,diff_days_indoor,5,0,0,0,0,0,0.21891973912715912
data/raw/osu_lora/Diff_Days_Indoor_Setup/Day5/Device14/IQ_1.dat,17,1332783,12,12,1,test,diff_days_indoor,5,0,0,0,0,0,0.27782031893730164
data/raw/osu_lora/Diff_Days_Indoor_Setup/Day5/Device14/IQ_1.dat,18,1411182,12,13,0,test,diff_days_indoor,5,0,0,0,0,0,0.26999431848526
data/raw/osu_lora/Diff_Days_Indoor_Setup/Day5/Device14/IQ_1.dat,19,1489581,12,13,0,test,diff_days_indoor,5,0,0,0,0,0,0.1771600991487503
data/raw/osu_lora/Diff_Days_Indoor_Setup/Day5/Device14/IQ_1.dat,20,1567980,12,7,0,test,diff_days_indoor,5,0,0,0,0,0,0.2606620788574219
data/raw/osu_lora/Diff_Days_Indoor_Setup/Day5/Device14/IQ_1.dat,21,1646379,12,12,1,test,diff_days_indoor,5,0,0,0,0,0,0.2908729910850525
data/raw/osu_lora/Diff_Days_Indoor_Setup/Day5/Device14/IQ_1.dat,22,1724778,12,12,1,test,diff_days_indoor,5,0,0,0,0,0,0.24366165697574615
data/raw/osu_lora/Diff_Days_Indoor_Setup/Day5/Device14/IQ_1.dat,23,1803177,12,12,1,test,diff_days_indoor,5,0,0,0,0,0,0.2392124980688095
data/raw/osu_lora/Diff_Days_Indoor_Setup/Day5/Device14/IQ_1.dat,24,1881576,12,12,1,test,diff_days_indoor,5,0,0,0,0,0,0.2068682312965393
data/raw/osu_lora/Diff_Days_Indoor_Setup/Day5/Device14/IQ_1.dat,25,1959975,12,12,1,test,diff_days_indoor,5,0,0,0,0,0,0.2519514262676239
data/raw/osu_lora/Diff_Days_Indoor_Setup/Day5/Device14/IQ_1.dat,26,2038374,12,7,0,test,diff_days_indoor,5,0,0,0,0,0,0.2527785003185272
data/raw/osu_lora/Diff_Days_Indoor_Setup/Day5/Device14/IQ_1.dat,27,2116773,12,13,0,test,diff_days_indoor,5,0,0,0,0,0,0.233059823513031
data/raw/osu_lora/Diff_Days_Indoor_Setup/Day5/Device14/IQ_1.dat,28,2195172,12,9,0,test,diff_days_indoor,5,0,0,0,0,0,0.23902660608291626
data/raw/osu_lora/Diff_Days_Indoor_Setup/Day5/Device14/IQ_1.dat,29,2273571,12,12,1,test,diff_days_indoor,5,0,0,0,0,0,0.28098776936531067
data/raw/osu_lora/Diff_Days_Indoor_Setup/Day5/Device14/IQ_1.dat,30,2351970,12,17,0,test,diff_days_indoor,5,0,0,0,0,0,0.1825583130121231
data/raw/osu_lora/Diff_Days_Indoor_Setup/Day5/Device14/IQ_1.dat,31,2430369,12,13,0,test,diff_days_indoor,5,0,0,0,0,0,0.21296440064907074
data/raw/osu_lora/Diff_Days_Indoor_Setup/Day5/Device14/IQ_1.dat,32,2508768,12,13,0,test,diff_days_indoor,5,0,0,0,0,0,0.19302432239055634
data/raw/osu_lora/Diff_Days_Indoor_Setup/Day5/Device14/IQ_1.dat,33,2587167,12,17,0,test,diff_days_indoor,5,0,0,0,0,0,0.20582060515880585
data/raw/osu_lora/Diff_Days_Indoor_Setup/Day5/Device14/IQ_1.dat,34,2665566,12,16,0,test,diff_days_indoor,5,0,0,0,0,0,0.2288239747285843
data/raw/osu_lora/Diff_Days_Indoor_Setup/Day5/Device14/IQ_1.dat,35,2743965,12,7,0,test,diff_days_indoor,5,0,0,0,0,0,0.2408583015203476
data/raw/osu_lora/Diff_Days_Indoor_Setup/Day5/Device14/IQ_1.dat,36,2822364,12,13,0,test,diff_days_indoor,5,0,0,0,0,0,0.2186281830072403
data/raw/osu_lora/Diff_Days_Indoor_Setup/Day5/Device14/IQ_1.dat,37,2900763,12,14,0,test,diff_days_indoor,5,0,0,0,0,0,0.20770244300365448
data/raw/osu_lora/Diff_Days_Indoor_Setup/Day5/Device14/IQ_1.dat,38,2979162,12,13,0,test,diff_days_indoor,5,0,0,0,0,0,0.2004239857196808
data/raw/osu_lora/Diff_Days_Indoor_Setup/Day5/Device14/IQ_1.dat,39,3057561,12,13,0,test,diff_days_indoor,5,0,0,0,0,0,0.10951559245586395
data/raw/osu_lora/Diff_Days_Indoor_Setup/Day5/Device14/IQ_1.dat,40,3135960,12,13,0,test,diff_days_indoor,5,0,0,0,0,0,0.23331594467163086
data/raw/osu_lora/Diff_Days_Indoor_Setup/Day5/Device14/IQ_1.dat,41,3214359,12,9,0,test,diff_days_indoor,5,0,0,0,0,0,0.19260571897029877
data/raw/osu_lora/Diff_Days_Indoor_Setup/Day5/Device14/IQ_1.dat,42,3292758,12,14,0,test,diff_days_indoor,5,0,0,0,0,0,0.2081763595342636
data/raw/osu_lora/Diff_Days_Indoor_Setup/Day5/Device14/IQ_1.dat,43,3371157,12,7,0,test,diff_days_indoor,5,0,0,0,0,0,0.21093007922172546
data/raw/osu_lora/Diff_Days_Indoor_Setup/Day5/Device14/IQ_1.dat,44,3449556,12,13,0,test,diff_days_indoor,5,0,0,0,0,0,0.22967475652694702
data/raw/osu_lora/Diff_Days_Indoor_Setup/Day5/Device14/IQ_1.dat,45,3527955,12,12,1,test,diff_days_indoor,5,0,0,0,0,0,0.2582266926765442
data/raw/osu_lora/Diff_Days_Indoor_Setup/Day5/Device14/IQ_1.dat,46,3606354,12,17,0,test,diff_days_indoor,5,0,0,0,0,0,0.16356846690177917
data/raw/osu_lora/Diff_Days_Indoor_Setup/Day5/Device14/IQ_1.dat,47,3684753,12,7,0,test,diff_days_indoor,5,0,0,0,0,0,0.2832894027233124
data/raw/osu_lora/Diff_Days_Indoor_Setup/Day5/Device14/IQ_1.dat,48,3763152,12,7,0,test,diff_days_indoor,5,0,0,0,0,0,0.32590335607528687
data/raw/osu_lora/Diff_Days_Indoor_Setup/Day5/Device14/IQ_1.dat,49,3841551,12,12,1,test,diff_days_indoor,5,0,0,0,0,0,0.21648021042346954
data/raw/osu_lora/Diff_Days_Indoor_Setup/Day5/Device14/IQ_1.dat,50,3919950,12,12,1,test,diff_days_indoor,5,0,0,0,0,0,0.24022535979747772
data/raw/osu_lora/Diff_Days_Indoor_Setup/Day5/Device14/IQ_1.dat,51,3998349,12,12,1,test,diff_days_indoor,5,0,0,0,0,0,0.2580582797527313
data/raw/osu_lora/Diff_Days_Indoor_Setup/Day5/Device14/IQ_1.dat,52,4076748,12,13,0,test,diff_days_indoor,5,0,0,0,0,0,0.2699384093284607
data/raw/osu_lora/Diff_Days_Indoor_Setup/Day5/Device14/IQ_1.dat,53,4155147,12,12,1,test,diff_days_indoor,5,0,0,0,0,0,0.2456197738647461
data/raw/osu_lora/Diff_Days_Indoor_Setup/Day5/Device14/IQ_1.dat,54,4233546,12,13,0,test,diff_days_indoor,5,0,0,0,0,0,0.22029587626457214
data/raw/osu_lora/Diff_Days_Indoor_Setup/Day5/Device14/IQ_1.dat,55,4311945,12,12,1,test,diff_days_indoor,5,0,0,0,0,0,0.26595816016197205
data/raw/osu_lora/Diff_Days_Indoor_Setup/Day5/Device14/IQ_1.dat,56,4390344,12,7,0,test,diff_days_indoor,5,0,0,0,0,0,0.22897681593894958
data/raw/osu_lora/Diff_Days_Indoor_Setup/Day5/Device14/IQ_1.dat,57,4468743,12,12,1,test,diff_days_indoor,5,0,0,0,0,0,0.24298027157783508
data/raw/osu_lora/Diff_Days_Indoor_Setup/Day5/Device14/IQ_1.dat,58,4547142,12,7,0,test,diff_days_indoor,5,0,0,0,0,0,0.2572399079799652
data/raw/osu_lora/Diff_Days_Indoor_Setup/Day5/Device14/IQ_1.dat,59,4625541,12,7,0,test,diff_days_indoor,5,0,0,0,0,0,0.32059547305107117
data/raw/osu_lora/Diff_Days_Indoor_Setup/Day5/Device14/IQ_1.dat,60,4703940,12,12,1,test,diff_days_indoor,5,0,0,0,0,0,0.2689710855484009
data/raw/osu_lora/Diff_Days_Indoor_Setup/Day5/Device14/IQ_1.dat,61,4782339,12,12,1,test,diff_days_indoor,5,0,0,0,0,0,0.2632739841938019
data/raw/osu_lora/Diff_Days_Indoor_Setup/Day5/Device14/IQ_1.dat,62,4860738,12,12,1,test,diff_days_indoor,5,0,0,0,0,0,0.24817609786987305
data/raw/osu_lora/Diff_Days_Indoor_Setup/Day5/Device14/IQ_1.dat,63,4939137,12,13,0,test,diff_days_indoor,5,0,0,0,0,0,0.23909299075603485
data/raw/osu_lora/Diff_Days_Indoor_Setup/Day5/Device14/IQ_1.dat,64,5017536,12,12,1,test,diff_days_indoor,5,0,0,0,0,0,0.26801133155822754
data/raw/osu_lora/Diff_Days_Indoor_Setup/Day5/Device14/IQ_1.dat,65,5095935,12,12,1,test,diff_days_indoor,5,0,0,0,0,0,0.25610318779945374
data/raw/osu_lora/Diff_Days_Indoor_Setup/Day5/Device14/IQ_1.dat,66,5174334,12,12,1,test,diff_days_indoor,5,0,0,0,0,0,0.2873559296131134
data/raw/osu_lora/Diff_Days_Indoor_Setup/Day5/Device14/IQ_1.dat,67,5252733,12,12,1,test,diff_days_indoor,5,0,0,0,0,0,0.25898033380508423
data/raw/osu_lora/Diff_Days_Indoor_Setup/Day5/Device14/IQ_1.dat,68,5331132,12,12,1,test,diff_days_indoor,5,0,0,0,0,0,0.20821593701839447
data/raw/osu_lora/Diff_Days_Indoor_Setup/Day5/Device14/IQ_1.dat,69,5409531,12,17,0,test,diff_days_indoor,5,0,0,0,0,0,0.21170511841773987
data/raw/osu_lora/Diff_Days_Indoor_Setup/Day5/Device14/IQ_1.dat,70,5487930,12,12,1,test,diff_days_indoor,5,0,0,0,0,0,0.27209267020225525
data/raw/osu_lora/Diff_Days_Indoor_Setup/Day5/Device14/IQ_1.dat,71,5566329,12,12,1,test,diff_days_indoor,5,0,0,0,0,0,0.26448291540145874
data/raw/osu_lora/Diff_Days_Indoor_Setup/Day5/Device14/IQ_1.dat,72,5644728,12,12,1,test,diff_days_indoor,5,0,0,0,0,0,0.25115087628364563
data/raw/osu_lora/Diff_Days_Indoor_Setup/Day5/Device14/IQ_1.dat,73,5723127,12,12,1,test,diff_days_indoor,5,0,0,0,0,0,0.20829670131206512
data/raw/osu_lora/Diff_Days_Indoor_Setup/Day5/Device14/IQ_1.dat,74,5801526,12,9,0,test,diff_days_indoor,5,0,0,0,0,0,0.25488734245300293
data/raw/osu_lora/Diff_Days_Indoor_Setup/Day5/Device14/IQ_1.dat,75,5879925,12,13,0,test,diff_days_indoor,5,0,0,0,0,0,0.22130097448825836
data/raw/osu_lora/Diff_Days_Indoor_Setup/Day5/Device14/IQ_1.dat,76,5958324,12,9,0,test,diff_days_indoor,5,0,0,0,0,0,0.25521618127822876
data/raw/osu_lora/Diff_Days_Indoor_Setup/Day5/Device14/IQ_1.dat,77,6036723,12,12,1,test,diff_days_indoor,5,0,0,0,0,0,0.24517174065113068
data/raw/osu_lora/Diff_Days_Indoor_Setup/Day5/Device14/IQ_1.dat,78,6115122,12,12,1,test,diff_days_indoor,5,0,0,0,0,0,0.2871660590171814
data/raw/osu_lora/Diff_Days_Indoor_Setup/Day5/Device14/IQ_1.dat,79,6193521,12,12,1,test,diff_days_indoor,5,0,0,0,0,0,0.2777915894985199
data/raw/osu_lora/Diff_Days_Indoor_Setup/Day5/Device14/IQ_1.dat,80,6271920,12,13,0,test,diff_days_indoor,5,0,0,0,0,0,0.25054776668548584
data/raw/osu_lora/Diff_Days_Indoor_Setup/Day5/Device14/IQ_1.dat,81,6350319,12,12,1,test,diff_days_indoor,5,0,0,0,0,0,0.3053053319454193
data/raw/osu_lora/Diff_Days_Indoor_Setup/Day5/Device14/IQ_1.dat,82,6428718,12,12,1,test,diff_days_indoor,5,0,0,0,0,0,0.22161522507667542
data/raw/osu_lora/Diff_Days_Indoor_Setup/Day5/Device14/IQ_1.dat,83,6507117,12,12,1,test,diff_days_indoor,5,0,0,0,0,0,0.22065317630767822
data/raw/osu_lora/Diff_Days_Indoor_Setup/Day5/Device14/IQ_1.dat,84,6585516,12,13,0,test,diff_days_indoor,5,0,0,0,0,0,0.21931390464305878
data/raw/osu_lora/Diff_Days_Indoor_Setup/Day5/Device14/IQ_1.dat,85,6663915,12,9,0,test,diff_days_indoor,5,0,0,0,0,0,0.2804839313030243
data/raw/osu_lora/Diff_Days_Indoor_Setup/Day5/Device14/IQ_1.dat,86,6742314,12,8,0,test,diff_days_indoor,5,0,0,0,0,0,0.10784385353326797
data/raw/osu_lora/Diff_Days_Indoor_Setup/Day5/Device14/IQ_1.dat,87,6820713,12,12,1,test,diff_days_indoor,5,0,0,0,0,0,0.27252164483070374
data/raw/osu_lora/Diff_Days_Indoor_Setup/Day5/Device14/IQ_1.dat,88,6899112,12,13,0,test,diff_days_indoor,5,0,0,0,0,0,0.1889829933643341
data/raw/osu_lora/Diff_Days_Indoor_Setup/Day5/Device14/IQ_1.dat,89,6977511,12,12,1,test,diff_days_indoor,5,0,0,0,0,0,0.24853362143039703
data/raw/osu_lora/Diff_Days_Indoor_Setup/Day5/Device14/IQ_1.dat,90,7055910,12,12,1,test,diff_days_indoor,5,0,0,0,0,0,0.2315308153629303
data/raw/osu_lora/Diff_Days_Indoor_Setup/Day5/Device14/IQ_1.dat,91,7134309,12,7,0,test,diff_days_indoor,5,0,0,0,0,0,0.2713777720928192
data/raw/osu_lora/Diff_Days_Indoor_Setup/Day5/Device14/IQ_1.dat,92,7212708,12,12,1,test,diff_days_indoor,5,0,0,0,0,0,0.21816669404506683
data/raw/osu_lora/Diff_Days_Indoor_Setup/Day5/Device14/IQ_1.dat,93,7291107,12,12,1,test,diff_days_indoor,5,0,0,0,0,0,0.2622320055961609
data/raw/osu_lora/Diff_Days_Indoor_Setup/Day5/Device14/IQ_1.dat,94,7369506,12,13,0,test,diff_days_indoor,5,0,0,0,0,0,0.21298260986804962
data/raw/osu_lora/Diff_Days_Indoor_Setup/Day5/Device14/IQ_1.dat,95,7447905,12,7,0,test,diff_days_indoor,5,0,0,0,0,0,0.2587448060512543
data/raw/osu_lora/Diff_Days_Indoor_Setup/Day5/Device14/IQ_1.dat,96,7526304,12,12,1,test,diff_days_indoor,5,0,0,0,0,0,0.2541689872741699
data/raw/osu_lora/Diff_Days_Indoor_Setup/Day5/Device14/IQ_1.dat,97,7604703,12,12,1,test,diff_days_indoor,5,0,0,0,0,0,0.2751655578613281
data/raw/osu_lora/Diff_Days_Indoor_Setup/Day5/Device14/IQ_1.dat,98,7683102,12,17,0,test,diff_days_indoor,5,0,0,0,0,0,0.24830831587314606
data/raw/osu_lora/Diff_Days_Indoor_Setup/Day5/Device14/IQ_1.dat,99,7761501,12,13,0,test,diff_days_indoor,5,0,0,0,0,0,0.1757505238056183
data/raw/osu_lora/Diff_Days_Indoor_Setup/Day5/Device14/IQ_1.dat,100,7839900,12,12,1,test,diff_days_indoor,5,0,0,0,0,0,0.2631151080131531
data/raw/osu_lora/Diff_Days_Indoor_Setup/Day5/Device14/IQ_1.dat,101,7918299,12,13,0,test,diff_days_indoor,5,0,0,0,0,0,0.22120460867881775
data/raw/osu_lora/Diff_Days_Indoor_Setup/Day5/Device14/IQ_1.dat,102,7996698,12,13,0,test,diff_days_indoor,5,0,0,0,0,0,0.18130041658878326
data/raw/osu_lora/Diff_Days_Indoor_Setup/Day5/Device14/IQ_1.dat,103,8075097,12,7,0,test,diff_days_indoor,5,0,0,0,0,0,0.2222425639629364
data/raw/osu_lora/Diff_Days_Indoor_Setup/Day5/Device14/IQ_1.dat,104,8153496,12,13,0,test,diff_days_indoor,5,0,0,0,0,0,0.21531923115253448
data/raw/osu_lora/Diff_Days_Indoor_Setup/Day5/Device14/IQ_1.dat,105,8231895,12,13,0,test,diff_days_indoor,5,0,0,0,0,0,0.14565108716487885
data/raw/osu_lora/Diff_Days_Indoor_Setup/Day5/Device14/IQ_1.dat,106,8310294,12,7,0,test,diff_days_indoor,5,0,0,0,0,0,0.2671665549278259
data/raw/osu_lora/Diff_Days_Indoor_Setup/Day5/Device14/IQ_1.dat,107,8388693,12,12,1,test,diff_days_indoor,5,0,0,0,0,0,0.2952791452407837
data/raw/osu_lora/Diff_Days_Indoor_Setup/Day5/Device14/IQ_1.dat,108,8467092,12,12,1,test,diff_days_indoor,5,0,0,0,0,0,0.23119501769542694
data/raw/osu_lora/Diff_Days_Indoor_Setup/Day5/Device14/IQ_1.dat,109,8545491,12,13,0,test,diff_days_indoor,5,0,0,0,0,0,0.2292652428150177
data/raw/osu_lora/Diff_Days_Indoor_Setup/Day5/Device14/IQ_1.dat,110,8623890,12,12,1,test,diff_days_indoor,5,0,0,0,0,0,0.25468742847442627
data/raw/osu_lora/Diff_Days_Indoor_Setup/Day5/Device14/IQ_1.dat,111,8702289,12,7,0,test,diff_days_indoor,5,0,0,0,0,0,0.23173367977142334
data/raw/osu_lora/Diff_Days_Indoor_Setup/Day5/Device14/IQ_1.dat,112,8780688,12,12,1,test,diff_days_indoor,5,0,0,0,0,0,0.2524023950099945
data/raw/osu_lora/Diff_Days_Indoor_Setup/Day5/Device14/IQ_1.dat,113,8859087,12,12,1,test,diff_days_indoor,5,0,0,0,0,0,0.24086202681064606
data/raw/osu_lora/Diff_Days_Indoor_Setup/Day5/Device14/IQ_1.dat,114,8937486,12,7,0,test,diff_days_indoor,5,0,0,0,0,0,0.22098234295845032
data/raw/osu_lora/Diff_Days_Indoor_Setup/Day5/Device14/IQ_1.dat,115,9015885,12,7,0,test,diff_days_indoor,5,0,0,0,0,0,0.25283005833625793
data/raw/osu_lora/Diff_Days_Indoor_Setup/Day5/Device14/IQ_1.dat,116,9094284,12,13,0,test,diff_days_indoor,5,0,0,0,0,0,0.20261171460151672
data/raw/osu_lora/Diff_Days_Indoor_Setup/Day5/Device14/IQ_1.dat,117,9172683,12,9,0,test,diff_days_indoor,5,0,0,0,0,0,0.24893736839294434
data/raw/osu_lora/Diff_Days_Indoor_Setup/Day5/Device14/IQ_1.dat,118,9251082,12,12,1,test,diff_days_indoor,5,0,0,0,0,0,0.20073802769184113
data/raw/osu_lora/Diff_Days_Indoor_Setup/Day5/Device14/IQ_1.dat,119,9329481,12,13,0,test,diff_days_indoor,5,0,0,0,0,0,0.262674480676651
data/raw/osu_lora/Diff_Days_Indoor_Setup/Day5/Device14/IQ_1.dat,120,9407880,12,13,0,test,diff_days_indoor,5,0,0,0,0,0,0.13421320915222168
data/raw/osu_lora/Diff_Days_Indoor_Setup/Day5/Device14/IQ_1.dat,121,9486279,12,12,1,test,diff_days_indoor,5,0,0,0,0,0,0.21828410029411316
data/raw/osu_lora/Diff_Days_Indoor_Setup/Day5/Device14/IQ_1.dat,122,9564678,12,13,0,test,diff_days_indoor,5,0,0,0,0,0,0.15321438014507294
data/raw/osu_lora/Diff_Days_Indoor_Setup/Day5/Device14/IQ_1.dat,123,9643077,12,12,1,test,diff_days_indoor,5,0,0,0,0,0,0.23190750181674957
data/raw/osu_lora/Diff_Days_Indoor_Setup/Day5/Device14/IQ_1.dat,124,9721476,12,17,0,test,diff_days_indoor,5,0,0,0,0,0,0.14487791061401367
data/raw/osu_lora/Diff_Days_Indoor_Setup/Day5/Device14/IQ_1.dat,125,9799875,12,12,1,test,diff_days_indoor,5,0,0,0,0,0,0.2640005946159363
data/raw/osu_lora/Diff_Days_Indoor_Setup/Day5/Device14/IQ_1.dat,126,9878274,12,13,0,test,diff_days_indoor,5,0,0,0,0,0,0.18911296129226685
data/raw/osu_lora/Diff_Days_Indoor_Setup/Day5/Device14/IQ_1.dat,127,9956673,12,14,0,test,diff_days_indoor,5,0,0,0,0,0,0.2075745314359665
data/raw/osu_lora/Diff_Days_Indoor_Setup/Day5/Device14/IQ_1.dat,128,10035072,12,12,1,test,diff_days_indoor,5,0,0,0,0,0,0.1988951861858368
data/raw/osu_lora/Diff_Days_Indoor_Setup/Day5/Device14/IQ_1.dat,129,10113471,12,13,0,test,diff_days_indoor,5,0,0,0,0,0,0.23246115446090698
data/raw/osu_lora/Diff_Days_Indoor_Setup/Day5/Device14/IQ_1.dat,130,10191870,12,13,0,test,diff_days_indoor,5,0,0,0,0,0,0.24726137518882751
data/raw/osu_lora/Diff_Days_Indoor_Setup/Day5/Device14/IQ_1.dat,131,10270269,12,17,0,test,diff_days_indoor,5,0,0,0,0,0,0.27344125509262085
data/raw/osu_lora/Diff_Days_Indoor_Setup/Day5/Device14/IQ_1.dat,132,10348668,12,13,0,test,diff_days_indoor,5,0,0,0,0,0,0.2670412063598633
data/raw/osu_lora/Diff_Days_Indoor_Setup/Day5/Device14/IQ_1.dat,133,10427067,12,12,1,test,diff_days_indoor,5,0,0,0,0,0,0.17316308617591858
data/raw/osu_lora/Diff_Days_Indoor_Setup/Day5/Device14/IQ_1.dat,134,10505466,12,7,0,test,diff_days_indoor,5,0,0,0,0,0,0.2454954832792282
data/raw/osu_lora/Diff_Days_Indoor_Setup/Day5/Device14/IQ_1.dat,135,10583865,12,12,1,test,diff_days_indoor,5,0,0,0,0,0,0.1949671059846878
data/raw/osu_lora/Diff_Days_Indoor_Setup/Day5/Device14/IQ_1.dat,136,10662264,12,12,1,test,diff_days_indoor,5,0,0,0,0,0,0.2179727554321289
data/raw/osu_lora/Diff_Days_Indoor_Setup/Day5/Device14/IQ_1.dat,137,10740663,12,12,1,test,diff_days_indoor,5,0,0,0,0,0,0.21852082014083862
data/raw/osu_lora/Diff_Days_Indoor_Setup/Day5/Device14/IQ_1.dat,138,10819062,12,13,0,test,diff_days_indoor,5,0,0,0,0,0,0.19132274389266968
data/raw/osu_lora/Diff_Days_Indoor_Setup/Day5/Device14/IQ_1.dat,139,10897461,12,16,0,test,diff_days_indoor,5,0,0,0,0,0,0.206111341714859
data/raw/osu_lora/Diff_Days_Indoor_Setup/Day5/Device14/IQ_1.dat,140,10975860,12,12,1,test,diff_days_indoor,5,0,0,0,0,0,0.269457072019577
data/raw/osu_lora/Diff_Days_Indoor_Setup/Day5/Device14/IQ_1.dat,141,11054259,12,13,0,test,diff_days_indoor,5,0,0,0,0,0,0.20505161583423615
data/raw/osu_lora/Diff_Days_Indoor_Setup/Day5/Device14/IQ_1.dat,142,11132658,12,17,0,test,diff_days_indoor,5,0,0,0,0,0,0.19253510236740112
data/raw/osu_lora/Diff_Days_Indoor_Setup/Day5/Device14/IQ_1.dat,143,11211057,12,12,1,test,diff_days_indoor,5,0,0,0,0,0,0.24371032416820526
data/raw/osu_lora/Diff_Days_Indoor_Setup/Day5/Device14/IQ_1.dat,144,11289456,12,12,1,test,diff_days_indoor,5,0,0,0,0,0,0.2432769536972046
data/raw/osu_lora/Diff_Days_Indoor_Setup/Day5/Device14/IQ_1.dat,145,11367855,12,12,1,test,diff_days_indoor,5,0,0,0,0,0,0.21248218417167664
data/raw/osu_lora/Diff_Days_Indoor_Setup/Day5/Device14/IQ_1.dat,146,11446254,12,7,0,test,diff_days_indoor,5,0,0,0,0,0,0.21608658134937286
data/raw/osu_lora/Diff_Days_Indoor_Setup/Day5/Device14/IQ_1.dat,147,11524653,12,13,0,test,diff_days_indoor,5,0,0,0,0,0,0.1422407031059265
data/raw/osu_lora/Diff_Days_Indoor_Setup/Day5/Device14/IQ_1.dat,148,11603052,12,13,0,test,diff_days_indoor,5,0,0,0,0,0,0.19487236440181732
data/raw/osu_lora/Diff_Days_Indoor_Setup/Day5/Device14/IQ_1.dat,149,11681451,12,12,1,test,diff_days_indoor,5,0,0,0,0,0,0.251145601272583
data/raw/osu_lora/Diff_Days_Indoor_Setup/Day5/Device14/IQ_1.dat,150,11759850,12,12,1,test,diff_days_indoor,5,0,0,0,0,0,0.21536770462989807
data/raw/osu_lora/Diff_Days_Indoor_Setup/Day5/Device14/IQ_1.dat,151,11838249,12,12,1,test,diff_days_indoor,5,0,0,0,0,0,0.22842667996883392
data/raw/osu_lora/Diff_Days_Indoor_Setup/Day5/Device14/IQ_1.dat,152,11916648,12,7,0,test,diff_days_indoor,5,0,0,0,0,0,0.17053787410259247
data/raw/osu_lora/Diff_Days_Indoor_Setup/Day5/Device14/IQ_1.dat,153,11995047,12,12,1,test,diff_days_indoor,5,0,0,0,0,0,0.24297688901424408
data/raw/osu_lora/Diff_Days_Indoor_Setup/Day5/Device14/IQ_1.dat,154,12073446,12,12,1,test,diff_days_indoor,5,0,0,0,0,0,0.22887925803661346
data/raw/osu_lora/Diff_Days_Indoor_Setup/Day5/Device14/IQ_1.dat,155,12151845,12,7,0,test,diff_days_indoor,5,0,0,0,0,0,0.22570861876010895
data/raw/osu_lora/Diff_Days_Indoor_Setup/Day5/Device14/IQ_1.dat,156,12230244,12,12,1,test,diff_days_indoor,5,0,0,0,0,0,0.21694648265838623
data/raw/osu_lora/Diff_Days_Indoor_Setup/Day5/Device14/IQ_1.dat,157,12308643,12,13,0,test,diff_days_indoor,5,0,0,0,0,0,0.21726925671100616
data/raw/osu_lora/Diff_Days_Indoor_Setup/Day5/Device14/IQ_1.dat,158,12387042,12,13,0,test,diff_days_indoor,5,0,0,0,0,0,0.15953178703784943
data/raw/osu_lora/Diff_Days_Indoor_Setup/Day5/Device14/IQ_1.dat,159,12465441,12,13,0,test,diff_days_indoor,5,0,0,0,0,0,0.15641693770885468
data/raw/osu_lora/Diff_Days_Indoor_Setup/Day5/Device14/IQ_1.dat,160,12543840,12,13,0,test,diff_days_indoor,5,0,0,0,0,0,0.2610836625099182
data/raw/osu_lora/Diff_Days_Indoor_Setup/Day5/Device14/IQ_1.dat,161,12622239,12,13,0,test,diff_days_indoor,5,0,0,0,0,0,0.2435215413570404
data/raw/osu_lora/Diff_Days_Indoor_Setup/Day5/Device14/IQ_1.dat,162,12700638,12,12,1,test,diff_days_indoor,5,0,0,0,0,0,0.2134382426738739
data/raw/osu_lora/Diff_Days_Indoor_Setup/Day5/Device14/IQ_1.dat,163,12779037,12,12,1,test,diff_days_indoor,5,0,0,0,0,0,0.2704911231994629
data/raw/osu_lora/Diff_Days_Indoor_Setup/Day5/Device14/IQ_1.dat,164,12857436,12,7,0,test,diff_days_indoor,5,0,0,0,0,0,0.23695267736911774
data/raw/osu_lora/Diff_Days_Indoor_Setup/Day5/Device14/IQ_1.dat,165,12935835,12,12,1,test,diff_days_indoor,5,0,0,0,0,0,0.2332552820444107
data/raw/osu_lora/Diff_Days_Indoor_Setup/Day5/Device14/IQ_1.dat,166,13014234,12,17,0,test,diff_days_indoor,5,0,0,0,0,0,0.2290608286857605
data/raw/osu_lora/Diff_Days_Indoor_Setup/Day5/Device14/IQ_1.dat,167,13092633,12,12,1,test,diff_days_indoor,5,0,0,0,0,0,0.2405335009098053
data/raw/osu_lora/Diff_Days_Indoor_Setup/Day5/Device14/IQ_1.dat,168,13171032,12,12,1,test,diff_days_indoor,5,0,0,0,0,0,0.23823072016239166
data/raw/osu_lora/Diff_Days_Indoor_Setup/Day5/Device14/IQ_1.dat,169,13249431,12,7,0,test,diff_days_indoor,5,0,0,0,0,0,0.3257250487804413
data/raw/osu_lora/Diff_Days_Indoor_Setup/Day5/Device14/IQ_1.dat,170,13327830,12,12,1,test,diff_days_indoor,5,0,0,0,0,0,0.309210866689682
data/raw/osu_lora/Diff_Days_Indoor_Setup/Day5/Device14/IQ_1.dat,171,13406229,12,12,1,test,diff_days_indoor,5,0,0,0,0,0,0.21771548688411713
data/raw/osu_lora/Diff_Days_Indoor_Setup/Day5/Device14/IQ_1.dat,172,13484628,12,17,0,test,diff_days_indoor,5,0,0,0,0,0,0.2809685468673706
data/raw/osu_lora/Diff_Days_Indoor_Setup/Day5/Device14/IQ_1.dat,173,13563027,12,12,1,test,diff_days_indoor,5,0,0,0,0,0,0.2306068390607834
data/raw/osu_lora/Diff_Days_Indoor_Setup/Day5/Device14/IQ_1.dat,174,13641426,12,7,0,test,diff_days_indoor,5,0,0,0,0,0,0.20914682745933533
data/raw/osu_lora/Diff_Days_Indoor_Setup/Day5/Device14/IQ_1.dat,175,13719825,12,12,1,test,diff_days_indoor,5,0,0,0,0,0,0.23169675469398499
data/raw/osu_lora/Diff_Days_Indoor_Setup/Day5/Device14/IQ_1.dat,176,13798224,12,13,0,test,diff_days_indoor,5,0,0,0,0,0,0.1258975714445114
data/raw/osu_lora/Diff_Days_Indoor_Setup/Day5/Device14/IQ_1.dat,177,13876623,12,12,1,test,diff_days_indoor,5,0,0,0,0,0,0.24890753626823425
data/raw/osu_lora/Diff_Days_Indoor_Setup/Day5/Device14/IQ_1.dat,178,13955022,12,7,0,test,diff_days_indoor,5,0,0,0,0,0,0.19188006222248077
data/raw/osu_lora/Diff_Days_Indoor_Setup/Day5/Device14/IQ_1.dat,179,14033421,12,12,1,test,diff_days_indoor,5,0,0,0,0,0,0.19913411140441895
data/raw/osu_lora/Diff_Days_Indoor_Setup/Day5/Device14/IQ_1.dat,180,14111820,12,12,1,test,diff_days_indoor,5,0,0,0,0,0,0.2934131920337677
data/raw/osu_lora/Diff_Days_Indoor_Setup/Day5/Device14/IQ_1.dat,181,14190219,12,12,1,test,diff_days_indoor,5,0,0,0,0,0,0.23936429619789124
data/raw/osu_lora/Diff_Days_Indoor_Setup/Day5/Device14/IQ_1.dat,182,14268618,12,13,0,test,diff_days_indoor,5,0,0,0,0,0,0.23130759596824646
data/raw/osu_lora/Diff_Days_Indoor_Setup/Day5/Device14/IQ_1.dat,183,14347017,12,9,0,test,diff_days_indoor,5,0,0,0,0,0,0.20029936730861664
data/raw/osu_lora/Diff_Days_Indoor_Setup/Day5/Device14/IQ_1.dat,184,14425416,12,12,1,test,diff_days_indoor,5,0,0,0,0,0,0.25743770599365234
data/raw/osu_lora/Diff_Days_Indoor_Setup/Day5/Device14/IQ_1.dat,185,14503815,12,12,1,test,diff_days_indoor,5,0,0,0,0,0,0.23882055282592773
data/raw/osu_lora/Diff_Days_Indoor_Setup/Day5/Device14/IQ_1.dat,186,14582214,12,7,0,test,diff_days_indoor,5,0,0,0,0,0,0.254255473613739
data/raw/osu_lora/Diff_Days_Indoor_Setup/Day5/Device14/IQ_1.dat,187,14660613,12,17,0,test,diff_days_indoor,5,0,0,0,0,0,0.2509257197380066
data/raw/osu_lora/Diff_Days_Indoor_Setup/Day5/Device14/IQ_1.dat,188,14739012,12,9,0,test,diff_days_indoor,5,0,0,0,0,0,0.2350916564464569
data/raw/osu_lora/Diff_Days_Indoor_Setup/Day5/Device14/IQ_1.dat,189,14817411,12,13,0,test,diff_days_indoor,5,0,0,0,0,0,0.20056505501270294
data/raw/osu_lora/Diff_Days_Indoor_Setup/Day5/Device14/IQ_1.dat,190,14895810,12,12,1,test,diff_days_indoor,5,0,0,0,0,0,0.2154344618320465
data/raw/osu_lora/Diff_Days_Indoor_Setup/Day5/Device14/IQ_1.dat,191,14974209,12,12,1,test,diff_days_indoor,5,0,0,0,0,0,0.22814972698688507
data/raw/osu_lora/Diff_Days_Indoor_Setup/Day5/Device14/IQ_1.dat,192,15052608,12,12,1,test,diff_days_indoor,5,0,0,0,0,0,0.24308650195598602
data/raw/osu_lora/Diff_Days_Indoor_Setup/Day5/Device14/IQ_1.dat,193,15131007,12,12,1,test,diff_days_indoor,5,0,0,0,0,0,0.21480205655097961
data/raw/osu_lora/Diff_Days_Indoor_Setup/Day5/Device14/IQ_1.dat,194,15209406,12,13,0,test,diff_days_indoor,5,0,0,0,0,0,0.18116076290607452
data/raw/osu_lora/Diff_Days_Indoor_Setup/Day5/Device14/IQ_1.dat,195,15287805,12,13,0,test,diff_days_indoor,5,0,0,0,0,0,0.1679776906967163
data/raw/osu_lora/Diff_Days_Indoor_Setup/Day5/Device14/IQ_1.dat,196,15366204,12,13,0,test,diff_days_indoor,5,0,0,0,0,0,0.2644064128398895
data/raw/osu_lora/Diff_Days_Indoor_Setup/Day5/Device14/IQ_1.dat,197,15444603,12,12,1,test,diff_days_indoor,5,0,0,0,0,0,0.22880040109157562
data/raw/osu_lora/Diff_Days_Indoor_Setup/Day5/Device14/IQ_1.dat,198,15523002,12,12,1,test,diff_days_indoor,5,0,0,0,0,0,0.251874178647995
data/raw/osu_lora/Diff_Days_Indoor_Setup/Day5/Device14/IQ_1.dat,199,15601401,12,13,0,test,diff_days_indoor,5,0,0,0,0,0,0.22727937996387482
data/raw/osu_lora/Diff_Days_Indoor_Setup/Day5/Device14/IQ_1.dat,200,15679800,12,17,0,test,diff_days_indoor,5,0,0,0,0,0,0.26572534441947937
data/raw/osu_lora/Diff_Days_Indoor_Setup/Day5/Device14/IQ_1.dat,201,15758199,12,12,1,test,diff_days_indoor,5,0,0,0,0,0,0.17198029160499573
data/raw/osu_lora/Diff_Days_Indoor_Setup/Day5/Device14/IQ_1.dat,202,15836598,12,13,0,test,diff_days_indoor,5,0,0,0,0,0,0.16898579895496368
data/raw/osu_lora/Diff_Days_Indoor_Setup/Day5/Device14/IQ_1.dat,203,15914997,12,13,0,test,diff_days_indoor,5,0,0,0,0,0,0.17753024399280548
data/raw/osu_lora/Diff_Days_Indoor_Setup/Day5/Device14/IQ_1.dat,204,15993396,12,13,0,test,diff_days_indoor,5,0,0,0,0,0,0.1879463791847229
data/raw/osu_lora/Diff_Days_Indoor_Setup/Day5/Device14/IQ_1.dat,205,16071795,12,9,0,test,diff_days_indoor,5,0,0,0,0,0,0.29359278082847595
data/raw/osu_lora/Diff_Days_Indoor_Setup/Day5/Device14/IQ_1.dat,206,16150194,12,8,0,test,diff_days_indoor,5,0,0,0,0,0,0.09291716665029526
data/raw/osu_lora/Diff_Days_Indoor_Setup/Day5/Device14/IQ_1.dat,207,16228593,12,7,0,test,diff_days_indoor,5,0,0,0,0,0,0.24000778794288635
data/raw/osu_lora/Diff_Days_Indoor_Setup/Day5/Device14/IQ_1.dat,208,16306992,12,12,1,test,diff_days_indoor,5,0,0,0,0,0,0.23269662261009216
data/raw/osu_lora/Diff_Days_Indoor_Setup/Day5/Device14/IQ_1.dat,209,16385391,12,12,1,test,diff_days_indoor,5,0,0,0,0,0,0.27370819449424744
data/raw/osu_lora/Diff_Days_Indoor_Setup/Day5/Device14/IQ_1.dat,210,16463790,12,12,1,test,diff_days_indoor,5,0,0,0,0,0,0.27173754572868347
data/raw/osu_lora/Diff_Days_Indoor_Setup/Day5/Device14/IQ_1.dat,211,16542189,12,7,0,test,diff_days_indoor,5,0,0,0,0,0,0.24807584285736084
data/raw/osu_lora/Diff_Days_Indoor_Setup/Day5/Device14/IQ_1.dat,212,16620588,12,12,1,test,diff_days_indoor,5,0,0,0,0,0,0.25645336508750916
data/raw/osu_lora/Diff_Days_Indoor_Setup/Day5/Device14/IQ_1.dat,213,16698987,12,13,0,test,diff_days_indoor,5,0,0,0,0,0,0.21537046134471893
data/raw/osu_lora/Diff_Days_Indoor_Setup/Day5/Device14/IQ_1.dat,214,16777386,12,13,0,test,diff_days_indoor,5,0,0,0,0,0,0.23320674896240234
data/raw/osu_lora/Diff_Days_Indoor_Setup/Day5/Device14/IQ_1.dat,215,16855785,12,12,1,test,diff_days_indoor,5,0,0,0,0,0,0.2346225380897522
data/raw/osu_lora/Diff_Days_Indoor_Setup/Day5/Device14/IQ_1.dat,216,16934184,12,17,0,test,diff_days_indoor,5,0,0,0,0,0,0.23265641927719116
data/raw/osu_lora/Diff_Days_Indoor_Setup/Day5/Device14/IQ_1.dat,217,17012583,12,12,1,test,diff_days_indoor,5,0,0,0,0,0,0.2486923187971115
data/raw/osu_lora/Diff_Days_Indoor_Setup/Day5/Device14/IQ_1.dat,218,17090982,12,13,0,test,diff_days_indoor,5,0,0,0,0,0,0.20407962799072266
data/raw/osu_lora/Diff_Days_Indoor_Setup/Day5/Device14/IQ_1.dat,219,17169381,12,13,0,test,diff_days_indoor,5,0,0,0,0,0,0.12496442347764969
data/raw/osu_lora/Diff_Days_Indoor_Setup/Day5/Device14/IQ_1.dat,220,17247780,12,17,0,test,diff_days_indoor,5,0,0,0,0,0,0.20167522132396698
data/raw/osu_lora/Diff_Days_Indoor_Setup/Day5/Device14/IQ_1.dat,221,17326179,12,14,0,test,diff_days_indoor,5,0,0,0,0,0,0.26218003034591675
data/raw/osu_lora/Diff_Days_Indoor_Setup/Day5/Device14/IQ_1.dat,222,17404578,12,13,0,test,diff_days_indoor,5,0,0,0,0,0,0.2119051069021225
data/raw/osu_lora/Diff_Days_Indoor_Setup/Day5/Device14/IQ_1.dat,223,17482977,12,7,0,test,diff_days_indoor,5,0,0,0,0,0,0.21468468010425568
data/raw/osu_lora/Diff_Days_Indoor_Setup/Day5/Device14/IQ_1.dat,224,17561376,12,17,0,test,diff_days_indoor,5,0,0,0,0,0,0.2092692255973816
data/raw/osu_lora/Diff_Days_Indoor_Setup/Day5/Device14/IQ_1.dat,225,17639775,12,13,0,test,diff_days_indoor,5,0,0,0,0,0,0.21378524601459503
data/raw/osu_lora/Diff_Days_Indoor_Setup/Day5/Device14/IQ_1.dat,226,17718174,12,12,1,test,diff_days_indoor,5,0,0,0,0,0,0.19834628701210022
data/raw/osu_lora/Diff_Days_Indoor_Setup/Day5/Device14/IQ_1.dat,227,17796573,12,13,0,test,diff_days_indoor,5,0,0,0,0,0,0.2319183647632599
data/raw/osu_lora/Diff_Days_Indoor_Setup/Day5/Device14/IQ_1.dat,228,17874972,12,12,1,test,diff_days_indoor,5,0,0,0,0,0,0.26008176803588867
data/raw/osu_lora/Diff_Days_Indoor_Setup/Day5/Device14/IQ_1.dat,229,17953371,12,12,1,test,diff_days_indoor,5,0,0,0,0,0,0.2144211381673813
data/raw/osu_lora/Diff_Days_Indoor_Setup/Day5/Device14/IQ_1.dat,230,18031770,12,12,1,test,diff_days_indoor,5,0,0,0,0,0,0.26115134358406067
data/raw/osu_lora/Diff_Days_Indoor_Setup/Day5/Device14/IQ_1.dat,231,18110169,12,9,0,test,diff_days_indoor,5,0,0,0,0,0,0.27819350361824036
data/raw/osu_lora/Diff_Days_Indoor_Setup/Day5/Device14/IQ_1.dat,232,18188568,12,17,0,test,diff_days_indoor,5,0,0,0,0,0,0.23169489204883575
data/raw/osu_lora/Diff_Days_Indoor_Setup/Day5/Device14/IQ_1.dat,233,18266967,12,13,0,test,diff_days_indoor,5,0,0,0,0,0,0.18227362632751465
data/raw/osu_lora/Diff_Days_Indoor_Setup/Day5/Device14/IQ_1.dat,234,18345366,12,17,0,test,diff_days_indoor,5,0,0,0,0,0,0.25020813941955566
data/raw/osu_lora/Diff_Days_Indoor_Setup/Day5/Device14/IQ_1.dat,235,18423765,12,13,0,test,diff_days_indoor,5,0,0,0,0,0,0.21908694505691528
data/raw/osu_lora/Diff_Days_Indoor_Setup/Day5/Device14/IQ_1.dat,236,18502164,12,13,0,test,diff_days_indoor,5,0,0,0,0,0,0.17930977046489716
data/raw/osu_lora/Diff_Days_Indoor_Setup/Day5/Device14/IQ_1.dat,237,18580563,12,13,0,test,diff_days_indoor,5,0,0,0,0,0,0.17556819319725037
data/raw/osu_lora/Diff_Days_Indoor_Setup/Day5/Device14/IQ_1.dat,238,18658962,12,12,1,test,diff_days_indoor,5,0,0,0,0,0,0.25815582275390625
data/raw/osu_lora/Diff_Days_Indoor_Setup/Day5/Device14/IQ_1.dat,239,18737361,12,13,0,test,diff_days_indoor,5,0,0,0,0,0,0.22896252572536469
data/raw/osu_lora/Diff_Days_Indoor_Setup/Day5/Device14/IQ_1.dat,240,18815760,12,7,0,test,diff_days_indoor,5,0,0,0,0,0,0.28599438071250916
data/raw/osu_lora/Diff_Days_Indoor_Setup/Day5/Device14/IQ_1.dat,241,18894159,12,12,1,test,diff_days_indoor,5,0,0,0,0,0,0.24090109765529633
data/raw/osu_lora/Diff_Days_Indoor_Setup/Day5/Device14/IQ_1.dat,242,18972558,12,7,0,test,diff_days_indoor,5,0,0,0,0,0,0.2512509226799011
data/raw/osu_lora/Diff_Days_Indoor_Setup/Day5/Device14/IQ_1.dat,243,19050957,12,13,0,test,diff_days_indoor,5,0,0,0,0,0,0.2197527289390564
data/raw/osu_lora/Diff_Days_Indoor_Setup/Day5/Device14/IQ_1.dat,244,19129356,12,9,0,test,diff_days_indoor,5,0,0,0,0,0,0.24007900059223175
data/raw/osu_lora/Diff_Days_Indoor_Setup/Day5/Device14/IQ_1.dat,245,19207755,12,13,0,test,diff_days_indoor,5,0,0,0,0,0,0.27869078516960144
data/raw/osu_lora/Diff_Days_Indoor_Setup/Day5/Device14/IQ_1.dat,246,19286154,12,12,1,test,diff_days_indoor,5,0,0,0,0,0,0.22750462591648102
data/raw/osu_lora/Diff_Days_Indoor_Setup/Day5/Device14/IQ_1.dat,247,19364553,12,12,1,test,diff_days_indoor,5,0,0,0,0,0,0.26787716150283813
data/raw/osu_lora/Diff_Days_Indoor_Setup/Day5/Device14/IQ_1.dat,248,19442952,12,12,1,test,diff_days_indoor,5,0,0,0,0,0,0.28086960315704346
data/raw/osu_lora/Diff_Days_Indoor_Setup/Day5/Device14/IQ_1.dat,249,19521351,12,17,0,test,diff_days_indoor,5,0,0,0,0,0,0.2520104944705963
data/raw/osu_lora/Diff_Days_Indoor_Setup/Day5/Device14/IQ_1.dat,250,19599750,12,12,1,test,diff_days_indoor,5,0,0,0,0,0,0.1824771612882614
data/raw/osu_lora/Diff_Days_Indoor_Setup/Day5/Device14/IQ_1.dat,251,19678149,12,12,1,test,diff_days_indoor,5,0,0,0,0,0,0.2694489359855652
data/raw/osu_lora/Diff_Days_Indoor_Setup/Day5/Device14/IQ_1.dat,252,19756548,12,9,0,test,diff_days_indoor,5,0,0,0,0,0,0.23162946105003357
data/raw/osu_lora/Diff_Days_Indoor_Setup/Day5/Device14/IQ_1.dat,253,19834947,12,13,0,test,diff_days_indoor,5,0,0,0,0,0,0.21329323947429657
data/raw/osu_lora/Diff_Days_Indoor_Setup/Day5/Device14/IQ_1.dat,254,19913346,12,12,1,test,diff_days_indoor,5,0,0,0,0,0,0.2545839250087738
data/raw/osu_lora/Diff_Days_Indoor_Setup/Day5/Device14/IQ_1.dat,255,19991745,12,12,1,test,diff_days_indoor,5,0,0,0,0,0,0.23828797042369843
data/raw/osu_lora/Diff_Days_Indoor_Setup/Day5/Device15/IQ_1.dat,0,0,13,13,1,test,diff_days_indoor,5,0,0,0,0,0,0.2274049073457718
data/raw/osu_lora/Diff_Days_Indoor_Setup/Day5/Device15/IQ_1.dat,1,78399,13,17,0,test,diff_days_indoor,5,0,0,0,0,0,0.2184734344482422
data/raw/osu_lora/Diff_Days_Indoor_Setup/Day5/Device15/IQ_1.dat,2,156798,13,7,0,test,diff_days_indoor,5,0,0,0,0,0,0.2458983212709427
data/raw/osu_lora/Diff_Days_Indoor_Setup/Day5/Device15/IQ_1.dat,3,235197,13,13,1,test,diff_days_indoor,5,0,0,0,0,0,0.19688695669174194
data/raw/osu_lora/Diff_Days_Indoor_Setup/Day5/Device15/IQ_1.dat,4,313596,13,13,1,test,diff_days_indoor,5,0,0,0,0,0,0.22781600058078766
data/raw/osu_lora/Diff_Days_Indoor_Setup/Day5/Device15/IQ_1.dat,5,391995,13,9,0,test,diff_days_indoor,5,0,0,0,0,0,0.20599567890167236
data/raw/osu_lora/Diff_Days_Indoor_Setup/Day5/Device15/IQ_1.dat,6,470394,13,9,0,test,diff_days_indoor,5,0,0,0,0,0,0.21611946821212769
data/raw/osu_lora/Diff_Days_Indoor_Setup/Day5/Device15/IQ_1.dat,7,548793,13,7,0,test,diff_days_indoor,5,0,0,0,0,0,0.24353104829788208
data/raw/osu_lora/Diff_Days_Indoor_Setup/Day5/Device15/IQ_1.dat,8,627192,13,9,0,test,diff_days_indoor,5,0,0,0,0,0,0.2509549558162689
data/raw/osu_lora/Diff_Days_Indoor_Setup/Day5/Device15/IQ_1.dat,9,705591,13,13,1,test,diff_days_indoor,5,0,0,0,0,0,0.267156183719635
data/raw/osu_lora/Diff_Days_Indoor_Setup/Day5/Device15/IQ_1.dat,10,783990,13,13,1,test,diff_days_indoor,5,0,0,0,0,0,0.20678997039794922
data/raw/osu_lora/Diff_Days_Indoor_Setup/Day5/Device15/IQ_1.dat,11,862389,13,13,1,test,diff_days_indoor,5,0,0,0,0,0,0.194539412856102
data/raw/osu_lora/Diff_Days_Indoor_Setup/Day5/Device15/IQ_1.dat,12,940788,13,14,0,test,diff_days_indoor,5,0,0,0,0,0,0.25380346179008484
data/raw/osu_lora/Diff_Days_Indoor_Setup/Day5/Device15/IQ_1.dat,13,1019187,13,12,0,test,diff_days_indoor,5,0,0,0,0,0,0.24107442796230316
data/raw/osu_lora/Diff_Days_Indoor_Setup/Day5/Device15/IQ_1.dat,14,1097586,13,12,0,test,diff_days_indoor,5,0,0,0,0,0,0.24501700699329376
data/raw/osu_lora/Diff_Days_Indoor_Setup/Day5/Device15/IQ_1.dat,15,1175985,13,12,0,test,diff_days_indoor,5,0,0,0,0,0,0.24037806689739227
data/raw/osu_lora/Diff_Days_Indoor_Setup/Day5/Device15/IQ_1.dat,16,1254384,13,12,0,test,diff_days_indoor,5,0,0,0,0,0,0.2549208998680115
data/raw/osu_lora/Diff_Days_Indoor_Setup/Day5/Device15/IQ_1.dat,17,1332783,13,12,0,test,diff_days_indoor,5,0,0,0,0,0,0.2641512453556061
data/raw/osu_lora/Diff_Days_Indoor_Setup/Day5/Device15/IQ_1.dat,18,1411182,13,14,0,test,diff_days_indoor,5,0,0,0,0,0,0.2332129180431366
data/raw/osu_lora/Diff_Days_Indoor_Setup/Day5/Device15/IQ_1.dat,19,1489581,13,21,0,test,diff_days_indoor,5,0,0,0,0,0,0.1673445850610733
data/raw/osu_lora/Diff_Days_Indoor_Setup/Day5/Device15/IQ_1.dat,20,1567980,13,12,0,test,diff_days_indoor,5,0,0,0,0,0,0.2987578213214874
data/raw/osu_lora/Diff_Days_Indoor_Setup/Day5/Device15/IQ_1.dat,21,1646379,13,14,0,test,diff_days_indoor,5,0,0,0,0,0,0.2242092788219452
data/raw/osu_lora/Diff_Days_Indoor_Setup/Day5/Device15/IQ_1.dat,22,1724778,13,21,0,test,diff_days_indoor,5,0,0,0,0,0,0.11200181394815445
data/raw/osu_lora/Diff_Days_Indoor_Setup/Day5/Device15/IQ_1.dat,23,1803177,13,12,0,test,diff_days_indoor,5,0,0,0,0,0,0.30401816964149475
data/raw/osu_lora/Diff_Days_Indoor_Setup/Day5/Device15/IQ_1.dat,24,1881576,13,12,0,test,diff_days_indoor,5,0,0,0,0,0,0.2626214027404785
data/raw/osu_lora/Diff_Days_Indoor_Setup/Day5/Device15/IQ_1.dat,25,1959975,13,12,0,test,diff_days_indoor,5,0,0,0,0,0,0.25593650341033936
data/raw/osu_lora/Diff_Days_Indoor_Setup/Day5/Device15/IQ_1.dat,26,2038374,13,9,0,test,diff_days_indoor,5,0,0,0,0,0,0.25204432010650635
data/raw/osu_lora/Diff_Days_Indoor_Setup/Day5/Device15/IQ_1.dat,27,2116773,13,13,1,test,diff_days_indoor,5,0,0,0,0,0,0.20637449622154236
data/raw/osu_lora/Diff_Days_Indoor_Setup/Day5/Device15/IQ_1.dat,28,2195172,13,13,1,test,diff_days_indoor,5,0,0,0,0,0,0.2532229721546173
data/raw/osu_lora/Diff_Days_Indoor_Setup/Day5/Device15/IQ_1.dat,29,2273571,13,12,0,test,diff_days_indoor,5,0,0,0,0,0,0.26803532242774963
data/raw/osu_lora/Diff_Days_Indoor_Setup/Day5/Device15/IQ_1.dat,30,2351970,13,12,0,test,diff_days_indoor,5,0,0,0,0,0,0.27363336086273193
data/raw/osu_lora/Diff_Days_Indoor_Setup/Day5/Device15/IQ_1.dat,31,2430369,13,12,0,test,diff_days_indoor,5,0,0,0,0,0,0.2515181601047516
data/raw/osu_lora/Diff_Days_Indoor_Setup/Day5/Device15/IQ_1.dat,32,2508768,13,13,1,test,diff_days_indoor,5,0,0,0,0,0,0.18205858767032623
data/raw/osu_lora/Diff_Days_Indoor_Setup/Day5/Device15/IQ_1.dat,33,2587167,13,12,0,test,diff_days_indoor,5,0,0,0,0,0,0.25483542680740356
data/raw/osu_lora/Diff_Days_Indoor_Setup/Day5/Device15/IQ_1.dat,34,2665566,13,12,0,test,diff_days_indoor,5,0,0,0,0,0,0.2889269292354584
data/raw/osu_lora/Diff_Days_Indoor_Setup/Day5/Device15/IQ_1.dat,35,2743965,13,7,0,test,diff_days_indoor,5,0,0,0,0,0,0.21590901911258698
data/raw/osu_lora/Diff_Days_Indoor_Setup/Day5/Device15/IQ_1.dat,36,2822364,13,14,0,test,diff_days_indoor,5,0,0,0,0,0,0.19502295553684235
data/raw/osu_lora/Diff_Days_Indoor_Setup/Day5/Device15/IQ_1.dat,37,2900763,13,13,1,test,diff_days_indoor,5,0,0,0,0,0,0.20784546434879303
data/raw/osu_lora/Diff_Days_Indoor_Setup/Day5/Device15/IQ_1.dat,38,2979162,13,13,1,test,diff_days_indoor,5,0,0,0,0,0,0.24319982528686523
data/raw/osu_lora/Diff_Days_Indoor_Setup/Day5/Device15/IQ_1.dat,39,3057561,13,9,0,test,diff_days_indoor,5,0,0,0,0,0,0.18121437728405
data/raw/osu_lora/Diff_Days_Indoor_Setup/Day5/Device15/IQ_1.dat,40,3135960,13,12,0,test,diff_days_indoor,5,0,0,0,0,0,0.2908644378185272
data/raw/osu_lora/Diff_Days_Indoor_Setup/Day5/Device15/IQ_1.dat,41,3214359,13,17,0,test,diff_days_indoor,5,0,0,0,0,0,0.21930524706840515
data/raw/osu_lora/Diff_Days_Indoor_Setup/Day5/Device15/IQ_1.dat,42,3292758,13,17,0,test,diff_days_indoor,5,0,0,0,0,0,0.2672956883907318
data/raw/osu_lora/Diff_Days_Indoor_Setup/Day5/Device15/IQ_1.dat,43,3371157,13,4,0,test,diff_days_indoor,5,0,0,0,0,0,0.17747069895267487
data/raw/osu_lora/Diff_Days_Indoor_Setup/Day5/Device15/IQ_1.dat,44,3449556,13,12,0,test,diff_days_indoor,5,0,0,0,0,0,0.2834406793117523
data/raw/osu_lora/Diff_Days_Indoor_Setup/Day5/Device15/IQ_1.dat,45,3527955,13,12,0,test,diff_days_indoor,5,0,0,0,0,0,0.24995456635951996
data/raw/osu_lora/Diff_Days_Indoor_Setup/Day5/Device15/IQ_1.dat,46,3606354,13,12,0,test,diff_days_indoor,5,0,0,0,0,0,0.19689014554023743
data/raw/osu_lora/Diff_Days_Indoor_Setup/Day5/Device15/IQ_1.dat,47,3684753,13,12,0,test,diff_days_indoor,5,0,0,0,0,0,0.25016844272613525
data/raw/osu_lora/Diff_Days_Indoor_Setup/Day5/Device15/IQ_1.dat,48,3763152,13,13,1,test,diff_days_indoor,5,0,0,0,0,0,0.13759875297546387
data/raw/osu_lora/Diff_Days_Indoor_Setup/Day5/Device15/IQ_1.dat,49,3841551,13,7,0,test,diff_days_indoor,5,0,0,0,0,0,0.24933147430419922
data/raw/osu_lora/Diff_Days_Indoor_Setup/Day5/Device15/IQ_1.dat,50,3919950,13,17,0,test,diff_days_indoor,5,0,0,0,0,0,0.3011727035045624
data/raw/osu_lora/Diff_Days_Indoor_Setup/Day5/Device15/IQ_1.dat,51,3998349,13,13,1,test,diff_days_indoor,5,0,0,0,0,0,0.1602100431919098
data/raw/osu_lora/Diff_Days_Indoor_Setup/Day5/Device15/IQ_1.dat,52,4076748,13,13,1,test,diff_days_indoor,5,0,0,0,0,0,0.24058416485786438
data/raw/osu_lora/Diff_Days_Indoor_Setup/Day5/Device15/IQ_1.dat,53,4155147,13,12,0,test,diff_days_indoor,5,0,0,0,0,0,0.2179938703775406
data/raw/osu_lora/Diff_Days_Indoor_Setup/Day5/Device15/IQ_1.dat,54,4233546,13,13,1,test,diff_days_indoor,5,0,0,0,0,0,0.25054237246513367
data/raw/osu_lora/Diff_Days_Indoor_Setup/Day5/Device15/IQ_1.dat,55,4311945,13,13,1,test,diff_days_indoor,5,0,0,0,0,0,0.1601751446723938
data/raw/osu_lora/Diff_Days_Indoor_Setup/Day5/Device15/IQ_1.dat,56,4390344,13,12,0,test,diff_days_indoor,5,0,0,0,0,0,0.2587311863899231
data/raw/osu_lora/Diff_Days_Indoor_Setup/Day5/Device15/IQ_1.dat,57,4468743,13,12,0,test,diff_days_indoor,5,0,0,0,0,0,0.1981096714735031
data/raw/osu_lora/Diff_Days_Indoor_Setup/Day5/Device15/IQ_1.dat,58,4547142,13,12,0,test,diff_days_indoor,5,0,0,0,0,0,0.23867261409759521
data/raw/osu_lora/Diff_Days_Indoor_Setup/Day5/Device15/IQ_1.dat,59,4625541,13,7,0,test,diff_days_indoor,5,0,0,0,0,0,0.20839986205101013
data/raw/osu_lora/Diff_Days_Indoor_Setup/Day5/Device15/IQ_1.dat,60,4703940,13,12,0,test,diff_days_indoor,5,0,0,0,0,0,0.24184207618236542
data/raw/osu_lora/Diff_Days_Indoor_Setup/Day5/Device15/IQ_1.dat,61,4782339,13,13,1,test,diff_days_indoor,5,0,0,0,0,0,0.1919819712638855
data/raw/osu_lora/Diff_Days_Indoor_Setup/Day5/Device15/IQ_1.dat,62,4860738,13,12,0,test,diff_days_indoor,5,0,0,0,0,0,0.20907217264175415
data/raw/osu_lora/Diff_Days_Indoor_Setup/Day5/Device15/IQ_1.dat,63,4939137,13,14,0,test,diff_days_indoor,5,0,0,0,0,0,0.22170639038085938
data/raw/osu_lora/Diff_Days_Indoor_Setup/Day5/Device15/IQ_1.dat,64,5017536,13,12,0,test,diff_days_indoor,5,0,0,0,0,0,0.22225631773471832
data/raw/osu_lora/Diff_Days_Indoor_Setup/Day5/Device15/IQ_1.dat,65,5095935,13,12,0,test,diff_days_indoor,5,0,0,0,0,0,0.23239721357822418
data/raw/osu_lora/Diff_Days_Indoor_Setup/Day5/Device15/IQ_1.dat,66,5174334,13,12,0,test,diff_days_indoor,5,0,0,0,0,0,0.2579803168773651
data/raw/osu_lora/Diff_Days_Indoor_Setup/Day5/Device15/IQ_1.dat,67,5252733,13,12,0,test,diff_days_indoor,5,0,0,0,0,0,0.23923470079898834
data/raw/osu_lora/Diff_Days_Indoor_Setup/Day5/Device15/IQ_1.dat,68,5331132,13,7,0,test,diff_days_indoor,5,0,0,0,0,0,0.28929927945137024
data/raw/osu_lora/Diff_Days_Indoor_Setup/Day5/Device15/IQ_1.dat,69,5409531,13,12,0,test,diff_days_indoor,5,0,0,0,0,0,0.2552085518836975
data/raw/osu_lora/Diff_Days_Indoor_Setup/Day5/Device15/IQ_1.dat,70,5487930,13,13,1,test,diff_days_indoor,5,0,0,0,0,0,0.22963975369930267
data/raw/osu_lora/Diff_Days_Indoor_Setup/Day5/Device15/IQ_1.dat,71,5566329,13,12,0,test,diff_days_indoor,5,0,0,0,0,0,0.2809635400772095
data/raw/osu_lora/Diff_Days_Indoor_Setup/Day5/Device15/IQ_1.dat,72,5644728,13,13,1,test,diff_days_indoor,5,0,0,0,0,0,0.25370094180107117
data/raw/osu_lora/Diff_Days_Indoor_Setup/Day5/Device15/IQ_1.dat,73,5723127,13,13,1,test,diff_days_indoor,5,0,0,0,0,0,0.2498239278793335
data/raw/osu_lora/Diff_Days_Indoor_Setup/Day5/Device15/IQ_1.dat,74,5801526,13,12,0,test,diff_days_indoor,5,0,0,0,0,0,0.25274765491485596
data/raw/osu_lora/Diff_Days_Indoor_Setup/Day5/Device15/IQ_1.dat,75,5879925,13,12,0,test,diff_days_indoor,5,0,0,0,0,0,0.22475962340831757
data/raw/osu_lora/Diff_Days_Indoor_Setup/Day5/Device15/IQ_1.dat,76,5958324,13,12,0,test,diff_days_indoor,5,0,0,0,0,0,0.2724575996398926
data/raw/osu_lora/Diff_Days_Indoor_Setup/Day5/Device15/IQ_1.dat,77,6036723,13,7,0,test,diff_days_indoor,5,0,0,0,0,0,0.2500685155391693
data/raw/osu_lora/Diff_Days_Indoor_Setup/Day5/Device15/IQ_1.dat,78,6115122,13,9,0,test,diff_days_indoor,5,0,0,0,0,0,0.237653911113739
data/raw/osu_lora/Diff_Days_Indoor_Setup/Day5/Device15/IQ_1.dat,79,6193521,13,12,0,test,diff_days_indoor,5,0,0,0,0,0,0.25550565123558044
data/raw/osu_lora/Diff_Days_Indoor_Setup/Day5/Device15/IQ_1.dat,80,6271920,13,13,1,test,diff_days_indoor,5,0,0,0,0,0,0.20175471901893616
data/raw/osu_lora/Diff_Days_Indoor_Setup/Day5/Device15/IQ_1.dat,81,6350319,13,13,1,test,diff_days_indoor,5,0,0,0,0,0,0.2116537094116211
data/raw/osu_lora/Diff_Days_Indoor_Setup/Day5/Device15/IQ_1.dat,82,6428718,13,13,1,test,diff_days_indoor,5,0,0,0,0,0,0.20119425654411316
data/raw/osu_lora/Diff_Days_Indoor_Setup/Day5/Device15/IQ_1.dat,83,6507117,13,12,0,test,diff_days_indoor,5,0,0,0,0,0,0.19196008145809174
data/raw/osu_lora/Diff_Days_Indoor_Setup/Day5/Device15/IQ_1.dat,84,6585516,13,13,1,test,diff_days_indoor,5,0,0,0,0,0,0.17033497989177704
data/raw/osu_lora/Diff_Days_Indoor_Setup/Day5/Device15/IQ_1.dat,85,6663915,13,12,0,test,diff_days_indoor,5,0,0,0,0,0,0.27012574672698975
data/raw/osu_lora/Diff_Days_Indoor_Setup/Day5/Device15/IQ_1.dat,86,6742314,13,17,0,test,diff_days_indoor,5,0,0,0,0,0,0.16446088254451752
data/raw/osu_lora/Diff_Days_Indoor_Setup/Day5/Device15/IQ_1.dat,87,6820713,13,12,0,test,diff_days_indoor,5,0,0,0,0,0,0.30926474928855896
data/raw/osu_lora/Diff_Days_Indoor_Setup/Day5/Device15/IQ_1.dat,88,6899112,13,13,1,test,diff_days_indoor,5,0,0,0,0,0,0.1938745677471161
data/raw/osu_lora/Diff_Days_Indoor_Setup/Day5/Device15/IQ_1.dat,89,6977511,13,12,0,test,diff_days_indoor,5,0,0,0,0,0,0.2767653167247772
data/raw/osu_lora/Diff_Days_Indoor_Setup/Day5/Device15/IQ_1.dat,90,7055910,13,12,0,test,diff_days_indoor,5,0,0,0,0,0,0.2535746693611145
data/raw/osu_lora/Diff_Days_Indoor_Setup/Day5/Device15/IQ_1.dat,91,7134309,13,7,0,test,diff_days_indoor,5,0,0,0,0,0,0.24041016399860382
data/raw/osu_lora/Diff_Days_Indoor_Setup/Day5/Device15/IQ_1.dat,92,7212708,13,12,0,test,diff_days_indoor,5,0,0,0,0,0,0.24448120594024658
data/raw/osu_lora/Diff_Days_Indoor_Setup/Day5/Device15/IQ_1.dat,93,7291107,13,12,0,test,diff_days_indoor,5,0,0,0,0,0,0.2794727385044098
data/raw/osu_lora/Diff_Days_Indoor_Setup/Day5/Device15/IQ_1.dat,94,7369506,13,14,0,test,diff_days_indoor,5,0,0,0,0,0,0.1938088834285736
data/raw/osu_lora/Diff_Days_Indoor_Setup/Day5/Device15/IQ_1.dat,95,7447905,13,8,0,test,diff_days_indoor,5,0,0,0,0,0,0.0919496938586235
data/raw/osu_lora/Diff_Days_Indoor_Setup/Day5/Device15/IQ_1.dat,96,7526304,13,12,0,test,diff_days_indoor,5,0,0,0,0,0,0.2831854820251465
data/raw/osu_lora/Diff_Days_Indoor_Setup/Day5/Device15/IQ_1.dat,97,7604703,13,13,1,test,diff_days_indoor,5,0,0,0,0,0,0.1820642054080963
data/raw/osu_lora/Diff_Days_Indoor_Setup/Day5/Device15/IQ_1.dat,98,7683102,13,12,0,test,diff_days_indoor,5,0,0,0,0,0,0.2890171706676483
data/raw/osu_lora/Diff_Days_Indoor_Setup/Day5/Device15/IQ_1.dat,99,7761501,13,13,1,test,diff_days_indoor,5,0,0,0,0,0,0.2535969614982605
data/raw/osu_lora/Diff_Days_Indoor_Setup/Day5/Device15/IQ_1.dat,100,7839900,13,17,0,test,diff_days_indoor,5,0,0,0,0,0,0.1883663386106491
data/raw/osu_lora/Diff_Days_Indoor_Setup/Day5/Device15/IQ_1.dat,101,7918299,13,13,1,test,diff_days_indoor,5,0,0,0,0,0,0.25760021805763245
data/raw/osu_lora/Diff_Days_Indoor_Setup/Day5/Device15/IQ_1.dat,102,7996698,13,12,0,test,diff_days_indoor,5,0,0,0,0,0,0.276375949382782
data/raw/osu_lora/Diff_Days_Indoor_Setup/Day5/Device15/IQ_1.dat,103,8075097,13,12,0,test,diff_days_indoor,5,0,0,0,0,0,0.277159184217453
data/raw/osu_lora/Diff_Days_Indoor_Setup/Day5/Device15/IQ_1.dat,104,8153496,13,13,1,test,diff_days_indoor,5,0,0,0,0,0,0.1612950563430786
data/raw/osu_lora/Diff_Days_Indoor_Setup/Day5/Device15/IQ_1.dat,105,8231895,13,12,0,test,diff_days_indoor,5,0,0,0,0,0,0.21574687957763672
data/raw/osu_lora/Diff_Days_Indoor_Setup/Day5/Device15/IQ_1.dat,106,8310294,13,12,0,test,diff_days_indoor,5,0,0,0,0,0,0.2732956111431122
data/raw/osu_lora/Diff_Days_Indoor_Setup/Day5/Device15/IQ_1.dat,107,8388693,13,13,1,test,diff_days_indoor,5,0,0,0,0,0,0.23541761934757233
data/raw/osu_lora/Diff_Days_Indoor_Setup/Day5/Device15/IQ_1.dat,108,8467092,13,13,1,test,diff_days_indoor,5,0,0,0,0,0,0.18402200937271118
data/raw/osu_lora/Diff_Days_Indoor_Setup/Day5/Device15/IQ_1.dat,109,8545491,13,17,0,test,diff_days_indoor,5,0,0,0,0,0,0.22868962585926056
data/raw/osu_lora/Diff_Days_Indoor_Setup/Day5/Device15/IQ_1.dat,110,8623890,13,13,1,test,diff_days_indoor,5,0,0,0,0,0,0.1938808113336563
data/raw/osu_lora/Diff_Days_Indoor_Setup/Day5/Device15/IQ_1.dat,111,8702289,13,7,0,test,diff_days_indoor,5,0,0,0,0,0,0.22436200082302094
data/raw/osu_lora/Diff_Days_Indoor_Setup/Day5/Device15/IQ_1.dat,112,8780688,13,7,0,test,diff_days_indoor,5,0,0,0,0,0,0.29714784026145935
data/raw/osu_lora/Diff_Days_Indoor_Setup/Day5/Device15/IQ_1.dat,113,8859087,13,12,0,test,diff_days_indoor,5,0,0,0,0,0,0.2445363998413086
data/raw/osu_lora/Diff_Days_Indoor_Setup/Day5/Device15/IQ_1.dat,114,8937486,13,13,1,test,diff_days_indoor,5,0,0,0,0,0,0.17081452906131744
data/raw/osu_lora/Diff_Days_Indoor_Setup/Day5/Device15/IQ_1.dat,115,9015885,13,7,0,test,diff_days_indoor,5,0,0,0,0,0,0.22642210125923157
data/raw/osu_lora/Diff_Days_Indoor_Setup/Day5/Device15/IQ_1.dat,116,9094284,13,12,0,test,diff_days_indoor,5,0,0,0,0,0,0.2659832835197449
data/raw/osu_lora/Diff_Days_Indoor_Setup/Day5/Device15/IQ_1.dat,117,9172683,13,12,0,test,diff_days_indoor,5,0,0,0,0,0,0.2606836259365082
data/raw/osu_lora/Diff_Days_Indoor_Setup/Day5/Device15/IQ_1.dat,118,9251082,13,12,0,test,diff_days_indoor,5,0,0,0,0,0,0.2723464071750641
data/raw/osu_lora/Diff_Days_Indoor_Setup/Day5/Device15/IQ_1.dat,119,9329481,13,12,0,test,diff_days_indoor,5,0,0,0,0,0,0.23175673186779022
data/raw/osu_lora/Diff_Days_Indoor_Setup/Day5/Device15/IQ_1.dat,120,9407880,13,7,0,test,diff_days_indoor,5,0,0,0,0,0,0.1981242448091507
data/raw/osu_lora/Diff_Days_Indoor_Setup/Day5/Device15/IQ_1.dat,121,9486279,13,7,0,test,diff_days_indoor,5,0,0,0,0,0,0.257264643907547
data/raw/osu_lora/Diff_Days_Indoor_Setup/Day5/Device15/IQ_1.dat,122,9564678,13,12,0,test,diff_days_indoor,5,0,0,0,0,0,0.2524856925010681
data/raw/osu_lora/Diff_Days_Indoor_Setup/Day5/Device15/IQ_1.dat,123,9643077,13,13,1,test,diff_days_indoor,5,0,0,0,0,0,0.2197912037372589
data/raw/osu_lora/Diff_Days_Indoor_Setup/Day5/Device15/IQ_1.dat,124,9721476,13,13,1,test,diff_days_indoor,5,0,0,0,0,0,0.24061881005764008
data/raw/osu_lora/Diff_Days_Indoor_Setup/Day5/Device15/IQ_1.dat,125,9799875,13,15,0,test,diff_days_indoor,5,0,0,0,0,0,0.14523541927337646
data/raw/osu_lora/Diff_Days_Indoor_Setup/Day5/Device15/IQ_1.dat,126,9878274,13,13,1,test,diff_days_indoor,5,0,0,0,0,0,0.1951897144317627
data/raw/osu_lora/Diff_Days_Indoor_Setup/Day5/Device15/IQ_1.dat,127,9956673,13,12,0,test,diff_days_indoor,5,0,0,0,0,0,0.21487754583358765
data/raw/osu_lora/Diff_Days_Indoor_Setup/Day5/Device15/IQ_1.dat,128,10035072,13,14,0,test,diff_days_indoor,5,0,0,0,0,0,0.27750346064567566
data/raw/osu_lora/Diff_Days_Indoor_Setup/Day5/Device15/IQ_1.dat,129,10113471,13,12,0,test,diff_days_indoor,5,0,0,0,0,0,0.26153334975242615
data/raw/osu_lora/Diff_Days_Indoor_Setup/Day5/Device15/IQ_1.dat,130,10191870,13,12,0,test,diff_days_indoor,5,0,0,0,0,0,0.2524763345718384
data/raw/osu_lora/Diff_Days_Indoor_Setup/Day5/Device15/IQ_1.dat,131,10270269,13,12,0,test,diff_days_indoor,5,0,0,0,0,0,0.24123775959014893
data/raw/osu_lora/Diff_Days_Indoor_Setup/Day5/Device15/IQ_1.dat,132,10348668,13,13,1,test,diff_days_indoor,5,0,0,0,0,0,0.2444683313369751
data/raw/osu_lora/Diff_Days_Indoor_Setup/Day5/Device15/IQ_1.dat,133,10427067,13,12,0,test,diff_days_indoor,5,0,0,0,0,0,0.22906798124313354
data/raw/osu_lora/Diff_Days_Indoor_Setup/Day5/Device15/IQ_1.dat,134,10505466,13,12,0,test,diff_days_indoor,5,0,0,0,0,0,0.2279607653617859
data/raw/osu_lora/Diff_Days_Indoor_Setup/Day5/Device15/IQ_1.dat,135,10583865,13,13,1,test,diff_days_indoor,5,0,0,0,0,0,0.24166308343410492
data/raw/osu_lora/Diff_Days_Indoor_Setup/Day5/Device15/IQ_1.dat,136,10662264,13,13,1,test,diff_days_indoor,5,0,0,0,0,0,0.22234563529491425
data/raw/osu_lora/Diff_Days_Indoor_Setup/Day5/Device15/IQ_1.dat,137,10740663,13,12,0,test,diff_days_indoor,5,0,0,0,0,0,0.23874811828136444
data/raw/osu_lora/Diff_Days_Indoor_Setup/Day5/Device15/IQ_1.dat,138,10819062,13,13,1,test,diff_days_indoor,5,0,0,0,0,0,0.23118090629577637
data/raw/osu_lora/Diff_Days_Indoor_Setup/Day5/Device15/IQ_1.dat,139,10897461,13,14,0,test,diff_days_indoor,5,0,0,0,0,0,0.20960627496242523
data/raw/osu_lora/Diff_Days_Indoor_Setup/Day5/Device15/IQ_1.dat,140,10975860,13,12,0,test,diff_days_indoor,5,0,0,0,0,0,0.25233393907546997
data/raw/osu_lora/Diff_Days_Indoor_Setup/Day5/Device15/IQ_1.dat,141,11054259,13,12,0,test,diff_days_indoor,5,0,0,0,0,0,0.2718454599380493
data/raw/osu_lora/Diff_Days_Indoor_Setup/Day5/Device15/IQ_1.dat,142,11132658,13,13,1,test,diff_days_indoor,5,0,0,0,0,0,0.08782942593097687
data/raw/osu_lora/Diff_Days_Indoor_Setup/Day5/Device15/IQ_1.dat,143,11211057,13,13,1,test,diff_days_indoor,5,0,0,0,0,0,0.2382136583328247
data/raw/osu_lora/Diff_Days_Indoor_Setup/Day5/Device15/IQ_1.dat,144,11289456,13,12,0,test,diff_days_indoor,5,0,0,0,0,0,0.2868046164512634
data/raw/osu_lora/Diff_Days_Indoor_Setup/Day5/Device15/IQ_1.dat,145,11367855,13,12,0,test,diff_days_indoor,5,0,0,0,0,0,0.23861388862133026
data/raw/osu_lora/Diff_Days_Indoor_Setup/Day5/Device15/IQ_1.dat,146,11446254,13,12,0,test,diff_days_indoor,5,0,0,0,0,0,0.26274460554122925
data/raw/osu_lora/Diff_Days_Indoor_Setup/Day5/Device15/IQ_1.dat,147,11524653,13,9,0,test,diff_days_indoor,5,0,0,0,0,0,0.21605074405670166
data/raw/osu_lora/Diff_Days_Indoor_Setup/Day5/Device15/IQ_1.dat,148,11603052,13,4,0,test,diff_days_indoor,5,0,0,0,0,0,0.33916446566581726
data/raw/osu_lora/Diff_Days_Indoor_Setup/Day5/Device15/IQ_1.dat,149,11681451,13,13,1,test,diff_days_indoor,5,0,0,0,0,0,0.16897638142108917
data/raw/osu_lora/Diff_Days_Indoor_Setup/Day5/Device15/IQ_1.dat,150,11759850,13,13,1,test,diff_days_indoor,5,0,0,0,0,0,0.23737820982933044
data/raw/osu_lora/Diff_Days_Indoor_Setup/Day5/Device15/IQ_1.dat,151,11838249,13,13,1,test,diff_days_indoor,5,0,0,0,0,0,0.20098507404327393
data/raw/osu_lora/Diff_Days_Indoor_Setup/Day5/Device15/IQ_1.dat,152,11916648,13,12,0,test,diff_days_indoor,5,0,0,0,0,0,0.2649014890193939
data/raw/osu_lora/Diff_Days_Indoor_Setup/Day5/Device15/IQ_1.dat,153,11995047,13,12,0,test,diff_days_indoor,5,0,0,0,0,0,0.2433699518442154
data/raw/osu_lora/Diff_Days_Indoor_Setup/Day5/Device15/IQ_1.dat,154,12073446,13,13,1,test,diff_days_indoor,5,0,0,0,0,0,0.24082867801189423
data/raw/osu_lora/Diff_Days_Indoor_Setup/Day5/Device15/IQ_1.dat,155,12151845,13,7,0,test,diff_days_indoor,5,0,0,0,0,0,0.309666246175766
data/raw/osu_lora/Diff_Days_Indoor_Setup/Day5/Device15/IQ_1.dat,156,12230244,13,9,0,test,diff_days_indoor,5,0,0,0,0,0,0.19393688440322876
data/raw/osu_lora/Diff_Days_Indoor_Setup/Day5/Device15/IQ_1.dat,157,12308643,13,9,0,test,diff_days_indoor,5,0,0,0,0,0,0.21230201423168182
data/raw/osu_lora/Diff_Days_Indoor_Setup/Day5/Device15/IQ_1.dat,158,12387042,13,12,0,test,diff_days_indoor,5,0,0,0,0,0,0.24268671870231628
data/raw/osu_lora/Diff_Days_Indoor_Setup/Day5/Device15/IQ_1.dat,159,12465441,13,14,0,test,diff_days_indoor,5,0,0,0,0,0,0.1936006247997284
data/raw/osu_lora/Diff_Days_Indoor_Setup/Day5/Device15/IQ_1.dat,160,12543840,13,12,0,test,diff_days_indoor,5,0,0,0,0,0,0.2583678662776947
data/raw/osu_lora/Diff_Days_Indoor_Setup/Day5/Device15/IQ_1.dat,161,12622239,13,12,0,test,diff_days_indoor,5,0,0,0,0,0,0.2320404052734375
data/raw/osu_lora/Diff_Days_Indoor_Setup/Day5/Device15/IQ_1.dat,162,12700638,13,12,0,test,diff_days_indoor,5,0,0,0,0,0,0.28315219283103943
data/raw/osu_lora/Diff_Days_Indoor_Setup/Day5/Device15/IQ_1.dat,163,12779037,13,12,0,test,diff_days_indoor,5,0,0,0,0,0,0.3167319893836975
data/raw/osu_lora/Diff_Days_Indoor_Setup/Day5/Device15/IQ_1.dat,164,12857436,13,7,0,test,diff_days_indoor,5,0,0,0,0,0,0.30507543683052063
data/raw/osu_lora/Diff_Days_Indoor_Setup/Day5/Device15/IQ_1.dat,165,12935835,13,13,1,test,diff_days_indoor,5,0,0,0,0,0,0.17078061401844025
data/raw/osu_lora/Diff_Days_Indoor_Setup/Day5/Device15/IQ_1.dat,166,13014234,13,12,0,test,diff_days_indoor,5,0,0,0,0,0,0.2502226233482361
data/raw/osu_lora/Diff_Days_Indoor_Setup/Day5/Device15/IQ_1.dat,167,13092633,13,12,0,test,diff_days_indoor,5,0,0,0,0,0,0.1959359347820282
data/raw/osu_lora/Diff_Days_Indoor_Setup/Day5/Device15/IQ_1.dat,168,13171032,13,13,1,test,diff_days_indoor,5,0,0,0,0,0,0.1385643035173416
data/raw/osu_lora/Diff_Days_Indoor_Setup/Day5/Device15/IQ_1.dat,169,13249431,13,7,0,test,diff_days_indoor,5,0,0,0,0,0,0.20645767450332642
data/raw/osu_lora/Diff_Days_Indoor_Setup/Day5/Device15/IQ_1.dat,170,13327830,13,13,1,test,diff_days_indoor,5,0,0,0,0,0,0.21384228765964508
data/raw/osu_lora/Diff_Days_Indoor_Setup/Day5/Device15/IQ_1.dat,171,13406229,13,12,0,test,diff_days_indoor,5,0,0,0,0,0,0.20702147483825684
data/raw/osu_lora/Diff_Days_Indoor_Setup/Day5/Device15/IQ_1.dat,172,13484628,13,12,0,test,diff_days_indoor,5,0,0,0,0,0,0.27428916096687317
data/raw/osu_lora/Diff_Days_Indoor_Setup/Day5/Device15/IQ_1.dat,173,13563027,13,13,1,test,diff_days_indoor,5,0,0,0,0,0,0.2342902272939682
data/raw/osu_lora/Diff_Days_Indoor_Setup/Day5/Device15/IQ_1.dat,174,13641426,13,12,0,test,diff_days_indoor,5,0,0,0,0,0,0.2955855131149292
data/raw/osu_lora/Diff_Days_Indoor_Setup/Day5/Device15/IQ_1.dat,175,13719825,13,13,1,test,diff_days_indoor,5,0,0,0,0,0,0.18927188217639923
data/raw/osu_lora/Diff_Days_Indoor_Setup/Day5/Device15/IQ_1.dat,176,13798224,13,12,0,test,diff_days_indoor,5,0,0,0,0,0,0.23172013461589813
data/raw/osu_lora/Diff_Days_Indoor_Setup/Day5/Device15/IQ_1.dat,177,13876623,13,12,0,test,diff_days_indoor,5,0,0,0,0,0,0.2696918845176697
data/raw/osu_lora/Diff_Days_Indoor_Setup/Day5/Device15/IQ_1.dat,178,13955022,13,13,1,test,diff_days_indoor,5,0,0,0,0,0,0.182066410779953
data/raw/osu_lora/Diff_Days_Indoor_Setup/Day5/Device15/IQ_1.dat,179,14033421,13,12,0,test,diff_days_indoor,5,0,0,0,0,0,0.2203894704580307
data/raw/osu_lora/Diff_Days_Indoor_Setup/Day5/Device15/IQ_1.dat,180,14111820,13,17,0,test,diff_days_indoor,5,0,0,0,0,0,0.28616654872894287
data/raw/osu_lora/Diff_Days_Indoor_Setup/Day5/Device15/IQ_1.dat,181,14190219,13,13,1,test,diff_days_indoor,5,0,0,0,0,0,0.2287748157978058
data/raw/osu_lora/Diff_Days_Indoor_Setup/Day5/Device15/IQ_1.dat,182,14268618,13,13,1,test,diff_days_indoor,5,0,0,0,0,0,0.17123648524284363
data/raw/osu_lora/Diff_Days_Indoor_Setup/Day5/Device15/IQ_1.dat,183,14347017,13,12,0,test,diff_days_indoor,5,0,0,0,0,0,0.18510790169239044
data/raw/osu_lora/Diff_Days_Indoor_Setup/Day5/Device15/IQ_1.dat,184,14425416,13,13,1,test,diff_days_indoor,5,0,0,0,0,0,0.16976675391197205
data/raw/osu_lora/Diff_Days_Indoor_Setup/Day5/Device15/IQ_1.dat,185,14503815,13,13,1,test,diff_days_indoor,5,0,0,0,0,0,0.18842434883117676
data/raw/osu_lora/Diff_Days_Indoor_Setup/Day5/Device15/IQ_1.dat,186,14582214,13,17,0,test,diff_days_indoor,5,0,0,0,0,0,0.2236257791519165
data/raw/osu_lora/Diff_Days_Indoor_Setup/Day5/Device15/IQ_1.dat,187,14660613,13,13,1,test,diff_days_indoor,5,0,0,0,0,0,0.24388448894023895
data/raw/osu_lora/Diff_Days_Indoor_Setup/Day5/Device15/IQ_1.dat,188,14739012,13,13,1,test,diff_days_indoor,5,0,0,0,0,0,0.2568623721599579
data/raw/osu_lora/Diff_Days_Indoor_Setup/Day5/Device15/IQ_1.dat,189,14817411,13,12,0,test,diff_days_indoor,5,0,0,0,0,0,0.2774105370044708
data/raw/osu_lora/Diff_Days_Indoor_Setup/Day5/Device15/IQ_1.dat,190,14895810,13,13,1,test,diff_days_indoor,5,0,0,0,0,0,0.2637026906013489
data/raw/osu_lora/Diff_Days_Indoor_Setup/Day5/Device15/IQ_1.dat,191,14974209,13,12,0,test,diff_days_indoor,5,0,0,0,0,0,0.26169314980506897
data/raw/osu_lora/Diff_Days_Indoor_Setup/Day5/Device15/IQ_1.dat,192,15052608,13,9,0,test,diff_days_indoor,5,0,0,0,0,0,0.286731481552124
data/raw/osu_lora/Diff_Days_Indoor_Setup/Day5/Device15/IQ_1.dat,193,15131007,13,12,0,test,diff_days_indoor,5,0,0,0,0,0,0.27016445994377136
data/raw/osu_lora/Diff_Days_Indoor_Setup/Day5/Device15/IQ_1.dat,194,15209406,13,13,1,test,diff_days_indoor,5,0,0,0,0,0,0.24289004504680634
data/raw/osu_lora/Diff_Days_Indoor_Setup/Day5/Device15/IQ_1.dat,195,15287805,13,12,0,test,diff_days_indoor,5,0,0,0,0,0,0.2550630569458008
data/raw/osu_lora/Diff_Days_Indoor_Setup/Day5/Device15/IQ_1.dat,196,15366204,13,13,1,test,diff_days_indoor,5,0,0,0,0,0,0.2257082611322403
data/raw/osu_lora/Diff_Days_Indoor_Setup/Day5/Device15/IQ_1.dat,197,15444603,13,13,1,test,diff_days_indoor,5,0,0,0,0,0,0.22336618602275848
data/raw/osu_lora/Diff_Days_Indoor_Setup/Day5/Device15/IQ_1.dat,198,15523002,13,13,1,test,diff_days_indoor,5,0,0,0,0,0,0.2687380611896515
data/raw/osu_lora/Diff_Days_Indoor_Setup/Day5/Device15/IQ_1.dat,199,15601401,13,17,0,test,diff_days_indoor,5,0,0,0,0,0,0.1815926432609558
data/raw/osu_lora/Diff_Days_Indoor_Setup/Day5/Device15/IQ_1.dat,200,15679800,13,7,0,test,diff_days_indoor,5,0,0,0,0,0,0.2133016586303711
data/raw/osu_lora/Diff_Days_Indoor_Setup/Day5/Device15/IQ_1.dat,201,15758199,13,13,1,test,diff_days_indoor,5,0,0,0,0,0,0.21979720890522003
data/raw/osu_lora/Diff_Days_Indoor_Setup/Day5/Device15/IQ_1.dat,202,15836598,13,7,0,test,diff_days_indoor,5,0,0,0,0,0,0.23425069451332092
data/raw/osu_lora/Diff_Days_Indoor_Setup/Day5/Device15/IQ_1.dat,203,15914997,13,7,0,test,diff_days_indoor,5,0,0,0,0,0,0.26389840245246887
data/raw/osu_lora/Diff_Days_Indoor_Setup/Day5/Device15/IQ_1.dat,204,15993396,13,12,0,test,diff_days_indoor,5,0,0,0,0,0,0.26533958315849304
data/raw/osu_lora/Diff_Days_Indoor_Setup/Day5/Device15/IQ_1.dat,205,16071795,13,12,0,test,diff_days_indoor,5,0,0,0,0,0,0.23745599389076233
data/raw/osu_lora/Diff_Days_Indoor_Setup/Day5/Device15/IQ_1.dat,206,16150194,13,13,1,test,diff_days_indoor,5,0,0,0,0,0,0.21715396642684937
data/raw/osu_lora/Diff_Days_Indoor_Setup/Day5/Device15/IQ_1.dat,207,16228593,13,12,0,test,diff_days_indoor,5,0,0,0,0,0,0.2350802719593048
data/raw/osu_lora/Diff_Days_Indoor_Setup/Day5/Device15/IQ_1.dat,208,16306992,13,13,1,test,diff_days_indoor,5,0,0,0,0,0,0.20952466130256653
data/raw/osu_lora/Diff_Days_Indoor_Setup/Day5/Device15/IQ_1.dat,209,16385391,13,7,0,test,diff_days_indoor,5,0,0,0,0,0,0.28872737288475037
data/raw/osu_lora/Diff_Days_Indoor_Setup/Day5/Device15/IQ_1.dat,210,16463790,13,13,1,test,diff_days_indoor,5,0,0,0,0,0,0.22381600737571716
data/raw/osu_lora/Diff_Days_Indoor_Setup/Day5/Device15/IQ_1.dat,211,16542189,13,12,0,test,diff_days_indoor,5,0,0,0,0,0,0.2550516724586487
data/raw/osu_lora/Diff_Days_Indoor_Setup/Day5/Device15/IQ_1.dat,212,16620588,13,12,0,test,diff_days_indoor,5,0,0,0,0,0,0.20777004957199097
data/raw/osu_lora/Diff_Days_Indoor_Setup/Day5/Device15/IQ_1.dat,213,16698987,13,12,0,test,diff_days_indoor,5,0,0,0,0,0,0.24295935034751892
data/raw/osu_lora/Diff_Days_Indoor_Setup/Day5/Device15/IQ_1.dat,214,16777386,13,13,1,test,diff_days_indoor,5,0,0,0,0,0,0.23231279850006104
data/raw/osu_lora/Diff_Days_Indoor_Setup/Day5/Device15/IQ_1.dat,215,16855785,13,8,0,test,diff_days_indoor,5,0,0,0,0,0,0.10696066170930862
data/raw/osu_lora/Diff_Days_Indoor_Setup/Day5/Device15/IQ_1.dat,216,16934184,13,12,0,test,diff_days_indoor,5,0,0,0,0,0,0.23559190332889557
data/raw/osu_lora/Diff_Days_Indoor_Setup/Day5/Device15/IQ_1.dat,217,17012583,13,7,0,test,diff_days_indoor,5,0,0,0,0,0,0.2424389272928238
data/raw/osu_lora/Diff_Days_Indoor_Setup/Day5/Device15/IQ_1.dat,218,17090982,13,12,0,test,diff_days_indoor,5,0,0,0,0,0,0.24088865518569946
data/raw/osu_lora/Diff_Days_Indoor_Setup/Day5/Device15/IQ_1.dat,219,17169381,13,12,0,test,diff_days_indoor,5,0,0,0,0,0,0.2770676016807556
data/raw/osu_lora/Diff_Days_Indoor_Setup/Day5/Device15/IQ_1.dat,220,17247780,13,12,0,test,diff_days_indoor,5,0,0,0,0,0,0.21646970510482788
data/raw/osu_lora/Diff_Days_Indoor_Setup/Day5/Device15/IQ_1.dat,221,17326179,13,7,0,test,diff_days_indoor,5,0,0,0,0,0,0.23023061454296112
data/raw/osu_lora/Diff_Days_Indoor_Setup/Day5/Device15/IQ_1.dat,222,17404578,13,7,0,test,diff_days_indoor,5,0,0,0,0,0,0.2581813931465149
data/raw/osu_lora/Diff_Days_Indoor_Setup/Day5/Device15/IQ_1.dat,223,17482977,13,12,0,test,diff_days_indoor,5,0,0,0,0,0,0.21993158757686615
data/raw/osu_lora/Diff_Days_Indoor_Setup/Day5/Device15/IQ_1.dat,224,17561376,13,7,0,test,diff_days_indoor,5,0,0,0,0,0,0.23080039024353027
data/raw/osu_lora/Diff_Days_Indoor_Setup/Day5/Device15/IQ_1.dat,225,17639775,13,13,1,test,diff_days_indoor,5,0,0,0,0,0,0.15121661126613617
data/raw/osu_lora/Diff_Days_Indoor_Setup/Day5/Device15/IQ_1.dat,226,17718174,13,12,0,test,diff_days_indoor,5,0,0,0,0,0,0.27892017364501953
data/raw/osu_lora/Diff_Days_Indoor_Setup/Day5/Device15/IQ_1.dat,227,17796573,13,12,0,test,diff_days_indoor,5,0,0,0,0,0,0.2209416627883911
data/raw/osu_lora/Diff_Days_Indoor_Setup/Day5/Device15/IQ_1.dat,228,17874972,13,12,0,test,diff_days_indoor,5,0,0,0,0,0,0.21442662179470062
data/raw/osu_lora/Diff_Days_Indoor_Setup/Day5/Device15/IQ_1.dat,229,17953371,13,7,0,test,diff_days_indoor,5,0,0,0,0,0,0.2523959279060364
data/raw/osu_lora/Diff_Days_Indoor_Setup/Day5/Device15/IQ_1.dat,230,18031770,13,21,0,test,diff_days_indoor,5,0,0,0,0,0,0.19443835318088531
data/raw/osu_lora/Diff_Days_Indoor_Setup/Day5/Device15/IQ_1.dat,231,18110169,13,13,1,test,diff_days_indoor,5,0,0,0,0,0,0.22780150175094604
data/raw/osu_lora/Diff_Days_Indoor_Setup/Day5/Device15/IQ_1.dat,232,18188568,13,7,0,test,diff_days_indoor,5,0,0,0,0,0,0.2415255904197693
data/raw/osu_lora/Diff_Days_Indoor_Setup/Day5/Device15/IQ_1.dat,233,18266967,13,12,0,test,diff_days_indoor,5,0,0,0,0,0,0.2655007839202881
data/raw/osu_lora/Diff_Days_Indoor_Setup/Day5/Device15/IQ_1.dat,234,18345366,13,17,0,test,diff_days_indoor,5,0,0,0,0,0,0.27599474787712097
data/raw/osu_lora/Diff_Days_Indoor_Setup/Day5/Device15/IQ_1.dat,235,18423765,13,21,0,test,diff_days_indoor,5,0,0,0,0,0,0.15066681802272797
data/raw/osu_lora/Diff_Days_Indoor_Setup/Day5/Device15/IQ_1.dat,236,18502164,13,12,0,test,diff_days_indoor,5,0,0,0,0,0,0.29100486636161804
data/raw/osu_lora/Diff_Days_Indoor_Setup/Day5/Device15/IQ_1.dat,237,18580563,13,12,0,test,diff_days_indoor,5,0,0,0,0,0,0.2685021758079529
data/raw/osu_lora/Diff_Days_Indoor_Setup/Day5/Device15/IQ_1.dat,238,18658962,13,12,0,test,diff_days_indoor,5,0,0,0,0,0,0.25431913137435913
data/raw/osu_lora/Diff_Days_Indoor_Setup/Day5/Device15/IQ_1.dat,239,18737361,13,12,0,test,diff_days_indoor,5,0,0,0,0,0,0.25063514709472656
data/raw/osu_lora/Diff_Days_Indoor_Setup/Day5/Device15/IQ_1.dat,240,18815760,13,7,0,test,diff_days_indoor,5,0,0,0,0,0,0.24051433801651
data/raw/osu_lora/Diff_Days_Indoor_Setup/Day5/Device15/IQ_1.dat,241,18894159,13,12,0,test,diff_days_indoor,5,0,0,0,0,0,0.2451595962047577
data/raw/osu_lora/Diff_Days_Indoor_Setup/Day5/Device15/IQ_1.dat,242,18972558,13,7,0,test,diff_days_indoor,5,0,0,0,0,0,0.26123499870300293
data/raw/osu_lora/Diff_Days_Indoor_Setup/Day5/Device15/IQ_1.dat,243,19050957,13,13,1,test,diff_days_indoor,5,0,0,0,0,0,0.21815082430839539
data/raw/osu_lora/Diff_Days_Indoor_Setup/Day5/Device15/IQ_1.dat,244,19129356,13,13,1,test,diff_days_indoor,5,0,0,0,0,0,0.1992192566394806
data/raw/osu_lora/Diff_Days_Indoor_Setup/Day5/Device15/IQ_1.dat,245,19207755,13,14,0,test,diff_days_indoor,5,0,0,0,0,0,0.18253497779369354
data/raw/osu_lora/Diff_Days_Indoor_Setup/Day5/Device15/IQ_1.dat,246,19286154,13,21,0,test,diff_days_indoor,5,0,0,0,0,0,0.20398198068141937
data/raw/osu_lora/Diff_Days_Indoor_Setup/Day5/Device15/IQ_1.dat,247,19364553,13,12,0,test,diff_days_indoor,5,0,0,0,0,0,0.2007734328508377
data/raw/osu_lora/Diff_Days_Indoor_Setup/Day5/Device15/IQ_1.dat,248,19442952,13,13,1,test,diff_days_indoor,5,0,0,0,0,0,0.26487189531326294
data/raw/osu_lora/Diff_Days_Indoor_Setup/Day5/Device15/IQ_1.dat,249,19521351,13,12,0,test,diff_days_indoor,5,0,0,0,0,0,0.2337358146905899
data/raw/osu_lora/Diff_Days_Indoor_Setup/Day5/Device15/IQ_1.dat,250,19599750,13,7,0,test,diff_days_indoor,5,0,0,0,0,0,0.2548634707927704
data/raw/osu_lora/Diff_Days_Indoor_Setup/Day5/Device15/IQ_1.dat,251,19678149,13,7,0,test,diff_days_indoor,5,0,0,0,0,0,0.35734930634498596
data/raw/osu_lora/Diff_Days_Indoor_Setup/Day5/Device15/IQ_1.dat,252,19756548,13,13,1,test,diff_days_indoor,5,0,0,0,0,0,0.27805790305137634
data/raw/osu_lora/Diff_Days_Indoor_Setup/Day5/Device15/IQ_1.dat,253,19834947,13,13,1,test,diff_days_indoor,5,0,0,0,0,0,0.2535083293914795
data/raw/osu_lora/Diff_Days_Indoor_Setup/Day5/Device15/IQ_1.dat,254,19913346,13,12,0,test,diff_days_indoor,5,0,0,0,0,0,0.24258248507976532
data/raw/osu_lora/Diff_Days_Indoor_Setup/Day5/Device15/IQ_1.dat,255,19991745,13,13,1,test,diff_days_indoor,5,0,0,0,0,0,0.22433072328567505
data/raw/osu_lora/Diff_Days_Indoor_Setup/Day5/Device16/IQ_1.dat,0,0,14,9,0,test,diff_days_indoor,5,0,0,0,0,0,0.27112358808517456
data/raw/osu_lora/Diff_Days_Indoor_Setup/Day5/Device16/IQ_1.dat,1,78399,14,14,1,test,diff_days_indoor,5,0,0,0,0,0,0.21577240526676178
data/raw/osu_lora/Diff_Days_Indoor_Setup/Day5/Device16/IQ_1.dat,2,156798,14,9,0,test,diff_days_indoor,5,0,0,0,0,0,0.3132881224155426
data/raw/osu_lora/Diff_Days_Indoor_Setup/Day5/Device16/IQ_1.dat,3,235197,14,13,0,test,diff_days_indoor,5,0,0,0,0,0,0.20966161787509918
data/raw/osu_lora/Diff_Days_Indoor_Setup/Day5/Device16/IQ_1.dat,4,313596,14,13,0,test,diff_days_indoor,5,0,0,0,0,0,0.26886406540870667
data/raw/osu_lora/Diff_Days_Indoor_Setup/Day5/Device16/IQ_1.dat,5,391995,14,13,0,test,diff_days_indoor,5,0,0,0,0,0,0.20080608129501343
data/raw/osu_lora/Diff_Days_Indoor_Setup/Day5/Device16/IQ_1.dat,6,470394,14,9,0,test,diff_days_indoor,5,0,0,0,0,0,0.22913603484630585
data/raw/osu_lora/Diff_Days_Indoor_Setup/Day5/Device16/IQ_1.dat,7,548793,14,9,0,test,diff_days_indoor,5,0,0,0,0,0,0.26274871826171875
data/raw/osu_lora/Diff_Days_Indoor_Setup/Day5/Device16/IQ_1.dat,8,627192,14,9,0,test,diff_days_indoor,5,0,0,0,0,0,0.31624284386634827
data/raw/osu_lora/Diff_Days_Indoor_Setup/Day5/Device16/IQ_1.dat,9,705591,14,21,0,test,diff_days_indoor,5,0,0,0,0,0,0.3014998733997345
data/raw/osu_lora/Diff_Days_Indoor_Setup/Day5/Device16/IQ_1.dat,10,783990,14,9,0,test,diff_days_indoor,5,0,0,0,0,0,0.1828678995370865
data/raw/osu_lora/Diff_Days_Indoor_Setup/Day5/Device16/IQ_1.dat,11,862389,14,9,0,test,diff_days_indoor,5,0,0,0,0,0,0.22782595455646515
data/raw/osu_lora/Diff_Days_Indoor_Setup/Day5/Device16/IQ_1.dat,12,940788,14,9,0,test,diff_days_indoor,5,0,0,0,0,0,0.31035465002059937
data/raw/osu_lora/Diff_Days_Indoor_Setup/Day5/Device16/IQ_1.dat,13,1019187,14,9,0,test,diff_days_indoor,5,0,0,0,0,0,0.27352309226989746
data/raw/osu_lora/Diff_Days_Indoor_Setup/Day5/Device16/IQ_1.dat,14,1097586,14,12,0,test,diff_days_indoor,5,0,0,0,0,0,0.25166213512420654
data/raw/osu_lora/Diff_Days_Indoor_Setup/Day5/Device16/IQ_1.dat,15,1175985,14,14,1,test,diff_days_indoor,5,0,0,0,0,0,0.2287793904542923
data/raw/osu_lora/Diff_Days_Indoor_Setup/Day5/Device16/IQ_1.dat,16,1254384,14,13,0,test,diff_days_indoor,5,0,0,0,0,0,0.17986777424812317
data/raw/osu_lora/Diff_Days_Indoor_Setup/Day5/Device16/IQ_1.dat,17,1332783,14,9,0,test,diff_days_indoor,5,0,0,0,0,0,0.284533828496933
data/raw/osu_lora/Diff_Days_Indoor_Setup/Day5/Device16/IQ_1.dat,18,1411182,14,9,0,test,diff_days_indoor,5,0,0,0,0,0,0.27748262882232666
data/raw/osu_lora/Diff_Days_Indoor_Setup/Day5/Device16/IQ_1.dat,19,1489581,14,9,0,test,diff_days_indoor,5,0,0,0,0,0,0.29957693815231323
data/raw/osu_lora/Diff_Days_Indoor_Setup/Day5/Device16/IQ_1.dat,20,1567980,14,9,0,test,diff_days_indoor,5,0,0,0,0,0,0.29206565022468567
data/raw/osu_lora/Diff_Days_Indoor_Setup/Day5/Device16/IQ_1.dat,21,1646379,14,9,0,test,diff_days_indoor,5,0,0,0,0,0,0.33768388628959656
data/raw/osu_lora/Diff_Days_Indoor_Setup/Day5/Device16/IQ_1.dat,22,1724778,14,13,0,test,diff_days_indoor,5,0,0,0,0,0,0.2508583962917328
data/raw/osu_lora/Diff_Days_Indoor_Setup/Day5/Device16/IQ_1.dat,23,1803177,14,21,0,test,diff_days_indoor,5,0,0,0,0,0,0.1855078637599945
data/raw/osu_lora/Diff_Days_Indoor_Setup/Day5/Device16/IQ_1.dat,24,1881576,14,9,0,test,diff_days_indoor,5,0,0,0,0,0,0.3262213170528412
data/raw/osu_lora/Diff_Days_Indoor_Setup/Day5/Device16/IQ_1.dat,25,1959975,14,13,0,test,diff_days_indoor,5,0,0,0,0,0,0.21015913784503937
data/raw/osu_lora/Diff_Days_Indoor_Setup/Day5/Device16/IQ_1.dat,26,2038374,14,9,0,test,diff_days_indoor,5,0,0,0,0,0,0.29611554741859436
data/raw/osu_lora/Diff_Days_Indoor_Setup/Day5/Device16/IQ_1.dat,27,2116773,14,9,0,test,diff_days_indoor,5,0,0,0,0,0,0.27534544467926025
data/raw/osu_lora/Diff_Days_Indoor_Setup/Day5/Device16/IQ_1.dat,28,2195172,14,14,1,test,diff_days_indoor,5,0,0,0,0,0,0.18208704888820648
data/raw/osu_lora/Diff_Days_Indoor_Setup/Day5/Device16/IQ_1.dat,29,2273571,14,14,1,test,diff_days_indoor,5,0,0,0,0,0,0.17460303008556366
data/raw/osu_lora/Diff_Days_Indoor_Setup/Day5/Device16/IQ_1.dat,30,2351970,14,14,1,test,diff_days_indoor,5,0,0,0,0,0,0.24052904546260834
data/raw/osu_lora/Diff_Days_Indoor_Setup/Day5/Device16/IQ_1.dat,31,2430369,14,12,0,test,diff_days_indoor,5,0,0,0,0,0,0.2369079440832138
data/raw/osu_lora/Diff_Days_Indoor_Setup/Day5/Device16/IQ_1.dat,32,2508768,14,14,1,test,diff_days_indoor,5,0,0,0,0,0,0.26651883125305176
data/raw/osu_lora/Diff_Days_Indoor_Setup/Day5/Device16/IQ_1.dat,33,2587167,14,9,0,test,diff_days_indoor,5,0,0,0,0,0,0.28182530403137207
data/raw/osu_lora/Diff_Days_Indoor_Setup/Day5/Device16/IQ_1.dat,34,2665566,14,9,0,test,diff_days_indoor,5,0,0,0,0,0,0.3310914933681488
data/raw/osu_lora/Diff_Days_Indoor_Setup/Day5/Device16/IQ_1.dat,35,2743965,14,13,0,test,diff_days_indoor,5,0,0,0,0,0,0.20245984196662903
data/raw/osu_lora/Diff_Days_Indoor_Setup/Day5/Device16/IQ_1.dat,36,2822364,14,9,0,test,diff_days_indoor,5,0,0,0,0,0,0.28089678287506104
data/raw/osu_lora/Diff_Days_Indoor_Setup/Day5/Device16/IQ_1.dat,37,2900763,14,9,0,test,diff_days_indoor,5,0,0,0,0,0,0.2633539140224457
data/raw/osu_lora/Diff_Days_Indoor_Setup/Day5/Device16/IQ_1.dat,38,2979162,14,14,1,test,diff_days_indoor,5,0,0,0,0,0,0.22013717889785767
data/raw/osu_lora/Diff_Days_Indoor_Setup/Day5/Device16/IQ_1.dat,39,3057561,14,9,0,test,diff_days_indoor,5,0,0,0,0,0,0.3199201822280884
data/raw/osu_lora/Diff_Days_Indoor_Setup/Day5/Device16/IQ_1.dat,40,3135960,14,9,0,test,diff_days_indoor,5,0,0,0,0,0,0.3283449411392212
data/raw/osu_lora/Diff_Days_Indoor_Setup/Day5/Device16/IQ_1.dat,41,3214359,14,9,0,test,diff_days_indoor,5,0,0,0,0,0,0.22694121301174164
data/raw/osu_lora/Diff_Days_Indoor_Setup/Day5/Device16/IQ_1.dat,42,3292758,14,9,0,test,diff_days_indoor,5,0,0,0,0,0,0.2797095477581024
data/raw/osu_lora/Diff_Days_Indoor_Setup/Day5/Device16/IQ_1.dat,43,3371157,14,21,0,test,diff_days_indoor,5,0,0,0,0,0,0.26030975580215454
data/raw/osu_lora/Diff_Days_Indoor_Setup/Day5/Device16/IQ_1.dat,44,3449556,14,9,0,test,diff_days_indoor,5,0,0,0,0,0,0.20623238384723663
data/raw/osu_lora/Diff_Days_Indoor_Setup/Day5/Device16/IQ_1.dat,45,3527955,14,9,0,test,diff_days_indoor,5,0,0,0,0,0,0.3087180554866791
data/raw/osu_lora/Diff_Days_Indoor_Setup/Day5/Device16/IQ_1.dat,46,3606354,14,9,0,test,diff_days_indoor,5,0,0,0,0,0,0.26601919531822205
data/raw/osu_lora/Diff_Days_Indoor_Setup/Day5/Device16/IQ_1.dat,47,3684753,14,13,0,test,diff_days_indoor,5,0,0,0,0,0,0.2179650068283081
data/raw/osu_lora/Diff_Days_Indoor_Setup/Day5/Device16/IQ_1.dat,48,3763152,14,14,1,test,diff_days_indoor,5,0,0,0,0,0,0.29013338685035706
data/raw/osu_lora/Diff_Days_Indoor_Setup/Day5/Device16/IQ_1.dat,49,3841551,14,14,1,test,diff_days_indoor,5,0,0,0,0,0,0.23677468299865723
data/raw/osu_lora/Diff_Days_Indoor_Setup/Day5/Device16/IQ_1.dat,50,3919950,14,9,0,test,diff_days_indoor,5,0,0,0,0,0,0.2322024255990982
data/raw/osu_lora/Diff_Days_Indoor_Setup/Day5/Device16/IQ_1.dat,51,3998349,14,9,0,test,diff_days_indoor,5,0,0,0,0,0,0.2790241539478302
data/raw/osu_lora/Diff_Days_Indoor_Setup/Day5/Device16/IQ_1.dat,52,4076748,14,14,1,test,diff_days_indoor,5,0,0,0,0,0,0.2761648893356323
data/raw/osu_lora/Diff_Days_Indoor_Setup/Day5/Device16/IQ_1.dat,53,4155147,14,9,0,test,diff_days_indoor,5,0,0,0,0,0,0.31681281328201294
data/raw/osu_lora/Diff_Days_Indoor_Setup/Day5/Device16/IQ_1.dat,54,4233546,14,9,0,test,diff_days_indoor,5,0,0,0,0,0,0.267019659280777
data/raw/osu_lora/Diff_Days_Indoor_Setup/Day5/Device16/IQ_1.dat,55,4311945,14,21,0,test,diff_days_indoor,5,0,0,0,0,0,0.38863828778266907
data/raw/osu_lora/Diff_Days_Indoor_Setup/Day5/Device16/IQ_1.dat,56,4390344,14,9,0,test,diff_days_indoor,5,0,0,0,0,0,0.2639341652393341
data/raw/osu_lora/Diff_Days_Indoor_Setup/Day5/Device16/IQ_1.dat,57,4468743,14,12,0,test,diff_days_indoor,5,0,0,0,0,0,0.25681793689727783
data/raw/osu_lora/Diff_Days_Indoor_Setup/Day5/Device16/IQ_1.dat,58,4547142,14,9,0,test,diff_days_indoor,5,0,0,0,0,0,0.30936720967292786
data/raw/osu_lora/Diff_Days_Indoor_Setup/Day5/Device16/IQ_1.dat,59,4625541,14,13,0,test,diff_days_indoor,5,0,0,0,0,0,0.2654198706150055
data/raw/osu_lora/Diff_Days_Indoor_Setup/Day5/Device16/IQ_1.dat,60,4703940,14,13,0,test,diff_days_indoor,5,0,0,0,0,0,0.21823450922966003
data/raw/osu_lora/Diff_Days_Indoor_Setup/Day5/Device16/IQ_1.dat,61,4782339,14,21,0,test,diff_days_indoor,5,0,0,0,0,0,0.21660864353179932
data/raw/osu_lora/Diff_Days_Indoor_Setup/Day5/Device16/IQ_1.dat,62,4860738,14,13,0,test,diff_days_indoor,5,0,0,0,0,0,0.2095102220773697
data/raw/osu_lora/Diff_Days_Indoor_Setup/Day5/Device16/IQ_1.dat,63,4939137,14,14,1,test,diff_days_indoor,5,0,0,0,0,0,0.22819066047668457
data/raw/osu_lora/Diff_Days_Indoor_Setup/Day5/Device16/IQ_1.dat,64,5017536,14,13,0,test,diff_days_indoor,5,0,0,0,0,0,0.1564585417509079
data/raw/osu_lora/Diff_Days_Indoor_Setup/Day5/Device16/IQ_1.dat,65,5095935,14,9,0,test,diff_days_indoor,5,0,0,0,0,0,0.3101491630077362
data/raw/osu_lora/Diff_Days_Indoor_Setup/Day5/Device16/IQ_1.dat,66,5174334,14,14,1,test,diff_days_indoor,5,0,0,0,0,0,0.186947762966156
data/raw/osu_lora/Diff_Days_Indoor_Setup/Day5/Device16/IQ_1.dat,67,5252733,14,11,0,test,diff_days_indoor,5,0,0,0,0,0,0.18463991582393646
data/raw/osu_lora/Diff_Days_Indoor_Setup/Day5/Device16/IQ_1.dat,68,5331132,14,9,0,test,diff_days_indoor,5,0,0,0,0,0,0.323525071144104
data/raw/osu_lora/Diff_Days_Indoor_Setup/Day5/Device16/IQ_1.dat,69,5409531,14,14,1,test,diff_days_indoor,5,0,0,0,0,0,0.2707195281982422
data/raw/osu_lora/Diff_Days_Indoor_Setup/Day5/Device16/IQ_1.dat,70,5487930,14,9,0,test,diff_days_indoor,5,0,0,0,0,0,0.13931767642498016
data/raw/osu_lora/Diff_Days_Indoor_Setup/Day5/Device16/IQ_1.dat,71,5566329,14,9,0,test,diff_days_indoor,5,0,0,0,0,0,0.31858161091804504
data/raw/osu_lora/Diff_Days_Indoor_Setup/Day5/Device16/IQ_1.dat,72,5644728,14,14,1,test,diff_days_indoor,5,0,0,0,0,0,0.2527138888835907
data/raw/osu_lora/Diff_Days_Indoor_Setup/Day5/Device16/IQ_1.dat,73,5723127,14,13,0,test,diff_days_indoor,5,0,0,0,0,0,0.18487590551376343
data/raw/osu_lora/Diff_Days_Indoor_Setup/Day5/Device16/IQ_1.dat,74,5801526,14,14,1,test,diff_days_indoor,5,0,0,0,0,0,0.2525888681411743
data/raw/osu_lora/Diff_Days_Indoor_Setup/Day5/Device16/IQ_1.dat,75,5879925,14,9,0,test,diff_days_indoor,5,0,0,0,0,0,0.23715953528881073
data/raw/osu_lora/Diff_Days_Indoor_Setup/Day5/Device16/IQ_1.dat,76,5958324,14,21,0,test,diff_days_indoor,5,0,0,0,0,0,0.18774786591529846
data/raw/osu_lora/Diff_Days_Indoor_Setup/Day5/Device16/IQ_1.dat,77,6036723,14,9,0,test,diff_days_indoor,5,0,0,0,0,0,0.2798526883125305
data/raw/osu_lora/Diff_Days_Indoor_Setup/Day5/Device16/IQ_1.dat,78,6115122,14,9,0,test,diff_days_indoor,5,0,0,0,0,0,0.2514939606189728
data/raw/osu_lora/Diff_Days_Indoor_Setup/Day5/Device16/IQ_1.dat,79,6193521,14,13,0,test,diff_days_indoor,5,0,0,0,0,0,0.23918193578720093
data/raw/osu_lora/Diff_Days_Indoor_Setup/Day5/Device16/IQ_1.dat,80,6271920,14,9,0,test,diff_days_indoor,5,0,0,0,0,0,0.25322017073631287
data/raw/osu_lora/Diff_Days_Indoor_Setup/Day5/Device16/IQ_1.dat,81,6350319,14,9,0,test,diff_days_indoor,5,0,0,0,0,0,0.3108247220516205
data/raw/osu_lora/Diff_Days_Indoor_Setup/Day5/Device16/IQ_1.dat,82,6428718,14,21,0,test,diff_days_indoor,5,0,0,0,0,0,0.21502533555030823
data/raw/osu_lora/Diff_Days_Indoor_Setup/Day5/Device16/IQ_1.dat,83,6507117,14,9,0,test,diff_days_indoor,5,0,0,0,0,0,0.29662612080574036
data/raw/osu_lora/Diff_Days_Indoor_Setup/Day5/Device16/IQ_1.dat,84,6585516,14,9,0,test,diff_days_indoor,5,0,0,0,0,0,0.26704642176628113
data/raw/osu_lora/Diff_Days_Indoor_Setup/Day5/Device16/IQ_1.dat,85,6663915,14,21,0,test,diff_days_indoor,5,0,0,0,0,0,0.21950432658195496
data/raw/osu_lora/Diff_Days_Indoor_Setup/Day5/Device16/IQ_1.dat,86,6742314,14,21,0,test,diff_days_indoor,5,0,0,0,0,0,0.2834556996822357
data/raw/osu_lora/Diff_Days_Indoor_Setup/Day5/Device16/IQ_1.dat,87,6820713,14,21,0,test,diff_days_indoor,5,0,0,0,0,0,0.3433622717857361
data/raw/osu_lora/Diff_Days_Indoor_Setup/Day5/Device16/IQ_1.dat,88,6899112,14,14,1,test,diff_days_indoor,5,0,0,0,0,0,0.24261470139026642
data/raw/osu_lora/Diff_Days_Indoor_Setup/Day5/Device16/IQ_1.dat,89,6977511,14,9,0,test,diff_days_indoor,5,0,0,0,0,0,0.270788311958313
data/raw/osu_lora/Diff_Days_Indoor_Setup/Day5/Device16/IQ_1.dat,90,7055910,14,13,0,test,diff_days_indoor,5,0,0,0,0,0,0.2594768702983856
data/raw/osu_lora/Diff_Days_Indoor_Setup/Day5/Device16/IQ_1.dat,91,7134309,14,13,0,test,diff_days_indoor,5,0,0,0,0,0,0.17468546330928802
data/raw/osu_lora/Diff_Days_Indoor_Setup/Day5/Device16/IQ_1.dat,92,7212708,14,14,1,test,diff_days_indoor,5,0,0,0,0,0,0.21763557195663452
data/raw/osu_lora/Diff_Days_Indoor_Setup/Day5/Device16/IQ_1.dat,93,7291107,14,9,0,test,diff_days_indoor,5,0,0,0,0,0,0.3069312572479248
data/raw/osu_lora/Diff_Days_Indoor_Setup/Day5/Device16/IQ_1.dat,94,7369506,14,14,1,test,diff_days_indoor,5,0,0,0,0,0,0.2606041133403778
data/raw/osu_lora/Diff_Days_Indoor_Setup/Day5/Device16/IQ_1.dat,95,7447905,14,14,1,test,diff_days_indoor,5,0,0,0,0,0,0.2553987205028534
data/raw/osu_lora/Diff_Days_Indoor_Setup/Day5/Device16/IQ_1.dat,96,7526304,14,9,0,test,diff_days_indoor,5,0,0,0,0,0,0.3196038603782654
data/raw/osu_lora/Diff_Days_Indoor_Setup/Day5/Device16/IQ_1.dat,97,7604703,14,14,1,test,diff_days_indoor,5,0,0,0,0,0,0.24572496116161346
data/raw/osu_lora/Diff_Days_Indoor_Setup/Day5/Device16/IQ_1.dat,98,7683102,14,14,1,test,diff_days_indoor,5,0,0,0,0,0,0.29351046681404114
data/raw/osu_lora/Diff_Days_Indoor_Setup/Day5/Device16/IQ_1.dat,99,7761501,14,21,0,test,diff_days_indoor,5,0,0,0,0,0,0.26559069752693176
data/raw/osu_lora/Diff_Days_Indoor_Setup/Day5/Device16/IQ_1.dat,100,7839900,14,13,0,test,diff_days_indoor,5,0,0,0,0,0,0.20369404554367065
data/raw/osu_lora/Diff_Days_Indoor_Setup/Day5/Device16/IQ_1.dat,101,7918299,14,9,0,test,diff_days_indoor,5,0,0,0,0,0,0.30511537194252014
data/raw/osu_lora/Diff_Days_Indoor_Setup/Day5/Device16/IQ_1.dat,102,7996698,14,14,1,test,diff_days_indoor,5,0,0,0,0,0,0.26793569326400757
data/raw/osu_lora/Diff_Days_Indoor_Setup/Day5/Device16/IQ_1.dat,103,8075097,14,13,0,test,diff_days_indoor,5,0,0,0,0,0,0.2041858434677124
data/raw/osu_lora/Diff_Days_Indoor_Setup/Day5/Device16/IQ_1.dat,104,8153496,14,9,0,test,diff_days_indoor,5,0,0,0,0,0,0.19304007291793823
data/raw/osu_lora/Diff_Days_Indoor_Setup/Day5/Device16/IQ_1.dat,105,8231895,14,9,0,test,diff_days_indoor,5,0,0,0,0,0,0.30134373903274536
data/raw/osu_lora/Diff_Days_Indoor_Setup/Day5/Device16/IQ_1.dat,106,8310294,14,9,0,test,diff_days_indoor,5,0,0,0,0,0,0.25539758801460266
data/raw/osu_lora/Diff_Days_Indoor_Setup/Day5/Device16/IQ_1.dat,107,8388693,14,9,0,test,diff_days_indoor,5,0,0,0,0,0,0.31149187684059143
data/raw/osu_lora/Diff_Days_Indoor_Setup/Day5/Device16/IQ_1.dat,108,8467092,14,14,1,test,diff_days_indoor,5,0,0,0,0,0,0.22890669107437134
data/raw/osu_lora/Diff_Days_Indoor_Setup/Day5/Device16/IQ_1.dat,109,8545491,14,9,0,test,diff_days_indoor,5,0,0,0,0,0,0.31174716353416443
data/raw/osu_lora/Diff_Days_Indoor_Setup/Day5/Device16/IQ_1.dat,110,8623890,14,9,0,test,diff_days_indoor,5,0,0,0,0,0,0.31900233030319214
data/raw/osu_lora/Diff_Days_Indoor_Setup/Day5/Device16/IQ_1.dat,111,8702289,14,7,0,test,diff_days_indoor,5,0,0,0,0,0,0.22761090099811554
data/raw/osu_lora/Diff_Days_Indoor_Setup/Day5/Device16/IQ_1.dat,112,8780688,14,9,0,test,diff_days_indoor,5,0,0,0,0,0,0.19552487134933472
data/raw/osu_lora/Diff_Days_Indoor_Setup/Day5/Device16/IQ_1.dat,113,8859087,14,9,0,test,diff_days_indoor,5,0,0,0,0,0,0.2592180073261261
data/raw/osu_lora/Diff_Days_Indoor_Setup/Day5/Device16/IQ_1.dat,114,8937486,14,14,1,test,diff_days_indoor,5,0,0,0,0,0,0.27517423033714294
data/raw/osu_lora/Diff_Days_Indoor_Setup/Day5/Device16/IQ_1.dat,115,9015885,14,9,0,test,diff_days_indoor,5,0,0,0,0,0,0.30895811319351196
data/raw/osu_lora/Diff_Days_Indoor_Setup/Day5/Device16/IQ_1.dat,116,9094284,14,14,1,test,diff_days_indoor,5,0,0,0,0,0,0.252387672662735
data/raw/osu_lora/Diff_Days_Indoor_Setup/Day5/Device16/IQ_1.dat,117,9172683,14,8,0,test,diff_days_indoor,5,0,0,0,0,0,0.15619531273841858
data/raw/osu_lora/Diff_Days_Indoor_Setup/Day5/Device16/IQ_1.dat,118,9251082,14,9,0,test,diff_days_indoor,5,0,0,0,0,0,0.3132426142692566
data/raw/osu_lora/Diff_Days_Indoor_Setup/Day5/Device16/IQ_1.dat,119,9329481,14,21,0,test,diff_days_indoor,5,0,0,0,0,0,0.3271041810512543
data/raw/osu_lora/Diff_Days_Indoor_Setup/Day5/Device16/IQ_1.dat,120,9407880,14,9,0,test,diff_days_indoor,5,0,0,0,0,0,0.2839283347129822
data/raw/osu_lora/Diff_Days_Indoor_Setup/Day5/Device16/IQ_1.dat,121,9486279,14,9,0,test,diff_days_indoor,5,0,0,0,0,0,0.3118048906326294
data/raw/osu_lora/Diff_Days_Indoor_Setup/Day5/Device16/IQ_1.dat,122,9564678,14,14,1,test,diff_days_indoor,5,0,0,0,0,0,0.2682786285877228
data/raw/osu_lora/Diff_Days_Indoor_Setup/Day5/Device16/IQ_1.dat,123,9643077,14,9,0,test,diff_days_indoor,5,0,0,0,0,0,0.3044669032096863
data/raw/osu_lora/Diff_Days_Indoor_Setup/Day5/Device16/IQ_1.dat,124,9721476,14,14,1,test,diff_days_indoor,5,0,0,0,0,0,0.20421865582466125
data/raw/osu_lora/Diff_Days_Indoor_Setup/Day5/Device16/IQ_1.dat,125,9799875,14,14,1,test,diff_days_indoor,5,0,0,0,0,0,0.24139170348644257
data/raw/osu_lora/Diff_Days_Indoor_Setup/Day5/Device16/IQ_1.dat,126,9878274,14,9,0,test,diff_days_indoor,5,0,0,0,0,0,0.3183131515979767
data/raw/osu_lora/Diff_Days_Indoor_Setup/Day5/Device16/IQ_1.dat,127,9956673,14,9,0,test,diff_days_indoor,5,0,0,0,0,0,0.3152559995651245
data/raw/osu_lora/Diff_Days_Indoor_Setup/Day5/Device16/IQ_1.dat,128,10035072,14,9,0,test,diff_days_indoor,5,0,0,0,0,0,0.3077085614204407
data/raw/osu_lora/Diff_Days_Indoor_Setup/Day5/Device16/IQ_1.dat,129,10113471,14,9,0,test,diff_days_indoor,5,0,0,0,0,0,0.24921317398548126
data/raw/osu_lora/Diff_Days_Indoor_Setup/Day5/Device16/IQ_1.dat,130,10191870,14,21,0,test,diff_days_indoor,5,0,0,0,0,0,0.2668967545032501
data/raw/osu_lora/Diff_Days_Indoor_Setup/Day5/Device16/IQ_1.dat,131,10270269,14,9,0,test,diff_days_indoor,5,0,0,0,0,0,0.25219613313674927
data/raw/osu_lora/Diff_Days_Indoor_Setup/Day5/Device16/IQ_1.dat,132,10348668,14,9,0,test,diff_days_indoor,5,0,0,0,0,0,0.23257648944854736
data/raw/osu_lora/Diff_Days_Indoor_Setup/Day5/Device16/IQ_1.dat,133,10427067,14,13,0,test,diff_days_indoor,5,0,0,0,0,0,0.1700073927640915
data/raw/osu_lora/Diff_Days_Indoor_Setup/Day5/Device16/IQ_1.dat,134,10505466,14,21,0,test,diff_days_indoor,5,0,0,0,0,0,0.2201087325811386
data/raw/osu_lora/Diff_Days_Indoor_Setup/Day5/Device16/IQ_1.dat,135,10583865,14,14,1,test,diff_days_indoor,5,0,0,0,0,0,0.30471575260162354
data/raw/osu_lora/Diff_Days_Indoor_Setup/Day5/Device16/IQ_1.dat,136,10662264,14,9,0,test,diff_days_indoor,5,0,0,0,0,0,0.3056061267852783
data/raw/osu_lora/Diff_Days_Indoor_Setup/Day5/Device16/IQ_1.dat,137,10740663,14,9,0,test,diff_days_indoor,5,0,0,0,0,0,0.2913578748703003
data/raw/osu_lora/Diff_Days_Indoor_Setup/Day5/Device16/IQ_1.dat,138,10819062,14,14,1,test,diff_days_indoor,5,0,0,0,0,0,0.288572758436203
data/raw/osu_lora/Diff_Days_Indoor_Setup/Day5/Device16/IQ_1.dat,139,10897461,14,14,1,test,diff_days_indoor,5,0,0,0,0,0,0.30214008688926697
data/raw/osu_lora/Diff_Days_Indoor_Setup/Day5/Device16/IQ_1.dat,140,10975860,14,21,0,test,diff_days_indoor,5,0,0,0,0,0,0.25955474376678467
data/raw/osu_lora/Diff_Days_Indoor_Setup/Day5/Device16/IQ_1.dat,141,11054259,14,9,0,test,diff_days_indoor,5,0,0,0,0,0,0.257804274559021
data/raw/osu_lora/Diff_Days_Indoor_Setup/Day5/Device16/IQ_1.dat,142,11132658,14,13,0,test,diff_days_indoor,5,0,0,0,0,0,0.20442788302898407
data/raw/osu_lora/Diff_Days_Indoor_Setup/Day5/Device16/IQ_1.dat,143,11211057,14,13,0,test,diff_days_indoor,5,0,0,0,0,0,0.17760388553142548
data/raw/osu_lora/Diff_Days_Indoor_Setup/Day5/Device16/IQ_1.dat,144,11289456,14,9,0,test,diff_days_indoor,5,0,0,0,0,0,0.22279414534568787
data/raw/osu_lora/Diff_Days_Indoor_Setup/Day5/Device16/IQ_1.dat,145,11367855,14,9,0,test,diff_days_indoor,5,0,0,0,0,0,0.3136308491230011
data/raw/osu_lora/Diff_Days_Indoor_Setup/Day5/Device16/IQ_1.dat,146,11446254,14,13,0,test,diff_days_indoor,5,0,0,0,0,0,0.15668800473213196
data/raw/osu_lora/Diff_Days_Indoor_Setup/Day5/Device16/IQ_1.dat,147,11524653,14,9,0,test,diff_days_indoor,5,0,0,0,0,0,0.31707334518432617
data/raw/osu_lora/Diff_Days_Indoor_Setup/Day5/Device16/IQ_1.dat,148,11603052,14,14,1,test,diff_days_indoor,5,0,0,0,0,0,0.18791347742080688
data/raw/osu_lora/Diff_Days_Indoor_Setup/Day5/Device16/IQ_1.dat,149,11681451,14,9,0,test,diff_days_indoor,5,0,0,0,0,0,0.30096423625946045
data/raw/osu_lora/Diff_Days_Indoor_Setup/Day5/Device16/IQ_1.dat,150,11759850,14,21,0,test,diff_days_indoor,5,0,0,0,0,0,0.32015883922576904
data/raw/osu_lora/Diff_Days_Indoor_Setup/Day5/Device16/IQ_1.dat,151,11838249,14,13,0,test,diff_days_indoor,5,0,0,0,0,0,0.21423408389091492
data/raw/osu_lora/Diff_Days_Indoor_Setup/Day5/Device16/IQ_1.dat,152,11916648,14,14,1,test,diff_days_indoor,5,0,0,0,0,0,0.26461344957351685
data/raw/osu_lora/Diff_Days_Indoor_Setup/Day5/Device16/IQ_1.dat,153,11995047,14,9,0,test,diff_days_indoor,5,0,0,0,0,0,0.3034445345401764
data/raw/osu_lora/Diff_Days_Indoor_Setup/Day5/Device16/IQ_1.dat,154,12073446,14,9,0,test,diff_days_indoor,5,0,0,0,0,0,0.2625613212585449
data/raw/osu_lora/Diff_Days_Indoor_Setup/Day5/Device16/IQ_1.dat,155,12151845,14,9,0,test,diff_days_indoor,5,0,0,0,0,0,0.2915918529033661
data/raw/osu_lora/Diff_Days_Indoor_Setup/Day5/Device16/IQ_1.dat,156,12230244,14,14,1,test,diff_days_indoor,5,0,0,0,0,0,0.2813296318054199
data/raw/osu_lora/Diff_Days_Indoor_Setup/Day5/Device16/IQ_1.dat,157,12308643,14,21,0,test,diff_days_indoor,5,0,0,0,0,0,0.22422118484973907
data/raw/osu_lora/Diff_Days_Indoor_Setup/Day5/Device16/IQ_1.dat,158,12387042,14,10,0,test,diff_days_indoor,5,0,0,0,0,0,0.42368051409721375
data/raw/osu_lora/Diff_Days_Indoor_Setup/Day5/Device16/IQ_1.dat,159,12465441,14,9,0,test,diff_days_indoor,5,0,0,0,0,0,0.3175516426563263
data/raw/osu_lora/Diff_Days_Indoor_Setup/Day5/Device16/IQ_1.dat,160,12543840,14,9,0,test,diff_days_indoor,5,0,0,0,0,0,0.32138267159461975
data/raw/osu_lora/Diff_Days_Indoor_Setup/Day5/Device16/IQ_1.dat,161,12622239,14,21,0,test,diff_days_indoor,5,0,0,0,0,0,0.3675694465637207
data/raw/osu_lora/Diff_Days_Indoor_Setup/Day5/Device16/IQ_1.dat,162,12700638,14,9,0,test,diff_days_indoor,5,0,0,0,0,0,0.3275047838687897
data/raw/osu_lora/Diff_Days_Indoor_Setup/Day5/Device16/IQ_1.dat,163,12779037,14,9,0,test,diff_days_indoor,5,0,0,0,0,0,0.33181336522102356
data/raw/osu_lora/Diff_Days_Indoor_Setup/Day5/Device16/IQ_1.dat,164,12857436,14,9,0,test,diff_days_indoor,5,0,0,0,0,0,0.26285213232040405
data/raw/osu_lora/Diff_Days_Indoor_Setup/Day5/Device16/IQ_1.dat,165,12935835,14,9,0,test,diff_days_indoor,5,0,0,0,0,0,0.3100547790527344
data/raw/osu_lora/Diff_Days_Indoor_Setup/Day5/Device16/IQ_1.dat,166,13014234,14,13,0,test,diff_days_indoor,5,0,0,0,0,0,0.2071983367204666
data/raw/osu_lora/Diff_Days_Indoor_Setup/Day5/Device16/IQ_1.dat,167,13092633,14,9,0,test,diff_days_indoor,5,0,0,0,0,0,0.25935685634613037
data/raw/osu_lora/Diff_Days_Indoor_Setup/Day5/Device16/IQ_1.dat,168,13171032,14,9,0,test,diff_days_indoor,5,0,0,0,0,0,0.3092772662639618
data/raw/osu_lora/Diff_Days_Indoor_Setup/Day5/Device16/IQ_1.dat,169,13249431,14,9,0,test,diff_days_indoor,5,0,0,0,0,0,0.33531028032302856
data/raw/osu_lora/Diff_Days_Indoor_Setup/Day5/Device16/IQ_1.dat,170,13327830,14,13,0,test,diff_days_indoor,5,0,0,0,0,0,0.19720342755317688
data/raw/osu_lora/Diff_Days_Indoor_Setup/Day5/Device16/IQ_1.dat,171,13406229,14,9,0,test,diff_days_indoor,5,0,0,0,0,0,0.19612352550029755
data/raw/osu_lora/Diff_Days_Indoor_Setup/Day5/Device16/IQ_1.dat,172,13484628,14,13,0,test,diff_days_indoor,5,0,0,0,0,0,0.18532784283161163
data/raw/osu_lora/Diff_Days_Indoor_Setup/Day5/Device16/IQ_1.dat,173,13563027,14,9,0,test,diff_days_indoor,5,0,0,0,0,0,0.2508845925331116
data/raw/osu_lora/Diff_Days_Indoor_Setup/Day5/Device16/IQ_1.dat,174,13641426,14,9,0,test,diff_days_indoor,5,0,0,0,0,0,0.2488766312599182
data/raw/osu_lora/Diff_Days_Indoor_Setup/Day5/Device16/IQ_1.dat,175,13719825,14,9,0,test,diff_days_indoor,5,0,0,0,0,0,0.2483525425195694
data/raw/osu_lora/Diff_Days_Indoor_Setup/Day5/Device16/IQ_1.dat,176,13798224,14,9,0,test,diff_days_indoor,5,0,0,0,0,0,0.2973804473876953
data/raw/osu_lora/Diff_Days_Indoor_Setup/Day5/Device16/IQ_1.dat,177,13876623,14,13,0,test,diff_days_indoor,5,0,0,0,0,0,0.22579890489578247
data/raw/osu_lora/Diff_Days_Indoor_Setup/Day5/Device16/IQ_1.dat,178,13955022,14,9,0,test,diff_days_indoor,5,0,0,0,0,0,0.29613253474235535
data/raw/osu_lora/Diff_Days_Indoor_Setup/Day5/Device16/IQ_1.dat,179,14033421,14,14,1,test,diff_days_indoor,5,0,0,0,0,0,0.2791561186313629
data/raw/osu_lora/Diff_Days_Indoor_Setup/Day5/Device16/IQ_1.dat,180,14111820,14,9,0,test,diff_days_indoor,5,0,0,0,0,0,0.28609806299209595
data/raw/osu_lora/Diff_Days_Indoor_Setup/Day5/Device16/IQ_1.dat,181,14190219,14,9,0,test,diff_days_indoor,5,0,0,0,0,0,0.32147908210754395
data/raw/osu_lora/Diff_Days_Indoor_Setup/Day5/Device16/IQ_1.dat,182,14268618,14,9,0,test,diff_days_indoor,5,0,0,0,0,0,0.2880430519580841
data/raw/osu_lora/Diff_Days_Indoor_Setup/Day5/Device16/IQ_1.dat,183,14347017,14,13,0,test,diff_days_indoor,5,0,0,0,0,0,0.19619084894657135
data/raw/osu_lora/Diff_Days_Indoor_Setup/Day5/Device16/IQ_1.dat,184,14425416,14,13,0,test,diff_days_indoor,5,0,0,0,0,0,0.254266619682312
data/raw/osu_lora/Diff_Days_Indoor_Setup/Day5/Device16/IQ_1.dat,185,14503815,14,13,0,test,diff_days_indoor,5,0,0,0,0,0,0.20425820350646973
data/raw/osu_lora/Diff_Days_Indoor_Setup/Day5/Device16/IQ_1.dat,186,14582214,14,14,1,test,diff_days_indoor,5,0,0,0,0,0,0.24244537949562073
data/raw/osu_lora/Diff_Days_Indoor_Setup/Day5/Device16/IQ_1.dat,187,14660613,14,9,0,test,diff_days_indoor,5,0,0,0,0,0,0.27831581234931946
data/raw/osu_lora/Diff_Days_Indoor_Setup/Day5/Device16/IQ_1.dat,188,14739012,14,9,0,test,diff_days_indoor,5,0,0,0,0,0,0.3004010021686554
data/raw/osu_lora/Diff_Days_Indoor_Setup/Day5/Device16/IQ_1.dat,189,14817411,14,14,1,test,diff_days_indoor,5,0,0,0,0,0,0.2709409296512604
data/raw/osu_lora/Diff_Days_Indoor_Setup/Day5/Device16/IQ_1.dat,190,14895810,14,11,0,test,diff_days_indoor,5,0,0,0,0,0,0.19354766607284546
data/raw/osu_lora/Diff_Days_Indoor_Setup/Day5/Device16/IQ_1.dat,191,14974209,14,9,0,test,diff_days_indoor,5,0,0,0,0,0,0.31262755393981934
data/raw/osu_lora/Diff_Days_Indoor_Setup/Day5/Device16/IQ_1.dat,192,15052608,14,21,0,test,diff_days_indoor,5,0,0,0,0,0,0.24110297858715057
data/raw/osu_lora/Diff_Days_Indoor_Setup/Day5/Device16/IQ_1.dat,193,15131007,14,9,0,test,diff_days_indoor,5,0,0,0,0,0,0.2831604778766632
data/raw/osu_lora/Diff_Days_Indoor_Setup/Day5/Device16/IQ_1.dat,194,15209406,14,9,0,test,diff_days_indoor,5,0,0,0,0,0,0.3191835284233093
data/raw/osu_lora/Diff_Days_Indoor_Setup/Day5/Device16/IQ_1.dat,195,15287805,14,9,0,test,diff_days_indoor,5,0,0,0,0,0,0.23718202114105225
data/raw/osu_lora/Diff_Days_Indoor_Setup/Day5/Device16/IQ_1.dat,196,15366204,14,21,0,test,diff_days_indoor,5,0,0,0,0,0,0.21528111398220062
data/raw/osu_lora/Diff_Days_Indoor_Setup/Day5/Device16/IQ_1.dat,197,15444603,14,9,0,test,diff_days_indoor,5,0,0,0,0,0,0.2435894012451172
data/raw/osu_lora/Diff_Days_Indoor_Setup/Day5/Device16/IQ_1.dat,198,15523002,14,14,1,test,diff_days_indoor,5,0,0,0,0,0,0.23973451554775238
data/raw/osu_lora/Diff_Days_Indoor_Setup/Day5/Device16/IQ_1.dat,199,15601401,14,9,0,test,diff_days_indoor,5,0,0,0,0,0,0.28476420044898987
data/raw/osu_lora/Diff_Days_Indoor_Setup/Day5/Device16/IQ_1.dat,200,15679800,14,14,1,test,diff_days_indoor,5,0,0,0,0,0,0.29130199551582336
data/raw/osu_lora/Diff_Days_Indoor_Setup/Day5/Device16/IQ_1.dat,201,15758199,14,9,0,test,diff_days_indoor,5,0,0,0,0,0,0.2795584201812744
data/raw/osu_lora/Diff_Days_Indoor_Setup/Day5/Device16/IQ_1.dat,202,15836598,14,21,0,test,diff_days_indoor,5,0,0,0,0,0,0.2617054283618927
data/raw/osu_lora/Diff_Days_Indoor_Setup/Day5/Device16/IQ_1.dat,203,15914997,14,13,0,test,diff_days_indoor,5,0,0,0,0,0,0.24377070367336273
data/raw/osu_lora/Diff_Days_Indoor_Setup/Day5/Device16/IQ_1.dat,204,15993396,14,21,0,test,diff_days_indoor,5,0,0,0,0,0,0.28331461548805237
data/raw/osu_lora/Diff_Days_Indoor_Setup/Day5/Device16/IQ_1.dat,205,16071795,14,14,1,test,diff_days_indoor,5,0,0,0,0,0,0.24273887276649475
data/raw/osu_lora/Diff_Days_Indoor_Setup/Day5/Device16/IQ_1.dat,206,16150194,14,21,0,test,diff_days_indoor,5,0,0,0,0,0,0.3018658459186554
data/raw/osu_lora/Diff_Days_Indoor_Setup/Day5/Device16/IQ_1.dat,207,16228593,14,14,1,test,diff_days_indoor,5,0,0,0,0,0,0.2581180930137634
data/raw/osu_lora/Diff_Days_Indoor_Setup/Day5/Device16/IQ_1.dat,208,16306992,14,21,0,test,diff_days_indoor,5,0,0,0,0,0,0.3453775644302368
data/raw/osu_lora/Diff_Days_Indoor_Setup/Day5/Device16/IQ_1.dat,209,16385391,14,9,0,test,diff_days_indoor,5,0,0,0,0,0,0.31471818685531616
data/raw/osu_lora/Diff_Days_Indoor_Setup/Day5/Device16/IQ_1.dat,210,16463790,14,9,0,test,diff_days_indoor,5,0,0,0,0,0,0.24530304968357086
data/raw/osu_lora/Diff_Days_Indoor_Setup/Day5/Device16/IQ_1.dat,211,16542189,14,9,0,test,diff_days_indoor,5,0,0,0,0,0,0.3449271321296692
data/raw/osu_lora/Diff_Days_Indoor_Setup/Day5/Device16/IQ_1.dat,212,16620588,14,21,0,test,diff_days_indoor,5,0,0,0,0,0,0.23383130133152008
data/raw/osu_lora/Diff_Days_Indoor_Setup/Day5/Device16/IQ_1.dat,213,16698987,14,9,0,test,diff_days_indoor,5,0,0,0,0,0,0.33208349347114563
data/raw/osu_lora/Diff_Days_Indoor_Setup/Day5/Device16/IQ_1.dat,214,16777386,14,9,0,test,diff_days_indoor,5,0,0,0,0,0,0.305984765291214
data/raw/osu_lora/Diff_Days_Indoor_Setup/Day5/Device16/IQ_1.dat,215,16855785,14,14,1,test,diff_days_indoor,5,0,0,0,0,0,0.24866841733455658
data/raw/osu_lora/Diff_Days_Indoor_Setup/Day5/Device16/IQ_1.dat,216,16934184,14,9,0,test,diff_days_indoor,5,0,0,0,0,0,0.33372369408607483
data/raw/osu_lora/Diff_Days_Indoor_Setup/Day5/Device16/IQ_1.dat,217,17012583,14,9,0,test,diff_days_indoor,5,0,0,0,0,0,0.3081294596195221
data/raw/osu_lora/Diff_Days_Indoor_Setup/Day5/Device16/IQ_1.dat,218,17090982,14,14,1,test,diff_days_indoor,5,0,0,0,0,0,0.262795627117157
data/raw/osu_lora/Diff_Days_Indoor_Setup/Day5/Device16/IQ_1.dat,219,17169381,14,21,0,test,diff_days_indoor,5,0,0,0,0,0,0.25786012411117554
data/raw/osu_lora/Diff_Days_Indoor_Setup/Day5/Device16/IQ_1.dat,220,17247780,14,14,1,test,diff_days_indoor,5,0,0,0,0,0,0.22623123228549957
data/raw/osu_lora/Diff_Days_Indoor_Setup/Day5/Device16/IQ_1.dat,221,17326179,14,14,1,test,diff_days_indoor,5,0,0,0,0,0,0.2108583003282547
data/raw/osu_lora/Diff_Days_Indoor_Setup/Day5/Device16/IQ_1.dat,222,17404578,14,9,0,test,diff_days_indoor,5,0,0,0,0,0,0.31182074546813965
data/raw/osu_lora/Diff_Days_Indoor_Setup/Day5/Device16/IQ_1.dat,223,17482977,14,9,0,test,diff_days_indoor,5,0,0,0,0,0,0.2957136034965515
data/raw/osu_lora/Diff_Days_Indoor_Setup/Day5/Device16/IQ_1.dat,224,17561376,14,9,0,test,diff_days_indoor,5,0,0,0,0,0,0.283939391374588
data/raw/osu_lora/Diff_Days_Indoor_Setup/Day5/Device16/IQ_1.dat,225,17639775,14,9,0,test,diff_days_indoor,5,0,0,0,0,0,0.27738770842552185
data/raw/osu_lora/Diff_Days_Indoor_Setup/Day5/Device16/IQ_1.dat,226,17718174,14,14,1,test,diff_days_indoor,5,0,0,0,0,0,0.23575101792812347
data/raw/osu_lora/Diff_Days_Indoor_Setup/Day5/Device16/IQ_1.dat,227,17796573,14,14,1,test,diff_days_indoor,5,0,0,0,0,0,0.2858341634273529
data/raw/osu_lora/Diff_Days_Indoor_Setup/Day5/Device16/IQ_1.dat,228,17874972,14,14,1,test,diff_days_indoor,5,0,0,0,0,0,0.2223885953426361
data/raw/osu_lora/Diff_Days_Indoor_Setup/Day5/Device16/IQ_1.dat,229,17953371,14,21,0,test,diff_days_indoor,5,0,0,0,0,0,0.24598465859889984
data/raw/osu_lora/Diff_Days_Indoor_Setup/Day5/Device16/IQ_1.dat,230,18031770,14,9,0,test,diff_days_indoor,5,0,0,0,0,0,0.29259204864501953
data/raw/osu_lora/Diff_Days_Indoor_Setup/Day5/Device16/IQ_1.dat,231,18110169,14,9,0,test,diff_days_indoor,5,0,0,0,0,0,0.22830475866794586
data/raw/osu_lora/Diff_Days_Indoor_Setup/Day5/Device16/IQ_1.dat,232,18188568,14,9,0,test,diff_days_indoor,5,0,0,0,0,0,0.23077082633972168
data/raw/osu_lora/Diff_Days_Indoor_Setup/Day5/Device16/IQ_1.dat,233,18266967,14,9,0,test,diff_days_indoor,5,0,0,0,0,0,0.3193345069885254
data/raw/osu_lora/Diff_Days_Indoor_Setup/Day5/Device16/IQ_1.dat,234,18345366,14,9,0,test,diff_days_indoor,5,0,0,0,0,0,0.3172987699508667
data/raw/osu_lora/Diff_Days_Indoor_Setup/Day5/Device16/IQ_1.dat,235,18423765,14,9,0,test,diff_days_indoor,5,0,0,0,0,0,0.3138982057571411
data/raw/osu_lora/Diff_Days_Indoor_Setup/Day5/Device16/IQ_1.dat,236,18502164,14,9,0,test,diff_days_indoor,5,0,0,0,0,0,0.29861801862716675
data/raw/osu_lora/Diff_Days_Indoor_Setup/Day5/Device16/IQ_1.dat,237,18580563,14,10,0,test,diff_days_indoor,5,0,0,0,0,0,0.14292466640472412
data/raw/osu_lora/Diff_Days_Indoor_Setup/Day5/Device16/IQ_1.dat,238,18658962,14,9,0,test,diff_days_indoor,5,0,0,0,0,0,0.28266140818595886
data/raw/osu_lora/Diff_Days_Indoor_Setup/Day5/Device16/IQ_1.dat,239,18737361,14,9,0,test,diff_days_indoor,5,0,0,0,0,0,0.2650185227394104
data/raw/osu_lora/Diff_Days_Indoor_Setup/Day5/Device16/IQ_1.dat,240,18815760,14,21,0,test,diff_days_indoor,5,0,0,0,0,0,0.2531304657459259
data/raw/osu_lora/Diff_Days_Indoor_Setup/Day5/Device16/IQ_1.dat,241,18894159,14,13,0,test,diff_days_indoor,5,0,0,0,0,0,0.2369518131017685
data/raw/osu_lora/Diff_Days_Indoor_Setup/Day5/Device16/IQ_1.dat,242,18972558,14,9,0,test,diff_days_indoor,5,0,0,0,0,0,0.2993668019771576
data/raw/osu_lora/Diff_Days_Indoor_Setup/Day5/Device16/IQ_1.dat,243,19050957,14,9,0,test,diff_days_indoor,5,0,0,0,0,0,0.2109834998846054
data/raw/osu_lora/Diff_Days_Indoor_Setup/Day5/Device16/IQ_1.dat,244,19129356,14,9,0,test,diff_days_indoor,5,0,0,0,0,0,0.3099009096622467
data/raw/osu_lora/Diff_Days_Indoor_Setup/Day5/Device16/IQ_1.dat,245,19207755,14,14,1,test,diff_days_indoor,5,0,0,0,0,0,0.24757197499275208
data/raw/osu_lora/Diff_Days_Indoor_Setup/Day5/Device16/IQ_1.dat,246,19286154,14,9,0,test,diff_days_indoor,5,0,0,0,0,0,0.24356557428836823
data/raw/osu_lora/Diff_Days_Indoor_Setup/Day5/Device16/IQ_1.dat,247,19364553,14,9,0,test,diff_days_indoor,5,0,0,0,0,0,0.23919342458248138
data/raw/osu_lora/Diff_Days_Indoor_Setup/Day5/Device16/IQ_1.dat,248,19442952,14,14,1,test,diff_days_indoor,5,0,0,0,0,0,0.26845115423202515
data/raw/osu_lora/Diff_Days_Indoor_Setup/Day5/Device16/IQ_1.dat,249,19521351,14,9,0,test,diff_days_indoor,5,0,0,0,0,0,0.3055591881275177
data/raw/osu_lora/Diff_Days_Indoor_Setup/Day5/Device16/IQ_1.dat,250,19599750,14,14,1,test,diff_days_indoor,5,0,0,0,0,0,0.2289351522922516
data/raw/osu_lora/Diff_Days_Indoor_Setup/Day5/Device16/IQ_1.dat,251,19678149,14,9,0,test,diff_days_indoor,5,0,0,0,0,0,0.2649761736392975
data/raw/osu_lora/Diff_Days_Indoor_Setup/Day5/Device16/IQ_1.dat,252,19756548,14,9,0,test,diff_days_indoor,5,0,0,0,0,0,0.25269120931625366
data/raw/osu_lora/Diff_Days_Indoor_Setup/Day5/Device16/IQ_1.dat,253,19834947,14,9,0,test,diff_days_indoor,5,0,0,0,0,0,0.30335021018981934
data/raw/osu_lora/Diff_Days_Indoor_Setup/Day5/Device16/IQ_1.dat,254,19913346,14,9,0,test,diff_days_indoor,5,0,0,0,0,0,0.30162861943244934
data/raw/osu_lora/Diff_Days_Indoor_Setup/Day5/Device16/IQ_1.dat,255,19991745,14,9,0,test,diff_days_indoor,5,0,0,0,0,0,0.30795544385910034
data/raw/osu_lora/Diff_Days_Indoor_Setup/Day5/Device17/IQ_1.dat,0,0,15,7,0,test,diff_days_indoor,5,0,0,0,0,0,0.19916319847106934
data/raw/osu_lora/Diff_Days_Indoor_Setup/Day5/Device17/IQ_1.dat,1,78399,15,7,0,test,diff_days_indoor,5,0,0,0,0,0,0.20878824591636658
data/raw/osu_lora/Diff_Days_Indoor_Setup/Day5/Device17/IQ_1.dat,2,156798,15,15,1,test,diff_days_indoor,5,0,0,0,0,0,0.15752418339252472
data/raw/osu_lora/Diff_Days_Indoor_Setup/Day5/Device17/IQ_1.dat,3,235197,15,15,1,test,diff_days_indoor,5,0,0,0,0,0,0.25669065117836
data/raw/osu_lora/Diff_Days_Indoor_Setup/Day5/Device17/IQ_1.dat,4,313596,15,22,0,test,diff_days_indoor,5,0,0,0,0,0,0.2285759598016739
data/raw/osu_lora/Diff_Days_Indoor_Setup/Day5/Device17/IQ_1.dat,5,391995,15,19,0,test,diff_days_indoor,5,0,0,0,0,0,0.18738408386707306
data/raw/osu_lora/Diff_Days_Indoor_Setup/Day5/Device17/IQ_1.dat,6,470394,15,15,1,test,diff_days_indoor,5,0,0,0,0,0,0.288460373878479
data/raw/osu_lora/Diff_Days_Indoor_Setup/Day5/Device17/IQ_1.dat,7,548793,15,23,0,test,diff_days_indoor,5,0,0,0,0,0,0.25977495312690735
data/raw/osu_lora/Diff_Days_Indoor_Setup/Day5/Device17/IQ_1.dat,8,627192,15,23,0,test,diff_days_indoor,5,0,0,0,0,0,0.29299530386924744
data/raw/osu_lora/Diff_Days_Indoor_Setup/Day5/Device17/IQ_1.dat,9,705591,15,15,1,test,diff_days_indoor,5,0,0,0,0,0,0.3060041069984436
data/raw/osu_lora/Diff_Days_Indoor_Setup/Day5/Device17/IQ_1.dat,10,783990,15,22,0,test,diff_days_indoor,5,0,0,0,0,0,0.29884329438209534
data/raw/osu_lora/Diff_Days_Indoor_Setup/Day5/Device17/IQ_1.dat,11,862389,15,23,0,test,diff_days_indoor,5,0,0,0,0,0,0.2865038216114044
data/raw/osu_lora/Diff_Days_Indoor_Setup/Day5/Device17/IQ_1.dat,12,940788,15,23,0,test,diff_days_indoor,5,0,0,0,0,0,0.28489068150520325
data/raw/osu_lora/Diff_Days_Indoor_Setup/Day5/Device17/IQ_1.dat,13,1019187,15,15,1,test,diff_days_indoor,5,0,0,0,0,0,0.30604782700538635
data/raw/osu_lora/Diff_Days_Indoor_Setup/Day5/Device17/IQ_1.dat,14,1097586,15,23,0,test,diff_days_indoor,5,0,0,0,0,0,0.27861088514328003
data/raw/osu_lora/Diff_Days_Indoor_Setup/Day5/Device17/IQ_1.dat,15,1175985,15,23,0,test,diff_days_indoor,5,0,0,0,0,0,0.29995667934417725
data/raw/osu_lora/Diff_Days_Indoor_Setup/Day5/Device17/IQ_1.dat,16,1254384,15,15,1,test,diff_days_indoor,5,0,0,0,0,0,0.2804259955883026
data/raw/osu_lora/Diff_Days_Indoor_Setup/Day5/Device17/IQ_1.dat,17,1332783,15,23,0,test,diff_days_indoor,5,0,0,0,0,0,0.26855072379112244
data/raw/osu_lora/Diff_Days_Indoor_Setup/Day5/Device17/IQ_1.dat,18,1411182,15,23,0,test,diff_days_indoor,5,0,0,0,0,0,0.3024289011955261
data/raw/osu_lora/Diff_Days_Indoor_Setup/Day5/Device17/IQ_1.dat,19,1489581,15,7,0,test,diff_days_indoor,5,0,0,0,0,0,0.17535623908042908
data/raw/osu_lora/Diff_Days_Indoor_Setup/Day5/Device17/IQ_1.dat,20,1567980,15,15,1,test,diff_days_indoor,5,0,0,0,0,0,0.2764286696910858
data/raw/osu_lora/Diff_Days_Indoor_Setup/Day5/Device17/IQ_1.dat,21,1646379,15,15,1,test,diff_days_indoor,5,0,0,0,0,0,0.30138280987739563
data/raw/osu_lora/Diff_Days_Indoor_Setup/Day5/Device17/IQ_1.dat,22,1724778,15,7,0,test,diff_days_indoor,5,0,0,0,0,0,0.23217445611953735
data/raw/osu_lora/Diff_Days_Indoor_Setup/Day5/Device17/IQ_1.dat,23,1803177,15,15,1,test,diff_days_indoor,5,0,0,0,0,0,0.2863396406173706
data/raw/osu_lora/Diff_Days_Indoor_Setup/Day5/Device17/IQ_1.dat,24,1881576,15,15,1,test,diff_days_indoor,5,0,0,0,0,0,0.24751265347003937
data/raw/osu_lora/Diff_Days_Indoor_Setup/Day5/Device17/IQ_1.dat,25,1959975,15,22,0,test,diff_days_indoor,5,0,0,0,0,0,0.2821122705936432
data/raw/osu_lora/Diff_Days_Indoor_Setup/Day5/Device17/IQ_1.dat,26,2038374,15,23,0,test,diff_days_indoor,5,0,0,0,0,0,0.10164104402065277
data/raw/osu_lora/Diff_Days_Indoor_Setup/Day5/Device17/IQ_1.dat,27,2116773,15,23,0,test,diff_days_indoor,5,0,0,0,0,0,0.27820152044296265
data/raw/osu_lora/Diff_Days_Indoor_Setup/Day5/Device17/IQ_1.dat,28,2195172,15,22,0,test,diff_days_indoor,5,0,0,0,0,0,0.27937832474708557
data/raw/osu_lora/Diff_Days_Indoor_Setup/Day5/Device17/IQ_1.dat,29,2273571,15,22,0,test,diff_days_indoor,5,0,0,0,0,0,0.28779205679893494
data/raw/osu_lora/Diff_Days_Indoor_Setup/Day5/Device17/IQ_1.dat,30,2351970,15,15,1,test,diff_days_indoor,5,0,0,0,0,0,0.3042866587638855
data/raw/osu_lora/Diff_Days_Indoor_Setup/Day5/Device17/IQ_1.dat,31,2430369,15,22,0,test,diff_days_indoor,5,0,0,0,0,0,0.21487316489219666
data/raw/osu_lora/Diff_Days_Indoor_Setup/Day5/Device17/IQ_1.dat,32,2508768,15,15,1,test,diff_days_indoor,5,0,0,0,0,0,0.2686116695404053
data/raw/osu_lora/Diff_Days_Indoor_Setup/Day5/Device17/IQ_1.dat,33,2587167,15,15,1,test,diff_days_indoor,5,0,0,0,0,0,0.2791849672794342
data/raw/osu_lora/Diff_Days_Indoor_Setup/Day5/Device17/IQ_1.dat,34,2665566,15,23,0,test,diff_days_indoor,5,0,0,0,0,0,0.2677384912967682
data/raw/osu_lora/Diff_Days_Indoor_Setup/Day5/Device17/IQ_1.dat,35,2743965,15,22,0,test,diff_days_indoor,5,0,0,0,0,0,0.3321923017501831
data/raw/osu_lora/Diff_Days_Indoor_Setup/Day5/Device17/IQ_1.dat,36,2822364,15,23,0,test,diff_days_indoor,5,0,0,0,0,0,0.23844091594219208
data/raw/osu_lora/Diff_Days_Indoor_Setup/Day5/Device17/IQ_1.dat,37,2900763,15,23,0,test,diff_days_indoor,5,0,0,0,0,0,0.2659311294555664
data/raw/osu_lora/Diff_Days_Indoor_Setup/Day5/Device17/IQ_1.dat,38,2979162,15,22,0,test,diff_days_indoor,5,0,0,0,0,0,0.2608988583087921
data/raw/osu_lora/Diff_Days_Indoor_Setup/Day5/Device17/IQ_1.dat,39,3057561,15,15,1,test,diff_days_indoor,5,0,0,0,0,0,0.2770768404006958
data/raw/osu_lora/Diff_Days_Indoor_Setup/Day5/Device17/IQ_1.dat,40,3135960,15,23,0,test,diff_days_indoor,5,0,0,0,0,0,0.2713531255722046
data/raw/osu_lora/Diff_Days_Indoor_Setup/Day5/Device17/IQ_1.dat,41,3214359,15,15,1,test,diff_days_indoor,5,0,0,0,0,0,0.2779148817062378
data/raw/osu_lora/Diff_Days_Indoor_Setup/Day5/Device17/IQ_1.dat,42,3292758,15,15,1,test,diff_days_indoor,5,0,0,0,0,0,0.3061949610710144
data/raw/osu_lora/Diff_Days_Indoor_Setup/Day5/Device17/IQ_1.dat,43,3371157,15,7,0,test,diff_days_indoor,5,0,0,0,0,0,0.2072790563106537
data/raw/osu_lora/Diff_Days_Indoor_Setup/Day5/Device17/IQ_1.dat,44,3449556,15,15,1,test,diff_days_indoor,5,0,0,0,0,0,0.26827511191368103
data/raw/osu_lora/Diff_Days_Indoor_Setup/Day5/Device17/IQ_1.dat,45,3527955,15,15,1,test,diff_days_indoor,5,0,0,0,0,0,0.2341127246618271
data/raw/osu_lora/Diff_Days_Indoor_Setup/Day5/Device17/IQ_1.dat,46,3606354,15,15,1,test,diff_days_indoor,5,0,0,0,0,0,0.2634483575820923
data/raw/osu_lora/Diff_Days_Indoor_Setup/Day5/Device17/IQ_1.dat,47,3684753,15,15,1,test,diff_days_indoor,5,0,0,0,0,0,0.19967779517173767
data/raw/osu_lora/Diff_Days_Indoor_Setup/Day5/Device17/IQ_1.dat,48,3763152,15,17,0,test,diff_days_indoor,5,0,0,0,0,0,0.18256746232509613
data/raw/osu_lora/Diff_Days_Indoor_Setup/Day5/Device17/IQ_1.dat,49,3841551,15,15,1,test,diff_days_indoor,5,0,0,0,0,0,0.2939961552619934
data/raw/osu_lora/Diff_Days_Indoor_Setup/Day5/Device17/IQ_1.dat,50,3919950,15,15,1,test,diff_days_indoor,5,0,0,0,0,0,0.22245405614376068
data/raw/osu_lora/Diff_Days_Indoor_Setup/Day5/Device17/IQ_1.dat,51,3998349,15,23,0,test,diff_days_indoor,5,0,0,0,0,0,0.30049073696136475
data/raw/osu_lora/Diff_Days_Indoor_Setup/Day5/Device17/IQ_1.dat,52,4076748,15,23,0,test,diff_days_indoor,5,0,0,0,0,0,0.30831483006477356
data/raw/osu_lora/Diff_Days_Indoor_Setup/Day5/Device17/IQ_1.dat,53,4155147,15,15,1,test,diff_days_indoor,5,0,0,0,0,0,0.290343701839447
data/raw/osu_lora/Diff_Days_Indoor_Setup/Day5/Device17/IQ_1.dat,54,4233546,15,22,0,test,diff_days_indoor,5,0,0,0,0,0,0.2775827944278717
data/raw/osu_lora/Diff_Days_Indoor_Setup/Day5/Device17/IQ_1.dat,55,4311945,15,15,1,test,diff_days_indoor,5,0,0,0,0,0,0.2703385651111603
data/raw/osu_lora/Diff_Days_Indoor_Setup/Day5/Device17/IQ_1.dat,56,4390344,15,15,1,test,diff_days_indoor,5,0,0,0,0,0,0.27516990900039673
data/raw/osu_lora/Diff_Days_Indoor_Setup/Day5/Device17/IQ_1.dat,57,4468743,15,23,0,test,diff_days_indoor,5,0,0,0,0,0,0.28834375739097595
data/raw/osu_lora/Diff_Days_Indoor_Setup/Day5/Device17/IQ_1.dat,58,4547142,15,22,0,test,diff_days_indoor,5,0,0,0,0,0,0.2956973612308502
data/raw/osu_lora/Diff_Days_Indoor_Setup/Day5/Device17/IQ_1.dat,59,4625541,15,23,0,test,diff_days_indoor,5,0,0,0,0,0,0.2961356043815613
data/raw/osu_lora/Diff_Days_Indoor_Setup/Day5/Device17/IQ_1.dat,60,4703940,15,17,0,test,diff_days_indoor,5,0,0,0,0,0,0.2579551339149475
data/raw/osu_lora/Diff_Days_Indoor_Setup/Day5/Device17/IQ_1.dat,61,4782339,15,7,0,test,diff_days_indoor,5,0,0,0,0,0,0.3017304241657257
data/raw/osu_lora/Diff_Days_Indoor_Setup/Day5/Device17/IQ_1.dat,62,4860738,15,17,0,test,diff_days_indoor,5,0,0,0,0,0,0.26483285427093506
data/raw/osu_lora/Diff_Days_Indoor_Setup/Day5/Device17/IQ_1.dat,63,4939137,15,15,1,test,diff_days_indoor,5,0,0,0,0,0,0.29693758487701416
data/raw/osu_lora/Diff_Days_Indoor_Setup/Day5/Device17/IQ_1.dat,64,5017536,15,15,1,test,diff_days_indoor,5,0,0,0,0,0,0.21490463614463806
data/raw/osu_lora/Diff_Days_Indoor_Setup/Day5/Device17/IQ_1.dat,65,5095935,15,15,1,test,diff_days_indoor,5,0,0,0,0,0,0.2598731517791748
data/raw/osu_lora/Diff_Days_Indoor_Setup/Day5/Device17/IQ_1.dat,66,5174334,15,23,0,test,diff_days_indoor,5,0,0,0,0,0,0.29836368560791016
data/raw/osu_lora/Diff_Days_Indoor_Setup/Day5/Device17/IQ_1.dat,67,5252733,15,23,0,test,diff_days_indoor,5,0,0,0,0,0,0.2845391631126404
data/raw/osu_lora/Diff_Days_Indoor_Setup/Day5/Device17/IQ_1.dat,68,5331132,15,15,1,test,diff_days_indoor,5,0,0,0,0,0,0.2360057383775711
data/raw/osu_lora/Diff_Days_Indoor_Setup/Day5/Device17/IQ_1.dat,69,5409531,15,22,0,test,diff_days_indoor,5,0,0,0,0,0,0.2899792790412903
data/raw/osu_lora/Diff_Days_Indoor_Setup/Day5/Device17/IQ_1.dat,70,5487930,15,7,0,test,diff_days_indoor,5,0,0,0,0,0,0.29723626375198364
data/raw/osu_lora/Diff_Days_Indoor_Setup/Day5/Device17/IQ_1.dat,71,5566329,15,23,0,test,diff_days_indoor,5,0,0,0,0,0,0.28997325897216797
data/raw/osu_lora/Diff_Days_Indoor_Setup/Day5/Device17/IQ_1.dat,72,5644728,15,15,1,test,diff_days_indoor,5,0,0,0,0,0,0.29760977625846863
data/raw/osu_lora/Diff_Days_Indoor_Setup/Day5/Device17/IQ_1.dat,73,5723127,15,22,0,test,diff_days_indoor,5,0,0,0,0,0,0.32100093364715576
data/raw/osu_lora/Diff_Days_Indoor_Setup/Day5/Device17/IQ_1.dat,74,5801526,15,15,1,test,diff_days_indoor,5,0,0,0,0,0,0.26006197929382324
data/raw/osu_lora/Diff_Days_Indoor_Setup/Day5/Device17/IQ_1.dat,75,5879925,15,15,1,test,diff_days_indoor,5,0,0,0,0,0,0.15927699208259583
data/raw/osu_lora/Diff_Days_Indoor_Setup/Day5/Device17/IQ_1.dat,76,5958324,15,22,0,test,diff_days_indoor,5,0,0,0,0,0,0.2921953499317169
data/raw/osu_lora/Diff_Days_Indoor_Setup/Day5/Device17/IQ_1.dat,77,6036723,15,17,0,test,diff_days_indoor,5,0,0,0,0,0,0.2276630699634552
data/raw/osu_lora/Diff_Days_Indoor_Setup/Day5/Device17/IQ_1.dat,78,6115122,15,13,0,test,diff_days_indoor,5,0,0,0,0,0,0.08924107253551483
data/raw/osu_lora/Diff_Days_Indoor_Setup/Day5/Device17/IQ_1.dat,79,6193521,15,15,1,test,diff_days_indoor,5,0,0,0,0,0,0.21873563528060913
data/raw/osu_lora/Diff_Days_Indoor_Setup/Day5/Device17/IQ_1.dat,80,6271920,15,15,1,test,diff_days_indoor,5,0,0,0,0,0,0.2740497291088104
data/raw/osu_lora/Diff_Days_Indoor_Setup/Day5/Device17/IQ_1.dat,81,6350319,15,23,0,test,diff_days_indoor,5,0,0,0,0,0,0.30794721841812134
data/raw/osu_lora/Diff_Days_Indoor_Setup/Day5/Device17/IQ_1.dat,82,6428718,15,17,0,test,diff_days_indoor,5,0,0,0,0,0,0.2589018642902374
data/raw/osu_lora/Diff_Days_Indoor_Setup/Day5/Device17/IQ_1.dat,83,6507117,15,15,1,test,diff_days_indoor,5,0,0,0,0,0,0.28431734442710876
data/raw/osu_lora/Diff_Days_Indoor_Setup/Day5/Device17/IQ_1.dat,84,6585516,15,15,1,test,diff_days_indoor,5,0,0,0,0,0,0.2999677062034607
data/raw/osu_lora/Diff_Days_Indoor_Setup/Day5/Device17/IQ_1.dat,85,6663915,15,15,1,test,diff_days_indoor,5,0,0,0,0,0,0.3030364513397217
data/raw/osu_lora/Diff_Days_Indoor_Setup/Day5/Device17/IQ_1.dat,86,6742314,15,15,1,test,diff_days_indoor,5,0,0,0,0,0,0.31729671359062195
data/raw/osu_lora/Diff_Days_Indoor_Setup/Day5/Device17/IQ_1.dat,87,6820713,15,15,1,test,diff_days_indoor,5,0,0,0,0,0,0.24810791015625
data/raw/osu_lora/Diff_Days_Indoor_Setup/Day5/Device17/IQ_1.dat,88,6899112,15,15,1,test,diff_days_indoor,5,0,0,0,0,0,0.2638101577758789
data/raw/osu_lora/Diff_Days_Indoor_Setup/Day5/Device17/IQ_1.dat,89,6977511,15,15,1,test,diff_days_indoor,5,0,0,0,0,0,0.3110522925853729
data/raw/osu_lora/Diff_Days_Indoor_Setup/Day5/Device17/IQ_1.dat,90,7055910,15,19,0,test,diff_days_indoor,5,0,0,0,0,0,0.2112562507390976
data/raw/osu_lora/Diff_Days_Indoor_Setup/Day5/Device17/IQ_1.dat,91,7134309,15,22,0,test,diff_days_indoor,5,0,0,0,0,0,0.28552761673927307
data/raw/osu_lora/Diff_Days_Indoor_Setup/Day5/Device17/IQ_1.dat,92,7212708,15,23,0,test,diff_days_indoor,5,0,0,0,0,0,0.23119142651557922
data/raw/osu_lora/Diff_Days_Indoor_Setup/Day5/Device17/IQ_1.dat,93,7291107,15,15,1,test,diff_days_indoor,5,0,0,0,0,0,0.23622581362724304
data/raw/osu_lora/Diff_Days_Indoor_Setup/Day5/Device17/IQ_1.dat,94,7369506,15,23,0,test,diff_days_indoor,5,0,0,0,0,0,0.2570006251335144
data/raw/osu_lora/Diff_Days_Indoor_Setup/Day5/Device17/IQ_1.dat,95,7447905,15,15,1,test,diff_days_indoor,5,0,0,0,0,0,0.2272760421037674
data/raw/osu_lora/Diff_Days_Indoor_Setup/Day5/Device17/IQ_1.dat,96,7526304,15,7,0,test,diff_days_indoor,5,0,0,0,0,0,0.19857795536518097
data/raw/osu_lora/Diff_Days_Indoor_Setup/Day5/Device17/IQ_1.dat,97,7604703,15,15,1,test,diff_days_indoor,5,0,0,0,0,0,0.24903604388237
data/raw/osu_lora/Diff_Days_Indoor_Setup/Day5/Device17/IQ_1.dat,98,7683102,15,23,0,test,diff_days_indoor,5,0,0,0,0,0,0.2868025302886963
data/raw/osu_lora/Diff_Days_Indoor_Setup/Day5/Device17/IQ_1.dat,99,7761501,15,22,0,test,diff_days_indoor,5,0,0,0,0,0,0.3096874952316284
data/raw/osu_lora/Diff_Days_Indoor_Setup/Day5/Device17/IQ_1.dat,100,7839900,15,15,1,test,diff_days_indoor,5,0,0,0,0,0,0.2936176061630249
data/raw/osu_lora/Diff_Days_Indoor_Setup/Day5/Device17/IQ_1.dat,101,7918299,15,15,1,test,diff_days_indoor,5,0,0,0,0,0,0.25221356749534607
data/raw/osu_lora/Diff_Days_Indoor_Setup/Day5/Device17/IQ_1.dat,102,7996698,15,17,0,test,diff_days_indoor,5,0,0,0,0,0,0.3041996955871582
data/raw/osu_lora/Diff_Days_Indoor_Setup/Day5/Device17/IQ_1.dat,103,8075097,15,7,0,test,diff_days_indoor,5,0,0,0,0,0,0.21583014726638794
data/raw/osu_lora/Diff_Days_Indoor_Setup/Day5/Device17/IQ_1.dat,104,8153496,15,22,0,test,diff_days_indoor,5,0,0,0,0,0,0.18623563647270203
data/raw/osu_lora/Diff_Days_Indoor_Setup/Day5/Device17/IQ_1.dat,105,8231895,15,23,0,test,diff_days_indoor,5,0,0,0,0,0,0.27120399475097656
data/raw/osu_lora/Diff_Days_Indoor_Setup/Day5/Device17/IQ_1.dat,106,8310294,15,23,0,test,diff_days_indoor,5,0,0,0,0,0,0.3168312907218933
data/raw/osu_lora/Diff_Days_Indoor_Setup/Day5/Device17/IQ_1.dat,107,8388693,15,15,1,test,diff_days_indoor,5,0,0,0,0,0,0.27320578694343567
data/raw/osu_lora/Diff_Days_Indoor_Setup/Day5/Device17/IQ_1.dat,108,8467092,15,15,1,test,diff_days_indoor,5,0,0,0,0,0,0.24946215748786926
data/raw/osu_lora/Diff_Days_Indoor_Setup/Day5/Device17/IQ_1.dat,109,8545491,15,15,1,test,diff_days_indoor,5,0,0,0,0,0,0.24710994958877563
data/raw/osu_lora/Diff_Days_Indoor_Setup/Day5/Device17/IQ_1.dat,110,8623890,15,15,1,test,diff_days_indoor,5,0,0,0,0,0,0.2758830189704895
data/raw/osu_lora/Diff_Days_Indoor_Setup/Day5/Device17/IQ_1.dat,111,8702289,15,23,0,test,diff_days_indoor,5,0,0,0,0,0,0.3026224672794342
data/raw/osu_lora/Diff_Days_Indoor_Setup/Day5/Device17/IQ_1.dat,112,8780688,15,15,1,test,diff_days_indoor,5,0,0,0,0,0,0.27206850051879883
data/raw/osu_lora/Diff_Days_Indoor_Setup/Day5/Device17/IQ_1.dat,113,8859087,15,22,0,test,diff_days_indoor,5,0,0,0,0,0,0.15912437438964844
data/raw/osu_lora/Diff_Days_Indoor_Setup/Day5/Device17/IQ_1.dat,114,8937486,15,15,1,test,diff_days_indoor,5,0,0,0,0,0,0.26673245429992676
data/raw/osu_lora/Diff_Days_Indoor_Setup/Day5/Device17/IQ_1.dat,115,9015885,15,15,1,test,diff_days_indoor,5,0,0,0,0,0,0.2320341169834137
data/raw/osu_lora/Diff_Days_Indoor_Setup/Day5/Device17/IQ_1.dat,116,9094284,15,15,1,test,diff_days_indoor,5,0,0,0,0,0,0.3000924587249756
data/raw/osu_lora/Diff_Days_Indoor_Setup/Day5/Device17/IQ_1.dat,117,9172683,15,17,0,test,diff_days_indoor,5,0,0,0,0,0,0.24585667252540588
data/raw/osu_lora/Diff_Days_Indoor_Setup/Day5/Device17/IQ_1.dat,118,9251082,15,15,1,test,diff_days_indoor,5,0,0,0,0,0,0.2609664499759674
data/raw/osu_lora/Diff_Days_Indoor_Setup/Day5/Device17/IQ_1.dat,119,9329481,15,15,1,test,diff_days_indoor,5,0,0,0,0,0,0.2513704299926758
data/raw/osu_lora/Diff_Days_Indoor_Setup/Day5/Device17/IQ_1.dat,120,9407880,15,22,0,test,diff_days_indoor,5,0,0,0,0,0,0.2692650854587555
data/raw/osu_lora/Diff_Days_Indoor_Setup/Day5/Device17/IQ_1.dat,121,9486279,15,15,1,test,diff_days_indoor,5,0,0,0,0,0,0.2707381546497345
data/raw/osu_lora/Diff_Days_Indoor_Setup/Day5/Device17/IQ_1.dat,122,9564678,15,7,0,test,diff_days_indoor,5,0,0,0,0,0,0.3304547667503357
data/raw/osu_lora/Diff_Days_Indoor_Setup/Day5/Device17/IQ_1.dat,123,9643077,15,22,0,test,diff_days_indoor,5,0,0,0,0,0,0.3188052177429199
data/raw/osu_lora/Diff_Days_Indoor_Setup/Day5/Device17/IQ_1.dat,124,9721476,15,15,1,test,diff_days_indoor,5,0,0,0,0,0,0.2395154982805252
data/raw/osu_lora/Diff_Days_Indoor_Setup/Day5/Device17/IQ_1.dat,125,9799875,15,15,1,test,diff_days_indoor,5,0,0,0,0,0,0.2800978124141693
data/raw/osu_lora/Diff_Days_Indoor_Setup/Day5/Device17/IQ_1.dat,126,9878274,15,15,1,test,diff_days_indoor,5,0,0,0,0,0,0.2879498302936554
data/raw/osu_lora/Diff_Days_Indoor_Setup/Day5/Device17/IQ_1.dat,127,9956673,15,15,1,test,diff_days_indoor,5,0,0,0,0,0,0.26542359590530396
data/raw/osu_lora/Diff_Days_Indoor_Setup/Day5/Device17/IQ_1.dat,128,10035072,15,15,1,test,diff_days_indoor,5,0,0,0,0,0,0.2213456928730011
data/raw/osu_lora/Diff_Days_Indoor_Setup/Day5/Device17/IQ_1.dat,129,10113471,15,15,1,test,diff_days_indoor,5,0,0,0,0,0,0.25467920303344727
data/raw/osu_lora/Diff_Days_Indoor_Setup/Day5/Device17/IQ_1.dat,130,10191870,15,23,0,test,diff_days_indoor,5,0,0,0,0,0,0.31431037187576294
data/raw/osu_lora/Diff_Days_Indoor_Setup/Day5/Device17/IQ_1.dat,131,10270269,15,22,0,test,diff_days_indoor,5,0,0,0,0,0,0.30746811628341675
data/raw/osu_lora/Diff_Days_Indoor_Setup/Day5/Device17/IQ_1.dat,132,10348668,15,15,1,test,diff_days_indoor,5,0,0,0,0,0,0.22883854806423187
data/raw/osu_lora/Diff_Days_Indoor_Setup/Day5/Device17/IQ_1.dat,133,10427067,15,23,0,test,diff_days_indoor,5,0,0,0,0,0,0.2791595757007599
data/raw/osu_lora/Diff_Days_Indoor_Setup/Day5/Device17/IQ_1.dat,134,10505466,15,22,0,test,diff_days_indoor,5,0,0,0,0,0,0.2692372500896454
data/raw/osu_lora/Diff_Days_Indoor_Setup/Day5/Device17/IQ_1.dat,135,10583865,15,15,1,test,diff_days_indoor,5,0,0,0,0,0,0.21460404992103577
data/raw/osu_lora/Diff_Days_Indoor_Setup/Day5/Device17/IQ_1.dat,136,10662264,15,23,0,test,diff_days_indoor,5,0,0,0,0,0,0.2852099537849426
data/raw/osu_lora/Diff_Days_Indoor_Setup/Day5/Device17/IQ_1.dat,137,10740663,15,15,1,test,diff_days_indoor,5,0,0,0,0,0,0.18860271573066711
data/raw/osu_lora/Diff_Days_Indoor_Setup/Day5/Device17/IQ_1.dat,138,10819062,15,23,0,test,diff_days_indoor,5,0,0,0,0,0,0.29758796095848083
data/raw/osu_lora/Diff_Days_Indoor_Setup/Day5/Device17/IQ_1.dat,139,10897461,15,23,0,test,diff_days_indoor,5,0,0,0,0,0,0.25381630659103394
data/raw/osu_lora/Diff_Days_Indoor_Setup/Day5/Device17/IQ_1.dat,140,10975860,15,15,1,test,diff_days_indoor,5,0,0,0,0,0,0.291045218706131
data/raw/osu_lora/Diff_Days_Indoor_Setup/Day5/Device17/IQ_1.dat,141,11054259,15,15,1,test,diff_days_indoor,5,0,0,0,0,0,0.2695758044719696
data/raw/osu_lora/Diff_Days_Indoor_Setup/Day5/Device17/IQ_1.dat,142,11132658,15,23,0,test,diff_days_indoor,5,0,0,0,0,0,0.22819805145263672
data/raw/osu_lora/Diff_Days_Indoor_Setup/Day5/Device17/IQ_1.dat,143,11211057,15,15,1,test,diff_days_indoor,5,0,0,0,0,0,0.32480934262275696
data/raw/osu_lora/Diff_Days_Indoor_Setup/Day5/Device17/IQ_1.dat,144,11289456,15,7,0,test,diff_days_indoor,5,0,0,0,0,0,0.3072977662086487
data/raw/osu_lora/Diff_Days_Indoor_Setup/Day5/Device17/IQ_1.dat,145,11367855,15,15,1,test,diff_days_indoor,5,0,0,0,0,0,0.2642308473587036
data/raw/osu_lora/Diff_Days_Indoor_Setup/Day5/Device17/IQ_1.dat,146,11446254,15,22,0,test,diff_days_indoor,5,0,0,0,0,0,0.30999699234962463
data/raw/osu_lora/Diff_Days_Indoor_Setup/Day5/Device17/IQ_1.dat,147,11524653,15,17,0,test,diff_days_indoor,5,0,0,0,0,0,0.2561478316783905
data/raw/osu_lora/Diff_Days_Indoor_Setup/Day5/Device17/IQ_1.dat,148,11603052,15,15,1,test,diff_days_indoor,5,0,0,0,0,0,0.2619154453277588
data/raw/osu_lora/Diff_Days_Indoor_Setup/Day5/Device17/IQ_1.dat,149,11681451,15,23,0,test,diff_days_indoor,5,0,0,0,0,0,0.27946433424949646
data/raw/osu_lora/Diff_Days_Indoor_Setup/Day5/Device17/IQ_1.dat,150,11759850,15,15,1,test,diff_days_indoor,5,0,0,0,0,0,0.2571277916431427
data/raw/osu_lora/Diff_Days_Indoor_Setup/Day5/Device17/IQ_1.dat,151,11838249,15,7,0,test,diff_days_indoor,5,0,0,0,0,0,0.13649283349514008
data/raw/osu_lora/Diff_Days_Indoor_Setup/Day5/Device17/IQ_1.dat,152,11916648,15,15,1,test,diff_days_indoor,5,0,0,0,0,0,0.2890154719352722
data/raw/osu_lora/Diff_Days_Indoor_Setup/Day5/Device17/IQ_1.dat,153,11995047,15,23,0,test,diff_days_indoor,5,0,0,0,0,0,0.29684364795684814
data/raw/osu_lora/Diff_Days_Indoor_Setup/Day5/Device17/IQ_1.dat,154,12073446,15,22,0,test,diff_days_indoor,5,0,0,0,0,0,0.30908259749412537
data/raw/osu_lora/Diff_Days_Indoor_Setup/Day5/Device17/IQ_1.dat,155,12151845,15,22,0,test,diff_days_indoor,5,0,0,0,0,0,0.2812204360961914
data/raw/osu_lora/Diff_Days_Indoor_Setup/Day5/Device17/IQ_1.dat,156,12230244,15,15,1,test,diff_days_indoor,5,0,0,0,0,0,0.24685460329055786
data/raw/osu_lora/Diff_Days_Indoor_Setup/Day5/Device17/IQ_1.dat,157,12308643,15,23,0,test,diff_days_indoor,5,0,0,0,0,0,0.29872703552246094
data/raw/osu_lora/Diff_Days_Indoor_Setup/Day5/Device17/IQ_1.dat,158,12387042,15,17,0,test,diff_days_indoor,5,0,0,0,0,0,0.21130214631557465
data/raw/osu_lora/Diff_Days_Indoor_Setup/Day5/Device17/IQ_1.dat,159,12465441,15,23,0,test,diff_days_indoor,5,0,0,0,0,0,0.2742342948913574
data/raw/osu_lora/Diff_Days_Indoor_Setup/Day5/Device17/IQ_1.dat,160,12543840,15,23,0,test,diff_days_indoor,5,0,0,0,0,0,0.3069383203983307
data/raw/osu_lora/Diff_Days_Indoor_Setup/Day5/Device17/IQ_1.dat,161,12622239,15,15,1,test,diff_days_indoor,5,0,0,0,0,0,0.265293151140213
data/raw/osu_lora/Diff_Days_Indoor_Setup/Day5/Device17/IQ_1.dat,162,12700638,15,15,1,test,diff_days_indoor,5,0,0,0,0,0,0.2573038339614868
data/raw/osu_lora/Diff_Days_Indoor_Setup/Day5/Device17/IQ_1.dat,163,12779037,15,7,0,test,diff_days_indoor,5,0,0,0,0,0,0.23113593459129333
data/raw/osu_lora/Diff_Days_Indoor_Setup/Day5/Device17/IQ_1.dat,164,12857436,15,22,0,test,diff_days_indoor,5,0,0,0,0,0,0.3013922870159149
data/raw/osu_lora/Diff_Days_Indoor_Setup/Day5/Device17/IQ_1.dat,165,12935835,15,22,0,test,diff_days_indoor,5,0,0,0,0,0,0.34907636046409607
data/raw/osu_lora/Diff_Days_Indoor_Setup/Day5/Device17/IQ_1.dat,166,13014234,15,15,1,test,diff_days_indoor,5,0,0,0,0,0,0.2517642676830292
data/raw/osu_lora/Diff_Days_Indoor_Setup/Day5/Device17/IQ_1.dat,167,13092633,15,15,1,test,diff_days_indoor,5,0,0,0,0,0,0.21387046575546265
data/raw/osu_lora/Diff_Days_Indoor_Setup/Day5/Device17/IQ_1.dat,168,13171032,15,23,0,test,diff_days_indoor,5,0,0,0,0,0,0.2886733412742615
data/raw/osu_lora/Diff_Days_Indoor_Setup/Day5/Device17/IQ_1.dat,169,13249431,15,7,0,test,diff_days_indoor,5,0,0,0,0,0,0.22129234671592712
data/raw/osu_lora/Diff_Days_Indoor_Setup/Day5/Device17/IQ_1.dat,170,13327830,15,15,1,test,diff_days_indoor,5,0,0,0,0,0,0.2638692855834961
data/raw/osu_lora/Diff_Days_Indoor_Setup/Day5/Device17/IQ_1.dat,171,13406229,15,15,1,test,diff_days_indoor,5,0,0,0,0,0,0.33150750398635864
data/raw/osu_lora/Diff_Days_Indoor_Setup/Day5/Device17/IQ_1.dat,172,13484628,15,15,1,test,diff_days_indoor,5,0,0,0,0,0,0.3107413351535797
data/raw/osu_lora/Diff_Days_Indoor_Setup/Day5/Device17/IQ_1.dat,173,13563027,15,15,1,test,diff_days_indoor,5,0,0,0,0,0,0.3040678799152374
data/raw/osu_lora/Diff_Days_Indoor_Setup/Day5/Device17/IQ_1.dat,174,13641426,15,15,1,test,diff_days_indoor,5,0,0,0,0,0,0.265428751707077
data/raw/osu_lora/Diff_Days_Indoor_Setup/Day5/Device17/IQ_1.dat,175,13719825,15,23,0,test,diff_days_indoor,5,0,0,0,0,0,0.29696282744407654
data/raw/osu_lora/Diff_Days_Indoor_Setup/Day5/Device17/IQ_1.dat,176,13798224,15,15,1,test,diff_days_indoor,5,0,0,0,0,0,0.30414578318595886
data/raw/osu_lora/Diff_Days_Indoor_Setup/Day5/Device17/IQ_1.dat,177,13876623,15,15,1,test,diff_days_indoor,5,0,0,0,0,0,0.27420443296432495
data/raw/osu_lora/Diff_Days_Indoor_Setup/Day5/Device17/IQ_1.dat,178,13955022,15,15,1,test,diff_days_indoor,5,0,0,0,0,0,0.30774354934692383
data/raw/osu_lora/Diff_Days_Indoor_Setup/Day5/Device17/IQ_1.dat,179,14033421,15,23,0,test,diff_days_indoor,5,0,0,0,0,0,0.29613733291625977
data/raw/osu_lora/Diff_Days_Indoor_Setup/Day5/Device17/IQ_1.dat,180,14111820,15,17,0,test,diff_days_indoor,5,0,0,0,0,0,0.3138701319694519
data/raw/osu_lora/Diff_Days_Indoor_Setup/Day5/Device17/IQ_1.dat,181,14190219,15,17,0,test,diff_days_indoor,5,0,0,0,0,0,0.2388218194246292
data/raw/osu_lora/Diff_Days_Indoor_Setup/Day5/Device17/IQ_1.dat,182,14268618,15,17,0,test,diff_days_indoor,5,0,0,0,0,0,0.31415849924087524
data/raw/osu_lora/Diff_Days_Indoor_Setup/Day5/Device17/IQ_1.dat,183,14347017,15,15,1,test,diff_days_indoor,5,0,0,0,0,0,0.2510093152523041
data/raw/osu_lora/Diff_Days_Indoor_Setup/Day5/Device17/IQ_1.dat,184,14425416,15,15,1,test,diff_days_indoor,5,0,0,0,0,0,0.18901513516902924
data/raw/osu_lora/Diff_Days_Indoor_Setup/Day5/Device17/IQ_1.dat,185,14503815,15,23,0,test,diff_days_indoor,5,0,0,0,0,0,0.2802721858024597
data/raw/osu_lora/Diff_Days_Indoor_Setup/Day5/Device17/IQ_1.dat,186,14582214,15,15,1,test,diff_days_indoor,5,0,0,0,0,0,0.2950671315193176
data/raw/osu_lora/Diff_Days_Indoor_Setup/Day5/Device17/IQ_1.dat,187,14660613,15,7,0,test,diff_days_indoor,5,0,0,0,0,0,0.2584596574306488
data/raw/osu_lora/Diff_Days_Indoor_Setup/Day5/Device17/IQ_1.dat,188,14739012,15,15,1,test,diff_days_indoor,5,0,0,0,0,0,0.31097277998924255
data/raw/osu_lora/Diff_Days_Indoor_Setup/Day5/Device17/IQ_1.dat,189,14817411,15,15,1,test,diff_days_indoor,5,0,0,0,0,0,0.25577524304389954
data/raw/osu_lora/Diff_Days_Indoor_Setup/Day5/Device17/IQ_1.dat,190,14895810,15,23,0,test,diff_days_indoor,5,0,0,0,0,0,0.30685824155807495
data/raw/osu_lora/Diff_Days_Indoor_Setup/Day5/Device17/IQ_1.dat,191,14974209,15,15,1,test,diff_days_indoor,5,0,0,0,0,0,0.2629965543746948
data/raw/osu_lora/Diff_Days_Indoor_Setup/Day5/Device17/IQ_1.dat,192,15052608,15,23,0,test,diff_days_indoor,5,0,0,0,0,0,0.26644933223724365
data/raw/osu_lora/Diff_Days_Indoor_Setup/Day5/Device17/IQ_1.dat,193,15131007,15,23,0,test,diff_days_indoor,5,0,0,0,0,0,0.26214057207107544
data/raw/osu_lora/Diff_Days_Indoor_Setup/Day5/Device17/IQ_1.dat,194,15209406,15,23,0,test,diff_days_indoor,5,0,0,0,0,0,0.3081165850162506
data/raw/osu_lora/Diff_Days_Indoor_Setup/Day5/Device17/IQ_1.dat,195,15287805,15,15,1,test,diff_days_indoor,5,0,0,0,0,0,0.2381543517112732
data/raw/osu_lora/Diff_Days_Indoor_Setup/Day5/Device17/IQ_1.dat,196,15366204,15,15,1,test,diff_days_indoor,5,0,0,0,0,0,0.2736327052116394
data/raw/osu_lora/Diff_Days_Indoor_Setup/Day5/Device17/IQ_1.dat,197,15444603,15,7,0,test,diff_days_indoor,5,0,0,0,0,0,0.27541837096214294
data/raw/osu_lora/Diff_Days_Indoor_Setup/Day5/Device17/IQ_1.dat,198,15523002,15,8,0,test,diff_days_indoor,5,0,0,0,0,0,0.15416623651981354
data/raw/osu_lora/Diff_Days_Indoor_Setup/Day5/Device17/IQ_1.dat,199,15601401,15,15,1,test,diff_days_indoor,5,0,0,0,0,0,0.2547050416469574
data/raw/osu_lora/Diff_Days_Indoor_Setup/Day5/Device17/IQ_1.dat,200,15679800,15,15,1,test,diff_days_indoor,5,0,0,0,0,0,0.24795205891132355
data/raw/osu_lora/Diff_Days_Indoor_Setup/Day5/Device17/IQ_1.dat,201,15758199,15,15,1,test,diff_days_indoor,5,0,0,0,0,0,0.34610438346862793
data/raw/osu_lora/Diff_Days_Indoor_Setup/Day5/Device17/IQ_1.dat,202,15836598,15,15,1,test,diff_days_indoor,5,0,0,0,0,0,0.21917606890201569
data/raw/osu_lora/Diff_Days_Indoor_Setup/Day5/Device17/IQ_1.dat,203,15914997,15,15,1,test,diff_days_indoor,5,0,0,0,0,0,0.2804059684276581
data/raw/osu_lora/Diff_Days_Indoor_Setup/Day5/Device17/IQ_1.dat,204,15993396,15,23,0,test,diff_days_indoor,5,0,0,0,0,0,0.22158314287662506
data/raw/osu_lora/Diff_Days_Indoor_Setup/Day5/Device17/IQ_1.dat,205,16071795,15,22,0,test,diff_days_indoor,5,0,0,0,0,0,0.2984708547592163
data/raw/osu_lora/Diff_Days_Indoor_Setup/Day5/Device17/IQ_1.dat,206,16150194,15,15,1,test,diff_days_indoor,5,0,0,0,0,0,0.23215849697589874
data/raw/osu_lora/Diff_Days_Indoor_Setup/Day5/Device17/IQ_1.dat,207,16228593,15,15,1,test,diff_days_indoor,5,0,0,0,0,0,0.22292165458202362
data/raw/osu_lora/Diff_Days_Indoor_Setup/Day5/Device17/IQ_1.dat,208,16306992,15,23,0,test,diff_days_indoor,5,0,0,0,0,0,0.26418063044548035
data/raw/osu_lora/Diff_Days_Indoor_Setup/Day5/Device17/IQ_1.dat,209,16385391,15,15,1,test,diff_days_indoor,5,0,0,0,0,0,0.33650916814804077
data/raw/osu_lora/Diff_Days_Indoor_Setup/Day5/Device17/IQ_1.dat,210,16463790,15,15,1,test,diff_days_indoor,5,0,0,0,0,0,0.2276749461889267
data/raw/osu_lora/Diff_Days_Indoor_Setup/Day5/Device17/IQ_1.dat,211,16542189,15,15,1,test,diff_days_indoor,5,0,0,0,0,0,0.2262381911277771
data/raw/osu_lora/Diff_Days_Indoor_Setup/Day5/Device17/IQ_1.dat,212,16620588,15,15,1,test,diff_days_indoor,5,0,0,0,0,0,0.20348487794399261
data/raw/osu_lora/Diff_Days_Indoor_Setup/Day5/Device17/IQ_1.dat,213,16698987,15,17,0,test,diff_days_indoor,5,0,0,0,0,0,0.1906033307313919
data/raw/osu_lora/Diff_Days_Indoor_Setup/Day5/Device17/IQ_1.dat,214,16777386,15,7,0,test,diff_days_indoor,5,0,0,0,0,0,0.3019959628582001
data/raw/osu_lora/Diff_Days_Indoor_Setup/Day5/Device17/IQ_1.dat,215,16855785,15,7,0,test,diff_days_indoor,5,0,0,0,0,0,0.21755366027355194
data/raw/osu_lora/Diff_Days_Indoor_Setup/Day5/Device17/IQ_1.dat,216,16934184,15,23,0,test,diff_days_indoor,5,0,0,0,0,0,0.30654245615005493
data/raw/osu_lora/Diff_Days_Indoor_Setup/Day5/Device17/IQ_1.dat,217,17012583,15,23,0,test,diff_days_indoor,5,0,0,0,0,0,0.27529439330101013
data/raw/osu_lora/Diff_Days_Indoor_Setup/Day5/Device17/IQ_1.dat,218,17090982,15,22,0,test,diff_days_indoor,5,0,0,0,0,0,0.33029669523239136
data/raw/osu_lora/Diff_Days_Indoor_Setup/Day5/Device17/IQ_1.dat,219,17169381,15,23,0,test,diff_days_indoor,5,0,0,0,0,0,0.28907105326652527
data/raw/osu_lora/Diff_Days_Indoor_Setup/Day5/Device17/IQ_1.dat,220,17247780,15,23,0,test,diff_days_indoor,5,0,0,0,0,0,0.284833163022995
data/raw/osu_lora/Diff_Days_Indoor_Setup/Day5/Device17/IQ_1.dat,221,17326179,15,23,0,test,diff_days_indoor,5,0,0,0,0,0,0.26771000027656555
data/raw/osu_lora/Diff_Days_Indoor_Setup/Day5/Device17/IQ_1.dat,222,17404578,15,17,0,test,diff_days_indoor,5,0,0,0,0,0,0.2099553644657135
data/raw/osu_lora/Diff_Days_Indoor_Setup/Day5/Device17/IQ_1.dat,223,17482977,15,7,0,test,diff_days_indoor,5,0,0,0,0,0,0.21422497928142548
data/raw/osu_lora/Diff_Days_Indoor_Setup/Day5/Device17/IQ_1.dat,224,17561376,15,7,0,test,diff_days_indoor,5,0,0,0,0,0,0.1703886240720749
data/raw/osu_lora/Diff_Days_Indoor_Setup/Day5/Device17/IQ_1.dat,225,17639775,15,17,0,test,diff_days_indoor,5,0,0,0,0,0,0.2217319905757904
data/raw/osu_lora/Diff_Days_Indoor_Setup/Day5/Device17/IQ_1.dat,226,17718174,15,23,0,test,diff_days_indoor,5,0,0,0,0,0,0.2636132836341858
data/raw/osu_lora/Diff_Days_Indoor_Setup/Day5/Device17/IQ_1.dat,227,17796573,15,15,1,test,diff_days_indoor,5,0,0,0,0,0,0.29471397399902344
data/raw/osu_lora/Diff_Days_Indoor_Setup/Day5/Device17/IQ_1.dat,228,17874972,15,15,1,test,diff_days_indoor,5,0,0,0,0,0,0.30610907077789307
data/raw/osu_lora/Diff_Days_Indoor_Setup/Day5/Device17/IQ_1.dat,229,17953371,15,23,0,test,diff_days_indoor,5,0,0,0,0,0,0.26697245240211487
data/raw/osu_lora/Diff_Days_Indoor_Setup/Day5/Device17/IQ_1.dat,230,18031770,15,15,1,test,diff_days_indoor,5,0,0,0,0,0,0.2932029068470001
data/raw/osu_lora/Diff_Days_Indoor_Setup/Day5/Device17/IQ_1.dat,231,18110169,15,23,0,test,diff_days_indoor,5,0,0,0,0,0,0.28766295313835144
data/raw/osu_lora/Diff_Days_Indoor_Setup/Day5/Device17/IQ_1.dat,232,18188568,15,17,0,test,diff_days_indoor,5,0,0,0,0,0,0.2667163908481598
data/raw/osu_lora/Diff_Days_Indoor_Setup/Day5/Device17/IQ_1.dat,233,18266967,15,15,1,test,diff_days_indoor,5,0,0,0,0,0,0.2948867082595825
data/raw/osu_lora/Diff_Days_Indoor_Setup/Day5/Device17/IQ_1.dat,234,18345366,15,15,1,test,diff_days_indoor,5,0,0,0,0,0,0.31898555159568787
data/raw/osu_lora/Diff_Days_Indoor_Setup/Day5/Device17/IQ_1.dat,235,18423765,15,15,1,test,diff_days_indoor,5,0,0,0,0,0,0.2541046142578125
data/raw/osu_lora/Diff_Days_Indoor_Setup/Day5/Device17/IQ_1.dat,236,18502164,15,15,1,test,diff_days_indoor,5,0,0,0,0,0,0.26720017194747925
data/raw/osu_lora/Diff_Days_Indoor_Setup/Day5/Device17/IQ_1.dat,237,18580563,15,15,1,test,diff_days_indoor,5,0,0,0,0,0,0.23310048878192902
data/raw/osu_lora/Diff_Days_Indoor_Setup/Day5/Device17/IQ_1.dat,238,18658962,15,15,1,test,diff_days_indoor,5,0,0,0,0,0,0.25761979818344116
data/raw/osu_lora/Diff_Days_Indoor_Setup/Day5/Device17/IQ_1.dat,239,18737361,15,15,1,test,diff_days_indoor,5,0,0,0,0,0,0.2536860406398773
data/raw/osu_lora/Diff_Days_Indoor_Setup/Day5/Device17/IQ_1.dat,240,18815760,15,23,0,test,diff_days_indoor,5,0,0,0,0,0,0.23099619150161743
data/raw/osu_lora/Diff_Days_Indoor_Setup/Day5/Device17/IQ_1.dat,241,18894159,15,7,0,test,diff_days_indoor,5,0,0,0,0,0,0.30679556727409363
data/raw/osu_lora/Diff_Days_Indoor_Setup/Day5/Device17/IQ_1.dat,242,18972558,15,23,0,test,diff_days_indoor,5,0,0,0,0,0,0.24119828641414642
data/raw/osu_lora/Diff_Days_Indoor_Setup/Day5/Device17/IQ_1.dat,243,19050957,15,22,0,test,diff_days_indoor,5,0,0,0,0,0,0.29292595386505127
data/raw/osu_lora/Diff_Days_Indoor_Setup/Day5/Device17/IQ_1.dat,244,19129356,15,22,0,test,diff_days_indoor,5,0,0,0,0,0,0.23567700386047363
data/raw/osu_lora/Diff_Days_Indoor_Setup/Day5/Device17/IQ_1.dat,245,19207755,15,23,0,test,diff_days_indoor,5,0,0,0,0,0,0.2923746109008789
data/raw/osu_lora/Diff_Days_Indoor_Setup/Day5/Device17/IQ_1.dat,246,19286154,15,17,0,test,diff_days_indoor,5,0,0,0,0,0,0.27974462509155273
data/raw/osu_lora/Diff_Days_Indoor_Setup/Day5/Device17/IQ_1.dat,247,19364553,15,15,1,test,diff_days_indoor,5,0,0,0,0,0,0.280170738697052
data/raw/osu_lora/Diff_Days_Indoor_Setup/Day5/Device17/IQ_1.dat,248,19442952,15,15,1,test,diff_days_indoor,5,0,0,0,0,0,0.3207065761089325
data/raw/osu_lora/Diff_Days_Indoor_Setup/Day5/Device17/IQ_1.dat,249,19521351,15,15,1,test,diff_days_indoor,5,0,0,0,0,0,0.32347241044044495
data/raw/osu_lora/Diff_Days_Indoor_Setup/Day5/Device17/IQ_1.dat,250,19599750,15,23,0,test,diff_days_indoor,5,0,0,0,0,0,0.3045728802680969
data/raw/osu_lora/Diff_Days_Indoor_Setup/Day5/Device17/IQ_1.dat,251,19678149,15,23,0,test,diff_days_indoor,5,0,0,0,0,0,0.3038480579853058
data/raw/osu_lora/Diff_Days_Indoor_Setup/Day5/Device17/IQ_1.dat,252,19756548,15,15,1,test,diff_days_indoor,5,0,0,0,0,0,0.28025373816490173
data/raw/osu_lora/Diff_Days_Indoor_Setup/Day5/Device17/IQ_1.dat,253,19834947,15,23,0,test,diff_days_indoor,5,0,0,0,0,0,0.2548828721046448
data/raw/osu_lora/Diff_Days_Indoor_Setup/Day5/Device17/IQ_1.dat,254,19913346,15,15,1,test,diff_days_indoor,5,0,0,0,0,0,0.22211480140686035
data/raw/osu_lora/Diff_Days_Indoor_Setup/Day5/Device17/IQ_1.dat,255,19991745,15,22,0,test,diff_days_indoor,5,0,0,0,0,0,0.30653467774391174
data/raw/osu_lora/Diff_Days_Indoor_Setup/Day5/Device18/IQ_1.dat,0,0,16,7,0,test,diff_days_indoor,5,0,0,0,0,0,0.26615312695503235
data/raw/osu_lora/Diff_Days_Indoor_Setup/Day5/Device18/IQ_1.dat,1,78399,16,14,0,test,diff_days_indoor,5,0,0,0,0,0,0.21861501038074493
data/raw/osu_lora/Diff_Days_Indoor_Setup/Day5/Device18/IQ_1.dat,2,156798,16,12,0,test,diff_days_indoor,5,0,0,0,0,0,0.24649327993392944
data/raw/osu_lora/Diff_Days_Indoor_Setup/Day5/Device18/IQ_1.dat,3,235197,16,17,0,test,diff_days_indoor,5,0,0,0,0,0,0.2538149654865265
data/raw/osu_lora/Diff_Days_Indoor_Setup/Day5/Device18/IQ_1.dat,4,313596,16,17,0,test,diff_days_indoor,5,0,0,0,0,0,0.26124998927116394
data/raw/osu_lora/Diff_Days_Indoor_Setup/Day5/Device18/IQ_1.dat,5,391995,16,17,0,test,diff_days_indoor,5,0,0,0,0,0,0.3001982867717743
data/raw/osu_lora/Diff_Days_Indoor_Setup/Day5/Device18/IQ_1.dat,6,470394,16,13,0,test,diff_days_indoor,5,0,0,0,0,0,0.18598730862140656
data/raw/osu_lora/Diff_Days_Indoor_Setup/Day5/Device18/IQ_1.dat,7,548793,16,13,0,test,diff_days_indoor,5,0,0,0,0,0,0.21468676626682281
data/raw/osu_lora/Diff_Days_Indoor_Setup/Day5/Device18/IQ_1.dat,8,627192,16,12,0,test,diff_days_indoor,5,0,0,0,0,0,0.25901877880096436
data/raw/osu_lora/Diff_Days_Indoor_Setup/Day5/Device18/IQ_1.dat,9,705591,16,7,0,test,diff_days_indoor,5,0,0,0,0,0,0.26619094610214233
data/raw/osu_lora/Diff_Days_Indoor_Setup/Day5/Device18/IQ_1.dat,10,783990,16,12,0,test,diff_days_indoor,5,0,0,0,0,0,0.2366044670343399
data/raw/osu_lora/Diff_Days_Indoor_Setup/Day5/Device18/IQ_1.dat,11,862389,16,12,0,test,diff_days_indoor,5,0,0,0,0,0,0.22072075307369232
data/raw/osu_lora/Diff_Days_Indoor_Setup/Day5/Device18/IQ_1.dat,12,940788,16,12,0,test,diff_days_indoor,5,0,0,0,0,0,0.23665127158164978
data/raw/osu_lora/Diff_Days_Indoor_Setup/Day5/Device18/IQ_1.dat,13,1019187,16,13,0,test,diff_days_indoor,5,0,0,0,0,0,0.22235365211963654
data/raw/osu_lora/Diff_Days_Indoor_Setup/Day5/Device18/IQ_1.dat,14,1097586,16,12,0,test,diff_days_indoor,5,0,0,0,0,0,0.2559606432914734
data/raw/osu_lora/Diff_Days_Indoor_Setup/Day5/Device18/IQ_1.dat,15,1175985,16,7,0,test,diff_days_indoor,5,0,0,0,0,0,0.3050069212913513
data/raw/osu_lora/Diff_Days_Indoor_Setup/Day5/Device18/IQ_1.dat,16,1254384,16,7,0,test,diff_days_indoor,5,0,0,0,0,0,0.27935031056404114
data/raw/osu_lora/Diff_Days_Indoor_Setup/Day5/Device18/IQ_1.dat,17,1332783,16,7,0,test,diff_days_indoor,5,0,0,0,0,0,0.2568742334842682
data/raw/osu_lora/Diff_Days_Indoor_Setup/Day5/Device18/IQ_1.dat,18,1411182,16,13,0,test,diff_days_indoor,5,0,0,0,0,0,0.20388740301132202
data/raw/osu_lora/Diff_Days_Indoor_Setup/Day5/Device18/IQ_1.dat,19,1489581,16,9,0,test,diff_days_indoor,5,0,0,0,0,0,0.2158084213733673
data/raw/osu_lora/Diff_Days_Indoor_Setup/Day5/Device18/IQ_1.dat,20,1567980,16,7,0,test,diff_days_indoor,5,0,0,0,0,0,0.2719665765762329
data/raw/osu_lora/Diff_Days_Indoor_Setup/Day5/Device18/IQ_1.dat,21,1646379,16,12,0,test,diff_days_indoor,5,0,0,0,0,0,0.2407422512769699
data/raw/osu_lora/Diff_Days_Indoor_Setup/Day5/Device18/IQ_1.dat,22,1724778,16,13,0,test,diff_days_indoor,5,0,0,0,0,0,0.2047586888074875
data/raw/osu_lora/Diff_Days_Indoor_Setup/Day5/Device18/IQ_1.dat,23,1803177,16,13,0,test,diff_days_indoor,5,0,0,0,0,0,0.25129765272140503
data/raw/osu_lora/Diff_Days_Indoor_Setup/Day5/Device18/IQ_1.dat,24,1881576,16,7,0,test,diff_days_indoor,5,0,0,0,0,0,0.23586508631706238
data/raw/osu_lora/Diff_Days_Indoor_Setup/Day5/Device18/IQ_1.dat,25,1959975,16,12,0,test,diff_days_indoor,5,0,0,0,0,0,0.25404980778694153
data/raw/osu_lora/Diff_Days_Indoor_Setup/Day5/Device18/IQ_1.dat,26,2038374,16,13,0,test,diff_days_indoor,5,0,0,0,0,0,0.24604889750480652
data/raw/osu_lora/Diff_Days_Indoor_Setup/Day5/Device18/IQ_1.dat,27,2116773,16,7,0,test,diff_days_indoor,5,0,0,0,0,0,0.23944051563739777
data/raw/osu_lora/Diff_Days_Indoor_Setup/Day5/Device18/IQ_1.dat,28,2195172,16,12,0,test,diff_days_indoor,5,0,0,0,0,0,0.261870801448822
data/raw/osu_lora/Diff_Days_Indoor_Setup/Day5/Device18/IQ_1.dat,29,2273571,16,7,0,test,diff_days_indoor,5,0,0,0,0,0,0.1750505566596985
data/raw/osu_lora/Diff_Days_Indoor_Setup/Day5/Device18/IQ_1.dat,30,2351970,16,12,0,test,diff_days_indoor,5,0,0,0,0,0,0.21426260471343994
data/raw/osu_lora/Diff_Days_Indoor_Setup/Day5/Device18/IQ_1.dat,31,2430369,16,12,0,test,diff_days_indoor,5,0,0,0,0,0,0.24218319356441498
data/raw/osu_lora/Diff_Days_Indoor_Setup/Day5/Device18/IQ_1.dat,32,2508768,16,7,0,test,diff_days_indoor,5,0,0,0,0,0,0.24471525847911835
data/raw/osu_lora/Diff_Days_Indoor_Setup/Day5/Device18/IQ_1.dat,33,2587167,16,12,0,test,diff_days_indoor,5,0,0,0,0,0,0.19708172976970673
data/raw/osu_lora/Diff_Days_Indoor_Setup/Day5/Device18/IQ_1.dat,34,2665566,16,13,0,test,diff_days_indoor,5,0,0,0,0,0,0.22262947261333466
data/raw/osu_lora/Diff_Days_Indoor_Setup/Day5/Device18/IQ_1.dat,35,2743965,16,13,0,test,diff_days_indoor,5,0,0,0,0,0,0.18699713051319122
data/raw/osu_lora/Diff_Days_Indoor_Setup/Day5/Device18/IQ_1.dat,36,2822364,16,8,0,test,diff_days_indoor,5,0,0,0,0,0,0.10019621253013611
data/raw/osu_lora/Diff_Days_Indoor_Setup/Day5/Device18/IQ_1.dat,37,2900763,16,12,0,test,diff_days_indoor,5,0,0,0,0,0,0.2598000466823578
data/raw/osu_lora/Diff_Days_Indoor_Setup/Day5/Device18/IQ_1.dat,38,2979162,16,14,0,test,diff_days_indoor,5,0,0,0,0,0,0.1576189547777176
data/raw/osu_lora/Diff_Days_Indoor_Setup/Day5/Device18/IQ_1.dat,39,3057561,16,12,0,test,diff_days_indoor,5,0,0,0,0,0,0.2491038739681244
data/raw/osu_lora/Diff_Days_Indoor_Setup/Day5/Device18/IQ_1.dat,40,3135960,16,12,0,test,diff_days_indoor,5,0,0,0,0,0,0.23434463143348694
data/raw/osu_lora/Diff_Days_Indoor_Setup/Day5/Device18/IQ_1.dat,41,3214359,16,13,0,test,diff_days_indoor,5,0,0,0,0,0,0.2317558228969574
data/raw/osu_lora/Diff_Days_Indoor_Setup/Day5/Device18/IQ_1.dat,42,3292758,16,13,0,test,diff_days_indoor,5,0,0,0,0,0,0.1973438262939453
data/raw/osu_lora/Diff_Days_Indoor_Setup/Day5/Device18/IQ_1.dat,43,3371157,16,7,0,test,diff_days_indoor,5,0,0,0,0,0,0.25667861104011536
data/raw/osu_lora/Diff_Days_Indoor_Setup/Day5/Device18/IQ_1.dat,44,3449556,16,13,0,test,diff_days_indoor,5,0,0,0,0,0,0.1798432618379593
data/raw/osu_lora/Diff_Days_Indoor_Setup/Day5/Device18/IQ_1.dat,45,3527955,16,9,0,test,diff_days_indoor,5,0,0,0,0,0,0.1841459423303604
data/raw/osu_lora/Diff_Days_Indoor_Setup/Day5/Device18/IQ_1.dat,46,3606354,16,12,0,test,diff_days_indoor,5,0,0,0,0,0,0.2828013598918915
data/raw/osu_lora/Diff_Days_Indoor_Setup/Day5/Device18/IQ_1.dat,47,3684753,16,13,0,test,diff_days_indoor,5,0,0,0,0,0,0.18181011080741882
data/raw/osu_lora/Diff_Days_Indoor_Setup/Day5/Device18/IQ_1.dat,48,3763152,16,17,0,test,diff_days_indoor,5,0,0,0,0,0,0.3398439884185791
data/raw/osu_lora/Diff_Days_Indoor_Setup/Day5/Device18/IQ_1.dat,49,3841551,16,7,0,test,diff_days_indoor,5,0,0,0,0,0,0.28331559896469116
data/raw/osu_lora/Diff_Days_Indoor_Setup/Day5/Device18/IQ_1.dat,50,3919950,16,13,0,test,diff_days_indoor,5,0,0,0,0,0,0.20302847027778625
data/raw/osu_lora/Diff_Days_Indoor_Setup/Day5/Device18/IQ_1.dat,51,3998349,16,12,0,test,diff_days_indoor,5,0,0,0,0,0,0.23471003770828247
data/raw/osu_lora/Diff_Days_Indoor_Setup/Day5/Device18/IQ_1.dat,52,4076748,16,12,0,test,diff_days_indoor,5,0,0,0,0,0,0.23654036223888397
data/raw/osu_lora/Diff_Days_Indoor_Setup/Day5/Device18/IQ_1.dat,53,4155147,16,7,0,test,diff_days_indoor,5,0,0,0,0,0,0.2349870800971985
data/raw/osu_lora/Diff_Days_Indoor_Setup/Day5/Device18/IQ_1.dat,54,4233546,16,12,0,test,diff_days_indoor,5,0,0,0,0,0,0.23762544989585876
data/raw/osu_lora/Diff_Days_Indoor_Setup/Day5/Device18/IQ_1.dat,55,4311945,16,12,0,test,diff_days_indoor,5,0,0,0,0,0,0.29652172327041626
data/raw/osu_lora/Diff_Days_Indoor_Setup/Day5/Device18/IQ_1.dat,56,4390344,16,17,0,test,diff_days_indoor,5,0,0,0,0,0,0.22856470942497253
data/raw/osu_lora/Diff_Days_Indoor_Setup/Day5/Device18/IQ_1.dat,57,4468743,16,7,0,test,diff_days_indoor,5,0,0,0,0,0,0.2727656662464142
data/raw/osu_lora/Diff_Days_Indoor_Setup/Day5/Device18/IQ_1.dat,58,4547142,16,12,0,test,diff_days_indoor,5,0,0,0,0,0,0.28488585352897644
data/raw/osu_lora/Diff_Days_Indoor_Setup/Day5/Device18/IQ_1.dat,59,4625541,16,7,0,test,diff_days_indoor,5,0,0,0,0,0,0.2765660881996155
data/raw/osu_lora/Diff_Days_Indoor_Setup/Day5/Device18/IQ_1.dat,60,4703940,16,17,0,test,diff_days_indoor,5,0,0,0,0,0,0.17023389041423798
data/raw/osu_lora/Diff_Days_Indoor_Setup/Day5/Device18/IQ_1.dat,61,4782339,16,7,0,test,diff_days_indoor,5,0,0,0,0,0,0.28993532061576843
data/raw/osu_lora/Diff_Days_Indoor_Setup/Day5/Device18/IQ_1.dat,62,4860738,16,7,0,test,diff_days_indoor,5,0,0,0,0,0,0.25908342003822327
data/raw/osu_lora/Diff_Days_Indoor_Setup/Day5/Device18/IQ_1.dat,63,4939137,16,12,0,test,diff_days_indoor,5,0,0,0,0,0,0.26080211997032166
data/raw/osu_lora/Diff_Days_Indoor_Setup/Day5/Device18/IQ_1.dat,64,5017536,16,12,0,test,diff_days_indoor,5,0,0,0,0,0,0.3022141456604004
data/raw/osu_lora/Diff_Days_Indoor_Setup/Day5/Device18/IQ_1.dat,65,5095935,16,9,0,test,diff_days_indoor,5,0,0,0,0,0,0.18156176805496216
data/raw/osu_lora/Diff_Days_Indoor_Setup/Day5/Device18/IQ_1.dat,66,5174334,16,14,0,test,diff_days_indoor,5,0,0,0,0,0,0.19248045980930328
data/raw/osu_lora/Diff_Days_Indoor_Setup/Day5/Device18/IQ_1.dat,67,5252733,16,13,0,test,diff_days_indoor,5,0,0,0,0,0,0.2390826791524887
data/raw/osu_lora/Diff_Days_Indoor_Setup/Day5/Device18/IQ_1.dat,68,5331132,16,7,0,test,diff_days_indoor,5,0,0,0,0,0,0.25035497546195984
data/raw/osu_lora/Diff_Days_Indoor_Setup/Day5/Device18/IQ_1.dat,69,5409531,16,17,0,test,diff_days_indoor,5,0,0,0,0,0,0.2842197120189667
data/raw/osu_lora/Diff_Days_Indoor_Setup/Day5/Device18/IQ_1.dat,70,5487930,16,7,0,test,diff_days_indoor,5,0,0,0,0,0,0.32000038027763367
data/raw/osu_lora/Diff_Days_Indoor_Setup/Day5/Device18/IQ_1.dat,71,5566329,16,7,0,test,diff_days_indoor,5,0,0,0,0,0,0.29999804496765137
data/raw/osu_lora/Diff_Days_Indoor_Setup/Day5/Device18/IQ_1.dat,72,5644728,16,21,0,test,diff_days_indoor,5,0,0,0,0,0,0.16875679790973663
data/raw/osu_lora/Diff_Days_Indoor_Setup/Day5/Device18/IQ_1.dat,73,5723127,16,12,0,test,diff_days_indoor,5,0,0,0,0,0,0.2280007153749466
data/raw/osu_lora/Diff_Days_Indoor_Setup/Day5/Device18/IQ_1.dat,74,5801526,16,7,0,test,diff_days_indoor,5,0,0,0,0,0,0.23609977960586548
data/raw/osu_lora/Diff_Days_Indoor_Setup/Day5/Device18/IQ_1.dat,75,5879925,16,12,0,test,diff_days_indoor,5,0,0,0,0,0,0.2504351735115051
data/raw/osu_lora/Diff_Days_Indoor_Setup/Day5/Device18/IQ_1.dat,76,5958324,16,12,0,test,diff_days_indoor,5,0,0,0,0,0,0.26155850291252136
data/raw/osu_lora/Diff_Days_Indoor_Setup/Day5/Device18/IQ_1.dat,77,6036723,16,12,0,test,diff_days_indoor,5,0,0,0,0,0,0.22216062247753143
data/raw/osu_lora/Diff_Days_Indoor_Setup/Day5/Device18/IQ_1.dat,78,6115122,16,12,0,test,diff_days_indoor,5,0,0,0,0,0,0.25814104080200195
data/raw/osu_lora/Diff_Days_Indoor_Setup/Day5/Device18/IQ_1.dat,79,6193521,16,7,0,test,diff_days_indoor,5,0,0,0,0,0,0.2059023082256317
data/raw/osu_lora/Diff_Days_Indoor_Setup/Day5/Device18/IQ_1.dat,80,6271920,16,17,0,test,diff_days_indoor,5,0,0,0,0,0,0.22399196028709412
data/raw/osu_lora/Diff_Days_Indoor_Setup/Day5/Device18/IQ_1.dat,81,6350319,16,7,0,test,diff_days_indoor,5,0,0,0,0,0,0.25907179713249207
data/raw/osu_lora/Diff_Days_Indoor_Setup/Day5/Device18/IQ_1.dat,82,6428718,16,12,0,test,diff_days_indoor,5,0,0,0,0,0,0.24151460826396942
data/raw/osu_lora/Diff_Days_Indoor_Setup/Day5/Device18/IQ_1.dat,83,6507117,16,14,0,test,diff_days_indoor,5,0,0,0,0,0,0.0959637239575386
data/raw/osu_lora/Diff_Days_Indoor_Setup/Day5/Device18/IQ_1.dat,84,6585516,16,7,0,test,diff_days_indoor,5,0,0,0,0,0,0.22501720488071442
data/raw/osu_lora/Diff_Days_Indoor_Setup/Day5/Device18/IQ_1.dat,85,6663915,16,12,0,test,diff_days_indoor,5,0,0,0,0,0,0.27664294838905334
data/raw/osu_lora/Diff_Days_Indoor_Setup/Day5/Device18/IQ_1.dat,86,6742314,16,12,0,test,diff_days_indoor,5,0,0,0,0,0,0.22729530930519104
data/raw/osu_lora/Diff_Days_Indoor_Setup/Day5/Device18/IQ_1.dat,87,6820713,16,14,0,test,diff_days_indoor,5,0,0,0,0,0,0.2220160961151123
data/raw/osu_lora/Diff_Days_Indoor_Setup/Day5/Device18/IQ_1.dat,88,6899112,16,13,0,test,diff_days_indoor,5,0,0,0,0,0,0.19810745120048523
data/raw/osu_lora/Diff_Days_Indoor_Setup/Day5/Device18/IQ_1.dat,89,6977511,16,7,0,test,diff_days_indoor,5,0,0,0,0,0,0.24810442328453064
data/raw/osu_lora/Diff_Days_Indoor_Setup/Day5/Device18/IQ_1.dat,90,7055910,16,7,0,test,diff_days_indoor,5,0,0,0,0,0,0.2993382215499878
data/raw/osu_lora/Diff_Days_Indoor_Setup/Day5/Device18/IQ_1.dat,91,7134309,16,12,0,test,diff_days_indoor,5,0,0,0,0,0,0.2494308203458786
data/raw/osu_lora/Diff_Days_Indoor_Setup/Day5/Device18/IQ_1.dat,92,7212708,16,7,0,test,diff_days_indoor,5,0,0,0,0,0,0.3139978051185608
data/raw/osu_lora/Diff_Days_Indoor_Setup/Day5/Device18/IQ_1.dat,93,7291107,16,7,0,test,diff_days_indoor,5,0,0,0,0,0,0.2178177535533905
data/raw/osu_lora/Diff_Days_Indoor_Setup/Day5/Device18/IQ_1.dat,94,7369506,16,12,0,test,diff_days_indoor,5,0,0,0,0,0,0.2597319483757019
data/raw/osu_lora/Diff_Days_Indoor_Setup/Day5/Device18/IQ_1.dat,95,7447905,16,12,0,test,diff_days_indoor,5,0,0,0,0,0,0.23008941113948822
data/raw/osu_lora/Diff_Days_Indoor_Setup/Day5/Device18/IQ_1.dat,96,7526304,16,12,0,test,diff_days_indoor,5,0,0,0,0,0,0.26741090416908264
data/raw/osu_lora/Diff_Days_Indoor_Setup/Day5/Device18/IQ_1.dat,97,7604703,16,12,0,test,diff_days_indoor,5,0,0,0,0,0,0.22920925915241241
data/raw/osu_lora/Diff_Days_Indoor_Setup/Day5/Device18/IQ_1.dat,98,7683102,16,12,0,test,diff_days_indoor,5,0,0,0,0,0,0.2740127742290497
data/raw/osu_lora/Diff_Days_Indoor_Setup/Day5/Device18/IQ_1.dat,99,7761501,16,12,0,test,diff_days_indoor,5,0,0,0,0,0,0.2499333769083023
data/raw/osu_lora/Diff_Days_Indoor_Setup/Day5/Device18/IQ_1.dat,100,7839900,16,17,0,test,diff_days_indoor,5,0,0,0,0,0,0.2103854864835739
data/raw/osu_lora/Diff_Days_Indoor_Setup/Day5/Device18/IQ_1.dat,101,7918299,16,12,0,test,diff_days_indoor,5,0,0,0,0,0,0.22879710793495178
data/raw/osu_lora/Diff_Days_Indoor_Setup/Day5/Device18/IQ_1.dat,102,7996698,16,12,0,test,diff_days_indoor,5,0,0,0,0,0,0.2663988471031189
data/raw/osu_lora/Diff_Days_Indoor_Setup/Day5/Device18/IQ_1.dat,103,8075097,16,17,0,test,diff_days_indoor,5,0,0,0,0,0,0.27115434408187866
data/raw/osu_lora/Diff_Days_Indoor_Setup/Day5/Device18/IQ_1.dat,104,8153496,16,16,1,test,diff_days_indoor,5,0,0,0,0,0,0.21054933965206146
data/raw/osu_lora/Diff_Days_Indoor_Setup/Day5/Device18/IQ_1.dat,105,8231895,16,12,0,test,diff_days_indoor,5,0,0,0,0,0,0.23102237284183502
data/raw/osu_lora/Diff_Days_Indoor_Setup/Day5/Device18/IQ_1.dat,106,8310294,16,12,0,test,diff_days_indoor,5,0,0,0,0,0,0.24609465897083282
data/raw/osu_lora/Diff_Days_Indoor_Setup/Day5/Device18/IQ_1.dat,107,8388693,16,12,0,test,diff_days_indoor,5,0,0,0,0,0,0.22204452753067017
data/raw/osu_lora/Diff_Days_Indoor_Setup/Day5/Device18/IQ_1.dat,108,8467092,16,12,0,test,diff_days_indoor,5,0,0,0,0,0,0.21788088977336884
data/raw/osu_lora/Diff_Days_Indoor_Setup/Day5/Device18/IQ_1.dat,109,8545491,16,13,0,test,diff_days_indoor,5,0,0,0,0,0,0.15503686666488647
data/raw/osu_lora/Diff_Days_Indoor_Setup/Day5/Device18/IQ_1.dat,110,8623890,16,12,0,test,diff_days_indoor,5,0,0,0,0,0,0.2889883816242218
data/raw/osu_lora/Diff_Days_Indoor_Setup/Day5/Device18/IQ_1.dat,111,8702289,16,13,0,test,diff_days_indoor,5,0,0,0,0,0,0.2204914540052414
data/raw/osu_lora/Diff_Days_Indoor_Setup/Day5/Device18/IQ_1.dat,112,8780688,16,7,0,test,diff_days_indoor,5,0,0,0,0,0,0.2823323607444763
data/raw/osu_lora/Diff_Days_Indoor_Setup/Day5/Device18/IQ_1.dat,113,8859087,16,12,0,test,diff_days_indoor,5,0,0,0,0,0,0.21663275361061096
data/raw/osu_lora/Diff_Days_Indoor_Setup/Day5/Device18/IQ_1.dat,114,8937486,16,7,0,test,diff_days_indoor,5,0,0,0,0,0,0.23510921001434326
data/raw/osu_lora/Diff_Days_Indoor_Setup/Day5/Device18/IQ_1.dat,115,9015885,16,7,0,test,diff_days_indoor,5,0,0,0,0,0,0.268907368183136
data/raw/osu_lora/Diff_Days_Indoor_Setup/Day5/Device18/IQ_1.dat,116,9094284,16,15,0,test,diff_days_indoor,5,0,0,0,0,0,0.252722829580307
data/raw/osu_lora/Diff_Days_Indoor_Setup/Day5/Device18/IQ_1.dat,117,9172683,16,12,0,test,diff_days_indoor,5,0,0,0,0,0,0.27162912487983704
data/raw/osu_lora/Diff_Days_Indoor_Setup/Day5/Device18/IQ_1.dat,118,9251082,16,7,0,test,diff_days_indoor,5,0,0,0,0,0,0.2402617186307907
data/raw/osu_lora/Diff_Days_Indoor_Setup/Day5/Device18/IQ_1.dat,119,9329481,16,13,0,test,diff_days_indoor,5,0,0,0,0,0,0.24189139902591705
data/raw/osu_lora/Diff_Days_Indoor_Setup/Day5/Device18/IQ_1.dat,120,9407880,16,7,0,test,diff_days_indoor,5,0,0,0,0,0,0.2695576548576355
data/raw/osu_lora/Diff_Days_Indoor_Setup/Day5/Device18/IQ_1.dat,121,9486279,16,12,0,test,diff_days_indoor,5,0,0,0,0,0,0.2226664125919342
data/raw/osu_lora/Diff_Days_Indoor_Setup/Day5/Device18/IQ_1.dat,122,9564678,16,7,0,test,diff_days_indoor,5,0,0,0,0,0,0.2807387411594391
data/raw/osu_lora/Diff_Days_Indoor_Setup/Day5/Device18/IQ_1.dat,123,9643077,16,13,0,test,diff_days_indoor,5,0,0,0,0,0,0.19750817120075226
data/raw/osu_lora/Diff_Days_Indoor_Setup/Day5/Device18/IQ_1.dat,124,9721476,16,7,0,test,diff_days_indoor,5,0,0,0,0,0,0.24299389123916626
data/raw/osu_lora/Diff_Days_Indoor_Setup/Day5/Device18/IQ_1.dat,125,9799875,16,7,0,test,diff_days_indoor,5,0,0,0,0,0,0.2148420214653015
data/raw/osu_lora/Diff_Days_Indoor_Setup/Day5/Device18/IQ_1.dat,126,9878274,16,12,0,test,diff_days_indoor,5,0,0,0,0,0,0.23981691896915436
data/raw/osu_lora/Diff_Days_Indoor_Setup/Day5/Device18/IQ_1.dat,127,9956673,16,12,0,test,diff_days_indoor,5,0,0,0,0,0,0.2381107062101364
data/raw/osu_lora/Diff_Days_Indoor_Setup/Day5/Device18/IQ_1.dat,128,10035072,16,12,0,test,diff_days_indoor,5,0,0,0,0,0,0.25220078229904175
data/raw/osu_lora/Diff_Days_Indoor_Setup/Day5/Device18/IQ_1.dat,129,10113471,16,12,0,test,diff_days_indoor,5,0,0,0,0,0,0.2319188266992569
data/raw/osu_lora/Diff_Days_Indoor_Setup/Day5/Device18/IQ_1.dat,130,10191870,16,12,0,test,diff_days_indoor,5,0,0,0,0,0,0.25635117292404175
data/raw/osu_lora/Diff_Days_Indoor_Setup/Day5/Device18/IQ_1.dat,131,10270269,16,13,0,test,diff_days_indoor,5,0,0,0,0,0,0.23887664079666138
data/raw/osu_lora/Diff_Days_Indoor_Setup/Day5/Device18/IQ_1.dat,132,10348668,16,7,0,test,diff_days_indoor,5,0,0,0,0,0,0.30364325642585754
data/raw/osu_lora/Diff_Days_Indoor_Setup/Day5/Device18/IQ_1.dat,133,10427067,16,7,0,test,diff_days_indoor,5,0,0,0,0,0,0.18844594061374664
data/raw/osu_lora/Diff_Days_Indoor_Setup/Day5/Device18/IQ_1.dat,134,10505466,16,12,0,test,diff_days_indoor,5,0,0,0,0,0,0.3035549223423004
data/raw/osu_lora/Diff_Days_Indoor_Setup/Day5/Device18/IQ_1.dat,135,10583865,16,7,0,test,diff_days_indoor,5,0,0,0,0,0,0.23241527378559113
data/raw/osu_lora/Diff_Days_Indoor_Setup/Day5/Device18/IQ_1.dat,136,10662264,16,7,0,test,diff_days_indoor,5,0,0,0,0,0,0.2407364547252655
data/raw/osu_lora/Diff_Days_Indoor_Setup/Day5/Device18/IQ_1.dat,137,10740663,16,12,0,test,diff_days_indoor,5,0,0,0,0,0,0.2856714427471161
data/raw/osu_lora/Diff_Days_Indoor_Setup/Day5/Device18/IQ_1.dat,138,10819062,16,7,0,test,diff_days_indoor,5,0,0,0,0,0,0.24932517111301422
data/raw/osu_lora/Diff_Days_Indoor_Setup/Day5/Device18/IQ_1.dat,139,10897461,16,12,0,test,diff_days_indoor,5,0,0,0,0,0,0.1978837251663208
data/raw/osu_lora/Diff_Days_Indoor_Setup/Day5/Device18/IQ_1.dat,140,10975860,16,12,0,test,diff_days_indoor,5,0,0,0,0,0,0.2581096589565277
data/raw/osu_lora/Diff_Days_Indoor_Setup/Day5/Device18/IQ_1.dat,141,11054259,16,7,0,test,diff_days_indoor,5,0,0,0,0,0,0.2266087532043457
data/raw/osu_lora/Diff_Days_Indoor_Setup/Day5/Device18/IQ_1.dat,142,11132658,16,12,0,test,diff_days_indoor,5,0,0,0,0,0,0.22766821086406708
data/raw/osu_lora/Diff_Days_Indoor_Setup/Day5/Device18/IQ_1.dat,143,11211057,16,12,0,test,diff_days_indoor,5,0,0,0,0,0,0.22865965962409973
data/raw/osu_lora/Diff_Days_Indoor_Setup/Day5/Device18/IQ_1.dat,144,11289456,16,17,0,test,diff_days_indoor,5,0,0,0,0,0,0.30416518449783325
data/raw/osu_lora/Diff_Days_Indoor_Setup/Day5/Device18/IQ_1.dat,145,11367855,16,7,0,test,diff_days_indoor,5,0,0,0,0,0,0.2048613429069519
data/raw/osu_lora/Diff_Days_Indoor_Setup/Day5/Device18/IQ_1.dat,146,11446254,16,14,0,test,diff_days_indoor,5,0,0,0,0,0,0.1755565106868744
data/raw/osu_lora/Diff_Days_Indoor_Setup/Day5/Device18/IQ_1.dat,147,11524653,16,17,0,test,diff_days_indoor,5,0,0,0,0,0,0.2800064980983734
data/raw/osu_lora/Diff_Days_Indoor_Setup/Day5/Device18/IQ_1.dat,148,11603052,16,7,0,test,diff_days_indoor,5,0,0,0,0,0,0.25365781784057617
data/raw/osu_lora/Diff_Days_Indoor_Setup/Day5/Device18/IQ_1.dat,149,11681451,16,13,0,test,diff_days_indoor,5,0,0,0,0,0,0.21876589953899384
data/raw/osu_lora/Diff_Days_Indoor_Setup/Day5/Device18/IQ_1.dat,150,11759850,16,12,0,test,diff_days_indoor,5,0,0,0,0,0,0.2509680688381195
data/raw/osu_lora/Diff_Days_Indoor_Setup/Day5/Device18/IQ_1.dat,151,11838249,16,13,0,test,diff_days_indoor,5,0,0,0,0,0,0.2181113362312317
data/raw/osu_lora/Diff_Days_Indoor_Setup/Day5/Device18/IQ_1.dat,152,11916648,16,12,0,test,diff_days_indoor,5,0,0,0,0,0,0.25688502192497253
data/raw/osu_lora/Diff_Days_Indoor_Setup/Day5/Device18/IQ_1.dat,153,11995047,16,7,0,test,diff_days_indoor,5,0,0,0,0,0,0.23131915926933289
data/raw/osu_lora/Diff_Days_Indoor_Setup/Day5/Device18/IQ_1.dat,154,12073446,16,7,0,test,diff_days_indoor,5,0,0,0,0,0,0.18453554809093475
data/raw/osu_lora/Diff_Days_Indoor_Setup/Day5/Device18/IQ_1.dat,155,12151845,16,13,0,test,diff_days_indoor,5,0,0,0,0,0,0.2177487164735794
data/raw/osu_lora/Diff_Days_Indoor_Setup/Day5/Device18/IQ_1.dat,156,12230244,16,8,0,test,diff_days_indoor,5,0,0,0,0,0,0.07277782261371613
data/raw/osu_lora/Diff_Days_Indoor_Setup/Day5/Device18/IQ_1.dat,157,12308643,16,12,0,test,diff_days_indoor,5,0,0,0,0,0,0.2975578010082245
data/raw/osu_lora/Diff_Days_Indoor_Setup/Day5/Device18/IQ_1.dat,158,12387042,16,13,0,test,diff_days_indoor,5,0,0,0,0,0,0.24862460792064667
data/raw/osu_lora/Diff_Days_Indoor_Setup/Day5/Device18/IQ_1.dat,159,12465441,16,7,0,test,diff_days_indoor,5,0,0,0,0,0,0.24572254717350006
data/raw/osu_lora/Diff_Days_Indoor_Setup/Day5/Device18/IQ_1.dat,160,12543840,16,12,0,test,diff_days_indoor,5,0,0,0,0,0,0.2674719989299774
data/raw/osu_lora/Diff_Days_Indoor_Setup/Day5/Device18/IQ_1.dat,161,12622239,16,7,0,test,diff_days_indoor,5,0,0,0,0,0,0.18294133245944977
data/raw/osu_lora/Diff_Days_Indoor_Setup/Day5/Device18/IQ_1.dat,162,12700638,16,12,0,test,diff_days_indoor,5,0,0,0,0,0,0.250609815120697
data/raw/osu_lora/Diff_Days_Indoor_Setup/Day5/Device18/IQ_1.dat,163,12779037,16,12,0,test,diff_days_indoor,5,0,0,0,0,0,0.2720336616039276
data/raw/osu_lora/Diff_Days_Indoor_Setup/Day5/Device18/IQ_1.dat,164,12857436,16,7,0,test,diff_days_indoor,5,0,0,0,0,0,0.23127640783786774
data/raw/osu_lora/Diff_Days_Indoor_Setup/Day5/Device18/IQ_1.dat,165,12935835,16,17,0,test,diff_days_indoor,5,0,0,0,0,0,0.21954594552516937
data/raw/osu_lora/Diff_Days_Indoor_Setup/Day5/Device18/IQ_1.dat,166,13014234,16,13,0,test,diff_days_indoor,5,0,0,0,0,0,0.18846309185028076
data/raw/osu_lora/Diff_Days_Indoor_Setup/Day5/Device18/IQ_1.dat,167,13092633,16,7,0,test,diff_days_indoor,5,0,0,0,0,0,0.2572578191757202
data/raw/osu_lora/Diff_Days_Indoor_Setup/Day5/Device18/IQ_1.dat,168,13171032,16,17,0,test,diff_days_indoor,5,0,0,0,0,0,0.15250225365161896
data/raw/osu_lora/Diff_Days_Indoor_Setup/Day5/Device18/IQ_1.dat,169,13249431,16,17,0,test,diff_days_indoor,5,0,0,0,0,0,0.26500460505485535
data/raw/osu_lora/Diff_Days_Indoor_Setup/Day5/Device18/IQ_1.dat,170,13327830,16,17,0,test,diff_days_indoor,5,0,0,0,0,0,0.3014439642429352
data/raw/osu_lora/Diff_Days_Indoor_Setup/Day5/Device18/IQ_1.dat,171,13406229,16,17,0,test,diff_days_indoor,5,0,0,0,0,0,0.13682587444782257
data/raw/osu_lora/Diff_Days_Indoor_Setup/Day5/Device18/IQ_1.dat,172,13484628,16,12,0,test,diff_days_indoor,5,0,0,0,0,0,0.22042369842529297
data/raw/osu_lora/Diff_Days_Indoor_Setup/Day5/Device18/IQ_1.dat,173,13563027,16,7,0,test,diff_days_indoor,5,0,0,0,0,0,0.33583807945251465
data/raw/osu_lora/Diff_Days_Indoor_Setup/Day5/Device18/IQ_1.dat,174,13641426,16,12,0,test,diff_days_indoor,5,0,0,0,0,0,0.23105451464653015
data/raw/osu_lora/Diff_Days_Indoor_Setup/Day5/Device18/IQ_1.dat,175,13719825,16,13,0,test,diff_days_indoor,5,0,0,0,0,0,0.20558960735797882
data/raw/osu_lora/Diff_Days_Indoor_Setup/Day5/Device18/IQ_1.dat,176,13798224,16,7,0,test,diff_days_indoor,5,0,0,0,0,0,0.28719571232795715
data/raw/osu_lora/Diff_Days_Indoor_Setup/Day5/Device18/IQ_1.dat,177,13876623,16,7,0,test,diff_days_indoor,5,0,0,0,0,0,0.27086082100868225
data/raw/osu_lora/Diff_Days_Indoor_Setup/Day5/Device18/IQ_1.dat,178,13955022,16,13,0,test,diff_days_indoor,5,0,0,0,0,0,0.20832456648349762
data/raw/osu_lora/Diff_Days_Indoor_Setup/Day5/Device18/IQ_1.dat,179,14033421,16,13,0,test,diff_days_indoor,5,0,0,0,0,0,0.1623254269361496
data/raw/osu_lora/Diff_Days_Indoor_Setup/Day5/Device18/IQ_1.dat,180,14111820,16,12,0,test,diff_days_indoor,5,0,0,0,0,0,0.21321173012256622
data/raw/osu_lora/Diff_Days_Indoor_Setup/Day5/Device18/IQ_1.dat,181,14190219,16,12,0,test,diff_days_indoor,5,0,0,0,0,0,0.1916106790304184
data/raw/osu_lora/Diff_Days_Indoor_Setup/Day5/Device18/IQ_1.dat,182,14268618,16,7,0,test,diff_days_indoor,5,0,0,0,0,0,0.2780933380126953
data/raw/osu_lora/Diff_Days_Indoor_Setup/Day5/Device18/IQ_1.dat,183,14347017,16,12,0,test,diff_days_indoor,5,0,0,0,0,0,0.2351044863462448
data/raw/osu_lora/Diff_Days_Indoor_Setup/Day5/Device18/IQ_1.dat,184,14425416,16,13,0,test,diff_days_indoor,5,0,0,0,0,0,0.20594601333141327
data/raw/osu_lora/Diff_Days_Indoor_Setup/Day5/Device18/IQ_1.dat,185,14503815,16,13,0,test,diff_days_indoor,5,0,0,0,0,0,0.22616472840309143
data/raw/osu_lora/Diff_Days_Indoor_Setup/Day5/Device18/IQ_1.dat,186,14582214,16,15,0,test,diff_days_indoor,5,0,0,0,0,0,0.31566715240478516
data/raw/osu_lora/Diff_Days_Indoor_Setup/Day5/Device18/IQ_1.dat,187,14660613,16,9,0,test,diff_days_indoor,5,0,0,0,0,0,0.20657454431056976
data/raw/osu_lora/Diff_Days_Indoor_Setup/Day5/Device18/IQ_1.dat,188,14739012,16,12,0,test,diff_days_indoor,5,0,0,0,0,0,0.2560649514198303
data/raw/osu_lora/Diff_Days_Indoor_Setup/Day5/Device18/IQ_1.dat,189,14817411,16,12,0,test,diff_days_indoor,5,0,0,0,0,0,0.22589658200740814
data/raw/osu_lora/Diff_Days_Indoor_Setup/Day5/Device18/IQ_1.dat,190,14895810,16,7,0,test,diff_days_indoor,5,0,0,0,0,0,0.2629077136516571
data/raw/osu_lora/Diff_Days_Indoor_Setup/Day5/Device18/IQ_1.dat,191,14974209,16,17,0,test,diff_days_indoor,5,0,0,0,0,0,0.33070433139801025
data/raw/osu_lora/Diff_Days_Indoor_Setup/Day5/Device18/IQ_1.dat,192,15052608,16,12,0,test,diff_days_indoor,5,0,0,0,0,0,0.2553246021270752
data/raw/osu_lora/Diff_Days_Indoor_Setup/Day5/Device18/IQ_1.dat,193,15131007,16,7,0,test,diff_days_indoor,5,0,0,0,0,0,0.25649306178092957
data/raw/osu_lora/Diff_Days_Indoor_Setup/Day5/Device18/IQ_1.dat,194,15209406,16,12,0,test,diff_days_indoor,5,0,0,0,0,0,0.28114014863967896
data/raw/osu_lora/Diff_Days_Indoor_Setup/Day5/Device18/IQ_1.dat,195,15287805,16,12,0,test,diff_days_indoor,5,0,0,0,0,0,0.2343679666519165
data/raw/osu_lora/Diff_Days_Indoor_Setup/Day5/Device18/IQ_1.dat,196,15366204,16,12,0,test,diff_days_indoor,5,0,0,0,0,0,0.23997515439987183
data/raw/osu_lora/Diff_Days_Indoor_Setup/Day5/Device18/IQ_1.dat,197,15444603,16,13,0,test,diff_days_indoor,5,0,0,0,0,0,0.22266939282417297
data/raw/osu_lora/Diff_Days_Indoor_Setup/Day5/Device18/IQ_1.dat,198,15523002,16,12,0,test,diff_days_indoor,5,0,0,0,0,0,0.21344465017318726
data/raw/osu_lora/Diff_Days_Indoor_Setup/Day5/Device18/IQ_1.dat,199,15601401,16,13,0,test,diff_days_indoor,5,0,0,0,0,0,0.22560015320777893
data/raw/osu_lora/Diff_Days_Indoor_Setup/Day5/Device18/IQ_1.dat,200,15679800,16,13,0,test,diff_days_indoor,5,0,0,0,0,0,0.24275924265384674
data/raw/osu_lora/Diff_Days_Indoor_Setup/Day5/Device18/IQ_1.dat,201,15758199,16,7,0,test,diff_days_indoor,5,0,0,0,0,0,0.254401296377182
data/raw/osu_lora/Diff_Days_Indoor_Setup/Day5/Device18/IQ_1.dat,202,15836598,16,7,0,test,diff_days_indoor,5,0,0,0,0,0,0.2342575192451477
data/raw/osu_lora/Diff_Days_Indoor_Setup/Day5/Device18/IQ_1.dat,203,15914997,16,9,0,test,diff_days_indoor,5,0,0,0,0,0,0.22238731384277344
data/raw/osu_lora/Diff_Days_Indoor_Setup/Day5/Device18/IQ_1.dat,204,15993396,16,12,0,test,diff_days_indoor,5,0,0,0,0,0,0.25113654136657715
data/raw/osu_lora/Diff_Days_Indoor_Setup/Day5/Device18/IQ_1.dat,205,16071795,16,12,0,test,diff_days_indoor,5,0,0,0,0,0,0.2765522599220276
data/raw/osu_lora/Diff_Days_Indoor_Setup/Day5/Device18/IQ_1.dat,206,16150194,16,7,0,test,diff_days_indoor,5,0,0,0,0,0,0.24084380269050598
data/raw/osu_lora/Diff_Days_Indoor_Setup/Day5/Device18/IQ_1.dat,207,16228593,16,12,0,test,diff_days_indoor,5,0,0,0,0,0,0.2549263834953308
data/raw/osu_lora/Diff_Days_Indoor_Setup/Day5/Device18/IQ_1.dat,208,16306992,16,12,0,test,diff_days_indoor,5,0,0,0,0,0,0.25379708409309387
data/raw/osu_lora/Diff_Days_Indoor_Setup/Day5/Device18/IQ_1.dat,209,16385391,16,12,0,test,diff_days_indoor,5,0,0,0,0,0,0.19500206410884857
data/raw/osu_lora/Diff_Days_Indoor_Setup/Day5/Device18/IQ_1.dat,210,16463790,16,12,0,test,diff_days_indoor,5,0,0,0,0,0,0.2434876412153244
data/raw/osu_lora/Diff_Days_Indoor_Setup/Day5/Device18/IQ_1.dat,211,16542189,16,12,0,test,diff_days_indoor,5,0,0,0,0,0,0.3011481463909149
data/raw/osu_lora/Diff_Days_Indoor_Setup/Day5/Device18/IQ_1.dat,212,16620588,16,17,0,test,diff_days_indoor,5,0,0,0,0,0,0.3258160650730133
data/raw/osu_lora/Diff_Days_Indoor_Setup/Day5/Device18/IQ_1.dat,213,16698987,16,12,0,test,diff_days_indoor,5,0,0,0,0,0,0.25129830837249756
data/raw/osu_lora/Diff_Days_Indoor_Setup/Day5/Device18/IQ_1.dat,214,16777386,16,7,0,test,diff_days_indoor,5,0,0,0,0,0,0.22088202834129333
data/raw/osu_lora/Diff_Days_Indoor_Setup/Day5/Device18/IQ_1.dat,215,16855785,16,17,0,test,diff_days_indoor,5,0,0,0,0,0,0.19113467633724213
data/raw/osu_lora/Diff_Days_Indoor_Setup/Day5/Device18/IQ_1.dat,216,16934184,16,7,0,test,diff_days_indoor,5,0,0,0,0,0,0.277946412563324
data/raw/osu_lora/Diff_Days_Indoor_Setup/Day5/Device18/IQ_1.dat,217,17012583,16,13,0,test,diff_days_indoor,5,0,0,0,0,0,0.2162327766418457
data/raw/osu_lora/Diff_Days_Indoor_Setup/Day5/Device18/IQ_1.dat,218,17090982,16,17,0,test,diff_days_indoor,5,0,0,0,0,0,0.24977992475032806
data/raw/osu_lora/Diff_Days_Indoor_Setup/Day5/Device18/IQ_1.dat,219,17169381,16,17,0,test,diff_days_indoor,5,0,0,0,0,0,0.28377315402030945
data/raw/osu_lora/Diff_Days_Indoor_Setup/Day5/Device18/IQ_1.dat,220,17247780,16,13,0,test,diff_days_indoor,5,0,0,0,0,0,0.24264958500862122
data/raw/osu_lora/Diff_Days_Indoor_Setup/Day5/Device18/IQ_1.dat,221,17326179,16,7,0,test,diff_days_indoor,5,0,0,0,0,0,0.30578121542930603
data/raw/osu_lora/Diff_Days_Indoor_Setup/Day5/Device18/IQ_1.dat,222,17404578,16,13,0,test,diff_days_indoor,5,0,0,0,0,0,0.1859862506389618
data/raw/osu_lora/Diff_Days_Indoor_Setup/Day5/Device18/IQ_1.dat,223,17482977,16,13,0,test,diff_days_indoor,5,0,0,0,0,0,0.2231961339712143
data/raw/osu_lora/Diff_Days_Indoor_Setup/Day5/Device18/IQ_1.dat,224,17561376,16,12,0,test,diff_days_indoor,5,0,0,0,0,0,0.26580679416656494
data/raw/osu_lora/Diff_Days_Indoor_Setup/Day5/Device18/IQ_1.dat,225,17639775,16,12,0,test,diff_days_indoor,5,0,0,0,0,0,0.26310500502586365
data/raw/osu_lora/Diff_Days_Indoor_Setup/Day5/Device18/IQ_1.dat,226,17718174,16,17,0,test,diff_days_indoor,5,0,0,0,0,0,0.2120773196220398
data/raw/osu_lora/Diff_Days_Indoor_Setup/Day5/Device18/IQ_1.dat,227,17796573,16,17,0,test,diff_days_indoor,5,0,0,0,0,0,0.30888664722442627
data/raw/osu_lora/Diff_Days_Indoor_Setup/Day5/Device18/IQ_1.dat,228,17874972,16,9,0,test,diff_days_indoor,5,0,0,0,0,0,0.15005257725715637
data/raw/osu_lora/Diff_Days_Indoor_Setup/Day5/Device18/IQ_1.dat,229,17953371,16,14,0,test,diff_days_indoor,5,0,0,0,0,0,0.1337316483259201
data/raw/osu_lora/Diff_Days_Indoor_Setup/Day5/Device18/IQ_1.dat,230,18031770,16,13,0,test,diff_days_indoor,5,0,0,0,0,0,0.23579704761505127
data/raw/osu_lora/Diff_Days_Indoor_Setup/Day5/Device18/IQ_1.dat,231,18110169,16,12,0,test,diff_days_indoor,5,0,0,0,0,0,0.2525990903377533
data/raw/osu_lora/Diff_Days_Indoor_Setup/Day5/Device18/IQ_1.dat,232,18188568,16,12,0,test,diff_days_indoor,5,0,0,0,0,0,0.22750425338745117
data/raw/osu_lora/Diff_Days_Indoor_Setup/Day5/Device18/IQ_1.dat,233,18266967,16,12,0,test,diff_days_indoor,5,0,0,0,0,0,0.23508737981319427
data/raw/osu_lora/Diff_Days_Indoor_Setup/Day5/Device18/IQ_1.dat,234,18345366,16,7,0,test,diff_days_indoor,5,0,0,0,0,0,0.24918849766254425
data/raw/osu_lora/Diff_Days_Indoor_Setup/Day5/Device18/IQ_1.dat,235,18423765,16,12,0,test,diff_days_indoor,5,0,0,0,0,0,0.24281980097293854
data/raw/osu_lora/Diff_Days_Indoor_Setup/Day5/Device18/IQ_1.dat,236,18502164,16,12,0,test,diff_days_indoor,5,0,0,0,0,0,0.24119645357131958
data/raw/osu_lora/Diff_Days_Indoor_Setup/Day5/Device18/IQ_1.dat,237,18580563,16,7,0,test,diff_days_indoor,5,0,0,0,0,0,0.274239182472229
data/raw/osu_lora/Diff_Days_Indoor_Setup/Day5/Device18/IQ_1.dat,238,18658962,16,7,0,test,diff_days_indoor,5,0,0,0,0,0,0.31432458758354187
data/raw/osu_lora/Diff_Days_Indoor_Setup/Day5/Device18/IQ_1.dat,239,18737361,16,7,0,test,diff_days_indoor,5,0,0,0,0,0,0.2573168873786926
data/raw/osu_lora/Diff_Days_Indoor_Setup/Day5/Device18/IQ_1.dat,240,18815760,16,7,0,test,diff_days_indoor,5,0,0,0,0,0,0.2641422152519226
data/raw/osu_lora/Diff_Days_Indoor_Setup/Day5/Device18/IQ_1.dat,241,18894159,16,7,0,test,diff_days_indoor,5,0,0,0,0,0,0.22420860826969147
data/raw/osu_lora/Diff_Days_Indoor_Setup/Day5/Device18/IQ_1.dat,242,18972558,16,12,0,test,diff_days_indoor,5,0,0,0,0,0,0.24890074133872986
data/raw/osu_lora/Diff_Days_Indoor_Setup/Day5/Device18/IQ_1.dat,243,19050957,16,7,0,test,diff_days_indoor,5,0,0,0,0,0,0.26234185695648193
data/raw/osu_lora/Diff_Days_Indoor_Setup/Day5/Device18/IQ_1.dat,244,19129356,16,21,0,test,diff_days_indoor,5,0,0,0,0,0,0.1585025191307068
data/raw/osu_lora/Diff_Days_Indoor_Setup/Day5/Device18/IQ_1.dat,245,19207755,16,12,0,test,diff_days_indoor,5,0,0,0,0,0,0.25446146726608276
data/raw/osu_lora/Diff_Days_Indoor_Setup/Day5/Device18/IQ_1.dat,246,19286154,16,12,0,test,diff_days_indoor,5,0,0,0,0,0,0.2336372286081314
data/raw/osu_lora/Diff_Days_Indoor_Setup/Day5/Device18/IQ_1.dat,247,19364553,16,13,0,test,diff_days_indoor,5,0,0,0,0,0,0.2150222659111023
data/raw/osu_lora/Diff_Days_Indoor_Setup/Day5/Device18/IQ_1.dat,248,19442952,16,12,0,test,diff_days_indoor,5,0,0,0,0,0,0.2722600996494293
data/raw/osu_lora/Diff_Days_Indoor_Setup/Day5/Device18/IQ_1.dat,249,19521351,16,17,0,test,diff_days_indoor,5,0,0,0,0,0,0.2565077245235443
data/raw/osu_lora/Diff_Days_Indoor_Setup/Day5/Device18/IQ_1.dat,250,19599750,16,12,0,test,diff_days_indoor,5,0,0,0,0,0,0.24810603260993958
data/raw/osu_lora/Diff_Days_Indoor_Setup/Day5/Device18/IQ_1.dat,251,19678149,16,12,0,test,diff_days_indoor,5,0,0,0,0,0,0.23645637929439545
data/raw/osu_lora/Diff_Days_Indoor_Setup/Day5/Device18/IQ_1.dat,252,19756548,16,12,0,test,diff_days_indoor,5,0,0,0,0,0,0.2857181131839752
data/raw/osu_lora/Diff_Days_Indoor_Setup/Day5/Device18/IQ_1.dat,253,19834947,16,17,0,test,diff_days_indoor,5,0,0,0,0,0,0.16953596472740173
data/raw/osu_lora/Diff_Days_Indoor_Setup/Day5/Device18/IQ_1.dat,254,19913346,16,12,0,test,diff_days_indoor,5,0,0,0,0,0,0.2686081528663635
data/raw/osu_lora/Diff_Days_Indoor_Setup/Day5/Device18/IQ_1.dat,255,19991745,16,7,0,test,diff_days_indoor,5,0,0,0,0,0,0.2901625633239746
data/raw/osu_lora/Diff_Days_Indoor_Setup/Day5/Device19/IQ_1.dat,0,0,17,7,0,test,diff_days_indoor,5,0,0,0,0,0,0.28836214542388916
data/raw/osu_lora/Diff_Days_Indoor_Setup/Day5/Device19/IQ_1.dat,1,78399,17,7,0,test,diff_days_indoor,5,0,0,0,0,0,0.31805577874183655
data/raw/osu_lora/Diff_Days_Indoor_Setup/Day5/Device19/IQ_1.dat,2,156798,17,17,1,test,diff_days_indoor,5,0,0,0,0,0,0.28729745745658875
data/raw/osu_lora/Diff_Days_Indoor_Setup/Day5/Device19/IQ_1.dat,3,235197,17,7,0,test,diff_days_indoor,5,0,0,0,0,0,0.29394567012786865
data/raw/osu_lora/Diff_Days_Indoor_Setup/Day5/Device19/IQ_1.dat,4,313596,17,17,1,test,diff_days_indoor,5,0,0,0,0,0,0.18248789012432098
data/raw/osu_lora/Diff_Days_Indoor_Setup/Day5/Device19/IQ_1.dat,5,391995,17,17,1,test,diff_days_indoor,5,0,0,0,0,0,0.20869912207126617
data/raw/osu_lora/Diff_Days_Indoor_Setup/Day5/Device19/IQ_1.dat,6,470394,17,7,0,test,diff_days_indoor,5,0,0,0,0,0,0.28671810030937195
data/raw/osu_lora/Diff_Days_Indoor_Setup/Day5/Device19/IQ_1.dat,7,548793,17,13,0,test,diff_days_indoor,5,0,0,0,0,0,0.170216903090477
data/raw/osu_lora/Diff_Days_Indoor_Setup/Day5/Device19/IQ_1.dat,8,627192,17,7,0,test,diff_days_indoor,5,0,0,0,0,0,0.27537450194358826
data/raw/osu_lora/Diff_Days_Indoor_Setup/Day5/Device19/IQ_1.dat,9,705591,17,7,0,test,diff_days_indoor,5,0,0,0,0,0,0.204428032040596
data/raw/osu_lora/Diff_Days_Indoor_Setup/Day5/Device19/IQ_1.dat,10,783990,17,7,0,test,diff_days_indoor,5,0,0,0,0,0,0.15918125212192535
data/raw/osu_lora/Diff_Days_Indoor_Setup/Day5/Device19/IQ_1.dat,11,862389,17,17,1,test,diff_days_indoor,5,0,0,0,0,0,0.21117781102657318
data/raw/osu_lora/Diff_Days_Indoor_Setup/Day5/Device19/IQ_1.dat,12,940788,17,15,0,test,diff_days_indoor,5,0,0,0,0,0,0.22606006264686584
data/raw/osu_lora/Diff_Days_Indoor_Setup/Day5/Device19/IQ_1.dat,13,1019187,17,7,0,test,diff_days_indoor,5,0,0,0,0,0,0.273045152425766
data/raw/osu_lora/Diff_Days_Indoor_Setup/Day5/Device19/IQ_1.dat,14,1097586,17,7,0,test,diff_days_indoor,5,0,0,0,0,0,0.255456805229187
data/raw/osu_lora/Diff_Days_Indoor_Setup/Day5/Device19/IQ_1.dat,15,1175985,17,17,1,test,diff_days_indoor,5,0,0,0,0,0,0.3012673854827881
data/raw/osu_lora/Diff_Days_Indoor_Setup/Day5/Device19/IQ_1.dat,16,1254384,17,7,0,test,diff_days_indoor,5,0,0,0,0,0,0.37939339876174927
data/raw/osu_lora/Diff_Days_Indoor_Setup/Day5/Device19/IQ_1.dat,17,1332783,17,17,1,test,diff_days_indoor,5,0,0,0,0,0,0.2674684524536133
data/raw/osu_lora/Diff_Days_Indoor_Setup/Day5/Device19/IQ_1.dat,18,1411182,17,17,1,test,diff_days_indoor,5,0,0,0,0,0,0.2553721070289612
data/raw/osu_lora/Diff_Days_Indoor_Setup/Day5/Device19/IQ_1.dat,19,1489581,17,17,1,test,diff_days_indoor,5,0,0,0,0,0,0.28097009658813477
data/raw/osu_lora/Diff_Days_Indoor_Setup/Day5/Device19/IQ_1.dat,20,1567980,17,15,0,test,diff_days_indoor,5,0,0,0,0,0,0.2104647308588028
data/raw/osu_lora/Diff_Days_Indoor_Setup/Day5/Device19/IQ_1.dat,21,1646379,17,7,0,test,diff_days_indoor,5,0,0,0,0,0,0.20490851998329163
data/raw/osu_lora/Diff_Days_Indoor_Setup/Day5/Device19/IQ_1.dat,22,1724778,17,7,0,test,diff_days_indoor,5,0,0,0,0,0,0.29185283184051514
data/raw/osu_lora/Diff_Days_Indoor_Setup/Day5/Device19/IQ_1.dat,23,1803177,17,7,0,test,diff_days_indoor,5,0,0,0,0,0,0.3368666172027588
data/raw/osu_lora/Diff_Days_Indoor_Setup/Day5/Device19/IQ_1.dat,24,1881576,17,17,1,test,diff_days_indoor,5,0,0,0,0,0,0.3152768313884735
data/raw/osu_lora/Diff_Days_Indoor_Setup/Day5/Device19/IQ_1.dat,25,1959975,17,7,0,test,diff_days_indoor,5,0,0,0,0,0,0.3196725845336914
data/raw/osu_lora/Diff_Days_Indoor_Setup/Day5/Device19/IQ_1.dat,26,2038374,17,7,0,test,diff_days_indoor,5,0,0,0,0,0,0.22050099074840546
data/raw/osu_lora/Diff_Days_Indoor_Setup/Day5/Device19/IQ_1.dat,27,2116773,17,15,0,test,diff_days_indoor,5,0,0,0,0,0,0.23259016871452332
data/raw/osu_lora/Diff_Days_Indoor_Setup/Day5/Device19/IQ_1.dat,28,2195172,17,17,1,test,diff_days_indoor,5,0,0,0,0,0,0.2977715730667114
data/raw/osu_lora/Diff_Days_Indoor_Setup/Day5/Device19/IQ_1.dat,29,2273571,17,13,0,test,diff_days_indoor,5,0,0,0,0,0,0.1969718337059021
data/raw/osu_lora/Diff_Days_Indoor_Setup/Day5/Device19/IQ_1.dat,30,2351970,17,17,1,test,diff_days_indoor,5,0,0,0,0,0,0.3227151930332184
data/raw/osu_lora/Diff_Days_Indoor_Setup/Day5/Device19/IQ_1.dat,31,2430369,17,7,0,test,diff_days_indoor,5,0,0,0,0,0,0.28929266333580017
data/raw/osu_lora/Diff_Days_Indoor_Setup/Day5/Device19/IQ_1.dat,32,2508768,17,7,0,test,diff_days_indoor,5,0,0,0,0,0,0.37143734097480774
data/raw/osu_lora/Diff_Days_Indoor_Setup/Day5/Device19/IQ_1.dat,33,2587167,17,7,0,test,diff_days_indoor,5,0,0,0,0,0,0.19495610892772675
data/raw/osu_lora/Diff_Days_Indoor_Setup/Day5/Device19/IQ_1.dat,34,2665566,17,7,0,test,diff_days_indoor,5,0,0,0,0,0,0.19252142310142517
data/raw/osu_lora/Diff_Days_Indoor_Setup/Day5/Device19/IQ_1.dat,35,2743965,17,17,1,test,diff_days_indoor,5,0,0,0,0,0,0.2902075946331024
data/raw/osu_lora/Diff_Days_Indoor_Setup/Day5/Device19/IQ_1.dat,36,2822364,17,17,1,test,diff_days_indoor,5,0,0,0,0,0,0.36983272433280945
data/raw/osu_lora/Diff_Days_Indoor_Setup/Day5/Device19/IQ_1.dat,37,2900763,17,17,1,test,diff_days_indoor,5,0,0,0,0,0,0.2974832355976105
data/raw/osu_lora/Diff_Days_Indoor_Setup/Day5/Device19/IQ_1.dat,38,2979162,17,7,0,test,diff_days_indoor,5,0,0,0,0,0,0.34037983417510986
data/raw/osu_lora/Diff_Days_Indoor_Setup/Day5/Device19/IQ_1.dat,39,3057561,17,13,0,test,diff_days_indoor,5,0,0,0,0,0,0.1743515431880951
data/raw/osu_lora/Diff_Days_Indoor_Setup/Day5/Device19/IQ_1.dat,40,3135960,17,17,1,test,diff_days_indoor,5,0,0,0,0,0,0.28133314847946167
data/raw/osu_lora/Diff_Days_Indoor_Setup/Day5/Device19/IQ_1.dat,41,3214359,17,15,0,test,diff_days_indoor,5,0,0,0,0,0,0.32233187556266785
data/raw/osu_lora/Diff_Days_Indoor_Setup/Day5/Device19/IQ_1.dat,42,3292758,17,7,0,test,diff_days_indoor,5,0,0,0,0,0,0.17240117490291595
data/raw/osu_lora/Diff_Days_Indoor_Setup/Day5/Device19/IQ_1.dat,43,3371157,17,12,0,test,diff_days_indoor,5,0,0,0,0,0,0.26820170879364014
data/raw/osu_lora/Diff_Days_Indoor_Setup/Day5/Device19/IQ_1.dat,44,3449556,17,17,1,test,diff_days_indoor,5,0,0,0,0,0,0.2747311592102051
data/raw/osu_lora/Diff_Days_Indoor_Setup/Day5/Device19/IQ_1.dat,45,3527955,17,12,0,test,diff_days_indoor,5,0,0,0,0,0,0.23103395104408264
data/raw/osu_lora/Diff_Days_Indoor_Setup/Day5/Device19/IQ_1.dat,46,3606354,17,7,0,test,diff_days_indoor,5,0,0,0,0,0,0.32352060079574585
data/raw/osu_lora/Diff_Days_Indoor_Setup/Day5/Device19/IQ_1.dat,47,3684753,17,15,0,test,diff_days_indoor,5,0,0,0,0,0,0.23388230800628662
data/raw/osu_lora/Diff_Days_Indoor_Setup/Day5/Device19/IQ_1.dat,48,3763152,17,7,0,test,diff_days_indoor,5,0,0,0,0,0,0.28627678751945496
data/raw/osu_lora/Diff_Days_Indoor_Setup/Day5/Device19/IQ_1.dat,49,3841551,17,12,0,test,diff_days_indoor,5,0,0,0,0,0,0.19697220623493195
data/raw/osu_lora/Diff_Days_Indoor_Setup/Day5/Device19/IQ_1.dat,50,3919950,17,7,0,test,diff_days_indoor,5,0,0,0,0,0,0.25181126594543457
data/raw/osu_lora/Diff_Days_Indoor_Setup/Day5/Device19/IQ_1.dat,51,3998349,17,9,0,test,diff_days_indoor,5,0,0,0,0,0,0.20963054895401
data/raw/osu_lora/Diff_Days_Indoor_Setup/Day5/Device19/IQ_1.dat,52,4076748,17,17,1,test,diff_days_indoor,5,0,0,0,0,0,0.3488043546676636
data/raw/osu_lora/Diff_Days_Indoor_Setup/Day5/Device19/IQ_1.dat,53,4155147,17,12,0,test,diff_days_indoor,5,0,0,0,0,0,0.20611166954040527
data/raw/osu_lora/Diff_Days_Indoor_Setup/Day5/Device19/IQ_1.dat,54,4233546,17,17,1,test,diff_days_indoor,5,0,0,0,0,0,0.28683602809906006
data/raw/osu_lora/Diff_Days_Indoor_Setup/Day5/Device19/IQ_1.dat,55,4311945,17,17,1,test,diff_days_indoor,5,0,0,0,0,0,0.3252387046813965
data/raw/osu_lora/Diff_Days_Indoor_Setup/Day5/Device19/IQ_1.dat,56,4390344,17,7,0,test,diff_days_indoor,5,0,0,0,0,0,0.30594009160995483
data/raw/osu_lora/Diff_Days_Indoor_Setup/Day5/Device19/IQ_1.dat,57,4468743,17,7,0,test,diff_days_indoor,5,0,0,0,0,0,0.22915542125701904
data/raw/osu_lora/Diff_Days_Indoor_Setup/Day5/Device19/IQ_1.dat,58,4547142,17,15,0,test,diff_days_indoor,5,0,0,0,0,0,0.2536235749721527
data/raw/osu_lora/Diff_Days_Indoor_Setup/Day5/Device19/IQ_1.dat,59,4625541,17,17,1,test,diff_days_indoor,5,0,0,0,0,0,0.17019107937812805
data/raw/osu_lora/Diff_Days_Indoor_Setup/Day5/Device19/IQ_1.dat,60,4703940,17,7,0,test,diff_days_indoor,5,0,0,0,0,0,0.32963845133781433
data/raw/osu_lora/Diff_Days_Indoor_Setup/Day5/Device19/IQ_1.dat,61,4782339,17,17,1,test,diff_days_indoor,5,0,0,0,0,0,0.2093455195426941
data/raw/osu_lora/Diff_Days_Indoor_Setup/Day5/Device19/IQ_1.dat,62,4860738,17,7,0,test,diff_days_indoor,5,0,0,0,0,0,0.2815270721912384
data/raw/osu_lora/Diff_Days_Indoor_Setup/Day5/Device19/IQ_1.dat,63,4939137,17,7,0,test,diff_days_indoor,5,0,0,0,0,0,0.24756653606891632
data/raw/osu_lora/Diff_Days_Indoor_Setup/Day5/Device19/IQ_1.dat,64,5017536,17,17,1,test,diff_days_indoor,5,0,0,0,0,0,0.2839619815349579
data/raw/osu_lora/Diff_Days_Indoor_Setup/Day5/Device19/IQ_1.dat,65,5095935,17,21,0,test,diff_days_indoor,5,0,0,0,0,0,0.2443453073501587
data/raw/osu_lora/Diff_Days_Indoor_Setup/Day5/Device19/IQ_1.dat,66,5174334,17,7,0,test,diff_days_indoor,5,0,0,0,0,0,0.3735617995262146
data/raw/osu_lora/Diff_Days_Indoor_Setup/Day5/Device19/IQ_1.dat,67,5252733,17,17,1,test,diff_days_indoor,5,0,0,0,0,0,0.3256300985813141
data/raw/osu_lora/Diff_Days_Indoor_Setup/Day5/Device19/IQ_1.dat,68,5331132,17,22,0,test,diff_days_indoor,5,0,0,0,0,0,0.09288638085126877
data/raw/osu_lora/Diff_Days_Indoor_Setup/Day5/Device19/IQ_1.dat,69,5409531,17,7,0,test,diff_days_indoor,5,0,0,0,0,0,0.2988865375518799
data/raw/osu_lora/Diff_Days_Indoor_Setup/Day5/Device19/IQ_1.dat,70,5487930,17,7,0,test,diff_days_indoor,5,0,0,0,0,0,0.3617156744003296
data/raw/osu_lora/Diff_Days_Indoor_Setup/Day5/Device19/IQ_1.dat,71,5566329,17,15,0,test,diff_days_indoor,5,0,0,0,0,0,0.24607153236865997
data/raw/osu_lora/Diff_Days_Indoor_Setup/Day5/Device19/IQ_1.dat,72,5644728,17,7,0,test,diff_days_indoor,5,0,0,0,0,0,0.26249516010284424
data/raw/osu_lora/Diff_Days_Indoor_Setup/Day5/Device19/IQ_1.dat,73,5723127,17,13,0,test,diff_days_indoor,5,0,0,0,0,0,0.17264536023139954
data/raw/osu_lora/Diff_Days_Indoor_Setup/Day5/Device19/IQ_1.dat,74,5801526,17,23,0,test,diff_days_indoor,5,0,0,0,0,0,0.20678210258483887
data/raw/osu_lora/Diff_Days_Indoor_Setup/Day5/Device19/IQ_1.dat,75,5879925,17,7,0,test,diff_days_indoor,5,0,0,0,0,0,0.2068268060684204
data/raw/osu_lora/Diff_Days_Indoor_Setup/Day5/Device19/IQ_1.dat,76,5958324,17,17,1,test,diff_days_indoor,5,0,0,0,0,0,0.1635502427816391
data/raw/osu_lora/Diff_Days_Indoor_Setup/Day5/Device19/IQ_1.dat,77,6036723,17,7,0,test,diff_days_indoor,5,0,0,0,0,0,0.2899433672428131
data/raw/osu_lora/Diff_Days_Indoor_Setup/Day5/Device19/IQ_1.dat,78,6115122,17,7,0,test,diff_days_indoor,5,0,0,0,0,0,0.32187414169311523
data/raw/osu_lora/Diff_Days_Indoor_Setup/Day5/Device19/IQ_1.dat,79,6193521,17,7,0,test,diff_days_indoor,5,0,0,0,0,0,0.27112793922424316
data/raw/osu_lora/Diff_Days_Indoor_Setup/Day5/Device19/IQ_1.dat,80,6271920,17,7,0,test,diff_days_indoor,5,0,0,0,0,0,0.2580607235431671
data/raw/osu_lora/Diff_Days_Indoor_Setup/Day5/Device19/IQ_1.dat,81,6350319,17,15,0,test,diff_days_indoor,5,0,0,0,0,0,0.2664390504360199
data/raw/osu_lora/Diff_Days_Indoor_Setup/Day5/Device19/IQ_1.dat,82,6428718,17,17,1,test,diff_days_indoor,5,0,0,0,0,0,0.2868683934211731
data/raw/osu_lora/Diff_Days_Indoor_Setup/Day5/Device19/IQ_1.dat,83,6507117,17,17,1,test,diff_days_indoor,5,0,0,0,0,0,0.21609483659267426
data/raw/osu_lora/Diff_Days_Indoor_Setup/Day5/Device19/IQ_1.dat,84,6585516,17,15,0,test,diff_days_indoor,5,0,0,0,0,0,0.2513860762119293
data/raw/osu_lora/Diff_Days_Indoor_Setup/Day5/Device19/IQ_1.dat,85,6663915,17,7,0,test,diff_days_indoor,5,0,0,0,0,0,0.17715544998645782
data/raw/osu_lora/Diff_Days_Indoor_Setup/Day5/Device19/IQ_1.dat,86,6742314,17,17,1,test,diff_days_indoor,5,0,0,0,0,0,0.174933061003685
data/raw/osu_lora/Diff_Days_Indoor_Setup/Day5/Device19/IQ_1.dat,87,6820713,17,7,0,test,diff_days_indoor,5,0,0,0,0,0,0.32795611023902893
data/raw/osu_lora/Diff_Days_Indoor_Setup/Day5/Device19/IQ_1.dat,88,6899112,17,7,0,test,diff_days_indoor,5,0,0,0,0,0,0.2962384819984436
data/raw/osu_lora/Diff_Days_Indoor_Setup/Day5/Device19/IQ_1.dat,89,6977511,17,7,0,test,diff_days_indoor,5,0,0,0,0,0,0.37981629371643066
data/raw/osu_lora/Diff_Days_Indoor_Setup/Day5/Device19/IQ_1.dat,90,7055910,17,7,0,test,diff_days_indoor,5,0,0,0,0,0,0.29667896032333374
data/raw/osu_lora/Diff_Days_Indoor_Setup/Day5/Device19/IQ_1.dat,91,7134309,17,17,1,test,diff_days_indoor,5,0,0,0,0,0,0.2130977362394333
data/raw/osu_lora/Diff_Days_Indoor_Setup/Day5/Device19/IQ_1.dat,92,7212708,17,7,0,test,diff_days_indoor,5,0,0,0,0,0,0.27810001373291016
data/raw/osu_lora/Diff_Days_Indoor_Setup/Day5/Device19/IQ_1.dat,93,7291107,17,17,1,test,diff_days_indoor,5,0,0,0,0,0,0.19334673881530762
data/raw/osu_lora/Diff_Days_Indoor_Setup/Day5/Device19/IQ_1.dat,94,7369506,17,7,0,test,diff_days_indoor,5,0,0,0,0,0,0.310888409614563
data/raw/osu_lora/Diff_Days_Indoor_Setup/Day5/Device19/IQ_1.dat,95,7447905,17,7,0,test,diff_days_indoor,5,0,0,0,0,0,0.3294588327407837
data/raw/osu_lora/Diff_Days_Indoor_Setup/Day5/Device19/IQ_1.dat,96,7526304,17,7,0,test,diff_days_indoor,5,0,0,0,0,0,0.26441526412963867
data/raw/osu_lora/Diff_Days_Indoor_Setup/Day5/Device19/IQ_1.dat,97,7604703,17,12,0,test,diff_days_indoor,5,0,0,0,0,0,0.20991013944149017
data/raw/osu_lora/Diff_Days_Indoor_Setup/Day5/Device19/IQ_1.dat,98,7683102,17,7,0,test,diff_days_indoor,5,0,0,0,0,0,0.2739139795303345
data/raw/osu_lora/Diff_Days_Indoor_Setup/Day5/Device19/IQ_1.dat,99,7761501,17,13,0,test,diff_days_indoor,5,0,0,0,0,0,0.18269941210746765
data/raw/osu_lora/Diff_Days_Indoor_Setup/Day5/Device19/IQ_1.dat,100,7839900,17,7,0,test,diff_days_indoor,5,0,0,0,0,0,0.29690346121788025
data/raw/osu_lora/Diff_Days_Indoor_Setup/Day5/Device19/IQ_1.dat,101,7918299,17,17,1,test,diff_days_indoor,5,0,0,0,0,0,0.318647176027298
data/raw/osu_lora/Diff_Days_Indoor_Setup/Day5/Device19/IQ_1.dat,102,7996698,17,17,1,test,diff_days_indoor,5,0,0,0,0,0,0.23749783635139465
data/raw/osu_lora/Diff_Days_Indoor_Setup/Day5/Device19/IQ_1.dat,103,8075097,17,7,0,test,diff_days_indoor,5,0,0,0,0,0,0.29720935225486755
data/raw/osu_lora/Diff_Days_Indoor_Setup/Day5/Device19/IQ_1.dat,104,8153496,17,17,1,test,diff_days_indoor,5,0,0,0,0,0,0.2551141083240509
data/raw/osu_lora/Diff_Days_Indoor_Setup/Day5/Device19/IQ_1.dat,105,8231895,17,12,0,test,diff_days_indoor,5,0,0,0,0,0,0.24845464527606964
data/raw/osu_lora/Diff_Days_Indoor_Setup/Day5/Device19/IQ_1.dat,106,8310294,17,7,0,test,diff_days_indoor,5,0,0,0,0,0,0.26196402311325073
data/raw/osu_lora/Diff_Days_Indoor_Setup/Day5/Device19/IQ_1.dat,107,8388693,17,17,1,test,diff_days_indoor,5,0,0,0,0,0,0.2762887477874756
data/raw/osu_lora/Diff_Days_Indoor_Setup/Day5/Device19/IQ_1.dat,108,8467092,17,7,0,test,diff_days_indoor,5,0,0,0,0,0,0.23394106328487396
data/raw/osu_lora/Diff_Days_Indoor_Setup/Day5/Device19/IQ_1.dat,109,8545491,17,15,0,test,diff_days_indoor,5,0,0,0,0,0,0.2814188599586487
data/raw/osu_lora/Diff_Days_Indoor_Setup/Day5/Device19/IQ_1.dat,110,8623890,17,17,1,test,diff_days_indoor,5,0,0,0,0,0,0.27150022983551025
data/raw/osu_lora/Diff_Days_Indoor_Setup/Day5/Device19/IQ_1.dat,111,8702289,17,17,1,test,diff_days_indoor,5,0,0,0,0,0,0.29937756061553955
data/raw/osu_lora/Diff_Days_Indoor_Setup/Day5/Device19/IQ_1.dat,112,8780688,17,17,1,test,diff_days_indoor,5,0,0,0,0,0,0.22871483862400055
data/raw/osu_lora/Diff_Days_Indoor_Setup/Day5/Device19/IQ_1.dat,113,8859087,17,17,1,test,diff_days_indoor,5,0,0,0,0,0,0.29192930459976196
data/raw/osu_lora/Diff_Days_Indoor_Setup/Day5/Device19/IQ_1.dat,114,8937486,17,7,0,test,diff_days_indoor,5,0,0,0,0,0,0.2526639401912689
data/raw/osu_lora/Diff_Days_Indoor_Setup/Day5/Device19/IQ_1.dat,115,9015885,17,8,0,test,diff_days_indoor,5,0,0,0,0,0,0.09553278237581253
data/raw/osu_lora/Diff_Days_Indoor_Setup/Day5/Device19/IQ_1.dat,116,9094284,17,17,1,test,diff_days_indoor,5,0,0,0,0,0,0.27199670672416687
data/raw/osu_lora/Diff_Days_Indoor_Setup/Day5/Device19/IQ_1.dat,117,9172683,17,17,1,test,diff_days_indoor,5,0,0,0,0,0,0.2506897747516632
data/raw/osu_lora/Diff_Days_Indoor_Setup/Day5/Device19/IQ_1.dat,118,9251082,17,17,1,test,diff_days_indoor,5,0,0,0,0,0,0.27375441789627075
data/raw/osu_lora/Diff_Days_Indoor_Setup/Day5/Device19/IQ_1.dat,119,9329481,17,7,0,test,diff_days_indoor,5,0,0,0,0,0,0.22880883514881134
data/raw/osu_lora/Diff_Days_Indoor_Setup/Day5/Device19/IQ_1.dat,120,9407880,17,17,1,test,diff_days_indoor,5,0,0,0,0,0,0.2734428346157074
data/raw/osu_lora/Diff_Days_Indoor_Setup/Day5/Device19/IQ_1.dat,121,9486279,17,13,0,test,diff_days_indoor,5,0,0,0,0,0,0.24063295125961304
data/raw/osu_lora/Diff_Days_Indoor_Setup/Day5/Device19/IQ_1.dat,122,9564678,17,15,0,test,diff_days_indoor,5,0,0,0,0,0,0.2567135691642761
data/raw/osu_lora/Diff_Days_Indoor_Setup/Day5/Device19/IQ_1.dat,123,9643077,17,7,0,test,diff_days_indoor,5,0,0,0,0,0,0.19240805506706238
data/raw/osu_lora/Diff_Days_Indoor_Setup/Day5/Device19/IQ_1.dat,124,9721476,17,7,0,test,diff_days_indoor,5,0,0,0,0,0,0.28968197107315063
data/raw/osu_lora/Diff_Days_Indoor_Setup/Day5/Device19/IQ_1.dat,125,9799875,17,13,0,test,diff_days_indoor,5,0,0,0,0,0,0.13706673681735992
data/raw/osu_lora/Diff_Days_Indoor_Setup/Day5/Device19/IQ_1.dat,126,9878274,17,17,1,test,diff_days_indoor,5,0,0,0,0,0,0.2345583289861679
data/raw/osu_lora/Diff_Days_Indoor_Setup/Day5/Device19/IQ_1.dat,127,9956673,17,17,1,test,diff_days_indoor,5,0,0,0,0,0,0.27678290009498596
data/raw/osu_lora/Diff_Days_Indoor_Setup/Day5/Device19/IQ_1.dat,128,10035072,17,7,0,test,diff_days_indoor,5,0,0,0,0,0,0.24372443556785583
data/raw/osu_lora/Diff_Days_Indoor_Setup/Day5/Device19/IQ_1.dat,129,10113471,17,7,0,test,diff_days_indoor,5,0,0,0,0,0,0.22688017785549164
data/raw/osu_lora/Diff_Days_Indoor_Setup/Day5/Device19/IQ_1.dat,130,10191870,17,7,0,test,diff_days_indoor,5,0,0,0,0,0,0.20763206481933594
data/raw/osu_lora/Diff_Days_Indoor_Setup/Day5/Device19/IQ_1.dat,131,10270269,17,17,1,test,diff_days_indoor,5,0,0,0,0,0,0.24284285306930542
data/raw/osu_lora/Diff_Days_Indoor_Setup/Day5/Device19/IQ_1.dat,132,10348668,17,17,1,test,diff_days_indoor,5,0,0,0,0,0,0.2773338258266449
data/raw/osu_lora/Diff_Days_Indoor_Setup/Day5/Device19/IQ_1.dat,133,10427067,17,17,1,test,diff_days_indoor,5,0,0,0,0,0,0.3111421763896942
data/raw/osu_lora/Diff_Days_Indoor_Setup/Day5/Device19/IQ_1.dat,134,10505466,17,7,0,test,diff_days_indoor,5,0,0,0,0,0,0.262931764125824
data/raw/osu_lora/Diff_Days_Indoor_Setup/Day5/Device19/IQ_1.dat,135,10583865,17,17,1,test,diff_days_indoor,5,0,0,0,0,0,0.2946808934211731
data/raw/osu_lora/Diff_Days_Indoor_Setup/Day5/Device19/IQ_1.dat,136,10662264,17,7,0,test,diff_days_indoor,5,0,0,0,0,0,0.2167263925075531
data/raw/osu_lora/Diff_Days_Indoor_Setup/Day5/Device19/IQ_1.dat,137,10740663,17,7,0,test,diff_days_indoor,5,0,0,0,0,0,0.22598031163215637
data/raw/osu_lora/Diff_Days_Indoor_Setup/Day5/Device19/IQ_1.dat,138,10819062,17,17,1,test,diff_days_indoor,5,0,0,0,0,0,0.2189660370349884
data/raw/osu_lora/Diff_Days_Indoor_Setup/Day5/Device19/IQ_1.dat,139,10897461,17,7,0,test,diff_days_indoor,5,0,0,0,0,0,0.2851245105266571
data/raw/osu_lora/Diff_Days_Indoor_Setup/Day5/Device19/IQ_1.dat,140,10975860,17,17,1,test,diff_days_indoor,5,0,0,0,0,0,0.2774651348590851
data/raw/osu_lora/Diff_Days_Indoor_Setup/Day5/Device19/IQ_1.dat,141,11054259,17,7,0,test,diff_days_indoor,5,0,0,0,0,0,0.19478555023670197
data/raw/osu_lora/Diff_Days_Indoor_Setup/Day5/Device19/IQ_1.dat,142,11132658,17,7,0,test,diff_days_indoor,5,0,0,0,0,0,0.2967967987060547
data/raw/osu_lora/Diff_Days_Indoor_Setup/Day5/Device19/IQ_1.dat,143,11211057,17,17,1,test,diff_days_indoor,5,0,0,0,0,0,0.21879522502422333
data/raw/osu_lora/Diff_Days_Indoor_Setup/Day5/Device19/IQ_1.dat,144,11289456,17,17,1,test,diff_days_indoor,5,0,0,0,0,0,0.3056364953517914
data/raw/osu_lora/Diff_Days_Indoor_Setup/Day5/Device19/IQ_1.dat,145,11367855,17,7,0,test,diff_days_indoor,5,0,0,0,0,0,0.27687543630599976
data/raw/osu_lora/Diff_Days_Indoor_Setup/Day5/Device19/IQ_1.dat,146,11446254,17,13,0,test,diff_days_indoor,5,0,0,0,0,0,0.18252424895763397
data/raw/osu_lora/Diff_Days_Indoor_Setup/Day5/Device19/IQ_1.dat,147,11524653,17,17,1,test,diff_days_indoor,5,0,0,0,0,0,0.30244383215904236
data/raw/osu_lora/Diff_Days_Indoor_Setup/Day5/Device19/IQ_1.dat,148,11603052,17,17,1,test,diff_days_indoor,5,0,0,0,0,0,0.27819955348968506
data/raw/osu_lora/Diff_Days_Indoor_Setup/Day5/Device19/IQ_1.dat,149,11681451,17,12,0,test,diff_days_indoor,5,0,0,0,0,0,0.19754578173160553
data/raw/osu_lora/Diff_Days_Indoor_Setup/Day5/Device19/IQ_1.dat,150,11759850,17,7,0,test,diff_days_indoor,5,0,0,0,0,0,0.2995695173740387
data/raw/osu_lora/Diff_Days_Indoor_Setup/Day5/Device19/IQ_1.dat,151,11838249,17,7,0,test,diff_days_indoor,5,0,0,0,0,0,0.3260308802127838
data/raw/osu_lora/Diff_Days_Indoor_Setup/Day5/Device19/IQ_1.dat,152,11916648,17,7,0,test,diff_days_indoor,5,0,0,0,0,0,0.36003363132476807
data/raw/osu_lora/Diff_Days_Indoor_Setup/Day5/Device19/IQ_1.dat,153,11995047,17,7,0,test,diff_days_indoor,5,0,0,0,0,0,0.22269847989082336
data/raw/osu_lora/Diff_Days_Indoor_Setup/Day5/Device19/IQ_1.dat,154,12073446,17,9,0,test,diff_days_indoor,5,0,0,0,0,0,0.18070188164710999
data/raw/osu_lora/Diff_Days_Indoor_Setup/Day5/Device19/IQ_1.dat,155,12151845,17,17,1,test,diff_days_indoor,5,0,0,0,0,0,0.24231581389904022
data/raw/osu_lora/Diff_Days_Indoor_Setup/Day5/Device19/IQ_1.dat,156,12230244,17,17,1,test,diff_days_indoor,5,0,0,0,0,0,0.3055025637149811
data/raw/osu_lora/Diff_Days_Indoor_Setup/Day5/Device19/IQ_1.dat,157,12308643,17,17,1,test,diff_days_indoor,5,0,0,0,0,0,0.22871147096157074
data/raw/osu_lora/Diff_Days_Indoor_Setup/Day5/Device19/IQ_1.dat,158,12387042,17,13,0,test,diff_days_indoor,5,0,0,0,0,0,0.179465189576149
data/raw/osu_lora/Diff_Days_Indoor_Setup/Day5/Device19/IQ_1.dat,159,12465441,17,17,1,test,diff_days_indoor,5,0,0,0,0,0,0.25605475902557373
data/raw/osu_lora/Diff_Days_Indoor_Setup/Day5/Device19/IQ_1.dat,160,12543840,17,15,0,test,diff_days_indoor,5,0,0,0,0,0,0.25215718150138855
data/raw/osu_lora/Diff_Days_Indoor_Setup/Day5/Device19/IQ_1.dat,161,12622239,17,15,0,test,diff_days_indoor,5,0,0,0,0,0,0.2966780662536621
data/raw/osu_lora/Diff_Days_Indoor_Setup/Day5/Device19/IQ_1.dat,162,12700638,17,7,0,test,diff_days_indoor,5,0,0,0,0,0,0.29960697889328003
data/raw/osu_lora/Diff_Days_Indoor_Setup/Day5/Device19/IQ_1.dat,163,12779037,17,7,0,test,diff_days_indoor,5,0,0,0,0,0,0.30395686626434326
data/raw/osu_lora/Diff_Days_Indoor_Setup/Day5/Device19/IQ_1.dat,164,12857436,17,7,0,test,diff_days_indoor,5,0,0,0,0,0,0.32293638586997986
data/raw/osu_lora/Diff_Days_Indoor_Setup/Day5/Device19/IQ_1.dat,165,12935835,17,17,1,test,diff_days_indoor,5,0,0,0,0,0,0.22099506855010986
data/raw/osu_lora/Diff_Days_Indoor_Setup/Day5/Device19/IQ_1.dat,166,13014234,17,7,0,test,diff_days_indoor,5,0,0,0,0,0,0.31565549969673157
data/raw/osu_lora/Diff_Days_Indoor_Setup/Day5/Device19/IQ_1.dat,167,13092633,17,17,1,test,diff_days_indoor,5,0,0,0,0,0,0.32007312774658203
data/raw/osu_lora/Diff_Days_Indoor_Setup/Day5/Device19/IQ_1.dat,168,13171032,17,7,0,test,diff_days_indoor,5,0,0,0,0,0,0.22407180070877075
data/raw/osu_lora/Diff_Days_Indoor_Setup/Day5/Device19/IQ_1.dat,169,13249431,17,17,1,test,diff_days_indoor,5,0,0,0,0,0,0.18831700086593628
data/raw/osu_lora/Diff_Days_Indoor_Setup/Day5/Device19/IQ_1.dat,170,13327830,17,7,0,test,diff_days_indoor,5,0,0,0,0,0,0.27755007147789
data/raw/osu_lora/Diff_Days_Indoor_Setup/Day5/Device19/IQ_1.dat,171,13406229,17,17,1,test,diff_days_indoor,5,0,0,0,0,0,0.15023468434810638
data/raw/osu_lora/Diff_Days_Indoor_Setup/Day5/Device19/IQ_1.dat,172,13484628,17,17,1,test,diff_days_indoor,5,0,0,0,0,0,0.299765944480896
data/raw/osu_lora/Diff_Days_Indoor_Setup/Day5/Device19/IQ_1.dat,173,13563027,17,17,1,test,diff_days_indoor,5,0,0,0,0,0,0.2786281704902649
data/raw/osu_lora/Diff_Days_Indoor_Setup/Day5/Device19/IQ_1.dat,174,13641426,17,17,1,test,diff_days_indoor,5,0,0,0,0,0,0.23647379875183105
data/raw/osu_lora/Diff_Days_Indoor_Setup/Day5/Device19/IQ_1.dat,175,13719825,17,12,0,test,diff_days_indoor,5,0,0,0,0,0,0.2148900032043457
data/raw/osu_lora/Diff_Days_Indoor_Setup/Day5/Device19/IQ_1.dat,176,13798224,17,17,1,test,diff_days_indoor,5,0,0,0,0,0,0.32381999492645264
data/raw/osu_lora/Diff_Days_Indoor_Setup/Day5/Device19/IQ_1.dat,177,13876623,17,15,0,test,diff_days_indoor,5,0,0,0,0,0,0.19713717699050903
data/raw/osu_lora/Diff_Days_Indoor_Setup/Day5/Device19/IQ_1.dat,178,13955022,17,17,1,test,diff_days_indoor,5,0,0,0,0,0,0.20692047476768494
data/raw/osu_lora/Diff_Days_Indoor_Setup/Day5/Device19/IQ_1.dat,179,14033421,17,17,1,test,diff_days_indoor,5,0,0,0,0,0,0.22362332046031952
data/raw/osu_lora/Diff_Days_Indoor_Setup/Day5/Device19/IQ_1.dat,180,14111820,17,7,0,test,diff_days_indoor,5,0,0,0,0,0,0.27835583686828613
data/raw/osu_lora/Diff_Days_Indoor_Setup/Day5/Device19/IQ_1.dat,181,14190219,17,7,0,test,diff_days_indoor,5,0,0,0,0,0,0.2999086081981659
data/raw/osu_lora/Diff_Days_Indoor_Setup/Day5/Device19/IQ_1.dat,182,14268618,17,17,1,test,diff_days_indoor,5,0,0,0,0,0,0.33347517251968384
data/raw/osu_lora/Diff_Days_Indoor_Setup/Day5/Device19/IQ_1.dat,183,14347017,17,7,0,test,diff_days_indoor,5,0,0,0,0,0,0.3274514973163605
data/raw/osu_lora/Diff_Days_Indoor_Setup/Day5/Device19/IQ_1.dat,184,14425416,17,17,1,test,diff_days_indoor,5,0,0,0,0,0,0.21424870193004608
data/raw/osu_lora/Diff_Days_Indoor_Setup/Day5/Device19/IQ_1.dat,185,14503815,17,17,1,test,diff_days_indoor,5,0,0,0,0,0,0.29428157210350037
data/raw/osu_lora/Diff_Days_Indoor_Setup/Day5/Device19/IQ_1.dat,186,14582214,17,17,1,test,diff_days_indoor,5,0,0,0,0,0,0.20876581966876984
data/raw/osu_lora/Diff_Days_Indoor_Setup/Day5/Device19/IQ_1.dat,187,14660613,17,23,0,test,diff_days_indoor,5,0,0,0,0,0,0.26853635907173157
data/raw/osu_lora/Diff_Days_Indoor_Setup/Day5/Device19/IQ_1.dat,188,14739012,17,8,0,test,diff_days_indoor,5,0,0,0,0,0,0.0917699933052063
data/raw/osu_lora/Diff_Days_Indoor_Setup/Day5/Device19/IQ_1.dat,189,14817411,17,17,1,test,diff_days_indoor,5,0,0,0,0,0,0.26984211802482605
data/raw/osu_lora/Diff_Days_Indoor_Setup/Day5/Device19/IQ_1.dat,190,14895810,17,7,0,test,diff_days_indoor,5,0,0,0,0,0,0.17709104716777802
data/raw/osu_lora/Diff_Days_Indoor_Setup/Day5/Device19/IQ_1.dat,191,14974209,17,12,0,test,diff_days_indoor,5,0,0,0,0,0,0.21699389815330505
data/raw/osu_lora/Diff_Days_Indoor_Setup/Day5/Device19/IQ_1.dat,192,15052608,17,17,1,test,diff_days_indoor,5,0,0,0,0,0,0.25856897234916687
data/raw/osu_lora/Diff_Days_Indoor_Setup/Day5/Device19/IQ_1.dat,193,15131007,17,7,0,test,diff_days_indoor,5,0,0,0,0,0,0.21368224918842316
data/raw/osu_lora/Diff_Days_Indoor_Setup/Day5/Device19/IQ_1.dat,194,15209406,17,17,1,test,diff_days_indoor,5,0,0,0,0,0,0.2853427827358246
data/raw/osu_lora/Diff_Days_Indoor_Setup/Day5/Device19/IQ_1.dat,195,15287805,17,17,1,test,diff_days_indoor,5,0,0,0,0,0,0.14295364916324615
data/raw/osu_lora/Diff_Days_Indoor_Setup/Day5/Device19/IQ_1.dat,196,15366204,17,17,1,test,diff_days_indoor,5,0,0,0,0,0,0.2202731966972351
data/raw/osu_lora/Diff_Days_Indoor_Setup/Day5/Device19/IQ_1.dat,197,15444603,17,17,1,test,diff_days_indoor,5,0,0,0,0,0,0.3036610782146454
data/raw/osu_lora/Diff_Days_Indoor_Setup/Day5/Device19/IQ_1.dat,198,15523002,17,7,0,test,diff_days_indoor,5,0,0,0,0,0,0.31785356998443604
data/raw/osu_lora/Diff_Days_Indoor_Setup/Day5/Device19/IQ_1.dat,199,15601401,17,7,0,test,diff_days_indoor,5,0,0,0,0,0,0.27819350361824036
data/raw/osu_lora/Diff_Days_Indoor_Setup/Day5/Device19/IQ_1.dat,200,15679800,17,17,1,test,diff_days_indoor,5,0,0,0,0,0,0.13644713163375854
data/raw/osu_lora/Diff_Days_Indoor_Setup/Day5/Device19/IQ_1.dat,201,15758199,17,17,1,test,diff_days_indoor,5,0,0,0,0,0,0.23924000561237335
data/raw/osu_lora/Diff_Days_Indoor_Setup/Day5/Device19/IQ_1.dat,202,15836598,17,7,0,test,diff_days_indoor,5,0,0,0,0,0,0.2574880123138428
data/raw/osu_lora/Diff_Days_Indoor_Setup/Day5/Device19/IQ_1.dat,203,15914997,17,21,0,test,diff_days_indoor,5,0,0,0,0,0,0.20160000026226044
data/raw/osu_lora/Diff_Days_Indoor_Setup/Day5/Device19/IQ_1.dat,204,15993396,17,23,0,test,diff_days_indoor,5,0,0,0,0,0,0.28313755989074707
data/raw/osu_lora/Diff_Days_Indoor_Setup/Day5/Device19/IQ_1.dat,205,16071795,17,17,1,test,diff_days_indoor,5,0,0,0,0,0,0.2214680165052414
data/raw/osu_lora/Diff_Days_Indoor_Setup/Day5/Device19/IQ_1.dat,206,16150194,17,17,1,test,diff_days_indoor,5,0,0,0,0,0,0.3242180645465851
data/raw/osu_lora/Diff_Days_Indoor_Setup/Day5/Device19/IQ_1.dat,207,16228593,17,7,0,test,diff_days_indoor,5,0,0,0,0,0,0.3348641097545624
data/raw/osu_lora/Diff_Days_Indoor_Setup/Day5/Device19/IQ_1.dat,208,16306992,17,7,0,test,diff_days_indoor,5,0,0,0,0,0,0.3443964421749115
data/raw/osu_lora/Diff_Days_Indoor_Setup/Day5/Device19/IQ_1.dat,209,16385391,17,7,0,test,diff_days_indoor,5,0,0,0,0,0,0.38373667001724243
data/raw/osu_lora/Diff_Days_Indoor_Setup/Day5/Device19/IQ_1.dat,210,16463790,17,7,0,test,diff_days_indoor,5,0,0,0,0,0,0.29631567001342773
data/raw/osu_lora/Diff_Days_Indoor_Setup/Day5/Device19/IQ_1.dat,211,16542189,17,7,0,test,diff_days_indoor,5,0,0,0,0,0,0.3610793948173523
data/raw/osu_lora/Diff_Days_Indoor_Setup/Day5/Device19/IQ_1.dat,212,16620588,17,7,0,test,diff_days_indoor,5,0,0,0,0,0,0.22061026096343994
data/raw/osu_lora/Diff_Days_Indoor_Setup/Day5/Device19/IQ_1.dat,213,16698987,17,17,1,test,diff_days_indoor,5,0,0,0,0,0,0.218101367354393
data/raw/osu_lora/Diff_Days_Indoor_Setup/Day5/Device19/IQ_1.dat,214,16777386,17,13,0,test,diff_days_indoor,5,0,0,0,0,0,0.1465025395154953
data/raw/osu_lora/Diff_Days_Indoor_Setup/Day5/Device19/IQ_1.dat,215,16855785,17,15,0,test,diff_days_indoor,5,0,0,0,0,0,0.24732519686222076
data/raw/osu_lora/Diff_Days_Indoor_Setup/Day5/Device19/IQ_1.dat,216,16934184,17,17,1,test,diff_days_indoor,5,0,0,0,0,0,0.2461947649717331
data/raw/osu_lora/Diff_Days_Indoor_Setup/Day5/Device19/IQ_1.dat,217,17012583,17,17,1,test,diff_days_indoor,5,0,0,0,0,0,0.3447102904319763
data/raw/osu_lora/Diff_Days_Indoor_Setup/Day5/Device19/IQ_1.dat,218,17090982,17,15,0,test,diff_days_indoor,5,0,0,0,0,0,0.19938284158706665
data/raw/osu_lora/Diff_Days_Indoor_Setup/Day5/Device19/IQ_1.dat,219,17169381,17,13,0,test,diff_days_indoor,5,0,0,0,0,0,0.1892957240343094
data/raw/osu_lora/Diff_Days_Indoor_Setup/Day5/Device19/IQ_1.dat,220,17247780,17,7,0,test,diff_days_indoor,5,0,0,0,0,0,0.2868208885192871
data/raw/osu_lora/Diff_Days_Indoor_Setup/Day5/Device19/IQ_1.dat,221,17326179,17,7,0,test,diff_days_indoor,5,0,0,0,0,0,0.2894204556941986
data/raw/osu_lora/Diff_Days_Indoor_Setup/Day5/Device19/IQ_1.dat,222,17404578,17,17,1,test,diff_days_indoor,5,0,0,0,0,0,0.2707688808441162
data/raw/osu_lora/Diff_Days_Indoor_Setup/Day5/Device19/IQ_1.dat,223,17482977,17,13,0,test,diff_days_indoor,5,0,0,0,0,0,0.1757974922657013
data/raw/osu_lora/Diff_Days_Indoor_Setup/Day5/Device19/IQ_1.dat,224,17561376,17,15,0,test,diff_days_indoor,5,0,0,0,0,0,0.2672243118286133
data/raw/osu_lora/Diff_Days_Indoor_Setup/Day5/Device19/IQ_1.dat,225,17639775,17,12,0,test,diff_days_indoor,5,0,0,0,0,0,0.23313334584236145
data/raw/osu_lora/Diff_Days_Indoor_Setup/Day5/Device19/IQ_1.dat,226,17718174,17,13,0,test,diff_days_indoor,5,0,0,0,0,0,0.1525256633758545
data/raw/osu_lora/Diff_Days_Indoor_Setup/Day5/Device19/IQ_1.dat,227,17796573,17,13,0,test,diff_days_indoor,5,0,0,0,0,0,0.1565309464931488
data/raw/osu_lora/Diff_Days_Indoor_Setup/Day5/Device19/IQ_1.dat,228,17874972,17,7,0,test,diff_days_indoor,5,0,0,0,0,0,0.20551042258739471
data/raw/osu_lora/Diff_Days_Indoor_Setup/Day5/Device19/IQ_1.dat,229,17953371,17,15,0,test,diff_days_indoor,5,0,0,0,0,0,0.25426194071769714
data/raw/osu_lora/Diff_Days_Indoor_Setup/Day5/Device19/IQ_1.dat,230,18031770,17,16,0,test,diff_days_indoor,5,0,0,0,0,0,0.16994473338127136
data/raw/osu_lora/Diff_Days_Indoor_Setup/Day5/Device19/IQ_1.dat,231,18110169,17,7,0,test,diff_days_indoor,5,0,0,0,0,0,0.29237452149391174
data/raw/osu_lora/Diff_Days_Indoor_Setup/Day5/Device19/IQ_1.dat,232,18188568,17,14,0,test,diff_days_indoor,5,0,0,0,0,0,0.21764406561851501
data/raw/osu_lora/Diff_Days_Indoor_Setup/Day5/Device19/IQ_1.dat,233,18266967,17,15,0,test,diff_days_indoor,5,0,0,0,0,0,0.25101184844970703
data/raw/osu_lora/Diff_Days_Indoor_Setup/Day5/Device19/IQ_1.dat,234,18345366,17,13,0,test,diff_days_indoor,5,0,0,0,0,0,0.19164015352725983
data/raw/osu_lora/Diff_Days_Indoor_Setup/Day5/Device19/IQ_1.dat,235,18423765,17,8,0,test,diff_days_indoor,5,0,0,0,0,0,0.10788359493017197
data/raw/osu_lora/Diff_Days_Indoor_Setup/Day5/Device19/IQ_1.dat,236,18502164,17,7,0,test,diff_days_indoor,5,0,0,0,0,0,0.21832643449306488
data/raw/osu_lora/Diff_Days_Indoor_Setup/Day5/Device19/IQ_1.dat,237,18580563,17,15,0,test,diff_days_indoor,5,0,0,0,0,0,0.279258131980896
data/raw/osu_lora/Diff_Days_Indoor_Setup/Day5/Device19/IQ_1.dat,238,18658962,17,7,0,test,diff_days_indoor,5,0,0,0,0,0,0.31922420859336853
data/raw/osu_lora/Diff_Days_Indoor_Setup/Day5/Device19/IQ_1.dat,239,18737361,17,17,1,test,diff_days_indoor,5,0,0,0,0,0,0.2835623323917389
data/raw/osu_lora/Diff_Days_Indoor_Setup/Day5/Device19/IQ_1.dat,240,18815760,17,15,0,test,diff_days_indoor,5,0,0,0,0,0,0.2475501149892807
data/raw/osu_lora/Diff_Days_Indoor_Setup/Day5/Device19/IQ_1.dat,241,18894159,17,7,0,test,diff_days_indoor,5,0,0,0,0,0,0.23210354149341583
data/raw/osu_lora/Diff_Days_Indoor_Setup/Day5/Device19/IQ_1.dat,242,18972558,17,17,1,test,diff_days_indoor,5,0,0,0,0,0,0.28906702995300293
data/raw/osu_lora/Diff_Days_Indoor_Setup/Day5/Device19/IQ_1.dat,243,19050957,17,17,1,test,diff_days_indoor,5,0,0,0,0,0,0.3327759802341461
data/raw/osu_lora/Diff_Days_Indoor_Setup/Day5/Device19/IQ_1.dat,244,19129356,17,12,0,test,diff_days_indoor,5,0,0,0,0,0,0.19324155151844025
data/raw/osu_lora/Diff_Days_Indoor_Setup/Day5/Device19/IQ_1.dat,245,19207755,17,17,1,test,diff_days_indoor,5,0,0,0,0,0,0.31472471356391907
data/raw/osu_lora/Diff_Days_Indoor_Setup/Day5/Device19/IQ_1.dat,246,19286154,17,7,0,test,diff_days_indoor,5,0,0,0,0,0,0.27501025795936584
data/raw/osu_lora/Diff_Days_Indoor_Setup/Day5/Device19/IQ_1.dat,247,19364553,17,7,0,test,diff_days_indoor,5,0,0,0,0,0,0.32490140199661255
data/raw/osu_lora/Diff_Days_Indoor_Setup/Day5/Device19/IQ_1.dat,248,19442952,17,15,0,test,diff_days_indoor,5,0,0,0,0,0,0.2201637327671051
data/raw/osu_lora/Diff_Days_Indoor_Setup/Day5/Device19/IQ_1.dat,249,19521351,17,12,0,test,diff_days_indoor,5,0,0,0,0,0,0.2270844578742981
data/raw/osu_lora/Diff_Days_Indoor_Setup/Day5/Device19/IQ_1.dat,250,19599750,17,17,1,test,diff_days_indoor,5,0,0,0,0,0,0.20486217737197876
data/raw/osu_lora/Diff_Days_Indoor_Setup/Day5/Device19/IQ_1.dat,251,19678149,17,17,1,test,diff_days_indoor,5,0,0,0,0,0,0.22796998918056488
data/raw/osu_lora/Diff_Days_Indoor_Setup/Day5/Device19/IQ_1.dat,252,19756548,17,15,0,test,diff_days_indoor,5,0,0,0,0,0,0.2927471399307251
data/raw/osu_lora/Diff_Days_Indoor_Setup/Day5/Device19/IQ_1.dat,253,19834947,17,7,0,test,diff_days_indoor,5,0,0,0,0,0,0.27456986904144287
data/raw/osu_lora/Diff_Days_Indoor_Setup/Day5/Device19/IQ_1.dat,254,19913346,17,15,0,test,diff_days_indoor,5,0,0,0,0,0,0.2564741373062134
data/raw/osu_lora/Diff_Days_Indoor_Setup/Day5/Device19/IQ_1.dat,255,19991745,17,15,0,test,diff_days_indoor,5,0,0,0,0,0,0.19571925699710846
data/raw/osu_lora/Diff_Days_Indoor_Setup/Day5/Device20/IQ_1.dat,0,0,18,9,0,test,diff_days_indoor,5,0,0,0,0,0,0.248745858669281
data/raw/osu_lora/Diff_Days_Indoor_Setup/Day5/Device20/IQ_1.dat,1,78399,18,9,0,test,diff_days_indoor,5,0,0,0,0,0,0.3098796308040619
data/raw/osu_lora/Diff_Days_Indoor_Setup/Day5/Device20/IQ_1.dat,2,156798,18,14,0,test,diff_days_indoor,5,0,0,0,0,0,0.19706299901008606
data/raw/osu_lora/Diff_Days_Indoor_Setup/Day5/Device20/IQ_1.dat,3,235197,18,9,0,test,diff_days_indoor,5,0,0,0,0,0,0.29983505606651306
data/raw/osu_lora/Diff_Days_Indoor_Setup/Day5/Device20/IQ_1.dat,4,313596,18,14,0,test,diff_days_indoor,5,0,0,0,0,0,0.25322192907333374
data/raw/osu_lora/Diff_Days_Indoor_Setup/Day5/Device20/IQ_1.dat,5,391995,18,13,0,test,diff_days_indoor,5,0,0,0,0,0,0.1560894250869751
data/raw/osu_lora/Diff_Days_Indoor_Setup/Day5/Device20/IQ_1.dat,6,470394,18,13,0,test,diff_days_indoor,5,0,0,0,0,0,0.208646759390831
data/raw/osu_lora/Diff_Days_Indoor_Setup/Day5/Device20/IQ_1.dat,7,548793,18,14,0,test,diff_days_indoor,5,0,0,0,0,0,0.2841258645057678
data/raw/osu_lora/Diff_Days_Indoor_Setup/Day5/Device20/IQ_1.dat,8,627192,18,15,0,test,diff_days_indoor,5,0,0,0,0,0,0.26692816615104675
data/raw/osu_lora/Diff_Days_Indoor_Setup/Day5/Device20/IQ_1.dat,9,705591,18,13,0,test,diff_days_indoor,5,0,0,0,0,0,0.2449977695941925
data/raw/osu_lora/Diff_Days_Indoor_Setup/Day5/Device20/IQ_1.dat,10,783990,18,9,0,test,diff_days_indoor,5,0,0,0,0,0,0.3164149224758148
data/raw/osu_lora/Diff_Days_Indoor_Setup/Day5/Device20/IQ_1.dat,11,862389,18,9,0,test,diff_days_indoor,5,0,0,0,0,0,0.3183550238609314
data/raw/osu_lora/Diff_Days_Indoor_Setup/Day5/Device20/IQ_1.dat,12,940788,18,9,0,test,diff_days_indoor,5,0,0,0,0,0,0.2024793177843094
data/raw/osu_lora/Diff_Days_Indoor_Setup/Day5/Device20/IQ_1.dat,13,1019187,18,9,0,test,diff_days_indoor,5,0,0,0,0,0,0.2926636338233948
data/raw/osu_lora/Diff_Days_Indoor_Setup/Day5/Device20/IQ_1.dat,14,1097586,18,14,0,test,diff_days_indoor,5,0,0,0,0,0,0.23629464209079742
data/raw/osu_lora/Diff_Days_Indoor_Setup/Day5/Device20/IQ_1.dat,15,1175985,18,9,0,test,diff_days_indoor,5,0,0,0,0,0,0.28418785333633423
data/raw/osu_lora/Diff_Days_Indoor_Setup/Day5/Device20/IQ_1.dat,16,1254384,18,13,0,test,diff_days_indoor,5,0,0,0,0,0,0.21497252583503723
data/raw/osu_lora/Diff_Days_Indoor_Setup/Day5/Device20/IQ_1.dat,17,1332783,18,13,0,test,diff_days_indoor,5,0,0,0,0,0,0.1970457285642624
data/raw/osu_lora/Diff_Days_Indoor_Setup/Day5/Device20/IQ_1.dat,18,1411182,18,14,0,test,diff_days_indoor,5,0,0,0,0,0,0.1971045732498169
data/raw/osu_lora/Diff_Days_Indoor_Setup/Day5/Device20/IQ_1.dat,19,1489581,18,13,0,test,diff_days_indoor,5,0,0,0,0,0,0.2690393924713135
data/raw/osu_lora/Diff_Days_Indoor_Setup/Day5/Device20/IQ_1.dat,20,1567980,18,13,0,test,diff_days_indoor,5,0,0,0,0,0,0.18585436046123505
data/raw/osu_lora/Diff_Days_Indoor_Setup/Day5/Device20/IQ_1.dat,21,1646379,18,9,0,test,diff_days_indoor,5,0,0,0,0,0,0.3010735511779785
data/raw/osu_lora/Diff_Days_Indoor_Setup/Day5/Device20/IQ_1.dat,22,1724778,18,9,0,test,diff_days_indoor,5,0,0,0,0,0,0.2665237486362457
data/raw/osu_lora/Diff_Days_Indoor_Setup/Day5/Device20/IQ_1.dat,23,1803177,18,14,0,test,diff_days_indoor,5,0,0,0,0,0,0.15625885128974915
data/raw/osu_lora/Diff_Days_Indoor_Setup/Day5/Device20/IQ_1.dat,24,1881576,18,9,0,test,diff_days_indoor,5,0,0,0,0,0,0.23805928230285645
data/raw/osu_lora/Diff_Days_Indoor_Setup/Day5/Device20/IQ_1.dat,25,1959975,18,13,0,test,diff_days_indoor,5,0,0,0,0,0,0.1842118203639984
data/raw/osu_lora/Diff_Days_Indoor_Setup/Day5/Device20/IQ_1.dat,26,2038374,18,13,0,test,diff_days_indoor,5,0,0,0,0,0,0.245381161570549
data/raw/osu_lora/Diff_Days_Indoor_Setup/Day5/Device20/IQ_1.dat,27,2116773,18,9,0,test,diff_days_indoor,5,0,0,0,0,0,0.2957668602466583
data/raw/osu_lora/Diff_Days_Indoor_Setup/Day5/Device20/IQ_1.dat,28,2195172,18,9,0,test,diff_days_indoor,5,0,0,0,0,0,0.27538350224494934
data/raw/osu_lora/Diff_Days_Indoor_Setup/Day5/Device20/IQ_1.dat,29,2273571,18,13,0,test,diff_days_indoor,5,0,0,0,0,0,0.20561490952968597
data/raw/osu_lora/Diff_Days_Indoor_Setup/Day5/Device20/IQ_1.dat,30,2351970,18,9,0,test,diff_days_indoor,5,0,0,0,0,0,0.2931089997291565
data/raw/osu_lora/Diff_Days_Indoor_Setup/Day5/Device20/IQ_1.dat,31,2430369,18,12,0,test,diff_days_indoor,5,0,0,0,0,0,0.19207434356212616
data/raw/osu_lora/Diff_Days_Indoor_Setup/Day5/Device20/IQ_1.dat,32,2508768,18,7,0,test,diff_days_indoor,5,0,0,0,0,0,0.2377711534500122
data/raw/osu_lora/Diff_Days_Indoor_Setup/Day5/Device20/IQ_1.dat,33,2587167,18,9,0,test,diff_days_indoor,5,0,0,0,0,0,0.2255260944366455
data/raw/osu_lora/Diff_Days_Indoor_Setup/Day5/Device20/IQ_1.dat,34,2665566,18,9,0,test,diff_days_indoor,5,0,0,0,0,0,0.33830079436302185
data/raw/osu_lora/Diff_Days_Indoor_Setup/Day5/Device20/IQ_1.dat,35,2743965,18,9,0,test,diff_days_indoor,5,0,0,0,0,0,0.26235249638557434
data/raw/osu_lora/Diff_Days_Indoor_Setup/Day5/Device20/IQ_1.dat,36,2822364,18,14,0,test,diff_days_indoor,5,0,0,0,0,0,0.1979788988828659
data/raw/osu_lora/Diff_Days_Indoor_Setup/Day5/Device20/IQ_1.dat,37,2900763,18,9,0,test,diff_days_indoor,5,0,0,0,0,0,0.2568836510181427
data/raw/osu_lora/Diff_Days_Indoor_Setup/Day5/Device20/IQ_1.dat,38,2979162,18,12,0,test,diff_days_indoor,5,0,0,0,0,0,0.2520321011543274
data/raw/osu_lora/Diff_Days_Indoor_Setup/Day5/Device20/IQ_1.dat,39,3057561,18,21,0,test,diff_days_indoor,5,0,0,0,0,0,0.27239564061164856
data/raw/osu_lora/Diff_Days_Indoor_Setup/Day5/Device20/IQ_1.dat,40,3135960,18,9,0,test,diff_days_indoor,5,0,0,0,0,0,0.19260136783123016
data/raw/osu_lora/Diff_Days_Indoor_Setup/Day5/Device20/IQ_1.dat,41,3214359,18,21,0,test,diff_days_indoor,5,0,0,0,0,0,0.2733401954174042
data/raw/osu_lora/Diff_Days_Indoor_Setup/Day5/Device20/IQ_1.dat,42,3292758,18,14,0,test,diff_days_indoor,5,0,0,0,0,0,0.2201492339372635
data/raw/osu_lora/Diff_Days_Indoor_Setup/Day5/Device20/IQ_1.dat,43,3371157,18,12,0,test,diff_days_indoor,5,0,0,0,0,0,0.2714653015136719
data/raw/osu_lora/Diff_Days_Indoor_Setup/Day5/Device20/IQ_1.dat,44,3449556,18,9,0,test,diff_days_indoor,5,0,0,0,0,0,0.28080064058303833
data/raw/osu_lora/Diff_Days_Indoor_Setup/Day5/Device20/IQ_1.dat,45,3527955,18,14,0,test,diff_days_indoor,5,0,0,0,0,0,0.27457112073898315
data/raw/osu_lora/Diff_Days_Indoor_Setup/Day5/Device20/IQ_1.dat,46,3606354,18,9,0,test,diff_days_indoor,5,0,0,0,0,0,0.3004198670387268
data/raw/osu_lora/Diff_Days_Indoor_Setup/Day5/Device20/IQ_1.dat,47,3684753,18,9,0,test,diff_days_indoor,5,0,0,0,0,0,0.22368423640727997
data/raw/osu_lora/Diff_Days_Indoor_Setup/Day5/Device20/IQ_1.dat,48,3763152,18,14,0,test,diff_days_indoor,5,0,0,0,0,0,0.23198896646499634
data/raw/osu_lora/Diff_Days_Indoor_Setup/Day5/Device20/IQ_1.dat,49,3841551,18,9,0,test,diff_days_indoor,5,0,0,0,0,0,0.3125367760658264
data/raw/osu_lora/Diff_Days_Indoor_Setup/Day5/Device20/IQ_1.dat,50,3919950,18,9,0,test,diff_days_indoor,5,0,0,0,0,0,0.27249452471733093
data/raw/osu_lora/Diff_Days_Indoor_Setup/Day5/Device20/IQ_1.dat,51,3998349,18,9,0,test,diff_days_indoor,5,0,0,0,0,0,0.31479018926620483
data/raw/osu_lora/Diff_Days_Indoor_Setup/Day5/Device20/IQ_1.dat,52,4076748,18,14,0,test,diff_days_indoor,5,0,0,0,0,0,0.2292744219303131
data/raw/osu_lora/Diff_Days_Indoor_Setup/Day5/Device20/IQ_1.dat,53,4155147,18,9,0,test,diff_days_indoor,5,0,0,0,0,0,0.19027966260910034
data/raw/osu_lora/Diff_Days_Indoor_Setup/Day5/Device20/IQ_1.dat,54,4233546,18,9,0,test,diff_days_indoor,5,0,0,0,0,0,0.31990087032318115
data/raw/osu_lora/Diff_Days_Indoor_Setup/Day5/Device20/IQ_1.dat,55,4311945,18,9,0,test,diff_days_indoor,5,0,0,0,0,0,0.29927945137023926
data/raw/osu_lora/Diff_Days_Indoor_Setup/Day5/Device20/IQ_1.dat,56,4390344,18,9,0,test,diff_days_indoor,5,0,0,0,0,0,0.26102063059806824
data/raw/osu_lora/Diff_Days_Indoor_Setup/Day5/Device20/IQ_1.dat,57,4468743,18,12,0,test,diff_days_indoor,5,0,0,0,0,0,0.25920167565345764
data/raw/osu_lora/Diff_Days_Indoor_Setup/Day5/Device20/IQ_1.dat,58,4547142,18,21,0,test,diff_days_indoor,5,0,0,0,0,0,0.19813163578510284
data/raw/osu_lora/Diff_Days_Indoor_Setup/Day5/Device20/IQ_1.dat,59,4625541,18,14,0,test,diff_days_indoor,5,0,0,0,0,0,0.21470625698566437
data/raw/osu_lora/Diff_Days_Indoor_Setup/Day5/Device20/IQ_1.dat,60,4703940,18,9,0,test,diff_days_indoor,5,0,0,0,0,0,0.2893112599849701
data/raw/osu_lora/Diff_Days_Indoor_Setup/Day5/Device20/IQ_1.dat,61,4782339,18,9,0,test,diff_days_indoor,5,0,0,0,0,0,0.2842901349067688
data/raw/osu_lora/Diff_Days_Indoor_Setup/Day5/Device20/IQ_1.dat,62,4860738,18,9,0,test,diff_days_indoor,5,0,0,0,0,0,0.3299656808376312
data/raw/osu_lora/Diff_Days_Indoor_Setup/Day5/Device20/IQ_1.dat,63,4939137,18,9,0,test,diff_days_indoor,5,0,0,0,0,0,0.33533573150634766
data/raw/osu_lora/Diff_Days_Indoor_Setup/Day5/Device20/IQ_1.dat,64,5017536,18,9,0,test,diff_days_indoor,5,0,0,0,0,0,0.23899634182453156
data/raw/osu_lora/Diff_Days_Indoor_Setup/Day5/Device20/IQ_1.dat,65,5095935,18,13,0,test,diff_days_indoor,5,0,0,0,0,0,0.18116730451583862
data/raw/osu_lora/Diff_Days_Indoor_Setup/Day5/Device20/IQ_1.dat,66,5174334,18,9,0,test,diff_days_indoor,5,0,0,0,0,0,0.33891060948371887
data/raw/osu_lora/Diff_Days_Indoor_Setup/Day5/Device20/IQ_1.dat,67,5252733,18,14,0,test,diff_days_indoor,5,0,0,0,0,0,0.22856146097183228
data/raw/osu_lora/Diff_Days_Indoor_Setup/Day5/Device20/IQ_1.dat,68,5331132,18,9,0,test,diff_days_indoor,5,0,0,0,0,0,0.2714998424053192
data/raw/osu_lora/Diff_Days_Indoor_Setup/Day5/Device20/IQ_1.dat,69,5409531,18,13,0,test,diff_days_indoor,5,0,0,0,0,0,0.18265007436275482
data/raw/osu_lora/Diff_Days_Indoor_Setup/Day5/Device20/IQ_1.dat,70,5487930,18,8,0,test,diff_days_indoor,5,0,0,0,0,0,0.10330736637115479
data/raw/osu_lora/Diff_Days_Indoor_Setup/Day5/Device20/IQ_1.dat,71,5566329,18,13,0,test,diff_days_indoor,5,0,0,0,0,0,0.23700973391532898
data/raw/osu_lora/Diff_Days_Indoor_Setup/Day5/Device20/IQ_1.dat,72,5644728,18,14,0,test,diff_days_indoor,5,0,0,0,0,0,0.17214861512184143
data/raw/osu_lora/Diff_Days_Indoor_Setup/Day5/Device20/IQ_1.dat,73,5723127,18,9,0,test,diff_days_indoor,5,0,0,0,0,0,0.31531304121017456
data/raw/osu_lora/Diff_Days_Indoor_Setup/Day5/Device20/IQ_1.dat,74,5801526,18,14,0,test,diff_days_indoor,5,0,0,0,0,0,0.24047128856182098
data/raw/osu_lora/Diff_Days_Indoor_Setup/Day5/Device20/IQ_1.dat,75,5879925,18,14,0,test,diff_days_indoor,5,0,0,0,0,0,0.21937192976474762
data/raw/osu_lora/Diff_Days_Indoor_Setup/Day5/Device20/IQ_1.dat,76,5958324,18,14,0,test,diff_days_indoor,5,0,0,0,0,0,0.2307327836751938
data/raw/osu_lora/Diff_Days_Indoor_Setup/Day5/Device20/IQ_1.dat,77,6036723,18,9,0,test,diff_days_indoor,5,0,0,0,0,0,0.1689964085817337
data/raw/osu_lora/Diff_Days_Indoor_Setup/Day5/Device20/IQ_1.dat,78,6115122,18,13,0,test,diff_days_indoor,5,0,0,0,0,0,0.19671611487865448
data/raw/osu_lora/Diff_Days_Indoor_Setup/Day5/Device20/IQ_1.dat,79,6193521,18,9,0,test,diff_days_indoor,5,0,0,0,0,0,0.2390647977590561
data/raw/osu_lora/Diff_Days_Indoor_Setup/Day5/Device20/IQ_1.dat,80,6271920,18,13,0,test,diff_days_indoor,5,0,0,0,0,0,0.2239273488521576
data/raw/osu_lora/Diff_Days_Indoor_Setup/Day5/Device20/IQ_1.dat,81,6350319,18,9,0,test,diff_days_indoor,5,0,0,0,0,0,0.2965153455734253
data/raw/osu_lora/Diff_Days_Indoor_Setup/Day5/Device20/IQ_1.dat,82,6428718,18,14,0,test,diff_days_indoor,5,0,0,0,0,0,0.2269296795129776
data/raw/osu_lora/Diff_Days_Indoor_Setup/Day5/Device20/IQ_1.dat,83,6507117,18,13,0,test,diff_days_indoor,5,0,0,0,0,0,0.1787542998790741
data/raw/osu_lora/Diff_Days_Indoor_Setup/Day5/Device20/IQ_1.dat,84,6585516,18,9,0,test,diff_days_indoor,5,0,0,0,0,0,0.27311742305755615
data/raw/osu_lora/Diff_Days_Indoor_Setup/Day5/Device20/IQ_1.dat,85,6663915,18,9,0,test,diff_days_indoor,5,0,0,0,0,0,0.20333091914653778
data/raw/osu_lora/Diff_Days_Indoor_Setup/Day5/Device20/IQ_1.dat,86,6742314,18,21,0,test,diff_days_indoor,5,0,0,0,0,0,0.2198738157749176
data/raw/osu_lora/Diff_Days_Indoor_Setup/Day5/Device20/IQ_1.dat,87,6820713,18,9,0,test,diff_days_indoor,5,0,0,0,0,0,0.2861741781234741
data/raw/osu_lora/Diff_Days_Indoor_Setup/Day5/Device20/IQ_1.dat,88,6899112,18,13,0,test,diff_days_indoor,5,0,0,0,0,0,0.2551406919956207
data/raw/osu_lora/Diff_Days_Indoor_Setup/Day5/Device20/IQ_1.dat,89,6977511,18,14,0,test,diff_days_indoor,5,0,0,0,0,0,0.2995249330997467
data/raw/osu_lora/Diff_Days_Indoor_Setup/Day5/Device20/IQ_1.dat,90,7055910,18,9,0,test,diff_days_indoor,5,0,0,0,0,0,0.2885913848876953
data/raw/osu_lora/Diff_Days_Indoor_Setup/Day5/Device20/IQ_1.dat,91,7134309,18,9,0,test,diff_days_indoor,5,0,0,0,0,0,0.3158176839351654
data/raw/osu_lora/Diff_Days_Indoor_Setup/Day5/Device20/IQ_1.dat,92,7212708,18,9,0,test,diff_days_indoor,5,0,0,0,0,0,0.24942967295646667
data/raw/osu_lora/Diff_Days_Indoor_Setup/Day5/Device20/IQ_1.dat,93,7291107,18,9,0,test,diff_days_indoor,5,0,0,0,0,0,0.2246653288602829
data/raw/osu_lora/Diff_Days_Indoor_Setup/Day5/Device20/IQ_1.dat,94,7369506,18,9,0,test,diff_days_indoor,5,0,0,0,0,0,0.2680765986442566
data/raw/osu_lora/Diff_Days_Indoor_Setup/Day5/Device20/IQ_1.dat,95,7447905,18,9,0,test,diff_days_indoor,5,0,0,0,0,0,0.26990067958831787
data/raw/osu_lora/Diff_Days_Indoor_Setup/Day5/Device20/IQ_1.dat,96,7526304,18,9,0,test,diff_days_indoor,5,0,0,0,0,0,0.15133154392242432
data/raw/osu_lora/Diff_Days_Indoor_Setup/Day5/Device20/IQ_1.dat,97,7604703,18,13,0,test,diff_days_indoor,5,0,0,0,0,0,0.23485015332698822
data/raw/osu_lora/Diff_Days_Indoor_Setup/Day5/Device20/IQ_1.dat,98,7683102,18,13,0,test,diff_days_indoor,5,0,0,0,0,0,0.23669202625751495
data/raw/osu_lora/Diff_Days_Indoor_Setup/Day5/Device20/IQ_1.dat,99,7761501,18,9,0,test,diff_days_indoor,5,0,0,0,0,0,0.2421860247850418
data/raw/osu_lora/Diff_Days_Indoor_Setup/Day5/Device20/IQ_1.dat,100,7839900,18,13,0,test,diff_days_indoor,5,0,0,0,0,0,0.22088685631752014
data/raw/osu_lora/Diff_Days_Indoor_Setup/Day5/Device20/IQ_1.dat,101,7918299,18,7,0,test,diff_days_indoor,5,0,0,0,0,0,0.2297220677137375
data/raw/osu_lora/Diff_Days_Indoor_Setup/Day5/Device20/IQ_1.dat,102,7996698,18,13,0,test,diff_days_indoor,5,0,0,0,0,0,0.17223066091537476
data/raw/osu_lora/Diff_Days_Indoor_Setup/Day5/Device20/IQ_1.dat,103,8075097,18,14,0,test,diff_days_indoor,5,0,0,0,0,0,0.22457684576511383
data/raw/osu_lora/Diff_Days_Indoor_Setup/Day5/Device20/IQ_1.dat,104,8153496,18,12,0,test,diff_days_indoor,5,0,0,0,0,0,0.22570958733558655
data/raw/osu_lora/Diff_Days_Indoor_Setup/Day5/Device20/IQ_1.dat,105,8231895,18,9,0,test,diff_days_indoor,5,0,0,0,0,0,0.22265341877937317
data/raw/osu_lora/Diff_Days_Indoor_Setup/Day5/Device20/IQ_1.dat,106,8310294,18,14,0,test,diff_days_indoor,5,0,0,0,0,0,0.2229343056678772
data/raw/osu_lora/Diff_Days_Indoor_Setup/Day5/Device20/IQ_1.dat,107,8388693,18,14,0,test,diff_days_indoor,5,0,0,0,0,0,0.29011163115501404
data/raw/osu_lora/Diff_Days_Indoor_Setup/Day5/Device20/IQ_1.dat,108,8467092,18,21,0,test,diff_days_indoor,5,0,0,0,0,0,0.1743752658367157
data/raw/osu_lora/Diff_Days_Indoor_Setup/Day5/Device20/IQ_1.dat,109,8545491,18,9,0,test,diff_days_indoor,5,0,0,0,0,0,0.2621546685695648
data/raw/osu_lora/Diff_Days_Indoor_Setup/Day5/Device20/IQ_1.dat,110,8623890,18,9,0,test,diff_days_indoor,5,0,0,0,0,0,0.20564740896224976
data/raw/osu_lora/Diff_Days_Indoor_Setup/Day5/Device20/IQ_1.dat,111,8702289,18,13,0,test,diff_days_indoor,5,0,0,0,0,0,0.17406198382377625
data/raw/osu_lora/Diff_Days_Indoor_Setup/Day5/Device20/IQ_1.dat,112,8780688,18,9,0,test,diff_days_indoor,5,0,0,0,0,0,0.2841792702674866
data/raw/osu_lora/Diff_Days_Indoor_Setup/Day5/Device20/IQ_1.dat,113,8859087,18,14,0,test,diff_days_indoor,5,0,0,0,0,0,0.2560357451438904
data/raw/osu_lora/Diff_Days_Indoor_Setup/Day5/Device20/IQ_1.dat,114,8937486,18,21,0,test,diff_days_indoor,5,0,0,0,0,0,0.37543249130249023
data/raw/osu_lora/Diff_Days_Indoor_Setup/Day5/Device20/IQ_1.dat,115,9015885,18,9,0,test,diff_days_indoor,5,0,0,0,0,0,0.30813151597976685
data/raw/osu_lora/Diff_Days_Indoor_Setup/Day5/Device20/IQ_1.dat,116,9094284,18,9,0,test,diff_days_indoor,5,0,0,0,0,0,0.3283725678920746
data/raw/osu_lora/Diff_Days_Indoor_Setup/Day5/Device20/IQ_1.dat,117,9172683,18,9,0,test,diff_days_indoor,5,0,0,0,0,0,0.19602376222610474
data/raw/osu_lora/Diff_Days_Indoor_Setup/Day5/Device20/IQ_1.dat,118,9251082,18,9,0,test,diff_days_indoor,5,0,0,0,0,0,0.3346744775772095
data/raw/osu_lora/Diff_Days_Indoor_Setup/Day5/Device20/IQ_1.dat,119,9329481,18,14,0,test,diff_days_indoor,5,0,0,0,0,0,0.2666311264038086
data/raw/osu_lora/Diff_Days_Indoor_Setup/Day5/Device20/IQ_1.dat,120,9407880,18,14,0,test,diff_days_indoor,5,0,0,0,0,0,0.25409194827079773
data/raw/osu_lora/Diff_Days_Indoor_Setup/Day5/Device20/IQ_1.dat,121,9486279,18,9,0,test,diff_days_indoor,5,0,0,0,0,0,0.3175080716609955
data/raw/osu_lora/Diff_Days_Indoor_Setup/Day5/Device20/IQ_1.dat,122,9564678,18,14,0,test,diff_days_indoor,5,0,0,0,0,0,0.2925686538219452
data/raw/osu_lora/Diff_Days_Indoor_Setup/Day5/Device20/IQ_1.dat,123,9643077,18,9,0,test,diff_days_indoor,5,0,0,0,0,0,0.22215065360069275
data/raw/osu_lora/Diff_Days_Indoor_Setup/Day5/Device20/IQ_1.dat,124,9721476,18,13,0,test,diff_days_indoor,5,0,0,0,0,0,0.19741547107696533
data/raw/osu_lora/Diff_Days_Indoor_Setup/Day5/Device20/IQ_1.dat,125,9799875,18,9,0,test,diff_days_indoor,5,0,0,0,0,0,0.18741635978221893
data/raw/osu_lora/Diff_Days_Indoor_Setup/Day5/Device20/IQ_1.dat,126,9878274,18,9,0,test,diff_days_indoor,5,0,0,0,0,0,0.2744120955467224
data/raw/osu_lora/Diff_Days_Indoor_Setup/Day5/Device20/IQ_1.dat,127,9956673,18,9,0,test,diff_days_indoor,5,0,0,0,0,0,0.2457493245601654
data/raw/osu_lora/Diff_Days_Indoor_Setup/Day5/Device20/IQ_1.dat,128,10035072,18,21,0,test,diff_days_indoor,5,0,0,0,0,0,0.2981050908565521
data/raw/osu_lora/Diff_Days_Indoor_Setup/Day5/Device20/IQ_1.dat,129,10113471,18,14,0,test,diff_days_indoor,5,0,0,0,0,0,0.2860211431980133
data/raw/osu_lora/Diff_Days_Indoor_Setup/Day5/Device20/IQ_1.dat,130,10191870,18,14,0,test,diff_days_indoor,5,0,0,0,0,0,0.2651921212673187
data/raw/osu_lora/Diff_Days_Indoor_Setup/Day5/Device20/IQ_1.dat,131,10270269,18,9,0,test,diff_days_indoor,5,0,0,0,0,0,0.2613780200481415
data/raw/osu_lora/Diff_Days_Indoor_Setup/Day5/Device20/IQ_1.dat,132,10348668,18,14,0,test,diff_days_indoor,5,0,0,0,0,0,0.26891136169433594
data/raw/osu_lora/Diff_Days_Indoor_Setup/Day5/Device20/IQ_1.dat,133,10427067,18,13,0,test,diff_days_indoor,5,0,0,0,0,0,0.23461073637008667
data/raw/osu_lora/Diff_Days_Indoor_Setup/Day5/Device20/IQ_1.dat,134,10505466,18,14,0,test,diff_days_indoor,5,0,0,0,0,0,0.28360047936439514
data/raw/osu_lora/Diff_Days_Indoor_Setup/Day5/Device20/IQ_1.dat,135,10583865,18,14,0,test,diff_days_indoor,5,0,0,0,0,0,0.20630383491516113
data/raw/osu_lora/Diff_Days_Indoor_Setup/Day5/Device20/IQ_1.dat,136,10662264,18,21,0,test,diff_days_indoor,5,0,0,0,0,0,0.22611451148986816
data/raw/osu_lora/Diff_Days_Indoor_Setup/Day5/Device20/IQ_1.dat,137,10740663,18,13,0,test,diff_days_indoor,5,0,0,0,0,0,0.21830056607723236
data/raw/osu_lora/Diff_Days_Indoor_Setup/Day5/Device20/IQ_1.dat,138,10819062,18,14,0,test,diff_days_indoor,5,0,0,0,0,0,0.2093331664800644
data/raw/osu_lora/Diff_Days_Indoor_Setup/Day5/Device20/IQ_1.dat,139,10897461,18,14,0,test,diff_days_indoor,5,0,0,0,0,0,0.20546314120292664
data/raw/osu_lora/Diff_Days_Indoor_Setup/Day5/Device20/IQ_1.dat,140,10975860,18,9,0,test,diff_days_indoor,5,0,0,0,0,0,0.24659599363803864
data/raw/osu_lora/Diff_Days_Indoor_Setup/Day5/Device20/IQ_1.dat,141,11054259,18,9,0,test,diff_days_indoor,5,0,0,0,0,0,0.3256010413169861
data/raw/osu_lora/Diff_Days_Indoor_Setup/Day5/Device20/IQ_1.dat,142,11132658,18,14,0,test,diff_days_indoor,5,0,0,0,0,0,0.21826207637786865
data/raw/osu_lora/Diff_Days_Indoor_Setup/Day5/Device20/IQ_1.dat,143,11211057,18,10,0,test,diff_days_indoor,5,0,0,0,0,0,0.24175842106342316
data/raw/osu_lora/Diff_Days_Indoor_Setup/Day5/Device20/IQ_1.dat,144,11289456,18,9,0,test,diff_days_indoor,5,0,0,0,0,0,0.30267244577407837
data/raw/osu_lora/Diff_Days_Indoor_Setup/Day5/Device20/IQ_1.dat,145,11367855,18,21,0,test,diff_days_indoor,5,0,0,0,0,0,0.2916102707386017
data/raw/osu_lora/Diff_Days_Indoor_Setup/Day5/Device20/IQ_1.dat,146,11446254,18,9,0,test,diff_days_indoor,5,0,0,0,0,0,0.2723335921764374
data/raw/osu_lora/Diff_Days_Indoor_Setup/Day5/Device20/IQ_1.dat,147,11524653,18,14,0,test,diff_days_indoor,5,0,0,0,0,0,0.2836640775203705
data/raw/osu_lora/Diff_Days_Indoor_Setup/Day5/Device20/IQ_1.dat,148,11603052,18,9,0,test,diff_days_indoor,5,0,0,0,0,0,0.2897452414035797
data/raw/osu_lora/Diff_Days_Indoor_Setup/Day5/Device20/IQ_1.dat,149,11681451,18,21,0,test,diff_days_indoor,5,0,0,0,0,0,0.19684788584709167
data/raw/osu_lora/Diff_Days_Indoor_Setup/Day5/Device20/IQ_1.dat,150,11759850,18,9,0,test,diff_days_indoor,5,0,0,0,0,0,0.2242419570684433
data/raw/osu_lora/Diff_Days_Indoor_Setup/Day5/Device20/IQ_1.dat,151,11838249,18,14,0,test,diff_days_indoor,5,0,0,0,0,0,0.2598761022090912
data/raw/osu_lora/Diff_Days_Indoor_Setup/Day5/Device20/IQ_1.dat,152,11916648,18,9,0,test,diff_days_indoor,5,0,0,0,0,0,0.22903798520565033
data/raw/osu_lora/Diff_Days_Indoor_Setup/Day5/Device20/IQ_1.dat,153,11995047,18,9,0,test,diff_days_indoor,5,0,0,0,0,0,0.22997123003005981
data/raw/osu_lora/Diff_Days_Indoor_Setup/Day5/Device20/IQ_1.dat,154,12073446,18,13,0,test,diff_days_indoor,5,0,0,0,0,0,0.18543216586112976
data/raw/osu_lora/Diff_Days_Indoor_Setup/Day5/Device20/IQ_1.dat,155,12151845,18,14,0,test,diff_days_indoor,5,0,0,0,0,0,0.2730844020843506
data/raw/osu_lora/Diff_Days_Indoor_Setup/Day5/Device20/IQ_1.dat,156,12230244,18,14,0,test,diff_days_indoor,5,0,0,0,0,0,0.23520906269550323
data/raw/osu_lora/Diff_Days_Indoor_Setup/Day5/Device20/IQ_1.dat,157,12308643,18,9,0,test,diff_days_indoor,5,0,0,0,0,0,0.30891314148902893
data/raw/osu_lora/Diff_Days_Indoor_Setup/Day5/Device20/IQ_1.dat,158,12387042,18,9,0,test,diff_days_indoor,5,0,0,0,0,0,0.2312796264886856
data/raw/osu_lora/Diff_Days_Indoor_Setup/Day5/Device20/IQ_1.dat,159,12465441,18,13,0,test,diff_days_indoor,5,0,0,0,0,0,0.22709862887859344
data/raw/osu_lora/Diff_Days_Indoor_Setup/Day5/Device20/IQ_1.dat,160,12543840,18,13,0,test,diff_days_indoor,5,0,0,0,0,0,0.2353590577840805
data/raw/osu_lora/Diff_Days_Indoor_Setup/Day5/Device20/IQ_1.dat,161,12622239,18,9,0,test,diff_days_indoor,5,0,0,0,0,0,0.20983421802520752
data/raw/osu_lora/Diff_Days_Indoor_Setup/Day5/Device20/IQ_1.dat,162,12700638,18,9,0,test,diff_days_indoor,5,0,0,0,0,0,0.30572202801704407
data/raw/osu_lora/Diff_Days_Indoor_Setup/Day5/Device20/IQ_1.dat,163,12779037,18,13,0,test,diff_days_indoor,5,0,0,0,0,0,0.2334345281124115
data/raw/osu_lora/Diff_Days_Indoor_Setup/Day5/Device20/IQ_1.dat,164,12857436,18,9,0,test,diff_days_indoor,5,0,0,0,0,0,0.3060652017593384
data/raw/osu_lora/Diff_Days_Indoor_Setup/Day5/Device20/IQ_1.dat,165,12935835,18,9,0,test,diff_days_indoor,5,0,0,0,0,0,0.28933975100517273
data/raw/osu_lora/Diff_Days_Indoor_Setup/Day5/Device20/IQ_1.dat,166,13014234,18,9,0,test,diff_days_indoor,5,0,0,0,0,0,0.31360819935798645
data/raw/osu_lora/Diff_Days_Indoor_Setup/Day5/Device20/IQ_1.dat,167,13092633,18,21,0,test,diff_days_indoor,5,0,0,0,0,0,0.3003564476966858
data/raw/osu_lora/Diff_Days_Indoor_Setup/Day5/Device20/IQ_1.dat,168,13171032,18,9,0,test,diff_days_indoor,5,0,0,0,0,0,0.269882470369339
data/raw/osu_lora/Diff_Days_Indoor_Setup/Day5/Device20/IQ_1.dat,169,13249431,18,9,0,test,diff_days_indoor,5,0,0,0,0,0,0.3066243827342987
data/raw/osu_lora/Diff_Days_Indoor_Setup/Day5/Device20/IQ_1.dat,170,13327830,18,9,0,test,diff_days_indoor,5,0,0,0,0,0,0.22960060834884644
data/raw/osu_lora/Diff_Days_Indoor_Setup/Day5/Device20/IQ_1.dat,171,13406229,18,14,0,test,diff_days_indoor,5,0,0,0,0,0,0.25039300322532654
data/raw/osu_lora/Diff_Days_Indoor_Setup/Day5/Device20/IQ_1.dat,172,13484628,18,14,0,test,diff_days_indoor,5,0,0,0,0,0,0.27461329102516174
data/raw/osu_lora/Diff_Days_Indoor_Setup/Day5/Device20/IQ_1.dat,173,13563027,18,21,0,test,diff_days_indoor,5,0,0,0,0,0,0.30235755443573
data/raw/osu_lora/Diff_Days_Indoor_Setup/Day5/Device20/IQ_1.dat,174,13641426,18,14,0,test,diff_days_indoor,5,0,0,0,0,0,0.2660265862941742
data/raw/osu_lora/Diff_Days_Indoor_Setup/Day5/Device20/IQ_1.dat,175,13719825,18,9,0,test,diff_days_indoor,5,0,0,0,0,0,0.25531938672065735
data/raw/osu_lora/Diff_Days_Indoor_Setup/Day5/Device20/IQ_1.dat,176,13798224,18,9,0,test,diff_days_indoor,5,0,0,0,0,0,0.2644749879837036
data/raw/osu_lora/Diff_Days_Indoor_Setup/Day5/Device20/IQ_1.dat,177,13876623,18,9,0,test,diff_days_indoor,5,0,0,0,0,0,0.16914412379264832
data/raw/osu_lora/Diff_Days_Indoor_Setup/Day5/Device20/IQ_1.dat,178,13955022,18,14,0,test,diff_days_indoor,5,0,0,0,0,0,0.2637923061847687
data/raw/osu_lora/Diff_Days_Indoor_Setup/Day5/Device20/IQ_1.dat,179,14033421,18,21,0,test,diff_days_indoor,5,0,0,0,0,0,0.27248460054397583
data/raw/osu_lora/Diff_Days_Indoor_Setup/Day5/Device20/IQ_1.dat,180,14111820,18,9,0,test,diff_days_indoor,5,0,0,0,0,0,0.317265123128891
data/raw/osu_lora/Diff_Days_Indoor_Setup/Day5/Device20/IQ_1.dat,181,14190219,18,9,0,test,diff_days_indoor,5,0,0,0,0,0,0.3006117343902588
data/raw/osu_lora/Diff_Days_Indoor_Setup/Day5/Device20/IQ_1.dat,182,14268618,18,9,0,test,diff_days_indoor,5,0,0,0,0,0,0.27907702326774597
data/raw/osu_lora/Diff_Days_Indoor_Setup/Day5/Device20/IQ_1.dat,183,14347017,18,9,0,test,diff_days_indoor,5,0,0,0,0,0,0.29163050651550293
data/raw/osu_lora/Diff_Days_Indoor_Setup/Day5/Device20/IQ_1.dat,184,14425416,18,9,0,test,diff_days_indoor,5,0,0,0,0,0,0.28692859411239624
data/raw/osu_lora/Diff_Days_Indoor_Setup/Day5/Device20/IQ_1.dat,185,14503815,18,13,0,test,diff_days_indoor,5,0,0,0,0,0,0.18230435252189636
data/raw/osu_lora/Diff_Days_Indoor_Setup/Day5/Device20/IQ_1.dat,186,14582214,18,14,0,test,diff_days_indoor,5,0,0,0,0,0,0.2842446267604828
data/raw/osu_lora/Diff_Days_Indoor_Setup/Day5/Device20/IQ_1.dat,187,14660613,18,13,0,test,diff_days_indoor,5,0,0,0,0,0,0.25331926345825195
data/raw/osu_lora/Diff_Days_Indoor_Setup/Day5/Device20/IQ_1.dat,188,14739012,18,9,0,test,diff_days_indoor,5,0,0,0,0,0,0.2943677306175232
data/raw/osu_lora/Diff_Days_Indoor_Setup/Day5/Device20/IQ_1.dat,189,14817411,18,14,0,test,diff_days_indoor,5,0,0,0,0,0,0.19394846260547638
data/raw/osu_lora/Diff_Days_Indoor_Setup/Day5/Device20/IQ_1.dat,190,14895810,18,9,0,test,diff_days_indoor,5,0,0,0,0,0,0.1154647096991539
data/raw/osu_lora/Diff_Days_Indoor_Setup/Day5/Device20/IQ_1.dat,191,14974209,18,9,0,test,diff_days_indoor,5,0,0,0,0,0,0.24709978699684143
data/raw/osu_lora/Diff_Days_Indoor_Setup/Day5/Device20/IQ_1.dat,192,15052608,18,9,0,test,diff_days_indoor,5,0,0,0,0,0,0.3183698356151581
data/raw/osu_lora/Diff_Days_Indoor_Setup/Day5/Device20/IQ_1.dat,193,15131007,18,9,0,test,diff_days_indoor,5,0,0,0,0,0,0.28270575404167175
data/raw/osu_lora/Diff_Days_Indoor_Setup/Day5/Device20/IQ_1.dat,194,15209406,18,21,0,test,diff_days_indoor,5,0,0,0,0,0,0.2271680235862732
data/raw/osu_lora/Diff_Days_Indoor_Setup/Day5/Device20/IQ_1.dat,195,15287805,18,21,0,test,diff_days_indoor,5,0,0,0,0,0,0.3399971127510071
data/raw/osu_lora/Diff_Days_Indoor_Setup/Day5/Device20/IQ_1.dat,196,15366204,18,9,0,test,diff_days_indoor,5,0,0,0,0,0,0.2937866449356079
data/raw/osu_lora/Diff_Days_Indoor_Setup/Day5/Device20/IQ_1.dat,197,15444603,18,17,0,test,diff_days_indoor,5,0,0,0,0,0,0.11230354756116867
data/raw/osu_lora/Diff_Days_Indoor_Setup/Day5/Device20/IQ_1.dat,198,15523002,18,13,0,test,diff_days_indoor,5,0,0,0,0,0,0.21822814643383026
data/raw/osu_lora/Diff_Days_Indoor_Setup/Day5/Device20/IQ_1.dat,199,15601401,18,9,0,test,diff_days_indoor,5,0,0,0,0,0,0.29204070568084717
data/raw/osu_lora/Diff_Days_Indoor_Setup/Day5/Device20/IQ_1.dat,200,15679800,18,14,0,test,diff_days_indoor,5,0,0,0,0,0,0.2576654553413391
data/raw/osu_lora/Diff_Days_Indoor_Setup/Day5/Device20/IQ_1.dat,201,15758199,18,14,0,test,diff_days_indoor,5,0,0,0,0,0,0.25253674387931824
data/raw/osu_lora/Diff_Days_Indoor_Setup/Day5/Device20/IQ_1.dat,202,15836598,18,21,0,test,diff_days_indoor,5,0,0,0,0,0,0.20610320568084717
data/raw/osu_lora/Diff_Days_Indoor_Setup/Day5/Device20/IQ_1.dat,203,15914997,18,9,0,test,diff_days_indoor,5,0,0,0,0,0,0.22125166654586792
data/raw/osu_lora/Diff_Days_Indoor_Setup/Day5/Device20/IQ_1.dat,204,15993396,18,14,0,test,diff_days_indoor,5,0,0,0,0,0,0.2459476739168167
data/raw/osu_lora/Diff_Days_Indoor_Setup/Day5/Device20/IQ_1.dat,205,16071795,18,9,0,test,diff_days_indoor,5,0,0,0,0,0,0.22870303690433502
data/raw/osu_lora/Diff_Days_Indoor_Setup/Day5/Device20/IQ_1.dat,206,16150194,18,9,0,test,diff_days_indoor,5,0,0,0,0,0,0.212868332862854
data/raw/osu_lora/Diff_Days_Indoor_Setup/Day5/Device20/IQ_1.dat,207,16228593,18,13,0,test,diff_days_indoor,5,0,0,0,0,0,0.1996842920780182
data/raw/osu_lora/Diff_Days_Indoor_Setup/Day5/Device20/IQ_1.dat,208,16306992,18,13,0,test,diff_days_indoor,5,0,0,0,0,0,0.21461568772792816
data/raw/osu_lora/Diff_Days_Indoor_Setup/Day5/Device20/IQ_1.dat,209,16385391,18,14,0,test,diff_days_indoor,5,0,0,0,0,0,0.26396405696868896
data/raw/osu_lora/Diff_Days_Indoor_Setup/Day5/Device20/IQ_1.dat,210,16463790,18,14,0,test,diff_days_indoor,5,0,0,0,0,0,0.29458361864089966
data/raw/osu_lora/Diff_Days_Indoor_Setup/Day5/Device20/IQ_1.dat,211,16542189,18,9,0,test,diff_days_indoor,5,0,0,0,0,0,0.29923516511917114
data/raw/osu_lora/Diff_Days_Indoor_Setup/Day5/Device20/IQ_1.dat,212,16620588,18,14,0,test,diff_days_indoor,5,0,0,0,0,0,0.22843901813030243
data/raw/osu_lora/Diff_Days_Indoor_Setup/Day5/Device20/IQ_1.dat,213,16698987,18,9,0,test,diff_days_indoor,5,0,0,0,0,0,0.28240934014320374
data/raw/osu_lora/Diff_Days_Indoor_Setup/Day5/Device20/IQ_1.dat,214,16777386,18,9,0,test,diff_days_indoor,5,0,0,0,0,0,0.31956762075424194
data/raw/osu_lora/Diff_Days_Indoor_Setup/Day5/Device20/IQ_1.dat,215,16855785,18,9,0,test,diff_days_indoor,5,0,0,0,0,0,0.2657581567764282
data/raw/osu_lora/Diff_Days_Indoor_Setup/Day5/Device20/IQ_1.dat,216,16934184,18,9,0,test,diff_days_indoor,5,0,0,0,0,0,0.200435608625412
data/raw/osu_lora/Diff_Days_Indoor_Setup/Day5/Device20/IQ_1.dat,217,17012583,18,13,0,test,diff_days_indoor,5,0,0,0,0,0,0.16437463462352753
data/raw/osu_lora/Diff_Days_Indoor_Setup/Day5/Device20/IQ_1.dat,218,17090982,18,13,0,test,diff_days_indoor,5,0,0,0,0,0,0.23386931419372559
data/raw/osu_lora/Diff_Days_Indoor_Setup/Day5/Device20/IQ_1.dat,219,17169381,18,12,0,test,diff_days_indoor,5,0,0,0,0,0,0.2124779224395752
data/raw/osu_lora/Diff_Days_Indoor_Setup/Day5/Device20/IQ_1.dat,220,17247780,18,14,0,test,diff_days_indoor,5,0,0,0,0,0,0.2914770543575287
data/raw/osu_lora/Diff_Days_Indoor_Setup/Day5/Device20/IQ_1.dat,221,17326179,18,14,0,test,diff_days_indoor,5,0,0,0,0,0,0.19640487432479858
data/raw/osu_lora/Diff_Days_Indoor_Setup/Day5/Device20/IQ_1.dat,222,17404578,18,9,0,test,diff_days_indoor,5,0,0,0,0,0,0.3019799590110779
data/raw/osu_lora/Diff_Days_Indoor_Setup/Day5/Device20/IQ_1.dat,223,17482977,18,9,0,test,diff_days_indoor,5,0,0,0,0,0,0.2158856838941574
data/raw/osu_lora/Diff_Days_Indoor_Setup/Day5/Device20/IQ_1.dat,224,17561376,18,13,0,test,diff_days_indoor,5,0,0,0,0,0,0.22057390213012695
data/raw/osu_lora/Diff_Days_Indoor_Setup/Day5/Device20/IQ_1.dat,225,17639775,18,14,0,test,diff_days_indoor,5,0,0,0,0,0,0.19923599064350128
data/raw/osu_lora/Diff_Days_Indoor_Setup/Day5/Device20/IQ_1.dat,226,17718174,18,13,0,test,diff_days_indoor,5,0,0,0,0,0,0.22152991592884064
data/raw/osu_lora/Diff_Days_Indoor_Setup/Day5/Device20/IQ_1.dat,227,17796573,18,21,0,test,diff_days_indoor,5,0,0,0,0,0,0.20838114619255066
data/raw/osu_lora/Diff_Days_Indoor_Setup/Day5/Device20/IQ_1.dat,228,17874972,18,9,0,test,diff_days_indoor,5,0,0,0,0,0,0.23434311151504517
data/raw/osu_lora/Diff_Days_Indoor_Setup/Day5/Device20/IQ_1.dat,229,17953371,18,14,0,test,diff_days_indoor,5,0,0,0,0,0,0.2996845841407776
data/raw/osu_lora/Diff_Days_Indoor_Setup/Day5/Device20/IQ_1.dat,230,18031770,18,14,0,test,diff_days_indoor,5,0,0,0,0,0,0.1978687196969986
data/raw/osu_lora/Diff_Days_Indoor_Setup/Day5/Device20/IQ_1.dat,231,18110169,18,14,0,test,diff_days_indoor,5,0,0,0,0,0,0.22011961042881012
data/raw/osu_lora/Diff_Days_Indoor_Setup/Day5/Device20/IQ_1.dat,232,18188568,18,9,0,test,diff_days_indoor,5,0,0,0,0,0,0.30771270394325256
data/raw/osu_lora/Diff_Days_Indoor_Setup/Day5/Device20/IQ_1.dat,233,18266967,18,9,0,test,diff_days_indoor,5,0,0,0,0,0,0.3107384443283081
data/raw/osu_lora/Diff_Days_Indoor_Setup/Day5/Device20/IQ_1.dat,234,18345366,18,13,0,test,diff_days_indoor,5,0,0,0,0,0,0.19558949768543243
data/raw/osu_lora/Diff_Days_Indoor_Setup/Day5/Device20/IQ_1.dat,235,18423765,18,9,0,test,diff_days_indoor,5,0,0,0,0,0,0.30838629603385925
data/raw/osu_lora/Diff_Days_Indoor_Setup/Day5/Device20/IQ_1.dat,236,18502164,18,9,0,test,diff_days_indoor,5,0,0,0,0,0,0.31772494316101074
data/raw/osu_lora/Diff_Days_Indoor_Setup/Day5/Device20/IQ_1.dat,237,18580563,18,9,0,test,diff_days_indoor,5,0,0,0,0,0,0.3198661804199219
data/raw/osu_lora/Diff_Days_Indoor_Setup/Day5/Device20/IQ_1.dat,238,18658962,18,9,0,test,diff_days_indoor,5,0,0,0,0,0,0.31950393319129944
data/raw/osu_lora/Diff_Days_Indoor_Setup/Day5/Device20/IQ_1.dat,239,18737361,18,9,0,test,diff_days_indoor,5,0,0,0,0,0,0.2993592917919159
data/raw/osu_lora/Diff_Days_Indoor_Setup/Day5/Device20/IQ_1.dat,240,18815760,18,9,0,test,diff_days_indoor,5,0,0,0,0,0,0.2722470760345459
data/raw/osu_lora/Diff_Days_Indoor_Setup/Day5/Device20/IQ_1.dat,241,18894159,18,14,0,test,diff_days_indoor,5,0,0,0,0,0,0.2840130925178528
data/raw/osu_lora/Diff_Days_Indoor_Setup/Day5/Device20/IQ_1.dat,242,18972558,18,14,0,test,diff_days_indoor,5,0,0,0,0,0,0.2887610197067261
data/raw/osu_lora/Diff_Days_Indoor_Setup/Day5/Device20/IQ_1.dat,243,19050957,18,9,0,test,diff_days_indoor,5,0,0,0,0,0,0.26980623602867126
data/raw/osu_lora/Diff_Days_Indoor_Setup/Day5/Device20/IQ_1.dat,244,19129356,18,9,0,test,diff_days_indoor,5,0,0,0,0,0,0.3207670748233795
data/raw/osu_lora/Diff_Days_Indoor_Setup/Day5/Device20/IQ_1.dat,245,19207755,18,13,0,test,diff_days_indoor,5,0,0,0,0,0,0.134338840842247
data/raw/osu_lora/Diff_Days_Indoor_Setup/Day5/Device20/IQ_1.dat,246,19286154,18,9,0,test,diff_days_indoor,5,0,0,0,0,0,0.19021637737751007
data/raw/osu_lora/Diff_Days_Indoor_Setup/Day5/Device20/IQ_1.dat,247,19364553,18,9,0,test,diff_days_indoor,5,0,0,0,0,0,0.28995856642723083
data/raw/osu_lora/Diff_Days_Indoor_Setup/Day5/Device20/IQ_1.dat,248,19442952,18,9,0,test,diff_days_indoor,5,0,0,0,0,0,0.32615405321121216
data/raw/osu_lora/Diff_Days_Indoor_Setup/Day5/Device20/IQ_1.dat,249,19521351,18,9,0,test,diff_days_indoor,5,0,0,0,0,0,0.26502177119255066
data/raw/osu_lora/Diff_Days_Indoor_Setup/Day5/Device20/IQ_1.dat,250,19599750,18,13,0,test,diff_days_indoor,5,0,0,0,0,0,0.18799066543579102
data/raw/osu_lora/Diff_Days_Indoor_Setup/Day5/Device20/IQ_1.dat,251,19678149,18,21,0,test,diff_days_indoor,5,0,0,0,0,0,0.1760103702545166
data/raw/osu_lora/Diff_Days_Indoor_Setup/Day5/Device20/IQ_1.dat,252,19756548,18,14,0,test,diff_days_indoor,5,0,0,0,0,0,0.27547696232795715
data/raw/osu_lora/Diff_Days_Indoor_Setup/Day5/Device20/IQ_1.dat,253,19834947,18,9,0,test,diff_days_indoor,5,0,0,0,0,0,0.29379522800445557
data/raw/osu_lora/Diff_Days_Indoor_Setup/Day5/Device20/IQ_1.dat,254,19913346,18,9,0,test,diff_days_indoor,5,0,0,0,0,0,0.3154553472995758
data/raw/osu_lora/Diff_Days_Indoor_Setup/Day5/Device20/IQ_1.dat,255,19991745,18,9,0,test,diff_days_indoor,5,0,0,0,0,0,0.32189810276031494
data/raw/osu_lora/Diff_Days_Indoor_Setup/Day5/Device21/IQ_1.dat,0,0,19,22,0,test,diff_days_indoor,5,0,0,0,0,0,0.3537529706954956
data/raw/osu_lora/Diff_Days_Indoor_Setup/Day5/Device21/IQ_1.dat,1,78399,19,22,0,test,diff_days_indoor,5,0,0,0,0,0,0.33135107159614563
data/raw/osu_lora/Diff_Days_Indoor_Setup/Day5/Device21/IQ_1.dat,2,156798,19,19,1,test,diff_days_indoor,5,0,0,0,0,0,0.40477362275123596
data/raw/osu_lora/Diff_Days_Indoor_Setup/Day5/Device21/IQ_1.dat,3,235197,19,19,1,test,diff_days_indoor,5,0,0,0,0,0,0.4502197206020355
data/raw/osu_lora/Diff_Days_Indoor_Setup/Day5/Device21/IQ_1.dat,4,313596,19,19,1,test,diff_days_indoor,5,0,0,0,0,0,0.33081671595573425
data/raw/osu_lora/Diff_Days_Indoor_Setup/Day5/Device21/IQ_1.dat,5,391995,19,19,1,test,diff_days_indoor,5,0,0,0,0,0,0.40746504068374634
data/raw/osu_lora/Diff_Days_Indoor_Setup/Day5/Device21/IQ_1.dat,6,470394,19,19,1,test,diff_days_indoor,5,0,0,0,0,0,0.3833174407482147
data/raw/osu_lora/Diff_Days_Indoor_Setup/Day5/Device21/IQ_1.dat,7,548793,19,19,1,test,diff_days_indoor,5,0,0,0,0,0,0.41644763946533203
data/raw/osu_lora/Diff_Days_Indoor_Setup/Day5/Device21/IQ_1.dat,8,627192,19,19,1,test,diff_days_indoor,5,0,0,0,0,0,0.24163006246089935
data/raw/osu_lora/Diff_Days_Indoor_Setup/Day5/Device21/IQ_1.dat,9,705591,19,19,1,test,diff_days_indoor,5,0,0,0,0,0,0.3959938883781433
data/raw/osu_lora/Diff_Days_Indoor_Setup/Day5/Device21/IQ_1.dat,10,783990,19,22,0,test,diff_days_indoor,5,0,0,0,0,0,0.3310524821281433
data/raw/osu_lora/Diff_Days_Indoor_Setup/Day5/Device21/IQ_1.dat,11,862389,19,22,0,test,diff_days_indoor,5,0,0,0,0,0,0.32354483008384705
data/raw/osu_lora/Diff_Days_Indoor_Setup/Day5/Device21/IQ_1.dat,12,940788,19,19,1,test,diff_days_indoor,5,0,0,0,0,0,0.4120000898838043
data/raw/osu_lora/Diff_Days_Indoor_Setup/Day5/Device21/IQ_1.dat,13,1019187,19,22,0,test,diff_days_indoor,5,0,0,0,0,0,0.3533390760421753
data/raw/osu_lora/Diff_Days_Indoor_Setup/Day5/Device21/IQ_1.dat,14,1097586,19,19,1,test,diff_days_indoor,5,0,0,0,0,0,0.4288350045681
data/raw/osu_lora/Diff_Days_Indoor_Setup/Day5/Device21/IQ_1.dat,15,1175985,19,19,1,test,diff_days_indoor,5,0,0,0,0,0,0.3997495174407959
data/raw/osu_lora/Diff_Days_Indoor_Setup/Day5/Device21/IQ_1.dat,16,1254384,19,19,1,test,diff_days_indoor,5,0,0,0,0,0,0.36722612380981445
data/raw/osu_lora/Diff_Days_Indoor_Setup/Day5/Device21/IQ_1.dat,17,1332783,19,22,0,test,diff_days_indoor,5,0,0,0,0,0,0.33328860998153687
data/raw/osu_lora/Diff_Days_Indoor_Setup/Day5/Device21/IQ_1.dat,18,1411182,19,19,1,test,diff_days_indoor,5,0,0,0,0,0,0.37453776597976685
data/raw/osu_lora/Diff_Days_Indoor_Setup/Day5/Device21/IQ_1.dat,19,1489581,19,19,1,test,diff_days_indoor,5,0,0,0,0,0,0.3965298533439636
data/raw/osu_lora/Diff_Days_Indoor_Setup/Day5/Device21/IQ_1.dat,20,1567980,19,22,0,test,diff_days_indoor,5,0,0,0,0,0,0.38105514645576477
data/raw/osu_lora/Diff_Days_Indoor_Setup/Day5/Device21/IQ_1.dat,21,1646379,19,22,0,test,diff_days_indoor,5,0,0,0,0,0,0.33906692266464233
data/raw/osu_lora/Diff_Days_Indoor_Setup/Day5/Device21/IQ_1.dat,22,1724778,19,19,1,test,diff_days_indoor,5,0,0,0,0,0,0.46986451745033264
data/raw/osu_lora/Diff_Days_Indoor_Setup/Day5/Device21/IQ_1.dat,23,1803177,19,19,1,test,diff_days_indoor,5,0,0,0,0,0,0.43195441365242004
data/raw/osu_lora/Diff_Days_Indoor_Setup/Day5/Device21/IQ_1.dat,24,1881576,19,22,0,test,diff_days_indoor,5,0,0,0,0,0,0.35149475932121277
data/raw/osu_lora/Diff_Days_Indoor_Setup/Day5/Device21/IQ_1.dat,25,1959975,19,19,1,test,diff_days_indoor,5,0,0,0,0,0,0.44262757897377014
data/raw/osu_lora/Diff_Days_Indoor_Setup/Day5/Device21/IQ_1.dat,26,2038374,19,19,1,test,diff_days_indoor,5,0,0,0,0,0,0.3690887689590454
data/raw/osu_lora/Diff_Days_Indoor_Setup/Day5/Device21/IQ_1.dat,27,2116773,19,19,1,test,diff_days_indoor,5,0,0,0,0,0,0.41304758191108704
data/raw/osu_lora/Diff_Days_Indoor_Setup/Day5/Device21/IQ_1.dat,28,2195172,19,19,1,test,diff_days_indoor,5,0,0,0,0,0,0.37151601910591125
data/raw/osu_lora/Diff_Days_Indoor_Setup/Day5/Device21/IQ_1.dat,29,2273571,19,19,1,test,diff_days_indoor,5,0,0,0,0,0,0.3851243555545807
data/raw/osu_lora/Diff_Days_Indoor_Setup/Day5/Device21/IQ_1.dat,30,2351970,19,19,1,test,diff_days_indoor,5,0,0,0,0,0,0.45152950286865234
data/raw/osu_lora/Diff_Days_Indoor_Setup/Day5/Device21/IQ_1.dat,31,2430369,19,19,1,test,diff_days_indoor,5,0,0,0,0,0,0.43613725900650024
data/raw/osu_lora/Diff_Days_Indoor_Setup/Day5/Device21/IQ_1.dat,32,2508768,19,22,0,test,diff_days_indoor,5,0,0,0,0,0,0.31606030464172363
data/raw/osu_lora/Diff_Days_Indoor_Setup/Day5/Device21/IQ_1.dat,33,2587167,19,19,1,test,diff_days_indoor,5,0,0,0,0,0,0.41065430641174316
data/raw/osu_lora/Diff_Days_Indoor_Setup/Day5/Device21/IQ_1.dat,34,2665566,19,19,1,test,diff_days_indoor,5,0,0,0,0,0,0.4885367155075073
data/raw/osu_lora/Diff_Days_Indoor_Setup/Day5/Device21/IQ_1.dat,35,2743965,19,19,1,test,diff_days_indoor,5,0,0,0,0,0,0.43951693177223206
data/raw/osu_lora/Diff_Days_Indoor_Setup/Day5/Device21/IQ_1.dat,36,2822364,19,19,1,test,diff_days_indoor,5,0,0,0,0,0,0.33241742849349976
data/raw/osu_lora/Diff_Days_Indoor_Setup/Day5/Device21/IQ_1.dat,37,2900763,19,19,1,test,diff_days_indoor,5,0,0,0,0,0,0.45662567019462585
data/raw/osu_lora/Diff_Days_Indoor_Setup/Day5/Device21/IQ_1.dat,38,2979162,19,22,0,test,diff_days_indoor,5,0,0,0,0,0,0.3861753046512604
data/raw/osu_lora/Diff_Days_Indoor_Setup/Day5/Device21/IQ_1.dat,39,3057561,19,19,1,test,diff_days_indoor,5,0,0,0,0,0,0.36463603377342224
data/raw/osu_lora/Diff_Days_Indoor_Setup/Day5/Device21/IQ_1.dat,40,3135960,19,22,0,test,diff_days_indoor,5,0,0,0,0,0,0.35785621404647827
data/raw/osu_lora/Diff_Days_Indoor_Setup/Day5/Device21/IQ_1.dat,41,3214359,19,19,1,test,diff_days_indoor,5,0,0,0,0,0,0.45716235041618347
data/raw/osu_lora/Diff_Days_Indoor_Setup/Day5/Device21/IQ_1.dat,42,3292758,19,19,1,test,diff_days_indoor,5,0,0,0,0,0,0.3802407681941986
data/raw/osu_lora/Diff_Days_Indoor_Setup/Day5/Device21/IQ_1.dat,43,3371157,19,22,0,test,diff_days_indoor,5,0,0,0,0,0,0.3749687671661377
data/raw/osu_lora/Diff_Days_Indoor_Setup/Day5/Device21/IQ_1.dat,44,3449556,19,22,0,test,diff_days_indoor,5,0,0,0,0,0,0.3711661696434021
data/raw/osu_lora/Diff_Days_Indoor_Setup/Day5/Device21/IQ_1.dat,45,3527955,19,19,1,test,diff_days_indoor,5,0,0,0,0,0,0.3769361078739166
data/raw/osu_lora/Diff_Days_Indoor_Setup/Day5/Device21/IQ_1.dat,46,3606354,19,19,1,test,diff_days_indoor,5,0,0,0,0,0,0.3947010636329651
data/raw/osu_lora/Diff_Days_Indoor_Setup/Day5/Device21/IQ_1.dat,47,3684753,19,19,1,test,diff_days_indoor,5,0,0,0,0,0,0.3992839753627777
data/raw/osu_lora/Diff_Days_Indoor_Setup/Day5/Device21/IQ_1.dat,48,3763152,19,19,1,test,diff_days_indoor,5,0,0,0,0,0,0.3614574372768402
data/raw/osu_lora/Diff_Days_Indoor_Setup/Day5/Device21/IQ_1.dat,49,3841551,19,22,0,test,diff_days_indoor,5,0,0,0,0,0,0.33642926812171936
data/raw/osu_lora/Diff_Days_Indoor_Setup/Day5/Device21/IQ_1.dat,50,3919950,19,19,1,test,diff_days_indoor,5,0,0,0,0,0,0.4172864556312561
data/raw/osu_lora/Diff_Days_Indoor_Setup/Day5/Device21/IQ_1.dat,51,3998349,19,22,0,test,diff_days_indoor,5,0,0,0,0,0,0.3606716990470886
data/raw/osu_lora/Diff_Days_Indoor_Setup/Day5/Device21/IQ_1.dat,52,4076748,19,22,0,test,diff_days_indoor,5,0,0,0,0,0,0.3498478829860687
data/raw/osu_lora/Diff_Days_Indoor_Setup/Day5/Device21/IQ_1.dat,53,4155147,19,19,1,test,diff_days_indoor,5,0,0,0,0,0,0.38029617071151733
data/raw/osu_lora/Diff_Days_Indoor_Setup/Day5/Device21/IQ_1.dat,54,4233546,19,19,1,test,diff_days_indoor,5,0,0,0,0,0,0.4337131381034851
data/raw/osu_lora/Diff_Days_Indoor_Setup/Day5/Device21/IQ_1.dat,55,4311945,19,19,1,test,diff_days_indoor,5,0,0,0,0,0,0.32172849774360657
data/raw/osu_lora/Diff_Days_Indoor_Setup/Day5/Device21/IQ_1.dat,56,4390344,19,22,0,test,diff_days_indoor,5,0,0,0,0,0,0.34794479608535767
data/raw/osu_lora/Diff_Days_Indoor_Setup/Day5/Device21/IQ_1.dat,57,4468743,19,19,1,test,diff_days_indoor,5,0,0,0,0,0,0.4709027111530304
data/raw/osu_lora/Diff_Days_Indoor_Setup/Day5/Device21/IQ_1.dat,58,4547142,19,19,1,test,diff_days_indoor,5,0,0,0,0,0,0.4180196225643158
data/raw/osu_lora/Diff_Days_Indoor_Setup/Day5/Device21/IQ_1.dat,59,4625541,19,5,0,test,diff_days_indoor,5,0,0,0,0,0,0.34295758605003357
data/raw/osu_lora/Diff_Days_Indoor_Setup/Day5/Device21/IQ_1.dat,60,4703940,19,19,1,test,diff_days_indoor,5,0,0,0,0,0,0.3826511800289154
data/raw/osu_lora/Diff_Days_Indoor_Setup/Day5/Device21/IQ_1.dat,61,4782339,19,22,0,test,diff_days_indoor,5,0,0,0,0,0,0.2957495152950287
data/raw/osu_lora/Diff_Days_Indoor_Setup/Day5/Device21/IQ_1.dat,62,4860738,19,22,0,test,diff_days_indoor,5,0,0,0,0,0,0.3447797894477844
data/raw/osu_lora/Diff_Days_Indoor_Setup/Day5/Device21/IQ_1.dat,63,4939137,19,22,0,test,diff_days_indoor,5,0,0,0,0,0,0.33999013900756836
data/raw/osu_lora/Diff_Days_Indoor_Setup/Day5/Device21/IQ_1.dat,64,5017536,19,19,1,test,diff_days_indoor,5,0,0,0,0,0,0.2994469404220581
data/raw/osu_lora/Diff_Days_Indoor_Setup/Day5/Device21/IQ_1.dat,65,5095935,19,19,1,test,diff_days_indoor,5,0,0,0,0,0,0.35818493366241455
data/raw/osu_lora/Diff_Days_Indoor_Setup/Day5/Device21/IQ_1.dat,66,5174334,19,19,1,test,diff_days_indoor,5,0,0,0,0,0,0.42518770694732666
data/raw/osu_lora/Diff_Days_Indoor_Setup/Day5/Device21/IQ_1.dat,67,5252733,19,19,1,test,diff_days_indoor,5,0,0,0,0,0,0.36109521985054016
data/raw/osu_lora/Diff_Days_Indoor_Setup/Day5/Device21/IQ_1.dat,68,5331132,19,19,1,test,diff_days_indoor,5,0,0,0,0,0,0.4620104730129242
data/raw/osu_lora/Diff_Days_Indoor_Setup/Day5/Device21/IQ_1.dat,69,5409531,19,19,1,test,diff_days_indoor,5,0,0,0,0,0,0.4018326997756958
data/raw/osu_lora/Diff_Days_Indoor_Setup/Day5/Device21/IQ_1.dat,70,5487930,19,8,0,test,diff_days_indoor,5,0,0,0,0,0,0.2016482651233673
data/raw/osu_lora/Diff_Days_Indoor_Setup/Day5/Device21/IQ_1.dat,71,5566329,19,22,0,test,diff_days_indoor,5,0,0,0,0,0,0.36981427669525146
data/raw/osu_lora/Diff_Days_Indoor_Setup/Day5/Device21/IQ_1.dat,72,5644728,19,19,1,test,diff_days_indoor,5,0,0,0,0,0,0.382169246673584
data/raw/osu_lora/Diff_Days_Indoor_Setup/Day5/Device21/IQ_1.dat,73,5723127,19,19,1,test,diff_days_indoor,5,0,0,0,0,0,0.42222860455513
data/raw/osu_lora/Diff_Days_Indoor_Setup/Day5/Device21/IQ_1.dat,74,5801526,19,19,1,test,diff_days_indoor,5,0,0,0,0,0,0.3699667453765869
data/raw/osu_lora/Diff_Days_Indoor_Setup/Day5/Device21/IQ_1.dat,75,5879925,19,19,1,test,diff_days_indoor,5,0,0,0,0,0,0.4362281560897827
data/raw/osu_lora/Diff_Days_Indoor_Setup/Day5/Device21/IQ_1.dat,76,5958324,19,19,1,test,diff_days_indoor,5,0,0,0,0,0,0.3998924791812897
data/raw/osu_lora/Diff_Days_Indoor_Setup/Day5/Device21/IQ_1.dat,77,6036723,19,19,1,test,diff_days_indoor,5,0,0,0,0,0,0.4877569079399109
data/raw/osu_lora/Diff_Days_Indoor_Setup/Day5/Device21/IQ_1.dat,78,6115122,19,19,1,test,diff_days_indoor,5,0,0,0,0,0,0.49104011058807373
data/raw/osu_lora/Diff_Days_Indoor_Setup/Day5/Device21/IQ_1.dat,79,6193521,19,19,1,test,diff_days_indoor,5,0,0,0,0,0,0.45964914560317993
data/raw/osu_lora/Diff_Days_Indoor_Setup/Day5/Device21/IQ_1.dat,80,6271920,19,19,1,test,diff_days_indoor,5,0,0,0,0,0,0.4779724180698395
data/raw/osu_lora/Diff_Days_Indoor_Setup/Day5/Device21/IQ_1.dat,81,6350319,19,19,1,test,diff_days_indoor,5,0,0,0,0,0,0.4340435564517975
data/raw/osu_lora/Diff_Days_Indoor_Setup/Day5/Device21/IQ_1.dat,82,6428718,19,22,0,test,diff_days_indoor,5,0,0,0,0,0,0.37587836384773254
data/raw/osu_lora/Diff_Days_Indoor_Setup/Day5/Device21/IQ_1.dat,83,6507117,19,22,0,test,diff_days_indoor,5,0,0,0,0,0,0.28854256868362427
data/raw/osu_lora/Diff_Days_Indoor_Setup/Day5/Device21/IQ_1.dat,84,6585516,19,19,1,test,diff_days_indoor,5,0,0,0,0,0,0.477143257856369
data/raw/osu_lora/Diff_Days_Indoor_Setup/Day5/Device21/IQ_1.dat,85,6663915,19,19,1,test,diff_days_indoor,5,0,0,0,0,0,0.3966190218925476
data/raw/osu_lora/Diff_Days_Indoor_Setup/Day5/Device21/IQ_1.dat,86,6742314,19,22,0,test,diff_days_indoor,5,0,0,0,0,0,0.34181535243988037
data/raw/osu_lora/Diff_Days_Indoor_Setup/Day5/Device21/IQ_1.dat,87,6820713,19,22,0,test,diff_days_indoor,5,0,0,0,0,0,0.3519575893878937
data/raw/osu_lora/Diff_Days_Indoor_Setup/Day5/Device21/IQ_1.dat,88,6899112,19,19,1,test,diff_days_indoor,5,0,0,0,0,0,0.4552556574344635
data/raw/osu_lora/Diff_Days_Indoor_Setup/Day5/Device21/IQ_1.dat,89,6977511,19,19,1,test,diff_days_indoor,5,0,0,0,0,0,0.3246687650680542
data/raw/osu_lora/Diff_Days_Indoor_Setup/Day5/Device21/IQ_1.dat,90,7055910,19,19,1,test,diff_days_indoor,5,0,0,0,0,0,0.40925082564353943
data/raw/osu_lora/Diff_Days_Indoor_Setup/Day5/Device21/IQ_1.dat,91,7134309,19,19,1,test,diff_days_indoor,5,0,0,0,0,0,0.5088950395584106
data/raw/osu_lora/Diff_Days_Indoor_Setup/Day5/Device21/IQ_1.dat,92,7212708,19,19,1,test,diff_days_indoor,5,0,0,0,0,0,0.4593738913536072
data/raw/osu_lora/Diff_Days_Indoor_Setup/Day5/Device21/IQ_1.dat,93,7291107,19,22,0,test,diff_days_indoor,5,0,0,0,0,0,0.3408004343509674
data/raw/osu_lora/Diff_Days_Indoor_Setup/Day5/Device21/IQ_1.dat,94,7369506,19,19,1,test,diff_days_indoor,5,0,0,0,0,0,0.420052170753479
data/raw/osu_lora/Diff_Days_Indoor_Setup/Day5/Device21/IQ_1.dat,95,7447905,19,19,1,test,diff_days_indoor,5,0,0,0,0,0,0.3400035500526428
data/raw/osu_lora/Diff_Days_Indoor_Setup/Day5/Device21/IQ_1.dat,96,7526304,19,19,1,test,diff_days_indoor,5,0,0,0,0,0,0.451111376285553
data/raw/osu_lora/Diff_Days_Indoor_Setup/Day5/Device21/IQ_1.dat,97,7604703,19,19,1,test,diff_days_indoor,5,0,0,0,0,0,0.4017443358898163
data/raw/osu_lora/Diff_Days_Indoor_Setup/Day5/Device21/IQ_1.dat,98,7683102,19,19,1,test,diff_days_indoor,5,0,0,0,0,0,0.377699077129364
data/raw/osu_lora/Diff_Days_Indoor_Setup/Day5/Device21/IQ_1.dat,99,7761501,19,19,1,test,diff_days_indoor,5,0,0,0,0,0,0.3725101947784424
data/raw/osu_lora/Diff_Days_Indoor_Setup/Day5/Device21/IQ_1.dat,100,7839900,19,19,1,test,diff_days_indoor,5,0,0,0,0,0,0.4280950427055359
data/raw/osu_lora/Diff_Days_Indoor_Setup/Day5/Device21/IQ_1.dat,101,7918299,19,19,1,test,diff_days_indoor,5,0,0,0,0,0,0.34000617265701294
data/raw/osu_lora/Diff_Days_Indoor_Setup/Day5/Device21/IQ_1.dat,102,7996698,19,19,1,test,diff_days_indoor,5,0,0,0,0,0,0.3944389522075653
data/raw/osu_lora/Diff_Days_Indoor_Setup/Day5/Device21/IQ_1.dat,103,8075097,19,19,1,test,diff_days_indoor,5,0,0,0,0,0,0.4662224352359772
data/raw/osu_lora/Diff_Days_Indoor_Setup/Day5/Device21/IQ_1.dat,104,8153496,19,22,0,test,diff_days_indoor,5,0,0,0,0,0,0.3386232852935791
data/raw/osu_lora/Diff_Days_Indoor_Setup/Day5/Device21/IQ_1.dat,105,8231895,19,22,0,test,diff_days_indoor,5,0,0,0,0,0,0.3474639356136322
data/raw/osu_lora/Diff_Days_Indoor_Setup/Day5/Device21/IQ_1.dat,106,8310294,19,19,1,test,diff_days_indoor,5,0,0,0,0,0,0.46775418519973755
data/raw/osu_lora/Diff_Days_Indoor_Setup/Day5/Device21/IQ_1.dat,107,8388693,19,22,0,test,diff_days_indoor,5,0,0,0,0,0,0.37036314606666565
data/raw/osu_lora/Diff_Days_Indoor_Setup/Day5/Device21/IQ_1.dat,108,8467092,19,22,0,test,diff_days_indoor,5,0,0,0,0,0,0.3543286621570587
data/raw/osu_lora/Diff_Days_Indoor_Setup/Day5/Device21/IQ_1.dat,109,8545491,19,22,0,test,diff_days_indoor,5,0,0,0,0,0,0.3628334105014801
data/raw/osu_lora/Diff_Days_Indoor_Setup/Day5/Device21/IQ_1.dat,110,8623890,19,19,1,test,diff_days_indoor,5,0,0,0,0,0,0.37102800607681274
data/raw/osu_lora/Diff_Days_Indoor_Setup/Day5/Device21/IQ_1.dat,111,8702289,19,19,1,test,diff_days_indoor,5,0,0,0,0,0,0.5033535361289978
data/raw/osu_lora/Diff_Days_Indoor_Setup/Day5/Device21/IQ_1.dat,112,8780688,19,19,1,test,diff_days_indoor,5,0,0,0,0,0,0.4385727047920227
data/raw/osu_lora/Diff_Days_Indoor_Setup/Day5/Device21/IQ_1.dat,113,8859087,19,22,0,test,diff_days_indoor,5,0,0,0,0,0,0.3774351477622986
data/raw/osu_lora/Diff_Days_Indoor_Setup/Day5/Device21/IQ_1.dat,114,8937486,19,19,1,test,diff_days_indoor,5,0,0,0,0,0,0.37637418508529663
data/raw/osu_lora/Diff_Days_Indoor_Setup/Day5/Device21/IQ_1.dat,115,9015885,19,19,1,test,diff_days_indoor,5,0,0,0,0,0,0.46518784761428833
data/raw/osu_lora/Diff_Days_Indoor_Setup/Day5/Device21/IQ_1.dat,116,9094284,19,19,1,test,diff_days_indoor,5,0,0,0,0,0,0.35286903381347656
data/raw/osu_lora/Diff_Days_Indoor_Setup/Day5/Device21/IQ_1.dat,117,9172683,19,22,0,test,diff_days_indoor,5,0,0,0,0,0,0.3838861286640167
data/raw/osu_lora/Diff_Days_Indoor_Setup/Day5/Device21/IQ_1.dat,118,9251082,19,19,1,test,diff_days_indoor,5,0,0,0,0,0,0.44107404351234436
data/raw/osu_lora/Diff_Days_Indoor_Setup/Day5/Device21/IQ_1.dat,119,9329481,19,19,1,test,diff_days_indoor,5,0,0,0,0,0,0.4455070495605469
data/raw/osu_lora/Diff_Days_Indoor_Setup/Day5/Device21/IQ_1.dat,120,9407880,19,19,1,test,diff_days_indoor,5,0,0,0,0,0,0.4486059844493866
data/raw/osu_lora/Diff_Days_Indoor_Setup/Day5/Device21/IQ_1.dat,121,9486279,19,19,1,test,diff_days_indoor,5,0,0,0,0,0,0.5140284895896912
data/raw/osu_lora/Diff_Days_Indoor_Setup/Day5/Device21/IQ_1.dat,122,9564678,19,22,0,test,diff_days_indoor,5,0,0,0,0,0,0.34417054057121277
data/raw/osu_lora/Diff_Days_Indoor_Setup/Day5/Device21/IQ_1.dat,123,9643077,19,19,1,test,diff_days_indoor,5,0,0,0,0,0,0.4499989151954651
data/raw/osu_lora/Diff_Days_Indoor_Setup/Day5/Device21/IQ_1.dat,124,9721476,19,22,0,test,diff_days_indoor,5,0,0,0,0,0,0.37059929966926575
data/raw/osu_lora/Diff_Days_Indoor_Setup/Day5/Device21/IQ_1.dat,125,9799875,19,22,0,test,diff_days_indoor,5,0,0,0,0,0,0.35884222388267517
data/raw/osu_lora/Diff_Days_Indoor_Setup/Day5/Device21/IQ_1.dat,126,9878274,19,19,1,test,diff_days_indoor,5,0,0,0,0,0,0.31131741404533386
data/raw/osu_lora/Diff_Days_Indoor_Setup/Day5/Device21/IQ_1.dat,127,9956673,19,19,1,test,diff_days_indoor,5,0,0,0,0,0,0.2761441469192505
data/raw/osu_lora/Diff_Days_Indoor_Setup/Day5/Device21/IQ_1.dat,128,10035072,19,19,1,test,diff_days_indoor,5,0,0,0,0,0,0.34367889165878296
data/raw/osu_lora/Diff_Days_Indoor_Setup/Day5/Device21/IQ_1.dat,129,10113471,19,19,1,test,diff_days_indoor,5,0,0,0,0,0,0.47853612899780273
data/raw/osu_lora/Diff_Days_Indoor_Setup/Day5/Device21/IQ_1.dat,130,10191870,19,19,1,test,diff_days_indoor,5,0,0,0,0,0,0.3520064949989319
data/raw/osu_lora/Diff_Days_Indoor_Setup/Day5/Device21/IQ_1.dat,131,10270269,19,19,1,test,diff_days_indoor,5,0,0,0,0,0,0.45025020837783813
data/raw/osu_lora/Diff_Days_Indoor_Setup/Day5/Device21/IQ_1.dat,132,10348668,19,5,0,test,diff_days_indoor,5,0,0,0,0,0,0.37836554646492004
data/raw/osu_lora/Diff_Days_Indoor_Setup/Day5/Device21/IQ_1.dat,133,10427067,19,19,1,test,diff_days_indoor,5,0,0,0,0,0,0.45672768354415894
data/raw/osu_lora/Diff_Days_Indoor_Setup/Day5/Device21/IQ_1.dat,134,10505466,19,19,1,test,diff_days_indoor,5,0,0,0,0,0,0.454069048166275
data/raw/osu_lora/Diff_Days_Indoor_Setup/Day5/Device21/IQ_1.dat,135,10583865,19,19,1,test,diff_days_indoor,5,0,0,0,0,0,0.2819986939430237
data/raw/osu_lora/Diff_Days_Indoor_Setup/Day5/Device21/IQ_1.dat,136,10662264,19,19,1,test,diff_days_indoor,5,0,0,0,0,0,0.4160414934158325
data/raw/osu_lora/Diff_Days_Indoor_Setup/Day5/Device21/IQ_1.dat,137,10740663,19,19,1,test,diff_days_indoor,5,0,0,0,0,0,0.3750084638595581
data/raw/osu_lora/Diff_Days_Indoor_Setup/Day5/Device21/IQ_1.dat,138,10819062,19,19,1,test,diff_days_indoor,5,0,0,0,0,0,0.4671749174594879
data/raw/osu_lora/Diff_Days_Indoor_Setup/Day5/Device21/IQ_1.dat,139,10897461,19,19,1,test,diff_days_indoor,5,0,0,0,0,0,0.4300934970378876
data/raw/osu_lora/Diff_Days_Indoor_Setup/Day5/Device21/IQ_1.dat,140,10975860,19,22,0,test,diff_days_indoor,5,0,0,0,0,0,0.33498120307922363
data/raw/osu_lora/Diff_Days_Indoor_Setup/Day5/Device21/IQ_1.dat,141,11054259,19,22,0,test,diff_days_indoor,5,0,0,0,0,0,0.29066768288612366
data/raw/osu_lora/Diff_Days_Indoor_Setup/Day5/Device21/IQ_1.dat,142,11132658,19,22,0,test,diff_days_indoor,5,0,0,0,0,0,0.33892199397087097
data/raw/osu_lora/Diff_Days_Indoor_Setup/Day5/Device21/IQ_1.dat,143,11211057,19,19,1,test,diff_days_indoor,5,0,0,0,0,0,0.5270445942878723
data/raw/osu_lora/Diff_Days_Indoor_Setup/Day5/Device21/IQ_1.dat,144,11289456,19,19,1,test,diff_days_indoor,5,0,0,0,0,0,0.4784460961818695
data/raw/osu_lora/Diff_Days_Indoor_Setup/Day5/Device21/IQ_1.dat,145,11367855,19,22,0,test,diff_days_indoor,5,0,0,0,0,0,0.363090455532074
data/raw/osu_lora/Diff_Days_Indoor_Setup/Day5/Device21/IQ_1.dat,146,11446254,19,19,1,test,diff_days_indoor,5,0,0,0,0,0,0.45501887798309326
data/raw/osu_lora/Diff_Days_Indoor_Setup/Day5/Device21/IQ_1.dat,147,11524653,19,19,1,test,diff_days_indoor,5,0,0,0,0,0,0.4847944676876068
data/raw/osu_lora/Diff_Days_Indoor_Setup/Day5/Device21/IQ_1.dat,148,11603052,19,22,0,test,diff_days_indoor,5,0,0,0,0,0,0.3493855595588684
data/raw/osu_lora/Diff_Days_Indoor_Setup/Day5/Device21/IQ_1.dat,149,11681451,19,22,0,test,diff_days_indoor,5,0,0,0,0,0,0.24118828773498535
data/raw/osu_lora/Diff_Days_Indoor_Setup/Day5/Device21/IQ_1.dat,150,11759850,19,19,1,test,diff_days_indoor,5,0,0,0,0,0,0.46872833371162415
data/raw/osu_lora/Diff_Days_Indoor_Setup/Day5/Device21/IQ_1.dat,151,11838249,19,19,1,test,diff_days_indoor,5,0,0,0,0,0,0.4290030002593994
data/raw/osu_lora/Diff_Days_Indoor_Setup/Day5/Device21/IQ_1.dat,152,11916648,19,19,1,test,diff_days_indoor,5,0,0,0,0,0,0.44364026188850403
data/raw/osu_lora/Diff_Days_Indoor_Setup/Day5/Device21/IQ_1.dat,153,11995047,19,22,0,test,diff_days_indoor,5,0,0,0,0,0,0.3372379541397095
data/raw/osu_lora/Diff_Days_Indoor_Setup/Day5/Device21/IQ_1.dat,154,12073446,19,19,1,test,diff_days_indoor,5,0,0,0,0,0,0.45250728726387024
data/raw/osu_lora/Diff_Days_Indoor_Setup/Day5/Device21/IQ_1.dat,155,12151845,19,19,1,test,diff_days_indoor,5,0,0,0,0,0,0.41118329763412476
data/raw/osu_lora/Diff_Days_Indoor_Setup/Day5/Device21/IQ_1.dat,156,12230244,19,22,0,test,diff_days_indoor,5,0,0,0,0,0,0.30451542139053345
data/raw/osu_lora/Diff_Days_Indoor_Setup/Day5/Device21/IQ_1.dat,157,12308643,19,22,0,test,diff_days_indoor,5,0,0,0,0,0,0.3250715434551239
data/raw/osu_lora/Diff_Days_Indoor_Setup/Day5/Device21/IQ_1.dat,158,12387042,19,19,1,test,diff_days_indoor,5,0,0,0,0,0,0.42166268825531006
data/raw/osu_lora/Diff_Days_Indoor_Setup/Day5/Device21/IQ_1.dat,159,12465441,19,22,0,test,diff_days_indoor,5,0,0,0,0,0,0.34653767943382263
data/raw/osu_lora/Diff_Days_Indoor_Setup/Day5/Device21/IQ_1.dat,160,12543840,19,22,0,test,diff_days_indoor,5,0,0,0,0,0,0.3140679895877838
data/raw/osu_lora/Diff_Days_Indoor_Setup/Day5/Device21/IQ_1.dat,161,12622239,19,19,1,test,diff_days_indoor,5,0,0,0,0,0,0.3438825011253357
data/raw/osu_lora/Diff_Days_Indoor_Setup/Day5/Device21/IQ_1.dat,162,12700638,19,22,0,test,diff_days_indoor,5,0,0,0,0,0,0.3578921854496002
data/raw/osu_lora/Diff_Days_Indoor_Setup/Day5/Device21/IQ_1.dat,163,12779037,19,5,0,test,diff_days_indoor,5,0,0,0,0,0,0.3436330556869507
data/raw/osu_lora/Diff_Days_Indoor_Setup/Day5/Device21/IQ_1.dat,164,12857436,19,19,1,test,diff_days_indoor,5,0,0,0,0,0,0.46699339151382446
data/raw/osu_lora/Diff_Days_Indoor_Setup/Day5/Device21/IQ_1.dat,165,12935835,19,19,1,test,diff_days_indoor,5,0,0,0,0,0,0.3902210295200348
data/raw/osu_lora/Diff_Days_Indoor_Setup/Day5/Device21/IQ_1.dat,166,13014234,19,19,1,test,diff_days_indoor,5,0,0,0,0,0,0.4311411380767822
data/raw/osu_lora/Diff_Days_Indoor_Setup/Day5/Device21/IQ_1.dat,167,13092633,19,22,0,test,diff_days_indoor,5,0,0,0,0,0,0.38012227416038513
data/raw/osu_lora/Diff_Days_Indoor_Setup/Day5/Device21/IQ_1.dat,168,13171032,19,19,1,test,diff_days_indoor,5,0,0,0,0,0,0.36878058314323425
data/raw/osu_lora/Diff_Days_Indoor_Setup/Day5/Device21/IQ_1.dat,169,13249431,19,19,1,test,diff_days_indoor,5,0,0,0,0,0,0.40099671483039856
data/raw/osu_lora/Diff_Days_Indoor_Setup/Day5/Device21/IQ_1.dat,170,13327830,19,19,1,test,diff_days_indoor,5,0,0,0,0,0,0.46020451188087463
data/raw/osu_lora/Diff_Days_Indoor_Setup/Day5/Device21/IQ_1.dat,171,13406229,19,22,0,test,diff_days_indoor,5,0,0,0,0,0,0.3437593877315521
data/raw/osu_lora/Diff_Days_Indoor_Setup/Day5/Device21/IQ_1.dat,172,13484628,19,19,1,test,diff_days_indoor,5,0,0,0,0,0,0.3941725790500641
data/raw/osu_lora/Diff_Days_Indoor_Setup/Day5/Device21/IQ_1.dat,173,13563027,19,22,0,test,diff_days_indoor,5,0,0,0,0,0,0.334116131067276
data/raw/osu_lora/Diff_Days_Indoor_Setup/Day5/Device21/IQ_1.dat,174,13641426,19,19,1,test,diff_days_indoor,5,0,0,0,0,0,0.457572340965271
data/raw/osu_lora/Diff_Days_Indoor_Setup/Day5/Device21/IQ_1.dat,175,13719825,19,22,0,test,diff_days_indoor,5,0,0,0,0,0,0.3802535831928253
data/raw/osu_lora/Diff_Days_Indoor_Setup/Day5/Device21/IQ_1.dat,176,13798224,19,19,1,test,diff_days_indoor,5,0,0,0,0,0,0.48598891496658325
data/raw/osu_lora/Diff_Days_Indoor_Setup/Day5/Device21/IQ_1.dat,177,13876623,19,19,1,test,diff_days_indoor,5,0,0,0,0,0,0.5319496989250183
data/raw/osu_lora/Diff_Days_Indoor_Setup/Day5/Device21/IQ_1.dat,178,13955022,19,5,0,test,diff_days_indoor,5,0,0,0,0,0,0.33268484473228455
data/raw/osu_lora/Diff_Days_Indoor_Setup/Day5/Device21/IQ_1.dat,179,14033421,19,22,0,test,diff_days_indoor,5,0,0,0,0,0,0.33357393741607666
data/raw/osu_lora/Diff_Days_Indoor_Setup/Day5/Device21/IQ_1.dat,180,14111820,19,22,0,test,diff_days_indoor,5,0,0,0,0,0,0.2878071069717407
data/raw/osu_lora/Diff_Days_Indoor_Setup/Day5/Device21/IQ_1.dat,181,14190219,19,22,0,test,diff_days_indoor,5,0,0,0,0,0,0.3405866324901581
data/raw/osu_lora/Diff_Days_Indoor_Setup/Day5/Device21/IQ_1.dat,182,14268618,19,19,1,test,diff_days_indoor,5,0,0,0,0,0,0.44930216670036316
data/raw/osu_lora/Diff_Days_Indoor_Setup/Day5/Device21/IQ_1.dat,183,14347017,19,19,1,test,diff_days_indoor,5,0,0,0,0,0,0.5006559491157532
data/raw/osu_lora/Diff_Days_Indoor_Setup/Day5/Device21/IQ_1.dat,184,14425416,19,19,1,test,diff_days_indoor,5,0,0,0,0,0,0.3915165960788727
data/raw/osu_lora/Diff_Days_Indoor_Setup/Day5/Device21/IQ_1.dat,185,14503815,19,19,1,test,diff_days_indoor,5,0,0,0,0,0,0.41662290692329407
data/raw/osu_lora/Diff_Days_Indoor_Setup/Day5/Device21/IQ_1.dat,186,14582214,19,19,1,test,diff_days_indoor,5,0,0,0,0,0,0.3550069332122803
data/raw/osu_lora/Diff_Days_Indoor_Setup/Day5/Device21/IQ_1.dat,187,14660613,19,19,1,test,diff_days_indoor,5,0,0,0,0,0,0.4351487457752228
data/raw/osu_lora/Diff_Days_Indoor_Setup/Day5/Device21/IQ_1.dat,188,14739012,19,19,1,test,diff_days_indoor,5,0,0,0,0,0,0.4731519818305969
data/raw/osu_lora/Diff_Days_Indoor_Setup/Day5/Device21/IQ_1.dat,189,14817411,19,22,0,test,diff_days_indoor,5,0,0,0,0,0,0.34204113483428955
data/raw/osu_lora/Diff_Days_Indoor_Setup/Day5/Device21/IQ_1.dat,190,14895810,19,19,1,test,diff_days_indoor,5,0,0,0,0,0,0.4651869237422943
data/raw/osu_lora/Diff_Days_Indoor_Setup/Day5/Device21/IQ_1.dat,191,14974209,19,19,1,test,diff_days_indoor,5,0,0,0,0,0,0.45773759484291077
data/raw/osu_lora/Diff_Days_Indoor_Setup/Day5/Device21/IQ_1.dat,192,15052608,19,19,1,test,diff_days_indoor,5,0,0,0,0,0,0.36697763204574585
data/raw/osu_lora/Diff_Days_Indoor_Setup/Day5/Device21/IQ_1.dat,193,15131007,19,19,1,test,diff_days_indoor,5,0,0,0,0,0,0.37737715244293213
data/raw/osu_lora/Diff_Days_Indoor_Setup/Day5/Device21/IQ_1.dat,194,15209406,19,5,0,test,diff_days_indoor,5,0,0,0,0,0,0.28350433707237244
data/raw/osu_lora/Diff_Days_Indoor_Setup/Day5/Device21/IQ_1.dat,195,15287805,19,19,1,test,diff_days_indoor,5,0,0,0,0,0,0.4115360379219055
data/raw/osu_lora/Diff_Days_Indoor_Setup/Day5/Device21/IQ_1.dat,196,15366204,19,22,0,test,diff_days_indoor,5,0,0,0,0,0,0.33682599663734436
data/raw/osu_lora/Diff_Days_Indoor_Setup/Day5/Device21/IQ_1.dat,197,15444603,19,19,1,test,diff_days_indoor,5,0,0,0,0,0,0.4463682770729065
data/raw/osu_lora/Diff_Days_Indoor_Setup/Day5/Device21/IQ_1.dat,198,15523002,19,19,1,test,diff_days_indoor,5,0,0,0,0,0,0.40833598375320435
data/raw/osu_lora/Diff_Days_Indoor_Setup/Day5/Device21/IQ_1.dat,199,15601401,19,19,1,test,diff_days_indoor,5,0,0,0,0,0,0.4838220775127411
data/raw/osu_lora/Diff_Days_Indoor_Setup/Day5/Device21/IQ_1.dat,200,15679800,19,22,0,test,diff_days_indoor,5,0,0,0,0,0,0.3031969964504242
data/raw/osu_lora/Diff_Days_Indoor_Setup/Day5/Device21/IQ_1.dat,201,15758199,19,22,0,test,diff_days_indoor,5,0,0,0,0,0,0.3497009873390198
data/raw/osu_lora/Diff_Days_Indoor_Setup/Day5/Device21/IQ_1.dat,202,15836598,19,19,1,test,diff_days_indoor,5,0,0,0,0,0,0.39160022139549255
data/raw/osu_lora/Diff_Days_Indoor_Setup/Day5/Device21/IQ_1.dat,203,15914997,19,19,1,test,diff_days_indoor,5,0,0,0,0,0,0.35844898223876953
data/raw/osu_lora/Diff_Days_Indoor_Setup/Day5/Device21/IQ_1.dat,204,15993396,19,19,1,test,diff_days_indoor,5,0,0,0,0,0,0.38902947306632996
data/raw/osu_lora/Diff_Days_Indoor_Setup/Day5/Device21/IQ_1.dat,205,16071795,19,19,1,test,diff_days_indoor,5,0,0,0,0,0,0.4580802917480469
data/raw/osu_lora/Diff_Days_Indoor_Setup/Day5/Device21/IQ_1.dat,206,16150194,19,22,0,test,diff_days_indoor,5,0,0,0,0,0,0.34636926651000977
data/raw/osu_lora/Diff_Days_Indoor_Setup/Day5/Device21/IQ_1.dat,207,16228593,19,19,1,test,diff_days_indoor,5,0,0,0,0,0,0.4466628134250641
data/raw/osu_lora/Diff_Days_Indoor_Setup/Day5/Device21/IQ_1.dat,208,16306992,19,19,1,test,diff_days_indoor,5,0,0,0,0,0,0.42238056659698486
data/raw/osu_lora/Diff_Days_Indoor_Setup/Day5/Device21/IQ_1.dat,209,16385391,19,19,1,test,diff_days_indoor,5,0,0,0,0,0,0.4648243486881256
data/raw/osu_lora/Diff_Days_Indoor_Setup/Day5/Device21/IQ_1.dat,210,16463790,19,19,1,test,diff_days_indoor,5,0,0,0,0,0,0.3674130141735077
data/raw/osu_lora/Diff_Days_Indoor_Setup/Day5/Device21/IQ_1.dat,211,16542189,19,19,1,test,diff_days_indoor,5,0,0,0,0,0,0.45547911524772644
data/raw/osu_lora/Diff_Days_Indoor_Setup/Day5/Device21/IQ_1.dat,212,16620588,19,22,0,test,diff_days_indoor,5,0,0,0,0,0,0.2410169392824173
data/raw/osu_lora/Diff_Days_Indoor_Setup/Day5/Device21/IQ_1.dat,213,16698987,19,22,0,test,diff_days_indoor,5,0,0,0,0,0,0.31597021222114563
data/raw/osu_lora/Diff_Days_Indoor_Setup/Day5/Device21/IQ_1.dat,214,16777386,19,19,1,test,diff_days_indoor,5,0,0,0,0,0,0.24219046533107758
data/raw/osu_lora/Diff_Days_Indoor_Setup/Day5/Device21/IQ_1.dat,215,16855785,19,19,1,test,diff_days_indoor,5,0,0,0,0,0,0.33382704854011536
data/raw/osu_lora/Diff_Days_Indoor_Setup/Day5/Device21/IQ_1.dat,216,16934184,19,19,1,test,diff_days_indoor,5,0,0,0,0,0,0.4211559593677521
data/raw/osu_lora/Diff_Days_Indoor_Setup/Day5/Device21/IQ_1.dat,217,17012583,19,22,0,test,diff_days_indoor,5,0,0,0,0,0,0.37185823917388916
data/raw/osu_lora/Diff_Days_Indoor_Setup/Day5/Device21/IQ_1.dat,218,17090982,19,19,1,test,diff_days_indoor,5,0,0,0,0,0,0.4025294780731201
data/raw/osu_lora/Diff_Days_Indoor_Setup/Day5/Device21/IQ_1.dat,219,17169381,19,19,1,test,diff_days_indoor,5,0,0,0,0,0,0.41748175024986267
data/raw/osu_lora/Diff_Days_Indoor_Setup/Day5/Device21/IQ_1.dat,220,17247780,19,22,0,test,diff_days_indoor,5,0,0,0,0,0,0.3261491358280182
data/raw/osu_lora/Diff_Days_Indoor_Setup/Day5/Device21/IQ_1.dat,221,17326179,19,19,1,test,diff_days_indoor,5,0,0,0,0,0,0.48097819089889526
data/raw/osu_lora/Diff_Days_Indoor_Setup/Day5/Device21/IQ_1.dat,222,17404578,19,19,1,test,diff_days_indoor,5,0,0,0,0,0,0.3780231773853302
data/raw/osu_lora/Diff_Days_Indoor_Setup/Day5/Device21/IQ_1.dat,223,17482977,19,19,1,test,diff_days_indoor,5,0,0,0,0,0,0.34954288601875305
data/raw/osu_lora/Diff_Days_Indoor_Setup/Day5/Device21/IQ_1.dat,224,17561376,19,19,1,test,diff_days_indoor,5,0,0,0,0,0,0.3579581677913666
data/raw/osu_lora/Diff_Days_Indoor_Setup/Day5/Device21/IQ_1.dat,225,17639775,19,19,1,test,diff_days_indoor,5,0,0,0,0,0,0.30475085973739624
data/raw/osu_lora/Diff_Days_Indoor_Setup/Day5/Device21/IQ_1.dat,226,17718174,19,22,0,test,diff_days_indoor,5,0,0,0,0,0,0.34778493642807007
data/raw/osu_lora/Diff_Days_Indoor_Setup/Day5/Device21/IQ_1.dat,227,17796573,19,19,1,test,diff_days_indoor,5,0,0,0,0,0,0.36829790472984314
data/raw/osu_lora/Diff_Days_Indoor_Setup/Day5/Device21/IQ_1.dat,228,17874972,19,22,0,test,diff_days_indoor,5,0,0,0,0,0,0.3846462368965149
data/raw/osu_lora/Diff_Days_Indoor_Setup/Day5/Device21/IQ_1.dat,229,17953371,19,19,1,test,diff_days_indoor,5,0,0,0,0,0,0.4258198142051697
data/raw/osu_lora/Diff_Days_Indoor_Setup/Day5/Device21/IQ_1.dat,230,18031770,19,19,1,test,diff_days_indoor,5,0,0,0,0,0,0.4079684913158417
data/raw/osu_lora/Diff_Days_Indoor_Setup/Day5/Device21/IQ_1.dat,231,18110169,19,19,1,test,diff_days_indoor,5,0,0,0,0,0,0.3551885187625885
data/raw/osu_lora/Diff_Days_Indoor_Setup/Day5/Device21/IQ_1.dat,232,18188568,19,19,1,test,diff_days_indoor,5,0,0,0,0,0,0.35153883695602417
data/raw/osu_lora/Diff_Days_Indoor_Setup/Day5/Device21/IQ_1.dat,233,18266967,19,19,1,test,diff_days_indoor,5,0,0,0,0,0,0.35768118500709534
data/raw/osu_lora/Diff_Days_Indoor_Setup/Day5/Device21/IQ_1.dat,234,18345366,19,19,1,test,diff_days_indoor,5,0,0,0,0,0,0.44144412875175476
data/raw/osu_lora/Diff_Days_Indoor_Setup/Day5/Device21/IQ_1.dat,235,18423765,19,22,0,test,diff_days_indoor,5,0,0,0,0,0,0.3396073877811432
data/raw/osu_lora/Diff_Days_Indoor_Setup/Day5/Device21/IQ_1.dat,236,18502164,19,19,1,test,diff_days_indoor,5,0,0,0,0,0,0.14640195667743683
data/raw/osu_lora/Diff_Days_Indoor_Setup/Day5/Device21/IQ_1.dat,237,18580563,19,19,1,test,diff_days_indoor,5,0,0,0,0,0,0.3302491307258606
data/raw/osu_lora/Diff_Days_Indoor_Setup/Day5/Device21/IQ_1.dat,238,18658962,19,19,1,test,diff_days_indoor,5,0,0,0,0,0,0.3751157224178314
data/raw/osu_lora/Diff_Days_Indoor_Setup/Day5/Device21/IQ_1.dat,239,18737361,19,19,1,test,diff_days_indoor,5,0,0,0,0,0,0.4080798923969269
data/raw/osu_lora/Diff_Days_Indoor_Setup/Day5/Device21/IQ_1.dat,240,18815760,19,19,1,test,diff_days_indoor,5,0,0,0,0,0,0.3767276406288147
data/raw/osu_lora/Diff_Days_Indoor_Setup/Day5/Device21/IQ_1.dat,241,18894159,19,19,1,test,diff_days_indoor,5,0,0,0,0,0,0.38814303278923035
data/raw/osu_lora/Diff_Days_Indoor_Setup/Day5/Device21/IQ_1.dat,242,18972558,19,22,0,test,diff_days_indoor,5,0,0,0,0,0,0.3624810576438904
data/raw/osu_lora/Diff_Days_Indoor_Setup/Day5/Device21/IQ_1.dat,243,19050957,19,19,1,test,diff_days_indoor,5,0,0,0,0,0,0.49389103055000305
data/raw/osu_lora/Diff_Days_Indoor_Setup/Day5/Device21/IQ_1.dat,244,19129356,19,22,0,test,diff_days_indoor,5,0,0,0,0,0,0.36142945289611816
data/raw/osu_lora/Diff_Days_Indoor_Setup/Day5/Device21/IQ_1.dat,245,19207755,19,22,0,test,diff_days_indoor,5,0,0,0,0,0,0.3393098711967468
data/raw/osu_lora/Diff_Days_Indoor_Setup/Day5/Device21/IQ_1.dat,246,19286154,19,19,1,test,diff_days_indoor,5,0,0,0,0,0,0.3894504904747009
data/raw/osu_lora/Diff_Days_Indoor_Setup/Day5/Device21/IQ_1.dat,247,19364553,19,19,1,test,diff_days_indoor,5,0,0,0,0,0,0.34239938855171204
data/raw/osu_lora/Diff_Days_Indoor_Setup/Day5/Device21/IQ_1.dat,248,19442952,19,22,0,test,diff_days_indoor,5,0,0,0,0,0,0.3775574266910553
data/raw/osu_lora/Diff_Days_Indoor_Setup/Day5/Device21/IQ_1.dat,249,19521351,19,19,1,test,diff_days_indoor,5,0,0,0,0,0,0.31628742814064026
data/raw/osu_lora/Diff_Days_Indoor_Setup/Day5/Device21/IQ_1.dat,250,19599750,19,19,1,test,diff_days_indoor,5,0,0,0,0,0,0.44663164019584656
data/raw/osu_lora/Diff_Days_Indoor_Setup/Day5/Device21/IQ_1.dat,251,19678149,19,19,1,test,diff_days_indoor,5,0,0,0,0,0,0.43780165910720825
data/raw/osu_lora/Diff_Days_Indoor_Setup/Day5/Device21/IQ_1.dat,252,19756548,19,19,1,test,diff_days_indoor,5,0,0,0,0,0,0.22873112559318542
data/raw/osu_lora/Diff_Days_Indoor_Setup/Day5/Device21/IQ_1.dat,253,19834947,19,22,0,test,diff_days_indoor,5,0,0,0,0,0,0.30539998412132263
data/raw/osu_lora/Diff_Days_Indoor_Setup/Day5/Device21/IQ_1.dat,254,19913346,19,19,1,test,diff_days_indoor,5,0,0,0,0,0,0.27313169836997986
data/raw/osu_lora/Diff_Days_Indoor_Setup/Day5/Device21/IQ_1.dat,255,19991745,19,19,1,test,diff_days_indoor,5,0,0,0,0,0,0.4013485312461853
data/raw/osu_lora/Diff_Days_Indoor_Setup/Day5/Device22/IQ_1.dat,0,0,20,20,1,test,diff_days_indoor,5,0,0,0,0,0,0.30640825629234314
data/raw/osu_lora/Diff_Days_Indoor_Setup/Day5/Device22/IQ_1.dat,1,78399,20,8,0,test,diff_days_indoor,5,0,0,0,0,0,0.49010083079338074
data/raw/osu_lora/Diff_Days_Indoor_Setup/Day5/Device22/IQ_1.dat,2,156798,20,20,1,test,diff_days_indoor,5,0,0,0,0,0,0.28761401772499084
data/raw/osu_lora/Diff_Days_Indoor_Setup/Day5/Device22/IQ_1.dat,3,235197,20,20,1,test,diff_days_indoor,5,0,0,0,0,0,0.4321969747543335
data/raw/osu_lora/Diff_Days_Indoor_Setup/Day5/Device22/IQ_1.dat,4,313596,20,20,1,test,diff_days_indoor,5,0,0,0,0,0,0.4294717013835907
data/raw/osu_lora/Diff_Days_Indoor_Setup/Day5/Device22/IQ_1.dat,5,391995,20,5,0,test,diff_days_indoor,5,0,0,0,0,0,0.32224541902542114
data/raw/osu_lora/Diff_Days_Indoor_Setup/Day5/Device22/IQ_1.dat,6,470394,20,20,1,test,diff_days_indoor,5,0,0,0,0,0,0.36059948801994324
data/raw/osu_lora/Diff_Days_Indoor_Setup/Day5/Device22/IQ_1.dat,7,548793,20,8,0,test,diff_days_indoor,5,0,0,0,0,0,0.4813022315502167
data/raw/osu_lora/Diff_Days_Indoor_Setup/Day5/Device22/IQ_1.dat,8,627192,20,8,0,test,diff_days_indoor,5,0,0,0,0,0,0.5626319646835327
data/raw/osu_lora/Diff_Days_Indoor_Setup/Day5/Device22/IQ_1.dat,9,705591,20,20,1,test,diff_days_indoor,5,0,0,0,0,0,0.3032281696796417
data/raw/osu_lora/Diff_Days_Indoor_Setup/Day5/Device22/IQ_1.dat,10,783990,20,8,0,test,diff_days_indoor,5,0,0,0,0,0,0.2771746516227722
data/raw/osu_lora/Diff_Days_Indoor_Setup/Day5/Device22/IQ_1.dat,11,862389,20,20,1,test,diff_days_indoor,5,0,0,0,0,0,0.38468238711357117
data/raw/osu_lora/Diff_Days_Indoor_Setup/Day5/Device22/IQ_1.dat,12,940788,20,8,0,test,diff_days_indoor,5,0,0,0,0,0,0.0976826623082161
data/raw/osu_lora/Diff_Days_Indoor_Setup/Day5/Device22/IQ_1.dat,13,1019187,20,20,1,test,diff_days_indoor,5,0,0,0,0,0,0.4172097444534302
data/raw/osu_lora/Diff_Days_Indoor_Setup/Day5/Device22/IQ_1.dat,14,1097586,20,5,0,test,diff_days_indoor,5,0,0,0,0,0,0.38935238122940063
data/raw/osu_lora/Diff_Days_Indoor_Setup/Day5/Device22/IQ_1.dat,15,1175985,20,20,1,test,diff_days_indoor,5,0,0,0,0,0,0.3365854322910309
data/raw/osu_lora/Diff_Days_Indoor_Setup/Day5/Device22/IQ_1.dat,16,1254384,20,20,1,test,diff_days_indoor,5,0,0,0,0,0,0.4579075872898102
data/raw/osu_lora/Diff_Days_Indoor_Setup/Day5/Device22/IQ_1.dat,17,1332783,20,8,0,test,diff_days_indoor,5,0,0,0,0,0,0.37368243932724
data/raw/osu_lora/Diff_Days_Indoor_Setup/Day5/Device22/IQ_1.dat,18,1411182,20,20,1,test,diff_days_indoor,5,0,0,0,0,0,0.36237043142318726
data/raw/osu_lora/Diff_Days_Indoor_Setup/Day5/Device22/IQ_1.dat,19,1489581,20,20,1,test,diff_days_indoor,5,0,0,0,0,0,0.2786507308483124
data/raw/osu_lora/Diff_Days_Indoor_Setup/Day5/Device22/IQ_1.dat,20,1567980,20,20,1,test,diff_days_indoor,5,0,0,0,0,0,0.3437831997871399
data/raw/osu_lora/Diff_Days_Indoor_Setup/Day5/Device22/IQ_1.dat,21,1646379,20,8,0,test,diff_days_indoor,5,0,0,0,0,0,0.34011033177375793
data/raw/osu_lora/Diff_Days_Indoor_Setup/Day5/Device22/IQ_1.dat,22,1724778,20,20,1,test,diff_days_indoor,5,0,0,0,0,0,0.434120774269104
data/raw/osu_lora/Diff_Days_Indoor_Setup/Day5/Device22/IQ_1.dat,23,1803177,20,8,0,test,diff_days_indoor,5,0,0,0,0,0,0.37537094950675964
data/raw/osu_lora/Diff_Days_Indoor_Setup/Day5/Device22/IQ_1.dat,24,1881576,20,8,0,test,diff_days_indoor,5,0,0,0,0,0,0.45968717336654663
data/raw/osu_lora/Diff_Days_Indoor_Setup/Day5/Device22/IQ_1.dat,25,1959975,20,20,1,test,diff_days_indoor,5,0,0,0,0,0,0.36805155873298645
data/raw/osu_lora/Diff_Days_Indoor_Setup/Day5/Device22/IQ_1.dat,26,2038374,20,20,1,test,diff_days_indoor,5,0,0,0,0,0,0.42187389731407166
data/raw/osu_lora/Diff_Days_Indoor_Setup/Day5/Device22/IQ_1.dat,27,2116773,20,8,0,test,diff_days_indoor,5,0,0,0,0,0,0.5199140310287476
data/raw/osu_lora/Diff_Days_Indoor_Setup/Day5/Device22/IQ_1.dat,28,2195172,20,6,0,test,diff_days_indoor,5,0,0,0,0,0,0.2687775194644928
data/raw/osu_lora/Diff_Days_Indoor_Setup/Day5/Device22/IQ_1.dat,29,2273571,20,6,0,test,diff_days_indoor,5,0,0,0,0,0,0.3324245810508728
data/raw/osu_lora/Diff_Days_Indoor_Setup/Day5/Device22/IQ_1.dat,30,2351970,20,20,1,test,diff_days_indoor,5,0,0,0,0,0,0.38706645369529724
data/raw/osu_lora/Diff_Days_Indoor_Setup/Day5/Device22/IQ_1.dat,31,2430369,20,20,1,test,diff_days_indoor,5,0,0,0,0,0,0.4137340188026428
data/raw/osu_lora/Diff_Days_Indoor_Setup/Day5/Device22/IQ_1.dat,32,2508768,20,20,1,test,diff_days_indoor,5,0,0,0,0,0,0.3577950596809387
data/raw/osu_lora/Diff_Days_Indoor_Setup/Day5/Device22/IQ_1.dat,33,2587167,20,20,1,test,diff_days_indoor,5,0,0,0,0,0,0.4876578152179718
data/raw/osu_lora/Diff_Days_Indoor_Setup/Day5/Device22/IQ_1.dat,34,2665566,20,20,1,test,diff_days_indoor,5,0,0,0,0,0,0.36637336015701294
data/raw/osu_lora/Diff_Days_Indoor_Setup/Day5/Device22/IQ_1.dat,35,2743965,20,20,1,test,diff_days_indoor,5,0,0,0,0,0,0.4605720639228821
data/raw/osu_lora/Diff_Days_Indoor_Setup/Day5/Device22/IQ_1.dat,36,2822364,20,8,0,test,diff_days_indoor,5,0,0,0,0,0,0.48024457693099976
data/raw/osu_lora/Diff_Days_Indoor_Setup/Day5/Device22/IQ_1.dat,37,2900763,20,8,0,test,diff_days_indoor,5,0,0,0,0,0,0.3973560333251953
data/raw/osu_lora/Diff_Days_Indoor_Setup/Day5/Device22/IQ_1.dat,38,2979162,20,8,0,test,diff_days_indoor,5,0,0,0,0,0,0.4890303313732147
data/raw/osu_lora/Diff_Days_Indoor_Setup/Day5/Device22/IQ_1.dat,39,3057561,20,20,1,test,diff_days_indoor,5,0,0,0,0,0,0.33640962839126587
data/raw/osu_lora/Diff_Days_Indoor_Setup/Day5/Device22/IQ_1.dat,40,3135960,20,8,0,test,diff_days_indoor,5,0,0,0,0,0,0.29120633006095886
data/raw/osu_lora/Diff_Days_Indoor_Setup/Day5/Device22/IQ_1.dat,41,3214359,20,8,0,test,diff_days_indoor,5,0,0,0,0,0,0.3519255220890045
data/raw/osu_lora/Diff_Days_Indoor_Setup/Day5/Device22/IQ_1.dat,42,3292758,20,20,1,test,diff_days_indoor,5,0,0,0,0,0,0.40032297372817993
data/raw/osu_lora/Diff_Days_Indoor_Setup/Day5/Device22/IQ_1.dat,43,3371157,20,5,0,test,diff_days_indoor,5,0,0,0,0,0,0.38178372383117676
data/raw/osu_lora/Diff_Days_Indoor_Setup/Day5/Device22/IQ_1.dat,44,3449556,20,20,1,test,diff_days_indoor,5,0,0,0,0,0,0.327697217464447
data/raw/osu_lora/Diff_Days_Indoor_Setup/Day5/Device22/IQ_1.dat,45,3527955,20,20,1,test,diff_days_indoor,5,0,0,0,0,0,0.30237364768981934
data/raw/osu_lora/Diff_Days_Indoor_Setup/Day5/Device22/IQ_1.dat,46,3606354,20,20,1,test,diff_days_indoor,5,0,0,0,0,0,0.41713947057724
data/raw/osu_lora/Diff_Days_Indoor_Setup/Day5/Device22/IQ_1.dat,47,3684753,20,8,0,test,diff_days_indoor,5,0,0,0,0,0,0.4009162187576294
data/raw/osu_lora/Diff_Days_Indoor_Setup/Day5/Device22/IQ_1.dat,48,3763152,20,20,1,test,diff_days_indoor,5,0,0,0,0,0,0.42416682839393616
data/raw/osu_lora/Diff_Days_Indoor_Setup/Day5/Device22/IQ_1.dat,49,3841551,20,8,0,test,diff_days_indoor,5,0,0,0,0,0,0.3655828535556793
data/raw/osu_lora/Diff_Days_Indoor_Setup/Day5/Device22/IQ_1.dat,50,3919950,20,20,1,test,diff_days_indoor,5,0,0,0,0,0,0.3898223638534546
data/raw/osu_lora/Diff_Days_Indoor_Setup/Day5/Device22/IQ_1.dat,51,3998349,20,20,1,test,diff_days_indoor,5,0,0,0,0,0,0.4074275493621826
data/raw/osu_lora/Diff_Days_Indoor_Setup/Day5/Device22/IQ_1.dat,52,4076748,20,20,1,test,diff_days_indoor,5,0,0,0,0,0,0.2619140148162842
data/raw/osu_lora/Diff_Days_Indoor_Setup/Day5/Device22/IQ_1.dat,53,4155147,20,20,1,test,diff_days_indoor,5,0,0,0,0,0,0.3769417405128479
data/raw/osu_lora/Diff_Days_Indoor_Setup/Day5/Device22/IQ_1.dat,54,4233546,20,20,1,test,diff_days_indoor,5,0,0,0,0,0,0.35649344325065613
data/raw/osu_lora/Diff_Days_Indoor_Setup/Day5/Device22/IQ_1.dat,55,4311945,20,8,0,test,diff_days_indoor,5,0,0,0,0,0,0.30581942200660706
data/raw/osu_lora/Diff_Days_Indoor_Setup/Day5/Device22/IQ_1.dat,56,4390344,20,20,1,test,diff_days_indoor,5,0,0,0,0,0,0.2941603660583496
data/raw/osu_lora/Diff_Days_Indoor_Setup/Day5/Device22/IQ_1.dat,57,4468743,20,20,1,test,diff_days_indoor,5,0,0,0,0,0,0.41428035497665405
data/raw/osu_lora/Diff_Days_Indoor_Setup/Day5/Device22/IQ_1.dat,58,4547142,20,20,1,test,diff_days_indoor,5,0,0,0,0,0,0.3759232461452484
data/raw/osu_lora/Diff_Days_Indoor_Setup/Day5/Device22/IQ_1.dat,59,4625541,20,8,0,test,diff_days_indoor,5,0,0,0,0,0,0.4053986668586731
data/raw/osu_lora/Diff_Days_Indoor_Setup/Day5/Device22/IQ_1.dat,60,4703940,20,6,0,test,diff_days_indoor,5,0,0,0,0,0,0.31535714864730835
data/raw/osu_lora/Diff_Days_Indoor_Setup/Day5/Device22/IQ_1.dat,61,4782339,20,20,1,test,diff_days_indoor,5,0,0,0,0,0,0.3648768663406372
data/raw/osu_lora/Diff_Days_Indoor_Setup/Day5/Device22/IQ_1.dat,62,4860738,20,20,1,test,diff_days_indoor,5,0,0,0,0,0,0.2967641353607178
data/raw/osu_lora/Diff_Days_Indoor_Setup/Day5/Device22/IQ_1.dat,63,4939137,20,20,1,test,diff_days_indoor,5,0,0,0,0,0,0.36905956268310547
data/raw/osu_lora/Diff_Days_Indoor_Setup/Day5/Device22/IQ_1.dat,64,5017536,20,20,1,test,diff_days_indoor,5,0,0,0,0,0,0.344692200422287
data/raw/osu_lora/Diff_Days_Indoor_Setup/Day5/Device22/IQ_1.dat,65,5095935,20,20,1,test,diff_days_indoor,5,0,0,0,0,0,0.21501559019088745
data/raw/osu_lora/Diff_Days_Indoor_Setup/Day5/Device22/IQ_1.dat,66,5174334,20,5,0,test,diff_days_indoor,5,0,0,0,0,0,0.3071111738681793
data/raw/osu_lora/Diff_Days_Indoor_Setup/Day5/Device22/IQ_1.dat,67,5252733,20,8,0,test,diff_days_indoor,5,0,0,0,0,0,0.37828516960144043
data/raw/osu_lora/Diff_Days_Indoor_Setup/Day5/Device22/IQ_1.dat,68,5331132,20,20,1,test,diff_days_indoor,5,0,0,0,0,0,0.3164995610713959
data/raw/osu_lora/Diff_Days_Indoor_Setup/Day5/Device22/IQ_1.dat,69,5409531,20,20,1,test,diff_days_indoor,5,0,0,0,0,0,0.3913821876049042
data/raw/osu_lora/Diff_Days_Indoor_Setup/Day5/Device22/IQ_1.dat,70,5487930,20,8,0,test,diff_days_indoor,5,0,0,0,0,0,0.5470619797706604
data/raw/osu_lora/Diff_Days_Indoor_Setup/Day5/Device22/IQ_1.dat,71,5566329,20,20,1,test,diff_days_indoor,5,0,0,0,0,0,0.402893990278244
data/raw/osu_lora/Diff_Days_Indoor_Setup/Day5/Device22/IQ_1.dat,72,5644728,20,8,0,test,diff_days_indoor,5,0,0,0,0,0,0.4930870532989502
data/raw/osu_lora/Diff_Days_Indoor_Setup/Day5/Device22/IQ_1.dat,73,5723127,20,8,0,test,diff_days_indoor,5,0,0,0,0,0,0.29069194197654724
data/raw/osu_lora/Diff_Days_Indoor_Setup/Day5/Device22/IQ_1.dat,74,5801526,20,8,0,test,diff_days_indoor,5,0,0,0,0,0,0.3529275059700012
data/raw/osu_lora/Diff_Days_Indoor_Setup/Day5/Device22/IQ_1.dat,75,5879925,20,6,0,test,diff_days_indoor,5,0,0,0,0,0,0.2890239357948303
data/raw/osu_lora/Diff_Days_Indoor_Setup/Day5/Device22/IQ_1.dat,76,5958324,20,20,1,test,diff_days_indoor,5,0,0,0,0,0,0.387188196182251
data/raw/osu_lora/Diff_Days_Indoor_Setup/Day5/Device22/IQ_1.dat,77,6036723,20,20,1,test,diff_days_indoor,5,0,0,0,0,0,0.28795406222343445
data/raw/osu_lora/Diff_Days_Indoor_Setup/Day5/Device22/IQ_1.dat,78,6115122,20,20,1,test,diff_days_indoor,5,0,0,0,0,0,0.36350196599960327
data/raw/osu_lora/Diff_Days_Indoor_Setup/Day5/Device22/IQ_1.dat,79,6193521,20,20,1,test,diff_days_indoor,5,0,0,0,0,0,0.3238173723220825
data/raw/osu_lora/Diff_Days_Indoor_Setup/Day5/Device22/IQ_1.dat,80,6271920,20,20,1,test,diff_days_indoor,5,0,0,0,0,0,0.4032900929450989
data/raw/osu_lora/Diff_Days_Indoor_Setup/Day5/Device22/IQ_1.dat,81,6350319,20,20,1,test,diff_days_indoor,5,0,0,0,0,0,0.39369651675224304
data/raw/osu_lora/Diff_Days_Indoor_Setup/Day5/Device22/IQ_1.dat,82,6428718,20,5,0,test,diff_days_indoor,5,0,0,0,0,0,0.3503488302230835
data/raw/osu_lora/Diff_Days_Indoor_Setup/Day5/Device22/IQ_1.dat,83,6507117,20,5,0,test,diff_days_indoor,5,0,0,0,0,0,0.29382556676864624
data/raw/osu_lora/Diff_Days_Indoor_Setup/Day5/Device22/IQ_1.dat,84,6585516,20,20,1,test,diff_days_indoor,5,0,0,0,0,0,0.2912742793560028
data/raw/osu_lora/Diff_Days_Indoor_Setup/Day5/Device22/IQ_1.dat,85,6663915,20,20,1,test,diff_days_indoor,5,0,0,0,0,0,0.2540926933288574
data/raw/osu_lora/Diff_Days_Indoor_Setup/Day5/Device22/IQ_1.dat,86,6742314,20,20,1,test,diff_days_indoor,5,0,0,0,0,0,0.2841745913028717
data/raw/osu_lora/Diff_Days_Indoor_Setup/Day5/Device22/IQ_1.dat,87,6820713,20,5,0,test,diff_days_indoor,5,0,0,0,0,0,0.4148959219455719
data/raw/osu_lora/Diff_Days_Indoor_Setup/Day5/Device22/IQ_1.dat,88,6899112,20,20,1,test,diff_days_indoor,5,0,0,0,0,0,0.40800485014915466
data/raw/osu_lora/Diff_Days_Indoor_Setup/Day5/Device22/IQ_1.dat,89,6977511,20,6,0,test,diff_days_indoor,5,0,0,0,0,0,0.32780155539512634
data/raw/osu_lora/Diff_Days_Indoor_Setup/Day5/Device22/IQ_1.dat,90,7055910,20,8,0,test,diff_days_indoor,5,0,0,0,0,0,0.4297942519187927
data/raw/osu_lora/Diff_Days_Indoor_Setup/Day5/Device22/IQ_1.dat,91,7134309,20,8,0,test,diff_days_indoor,5,0,0,0,0,0,0.4833769202232361
data/raw/osu_lora/Diff_Days_Indoor_Setup/Day5/Device22/IQ_1.dat,92,7212708,20,20,1,test,diff_days_indoor,5,0,0,0,0,0,0.340080589056015
data/raw/osu_lora/Diff_Days_Indoor_Setup/Day5/Device22/IQ_1.dat,93,7291107,20,20,1,test,diff_days_indoor,5,0,0,0,0,0,0.31245800852775574
data/raw/osu_lora/Diff_Days_Indoor_Setup/Day5/Device22/IQ_1.dat,94,7369506,20,20,1,test,diff_days_indoor,5,0,0,0,0,0,0.3756834864616394
data/raw/osu_lora/Diff_Days_Indoor_Setup/Day5/Device22/IQ_1.dat,95,7447905,20,20,1,test,diff_days_indoor,5,0,0,0,0,0,0.46189719438552856
data/raw/osu_lora/Diff_Days_Indoor_Setup/Day5/Device22/IQ_1.dat,96,7526304,20,20,1,test,diff_days_indoor,5,0,0,0,0,0,0.2865009605884552
data/raw/osu_lora/Diff_Days_Indoor_Setup/Day5/Device22/IQ_1.dat,97,7604703,20,20,1,test,diff_days_indoor,5,0,0,0,0,0,0.31297361850738525
data/raw/osu_lora/Diff_Days_Indoor_Setup/Day5/Device22/IQ_1.dat,98,7683102,20,20,1,test,diff_days_indoor,5,0,0,0,0,0,0.4176974892616272
data/raw/osu_lora/Diff_Days_Indoor_Setup/Day5/Device22/IQ_1.dat,99,7761501,20,6,0,test,diff_days_indoor,5,0,0,0,0,0,0.30893996357917786
data/raw/osu_lora/Diff_Days_Indoor_Setup/Day5/Device22/IQ_1.dat,100,7839900,20,20,1,test,diff_days_indoor,5,0,0,0,0,0,0.34553396701812744
data/raw/osu_lora/Diff_Days_Indoor_Setup/Day5/Device22/IQ_1.dat,101,7918299,20,20,1,test,diff_days_indoor,5,0,0,0,0,0,0.3545185625553131
data/raw/osu_lora/Diff_Days_Indoor_Setup/Day5/Device22/IQ_1.dat,102,7996698,20,20,1,test,diff_days_indoor,5,0,0,0,0,0,0.3741929233074188
data/raw/osu_lora/Diff_Days_Indoor_Setup/Day5/Device22/IQ_1.dat,103,8075097,20,20,1,test,diff_days_indoor,5,0,0,0,0,0,0.46402302384376526
data/raw/osu_lora/Diff_Days_Indoor_Setup/Day5/Device22/IQ_1.dat,104,8153496,20,20,1,test,diff_days_indoor,5,0,0,0,0,0,0.4108703136444092
data/raw/osu_lora/Diff_Days_Indoor_Setup/Day5/Device22/IQ_1.dat,105,8231895,20,20,1,test,diff_days_indoor,5,0,0,0,0,0,0.3843997120857239
data/raw/osu_lora/Diff_Days_Indoor_Setup/Day5/Device22/IQ_1.dat,106,8310294,20,20,1,test,diff_days_indoor,5,0,0,0,0,0,0.39168426394462585
data/raw/osu_lora/Diff_Days_Indoor_Setup/Day5/Device22/IQ_1.dat,107,8388693,20,20,1,test,diff_days_indoor,5,0,0,0,0,0,0.38569775223731995
data/raw/osu_lora/Diff_Days_Indoor_Setup/Day5/Device22/IQ_1.dat,108,8467092,20,20,1,test,diff_days_indoor,5,0,0,0,0,0,0.33395540714263916
data/raw/osu_lora/Diff_Days_Indoor_Setup/Day5/Device22/IQ_1.dat,109,8545491,20,20,1,test,diff_days_indoor,5,0,0,0,0,0,0.348799467086792
data/raw/osu_lora/Diff_Days_Indoor_Setup/Day5/Device22/IQ_1.dat,110,8623890,20,20,1,test,diff_days_indoor,5,0,0,0,0,0,0.374501496553421
data/raw/osu_lora/Diff_Days_Indoor_Setup/Day5/Device22/IQ_1.dat,111,8702289,20,20,1,test,diff_days_indoor,5,0,0,0,0,0,0.29276707768440247
data/raw/osu_lora/Diff_Days_Indoor_Setup/Day5/Device22/IQ_1.dat,112,8780688,20,20,1,test,diff_days_indoor,5,0,0,0,0,0,0.42509138584136963
data/raw/osu_lora/Diff_Days_Indoor_Setup/Day5/Device22/IQ_1.dat,113,8859087,20,8,0,test,diff_days_indoor,5,0,0,0,0,0,0.42827969789505005
data/raw/osu_lora/Diff_Days_Indoor_Setup/Day5/Device22/IQ_1.dat,114,8937486,20,6,0,test,diff_days_indoor,5,0,0,0,0,0,0.3029915988445282
data/raw/osu_lora/Diff_Days_Indoor_Setup/Day5/Device22/IQ_1.dat,115,9015885,20,8,0,test,diff_days_indoor,5,0,0,0,0,0,0.3739318251609802
data/raw/osu_lora/Diff_Days_Indoor_Setup/Day5/Device22/IQ_1.dat,116,9094284,20,8,0,test,diff_days_indoor,5,0,0,0,0,0,0.35341063141822815
data/raw/osu_lora/Diff_Days_Indoor_Setup/Day5/Device22/IQ_1.dat,117,9172683,20,8,0,test,diff_days_indoor,5,0,0,0,0,0,0.43975549936294556
data/raw/osu_lora/Diff_Days_Indoor_Setup/Day5/Device22/IQ_1.dat,118,9251082,20,20,1,test,diff_days_indoor,5,0,0,0,0,0,0.32644447684288025
data/raw/osu_lora/Diff_Days_Indoor_Setup/Day5/Device22/IQ_1.dat,119,9329481,20,20,1,test,diff_days_indoor,5,0,0,0,0,0,0.2882905602455139
data/raw/osu_lora/Diff_Days_Indoor_Setup/Day5/Device22/IQ_1.dat,120,9407880,20,20,1,test,diff_days_indoor,5,0,0,0,0,0,0.3123234510421753
data/raw/osu_lora/Diff_Days_Indoor_Setup/Day5/Device22/IQ_1.dat,121,9486279,20,8,0,test,diff_days_indoor,5,0,0,0,0,0,0.5084565281867981
data/raw/osu_lora/Diff_Days_Indoor_Setup/Day5/Device22/IQ_1.dat,122,9564678,20,20,1,test,diff_days_indoor,5,0,0,0,0,0,0.4121939241886139
data/raw/osu_lora/Diff_Days_Indoor_Setup/Day5/Device22/IQ_1.dat,123,9643077,20,20,1,test,diff_days_indoor,5,0,0,0,0,0,0.2959611415863037
data/raw/osu_lora/Diff_Days_Indoor_Setup/Day5/Device22/IQ_1.dat,124,9721476,20,20,1,test,diff_days_indoor,5,0,0,0,0,0,0.47218212485313416
data/raw/osu_lora/Diff_Days_Indoor_Setup/Day5/Device22/IQ_1.dat,125,9799875,20,20,1,test,diff_days_indoor,5,0,0,0,0,0,0.341034471988678
data/raw/osu_lora/Diff_Days_Indoor_Setup/Day5/Device22/IQ_1.dat,126,9878274,20,20,1,test,diff_days_indoor,5,0,0,0,0,0,0.34584495425224304
data/raw/osu_lora/Diff_Days_Indoor_Setup/Day5/Device22/IQ_1.dat,127,9956673,20,20,1,test,diff_days_indoor,5,0,0,0,0,0,0.35469910502433777
data/raw/osu_lora/Diff_Days_Indoor_Setup/Day5/Device22/IQ_1.dat,128,10035072,20,20,1,test,diff_days_indoor,5,0,0,0,0,0,0.4146876037120819
data/raw/osu_lora/Diff_Days_Indoor_Setup/Day5/Device22/IQ_1.dat,129,10113471,20,5,0,test,diff_days_indoor,5,0,0,0,0,0,0.25200921297073364
data/raw/osu_lora/Diff_Days_Indoor_Setup/Day5/Device22/IQ_1.dat,130,10191870,20,20,1,test,diff_days_indoor,5,0,0,0,0,0,0.2654666006565094
data/raw/osu_lora/Diff_Days_Indoor_Setup/Day5/Device22/IQ_1.dat,131,10270269,20,8,0,test,diff_days_indoor,5,0,0,0,0,0,0.3344886600971222
data/raw/osu_lora/Diff_Days_Indoor_Setup/Day5/Device22/IQ_1.dat,132,10348668,20,8,0,test,diff_days_indoor,5,0,0,0,0,0,0.10513007640838623
data/raw/osu_lora/Diff_Days_Indoor_Setup/Day5/Device22/IQ_1.dat,133,10427067,20,8,0,test,diff_days_indoor,5,0,0,0,0,0,0.505463719367981
data/raw/osu_lora/Diff_Days_Indoor_Setup/Day5/Device22/IQ_1.dat,134,10505466,20,20,1,test,diff_days_indoor,5,0,0,0,0,0,0.29533782601356506
data/raw/osu_lora/Diff_Days_Indoor_Setup/Day5/Device22/IQ_1.dat,135,10583865,20,20,1,test,diff_days_indoor,5,0,0,0,0,0,0.4270573854446411
data/raw/osu_lora/Diff_Days_Indoor_Setup/Day5/Device22/IQ_1.dat,136,10662264,20,20,1,test,diff_days_indoor,5,0,0,0,0,0,0.32767748832702637
data/raw/osu_lora/Diff_Days_Indoor_Setup/Day5/Device22/IQ_1.dat,137,10740663,20,20,1,test,diff_days_indoor,5,0,0,0,0,0,0.3587135076522827
data/raw/osu_lora/Diff_Days_Indoor_Setup/Day5/Device22/IQ_1.dat,138,10819062,20,20,1,test,diff_days_indoor,5,0,0,0,0,0,0.404777854681015
data/raw/osu_lora/Diff_Days_Indoor_Setup/Day5/Device22/IQ_1.dat,139,10897461,20,8,0,test,diff_days_indoor,5,0,0,0,0,0,0.29428592324256897
data/raw/osu_lora/Diff_Days_Indoor_Setup/Day5/Device22/IQ_1.dat,140,10975860,20,6,0,test,diff_days_indoor,5,0,0,0,0,0,0.35447973012924194
data/raw/osu_lora/Diff_Days_Indoor_Setup/Day5/Device22/IQ_1.dat,141,11054259,20,20,1,test,diff_days_indoor,5,0,0,0,0,0,0.41607964038848877
data/raw/osu_lora/Diff_Days_Indoor_Setup/Day5/Device22/IQ_1.dat,142,11132658,20,8,0,test,diff_days_indoor,5,0,0,0,0,0,0.48852071166038513
data/raw/osu_lora/Diff_Days_Indoor_Setup/Day5/Device22/IQ_1.dat,143,11211057,20,20,1,test,diff_days_indoor,5,0,0,0,0,0,0.3569899797439575
data/raw/osu_lora/Diff_Days_Indoor_Setup/Day5/Device22/IQ_1.dat,144,11289456,20,20,1,test,diff_days_indoor,5,0,0,0,0,0,0.3437504470348358
data/raw/osu_lora/Diff_Days_Indoor_Setup/Day5/Device22/IQ_1.dat,145,11367855,20,20,1,test,diff_days_indoor,5,0,0,0,0,0,0.372652143239975
data/raw/osu_lora/Diff_Days_Indoor_Setup/Day5/Device22/IQ_1.dat,146,11446254,20,20,1,test,diff_days_indoor,5,0,0,0,0,0,0.36285802721977234
data/raw/osu_lora/Diff_Days_Indoor_Setup/Day5/Device22/IQ_1.dat,147,11524653,20,20,1,test,diff_days_indoor,5,0,0,0,0,0,0.42379030585289
data/raw/osu_lora/Diff_Days_Indoor_Setup/Day5/Device22/IQ_1.dat,148,11603052,20,20,1,test,diff_days_indoor,5,0,0,0,0,0,0.3552277982234955
data/raw/osu_lora/Diff_Days_Indoor_Setup/Day5/Device22/IQ_1.dat,149,11681451,20,20,1,test,diff_days_indoor,5,0,0,0,0,0,0.45825180411338806
data/raw/osu_lora/Diff_Days_Indoor_Setup/Day5/Device22/IQ_1.dat,150,11759850,20,8,0,test,diff_days_indoor,5,0,0,0,0,0,0.4042084217071533
data/raw/osu_lora/Diff_Days_Indoor_Setup/Day5/Device22/IQ_1.dat,151,11838249,20,8,0,test,diff_days_indoor,5,0,0,0,0,0,0.30397871136665344
data/raw/osu_lora/Diff_Days_Indoor_Setup/Day5/Device22/IQ_1.dat,152,11916648,20,20,1,test,diff_days_indoor,5,0,0,0,0,0,0.34126150608062744
data/raw/osu_lora/Diff_Days_Indoor_Setup/Day5/Device22/IQ_1.dat,153,11995047,20,20,1,test,diff_days_indoor,5,0,0,0,0,0,0.28819820284843445
data/raw/osu_lora/Diff_Days_Indoor_Setup/Day5/Device22/IQ_1.dat,154,12073446,20,20,1,test,diff_days_indoor,5,0,0,0,0,0,0.40149959921836853
data/raw/osu_lora/Diff_Days_Indoor_Setup/Day5/Device22/IQ_1.dat,155,12151845,20,20,1,test,diff_days_indoor,5,0,0,0,0,0,0.4617312550544739
data/raw/osu_lora/Diff_Days_Indoor_Setup/Day5/Device22/IQ_1.dat,156,12230244,20,20,1,test,diff_days_indoor,5,0,0,0,0,0,0.3786008059978485
data/raw/osu_lora/Diff_Days_Indoor_Setup/Day5/Device22/IQ_1.dat,157,12308643,20,20,1,test,diff_days_indoor,5,0,0,0,0,0,0.4247077703475952
data/raw/osu_lora/Diff_Days_Indoor_Setup/Day5/Device22/IQ_1.dat,158,12387042,20,20,1,test,diff_days_indoor,5,0,0,0,0,0,0.3500096797943115
data/raw/osu_lora/Diff_Days_Indoor_Setup/Day5/Device22/IQ_1.dat,159,12465441,20,8,0,test,diff_days_indoor,5,0,0,0,0,0,0.3677442669868469
data/raw/osu_lora/Diff_Days_Indoor_Setup/Day5/Device22/IQ_1.dat,160,12543840,20,8,0,test,diff_days_indoor,5,0,0,0,0,0,0.31047698855400085
data/raw/osu_lora/Diff_Days_Indoor_Setup/Day5/Device22/IQ_1.dat,161,12622239,20,20,1,test,diff_days_indoor,5,0,0,0,0,0,0.2722274661064148
data/raw/osu_lora/Diff_Days_Indoor_Setup/Day5/Device22/IQ_1.dat,162,12700638,20,8,0,test,diff_days_indoor,5,0,0,0,0,0,0.3264352083206177
data/raw/osu_lora/Diff_Days_Indoor_Setup/Day5/Device22/IQ_1.dat,163,12779037,20,20,1,test,diff_days_indoor,5,0,0,0,0,0,0.2779810130596161
data/raw/osu_lora/Diff_Days_Indoor_Setup/Day5/Device22/IQ_1.dat,164,12857436,20,20,1,test,diff_days_indoor,5,0,0,0,0,0,0.39830276370048523
data/raw/osu_lora/Diff_Days_Indoor_Setup/Day5/Device22/IQ_1.dat,165,12935835,20,5,0,test,diff_days_indoor,5,0,0,0,0,0,0.29860323667526245
data/raw/osu_lora/Diff_Days_Indoor_Setup/Day5/Device22/IQ_1.dat,166,13014234,20,8,0,test,diff_days_indoor,5,0,0,0,0,0,0.34956681728363037
data/raw/osu_lora/Diff_Days_Indoor_Setup/Day5/Device22/IQ_1.dat,167,13092633,20,8,0,test,diff_days_indoor,5,0,0,0,0,0,0.5375614166259766
data/raw/osu_lora/Diff_Days_Indoor_Setup/Day5/Device22/IQ_1.dat,168,13171032,20,20,1,test,diff_days_indoor,5,0,0,0,0,0,0.4254615604877472
data/raw/osu_lora/Diff_Days_Indoor_Setup/Day5/Device22/IQ_1.dat,169,13249431,20,20,1,test,diff_days_indoor,5,0,0,0,0,0,0.32064130902290344
data/raw/osu_lora/Diff_Days_Indoor_Setup/Day5/Device22/IQ_1.dat,170,13327830,20,8,0,test,diff_days_indoor,5,0,0,0,0,0,0.38754358887672424
data/raw/osu_lora/Diff_Days_Indoor_Setup/Day5/Device22/IQ_1.dat,171,13406229,20,20,1,test,diff_days_indoor,5,0,0,0,0,0,0.2957836091518402
data/raw/osu_lora/Diff_Days_Indoor_Setup/Day5/Device22/IQ_1.dat,172,13484628,20,8,0,test,diff_days_indoor,5,0,0,0,0,0,0.45878538489341736
data/raw/osu_lora/Diff_Days_Indoor_Setup/Day5/Device22/IQ_1.dat,173,13563027,20,8,0,test,diff_days_indoor,5,0,0,0,0,0,0.28460460901260376
data/raw/osu_lora/Diff_Days_Indoor_Setup/Day5/Device22/IQ_1.dat,174,13641426,20,20,1,test,diff_days_indoor,5,0,0,0,0,0,0.42723727226257324
data/raw/osu_lora/Diff_Days_Indoor_Setup/Day5/Device22/IQ_1.dat,175,13719825,20,8,0,test,diff_days_indoor,5,0,0,0,0,0,0.5037766098976135
data/raw/osu_lora/Diff_Days_Indoor_Setup/Day5/Device22/IQ_1.dat,176,13798224,20,20,1,test,diff_days_indoor,5,0,0,0,0,0,0.4307022988796234
data/raw/osu_lora/Diff_Days_Indoor_Setup/Day5/Device22/IQ_1.dat,177,13876623,20,20,1,test,diff_days_indoor,5,0,0,0,0,0,0.3231627941131592
data/raw/osu_lora/Diff_Days_Indoor_Setup/Day5/Device22/IQ_1.dat,178,13955022,20,20,1,test,diff_days_indoor,5,0,0,0,0,0,0.4203524887561798
data/raw/osu_lora/Diff_Days_Indoor_Setup/Day5/Device22/IQ_1.dat,179,14033421,20,2,0,test,diff_days_indoor,5,0,0,0,0,0,0.21991406381130219
data/raw/osu_lora/Diff_Days_Indoor_Setup/Day5/Device22/IQ_1.dat,180,14111820,20,8,0,test,diff_days_indoor,5,0,0,0,0,0,0.4878278076648712
data/raw/osu_lora/Diff_Days_Indoor_Setup/Day5/Device22/IQ_1.dat,181,14190219,20,20,1,test,diff_days_indoor,5,0,0,0,0,0,0.39411208033561707
data/raw/osu_lora/Diff_Days_Indoor_Setup/Day5/Device22/IQ_1.dat,182,14268618,20,20,1,test,diff_days_indoor,5,0,0,0,0,0,0.3152921795845032
data/raw/osu_lora/Diff_Days_Indoor_Setup/Day5/Device22/IQ_1.dat,183,14347017,20,20,1,test,diff_days_indoor,5,0,0,0,0,0,0.3926926553249359
data/raw/osu_lora/Diff_Days_Indoor_Setup/Day5/Device22/IQ_1.dat,184,14425416,20,20,1,test,diff_days_indoor,5,0,0,0,0,0,0.47174587845802307
data/raw/osu_lora/Diff_Days_Indoor_Setup/Day5/Device22/IQ_1.dat,185,14503815,20,20,1,test,diff_days_indoor,5,0,0,0,0,0,0.42605507373809814
data/raw/osu_lora/Diff_Days_Indoor_Setup/Day5/Device22/IQ_1.dat,186,14582214,20,20,1,test,diff_days_indoor,5,0,0,0,0,0,0.3165311813354492
data/raw/osu_lora/Diff_Days_Indoor_Setup/Day5/Device22/IQ_1.dat,187,14660613,20,8,0,test,diff_days_indoor,5,0,0,0,0,0,0.47805675864219666
data/raw/osu_lora/Diff_Days_Indoor_Setup/Day5/Device22/IQ_1.dat,188,14739012,20,8,0,test,diff_days_indoor,5,0,0,0,0,0,0.32203128933906555
data/raw/osu_lora/Diff_Days_Indoor_Setup/Day5/Device22/IQ_1.dat,189,14817411,20,20,1,test,diff_days_indoor,5,0,0,0,0,0,0.4105096459388733
data/raw/osu_lora/Diff_Days_Indoor_Setup/Day5/Device22/IQ_1.dat,190,14895810,20,20,1,test,diff_days_indoor,5,0,0,0,0,0,0.4431043565273285
data/raw/osu_lora/Diff_Days_Indoor_Setup/Day5/Device22/IQ_1.dat,191,14974209,20,8,0,test,diff_days_indoor,5,0,0,0,0,0,0.30726316571235657
data/raw/osu_lora/Diff_Days_Indoor_Setup/Day5/Device22/IQ_1.dat,192,15052608,20,8,0,test,diff_days_indoor,5,0,0,0,0,0,0.5090949535369873
data/raw/osu_lora/Diff_Days_Indoor_Setup/Day5/Device22/IQ_1.dat,193,15131007,20,20,1,test,diff_days_indoor,5,0,0,0,0,0,0.34072569012641907
data/raw/osu_lora/Diff_Days_Indoor_Setup/Day5/Device22/IQ_1.dat,194,15209406,20,8,0,test,diff_days_indoor,5,0,0,0,0,0,0.3929886221885681
data/raw/osu_lora/Diff_Days_Indoor_Setup/Day5/Device22/IQ_1.dat,195,15287805,20,20,1,test,diff_days_indoor,5,0,0,0,0,0,0.3981955945491791
data/raw/osu_lora/Diff_Days_Indoor_Setup/Day5/Device22/IQ_1.dat,196,15366204,20,8,0,test,diff_days_indoor,5,0,0,0,0,0,0.4263620376586914
data/raw/osu_lora/Diff_Days_Indoor_Setup/Day5/Device22/IQ_1.dat,197,15444603,20,8,0,test,diff_days_indoor,5,0,0,0,0,0,0.49749019742012024
data/raw/osu_lora/Diff_Days_Indoor_Setup/Day5/Device22/IQ_1.dat,198,15523002,20,20,1,test,diff_days_indoor,5,0,0,0,0,0,0.27999380230903625
data/raw/osu_lora/Diff_Days_Indoor_Setup/Day5/Device22/IQ_1.dat,199,15601401,20,20,1,test,diff_days_indoor,5,0,0,0,0,0,0.38242673873901367
data/raw/osu_lora/Diff_Days_Indoor_Setup/Day5/Device22/IQ_1.dat,200,15679800,20,8,0,test,diff_days_indoor,5,0,0,0,0,0,0.41989666223526
data/raw/osu_lora/Diff_Days_Indoor_Setup/Day5/Device22/IQ_1.dat,201,15758199,20,20,1,test,diff_days_indoor,5,0,0,0,0,0,0.38164016604423523
data/raw/osu_lora/Diff_Days_Indoor_Setup/Day5/Device22/IQ_1.dat,202,15836598,20,6,0,test,diff_days_indoor,5,0,0,0,0,0,0.3318557143211365
data/raw/osu_lora/Diff_Days_Indoor_Setup/Day5/Device22/IQ_1.dat,203,15914997,20,20,1,test,diff_days_indoor,5,0,0,0,0,0,0.4393552541732788
data/raw/osu_lora/Diff_Days_Indoor_Setup/Day5/Device22/IQ_1.dat,204,15993396,20,20,1,test,diff_days_indoor,5,0,0,0,0,0,0.43321606516838074
data/raw/osu_lora/Diff_Days_Indoor_Setup/Day5/Device22/IQ_1.dat,205,16071795,20,8,0,test,diff_days_indoor,5,0,0,0,0,0,0.2786051630973816
data/raw/osu_lora/Diff_Days_Indoor_Setup/Day5/Device22/IQ_1.dat,206,16150194,20,20,1,test,diff_days_indoor,5,0,0,0,0,0,0.44162437319755554
data/raw/osu_lora/Diff_Days_Indoor_Setup/Day5/Device22/IQ_1.dat,207,16228593,20,8,0,test,diff_days_indoor,5,0,0,0,0,0,0.5468477010726929
data/raw/osu_lora/Diff_Days_Indoor_Setup/Day5/Device22/IQ_1.dat,208,16306992,20,20,1,test,diff_days_indoor,5,0,0,0,0,0,0.36173364520072937
data/raw/osu_lora/Diff_Days_Indoor_Setup/Day5/Device22/IQ_1.dat,209,16385391,20,20,1,test,diff_days_indoor,5,0,0,0,0,0,0.3966354727745056
data/raw/osu_lora/Diff_Days_Indoor_Setup/Day5/Device22/IQ_1.dat,210,16463790,20,20,1,test,diff_days_indoor,5,0,0,0,0,0,0.4438287913799286
data/raw/osu_lora/Diff_Days_Indoor_Setup/Day5/Device22/IQ_1.dat,211,16542189,20,20,1,test,diff_days_indoor,5,0,0,0,0,0,0.4221203625202179
data/raw/osu_lora/Diff_Days_Indoor_Setup/Day5/Device22/IQ_1.dat,212,16620588,20,5,0,test,diff_days_indoor,5,0,0,0,0,0,0.3943256437778473
data/raw/osu_lora/Diff_Days_Indoor_Setup/Day5/Device22/IQ_1.dat,213,16698987,20,20,1,test,diff_days_indoor,5,0,0,0,0,0,0.38400277495384216
data/raw/osu_lora/Diff_Days_Indoor_Setup/Day5/Device22/IQ_1.dat,214,16777386,20,20,1,test,diff_days_indoor,5,0,0,0,0,0,0.39733025431632996
data/raw/osu_lora/Diff_Days_Indoor_Setup/Day5/Device22/IQ_1.dat,215,16855785,20,20,1,test,diff_days_indoor,5,0,0,0,0,0,0.41152697801589966
data/raw/osu_lora/Diff_Days_Indoor_Setup/Day5/Device22/IQ_1.dat,216,16934184,20,20,1,test,diff_days_indoor,5,0,0,0,0,0,0.4630703330039978
data/raw/osu_lora/Diff_Days_Indoor_Setup/Day5/Device22/IQ_1.dat,217,17012583,20,20,1,test,diff_days_indoor,5,0,0,0,0,0,0.39226964116096497
data/raw/osu_lora/Diff_Days_Indoor_Setup/Day5/Device22/IQ_1.dat,218,17090982,20,20,1,test,diff_days_indoor,5,0,0,0,0,0,0.4024668335914612
data/raw/osu_lora/Diff_Days_Indoor_Setup/Day5/Device22/IQ_1.dat,219,17169381,20,20,1,test,diff_days_indoor,5,0,0,0,0,0,0.4068111181259155
data/raw/osu_lora/Diff_Days_Indoor_Setup/Day5/Device22/IQ_1.dat,220,17247780,20,20,1,test,diff_days_indoor,5,0,0,0,0,0,0.2989956736564636
data/raw/osu_lora/Diff_Days_Indoor_Setup/Day5/Device22/IQ_1.dat,221,17326179,20,8,0,test,diff_days_indoor,5,0,0,0,0,0,0.4755233824253082
data/raw/osu_lora/Diff_Days_Indoor_Setup/Day5/Device22/IQ_1.dat,222,17404578,20,20,1,test,diff_days_indoor,5,0,0,0,0,0,0.3721092939376831
data/raw/osu_lora/Diff_Days_Indoor_Setup/Day5/Device22/IQ_1.dat,223,17482977,20,20,1,test,diff_days_indoor,5,0,0,0,0,0,0.395905077457428
data/raw/osu_lora/Diff_Days_Indoor_Setup/Day5/Device22/IQ_1.dat,224,17561376,20,20,1,test,diff_days_indoor,5,0,0,0,0,0,0.33063068985939026
data/raw/osu_lora/Diff_Days_Indoor_Setup/Day5/Device22/IQ_1.dat,225,17639775,20,20,1,test,diff_days_indoor,5,0,0,0,0,0,0.38245612382888794
data/raw/osu_lora/Diff_Days_Indoor_Setup/Day5/Device22/IQ_1.dat,226,17718174,20,20,1,test,diff_days_indoor,5,0,0,0,0,0,0.4563664197921753
data/raw/osu_lora/Diff_Days_Indoor_Setup/Day5/Device22/IQ_1.dat,227,17796573,20,20,1,test,diff_days_indoor,5,0,0,0,0,0,0.4252251982688904
data/raw/osu_lora/Diff_Days_Indoor_Setup/Day5/Device22/IQ_1.dat,228,17874972,20,20,1,test,diff_days_indoor,5,0,0,0,0,0,0.4500102996826172
data/raw/osu_lora/Diff_Days_Indoor_Setup/Day5/Device22/IQ_1.dat,229,17953371,20,8,0,test,diff_days_indoor,5,0,0,0,0,0,0.37352254986763
data/raw/osu_lora/Diff_Days_Indoor_Setup/Day5/Device22/IQ_1.dat,230,18031770,20,20,1,test,diff_days_indoor,5,0,0,0,0,0,0.4244963824748993
data/raw/osu_lora/Diff_Days_Indoor_Setup/Day5/Device22/IQ_1.dat,231,18110169,20,20,1,test,diff_days_indoor,5,0,0,0,0,0,0.30058786273002625
data/raw/osu_lora/Diff_Days_Indoor_Setup/Day5/Device22/IQ_1.dat,232,18188568,20,20,1,test,diff_days_indoor,5,0,0,0,0,0,0.41100338101387024
data/raw/osu_lora/Diff_Days_Indoor_Setup/Day5/Device22/IQ_1.dat,233,18266967,20,20,1,test,diff_days_indoor,5,0,0,0,0,0,0.35468658804893494
data/raw/osu_lora/Diff_Days_Indoor_Setup/Day5/Device22/IQ_1.dat,234,18345366,20,8,0,test,diff_days_indoor,5,0,0,0,0,0,0.3532536029815674
data/raw/osu_lora/Diff_Days_Indoor_Setup/Day5/Device22/IQ_1.dat,235,18423765,20,20,1,test,diff_days_indoor,5,0,0,0,0,0,0.3768030107021332
data/raw/osu_lora/Diff_Days_Indoor_Setup/Day5/Device22/IQ_1.dat,236,18502164,20,8,0,test,diff_days_indoor,5,0,0,0,0,0,0.47167032957077026
data/raw/osu_lora/Diff_Days_Indoor_Setup/Day5/Device22/IQ_1.dat,237,18580563,20,20,1,test,diff_days_indoor,5,0,0,0,0,0,0.42175740003585815
data/raw/osu_lora/Diff_Days_Indoor_Setup/Day5/Device22/IQ_1.dat,238,18658962,20,20,1,test,diff_days_indoor,5,0,0,0,0,0,0.2894279360771179
data/raw/osu_lora/Diff_Days_Indoor_Setup/Day5/Device22/IQ_1.dat,239,18737361,20,20,1,test,diff_days_indoor,5,0,0,0,0,0,0.37759050726890564
data/raw/osu_lora/Diff_Days_Indoor_Setup/Day5/Device22/IQ_1.dat,240,18815760,20,8,0,test,diff_days_indoor,5,0,0,0,0,0,0.4706745147705078
data/raw/osu_lora/Diff_Days_Indoor_Setup/Day5/Device22/IQ_1.dat,241,18894159,20,20,1,test,diff_days_indoor,5,0,0,0,0,0,0.42930278182029724
data/raw/osu_lora/Diff_Days_Indoor_Setup/Day5/Device22/IQ_1.dat,242,18972558,20,8,0,test,diff_days_indoor,5,0,0,0,0,0,0.39145100116729736
data/raw/osu_lora/Diff_Days_Indoor_Setup/Day5/Device22/IQ_1.dat,243,19050957,20,6,0,test,diff_days_indoor,5,0,0,0,0,0,0.3103674650192261
data/raw/osu_lora/Diff_Days_Indoor_Setup/Day5/Device22/IQ_1.dat,244,19129356,20,8,0,test,diff_days_indoor,5,0,0,0,0,0,0.43510645627975464
data/raw/osu_lora/Diff_Days_Indoor_Setup/Day5/Device22/IQ_1.dat,245,19207755,20,20,1,test,diff_days_indoor,5,0,0,0,0,0,0.2926996350288391
data/raw/osu_lora/Diff_Days_Indoor_Setup/Day5/Device22/IQ_1.dat,246,19286154,20,20,1,test,diff_days_indoor,5,0,0,0,0,0,0.37382063269615173
data/raw/osu_lora/Diff_Days_Indoor_Setup/Day5/Device22/IQ_1.dat,247,19364553,20,8,0,test,diff_days_indoor,5,0,0,0,0,0,0.34256234765052795
data/raw/osu_lora/Diff_Days_Indoor_Setup/Day5/Device22/IQ_1.dat,248,19442952,20,20,1,test,diff_days_indoor,5,0,0,0,0,0,0.3070531189441681
data/raw/osu_lora/Diff_Days_Indoor_Setup/Day5/Device22/IQ_1.dat,249,19521351,20,8,0,test,diff_days_indoor,5,0,0,0,0,0,0.4064067304134369
data/raw/osu_lora/Diff_Days_Indoor_Setup/Day5/Device22/IQ_1.dat,250,19599750,20,8,0,test,diff_days_indoor,5,0,0,0,0,0,0.460643470287323
data/raw/osu_lora/Diff_Days_Indoor_Setup/Day5/Device22/IQ_1.dat,251,19678149,20,20,1,test,diff_days_indoor,5,0,0,0,0,0,0.40347811579704285
data/raw/osu_lora/Diff_Days_Indoor_Setup/Day5/Device22/IQ_1.dat,252,19756548,20,8,0,test,diff_days_indoor,5,0,0,0,0,0,0.09704181551933289
data/raw/osu_lora/Diff_Days_Indoor_Setup/Day5/Device22/IQ_1.dat,253,19834947,20,8,0,test,diff_days_indoor,5,0,0,0,0,0,0.5206999182701111
data/raw/osu_lora/Diff_Days_Indoor_Setup/Day5/Device22/IQ_1.dat,254,19913346,20,20,1,test,diff_days_indoor,5,0,0,0,0,0,0.3676145374774933
data/raw/osu_lora/Diff_Days_Indoor_Setup/Day5/Device22/IQ_1.dat,255,19991745,20,20,1,test,diff_days_indoor,5,0,0,0,0,0,0.3471035063266754
data/raw/osu_lora/Diff_Days_Indoor_Setup/Day5/Device23/IQ_1.dat,0,0,21,21,1,test,diff_days_indoor,5,0,0,0,0,0,0.21933171153068542
data/raw/osu_lora/Diff_Days_Indoor_Setup/Day5/Device23/IQ_1.dat,1,78399,21,21,1,test,diff_days_indoor,5,0,0,0,0,0,0.23402981460094452
data/raw/osu_lora/Diff_Days_Indoor_Setup/Day5/Device23/IQ_1.dat,2,156798,21,9,0,test,diff_days_indoor,5,0,0,0,0,0,0.2650299370288849
data/raw/osu_lora/Diff_Days_Indoor_Setup/Day5/Device23/IQ_1.dat,3,235197,21,21,1,test,diff_days_indoor,5,0,0,0,0,0,0.30576586723327637
data/raw/osu_lora/Diff_Days_Indoor_Setup/Day5/Device23/IQ_1.dat,4,313596,21,10,0,test,diff_days_indoor,5,0,0,0,0,0,0.33921000361442566
data/raw/osu_lora/Diff_Days_Indoor_Setup/Day5/Device23/IQ_1.dat,5,391995,21,14,0,test,diff_days_indoor,5,0,0,0,0,0,0.22718456387519836
data/raw/osu_lora/Diff_Days_Indoor_Setup/Day5/Device23/IQ_1.dat,6,470394,21,14,0,test,diff_days_indoor,5,0,0,0,0,0,0.26762598752975464
data/raw/osu_lora/Diff_Days_Indoor_Setup/Day5/Device23/IQ_1.dat,7,548793,21,10,0,test,diff_days_indoor,5,0,0,0,0,0,0.40732285380363464
data/raw/osu_lora/Diff_Days_Indoor_Setup/Day5/Device23/IQ_1.dat,8,627192,21,10,0,test,diff_days_indoor,5,0,0,0,0,0,0.2782331109046936
data/raw/osu_lora/Diff_Days_Indoor_Setup/Day5/Device23/IQ_1.dat,9,705591,21,21,1,test,diff_days_indoor,5,0,0,0,0,0,0.21311868727207184
data/raw/osu_lora/Diff_Days_Indoor_Setup/Day5/Device23/IQ_1.dat,10,783990,21,9,0,test,diff_days_indoor,5,0,0,0,0,0,0.26493585109710693
data/raw/osu_lora/Diff_Days_Indoor_Setup/Day5/Device23/IQ_1.dat,11,862389,21,21,1,test,diff_days_indoor,5,0,0,0,0,0,0.2972469627857208
data/raw/osu_lora/Diff_Days_Indoor_Setup/Day5/Device23/IQ_1.dat,12,940788,21,14,0,test,diff_days_indoor,5,0,0,0,0,0,0.24624116718769073
data/raw/osu_lora/Diff_Days_Indoor_Setup/Day5/Device23/IQ_1.dat,13,1019187,21,10,0,test,diff_days_indoor,5,0,0,0,0,0,0.4118800759315491
data/raw/osu_lora/Diff_Days_Indoor_Setup/Day5/Device23/IQ_1.dat,14,1097586,21,9,0,test,diff_days_indoor,5,0,0,0,0,0,0.29039841890335083
data/raw/osu_lora/Diff_Days_Indoor_Setup/Day5/Device23/IQ_1.dat,15,1175985,21,10,0,test,diff_days_indoor,5,0,0,0,0,0,0.1433877944946289
data/raw/osu_lora/Diff_Days_Indoor_Setup/Day5/Device23/IQ_1.dat,16,1254384,21,21,1,test,diff_days_indoor,5,0,0,0,0,0,0.3844922184944153
data/raw/osu_lora/Diff_Days_Indoor_Setup/Day5/Device23/IQ_1.dat,17,1332783,21,10,0,test,diff_days_indoor,5,0,0,0,0,0,0.37282055616378784
data/raw/osu_lora/Diff_Days_Indoor_Setup/Day5/Device23/IQ_1.dat,18,1411182,21,10,0,test,diff_days_indoor,5,0,0,0,0,0,0.29978859424591064
data/raw/osu_lora/Diff_Days_Indoor_Setup/Day5/Device23/IQ_1.dat,19,1489581,21,21,1,test,diff_days_indoor,5,0,0,0,0,0,0.32394319772720337
data/raw/osu_lora/Diff_Days_Indoor_Setup/Day5/Device23/IQ_1.dat,20,1567980,21,21,1,test,diff_days_indoor,5,0,0,0,0,0,0.28182342648506165
data/raw/osu_lora/Diff_Days_Indoor_Setup/Day5/Device23/IQ_1.dat,21,1646379,21,11,0,test,diff_days_indoor,5,0,0,0,0,0,0.33429551124572754
data/raw/osu_lora/Diff_Days_Indoor_Setup/Day5/Device23/IQ_1.dat,22,1724778,21,21,1,test,diff_days_indoor,5,0,0,0,0,0,0.36666837334632874
data/raw/osu_lora/Diff_Days_Indoor_Setup/Day5/Device23/IQ_1.dat,23,1803177,21,21,1,test,diff_days_indoor,5,0,0,0,0,0,0.326496958732605
data/raw/osu_lora/Diff_Days_Indoor_Setup/Day5/Device23/IQ_1.dat,24,1881576,21,14,0,test,diff_days_indoor,5,0,0,0,0,0,0.19444747269153595
data/raw/osu_lora/Diff_Days_Indoor_Setup/Day5/Device23/IQ_1.dat,25,1959975,21,9,0,test,diff_days_indoor,5,0,0,0,0,0,0.28080713748931885
data/raw/osu_lora/Diff_Days_Indoor_Setup/Day5/Device23/IQ_1.dat,26,2038374,21,21,1,test,diff_days_indoor,5,0,0,0,0,0,0.2303386628627777
data/raw/osu_lora/Diff_Days_Indoor_Setup/Day5/Device23/IQ_1.dat,27,2116773,21,21,1,test,diff_days_indoor,5,0,0,0,0,0,0.3188278079032898
data/raw/osu_lora/Diff_Days_Indoor_Setup/Day5/Device23/IQ_1.dat,28,2195172,21,21,1,test,diff_days_indoor,5,0,0,0,0,0,0.2587693929672241
data/raw/osu_lora/Diff_Days_Indoor_Setup/Day5/Device23/IQ_1.dat,29,2273571,21,10,0,test,diff_days_indoor,5,0,0,0,0,0,0.4491577744483948
data/raw/osu_lora/Diff_Days_Indoor_Setup/Day5/Device23/IQ_1.dat,30,2351970,21,9,0,test,diff_days_indoor,5,0,0,0,0,0,0.24837660789489746
data/raw/osu_lora/Diff_Days_Indoor_Setup/Day5/Device23/IQ_1.dat,31,2430369,21,14,0,test,diff_days_indoor,5,0,0,0,0,0,0.24535532295703888
data/raw/osu_lora/Diff_Days_Indoor_Setup/Day5/Device23/IQ_1.dat,32,2508768,21,10,0,test,diff_days_indoor,5,0,0,0,0,0,0.46438342332839966
data/raw/osu_lora/Diff_Days_Indoor_Setup/Day5/Device23/IQ_1.dat,33,2587167,21,11,0,test,diff_days_indoor,5,0,0,0,0,0,0.30257561802864075
data/raw/osu_lora/Diff_Days_Indoor_Setup/Day5/Device23/IQ_1.dat,34,2665566,21,21,1,test,diff_days_indoor,5,0,0,0,0,0,0.26287898421287537
data/raw/osu_lora/Diff_Days_Indoor_Setup/Day5/Device23/IQ_1.dat,35,2743965,21,9,0,test,diff_days_indoor,5,0,0,0,0,0,0.25291553139686584
data/raw/osu_lora/Diff_Days_Indoor_Setup/Day5/Device23/IQ_1.dat,36,2822364,21,21,1,test,diff_days_indoor,5,0,0,0,0,0,0.26376137137413025
data/raw/osu_lora/Diff_Days_Indoor_Setup/Day5/Device23/IQ_1.dat,37,2900763,21,21,1,test,diff_days_indoor,5,0,0,0,0,0,0.272830069065094
data/raw/osu_lora/Diff_Days_Indoor_Setup/Day5/Device23/IQ_1.dat,38,2979162,21,9,0,test,diff_days_indoor,5,0,0,0,0,0,0.21801680326461792
data/raw/osu_lora/Diff_Days_Indoor_Setup/Day5/Device23/IQ_1.dat,39,3057561,21,21,1,test,diff_days_indoor,5,0,0,0,0,0,0.30987876653671265
data/raw/osu_lora/Diff_Days_Indoor_Setup/Day5/Device23/IQ_1.dat,40,3135960,21,14,0,test,diff_days_indoor,5,0,0,0,0,0,0.24233762919902802
data/raw/osu_lora/Diff_Days_Indoor_Setup/Day5/Device23/IQ_1.dat,41,3214359,21,21,1,test,diff_days_indoor,5,0,0,0,0,0,0.1755574494600296
data/raw/osu_lora/Diff_Days_Indoor_Setup/Day5/Device23/IQ_1.dat,42,3292758,21,21,1,test,diff_days_indoor,5,0,0,0,0,0,0.2429003119468689
data/raw/osu_lora/Diff_Days_Indoor_Setup/Day5/Device23/IQ_1.dat,43,3371157,21,14,0,test,diff_days_indoor,5,0,0,0,0,0,0.2601405084133148
data/raw/osu_lora/Diff_Days_Indoor_Setup/Day5/Device23/IQ_1.dat,44,3449556,21,21,1,test,diff_days_indoor,5,0,0,0,0,0,0.28714898228645325
data/raw/osu_lora/Diff_Days_Indoor_Setup/Day5/Device23/IQ_1.dat,45,3527955,21,12,0,test,diff_days_indoor,5,0,0,0,0,0,0.23128686845302582
data/raw/osu_lora/Diff_Days_Indoor_Setup/Day5/Device23/IQ_1.dat,46,3606354,21,9,0,test,diff_days_indoor,5,0,0,0,0,0,0.24533453583717346
data/raw/osu_lora/Diff_Days_Indoor_Setup/Day5/Device23/IQ_1.dat,47,3684753,21,10,0,test,diff_days_indoor,5,0,0,0,0,0,0.44549956917762756
data/raw/osu_lora/Diff_Days_Indoor_Setup/Day5/Device23/IQ_1.dat,48,3763152,21,21,1,test,diff_days_indoor,5,0,0,0,0,0,0.32667338848114014
data/raw/osu_lora/Diff_Days_Indoor_Setup/Day5/Device23/IQ_1.dat,49,3841551,21,13,0,test,diff_days_indoor,5,0,0,0,0,0,0.22660331428050995
data/raw/osu_lora/Diff_Days_Indoor_Setup/Day5/Device23/IQ_1.dat,50,3919950,21,10,0,test,diff_days_indoor,5,0,0,0,0,0,0.46246299147605896
data/raw/osu_lora/Diff_Days_Indoor_Setup/Day5/Device23/IQ_1.dat,51,3998349,21,21,1,test,diff_days_indoor,5,0,0,0,0,0,0.32301226258277893
data/raw/osu_lora/Diff_Days_Indoor_Setup/Day5/Device23/IQ_1.dat,52,4076748,21,10,0,test,diff_days_indoor,5,0,0,0,0,0,0.4864621162414551
data/raw/osu_lora/Diff_Days_Indoor_Setup/Day5/Device23/IQ_1.dat,53,4155147,21,14,0,test,diff_days_indoor,5,0,0,0,0,0,0.24642401933670044
data/raw/osu_lora/Diff_Days_Indoor_Setup/Day5/Device23/IQ_1.dat,54,4233546,21,21,1,test,diff_days_indoor,5,0,0,0,0,0,0.1787489950656891
data/raw/osu_lora/Diff_Days_Indoor_Setup/Day5/Device23/IQ_1.dat,55,4311945,21,21,1,test,diff_days_indoor,5,0,0,0,0,0,0.32440388202667236
data/raw/osu_lora/Diff_Days_Indoor_Setup/Day5/Device23/IQ_1.dat,56,4390344,21,9,0,test,diff_days_indoor,5,0,0,0,0,0,0.2769482433795929
data/raw/osu_lora/Diff_Days_Indoor_Setup/Day5/Device23/IQ_1.dat,57,4468743,21,21,1,test,diff_days_indoor,5,0,0,0,0,0,0.1827588975429535
data/raw/osu_lora/Diff_Days_Indoor_Setup/Day5/Device23/IQ_1.dat,58,4547142,21,9,0,test,diff_days_indoor,5,0,0,0,0,0,0.31558749079704285
data/raw/osu_lora/Diff_Days_Indoor_Setup/Day5/Device23/IQ_1.dat,59,4625541,21,9,0,test,diff_days_indoor,5,0,0,0,0,0,0.3018537759780884
data/raw/osu_lora/Diff_Days_Indoor_Setup/Day5/Device23/IQ_1.dat,60,4703940,21,21,1,test,diff_days_indoor,5,0,0,0,0,0,0.30723756551742554
data/raw/osu_lora/Diff_Days_Indoor_Setup/Day5/Device23/IQ_1.dat,61,4782339,21,10,0,test,diff_days_indoor,5,0,0,0,0,0,0.3654966950416565
data/raw/osu_lora/Diff_Days_Indoor_Setup/Day5/Device23/IQ_1.dat,62,4860738,21,11,0,test,diff_days_indoor,5,0,0,0,0,0,0.13750624656677246
data/raw/osu_lora/Diff_Days_Indoor_Setup/Day5/Device23/IQ_1.dat,63,4939137,21,10,0,test,diff_days_indoor,5,0,0,0,0,0,0.4884466826915741
data/raw/osu_lora/Diff_Days_Indoor_Setup/Day5/Device23/IQ_1.dat,64,5017536,21,10,0,test,diff_days_indoor,5,0,0,0,0,0,0.5115382671356201
data/raw/osu_lora/Diff_Days_Indoor_Setup/Day5/Device23/IQ_1.dat,65,5095935,21,10,0,test,diff_days_indoor,5,0,0,0,0,0,0.4616853594779968
data/raw/osu_lora/Diff_Days_Indoor_Setup/Day5/Device23/IQ_1.dat,66,5174334,21,9,0,test,diff_days_indoor,5,0,0,0,0,0,0.2430228739976883
data/raw/osu_lora/Diff_Days_Indoor_Setup/Day5/Device23/IQ_1.dat,67,5252733,21,10,0,test,diff_days_indoor,5,0,0,0,0,0,0.5214205384254456
data/raw/osu_lora/Diff_Days_Indoor_Setup/Day5/Device23/IQ_1.dat,68,5331132,21,10,0,test,diff_days_indoor,5,0,0,0,0,0,0.5264081358909607
data/raw/osu_lora/Diff_Days_Indoor_Setup/Day5/Device23/IQ_1.dat,69,5409531,21,10,0,test,diff_days_indoor,5,0,0,0,0,0,0.43305447697639465
data/raw/osu_lora/Diff_Days_Indoor_Setup/Day5/Device23/IQ_1.dat,70,5487930,21,21,1,test,diff_days_indoor,5,0,0,0,0,0,0.277322381734848
data/raw/osu_lora/Diff_Days_Indoor_Setup/Day5/Device23/IQ_1.dat,71,5566329,21,21,1,test,diff_days_indoor,5,0,0,0,0,0,0.2664417028427124
data/raw/osu_lora/Diff_Days_Indoor_Setup/Day5/Device23/IQ_1.dat,72,5644728,21,21,1,test,diff_days_indoor,5,0,0,0,0,0,0.33107122778892517
data/raw/osu_lora/Diff_Days_Indoor_Setup/Day5/Device23/IQ_1.dat,73,5723127,21,14,0,test,diff_days_indoor,5,0,0,0,0,0,0.2182816118001938
data/raw/osu_lora/Diff_Days_Indoor_Setup/Day5/Device23/IQ_1.dat,74,5801526,21,10,0,test,diff_days_indoor,5,0,0,0,0,0,0.382943332195282
data/raw/osu_lora/Diff_Days_Indoor_Setup/Day5/Device23/IQ_1.dat,75,5879925,21,10,0,test,diff_days_indoor,5,0,0,0,0,0,0.4329865276813507
data/raw/osu_lora/Diff_Days_Indoor_Setup/Day5/Device23/IQ_1.dat,76,5958324,21,10,0,test,diff_days_indoor,5,0,0,0,0,0,0.41392022371292114
data/raw/osu_lora/Diff_Days_Indoor_Setup/Day5/Device23/IQ_1.dat,77,6036723,21,21,1,test,diff_days_indoor,5,0,0,0,0,0,0.3146846890449524
data/raw/osu_lora/Diff_Days_Indoor_Setup/Day5/Device23/IQ_1.dat,78,6115122,21,10,0,test,diff_days_indoor,5,0,0,0,0,0,0.44141116738319397
data/raw/osu_lora/Diff_Days_Indoor_Setup/Day5/Device23/IQ_1.dat,79,6193521,21,9,0,test,diff_days_indoor,5,0,0,0,0,0,0.2680197060108185
data/raw/osu_lora/Diff_Days_Indoor_Setup/Day5/Device23/IQ_1.dat,80,6271920,21,21,1,test,diff_days_indoor,5,0,0,0,0,0,0.3533383309841156
data/raw/osu_lora/Diff_Days_Indoor_Setup/Day5/Device23/IQ_1.dat,81,6350319,21,14,0,test,diff_days_indoor,5,0,0,0,0,0,0.2399486005306244
data/raw/osu_lora/Diff_Days_Indoor_Setup/Day5/Device23/IQ_1.dat,82,6428718,21,21,1,test,diff_days_indoor,5,0,0,0,0,0,0.2536742091178894
data/raw/osu_lora/Diff_Days_Indoor_Setup/Day5/Device23/IQ_1.dat,83,6507117,21,21,1,test,diff_days_indoor,5,0,0,0,0,0,0.24696072936058044
data/raw/osu_lora/Diff_Days_Indoor_Setup/Day5/Device23/IQ_1.dat,84,6585516,21,9,0,test,diff_days_indoor,5,0,0,0,0,0,0.2677743136882782
data/raw/osu_lora/Diff_Days_Indoor_Setup/Day5/Device23/IQ_1.dat,85,6663915,21,10,0,test,diff_days_indoor,5,0,0,0,0,0,0.3793352246284485
data/raw/osu_lora/Diff_Days_Indoor_Setup/Day5/Device23/IQ_1.dat,86,6742314,21,21,1,test,diff_days_indoor,5,0,0,0,0,0,0.29385629296302795
data/raw/osu_lora/Diff_Days_Indoor_Setup/Day5/Device23/IQ_1.dat,87,6820713,21,10,0,test,diff_days_indoor,5,0,0,0,0,0,0.3475824296474457
data/raw/osu_lora/Diff_Days_Indoor_Setup/Day5/Device23/IQ_1.dat,88,6899112,21,11,0,test,diff_days_indoor,5,0,0,0,0,0,0.3228895664215088
data/raw/osu_lora/Diff_Days_Indoor_Setup/Day5/Device23/IQ_1.dat,89,6977511,21,14,0,test,diff_days_indoor,5,0,0,0,0,0,0.2754782438278198
data/raw/osu_lora/Diff_Days_Indoor_Setup/Day5/Device23/IQ_1.dat,90,7055910,21,10,0,test,diff_days_indoor,5,0,0,0,0,0,0.4232155680656433
data/raw/osu_lora/Diff_Days_Indoor_Setup/Day5/Device23/IQ_1.dat,91,7134309,21,11,0,test,diff_days_indoor,5,0,0,0,0,0,0.3291703760623932
data/raw/osu_lora/Diff_Days_Indoor_Setup/Day5/Device23/IQ_1.dat,92,7212708,21,10,0,test,diff_days_indoor,5,0,0,0,0,0,0.3857383131980896
data/raw/osu_lora/Diff_Days_Indoor_Setup/Day5/Device23/IQ_1.dat,93,7291107,21,10,0,test,diff_days_indoor,5,0,0,0,0,0,0.43711984157562256
data/raw/osu_lora/Diff_Days_Indoor_Setup/Day5/Device23/IQ_1.dat,94,7369506,21,21,1,test,diff_days_indoor,5,0,0,0,0,0,0.3687083125114441
data/raw/osu_lora/Diff_Days_Indoor_Setup/Day5/Device23/IQ_1.dat,95,7447905,21,13,0,test,diff_days_indoor,5,0,0,0,0,0,0.2211054414510727
data/raw/osu_lora/Diff_Days_Indoor_Setup/Day5/Device23/IQ_1.dat,96,7526304,21,21,1,test,diff_days_indoor,5,0,0,0,0,0,0.21241357922554016
data/raw/osu_lora/Diff_Days_Indoor_Setup/Day5/Device23/IQ_1.dat,97,7604703,21,14,0,test,diff_days_indoor,5,0,0,0,0,0,0.21660976111888885
data/raw/osu_lora/Diff_Days_Indoor_Setup/Day5/Device23/IQ_1.dat,98,7683102,21,10,0,test,diff_days_indoor,5,0,0,0,0,0,0.36940598487854004
data/raw/osu_lora/Diff_Days_Indoor_Setup/Day5/Device23/IQ_1.dat,99,7761501,21,10,0,test,diff_days_indoor,5,0,0,0,0,0,0.4555743932723999
data/raw/osu_lora/Diff_Days_Indoor_Setup/Day5/Device23/IQ_1.dat,100,7839900,21,21,1,test,diff_days_indoor,5,0,0,0,0,0,0.205535888671875
data/raw/osu_lora/Diff_Days_Indoor_Setup/Day5/Device23/IQ_1.dat,101,7918299,21,10,0,test,diff_days_indoor,5,0,0,0,0,0,0.5419946312904358
data/raw/osu_lora/Diff_Days_Indoor_Setup/Day5/Device23/IQ_1.dat,102,7996698,21,21,1,test,diff_days_indoor,5,0,0,0,0,0,0.2515849471092224
data/raw/osu_lora/Diff_Days_Indoor_Setup/Day5/Device23/IQ_1.dat,103,8075097,21,10,0,test,diff_days_indoor,5,0,0,0,0,0,0.360185444355011
data/raw/osu_lora/Diff_Days_Indoor_Setup/Day5/Device23/IQ_1.dat,104,8153496,21,21,1,test,diff_days_indoor,5,0,0,0,0,0,0.24442529678344727
data/raw/osu_lora/Diff_Days_Indoor_Setup/Day5/Device23/IQ_1.dat,105,8231895,21,21,1,test,diff_days_indoor,5,0,0,0,0,0,0.25457999110221863
data/raw/osu_lora/Diff_Days_Indoor_Setup/Day5/Device23/IQ_1.dat,106,8310294,21,21,1,test,diff_days_indoor,5,0,0,0,0,0,0.29339009523391724
data/raw/osu_lora/Diff_Days_Indoor_Setup/Day5/Device23/IQ_1.dat,107,8388693,21,10,0,test,diff_days_indoor,5,0,0,0,0,0,0.3212624192237854
data/raw/osu_lora/Diff_Days_Indoor_Setup/Day5/Device23/IQ_1.dat,108,8467092,21,10,0,test,diff_days_indoor,5,0,0,0,0,0,0.48428475856781006
data/raw/osu_lora/Diff_Days_Indoor_Setup/Day5/Device23/IQ_1.dat,109,8545491,21,4,0,test,diff_days_indoor,5,0,0,0,0,0,0.23707063496112823
data/raw/osu_lora/Diff_Days_Indoor_Setup/Day5/Device23/IQ_1.dat,110,8623890,21,14,0,test,diff_days_indoor,5,0,0,0,0,0,0.24910911917686462
data/raw/osu_lora/Diff_Days_Indoor_Setup/Day5/Device23/IQ_1.dat,111,8702289,21,21,1,test,diff_days_indoor,5,0,0,0,0,0,0.2486989051103592
data/raw/osu_lora/Diff_Days_Indoor_Setup/Day5/Device23/IQ_1.dat,112,8780688,21,21,1,test,diff_days_indoor,5,0,0,0,0,0,0.2817489802837372
data/raw/osu_lora/Diff_Days_Indoor_Setup/Day5/Device23/IQ_1.dat,113,8859087,21,21,1,test,diff_days_indoor,5,0,0,0,0,0,0.27890315651893616
data/raw/osu_lora/Diff_Days_Indoor_Setup/Day5/Device23/IQ_1.dat,114,8937486,21,21,1,test,diff_days_indoor,5,0,0,0,0,0,0.3027810752391815
data/raw/osu_lora/Diff_Days_Indoor_Setup/Day5/Device23/IQ_1.dat,115,9015885,21,9,0,test,diff_days_indoor,5,0,0,0,0,0,0.25484296679496765
data/raw/osu_lora/Diff_Days_Indoor_Setup/Day5/Device23/IQ_1.dat,116,9094284,21,21,1,test,diff_days_indoor,5,0,0,0,0,0,0.2700043022632599
data/raw/osu_lora/Diff_Days_Indoor_Setup/Day5/Device23/IQ_1.dat,117,9172683,21,21,1,test,diff_days_indoor,5,0,0,0,0,0,0.2388627678155899
data/raw/osu_lora/Diff_Days_Indoor_Setup/Day5/Device23/IQ_1.dat,118,9251082,21,11,0,test,diff_days_indoor,5,0,0,0,0,0,0.3391765058040619
data/raw/osu_lora/Diff_Days_Indoor_Setup/Day5/Device23/IQ_1.dat,119,9329481,21,21,1,test,diff_days_indoor,5,0,0,0,0,0,0.39220935106277466
data/raw/osu_lora/Diff_Days_Indoor_Setup/Day5/Device23/IQ_1.dat,120,9407880,21,10,0,test,diff_days_indoor,5,0,0,0,0,0,0.33621466159820557
data/raw/osu_lora/Diff_Days_Indoor_Setup/Day5/Device23/IQ_1.dat,121,9486279,21,21,1,test,diff_days_indoor,5,0,0,0,0,0,0.3822949528694153
data/raw/osu_lora/Diff_Days_Indoor_Setup/Day5/Device23/IQ_1.dat,122,9564678,21,10,0,test,diff_days_indoor,5,0,0,0,0,0,0.3043653666973114
data/raw/osu_lora/Diff_Days_Indoor_Setup/Day5/Device23/IQ_1.dat,123,9643077,21,10,0,test,diff_days_indoor,5,0,0,0,0,0,0.4642454981803894
data/raw/osu_lora/Diff_Days_Indoor_Setup/Day5/Device23/IQ_1.dat,124,9721476,21,14,0,test,diff_days_indoor,5,0,0,0,0,0,0.22614431381225586
data/raw/osu_lora/Diff_Days_Indoor_Setup/Day5/Device23/IQ_1.dat,125,9799875,21,21,1,test,diff_days_indoor,5,0,0,0,0,0,0.32772669196128845
data/raw/osu_lora/Diff_Days_Indoor_Setup/Day5/Device23/IQ_1.dat,126,9878274,21,21,1,test,diff_days_indoor,5,0,0,0,0,0,0.27475491166114807
data/raw/osu_lora/Diff_Days_Indoor_Setup/Day5/Device23/IQ_1.dat,127,9956673,21,14,0,test,diff_days_indoor,5,0,0,0,0,0,0.30717599391937256
data/raw/osu_lora/Diff_Days_Indoor_Setup/Day5/Device23/IQ_1.dat,128,10035072,21,21,1,test,diff_days_indoor,5,0,0,0,0,0,0.2827560603618622
data/raw/osu_lora/Diff_Days_Indoor_Setup/Day5/Device23/IQ_1.dat,129,10113471,21,9,0,test,diff_days_indoor,5,0,0,0,0,0,0.2819192111492157
data/raw/osu_lora/Diff_Days_Indoor_Setup/Day5/Device23/IQ_1.dat,130,10191870,21,14,0,test,diff_days_indoor,5,0,0,0,0,0,0.26543083786964417
data/raw/osu_lora/Diff_Days_Indoor_Setup/Day5/Device23/IQ_1.dat,131,10270269,21,12,0,test,diff_days_indoor,5,0,0,0,0,0,0.2001272290945053
data/raw/osu_lora/Diff_Days_Indoor_Setup/Day5/Device23/IQ_1.dat,132,10348668,21,21,1,test,diff_days_indoor,5,0,0,0,0,0,0.21325425803661346
data/raw/osu_lora/Diff_Days_Indoor_Setup/Day5/Device23/IQ_1.dat,133,10427067,21,10,0,test,diff_days_indoor,5,0,0,0,0,0,0.469051718711853
data/raw/osu_lora/Diff_Days_Indoor_Setup/Day5/Device23/IQ_1.dat,134,10505466,21,14,0,test,diff_days_indoor,5,0,0,0,0,0,0.23261751234531403
data/raw/osu_lora/Diff_Days_Indoor_Setup/Day5/Device23/IQ_1.dat,135,10583865,21,22,0,test,diff_days_indoor,5,0,0,0,0,0,0.07352588325738907
data/raw/osu_lora/Diff_Days_Indoor_Setup/Day5/Device23/IQ_1.dat,136,10662264,21,10,0,test,diff_days_indoor,5,0,0,0,0,0,0.5871194005012512
data/raw/osu_lora/Diff_Days_Indoor_Setup/Day5/Device23/IQ_1.dat,137,10740663,21,10,0,test,diff_days_indoor,5,0,0,0,0,0,0.3313329517841339
data/raw/osu_lora/Diff_Days_Indoor_Setup/Day5/Device23/IQ_1.dat,138,10819062,21,10,0,test,diff_days_indoor,5,0,0,0,0,0,0.5147594213485718
data/raw/osu_lora/Diff_Days_Indoor_Setup/Day5/Device23/IQ_1.dat,139,10897461,21,21,1,test,diff_days_indoor,5,0,0,0,0,0,0.32331275939941406
data/raw/osu_lora/Diff_Days_Indoor_Setup/Day5/Device23/IQ_1.dat,140,10975860,21,11,0,test,diff_days_indoor,5,0,0,0,0,0,0.23447872698307037
data/raw/osu_lora/Diff_Days_Indoor_Setup/Day5/Device23/IQ_1.dat,141,11054259,21,21,1,test,diff_days_indoor,5,0,0,0,0,0,0.3460788428783417
data/raw/osu_lora/Diff_Days_Indoor_Setup/Day5/Device23/IQ_1.dat,142,11132658,21,21,1,test,diff_days_indoor,5,0,0,0,0,0,0.32034024596214294
data/raw/osu_lora/Diff_Days_Indoor_Setup/Day5/Device23/IQ_1.dat,143,11211057,21,14,0,test,diff_days_indoor,5,0,0,0,0,0,0.190676748752594
data/raw/osu_lora/Diff_Days_Indoor_Setup/Day5/Device23/IQ_1.dat,144,11289456,21,21,1,test,diff_days_indoor,5,0,0,0,0,0,0.32552284002304077
data/raw/osu_lora/Diff_Days_Indoor_Setup/Day5/Device23/IQ_1.dat,145,11367855,21,21,1,test,diff_days_indoor,5,0,0,0,0,0,0.31428173184394836
data/raw/osu_lora/Diff_Days_Indoor_Setup/Day5/Device23/IQ_1.dat,146,11446254,21,10,0,test,diff_days_indoor,5,0,0,0,0,0,0.4840583801269531
data/raw/osu_lora/Diff_Days_Indoor_Setup/Day5/Device23/IQ_1.dat,147,11524653,21,14,0,test,diff_days_indoor,5,0,0,0,0,0,0.2508281469345093
data/raw/osu_lora/Diff_Days_Indoor_Setup/Day5/Device23/IQ_1.dat,148,11603052,21,10,0,test,diff_days_indoor,5,0,0,0,0,0,0.5233860015869141
data/raw/osu_lora/Diff_Days_Indoor_Setup/Day5/Device23/IQ_1.dat,149,11681451,21,10,0,test,diff_days_indoor,5,0,0,0,0,0,0.47160637378692627
data/raw/osu_lora/Diff_Days_Indoor_Setup/Day5/Device23/IQ_1.dat,150,11759850,21,21,1,test,diff_days_indoor,5,0,0,0,0,0,0.25992733240127563
data/raw/osu_lora/Diff_Days_Indoor_Setup/Day5/Device23/IQ_1.dat,151,11838249,21,21,1,test,diff_days_indoor,5,0,0,0,0,0,0.2431745082139969
data/raw/osu_lora/Diff_Days_Indoor_Setup/Day5/Device23/IQ_1.dat,152,11916648,21,14,0,test,diff_days_indoor,5,0,0,0,0,0,0.24595381319522858
data/raw/osu_lora/Diff_Days_Indoor_Setup/Day5/Device23/IQ_1.dat,153,11995047,21,21,1,test,diff_days_indoor,5,0,0,0,0,0,0.24389949440956116
data/raw/osu_lora/Diff_Days_Indoor_Setup/Day5/Device23/IQ_1.dat,154,12073446,21,21,1,test,diff_days_indoor,5,0,0,0,0,0,0.31041693687438965
data/raw/osu_lora/Diff_Days_Indoor_Setup/Day5/Device23/IQ_1.dat,155,12151845,21,21,1,test,diff_days_indoor,5,0,0,0,0,0,0.24420148134231567
data/raw/osu_lora/Diff_Days_Indoor_Setup/Day5/Device23/IQ_1.dat,156,12230244,21,10,0,test,diff_days_indoor,5,0,0,0,0,0,0.5431428551673889
data/raw/osu_lora/Diff_Days_Indoor_Setup/Day5/Device23/IQ_1.dat,157,12308643,21,9,0,test,diff_days_indoor,5,0,0,0,0,0,0.23783932626247406
data/raw/osu_lora/Diff_Days_Indoor_Setup/Day5/Device23/IQ_1.dat,158,12387042,21,10,0,test,diff_days_indoor,5,0,0,0,0,0,0.35916614532470703
data/raw/osu_lora/Diff_Days_Indoor_Setup/Day5/Device23/IQ_1.dat,159,12465441,21,10,0,test,diff_days_indoor,5,0,0,0,0,0,0.45024237036705017
data/raw/osu_lora/Diff_Days_Indoor_Setup/Day5/Device23/IQ_1.dat,160,12543840,21,10,0,test,diff_days_indoor,5,0,0,0,0,0,0.48378393054008484
data/raw/osu_lora/Diff_Days_Indoor_Setup/Day5/Device23/IQ_1.dat,161,12622239,21,14,0,test,diff_days_indoor,5,0,0,0,0,0,0.2478172779083252
data/raw/osu_lora/Diff_Days_Indoor_Setup/Day5/Device23/IQ_1.dat,162,12700638,21,21,1,test,diff_days_indoor,5,0,0,0,0,0,0.32802754640579224
data/raw/osu_lora/Diff_Days_Indoor_Setup/Day5/Device23/IQ_1.dat,163,12779037,21,21,1,test,diff_days_indoor,5,0,0,0,0,0,0.23698581755161285
data/raw/osu_lora/Diff_Days_Indoor_Setup/Day5/Device23/IQ_1.dat,164,12857436,21,13,0,test,diff_days_indoor,5,0,0,0,0,0,0.1476510465145111
data/raw/osu_lora/Diff_Days_Indoor_Setup/Day5/Device23/IQ_1.dat,165,12935835,21,14,0,test,diff_days_indoor,5,0,0,0,0,0,0.21784184873104095
data/raw/osu_lora/Diff_Days_Indoor_Setup/Day5/Device23/IQ_1.dat,166,13014234,21,21,1,test,diff_days_indoor,5,0,0,0,0,0,0.2454732060432434
data/raw/osu_lora/Diff_Days_Indoor_Setup/Day5/Device23/IQ_1.dat,167,13092633,21,21,1,test,diff_days_indoor,5,0,0,0,0,0,0.3443084955215454
data/raw/osu_lora/Diff_Days_Indoor_Setup/Day5/Device23/IQ_1.dat,168,13171032,21,10,0,test,diff_days_indoor,5,0,0,0,0,0,0.5315247774124146
data/raw/osu_lora/Diff_Days_Indoor_Setup/Day5/Device23/IQ_1.dat,169,13249431,21,21,1,test,diff_days_indoor,5,0,0,0,0,0,0.3557106554508209
data/raw/osu_lora/Diff_Days_Indoor_Setup/Day5/Device23/IQ_1.dat,170,13327830,21,10,0,test,diff_days_indoor,5,0,0,0,0,0,0.2962387800216675
data/raw/osu_lora/Diff_Days_Indoor_Setup/Day5/Device23/IQ_1.dat,171,13406229,21,10,0,test,diff_days_indoor,5,0,0,0,0,0,0.33292391896247864
data/raw/osu_lora/Diff_Days_Indoor_Setup/Day5/Device23/IQ_1.dat,172,13484628,21,21,1,test,diff_days_indoor,5,0,0,0,0,0,0.3318251073360443
data/raw/osu_lora/Diff_Days_Indoor_Setup/Day5/Device23/IQ_1.dat,173,13563027,21,10,0,test,diff_days_indoor,5,0,0,0,0,0,0.4954410195350647
data/raw/osu_lora/Diff_Days_Indoor_Setup/Day5/Device23/IQ_1.dat,174,13641426,21,10,0,test,diff_days_indoor,5,0,0,0,0,0,0.4538935720920563
data/raw/osu_lora/Diff_Days_Indoor_Setup/Day5/Device23/IQ_1.dat,175,13719825,21,21,1,test,diff_days_indoor,5,0,0,0,0,0,0.3289068341255188
data/raw/osu_lora/Diff_Days_Indoor_Setup/Day5/Device23/IQ_1.dat,176,13798224,21,14,0,test,diff_days_indoor,5,0,0,0,0,0,0.2655678391456604
data/raw/osu_lora/Diff_Days_Indoor_Setup/Day5/Device23/IQ_1.dat,177,13876623,21,10,0,test,diff_days_indoor,5,0,0,0,0,0,0.244741752743721
data/raw/osu_lora/Diff_Days_Indoor_Setup/Day5/Device23/IQ_1.dat,178,13955022,21,13,0,test,diff_days_indoor,5,0,0,0,0,0,0.21868163347244263
data/raw/osu_lora/Diff_Days_Indoor_Setup/Day5/Device23/IQ_1.dat,179,14033421,21,21,1,test,diff_days_indoor,5,0,0,0,0,0,0.3633750379085541
data/raw/osu_lora/Diff_Days_Indoor_Setup/Day5/Device23/IQ_1.dat,180,14111820,21,14,0,test,diff_days_indoor,5,0,0,0,0,0,0.20189204812049866
data/raw/osu_lora/Diff_Days_Indoor_Setup/Day5/Device23/IQ_1.dat,181,14190219,21,10,0,test,diff_days_indoor,5,0,0,0,0,0,0.45231369137763977
data/raw/osu_lora/Diff_Days_Indoor_Setup/Day5/Device23/IQ_1.dat,182,14268618,21,9,0,test,diff_days_indoor,5,0,0,0,0,0,0.18116873502731323
data/raw/osu_lora/Diff_Days_Indoor_Setup/Day5/Device23/IQ_1.dat,183,14347017,21,10,0,test,diff_days_indoor,5,0,0,0,0,0,0.5441796183586121
data/raw/osu_lora/Diff_Days_Indoor_Setup/Day5/Device23/IQ_1.dat,184,14425416,21,10,0,test,diff_days_indoor,5,0,0,0,0,0,0.47740480303764343
data/raw/osu_lora/Diff_Days_Indoor_Setup/Day5/Device23/IQ_1.dat,185,14503815,21,21,1,test,diff_days_indoor,5,0,0,0,0,0,0.33869823813438416
data/raw/osu_lora/Diff_Days_Indoor_Setup/Day5/Device23/IQ_1.dat,186,14582214,21,9,0,test,diff_days_indoor,5,0,0,0,0,0,0.24643494188785553
data/raw/osu_lora/Diff_Days_Indoor_Setup/Day5/Device23/IQ_1.dat,187,14660613,21,21,1,test,diff_days_indoor,5,0,0,0,0,0,0.3006359934806824
data/raw/osu_lora/Diff_Days_Indoor_Setup/Day5/Device23/IQ_1.dat,188,14739012,21,4,0,test,diff_days_indoor,5,0,0,0,0,0,0.3359561860561371
data/raw/osu_lora/Diff_Days_Indoor_Setup/Day5/Device23/IQ_1.dat,189,14817411,21,21,1,test,diff_days_indoor,5,0,0,0,0,0,0.21900489926338196
data/raw/osu_lora/Diff_Days_Indoor_Setup/Day5/Device23/IQ_1.dat,190,14895810,21,21,1,test,diff_days_indoor,5,0,0,0,0,0,0.2444467842578888
data/raw/osu_lora/Diff_Days_Indoor_Setup/Day5/Device23/IQ_1.dat,191,14974209,21,10,0,test,diff_days_indoor,5,0,0,0,0,0,0.48846524953842163
data/raw/osu_lora/Diff_Days_Indoor_Setup/Day5/Device23/IQ_1.dat,192,15052608,21,21,1,test,diff_days_indoor,5,0,0,0,0,0,0.3230150640010834
data/raw/osu_lora/Diff_Days_Indoor_Setup/Day5/Device23/IQ_1.dat,193,15131007,21,21,1,test,diff_days_indoor,5,0,0,0,0,0,0.3050602972507477
data/raw/osu_lora/Diff_Days_Indoor_Setup/Day5/Device23/IQ_1.dat,194,15209406,21,9,0,test,diff_days_indoor,5,0,0,0,0,0,0.22056794166564941
data/raw/osu_lora/Diff_Days_Indoor_Setup/Day5/Device23/IQ_1.dat,195,15287805,21,9,0,test,diff_days_indoor,5,0,0,0,0,0,0.1797717958688736
data/raw/osu_lora/Diff_Days_Indoor_Setup/Day5/Device23/IQ_1.dat,196,15366204,21,10,0,test,diff_days_indoor,5,0,0,0,0,0,0.5034748911857605
data/raw/osu_lora/Diff_Days_Indoor_Setup/Day5/Device23/IQ_1.dat,197,15444603,21,10,0,test,diff_days_indoor,5,0,0,0,0,0,0.404055118560791
data/raw/osu_lora/Diff_Days_Indoor_Setup/Day5/Device23/IQ_1.dat,198,15523002,21,21,1,test,diff_days_indoor,5,0,0,0,0,0,0.25551238656044006
data/raw/osu_lora/Diff_Days_Indoor_Setup/Day5/Device23/IQ_1.dat,199,15601401,21,21,1,test,diff_days_indoor,5,0,0,0,0,0,0.24556630849838257
data/raw/osu_lora/Diff_Days_Indoor_Setup/Day5/Device23/IQ_1.dat,200,15679800,21,14,0,test,diff_days_indoor,5,0,0,0,0,0,0.2731521725654602
data/raw/osu_lora/Diff_Days_Indoor_Setup/Day5/Device23/IQ_1.dat,201,15758199,21,9,0,test,diff_days_indoor,5,0,0,0,0,0,0.30509448051452637
data/raw/osu_lora/Diff_Days_Indoor_Setup/Day5/Device23/IQ_1.dat,202,15836598,21,21,1,test,diff_days_indoor,5,0,0,0,0,0,0.1607213020324707
data/raw/osu_lora/Diff_Days_Indoor_Setup/Day5/Device23/IQ_1.dat,203,15914997,21,9,0,test,diff_days_indoor,5,0,0,0,0,0,0.23340065777301788
data/raw/osu_lora/Diff_Days_Indoor_Setup/Day5/Device23/IQ_1.dat,204,15993396,21,21,1,test,diff_days_indoor,5,0,0,0,0,0,0.3092194199562073
data/raw/osu_lora/Diff_Days_Indoor_Setup/Day5/Device23/IQ_1.dat,205,16071795,21,21,1,test,diff_days_indoor,5,0,0,0,0,0,0.22675646841526031
data/raw/osu_lora/Diff_Days_Indoor_Setup/Day5/Device23/IQ_1.dat,206,16150194,21,10,0,test,diff_days_indoor,5,0,0,0,0,0,0.5285369157791138
data/raw/osu_lora/Diff_Days_Indoor_Setup/Day5/Device23/IQ_1.dat,207,16228593,21,10,0,test,diff_days_indoor,5,0,0,0,0,0,0.4640304446220398
data/raw/osu_lora/Diff_Days_Indoor_Setup/Day5/Device23/IQ_1.dat,208,16306992,21,14,0,test,diff_days_indoor,5,0,0,0,0,0,0.2070835381746292
data/raw/osu_lora/Diff_Days_Indoor_Setup/Day5/Device23/IQ_1.dat,209,16385391,21,10,0,test,diff_days_indoor,5,0,0,0,0,0,0.42527952790260315
data/raw/osu_lora/Diff_Days_Indoor_Setup/Day5/Device23/IQ_1.dat,210,16463790,21,21,1,test,diff_days_indoor,5,0,0,0,0,0,0.2875979244709015
data/raw/osu_lora/Diff_Days_Indoor_Setup/Day5/Device23/IQ_1.dat,211,16542189,21,10,0,test,diff_days_indoor,5,0,0,0,0,0,0.3491429090499878
data/raw/osu_lora/Diff_Days_Indoor_Setup/Day5/Device23/IQ_1.dat,212,16620588,21,21,1,test,diff_days_indoor,5,0,0,0,0,0,0.26609644293785095
data/raw/osu_lora/Diff_Days_Indoor_Setup/Day5/Device23/IQ_1.dat,213,16698987,21,10,0,test,diff_days_indoor,5,0,0,0,0,0,0.36510026454925537
data/raw/osu_lora/Diff_Days_Indoor_Setup/Day5/Device23/IQ_1.dat,214,16777386,21,9,0,test,diff_days_indoor,5,0,0,0,0,0,0.23465102910995483
data/raw/osu_lora/Diff_Days_Indoor_Setup/Day5/Device23/IQ_1.dat,215,16855785,21,10,0,test,diff_days_indoor,5,0,0,0,0,0,0.4007929563522339
data/raw/osu_lora/Diff_Days_Indoor_Setup/Day5/Device23/IQ_1.dat,216,16934184,21,21,1,test,diff_days_indoor,5,0,0,0,0,0,0.3493601381778717
data/raw/osu_lora/Diff_Days_Indoor_Setup/Day5/Device23/IQ_1.dat,217,17012583,21,14,0,test,diff_days_indoor,5,0,0,0,0,0,0.25125136971473694
data/raw/osu_lora/Diff_Days_Indoor_Setup/Day5/Device23/IQ_1.dat,218,17090982,21,9,0,test,diff_days_indoor,5,0,0,0,0,0,0.24502232670783997
data/raw/osu_lora/Diff_Days_Indoor_Setup/Day5/Device23/IQ_1.dat,219,17169381,21,10,0,test,diff_days_indoor,5,0,0,0,0,0,0.46905139088630676
data/raw/osu_lora/Diff_Days_Indoor_Setup/Day5/Device23/IQ_1.dat,220,17247780,21,14,0,test,diff_days_indoor,5,0,0,0,0,0,0.20541298389434814
data/raw/osu_lora/Diff_Days_Indoor_Setup/Day5/Device23/IQ_1.dat,221,17326179,21,10,0,test,diff_days_indoor,5,0,0,0,0,0,0.4992618262767792
data/raw/osu_lora/Diff_Days_Indoor_Setup/Day5/Device23/IQ_1.dat,222,17404578,21,9,0,test,diff_days_indoor,5,0,0,0,0,0,0.2681082487106323
data/raw/osu_lora/Diff_Days_Indoor_Setup/Day5/Device23/IQ_1.dat,223,17482977,21,10,0,test,diff_days_indoor,5,0,0,0,0,0,0.25234076380729675
data/raw/osu_lora/Diff_Days_Indoor_Setup/Day5/Device23/IQ_1.dat,224,17561376,21,14,0,test,diff_days_indoor,5,0,0,0,0,0,0.23041798174381256
data/raw/osu_lora/Diff_Days_Indoor_Setup/Day5/Device23/IQ_1.dat,225,17639775,21,9,0,test,diff_days_indoor,5,0,0,0,0,0,0.23050697147846222
data/raw/osu_lora/Diff_Days_Indoor_Setup/Day5/Device23/IQ_1.dat,226,17718174,21,10,0,test,diff_days_indoor,5,0,0,0,0,0,0.5497599244117737
data/raw/osu_lora/Diff_Days_Indoor_Setup/Day5/Device23/IQ_1.dat,227,17796573,21,11,0,test,diff_days_indoor,5,0,0,0,0,0,0.2520589828491211
data/raw/osu_lora/Diff_Days_Indoor_Setup/Day5/Device23/IQ_1.dat,228,17874972,21,21,1,test,diff_days_indoor,5,0,0,0,0,0,0.24144040048122406
data/raw/osu_lora/Diff_Days_Indoor_Setup/Day5/Device23/IQ_1.dat,229,17953371,21,9,0,test,diff_days_indoor,5,0,0,0,0,0,0.3218204379081726
data/raw/osu_lora/Diff_Days_Indoor_Setup/Day5/Device23/IQ_1.dat,230,18031770,21,10,0,test,diff_days_indoor,5,0,0,0,0,0,0.45554739236831665
data/raw/osu_lora/Diff_Days_Indoor_Setup/Day5/Device23/IQ_1.dat,231,18110169,21,21,1,test,diff_days_indoor,5,0,0,0,0,0,0.4037795662879944
data/raw/osu_lora/Diff_Days_Indoor_Setup/Day5/Device23/IQ_1.dat,232,18188568,21,10,0,test,diff_days_indoor,5,0,0,0,0,0,0.4061809778213501
data/raw/osu_lora/Diff_Days_Indoor_Setup/Day5/Device23/IQ_1.dat,233,18266967,21,21,1,test,diff_days_indoor,5,0,0,0,0,0,0.22850970923900604
data/raw/osu_lora/Diff_Days_Indoor_Setup/Day5/Device23/IQ_1.dat,234,18345366,21,21,1,test,diff_days_indoor,5,0,0,0,0,0,0.2576998770236969
data/raw/osu_lora/Diff_Days_Indoor_Setup/Day5/Device23/IQ_1.dat,235,18423765,21,9,0,test,diff_days_indoor,5,0,0,0,0,0,0.2098936140537262
data/raw/osu_lora/Diff_Days_Indoor_Setup/Day5/Device23/IQ_1.dat,236,18502164,21,9,0,test,diff_days_indoor,5,0,0,0,0,0,0.22198674082756042
data/raw/osu_lora/Diff_Days_Indoor_Setup/Day5/Device23/IQ_1.dat,237,18580563,21,21,1,test,diff_days_indoor,5,0,0,0,0,0,0.3486045002937317
data/raw/osu_lora/Diff_Days_Indoor_Setup/Day5/Device23/IQ_1.dat,238,18658962,21,14,0,test,diff_days_indoor,5,0,0,0,0,0,0.2788166403770447
data/raw/osu_lora/Diff_Days_Indoor_Setup/Day5/Device23/IQ_1.dat,239,18737361,21,21,1,test,diff_days_indoor,5,0,0,0,0,0,0.28827449679374695
data/raw/osu_lora/Diff_Days_Indoor_Setup/Day5/Device23/IQ_1.dat,240,18815760,21,10,0,test,diff_days_indoor,5,0,0,0,0,0,0.4302903115749359
data/raw/osu_lora/Diff_Days_Indoor_Setup/Day5/Device23/IQ_1.dat,241,18894159,21,21,1,test,diff_days_indoor,5,0,0,0,0,0,0.382100909948349
data/raw/osu_lora/Diff_Days_Indoor_Setup/Day5/Device23/IQ_1.dat,242,18972558,21,11,0,test,diff_days_indoor,5,0,0,0,0,0,0.2094229906797409
data/raw/osu_lora/Diff_Days_Indoor_Setup/Day5/Device23/IQ_1.dat,243,19050957,21,10,0,test,diff_days_indoor,5,0,0,0,0,0,0.5535023212432861
data/raw/osu_lora/Diff_Days_Indoor_Setup/Day5/Device23/IQ_1.dat,244,19129356,21,21,1,test,diff_days_indoor,5,0,0,0,0,0,0.288752943277359
data/raw/osu_lora/Diff_Days_Indoor_Setup/Day5/Device23/IQ_1.dat,245,19207755,21,9,0,test,diff_days_indoor,5,0,0,0,0,0,0.2705236077308655
data/raw/osu_lora/Diff_Days_Indoor_Setup/Day5/Device23/IQ_1.dat,246,19286154,21,14,0,test,diff_days_indoor,5,0,0,0,0,0,0.2414090782403946
data/raw/osu_lora/Diff_Days_Indoor_Setup/Day5/Device23/IQ_1.dat,247,19364553,21,10,0,test,diff_days_indoor,5,0,0,0,0,0,0.49769189953804016
data/raw/osu_lora/Diff_Days_Indoor_Setup/Day5/Device23/IQ_1.dat,248,19442952,21,21,1,test,diff_days_indoor,5,0,0,0,0,0,0.32031020522117615
data/raw/osu_lora/Diff_Days_Indoor_Setup/Day5/Device23/IQ_1.dat,249,19521351,21,21,1,test,diff_days_indoor,5,0,0,0,0,0,0.39288780093193054
data/raw/osu_lora/Diff_Days_Indoor_Setup/Day5/Device23/IQ_1.dat,250,19599750,21,9,0,test,diff_days_indoor,5,0,0,0,0,0,0.20967569947242737
data/raw/osu_lora/Diff_Days_Indoor_Setup/Day5/Device23/IQ_1.dat,251,19678149,21,10,0,test,diff_days_indoor,5,0,0,0,0,0,0.44650617241859436
data/raw/osu_lora/Diff_Days_Indoor_Setup/Day5/Device23/IQ_1.dat,252,19756548,21,10,0,test,diff_days_indoor,5,0,0,0,0,0,0.16694031655788422
data/raw/osu_lora/Diff_Days_Indoor_Setup/Day5/Device23/IQ_1.dat,253,19834947,21,21,1,test,diff_days_indoor,5,0,0,0,0,0,0.3503022789955139
data/raw/osu_lora/Diff_Days_Indoor_Setup/Day5/Device23/IQ_1.dat,254,19913346,21,9,0,test,diff_days_indoor,5,0,0,0,0,0,0.26674550771713257
data/raw/osu_lora/Diff_Days_Indoor_Setup/Day5/Device23/IQ_1.dat,255,19991745,21,8,0,test,diff_days_indoor,5,0,0,0,0,0,0.11067786067724228
data/raw/osu_lora/Diff_Days_Indoor_Setup/Day5/Device24/IQ_1.dat,0,0,22,22,1,test,diff_days_indoor,5,0,0,0,0,0,0.34506770968437195
data/raw/osu_lora/Diff_Days_Indoor_Setup/Day5/Device24/IQ_1.dat,1,78399,22,23,0,test,diff_days_indoor,5,0,0,0,0,0,0.2721728980541229
data/raw/osu_lora/Diff_Days_Indoor_Setup/Day5/Device24/IQ_1.dat,2,156798,22,22,1,test,diff_days_indoor,5,0,0,0,0,0,0.3224093019962311
data/raw/osu_lora/Diff_Days_Indoor_Setup/Day5/Device24/IQ_1.dat,3,235197,22,23,0,test,diff_days_indoor,5,0,0,0,0,0,0.27014753222465515
data/raw/osu_lora/Diff_Days_Indoor_Setup/Day5/Device24/IQ_1.dat,4,313596,22,19,0,test,diff_days_indoor,5,0,0,0,0,0,0.28984907269477844
data/raw/osu_lora/Diff_Days_Indoor_Setup/Day5/Device24/IQ_1.dat,5,391995,22,22,1,test,diff_days_indoor,5,0,0,0,0,0,0.2867848873138428
data/raw/osu_lora/Diff_Days_Indoor_Setup/Day5/Device24/IQ_1.dat,6,470394,22,22,1,test,diff_days_indoor,5,0,0,0,0,0,0.299777090549469
data/raw/osu_lora/Diff_Days_Indoor_Setup/Day5/Device24/IQ_1.dat,7,548793,22,22,1,test,diff_days_indoor,5,0,0,0,0,0,0.294082909822464
data/raw/osu_lora/Diff_Days_Indoor_Setup/Day5/Device24/IQ_1.dat,8,627192,22,8,0,test,diff_days_indoor,5,0,0,0,0,0,0.103772833943367
data/raw/osu_lora/Diff_Days_Indoor_Setup/Day5/Device24/IQ_1.dat,9,705591,22,23,0,test,diff_days_indoor,5,0,0,0,0,0,0.23521173000335693
data/raw/osu_lora/Diff_Days_Indoor_Setup/Day5/Device24/IQ_1.dat,10,783990,22,23,0,test,diff_days_indoor,5,0,0,0,0,0,0.27822181582450867
data/raw/osu_lora/Diff_Days_Indoor_Setup/Day5/Device24/IQ_1.dat,11,862389,22,22,1,test,diff_days_indoor,5,0,0,0,0,0,0.3106769323348999
data/raw/osu_lora/Diff_Days_Indoor_Setup/Day5/Device24/IQ_1.dat,12,940788,22,22,1,test,diff_days_indoor,5,0,0,0,0,0,0.2991539537906647
data/raw/osu_lora/Diff_Days_Indoor_Setup/Day5/Device24/IQ_1.dat,13,1019187,22,22,1,test,diff_days_indoor,5,0,0,0,0,0,0.25336793065071106
data/raw/osu_lora/Diff_Days_Indoor_Setup/Day5/Device24/IQ_1.dat,14,1097586,22,22,1,test,diff_days_indoor,5,0,0,0,0,0,0.35545027256011963
data/raw/osu_lora/Diff_Days_Indoor_Setup/Day5/Device24/IQ_1.dat,15,1175985,22,22,1,test,diff_days_indoor,5,0,0,0,0,0,0.31747227907180786
data/raw/osu_lora/Diff_Days_Indoor_Setup/Day5/Device24/IQ_1.dat,16,1254384,22,22,1,test,diff_days_indoor,5,0,0,0,0,0,0.31797540187835693
data/raw/osu_lora/Diff_Days_Indoor_Setup/Day5/Device24/IQ_1.dat,17,1332783,22,23,0,test,diff_days_indoor,5,0,0,0,0,0,0.2587679326534271
data/raw/osu_lora/Diff_Days_Indoor_Setup/Day5/Device24/IQ_1.dat,18,1411182,22,22,1,test,diff_days_indoor,5,0,0,0,0,0,0.35345110297203064
data/raw/osu_lora/Diff_Days_Indoor_Setup/Day5/Device24/IQ_1.dat,19,1489581,22,22,1,test,diff_days_indoor,5,0,0,0,0,0,0.3170289099216461
data/raw/osu_lora/Diff_Days_Indoor_Setup/Day5/Device24/IQ_1.dat,20,1567980,22,7,0,test,diff_days_indoor,5,0,0,0,0,0,0.22003185749053955
data/raw/osu_lora/Diff_Days_Indoor_Setup/Day5/Device24/IQ_1.dat,21,1646379,22,22,1,test,diff_days_indoor,5,0,0,0,0,0,0.2861204147338867
data/raw/osu_lora/Diff_Days_Indoor_Setup/Day5/Device24/IQ_1.dat,22,1724778,22,22,1,test,diff_days_indoor,5,0,0,0,0,0,0.3083655834197998
data/raw/osu_lora/Diff_Days_Indoor_Setup/Day5/Device24/IQ_1.dat,23,1803177,22,19,0,test,diff_days_indoor,5,0,0,0,0,0,0.2857648432254791
data/raw/osu_lora/Diff_Days_Indoor_Setup/Day5/Device24/IQ_1.dat,24,1881576,22,22,1,test,diff_days_indoor,5,0,0,0,0,0,0.33471640944480896
data/raw/osu_lora/Diff_Days_Indoor_Setup/Day5/Device24/IQ_1.dat,25,1959975,22,22,1,test,diff_days_indoor,5,0,0,0,0,0,0.3016137480735779
data/raw/osu_lora/Diff_Days_Indoor_Setup/Day5/Device24/IQ_1.dat,26,2038374,22,22,1,test,diff_days_indoor,5,0,0,0,0,0,0.32745033502578735
data/raw/osu_lora/Diff_Days_Indoor_Setup/Day5/Device24/IQ_1.dat,27,2116773,22,22,1,test,diff_days_indoor,5,0,0,0,0,0,0.2936480641365051
data/raw/osu_lora/Diff_Days_Indoor_Setup/Day5/Device24/IQ_1.dat,28,2195172,22,22,1,test,diff_days_indoor,5,0,0,0,0,0,0.329602986574173
data/raw/osu_lora/Diff_Days_Indoor_Setup/Day5/Device24/IQ_1.dat,29,2273571,22,22,1,test,diff_days_indoor,5,0,0,0,0,0,0.3361310064792633
data/raw/osu_lora/Diff_Days_Indoor_Setup/Day5/Device24/IQ_1.dat,30,2351970,22,22,1,test,diff_days_indoor,5,0,0,0,0,0,0.26289114356040955
data/raw/osu_lora/Diff_Days_Indoor_Setup/Day5/Device24/IQ_1.dat,31,2430369,22,22,1,test,diff_days_indoor,5,0,0,0,0,0,0.307401567697525
data/raw/osu_lora/Diff_Days_Indoor_Setup/Day5/Device24/IQ_1.dat,32,2508768,22,22,1,test,diff_days_indoor,5,0,0,0,0,0,0.29443368315696716
data/raw/osu_lora/Diff_Days_Indoor_Setup/Day5/Device24/IQ_1.dat,33,2587167,22,7,0,test,diff_days_indoor,5,0,0,0,0,0,0.19994108378887177
data/raw/osu_lora/Diff_Days_Indoor_Setup/Day5/Device24/IQ_1.dat,34,2665566,22,23,0,test,diff_days_indoor,5,0,0,0,0,0,0.22299125790596008
data/raw/osu_lora/Diff_Days_Indoor_Setup/Day5/Device24/IQ_1.dat,35,2743965,22,22,1,test,diff_days_indoor,5,0,0,0,0,0,0.35216888785362244
data/raw/osu_lora/Diff_Days_Indoor_Setup/Day5/Device24/IQ_1.dat,36,2822364,22,22,1,test,diff_days_indoor,5,0,0,0,0,0,0.3214253783226013
data/raw/osu_lora/Diff_Days_Indoor_Setup/Day5/Device24/IQ_1.dat,37,2900763,22,22,1,test,diff_days_indoor,5,0,0,0,0,0,0.3282211720943451
data/raw/osu_lora/Diff_Days_Indoor_Setup/Day5/Device24/IQ_1.dat,38,2979162,22,22,1,test,diff_days_indoor,5,0,0,0,0,0,0.3536667823791504
data/raw/osu_lora/Diff_Days_Indoor_Setup/Day5/Device24/IQ_1.dat,39,3057561,22,7,0,test,diff_days_indoor,5,0,0,0,0,0,0.2226276695728302
data/raw/osu_lora/Diff_Days_Indoor_Setup/Day5/Device24/IQ_1.dat,40,3135960,22,22,1,test,diff_days_indoor,5,0,0,0,0,0,0.32252827286720276
data/raw/osu_lora/Diff_Days_Indoor_Setup/Day5/Device24/IQ_1.dat,41,3214359,22,23,0,test,diff_days_indoor,5,0,0,0,0,0,0.2813902199268341
data/raw/osu_lora/Diff_Days_Indoor_Setup/Day5/Device24/IQ_1.dat,42,3292758,22,23,0,test,diff_days_indoor,5,0,0,0,0,0,0.3023671805858612
data/raw/osu_lora/Diff_Days_Indoor_Setup/Day5/Device24/IQ_1.dat,43,3371157,22,22,1,test,diff_days_indoor,5,0,0,0,0,0,0.27669548988342285
data/raw/osu_lora/Diff_Days_Indoor_Setup/Day5/Device24/IQ_1.dat,44,3449556,22,19,0,test,diff_days_indoor,5,0,0,0,0,0,0.4127259850502014
data/raw/osu_lora/Diff_Days_Indoor_Setup/Day5/Device24/IQ_1.dat,45,3527955,22,22,1,test,diff_days_indoor,5,0,0,0,0,0,0.38735830783843994
data/raw/osu_lora/Diff_Days_Indoor_Setup/Day5/Device24/IQ_1.dat,46,3606354,22,22,1,test,diff_days_indoor,5,0,0,0,0,0,0.3328413963317871
data/raw/osu_lora/Diff_Days_Indoor_Setup/Day5/Device24/IQ_1.dat,47,3684753,22,22,1,test,diff_days_indoor,5,0,0,0,0,0,0.32546132802963257
data/raw/osu_lora/Diff_Days_Indoor_Setup/Day5/Device24/IQ_1.dat,48,3763152,22,22,1,test,diff_days_indoor,5,0,0,0,0,0,0.3379664719104767
data/raw/osu_lora/Diff_Days_Indoor_Setup/Day5/Device24/IQ_1.dat,49,3841551,22,23,0,test,diff_days_indoor,5,0,0,0,0,0,0.2918940484523773
data/raw/osu_lora/Diff_Days_Indoor_Setup/Day5/Device24/IQ_1.dat,50,3919950,22,22,1,test,diff_days_indoor,5,0,0,0,0,0,0.33359432220458984
data/raw/osu_lora/Diff_Days_Indoor_Setup/Day5/Device24/IQ_1.dat,51,3998349,22,22,1,test,diff_days_indoor,5,0,0,0,0,0,0.3215073347091675
data/raw/osu_lora/Diff_Days_Indoor_Setup/Day5/Device24/IQ_1.dat,52,4076748,22,15,0,test,diff_days_indoor,5,0,0,0,0,0,0.13291184604167938
data/raw/osu_lora/Diff_Days_Indoor_Setup/Day5/Device24/IQ_1.dat,53,4155147,22,22,1,test,diff_days_indoor,5,0,0,0,0,0,0.3362669050693512
data/raw/osu_lora/Diff_Days_Indoor_Setup/Day5/Device24/IQ_1.dat,54,4233546,22,19,0,test,diff_days_indoor,5,0,0,0,0,0,0.3073675036430359
data/raw/osu_lora/Diff_Days_Indoor_Setup/Day5/Device24/IQ_1.dat,55,4311945,22,22,1,test,diff_days_indoor,5,0,0,0,0,0,0.25715938210487366
data/raw/osu_lora/Diff_Days_Indoor_Setup/Day5/Device24/IQ_1.dat,56,4390344,22,22,1,test,diff_days_indoor,5,0,0,0,0,0,0.27687975764274597
data/raw/osu_lora/Diff_Days_Indoor_Setup/Day5/Device24/IQ_1.dat,57,4468743,22,22,1,test,diff_days_indoor,5,0,0,0,0,0,0.3329576849937439
data/raw/osu_lora/Diff_Days_Indoor_Setup/Day5/Device24/IQ_1.dat,58,4547142,22,22,1,test,diff_days_indoor,5,0,0,0,0,0,0.34900879859924316
data/raw/osu_lora/Diff_Days_Indoor_Setup/Day5/Device24/IQ_1.dat,59,4625541,22,23,0,test,diff_days_indoor,5,0,0,0,0,0,0.2553563714027405
data/raw/osu_lora/Diff_Days_Indoor_Setup/Day5/Device24/IQ_1.dat,60,4703940,22,22,1,test,diff_days_indoor,5,0,0,0,0,0,0.2986483573913574
data/raw/osu_lora/Diff_Days_Indoor_Setup/Day5/Device24/IQ_1.dat,61,4782339,22,22,1,test,diff_days_indoor,5,0,0,0,0,0,0.3163451552391052
data/raw/osu_lora/Diff_Days_Indoor_Setup/Day5/Device24/IQ_1.dat,62,4860738,22,23,0,test,diff_days_indoor,5,0,0,0,0,0,0.18503987789154053
data/raw/osu_lora/Diff_Days_Indoor_Setup/Day5/Device24/IQ_1.dat,63,4939137,22,22,1,test,diff_days_indoor,5,0,0,0,0,0,0.2763058841228485
data/raw/osu_lora/Diff_Days_Indoor_Setup/Day5/Device24/IQ_1.dat,64,5017536,22,22,1,test,diff_days_indoor,5,0,0,0,0,0,0.3068962097167969
data/raw/osu_lora/Diff_Days_Indoor_Setup/Day5/Device24/IQ_1.dat,65,5095935,22,22,1,test,diff_days_indoor,5,0,0,0,0,0,0.3222179114818573
data/raw/osu_lora/Diff_Days_Indoor_Setup/Day5/Device24/IQ_1.dat,66,5174334,22,22,1,test,diff_days_indoor,5,0,0,0,0,0,0.30574241280555725
data/raw/osu_lora/Diff_Days_Indoor_Setup/Day5/Device24/IQ_1.dat,67,5252733,22,23,0,test,diff_days_indoor,5,0,0,0,0,0,0.2952174246311188
data/raw/osu_lora/Diff_Days_Indoor_Setup/Day5/Device24/IQ_1.dat,68,5331132,22,22,1,test,diff_days_indoor,5,0,0,0,0,0,0.34353718161582947
data/raw/osu_lora/Diff_Days_Indoor_Setup/Day5/Device24/IQ_1.dat,69,5409531,22,23,0,test,diff_days_indoor,5,0,0,0,0,0,0.277200311422348
data/raw/osu_lora/Diff_Days_Indoor_Setup/Day5/Device24/IQ_1.dat,70,5487930,22,22,1,test,diff_days_indoor,5,0,0,0,0,0,0.29238077998161316
data/raw/osu_lora/Diff_Days_Indoor_Setup/Day5/Device24/IQ_1.dat,71,5566329,22,22,1,test,diff_days_indoor,5,0,0,0,0,0,0.3163411617279053
data/raw/osu_lora/Diff_Days_Indoor_Setup/Day5/Device24/IQ_1.dat,72,5644728,22,22,1,test,diff_days_indoor,5,0,0,0,0,0,0.29032596945762634
data/raw/osu_lora/Diff_Days_Indoor_Setup/Day5/Device24/IQ_1.dat,73,5723127,22,22,1,test,diff_days_indoor,5,0,0,0,0,0,0.31646278500556946
data/raw/osu_lora/Diff_Days_Indoor_Setup/Day5/Device24/IQ_1.dat,74,5801526,22,7,0,test,diff_days_indoor,5,0,0,0,0,0,0.25985968112945557
data/raw/osu_lora/Diff_Days_Indoor_Setup/Day5/Device24/IQ_1.dat,75,5879925,22,22,1,test,diff_days_indoor,5,0,0,0,0,0,0.32349103689193726
data/raw/osu_lora/Diff_Days_Indoor_Setup/Day5/Device24/IQ_1.dat,76,5958324,22,22,1,test,diff_days_indoor,5,0,0,0,0,0,0.2969028353691101
data/raw/osu_lora/Diff_Days_Indoor_Setup/Day5/Device24/IQ_1.dat,77,6036723,22,19,0,test,diff_days_indoor,5,0,0,0,0,0,0.3505043685436249
data/raw/osu_lora/Diff_Days_Indoor_Setup/Day5/Device24/IQ_1.dat,78,6115122,22,22,1,test,diff_days_indoor,5,0,0,0,0,0,0.256680965423584
data/raw/osu_lora/Diff_Days_Indoor_Setup/Day5/Device24/IQ_1.dat,79,6193521,22,22,1,test,diff_days_indoor,5,0,0,0,0,0,0.33394327759742737
data/raw/osu_lora/Diff_Days_Indoor_Setup/Day5/Device24/IQ_1.dat,80,6271920,22,19,0,test,diff_days_indoor,5,0,0,0,0,0,0.4275071620941162
data/raw/osu_lora/Diff_Days_Indoor_Setup/Day5/Device24/IQ_1.dat,81,6350319,22,15,0,test,diff_days_indoor,5,0,0,0,0,0,0.10807447880506516
data/raw/osu_lora/Diff_Days_Indoor_Setup/Day5/Device24/IQ_1.dat,82,6428718,22,15,0,test,diff_days_indoor,5,0,0,0,0,0,0.2208971530199051
data/raw/osu_lora/Diff_Days_Indoor_Setup/Day5/Device24/IQ_1.dat,83,6507117,22,22,1,test,diff_days_indoor,5,0,0,0,0,0,0.35940951108932495
data/raw/osu_lora/Diff_Days_Indoor_Setup/Day5/Device24/IQ_1.dat,84,6585516,22,22,1,test,diff_days_indoor,5,0,0,0,0,0,0.279755175113678
data/raw/osu_lora/Diff_Days_Indoor_Setup/Day5/Device24/IQ_1.dat,85,6663915,22,22,1,test,diff_days_indoor,5,0,0,0,0,0,0.2795429229736328
data/raw/osu_lora/Diff_Days_Indoor_Setup/Day5/Device24/IQ_1.dat,86,6742314,22,7,0,test,diff_days_indoor,5,0,0,0,0,0,0.25710681080818176
data/raw/osu_lora/Diff_Days_Indoor_Setup/Day5/Device24/IQ_1.dat,87,6820713,22,23,0,test,diff_days_indoor,5,0,0,0,0,0,0.1772279441356659
data/raw/osu_lora/Diff_Days_Indoor_Setup/Day5/Device24/IQ_1.dat,88,6899112,22,23,0,test,diff_days_indoor,5,0,0,0,0,0,0.30644577741622925
data/raw/osu_lora/Diff_Days_Indoor_Setup/Day5/Device24/IQ_1.dat,89,6977511,22,22,1,test,diff_days_indoor,5,0,0,0,0,0,0.33773401379585266
data/raw/osu_lora/Diff_Days_Indoor_Setup/Day5/Device24/IQ_1.dat,90,7055910,22,22,1,test,diff_days_indoor,5,0,0,0,0,0,0.3021921217441559
data/raw/osu_lora/Diff_Days_Indoor_Setup/Day5/Device24/IQ_1.dat,91,7134309,22,22,1,test,diff_days_indoor,5,0,0,0,0,0,0.2843228280544281
data/raw/osu_lora/Diff_Days_Indoor_Setup/Day5/Device24/IQ_1.dat,92,7212708,22,7,0,test,diff_days_indoor,5,0,0,0,0,0,0.24083591997623444
data/raw/osu_lora/Diff_Days_Indoor_Setup/Day5/Device24/IQ_1.dat,93,7291107,22,15,0,test,diff_days_indoor,5,0,0,0,0,0,0.26423388719558716
data/raw/osu_lora/Diff_Days_Indoor_Setup/Day5/Device24/IQ_1.dat,94,7369506,22,22,1,test,diff_days_indoor,5,0,0,0,0,0,0.357260137796402
data/raw/osu_lora/Diff_Days_Indoor_Setup/Day5/Device24/IQ_1.dat,95,7447905,22,22,1,test,diff_days_indoor,5,0,0,0,0,0,0.2768034040927887
data/raw/osu_lora/Diff_Days_Indoor_Setup/Day5/Device24/IQ_1.dat,96,7526304,22,19,0,test,diff_days_indoor,5,0,0,0,0,0,0.28146079182624817
data/raw/osu_lora/Diff_Days_Indoor_Setup/Day5/Device24/IQ_1.dat,97,7604703,22,22,1,test,diff_days_indoor,5,0,0,0,0,0,0.24473485350608826
data/raw/osu_lora/Diff_Days_Indoor_Setup/Day5/Device24/IQ_1.dat,98,7683102,22,22,1,test,diff_days_indoor,5,0,0,0,0,0,0.36036089062690735
data/raw/osu_lora/Diff_Days_Indoor_Setup/Day5/Device24/IQ_1.dat,99,7761501,22,23,0,test,diff_days_indoor,5,0,0,0,0,0,0.30255451798439026
data/raw/osu_lora/Diff_Days_Indoor_Setup/Day5/Device24/IQ_1.dat,100,7839900,22,22,1,test,diff_days_indoor,5,0,0,0,0,0,0.27762195467948914
data/raw/osu_lora/Diff_Days_Indoor_Setup/Day5/Device24/IQ_1.dat,101,7918299,22,22,1,test,diff_days_indoor,5,0,0,0,0,0,0.35262176394462585
data/raw/osu_lora/Diff_Days_Indoor_Setup/Day5/Device24/IQ_1.dat,102,7996698,22,22,1,test,diff_days_indoor,5,0,0,0,0,0,0.3858427107334137
data/raw/osu_lora/Diff_Days_Indoor_Setup/Day5/Device24/IQ_1.dat,103,8075097,22,23,0,test,diff_days_indoor,5,0,0,0,0,0,0.28611457347869873
data/raw/osu_lora/Diff_Days_Indoor_Setup/Day5/Device24/IQ_1.dat,104,8153496,22,22,1,test,diff_days_indoor,5,0,0,0,0,0,0.27180278301239014
data/raw/osu_lora/Diff_Days_Indoor_Setup/Day5/Device24/IQ_1.dat,105,8231895,22,22,1,test,diff_days_indoor,5,0,0,0,0,0,0.3323742151260376
data/raw/osu_lora/Diff_Days_Indoor_Setup/Day5/Device24/IQ_1.dat,106,8310294,22,23,0,test,diff_days_indoor,5,0,0,0,0,0,0.2791198492050171
data/raw/osu_lora/Diff_Days_Indoor_Setup/Day5/Device24/IQ_1.dat,107,8388693,22,23,0,test,diff_days_indoor,5,0,0,0,0,0,0.2878752648830414
data/raw/osu_lora/Diff_Days_Indoor_Setup/Day5/Device24/IQ_1.dat,108,8467092,22,22,1,test,diff_days_indoor,5,0,0,0,0,0,0.3248685598373413
data/raw/osu_lora/Diff_Days_Indoor_Setup/Day5/Device24/IQ_1.dat,109,8545491,22,23,0,test,diff_days_indoor,5,0,0,0,0,0,0.29572632908821106
data/raw/osu_lora/Diff_Days_Indoor_Setup/Day5/Device24/IQ_1.dat,110,8623890,22,23,0,test,diff_days_indoor,5,0,0,0,0,0,0.2924329936504364
data/raw/osu_lora/Diff_Days_Indoor_Setup/Day5/Device24/IQ_1.dat,111,8702289,22,22,1,test,diff_days_indoor,5,0,0,0,0,0,0.32184672355651855
data/raw/osu_lora/Diff_Days_Indoor_Setup/Day5/Device24/IQ_1.dat,112,8780688,22,22,1,test,diff_days_indoor,5,0,0,0,0,0,0.33953729271888733
data/raw/osu_lora/Diff_Days_Indoor_Setup/Day5/Device24/IQ_1.dat,113,8859087,22,23,0,test,diff_days_indoor,5,0,0,0,0,0,0.28077444434165955
data/raw/osu_lora/Diff_Days_Indoor_Setup/Day5/Device24/IQ_1.dat,114,8937486,22,22,1,test,diff_days_indoor,5,0,0,0,0,0,0.28487879037857056
data/raw/osu_lora/Diff_Days_Indoor_Setup/Day5/Device24/IQ_1.dat,115,9015885,22,22,1,test,diff_days_indoor,5,0,0,0,0,0,0.33866721391677856
data/raw/osu_lora/Diff_Days_Indoor_Setup/Day5/Device24/IQ_1.dat,116,9094284,22,22,1,test,diff_days_indoor,5,0,0,0,0,0,0.28335198760032654
data/raw/osu_lora/Diff_Days_Indoor_Setup/Day5/Device24/IQ_1.dat,117,9172683,22,7,0,test,diff_days_indoor,5,0,0,0,0,0,0.21159601211547852
data/raw/osu_lora/Diff_Days_Indoor_Setup/Day5/Device24/IQ_1.dat,118,9251082,22,17,0,test,diff_days_indoor,5,0,0,0,0,0,0.21481019258499146
data/raw/osu_lora/Diff_Days_Indoor_Setup/Day5/Device24/IQ_1.dat,119,9329481,22,22,1,test,diff_days_indoor,5,0,0,0,0,0,0.3047259449958801
data/raw/osu_lora/Diff_Days_Indoor_Setup/Day5/Device24/IQ_1.dat,120,9407880,22,22,1,test,diff_days_indoor,5,0,0,0,0,0,0.2873120903968811
data/raw/osu_lora/Diff_Days_Indoor_Setup/Day5/Device24/IQ_1.dat,121,9486279,22,23,0,test,diff_days_indoor,5,0,0,0,0,0,0.2716766893863678
data/raw/osu_lora/Diff_Days_Indoor_Setup/Day5/Device24/IQ_1.dat,122,9564678,22,22,1,test,diff_days_indoor,5,0,0,0,0,0,0.317811518907547
data/raw/osu_lora/Diff_Days_Indoor_Setup/Day5/Device24/IQ_1.dat,123,9643077,22,23,0,test,diff_days_indoor,5,0,0,0,0,0,0.273886501789093
data/raw/osu_lora/Diff_Days_Indoor_Setup/Day5/Device24/IQ_1.dat,124,9721476,22,22,1,test,diff_days_indoor,5,0,0,0,0,0,0.2409783899784088
data/raw/osu_lora/Diff_Days_Indoor_Setup/Day5/Device24/IQ_1.dat,125,9799875,22,22,1,test,diff_days_indoor,5,0,0,0,0,0,0.3425710201263428
data/raw/osu_lora/Diff_Days_Indoor_Setup/Day5/Device24/IQ_1.dat,126,9878274,22,22,1,test,diff_days_indoor,5,0,0,0,0,0,0.2937995195388794
data/raw/osu_lora/Diff_Days_Indoor_Setup/Day5/Device24/IQ_1.dat,127,9956673,22,22,1,test,diff_days_indoor,5,0,0,0,0,0,0.2906336188316345
data/raw/osu_lora/Diff_Days_Indoor_Setup/Day5/Device24/IQ_1.dat,128,10035072,22,7,0,test,diff_days_indoor,5,0,0,0,0,0,0.0781690701842308
data/raw/osu_lora/Diff_Days_Indoor_Setup/Day5/Device24/IQ_1.dat,129,10113471,22,22,1,test,diff_days_indoor,5,0,0,0,0,0,0.31630414724349976
data/raw/osu_lora/Diff_Days_Indoor_Setup/Day5/Device24/IQ_1.dat,130,10191870,22,22,1,test,diff_days_indoor,5,0,0,0,0,0,0.3065037429332733
data/raw/osu_lora/Diff_Days_Indoor_Setup/Day5/Device24/IQ_1.dat,131,10270269,22,22,1,test,diff_days_indoor,5,0,0,0,0,0,0.2775714099407196
data/raw/osu_lora/Diff_Days_Indoor_Setup/Day5/Device24/IQ_1.dat,132,10348668,22,22,1,test,diff_days_indoor,5,0,0,0,0,0,0.3252042233943939
data/raw/osu_lora/Diff_Days_Indoor_Setup/Day5/Device24/IQ_1.dat,133,10427067,22,22,1,test,diff_days_indoor,5,0,0,0,0,0,0.32273292541503906
data/raw/osu_lora/Diff_Days_Indoor_Setup/Day5/Device24/IQ_1.dat,134,10505466,22,23,0,test,diff_days_indoor,5,0,0,0,0,0,0.28294143080711365
data/raw/osu_lora/Diff_Days_Indoor_Setup/Day5/Device24/IQ_1.dat,135,10583865,22,22,1,test,diff_days_indoor,5,0,0,0,0,0,0.3064686059951782
data/raw/osu_lora/Diff_Days_Indoor_Setup/Day5/Device24/IQ_1.dat,136,10662264,22,22,1,test,diff_days_indoor,5,0,0,0,0,0,0.3065508008003235
data/raw/osu_lora/Diff_Days_Indoor_Setup/Day5/Device24/IQ_1.dat,137,10740663,22,23,0,test,diff_days_indoor,5,0,0,0,0,0,0.2749735116958618
data/raw/osu_lora/Diff_Days_Indoor_Setup/Day5/Device24/IQ_1.dat,138,10819062,22,22,1,test,diff_days_indoor,5,0,0,0,0,0,0.2586542069911957
data/raw/osu_lora/Diff_Days_Indoor_Setup/Day5/Device24/IQ_1.dat,139,10897461,22,17,0,test,diff_days_indoor,5,0,0,0,0,0,0.19159755110740662
data/raw/osu_lora/Diff_Days_Indoor_Setup/Day5/Device24/IQ_1.dat,140,10975860,22,23,0,test,diff_days_indoor,5,0,0,0,0,0,0.26431137323379517
data/raw/osu_lora/Diff_Days_Indoor_Setup/Day5/Device24/IQ_1.dat,141,11054259,22,23,0,test,diff_days_indoor,5,0,0,0,0,0,0.2553129196166992
data/raw/osu_lora/Diff_Days_Indoor_Setup/Day5/Device24/IQ_1.dat,142,11132658,22,22,1,test,diff_days_indoor,5,0,0,0,0,0,0.31548285484313965
data/raw/osu_lora/Diff_Days_Indoor_Setup/Day5/Device24/IQ_1.dat,143,11211057,22,23,0,test,diff_days_indoor,5,0,0,0,0,0,0.28899508714675903
data/raw/osu_lora/Diff_Days_Indoor_Setup/Day5/Device24/IQ_1.dat,144,11289456,22,22,1,test,diff_days_indoor,5,0,0,0,0,0,0.304648756980896
data/raw/osu_lora/Diff_Days_Indoor_Setup/Day5/Device24/IQ_1.dat,145,11367855,22,23,0,test,diff_days_indoor,5,0,0,0,0,0,0.19810031354427338
data/raw/osu_lora/Diff_Days_Indoor_Setup/Day5/Device24/IQ_1.dat,146,11446254,22,22,1,test,diff_days_indoor,5,0,0,0,0,0,0.3227807283401489
data/raw/osu_lora/Diff_Days_Indoor_Setup/Day5/Device24/IQ_1.dat,147,11524653,22,15,0,test,diff_days_indoor,5,0,0,0,0,0,0.28599220514297485
data/raw/osu_lora/Diff_Days_Indoor_Setup/Day5/Device24/IQ_1.dat,148,11603052,22,22,1,test,diff_days_indoor,5,0,0,0,0,0,0.3644099235534668
data/raw/osu_lora/Diff_Days_Indoor_Setup/Day5/Device24/IQ_1.dat,149,11681451,22,22,1,test,diff_days_indoor,5,0,0,0,0,0,0.2871476709842682
data/raw/osu_lora/Diff_Days_Indoor_Setup/Day5/Device24/IQ_1.dat,150,11759850,22,22,1,test,diff_days_indoor,5,0,0,0,0,0,0.3115542531013489
data/raw/osu_lora/Diff_Days_Indoor_Setup/Day5/Device24/IQ_1.dat,151,11838249,22,22,1,test,diff_days_indoor,5,0,0,0,0,0,0.2957533895969391
data/raw/osu_lora/Diff_Days_Indoor_Setup/Day5/Device24/IQ_1.dat,152,11916648,22,22,1,test,diff_days_indoor,5,0,0,0,0,0,0.31620314717292786
data/raw/osu_lora/Diff_Days_Indoor_Setup/Day5/Device24/IQ_1.dat,153,11995047,22,22,1,test,diff_days_indoor,5,0,0,0,0,0,0.29909053444862366
data/raw/osu_lora/Diff_Days_Indoor_Setup/Day5/Device24/IQ_1.dat,154,12073446,22,23,0,test,diff_days_indoor,5,0,0,0,0,0,0.15062285959720612
data/raw/osu_lora/Diff_Days_Indoor_Setup/Day5/Device24/IQ_1.dat,155,12151845,22,22,1,test,diff_days_indoor,5,0,0,0,0,0,0.34703174233436584
data/raw/osu_lora/Diff_Days_Indoor_Setup/Day5/Device24/IQ_1.dat,156,12230244,22,19,0,test,diff_days_indoor,5,0,0,0,0,0,0.3883870840072632
data/raw/osu_lora/Diff_Days_Indoor_Setup/Day5/Device24/IQ_1.dat,157,12308643,22,22,1,test,diff_days_indoor,5,0,0,0,0,0,0.29397714138031006
data/raw/osu_lora/Diff_Days_Indoor_Setup/Day5/Device24/IQ_1.dat,158,12387042,22,19,0,test,diff_days_indoor,5,0,0,0,0,0,0.3318306505680084
data/raw/osu_lora/Diff_Days_Indoor_Setup/Day5/Device24/IQ_1.dat,159,12465441,22,22,1,test,diff_days_indoor,5,0,0,0,0,0,0.293732613325119
data/raw/osu_lora/Diff_Days_Indoor_Setup/Day5/Device24/IQ_1.dat,160,12543840,22,22,1,test,diff_days_indoor,5,0,0,0,0,0,0.3176545798778534
data/raw/osu_lora/Diff_Days_Indoor_Setup/Day5/Device24/IQ_1.dat,161,12622239,22,22,1,test,diff_days_indoor,5,0,0,0,0,0,0.264386385679245
data/raw/osu_lora/Diff_Days_Indoor_Setup/Day5/Device24/IQ_1.dat,162,12700638,22,22,1,test,diff_days_indoor,5,0,0,0,0,0,0.30990272760391235
data/raw/osu_lora/Diff_Days_Indoor_Setup/Day5/Device24/IQ_1.dat,163,12779037,22,23,0,test,diff_days_indoor,5,0,0,0,0,0,0.2671337127685547
data/raw/osu_lora/Diff_Days_Indoor_Setup/Day5/Device24/IQ_1.dat,164,12857436,22,22,1,test,diff_days_indoor,5,0,0,0,0,0,0.35508087277412415
data/raw/osu_lora/Diff_Days_Indoor_Setup/Day5/Device24/IQ_1.dat,165,12935835,22,22,1,test,diff_days_indoor,5,0,0,0,0,0,0.3056126534938812
data/raw/osu_lora/Diff_Days_Indoor_Setup/Day5/Device24/IQ_1.dat,166,13014234,22,22,1,test,diff_days_indoor,5,0,0,0,0,0,0.3459663689136505
data/raw/osu_lora/Diff_Days_Indoor_Setup/Day5/Device24/IQ_1.dat,167,13092633,22,22,1,test,diff_days_indoor,5,0,0,0,0,0,0.27098456025123596
data/raw/osu_lora/Diff_Days_Indoor_Setup/Day5/Device24/IQ_1.dat,168,13171032,22,22,1,test,diff_days_indoor,5,0,0,0,0,0,0.3099091649055481
data/raw/osu_lora/Diff_Days_Indoor_Setup/Day5/Device24/IQ_1.dat,169,13249431,22,22,1,test,diff_days_indoor,5,0,0,0,0,0,0.2837962508201599
data/raw/osu_lora/Diff_Days_Indoor_Setup/Day5/Device24/IQ_1.dat,170,13327830,22,23,0,test,diff_days_indoor,5,0,0,0,0,0,0.2903231680393219
data/raw/osu_lora/Diff_Days_Indoor_Setup/Day5/Device24/IQ_1.dat,171,13406229,22,23,0,test,diff_days_indoor,5,0,0,0,0,0,0.2709420621395111
data/raw/osu_lora/Diff_Days_Indoor_Setup/Day5/Device24/IQ_1.dat,172,13484628,22,22,1,test,diff_days_indoor,5,0,0,0,0,0,0.31493449211120605
data/raw/osu_lora/Diff_Days_Indoor_Setup/Day5/Device24/IQ_1.dat,173,13563027,22,22,1,test,diff_days_indoor,5,0,0,0,0,0,0.30495232343673706
data/raw/osu_lora/Diff_Days_Indoor_Setup/Day5/Device24/IQ_1.dat,174,13641426,22,23,0,test,diff_days_indoor,5,0,0,0,0,0,0.27911248803138733
data/raw/osu_lora/Diff_Days_Indoor_Setup/Day5/Device24/IQ_1.dat,175,13719825,22,19,0,test,diff_days_indoor,5,0,0,0,0,0,0.3162860870361328
data/raw/osu_lora/Diff_Days_Indoor_Setup/Day5/Device24/IQ_1.dat,176,13798224,22,19,0,test,diff_days_indoor,5,0,0,0,0,0,0.4121048152446747
data/raw/osu_lora/Diff_Days_Indoor_Setup/Day5/Device24/IQ_1.dat,177,13876623,22,22,1,test,diff_days_indoor,5,0,0,0,0,0,0.364319384098053
data/raw/osu_lora/Diff_Days_Indoor_Setup/Day5/Device24/IQ_1.dat,178,13955022,22,22,1,test,diff_days_indoor,5,0,0,0,0,0,0.2748459577560425
data/raw/osu_lora/Diff_Days_Indoor_Setup/Day5/Device24/IQ_1.dat,179,14033421,22,23,0,test,diff_days_indoor,5,0,0,0,0,0,0.30611735582351685
data/raw/osu_lora/Diff_Days_Indoor_Setup/Day5/Device24/IQ_1.dat,180,14111820,22,22,1,test,diff_days_indoor,5,0,0,0,0,0,0.3206215798854828
data/raw/osu_lora/Diff_Days_Indoor_Setup/Day5/Device24/IQ_1.dat,181,14190219,22,22,1,test,diff_days_indoor,5,0,0,0,0,0,0.35068562626838684
data/raw/osu_lora/Diff_Days_Indoor_Setup/Day5/Device24/IQ_1.dat,182,14268618,22,22,1,test,diff_days_indoor,5,0,0,0,0,0,0.28433603048324585
data/raw/osu_lora/Diff_Days_Indoor_Setup/Day5/Device24/IQ_1.dat,183,14347017,22,23,0,test,diff_days_indoor,5,0,0,0,0,0,0.26144635677337646
data/raw/osu_lora/Diff_Days_Indoor_Setup/Day5/Device24/IQ_1.dat,184,14425416,22,22,1,test,diff_days_indoor,5,0,0,0,0,0,0.3197663426399231
data/raw/osu_lora/Diff_Days_Indoor_Setup/Day5/Device24/IQ_1.dat,185,14503815,22,22,1,test,diff_days_indoor,5,0,0,0,0,0,0.32745879888534546
data/raw/osu_lora/Diff_Days_Indoor_Setup/Day5/Device24/IQ_1.dat,186,14582214,22,22,1,test,diff_days_indoor,5,0,0,0,0,0,0.33705902099609375
data/raw/osu_lora/Diff_Days_Indoor_Setup/Day5/Device24/IQ_1.dat,187,14660613,22,22,1,test,diff_days_indoor,5,0,0,0,0,0,0.2529335916042328
data/raw/osu_lora/Diff_Days_Indoor_Setup/Day5/Device24/IQ_1.dat,188,14739012,22,22,1,test,diff_days_indoor,5,0,0,0,0,0,0.328824520111084
data/raw/osu_lora/Diff_Days_Indoor_Setup/Day5/Device24/IQ_1.dat,189,14817411,22,23,0,test,diff_days_indoor,5,0,0,0,0,0,0.30159279704093933
data/raw/osu_lora/Diff_Days_Indoor_Setup/Day5/Device24/IQ_1.dat,190,14895810,22,19,0,test,diff_days_indoor,5,0,0,0,0,0,0.3369244635105133
data/raw/osu_lora/Diff_Days_Indoor_Setup/Day5/Device24/IQ_1.dat,191,14974209,22,23,0,test,diff_days_indoor,5,0,0,0,0,0,0.28722575306892395
data/raw/osu_lora/Diff_Days_Indoor_Setup/Day5/Device24/IQ_1.dat,192,15052608,22,7,0,test,diff_days_indoor,5,0,0,0,0,0,0.21519918739795685
data/raw/osu_lora/Diff_Days_Indoor_Setup/Day5/Device24/IQ_1.dat,193,15131007,22,22,1,test,diff_days_indoor,5,0,0,0,0,0,0.31550440192222595
data/raw/osu_lora/Diff_Days_Indoor_Setup/Day5/Device24/IQ_1.dat,194,15209406,22,15,0,test,diff_days_indoor,5,0,0,0,0,0,0.22687871754169464
data/raw/osu_lora/Diff_Days_Indoor_Setup/Day5/Device24/IQ_1.dat,195,15287805,22,22,1,test,diff_days_indoor,5,0,0,0,0,0,0.2998313903808594
data/raw/osu_lora/Diff_Days_Indoor_Setup/Day5/Device24/IQ_1.dat,196,15366204,22,22,1,test,diff_days_indoor,5,0,0,0,0,0,0.3310299813747406
data/raw/osu_lora/Diff_Days_Indoor_Setup/Day5/Device24/IQ_1.dat,197,15444603,22,19,0,test,diff_days_indoor,5,0,0,0,0,0,0.3426239788532257
data/raw/osu_lora/Diff_Days_Indoor_Setup/Day5/Device24/IQ_1.dat,198,15523002,22,23,0,test,diff_days_indoor,5,0,0,0,0,0,0.2880319058895111
data/raw/osu_lora/Diff_Days_Indoor_Setup/Day5/Device24/IQ_1.dat,199,15601401,22,22,1,test,diff_days_indoor,5,0,0,0,0,0,0.30737215280532837
data/raw/osu_lora/Diff_Days_Indoor_Setup/Day5/Device24/IQ_1.dat,200,15679800,22,23,0,test,diff_days_indoor,5,0,0,0,0,0,0.28113800287246704
data/raw/osu_lora/Diff_Days_Indoor_Setup/Day5/Device24/IQ_1.dat,201,15758199,22,13,0,test,diff_days_indoor,5,0,0,0,0,0,0.09143581241369247
data/raw/osu_lora/Diff_Days_Indoor_Setup/Day5/Device24/IQ_1.dat,202,15836598,22,23,0,test,diff_days_indoor,5,0,0,0,0,0,0.2945050299167633
data/raw/osu_lora/Diff_Days_Indoor_Setup/Day5/Device24/IQ_1.dat,203,15914997,22,23,0,test,diff_days_indoor,5,0,0,0,0,0,0.23587559163570404
data/raw/osu_lora/Diff_Days_Indoor_Setup/Day5/Device24/IQ_1.dat,204,15993396,22,23,0,test,diff_days_indoor,5,0,0,0,0,0,0.2557501494884491
data/raw/osu_lora/Diff_Days_Indoor_Setup/Day5/Device24/IQ_1.dat,205,16071795,22,23,0,test,diff_days_indoor,5,0,0,0,0,0,0.2901028096675873
data/raw/osu_lora/Diff_Days_Indoor_Setup/Day5/Device24/IQ_1.dat,206,16150194,22,22,1,test,diff_days_indoor,5,0,0,0,0,0,0.32572054862976074
data/raw/osu_lora/Diff_Days_Indoor_Setup/Day5/Device24/IQ_1.dat,207,16228593,22,22,1,test,diff_days_indoor,5,0,0,0,0,0,0.2542600929737091
data/raw/osu_lora/Diff_Days_Indoor_Setup/Day5/Device24/IQ_1.dat,208,16306992,22,23,0,test,diff_days_indoor,5,0,0,0,0,0,0.28018319606781006
data/raw/osu_lora/Diff_Days_Indoor_Setup/Day5/Device24/IQ_1.dat,209,16385391,22,19,0,test,diff_days_indoor,5,0,0,0,0,0,0.4269525706768036
data/raw/osu_lora/Diff_Days_Indoor_Setup/Day5/Device24/IQ_1.dat,210,16463790,22,22,1,test,diff_days_indoor,5,0,0,0,0,0,0.32760605216026306
data/raw/osu_lora/Diff_Days_Indoor_Setup/Day5/Device24/IQ_1.dat,211,16542189,22,22,1,test,diff_days_indoor,5,0,0,0,0,0,0.3021461069583893
data/raw/osu_lora/Diff_Days_Indoor_Setup/Day5/Device24/IQ_1.dat,212,16620588,22,22,1,test,diff_days_indoor,5,0,0,0,0,0,0.31401482224464417
data/raw/osu_lora/Diff_Days_Indoor_Setup/Day5/Device24/IQ_1.dat,213,16698987,22,23,0,test,diff_days_indoor,5,0,0,0,0,0,0.17735572159290314
data/raw/osu_lora/Diff_Days_Indoor_Setup/Day5/Device24/IQ_1.dat,214,16777386,22,23,0,test,diff_days_indoor,5,0,0,0,0,0,0.2895891070365906
data/raw/osu_lora/Diff_Days_Indoor_Setup/Day5/Device24/IQ_1.dat,215,16855785,22,23,0,test,diff_days_indoor,5,0,0,0,0,0,0.25620099902153015
data/raw/osu_lora/Diff_Days_Indoor_Setup/Day5/Device24/IQ_1.dat,216,16934184,22,15,0,test,diff_days_indoor,5,0,0,0,0,0,0.2560698091983795
data/raw/osu_lora/Diff_Days_Indoor_Setup/Day5/Device24/IQ_1.dat,217,17012583,22,22,1,test,diff_days_indoor,5,0,0,0,0,0,0.30000507831573486
data/raw/osu_lora/Diff_Days_Indoor_Setup/Day5/Device24/IQ_1.dat,218,17090982,22,22,1,test,diff_days_indoor,5,0,0,0,0,0,0.34422212839126587
data/raw/osu_lora/Diff_Days_Indoor_Setup/Day5/Device24/IQ_1.dat,219,17169381,22,22,1,test,diff_days_indoor,5,0,0,0,0,0,0.34326672554016113
data/raw/osu_lora/Diff_Days_Indoor_Setup/Day5/Device24/IQ_1.dat,220,17247780,22,19,0,test,diff_days_indoor,5,0,0,0,0,0,0.31896495819091797
data/raw/osu_lora/Diff_Days_Indoor_Setup/Day5/Device24/IQ_1.dat,221,17326179,22,22,1,test,diff_days_indoor,5,0,0,0,0,0,0.28559955954551697
data/raw/osu_lora/Diff_Days_Indoor_Setup/Day5/Device24/IQ_1.dat,222,17404578,22,22,1,test,diff_days_indoor,5,0,0,0,0,0,0.3778136372566223
data/raw/osu_lora/Diff_Days_Indoor_Setup/Day5/Device24/IQ_1.dat,223,17482977,22,22,1,test,diff_days_indoor,5,0,0,0,0,0,0.26545989513397217
data/raw/osu_lora/Diff_Days_Indoor_Setup/Day5/Device24/IQ_1.dat,224,17561376,22,22,1,test,diff_days_indoor,5,0,0,0,0,0,0.34448111057281494
data/raw/osu_lora/Diff_Days_Indoor_Setup/Day5/Device24/IQ_1.dat,225,17639775,22,23,0,test,diff_days_indoor,5,0,0,0,0,0,0.2561720311641693
data/raw/osu_lora/Diff_Days_Indoor_Setup/Day5/Device24/IQ_1.dat,226,17718174,22,22,1,test,diff_days_indoor,5,0,0,0,0,0,0.2887648046016693
data/raw/osu_lora/Diff_Days_Indoor_Setup/Day5/Device24/IQ_1.dat,227,17796573,22,22,1,test,diff_days_indoor,5,0,0,0,0,0,0.33491337299346924
data/raw/osu_lora/Diff_Days_Indoor_Setup/Day5/Device24/IQ_1.dat,228,17874972,22,23,0,test,diff_days_indoor,5,0,0,0,0,0,0.23871539533138275
data/raw/osu_lora/Diff_Days_Indoor_Setup/Day5/Device24/IQ_1.dat,229,17953371,22,22,1,test,diff_days_indoor,5,0,0,0,0,0,0.334985613822937
data/raw/osu_lora/Diff_Days_Indoor_Setup/Day5/Device24/IQ_1.dat,230,18031770,22,22,1,test,diff_days_indoor,5,0,0,0,0,0,0.30010291934013367
data/raw/osu_lora/Diff_Days_Indoor_Setup/Day5/Device24/IQ_1.dat,231,18110169,22,23,0,test,diff_days_indoor,5,0,0,0,0,0,0.21701493859291077
data/raw/osu_lora/Diff_Days_Indoor_Setup/Day5/Device24/IQ_1.dat,232,18188568,22,23,0,test,diff_days_indoor,5,0,0,0,0,0,0.2905922830104828
data/raw/osu_lora/Diff_Days_Indoor_Setup/Day5/Device24/IQ_1.dat,233,18266967,22,22,1,test,diff_days_indoor,5,0,0,0,0,0,0.280059814453125
data/raw/osu_lora/Diff_Days_Indoor_Setup/Day5/Device24/IQ_1.dat,234,18345366,22,15,0,test,diff_days_indoor,5,0,0,0,0,0,0.28639113903045654
data/raw/osu_lora/Diff_Days_Indoor_Setup/Day5/Device24/IQ_1.dat,235,18423765,22,22,1,test,diff_days_indoor,5,0,0,0,0,0,0.32481804490089417
data/raw/osu_lora/Diff_Days_Indoor_Setup/Day5/Device24/IQ_1.dat,236,18502164,22,22,1,test,diff_days_indoor,5,0,0,0,0,0,0.35355260968208313
data/raw/osu_lora/Diff_Days_Indoor_Setup/Day5/Device24/IQ_1.dat,237,18580563,22,15,0,test,diff_days_indoor,5,0,0,0,0,0,0.18255682289600372
data/raw/osu_lora/Diff_Days_Indoor_Setup/Day5/Device24/IQ_1.dat,238,18658962,22,23,0,test,diff_days_indoor,5,0,0,0,0,0,0.29289934039115906
data/raw/osu_lora/Diff_Days_Indoor_Setup/Day5/Device24/IQ_1.dat,239,18737361,22,22,1,test,diff_days_indoor,5,0,0,0,0,0,0.36681067943573
data/raw/osu_lora/Diff_Days_Indoor_Setup/Day5/Device24/IQ_1.dat,240,18815760,22,15,0,test,diff_days_indoor,5,0,0,0,0,0,0.2492642104625702
data/raw/osu_lora/Diff_Days_Indoor_Setup/Day5/Device24/IQ_1.dat,241,18894159,22,22,1,test,diff_days_indoor,5,0,0,0,0,0,0.2927554249763489
data/raw/osu_lora/Diff_Days_Indoor_Setup/Day5/Device24/IQ_1.dat,242,18972558,22,22,1,test,diff_days_indoor,5,0,0,0,0,0,0.3135720491409302
data/raw/osu_lora/Diff_Days_Indoor_Setup/Day5/Device24/IQ_1.dat,243,19050957,22,23,0,test,diff_days_indoor,5,0,0,0,0,0,0.2483881413936615
data/raw/osu_lora/Diff_Days_Indoor_Setup/Day5/Device24/IQ_1.dat,244,19129356,22,23,0,test,diff_days_indoor,5,0,0,0,0,0,0.2706906497478485
data/raw/osu_lora/Diff_Days_Indoor_Setup/Day5/Device24/IQ_1.dat,245,19207755,22,7,0,test,diff_days_indoor,5,0,0,0,0,0,0.17194397747516632
data/raw/osu_lora/Diff_Days_Indoor_Setup/Day5/Device24/IQ_1.dat,246,19286154,22,23,0,test,diff_days_indoor,5,0,0,0,0,0,0.24153774976730347
data/raw/osu_lora/Diff_Days_Indoor_Setup/Day5/Device24/IQ_1.dat,247,19364553,22,23,0,test,diff_days_indoor,5,0,0,0,0,0,0.2841686010360718
data/raw/osu_lora/Diff_Days_Indoor_Setup/Day5/Device24/IQ_1.dat,248,19442952,22,13,0,test,diff_days_indoor,5,0,0,0,0,0,0.08096501976251602
data/raw/osu_lora/Diff_Days_Indoor_Setup/Day5/Device24/IQ_1.dat,249,19521351,22,23,0,test,diff_days_indoor,5,0,0,0,0,0,0.2578403353691101
data/raw/osu_lora/Diff_Days_Indoor_Setup/Day5/Device24/IQ_1.dat,250,19599750,22,22,1,test,diff_days_indoor,5,0,0,0,0,0,0.31450197100639343
data/raw/osu_lora/Diff_Days_Indoor_Setup/Day5/Device24/IQ_1.dat,251,19678149,22,22,1,test,diff_days_indoor,5,0,0,0,0,0,0.3103553354740143
data/raw/osu_lora/Diff_Days_Indoor_Setup/Day5/Device24/IQ_1.dat,252,19756548,22,22,1,test,diff_days_indoor,5,0,0,0,0,0,0.3327409625053406
data/raw/osu_lora/Diff_Days_Indoor_Setup/Day5/Device24/IQ_1.dat,253,19834947,22,22,1,test,diff_days_indoor,5,0,0,0,0,0,0.21016494929790497
data/raw/osu_lora/Diff_Days_Indoor_Setup/Day5/Device24/IQ_1.dat,254,19913346,22,22,1,test,diff_days_indoor,5,0,0,0,0,0,0.26454880833625793
data/raw/osu_lora/Diff_Days_Indoor_Setup/Day5/Device24/IQ_1.dat,255,19991745,22,22,1,test,diff_days_indoor,5,0,0,0,0,0,0.30136823654174805
data/raw/osu_lora/Diff_Days_Indoor_Setup/Day5/Device25/IQ_1.dat,0,0,23,7,0,test,diff_days_indoor,5,0,0,0,0,0,0.16370762884616852
data/raw/osu_lora/Diff_Days_Indoor_Setup/Day5/Device25/IQ_1.dat,1,78399,23,15,0,test,diff_days_indoor,5,0,0,0,0,0,0.2950618863105774
data/raw/osu_lora/Diff_Days_Indoor_Setup/Day5/Device25/IQ_1.dat,2,156798,23,22,0,test,diff_days_indoor,5,0,0,0,0,0,0.3022626042366028
data/raw/osu_lora/Diff_Days_Indoor_Setup/Day5/Device25/IQ_1.dat,3,235197,23,15,0,test,diff_days_indoor,5,0,0,0,0,0,0.22681601345539093
data/raw/osu_lora/Diff_Days_Indoor_Setup/Day5/Device25/IQ_1.dat,4,313596,23,23,1,test,diff_days_indoor,5,0,0,0,0,0,0.25907647609710693
data/raw/osu_lora/Diff_Days_Indoor_Setup/Day5/Device25/IQ_1.dat,5,391995,23,22,0,test,diff_days_indoor,5,0,0,0,0,0,0.2904382646083832
data/raw/osu_lora/Diff_Days_Indoor_Setup/Day5/Device25/IQ_1.dat,6,470394,23,15,0,test,diff_days_indoor,5,0,0,0,0,0,0.2707524597644806
data/raw/osu_lora/Diff_Days_Indoor_Setup/Day5/Device25/IQ_1.dat,7,548793,23,15,0,test,diff_days_indoor,5,0,0,0,0,0,0.25548800826072693
data/raw/osu_lora/Diff_Days_Indoor_Setup/Day5/Device25/IQ_1.dat,8,627192,23,22,0,test,diff_days_indoor,5,0,0,0,0,0,0.3067334294319153
data/raw/osu_lora/Diff_Days_Indoor_Setup/Day5/Device25/IQ_1.dat,9,705591,23,23,1,test,diff_days_indoor,5,0,0,0,0,0,0.1620652824640274
data/raw/osu_lora/Diff_Days_Indoor_Setup/Day5/Device25/IQ_1.dat,10,783990,23,15,0,test,diff_days_indoor,5,0,0,0,0,0,0.3056256175041199
data/raw/osu_lora/Diff_Days_Indoor_Setup/Day5/Device25/IQ_1.dat,11,862389,23,15,0,test,diff_days_indoor,5,0,0,0,0,0,0.21050450205802917
data/raw/osu_lora/Diff_Days_Indoor_Setup/Day5/Device25/IQ_1.dat,12,940788,23,15,0,test,diff_days_indoor,5,0,0,0,0,0,0.2692437767982483
data/raw/osu_lora/Diff_Days_Indoor_Setup/Day5/Device25/IQ_1.dat,13,1019187,23,15,0,test,diff_days_indoor,5,0,0,0,0,0,0.23570409417152405
data/raw/osu_lora/Diff_Days_Indoor_Setup/Day5/Device25/IQ_1.dat,14,1097586,23,8,0,test,diff_days_indoor,5,0,0,0,0,0,0.11275093257427216
data/raw/osu_lora/Diff_Days_Indoor_Setup/Day5/Device25/IQ_1.dat,15,1175985,23,23,1,test,diff_days_indoor,5,0,0,0,0,0,0.23530396819114685
data/raw/osu_lora/Diff_Days_Indoor_Setup/Day5/Device25/IQ_1.dat,16,1254384,23,22,0,test,diff_days_indoor,5,0,0,0,0,0,0.2953777313232422
data/raw/osu_lora/Diff_Days_Indoor_Setup/Day5/Device25/IQ_1.dat,17,1332783,23,15,0,test,diff_days_indoor,5,0,0,0,0,0,0.30356565117836
data/raw/osu_lora/Diff_Days_Indoor_Setup/Day5/Device25/IQ_1.dat,18,1411182,23,15,0,test,diff_days_indoor,5,0,0,0,0,0,0.22001336514949799
data/raw/osu_lora/Diff_Days_Indoor_Setup/Day5/Device25/IQ_1.dat,19,1489581,23,23,1,test,diff_days_indoor,5,0,0,0,0,0,0.3022838532924652
data/raw/osu_lora/Diff_Days_Indoor_Setup/Day5/Device25/IQ_1.dat,20,1567980,23,15,0,test,diff_days_indoor,5,0,0,0,0,0,0.2650468647480011
data/raw/osu_lora/Diff_Days_Indoor_Setup/Day5/Device25/IQ_1.dat,21,1646379,23,23,1,test,diff_days_indoor,5,0,0,0,0,0,0.28122568130493164
data/raw/osu_lora/Diff_Days_Indoor_Setup/Day5/Device25/IQ_1.dat,22,1724778,23,7,0,test,diff_days_indoor,5,0,0,0,0,0,0.2289421707391739
data/raw/osu_lora/Diff_Days_Indoor_Setup/Day5/Device25/IQ_1.dat,23,1803177,23,23,1,test,diff_days_indoor,5,0,0,0,0,0,0.2857404947280884
data/raw/osu_lora/Diff_Days_Indoor_Setup/Day5/Device25/IQ_1.dat,24,1881576,23,15,0,test,diff_days_indoor,5,0,0,0,0,0,0.27228420972824097
data/raw/osu_lora/Diff_Days_Indoor_Setup/Day5/Device25/IQ_1.dat,25,1959975,23,15,0,test,diff_days_indoor,5,0,0,0,0,0,0.2972012758255005
data/raw/osu_lora/Diff_Days_Indoor_Setup/Day5/Device25/IQ_1.dat,26,2038374,23,23,1,test,diff_days_indoor,5,0,0,0,0,0,0.2752959132194519
data/raw/osu_lora/Diff_Days_Indoor_Setup/Day5/Device25/IQ_1.dat,27,2116773,23,15,0,test,diff_days_indoor,5,0,0,0,0,0,0.27832356095314026
data/raw/osu_lora/Diff_Days_Indoor_Setup/Day5/Device25/IQ_1.dat,28,2195172,23,22,0,test,diff_days_indoor,5,0,0,0,0,0,0.28744325041770935
data/raw/osu_lora/Diff_Days_Indoor_Setup/Day5/Device25/IQ_1.dat,29,2273571,23,15,0,test,diff_days_indoor,5,0,0,0,0,0,0.20237302780151367
data/raw/osu_lora/Diff_Days_Indoor_Setup/Day5/Device25/IQ_1.dat,30,2351970,23,23,1,test,diff_days_indoor,5,0,0,0,0,0,0.28817591071128845
data/raw/osu_lora/Diff_Days_Indoor_Setup/Day5/Device25/IQ_1.dat,31,2430369,23,23,1,test,diff_days_indoor,5,0,0,0,0,0,0.25462090969085693
data/raw/osu_lora/Diff_Days_Indoor_Setup/Day5/Device25/IQ_1.dat,32,2508768,23,23,1,test,diff_days_indoor,5,0,0,0,0,0,0.3031192123889923
data/raw/osu_lora/Diff_Days_Indoor_Setup/Day5/Device25/IQ_1.dat,33,2587167,23,15,0,test,diff_days_indoor,5,0,0,0,0,0,0.17191621661186218
data/raw/osu_lora/Diff_Days_Indoor_Setup/Day5/Device25/IQ_1.dat,34,2665566,23,23,1,test,diff_days_indoor,5,0,0,0,0,0,0.28004199266433716
data/raw/osu_lora/Diff_Days_Indoor_Setup/Day5/Device25/IQ_1.dat,35,2743965,23,22,0,test,diff_days_indoor,5,0,0,0,0,0,0.3454309105873108
data/raw/osu_lora/Diff_Days_Indoor_Setup/Day5/Device25/IQ_1.dat,36,2822364,23,22,0,test,diff_days_indoor,5,0,0,0,0,0,0.30201366543769836
data/raw/osu_lora/Diff_Days_Indoor_Setup/Day5/Device25/IQ_1.dat,37,2900763,23,22,0,test,diff_days_indoor,5,0,0,0,0,0,0.318334698677063
data/raw/osu_lora/Diff_Days_Indoor_Setup/Day5/Device25/IQ_1.dat,38,2979162,23,15,0,test,diff_days_indoor,5,0,0,0,0,0,0.24738650023937225
data/raw/osu_lora/Diff_Days_Indoor_Setup/Day5/Device25/IQ_1.dat,39,3057561,23,7,0,test,diff_days_indoor,5,0,0,0,0,0,0.1931150108575821
data/raw/osu_lora/Diff_Days_Indoor_Setup/Day5/Device25/IQ_1.dat,40,3135960,23,7,0,test,diff_days_indoor,5,0,0,0,0,0,0.20433920621871948
data/raw/osu_lora/Diff_Days_Indoor_Setup/Day5/Device25/IQ_1.dat,41,3214359,23,15,0,test,diff_days_indoor,5,0,0,0,0,0,0.28956958651542664
data/raw/osu_lora/Diff_Days_Indoor_Setup/Day5/Device25/IQ_1.dat,42,3292758,23,23,1,test,diff_days_indoor,5,0,0,0,0,0,0.2809112071990967
data/raw/osu_lora/Diff_Days_Indoor_Setup/Day5/Device25/IQ_1.dat,43,3371157,23,15,0,test,diff_days_indoor,5,0,0,0,0,0,0.28099873661994934
data/raw/osu_lora/Diff_Days_Indoor_Setup/Day5/Device25/IQ_1.dat,44,3449556,23,15,0,test,diff_days_indoor,5,0,0,0,0,0,0.2641676366329193
data/raw/osu_lora/Diff_Days_Indoor_Setup/Day5/Device25/IQ_1.dat,45,3527955,23,15,0,test,diff_days_indoor,5,0,0,0,0,0,0.23130157589912415
data/raw/osu_lora/Diff_Days_Indoor_Setup/Day5/Device25/IQ_1.dat,46,3606354,23,23,1,test,diff_days_indoor,5,0,0,0,0,0,0.284536749124527
data/raw/osu_lora/Diff_Days_Indoor_Setup/Day5/Device25/IQ_1.dat,47,3684753,23,22,0,test,diff_days_indoor,5,0,0,0,0,0,0.31081464886665344
data/raw/osu_lora/Diff_Days_Indoor_Setup/Day5/Device25/IQ_1.dat,48,3763152,23,15,0,test,diff_days_indoor,5,0,0,0,0,0,0.26486414670944214
data/raw/osu_lora/Diff_Days_Indoor_Setup/Day5/Device25/IQ_1.dat,49,3841551,23,22,0,test,diff_days_indoor,5,0,0,0,0,0,0.261978417634964
data/raw/osu_lora/Diff_Days_Indoor_Setup/Day5/Device25/IQ_1.dat,50,3919950,23,22,0,test,diff_days_indoor,5,0,0,0,0,0,0.3007154166698456
data/raw/osu_lora/Diff_Days_Indoor_Setup/Day5/Device25/IQ_1.dat,51,3998349,23,23,1,test,diff_days_indoor,5,0,0,0,0,0,0.2914346754550934
data/raw/osu_lora/Diff_Days_Indoor_Setup/Day5/Device25/IQ_1.dat,52,4076748,23,22,0,test,diff_days_indoor,5,0,0,0,0,0,0.3300456404685974
data/raw/osu_lora/Diff_Days_Indoor_Setup/Day5/Device25/IQ_1.dat,53,4155147,23,15,0,test,diff_days_indoor,5,0,0,0,0,0,0.2750176191329956
data/raw/osu_lora/Diff_Days_Indoor_Setup/Day5/Device25/IQ_1.dat,54,4233546,23,15,0,test,diff_days_indoor,5,0,0,0,0,0,0.26251745223999023
data/raw/osu_lora/Diff_Days_Indoor_Setup/Day5/Device25/IQ_1.dat,55,4311945,23,15,0,test,diff_days_indoor,5,0,0,0,0,0,0.30504241585731506
data/raw/osu_lora/Diff_Days_Indoor_Setup/Day5/Device25/IQ_1.dat,56,4390344,23,22,0,test,diff_days_indoor,5,0,0,0,0,0,0.2921275198459625
data/raw/osu_lora/Diff_Days_Indoor_Setup/Day5/Device25/IQ_1.dat,57,4468743,23,23,1,test,diff_days_indoor,5,0,0,0,0,0,0.25445953011512756
data/raw/osu_lora/Diff_Days_Indoor_Setup/Day5/Device25/IQ_1.dat,58,4547142,23,15,0,test,diff_days_indoor,5,0,0,0,0,0,0.19341422617435455
data/raw/osu_lora/Diff_Days_Indoor_Setup/Day5/Device25/IQ_1.dat,59,4625541,23,22,0,test,diff_days_indoor,5,0,0,0,0,0,0.2959042489528656
data/raw/osu_lora/Diff_Days_Indoor_Setup/Day5/Device25/IQ_1.dat,60,4703940,23,22,0,test,diff_days_indoor,5,0,0,0,0,0,0.32300394773483276
data/raw/osu_lora/Diff_Days_Indoor_Setup/Day5/Device25/IQ_1.dat,61,4782339,23,22,0,test,diff_days_indoor,5,0,0,0,0,0,0.2754695415496826
data/raw/osu_lora/Diff_Days_Indoor_Setup/Day5/Device25/IQ_1.dat,62,4860738,23,23,1,test,diff_days_indoor,5,0,0,0,0,0,0.29273104667663574
data/raw/osu_lora/Diff_Days_Indoor_Setup/Day5/Device25/IQ_1.dat,63,4939137,23,23,1,test,diff_days_indoor,5,0,0,0,0,0,0.2724146842956543
data/raw/osu_lora/Diff_Days_Indoor_Setup/Day5/Device25/IQ_1.dat,64,5017536,23,17,0,test,diff_days_indoor,5,0,0,0,0,0,0.2866263687610626
data/raw/osu_lora/Diff_Days_Indoor_Setup/Day5/Device25/IQ_1.dat,65,5095935,23,15,0,test,diff_days_indoor,5,0,0,0,0,0,0.3107057213783264
data/raw/osu_lora/Diff_Days_Indoor_Setup/Day5/Device25/IQ_1.dat,66,5174334,23,22,0,test,diff_days_indoor,5,0,0,0,0,0,0.30396997928619385
data/raw/osu_lora/Diff_Days_Indoor_Setup/Day5/Device25/IQ_1.dat,67,5252733,23,23,1,test,diff_days_indoor,5,0,0,0,0,0,0.3022226393222809
data/raw/osu_lora/Diff_Days_Indoor_Setup/Day5/Device25/IQ_1.dat,68,5331132,23,22,0,test,diff_days_indoor,5,0,0,0,0,0,0.3189205825328827
data/raw/osu_lora/Diff_Days_Indoor_Setup/Day5/Device25/IQ_1.dat,69,5409531,23,23,1,test,diff_days_indoor,5,0,0,0,0,0,0.23336756229400635
data/raw/osu_lora/Diff_Days_Indoor_Setup/Day5/Device25/IQ_1.dat,70,5487930,23,7,0,test,diff_days_indoor,5,0,0,0,0,0,0.1568588763475418
data/raw/osu_lora/Diff_Days_Indoor_Setup/Day5/Device25/IQ_1.dat,71,5566329,23,22,0,test,diff_days_indoor,5,0,0,0,0,0,0.34318915009498596
data/raw/osu_lora/Diff_Days_Indoor_Setup/Day5/Device25/IQ_1.dat,72,5644728,23,12,0,test,diff_days_indoor,5,0,0,0,0,0,0.2026870846748352
data/raw/osu_lora/Diff_Days_Indoor_Setup/Day5/Device25/IQ_1.dat,73,5723127,23,22,0,test,diff_days_indoor,5,0,0,0,0,0,0.3109016716480255
data/raw/osu_lora/Diff_Days_Indoor_Setup/Day5/Device25/IQ_1.dat,74,5801526,23,15,0,test,diff_days_indoor,5,0,0,0,0,0,0.27471157908439636
data/raw/osu_lora/Diff_Days_Indoor_Setup/Day5/Device25/IQ_1.dat,75,5879925,23,17,0,test,diff_days_indoor,5,0,0,0,0,0,0.22018945217132568
data/raw/osu_lora/Diff_Days_Indoor_Setup/Day5/Device25/IQ_1.dat,76,5958324,23,22,0,test,diff_days_indoor,5,0,0,0,0,0,0.29914459586143494
data/raw/osu_lora/Diff_Days_Indoor_Setup/Day5/Device25/IQ_1.dat,77,6036723,23,15,0,test,diff_days_indoor,5,0,0,0,0,0,0.2893211543560028
data/raw/osu_lora/Diff_Days_Indoor_Setup/Day5/Device25/IQ_1.dat,78,6115122,23,23,1,test,diff_days_indoor,5,0,0,0,0,0,0.2672784924507141
data/raw/osu_lora/Diff_Days_Indoor_Setup/Day5/Device25/IQ_1.dat,79,6193521,23,15,0,test,diff_days_indoor,5,0,0,0,0,0,0.2964755892753601
data/raw/osu_lora/Diff_Days_Indoor_Setup/Day5/Device25/IQ_1.dat,80,6271920,23,22,0,test,diff_days_indoor,5,0,0,0,0,0,0.2656814157962799
data/raw/osu_lora/Diff_Days_Indoor_Setup/Day5/Device25/IQ_1.dat,81,6350319,23,22,0,test,diff_days_indoor,5,0,0,0,0,0,0.2923825681209564
data/raw/osu_lora/Diff_Days_Indoor_Setup/Day5/Device25/IQ_1.dat,82,6428718,23,22,0,test,diff_days_indoor,5,0,0,0,0,0,0.3135946989059448
data/raw/osu_lora/Diff_Days_Indoor_Setup/Day5/Device25/IQ_1.dat,83,6507117,23,22,0,test,diff_days_indoor,5,0,0,0,0,0,0.25502684712409973
data/raw/osu_lora/Diff_Days_Indoor_Setup/Day5/Device25/IQ_1.dat,84,6585516,23,7,0,test,diff_days_indoor,5,0,0,0,0,0,0.2875402271747589
data/raw/osu_lora/Diff_Days_Indoor_Setup/Day5/Device25/IQ_1.dat,85,6663915,23,23,1,test,diff_days_indoor,5,0,0,0,0,0,0.2209610790014267
data/raw/osu_lora/Diff_Days_Indoor_Setup/Day5/Device25/IQ_1.dat,86,6742314,23,15,0,test,diff_days_indoor,5,0,0,0,0,0,0.2272307425737381
data/raw/osu_lora/Diff_Days_Indoor_Setup/Day5/Device25/IQ_1.dat,87,6820713,23,13,0,test,diff_days_indoor,5,0,0,0,0,0,0.09841873496770859
data/raw/osu_lora/Diff_Days_Indoor_Setup/Day5/Device25/IQ_1.dat,88,6899112,23,15,0,test,diff_days_indoor,5,0,0,0,0,0,0.2696529030799866
data/raw/osu_lora/Diff_Days_Indoor_Setup/Day5/Device25/IQ_1.dat,89,6977511,23,23,1,test,diff_days_indoor,5,0,0,0,0,0,0.29503339529037476
data/raw/osu_lora/Diff_Days_Indoor_Setup/Day5/Device25/IQ_1.dat,90,7055910,23,22,0,test,diff_days_indoor,5,0,0,0,0,0,0.30138033628463745
data/raw/osu_lora/Diff_Days_Indoor_Setup/Day5/Device25/IQ_1.dat,91,7134309,23,22,0,test,diff_days_indoor,5,0,0,0,0,0,0.32488110661506653
data/raw/osu_lora/Diff_Days_Indoor_Setup/Day5/Device25/IQ_1.dat,92,7212708,23,7,0,test,diff_days_indoor,5,0,0,0,0,0,0.2538018524646759
data/raw/osu_lora/Diff_Days_Indoor_Setup/Day5/Device25/IQ_1.dat,93,7291107,23,23,1,test,diff_days_indoor,5,0,0,0,0,0,0.27010536193847656
data/raw/osu_lora/Diff_Days_Indoor_Setup/Day5/Device25/IQ_1.dat,94,7369506,23,17,0,test,diff_days_indoor,5,0,0,0,0,0,0.26770102977752686
data/raw/osu_lora/Diff_Days_Indoor_Setup/Day5/Device25/IQ_1.dat,95,7447905,23,7,0,test,diff_days_indoor,5,0,0,0,0,0,0.2379150539636612
data/raw/osu_lora/Diff_Days_Indoor_Setup/Day5/Device25/IQ_1.dat,96,7526304,23,15,0,test,diff_days_indoor,5,0,0,0,0,0,0.2748505473136902
data/raw/osu_lora/Diff_Days_Indoor_Setup/Day5/Device25/IQ_1.dat,97,7604703,23,23,1,test,diff_days_indoor,5,0,0,0,0,0,0.2878880798816681
data/raw/osu_lora/Diff_Days_Indoor_Setup/Day5/Device25/IQ_1.dat,98,7683102,23,22,0,test,diff_days_indoor,5,0,0,0,0,0,0.29945290088653564
data/raw/osu_lora/Diff_Days_Indoor_Setup/Day5/Device25/IQ_1.dat,99,7761501,23,17,0,test,diff_days_indoor,5,0,0,0,0,0,0.23811478912830353
data/raw/osu_lora/Diff_Days_Indoor_Setup/Day5/Device25/IQ_1.dat,100,7839900,23,23,1,test,diff_days_indoor,5,0,0,0,0,0,0.256075918674469
data/raw/osu_lora/Diff_Days_Indoor_Setup/Day5/Device25/IQ_1.dat,101,7918299,23,22,0,test,diff_days_indoor,5,0,0,0,0,0,0.2744274437427521
data/raw/osu_lora/Diff_Days_Indoor_Setup/Day5/Device25/IQ_1.dat,102,7996698,23,23,1,test,diff_days_indoor,5,0,0,0,0,0,0.2972584068775177
data/raw/osu_lora/Diff_Days_Indoor_Setup/Day5/Device25/IQ_1.dat,103,8075097,23,15,0,test,diff_days_indoor,5,0,0,0,0,0,0.283321350812912
data/raw/osu_lora/Diff_Days_Indoor_Setup/Day5/Device25/IQ_1.dat,104,8153496,23,22,0,test,diff_days_indoor,5,0,0,0,0,0,0.31056827306747437
data/raw/osu_lora/Diff_Days_Indoor_Setup/Day5/Device25/IQ_1.dat,105,8231895,23,15,0,test,diff_days_indoor,5,0,0,0,0,0,0.2655040919780731
data/raw/osu_lora/Diff_Days_Indoor_Setup/Day5/Device25/IQ_1.dat,106,8310294,23,22,0,test,diff_days_indoor,5,0,0,0,0,0,0.30638861656188965
data/raw/osu_lora/Diff_Days_Indoor_Setup/Day5/Device25/IQ_1.dat,107,8388693,23,23,1,test,diff_days_indoor,5,0,0,0,0,0,0.2931693494319916
data/raw/osu_lora/Diff_Days_Indoor_Setup/Day5/Device25/IQ_1.dat,108,8467092,23,10,0,test,diff_days_indoor,5,0,0,0,0,0,0.13303984701633453
data/raw/osu_lora/Diff_Days_Indoor_Setup/Day5/Device25/IQ_1.dat,109,8545491,23,23,1,test,diff_days_indoor,5,0,0,0,0,0,0.2950439155101776
data/raw/osu_lora/Diff_Days_Indoor_Setup/Day5/Device25/IQ_1.dat,110,8623890,23,23,1,test,diff_days_indoor,5,0,0,0,0,0,0.2814456820487976
data/raw/osu_lora/Diff_Days_Indoor_Setup/Day5/Device25/IQ_1.dat,111,8702289,23,22,0,test,diff_days_indoor,5,0,0,0,0,0,0.29585763812065125
data/raw/osu_lora/Diff_Days_Indoor_Setup/Day5/Device25/IQ_1.dat,112,8780688,23,15,0,test,diff_days_indoor,5,0,0,0,0,0,0.2674143612384796
data/raw/osu_lora/Diff_Days_Indoor_Setup/Day5/Device25/IQ_1.dat,113,8859087,23,15,0,test,diff_days_indoor,5,0,0,0,0,0,0.2274671196937561
data/raw/osu_lora/Diff_Days_Indoor_Setup/Day5/Device25/IQ_1.dat,114,8937486,23,23,1,test,diff_days_indoor,5,0,0,0,0,0,0.2470947802066803
data/raw/osu_lora/Diff_Days_Indoor_Setup/Day5/Device25/IQ_1.dat,115,9015885,23,17,0,test,diff_days_indoor,5,0,0,0,0,0,0.2364373803138733
data/raw/osu_lora/Diff_Days_Indoor_Setup/Day5/Device25/IQ_1.dat,116,9094284,23,15,0,test,diff_days_indoor,5,0,0,0,0,0,0.2934414744377136
data/raw/osu_lora/Diff_Days_Indoor_Setup/Day5/Device25/IQ_1.dat,117,9172683,23,15,0,test,diff_days_indoor,5,0,0,0,0,0,0.20574338734149933
data/raw/osu_lora/Diff_Days_Indoor_Setup/Day5/Device25/IQ_1.dat,118,9251082,23,15,0,test,diff_days_indoor,5,0,0,0,0,0,0.252251535654068
data/raw/osu_lora/Diff_Days_Indoor_Setup/Day5/Device25/IQ_1.dat,119,9329481,23,7,0,test,diff_days_indoor,5,0,0,0,0,0,0.15851818025112152
data/raw/osu_lora/Diff_Days_Indoor_Setup/Day5/Device25/IQ_1.dat,120,9407880,23,15,0,test,diff_days_indoor,5,0,0,0,0,0,0.20464153587818146
data/raw/osu_lora/Diff_Days_Indoor_Setup/Day5/Device25/IQ_1.dat,121,9486279,23,15,0,test,diff_days_indoor,5,0,0,0,0,0,0.3201436698436737
data/raw/osu_lora/Diff_Days_Indoor_Setup/Day5/Device25/IQ_1.dat,122,9564678,23,23,1,test,diff_days_indoor,5,0,0,0,0,0,0.26594817638397217
data/raw/osu_lora/Diff_Days_Indoor_Setup/Day5/Device25/IQ_1.dat,123,9643077,23,15,0,test,diff_days_indoor,5,0,0,0,0,0,0.20782014727592468
data/raw/osu_lora/Diff_Days_Indoor_Setup/Day5/Device25/IQ_1.dat,124,9721476,23,15,0,test,diff_days_indoor,5,0,0,0,0,0,0.28902554512023926
data/raw/osu_lora/Diff_Days_Indoor_Setup/Day5/Device25/IQ_1.dat,125,9799875,23,22,0,test,diff_days_indoor,5,0,0,0,0,0,0.2958766222000122
data/raw/osu_lora/Diff_Days_Indoor_Setup/Day5/Device25/IQ_1.dat,126,9878274,23,17,0,test,diff_days_indoor,5,0,0,0,0,0,0.26657581329345703
data/raw/osu_lora/Diff_Days_Indoor_Setup/Day5/Device25/IQ_1.dat,127,9956673,23,22,0,test,diff_days_indoor,5,0,0,0,0,0,0.33270350098609924
data/raw/osu_lora/Diff_Days_Indoor_Setup/Day5/Device25/IQ_1.dat,128,10035072,23,22,0,test,diff_days_indoor,5,0,0,0,0,0,0.2932434678077698
data/raw/osu_lora/Diff_Days_Indoor_Setup/Day5/Device25/IQ_1.dat,129,10113471,23,23,1,test,diff_days_indoor,5,0,0,0,0,0,0.2082401067018509
data/raw/osu_lora/Diff_Days_Indoor_Setup/Day5/Device25/IQ_1.dat,130,10191870,23,22,0,test,diff_days_indoor,5,0,0,0,0,0,0.3407627046108246
data/raw/osu_lora/Diff_Days_Indoor_Setup/Day5/Device25/IQ_1.dat,131,10270269,23,15,0,test,diff_days_indoor,5,0,0,0,0,0,0.2855508029460907
data/raw/osu_lora/Diff_Days_Indoor_Setup/Day5/Device25/IQ_1.dat,132,10348668,23,22,0,test,diff_days_indoor,5,0,0,0,0,0,0.33140498399734497
data/raw/osu_lora/Diff_Days_Indoor_Setup/Day5/Device25/IQ_1.dat,133,10427067,23,23,1,test,diff_days_indoor,5,0,0,0,0,0,0.26623034477233887
data/raw/osu_lora/Diff_Days_Indoor_Setup/Day5/Device25/IQ_1.dat,134,10505466,23,13,0,test,diff_days_indoor,5,0,0,0,0,0,0.09965738654136658
data/raw/osu_lora/Diff_Days_Indoor_Setup/Day5/Device25/IQ_1.dat,135,10583865,23,15,0,test,diff_days_indoor,5,0,0,0,0,0,0.22416768968105316
data/raw/osu_lora/Diff_Days_Indoor_Setup/Day5/Device25/IQ_1.dat,136,10662264,23,15,0,test,diff_days_indoor,5,0,0,0,0,0,0.20023636519908905
data/raw/osu_lora/Diff_Days_Indoor_Setup/Day5/Device25/IQ_1.dat,137,10740663,23,23,1,test,diff_days_indoor,5,0,0,0,0,0,0.31384673714637756
data/raw/osu_lora/Diff_Days_Indoor_Setup/Day5/Device25/IQ_1.dat,138,10819062,23,23,1,test,diff_days_indoor,5,0,0,0,0,0,0.2940249443054199
data/raw/osu_lora/Diff_Days_Indoor_Setup/Day5/Device25/IQ_1.dat,139,10897461,23,22,0,test,diff_days_indoor,5,0,0,0,0,0,0.2921823263168335
data/raw/osu_lora/Diff_Days_Indoor_Setup/Day5/Device25/IQ_1.dat,140,10975860,23,17,0,test,diff_days_indoor,5,0,0,0,0,0,0.17697234451770782
data/raw/osu_lora/Diff_Days_Indoor_Setup/Day5/Device25/IQ_1.dat,141,11054259,23,23,1,test,diff_days_indoor,5,0,0,0,0,0,0.2774699628353119
data/raw/osu_lora/Diff_Days_Indoor_Setup/Day5/Device25/IQ_1.dat,142,11132658,23,23,1,test,diff_days_indoor,5,0,0,0,0,0,0.28403738141059875
data/raw/osu_lora/Diff_Days_Indoor_Setup/Day5/Device25/IQ_1.dat,143,11211057,23,23,1,test,diff_days_indoor,5,0,0,0,0,0,0.28259941935539246
data/raw/osu_lora/Diff_Days_Indoor_Setup/Day5/Device25/IQ_1.dat,144,11289456,23,23,1,test,diff_days_indoor,5,0,0,0,0,0,0.3004503548145294
data/raw/osu_lora/Diff_Days_Indoor_Setup/Day5/Device25/IQ_1.dat,145,11367855,23,15,0,test,diff_days_indoor,5,0,0,0,0,0,0.30469071865081787
data/raw/osu_lora/Diff_Days_Indoor_Setup/Day5/Device25/IQ_1.dat,146,11446254,23,23,1,test,diff_days_indoor,5,0,0,0,0,0,0.2881765067577362
data/raw/osu_lora/Diff_Days_Indoor_Setup/Day5/Device25/IQ_1.dat,147,11524653,23,15,0,test,diff_days_indoor,5,0,0,0,0,0,0.2609163522720337
data/raw/osu_lora/Diff_Days_Indoor_Setup/Day5/Device25/IQ_1.dat,148,11603052,23,15,0,test,diff_days_indoor,5,0,0,0,0,0,0.2757149636745453
data/raw/osu_lora/Diff_Days_Indoor_Setup/Day5/Device25/IQ_1.dat,149,11681451,23,15,0,test,diff_days_indoor,5,0,0,0,0,0,0.24663680791854858
data/raw/osu_lora/Diff_Days_Indoor_Setup/Day5/Device25/IQ_1.dat,150,11759850,23,23,1,test,diff_days_indoor,5,0,0,0,0,0,0.31101080775260925
data/raw/osu_lora/Diff_Days_Indoor_Setup/Day5/Device25/IQ_1.dat,151,11838249,23,7,0,test,diff_days_indoor,5,0,0,0,0,0,0.2455972284078598
data/raw/osu_lora/Diff_Days_Indoor_Setup/Day5/Device25/IQ_1.dat,152,11916648,23,23,1,test,diff_days_indoor,5,0,0,0,0,0,0.304623544216156
data/raw/osu_lora/Diff_Days_Indoor_Setup/Day5/Device25/IQ_1.dat,153,11995047,23,7,0,test,diff_days_indoor,5,0,0,0,0,0,0.23596373200416565
data/raw/osu_lora/Diff_Days_Indoor_Setup/Day5/Device25/IQ_1.dat,154,12073446,23,22,0,test,diff_days_indoor,5,0,0,0,0,0,0.3182148337364197
data/raw/osu_lora/Diff_Days_Indoor_Setup/Day5/Device25/IQ_1.dat,155,12151845,23,22,0,test,diff_days_indoor,5,0,0,0,0,0,0.3376995623111725
data/raw/osu_lora/Diff_Days_Indoor_Setup/Day5/Device25/IQ_1.dat,156,12230244,23,23,1,test,diff_days_indoor,5,0,0,0,0,0,0.2785779535770416
data/raw/osu_lora/Diff_Days_Indoor_Setup/Day5/Device25/IQ_1.dat,157,12308643,23,15,0,test,diff_days_indoor,5,0,0,0,0,0,0.3129957914352417
data/raw/osu_lora/Diff_Days_Indoor_Setup/Day5/Device25/IQ_1.dat,158,12387042,23,15,0,test,diff_days_indoor,5,0,0,0,0,0,0.258879691362381
data/raw/osu_lora/Diff_Days_Indoor_Setup/Day5/Device25/IQ_1.dat,159,12465441,23,15,0,test,diff_days_indoor,5,0,0,0,0,0,0.25183290243148804
data/raw/osu_lora/Diff_Days_Indoor_Setup/Day5/Device25/IQ_1.dat,160,12543840,23,15,0,test,diff_days_indoor,5,0,0,0,0,0,0.18301454186439514
data/raw/osu_lora/Diff_Days_Indoor_Setup/Day5/Device25/IQ_1.dat,161,12622239,23,22,0,test,diff_days_indoor,5,0,0,0,0,0,0.2701198160648346
data/raw/osu_lora/Diff_Days_Indoor_Setup/Day5/Device25/IQ_1.dat,162,12700638,23,23,1,test,diff_days_indoor,5,0,0,0,0,0,0.3050325810909271
data/raw/osu_lora/Diff_Days_Indoor_Setup/Day5/Device25/IQ_1.dat,163,12779037,23,9,0,test,diff_days_indoor,5,0,0,0,0,0,0.10913977771997452
data/raw/osu_lora/Diff_Days_Indoor_Setup/Day5/Device25/IQ_1.dat,164,12857436,23,22,0,test,diff_days_indoor,5,0,0,0,0,0,0.31924375891685486
data/raw/osu_lora/Diff_Days_Indoor_Setup/Day5/Device25/IQ_1.dat,165,12935835,23,22,0,test,diff_days_indoor,5,0,0,0,0,0,0.29156720638275146
data/raw/osu_lora/Diff_Days_Indoor_Setup/Day5/Device25/IQ_1.dat,166,13014234,23,23,1,test,diff_days_indoor,5,0,0,0,0,0,0.3099248707294464
data/raw/osu_lora/Diff_Days_Indoor_Setup/Day5/Device25/IQ_1.dat,167,13092633,23,23,1,test,diff_days_indoor,5,0,0,0,0,0,0.3108943998813629
data/raw/osu_lora/Diff_Days_Indoor_Setup/Day5/Device25/IQ_1.dat,168,13171032,23,15,0,test,diff_days_indoor,5,0,0,0,0,0,0.29562991857528687
data/raw/osu_lora/Diff_Days_Indoor_Setup/Day5/Device25/IQ_1.dat,169,13249431,23,23,1,test,diff_days_indoor,5,0,0,0,0,0,0.23443572223186493
data/raw/osu_lora/Diff_Days_Indoor_Setup/Day5/Device25/IQ_1.dat,170,13327830,23,22,0,test,diff_days_indoor,5,0,0,0,0,0,0.3131900131702423
data/raw/osu_lora/Diff_Days_Indoor_Setup/Day5/Device25/IQ_1.dat,171,13406229,23,23,1,test,diff_days_indoor,5,0,0,0,0,0,0.3158063590526581
data/raw/osu_lora/Diff_Days_Indoor_Setup/Day5/Device25/IQ_1.dat,172,13484628,23,23,1,test,diff_days_indoor,5,0,0,0,0,0,0.26662757992744446
data/raw/osu_lora/Diff_Days_Indoor_Setup/Day5/Device25/IQ_1.dat,173,13563027,23,23,1,test,diff_days_indoor,5,0,0,0,0,0,0.27205562591552734
data/raw/osu_lora/Diff_Days_Indoor_Setup/Day5/Device25/IQ_1.dat,174,13641426,23,22,0,test,diff_days_indoor,5,0,0,0,0,0,0.3487706482410431
data/raw/osu_lora/Diff_Days_Indoor_Setup/Day5/Device25/IQ_1.dat,175,13719825,23,15,0,test,diff_days_indoor,5,0,0,0,0,0,0.28296175599098206
data/raw/osu_lora/Diff_Days_Indoor_Setup/Day5/Device25/IQ_1.dat,176,13798224,23,23,1,test,diff_days_indoor,5,0,0,0,0,0,0.26954084634780884
data/raw/osu_lora/Diff_Days_Indoor_Setup/Day5/Device25/IQ_1.dat,177,13876623,23,19,0,test,diff_days_indoor,5,0,0,0,0,0,0.279147207736969
data/raw/osu_lora/Diff_Days_Indoor_Setup/Day5/Device25/IQ_1.dat,178,13955022,23,15,0,test,diff_days_indoor,5,0,0,0,0,0,0.2710326015949249
data/raw/osu_lora/Diff_Days_Indoor_Setup/Day5/Device25/IQ_1.dat,179,14033421,23,15,0,test,diff_days_indoor,5,0,0,0,0,0,0.17665039002895355
data/raw/osu_lora/Diff_Days_Indoor_Setup/Day5/Device25/IQ_1.dat,180,14111820,23,22,0,test,diff_days_indoor,5,0,0,0,0,0,0.2612163722515106
data/raw/osu_lora/Diff_Days_Indoor_Setup/Day5/Device25/IQ_1.dat,181,14190219,23,22,0,test,diff_days_indoor,5,0,0,0,0,0,0.2866535484790802
data/raw/osu_lora/Diff_Days_Indoor_Setup/Day5/Device25/IQ_1.dat,182,14268618,23,15,0,test,diff_days_indoor,5,0,0,0,0,0,0.2931000292301178
data/raw/osu_lora/Diff_Days_Indoor_Setup/Day5/Device25/IQ_1.dat,183,14347017,23,23,1,test,diff_days_indoor,5,0,0,0,0,0,0.3016182482242584
data/raw/osu_lora/Diff_Days_Indoor_Setup/Day5/Device25/IQ_1.dat,184,14425416,23,15,0,test,diff_days_indoor,5,0,0,0,0,0,0.21987849473953247
data/raw/osu_lora/Diff_Days_Indoor_Setup/Day5/Device25/IQ_1.dat,185,14503815,23,15,0,test,diff_days_indoor,5,0,0,0,0,0,0.3005634546279907
data/raw/osu_lora/Diff_Days_Indoor_Setup/Day5/Device25/IQ_1.dat,186,14582214,23,22,0,test,diff_days_indoor,5,0,0,0,0,0,0.3462134003639221
data/raw/osu_lora/Diff_Days_Indoor_Setup/Day5/Device25/IQ_1.dat,187,14660613,23,22,0,test,diff_days_indoor,5,0,0,0,0,0,0.36541059613227844
data/raw/osu_lora/Diff_Days_Indoor_Setup/Day5/Device25/IQ_1.dat,188,14739012,23,23,1,test,diff_days_indoor,5,0,0,0,0,0,0.29034435749053955
data/raw/osu_lora/Diff_Days_Indoor_Setup/Day5/Device25/IQ_1.dat,189,14817411,23,17,0,test,diff_days_indoor,5,0,0,0,0,0,0.22523175179958344
data/raw/osu_lora/Diff_Days_Indoor_Setup/Day5/Device25/IQ_1.dat,190,14895810,23,15,0,test,diff_days_indoor,5,0,0,0,0,0,0.21916335821151733
data/raw/osu_lora/Diff_Days_Indoor_Setup/Day5/Device25/IQ_1.dat,191,14974209,23,23,1,test,diff_days_indoor,5,0,0,0,0,0,0.2740347385406494
data/raw/osu_lora/Diff_Days_Indoor_Setup/Day5/Device25/IQ_1.dat,192,15052608,23,23,1,test,diff_days_indoor,5,0,0,0,0,0,0.292142391204834
data/raw/osu_lora/Diff_Days_Indoor_Setup/Day5/Device25/IQ_1.dat,193,15131007,23,22,0,test,diff_days_indoor,5,0,0,0,0,0,0.28708046674728394
data/raw/osu_lora/Diff_Days_Indoor_Setup/Day5/Device25/IQ_1.dat,194,15209406,23,15,0,test,diff_days_indoor,5,0,0,0,0,0,0.2814023196697235
data/raw/osu_lora/Diff_Days_Indoor_Setup/Day5/Device25/IQ_1.dat,195,15287805,23,15,0,test,diff_days_indoor,5,0,0,0,0,0,0.21797220408916473
data/raw/osu_lora/Diff_Days_Indoor_Setup/Day5/Device25/IQ_1.dat,196,15366204,23,22,0,test,diff_days_indoor,5,0,0,0,0,0,0.26799651980400085
data/raw/osu_lora/Diff_Days_Indoor_Setup/Day5/Device25/IQ_1.dat,197,15444603,23,23,1,test,diff_days_indoor,5,0,0,0,0,0,0.2854437828063965
data/raw/osu_lora/Diff_Days_Indoor_Setup/Day5/Device25/IQ_1.dat,198,15523002,23,23,1,test,diff_days_indoor,5,0,0,0,0,0,0.24829420447349548
data/raw/osu_lora/Diff_Days_Indoor_Setup/Day5/Device25/IQ_1.dat,199,15601401,23,22,0,test,diff_days_indoor,5,0,0,0,0,0,0.31903743743896484
data/raw/osu_lora/Diff_Days_Indoor_Setup/Day5/Device25/IQ_1.dat,200,15679800,23,15,0,test,diff_days_indoor,5,0,0,0,0,0,0.2439926266670227
data/raw/osu_lora/Diff_Days_Indoor_Setup/Day5/Device25/IQ_1.dat,201,15758199,23,22,0,test,diff_days_indoor,5,0,0,0,0,0,0.2982015907764435
data/raw/osu_lora/Diff_Days_Indoor_Setup/Day5/Device25/IQ_1.dat,202,15836598,23,22,0,test,diff_days_indoor,5,0,0,0,0,0,0.3350643813610077
data/raw/osu_lora/Diff_Days_Indoor_Setup/Day5/Device25/IQ_1.dat,203,15914997,23,15,0,test,diff_days_indoor,5,0,0,0,0,0,0.21636474132537842
data/raw/osu_lora/Diff_Days_Indoor_Setup/Day5/Device25/IQ_1.dat,204,15993396,23,23,1,test,diff_days_indoor,5,0,0,0,0,0,0.24020719528198242
data/raw/osu_lora/Diff_Days_Indoor_Setup/Day5/Device25/IQ_1.dat,205,16071795,23,15,0,test,diff_days_indoor,5,0,0,0,0,0,0.23544210195541382
data/raw/osu_lora/Diff_Days_Indoor_Setup/Day5/Device25/IQ_1.dat,206,16150194,23,17,0,test,diff_days_indoor,5,0,0,0,0,0,0.20499442517757416
data/raw/osu_lora/Diff_Days_Indoor_Setup/Day5/Device25/IQ_1.dat,207,16228593,23,8,0,test,diff_days_indoor,5,0,0,0,0,0,0.1135634258389473
data/raw/osu_lora/Diff_Days_Indoor_Setup/Day5/Device25/IQ_1.dat,208,16306992,23,23,1,test,diff_days_indoor,5,0,0,0,0,0,0.2814217507839203
data/raw/osu_lora/Diff_Days_Indoor_Setup/Day5/Device25/IQ_1.dat,209,16385391,23,15,0,test,diff_days_indoor,5,0,0,0,0,0,0.26315879821777344
data/raw/osu_lora/Diff_Days_Indoor_Setup/Day5/Device25/IQ_1.dat,210,16463790,23,22,0,test,diff_days_indoor,5,0,0,0,0,0,0.3357914090156555
data/raw/osu_lora/Diff_Days_Indoor_Setup/Day5/Device25/IQ_1.dat,211,16542189,23,22,0,test,diff_days_indoor,5,0,0,0,0,0,0.30916082859039307
data/raw/osu_lora/Diff_Days_Indoor_Setup/Day5/Device25/IQ_1.dat,212,16620588,23,23,1,test,diff_days_indoor,5,0,0,0,0,0,0.27770596742630005
data/raw/osu_lora/Diff_Days_Indoor_Setup/Day5/Device25/IQ_1.dat,213,16698987,23,22,0,test,diff_days_indoor,5,0,0,0,0,0,0.26701948046684265
data/raw/osu_lora/Diff_Days_Indoor_Setup/Day5/Device25/IQ_1.dat,214,16777386,23,15,0,test,diff_days_indoor,5,0,0,0,0,0,0.2564402222633362
data/raw/osu_lora/Diff_Days_Indoor_Setup/Day5/Device25/IQ_1.dat,215,16855785,23,15,0,test,diff_days_indoor,5,0,0,0,0,0,0.27229106426239014
data/raw/osu_lora/Diff_Days_Indoor_Setup/Day5/Device25/IQ_1.dat,216,16934184,23,22,0,test,diff_days_indoor,5,0,0,0,0,0,0.3191255033016205
data/raw/osu_lora/Diff_Days_Indoor_Setup/Day5/Device25/IQ_1.dat,217,17012583,23,22,0,test,diff_days_indoor,5,0,0,0,0,0,0.2855871617794037
data/raw/osu_lora/Diff_Days_Indoor_Setup/Day5/Device25/IQ_1.dat,218,17090982,23,23,1,test,diff_days_indoor,5,0,0,0,0,0,0.2786865830421448
data/raw/osu_lora/Diff_Days_Indoor_Setup/Day5/Device25/IQ_1.dat,219,17169381,23,23,1,test,diff_days_indoor,5,0,0,0,0,0,0.22761288285255432
data/raw/osu_lora/Diff_Days_Indoor_Setup/Day5/Device25/IQ_1.dat,220,17247780,23,22,0,test,diff_days_indoor,5,0,0,0,0,0,0.3102089464664459
data/raw/osu_lora/Diff_Days_Indoor_Setup/Day5/Device25/IQ_1.dat,221,17326179,23,23,1,test,diff_days_indoor,5,0,0,0,0,0,0.2279086709022522
data/raw/osu_lora/Diff_Days_Indoor_Setup/Day5/Device25/IQ_1.dat,222,17404578,23,22,0,test,diff_days_indoor,5,0,0,0,0,0,0.3535861074924469
data/raw/osu_lora/Diff_Days_Indoor_Setup/Day5/Device25/IQ_1.dat,223,17482977,23,23,1,test,diff_days_indoor,5,0,0,0,0,0,0.26553356647491455
data/raw/osu_lora/Diff_Days_Indoor_Setup/Day5/Device25/IQ_1.dat,224,17561376,23,22,0,test,diff_days_indoor,5,0,0,0,0,0,0.2859978973865509
data/raw/osu_lora/Diff_Days_Indoor_Setup/Day5/Device25/IQ_1.dat,225,17639775,23,15,0,test,diff_days_indoor,5,0,0,0,0,0,0.2806974947452545
data/raw/osu_lora/Diff_Days_Indoor_Setup/Day5/Device25/IQ_1.dat,226,17718174,23,23,1,test,diff_days_indoor,5,0,0,0,0,0,0.2088111788034439
data/raw/osu_lora/Diff_Days_Indoor_Setup/Day5/Device25/IQ_1.dat,227,17796573,23,23,1,test,diff_days_indoor,5,0,0,0,0,0,0.2598426640033722
data/raw/osu_lora/Diff_Days_Indoor_Setup/Day5/Device25/IQ_1.dat,228,17874972,23,22,0,test,diff_days_indoor,5,0,0,0,0,0,0.36103329062461853
data/raw/osu_lora/Diff_Days_Indoor_Setup/Day5/Device25/IQ_1.dat,229,17953371,23,23,1,test,diff_days_indoor,5,0,0,0,0,0,0.29184195399284363
data/raw/osu_lora/Diff_Days_Indoor_Setup/Day5/Device25/IQ_1.dat,230,18031770,23,22,0,test,diff_days_indoor,5,0,0,0,0,0,0.3109017014503479
data/raw/osu_lora/Diff_Days_Indoor_Setup/Day5/Device25/IQ_1.dat,231,18110169,23,22,0,test,diff_days_indoor,5,0,0,0,0,0,0.27341875433921814
data/raw/osu_lora/Diff_Days_Indoor_Setup/Day5/Device25/IQ_1.dat,232,18188568,23,15,0,test,diff_days_indoor,5,0,0,0,0,0,0.26910167932510376
data/raw/osu_lora/Diff_Days_Indoor_Setup/Day5/Device25/IQ_1.dat,233,18266967,23,15,0,test,diff_days_indoor,5,0,0,0,0,0,0.26082122325897217
data/raw/osu_lora/Diff_Days_Indoor_Setup/Day5/Device25/IQ_1.dat,234,18345366,23,22,0,test,diff_days_indoor,5,0,0,0,0,0,0.2866690456867218
data/raw/osu_lora/Diff_Days_Indoor_Setup/Day5/Device25/IQ_1.dat,235,18423765,23,22,0,test,diff_days_indoor,5,0,0,0,0,0,0.3272002041339874
data/raw/osu_lora/Diff_Days_Indoor_Setup/Day5/Device25/IQ_1.dat,236,18502164,23,22,0,test,diff_days_indoor,5,0,0,0,0,0,0.26718756556510925
data/raw/osu_lora/Diff_Days_Indoor_Setup/Day5/Device25/IQ_1.dat,237,18580563,23,15,0,test,diff_days_indoor,5,0,0,0,0,0,0.282723993062973
data/raw/osu_lora/Diff_Days_Indoor_Setup/Day5/Device25/IQ_1.dat,238,18658962,23,23,1,test,diff_days_indoor,5,0,0,0,0,0,0.30945873260498047
data/raw/osu_lora/Diff_Days_Indoor_Setup/Day5/Device25/IQ_1.dat,239,18737361,23,22,0,test,diff_days_indoor,5,0,0,0,0,0,0.33437642455101013
data/raw/osu_lora/Diff_Days_Indoor_Setup/Day5/Device25/IQ_1.dat,240,18815760,23,17,0,test,diff_days_indoor,5,0,0,0,0,0,0.27654457092285156
data/raw/osu_lora/Diff_Days_Indoor_Setup/Day5/Device25/IQ_1.dat,241,18894159,23,22,0,test,diff_days_indoor,5,0,0,0,0,0,0.3373986482620239
data/raw/osu_lora/Diff_Days_Indoor_Setup/Day5/Device25/IQ_1.dat,242,18972558,23,15,0,test,diff_days_indoor,5,0,0,0,0,0,0.2481999397277832
data/raw/osu_lora/Diff_Days_Indoor_Setup/Day5/Device25/IQ_1.dat,243,19050957,23,7,0,test,diff_days_indoor,5,0,0,0,0,0,0.19483424723148346
data/raw/osu_lora/Diff_Days_Indoor_Setup/Day5/Device25/IQ_1.dat,244,19129356,23,23,1,test,diff_days_indoor,5,0,0,0,0,0,0.2935677468776703
data/raw/osu_lora/Diff_Days_Indoor_Setup/Day5/Device25/IQ_1.dat,245,19207755,23,23,1,test,diff_days_indoor,5,0,0,0,0,0,0.2655361294746399
data/raw/osu_lora/Diff_Days_Indoor_Setup/Day5/Device25/IQ_1.dat,246,19286154,23,15,0,test,diff_days_indoor,5,0,0,0,0,0,0.24168698489665985
data/raw/osu_lora/Diff_Days_Indoor_Setup/Day5/Device25/IQ_1.dat,247,19364553,23,23,1,test,diff_days_indoor,5,0,0,0,0,0,0.3090444505214691
data/raw/osu_lora/Diff_Days_Indoor_Setup/Day5/Device25/IQ_1.dat,248,19442952,23,15,0,test,diff_days_indoor,5,0,0,0,0,0,0.23919102549552917
data/raw/osu_lora/Diff_Days_Indoor_Setup/Day5/Device25/IQ_1.dat,249,19521351,23,22,0,test,diff_days_indoor,5,0,0,0,0,0,0.2715296745300293
data/raw/osu_lora/Diff_Days_Indoor_Setup/Day5/Device25/IQ_1.dat,250,19599750,23,22,0,test,diff_days_indoor,5,0,0,0,0,0,0.3192679286003113
data/raw/osu_lora/Diff_Days_Indoor_Setup/Day5/Device25/IQ_1.dat,251,19678149,23,17,0,test,diff_days_indoor,5,0,0,0,0,0,0.28839200735092163
data/raw/osu_lora/Diff_Days_Indoor_Setup/Day5/Device25/IQ_1.dat,252,19756548,23,22,0,test,diff_days_indoor,5,0,0,0,0,0,0.3382977247238159
data/raw/osu_lora/Diff_Days_Indoor_Setup/Day5/Device25/IQ_1.dat,253,19834947,23,19,0,test,diff_days_indoor,5,0,0,0,0,0,0.36332815885543823
data/raw/osu_lora/Diff_Days_Indoor_Setup/Day5/Device25/IQ_1.dat,254,19913346,23,7,0,test,diff_days_indoor,5,0,0,0,0,0,0.13019128143787384
data/raw/osu_lora/Diff_Days_Indoor_Setup/Day5/Device25/IQ_1.dat,255,19991745,23,7,0,test,diff_days_indoor,5,0,0,0,0,0,0.2571878731250763
