file_path,window_index,sample_offset,label,pred,correct,split,setup,day,receiver,location,distance,sf,config,confidence
data/raw/osu_lora/Diff_Days_Indoor_Setup/Day5/Device1/IQ_1.dat,0,0,0,2,0,test,diff_days_indoor,5,0,0,0,0,0,0.5490897297859192
data/raw/osu_lora/Diff_Days_Indoor_Setup/Day5/Device1/IQ_1.dat,1,78399,0,2,0,test,diff_days_indoor,5,0,0,0,0,0,0.556090235710144
data/raw/osu_lora/Diff_Days_Indoor_Setup/Day5/Device1/IQ_1.dat,2,156798,0,2,0,test,diff_days_indoor,5,0,0,0,0,0,0.5625572204589844
data/raw/osu_lora/Diff_Days_Indoor_Setup/Day5/Device1/IQ_1.dat,3,235197,0,2,0,test,diff_days_indoor,5,0,0,0,0,0,0.562205970287323
data/raw/osu_lora/Diff_Days_Indoor_Setup/Day5/Device1/IQ_1.dat,4,313596,0,0,1,test,diff_days_indoor,5,0,0,0,0,0,0.30319744348526
data/raw/osu_lora/Diff_Days_Indoor_Setup/Day5/Device1/IQ_1.dat,5,391995,0,3,0,test,diff_days_indoor,5,0,0,0,0,0,0.37720516324043274
data/raw/osu_lora/Diff_Days_Indoor_Setup/Day5/Device1/IQ_1.dat,6,470394,0,2,0,test,diff_days_indoor,5,0,0,0,0,0,0.4448176622390747
data/raw/osu_lora/Diff_Days_Indoor_Setup/Day5/Device1/IQ_1.dat,7,548793,0,3,0,test,diff_days_indoor,5,0,0,0,0,0,0.33617454767227173
data/raw/osu_lora/Diff_Days_Indoor_Setup/Day5/Device1/IQ_1.dat,8,627192,0,2,0,test,diff_days_indoor,5,0,0,0,0,0,0.5445049405097961
data/raw/osu_lora/Diff_Days_Indoor_Setup/Day5/Device1/IQ_1.dat,9,705591,0,2,0,test,diff_days_indoor,5,0,0,0,0,0,0.501479983329773
data/raw/osu_lora/Diff_Days_Indoor_Setup/Day5/Device1/IQ_1.dat,10,783990,0,2,0,test,diff_days_indoor,5,0,0,0,0,0,0.5649299621582031
data/raw/osu_lora/Diff_Days_Indoor_Setup/Day5/Device1/IQ_1.dat,11,862389,0,2,0,test,diff_days_indoor,5,0,0,0,0,0,0.5652030110359192
data/raw/osu_lora/Diff_Days_Indoor_Setup/Day5/Device1/IQ_1.dat,12,940788,0,2,0,test,diff_days_indoor,5,0,0,0,0,0,0.44147032499313354
data/raw/osu_lora/Diff_Days_Indoor_Setup/Day5/Device1/IQ_1.dat,13,1019187,0,2,0,test,diff_days_indoor,5,0,0,0,0,0,0.5643541812896729
data/raw/osu_lora/Diff_Days_Indoor_Setup/Day5/Device1/IQ_1.dat,14,1097586,0,3,0,test,diff_days_indoor,5,0,0,0,0,0,0.3820471167564392
data/raw/osu_lora/Diff_Days_Indoor_Setup/Day5/Device1/IQ_1.dat,15,1175985,0,2,0,test,diff_days_indoor,5,0,0,0,0,0,0.3673373758792877
data/raw/osu_lora/Diff_Days_Indoor_Setup/Day5/Device1/IQ_1.dat,16,1254384,0,0,1,test,diff_days_indoor,5,0,0,0,0,0,0.30154886841773987
data/raw/osu_lora/Diff_Days_Indoor_Setup/Day5/Device1/IQ_1.dat,17,1332783,0,3,0,test,diff_days_indoor,5,0,0,0,0,0,0.40065115690231323
data/raw/osu_lora/Diff_Days_Indoor_Setup/Day5/Device1/IQ_1.dat,18,1411182,0,0,1,test,diff_days_indoor,5,0,0,0,0,0,0.3250732123851776
data/raw/osu_lora/Diff_Days_Indoor_Setup/Day5/Device1/IQ_1.dat,19,1489581,0,2,0,test,diff_days_indoor,5,0,0,0,0,0,0.5571414828300476
data/raw/osu_lora/Diff_Days_Indoor_Setup/Day5/Device1/IQ_1.dat,20,1567980,0,2,0,test,diff_days_indoor,5,0,0,0,0,0,0.5619388222694397
data/raw/osu_lora/Diff_Days_Indoor_Setup/Day5/Device1/IQ_1.dat,21,1646379,0,2,0,test,diff_days_indoor,5,0,0,0,0,0,0.5647807121276855
data/raw/osu_lora/Diff_Days_Indoor_Setup/Day5/Device1/IQ_1.dat,22,1724778,0,2,0,test,diff_days_indoor,5,0,0,0,0,0,0.5067239999771118
data/raw/osu_lora/Diff_Days_Indoor_Setup/Day5/Device1/IQ_1.dat,23,1803177,0,2,0,test,diff_days_indoor,5,0,0,0,0,0,0.5604953765869141
data/raw/osu_lora/Diff_Days_Indoor_Setup/Day5/Device1/IQ_1.dat,24,1881576,0,1,0,test,diff_days_indoor,5,0,0,0,0,0,0.4674217104911804
data/raw/osu_lora/Diff_Days_Indoor_Setup/Day5/Device1/IQ_1.dat,25,1959975,0,0,1,test,diff_days_indoor,5,0,0,0,0,0,0.29835009574890137
data/raw/osu_lora/Diff_Days_Indoor_Setup/Day5/Device1/IQ_1.dat,26,2038374,0,0,1,test,diff_days_indoor,5,0,0,0,0,0,0.30863210558891296
data/raw/osu_lora/Diff_Days_Indoor_Setup/Day5/Device1/IQ_1.dat,27,2116773,0,2,0,test,diff_days_indoor,5,0,0,0,0,0,0.34014323353767395
data/raw/osu_lora/Diff_Days_Indoor_Setup/Day5/Device1/IQ_1.dat,28,2195172,0,0,1,test,diff_days_indoor,5,0,0,0,0,0,0.32504504919052124
data/raw/osu_lora/Diff_Days_Indoor_Setup/Day5/Device1/IQ_1.dat,29,2273571,0,2,0,test,diff_days_indoor,5,0,0,0,0,0,0.4398283064365387
data/raw/osu_lora/Diff_Days_Indoor_Setup/Day5/Device1/IQ_1.dat,30,2351970,0,2,0,test,diff_days_indoor,5,0,0,0,0,0,0.5694265365600586
data/raw/osu_lora/Diff_Days_Indoor_Setup/Day5/Device1/IQ_1.dat,31,2430369,0,2,0,test,diff_days_indoor,5,0,0,0,0,0,0.5646414160728455
data/raw/osu_lora/Diff_Days_Indoor_Setup/Day5/Device1/IQ_1.dat,32,2508768,0,2,0,test,diff_days_indoor,5,0,0,0,0,0,0.5423262715339661
data/raw/osu_lora/Diff_Days_Indoor_Setup/Day5/Device1/IQ_1.dat,33,2587167,0,2,0,test,diff_days_indoor,5,0,0,0,0,0,0.5565995573997498
data/raw/osu_lora/Diff_Days_Indoor_Setup/Day5/Device1/IQ_1.dat,34,2665566,0,1,0,test,diff_days_indoor,5,0,0,0,0,0,0.46446284651756287
data/raw/osu_lora/Diff_Days_Indoor_Setup/Day5/Device1/IQ_1.dat,35,2743965,0,3,0,test,diff_days_indoor,5,0,0,0,0,0,0.34198179841041565
data/raw/osu_lora/Diff_Days_Indoor_Setup/Day5/Device1/IQ_1.dat,36,2822364,0,1,0,test,diff_days_indoor,5,0,0,0,0,0,0.4788763225078583
data/raw/osu_lora/Diff_Days_Indoor_Setup/Day5/Device1/IQ_1.dat,37,2900763,0,3,0,test,diff_days_indoor,5,0,0,0,0,0,0.3329785168170929
data/raw/osu_lora/Diff_Days_Indoor_Setup/Day5/Device1/IQ_1.dat,38,2979162,0,2,0,test,diff_days_indoor,5,0,0,0,0,0,0.3646937608718872
data/raw/osu_lora/Diff_Days_Indoor_Setup/Day5/Device1/IQ_1.dat,39,3057561,0,2,0,test,diff_days_indoor,5,0,0,0,0,0,0.46989327669143677
data/raw/osu_lora/Diff_Days_Indoor_Setup/Day5/Device1/IQ_1.dat,40,3135960,0,2,0,test,diff_days_indoor,5,0,0,0,0,0,0.555467963218689
data/raw/osu_lora/Diff_Days_Indoor_Setup/Day5/Device1/IQ_1.dat,41,3214359,0,2,0,test,diff_days_indoor,5,0,0,0,0,0,0.5854379534721375
data/raw/osu_lora/Diff_Days_Indoor_Setup/Day5/Device1/IQ_1.dat,42,3292758,0,2,0,test,diff_days_indoor,5,0,0,0,0,0,0.5674331188201904
data/raw/osu_lora/Diff_Days_Indoor_Setup/Day5/Device1/IQ_1.dat,43,3371157,0,2,0,test,diff_days_indoor,5,0,0,0,0,0,0.4883306324481964
data/raw/osu_lora/Diff_Days_Indoor_Setup/Day5/Device1/IQ_1.dat,44,3449556,0,2,0,test,diff_days_indoor,5,0,0,0,0,0,0.4304850995540619
data/raw/osu_lora/Diff_Days_Indoor_Setup/Day5/Device1/IQ_1.dat,45,3527955,0,2,0,test,diff_days_indoor,5,0,0,0,0,0,0.5610283017158508
data/raw/osu_lora/Diff_Days_Indoor_Setup/Day5/Device1/IQ_1.dat,46,3606354,0,2,0,test,diff_days_indoor,5,0,0,0,0,0,0.5414323210716248
data/raw/osu_lora/Diff_Days_Indoor_Setup/Day5/Device1/IQ_1.dat,47,3684753,0,2,0,test,diff_days_indoor,5,0,0,0,0,0,0.5860709547996521
data/raw/osu_lora/Diff_Days_Indoor_Setup/Day5/Device1/IQ_1.dat,48,3763152,0,2,0,test,diff_days_indoor,5,0,0,0,0,0,0.45757928490638733
data/raw/osu_lora/Diff_Days_Indoor_Setup/Day5/Device1/IQ_1.dat,49,3841551,0,2,0,test,diff_days_indoor,5,0,0,0,0,0,0.567014217376709
data/raw/osu_lora/Diff_Days_Indoor_Setup/Day5/Device1/IQ_1.dat,50,3919950,0,0,1,test,diff_days_indoor,5,0,0,0,0,0,0.33416998386383057
data/raw/osu_lora/Diff_Days_Indoor_Setup/Day5/Device1/IQ_1.dat,51,3998349,0,2,0,test,diff_days_indoor,5,0,0,0,0,0,0.3944058120250702
data/raw/osu_lora/Diff_Days_Indoor_Setup/Day5/Device1/IQ_1.dat,52,4076748,0,2,0,test,diff_days_indoor,5,0,0,0,0,0,0.542203962802887
data/raw/osu_lora/Diff_Days_Indoor_Setup/Day5/Device1/IQ_1.dat,53,4155147,0,0,1,test,diff_days_indoor,5,0,0,0,0,0,0.3304525911808014
data/raw/osu_lora/Diff_Days_Indoor_Setup/Day5/Device1/IQ_1.dat,54,4233546,0,2,0,test,diff_days_indoor,5,0,0,0,0,0,0.37004566192626953
data/raw/osu_lora/Diff_Days_Indoor_Setup/Day5/Device1/IQ_1.dat,55,4311945,0,2,0,test,diff_days_indoor,5,0,0,0,0,0,0.5575870871543884
data/raw/osu_lora/Diff_Days_Indoor_Setup/Day5/Device1/IQ_1.dat,56,4390344,0,2,0,test,diff_days_indoor,5,0,0,0,0,0,0.5713070631027222
data/raw/osu_lora/Diff_Days_Indoor_Setup/Day5/Device1/IQ_1.dat,57,4468743,0,2,0,test,diff_days_indoor,5,0,0,0,0,0,0.5635145306587219
data/raw/osu_lora/Diff_Days_Indoor_Setup/Day5/Device1/IQ_1.dat,58,4547142,0,2,0,test,diff_days_indoor,5,0,0,0,0,0,0.556476891040802
data/raw/osu_lora/Diff_Days_Indoor_Setup/Day5/Device1/IQ_1.dat,59,4625541,0,2,0,test,diff_days_indoor,5,0,0,0,0,0,0.544805109500885
data/raw/osu_lora/Diff_Days_Indoor_Setup/Day5/Device1/IQ_1.dat,60,4703940,0,2,0,test,diff_days_indoor,5,0,0,0,0,0,0.5681513547897339
data/raw/osu_lora/Diff_Days_Indoor_Setup/Day5/Device1/IQ_1.dat,61,4782339,0,2,0,test,diff_days_indoor,5,0,0,0,0,0,0.55909264087677
data/raw/osu_lora/Diff_Days_Indoor_Setup/Day5/Device1/IQ_1.dat,62,4860738,0,2,0,test,diff_days_indoor,5,0,0,0,0,0,0.5483052134513855
data/raw/osu_lora/Diff_Days_Indoor_Setup/Day5/Device1/IQ_1.dat,63,4939137,0,2,0,test,diff_days_indoor,5,0,0,0,0,0,0.5653758645057678
data/raw/osu_lora/Diff_Days_Indoor_Setup/Day5/Device1/IQ_1.dat,64,5017536,0,2,0,test,diff_days_indoor,5,0,0,0,0,0,0.5730171799659729
data/raw/osu_lora/Diff_Days_Indoor_Setup/Day5/Device1/IQ_1.dat,65,5095935,0,3,0,test,diff_days_indoor,5,0,0,0,0,0,0.3637763261795044
data/raw/osu_lora/Diff_Days_Indoor_Setup/Day5/Device1/IQ_1.dat,66,5174334,0,0,1,test,diff_days_indoor,5,0,0,0,0,0,0.3198557198047638
data/raw/osu_lora/Diff_Days_Indoor_Setup/Day5/Device1/IQ_1.dat,67,5252733,0,3,0,test,diff_days_indoor,5,0,0,0,0,0,0.428104043006897
data/raw/osu_lora/Diff_Days_Indoor_Setup/Day5/Device1/IQ_1.dat,68,5331132,0,2,0,test,diff_days_indoor,5,0,0,0,0,0,0.4456123113632202
data/raw/osu_lora/Diff_Days_Indoor_Setup/Day5/Device1/IQ_1.dat,69,5409531,0,0,1,test,diff_days_indoor,5,0,0,0,0,0,0.3445342183113098
data/raw/osu_lora/Diff_Days_Indoor_Setup/Day5/Device1/IQ_1.dat,70,5487930,0,2,0,test,diff_days_indoor,5,0,0,0,0,0,0.5586360692977905
data/raw/osu_lora/Diff_Days_Indoor_Setup/Day5/Device1/IQ_1.dat,71,5566329,0,2,0,test,diff_days_indoor,5,0,0,0,0,0,0.5696676969528198
data/raw/osu_lora/Diff_Days_Indoor_Setup/Day5/Device1/IQ_1.dat,72,5644728,0,2,0,test,diff_days_indoor,5,0,0,0,0,0,0.5626564621925354
data/raw/osu_lora/Diff_Days_Indoor_Setup/Day5/Device1/IQ_1.dat,73,5723127,0,2,0,test,diff_days_indoor,5,0,0,0,0,0,0.5601322054862976
data/raw/osu_lora/Diff_Days_Indoor_Setup/Day5/Device1/IQ_1.dat,74,5801526,0,2,0,test,diff_days_indoor,5,0,0,0,0,0,0.5593615174293518
data/raw/osu_lora/Diff_Days_Indoor_Setup/Day5/Device1/IQ_1.dat,75,5879925,0,2,0,test,diff_days_indoor,5,0,0,0,0,0,0.5546243786811829
data/raw/osu_lora/Diff_Days_Indoor_Setup/Day5/Device1/IQ_1.dat,76,5958324,0,2,0,test,diff_days_indoor,5,0,0,0,0,0,0.5645623207092285
data/raw/osu_lora/Diff_Days_Indoor_Setup/Day5/Device1/IQ_1.dat,77,6036723,0,2,0,test,diff_days_indoor,5,0,0,0,0,0,0.5621830821037292
data/raw/osu_lora/Diff_Days_Indoor_Setup/Day5/Device1/IQ_1.dat,78,6115122,0,2,0,test,diff_days_indoor,5,0,0,0,0,0,0.5670498609542847
data/raw/osu_lora/Diff_Days_Indoor_Setup/Day5/Device1/IQ_1.dat,79,6193521,0,2,0,test,diff_days_indoor,5,0,0,0,0,0,0.5615190267562866
data/raw/osu_lora/Diff_Days_Indoor_Setup/Day5/Device1/IQ_1.dat,80,6271920,0,2,0,test,diff_days_indoor,5,0,0,0,0,0,0.5429908037185669
data/raw/osu_lora/Diff_Days_Indoor_Setup/Day5/Device1/IQ_1.dat,81,6350319,0,0,1,test,diff_days_indoor,5,0,0,0,0,0,0.32851889729499817
data/raw/osu_lora/Diff_Days_Indoor_Setup/Day5/Device1/IQ_1.dat,82,6428718,0,2,0,test,diff_days_indoor,5,0,0,0,0,0,0.3888724744319916
data/raw/osu_lora/Diff_Days_Indoor_Setup/Day5/Device1/IQ_1.dat,83,6507117,0,0,1,test,diff_days_indoor,5,0,0,0,0,0,0.3260745406150818
data/raw/osu_lora/Diff_Days_Indoor_Setup/Day5/Device1/IQ_1.dat,84,6585516,0,0,1,test,diff_days_indoor,5,0,0,0,0,0,0.3007611632347107
data/raw/osu_lora/Diff_Days_Indoor_Setup/Day5/Device1/IQ_1.dat,85,6663915,0,2,0,test,diff_days_indoor,5,0,0,0,0,0,0.4577684998512268
data/raw/osu_lora/Diff_Days_Indoor_Setup/Day5/Device1/IQ_1.dat,86,6742314,0,2,0,test,diff_days_indoor,5,0,0,0,0,0,0.403052419424057
data/raw/osu_lora/Diff_Days_Indoor_Setup/Day5/Device1/IQ_1.dat,87,6820713,0,2,0,test,diff_days_indoor,5,0,0,0,0,0,0.5466960072517395
data/raw/osu_lora/Diff_Days_Indoor_Setup/Day5/Device1/IQ_1.dat,88,6899112,0,2,0,test,diff_days_indoor,5,0,0,0,0,0,0.5609489679336548
data/raw/osu_lora/Diff_Days_Indoor_Setup/Day5/Device1/IQ_1.dat,89,6977511,0,2,0,test,diff_days_indoor,5,0,0,0,0,0,0.4670076370239258
data/raw/osu_lora/Diff_Days_Indoor_Setup/Day5/Device1/IQ_1.dat,90,7055910,0,2,0,test,diff_days_indoor,5,0,0,0,0,0,0.5845727324485779
data/raw/osu_lora/Diff_Days_Indoor_Setup/Day5/Device1/IQ_1.dat,91,7134309,0,3,0,test,diff_days_indoor,5,0,0,0,0,0,0.43612655997276306
data/raw/osu_lora/Diff_Days_Indoor_Setup/Day5/Device1/IQ_1.dat,92,7212708,0,2,0,test,diff_days_indoor,5,0,0,0,0,0,0.3640090227127075
data/raw/osu_lora/Diff_Days_Indoor_Setup/Day5/Device1/IQ_1.dat,93,7291107,0,2,0,test,diff_days_indoor,5,0,0,0,0,0,0.3333719074726105
data/raw/osu_lora/Diff_Days_Indoor_Setup/Day5/Device1/IQ_1.dat,94,7369506,0,2,0,test,diff_days_indoor,5,0,0,0,0,0,0.5409883856773376
data/raw/osu_lora/Diff_Days_Indoor_Setup/Day5/Device1/IQ_1.dat,95,7447905,0,1,0,test,diff_days_indoor,5,0,0,0,0,0,0.5114327669143677
data/raw/osu_lora/Diff_Days_Indoor_Setup/Day5/Device1/IQ_1.dat,96,7526304,0,2,0,test,diff_days_indoor,5,0,0,0,0,0,0.5833348035812378
data/raw/osu_lora/Diff_Days_Indoor_Setup/Day5/Device1/IQ_1.dat,97,7604703,0,2,0,test,diff_days_indoor,5,0,0,0,0,0,0.5654142498970032
data/raw/osu_lora/Diff_Days_Indoor_Setup/Day5/Device1/IQ_1.dat,98,7683102,0,2,0,test,diff_days_indoor,5,0,0,0,0,0,0.5673387050628662
data/raw/osu_lora/Diff_Days_Indoor_Setup/Day5/Device1/IQ_1.dat,99,7761501,0,2,0,test,diff_days_indoor,5,0,0,0,0,0,0.532804012298584
data/raw/osu_lora/Diff_Days_Indoor_Setup/Day5/Device1/IQ_1.dat,100,7839900,0,2,0,test,diff_days_indoor,5,0,0,0,0,0,0.5586363673210144
data/raw/osu_lora/Diff_Days_Indoor_Setup/Day5/Device1/IQ_1.dat,101,7918299,0,3,0,test,diff_days_indoor,5,0,0,0,0,0,0.3344246447086334
data/raw/osu_lora/Diff_Days_Indoor_Setup/Day5/Device1/IQ_1.dat,102,7996698,0,2,0,test,diff_days_indoor,5,0,0,0,0,0,0.35072556138038635
data/raw/osu_lora/Diff_Days_Indoor_Setup/Day5/Device1/IQ_1.dat,103,8075097,0,2,0,test,diff_days_indoor,5,0,0,0,0,0,0.381564199924469
data/raw/osu_lora/Diff_Days_Indoor_Setup/Day5/Device1/IQ_1.dat,104,8153496,0,3,0,test,diff_days_indoor,5,0,0,0,0,0,0.34387433528900146
data/raw/osu_lora/Diff_Days_Indoor_Setup/Day5/Device1/IQ_1.dat,105,8231895,0,2,0,test,diff_days_indoor,5,0,0,0,0,0,0.4190767705440521
data/raw/osu_lora/Diff_Days_Indoor_Setup/Day5/Device1/IQ_1.dat,106,8310294,0,2,0,test,diff_days_indoor,5,0,0,0,0,0,0.5627729892730713
data/raw/osu_lora/Diff_Days_Indoor_Setup/Day5/Device1/IQ_1.dat,107,8388693,0,2,0,test,diff_days_indoor,5,0,0,0,0,0,0.41196343302726746
data/raw/osu_lora/Diff_Days_Indoor_Setup/Day5/Device1/IQ_1.dat,108,8467092,0,3,0,test,diff_days_indoor,5,0,0,0,0,0,0.35541248321533203
data/raw/osu_lora/Diff_Days_Indoor_Setup/Day5/Device1/IQ_1.dat,109,8545491,0,3,0,test,diff_days_indoor,5,0,0,0,0,0,0.3669871389865875
data/raw/osu_lora/Diff_Days_Indoor_Setup/Day5/Device1/IQ_1.dat,110,8623890,0,3,0,test,diff_days_indoor,5,0,0,0,0,0,0.36817455291748047
data/raw/osu_lora/Diff_Days_Indoor_Setup/Day5/Device1/IQ_1.dat,111,8702289,0,2,0,test,diff_days_indoor,5,0,0,0,0,0,0.5077428221702576
data/raw/osu_lora/Diff_Days_Indoor_Setup/Day5/Device1/IQ_1.dat,112,8780688,0,2,0,test,diff_days_indoor,5,0,0,0,0,0,0.5675135254859924
data/raw/osu_lora/Diff_Days_Indoor_Setup/Day5/Device1/IQ_1.dat,113,8859087,0,2,0,test,diff_days_indoor,5,0,0,0,0,0,0.5469371676445007
data/raw/osu_lora/Diff_Days_Indoor_Setup/Day5/Device1/IQ_1.dat,114,8937486,0,2,0,test,diff_days_indoor,5,0,0,0,0,0,0.5759323239326477
data/raw/osu_lora/Diff_Days_Indoor_Setup/Day5/Device1/IQ_1.dat,115,9015885,0,2,0,test,diff_days_indoor,5,0,0,0,0,0,0.5674989223480225
data/raw/osu_lora/Diff_Days_Indoor_Setup/Day5/Device1/IQ_1.dat,116,9094284,0,2,0,test,diff_days_indoor,5,0,0,0,0,0,0.568389892578125
data/raw/osu_lora/Diff_Days_Indoor_Setup/Day5/Device1/IQ_1.dat,117,9172683,0,2,0,test,diff_days_indoor,5,0,0,0,0,0,0.3509216010570526
data/raw/osu_lora/Diff_Days_Indoor_Setup/Day5/Device1/IQ_1.dat,118,9251082,0,2,0,test,diff_days_indoor,5,0,0,0,0,0,0.5314896106719971
data/raw/osu_lora/Diff_Days_Indoor_Setup/Day5/Device1/IQ_1.dat,119,9329481,0,2,0,test,diff_days_indoor,5,0,0,0,0,0,0.458236962556839
data/raw/osu_lora/Diff_Days_Indoor_Setup/Day5/Device1/IQ_1.dat,120,9407880,0,3,0,test,diff_days_indoor,5,0,0,0,0,0,0.30241361260414124
data/raw/osu_lora/Diff_Days_Indoor_Setup/Day5/Device1/IQ_1.dat,121,9486279,0,2,0,test,diff_days_indoor,5,0,0,0,0,0,0.4052414298057556
data/raw/osu_lora/Diff_Days_Indoor_Setup/Day5/Device1/IQ_1.dat,122,9564678,0,2,0,test,diff_days_indoor,5,0,0,0,0,0,0.5627630352973938
data/raw/osu_lora/Diff_Days_Indoor_Setup/Day5/Device1/IQ_1.dat,123,9643077,0,2,0,test,diff_days_indoor,5,0,0,0,0,0,0.5632244944572449
data/raw/osu_lora/Diff_Days_Indoor_Setup/Day5/Device1/IQ_1.dat,124,9721476,0,2,0,test,diff_days_indoor,5,0,0,0,0,0,0.5847011208534241
data/raw/osu_lora/Diff_Days_Indoor_Setup/Day5/Device1/IQ_1.dat,125,9799875,0,2,0,test,diff_days_indoor,5,0,0,0,0,0,0.5560384392738342
data/raw/osu_lora/Diff_Days_Indoor_Setup/Day5/Device1/IQ_1.dat,126,9878274,0,2,0,test,diff_days_indoor,5,0,0,0,0,0,0.5430917739868164
data/raw/osu_lora/Diff_Days_Indoor_Setup/Day5/Device1/IQ_1.dat,127,9956673,0,0,1,test,diff_days_indoor,5,0,0,0,0,0,0.31728437542915344
data/raw/osu_lora/Diff_Days_Indoor_Setup/Day5/Device1/IQ_1.dat,128,10035072,0,2,0,test,diff_days_indoor,5,0,0,0,0,0,0.47445589303970337
data/raw/osu_lora/Diff_Days_Indoor_Setup/Day5/Device1/IQ_1.dat,129,10113471,0,3,0,test,diff_days_indoor,5,0,0,0,0,0,0.33327552676200867
data/raw/osu_lora/Diff_Days_Indoor_Setup/Day5/Device1/IQ_1.dat,130,10191870,0,0,1,test,diff_days_indoor,5,0,0,0,0,0,0.33961135149002075
data/raw/osu_lora/Diff_Days_Indoor_Setup/Day5/Device1/IQ_1.dat,131,10270269,0,2,0,test,diff_days_indoor,5,0,0,0,0,0,0.4012124538421631
data/raw/osu_lora/Diff_Days_Indoor_Setup/Day5/Device1/IQ_1.dat,132,10348668,0,2,0,test,diff_days_indoor,5,0,0,0,0,0,0.5575780868530273
data/raw/osu_lora/Diff_Days_Indoor_Setup/Day5/Device1/IQ_1.dat,133,10427067,0,2,0,test,diff_days_indoor,5,0,0,0,0,0,0.5813624858856201
data/raw/osu_lora/Diff_Days_Indoor_Setup/Day5/Device1/IQ_1.dat,134,10505466,0,2,0,test,diff_days_indoor,5,0,0,0,0,0,0.5779079794883728
data/raw/osu_lora/Diff_Days_Indoor_Setup/Day5/Device1/IQ_1.dat,135,10583865,0,2,0,test,diff_days_indoor,5,0,0,0,0,0,0.5641109943389893
data/raw/osu_lora/Diff_Days_Indoor_Setup/Day5/Device1/IQ_1.dat,136,10662264,0,2,0,test,diff_days_indoor,5,0,0,0,0,0,0.5634372234344482
data/raw/osu_lora/Diff_Days_Indoor_Setup/Day5/Device1/IQ_1.dat,137,10740663,0,2,0,test,diff_days_indoor,5,0,0,0,0,0,0.5718886852264404
data/raw/osu_lora/Diff_Days_Indoor_Setup/Day5/Device1/IQ_1.dat,138,10819062,0,2,0,test,diff_days_indoor,5,0,0,0,0,0,0.37875139713287354
data/raw/osu_lora/Diff_Days_Indoor_Setup/Day5/Device1/IQ_1.dat,139,10897461,0,0,1,test,diff_days_indoor,5,0,0,0,0,0,0.316972941160202
data/raw/osu_lora/Diff_Days_Indoor_Setup/Day5/Device1/IQ_1.dat,140,10975860,0,2,0,test,diff_days_indoor,5,0,0,0,0,0,0.3498232960700989
data/raw/osu_lora/Diff_Days_Indoor_Setup/Day5/Device1/IQ_1.dat,141,11054259,0,0,1,test,diff_days_indoor,5,0,0,0,0,0,0.34332379698753357
data/raw/osu_lora/Diff_Days_Indoor_Setup/Day5/Device1/IQ_1.dat,142,11132658,0,2,0,test,diff_days_indoor,5,0,0,0,0,0,0.5449855327606201
data/raw/osu_lora/Diff_Days_Indoor_Setup/Day5/Device1/IQ_1.dat,143,11211057,0,2,0,test,diff_days_indoor,5,0,0,0,0,0,0.5596111416816711
data/raw/osu_lora/Diff_Days_Indoor_Setup/Day5/Device1/IQ_1.dat,144,11289456,0,2,0,test,diff_days_indoor,5,0,0,0,0,0,0.5660024881362915
data/raw/osu_lora/Diff_Days_Indoor_Setup/Day5/Device1/IQ_1.dat,145,11367855,0,2,0,test,diff_days_indoor,5,0,0,0,0,0,0.5454138517379761
data/raw/osu_lora/Diff_Days_Indoor_Setup/Day5/Device1/IQ_1.dat,146,11446254,0,2,0,test,diff_days_indoor,5,0,0,0,0,0,0.5688130855560303
data/raw/osu_lora/Diff_Days_Indoor_Setup/Day5/Device1/IQ_1.dat,147,11524653,0,2,0,test,diff_days_indoor,5,0,0,0,0,0,0.5644640326499939
data/raw/osu_lora/Diff_Days_Indoor_Setup/Day5/Device1/IQ_1.dat,148,11603052,0,2,0,test,diff_days_indoor,5,0,0,0,0,0,0.5041636228561401
data/raw/osu_lora/Diff_Days_Indoor_Setup/Day5/Device1/IQ_1.dat,149,11681451,0,3,0,test,diff_days_indoor,5,0,0,0,0,0,0.38125675916671753
data/raw/osu_lora/Diff_Days_Indoor_Setup/Day5/Device1/IQ_1.dat,150,11759850,0,2,0,test,diff_days_indoor,5,0,0,0,0,0,0.415119469165802
data/raw/osu_lora/Diff_Days_Indoor_Setup/Day5/Device1/IQ_1.dat,151,11838249,0,0,1,test,diff_days_indoor,5,0,0,0,0,0,0.30795183777809143
data/raw/osu_lora/Diff_Days_Indoor_Setup/Day5/Device1/IQ_1.dat,152,11916648,0,2,0,test,diff_days_indoor,5,0,0,0,0,0,0.44248858094215393
data/raw/osu_lora/Diff_Days_Indoor_Setup/Day5/Device1/IQ_1.dat,153,11995047,0,2,0,test,diff_days_indoor,5,0,0,0,0,0,0.5652191042900085
data/raw/osu_lora/Diff_Days_Indoor_Setup/Day5/Device1/IQ_1.dat,154,12073446,0,2,0,test,diff_days_indoor,5,0,0,0,0,0,0.5609604716300964
data/raw/osu_lora/Diff_Days_Indoor_Setup/Day5/Device1/IQ_1.dat,155,12151845,0,2,0,test,diff_days_indoor,5,0,0,0,0,0,0.5615638494491577
data/raw/osu_lora/Diff_Days_Indoor_Setup/Day5/Device1/IQ_1.dat,156,12230244,0,2,0,test,diff_days_indoor,5,0,0,0,0,0,0.5751357674598694
data/raw/osu_lora/Diff_Days_Indoor_Setup/Day5/Device1/IQ_1.dat,157,12308643,0,2,0,test,diff_days_indoor,5,0,0,0,0,0,0.5673444271087646
data/raw/osu_lora/Diff_Days_Indoor_Setup/Day5/Device1/IQ_1.dat,158,12387042,0,0,1,test,diff_days_indoor,5,0,0,0,0,0,0.32784759998321533
data/raw/osu_lora/Diff_Days_Indoor_Setup/Day5/Device1/IQ_1.dat,159,12465441,0,2,0,test,diff_days_indoor,5,0,0,0,0,0,0.4558224380016327
data/raw/osu_lora/Diff_Days_Indoor_Setup/Day5/Device1/IQ_1.dat,160,12543840,0,2,0,test,diff_days_indoor,5,0,0,0,0,0,0.439909964799881
data/raw/osu_lora/Diff_Days_Indoor_Setup/Day5/Device1/IQ_1.dat,161,12622239,0,2,0,test,diff_days_indoor,5,0,0,0,0,0,0.38004249334335327
data/raw/osu_lora/Diff_Days_Indoor_Setup/Day5/Device1/IQ_1.dat,162,12700638,0,3,0,test,diff_days_indoor,5,0,0,0,0,0,0.3481929898262024
data/raw/osu_lora/Diff_Days_Indoor_Setup/Day5/Device1/IQ_1.dat,163,12779037,0,2,0,test,diff_days_indoor,5,0,0,0,0,0,0.5490396022796631
data/raw/osu_lora/Diff_Days_Indoor_Setup/Day5/Device1/IQ_1.dat,164,12857436,0,2,0,test,diff_days_indoor,5,0,0,0,0,0,0.5818149447441101
data/raw/osu_lora/Diff_Days_Indoor_Setup/Day5/Device1/IQ_1.dat,165,12935835,0,2,0,test,diff_days_indoor,5,0,0,0,0,0,0.5673620700836182
data/raw/osu_lora/Diff_Days_Indoor_Setup/Day5/Device1/IQ_1.dat,166,13014234,0,2,0,test,diff_days_indoor,5,0,0,0,0,0,0.5523158311843872
data/raw/osu_lora/Diff_Days_Indoor_Setup/Day5/Device1/IQ_1.dat,167,13092633,0,2,0,test,diff_days_indoor,5,0,0,0,0,0,0.5596145987510681
data/raw/osu_lora/Diff_Days_Indoor_Setup/Day5/Device1/IQ_1.dat,168,13171032,0,2,0,test,diff_days_indoor,5,0,0,0,0,0,0.3255555033683777
data/raw/osu_lora/Diff_Days_Indoor_Setup/Day5/Device1/IQ_1.dat,169,13249431,0,0,1,test,diff_days_indoor,5,0,0,0,0,0,0.3355056047439575
data/raw/osu_lora/Diff_Days_Indoor_Setup/Day5/Device1/IQ_1.dat,170,13327830,0,0,1,test,diff_days_indoor,5,0,0,0,0,0,0.3248426914215088
data/raw/osu_lora/Diff_Days_Indoor_Setup/Day5/Device1/IQ_1.dat,171,13406229,0,0,1,test,diff_days_indoor,5,0,0,0,0,0,0.3123382329940796
data/raw/osu_lora/Diff_Days_Indoor_Setup/Day5/Device1/IQ_1.dat,172,13484628,0,2,0,test,diff_days_indoor,5,0,0,0,0,0,0.4922619163990021
data/raw/osu_lora/Diff_Days_Indoor_Setup/Day5/Device1/IQ_1.dat,173,13563027,0,2,0,test,diff_days_indoor,5,0,0,0,0,0,0.5615744590759277
data/raw/osu_lora/Diff_Days_Indoor_Setup/Day5/Device1/IQ_1.dat,174,13641426,0,2,0,test,diff_days_indoor,5,0,0,0,0,0,0.5668573379516602
data/raw/osu_lora/Diff_Days_Indoor_Setup/Day5/Device1/IQ_1.dat,175,13719825,0,2,0,test,diff_days_indoor,5,0,0,0,0,0,0.5698950290679932
data/raw/osu_lora/Diff_Days_Indoor_Setup/Day5/Device1/IQ_1.dat,176,13798224,0,2,0,test,diff_days_indoor,5,0,0,0,0,0,0.576743483543396
data/raw/osu_lora/Diff_Days_Indoor_Setup/Day5/Device1/IQ_1.dat,177,13876623,0,2,0,test,diff_days_indoor,5,0,0,0,0,0,0.5705952644348145
data/raw/osu_lora/Diff_Days_Indoor_Setup/Day5/Device1/IQ_1.dat,178,13955022,0,2,0,test,diff_days_indoor,5,0,0,0,0,0,0.5392024517059326
data/raw/osu_lora/Diff_Days_Indoor_Setup/Day5/Device1/IQ_1.dat,179,14033421,0,2,0,test,diff_days_indoor,5,0,0,0,0,0,0.4664207994937897
data/raw/osu_lora/Diff_Days_Indoor_Setup/Day5/Device1/IQ_1.dat,180,14111820,0,0,1,test,diff_days_indoor,5,0,0,0,0,0,0.3267194330692291
data/raw/osu_lora/Diff_Days_Indoor_Setup/Day5/Device1/IQ_1.dat,181,14190219,0,2,0,test,diff_days_indoor,5,0,0,0,0,0,0.5277439951896667
data/raw/osu_lora/Diff_Days_Indoor_Setup/Day5/Device1/IQ_1.dat,182,14268618,0,0,1,test,diff_days_indoor,5,0,0,0,0,0,0.34241363406181335
data/raw/osu_lora/Diff_Days_Indoor_Setup/Day5/Device1/IQ_1.dat,183,14347017,0,0,1,test,diff_days_indoor,5,0,0,0,0,0,0.3264525234699249
data/raw/osu_lora/Diff_Days_Indoor_Setup/Day5/Device1/IQ_1.dat,184,14425416,0,2,0,test,diff_days_indoor,5,0,0,0,0,0,0.5699887871742249
data/raw/osu_lora/Diff_Days_Indoor_Setup/Day5/Device1/IQ_1.dat,185,14503815,0,2,0,test,diff_days_indoor,5,0,0,0,0,0,0.5353820323944092
data/raw/osu_lora/Diff_Days_Indoor_Setup/Day5/Device1/IQ_1.dat,186,14582214,0,2,0,test,diff_days_indoor,5,0,0,0,0,0,0.557235836982727
data/raw/osu_lora/Diff_Days_Indoor_Setup/Day5/Device1/IQ_1.dat,187,14660613,0,2,0,test,diff_days_indoor,5,0,0,0,0,0,0.5654380917549133
data/raw/osu_lora/Diff_Days_Indoor_Setup/Day5/Device1/IQ_1.dat,188,14739012,0,2,0,test,diff_days_indoor,5,0,0,0,0,0,0.5574243068695068
data/raw/osu_lora/Diff_Days_Indoor_Setup/Day5/Device1/IQ_1.dat,189,14817411,0,2,0,test,diff_days_indoor,5,0,0,0,0,0,0.3835180997848511
data/raw/osu_lora/Diff_Days_Indoor_Setup/Day5/Device1/IQ_1.dat,190,14895810,0,3,0,test,diff_days_indoor,5,0,0,0,0,0,0.3010314404964447
data/raw/osu_lora/Diff_Days_Indoor_Setup/Day5/Device1/IQ_1.dat,191,14974209,0,3,0,test,diff_days_indoor,5,0,0,0,0,0,0.3164386749267578
data/raw/osu_lora/Diff_Days_Indoor_Setup/Day5/Device1/IQ_1.dat,192,15052608,0,3,0,test,diff_days_indoor,5,0,0,0,0,0,0.3287721574306488
data/raw/osu_lora/Diff_Days_Indoor_Setup/Day5/Device1/IQ_1.dat,193,15131007,0,3,0,test,diff_days_indoor,5,0,0,0,0,0,0.43094146251678467
data/raw/osu_lora/Diff_Days_Indoor_Setup/Day5/Device1/IQ_1.dat,194,15209406,0,2,0,test,diff_days_indoor,5,0,0,0,0,0,0.5656051635742188
data/raw/osu_lora/Diff_Days_Indoor_Setup/Day5/Device1/IQ_1.dat,195,15287805,0,2,0,test,diff_days_indoor,5,0,0,0,0,0,0.5542991757392883
data/raw/osu_lora/Diff_Days_Indoor_Setup/Day5/Device1/IQ_1.dat,196,15366204,0,2,0,test,diff_days_indoor,5,0,0,0,0,0,0.5726282000541687
data/raw/osu_lora/Diff_Days_Indoor_Setup/Day5/Device1/IQ_1.dat,197,15444603,0,2,0,test,diff_days_indoor,5,0,0,0,0,0,0.5671963095664978
data/raw/osu_lora/Diff_Days_Indoor_Setup/Day5/Device1/IQ_1.dat,198,15523002,0,2,0,test,diff_days_indoor,5,0,0,0,0,0,0.5728920698165894
data/raw/osu_lora/Diff_Days_Indoor_Setup/Day5/Device1/IQ_1.dat,199,15601401,0,1,0,test,diff_days_indoor,5,0,0,0,0,0,0.4979282319545746
data/raw/osu_lora/Diff_Days_Indoor_Setup/Day5/Device1/IQ_1.dat,200,15679800,0,0,1,test,diff_days_indoor,5,0,0,0,0,0,0.30601003766059875
data/raw/osu_lora/Diff_Days_Indoor_Setup/Day5/Device1/IQ_1.dat,201,15758199,0,0,1,test,diff_days_indoor,5,0,0,0,0,0,0.30193856358528137
data/raw/osu_lora/Diff_Days_Indoor_Setup/Day5/Device1/IQ_1.dat,202,15836598,0,2,0,test,diff_days_indoor,5,0,0,0,0,0,0.5641748905181885
data/raw/osu_lora/Diff_Days_Indoor_Setup/Day5/Device1/IQ_1.dat,203,15914997,0,2,0,test,diff_days_indoor,5,0,0,0,0,0,0.4289335012435913
data/raw/osu_lora/Diff_Days_Indoor_Setup/Day5/Device1/IQ_1.dat,204,15993396,0,2,0,test,diff_days_indoor,5,0,0,0,0,0,0.5657318234443665
data/raw/osu_lora/Diff_Days_Indoor_Setup/Day5/Device1/IQ_1.dat,205,16071795,0,2,0,test,diff_days_indoor,5,0,0,0,0,0,0.5498079657554626
data/raw/osu_lora/Diff_Days_Indoor_Setup/Day5/Device1/IQ_1.dat,206,16150194,0,2,0,test,diff_days_indoor,5,0,0,0,0,0,0.5499476790428162
data/raw/osu_lora/Diff_Days_Indoor_Setup/Day5/Device1/IQ_1.dat,207,16228593,0,2,0,test,diff_days_indoor,5,0,0,0,0,0,0.5482208728790283
data/raw/osu_lora/Diff_Days_Indoor_Setup/Day5/Device1/IQ_1.dat,208,16306992,0,2,0,test,diff_days_indoor,5,0,0,0,0,0,0.5602869391441345
data/raw/osu_lora/Diff_Days_Indoor_Setup/Day5/Device1/IQ_1.dat,209,16385391,0,2,0,test,diff_days_indoor,5,0,0,0,0,0,0.5576237440109253
data/raw/osu_lora/Diff_Days_Indoor_Setup/Day5/Device1/IQ_1.dat,210,16463790,0,2,0,test,diff_days_indoor,5,0,0,0,0,0,0.5663644075393677
data/raw/osu_lora/Diff_Days_Indoor_Setup/Day5/Device1/IQ_1.dat,211,16542189,0,2,0,test,diff_days_indoor,5,0,0,0,0,0,0.5836758613586426
data/raw/osu_lora/Diff_Days_Indoor_Setup/Day5/Device1/IQ_1.dat,212,16620588,0,2,0,test,diff_days_indoor,5,0,0,0,0,0,0.5656241774559021
data/raw/osu_lora/Diff_Days_Indoor_Setup/Day5/Device1/IQ_1.dat,213,16698987,0,2,0,test,diff_days_indoor,5,0,0,0,0,0,0.543829083442688
data/raw/osu_lora/Diff_Days_Indoor_Setup/Day5/Device1/IQ_1.dat,214,16777386,0,2,0,test,diff_days_indoor,5,0,0,0,0,0,0.5605865716934204
data/raw/osu_lora/Diff_Days_Indoor_Setup/Day5/Device1/IQ_1.dat,215,16855785,0,2,0,test,diff_days_indoor,5,0,0,0,0,0,0.3925941586494446
data/raw/osu_lora/Diff_Days_Indoor_Setup/Day5/Device1/IQ_1.dat,216,16934184,0,2,0,test,diff_days_indoor,5,0,0,0,0,0,0.32793229818344116
data/raw/osu_lora/Diff_Days_Indoor_Setup/Day5/Device1/IQ_1.dat,217,17012583,0,2,0,test,diff_days_indoor,5,0,0,0,0,0,0.43973425030708313
data/raw/osu_lora/Diff_Days_Indoor_Setup/Day5/Device1/IQ_1.dat,218,17090982,0,3,0,test,diff_days_indoor,5,0,0,0,0,0,0.33756211400032043
data/raw/osu_lora/Diff_Days_Indoor_Setup/Day5/Device1/IQ_1.dat,219,17169381,0,2,0,test,diff_days_indoor,5,0,0,0,0,0,0.5261535048484802
data/raw/osu_lora/Diff_Days_Indoor_Setup/Day5/Device1/IQ_1.dat,220,17247780,0,3,0,test,diff_days_indoor,5,0,0,0,0,0,0.34166282415390015
data/raw/osu_lora/Diff_Days_Indoor_Setup/Day5/Device1/IQ_1.dat,221,17326179,0,2,0,test,diff_days_indoor,5,0,0,0,0,0,0.5453193783760071
data/raw/osu_lora/Diff_Days_Indoor_Setup/Day5/Device1/IQ_1.dat,222,17404578,0,2,0,test,diff_days_indoor,5,0,0,0,0,0,0.4401135742664337
data/raw/osu_lora/Diff_Days_Indoor_Setup/Day5/Device1/IQ_1.dat,223,17482977,0,0,1,test,diff_days_indoor,5,0,0,0,0,0,0.33800774812698364
data/raw/osu_lora/Diff_Days_Indoor_Setup/Day5/Device1/IQ_1.dat,224,17561376,0,0,1,test,diff_days_indoor,5,0,0,0,0,0,0.31560665369033813
data/raw/osu_lora/Diff_Days_Indoor_Setup/Day5/Device1/IQ_1.dat,225,17639775,0,2,0,test,diff_days_indoor,5,0,0,0,0,0,0.5483341813087463
data/raw/osu_lora/Diff_Days_Indoor_Setup/Day5/Device1/IQ_1.dat,226,17718174,0,2,0,test,diff_days_indoor,5,0,0,0,0,0,0.5515859127044678
data/raw/osu_lora/Diff_Days_Indoor_Setup/Day5/Device1/IQ_1.dat,227,17796573,0,2,0,test,diff_days_indoor,5,0,0,0,0,0,0.5695477724075317
data/raw/osu_lora/Diff_Days_Indoor_Setup/Day5/Device1/IQ_1.dat,228,17874972,0,2,0,test,diff_days_indoor,5,0,0,0,0,0,0.5429562330245972
data/raw/osu_lora/Diff_Days_Indoor_Setup/Day5/Device1/IQ_1.dat,229,17953371,0,2,0,test,diff_days_indoor,5,0,0,0,0,0,0.5487831234931946
data/raw/osu_lora/Diff_Days_Indoor_Setup/Day5/Device1/IQ_1.dat,230,18031770,0,2,0,test,diff_days_indoor,5,0,0,0,0,0,0.5683156251907349
data/raw/osu_lora/Diff_Days_Indoor_Setup/Day5/Device1/IQ_1.dat,231,18110169,0,2,0,test,diff_days_indoor,5,0,0,0,0,0,0.5693618655204773
data/raw/osu_lora/Diff_Days_Indoor_Setup/Day5/Device1/IQ_1.dat,232,18188568,0,2,0,test,diff_days_indoor,5,0,0,0,0,0,0.5745536684989929
data/raw/osu_lora/Diff_Days_Indoor_Setup/Day5/Device1/IQ_1.dat,233,18266967,0,2,0,test,diff_days_indoor,5,0,0,0,0,0,0.564340353012085
data/raw/osu_lora/Diff_Days_Indoor_Setup/Day5/Device1/IQ_1.dat,234,18345366,0,2,0,test,diff_days_indoor,5,0,0,0,0,0,0.5603736042976379
data/raw/osu_lora/Diff_Days_Indoor_Setup/Day5/Device1/IQ_1.dat,235,18423765,0,2,0,test,diff_days_indoor,5,0,0,0,0,0,0.5654191374778748
data/raw/osu_lora/Diff_Days_Indoor_Setup/Day5/Device1/IQ_1.dat,236,18502164,0,2,0,test,diff_days_indoor,5,0,0,0,0,0,0.5653721690177917
data/raw/osu_lora/Diff_Days_Indoor_Setup/Day5/Device1/IQ_1.dat,237,18580563,0,2,0,test,diff_days_indoor,5,0,0,0,0,0,0.5428281426429749
data/raw/osu_lora/Diff_Days_Indoor_Setup/Day5/Device1/IQ_1.dat,238,18658962,0,2,0,test,diff_days_indoor,5,0,0,0,0,0,0.5697716474533081
data/raw/osu_lora/Diff_Days_Indoor_Setup/Day5/Device1/IQ_1.dat,239,18737361,0,2,0,test,diff_days_indoor,5,0,0,0,0,0,0.5785991549491882
data/raw/osu_lora/Diff_Days_Indoor_Setup/Day5/Device1/IQ_1.dat,240,18815760,0,2,0,test,diff_days_indoor,5,0,0,0,0,0,0.591332197189331
data/raw/osu_lora/Diff_Days_Indoor_Setup/Day5/Device1/IQ_1.dat,241,18894159,0,2,0,test,diff_days_indoor,5,0,0,0,0,0,0.5565584301948547
data/raw/osu_lora/Diff_Days_Indoor_Setup/Day5/Device1/IQ_1.dat,242,18972558,0,2,0,test,diff_days_indoor,5,0,0,0,0,0,0.5910473465919495
data/raw/osu_lora/Diff_Days_Indoor_Setup/Day5/Device1/IQ_1.dat,243,19050957,0,2,0,test,diff_days_indoor,5,0,0,0,0,0,0.5661717057228088
data/raw/osu_lora/Diff_Days_Indoor_Setup/Day5/Device1/IQ_1.dat,244,19129356,0,2,0,test,diff_days_indoor,5,0,0,0,0,0,0.5747817158699036
data/raw/osu_lora/Diff_Days_Indoor_Setup/Day5/Device1/IQ_1.dat,245,19207755,0,2,0,test,diff_days_indoor,5,0,0,0,0,0,0.5296281576156616
data/raw/osu_lora/Diff_Days_Indoor_Setup/Day5/Device1/IQ_1.dat,246,19286154,0,2,0,test,diff_days_indoor,5,0,0,0,0,0,0.5470214486122131
data/raw/osu_lora/Diff_Days_Indoor_Setup/Day5/Device1/IQ_1.dat,247,19364553,0,2,0,test,diff_days_indoor,5,0,0,0,0,0,0.5553527474403381
data/raw/osu_lora/Diff_Days_Indoor_Setup/Day5/Device1/IQ_1.dat,248,19442952,0,2,0,test,diff_days_indoor,5,0,0,0,0,0,0.5563861727714539
data/raw/osu_lora/Diff_Days_Indoor_Setup/Day5/Device1/IQ_1.dat,249,19521351,0,2,0,test,diff_days_indoor,5,0,0,0,0,0,0.5638309717178345
data/raw/osu_lora/Diff_Days_Indoor_Setup/Day5/Device1/IQ_1.dat,250,19599750,0,2,0,test,diff_days_indoor,5,0,0,0,0,0,0.5582769513130188
data/raw/osu_lora/Diff_Days_Indoor_Setup/Day5/Device1/IQ_1.dat,251,19678149,0,0,1,test,diff_days_indoor,5,0,0,0,0,0,0.2863728106021881
data/raw/osu_lora/Diff_Days_Indoor_Setup/Day5/Device1/IQ_1.dat,252,19756548,0,0,1,test,diff_days_indoor,5,0,0,0,0,0,0.3434180021286011
data/raw/osu_lora/Diff_Days_Indoor_Setup/Day5/Device1/IQ_1.dat,253,19834947,0,2,0,test,diff_days_indoor,5,0,0,0,0,0,0.38975343108177185
data/raw/osu_lora/Diff_Days_Indoor_Setup/Day5/Device1/IQ_1.dat,254,19913346,0,2,0,test,diff_days_indoor,5,0,0,0,0,0,0.3483242690563202
data/raw/osu_lora/Diff_Days_Indoor_Setup/Day5/Device1/IQ_1.dat,255,19991745,0,2,0,test,diff_days_indoor,5,0,0,0,0,0,0.40292274951934814
data/raw/osu_lora/Diff_Days_Indoor_Setup/Day5/Device2/IQ_1.dat,0,0,1,1,1,test,diff_days_indoor,5,0,0,0,0,0,0.6042583584785461
data/raw/osu_lora/Diff_Days_Indoor_Setup/Day5/Device2/IQ_1.dat,1,78399,1,1,1,test,diff_days_indoor,5,0,0,0,0,0,0.6338157057762146
data/raw/osu_lora/Diff_Days_Indoor_Setup/Day5/Device2/IQ_1.dat,2,156798,1,1,1,test,diff_days_indoor,5,0,0,0,0,0,0.6676328182220459
data/raw/osu_lora/Diff_Days_Indoor_Setup/Day5/Device2/IQ_1.dat,3,235197,1,1,1,test,diff_days_indoor,5,0,0,0,0,0,0.7736281752586365
data/raw/osu_lora/Diff_Days_Indoor_Setup/Day5/Device2/IQ_1.dat,4,313596,1,1,1,test,diff_days_indoor,5,0,0,0,0,0,0.6276817917823792
data/raw/osu_lora/Diff_Days_Indoor_Setup/Day5/Device2/IQ_1.dat,5,391995,1,1,1,test,diff_days_indoor,5,0,0,0,0,0,0.8036782741546631
data/raw/osu_lora/Diff_Days_Indoor_Setup/Day5/Device2/IQ_1.dat,6,470394,1,1,1,test,diff_days_indoor,5,0,0,0,0,0,0.7458736896514893
data/raw/osu_lora/Diff_Days_Indoor_Setup/Day5/Device2/IQ_1.dat,7,548793,1,1,1,test,diff_days_indoor,5,0,0,0,0,0,0.7332130670547485
data/raw/osu_lora/Diff_Days_Indoor_Setup/Day5/Device2/IQ_1.dat,8,627192,1,1,1,test,diff_days_indoor,5,0,0,0,0,0,0.8300940990447998
data/raw/osu_lora/Diff_Days_Indoor_Setup/Day5/Device2/IQ_1.dat,9,705591,1,1,1,test,diff_days_indoor,5,0,0,0,0,0,0.7791425585746765
data/raw/osu_lora/Diff_Days_Indoor_Setup/Day5/Device2/IQ_1.dat,10,783990,1,1,1,test,diff_days_indoor,5,0,0,0,0,0,0.7159044742584229
data/raw/osu_lora/Diff_Days_Indoor_Setup/Day5/Device2/IQ_1.dat,11,862389,1,1,1,test,diff_days_indoor,5,0,0,0,0,0,0.8236587047576904
data/raw/osu_lora/Diff_Days_Indoor_Setup/Day5/Device2/IQ_1.dat,12,940788,1,1,1,test,diff_days_indoor,5,0,0,0,0,0,0.7802258133888245
data/raw/osu_lora/Diff_Days_Indoor_Setup/Day5/Device2/IQ_1.dat,13,1019187,1,1,1,test,diff_days_indoor,5,0,0,0,0,0,0.880898118019104
data/raw/osu_lora/Diff_Days_Indoor_Setup/Day5/Device2/IQ_1.dat,14,1097586,1,1,1,test,diff_days_indoor,5,0,0,0,0,0,0.7108496427536011
data/raw/osu_lora/Diff_Days_Indoor_Setup/Day5/Device2/IQ_1.dat,15,1175985,1,1,1,test,diff_days_indoor,5,0,0,0,0,0,0.7637496590614319
data/raw/osu_lora/Diff_Days_Indoor_Setup/Day5/Device2/IQ_1.dat,16,1254384,1,1,1,test,diff_days_indoor,5,0,0,0,0,0,0.6294822096824646
data/raw/osu_lora/Diff_Days_Indoor_Setup/Day5/Device2/IQ_1.dat,17,1332783,1,1,1,test,diff_days_indoor,5,0,0,0,0,0,0.8269649744033813
data/raw/osu_lora/Diff_Days_Indoor_Setup/Day5/Device2/IQ_1.dat,18,1411182,1,1,1,test,diff_days_indoor,5,0,0,0,0,0,0.5884611010551453
data/raw/osu_lora/Diff_Days_Indoor_Setup/Day5/Device2/IQ_1.dat,19,1489581,1,1,1,test,diff_days_indoor,5,0,0,0,0,0,0.6779856085777283
data/raw/osu_lora/Diff_Days_Indoor_Setup/Day5/Device2/IQ_1.dat,20,1567980,1,1,1,test,diff_days_indoor,5,0,0,0,0,0,0.7547630071640015
data/raw/osu_lora/Diff_Days_Indoor_Setup/Day5/Device2/IQ_1.dat,21,1646379,1,1,1,test,diff_days_indoor,5,0,0,0,0,0,0.8933093547821045
data/raw/osu_lora/Diff_Days_Indoor_Setup/Day5/Device2/IQ_1.dat,22,1724778,1,1,1,test,diff_days_indoor,5,0,0,0,0,0,0.7951768040657043
data/raw/osu_lora/Diff_Days_Indoor_Setup/Day5/Device2/IQ_1.dat,23,1803177,1,1,1,test,diff_days_indoor,5,0,0,0,0,0,0.7640551924705505
data/raw/osu_lora/Diff_Days_Indoor_Setup/Day5/Device2/IQ_1.dat,24,1881576,1,1,1,test,diff_days_indoor,5,0,0,0,0,0,0.8025780916213989
data/raw/osu_lora/Diff_Days_Indoor_Setup/Day5/Device2/IQ_1.dat,25,1959975,1,1,1,test,diff_days_indoor,5,0,0,0,0,0,0.6589964628219604
data/raw/osu_lora/Diff_Days_Indoor_Setup/Day5/Device2/IQ_1.dat,26,2038374,1,1,1,test,diff_days_indoor,5,0,0,0,0,0,0.8174359798431396
data/raw/osu_lora/Diff_Days_Indoor_Setup/Day5/Device2/IQ_1.dat,27,2116773,1,1,1,test,diff_days_indoor,5,0,0,0,0,0,0.8865553736686707
data/raw/osu_lora/Diff_Days_Indoor_Setup/Day5/Device2/IQ_1.dat,28,2195172,1,1,1,test,diff_days_indoor,5,0,0,0,0,0,0.7516793608665466
data/raw/osu_lora/Diff_Days_Indoor_Setup/Day5/Device2/IQ_1.dat,29,2273571,1,1,1,test,diff_days_indoor,5,0,0,0,0,0,0.8702958226203918
data/raw/osu_lora/Diff_Days_Indoor_Setup/Day5/Device2/IQ_1.dat,30,2351970,1,1,1,test,diff_days_indoor,5,0,0,0,0,0,0.6990176439285278
data/raw/osu_lora/Diff_Days_Indoor_Setup/Day5/Device2/IQ_1.dat,31,2430369,1,1,1,test,diff_days_indoor,5,0,0,0,0,0,0.7060645222663879
data/raw/osu_lora/Diff_Days_Indoor_Setup/Day5/Device2/IQ_1.dat,32,2508768,1,1,1,test,diff_days_indoor,5,0,0,0,0,0,0.7901197075843811
data/raw/osu_lora/Diff_Days_Indoor_Setup/Day5/Device2/IQ_1.dat,33,2587167,1,1,1,test,diff_days_indoor,5,0,0,0,0,0,0.773363471031189
data/raw/osu_lora/Diff_Days_Indoor_Setup/Day5/Device2/IQ_1.dat,34,2665566,1,1,1,test,diff_days_indoor,5,0,0,0,0,0,0.7610156536102295
data/raw/osu_lora/Diff_Days_Indoor_Setup/Day5/Device2/IQ_1.dat,35,2743965,1,1,1,test,diff_days_indoor,5,0,0,0,0,0,0.7820001840591431
data/raw/osu_lora/Diff_Days_Indoor_Setup/Day5/Device2/IQ_1.dat,36,2822364,1,1,1,test,diff_days_indoor,5,0,0,0,0,0,0.670817494392395
data/raw/osu_lora/Diff_Days_Indoor_Setup/Day5/Device2/IQ_1.dat,37,2900763,1,3,0,test,diff_days_indoor,5,0,0,0,0,0,0.34772518277168274
data/raw/osu_lora/Diff_Days_Indoor_Setup/Day5/Device2/IQ_1.dat,38,2979162,1,1,1,test,diff_days_indoor,5,0,0,0,0,0,0.6867716908454895
data/raw/osu_lora/Diff_Days_Indoor_Setup/Day5/Device2/IQ_1.dat,39,3057561,1,1,1,test,diff_days_indoor,5,0,0,0,0,0,0.8347443342208862
data/raw/osu_lora/Diff_Days_Indoor_Setup/Day5/Device2/IQ_1.dat,40,3135960,1,1,1,test,diff_days_indoor,5,0,0,0,0,0,0.6504955887794495
data/raw/osu_lora/Diff_Days_Indoor_Setup/Day5/Device2/IQ_1.dat,41,3214359,1,1,1,test,diff_days_indoor,5,0,0,0,0,0,0.7740993499755859
data/raw/osu_lora/Diff_Days_Indoor_Setup/Day5/Device2/IQ_1.dat,42,3292758,1,2,0,test,diff_days_indoor,5,0,0,0,0,0,0.522598385810852
data/raw/osu_lora/Diff_Days_Indoor_Setup/Day5/Device2/IQ_1.dat,43,3371157,1,1,1,test,diff_days_indoor,5,0,0,0,0,0,0.7248180508613586
data/raw/osu_lora/Diff_Days_Indoor_Setup/Day5/Device2/IQ_1.dat,44,3449556,1,1,1,test,diff_days_indoor,5,0,0,0,0,0,0.7431555390357971
data/raw/osu_lora/Diff_Days_Indoor_Setup/Day5/Device2/IQ_1.dat,45,3527955,1,1,1,test,diff_days_indoor,5,0,0,0,0,0,0.6102720499038696
data/raw/osu_lora/Diff_Days_Indoor_Setup/Day5/Device2/IQ_1.dat,46,3606354,1,1,1,test,diff_days_indoor,5,0,0,0,0,0,0.730313241481781
data/raw/osu_lora/Diff_Days_Indoor_Setup/Day5/Device2/IQ_1.dat,47,3684753,1,1,1,test,diff_days_indoor,5,0,0,0,0,0,0.7804564833641052
data/raw/osu_lora/Diff_Days_Indoor_Setup/Day5/Device2/IQ_1.dat,48,3763152,1,1,1,test,diff_days_indoor,5,0,0,0,0,0,0.7592557668685913
data/raw/osu_lora/Diff_Days_Indoor_Setup/Day5/Device2/IQ_1.dat,49,3841551,1,1,1,test,diff_days_indoor,5,0,0,0,0,0,0.6764019727706909
data/raw/osu_lora/Diff_Days_Indoor_Setup/Day5/Device2/IQ_1.dat,50,3919950,1,1,1,test,diff_days_indoor,5,0,0,0,0,0,0.6822671294212341
data/raw/osu_lora/Diff_Days_Indoor_Setup/Day5/Device2/IQ_1.dat,51,3998349,1,1,1,test,diff_days_indoor,5,0,0,0,0,0,0.8075115084648132
data/raw/osu_lora/Diff_Days_Indoor_Setup/Day5/Device2/IQ_1.dat,52,4076748,1,1,1,test,diff_days_indoor,5,0,0,0,0,0,0.7576447129249573
data/raw/osu_lora/Diff_Days_Indoor_Setup/Day5/Device2/IQ_1.dat,53,4155147,1,1,1,test,diff_days_indoor,5,0,0,0,0,0,0.697617769241333
data/raw/osu_lora/Diff_Days_Indoor_Setup/Day5/Device2/IQ_1.dat,54,4233546,1,1,1,test,diff_days_indoor,5,0,0,0,0,0,0.7300040125846863
data/raw/osu_lora/Diff_Days_Indoor_Setup/Day5/Device2/IQ_1.dat,55,4311945,1,1,1,test,diff_days_indoor,5,0,0,0,0,0,0.788345456123352
data/raw/osu_lora/Diff_Days_Indoor_Setup/Day5/Device2/IQ_1.dat,56,4390344,1,1,1,test,diff_days_indoor,5,0,0,0,0,0,0.8361943364143372
data/raw/osu_lora/Diff_Days_Indoor_Setup/Day5/Device2/IQ_1.dat,57,4468743,1,1,1,test,diff_days_indoor,5,0,0,0,0,0,0.8155454993247986
data/raw/osu_lora/Diff_Days_Indoor_Setup/Day5/Device2/IQ_1.dat,58,4547142,1,1,1,test,diff_days_indoor,5,0,0,0,0,0,0.7625431418418884
data/raw/osu_lora/Diff_Days_Indoor_Setup/Day5/Device2/IQ_1.dat,59,4625541,1,1,1,test,diff_days_indoor,5,0,0,0,0,0,0.6198960542678833
data/raw/osu_lora/Diff_Days_Indoor_Setup/Day5/Device2/IQ_1.dat,60,4703940,1,1,1,test,diff_days_indoor,5,0,0,0,0,0,0.7451972365379333
data/raw/osu_lora/Diff_Days_Indoor_Setup/Day5/Device2/IQ_1.dat,61,4782339,1,1,1,test,diff_days_indoor,5,0,0,0,0,0,0.7488247156143188
data/raw/osu_lora/Diff_Days_Indoor_Setup/Day5/Device2/IQ_1.dat,62,4860738,1,1,1,test,diff_days_indoor,5,0,0,0,0,0,0.7299340963363647
data/raw/osu_lora/Diff_Days_Indoor_Setup/Day5/Device2/IQ_1.dat,63,4939137,1,1,1,test,diff_days_indoor,5,0,0,0,0,0,0.8009291887283325
data/raw/osu_lora/Diff_Days_Indoor_Setup/Day5/Device2/IQ_1.dat,64,5017536,1,1,1,test,diff_days_indoor,5,0,0,0,0,0,0.7492696642875671
data/raw/osu_lora/Diff_Days_Indoor_Setup/Day5/Device2/IQ_1.dat,65,5095935,1,1,1,test,diff_days_indoor,5,0,0,0,0,0,0.7867894768714905
data/raw/osu_lora/Diff_Days_Indoor_Setup/Day5/Device2/IQ_1.dat,66,5174334,1,1,1,test,diff_days_indoor,5,0,0,0,0,0,0.6247807741165161
data/raw/osu_lora/Diff_Days_Indoor_Setup/Day5/Device2/IQ_1.dat,67,5252733,1,1,1,test,diff_days_indoor,5,0,0,0,0,0,0.7821199297904968
data/raw/osu_lora/Diff_Days_Indoor_Setup/Day5/Device2/IQ_1.dat,68,5331132,1,1,1,test,diff_days_indoor,5,0,0,0,0,0,0.5479823350906372
data/raw/osu_lora/Diff_Days_Indoor_Setup/Day5/Device2/IQ_1.dat,69,5409531,1,1,1,test,diff_days_indoor,5,0,0,0,0,0,0.7675036191940308
data/raw/osu_lora/Diff_Days_Indoor_Setup/Day5/Device2/IQ_1.dat,70,5487930,1,1,1,test,diff_days_indoor,5,0,0,0,0,0,0.6972224712371826
data/raw/osu_lora/Diff_Days_Indoor_Setup/Day5/Device2/IQ_1.dat,71,5566329,1,1,1,test,diff_days_indoor,5,0,0,0,0,0,0.6919911503791809
data/raw/osu_lora/Diff_Days_Indoor_Setup/Day5/Device2/IQ_1.dat,72,5644728,1,1,1,test,diff_days_indoor,5,0,0,0,0,0,0.7755389213562012
data/raw/osu_lora/Diff_Days_Indoor_Setup/Day5/Device2/IQ_1.dat,73,5723127,1,1,1,test,diff_days_indoor,5,0,0,0,0,0,0.8540319800376892
data/raw/osu_lora/Diff_Days_Indoor_Setup/Day5/Device2/IQ_1.dat,74,5801526,1,1,1,test,diff_days_indoor,5,0,0,0,0,0,0.7326856255531311
data/raw/osu_lora/Diff_Days_Indoor_Setup/Day5/Device2/IQ_1.dat,75,5879925,1,1,1,test,diff_days_indoor,5,0,0,0,0,0,0.765416145324707
data/raw/osu_lora/Diff_Days_Indoor_Setup/Day5/Device2/IQ_1.dat,76,5958324,1,1,1,test,diff_days_indoor,5,0,0,0,0,0,0.8067266941070557
data/raw/osu_lora/Diff_Days_Indoor_Setup/Day5/Device2/IQ_1.dat,77,6036723,1,1,1,test,diff_days_indoor,5,0,0,0,0,0,0.7255915403366089
data/raw/osu_lora/Diff_Days_Indoor_Setup/Day5/Device2/IQ_1.dat,78,6115122,1,1,1,test,diff_days_indoor,5,0,0,0,0,0,0.6726712584495544
data/raw/osu_lora/Diff_Days_Indoor_Setup/Day5/Device2/IQ_1.dat,79,6193521,1,1,1,test,diff_days_indoor,5,0,0,0,0,0,0.6907123923301697
data/raw/osu_lora/Diff_Days_Indoor_Setup/Day5/Device2/IQ_1.dat,80,6271920,1,1,1,test,diff_days_indoor,5,0,0,0,0,0,0.7925037741661072
data/raw/osu_lora/Diff_Days_Indoor_Setup/Day5/Device2/IQ_1.dat,81,6350319,1,1,1,test,diff_days_indoor,5,0,0,0,0,0,0.7251551151275635
data/raw/osu_lora/Diff_Days_Indoor_Setup/Day5/Device2/IQ_1.dat,82,6428718,1,1,1,test,diff_days_indoor,5,0,0,0,0,0,0.7396835684776306
data/raw/osu_lora/Diff_Days_Indoor_Setup/Day5/Device2/IQ_1.dat,83,6507117,1,1,1,test,diff_days_indoor,5,0,0,0,0,0,0.7037584185600281
data/raw/osu_lora/Diff_Days_Indoor_Setup/Day5/Device2/IQ_1.dat,84,6585516,1,1,1,test,diff_days_indoor,5,0,0,0,0,0,0.8190514445304871
data/raw/osu_lora/Diff_Days_Indoor_Setup/Day5/Device2/IQ_1.dat,85,6663915,1,3,0,test,diff_days_indoor,5,0,0,0,0,0,0.4423243999481201
data/raw/osu_lora/Diff_Days_Indoor_Setup/Day5/Device2/IQ_1.dat,86,6742314,1,1,1,test,diff_days_indoor,5,0,0,0,0,0,0.688724160194397
data/raw/osu_lora/Diff_Days_Indoor_Setup/Day5/Device2/IQ_1.dat,87,6820713,1,1,1,test,diff_days_indoor,5,0,0,0,0,0,0.8058629631996155
data/raw/osu_lora/Diff_Days_Indoor_Setup/Day5/Device2/IQ_1.dat,88,6899112,1,1,1,test,diff_days_indoor,5,0,0,0,0,0,0.8226221799850464
data/raw/osu_lora/Diff_Days_Indoor_Setup/Day5/Device2/IQ_1.dat,89,6977511,1,1,1,test,diff_days_indoor,5,0,0,0,0,0,0.7220693230628967
data/raw/osu_lora/Diff_Days_Indoor_Setup/Day5/Device2/IQ_1.dat,90,7055910,1,1,1,test,diff_days_indoor,5,0,0,0,0,0,0.7194239497184753
data/raw/osu_lora/Diff_Days_Indoor_Setup/Day5/Device2/IQ_1.dat,91,7134309,1,1,1,test,diff_days_indoor,5,0,0,0,0,0,0.6770732998847961
data/raw/osu_lora/Diff_Days_Indoor_Setup/Day5/Device2/IQ_1.dat,92,7212708,1,1,1,test,diff_days_indoor,5,0,0,0,0,0,0.5784673094749451
data/raw/osu_lora/Diff_Days_Indoor_Setup/Day5/Device2/IQ_1.dat,93,7291107,1,1,1,test,diff_days_indoor,5,0,0,0,0,0,0.811973512172699
data/raw/osu_lora/Diff_Days_Indoor_Setup/Day5/Device2/IQ_1.dat,94,7369506,1,1,1,test,diff_days_indoor,5,0,0,0,0,0,0.7721846103668213
data/raw/osu_lora/Diff_Days_Indoor_Setup/Day5/Device2/IQ_1.dat,95,7447905,1,1,1,test,diff_days_indoor,5,0,0,0,0,0,0.7843372821807861
data/raw/osu_lora/Diff_Days_Indoor_Setup/Day5/Device2/IQ_1.dat,96,7526304,1,1,1,test,diff_days_indoor,5,0,0,0,0,0,0.7942538857460022
data/raw/osu_lora/Diff_Days_Indoor_Setup/Day5/Device2/IQ_1.dat,97,7604703,1,1,1,test,diff_days_indoor,5,0,0,0,0,0,0.665006697177887
data/raw/osu_lora/Diff_Days_Indoor_Setup/Day5/Device2/IQ_1.dat,98,7683102,1,1,1,test,diff_days_indoor,5,0,0,0,0,0,0.6455934643745422
data/raw/osu_lora/Diff_Days_Indoor_Setup/Day5/Device2/IQ_1.dat,99,7761501,1,1,1,test,diff_days_indoor,5,0,0,0,0,0,0.8165139555931091
data/raw/osu_lora/Diff_Days_Indoor_Setup/Day5/Device2/IQ_1.dat,100,7839900,1,1,1,test,diff_days_indoor,5,0,0,0,0,0,0.7475842237472534
data/raw/osu_lora/Diff_Days_Indoor_Setup/Day5/Device2/IQ_1.dat,101,7918299,1,1,1,test,diff_days_indoor,5,0,0,0,0,0,0.6789249181747437
data/raw/osu_lora/Diff_Days_Indoor_Setup/Day5/Device2/IQ_1.dat,102,7996698,1,1,1,test,diff_days_indoor,5,0,0,0,0,0,0.8034300804138184
data/raw/osu_lora/Diff_Days_Indoor_Setup/Day5/Device2/IQ_1.dat,103,8075097,1,1,1,test,diff_days_indoor,5,0,0,0,0,0,0.6362478137016296
data/raw/osu_lora/Diff_Days_Indoor_Setup/Day5/Device2/IQ_1.dat,104,8153496,1,3,0,test,diff_days_indoor,5,0,0,0,0,0,0.2929442226886749
data/raw/osu_lora/Diff_Days_Indoor_Setup/Day5/Device2/IQ_1.dat,105,8231895,1,1,1,test,diff_days_indoor,5,0,0,0,0,0,0.595497190952301
data/raw/osu_lora/Diff_Days_Indoor_Setup/Day5/Device2/IQ_1.dat,106,8310294,1,1,1,test,diff_days_indoor,5,0,0,0,0,0,0.7877334952354431
data/raw/osu_lora/Diff_Days_Indoor_Setup/Day5/Device2/IQ_1.dat,107,8388693,1,1,1,test,diff_days_indoor,5,0,0,0,0,0,0.4903832674026489
data/raw/osu_lora/Diff_Days_Indoor_Setup/Day5/Device2/IQ_1.dat,108,8467092,1,1,1,test,diff_days_indoor,5,0,0,0,0,0,0.7555021643638611
data/raw/osu_lora/Diff_Days_Indoor_Setup/Day5/Device2/IQ_1.dat,109,8545491,1,3,0,test,diff_days_indoor,5,0,0,0,0,0,0.3562745451927185
data/raw/osu_lora/Diff_Days_Indoor_Setup/Day5/Device2/IQ_1.dat,110,8623890,1,1,1,test,diff_days_indoor,5,0,0,0,0,0,0.7722973227500916
data/raw/osu_lora/Diff_Days_Indoor_Setup/Day5/Device2/IQ_1.dat,111,8702289,1,1,1,test,diff_days_indoor,5,0,0,0,0,0,0.7913914322853088
data/raw/osu_lora/Diff_Days_Indoor_Setup/Day5/Device2/IQ_1.dat,112,8780688,1,1,1,test,diff_days_indoor,5,0,0,0,0,0,0.6924306750297546
data/raw/osu_lora/Diff_Days_Indoor_Setup/Day5/Device2/IQ_1.dat,113,8859087,1,1,1,test,diff_days_indoor,5,0,0,0,0,0,0.8381309509277344
data/raw/osu_lora/Diff_Days_Indoor_Setup/Day5/Device2/IQ_1.dat,114,8937486,1,1,1,test,diff_days_indoor,5,0,0,0,0,0,0.8127014636993408
data/raw/osu_lora/Diff_Days_Indoor_Setup/Day5/Device2/IQ_1.dat,115,9015885,1,1,1,test,diff_days_indoor,5,0,0,0,0,0,0.8109645843505859
data/raw/osu_lora/Diff_Days_Indoor_Setup/Day5/Device2/IQ_1.dat,116,9094284,1,1,1,test,diff_days_indoor,5,0,0,0,0,0,0.7530983090400696
data/raw/osu_lora/Diff_Days_Indoor_Setup/Day5/Device2/IQ_1.dat,117,9172683,1,1,1,test,diff_days_indoor,5,0,0,0,0,0,0.7471233606338501
data/raw/osu_lora/Diff_Days_Indoor_Setup/Day5/Device2/IQ_1.dat,118,9251082,1,1,1,test,diff_days_indoor,5,0,0,0,0,0,0.7883355021476746
data/raw/osu_lora/Diff_Days_Indoor_Setup/Day5/Device2/IQ_1.dat,119,9329481,1,1,1,test,diff_days_indoor,5,0,0,0,0,0,0.715603768825531
data/raw/osu_lora/Diff_Days_Indoor_Setup/Day5/Device2/IQ_1.dat,120,9407880,1,1,1,test,diff_days_indoor,5,0,0,0,0,0,0.7097290754318237
data/raw/osu_lora/Diff_Days_Indoor_Setup/Day5/Device2/IQ_1.dat,121,9486279,1,1,1,test,diff_days_indoor,5,0,0,0,0,0,0.7884141802787781
data/raw/osu_lora/Diff_Days_Indoor_Setup/Day5/Device2/IQ_1.dat,122,9564678,1,1,1,test,diff_days_indoor,5,0,0,0,0,0,0.7190158367156982
data/raw/osu_lora/Diff_Days_Indoor_Setup/Day5/Device2/IQ_1.dat,123,9643077,1,1,1,test,diff_days_indoor,5,0,0,0,0,0,0.8411138653755188
data/raw/osu_lora/Diff_Days_Indoor_Setup/Day5/Device2/IQ_1.dat,124,9721476,1,1,1,test,diff_days_indoor,5,0,0,0,0,0,0.8199281096458435
data/raw/osu_lora/Diff_Days_Indoor_Setup/Day5/Device2/IQ_1.dat,125,9799875,1,1,1,test,diff_days_indoor,5,0,0,0,0,0,0.8420851230621338
data/raw/osu_lora/Diff_Days_Indoor_Setup/Day5/Device2/IQ_1.dat,126,9878274,1,1,1,test,diff_days_indoor,5,0,0,0,0,0,0.8047878742218018
data/raw/osu_lora/Diff_Days_Indoor_Setup/Day5/Device2/IQ_1.dat,127,9956673,1,1,1,test,diff_days_indoor,5,0,0,0,0,0,0.6736782193183899
data/raw/osu_lora/Diff_Days_Indoor_Setup/Day5/Device2/IQ_1.dat,128,10035072,1,1,1,test,diff_days_indoor,5,0,0,0,0,0,0.8071042895317078
data/raw/osu_lora/Diff_Days_Indoor_Setup/Day5/Device2/IQ_1.dat,129,10113471,1,1,1,test,diff_days_indoor,5,0,0,0,0,0,0.7421152591705322
data/raw/osu_lora/Diff_Days_Indoor_Setup/Day5/Device2/IQ_1.dat,130,10191870,1,1,1,test,diff_days_indoor,5,0,0,0,0,0,0.8096961975097656
data/raw/osu_lora/Diff_Days_Indoor_Setup/Day5/Device2/IQ_1.dat,131,10270269,1,1,1,test,diff_days_indoor,5,0,0,0,0,0,0.6673458218574524
data/raw/osu_lora/Diff_Days_Indoor_Setup/Day5/Device2/IQ_1.dat,132,10348668,1,1,1,test,diff_days_indoor,5,0,0,0,0,0,0.8099207878112793
data/raw/osu_lora/Diff_Days_Indoor_Setup/Day5/Device2/IQ_1.dat,133,10427067,1,3,0,test,diff_days_indoor,5,0,0,0,0,0,0.32012784481048584
data/raw/osu_lora/Diff_Days_Indoor_Setup/Day5/Device2/IQ_1.dat,134,10505466,1,1,1,test,diff_days_indoor,5,0,0,0,0,0,0.7996747493743896
data/raw/osu_lora/Diff_Days_Indoor_Setup/Day5/Device2/IQ_1.dat,135,10583865,1,1,1,test,diff_days_indoor,5,0,0,0,0,0,0.7823712229728699
data/raw/osu_lora/Diff_Days_Indoor_Setup/Day5/Device2/IQ_1.dat,136,10662264,1,1,1,test,diff_days_indoor,5,0,0,0,0,0,0.7596041560173035
data/raw/osu_lora/Diff_Days_Indoor_Setup/Day5/Device2/IQ_1.dat,137,10740663,1,1,1,test,diff_days_indoor,5,0,0,0,0,0,0.7690649032592773
data/raw/osu_lora/Diff_Days_Indoor_Setup/Day5/Device2/IQ_1.dat,138,10819062,1,1,1,test,diff_days_indoor,5,0,0,0,0,0,0.48013821244239807
data/raw/osu_lora/Diff_Days_Indoor_Setup/Day5/Device2/IQ_1.dat,139,10897461,1,1,1,test,diff_days_indoor,5,0,0,0,0,0,0.7481899261474609
data/raw/osu_lora/Diff_Days_Indoor_Setup/Day5/Device2/IQ_1.dat,140,10975860,1,1,1,test,diff_days_indoor,5,0,0,0,0,0,0.8308796286582947
data/raw/osu_lora/Diff_Days_Indoor_Setup/Day5/Device2/IQ_1.dat,141,11054259,1,1,1,test,diff_days_indoor,5,0,0,0,0,0,0.6907538771629333
data/raw/osu_lora/Diff_Days_Indoor_Setup/Day5/Device2/IQ_1.dat,142,11132658,1,1,1,test,diff_days_indoor,5,0,0,0,0,0,0.7261043190956116
data/raw/osu_lora/Diff_Days_Indoor_Setup/Day5/Device2/IQ_1.dat,143,11211057,1,1,1,test,diff_days_indoor,5,0,0,0,0,0,0.7909572720527649
data/raw/osu_lora/Diff_Days_Indoor_Setup/Day5/Device2/IQ_1.dat,144,11289456,1,1,1,test,diff_days_indoor,5,0,0,0,0,0,0.7619813084602356
data/raw/osu_lora/Diff_Days_Indoor_Setup/Day5/Device2/IQ_1.dat,145,11367855,1,1,1,test,diff_days_indoor,5,0,0,0,0,0,0.7864962816238403
data/raw/osu_lora/Diff_Days_Indoor_Setup/Day5/Device2/IQ_1.dat,146,11446254,1,1,1,test,diff_days_indoor,5,0,0,0,0,0,0.7504112720489502
data/raw/osu_lora/Diff_Days_Indoor_Setup/Day5/Device2/IQ_1.dat,147,11524653,1,1,1,test,diff_days_indoor,5,0,0,0,0,0,0.8086053729057312
data/raw/osu_lora/Diff_Days_Indoor_Setup/Day5/Device2/IQ_1.dat,148,11603052,1,1,1,test,diff_days_indoor,5,0,0,0,0,0,0.7086358070373535
data/raw/osu_lora/Diff_Days_Indoor_Setup/Day5/Device2/IQ_1.dat,149,11681451,1,1,1,test,diff_days_indoor,5,0,0,0,0,0,0.739910900592804
data/raw/osu_lora/Diff_Days_Indoor_Setup/Day5/Device2/IQ_1.dat,150,11759850,1,1,1,test,diff_days_indoor,5,0,0,0,0,0,0.6687300801277161
data/raw/osu_lora/Diff_Days_Indoor_Setup/Day5/Device2/IQ_1.dat,151,11838249,1,1,1,test,diff_days_indoor,5,0,0,0,0,0,0.8389520049095154
data/raw/osu_lora/Diff_Days_Indoor_Setup/Day5/Device2/IQ_1.dat,152,11916648,1,1,1,test,diff_days_indoor,5,0,0,0,0,0,0.6083049774169922
data/raw/osu_lora/Diff_Days_Indoor_Setup/Day5/Device2/IQ_1.dat,153,11995047,1,1,1,test,diff_days_indoor,5,0,0,0,0,0,0.7085266709327698
data/raw/osu_lora/Diff_Days_Indoor_Setup/Day5/Device2/IQ_1.dat,154,12073446,1,1,1,test,diff_days_indoor,5,0,0,0,0,0,0.719433069229126
data/raw/osu_lora/Diff_Days_Indoor_Setup/Day5/Device2/IQ_1.dat,155,12151845,1,1,1,test,diff_days_indoor,5,0,0,0,0,0,0.822664201259613
data/raw/osu_lora/Diff_Days_Indoor_Setup/Day5/Device2/IQ_1.dat,156,12230244,1,1,1,test,diff_days_indoor,5,0,0,0,0,0,0.7564472556114197
data/raw/osu_lora/Diff_Days_Indoor_Setup/Day5/Device2/IQ_1.dat,157,12308643,1,1,1,test,diff_days_indoor,5,0,0,0,0,0,0.7406290769577026
data/raw/osu_lora/Diff_Days_Indoor_Setup/Day5/Device2/IQ_1.dat,158,12387042,1,1,1,test,diff_days_indoor,5,0,0,0,0,0,0.7224112153053284
data/raw/osu_lora/Diff_Days_Indoor_Setup/Day5/Device2/IQ_1.dat,159,12465441,1,1,1,test,diff_days_indoor,5,0,0,0,0,0,0.7253281474113464
data/raw/osu_lora/Diff_Days_Indoor_Setup/Day5/Device2/IQ_1.dat,160,12543840,1,1,1,test,diff_days_indoor,5,0,0,0,0,0,0.8118771910667419
data/raw/osu_lora/Diff_Days_Indoor_Setup/Day5/Device2/IQ_1.dat,161,12622239,1,1,1,test,diff_days_indoor,5,0,0,0,0,0,0.7612606883049011
data/raw/osu_lora/Diff_Days_Indoor_Setup/Day5/Device2/IQ_1.dat,162,12700638,1,1,1,test,diff_days_indoor,5,0,0,0,0,0,0.7081953287124634
data/raw/osu_lora/Diff_Days_Indoor_Setup/Day5/Device2/IQ_1.dat,163,12779037,1,1,1,test,diff_days_indoor,5,0,0,0,0,0,0.8062548637390137
data/raw/osu_lora/Diff_Days_Indoor_Setup/Day5/Device2/IQ_1.dat,164,12857436,1,1,1,test,diff_days_indoor,5,0,0,0,0,0,0.7032874226570129
data/raw/osu_lora/Diff_Days_Indoor_Setup/Day5/Device2/IQ_1.dat,165,12935835,1,1,1,test,diff_days_indoor,5,0,0,0,0,0,0.7383193969726562
data/raw/osu_lora/Diff_Days_Indoor_Setup/Day5/Device2/IQ_1.dat,166,13014234,1,1,1,test,diff_days_indoor,5,0,0,0,0,0,0.7325940132141113
data/raw/osu_lora/Diff_Days_Indoor_Setup/Day5/Device2/IQ_1.dat,167,13092633,1,1,1,test,diff_days_indoor,5,0,0,0,0,0,0.7887545228004456
data/raw/osu_lora/Diff_Days_Indoor_Setup/Day5/Device2/IQ_1.dat,168,13171032,1,1,1,test,diff_days_indoor,5,0,0,0,0,0,0.7809798717498779
data/raw/osu_lora/Diff_Days_Indoor_Setup/Day5/Device2/IQ_1.dat,169,13249431,1,1,1,test,diff_days_indoor,5,0,0,0,0,0,0.7565727233886719
data/raw/osu_lora/Diff_Days_Indoor_Setup/Day5/Device2/IQ_1.dat,170,13327830,1,1,1,test,diff_days_indoor,5,0,0,0,0,0,0.708797812461853
data/raw/osu_lora/Diff_Days_Indoor_Setup/Day5/Device2/IQ_1.dat,171,13406229,1,1,1,test,diff_days_indoor,5,0,0,0,0,0,0.5868354439735413
data/raw/osu_lora/Diff_Days_Indoor_Setup/Day5/Device2/IQ_1.dat,172,13484628,1,1,1,test,diff_days_indoor,5,0,0,0,0,0,0.5781402587890625
data/raw/osu_lora/Diff_Days_Indoor_Setup/Day5/Device2/IQ_1.dat,173,13563027,1,1,1,test,diff_days_indoor,5,0,0,0,0,0,0.800180196762085
data/raw/osu_lora/Diff_Days_Indoor_Setup/Day5/Device2/IQ_1.dat,174,13641426,1,1,1,test,diff_days_indoor,5,0,0,0,0,0,0.7737744450569153
data/raw/osu_lora/Diff_Days_Indoor_Setup/Day5/Device2/IQ_1.dat,175,13719825,1,1,1,test,diff_days_indoor,5,0,0,0,0,0,0.8491629362106323
data/raw/osu_lora/Diff_Days_Indoor_Setup/Day5/Device2/IQ_1.dat,176,13798224,1,2,0,test,diff_days_indoor,5,0,0,0,0,0,0.5482559204101562
data/raw/osu_lora/Diff_Days_Indoor_Setup/Day5/Device2/IQ_1.dat,177,13876623,1,1,1,test,diff_days_indoor,5,0,0,0,0,0,0.774665892124176
data/raw/osu_lora/Diff_Days_Indoor_Setup/Day5/Device2/IQ_1.dat,178,13955022,1,1,1,test,diff_days_indoor,5,0,0,0,0,0,0.7400621175765991
data/raw/osu_lora/Diff_Days_Indoor_Setup/Day5/Device2/IQ_1.dat,179,14033421,1,1,1,test,diff_days_indoor,5,0,0,0,0,0,0.7620018124580383
data/raw/osu_lora/Diff_Days_Indoor_Setup/Day5/Device2/IQ_1.dat,180,14111820,1,1,1,test,diff_days_indoor,5,0,0,0,0,0,0.8769702315330505
data/raw/osu_lora/Diff_Days_Indoor_Setup/Day5/Device2/IQ_1.dat,181,14190219,1,1,1,test,diff_days_indoor,5,0,0,0,0,0,0.8261914253234863
data/raw/osu_lora/Diff_Days_Indoor_Setup/Day5/Device2/IQ_1.dat,182,14268618,1,1,1,test,diff_days_indoor,5,0,0,0,0,0,0.6521289348602295
data/raw/osu_lora/Diff_Days_Indoor_Setup/Day5/Device2/IQ_1.dat,183,14347017,1,1,1,test,diff_days_indoor,5,0,0,0,0,0,0.6684682369232178
data/raw/osu_lora/Diff_Days_Indoor_Setup/Day5/Device2/IQ_1.dat,184,14425416,1,1,1,test,diff_days_indoor,5,0,0,0,0,0,0.7153754830360413
data/raw/osu_lora/Diff_Days_Indoor_Setup/Day5/Device2/IQ_1.dat,185,14503815,1,1,1,test,diff_days_indoor,5,0,0,0,0,0,0.7148528695106506
data/raw/osu_lora/Diff_Days_Indoor_Setup/Day5/Device2/IQ_1.dat,186,14582214,1,1,1,test,diff_days_indoor,5,0,0,0,0,0,0.6833652257919312
data/raw/osu_lora/Diff_Days_Indoor_Setup/Day5/Device2/IQ_1.dat,187,14660613,1,1,1,test,diff_days_indoor,5,0,0,0,0,0,0.6208666563034058
data/raw/osu_lora/Diff_Days_Indoor_Setup/Day5/Device2/IQ_1.dat,188,14739012,1,1,1,test,diff_days_indoor,5,0,0,0,0,0,0.7537372708320618
data/raw/osu_lora/Diff_Days_Indoor_Setup/Day5/Device2/IQ_1.dat,189,14817411,1,1,1,test,diff_days_indoor,5,0,0,0,0,0,0.7937062382698059
data/raw/osu_lora/Diff_Days_Indoor_Setup/Day5/Device2/IQ_1.dat,190,14895810,1,1,1,test,diff_days_indoor,5,0,0,0,0,0,0.7066518664360046
data/raw/osu_lora/Diff_Days_Indoor_Setup/Day5/Device2/IQ_1.dat,191,14974209,1,1,1,test,diff_days_indoor,5,0,0,0,0,0,0.7757507562637329
data/raw/osu_lora/Diff_Days_Indoor_Setup/Day5/Device2/IQ_1.dat,192,15052608,1,1,1,test,diff_days_indoor,5,0,0,0,0,0,0.8852900266647339
data/raw/osu_lora/Diff_Days_Indoor_Setup/Day5/Device2/IQ_1.dat,193,15131007,1,1,1,test,diff_days_indoor,5,0,0,0,0,0,0.6274518966674805
data/raw/osu_lora/Diff_Days_Indoor_Setup/Day5/Device2/IQ_1.dat,194,15209406,1,1,1,test,diff_days_indoor,5,0,0,0,0,0,0.7185487151145935
data/raw/osu_lora/Diff_Days_Indoor_Setup/Day5/Device2/IQ_1.dat,195,15287805,1,1,1,test,diff_days_indoor,5,0,0,0,0,0,0.7146759033203125
data/raw/osu_lora/Diff_Days_Indoor_Setup/Day5/Device2/IQ_1.dat,196,15366204,1,1,1,test,diff_days_indoor,5,0,0,0,0,0,0.6821452379226685
data/raw/osu_lora/Diff_Days_Indoor_Setup/Day5/Device2/IQ_1.dat,197,15444603,1,1,1,test,diff_days_indoor,5,0,0,0,0,0,0.7965461015701294
data/raw/osu_lora/Diff_Days_Indoor_Setup/Day5/Device2/IQ_1.dat,198,15523002,1,1,1,test,diff_days_indoor,5,0,0,0,0,0,0.7371836304664612
data/raw/osu_lora/Diff_Days_Indoor_Setup/Day5/Device2/IQ_1.dat,199,15601401,1,1,1,test,diff_days_indoor,5,0,0,0,0,0,0.8826023936271667
data/raw/osu_lora/Diff_Days_Indoor_Setup/Day5/Device2/IQ_1.dat,200,15679800,1,1,1,test,diff_days_indoor,5,0,0,0,0,0,0.471573144197464
data/raw/osu_lora/Diff_Days_Indoor_Setup/Day5/Device2/IQ_1.dat,201,15758199,1,1,1,test,diff_days_indoor,5,0,0,0,0,0,0.7716271281242371
data/raw/osu_lora/Diff_Days_Indoor_Setup/Day5/Device2/IQ_1.dat,202,15836598,1,1,1,test,diff_days_indoor,5,0,0,0,0,0,0.8461624383926392
data/raw/osu_lora/Diff_Days_Indoor_Setup/Day5/Device2/IQ_1.dat,203,15914997,1,1,1,test,diff_days_indoor,5,0,0,0,0,0,0.8140633702278137
data/raw/osu_lora/Diff_Days_Indoor_Setup/Day5/Device2/IQ_1.dat,204,15993396,1,1,1,test,diff_days_indoor,5,0,0,0,0,0,0.7395729422569275
data/raw/osu_lora/Diff_Days_Indoor_Setup/Day5/Device2/IQ_1.dat,205,16071795,1,1,1,test,diff_days_indoor,5,0,0,0,0,0,0.7541484832763672
data/raw/osu_lora/Diff_Days_Indoor_Setup/Day5/Device2/IQ_1.dat,206,16150194,1,1,1,test,diff_days_indoor,5,0,0,0,0,0,0.7990564703941345
data/raw/osu_lora/Diff_Days_Indoor_Setup/Day5/Device2/IQ_1.dat,207,16228593,1,1,1,test,diff_days_indoor,5,0,0,0,0,0,0.8055534958839417
data/raw/osu_lora/Diff_Days_Indoor_Setup/Day5/Device2/IQ_1.dat,208,16306992,1,1,1,test,diff_days_indoor,5,0,0,0,0,0,0.5871158838272095
data/raw/osu_lora/Diff_Days_Indoor_Setup/Day5/Device2/IQ_1.dat,209,16385391,1,1,1,test,diff_days_indoor,5,0,0,0,0,0,0.7545788884162903
data/raw/osu_lora/Diff_Days_Indoor_Setup/Day5/Device2/IQ_1.dat,210,16463790,1,1,1,test,diff_days_indoor,5,0,0,0,0,0,0.7841011881828308
data/raw/osu_lora/Diff_Days_Indoor_Setup/Day5/Device2/IQ_1.dat,211,16542189,1,1,1,test,diff_days_indoor,5,0,0,0,0,0,0.793407678604126
data/raw/osu_lora/Diff_Days_Indoor_Setup/Day5/Device2/IQ_1.dat,212,16620588,1,1,1,test,diff_days_indoor,5,0,0,0,0,0,0.734331488609314
data/raw/osu_lora/Diff_Days_Indoor_Setup/Day5/Device2/IQ_1.dat,213,16698987,1,1,1,test,diff_days_indoor,5,0,0,0,0,0,0.7679415345191956
data/raw/osu_lora/Diff_Days_Indoor_Setup/Day5/Device2/IQ_1.dat,214,16777386,1,1,1,test,diff_days_indoor,5,0,0,0,0,0,0.8261559009552002
data/raw/osu_lora/Diff_Days_Indoor_Setup/Day5/Device2/IQ_1.dat,215,16855785,1,1,1,test,diff_days_indoor,5,0,0,0,0,0,0.6740304827690125
data/raw/osu_lora/Diff_Days_Indoor_Setup/Day5/Device2/IQ_1.dat,216,16934184,1,1,1,test,diff_days_indoor,5,0,0,0,0,0,0.7747295498847961
data/raw/osu_lora/Diff_Days_Indoor_Setup/Day5/Device2/IQ_1.dat,217,17012583,1,1,1,test,diff_days_indoor,5,0,0,0,0,0,0.7164485454559326
data/raw/osu_lora/Diff_Days_Indoor_Setup/Day5/Device2/IQ_1.dat,218,17090982,1,1,1,test,diff_days_indoor,5,0,0,0,0,0,0.6911417841911316
data/raw/osu_lora/Diff_Days_Indoor_Setup/Day5/Device2/IQ_1.dat,219,17169381,1,1,1,test,diff_days_indoor,5,0,0,0,0,0,0.564306378364563
data/raw/osu_lora/Diff_Days_Indoor_Setup/Day5/Device2/IQ_1.dat,220,17247780,1,1,1,test,diff_days_indoor,5,0,0,0,0,0,0.580517590045929
data/raw/osu_lora/Diff_Days_Indoor_Setup/Day5/Device2/IQ_1.dat,221,17326179,1,1,1,test,diff_days_indoor,5,0,0,0,0,0,0.6806467175483704
data/raw/osu_lora/Diff_Days_Indoor_Setup/Day5/Device2/IQ_1.dat,222,17404578,1,1,1,test,diff_days_indoor,5,0,0,0,0,0,0.7976446747779846
data/raw/osu_lora/Diff_Days_Indoor_Setup/Day5/Device2/IQ_1.dat,223,17482977,1,1,1,test,diff_days_indoor,5,0,0,0,0,0,0.6617013216018677
data/raw/osu_lora/Diff_Days_Indoor_Setup/Day5/Device2/IQ_1.dat,224,17561376,1,1,1,test,diff_days_indoor,5,0,0,0,0,0,0.805569589138031
data/raw/osu_lora/Diff_Days_Indoor_Setup/Day5/Device2/IQ_1.dat,225,17639775,1,1,1,test,diff_days_indoor,5,0,0,0,0,0,0.7619694471359253
data/raw/osu_lora/Diff_Days_Indoor_Setup/Day5/Device2/IQ_1.dat,226,17718174,1,1,1,test,diff_days_indoor,5,0,0,0,0,0,0.7119815349578857
data/raw/osu_lora/Diff_Days_Indoor_Setup/Day5/Device2/IQ_1.dat,227,17796573,1,1,1,test,diff_days_indoor,5,0,0,0,0,0,0.725786030292511
data/raw/osu_lora/Diff_Days_Indoor_Setup/Day5/Device2/IQ_1.dat,228,17874972,1,1,1,test,diff_days_indoor,5,0,0,0,0,0,0.739119827747345
data/raw/osu_lora/Diff_Days_Indoor_Setup/Day5/Device2/IQ_1.dat,229,17953371,1,1,1,test,diff_days_indoor,5,0,0,0,0,0,0.735375702381134
data/raw/osu_lora/Diff_Days_Indoor_Setup/Day5/Device2/IQ_1.dat,230,18031770,1,1,1,test,diff_days_indoor,5,0,0,0,0,0,0.7238393425941467
data/raw/osu_lora/Diff_Days_Indoor_Setup/Day5/Device2/IQ_1.dat,231,18110169,1,1,1,test,diff_days_indoor,5,0,0,0,0,0,0.6768159866333008
data/raw/osu_lora/Diff_Days_Indoor_Setup/Day5/Device2/IQ_1.dat,232,18188568,1,1,1,test,diff_days_indoor,5,0,0,0,0,0,0.6745737791061401
data/raw/osu_lora/Diff_Days_Indoor_Setup/Day5/Device2/IQ_1.dat,233,18266967,1,1,1,test,diff_days_indoor,5,0,0,0,0,0,0.7639274001121521
data/raw/osu_lora/Diff_Days_Indoor_Setup/Day5/Device2/IQ_1.dat,234,18345366,1,1,1,test,diff_days_indoor,5,0,0,0,0,0,0.7848092317581177
data/raw/osu_lora/Diff_Days_Indoor_Setup/Day5/Device2/IQ_1.dat,235,18423765,1,1,1,test,diff_days_indoor,5,0,0,0,0,0,0.8038960695266724
data/raw/osu_lora/Diff_Days_Indoor_Setup/Day5/Device2/IQ_1.dat,236,18502164,1,1,1,test,diff_days_indoor,5,0,0,0,0,0,0.8069770336151123
data/raw/osu_lora/Diff_Days_Indoor_Setup/Day5/Device2/IQ_1.dat,237,18580563,1,1,1,test,diff_days_indoor,5,0,0,0,0,0,0.6340725421905518
data/raw/osu_lora/Diff_Days_Indoor_Setup/Day5/Device2/IQ_1.dat,238,18658962,1,1,1,test,diff_days_indoor,5,0,0,0,0,0,0.5133541822433472
data/raw/osu_lora/Diff_Days_Indoor_Setup/Day5/Device2/IQ_1.dat,239,18737361,1,1,1,test,diff_days_indoor,5,0,0,0,0,0,0.6151145100593567
data/raw/osu_lora/Diff_Days_Indoor_Setup/Day5/Device2/IQ_1.dat,240,18815760,1,1,1,test,diff_days_indoor,5,0,0,0,0,0,0.7142709493637085
data/raw/osu_lora/Diff_Days_Indoor_Setup/Day5/Device2/IQ_1.dat,241,18894159,1,1,1,test,diff_days_indoor,5,0,0,0,0,0,0.6902562975883484
data/raw/osu_lora/Diff_Days_Indoor_Setup/Day5/Device2/IQ_1.dat,242,18972558,1,1,1,test,diff_days_indoor,5,0,0,0,0,0,0.8462116122245789
data/raw/osu_lora/Diff_Days_Indoor_Setup/Day5/Device2/IQ_1.dat,243,19050957,1,2,0,test,diff_days_indoor,5,0,0,0,0,0,0.4324781894683838
data/raw/osu_lora/Diff_Days_Indoor_Setup/Day5/Device2/IQ_1.dat,244,19129356,1,1,1,test,diff_days_indoor,5,0,0,0,0,0,0.7626111507415771
data/raw/osu_lora/Diff_Days_Indoor_Setup/Day5/Device2/IQ_1.dat,245,19207755,1,1,1,test,diff_days_indoor,5,0,0,0,0,0,0.6977700591087341
data/raw/osu_lora/Diff_Days_Indoor_Setup/Day5/Device2/IQ_1.dat,246,19286154,1,1,1,test,diff_days_indoor,5,0,0,0,0,0,0.7002013921737671
data/raw/osu_lora/Diff_Days_Indoor_Setup/Day5/Device2/IQ_1.dat,247,19364553,1,1,1,test,diff_days_indoor,5,0,0,0,0,0,0.8201600313186646
data/raw/osu_lora/Diff_Days_Indoor_Setup/Day5/Device2/IQ_1.dat,248,19442952,1,1,1,test,diff_days_indoor,5,0,0,0,0,0,0.7429385185241699
data/raw/osu_lora/Diff_Days_Indoor_Setup/Day5/Device2/IQ_1.dat,249,19521351,1,1,1,test,diff_days_indoor,5,0,0,0,0,0,0.6892500519752502
data/raw/osu_lora/Diff_Days_Indoor_Setup/Day5/Device2/IQ_1.dat,250,19599750,1,1,1,test,diff_days_indoor,5,0,0,0,0,0,0.6592521667480469
data/raw/osu_lora/Diff_Days_Indoor_Setup/Day5/Device2/IQ_1.dat,251,19678149,1,1,1,test,diff_days_indoor,5,0,0,0,0,0,0.6345665454864502
data/raw/osu_lora/Diff_Days_Indoor_Setup/Day5/Device2/IQ_1.dat,252,19756548,1,1,1,test,diff_days_indoor,5,0,0,0,0,0,0.6177534461021423
data/raw/osu_lora/Diff_Days_Indoor_Setup/Day5/Device2/IQ_1.dat,253,19834947,1,1,1,test,diff_days_indoor,5,0,0,0,0,0,0.5969811677932739
data/raw/osu_lora/Diff_Days_Indoor_Setup/Day5/Device2/IQ_1.dat,254,19913346,1,1,1,test,diff_days_indoor,5,0,0,0,0,0,0.8467483520507812
data/raw/osu_lora/Diff_Days_Indoor_Setup/Day5/Device2/IQ_1.dat,255,19991745,1,1,1,test,diff_days_indoor,5,0,0,0,0,0,0.7048971056938171
data/raw/osu_lora/Diff_Days_Indoor_Setup/Day5/Device3/IQ_1.dat,0,0,2,2,1,test,diff_days_indoor,5,0,0,0,0,0,0.554884135723114
data/raw/osu_lora/Diff_Days_Indoor_Setup/Day5/Device3/IQ_1.dat,1,78399,2,2,1,test,diff_days_indoor,5,0,0,0,0,0,0.5516491532325745
data/raw/osu_lora/Diff_Days_Indoor_Setup/Day5/Device3/IQ_1.dat,2,156798,2,2,1,test,diff_days_indoor,5,0,0,0,0,0,0.5816994309425354
data/raw/osu_lora/Diff_Days_Indoor_Setup/Day5/Device3/IQ_1.dat,3,235197,2,2,1,test,diff_days_indoor,5,0,0,0,0,0,0.5639955997467041
data/raw/osu_lora/Diff_Days_Indoor_Setup/Day5/Device3/IQ_1.dat,4,313596,2,2,1,test,diff_days_indoor,5,0,0,0,0,0,0.544856071472168
data/raw/osu_lora/Diff_Days_Indoor_Setup/Day5/Device3/IQ_1.dat,5,391995,2,2,1,test,diff_days_indoor,5,0,0,0,0,0,0.5518401861190796
data/raw/osu_lora/Diff_Days_Indoor_Setup/Day5/Device3/IQ_1.dat,6,470394,2,2,1,test,diff_days_indoor,5,0,0,0,0,0,0.5634418725967407
data/raw/osu_lora/Diff_Days_Indoor_Setup/Day5/Device3/IQ_1.dat,7,548793,2,2,1,test,diff_days_indoor,5,0,0,0,0,0,0.4994015693664551
data/raw/osu_lora/Diff_Days_Indoor_Setup/Day5/Device3/IQ_1.dat,8,627192,2,2,1,test,diff_days_indoor,5,0,0,0,0,0,0.5615628361701965
data/raw/osu_lora/Diff_Days_Indoor_Setup/Day5/Device3/IQ_1.dat,9,705591,2,2,1,test,diff_days_indoor,5,0,0,0,0,0,0.5623975992202759
data/raw/osu_lora/Diff_Days_Indoor_Setup/Day5/Device3/IQ_1.dat,10,783990,2,2,1,test,diff_days_indoor,5,0,0,0,0,0,0.5379013419151306
data/raw/osu_lora/Diff_Days_Indoor_Setup/Day5/Device3/IQ_1.dat,11,862389,2,2,1,test,diff_days_indoor,5,0,0,0,0,0,0.5559806823730469
data/raw/osu_lora/Diff_Days_Indoor_Setup/Day5/Device3/IQ_1.dat,12,940788,2,2,1,test,diff_days_indoor,5,0,0,0,0,0,0.5562683343887329
data/raw/osu_lora/Diff_Days_Indoor_Setup/Day5/Device3/IQ_1.dat,13,1019187,2,2,1,test,diff_days_indoor,5,0,0,0,0,0,0.555170476436615
data/raw/osu_lora/Diff_Days_Indoor_Setup/Day5/Device3/IQ_1.dat,14,1097586,2,2,1,test,diff_days_indoor,5,0,0,0,0,0,0.5559182167053223
data/raw/osu_lora/Diff_Days_Indoor_Setup/Day5/Device3/IQ_1.dat,15,1175985,2,2,1,test,diff_days_indoor,5,0,0,0,0,0,0.5444893836975098
data/raw/osu_lora/Diff_Days_Indoor_Setup/Day5/Device3/IQ_1.dat,16,1254384,2,2,1,test,diff_days_indoor,5,0,0,0,0,0,0.5606098175048828
data/raw/osu_lora/Diff_Days_Indoor_Setup/Day5/Device3/IQ_1.dat,17,1332783,2,2,1,test,diff_days_indoor,5,0,0,0,0,0,0.563934862613678
data/raw/osu_lora/Diff_Days_Indoor_Setup/Day5/Device3/IQ_1.dat,18,1411182,2,2,1,test,diff_days_indoor,5,0,0,0,0,0,0.5627987384796143
data/raw/osu_lora/Diff_Days_Indoor_Setup/Day5/Device3/IQ_1.dat,19,1489581,2,2,1,test,diff_days_indoor,5,0,0,0,0,0,0.5520703792572021
data/raw/osu_lora/Diff_Days_Indoor_Setup/Day5/Device3/IQ_1.dat,20,1567980,2,2,1,test,diff_days_indoor,5,0,0,0,0,0,0.5561216473579407
data/raw/osu_lora/Diff_Days_Indoor_Setup/Day5/Device3/IQ_1.dat,21,1646379,2,2,1,test,diff_days_indoor,5,0,0,0,0,0,0.5559203624725342
data/raw/osu_lora/Diff_Days_Indoor_Setup/Day5/Device3/IQ_1.dat,22,1724778,2,2,1,test,diff_days_indoor,5,0,0,0,0,0,0.5611131191253662
data/raw/osu_lora/Diff_Days_Indoor_Setup/Day5/Device3/IQ_1.dat,23,1803177,2,2,1,test,diff_days_indoor,5,0,0,0,0,0,0.5626887083053589
data/raw/osu_lora/Diff_Days_Indoor_Setup/Day5/Device3/IQ_1.dat,24,1881576,2,2,1,test,diff_days_indoor,5,0,0,0,0,0,0.5534650087356567
data/raw/osu_lora/Diff_Days_Indoor_Setup/Day5/Device3/IQ_1.dat,25,1959975,2,2,1,test,diff_days_indoor,5,0,0,0,0,0,0.5545873641967773
data/raw/osu_lora/Diff_Days_Indoor_Setup/Day5/Device3/IQ_1.dat,26,2038374,2,2,1,test,diff_days_indoor,5,0,0,0,0,0,0.5564194917678833
data/raw/osu_lora/Diff_Days_Indoor_Setup/Day5/Device3/IQ_1.dat,27,2116773,2,2,1,test,diff_days_indoor,5,0,0,0,0,0,0.5619125366210938
data/raw/osu_lora/Diff_Days_Indoor_Setup/Day5/Device3/IQ_1.dat,28,2195172,2,2,1,test,diff_days_indoor,5,0,0,0,0,0,0.5556806325912476
data/raw/osu_lora/Diff_Days_Indoor_Setup/Day5/Device3/IQ_1.dat,29,2273571,2,2,1,test,diff_days_indoor,5,0,0,0,0,0,0.5653616189956665
data/raw/osu_lora/Diff_Days_Indoor_Setup/Day5/Device3/IQ_1.dat,30,2351970,2,2,1,test,diff_days_indoor,5,0,0,0,0,0,0.5627304315567017
data/raw/osu_lora/Diff_Days_Indoor_Setup/Day5/Device3/IQ_1.dat,31,2430369,2,2,1,test,diff_days_indoor,5,0,0,0,0,0,0.5011757612228394
data/raw/osu_lora/Diff_Days_Indoor_Setup/Day5/Device3/IQ_1.dat,32,2508768,2,2,1,test,diff_days_indoor,5,0,0,0,0,0,0.5540720224380493
data/raw/osu_lora/Diff_Days_Indoor_Setup/Day5/Device3/IQ_1.dat,33,2587167,2,2,1,test,diff_days_indoor,5,0,0,0,0,0,0.5812832713127136
data/raw/osu_lora/Diff_Days_Indoor_Setup/Day5/Device3/IQ_1.dat,34,2665566,2,2,1,test,diff_days_indoor,5,0,0,0,0,0,0.5641441941261292
data/raw/osu_lora/Diff_Days_Indoor_Setup/Day5/Device3/IQ_1.dat,35,2743965,2,2,1,test,diff_days_indoor,5,0,0,0,0,0,0.5692901015281677
data/raw/osu_lora/Diff_Days_Indoor_Setup/Day5/Device3/IQ_1.dat,36,2822364,2,2,1,test,diff_days_indoor,5,0,0,0,0,0,0.5641323328018188
data/raw/osu_lora/Diff_Days_Indoor_Setup/Day5/Device3/IQ_1.dat,37,2900763,2,2,1,test,diff_days_indoor,5,0,0,0,0,0,0.5578656196594238
data/raw/osu_lora/Diff_Days_Indoor_Setup/Day5/Device3/IQ_1.dat,38,2979162,2,2,1,test,diff_days_indoor,5,0,0,0,0,0,0.5614744424819946
data/raw/osu_lora/Diff_Days_Indoor_Setup/Day5/Device3/IQ_1.dat,39,3057561,2,2,1,test,diff_days_indoor,5,0,0,0,0,0,0.5706139802932739
data/raw/osu_lora/Diff_Days_Indoor_Setup/Day5/Device3/IQ_1.dat,40,3135960,2,2,1,test,diff_days_indoor,5,0,0,0,0,0,0.5674819946289062
data/raw/osu_lora/Diff_Days_Indoor_Setup/Day5/Device3/IQ_1.dat,41,3214359,2,2,1,test,diff_days_indoor,5,0,0,0,0,0,0.5735832452774048
data/raw/osu_lora/Diff_Days_Indoor_Setup/Day5/Device3/IQ_1.dat,42,3292758,2,2,1,test,diff_days_indoor,5,0,0,0,0,0,0.5644989013671875
data/raw/osu_lora/Diff_Days_Indoor_Setup/Day5/Device3/IQ_1.dat,43,3371157,2,2,1,test,diff_days_indoor,5,0,0,0,0,0,0.4988100826740265
data/raw/osu_lora/Diff_Days_Indoor_Setup/Day5/Device3/IQ_1.dat,44,3449556,2,2,1,test,diff_days_indoor,5,0,0,0,0,0,0.5547771453857422
data/raw/osu_lora/Diff_Days_Indoor_Setup/Day5/Device3/IQ_1.dat,45,3527955,2,2,1,test,diff_days_indoor,5,0,0,0,0,0,0.5419690012931824
data/raw/osu_lora/Diff_Days_Indoor_Setup/Day5/Device3/IQ_1.dat,46,3606354,2,2,1,test,diff_days_indoor,5,0,0,0,0,0,0.563019871711731
data/raw/osu_lora/Diff_Days_Indoor_Setup/Day5/Device3/IQ_1.dat,47,3684753,2,2,1,test,diff_days_indoor,5,0,0,0,0,0,0.5419257283210754
data/raw/osu_lora/Diff_Days_Indoor_Setup/Day5/Device3/IQ_1.dat,48,3763152,2,2,1,test,diff_days_indoor,5,0,0,0,0,0,0.5624635815620422
data/raw/osu_lora/Diff_Days_Indoor_Setup/Day5/Device3/IQ_1.dat,49,3841551,2,2,1,test,diff_days_indoor,5,0,0,0,0,0,0.5659589767456055
data/raw/osu_lora/Diff_Days_Indoor_Setup/Day5/Device3/IQ_1.dat,50,3919950,2,2,1,test,diff_days_indoor,5,0,0,0,0,0,0.5470596551895142
data/raw/osu_lora/Diff_Days_Indoor_Setup/Day5/Device3/IQ_1.dat,51,3998349,2,2,1,test,diff_days_indoor,5,0,0,0,0,0,0.5496841669082642
data/raw/osu_lora/Diff_Days_Indoor_Setup/Day5/Device3/IQ_1.dat,52,4076748,2,2,1,test,diff_days_indoor,5,0,0,0,0,0,0.5596005916595459
data/raw/osu_lora/Diff_Days_Indoor_Setup/Day5/Device3/IQ_1.dat,53,4155147,2,2,1,test,diff_days_indoor,5,0,0,0,0,0,0.5428785085678101
data/raw/osu_lora/Diff_Days_Indoor_Setup/Day5/Device3/IQ_1.dat,54,4233546,2,2,1,test,diff_days_indoor,5,0,0,0,0,0,0.5561487674713135
data/raw/osu_lora/Diff_Days_Indoor_Setup/Day5/Device3/IQ_1.dat,55,4311945,2,2,1,test,diff_days_indoor,5,0,0,0,0,0,0.5665690302848816
data/raw/osu_lora/Diff_Days_Indoor_Setup/Day5/Device3/IQ_1.dat,56,4390344,2,2,1,test,diff_days_indoor,5,0,0,0,0,0,0.5610420107841492
data/raw/osu_lora/Diff_Days_Indoor_Setup/Day5/Device3/IQ_1.dat,57,4468743,2,2,1,test,diff_days_indoor,5,0,0,0,0,0,0.5525034666061401
data/raw/osu_lora/Diff_Days_Indoor_Setup/Day5/Device3/IQ_1.dat,58,4547142,2,2,1,test,diff_days_indoor,5,0,0,0,0,0,0.5560246109962463
data/raw/osu_lora/Diff_Days_Indoor_Setup/Day5/Device3/IQ_1.dat,59,4625541,2,2,1,test,diff_days_indoor,5,0,0,0,0,0,0.5586826205253601
data/raw/osu_lora/Diff_Days_Indoor_Setup/Day5/Device3/IQ_1.dat,60,4703940,2,2,1,test,diff_days_indoor,5,0,0,0,0,0,0.5523192286491394
data/raw/osu_lora/Diff_Days_Indoor_Setup/Day5/Device3/IQ_1.dat,61,4782339,2,2,1,test,diff_days_indoor,5,0,0,0,0,0,0.5633573532104492
data/raw/osu_lora/Diff_Days_Indoor_Setup/Day5/Device3/IQ_1.dat,62,4860738,2,2,1,test,diff_days_indoor,5,0,0,0,0,0,0.5569128394126892
data/raw/osu_lora/Diff_Days_Indoor_Setup/Day5/Device3/IQ_1.dat,63,4939137,2,2,1,test,diff_days_indoor,5,0,0,0,0,0,0.5643635392189026
data/raw/osu_lora/Diff_Days_Indoor_Setup/Day5/Device3/IQ_1.dat,64,5017536,2,2,1,test,diff_days_indoor,5,0,0,0,0,0,0.5620003938674927
data/raw/osu_lora/Diff_Days_Indoor_Setup/Day5/Device3/IQ_1.dat,65,5095935,2,2,1,test,diff_days_indoor,5,0,0,0,0,0,0.5787461400032043
data/raw/osu_lora/Diff_Days_Indoor_Setup/Day5/Device3/IQ_1.dat,66,5174334,2,2,1,test,diff_days_indoor,5,0,0,0,0,0,0.5514793992042542
data/raw/osu_lora/Diff_Days_Indoor_Setup/Day5/Device3/IQ_1.dat,67,5252733,2,2,1,test,diff_days_indoor,5,0,0,0,0,0,0.567453920841217
data/raw/osu_lora/Diff_Days_Indoor_Setup/Day5/Device3/IQ_1.dat,68,5331132,2,2,1,test,diff_days_indoor,5,0,0,0,0,0,0.5455814599990845
data/raw/osu_lora/Diff_Days_Indoor_Setup/Day5/Device3/IQ_1.dat,69,5409531,2,2,1,test,diff_days_indoor,5,0,0,0,0,0,0.5649562478065491
data/raw/osu_lora/Diff_Days_Indoor_Setup/Day5/Device3/IQ_1.dat,70,5487930,2,2,1,test,diff_days_indoor,5,0,0,0,0,0,0.5428644418716431
data/raw/osu_lora/Diff_Days_Indoor_Setup/Day5/Device3/IQ_1.dat,71,5566329,2,2,1,test,diff_days_indoor,5,0,0,0,0,0,0.537932276725769
data/raw/osu_lora/Diff_Days_Indoor_Setup/Day5/Device3/IQ_1.dat,72,5644728,2,2,1,test,diff_days_indoor,5,0,0,0,0,0,0.5373257994651794
data/raw/osu_lora/Diff_Days_Indoor_Setup/Day5/Device3/IQ_1.dat,73,5723127,2,2,1,test,diff_days_indoor,5,0,0,0,0,0,0.5612611770629883
data/raw/osu_lora/Diff_Days_Indoor_Setup/Day5/Device3/IQ_1.dat,74,5801526,2,2,1,test,diff_days_indoor,5,0,0,0,0,0,0.5152059197425842
data/raw/osu_lora/Diff_Days_Indoor_Setup/Day5/Device3/IQ_1.dat,75,5879925,2,2,1,test,diff_days_indoor,5,0,0,0,0,0,0.5584162473678589
data/raw/osu_lora/Diff_Days_Indoor_Setup/Day5/Device3/IQ_1.dat,76,5958324,2,2,1,test,diff_days_indoor,5,0,0,0,0,0,0.5777364373207092
data/raw/osu_lora/Diff_Days_Indoor_Setup/Day5/Device3/IQ_1.dat,77,6036723,2,2,1,test,diff_days_indoor,5,0,0,0,0,0,0.5593291521072388
data/raw/osu_lora/Diff_Days_Indoor_Setup/Day5/Device3/IQ_1.dat,78,6115122,2,2,1,test,diff_days_indoor,5,0,0,0,0,0,0.5430928468704224
data/raw/osu_lora/Diff_Days_Indoor_Setup/Day5/Device3/IQ_1.dat,79,6193521,2,2,1,test,diff_days_indoor,5,0,0,0,0,0,0.5612567067146301
data/raw/osu_lora/Diff_Days_Indoor_Setup/Day5/Device3/IQ_1.dat,80,6271920,2,2,1,test,diff_days_indoor,5,0,0,0,0,0,0.5576834082603455
data/raw/osu_lora/Diff_Days_Indoor_Setup/Day5/Device3/IQ_1.dat,81,6350319,2,2,1,test,diff_days_indoor,5,0,0,0,0,0,0.5843584537506104
data/raw/osu_lora/Diff_Days_Indoor_Setup/Day5/Device3/IQ_1.dat,82,6428718,2,2,1,test,diff_days_indoor,5,0,0,0,0,0,0.5686549544334412
data/raw/osu_lora/Diff_Days_Indoor_Setup/Day5/Device3/IQ_1.dat,83,6507117,2,2,1,test,diff_days_indoor,5,0,0,0,0,0,0.5583169460296631
data/raw/osu_lora/Diff_Days_Indoor_Setup/Day5/Device3/IQ_1.dat,84,6585516,2,2,1,test,diff_days_indoor,5,0,0,0,0,0,0.5484991669654846
data/raw/osu_lora/Diff_Days_Indoor_Setup/Day5/Device3/IQ_1.dat,85,6663915,2,2,1,test,diff_days_indoor,5,0,0,0,0,0,0.5807173848152161
data/raw/osu_lora/Diff_Days_Indoor_Setup/Day5/Device3/IQ_1.dat,86,6742314,2,2,1,test,diff_days_indoor,5,0,0,0,0,0,0.5510498881340027
data/raw/osu_lora/Diff_Days_Indoor_Setup/Day5/Device3/IQ_1.dat,87,6820713,2,2,1,test,diff_days_indoor,5,0,0,0,0,0,0.5690577030181885
data/raw/osu_lora/Diff_Days_Indoor_Setup/Day5/Device3/IQ_1.dat,88,6899112,2,2,1,test,diff_days_indoor,5,0,0,0,0,0,0.5380265116691589
data/raw/osu_lora/Diff_Days_Indoor_Setup/Day5/Device3/IQ_1.dat,89,6977511,2,2,1,test,diff_days_indoor,5,0,0,0,0,0,0.5813899636268616
data/raw/osu_lora/Diff_Days_Indoor_Setup/Day5/Device3/IQ_1.dat,90,7055910,2,2,1,test,diff_days_indoor,5,0,0,0,0,0,0.5447524189949036
data/raw/osu_lora/Diff_Days_Indoor_Setup/Day5/Device3/IQ_1.dat,91,7134309,2,2,1,test,diff_days_indoor,5,0,0,0,0,0,0.5465958118438721
data/raw/osu_lora/Diff_Days_Indoor_Setup/Day5/Device3/IQ_1.dat,92,7212708,2,2,1,test,diff_days_indoor,5,0,0,0,0,0,0.5592294931411743
data/raw/osu_lora/Diff_Days_Indoor_Setup/Day5/Device3/IQ_1.dat,93,7291107,2,2,1,test,diff_days_indoor,5,0,0,0,0,0,0.5401902198791504
data/raw/osu_lora/Diff_Days_Indoor_Setup/Day5/Device3/IQ_1.dat,94,7369506,2,2,1,test,diff_days_indoor,5,0,0,0,0,0,0.5603654384613037
data/raw/osu_lora/Diff_Days_Indoor_Setup/Day5/Device3/IQ_1.dat,95,7447905,2,2,1,test,diff_days_indoor,5,0,0,0,0,0,0.5557293891906738
data/raw/osu_lora/Diff_Days_Indoor_Setup/Day5/Device3/IQ_1.dat,96,7526304,2,2,1,test,diff_days_indoor,5,0,0,0,0,0,0.5637356042861938
data/raw/osu_lora/Diff_Days_Indoor_Setup/Day5/Device3/IQ_1.dat,97,7604703,2,2,1,test,diff_days_indoor,5,0,0,0,0,0,0.561231791973114
data/raw/osu_lora/Diff_Days_Indoor_Setup/Day5/Device3/IQ_1.dat,98,7683102,2,2,1,test,diff_days_indoor,5,0,0,0,0,0,0.561492919921875
data/raw/osu_lora/Diff_Days_Indoor_Setup/Day5/Device3/IQ_1.dat,99,7761501,2,2,1,test,diff_days_indoor,5,0,0,0,0,0,0.5526862144470215
data/raw/osu_lora/Diff_Days_Indoor_Setup/Day5/Device3/IQ_1.dat,100,7839900,2,2,1,test,diff_days_indoor,5,0,0,0,0,0,0.561472475528717
data/raw/osu_lora/Diff_Days_Indoor_Setup/Day5/Device3/IQ_1.dat,101,7918299,2,2,1,test,diff_days_indoor,5,0,0,0,0,0,0.5543327331542969
data/raw/osu_lora/Diff_Days_Indoor_Setup/Day5/Device3/IQ_1.dat,102,7996698,2,2,1,test,diff_days_indoor,5,0,0,0,0,0,0.5438192486763
data/raw/osu_lora/Diff_Days_Indoor_Setup/Day5/Device3/IQ_1.dat,103,8075097,2,2,1,test,diff_days_indoor,5,0,0,0,0,0,0.567974865436554
data/raw/osu_lora/Diff_Days_Indoor_Setup/Day5/Device3/IQ_1.dat,104,8153496,2,2,1,test,diff_days_indoor,5,0,0,0,0,0,0.5684745907783508
data/raw/osu_lora/Diff_Days_Indoor_Setup/Day5/Device3/IQ_1.dat,105,8231895,2,2,1,test,diff_days_indoor,5,0,0,0,0,0,0.5842881202697754
data/raw/osu_lora/Diff_Days_Indoor_Setup/Day5/Device3/IQ_1.dat,106,8310294,2,2,1,test,diff_days_indoor,5,0,0,0,0,0,0.5527578592300415
data/raw/osu_lora/Diff_Days_Indoor_Setup/Day5/Device3/IQ_1.dat,107,8388693,2,2,1,test,diff_days_indoor,5,0,0,0,0,0,0.580633819103241
data/raw/osu_lora/Diff_Days_Indoor_Setup/Day5/Device3/IQ_1.dat,108,8467092,2,2,1,test,diff_days_indoor,5,0,0,0,0,0,0.5563187003135681
data/raw/osu_lora/Diff_Days_Indoor_Setup/Day5/Device3/IQ_1.dat,109,8545491,2,2,1,test,diff_days_indoor,5,0,0,0,0,0,0.5708379149436951
data/raw/osu_lora/Diff_Days_Indoor_Setup/Day5/Device3/IQ_1.dat,110,8623890,2,2,1,test,diff_days_indoor,5,0,0,0,0,0,0.3667743504047394
data/raw/osu_lora/Diff_Days_Indoor_Setup/Day5/Device3/IQ_1.dat,111,8702289,2,2,1,test,diff_days_indoor,5,0,0,0,0,0,0.5436118841171265
data/raw/osu_lora/Diff_Days_Indoor_Setup/Day5/Device3/IQ_1.dat,112,8780688,2,2,1,test,diff_days_indoor,5,0,0,0,0,0,0.5565857887268066
data/raw/osu_lora/Diff_Days_Indoor_Setup/Day5/Device3/IQ_1.dat,113,8859087,2,2,1,test,diff_days_indoor,5,0,0,0,0,0,0.551839292049408
data/raw/osu_lora/Diff_Days_Indoor_Setup/Day5/Device3/IQ_1.dat,114,8937486,2,2,1,test,diff_days_indoor,5,0,0,0,0,0,0.5651125311851501
data/raw/osu_lora/Diff_Days_Indoor_Setup/Day5/Device3/IQ_1.dat,115,9015885,2,2,1,test,diff_days_indoor,5,0,0,0,0,0,0.5623918175697327
data/raw/osu_lora/Diff_Days_Indoor_Setup/Day5/Device3/IQ_1.dat,116,9094284,2,2,1,test,diff_days_indoor,5,0,0,0,0,0,0.584763765335083
data/raw/osu_lora/Diff_Days_Indoor_Setup/Day5/Device3/IQ_1.dat,117,9172683,2,2,1,test,diff_days_indoor,5,0,0,0,0,0,0.5483235120773315
data/raw/osu_lora/Diff_Days_Indoor_Setup/Day5/Device3/IQ_1.dat,118,9251082,2,2,1,test,diff_days_indoor,5,0,0,0,0,0,0.562809407711029
data/raw/osu_lora/Diff_Days_Indoor_Setup/Day5/Device3/IQ_1.dat,119,9329481,2,2,1,test,diff_days_indoor,5,0,0,0,0,0,0.5414789319038391
data/raw/osu_lora/Diff_Days_Indoor_Setup/Day5/Device3/IQ_1.dat,120,9407880,2,2,1,test,diff_days_indoor,5,0,0,0,0,0,0.5505296587944031
data/raw/osu_lora/Diff_Days_Indoor_Setup/Day5/Device3/IQ_1.dat,121,9486279,2,2,1,test,diff_days_indoor,5,0,0,0,0,0,0.5579432845115662
data/raw/osu_lora/Diff_Days_Indoor_Setup/Day5/Device3/IQ_1.dat,122,9564678,2,2,1,test,diff_days_indoor,5,0,0,0,0,0,0.5636465549468994
data/raw/osu_lora/Diff_Days_Indoor_Setup/Day5/Device3/IQ_1.dat,123,9643077,2,2,1,test,diff_days_indoor,5,0,0,0,0,0,0.5477646589279175
data/raw/osu_lora/Diff_Days_Indoor_Setup/Day5/Device3/IQ_1.dat,124,9721476,2,2,1,test,diff_days_indoor,5,0,0,0,0,0,0.5195294618606567
data/raw/osu_lora/Diff_Days_Indoor_Setup/Day5/Device3/IQ_1.dat,125,9799875,2,2,1,test,diff_days_indoor,5,0,0,0,0,0,0.5838406682014465
data/raw/osu_lora/Diff_Days_Indoor_Setup/Day5/Device3/IQ_1.dat,126,9878274,2,2,1,test,diff_days_indoor,5,0,0,0,0,0,0.560096800327301
data/raw/osu_lora/Diff_Days_Indoor_Setup/Day5/Device3/IQ_1.dat,127,9956673,2,2,1,test,diff_days_indoor,5,0,0,0,0,0,0.555658221244812
data/raw/osu_lora/Diff_Days_Indoor_Setup/Day5/Device3/IQ_1.dat,128,10035072,2,2,1,test,diff_days_indoor,5,0,0,0,0,0,0.5365074872970581
data/raw/osu_lora/Diff_Days_Indoor_Setup/Day5/Device3/IQ_1.dat,129,10113471,2,2,1,test,diff_days_indoor,5,0,0,0,0,0,0.5604537129402161
data/raw/osu_lora/Diff_Days_Indoor_Setup/Day5/Device3/IQ_1.dat,130,10191870,2,2,1,test,diff_days_indoor,5,0,0,0,0,0,0.5805893540382385
data/raw/osu_lora/Diff_Days_Indoor_Setup/Day5/Device3/IQ_1.dat,131,10270269,2,2,1,test,diff_days_indoor,5,0,0,0,0,0,0.5396503806114197
data/raw/osu_lora/Diff_Days_Indoor_Setup/Day5/Device3/IQ_1.dat,132,10348668,2,2,1,test,diff_days_indoor,5,0,0,0,0,0,0.5713615417480469
data/raw/osu_lora/Diff_Days_Indoor_Setup/Day5/Device3/IQ_1.dat,133,10427067,2,2,1,test,diff_days_indoor,5,0,0,0,0,0,0.5679295659065247
data/raw/osu_lora/Diff_Days_Indoor_Setup/Day5/Device3/IQ_1.dat,134,10505466,2,2,1,test,diff_days_indoor,5,0,0,0,0,0,0.4610774517059326
data/raw/osu_lora/Diff_Days_Indoor_Setup/Day5/Device3/IQ_1.dat,135,10583865,2,2,1,test,diff_days_indoor,5,0,0,0,0,0,0.5620953440666199
data/raw/osu_lora/Diff_Days_Indoor_Setup/Day5/Device3/IQ_1.dat,136,10662264,2,2,1,test,diff_days_indoor,5,0,0,0,0,0,0.558627188205719
data/raw/osu_lora/Diff_Days_Indoor_Setup/Day5/Device3/IQ_1.dat,137,10740663,2,2,1,test,diff_days_indoor,5,0,0,0,0,0,0.5823222994804382
data/raw/osu_lora/Diff_Days_Indoor_Setup/Day5/Device3/IQ_1.dat,138,10819062,2,2,1,test,diff_days_indoor,5,0,0,0,0,0,0.5457442998886108
data/raw/osu_lora/Diff_Days_Indoor_Setup/Day5/Device3/IQ_1.dat,139,10897461,2,2,1,test,diff_days_indoor,5,0,0,0,0,0,0.5547524094581604
data/raw/osu_lora/Diff_Days_Indoor_Setup/Day5/Device3/IQ_1.dat,140,10975860,2,2,1,test,diff_days_indoor,5,0,0,0,0,0,0.5522326231002808
data/raw/osu_lora/Diff_Days_Indoor_Setup/Day5/Device3/IQ_1.dat,141,11054259,2,2,1,test,diff_days_indoor,5,0,0,0,0,0,0.5479949712753296
data/raw/osu_lora/Diff_Days_Indoor_Setup/Day5/Device3/IQ_1.dat,142,11132658,2,2,1,test,diff_days_indoor,5,0,0,0,0,0,0.5475366115570068
data/raw/osu_lora/Diff_Days_Indoor_Setup/Day5/Device3/IQ_1.dat,143,11211057,2,2,1,test,diff_days_indoor,5,0,0,0,0,0,0.5631797313690186
data/raw/osu_lora/Diff_Days_Indoor_Setup/Day5/Device3/IQ_1.dat,144,11289456,2,2,1,test,diff_days_indoor,5,0,0,0,0,0,0.5605665445327759
data/raw/osu_lora/Diff_Days_Indoor_Setup/Day5/Device3/IQ_1.dat,145,11367855,2,2,1,test,diff_days_indoor,5,0,0,0,0,0,0.5563894510269165
data/raw/osu_lora/Diff_Days_Indoor_Setup/Day5/Device3/IQ_1.dat,146,11446254,2,2,1,test,diff_days_indoor,5,0,0,0,0,0,0.552574872970581
data/raw/osu_lora/Diff_Days_Indoor_Setup/Day5/Device3/IQ_1.dat,147,11524653,2,2,1,test,diff_days_indoor,5,0,0,0,0,0,0.5622997283935547
data/raw/osu_lora/Diff_Days_Indoor_Setup/Day5/Device3/IQ_1.dat,148,11603052,2,2,1,test,diff_days_indoor,5,0,0,0,0,0,0.574101984500885
data/raw/osu_lora/Diff_Days_Indoor_Setup/Day5/Device3/IQ_1.dat,149,11681451,2,2,1,test,diff_days_indoor,5,0,0,0,0,0,0.5701682567596436
data/raw/osu_lora/Diff_Days_Indoor_Setup/Day5/Device3/IQ_1.dat,150,11759850,2,2,1,test,diff_days_indoor,5,0,0,0,0,0,0.5843583345413208
data/raw/osu_lora/Diff_Days_Indoor_Setup/Day5/Device3/IQ_1.dat,151,11838249,2,2,1,test,diff_days_indoor,5,0,0,0,0,0,0.5650989413261414
data/raw/osu_lora/Diff_Days_Indoor_Setup/Day5/Device3/IQ_1.dat,152,11916648,2,2,1,test,diff_days_indoor,5,0,0,0,0,0,0.5645584464073181
data/raw/osu_lora/Diff_Days_Indoor_Setup/Day5/Device3/IQ_1.dat,153,11995047,2,2,1,test,diff_days_indoor,5,0,0,0,0,0,0.5542443990707397
data/raw/osu_lora/Diff_Days_Indoor_Setup/Day5/Device3/IQ_1.dat,154,12073446,2,2,1,test,diff_days_indoor,5,0,0,0,0,0,0.5571979284286499
data/raw/osu_lora/Diff_Days_Indoor_Setup/Day5/Device3/IQ_1.dat,155,12151845,2,2,1,test,diff_days_indoor,5,0,0,0,0,0,0.5656596422195435
data/raw/osu_lora/Diff_Days_Indoor_Setup/Day5/Device3/IQ_1.dat,156,12230244,2,2,1,test,diff_days_indoor,5,0,0,0,0,0,0.5674132704734802
data/raw/osu_lora/Diff_Days_Indoor_Setup/Day5/Device3/IQ_1.dat,157,12308643,2,2,1,test,diff_days_indoor,5,0,0,0,0,0,0.5848134756088257
data/raw/osu_lora/Diff_Days_Indoor_Setup/Day5/Device3/IQ_1.dat,158,12387042,2,2,1,test,diff_days_indoor,5,0,0,0,0,0,0.5671887993812561
data/raw/osu_lora/Diff_Days_Indoor_Setup/Day5/Device3/IQ_1.dat,159,12465441,2,2,1,test,diff_days_indoor,5,0,0,0,0,0,0.55511075258255
data/raw/osu_lora/Diff_Days_Indoor_Setup/Day5/Device3/IQ_1.dat,160,12543840,2,2,1,test,diff_days_indoor,5,0,0,0,0,0,0.5571335554122925
data/raw/osu_lora/Diff_Days_Indoor_Setup/Day5/Device3/IQ_1.dat,161,12622239,2,2,1,test,diff_days_indoor,5,0,0,0,0,0,0.5621768832206726
data/raw/osu_lora/Diff_Days_Indoor_Setup/Day5/Device3/IQ_1.dat,162,12700638,2,2,1,test,diff_days_indoor,5,0,0,0,0,0,0.5749324560165405
data/raw/osu_lora/Diff_Days_Indoor_Setup/Day5/Device3/IQ_1.dat,163,12779037,2,2,1,test,diff_days_indoor,5,0,0,0,0,0,0.5439318418502808
data/raw/osu_lora/Diff_Days_Indoor_Setup/Day5/Device3/IQ_1.dat,164,12857436,2,2,1,test,diff_days_indoor,5,0,0,0,0,0,0.5645564198493958
data/raw/osu_lora/Diff_Days_Indoor_Setup/Day5/Device3/IQ_1.dat,165,12935835,2,2,1,test,diff_days_indoor,5,0,0,0,0,0,0.57761549949646
data/raw/osu_lora/Diff_Days_Indoor_Setup/Day5/Device3/IQ_1.dat,166,13014234,2,2,1,test,diff_days_indoor,5,0,0,0,0,0,0.5556723475456238
data/raw/osu_lora/Diff_Days_Indoor_Setup/Day5/Device3/IQ_1.dat,167,13092633,2,2,1,test,diff_days_indoor,5,0,0,0,0,0,0.5632352828979492
data/raw/osu_lora/Diff_Days_Indoor_Setup/Day5/Device3/IQ_1.dat,168,13171032,2,2,1,test,diff_days_indoor,5,0,0,0,0,0,0.561606228351593
data/raw/osu_lora/Diff_Days_Indoor_Setup/Day5/Device3/IQ_1.dat,169,13249431,2,2,1,test,diff_days_indoor,5,0,0,0,0,0,0.5622537136077881
data/raw/osu_lora/Diff_Days_Indoor_Setup/Day5/Device3/IQ_1.dat,170,13327830,2,2,1,test,diff_days_indoor,5,0,0,0,0,0,0.5455631017684937
data/raw/osu_lora/Diff_Days_Indoor_Setup/Day5/Device3/IQ_1.dat,171,13406229,2,2,1,test,diff_days_indoor,5,0,0,0,0,0,0.576312243938446
data/raw/osu_lora/Diff_Days_Indoor_Setup/Day5/Device3/IQ_1.dat,172,13484628,2,2,1,test,diff_days_indoor,5,0,0,0,0,0,0.5644665360450745
data/raw/osu_lora/Diff_Days_Indoor_Setup/Day5/Device3/IQ_1.dat,173,13563027,2,2,1,test,diff_days_indoor,5,0,0,0,0,0,0.5267722010612488
data/raw/osu_lora/Diff_Days_Indoor_Setup/Day5/Device3/IQ_1.dat,174,13641426,2,2,1,test,diff_days_indoor,5,0,0,0,0,0,0.544697642326355
data/raw/osu_lora/Diff_Days_Indoor_Setup/Day5/Device3/IQ_1.dat,175,13719825,2,2,1,test,diff_days_indoor,5,0,0,0,0,0,0.5567559003829956
data/raw/osu_lora/Diff_Days_Indoor_Setup/Day5/Device3/IQ_1.dat,176,13798224,2,2,1,test,diff_days_indoor,5,0,0,0,0,0,0.5602594614028931
data/raw/osu_lora/Diff_Days_Indoor_Setup/Day5/Device3/IQ_1.dat,177,13876623,2,8,0,test,diff_days_indoor,5,0,0,0,0,0,0.3429985046386719
data/raw/osu_lora/Diff_Days_Indoor_Setup/Day5/Device3/IQ_1.dat,178,13955022,2,2,1,test,diff_days_indoor,5,0,0,0,0,0,0.5600231289863586
data/raw/osu_lora/Diff_Days_Indoor_Setup/Day5/Device3/IQ_1.dat,179,14033421,2,2,1,test,diff_days_indoor,5,0,0,0,0,0,0.5677621364593506
data/raw/osu_lora/Diff_Days_Indoor_Setup/Day5/Device3/IQ_1.dat,180,14111820,2,2,1,test,diff_days_indoor,5,0,0,0,0,0,0.5603076219558716
data/raw/osu_lora/Diff_Days_Indoor_Setup/Day5/Device3/IQ_1.dat,181,14190219,2,2,1,test,diff_days_indoor,5,0,0,0,0,0,0.5600115060806274
data/raw/osu_lora/Diff_Days_Indoor_Setup/Day5/Device3/IQ_1.dat,182,14268618,2,2,1,test,diff_days_indoor,5,0,0,0,0,0,0.5642570853233337
data/raw/osu_lora/Diff_Days_Indoor_Setup/Day5/Device3/IQ_1.dat,183,14347017,2,2,1,test,diff_days_indoor,5,0,0,0,0,0,0.5546180605888367
data/raw/osu_lora/Diff_Days_Indoor_Setup/Day5/Device3/IQ_1.dat,184,14425416,2,2,1,test,diff_days_indoor,5,0,0,0,0,0,0.5489399433135986
data/raw/osu_lora/Diff_Days_Indoor_Setup/Day5/Device3/IQ_1.dat,185,14503815,2,2,1,test,diff_days_indoor,5,0,0,0,0,0,0.5576022863388062
data/raw/osu_lora/Diff_Days_Indoor_Setup/Day5/Device3/IQ_1.dat,186,14582214,2,2,1,test,diff_days_indoor,5,0,0,0,0,0,0.562770664691925
data/raw/osu_lora/Diff_Days_Indoor_Setup/Day5/Device3/IQ_1.dat,187,14660613,2,2,1,test,diff_days_indoor,5,0,0,0,0,0,0.5504520535469055
data/raw/osu_lora/Diff_Days_Indoor_Setup/Day5/Device3/IQ_1.dat,188,14739012,2,2,1,test,diff_days_indoor,5,0,0,0,0,0,0.5391802787780762
data/raw/osu_lora/Diff_Days_Indoor_Setup/Day5/Device3/IQ_1.dat,189,14817411,2,2,1,test,diff_days_indoor,5,0,0,0,0,0,0.5695711970329285
data/raw/osu_lora/Diff_Days_Indoor_Setup/Day5/Device3/IQ_1.dat,190,14895810,2,2,1,test,diff_days_indoor,5,0,0,0,0,0,0.5497583746910095
data/raw/osu_lora/Diff_Days_Indoor_Setup/Day5/Device3/IQ_1.dat,191,14974209,2,2,1,test,diff_days_indoor,5,0,0,0,0,0,0.5594655871391296
data/raw/osu_lora/Diff_Days_Indoor_Setup/Day5/Device3/IQ_1.dat,192,15052608,2,2,1,test,diff_days_indoor,5,0,0,0,0,0,0.5599265098571777
data/raw/osu_lora/Diff_Days_Indoor_Setup/Day5/Device3/IQ_1.dat,193,15131007,2,2,1,test,diff_days_indoor,5,0,0,0,0,0,0.5583500266075134
data/raw/osu_lora/Diff_Days_Indoor_Setup/Day5/Device3/IQ_1.dat,194,15209406,2,2,1,test,diff_days_indoor,5,0,0,0,0,0,0.5539356470108032
data/raw/osu_lora/Diff_Days_Indoor_Setup/Day5/Device3/IQ_1.dat,195,15287805,2,2,1,test,diff_days_indoor,5,0,0,0,0,0,0.5545473098754883
data/raw/osu_lora/Diff_Days_Indoor_Setup/Day5/Device3/IQ_1.dat,196,15366204,2,2,1,test,diff_days_indoor,5,0,0,0,0,0,0.5785698294639587
data/raw/osu_lora/Diff_Days_Indoor_Setup/Day5/Device3/IQ_1.dat,197,15444603,2,2,1,test,diff_days_indoor,5,0,0,0,0,0,0.5509680509567261
data/raw/osu_lora/Diff_Days_Indoor_Setup/Day5/Device3/IQ_1.dat,198,15523002,2,2,1,test,diff_days_indoor,5,0,0,0,0,0,0.5457131862640381
data/raw/osu_lora/Diff_Days_Indoor_Setup/Day5/Device3/IQ_1.dat,199,15601401,2,2,1,test,diff_days_indoor,5,0,0,0,0,0,0.5351594090461731
data/raw/osu_lora/Diff_Days_Indoor_Setup/Day5/Device3/IQ_1.dat,200,15679800,2,2,1,test,diff_days_indoor,5,0,0,0,0,0,0.5479822754859924
data/raw/osu_lora/Diff_Days_Indoor_Setup/Day5/Device3/IQ_1.dat,201,15758199,2,2,1,test,diff_days_indoor,5,0,0,0,0,0,0.5499218106269836
data/raw/osu_lora/Diff_Days_Indoor_Setup/Day5/Device3/IQ_1.dat,202,15836598,2,2,1,test,diff_days_indoor,5,0,0,0,0,0,0.4202948212623596
data/raw/osu_lora/Diff_Days_Indoor_Setup/Day5/Device3/IQ_1.dat,203,15914997,2,2,1,test,diff_days_indoor,5,0,0,0,0,0,0.5411416888237
data/raw/osu_lora/Diff_Days_Indoor_Setup/Day5/Device3/IQ_1.dat,204,15993396,2,2,1,test,diff_days_indoor,5,0,0,0,0,0,0.5518792867660522
data/raw/osu_lora/Diff_Days_Indoor_Setup/Day5/Device3/IQ_1.dat,205,16071795,2,2,1,test,diff_days_indoor,5,0,0,0,0,0,0.5390575528144836
data/raw/osu_lora/Diff_Days_Indoor_Setup/Day5/Device3/IQ_1.dat,206,16150194,2,2,1,test,diff_days_indoor,5,0,0,0,0,0,0.5575971603393555
data/raw/osu_lora/Diff_Days_Indoor_Setup/Day5/Device3/IQ_1.dat,207,16228593,2,2,1,test,diff_days_indoor,5,0,0,0,0,0,0.5515679121017456
data/raw/osu_lora/Diff_Days_Indoor_Setup/Day5/Device3/IQ_1.dat,208,16306992,2,2,1,test,diff_days_indoor,5,0,0,0,0,0,0.5358505845069885
data/raw/osu_lora/Diff_Days_Indoor_Setup/Day5/Device3/IQ_1.dat,209,16385391,2,2,1,test,diff_days_indoor,5,0,0,0,0,0,0.5484474301338196
data/raw/osu_lora/Diff_Days_Indoor_Setup/Day5/Device3/IQ_1.dat,210,16463790,2,2,1,test,diff_days_indoor,5,0,0,0,0,0,0.5627524852752686
data/raw/osu_lora/Diff_Days_Indoor_Setup/Day5/Device3/IQ_1.dat,211,16542189,2,2,1,test,diff_days_indoor,5,0,0,0,0,0,0.5624352693557739
data/raw/osu_lora/Diff_Days_Indoor_Setup/Day5/Device3/IQ_1.dat,212,16620588,2,2,1,test,diff_days_indoor,5,0,0,0,0,0,0.5611991882324219
data/raw/osu_lora/Diff_Days_Indoor_Setup/Day5/Device3/IQ_1.dat,213,16698987,2,2,1,test,diff_days_indoor,5,0,0,0,0,0,0.5661051273345947
data/raw/osu_lora/Diff_Days_Indoor_Setup/Day5/Device3/IQ_1.dat,214,16777386,2,2,1,test,diff_days_indoor,5,0,0,0,0,0,0.555323600769043
data/raw/osu_lora/Diff_Days_Indoor_Setup/Day5/Device3/IQ_1.dat,215,16855785,2,2,1,test,diff_days_indoor,5,0,0,0,0,0,0.5566142797470093
data/raw/osu_lora/Diff_Days_Indoor_Setup/Day5/Device3/IQ_1.dat,216,16934184,2,2,1,test,diff_days_indoor,5,0,0,0,0,0,0.5616952776908875
data/raw/osu_lora/Diff_Days_Indoor_Setup/Day5/Device3/IQ_1.dat,217,17012583,2,2,1,test,diff_days_indoor,5,0,0,0,0,0,0.565538227558136
data/raw/osu_lora/Diff_Days_Indoor_Setup/Day5/Device3/IQ_1.dat,218,17090982,2,2,1,test,diff_days_indoor,5,0,0,0,0,0,0.5636557340621948
data/raw/osu_lora/Diff_Days_Indoor_Setup/Day5/Device3/IQ_1.dat,219,17169381,2,2,1,test,diff_days_indoor,5,0,0,0,0,0,0.5650030970573425
data/raw/osu_lora/Diff_Days_Indoor_Setup/Day5/Device3/IQ_1.dat,220,17247780,2,2,1,test,diff_days_indoor,5,0,0,0,0,0,0.5378949046134949
data/raw/osu_lora/Diff_Days_Indoor_Setup/Day5/Device3/IQ_1.dat,221,17326179,2,2,1,test,diff_days_indoor,5,0,0,0,0,0,0.5613764524459839
data/raw/osu_lora/Diff_Days_Indoor_Setup/Day5/Device3/IQ_1.dat,222,17404578,2,2,1,test,diff_days_indoor,5,0,0,0,0,0,0.5322409868240356
data/raw/osu_lora/Diff_Days_Indoor_Setup/Day5/Device3/IQ_1.dat,223,17482977,2,2,1,test,diff_days_indoor,5,0,0,0,0,0,0.5636222958564758
data/raw/osu_lora/Diff_Days_Indoor_Setup/Day5/Device3/IQ_1.dat,224,17561376,2,2,1,test,diff_days_indoor,5,0,0,0,0,0,0.549090564250946
data/raw/osu_lora/Diff_Days_Indoor_Setup/Day5/Device3/IQ_1.dat,225,17639775,2,2,1,test,diff_days_indoor,5,0,0,0,0,0,0.5660470128059387
data/raw/osu_lora/Diff_Days_Indoor_Setup/Day5/Device3/IQ_1.dat,226,17718174,2,2,1,test,diff_days_indoor,5,0,0,0,0,0,0.5701130628585815
data/raw/osu_lora/Diff_Days_Indoor_Setup/Day5/Device3/IQ_1.dat,227,17796573,2,2,1,test,diff_days_indoor,5,0,0,0,0,0,0.5365203022956848
data/raw/osu_lora/Diff_Days_Indoor_Setup/Day5/Device3/IQ_1.dat,228,17874972,2,2,1,test,diff_days_indoor,5,0,0,0,0,0,0.5435178875923157
data/raw/osu_lora/Diff_Days_Indoor_Setup/Day5/Device3/IQ_1.dat,229,17953371,2,2,1,test,diff_days_indoor,5,0,0,0,0,0,0.5543747544288635
data/raw/osu_lora/Diff_Days_Indoor_Setup/Day5/Device3/IQ_1.dat,230,18031770,2,2,1,test,diff_days_indoor,5,0,0,0,0,0,0.5562866926193237
data/raw/osu_lora/Diff_Days_Indoor_Setup/Day5/Device3/IQ_1.dat,231,18110169,2,2,1,test,diff_days_indoor,5,0,0,0,0,0,0.5655751824378967
data/raw/osu_lora/Diff_Days_Indoor_Setup/Day5/Device3/IQ_1.dat,232,18188568,2,2,1,test,diff_days_indoor,5,0,0,0,0,0,0.5465871095657349
data/raw/osu_lora/Diff_Days_Indoor_Setup/Day5/Device3/IQ_1.dat,233,18266967,2,2,1,test,diff_days_indoor,5,0,0,0,0,0,0.5539624691009521
data/raw/osu_lora/Diff_Days_Indoor_Setup/Day5/Device3/IQ_1.dat,234,18345366,2,2,1,test,diff_days_indoor,5,0,0,0,0,0,0.5609501004219055
data/raw/osu_lora/Diff_Days_Indoor_Setup/Day5/Device3/IQ_1.dat,235,18423765,2,2,1,test,diff_days_indoor,5,0,0,0,0,0,0.5604571104049683
data/raw/osu_lora/Diff_Days_Indoor_Setup/Day5/Device3/IQ_1.dat,236,18502164,2,2,1,test,diff_days_indoor,5,0,0,0,0,0,0.5560238361358643
data/raw/osu_lora/Diff_Days_Indoor_Setup/Day5/Device3/IQ_1.dat,237,18580563,2,2,1,test,diff_days_indoor,5,0,0,0,0,0,0.5829613208770752
data/raw/osu_lora/Diff_Days_Indoor_Setup/Day5/Device3/IQ_1.dat,238,18658962,2,2,1,test,diff_days_indoor,5,0,0,0,0,0,0.556341826915741
data/raw/osu_lora/Diff_Days_Indoor_Setup/Day5/Device3/IQ_1.dat,239,18737361,2,2,1,test,diff_days_indoor,5,0,0,0,0,0,0.5673875212669373
data/raw/osu_lora/Diff_Days_Indoor_Setup/Day5/Device3/IQ_1.dat,240,18815760,2,2,1,test,diff_days_indoor,5,0,0,0,0,0,0.5532540082931519
data/raw/osu_lora/Diff_Days_Indoor_Setup/Day5/Device3/IQ_1.dat,241,18894159,2,2,1,test,diff_days_indoor,5,0,0,0,0,0,0.5631722807884216
data/raw/osu_lora/Diff_Days_Indoor_Setup/Day5/Device3/IQ_1.dat,242,18972558,2,2,1,test,diff_days_indoor,5,0,0,0,0,0,0.5604060292243958
data/raw/osu_lora/Diff_Days_Indoor_Setup/Day5/Device3/IQ_1.dat,243,19050957,2,2,1,test,diff_days_indoor,5,0,0,0,0,0,0.5670543909072876
data/raw/osu_lora/Diff_Days_Indoor_Setup/Day5/Device3/IQ_1.dat,244,19129356,2,8,0,test,diff_days_indoor,5,0,0,0,0,0,0.29469412565231323
data/raw/osu_lora/Diff_Days_Indoor_Setup/Day5/Device3/IQ_1.dat,245,19207755,2,2,1,test,diff_days_indoor,5,0,0,0,0,0,0.564063549041748
data/raw/osu_lora/Diff_Days_Indoor_Setup/Day5/Device3/IQ_1.dat,246,19286154,2,2,1,test,diff_days_indoor,5,0,0,0,0,0,0.5418843626976013
data/raw/osu_lora/Diff_Days_Indoor_Setup/Day5/Device3/IQ_1.dat,247,19364553,2,2,1,test,diff_days_indoor,5,0,0,0,0,0,0.5666257739067078
data/raw/osu_lora/Diff_Days_Indoor_Setup/Day5/Device3/IQ_1.dat,248,19442952,2,2,1,test,diff_days_indoor,5,0,0,0,0,0,0.5802468061447144
data/raw/osu_lora/Diff_Days_Indoor_Setup/Day5/Device3/IQ_1.dat,249,19521351,2,2,1,test,diff_days_indoor,5,0,0,0,0,0,0.55754554271698
data/raw/osu_lora/Diff_Days_Indoor_Setup/Day5/Device3/IQ_1.dat,250,19599750,2,2,1,test,diff_days_indoor,5,0,0,0,0,0,0.5446550846099854
data/raw/osu_lora/Diff_Days_Indoor_Setup/Day5/Device3/IQ_1.dat,251,19678149,2,2,1,test,diff_days_indoor,5,0,0,0,0,0,0.5612432956695557
data/raw/osu_lora/Diff_Days_Indoor_Setup/Day5/Device3/IQ_1.dat,252,19756548,2,2,1,test,diff_days_indoor,5,0,0,0,0,0,0.5681278705596924
data/raw/osu_lora/Diff_Days_Indoor_Setup/Day5/Device3/IQ_1.dat,253,19834947,2,2,1,test,diff_days_indoor,5,0,0,0,0,0,0.5445776581764221
data/raw/osu_lora/Diff_Days_Indoor_Setup/Day5/Device3/IQ_1.dat,254,19913346,2,2,1,test,diff_days_indoor,5,0,0,0,0,0,0.5479496717453003
data/raw/osu_lora/Diff_Days_Indoor_Setup/Day5/Device3/IQ_1.dat,255,19991745,2,2,1,test,diff_days_indoor,5,0,0,0,0,0,0.5729047060012817
data/raw/osu_lora/Diff_Days_Indoor_Setup/Day5/Device4/IQ_1.dat,0,0,3,3,1,test,diff_days_indoor,5,0,0,0,0,0,0.3295525014400482
data/raw/osu_lora/Diff_Days_Indoor_Setup/Day5/Device4/IQ_1.dat,1,78399,3,2,0,test,diff_days_indoor,5,0,0,0,0,0,0.42848673462867737
data/raw/osu_lora/Diff_Days_Indoor_Setup/Day5/Device4/IQ_1.dat,2,156798,3,2,0,test,diff_days_indoor,5,0,0,0,0,0,0.5629560351371765
data/raw/osu_lora/Diff_Days_Indoor_Setup/Day5/Device4/IQ_1.dat,3,235197,3,0,0,test,diff_days_indoor,5,0,0,0,0,0,0.33475083112716675
data/raw/osu_lora/Diff_Days_Indoor_Setup/Day5/Device4/IQ_1.dat,4,313596,3,1,0,test,diff_days_indoor,5,0,0,0,0,0,0.5394277572631836
data/raw/osu_lora/Diff_Days_Indoor_Setup/Day5/Device4/IQ_1.dat,5,391995,3,0,0,test,diff_days_indoor,5,0,0,0,0,0,0.3080725371837616
data/raw/osu_lora/Diff_Days_Indoor_Setup/Day5/Device4/IQ_1.dat,6,470394,3,0,0,test,diff_days_indoor,5,0,0,0,0,0,0.2957471013069153
data/raw/osu_lora/Diff_Days_Indoor_Setup/Day5/Device4/IQ_1.dat,7,548793,3,2,0,test,diff_days_indoor,5,0,0,0,0,0,0.49508777260780334
data/raw/osu_lora/Diff_Days_Indoor_Setup/Day5/Device4/IQ_1.dat,8,627192,3,1,0,test,diff_days_indoor,5,0,0,0,0,0,0.46749839186668396
data/raw/osu_lora/Diff_Days_Indoor_Setup/Day5/Device4/IQ_1.dat,9,705591,3,3,1,test,diff_days_indoor,5,0,0,0,0,0,0.4368860125541687
data/raw/osu_lora/Diff_Days_Indoor_Setup/Day5/Device4/IQ_1.dat,10,783990,3,0,0,test,diff_days_indoor,5,0,0,0,0,0,0.2920638918876648
data/raw/osu_lora/Diff_Days_Indoor_Setup/Day5/Device4/IQ_1.dat,11,862389,3,0,0,test,diff_days_indoor,5,0,0,0,0,0,0.29518094658851624
data/raw/osu_lora/Diff_Days_Indoor_Setup/Day5/Device4/IQ_1.dat,12,940788,3,3,1,test,diff_days_indoor,5,0,0,0,0,0,0.419620156288147
data/raw/osu_lora/Diff_Days_Indoor_Setup/Day5/Device4/IQ_1.dat,13,1019187,3,0,0,test,diff_days_indoor,5,0,0,0,0,0,0.30457672476768494
data/raw/osu_lora/Diff_Days_Indoor_Setup/Day5/Device4/IQ_1.dat,14,1097586,3,3,1,test,diff_days_indoor,5,0,0,0,0,0,0.3765827417373657
data/raw/osu_lora/Diff_Days_Indoor_Setup/Day5/Device4/IQ_1.dat,15,1175985,3,3,1,test,diff_days_indoor,5,0,0,0,0,0,0.366729199886322
data/raw/osu_lora/Diff_Days_Indoor_Setup/Day5/Device4/IQ_1.dat,16,1254384,3,2,0,test,diff_days_indoor,5,0,0,0,0,0,0.4668095111846924
data/raw/osu_lora/Diff_Days_Indoor_Setup/Day5/Device4/IQ_1.dat,17,1332783,3,0,0,test,diff_days_indoor,5,0,0,0,0,0,0.3334346115589142
data/raw/osu_lora/Diff_Days_Indoor_Setup/Day5/Device4/IQ_1.dat,18,1411182,3,1,0,test,diff_days_indoor,5,0,0,0,0,0,0.43753334879875183
data/raw/osu_lora/Diff_Days_Indoor_Setup/Day5/Device4/IQ_1.dat,19,1489581,3,0,0,test,diff_days_indoor,5,0,0,0,0,0,0.337616503238678
data/raw/osu_lora/Diff_Days_Indoor_Setup/Day5/Device4/IQ_1.dat,20,1567980,3,1,0,test,diff_days_indoor,5,0,0,0,0,0,0.4809568524360657
data/raw/osu_lora/Diff_Days_Indoor_Setup/Day5/Device4/IQ_1.dat,21,1646379,3,1,0,test,diff_days_indoor,5,0,0,0,0,0,0.5552327632904053
data/raw/osu_lora/Diff_Days_Indoor_Setup/Day5/Device4/IQ_1.dat,22,1724778,3,0,0,test,diff_days_indoor,5,0,0,0,0,0,0.3212280571460724
data/raw/osu_lora/Diff_Days_Indoor_Setup/Day5/Device4/IQ_1.dat,23,1803177,3,3,1,test,diff_days_indoor,5,0,0,0,0,0,0.36912038922309875
data/raw/osu_lora/Diff_Days_Indoor_Setup/Day5/Device4/IQ_1.dat,24,1881576,3,2,0,test,diff_days_indoor,5,0,0,0,0,0,0.35210973024368286
data/raw/osu_lora/Diff_Days_Indoor_Setup/Day5/Device4/IQ_1.dat,25,1959975,3,3,1,test,diff_days_indoor,5,0,0,0,0,0,0.38591545820236206
data/raw/osu_lora/Diff_Days_Indoor_Setup/Day5/Device4/IQ_1.dat,26,2038374,3,0,0,test,diff_days_indoor,5,0,0,0,0,0,0.3424682021141052
data/raw/osu_lora/Diff_Days_Indoor_Setup/Day5/Device4/IQ_1.dat,27,2116773,3,3,1,test,diff_days_indoor,5,0,0,0,0,0,0.379258394241333
data/raw/osu_lora/Diff_Days_Indoor_Setup/Day5/Device4/IQ_1.dat,28,2195172,3,1,0,test,diff_days_indoor,5,0,0,0,0,0,0.5574374198913574
data/raw/osu_lora/Diff_Days_Indoor_Setup/Day5/Device4/IQ_1.dat,29,2273571,3,3,1,test,diff_days_indoor,5,0,0,0,0,0,0.3596038222312927
data/raw/osu_lora/Diff_Days_Indoor_Setup/Day5/Device4/IQ_1.dat,30,2351970,3,3,1,test,diff_days_indoor,5,0,0,0,0,0,0.3501908779144287
data/raw/osu_lora/Diff_Days_Indoor_Setup/Day5/Device4/IQ_1.dat,31,2430369,3,2,0,test,diff_days_indoor,5,0,0,0,0,0,0.5584306120872498
data/raw/osu_lora/Diff_Days_Indoor_Setup/Day5/Device4/IQ_1.dat,32,2508768,3,0,0,test,diff_days_indoor,5,0,0,0,0,0,0.3001249134540558
data/raw/osu_lora/Diff_Days_Indoor_Setup/Day5/Device4/IQ_1.dat,33,2587167,3,0,0,test,diff_days_indoor,5,0,0,0,0,0,0.30890244245529175
data/raw/osu_lora/Diff_Days_Indoor_Setup/Day5/Device4/IQ_1.dat,34,2665566,3,0,0,test,diff_days_indoor,5,0,0,0,0,0,0.3215816915035248
data/raw/osu_lora/Diff_Days_Indoor_Setup/Day5/Device4/IQ_1.dat,35,2743965,3,3,1,test,diff_days_indoor,5,0,0,0,0,0,0.34059831500053406
data/raw/osu_lora/Diff_Days_Indoor_Setup/Day5/Device4/IQ_1.dat,36,2822364,3,3,1,test,diff_days_indoor,5,0,0,0,0,0,0.3889254331588745
data/raw/osu_lora/Diff_Days_Indoor_Setup/Day5/Device4/IQ_1.dat,37,2900763,3,3,1,test,diff_days_indoor,5,0,0,0,0,0,0.29999810457229614
data/raw/osu_lora/Diff_Days_Indoor_Setup/Day5/Device4/IQ_1.dat,38,2979162,3,1,0,test,diff_days_indoor,5,0,0,0,0,0,0.5461817979812622
data/raw/osu_lora/Diff_Days_Indoor_Setup/Day5/Device4/IQ_1.dat,39,3057561,3,2,0,test,diff_days_indoor,5,0,0,0,0,0,0.38165712356567383
data/raw/osu_lora/Diff_Days_Indoor_Setup/Day5/Device4/IQ_1.dat,40,3135960,3,0,0,test,diff_days_indoor,5,0,0,0,0,0,0.31387150287628174
data/raw/osu_lora/Diff_Days_Indoor_Setup/Day5/Device4/IQ_1.dat,41,3214359,3,1,0,test,diff_days_indoor,5,0,0,0,0,0,0.4436677396297455
data/raw/osu_lora/Diff_Days_Indoor_Setup/Day5/Device4/IQ_1.dat,42,3292758,3,2,0,test,diff_days_indoor,5,0,0,0,0,0,0.3947429358959198
data/raw/osu_lora/Diff_Days_Indoor_Setup/Day5/Device4/IQ_1.dat,43,3371157,3,1,0,test,diff_days_indoor,5,0,0,0,0,0,0.4760696291923523
data/raw/osu_lora/Diff_Days_Indoor_Setup/Day5/Device4/IQ_1.dat,44,3449556,3,3,1,test,diff_days_indoor,5,0,0,0,0,0,0.3641296923160553
data/raw/osu_lora/Diff_Days_Indoor_Setup/Day5/Device4/IQ_1.dat,45,3527955,3,3,1,test,diff_days_indoor,5,0,0,0,0,0,0.4042738378047943
data/raw/osu_lora/Diff_Days_Indoor_Setup/Day5/Device4/IQ_1.dat,46,3606354,3,2,0,test,diff_days_indoor,5,0,0,0,0,0,0.5570597052574158
data/raw/osu_lora/Diff_Days_Indoor_Setup/Day5/Device4/IQ_1.dat,47,3684753,3,3,1,test,diff_days_indoor,5,0,0,0,0,0,0.4056203365325928
data/raw/osu_lora/Diff_Days_Indoor_Setup/Day5/Device4/IQ_1.dat,48,3763152,3,3,1,test,diff_days_indoor,5,0,0,0,0,0,0.32522374391555786
data/raw/osu_lora/Diff_Days_Indoor_Setup/Day5/Device4/IQ_1.dat,49,3841551,3,1,0,test,diff_days_indoor,5,0,0,0,0,0,0.4907744228839874
data/raw/osu_lora/Diff_Days_Indoor_Setup/Day5/Device4/IQ_1.dat,50,3919950,3,2,0,test,diff_days_indoor,5,0,0,0,0,0,0.4770088493824005
data/raw/osu_lora/Diff_Days_Indoor_Setup/Day5/Device4/IQ_1.dat,51,3998349,3,3,1,test,diff_days_indoor,5,0,0,0,0,0,0.37106606364250183
data/raw/osu_lora/Diff_Days_Indoor_Setup/Day5/Device4/IQ_1.dat,52,4076748,3,0,0,test,diff_days_indoor,5,0,0,0,0,0,0.3261570930480957
data/raw/osu_lora/Diff_Days_Indoor_Setup/Day5/Device4/IQ_1.dat,53,4155147,3,2,0,test,diff_days_indoor,5,0,0,0,0,0,0.5078554153442383
data/raw/osu_lora/Diff_Days_Indoor_Setup/Day5/Device4/IQ_1.dat,54,4233546,3,0,0,test,diff_days_indoor,5,0,0,0,0,0,0.33624085783958435
data/raw/osu_lora/Diff_Days_Indoor_Setup/Day5/Device4/IQ_1.dat,55,4311945,3,1,0,test,diff_days_indoor,5,0,0,0,0,0,0.5375089645385742
data/raw/osu_lora/Diff_Days_Indoor_Setup/Day5/Device4/IQ_1.dat,56,4390344,3,1,0,test,diff_days_indoor,5,0,0,0,0,0,0.5027905106544495
data/raw/osu_lora/Diff_Days_Indoor_Setup/Day5/Device4/IQ_1.dat,57,4468743,3,2,0,test,diff_days_indoor,5,0,0,0,0,0,0.5090947151184082
data/raw/osu_lora/Diff_Days_Indoor_Setup/Day5/Device4/IQ_1.dat,58,4547142,3,3,1,test,diff_days_indoor,5,0,0,0,0,0,0.42415651679039
data/raw/osu_lora/Diff_Days_Indoor_Setup/Day5/Device4/IQ_1.dat,59,4625541,3,3,1,test,diff_days_indoor,5,0,0,0,0,0,0.3041599690914154
data/raw/osu_lora/Diff_Days_Indoor_Setup/Day5/Device4/IQ_1.dat,60,4703940,3,2,0,test,diff_days_indoor,5,0,0,0,0,0,0.35090455412864685
data/raw/osu_lora/Diff_Days_Indoor_Setup/Day5/Device4/IQ_1.dat,61,4782339,3,1,0,test,diff_days_indoor,5,0,0,0,0,0,0.4268040955066681
data/raw/osu_lora/Diff_Days_Indoor_Setup/Day5/Device4/IQ_1.dat,62,4860738,3,2,0,test,diff_days_indoor,5,0,0,0,0,0,0.3859703838825226
data/raw/osu_lora/Diff_Days_Indoor_Setup/Day5/Device4/IQ_1.dat,63,4939137,3,0,0,test,diff_days_indoor,5,0,0,0,0,0,0.3478088974952698
data/raw/osu_lora/Diff_Days_Indoor_Setup/Day5/Device4/IQ_1.dat,64,5017536,3,3,1,test,diff_days_indoor,5,0,0,0,0,0,0.43848806619644165
data/raw/osu_lora/Diff_Days_Indoor_Setup/Day5/Device4/IQ_1.dat,65,5095935,3,3,1,test,diff_days_indoor,5,0,0,0,0,0,0.33731478452682495
data/raw/osu_lora/Diff_Days_Indoor_Setup/Day5/Device4/IQ_1.dat,66,5174334,3,1,0,test,diff_days_indoor,5,0,0,0,0,0,0.5893433094024658
data/raw/osu_lora/Diff_Days_Indoor_Setup/Day5/Device4/IQ_1.dat,67,5252733,3,1,0,test,diff_days_indoor,5,0,0,0,0,0,0.4316836893558502
data/raw/osu_lora/Diff_Days_Indoor_Setup/Day5/Device4/IQ_1.dat,68,5331132,3,2,0,test,diff_days_indoor,5,0,0,0,0,0,0.3645891547203064
data/raw/osu_lora/Diff_Days_Indoor_Setup/Day5/Device4/IQ_1.dat,69,5409531,3,3,1,test,diff_days_indoor,5,0,0,0,0,0,0.3312244117259979
data/raw/osu_lora/Diff_Days_Indoor_Setup/Day5/Device4/IQ_1.dat,70,5487930,3,3,1,test,diff_days_indoor,5,0,0,0,0,0,0.31562694907188416
data/raw/osu_lora/Diff_Days_Indoor_Setup/Day5/Device4/IQ_1.dat,71,5566329,3,1,0,test,diff_days_indoor,5,0,0,0,0,0,0.5223233699798584
data/raw/osu_lora/Diff_Days_Indoor_Setup/Day5/Device4/IQ_1.dat,72,5644728,3,2,0,test,diff_days_indoor,5,0,0,0,0,0,0.44747161865234375
data/raw/osu_lora/Diff_Days_Indoor_Setup/Day5/Device4/IQ_1.dat,73,5723127,3,1,0,test,diff_days_indoor,5,0,0,0,0,0,0.4533292353153229
data/raw/osu_lora/Diff_Days_Indoor_Setup/Day5/Device4/IQ_1.dat,74,5801526,3,2,0,test,diff_days_indoor,5,0,0,0,0,0,0.3982495665550232
data/raw/osu_lora/Diff_Days_Indoor_Setup/Day5/Device4/IQ_1.dat,75,5879925,3,1,0,test,diff_days_indoor,5,0,0,0,0,0,0.5365535020828247
data/raw/osu_lora/Diff_Days_Indoor_Setup/Day5/Device4/IQ_1.dat,76,5958324,3,1,0,test,diff_days_indoor,5,0,0,0,0,0,0.5837642550468445
data/raw/osu_lora/Diff_Days_Indoor_Setup/Day5/Device4/IQ_1.dat,77,6036723,3,3,1,test,diff_days_indoor,5,0,0,0,0,0,0.37936121225357056
data/raw/osu_lora/Diff_Days_Indoor_Setup/Day5/Device4/IQ_1.dat,78,6115122,3,0,0,test,diff_days_indoor,5,0,0,0,0,0,0.3375118672847748
data/raw/osu_lora/Diff_Days_Indoor_Setup/Day5/Device4/IQ_1.dat,79,6193521,3,3,1,test,diff_days_indoor,5,0,0,0,0,0,0.4121256470680237
data/raw/osu_lora/Diff_Days_Indoor_Setup/Day5/Device4/IQ_1.dat,80,6271920,3,3,1,test,diff_days_indoor,5,0,0,0,0,0,0.33730947971343994
data/raw/osu_lora/Diff_Days_Indoor_Setup/Day5/Device4/IQ_1.dat,81,6350319,3,0,0,test,diff_days_indoor,5,0,0,0,0,0,0.2956329584121704
data/raw/osu_lora/Diff_Days_Indoor_Setup/Day5/Device4/IQ_1.dat,82,6428718,3,2,0,test,diff_days_indoor,5,0,0,0,0,0,0.3673809766769409
data/raw/osu_lora/Diff_Days_Indoor_Setup/Day5/Device4/IQ_1.dat,83,6507117,3,3,1,test,diff_days_indoor,5,0,0,0,0,0,0.40310734510421753
data/raw/osu_lora/Diff_Days_Indoor_Setup/Day5/Device4/IQ_1.dat,84,6585516,3,0,0,test,diff_days_indoor,5,0,0,0,0,0,0.32348549365997314
data/raw/osu_lora/Diff_Days_Indoor_Setup/Day5/Device4/IQ_1.dat,85,6663915,3,1,0,test,diff_days_indoor,5,0,0,0,0,0,0.4618327021598816
data/raw/osu_lora/Diff_Days_Indoor_Setup/Day5/Device4/IQ_1.dat,86,6742314,3,0,0,test,diff_days_indoor,5,0,0,0,0,0,0.3093186020851135
data/raw/osu_lora/Diff_Days_Indoor_Setup/Day5/Device4/IQ_1.dat,87,6820713,3,1,0,test,diff_days_indoor,5,0,0,0,0,0,0.4973404109477997
data/raw/osu_lora/Diff_Days_Indoor_Setup/Day5/Device4/IQ_1.dat,88,6899112,3,1,0,test,diff_days_indoor,5,0,0,0,0,0,0.6351878046989441
data/raw/osu_lora/Diff_Days_Indoor_Setup/Day5/Device4/IQ_1.dat,89,6977511,3,3,1,test,diff_days_indoor,5,0,0,0,0,0,0.4276755452156067
data/raw/osu_lora/Diff_Days_Indoor_Setup/Day5/Device4/IQ_1.dat,90,7055910,3,1,0,test,diff_days_indoor,5,0,0,0,0,0,0.5346989631652832
data/raw/osu_lora/Diff_Days_Indoor_Setup/Day5/Device4/IQ_1.dat,91,7134309,3,2,0,test,diff_days_indoor,5,0,0,0,0,0,0.4783250391483307
data/raw/osu_lora/Diff_Days_Indoor_Setup/Day5/Device4/IQ_1.dat,92,7212708,3,3,1,test,diff_days_indoor,5,0,0,0,0,0,0.3441862463951111
data/raw/osu_lora/Diff_Days_Indoor_Setup/Day5/Device4/IQ_1.dat,93,7291107,3,3,1,test,diff_days_indoor,5,0,0,0,0,0,0.3787985146045685
data/raw/osu_lora/Diff_Days_Indoor_Setup/Day5/Device4/IQ_1.dat,94,7369506,3,3,1,test,diff_days_indoor,5,0,0,0,0,0,0.3505108058452606
data/raw/osu_lora/Diff_Days_Indoor_Setup/Day5/Device4/IQ_1.dat,95,7447905,3,3,1,test,diff_days_indoor,5,0,0,0,0,0,0.4004020094871521
data/raw/osu_lora/Diff_Days_Indoor_Setup/Day5/Device4/IQ_1.dat,96,7526304,3,3,1,test,diff_days_indoor,5,0,0,0,0,0,0.3443179130554199
data/raw/osu_lora/Diff_Days_Indoor_Setup/Day5/Device4/IQ_1.dat,97,7604703,3,1,0,test,diff_days_indoor,5,0,0,0,0,0,0.6158927083015442
data/raw/osu_lora/Diff_Days_Indoor_Setup/Day5/Device4/IQ_1.dat,98,7683102,3,2,0,test,diff_days_indoor,5,0,0,0,0,0,0.35769638419151306
data/raw/osu_lora/Diff_Days_Indoor_Setup/Day5/Device4/IQ_1.dat,99,7761501,3,3,1,test,diff_days_indoor,5,0,0,0,0,0,0.4005875587463379
data/raw/osu_lora/Diff_Days_Indoor_Setup/Day5/Device4/IQ_1.dat,100,7839900,3,1,0,test,diff_days_indoor,5,0,0,0,0,0,0.4771895110607147
data/raw/osu_lora/Diff_Days_Indoor_Setup/Day5/Device4/IQ_1.dat,101,7918299,3,1,0,test,diff_days_indoor,5,0,0,0,0,0,0.4402296543121338
data/raw/osu_lora/Diff_Days_Indoor_Setup/Day5/Device4/IQ_1.dat,102,7996698,3,1,0,test,diff_days_indoor,5,0,0,0,0,0,0.5106843113899231
data/raw/osu_lora/Diff_Days_Indoor_Setup/Day5/Device4/IQ_1.dat,103,8075097,3,1,0,test,diff_days_indoor,5,0,0,0,0,0,0.6388866305351257
data/raw/osu_lora/Diff_Days_Indoor_Setup/Day5/Device4/IQ_1.dat,104,8153496,3,3,1,test,diff_days_indoor,5,0,0,0,0,0,0.37196946144104004
data/raw/osu_lora/Diff_Days_Indoor_Setup/Day5/Device4/IQ_1.dat,105,8231895,3,1,0,test,diff_days_indoor,5,0,0,0,0,0,0.6197840571403503
data/raw/osu_lora/Diff_Days_Indoor_Setup/Day5/Device4/IQ_1.dat,106,8310294,3,2,0,test,diff_days_indoor,5,0,0,0,0,0,0.5147717595100403
data/raw/osu_lora/Diff_Days_Indoor_Setup/Day5/Device4/IQ_1.dat,107,8388693,3,3,1,test,diff_days_indoor,5,0,0,0,0,0,0.40821385383605957
data/raw/osu_lora/Diff_Days_Indoor_Setup/Day5/Device4/IQ_1.dat,108,8467092,3,3,1,test,diff_days_indoor,5,0,0,0,0,0,0.3942994177341461
data/raw/osu_lora/Diff_Days_Indoor_Setup/Day5/Device4/IQ_1.dat,109,8545491,3,1,0,test,diff_days_indoor,5,0,0,0,0,0,0.5045967102050781
data/raw/osu_lora/Diff_Days_Indoor_Setup/Day5/Device4/IQ_1.dat,110,8623890,3,1,0,test,diff_days_indoor,5,0,0,0,0,0,0.5464059710502625
data/raw/osu_lora/Diff_Days_Indoor_Setup/Day5/Device4/IQ_1.dat,111,8702289,3,0,0,test,diff_days_indoor,5,0,0,0,0,0,0.30624833703041077
data/raw/osu_lora/Diff_Days_Indoor_Setup/Day5/Device4/IQ_1.dat,112,8780688,3,1,0,test,diff_days_indoor,5,0,0,0,0,0,0.4982984960079193
data/raw/osu_lora/Diff_Days_Indoor_Setup/Day5/Device4/IQ_1.dat,113,8859087,3,2,0,test,diff_days_indoor,5,0,0,0,0,0,0.5523297786712646
data/raw/osu_lora/Diff_Days_Indoor_Setup/Day5/Device4/IQ_1.dat,114,8937486,3,1,0,test,diff_days_indoor,5,0,0,0,0,0,0.5952719449996948
data/raw/osu_lora/Diff_Days_Indoor_Setup/Day5/Device4/IQ_1.dat,115,9015885,3,0,0,test,diff_days_indoor,5,0,0,0,0,0,0.3438231647014618
data/raw/osu_lora/Diff_Days_Indoor_Setup/Day5/Device4/IQ_1.dat,116,9094284,3,1,0,test,diff_days_indoor,5,0,0,0,0,0,0.4486730098724365
data/raw/osu_lora/Diff_Days_Indoor_Setup/Day5/Device4/IQ_1.dat,117,9172683,3,2,0,test,diff_days_indoor,5,0,0,0,0,0,0.5163604021072388
data/raw/osu_lora/Diff_Days_Indoor_Setup/Day5/Device4/IQ_1.dat,118,9251082,3,0,0,test,diff_days_indoor,5,0,0,0,0,0,0.3150707185268402
data/raw/osu_lora/Diff_Days_Indoor_Setup/Day5/Device4/IQ_1.dat,119,9329481,3,0,0,test,diff_days_indoor,5,0,0,0,0,0,0.3190072774887085
data/raw/osu_lora/Diff_Days_Indoor_Setup/Day5/Device4/IQ_1.dat,120,9407880,3,3,1,test,diff_days_indoor,5,0,0,0,0,0,0.3792184591293335
data/raw/osu_lora/Diff_Days_Indoor_Setup/Day5/Device4/IQ_1.dat,121,9486279,3,2,0,test,diff_days_indoor,5,0,0,0,0,0,0.36164307594299316
data/raw/osu_lora/Diff_Days_Indoor_Setup/Day5/Device4/IQ_1.dat,122,9564678,3,1,0,test,diff_days_indoor,5,0,0,0,0,0,0.5225910544395447
data/raw/osu_lora/Diff_Days_Indoor_Setup/Day5/Device4/IQ_1.dat,123,9643077,3,1,0,test,diff_days_indoor,5,0,0,0,0,0,0.5039767622947693
data/raw/osu_lora/Diff_Days_Indoor_Setup/Day5/Device4/IQ_1.dat,124,9721476,3,0,0,test,diff_days_indoor,5,0,0,0,0,0,0.3194221258163452
data/raw/osu_lora/Diff_Days_Indoor_Setup/Day5/Device4/IQ_1.dat,125,9799875,3,1,0,test,diff_days_indoor,5,0,0,0,0,0,0.5605230331420898
data/raw/osu_lora/Diff_Days_Indoor_Setup/Day5/Device4/IQ_1.dat,126,9878274,3,3,1,test,diff_days_indoor,5,0,0,0,0,0,0.4226023554801941
data/raw/osu_lora/Diff_Days_Indoor_Setup/Day5/Device4/IQ_1.dat,127,9956673,3,1,0,test,diff_days_indoor,5,0,0,0,0,0,0.5056800842285156
data/raw/osu_lora/Diff_Days_Indoor_Setup/Day5/Device4/IQ_1.dat,128,10035072,3,1,0,test,diff_days_indoor,5,0,0,0,0,0,0.5892248749732971
data/raw/osu_lora/Diff_Days_Indoor_Setup/Day5/Device4/IQ_1.dat,129,10113471,3,1,0,test,diff_days_indoor,5,0,0,0,0,0,0.5907559990882874
data/raw/osu_lora/Diff_Days_Indoor_Setup/Day5/Device4/IQ_1.dat,130,10191870,3,3,1,test,diff_days_indoor,5,0,0,0,0,0,0.3547184467315674
data/raw/osu_lora/Diff_Days_Indoor_Setup/Day5/Device4/IQ_1.dat,131,10270269,3,1,0,test,diff_days_indoor,5,0,0,0,0,0,0.5471221804618835
data/raw/osu_lora/Diff_Days_Indoor_Setup/Day5/Device4/IQ_1.dat,132,10348668,3,1,0,test,diff_days_indoor,5,0,0,0,0,0,0.44898709654808044
data/raw/osu_lora/Diff_Days_Indoor_Setup/Day5/Device4/IQ_1.dat,133,10427067,3,3,1,test,diff_days_indoor,5,0,0,0,0,0,0.38348132371902466
data/raw/osu_lora/Diff_Days_Indoor_Setup/Day5/Device4/IQ_1.dat,134,10505466,3,3,1,test,diff_days_indoor,5,0,0,0,0,0,0.3482457399368286
data/raw/osu_lora/Diff_Days_Indoor_Setup/Day5/Device4/IQ_1.dat,135,10583865,3,3,1,test,diff_days_indoor,5,0,0,0,0,0,0.2936978340148926
data/raw/osu_lora/Diff_Days_Indoor_Setup/Day5/Device4/IQ_1.dat,136,10662264,3,2,0,test,diff_days_indoor,5,0,0,0,0,0,0.5578169226646423
data/raw/osu_lora/Diff_Days_Indoor_Setup/Day5/Device4/IQ_1.dat,137,10740663,3,1,0,test,diff_days_indoor,5,0,0,0,0,0,0.4572215974330902
data/raw/osu_lora/Diff_Days_Indoor_Setup/Day5/Device4/IQ_1.dat,138,10819062,3,1,0,test,diff_days_indoor,5,0,0,0,0,0,0.5720784068107605
data/raw/osu_lora/Diff_Days_Indoor_Setup/Day5/Device4/IQ_1.dat,139,10897461,3,0,0,test,diff_days_indoor,5,0,0,0,0,0,0.32143402099609375
data/raw/osu_lora/Diff_Days_Indoor_Setup/Day5/Device4/IQ_1.dat,140,10975860,3,1,0,test,diff_days_indoor,5,0,0,0,0,0,0.4913957417011261
data/raw/osu_lora/Diff_Days_Indoor_Setup/Day5/Device4/IQ_1.dat,141,11054259,3,2,0,test,diff_days_indoor,5,0,0,0,0,0,0.43962833285331726
data/raw/osu_lora/Diff_Days_Indoor_Setup/Day5/Device4/IQ_1.dat,142,11132658,3,1,0,test,diff_days_indoor,5,0,0,0,0,0,0.5043773055076599
data/raw/osu_lora/Diff_Days_Indoor_Setup/Day5/Device4/IQ_1.dat,143,11211057,3,3,1,test,diff_days_indoor,5,0,0,0,0,0,0.3244030177593231
data/raw/osu_lora/Diff_Days_Indoor_Setup/Day5/Device4/IQ_1.dat,144,11289456,3,0,0,test,diff_days_indoor,5,0,0,0,0,0,0.34275197982788086
data/raw/osu_lora/Diff_Days_Indoor_Setup/Day5/Device4/IQ_1.dat,145,11367855,3,1,0,test,diff_days_indoor,5,0,0,0,0,0,0.4355217516422272
data/raw/osu_lora/Diff_Days_Indoor_Setup/Day5/Device4/IQ_1.dat,146,11446254,3,1,0,test,diff_days_indoor,5,0,0,0,0,0,0.5906970500946045
data/raw/osu_lora/Diff_Days_Indoor_Setup/Day5/Device4/IQ_1.dat,147,11524653,3,1,0,test,diff_days_indoor,5,0,0,0,0,0,0.5389285087585449
data/raw/osu_lora/Diff_Days_Indoor_Setup/Day5/Device4/IQ_1.dat,148,11603052,3,3,1,test,diff_days_indoor,5,0,0,0,0,0,0.2991867661476135
data/raw/osu_lora/Diff_Days_Indoor_Setup/Day5/Device4/IQ_1.dat,149,11681451,3,3,1,test,diff_days_indoor,5,0,0,0,0,0,0.4023379683494568
data/raw/osu_lora/Diff_Days_Indoor_Setup/Day5/Device4/IQ_1.dat,150,11759850,3,1,0,test,diff_days_indoor,5,0,0,0,0,0,0.5238478183746338
data/raw/osu_lora/Diff_Days_Indoor_Setup/Day5/Device4/IQ_1.dat,151,11838249,3,3,1,test,diff_days_indoor,5,0,0,0,0,0,0.3339059352874756
data/raw/osu_lora/Diff_Days_Indoor_Setup/Day5/Device4/IQ_1.dat,152,11916648,3,1,0,test,diff_days_indoor,5,0,0,0,0,0,0.44654688239097595
data/raw/osu_lora/Diff_Days_Indoor_Setup/Day5/Device4/IQ_1.dat,153,11995047,3,2,0,test,diff_days_indoor,5,0,0,0,0,0,0.4330500066280365
data/raw/osu_lora/Diff_Days_Indoor_Setup/Day5/Device4/IQ_1.dat,154,12073446,3,1,0,test,diff_days_indoor,5,0,0,0,0,0,0.5062028169631958
data/raw/osu_lora/Diff_Days_Indoor_Setup/Day5/Device4/IQ_1.dat,155,12151845,3,1,0,test,diff_days_indoor,5,0,0,0,0,0,0.6210280656814575
data/raw/osu_lora/Diff_Days_Indoor_Setup/Day5/Device4/IQ_1.dat,156,12230244,3,1,0,test,diff_days_indoor,5,0,0,0,0,0,0.4549728333950043
data/raw/osu_lora/Diff_Days_Indoor_Setup/Day5/Device4/IQ_1.dat,157,12308643,3,1,0,test,diff_days_indoor,5,0,0,0,0,0,0.555427074432373
data/raw/osu_lora/Diff_Days_Indoor_Setup/Day5/Device4/IQ_1.dat,158,12387042,3,1,0,test,diff_days_indoor,5,0,0,0,0,0,0.5710346698760986
data/raw/osu_lora/Diff_Days_Indoor_Setup/Day5/Device4/IQ_1.dat,159,12465441,3,3,1,test,diff_days_indoor,5,0,0,0,0,0,0.30172041058540344
data/raw/osu_lora/Diff_Days_Indoor_Setup/Day5/Device4/IQ_1.dat,160,12543840,3,2,0,test,diff_days_indoor,5,0,0,0,0,0,0.45935213565826416
data/raw/osu_lora/Diff_Days_Indoor_Setup/Day5/Device4/IQ_1.dat,161,12622239,3,3,1,test,diff_days_indoor,5,0,0,0,0,0,0.3502894937992096
data/raw/osu_lora/Diff_Days_Indoor_Setup/Day5/Device4/IQ_1.dat,162,12700638,3,1,0,test,diff_days_indoor,5,0,0,0,0,0,0.5930059552192688
data/raw/osu_lora/Diff_Days_Indoor_Setup/Day5/Device4/IQ_1.dat,163,12779037,3,3,1,test,diff_days_indoor,5,0,0,0,0,0,0.37526848912239075
data/raw/osu_lora/Diff_Days_Indoor_Setup/Day5/Device4/IQ_1.dat,164,12857436,3,1,0,test,diff_days_indoor,5,0,0,0,0,0,0.5213760137557983
data/raw/osu_lora/Diff_Days_Indoor_Setup/Day5/Device4/IQ_1.dat,165,12935835,3,2,0,test,diff_days_indoor,5,0,0,0,0,0,0.4007086753845215
data/raw/osu_lora/Diff_Days_Indoor_Setup/Day5/Device4/IQ_1.dat,166,13014234,3,3,1,test,diff_days_indoor,5,0,0,0,0,0,0.3511491119861603
data/raw/osu_lora/Diff_Days_Indoor_Setup/Day5/Device4/IQ_1.dat,167,13092633,3,3,1,test,diff_days_indoor,5,0,0,0,0,0,0.4030519425868988
data/raw/osu_lora/Diff_Days_Indoor_Setup/Day5/Device4/IQ_1.dat,168,13171032,3,1,0,test,diff_days_indoor,5,0,0,0,0,0,0.5731183886528015
data/raw/osu_lora/Diff_Days_Indoor_Setup/Day5/Device4/IQ_1.dat,169,13249431,3,1,0,test,diff_days_indoor,5,0,0,0,0,0,0.4813098609447479
data/raw/osu_lora/Diff_Days_Indoor_Setup/Day5/Device4/IQ_1.dat,170,13327830,3,3,1,test,diff_days_indoor,5,0,0,0,0,0,0.4374626874923706
data/raw/osu_lora/Diff_Days_Indoor_Setup/Day5/Device4/IQ_1.dat,171,13406229,3,3,1,test,diff_days_indoor,5,0,0,0,0,0,0.41974133253097534
data/raw/osu_lora/Diff_Days_Indoor_Setup/Day5/Device4/IQ_1.dat,172,13484628,3,1,0,test,diff_days_indoor,5,0,0,0,0,0,0.5002577900886536
data/raw/osu_lora/Diff_Days_Indoor_Setup/Day5/Device4/IQ_1.dat,173,13563027,3,0,0,test,diff_days_indoor,5,0,0,0,0,0,0.3430827260017395
data/raw/osu_lora/Diff_Days_Indoor_Setup/Day5/Device4/IQ_1.dat,174,13641426,3,1,0,test,diff_days_indoor,5,0,0,0,0,0,0.6389080286026001
data/raw/osu_lora/Diff_Days_Indoor_Setup/Day5/Device4/IQ_1.dat,175,13719825,3,1,0,test,diff_days_indoor,5,0,0,0,0,0,0.5710286498069763
data/raw/osu_lora/Diff_Days_Indoor_Setup/Day5/Device4/IQ_1.dat,176,13798224,3,3,1,test,diff_days_indoor,5,0,0,0,0,0,0.43352124094963074
data/raw/osu_lora/Diff_Days_Indoor_Setup/Day5/Device4/IQ_1.dat,177,13876623,3,1,0,test,diff_days_indoor,5,0,0,0,0,0,0.5186318159103394
data/raw/osu_lora/Diff_Days_Indoor_Setup/Day5/Device4/IQ_1.dat,178,13955022,3,0,0,test,diff_days_indoor,5,0,0,0,0,0,0.3125588893890381
data/raw/osu_lora/Diff_Days_Indoor_Setup/Day5/Device4/IQ_1.dat,179,14033421,3,3,1,test,diff_days_indoor,5,0,0,0,0,0,0.3934268653392792
data/raw/osu_lora/Diff_Days_Indoor_Setup/Day5/Device4/IQ_1.dat,180,14111820,3,2,0,test,diff_days_indoor,5,0,0,0,0,0,0.40441200137138367
data/raw/osu_lora/Diff_Days_Indoor_Setup/Day5/Device4/IQ_1.dat,181,14190219,3,1,0,test,diff_days_indoor,5,0,0,0,0,0,0.7283943295478821
data/raw/osu_lora/Diff_Days_Indoor_Setup/Day5/Device4/IQ_1.dat,182,14268618,3,3,1,test,diff_days_indoor,5,0,0,0,0,0,0.38999882340431213
data/raw/osu_lora/Diff_Days_Indoor_Setup/Day5/Device4/IQ_1.dat,183,14347017,3,2,0,test,diff_days_indoor,5,0,0,0,0,0,0.3639282286167145
data/raw/osu_lora/Diff_Days_Indoor_Setup/Day5/Device4/IQ_1.dat,184,14425416,3,2,0,test,diff_days_indoor,5,0,0,0,0,0,0.41654524207115173
data/raw/osu_lora/Diff_Days_Indoor_Setup/Day5/Device4/IQ_1.dat,185,14503815,3,0,0,test,diff_days_indoor,5,0,0,0,0,0,0.3145614564418793
data/raw/osu_lora/Diff_Days_Indoor_Setup/Day5/Device4/IQ_1.dat,186,14582214,3,1,0,test,diff_days_indoor,5,0,0,0,0,0,0.4420691132545471
data/raw/osu_lora/Diff_Days_Indoor_Setup/Day5/Device4/IQ_1.dat,187,14660613,3,1,0,test,diff_days_indoor,5,0,0,0,0,0,0.5723053216934204
data/raw/osu_lora/Diff_Days_Indoor_Setup/Day5/Device4/IQ_1.dat,188,14739012,3,0,0,test,diff_days_indoor,5,0,0,0,0,0,0.3334476053714752
data/raw/osu_lora/Diff_Days_Indoor_Setup/Day5/Device4/IQ_1.dat,189,14817411,3,1,0,test,diff_days_indoor,5,0,0,0,0,0,0.5814999938011169
data/raw/osu_lora/Diff_Days_Indoor_Setup/Day5/Device4/IQ_1.dat,190,14895810,3,3,1,test,diff_days_indoor,5,0,0,0,0,0,0.4216083586215973
data/raw/osu_lora/Diff_Days_Indoor_Setup/Day5/Device4/IQ_1.dat,191,14974209,3,0,0,test,diff_days_indoor,5,0,0,0,0,0,0.33853888511657715
data/raw/osu_lora/Diff_Days_Indoor_Setup/Day5/Device4/IQ_1.dat,192,15052608,3,3,1,test,diff_days_indoor,5,0,0,0,0,0,0.3559299409389496
data/raw/osu_lora/Diff_Days_Indoor_Setup/Day5/Device4/IQ_1.dat,193,15131007,3,3,1,test,diff_days_indoor,5,0,0,0,0,0,0.34173649549484253
data/raw/osu_lora/Diff_Days_Indoor_Setup/Day5/Device4/IQ_1.dat,194,15209406,3,2,0,test,diff_days_indoor,5,0,0,0,0,0,0.512109637260437
data/raw/osu_lora/Diff_Days_Indoor_Setup/Day5/Device4/IQ_1.dat,195,15287805,3,0,0,test,diff_days_indoor,5,0,0,0,0,0,0.322216272354126
data/raw/osu_lora/Diff_Days_Indoor_Setup/Day5/Device4/IQ_1.dat,196,15366204,3,1,0,test,diff_days_indoor,5,0,0,0,0,0,0.5423834919929504
data/raw/osu_lora/Diff_Days_Indoor_Setup/Day5/Device4/IQ_1.dat,197,15444603,3,0,0,test,diff_days_indoor,5,0,0,0,0,0,0.3470366895198822
data/raw/osu_lora/Diff_Days_Indoor_Setup/Day5/Device4/IQ_1.dat,198,15523002,3,1,0,test,diff_days_indoor,5,0,0,0,0,0,0.4875473976135254
data/raw/osu_lora/Diff_Days_Indoor_Setup/Day5/Device4/IQ_1.dat,199,15601401,3,3,1,test,diff_days_indoor,5,0,0,0,0,0,0.3008274734020233
data/raw/osu_lora/Diff_Days_Indoor_Setup/Day5/Device4/IQ_1.dat,200,15679800,3,1,0,test,diff_days_indoor,5,0,0,0,0,0,0.6795158386230469
data/raw/osu_lora/Diff_Days_Indoor_Setup/Day5/Device4/IQ_1.dat,201,15758199,3,0,0,test,diff_days_indoor,5,0,0,0,0,0,0.32750722765922546
data/raw/osu_lora/Diff_Days_Indoor_Setup/Day5/Device4/IQ_1.dat,202,15836598,3,0,0,test,diff_days_indoor,5,0,0,0,0,0,0.29965734481811523
data/raw/osu_lora/Diff_Days_Indoor_Setup/Day5/Device4/IQ_1.dat,203,15914997,3,2,0,test,diff_days_indoor,5,0,0,0,0,0,0.5648642182350159
data/raw/osu_lora/Diff_Days_Indoor_Setup/Day5/Device4/IQ_1.dat,204,15993396,3,3,1,test,diff_days_indoor,5,0,0,0,0,0,0.32965272665023804
data/raw/osu_lora/Diff_Days_Indoor_Setup/Day5/Device4/IQ_1.dat,205,16071795,3,1,0,test,diff_days_indoor,5,0,0,0,0,0,0.6079667806625366
data/raw/osu_lora/Diff_Days_Indoor_Setup/Day5/Device4/IQ_1.dat,206,16150194,3,3,1,test,diff_days_indoor,5,0,0,0,0,0,0.4094172418117523
data/raw/osu_lora/Diff_Days_Indoor_Setup/Day5/Device4/IQ_1.dat,207,16228593,3,3,1,test,diff_days_indoor,5,0,0,0,0,0,0.44565701484680176
data/raw/osu_lora/Diff_Days_Indoor_Setup/Day5/Device4/IQ_1.dat,208,16306992,3,0,0,test,diff_days_indoor,5,0,0,0,0,0,0.3357989192008972
data/raw/osu_lora/Diff_Days_Indoor_Setup/Day5/Device4/IQ_1.dat,209,16385391,3,1,0,test,diff_days_indoor,5,0,0,0,0,0,0.5906705856323242
data/raw/osu_lora/Diff_Days_Indoor_Setup/Day5/Device4/IQ_1.dat,210,16463790,3,1,0,test,diff_days_indoor,5,0,0,0,0,0,0.47948595881462097
data/raw/osu_lora/Diff_Days_Indoor_Setup/Day5/Device4/IQ_1.dat,211,16542189,3,1,0,test,diff_days_indoor,5,0,0,0,0,0,0.4463486969470978
data/raw/osu_lora/Diff_Days_Indoor_Setup/Day5/Device4/IQ_1.dat,212,16620588,3,0,0,test,diff_days_indoor,5,0,0,0,0,0,0.3405744135379791
data/raw/osu_lora/Diff_Days_Indoor_Setup/Day5/Device4/IQ_1.dat,213,16698987,3,1,0,test,diff_days_indoor,5,0,0,0,0,0,0.559227466583252
data/raw/osu_lora/Diff_Days_Indoor_Setup/Day5/Device4/IQ_1.dat,214,16777386,3,1,0,test,diff_days_indoor,5,0,0,0,0,0,0.45988839864730835
data/raw/osu_lora/Diff_Days_Indoor_Setup/Day5/Device4/IQ_1.dat,215,16855785,3,0,0,test,diff_days_indoor,5,0,0,0,0,0,0.3178093731403351
data/raw/osu_lora/Diff_Days_Indoor_Setup/Day5/Device4/IQ_1.dat,216,16934184,3,3,1,test,diff_days_indoor,5,0,0,0,0,0,0.30278146266937256
data/raw/osu_lora/Diff_Days_Indoor_Setup/Day5/Device4/IQ_1.dat,217,17012583,3,1,0,test,diff_days_indoor,5,0,0,0,0,0,0.44035467505455017
data/raw/osu_lora/Diff_Days_Indoor_Setup/Day5/Device4/IQ_1.dat,218,17090982,3,0,0,test,diff_days_indoor,5,0,0,0,0,0,0.34082987904548645
data/raw/osu_lora/Diff_Days_Indoor_Setup/Day5/Device4/IQ_1.dat,219,17169381,3,1,0,test,diff_days_indoor,5,0,0,0,0,0,0.6156167984008789
data/raw/osu_lora/Diff_Days_Indoor_Setup/Day5/Device4/IQ_1.dat,220,17247780,3,3,1,test,diff_days_indoor,5,0,0,0,0,0,0.3264918029308319
data/raw/osu_lora/Diff_Days_Indoor_Setup/Day5/Device4/IQ_1.dat,221,17326179,3,1,0,test,diff_days_indoor,5,0,0,0,0,0,0.5154200196266174
data/raw/osu_lora/Diff_Days_Indoor_Setup/Day5/Device4/IQ_1.dat,222,17404578,3,1,0,test,diff_days_indoor,5,0,0,0,0,0,0.6151458621025085
data/raw/osu_lora/Diff_Days_Indoor_Setup/Day5/Device4/IQ_1.dat,223,17482977,3,3,1,test,diff_days_indoor,5,0,0,0,0,0,0.43985480070114136
data/raw/osu_lora/Diff_Days_Indoor_Setup/Day5/Device4/IQ_1.dat,224,17561376,3,1,0,test,diff_days_indoor,5,0,0,0,0,0,0.5905565619468689
data/raw/osu_lora/Diff_Days_Indoor_Setup/Day5/Device4/IQ_1.dat,225,17639775,3,1,0,test,diff_days_indoor,5,0,0,0,0,0,0.5017704367637634
data/raw/osu_lora/Diff_Days_Indoor_Setup/Day5/Device4/IQ_1.dat,226,17718174,3,3,1,test,diff_days_indoor,5,0,0,0,0,0,0.3965702950954437
data/raw/osu_lora/Diff_Days_Indoor_Setup/Day5/Device4/IQ_1.dat,227,17796573,3,0,0,test,diff_days_indoor,5,0,0,0,0,0,0.311337411403656
data/raw/osu_lora/Diff_Days_Indoor_Setup/Day5/Device4/IQ_1.dat,228,17874972,3,1,0,test,diff_days_indoor,5,0,0,0,0,0,0.4958083927631378
data/raw/osu_lora/Diff_Days_Indoor_Setup/Day5/Device4/IQ_1.dat,229,17953371,3,1,0,test,diff_days_indoor,5,0,0,0,0,0,0.6171993613243103
data/raw/osu_lora/Diff_Days_Indoor_Setup/Day5/Device4/IQ_1.dat,230,18031770,3,1,0,test,diff_days_indoor,5,0,0,0,0,0,0.49603989720344543
data/raw/osu_lora/Diff_Days_Indoor_Setup/Day5/Device4/IQ_1.dat,231,18110169,3,1,0,test,diff_days_indoor,5,0,0,0,0,0,0.6382418274879456
data/raw/osu_lora/Diff_Days_Indoor_Setup/Day5/Device4/IQ_1.dat,232,18188568,3,2,0,test,diff_days_indoor,5,0,0,0,0,0,0.4613715708255768
data/raw/osu_lora/Diff_Days_Indoor_Setup/Day5/Device4/IQ_1.dat,233,18266967,3,3,1,test,diff_days_indoor,5,0,0,0,0,0,0.3755795955657959
data/raw/osu_lora/Diff_Days_Indoor_Setup/Day5/Device4/IQ_1.dat,234,18345366,3,3,1,test,diff_days_indoor,5,0,0,0,0,0,0.3242728114128113
data/raw/osu_lora/Diff_Days_Indoor_Setup/Day5/Device4/IQ_1.dat,235,18423765,3,1,0,test,diff_days_indoor,5,0,0,0,0,0,0.4660361707210541
data/raw/osu_lora/Diff_Days_Indoor_Setup/Day5/Device4/IQ_1.dat,236,18502164,3,3,1,test,diff_days_indoor,5,0,0,0,0,0,0.4149559736251831
data/raw/osu_lora/Diff_Days_Indoor_Setup/Day5/Device4/IQ_1.dat,237,18580563,3,1,0,test,diff_days_indoor,5,0,0,0,0,0,0.5957679152488708
data/raw/osu_lora/Diff_Days_Indoor_Setup/Day5/Device4/IQ_1.dat,238,18658962,3,3,1,test,diff_days_indoor,5,0,0,0,0,0,0.4192194938659668
data/raw/osu_lora/Diff_Days_Indoor_Setup/Day5/Device4/IQ_1.dat,239,18737361,3,3,1,test,diff_days_indoor,5,0,0,0,0,0,0.3961896002292633
data/raw/osu_lora/Diff_Days_Indoor_Setup/Day5/Device4/IQ_1.dat,240,18815760,3,0,0,test,diff_days_indoor,5,0,0,0,0,0,0.3407236337661743
data/raw/osu_lora/Diff_Days_Indoor_Setup/Day5/Device4/IQ_1.dat,241,18894159,3,1,0,test,diff_days_indoor,5,0,0,0,0,0,0.4950326383113861
data/raw/osu_lora/Diff_Days_Indoor_Setup/Day5/Device4/IQ_1.dat,242,18972558,3,1,0,test,diff_days_indoor,5,0,0,0,0,0,0.5389436483383179
data/raw/osu_lora/Diff_Days_Indoor_Setup/Day5/Device4/IQ_1.dat,243,19050957,3,1,0,test,diff_days_indoor,5,0,0,0,0,0,0.503446102142334
data/raw/osu_lora/Diff_Days_Indoor_Setup/Day5/Device4/IQ_1.dat,244,19129356,3,0,0,test,diff_days_indoor,5,0,0,0,0,0,0.34449735283851624
data/raw/osu_lora/Diff_Days_Indoor_Setup/Day5/Device4/IQ_1.dat,245,19207755,3,0,0,test,diff_days_indoor,5,0,0,0,0,0,0.3052877187728882
data/raw/osu_lora/Diff_Days_Indoor_Setup/Day5/Device4/IQ_1.dat,246,19286154,3,1,0,test,diff_days_indoor,5,0,0,0,0,0,0.5856976509094238
data/raw/osu_lora/Diff_Days_Indoor_Setup/Day5/Device4/IQ_1.dat,247,19364553,3,1,0,test,diff_days_indoor,5,0,0,0,0,0,0.5721296668052673
data/raw/osu_lora/Diff_Days_Indoor_Setup/Day5/Device4/IQ_1.dat,248,19442952,3,1,0,test,diff_days_indoor,5,0,0,0,0,0,0.5529835820198059
data/raw/osu_lora/Diff_Days_Indoor_Setup/Day5/Device4/IQ_1.dat,249,19521351,3,3,1,test,diff_days_indoor,5,0,0,0,0,0,0.3037835359573364
data/raw/osu_lora/Diff_Days_Indoor_Setup/Day5/Device4/IQ_1.dat,250,19599750,3,3,1,test,diff_days_indoor,5,0,0,0,0,0,0.3478933870792389
data/raw/osu_lora/Diff_Days_Indoor_Setup/Day5/Device4/IQ_1.dat,251,19678149,3,0,0,test,diff_days_indoor,5,0,0,0,0,0,0.2975575029850006
data/raw/osu_lora/Diff_Days_Indoor_Setup/Day5/Device4/IQ_1.dat,252,19756548,3,3,1,test,diff_days_indoor,5,0,0,0,0,0,0.3702477216720581
data/raw/osu_lora/Diff_Days_Indoor_Setup/Day5/Device4/IQ_1.dat,253,19834947,3,3,1,test,diff_days_indoor,5,0,0,0,0,0,0.43533873558044434
data/raw/osu_lora/Diff_Days_Indoor_Setup/Day5/Device4/IQ_1.dat,254,19913346,3,3,1,test,diff_days_indoor,5,0,0,0,0,0,0.38984107971191406
data/raw/osu_lora/Diff_Days_Indoor_Setup/Day5/Device4/IQ_1.dat,255,19991745,3,3,1,test,diff_days_indoor,5,0,0,0,0,0,0.33870771527290344
data/raw/osu_lora/Diff_Days_Indoor_Setup/Day5/Device5/IQ_1.dat,0,0,4,11,0,test,diff_days_indoor,5,0,0,0,0,0,0.6385862231254578
data/raw/osu_lora/Diff_Days_Indoor_Setup/Day5/Device5/IQ_1.dat,1,78399,4,11,0,test,diff_days_indoor,5,0,0,0,0,0,0.6820824146270752
data/raw/osu_lora/Diff_Days_Indoor_Setup/Day5/Device5/IQ_1.dat,2,156798,4,4,1,test,diff_days_indoor,5,0,0,0,0,0,0.5860805511474609
data/raw/osu_lora/Diff_Days_Indoor_Setup/Day5/Device5/IQ_1.dat,3,235197,4,4,1,test,diff_days_indoor,5,0,0,0,0,0,0.5278356075286865
data/raw/osu_lora/Diff_Days_Indoor_Setup/Day5/Device5/IQ_1.dat,4,313596,4,11,0,test,diff_days_indoor,5,0,0,0,0,0,0.5081701278686523
data/raw/osu_lora/Diff_Days_Indoor_Setup/Day5/Device5/IQ_1.dat,5,391995,4,4,1,test,diff_days_indoor,5,0,0,0,0,0,0.6532859206199646
data/raw/osu_lora/Diff_Days_Indoor_Setup/Day5/Device5/IQ_1.dat,6,470394,4,11,0,test,diff_days_indoor,5,0,0,0,0,0,0.6329230070114136
data/raw/osu_lora/Diff_Days_Indoor_Setup/Day5/Device5/IQ_1.dat,7,548793,4,11,0,test,diff_days_indoor,5,0,0,0,0,0,0.5262718200683594
data/raw/osu_lora/Diff_Days_Indoor_Setup/Day5/Device5/IQ_1.dat,8,627192,4,11,0,test,diff_days_indoor,5,0,0,0,0,0,0.546948254108429
data/raw/osu_lora/Diff_Days_Indoor_Setup/Day5/Device5/IQ_1.dat,9,705591,4,4,1,test,diff_days_indoor,5,0,0,0,0,0,0.5141485929489136
data/raw/osu_lora/Diff_Days_Indoor_Setup/Day5/Device5/IQ_1.dat,10,783990,4,4,1,test,diff_days_indoor,5,0,0,0,0,0,0.5294229984283447
data/raw/osu_lora/Diff_Days_Indoor_Setup/Day5/Device5/IQ_1.dat,11,862389,4,4,1,test,diff_days_indoor,5,0,0,0,0,0,0.5786416530609131
data/raw/osu_lora/Diff_Days_Indoor_Setup/Day5/Device5/IQ_1.dat,12,940788,4,4,1,test,diff_days_indoor,5,0,0,0,0,0,0.5324060320854187
data/raw/osu_lora/Diff_Days_Indoor_Setup/Day5/Device5/IQ_1.dat,13,1019187,4,11,0,test,diff_days_indoor,5,0,0,0,0,0,0.5083912014961243
data/raw/osu_lora/Diff_Days_Indoor_Setup/Day5/Device5/IQ_1.dat,14,1097586,4,4,1,test,diff_days_indoor,5,0,0,0,0,0,0.5344738960266113
data/raw/osu_lora/Diff_Days_Indoor_Setup/Day5/Device5/IQ_1.dat,15,1175985,4,11,0,test,diff_days_indoor,5,0,0,0,0,0,0.5628314018249512
data/raw/osu_lora/Diff_Days_Indoor_Setup/Day5/Device5/IQ_1.dat,16,1254384,4,4,1,test,diff_days_indoor,5,0,0,0,0,0,0.5596604347229004
data/raw/osu_lora/Diff_Days_Indoor_Setup/Day5/Device5/IQ_1.dat,17,1332783,4,11,0,test,diff_days_indoor,5,0,0,0,0,0,0.6206485033035278
data/raw/osu_lora/Diff_Days_Indoor_Setup/Day5/Device5/IQ_1.dat,18,1411182,4,4,1,test,diff_days_indoor,5,0,0,0,0,0,0.5257282853126526
data/raw/osu_lora/Diff_Days_Indoor_Setup/Day5/Device5/IQ_1.dat,19,1489581,4,11,0,test,diff_days_indoor,5,0,0,0,0,0,0.6421683430671692
data/raw/osu_lora/Diff_Days_Indoor_Setup/Day5/Device5/IQ_1.dat,20,1567980,4,11,0,test,diff_days_indoor,5,0,0,0,0,0,0.5474572777748108
data/raw/osu_lora/Diff_Days_Indoor_Setup/Day5/Device5/IQ_1.dat,21,1646379,4,4,1,test,diff_days_indoor,5,0,0,0,0,0,0.5773762464523315
data/raw/osu_lora/Diff_Days_Indoor_Setup/Day5/Device5/IQ_1.dat,22,1724778,4,4,1,test,diff_days_indoor,5,0,0,0,0,0,0.5518529415130615
data/raw/osu_lora/Diff_Days_Indoor_Setup/Day5/Device5/IQ_1.dat,23,1803177,4,11,0,test,diff_days_indoor,5,0,0,0,0,0,0.6066462397575378
data/raw/osu_lora/Diff_Days_Indoor_Setup/Day5/Device5/IQ_1.dat,24,1881576,4,11,0,test,diff_days_indoor,5,0,0,0,0,0,0.5472047924995422
data/raw/osu_lora/Diff_Days_Indoor_Setup/Day5/Device5/IQ_1.dat,25,1959975,4,11,0,test,diff_days_indoor,5,0,0,0,0,0,0.5676250457763672
data/raw/osu_lora/Diff_Days_Indoor_Setup/Day5/Device5/IQ_1.dat,26,2038374,4,11,0,test,diff_days_indoor,5,0,0,0,0,0,0.5328018665313721
data/raw/osu_lora/Diff_Days_Indoor_Setup/Day5/Device5/IQ_1.dat,27,2116773,4,4,1,test,diff_days_indoor,5,0,0,0,0,0,0.5667174458503723
data/raw/osu_lora/Diff_Days_Indoor_Setup/Day5/Device5/IQ_1.dat,28,2195172,4,4,1,test,diff_days_indoor,5,0,0,0,0,0,0.5654168128967285
data/raw/osu_lora/Diff_Days_Indoor_Setup/Day5/Device5/IQ_1.dat,29,2273571,4,11,0,test,diff_days_indoor,5,0,0,0,0,0,0.5501339435577393
data/raw/osu_lora/Diff_Days_Indoor_Setup/Day5/Device5/IQ_1.dat,30,2351970,4,11,0,test,diff_days_indoor,5,0,0,0,0,0,0.6602299213409424
data/raw/osu_lora/Diff_Days_Indoor_Setup/Day5/Device5/IQ_1.dat,31,2430369,4,11,0,test,diff_days_indoor,5,0,0,0,0,0,0.560096800327301
data/raw/osu_lora/Diff_Days_Indoor_Setup/Day5/Device5/IQ_1.dat,32,2508768,4,11,0,test,diff_days_indoor,5,0,0,0,0,0,0.6461742520332336
data/raw/osu_lora/Diff_Days_Indoor_Setup/Day5/Device5/IQ_1.dat,33,2587167,4,11,0,test,diff_days_indoor,5,0,0,0,0,0,0.5826654434204102
data/raw/osu_lora/Diff_Days_Indoor_Setup/Day5/Device5/IQ_1.dat,34,2665566,4,4,1,test,diff_days_indoor,5,0,0,0,0,0,0.5083932876586914
data/raw/osu_lora/Diff_Days_Indoor_Setup/Day5/Device5/IQ_1.dat,35,2743965,4,11,0,test,diff_days_indoor,5,0,0,0,0,0,0.6654074192047119
data/raw/osu_lora/Diff_Days_Indoor_Setup/Day5/Device5/IQ_1.dat,36,2822364,4,4,1,test,diff_days_indoor,5,0,0,0,0,0,0.5775846838951111
data/raw/osu_lora/Diff_Days_Indoor_Setup/Day5/Device5/IQ_1.dat,37,2900763,4,11,0,test,diff_days_indoor,5,0,0,0,0,0,0.5606852769851685
data/raw/osu_lora/Diff_Days_Indoor_Setup/Day5/Device5/IQ_1.dat,38,2979162,4,11,0,test,diff_days_indoor,5,0,0,0,0,0,0.6501378417015076
data/raw/osu_lora/Diff_Days_Indoor_Setup/Day5/Device5/IQ_1.dat,39,3057561,4,4,1,test,diff_days_indoor,5,0,0,0,0,0,0.508849024772644
data/raw/osu_lora/Diff_Days_Indoor_Setup/Day5/Device5/IQ_1.dat,40,3135960,4,11,0,test,diff_days_indoor,5,0,0,0,0,0,0.504520058631897
data/raw/osu_lora/Diff_Days_Indoor_Setup/Day5/Device5/IQ_1.dat,41,3214359,4,11,0,test,diff_days_indoor,5,0,0,0,0,0,0.5243237614631653
data/raw/osu_lora/Diff_Days_Indoor_Setup/Day5/Device5/IQ_1.dat,42,3292758,4,4,1,test,diff_days_indoor,5,0,0,0,0,0,0.5906463861465454
data/raw/osu_lora/Diff_Days_Indoor_Setup/Day5/Device5/IQ_1.dat,43,3371157,4,4,1,test,diff_days_indoor,5,0,0,0,0,0,0.5444494485855103
data/raw/osu_lora/Diff_Days_Indoor_Setup/Day5/Device5/IQ_1.dat,44,3449556,4,11,0,test,diff_days_indoor,5,0,0,0,0,0,0.5167531967163086
data/raw/osu_lora/Diff_Days_Indoor_Setup/Day5/Device5/IQ_1.dat,45,3527955,4,4,1,test,diff_days_indoor,5,0,0,0,0,0,0.603760302066803
data/raw/osu_lora/Diff_Days_Indoor_Setup/Day5/Device5/IQ_1.dat,46,3606354,4,4,1,test,diff_days_indoor,5,0,0,0,0,0,0.5064272880554199
data/raw/osu_lora/Diff_Days_Indoor_Setup/Day5/Device5/IQ_1.dat,47,3684753,4,11,0,test,diff_days_indoor,5,0,0,0,0,0,0.6330766677856445
data/raw/osu_lora/Diff_Days_Indoor_Setup/Day5/Device5/IQ_1.dat,48,3763152,4,4,1,test,diff_days_indoor,5,0,0,0,0,0,0.5286569595336914
data/raw/osu_lora/Diff_Days_Indoor_Setup/Day5/Device5/IQ_1.dat,49,3841551,4,4,1,test,diff_days_indoor,5,0,0,0,0,0,0.506007730960846
data/raw/osu_lora/Diff_Days_Indoor_Setup/Day5/Device5/IQ_1.dat,50,3919950,4,11,0,test,diff_days_indoor,5,0,0,0,0,0,0.5432090759277344
data/raw/osu_lora/Diff_Days_Indoor_Setup/Day5/Device5/IQ_1.dat,51,3998349,4,4,1,test,diff_days_indoor,5,0,0,0,0,0,0.5242272019386292
data/raw/osu_lora/Diff_Days_Indoor_Setup/Day5/Device5/IQ_1.dat,52,4076748,4,4,1,test,diff_days_indoor,5,0,0,0,0,0,0.634730875492096
data/raw/osu_lora/Diff_Days_Indoor_Setup/Day5/Device5/IQ_1.dat,53,4155147,4,4,1,test,diff_days_indoor,5,0,0,0,0,0,0.5863932967185974
data/raw/osu_lora/Diff_Days_Indoor_Setup/Day5/Device5/IQ_1.dat,54,4233546,4,11,0,test,diff_days_indoor,5,0,0,0,0,0,0.5243957042694092
data/raw/osu_lora/Diff_Days_Indoor_Setup/Day5/Device5/IQ_1.dat,55,4311945,4,4,1,test,diff_days_indoor,5,0,0,0,0,0,0.5480934381484985
data/raw/osu_lora/Diff_Days_Indoor_Setup/Day5/Device5/IQ_1.dat,56,4390344,4,11,0,test,diff_days_indoor,5,0,0,0,0,0,0.5358201861381531
data/raw/osu_lora/Diff_Days_Indoor_Setup/Day5/Device5/IQ_1.dat,57,4468743,4,4,1,test,diff_days_indoor,5,0,0,0,0,0,0.6145657300949097
data/raw/osu_lora/Diff_Days_Indoor_Setup/Day5/Device5/IQ_1.dat,58,4547142,4,4,1,test,diff_days_indoor,5,0,0,0,0,0,0.5870648622512817
data/raw/osu_lora/Diff_Days_Indoor_Setup/Day5/Device5/IQ_1.dat,59,4625541,4,4,1,test,diff_days_indoor,5,0,0,0,0,0,0.5358916521072388
data/raw/osu_lora/Diff_Days_Indoor_Setup/Day5/Device5/IQ_1.dat,60,4703940,4,4,1,test,diff_days_indoor,5,0,0,0,0,0,0.5350546836853027
data/raw/osu_lora/Diff_Days_Indoor_Setup/Day5/Device5/IQ_1.dat,61,4782339,4,11,0,test,diff_days_indoor,5,0,0,0,0,0,0.658717930316925
data/raw/osu_lora/Diff_Days_Indoor_Setup/Day5/Device5/IQ_1.dat,62,4860738,4,11,0,test,diff_days_indoor,5,0,0,0,0,0,0.6788254380226135
data/raw/osu_lora/Diff_Days_Indoor_Setup/Day5/Device5/IQ_1.dat,63,4939137,4,11,0,test,diff_days_indoor,5,0,0,0,0,0,0.6504894495010376
data/raw/osu_lora/Diff_Days_Indoor_Setup/Day5/Device5/IQ_1.dat,64,5017536,4,4,1,test,diff_days_indoor,5,0,0,0,0,0,0.559777021408081
data/raw/osu_lora/Diff_Days_Indoor_Setup/Day5/Device5/IQ_1.dat,65,5095935,4,11,0,test,diff_days_indoor,5,0,0,0,0,0,0.5259427428245544
data/raw/osu_lora/Diff_Days_Indoor_Setup/Day5/Device5/IQ_1.dat,66,5174334,4,11,0,test,diff_days_indoor,5,0,0,0,0,0,0.5908181667327881
data/raw/osu_lora/Diff_Days_Indoor_Setup/Day5/Device5/IQ_1.dat,67,5252733,4,4,1,test,diff_days_indoor,5,0,0,0,0,0,0.569048285484314
data/raw/osu_lora/Diff_Days_Indoor_Setup/Day5/Device5/IQ_1.dat,68,5331132,4,11,0,test,diff_days_indoor,5,0,0,0,0,0,0.5192004442214966
data/raw/osu_lora/Diff_Days_Indoor_Setup/Day5/Device5/IQ_1.dat,69,5409531,4,11,0,test,diff_days_indoor,5,0,0,0,0,0,0.628445565700531
data/raw/osu_lora/Diff_Days_Indoor_Setup/Day5/Device5/IQ_1.dat,70,5487930,4,11,0,test,diff_days_indoor,5,0,0,0,0,0,0.5030076503753662
data/raw/osu_lora/Diff_Days_Indoor_Setup/Day5/Device5/IQ_1.dat,71,5566329,4,4,1,test,diff_days_indoor,5,0,0,0,0,0,0.5942569375038147
data/raw/osu_lora/Diff_Days_Indoor_Setup/Day5/Device5/IQ_1.dat,72,5644728,4,11,0,test,diff_days_indoor,5,0,0,0,0,0,0.547778308391571
data/raw/osu_lora/Diff_Days_Indoor_Setup/Day5/Device5/IQ_1.dat,73,5723127,4,4,1,test,diff_days_indoor,5,0,0,0,0,0,0.5292139053344727
data/raw/osu_lora/Diff_Days_Indoor_Setup/Day5/Device5/IQ_1.dat,74,5801526,4,4,1,test,diff_days_indoor,5,0,0,0,0,0,0.6074758172035217
data/raw/osu_lora/Diff_Days_Indoor_Setup/Day5/Device5/IQ_1.dat,75,5879925,4,4,1,test,diff_days_indoor,5,0,0,0,0,0,0.5680975317955017
data/raw/osu_lora/Diff_Days_Indoor_Setup/Day5/Device5/IQ_1.dat,76,5958324,4,4,1,test,diff_days_indoor,5,0,0,0,0,0,0.5257967114448547
data/raw/osu_lora/Diff_Days_Indoor_Setup/Day5/Device5/IQ_1.dat,77,6036723,4,11,0,test,diff_days_indoor,5,0,0,0,0,0,0.5175551772117615
data/raw/osu_lora/Diff_Days_Indoor_Setup/Day5/Device5/IQ_1.dat,78,6115122,4,11,0,test,diff_days_indoor,5,0,0,0,0,0,0.5594930648803711
data/raw/osu_lora/Diff_Days_Indoor_Setup/Day5/Device5/IQ_1.dat,79,6193521,4,11,0,test,diff_days_indoor,5,0,0,0,0,0,0.6690261960029602
data/raw/osu_lora/Diff_Days_Indoor_Setup/Day5/Device5/IQ_1.dat,80,6271920,4,4,1,test,diff_days_indoor,5,0,0,0,0,0,0.5153606534004211
data/raw/osu_lora/Diff_Days_Indoor_Setup/Day5/Device5/IQ_1.dat,81,6350319,4,11,0,test,diff_days_indoor,5,0,0,0,0,0,0.5986310839653015
data/raw/osu_lora/Diff_Days_Indoor_Setup/Day5/Device5/IQ_1.dat,82,6428718,4,11,0,test,diff_days_indoor,5,0,0,0,0,0,0.5059637427330017
data/raw/osu_lora/Diff_Days_Indoor_Setup/Day5/Device5/IQ_1.dat,83,6507117,4,4,1,test,diff_days_indoor,5,0,0,0,0,0,0.5380199551582336
data/raw/osu_lora/Diff_Days_Indoor_Setup/Day5/Device5/IQ_1.dat,84,6585516,4,4,1,test,diff_days_indoor,5,0,0,0,0,0,0.5105438232421875
data/raw/osu_lora/Diff_Days_Indoor_Setup/Day5/Device5/IQ_1.dat,85,6663915,4,4,1,test,diff_days_indoor,5,0,0,0,0,0,0.6275251507759094
data/raw/osu_lora/Diff_Days_Indoor_Setup/Day5/Device5/IQ_1.dat,86,6742314,4,4,1,test,diff_days_indoor,5,0,0,0,0,0,0.6035923361778259
data/raw/osu_lora/Diff_Days_Indoor_Setup/Day5/Device5/IQ_1.dat,87,6820713,4,4,1,test,diff_days_indoor,5,0,0,0,0,0,0.5884106159210205
data/raw/osu_lora/Diff_Days_Indoor_Setup/Day5/Device5/IQ_1.dat,88,6899112,4,11,0,test,diff_days_indoor,5,0,0,0,0,0,0.5564526915550232
data/raw/osu_lora/Diff_Days_Indoor_Setup/Day5/Device5/IQ_1.dat,89,6977511,4,4,1,test,diff_days_indoor,5,0,0,0,0,0,0.6303133964538574
data/raw/osu_lora/Diff_Days_Indoor_Setup/Day5/Device5/IQ_1.dat,90,7055910,4,4,1,test,diff_days_indoor,5,0,0,0,0,0,0.5881038904190063
data/raw/osu_lora/Diff_Days_Indoor_Setup/Day5/Device5/IQ_1.dat,91,7134309,4,4,1,test,diff_days_indoor,5,0,0,0,0,0,0.600721001625061
data/raw/osu_lora/Diff_Days_Indoor_Setup/Day5/Device5/IQ_1.dat,92,7212708,4,4,1,test,diff_days_indoor,5,0,0,0,0,0,0.518915593624115
data/raw/osu_lora/Diff_Days_Indoor_Setup/Day5/Device5/IQ_1.dat,93,7291107,4,4,1,test,diff_days_indoor,5,0,0,0,0,0,0.6853492856025696
data/raw/osu_lora/Diff_Days_Indoor_Setup/Day5/Device5/IQ_1.dat,94,7369506,4,11,0,test,diff_days_indoor,5,0,0,0,0,0,0.613167941570282
data/raw/osu_lora/Diff_Days_Indoor_Setup/Day5/Device5/IQ_1.dat,95,7447905,4,4,1,test,diff_days_indoor,5,0,0,0,0,0,0.5373049378395081
data/raw/osu_lora/Diff_Days_Indoor_Setup/Day5/Device5/IQ_1.dat,96,7526304,4,11,0,test,diff_days_indoor,5,0,0,0,0,0,0.5037629008293152
data/raw/osu_lora/Diff_Days_Indoor_Setup/Day5/Device5/IQ_1.dat,97,7604703,4,11,0,test,diff_days_indoor,5,0,0,0,0,0,0.6370599865913391
data/raw/osu_lora/Diff_Days_Indoor_Setup/Day5/Device5/IQ_1.dat,98,7683102,4,11,0,test,diff_days_indoor,5,0,0,0,0,0,0.646984875202179
data/raw/osu_lora/Diff_Days_Indoor_Setup/Day5/Device5/IQ_1.dat,99,7761501,4,4,1,test,diff_days_indoor,5,0,0,0,0,0,0.681016206741333
data/raw/osu_lora/Diff_Days_Indoor_Setup/Day5/Device5/IQ_1.dat,100,7839900,4,11,0,test,diff_days_indoor,5,0,0,0,0,0,0.6434653401374817
data/raw/osu_lora/Diff_Days_Indoor_Setup/Day5/Device5/IQ_1.dat,101,7918299,4,11,0,test,diff_days_indoor,5,0,0,0,0,0,0.5942158102989197
data/raw/osu_lora/Diff_Days_Indoor_Setup/Day5/Device5/IQ_1.dat,102,7996698,4,4,1,test,diff_days_indoor,5,0,0,0,0,0,0.6855154037475586
data/raw/osu_lora/Diff_Days_Indoor_Setup/Day5/Device5/IQ_1.dat,103,8075097,4,11,0,test,diff_days_indoor,5,0,0,0,0,0,0.5740721821784973
data/raw/osu_lora/Diff_Days_Indoor_Setup/Day5/Device5/IQ_1.dat,104,8153496,4,11,0,test,diff_days_indoor,5,0,0,0,0,0,0.5061277151107788
data/raw/osu_lora/Diff_Days_Indoor_Setup/Day5/Device5/IQ_1.dat,105,8231895,4,4,1,test,diff_days_indoor,5,0,0,0,0,0,0.5071061253547668
data/raw/osu_lora/Diff_Days_Indoor_Setup/Day5/Device5/IQ_1.dat,106,8310294,4,4,1,test,diff_days_indoor,5,0,0,0,0,0,0.6134374141693115
data/raw/osu_lora/Diff_Days_Indoor_Setup/Day5/Device5/IQ_1.dat,107,8388693,4,4,1,test,diff_days_indoor,5,0,0,0,0,0,0.566796064376831
data/raw/osu_lora/Diff_Days_Indoor_Setup/Day5/Device5/IQ_1.dat,108,8467092,4,11,0,test,diff_days_indoor,5,0,0,0,0,0,0.6217897534370422
data/raw/osu_lora/Diff_Days_Indoor_Setup/Day5/Device5/IQ_1.dat,109,8545491,4,11,0,test,diff_days_indoor,5,0,0,0,0,0,0.5934779047966003
data/raw/osu_lora/Diff_Days_Indoor_Setup/Day5/Device5/IQ_1.dat,110,8623890,4,11,0,test,diff_days_indoor,5,0,0,0,0,0,0.5121472477912903
data/raw/osu_lora/Diff_Days_Indoor_Setup/Day5/Device5/IQ_1.dat,111,8702289,4,4,1,test,diff_days_indoor,5,0,0,0,0,0,0.5394722819328308
data/raw/osu_lora/Diff_Days_Indoor_Setup/Day5/Device5/IQ_1.dat,112,8780688,4,11,0,test,diff_days_indoor,5,0,0,0,0,0,0.6255121827125549
data/raw/osu_lora/Diff_Days_Indoor_Setup/Day5/Device5/IQ_1.dat,113,8859087,4,11,0,test,diff_days_indoor,5,0,0,0,0,0,0.6022794842720032
data/raw/osu_lora/Diff_Days_Indoor_Setup/Day5/Device5/IQ_1.dat,114,8937486,4,11,0,test,diff_days_indoor,5,0,0,0,0,0,0.5180978178977966
data/raw/osu_lora/Diff_Days_Indoor_Setup/Day5/Device5/IQ_1.dat,115,9015885,4,4,1,test,diff_days_indoor,5,0,0,0,0,0,0.5451872944831848
data/raw/osu_lora/Diff_Days_Indoor_Setup/Day5/Device5/IQ_1.dat,116,9094284,4,4,1,test,diff_days_indoor,5,0,0,0,0,0,0.583889365196228
data/raw/osu_lora/Diff_Days_Indoor_Setup/Day5/Device5/IQ_1.dat,117,9172683,4,4,1,test,diff_days_indoor,5,0,0,0,0,0,0.6057097911834717
data/raw/osu_lora/Diff_Days_Indoor_Setup/Day5/Device5/IQ_1.dat,118,9251082,4,4,1,test,diff_days_indoor,5,0,0,0,0,0,0.6646525859832764
data/raw/osu_lora/Diff_Days_Indoor_Setup/Day5/Device5/IQ_1.dat,119,9329481,4,11,0,test,diff_days_indoor,5,0,0,0,0,0,0.6491861939430237
data/raw/osu_lora/Diff_Days_Indoor_Setup/Day5/Device5/IQ_1.dat,120,9407880,4,4,1,test,diff_days_indoor,5,0,0,0,0,0,0.6809996366500854
data/raw/osu_lora/Diff_Days_Indoor_Setup/Day5/Device5/IQ_1.dat,121,9486279,4,4,1,test,diff_days_indoor,5,0,0,0,0,0,0.6045922636985779
data/raw/osu_lora/Diff_Days_Indoor_Setup/Day5/Device5/IQ_1.dat,122,9564678,4,11,0,test,diff_days_indoor,5,0,0,0,0,0,0.6330571174621582
data/raw/osu_lora/Diff_Days_Indoor_Setup/Day5/Device5/IQ_1.dat,123,9643077,4,11,0,test,diff_days_indoor,5,0,0,0,0,0,0.6919983625411987
data/raw/osu_lora/Diff_Days_Indoor_Setup/Day5/Device5/IQ_1.dat,124,9721476,4,4,1,test,diff_days_indoor,5,0,0,0,0,0,0.5995419025421143
data/raw/osu_lora/Diff_Days_Indoor_Setup/Day5/Device5/IQ_1.dat,125,9799875,4,11,0,test,diff_days_indoor,5,0,0,0,0,0,0.6808660626411438
data/raw/osu_lora/Diff_Days_Indoor_Setup/Day5/Device5/IQ_1.dat,126,9878274,4,4,1,test,diff_days_indoor,5,0,0,0,0,0,0.506598949432373
data/raw/osu_lora/Diff_Days_Indoor_Setup/Day5/Device5/IQ_1.dat,127,9956673,4,11,0,test,diff_days_indoor,5,0,0,0,0,0,0.5553380250930786
data/raw/osu_lora/Diff_Days_Indoor_Setup/Day5/Device5/IQ_1.dat,128,10035072,4,11,0,test,diff_days_indoor,5,0,0,0,0,0,0.5035378932952881
data/raw/osu_lora/Diff_Days_Indoor_Setup/Day5/Device5/IQ_1.dat,129,10113471,4,4,1,test,diff_days_indoor,5,0,0,0,0,0,0.5945733189582825
data/raw/osu_lora/Diff_Days_Indoor_Setup/Day5/Device5/IQ_1.dat,130,10191870,4,4,1,test,diff_days_indoor,5,0,0,0,0,0,0.7046747803688049
data/raw/osu_lora/Diff_Days_Indoor_Setup/Day5/Device5/IQ_1.dat,131,10270269,4,11,0,test,diff_days_indoor,5,0,0,0,0,0,0.5420835018157959
data/raw/osu_lora/Diff_Days_Indoor_Setup/Day5/Device5/IQ_1.dat,132,10348668,4,11,0,test,diff_days_indoor,5,0,0,0,0,0,0.6330669522285461
data/raw/osu_lora/Diff_Days_Indoor_Setup/Day5/Device5/IQ_1.dat,133,10427067,4,4,1,test,diff_days_indoor,5,0,0,0,0,0,0.6164759993553162
data/raw/osu_lora/Diff_Days_Indoor_Setup/Day5/Device5/IQ_1.dat,134,10505466,4,11,0,test,diff_days_indoor,5,0,0,0,0,0,0.5606948733329773
data/raw/osu_lora/Diff_Days_Indoor_Setup/Day5/Device5/IQ_1.dat,135,10583865,4,4,1,test,diff_days_indoor,5,0,0,0,0,0,0.5504034161567688
data/raw/osu_lora/Diff_Days_Indoor_Setup/Day5/Device5/IQ_1.dat,136,10662264,4,11,0,test,diff_days_indoor,5,0,0,0,0,0,0.5795724987983704
data/raw/osu_lora/Diff_Days_Indoor_Setup/Day5/Device5/IQ_1.dat,137,10740663,4,4,1,test,diff_days_indoor,5,0,0,0,0,0,0.6060395240783691
data/raw/osu_lora/Diff_Days_Indoor_Setup/Day5/Device5/IQ_1.dat,138,10819062,4,4,1,test,diff_days_indoor,5,0,0,0,0,0,0.5397034287452698
data/raw/osu_lora/Diff_Days_Indoor_Setup/Day5/Device5/IQ_1.dat,139,10897461,4,11,0,test,diff_days_indoor,5,0,0,0,0,0,0.6375395059585571
data/raw/osu_lora/Diff_Days_Indoor_Setup/Day5/Device5/IQ_1.dat,140,10975860,4,11,0,test,diff_days_indoor,5,0,0,0,0,0,0.5167551040649414
data/raw/osu_lora/Diff_Days_Indoor_Setup/Day5/Device5/IQ_1.dat,141,11054259,4,4,1,test,diff_days_indoor,5,0,0,0,0,0,0.6354857683181763
data/raw/osu_lora/Diff_Days_Indoor_Setup/Day5/Device5/IQ_1.dat,142,11132658,4,11,0,test,diff_days_indoor,5,0,0,0,0,0,0.5548340678215027
data/raw/osu_lora/Diff_Days_Indoor_Setup/Day5/Device5/IQ_1.dat,143,11211057,4,11,0,test,diff_days_indoor,5,0,0,0,0,0,0.595907986164093
data/raw/osu_lora/Diff_Days_Indoor_Setup/Day5/Device5/IQ_1.dat,144,11289456,4,11,0,test,diff_days_indoor,5,0,0,0,0,0,0.5231895446777344
data/raw/osu_lora/Diff_Days_Indoor_Setup/Day5/Device5/IQ_1.dat,145,11367855,4,4,1,test,diff_days_indoor,5,0,0,0,0,0,0.540289044380188
data/raw/osu_lora/Diff_Days_Indoor_Setup/Day5/Device5/IQ_1.dat,146,11446254,4,4,1,test,diff_days_indoor,5,0,0,0,0,0,0.5231708288192749
data/raw/osu_lora/Diff_Days_Indoor_Setup/Day5/Device5/IQ_1.dat,147,11524653,4,4,1,test,diff_days_indoor,5,0,0,0,0,0,0.6725249290466309
data/raw/osu_lora/Diff_Days_Indoor_Setup/Day5/Device5/IQ_1.dat,148,11603052,4,4,1,test,diff_days_indoor,5,0,0,0,0,0,0.5081605911254883
data/raw/osu_lora/Diff_Days_Indoor_Setup/Day5/Device5/IQ_1.dat,149,11681451,4,4,1,test,diff_days_indoor,5,0,0,0,0,0,0.6229809522628784
data/raw/osu_lora/Diff_Days_Indoor_Setup/Day5/Device5/IQ_1.dat,150,11759850,4,11,0,test,diff_days_indoor,5,0,0,0,0,0,0.5961316227912903
data/raw/osu_lora/Diff_Days_Indoor_Setup/Day5/Device5/IQ_1.dat,151,11838249,4,4,1,test,diff_days_indoor,5,0,0,0,0,0,0.5660615563392639
data/raw/osu_lora/Diff_Days_Indoor_Setup/Day5/Device5/IQ_1.dat,152,11916648,4,4,1,test,diff_days_indoor,5,0,0,0,0,0,0.7081164121627808
data/raw/osu_lora/Diff_Days_Indoor_Setup/Day5/Device5/IQ_1.dat,153,11995047,4,4,1,test,diff_days_indoor,5,0,0,0,0,0,0.6387771964073181
data/raw/osu_lora/Diff_Days_Indoor_Setup/Day5/Device5/IQ_1.dat,154,12073446,4,11,0,test,diff_days_indoor,5,0,0,0,0,0,0.5378525257110596
data/raw/osu_lora/Diff_Days_Indoor_Setup/Day5/Device5/IQ_1.dat,155,12151845,4,4,1,test,diff_days_indoor,5,0,0,0,0,0,0.7097269892692566
data/raw/osu_lora/Diff_Days_Indoor_Setup/Day5/Device5/IQ_1.dat,156,12230244,4,11,0,test,diff_days_indoor,5,0,0,0,0,0,0.6441547274589539
data/raw/osu_lora/Diff_Days_Indoor_Setup/Day5/Device5/IQ_1.dat,157,12308643,4,11,0,test,diff_days_indoor,5,0,0,0,0,0,0.6453943252563477
data/raw/osu_lora/Diff_Days_Indoor_Setup/Day5/Device5/IQ_1.dat,158,12387042,4,11,0,test,diff_days_indoor,5,0,0,0,0,0,0.5684896111488342
data/raw/osu_lora/Diff_Days_Indoor_Setup/Day5/Device5/IQ_1.dat,159,12465441,4,11,0,test,diff_days_indoor,5,0,0,0,0,0,0.519532322883606
data/raw/osu_lora/Diff_Days_Indoor_Setup/Day5/Device5/IQ_1.dat,160,12543840,4,4,1,test,diff_days_indoor,5,0,0,0,0,0,0.5400104522705078
data/raw/osu_lora/Diff_Days_Indoor_Setup/Day5/Device5/IQ_1.dat,161,12622239,4,4,1,test,diff_days_indoor,5,0,0,0,0,0,0.5450189709663391
data/raw/osu_lora/Diff_Days_Indoor_Setup/Day5/Device5/IQ_1.dat,162,12700638,4,11,0,test,diff_days_indoor,5,0,0,0,0,0,0.6307098865509033
data/raw/osu_lora/Diff_Days_Indoor_Setup/Day5/Device5/IQ_1.dat,163,12779037,4,11,0,test,diff_days_indoor,5,0,0,0,0,0,0.6401132941246033
data/raw/osu_lora/Diff_Days_Indoor_Setup/Day5/Device5/IQ_1.dat,164,12857436,4,4,1,test,diff_days_indoor,5,0,0,0,0,0,0.5542668700218201
data/raw/osu_lora/Diff_Days_Indoor_Setup/Day5/Device5/IQ_1.dat,165,12935835,4,11,0,test,diff_days_indoor,5,0,0,0,0,0,0.6187658905982971
data/raw/osu_lora/Diff_Days_Indoor_Setup/Day5/Device5/IQ_1.dat,166,13014234,4,11,0,test,diff_days_indoor,5,0,0,0,0,0,0.535627007484436
data/raw/osu_lora/Diff_Days_Indoor_Setup/Day5/Device5/IQ_1.dat,167,13092633,4,11,0,test,diff_days_indoor,5,0,0,0,0,0,0.5323025584220886
data/raw/osu_lora/Diff_Days_Indoor_Setup/Day5/Device5/IQ_1.dat,168,13171032,4,4,1,test,diff_days_indoor,5,0,0,0,0,0,0.5732136964797974
data/raw/osu_lora/Diff_Days_Indoor_Setup/Day5/Device5/IQ_1.dat,169,13249431,4,4,1,test,diff_days_indoor,5,0,0,0,0,0,0.5594103932380676
data/raw/osu_lora/Diff_Days_Indoor_Setup/Day5/Device5/IQ_1.dat,170,13327830,4,11,0,test,diff_days_indoor,5,0,0,0,0,0,0.6168026924133301
data/raw/osu_lora/Diff_Days_Indoor_Setup/Day5/Device5/IQ_1.dat,171,13406229,4,4,1,test,diff_days_indoor,5,0,0,0,0,0,0.5477286577224731
data/raw/osu_lora/Diff_Days_Indoor_Setup/Day5/Device5/IQ_1.dat,172,13484628,4,4,1,test,diff_days_indoor,5,0,0,0,0,0,0.5440747141838074
data/raw/osu_lora/Diff_Days_Indoor_Setup/Day5/Device5/IQ_1.dat,173,13563027,4,11,0,test,diff_days_indoor,5,0,0,0,0,0,0.521348774433136
data/raw/osu_lora/Diff_Days_Indoor_Setup/Day5/Device5/IQ_1.dat,174,13641426,4,11,0,test,diff_days_indoor,5,0,0,0,0,0,0.6042523980140686
data/raw/osu_lora/Diff_Days_Indoor_Setup/Day5/Device5/IQ_1.dat,175,13719825,4,11,0,test,diff_days_indoor,5,0,0,0,0,0,0.5162197351455688
data/raw/osu_lora/Diff_Days_Indoor_Setup/Day5/Device5/IQ_1.dat,176,13798224,4,4,1,test,diff_days_indoor,5,0,0,0,0,0,0.5616731643676758
data/raw/osu_lora/Diff_Days_Indoor_Setup/Day5/Device5/IQ_1.dat,177,13876623,4,4,1,test,diff_days_indoor,5,0,0,0,0,0,0.5897753834724426
data/raw/osu_lora/Diff_Days_Indoor_Setup/Day5/Device5/IQ_1.dat,178,13955022,4,4,1,test,diff_days_indoor,5,0,0,0,0,0,0.5696319937705994
data/raw/osu_lora/Diff_Days_Indoor_Setup/Day5/Device5/IQ_1.dat,179,14033421,4,11,0,test,diff_days_indoor,5,0,0,0,0,0,0.5357829332351685
data/raw/osu_lora/Diff_Days_Indoor_Setup/Day5/Device5/IQ_1.dat,180,14111820,4,4,1,test,diff_days_indoor,5,0,0,0,0,0,0.6837610602378845
data/raw/osu_lora/Diff_Days_Indoor_Setup/Day5/Device5/IQ_1.dat,181,14190219,4,11,0,test,diff_days_indoor,5,0,0,0,0,0,0.6296899318695068
data/raw/osu_lora/Diff_Days_Indoor_Setup/Day5/Device5/IQ_1.dat,182,14268618,4,4,1,test,diff_days_indoor,5,0,0,0,0,0,0.5416891574859619
data/raw/osu_lora/Diff_Days_Indoor_Setup/Day5/Device5/IQ_1.dat,183,14347017,4,4,1,test,diff_days_indoor,5,0,0,0,0,0,0.5772067904472351
data/raw/osu_lora/Diff_Days_Indoor_Setup/Day5/Device5/IQ_1.dat,184,14425416,4,11,0,test,diff_days_indoor,5,0,0,0,0,0,0.5347315073013306
data/raw/osu_lora/Diff_Days_Indoor_Setup/Day5/Device5/IQ_1.dat,185,14503815,4,11,0,test,diff_days_indoor,5,0,0,0,0,0,0.7123808264732361
data/raw/osu_lora/Diff_Days_Indoor_Setup/Day5/Device5/IQ_1.dat,186,14582214,4,4,1,test,diff_days_indoor,5,0,0,0,0,0,0.589921236038208
data/raw/osu_lora/Diff_Days_Indoor_Setup/Day5/Device5/IQ_1.dat,187,14660613,4,11,0,test,diff_days_indoor,5,0,0,0,0,0,0.680160641670227
data/raw/osu_lora/Diff_Days_Indoor_Setup/Day5/Device5/IQ_1.dat,188,14739012,4,11,0,test,diff_days_indoor,5,0,0,0,0,0,0.5537350177764893
data/raw/osu_lora/Diff_Days_Indoor_Setup/Day5/Device5/IQ_1.dat,189,14817411,4,11,0,test,diff_days_indoor,5,0,0,0,0,0,0.6593502759933472
data/raw/osu_lora/Diff_Days_Indoor_Setup/Day5/Device5/IQ_1.dat,190,14895810,4,11,0,test,diff_days_indoor,5,0,0,0,0,0,0.6054167747497559
data/raw/osu_lora/Diff_Days_Indoor_Setup/Day5/Device5/IQ_1.dat,191,14974209,4,11,0,test,diff_days_indoor,5,0,0,0,0,0,0.5699626207351685
data/raw/osu_lora/Diff_Days_Indoor_Setup/Day5/Device5/IQ_1.dat,192,15052608,4,4,1,test,diff_days_indoor,5,0,0,0,0,0,0.5292119979858398
data/raw/osu_lora/Diff_Days_Indoor_Setup/Day5/Device5/IQ_1.dat,193,15131007,4,4,1,test,diff_days_indoor,5,0,0,0,0,0,0.5588029026985168
data/raw/osu_lora/Diff_Days_Indoor_Setup/Day5/Device5/IQ_1.dat,194,15209406,4,4,1,test,diff_days_indoor,5,0,0,0,0,0,0.5324307680130005
data/raw/osu_lora/Diff_Days_Indoor_Setup/Day5/Device5/IQ_1.dat,195,15287805,4,4,1,test,diff_days_indoor,5,0,0,0,0,0,0.6581034064292908
data/raw/osu_lora/Diff_Days_Indoor_Setup/Day5/Device5/IQ_1.dat,196,15366204,4,4,1,test,diff_days_indoor,5,0,0,0,0,0,0.5089481472969055
data/raw/osu_lora/Diff_Days_Indoor_Setup/Day5/Device5/IQ_1.dat,197,15444603,4,11,0,test,diff_days_indoor,5,0,0,0,0,0,0.5123186707496643
data/raw/osu_lora/Diff_Days_Indoor_Setup/Day5/Device5/IQ_1.dat,198,15523002,4,11,0,test,diff_days_indoor,5,0,0,0,0,0,0.6017929315567017
data/raw/osu_lora/Diff_Days_Indoor_Setup/Day5/Device5/IQ_1.dat,199,15601401,4,4,1,test,diff_days_indoor,5,0,0,0,0,0,0.5169705748558044
data/raw/osu_lora/Diff_Days_Indoor_Setup/Day5/Device5/IQ_1.dat,200,15679800,4,11,0,test,diff_days_indoor,5,0,0,0,0,0,0.5122441649436951
data/raw/osu_lora/Diff_Days_Indoor_Setup/Day5/Device5/IQ_1.dat,201,15758199,4,11,0,test,diff_days_indoor,5,0,0,0,0,0,0.6282966136932373
data/raw/osu_lora/Diff_Days_Indoor_Setup/Day5/Device5/IQ_1.dat,202,15836598,4,11,0,test,diff_days_indoor,5,0,0,0,0,0,0.5192885398864746
data/raw/osu_lora/Diff_Days_Indoor_Setup/Day5/Device5/IQ_1.dat,203,15914997,4,4,1,test,diff_days_indoor,5,0,0,0,0,0,0.5318799614906311
data/raw/osu_lora/Diff_Days_Indoor_Setup/Day5/Device5/IQ_1.dat,204,15993396,4,11,0,test,diff_days_indoor,5,0,0,0,0,0,0.571915864944458
data/raw/osu_lora/Diff_Days_Indoor_Setup/Day5/Device5/IQ_1.dat,205,16071795,4,11,0,test,diff_days_indoor,5,0,0,0,0,0,0.5970789790153503
data/raw/osu_lora/Diff_Days_Indoor_Setup/Day5/Device5/IQ_1.dat,206,16150194,4,11,0,test,diff_days_indoor,5,0,0,0,0,0,0.5027672648429871
data/raw/osu_lora/Diff_Days_Indoor_Setup/Day5/Device5/IQ_1.dat,207,16228593,4,4,1,test,diff_days_indoor,5,0,0,0,0,0,0.6937307119369507
data/raw/osu_lora/Diff_Days_Indoor_Setup/Day5/Device5/IQ_1.dat,208,16306992,4,16,0,test,diff_days_indoor,5,0,0,0,0,0,0.09119167923927307
data/raw/osu_lora/Diff_Days_Indoor_Setup/Day5/Device5/IQ_1.dat,209,16385391,4,16,0,test,diff_days_indoor,5,0,0,0,0,0,0.09165144711732864
data/raw/osu_lora/Diff_Days_Indoor_Setup/Day5/Device5/IQ_1.dat,210,16463790,4,16,0,test,diff_days_indoor,5,0,0,0,0,0,0.09131056070327759
data/raw/osu_lora/Diff_Days_Indoor_Setup/Day5/Device5/IQ_1.dat,211,16542189,4,16,0,test,diff_days_indoor,5,0,0,0,0,0,0.0912708267569542
data/raw/osu_lora/Diff_Days_Indoor_Setup/Day5/Device5/IQ_1.dat,212,16620588,4,16,0,test,diff_days_indoor,5,0,0,0,0,0,0.0911722481250763
data/raw/osu_lora/Diff_Days_Indoor_Setup/Day5/Device5/IQ_1.dat,213,16698987,4,16,0,test,diff_days_indoor,5,0,0,0,0,0,0.09108062088489532
data/raw/osu_lora/Diff_Days_Indoor_Setup/Day5/Device5/IQ_1.dat,214,16777386,4,16,0,test,diff_days_indoor,5,0,0,0,0,0,0.0911446362733841
data/raw/osu_lora/Diff_Days_Indoor_Setup/Day5/Device5/IQ_1.dat,215,16855785,4,16,0,test,diff_days_indoor,5,0,0,0,0,0,0.09144753217697144
data/raw/osu_lora/Diff_Days_Indoor_Setup/Day5/Device5/IQ_1.dat,216,16934184,4,16,0,test,diff_days_indoor,5,0,0,0,0,0,0.09124977141618729
data/raw/osu_lora/Diff_Days_Indoor_Setup/Day5/Device5/IQ_1.dat,217,17012583,4,16,0,test,diff_days_indoor,5,0,0,0,0,0,0.09117206186056137
data/raw/osu_lora/Diff_Days_Indoor_Setup/Day5/Device5/IQ_1.dat,218,17090982,4,16,0,test,diff_days_indoor,5,0,0,0,0,0,0.09104414284229279
data/raw/osu_lora/Diff_Days_Indoor_Setup/Day5/Device5/IQ_1.dat,219,17169381,4,16,0,test,diff_days_indoor,5,0,0,0,0,0,0.091246597468853
data/raw/osu_lora/Diff_Days_Indoor_Setup/Day5/Device5/IQ_1.dat,220,17247780,4,16,0,test,diff_days_indoor,5,0,0,0,0,0,0.0912700667977333
data/raw/osu_lora/Diff_Days_Indoor_Setup/Day5/Device5/IQ_1.dat,221,17326179,4,16,0,test,diff_days_indoor,5,0,0,0,0,0,0.09124082326889038
data/raw/osu_lora/Diff_Days_Indoor_Setup/Day5/Device5/IQ_1.dat,222,17404578,4,16,0,test,diff_days_indoor,5,0,0,0,0,0,0.0911383330821991
data/raw/osu_lora/Diff_Days_Indoor_Setup/Day5/Device5/IQ_1.dat,223,17482977,4,16,0,test,diff_days_indoor,5,0,0,0,0,0,0.09105809032917023
data/raw/osu_lora/Diff_Days_Indoor_Setup/Day5/Device5/IQ_1.dat,224,17561376,4,16,0,test,diff_days_indoor,5,0,0,0,0,0,0.09114418923854828
data/raw/osu_lora/Diff_Days_Indoor_Setup/Day5/Device5/IQ_1.dat,225,17639775,4,16,0,test,diff_days_indoor,5,0,0,0,0,0,0.09126009047031403
data/raw/osu_lora/Diff_Days_Indoor_Setup/Day5/Device5/IQ_1.dat,226,17718174,4,16,0,test,diff_days_indoor,5,0,0,0,0,0,0.09137500077486038
data/raw/osu_lora/Diff_Days_Indoor_Setup/Day5/Device5/IQ_1.dat,227,17796573,4,4,1,test,diff_days_indoor,5,0,0,0,0,0,0.5626102089881897
data/raw/osu_lora/Diff_Days_Indoor_Setup/Day5/Device5/IQ_1.dat,228,17874972,4,11,0,test,diff_days_indoor,5,0,0,0,0,0,0.5132502913475037
data/raw/osu_lora/Diff_Days_Indoor_Setup/Day5/Device5/IQ_1.dat,229,17953371,4,11,0,test,diff_days_indoor,5,0,0,0,0,0,0.6117727160453796
data/raw/osu_lora/Diff_Days_Indoor_Setup/Day5/Device5/IQ_1.dat,230,18031770,4,4,1,test,diff_days_indoor,5,0,0,0,0,0,0.5921194553375244
data/raw/osu_lora/Diff_Days_Indoor_Setup/Day5/Device5/IQ_1.dat,231,18110169,4,11,0,test,diff_days_indoor,5,0,0,0,0,0,0.5785682797431946
data/raw/osu_lora/Diff_Days_Indoor_Setup/Day5/Device5/IQ_1.dat,232,18188568,4,4,1,test,diff_days_indoor,5,0,0,0,0,0,0.5755562782287598
data/raw/osu_lora/Diff_Days_Indoor_Setup/Day5/Device5/IQ_1.dat,233,18266967,4,4,1,test,diff_days_indoor,5,0,0,0,0,0,0.5405202507972717
data/raw/osu_lora/Diff_Days_Indoor_Setup/Day5/Device5/IQ_1.dat,234,18345366,4,11,0,test,diff_days_indoor,5,0,0,0,0,0,0.5770725607872009
data/raw/osu_lora/Diff_Days_Indoor_Setup/Day5/Device5/IQ_1.dat,235,18423765,4,4,1,test,diff_days_indoor,5,0,0,0,0,0,0.5776870846748352
data/raw/osu_lora/Diff_Days_Indoor_Setup/Day5/Device5/IQ_1.dat,236,18502164,4,4,1,test,diff_days_indoor,5,0,0,0,0,0,0.6133450865745544
data/raw/osu_lora/Diff_Days_Indoor_Setup/Day5/Device5/IQ_1.dat,237,18580563,4,11,0,test,diff_days_indoor,5,0,0,0,0,0,0.5417807698249817
data/raw/osu_lora/Diff_Days_Indoor_Setup/Day5/Device5/IQ_1.dat,238,18658962,4,11,0,test,diff_days_indoor,5,0,0,0,0,0,0.5215259790420532
data/raw/osu_lora/Diff_Days_Indoor_Setup/Day5/Device5/IQ_1.dat,239,18737361,4,11,0,test,diff_days_indoor,5,0,0,0,0,0,0.6713999509811401
data/raw/osu_lora/Diff_Days_Indoor_Setup/Day5/Device5/IQ_1.dat,240,18815760,4,4,1,test,diff_days_indoor,5,0,0,0,0,0,0.5182127356529236
data/raw/osu_lora/Diff_Days_Indoor_Setup/Day5/Device5/IQ_1.dat,241,18894159,4,11,0,test,diff_days_indoor,5,0,0,0,0,0,0.6447173953056335
data/raw/osu_lora/Diff_Days_Indoor_Setup/Day5/Device5/IQ_1.dat,242,18972558,4,4,1,test,diff_days_indoor,5,0,0,0,0,0,0.647726833820343
data/raw/osu_lora/Diff_Days_Indoor_Setup/Day5/Device5/IQ_1.dat,243,19050957,4,11,0,test,diff_days_indoor,5,0,0,0,0,0,0.5874566435813904
data/raw/osu_lora/Diff_Days_Indoor_Setup/Day5/Device5/IQ_1.dat,244,19129356,4,11,0,test,diff_days_indoor,5,0,0,0,0,0,0.6172000169754028
data/raw/osu_lora/Diff_Days_Indoor_Setup/Day5/Device5/IQ_1.dat,245,19207755,4,4,1,test,diff_days_indoor,5,0,0,0,0,0,0.5997489094734192
data/raw/osu_lora/Diff_Days_Indoor_Setup/Day5/Device5/IQ_1.dat,246,19286154,4,4,1,test,diff_days_indoor,5,0,0,0,0,0,0.5086621642112732
data/raw/osu_lora/Diff_Days_Indoor_Setup/Day5/Device5/IQ_1.dat,247,19364553,4,11,0,test,diff_days_indoor,5,0,0,0,0,0,0.5704483985900879
data/raw/osu_lora/Diff_Days_Indoor_Setup/Day5/Device5/IQ_1.dat,248,19442952,4,11,0,test,diff_days_indoor,5,0,0,0,0,0,0.5722981691360474
data/raw/osu_lora/Diff_Days_Indoor_Setup/Day5/Device5/IQ_1.dat,249,19521351,4,11,0,test,diff_days_indoor,5,0,0,0,0,0,0.5605627298355103
data/raw/osu_lora/Diff_Days_Indoor_Setup/Day5/Device5/IQ_1.dat,250,19599750,4,4,1,test,diff_days_indoor,5,0,0,0,0,0,0.5177726745605469
data/raw/osu_lora/Diff_Days_Indoor_Setup/Day5/Device5/IQ_1.dat,251,19678149,4,11,0,test,diff_days_indoor,5,0,0,0,0,0,0.6547091603279114
data/raw/osu_lora/Diff_Days_Indoor_Setup/Day5/Device5/IQ_1.dat,252,19756548,4,4,1,test,diff_days_indoor,5,0,0,0,0,0,0.5385527610778809
data/raw/osu_lora/Diff_Days_Indoor_Setup/Day5/Device5/IQ_1.dat,253,19834947,4,4,1,test,diff_days_indoor,5,0,0,0,0,0,0.6170674562454224
data/raw/osu_lora/Diff_Days_Indoor_Setup/Day5/Device5/IQ_1.dat,254,19913346,4,4,1,test,diff_days_indoor,5,0,0,0,0,0,0.5197611451148987
data/raw/osu_lora/Diff_Days_Indoor_Setup/Day5/Device5/IQ_1.dat,255,19991745,4,4,1,test,diff_days_indoor,5,0,0,0,0,0,0.6956967115402222
data/raw/osu_lora/Diff_Days_Indoor_Setup/Day5/Device6/IQ_1.dat,0,0,5,5,1,test,diff_days_indoor,5,0,0,0,0,0,0.6209867000579834
data/raw/osu_lora/Diff_Days_Indoor_Setup/Day5/Device6/IQ_1.dat,1,78399,5,5,1,test,diff_days_indoor,5,0,0,0,0,0,0.5058881640434265
data/raw/osu_lora/Diff_Days_Indoor_Setup/Day5/Device6/IQ_1.dat,2,156798,5,5,1,test,diff_days_indoor,5,0,0,0,0,0,0.591949999332428
data/raw/osu_lora/Diff_Days_Indoor_Setup/Day5/Device6/IQ_1.dat,3,235197,5,23,0,test,diff_days_indoor,5,0,0,0,0,0,0.2110590934753418
data/raw/osu_lora/Diff_Days_Indoor_Setup/Day5/Device6/IQ_1.dat,4,313596,5,5,1,test,diff_days_indoor,5,0,0,0,0,0,0.6267440319061279
data/raw/osu_lora/Diff_Days_Indoor_Setup/Day5/Device6/IQ_1.dat,5,391995,5,5,1,test,diff_days_indoor,5,0,0,0,0,0,0.5817334651947021
data/raw/osu_lora/Diff_Days_Indoor_Setup/Day5/Device6/IQ_1.dat,6,470394,5,5,1,test,diff_days_indoor,5,0,0,0,0,0,0.6127540469169617
data/raw/osu_lora/Diff_Days_Indoor_Setup/Day5/Device6/IQ_1.dat,7,548793,5,5,1,test,diff_days_indoor,5,0,0,0,0,0,0.6568247079849243
data/raw/osu_lora/Diff_Days_Indoor_Setup/Day5/Device6/IQ_1.dat,8,627192,5,5,1,test,diff_days_indoor,5,0,0,0,0,0,0.6036427617073059
data/raw/osu_lora/Diff_Days_Indoor_Setup/Day5/Device6/IQ_1.dat,9,705591,5,5,1,test,diff_days_indoor,5,0,0,0,0,0,0.6393246054649353
data/raw/osu_lora/Diff_Days_Indoor_Setup/Day5/Device6/IQ_1.dat,10,783990,5,5,1,test,diff_days_indoor,5,0,0,0,0,0,0.3100658059120178
data/raw/osu_lora/Diff_Days_Indoor_Setup/Day5/Device6/IQ_1.dat,11,862389,5,5,1,test,diff_days_indoor,5,0,0,0,0,0,0.6197462677955627
data/raw/osu_lora/Diff_Days_Indoor_Setup/Day5/Device6/IQ_1.dat,12,940788,5,5,1,test,diff_days_indoor,5,0,0,0,0,0,0.5861054062843323
data/raw/osu_lora/Diff_Days_Indoor_Setup/Day5/Device6/IQ_1.dat,13,1019187,5,5,1,test,diff_days_indoor,5,0,0,0,0,0,0.5660573244094849
data/raw/osu_lora/Diff_Days_Indoor_Setup/Day5/Device6/IQ_1.dat,14,1097586,5,5,1,test,diff_days_indoor,5,0,0,0,0,0,0.6181724667549133
data/raw/osu_lora/Diff_Days_Indoor_Setup/Day5/Device6/IQ_1.dat,15,1175985,5,5,1,test,diff_days_indoor,5,0,0,0,0,0,0.5341100096702576
data/raw/osu_lora/Diff_Days_Indoor_Setup/Day5/Device6/IQ_1.dat,16,1254384,5,5,1,test,diff_days_indoor,5,0,0,0,0,0,0.5158132910728455
data/raw/osu_lora/Diff_Days_Indoor_Setup/Day5/Device6/IQ_1.dat,17,1332783,5,5,1,test,diff_days_indoor,5,0,0,0,0,0,0.5410298705101013
data/raw/osu_lora/Diff_Days_Indoor_Setup/Day5/Device6/IQ_1.dat,18,1411182,5,5,1,test,diff_days_indoor,5,0,0,0,0,0,0.6159693002700806
data/raw/osu_lora/Diff_Days_Indoor_Setup/Day5/Device6/IQ_1.dat,19,1489581,5,5,1,test,diff_days_indoor,5,0,0,0,0,0,0.3527620732784271
data/raw/osu_lora/Diff_Days_Indoor_Setup/Day5/Device6/IQ_1.dat,20,1567980,5,5,1,test,diff_days_indoor,5,0,0,0,0,0,0.4076325297355652
data/raw/osu_lora/Diff_Days_Indoor_Setup/Day5/Device6/IQ_1.dat,21,1646379,5,6,0,test,diff_days_indoor,5,0,0,0,0,0,0.3129977285861969
data/raw/osu_lora/Diff_Days_Indoor_Setup/Day5/Device6/IQ_1.dat,22,1724778,5,5,1,test,diff_days_indoor,5,0,0,0,0,0,0.4732114374637604
data/raw/osu_lora/Diff_Days_Indoor_Setup/Day5/Device6/IQ_1.dat,23,1803177,5,5,1,test,diff_days_indoor,5,0,0,0,0,0,0.4170784056186676
data/raw/osu_lora/Diff_Days_Indoor_Setup/Day5/Device6/IQ_1.dat,24,1881576,5,5,1,test,diff_days_indoor,5,0,0,0,0,0,0.6500498652458191
data/raw/osu_lora/Diff_Days_Indoor_Setup/Day5/Device6/IQ_1.dat,25,1959975,5,5,1,test,diff_days_indoor,5,0,0,0,0,0,0.36545059084892273
data/raw/osu_lora/Diff_Days_Indoor_Setup/Day5/Device6/IQ_1.dat,26,2038374,5,5,1,test,diff_days_indoor,5,0,0,0,0,0,0.6455323696136475
data/raw/osu_lora/Diff_Days_Indoor_Setup/Day5/Device6/IQ_1.dat,27,2116773,5,5,1,test,diff_days_indoor,5,0,0,0,0,0,0.6372546553611755
data/raw/osu_lora/Diff_Days_Indoor_Setup/Day5/Device6/IQ_1.dat,28,2195172,5,5,1,test,diff_days_indoor,5,0,0,0,0,0,0.6314045190811157
data/raw/osu_lora/Diff_Days_Indoor_Setup/Day5/Device6/IQ_1.dat,29,2273571,5,23,0,test,diff_days_indoor,5,0,0,0,0,0,0.13044443726539612
data/raw/osu_lora/Diff_Days_Indoor_Setup/Day5/Device6/IQ_1.dat,30,2351970,5,5,1,test,diff_days_indoor,5,0,0,0,0,0,0.34213894605636597
data/raw/osu_lora/Diff_Days_Indoor_Setup/Day5/Device6/IQ_1.dat,31,2430369,5,5,1,test,diff_days_indoor,5,0,0,0,0,0,0.3763159513473511
data/raw/osu_lora/Diff_Days_Indoor_Setup/Day5/Device6/IQ_1.dat,32,2508768,5,5,1,test,diff_days_indoor,5,0,0,0,0,0,0.5630596876144409
data/raw/osu_lora/Diff_Days_Indoor_Setup/Day5/Device6/IQ_1.dat,33,2587167,5,5,1,test,diff_days_indoor,5,0,0,0,0,0,0.42219552397727966
data/raw/osu_lora/Diff_Days_Indoor_Setup/Day5/Device6/IQ_1.dat,34,2665566,5,5,1,test,diff_days_indoor,5,0,0,0,0,0,0.3871344029903412
data/raw/osu_lora/Diff_Days_Indoor_Setup/Day5/Device6/IQ_1.dat,35,2743965,5,6,0,test,diff_days_indoor,5,0,0,0,0,0,0.32948651909828186
data/raw/osu_lora/Diff_Days_Indoor_Setup/Day5/Device6/IQ_1.dat,36,2822364,5,5,1,test,diff_days_indoor,5,0,0,0,0,0,0.5618164539337158
data/raw/osu_lora/Diff_Days_Indoor_Setup/Day5/Device6/IQ_1.dat,37,2900763,5,6,0,test,diff_days_indoor,5,0,0,0,0,0,0.32115036249160767
data/raw/osu_lora/Diff_Days_Indoor_Setup/Day5/Device6/IQ_1.dat,38,2979162,5,6,0,test,diff_days_indoor,5,0,0,0,0,0,0.29692476987838745
data/raw/osu_lora/Diff_Days_Indoor_Setup/Day5/Device6/IQ_1.dat,39,3057561,5,6,0,test,diff_days_indoor,5,0,0,0,0,0,0.33352920413017273
data/raw/osu_lora/Diff_Days_Indoor_Setup/Day5/Device6/IQ_1.dat,40,3135960,5,6,0,test,diff_days_indoor,5,0,0,0,0,0,0.2959110736846924
data/raw/osu_lora/Diff_Days_Indoor_Setup/Day5/Device6/IQ_1.dat,41,3214359,5,5,1,test,diff_days_indoor,5,0,0,0,0,0,0.379610538482666
data/raw/osu_lora/Diff_Days_Indoor_Setup/Day5/Device6/IQ_1.dat,42,3292758,5,6,0,test,diff_days_indoor,5,0,0,0,0,0,0.33002331852912903
data/raw/osu_lora/Diff_Days_Indoor_Setup/Day5/Device6/IQ_1.dat,43,3371157,5,5,1,test,diff_days_indoor,5,0,0,0,0,0,0.5389997363090515
data/raw/osu_lora/Diff_Days_Indoor_Setup/Day5/Device6/IQ_1.dat,44,3449556,5,6,0,test,diff_days_indoor,5,0,0,0,0,0,0.33869668841362
data/raw/osu_lora/Diff_Days_Indoor_Setup/Day5/Device6/IQ_1.dat,45,3527955,5,5,1,test,diff_days_indoor,5,0,0,0,0,0,0.6231560111045837
data/raw/osu_lora/Diff_Days_Indoor_Setup/Day5/Device6/IQ_1.dat,46,3606354,5,5,1,test,diff_days_indoor,5,0,0,0,0,0,0.6617520451545715
data/raw/osu_lora/Diff_Days_Indoor_Setup/Day5/Device6/IQ_1.dat,47,3684753,5,5,1,test,diff_days_indoor,5,0,0,0,0,0,0.5885248780250549
data/raw/osu_lora/Diff_Days_Indoor_Setup/Day5/Device6/IQ_1.dat,48,3763152,5,5,1,test,diff_days_indoor,5,0,0,0,0,0,0.6838584542274475
data/raw/osu_lora/Diff_Days_Indoor_Setup/Day5/Device6/IQ_1.dat,49,3841551,5,5,1,test,diff_days_indoor,5,0,0,0,0,0,0.6269451975822449
data/raw/osu_lora/Diff_Days_Indoor_Setup/Day5/Device6/IQ_1.dat,50,3919950,5,5,1,test,diff_days_indoor,5,0,0,0,0,0,0.4103030562400818
data/raw/osu_lora/Diff_Days_Indoor_Setup/Day5/Device6/IQ_1.dat,51,3998349,5,6,0,test,diff_days_indoor,5,0,0,0,0,0,0.29052427411079407
data/raw/osu_lora/Diff_Days_Indoor_Setup/Day5/Device6/IQ_1.dat,52,4076748,5,5,1,test,diff_days_indoor,5,0,0,0,0,0,0.417706161737442
data/raw/osu_lora/Diff_Days_Indoor_Setup/Day5/Device6/IQ_1.dat,53,4155147,5,6,0,test,diff_days_indoor,5,0,0,0,0,0,0.3275313377380371
data/raw/osu_lora/Diff_Days_Indoor_Setup/Day5/Device6/IQ_1.dat,54,4233546,5,5,1,test,diff_days_indoor,5,0,0,0,0,0,0.38398128747940063
data/raw/osu_lora/Diff_Days_Indoor_Setup/Day5/Device6/IQ_1.dat,55,4311945,5,6,0,test,diff_days_indoor,5,0,0,0,0,0,0.33204370737075806
data/raw/osu_lora/Diff_Days_Indoor_Setup/Day5/Device6/IQ_1.dat,56,4390344,5,5,1,test,diff_days_indoor,5,0,0,0,0,0,0.6036231517791748
data/raw/osu_lora/Diff_Days_Indoor_Setup/Day5/Device6/IQ_1.dat,57,4468743,5,5,1,test,diff_days_indoor,5,0,0,0,0,0,0.41490650177001953
data/raw/osu_lora/Diff_Days_Indoor_Setup/Day5/Device6/IQ_1.dat,58,4547142,5,5,1,test,diff_days_indoor,5,0,0,0,0,0,0.5513831377029419
data/raw/osu_lora/Diff_Days_Indoor_Setup/Day5/Device6/IQ_1.dat,59,4625541,5,5,1,test,diff_days_indoor,5,0,0,0,0,0,0.625281810760498
data/raw/osu_lora/Diff_Days_Indoor_Setup/Day5/Device6/IQ_1.dat,60,4703940,5,5,1,test,diff_days_indoor,5,0,0,0,0,0,0.47740399837493896
data/raw/osu_lora/Diff_Days_Indoor_Setup/Day5/Device6/IQ_1.dat,61,4782339,5,5,1,test,diff_days_indoor,5,0,0,0,0,0,0.3648754060268402
data/raw/osu_lora/Diff_Days_Indoor_Setup/Day5/Device6/IQ_1.dat,62,4860738,5,5,1,test,diff_days_indoor,5,0,0,0,0,0,0.4433939456939697
data/raw/osu_lora/Diff_Days_Indoor_Setup/Day5/Device6/IQ_1.dat,63,4939137,5,5,1,test,diff_days_indoor,5,0,0,0,0,0,0.36771392822265625
data/raw/osu_lora/Diff_Days_Indoor_Setup/Day5/Device6/IQ_1.dat,64,5017536,5,5,1,test,diff_days_indoor,5,0,0,0,0,0,0.5178497433662415
data/raw/osu_lora/Diff_Days_Indoor_Setup/Day5/Device6/IQ_1.dat,65,5095935,5,6,0,test,diff_days_indoor,5,0,0,0,0,0,0.2937185764312744
data/raw/osu_lora/Diff_Days_Indoor_Setup/Day5/Device6/IQ_1.dat,66,5174334,5,6,0,test,diff_days_indoor,5,0,0,0,0,0,0.3009048402309418
data/raw/osu_lora/Diff_Days_Indoor_Setup/Day5/Device6/IQ_1.dat,67,5252733,5,5,1,test,diff_days_indoor,5,0,0,0,0,0,0.37558895349502563
data/raw/osu_lora/Diff_Days_Indoor_Setup/Day5/Device6/IQ_1.dat,68,5331132,5,6,0,test,diff_days_indoor,5,0,0,0,0,0,0.29716530442237854
data/raw/osu_lora/Diff_Days_Indoor_Setup/Day5/Device6/IQ_1.dat,69,5409531,5,5,1,test,diff_days_indoor,5,0,0,0,0,0,0.5780496001243591
data/raw/osu_lora/Diff_Days_Indoor_Setup/Day5/Device6/IQ_1.dat,70,5487930,5,5,1,test,diff_days_indoor,5,0,0,0,0,0,0.4981119632720947
data/raw/osu_lora/Diff_Days_Indoor_Setup/Day5/Device6/IQ_1.dat,71,5566329,5,5,1,test,diff_days_indoor,5,0,0,0,0,0,0.5247753262519836
data/raw/osu_lora/Diff_Days_Indoor_Setup/Day5/Device6/IQ_1.dat,72,5644728,5,6,0,test,diff_days_indoor,5,0,0,0,0,0,0.294718474149704
data/raw/osu_lora/Diff_Days_Indoor_Setup/Day5/Device6/IQ_1.dat,73,5723127,5,5,1,test,diff_days_indoor,5,0,0,0,0,0,0.3967305123806
data/raw/osu_lora/Diff_Days_Indoor_Setup/Day5/Device6/IQ_1.dat,74,5801526,5,5,1,test,diff_days_indoor,5,0,0,0,0,0,0.36127540469169617
data/raw/osu_lora/Diff_Days_Indoor_Setup/Day5/Device6/IQ_1.dat,75,5879925,5,6,0,test,diff_days_indoor,5,0,0,0,0,0,0.3350246846675873
data/raw/osu_lora/Diff_Days_Indoor_Setup/Day5/Device6/IQ_1.dat,76,5958324,5,7,0,test,diff_days_indoor,5,0,0,0,0,0,0.11879249662160873
data/raw/osu_lora/Diff_Days_Indoor_Setup/Day5/Device6/IQ_1.dat,77,6036723,5,5,1,test,diff_days_indoor,5,0,0,0,0,0,0.6211341023445129
data/raw/osu_lora/Diff_Days_Indoor_Setup/Day5/Device6/IQ_1.dat,78,6115122,5,5,1,test,diff_days_indoor,5,0,0,0,0,0,0.6086648106575012
data/raw/osu_lora/Diff_Days_Indoor_Setup/Day5/Device6/IQ_1.dat,79,6193521,5,5,1,test,diff_days_indoor,5,0,0,0,0,0,0.6466808319091797
data/raw/osu_lora/Diff_Days_Indoor_Setup/Day5/Device6/IQ_1.dat,80,6271920,5,5,1,test,diff_days_indoor,5,0,0,0,0,0,0.6082600951194763
data/raw/osu_lora/Diff_Days_Indoor_Setup/Day5/Device6/IQ_1.dat,81,6350319,5,5,1,test,diff_days_indoor,5,0,0,0,0,0,0.6272246837615967
data/raw/osu_lora/Diff_Days_Indoor_Setup/Day5/Device6/IQ_1.dat,82,6428718,5,5,1,test,diff_days_indoor,5,0,0,0,0,0,0.38945531845092773
data/raw/osu_lora/Diff_Days_Indoor_Setup/Day5/Device6/IQ_1.dat,83,6507117,5,5,1,test,diff_days_indoor,5,0,0,0,0,0,0.49842336773872375
data/raw/osu_lora/Diff_Days_Indoor_Setup/Day5/Device6/IQ_1.dat,84,6585516,5,5,1,test,diff_days_indoor,5,0,0,0,0,0,0.5682830810546875
data/raw/osu_lora/Diff_Days_Indoor_Setup/Day5/Device6/IQ_1.dat,85,6663915,5,6,0,test,diff_days_indoor,5,0,0,0,0,0,0.2915774881839752
data/raw/osu_lora/Diff_Days_Indoor_Setup/Day5/Device6/IQ_1.dat,86,6742314,5,5,1,test,diff_days_indoor,5,0,0,0,0,0,0.38055509328842163
data/raw/osu_lora/Diff_Days_Indoor_Setup/Day5/Device6/IQ_1.dat,87,6820713,5,5,1,test,diff_days_indoor,5,0,0,0,0,0,0.5105640292167664
data/raw/osu_lora/Diff_Days_Indoor_Setup/Day5/Device6/IQ_1.dat,88,6899112,5,5,1,test,diff_days_indoor,5,0,0,0,0,0,0.5242493152618408
data/raw/osu_lora/Diff_Days_Indoor_Setup/Day5/Device6/IQ_1.dat,89,6977511,5,5,1,test,diff_days_indoor,5,0,0,0,0,0,0.5151854157447815
data/raw/osu_lora/Diff_Days_Indoor_Setup/Day5/Device6/IQ_1.dat,90,7055910,5,5,1,test,diff_days_indoor,5,0,0,0,0,0,0.5121752023696899
data/raw/osu_lora/Diff_Days_Indoor_Setup/Day5/Device6/IQ_1.dat,91,7134309,5,5,1,test,diff_days_indoor,5,0,0,0,0,0,0.5144124627113342
data/raw/osu_lora/Diff_Days_Indoor_Setup/Day5/Device6/IQ_1.dat,92,7212708,5,5,1,test,diff_days_indoor,5,0,0,0,0,0,0.5750659108161926
data/raw/osu_lora/Diff_Days_Indoor_Setup/Day5/Device6/IQ_1.dat,93,7291107,5,5,1,test,diff_days_indoor,5,0,0,0,0,0,0.6212952733039856
data/raw/osu_lora/Diff_Days_Indoor_Setup/Day5/Device6/IQ_1.dat,94,7369506,5,5,1,test,diff_days_indoor,5,0,0,0,0,0,0.638154923915863
data/raw/osu_lora/Diff_Days_Indoor_Setup/Day5/Device6/IQ_1.dat,95,7447905,5,5,1,test,diff_days_indoor,5,0,0,0,0,0,0.5653902292251587
data/raw/osu_lora/Diff_Days_Indoor_Setup/Day5/Device6/IQ_1.dat,96,7526304,5,5,1,test,diff_days_indoor,5,0,0,0,0,0,0.6769753098487854
data/raw/osu_lora/Diff_Days_Indoor_Setup/Day5/Device6/IQ_1.dat,97,7604703,5,6,0,test,diff_days_indoor,5,0,0,0,0,0,0.32497626543045044
data/raw/osu_lora/Diff_Days_Indoor_Setup/Day5/Device6/IQ_1.dat,98,7683102,5,5,1,test,diff_days_indoor,5,0,0,0,0,0,0.3542059063911438
data/raw/osu_lora/Diff_Days_Indoor_Setup/Day5/Device6/IQ_1.dat,99,7761501,5,5,1,test,diff_days_indoor,5,0,0,0,0,0,0.3412654995918274
data/raw/osu_lora/Diff_Days_Indoor_Setup/Day5/Device6/IQ_1.dat,100,7839900,5,6,0,test,diff_days_indoor,5,0,0,0,0,0,0.2878628075122833
data/raw/osu_lora/Diff_Days_Indoor_Setup/Day5/Device6/IQ_1.dat,101,7918299,5,6,0,test,diff_days_indoor,5,0,0,0,0,0,0.30918172001838684
data/raw/osu_lora/Diff_Days_Indoor_Setup/Day5/Device6/IQ_1.dat,102,7996698,5,6,0,test,diff_days_indoor,5,0,0,0,0,0,0.3009818196296692
data/raw/osu_lora/Diff_Days_Indoor_Setup/Day5/Device6/IQ_1.dat,103,8075097,5,5,1,test,diff_days_indoor,5,0,0,0,0,0,0.4884231984615326
data/raw/osu_lora/Diff_Days_Indoor_Setup/Day5/Device6/IQ_1.dat,104,8153496,5,6,0,test,diff_days_indoor,5,0,0,0,0,0,0.3369792103767395
data/raw/osu_lora/Diff_Days_Indoor_Setup/Day5/Device6/IQ_1.dat,105,8231895,5,5,1,test,diff_days_indoor,5,0,0,0,0,0,0.47622179985046387
data/raw/osu_lora/Diff_Days_Indoor_Setup/Day5/Device6/IQ_1.dat,106,8310294,5,5,1,test,diff_days_indoor,5,0,0,0,0,0,0.45728355646133423
data/raw/osu_lora/Diff_Days_Indoor_Setup/Day5/Device6/IQ_1.dat,107,8388693,5,5,1,test,diff_days_indoor,5,0,0,0,0,0,0.34649771451950073
data/raw/osu_lora/Diff_Days_Indoor_Setup/Day5/Device6/IQ_1.dat,108,8467092,5,5,1,test,diff_days_indoor,5,0,0,0,0,0,0.5702955722808838
data/raw/osu_lora/Diff_Days_Indoor_Setup/Day5/Device6/IQ_1.dat,109,8545491,5,5,1,test,diff_days_indoor,5,0,0,0,0,0,0.5335643291473389
data/raw/osu_lora/Diff_Days_Indoor_Setup/Day5/Device6/IQ_1.dat,110,8623890,5,5,1,test,diff_days_indoor,5,0,0,0,0,0,0.360573410987854
data/raw/osu_lora/Diff_Days_Indoor_Setup/Day5/Device6/IQ_1.dat,111,8702289,5,5,1,test,diff_days_indoor,5,0,0,0,0,0,0.421181321144104
data/raw/osu_lora/Diff_Days_Indoor_Setup/Day5/Device6/IQ_1.dat,112,8780688,5,6,0,test,diff_days_indoor,5,0,0,0,0,0,0.31012341380119324
data/raw/osu_lora/Diff_Days_Indoor_Setup/Day5/Device6/IQ_1.dat,113,8859087,5,5,1,test,diff_days_indoor,5,0,0,0,0,0,0.6764988303184509
data/raw/osu_lora/Diff_Days_Indoor_Setup/Day5/Device6/IQ_1.dat,114,8937486,5,5,1,test,diff_days_indoor,5,0,0,0,0,0,0.6469128727912903
data/raw/osu_lora/Diff_Days_Indoor_Setup/Day5/Device6/IQ_1.dat,115,9015885,5,5,1,test,diff_days_indoor,5,0,0,0,0,0,0.5891746878623962
data/raw/osu_lora/Diff_Days_Indoor_Setup/Day5/Device6/IQ_1.dat,116,9094284,5,5,1,test,diff_days_indoor,5,0,0,0,0,0,0.4081164002418518
data/raw/osu_lora/Diff_Days_Indoor_Setup/Day5/Device6/IQ_1.dat,117,9172683,5,5,1,test,diff_days_indoor,5,0,0,0,0,0,0.35829049348831177
data/raw/osu_lora/Diff_Days_Indoor_Setup/Day5/Device6/IQ_1.dat,118,9251082,5,5,1,test,diff_days_indoor,5,0,0,0,0,0,0.38158002495765686
data/raw/osu_lora/Diff_Days_Indoor_Setup/Day5/Device6/IQ_1.dat,119,9329481,5,5,1,test,diff_days_indoor,5,0,0,0,0,0,0.37490975856781006
data/raw/osu_lora/Diff_Days_Indoor_Setup/Day5/Device6/IQ_1.dat,120,9407880,5,6,0,test,diff_days_indoor,5,0,0,0,0,0,0.2954308092594147
data/raw/osu_lora/Diff_Days_Indoor_Setup/Day5/Device6/IQ_1.dat,121,9486279,5,5,1,test,diff_days_indoor,5,0,0,0,0,0,0.4833499491214752
data/raw/osu_lora/Diff_Days_Indoor_Setup/Day5/Device6/IQ_1.dat,122,9564678,5,5,1,test,diff_days_indoor,5,0,0,0,0,0,0.47010260820388794
data/raw/osu_lora/Diff_Days_Indoor_Setup/Day5/Device6/IQ_1.dat,123,9643077,5,5,1,test,diff_days_indoor,5,0,0,0,0,0,0.29613253474235535
data/raw/osu_lora/Diff_Days_Indoor_Setup/Day5/Device6/IQ_1.dat,124,9721476,5,5,1,test,diff_days_indoor,5,0,0,0,0,0,0.6331110596656799
data/raw/osu_lora/Diff_Days_Indoor_Setup/Day5/Device6/IQ_1.dat,125,9799875,5,5,1,test,diff_days_indoor,5,0,0,0,0,0,0.6334194540977478
data/raw/osu_lora/Diff_Days_Indoor_Setup/Day5/Device6/IQ_1.dat,126,9878274,5,5,1,test,diff_days_indoor,5,0,0,0,0,0,0.4903933107852936
data/raw/osu_lora/Diff_Days_Indoor_Setup/Day5/Device6/IQ_1.dat,127,9956673,5,5,1,test,diff_days_indoor,5,0,0,0,0,0,0.5761134624481201
data/raw/osu_lora/Diff_Days_Indoor_Setup/Day5/Device6/IQ_1.dat,128,10035072,5,5,1,test,diff_days_indoor,5,0,0,0,0,0,0.6067644357681274
data/raw/osu_lora/Diff_Days_Indoor_Setup/Day5/Device6/IQ_1.dat,129,10113471,5,5,1,test,diff_days_indoor,5,0,0,0,0,0,0.43373560905456543
data/raw/osu_lora/Diff_Days_Indoor_Setup/Day5/Device6/IQ_1.dat,130,10191870,5,5,1,test,diff_days_indoor,5,0,0,0,0,0,0.5629759430885315
data/raw/osu_lora/Diff_Days_Indoor_Setup/Day5/Device6/IQ_1.dat,131,10270269,5,5,1,test,diff_days_indoor,5,0,0,0,0,0,0.5314774513244629
data/raw/osu_lora/Diff_Days_Indoor_Setup/Day5/Device6/IQ_1.dat,132,10348668,5,5,1,test,diff_days_indoor,5,0,0,0,0,0,0.3637586534023285
data/raw/osu_lora/Diff_Days_Indoor_Setup/Day5/Device6/IQ_1.dat,133,10427067,5,6,0,test,diff_days_indoor,5,0,0,0,0,0,0.3250381052494049
data/raw/osu_lora/Diff_Days_Indoor_Setup/Day5/Device6/IQ_1.dat,134,10505466,5,6,0,test,diff_days_indoor,5,0,0,0,0,0,0.3218759298324585
data/raw/osu_lora/Diff_Days_Indoor_Setup/Day5/Device6/IQ_1.dat,135,10583865,5,6,0,test,diff_days_indoor,5,0,0,0,0,0,0.32837167382240295
data/raw/osu_lora/Diff_Days_Indoor_Setup/Day5/Device6/IQ_1.dat,136,10662264,5,5,1,test,diff_days_indoor,5,0,0,0,0,0,0.3803197145462036
data/raw/osu_lora/Diff_Days_Indoor_Setup/Day5/Device6/IQ_1.dat,137,10740663,5,5,1,test,diff_days_indoor,5,0,0,0,0,0,0.5725052356719971
data/raw/osu_lora/Diff_Days_Indoor_Setup/Day5/Device6/IQ_1.dat,138,10819062,5,6,0,test,diff_days_indoor,5,0,0,0,0,0,0.29735830426216125
data/raw/osu_lora/Diff_Days_Indoor_Setup/Day5/Device6/IQ_1.dat,139,10897461,5,5,1,test,diff_days_indoor,5,0,0,0,0,0,0.6062003970146179
data/raw/osu_lora/Diff_Days_Indoor_Setup/Day5/Device6/IQ_1.dat,140,10975860,5,5,1,test,diff_days_indoor,5,0,0,0,0,0,0.6886444091796875
data/raw/osu_lora/Diff_Days_Indoor_Setup/Day5/Device6/IQ_1.dat,141,11054259,5,5,1,test,diff_days_indoor,5,0,0,0,0,0,0.5174073576927185
data/raw/osu_lora/Diff_Days_Indoor_Setup/Day5/Device6/IQ_1.dat,142,11132658,5,5,1,test,diff_days_indoor,5,0,0,0,0,0,0.44359537959098816
data/raw/osu_lora/Diff_Days_Indoor_Setup/Day5/Device6/IQ_1.dat,143,11211057,5,5,1,test,diff_days_indoor,5,0,0,0,0,0,0.6033421754837036
data/raw/osu_lora/Diff_Days_Indoor_Setup/Day5/Device6/IQ_1.dat,144,11289456,5,5,1,test,diff_days_indoor,5,0,0,0,0,0,0.6859150528907776
data/raw/osu_lora/Diff_Days_Indoor_Setup/Day5/Device6/IQ_1.dat,145,11367855,5,5,1,test,diff_days_indoor,5,0,0,0,0,0,0.37626373767852783
data/raw/osu_lora/Diff_Days_Indoor_Setup/Day5/Device6/IQ_1.dat,146,11446254,5,5,1,test,diff_days_indoor,5,0,0,0,0,0,0.5712769627571106
data/raw/osu_lora/Diff_Days_Indoor_Setup/Day5/Device6/IQ_1.dat,147,11524653,5,5,1,test,diff_days_indoor,5,0,0,0,0,0,0.5812049508094788
data/raw/osu_lora/Diff_Days_Indoor_Setup/Day5/Device6/IQ_1.dat,148,11603052,5,5,1,test,diff_days_indoor,5,0,0,0,0,0,0.6481425166130066
data/raw/osu_lora/Diff_Days_Indoor_Setup/Day5/Device6/IQ_1.dat,149,11681451,5,7,0,test,diff_days_indoor,5,0,0,0,0,0,0.09746383130550385
data/raw/osu_lora/Diff_Days_Indoor_Setup/Day5/Device6/IQ_1.dat,150,11759850,5,5,1,test,diff_days_indoor,5,0,0,0,0,0,0.6130098104476929
data/raw/osu_lora/Diff_Days_Indoor_Setup/Day5/Device6/IQ_1.dat,151,11838249,5,5,1,test,diff_days_indoor,5,0,0,0,0,0,0.6059666872024536
data/raw/osu_lora/Diff_Days_Indoor_Setup/Day5/Device6/IQ_1.dat,152,11916648,5,5,1,test,diff_days_indoor,5,0,0,0,0,0,0.5180432200431824
data/raw/osu_lora/Diff_Days_Indoor_Setup/Day5/Device6/IQ_1.dat,153,11995047,5,5,1,test,diff_days_indoor,5,0,0,0,0,0,0.47699761390686035
data/raw/osu_lora/Diff_Days_Indoor_Setup/Day5/Device6/IQ_1.dat,154,12073446,5,5,1,test,diff_days_indoor,5,0,0,0,0,0,0.6281174421310425
data/raw/osu_lora/Diff_Days_Indoor_Setup/Day5/Device6/IQ_1.dat,155,12151845,5,5,1,test,diff_days_indoor,5,0,0,0,0,0,0.4406411051750183
data/raw/osu_lora/Diff_Days_Indoor_Setup/Day5/Device6/IQ_1.dat,156,12230244,5,5,1,test,diff_days_indoor,5,0,0,0,0,0,0.5512929558753967
data/raw/osu_lora/Diff_Days_Indoor_Setup/Day5/Device6/IQ_1.dat,157,12308643,5,5,1,test,diff_days_indoor,5,0,0,0,0,0,0.3636910617351532
data/raw/osu_lora/Diff_Days_Indoor_Setup/Day5/Device6/IQ_1.dat,158,12387042,5,6,0,test,diff_days_indoor,5,0,0,0,0,0,0.2930908203125
data/raw/osu_lora/Diff_Days_Indoor_Setup/Day5/Device6/IQ_1.dat,159,12465441,5,5,1,test,diff_days_indoor,5,0,0,0,0,0,0.5239608287811279
data/raw/osu_lora/Diff_Days_Indoor_Setup/Day5/Device6/IQ_1.dat,160,12543840,5,5,1,test,diff_days_indoor,5,0,0,0,0,0,0.6126915812492371
data/raw/osu_lora/Diff_Days_Indoor_Setup/Day5/Device6/IQ_1.dat,161,12622239,5,5,1,test,diff_days_indoor,5,0,0,0,0,0,0.5824217796325684
data/raw/osu_lora/Diff_Days_Indoor_Setup/Day5/Device6/IQ_1.dat,162,12700638,5,5,1,test,diff_days_indoor,5,0,0,0,0,0,0.5756534337997437
data/raw/osu_lora/Diff_Days_Indoor_Setup/Day5/Device6/IQ_1.dat,163,12779037,5,5,1,test,diff_days_indoor,5,0,0,0,0,0,0.5377981662750244
data/raw/osu_lora/Diff_Days_Indoor_Setup/Day5/Device6/IQ_1.dat,164,12857436,5,5,1,test,diff_days_indoor,5,0,0,0,0,0,0.6545394062995911
data/raw/osu_lora/Diff_Days_Indoor_Setup/Day5/Device6/IQ_1.dat,165,12935835,5,5,1,test,diff_days_indoor,5,0,0,0,0,0,0.4410061538219452
data/raw/osu_lora/Diff_Days_Indoor_Setup/Day5/Device6/IQ_1.dat,166,13014234,5,5,1,test,diff_days_indoor,5,0,0,0,0,0,0.360440194606781
data/raw/osu_lora/Diff_Days_Indoor_Setup/Day5/Device6/IQ_1.dat,167,13092633,5,6,0,test,diff_days_indoor,5,0,0,0,0,0,0.31444087624549866
data/raw/osu_lora/Diff_Days_Indoor_Setup/Day5/Device6/IQ_1.dat,168,13171032,5,5,1,test,diff_days_indoor,5,0,0,0,0,0,0.3531017601490021
data/raw/osu_lora/Diff_Days_Indoor_Setup/Day5/Device6/IQ_1.dat,169,13249431,5,5,1,test,diff_days_indoor,5,0,0,0,0,0,0.48259854316711426
data/raw/osu_lora/Diff_Days_Indoor_Setup/Day5/Device6/IQ_1.dat,170,13327830,5,5,1,test,diff_days_indoor,5,0,0,0,0,0,0.5430474281311035
data/raw/osu_lora/Diff_Days_Indoor_Setup/Day5/Device6/IQ_1.dat,171,13406229,5,5,1,test,diff_days_indoor,5,0,0,0,0,0,0.4682410657405853
data/raw/osu_lora/Diff_Days_Indoor_Setup/Day5/Device6/IQ_1.dat,172,13484628,5,5,1,test,diff_days_indoor,5,0,0,0,0,0,0.6120584607124329
data/raw/osu_lora/Diff_Days_Indoor_Setup/Day5/Device6/IQ_1.dat,173,13563027,5,5,1,test,diff_days_indoor,5,0,0,0,0,0,0.6309633851051331
data/raw/osu_lora/Diff_Days_Indoor_Setup/Day5/Device6/IQ_1.dat,174,13641426,5,5,1,test,diff_days_indoor,5,0,0,0,0,0,0.597734272480011
data/raw/osu_lora/Diff_Days_Indoor_Setup/Day5/Device6/IQ_1.dat,175,13719825,5,5,1,test,diff_days_indoor,5,0,0,0,0,0,0.5461956262588501
data/raw/osu_lora/Diff_Days_Indoor_Setup/Day5/Device6/IQ_1.dat,176,13798224,5,5,1,test,diff_days_indoor,5,0,0,0,0,0,0.6328822374343872
data/raw/osu_lora/Diff_Days_Indoor_Setup/Day5/Device6/IQ_1.dat,177,13876623,5,5,1,test,diff_days_indoor,5,0,0,0,0,0,0.5729310512542725
data/raw/osu_lora/Diff_Days_Indoor_Setup/Day5/Device6/IQ_1.dat,178,13955022,5,5,1,test,diff_days_indoor,5,0,0,0,0,0,0.3754519820213318
data/raw/osu_lora/Diff_Days_Indoor_Setup/Day5/Device6/IQ_1.dat,179,14033421,5,5,1,test,diff_days_indoor,5,0,0,0,0,0,0.44207045435905457
data/raw/osu_lora/Diff_Days_Indoor_Setup/Day5/Device6/IQ_1.dat,180,14111820,5,5,1,test,diff_days_indoor,5,0,0,0,0,0,0.6267597675323486
data/raw/osu_lora/Diff_Days_Indoor_Setup/Day5/Device6/IQ_1.dat,181,14190219,5,5,1,test,diff_days_indoor,5,0,0,0,0,0,0.5576463937759399
data/raw/osu_lora/Diff_Days_Indoor_Setup/Day5/Device6/IQ_1.dat,182,14268618,5,5,1,test,diff_days_indoor,5,0,0,0,0,0,0.5470970869064331
data/raw/osu_lora/Diff_Days_Indoor_Setup/Day5/Device6/IQ_1.dat,183,14347017,5,5,1,test,diff_days_indoor,5,0,0,0,0,0,0.6718510985374451
data/raw/osu_lora/Diff_Days_Indoor_Setup/Day5/Device6/IQ_1.dat,184,14425416,5,5,1,test,diff_days_indoor,5,0,0,0,0,0,0.5648269057273865
data/raw/osu_lora/Diff_Days_Indoor_Setup/Day5/Device6/IQ_1.dat,185,14503815,5,5,1,test,diff_days_indoor,5,0,0,0,0,0,0.5460969805717468
data/raw/osu_lora/Diff_Days_Indoor_Setup/Day5/Device6/IQ_1.dat,186,14582214,5,5,1,test,diff_days_indoor,5,0,0,0,0,0,0.636886715888977
data/raw/osu_lora/Diff_Days_Indoor_Setup/Day5/Device6/IQ_1.dat,187,14660613,5,5,1,test,diff_days_indoor,5,0,0,0,0,0,0.6148129105567932
data/raw/osu_lora/Diff_Days_Indoor_Setup/Day5/Device6/IQ_1.dat,188,14739012,5,5,1,test,diff_days_indoor,5,0,0,0,0,0,0.4180510342121124
data/raw/osu_lora/Diff_Days_Indoor_Setup/Day5/Device6/IQ_1.dat,189,14817411,5,19,0,test,diff_days_indoor,5,0,0,0,0,0,0.3098820745944977
data/raw/osu_lora/Diff_Days_Indoor_Setup/Day5/Device6/IQ_1.dat,190,14895810,5,5,1,test,diff_days_indoor,5,0,0,0,0,0,0.4476305842399597
data/raw/osu_lora/Diff_Days_Indoor_Setup/Day5/Device6/IQ_1.dat,191,14974209,5,5,1,test,diff_days_indoor,5,0,0,0,0,0,0.5141810774803162
data/raw/osu_lora/Diff_Days_Indoor_Setup/Day5/Device6/IQ_1.dat,192,15052608,5,6,0,test,diff_days_indoor,5,0,0,0,0,0,0.3338926434516907
data/raw/osu_lora/Diff_Days_Indoor_Setup/Day5/Device6/IQ_1.dat,193,15131007,5,5,1,test,diff_days_indoor,5,0,0,0,0,0,0.3627540171146393
data/raw/osu_lora/Diff_Days_Indoor_Setup/Day5/Device6/IQ_1.dat,194,15209406,5,5,1,test,diff_days_indoor,5,0,0,0,0,0,0.40782397985458374
data/raw/osu_lora/Diff_Days_Indoor_Setup/Day5/Device6/IQ_1.dat,195,15287805,5,5,1,test,diff_days_indoor,5,0,0,0,0,0,0.3557364344596863
data/raw/osu_lora/Diff_Days_Indoor_Setup/Day5/Device6/IQ_1.dat,196,15366204,5,7,0,test,diff_days_indoor,5,0,0,0,0,0,0.11324021965265274
data/raw/osu_lora/Diff_Days_Indoor_Setup/Day5/Device6/IQ_1.dat,197,15444603,5,5,1,test,diff_days_indoor,5,0,0,0,0,0,0.5776687860488892
data/raw/osu_lora/Diff_Days_Indoor_Setup/Day5/Device6/IQ_1.dat,198,15523002,5,5,1,test,diff_days_indoor,5,0,0,0,0,0,0.5748991370201111
data/raw/osu_lora/Diff_Days_Indoor_Setup/Day5/Device6/IQ_1.dat,199,15601401,5,5,1,test,diff_days_indoor,5,0,0,0,0,0,0.44685596227645874
data/raw/osu_lora/Diff_Days_Indoor_Setup/Day5/Device6/IQ_1.dat,200,15679800,5,5,1,test,diff_days_indoor,5,0,0,0,0,0,0.5414457321166992
data/raw/osu_lora/Diff_Days_Indoor_Setup/Day5/Device6/IQ_1.dat,201,15758199,5,5,1,test,diff_days_indoor,5,0,0,0,0,0,0.6034127473831177
data/raw/osu_lora/Diff_Days_Indoor_Setup/Day5/Device6/IQ_1.dat,202,15836598,5,5,1,test,diff_days_indoor,5,0,0,0,0,0,0.32733240723609924
data/raw/osu_lora/Diff_Days_Indoor_Setup/Day5/Device6/IQ_1.dat,203,15914997,5,5,1,test,diff_days_indoor,5,0,0,0,0,0,0.4392089545726776
data/raw/osu_lora/Diff_Days_Indoor_Setup/Day5/Device6/IQ_1.dat,204,15993396,5,5,1,test,diff_days_indoor,5,0,0,0,0,0,0.4753032326698303
data/raw/osu_lora/Diff_Days_Indoor_Setup/Day5/Device6/IQ_1.dat,205,16071795,5,5,1,test,diff_days_indoor,5,0,0,0,0,0,0.4243912696838379
data/raw/osu_lora/Diff_Days_Indoor_Setup/Day5/Device6/IQ_1.dat,206,16150194,5,6,0,test,diff_days_indoor,5,0,0,0,0,0,0.32776060700416565
data/raw/osu_lora/Diff_Days_Indoor_Setup/Day5/Device6/IQ_1.dat,207,16228593,5,6,0,test,diff_days_indoor,5,0,0,0,0,0,0.3216770589351654
data/raw/osu_lora/Diff_Days_Indoor_Setup/Day5/Device6/IQ_1.dat,208,16306992,5,5,1,test,diff_days_indoor,5,0,0,0,0,0,0.6070555448532104
data/raw/osu_lora/Diff_Days_Indoor_Setup/Day5/Device6/IQ_1.dat,209,16385391,5,5,1,test,diff_days_indoor,5,0,0,0,0,0,0.41242390871047974
data/raw/osu_lora/Diff_Days_Indoor_Setup/Day5/Device6/IQ_1.dat,210,16463790,5,5,1,test,diff_days_indoor,5,0,0,0,0,0,0.4078759253025055
data/raw/osu_lora/Diff_Days_Indoor_Setup/Day5/Device6/IQ_1.dat,211,16542189,5,5,1,test,diff_days_indoor,5,0,0,0,0,0,0.41311827301979065
data/raw/osu_lora/Diff_Days_Indoor_Setup/Day5/Device6/IQ_1.dat,212,16620588,5,5,1,test,diff_days_indoor,5,0,0,0,0,0,0.6037055850028992
data/raw/osu_lora/Diff_Days_Indoor_Setup/Day5/Device6/IQ_1.dat,213,16698987,5,5,1,test,diff_days_indoor,5,0,0,0,0,0,0.5360583066940308
data/raw/osu_lora/Diff_Days_Indoor_Setup/Day5/Device6/IQ_1.dat,214,16777386,5,5,1,test,diff_days_indoor,5,0,0,0,0,0,0.6249707341194153
data/raw/osu_lora/Diff_Days_Indoor_Setup/Day5/Device6/IQ_1.dat,215,16855785,5,5,1,test,diff_days_indoor,5,0,0,0,0,0,0.5444934368133545
data/raw/osu_lora/Diff_Days_Indoor_Setup/Day5/Device6/IQ_1.dat,216,16934184,5,5,1,test,diff_days_indoor,5,0,0,0,0,0,0.5064550638198853
data/raw/osu_lora/Diff_Days_Indoor_Setup/Day5/Device6/IQ_1.dat,217,17012583,5,6,0,test,diff_days_indoor,5,0,0,0,0,0,0.3117940127849579
data/raw/osu_lora/Diff_Days_Indoor_Setup/Day5/Device6/IQ_1.dat,218,17090982,5,5,1,test,diff_days_indoor,5,0,0,0,0,0,0.4850442111492157
data/raw/osu_lora/Diff_Days_Indoor_Setup/Day5/Device6/IQ_1.dat,219,17169381,5,5,1,test,diff_days_indoor,5,0,0,0,0,0,0.38473811745643616
data/raw/osu_lora/Diff_Days_Indoor_Setup/Day5/Device6/IQ_1.dat,220,17247780,5,5,1,test,diff_days_indoor,5,0,0,0,0,0,0.3678509294986725
data/raw/osu_lora/Diff_Days_Indoor_Setup/Day5/Device6/IQ_1.dat,221,17326179,5,6,0,test,diff_days_indoor,5,0,0,0,0,0,0.32783880829811096
data/raw/osu_lora/Diff_Days_Indoor_Setup/Day5/Device6/IQ_1.dat,222,17404578,5,6,0,test,diff_days_indoor,5,0,0,0,0,0,0.30204319953918457
data/raw/osu_lora/Diff_Days_Indoor_Setup/Day5/Device6/IQ_1.dat,223,17482977,5,5,1,test,diff_days_indoor,5,0,0,0,0,0,0.48736295104026794
data/raw/osu_lora/Diff_Days_Indoor_Setup/Day5/Device6/IQ_1.dat,224,17561376,5,5,1,test,diff_days_indoor,5,0,0,0,0,0,0.5870731472969055
data/raw/osu_lora/Diff_Days_Indoor_Setup/Day5/Device6/IQ_1.dat,225,17639775,5,5,1,test,diff_days_indoor,5,0,0,0,0,0,0.4414270520210266
data/raw/osu_lora/Diff_Days_Indoor_Setup/Day5/Device6/IQ_1.dat,226,17718174,5,5,1,test,diff_days_indoor,5,0,0,0,0,0,0.5306041240692139
data/raw/osu_lora/Diff_Days_Indoor_Setup/Day5/Device6/IQ_1.dat,227,17796573,5,5,1,test,diff_days_indoor,5,0,0,0,0,0,0.5604805946350098
data/raw/osu_lora/Diff_Days_Indoor_Setup/Day5/Device6/IQ_1.dat,228,17874972,5,5,1,test,diff_days_indoor,5,0,0,0,0,0,0.599467933177948
data/raw/osu_lora/Diff_Days_Indoor_Setup/Day5/Device6/IQ_1.dat,229,17953371,5,5,1,test,diff_days_indoor,5,0,0,0,0,0,0.4779965877532959
data/raw/osu_lora/Diff_Days_Indoor_Setup/Day5/Device6/IQ_1.dat,230,18031770,5,5,1,test,diff_days_indoor,5,0,0,0,0,0,0.4303075969219208
data/raw/osu_lora/Diff_Days_Indoor_Setup/Day5/Device6/IQ_1.dat,231,18110169,5,5,1,test,diff_days_indoor,5,0,0,0,0,0,0.4240626096725464
data/raw/osu_lora/Diff_Days_Indoor_Setup/Day5/Device6/IQ_1.dat,232,18188568,5,5,1,test,diff_days_indoor,5,0,0,0,0,0,0.6565945148468018
data/raw/osu_lora/Diff_Days_Indoor_Setup/Day5/Device6/IQ_1.dat,233,18266967,5,5,1,test,diff_days_indoor,5,0,0,0,0,0,0.5124607086181641
data/raw/osu_lora/Diff_Days_Indoor_Setup/Day5/Device6/IQ_1.dat,234,18345366,5,5,1,test,diff_days_indoor,5,0,0,0,0,0,0.49043339490890503
data/raw/osu_lora/Diff_Days_Indoor_Setup/Day5/Device6/IQ_1.dat,235,18423765,5,5,1,test,diff_days_indoor,5,0,0,0,0,0,0.3889237940311432
data/raw/osu_lora/Diff_Days_Indoor_Setup/Day5/Device6/IQ_1.dat,236,18502164,5,5,1,test,diff_days_indoor,5,0,0,0,0,0,0.41063693165779114
data/raw/osu_lora/Diff_Days_Indoor_Setup/Day5/Device6/IQ_1.dat,237,18580563,5,5,1,test,diff_days_indoor,5,0,0,0,0,0,0.5728724598884583
data/raw/osu_lora/Diff_Days_Indoor_Setup/Day5/Device6/IQ_1.dat,238,18658962,5,5,1,test,diff_days_indoor,5,0,0,0,0,0,0.6309416890144348
data/raw/osu_lora/Diff_Days_Indoor_Setup/Day5/Device6/IQ_1.dat,239,18737361,5,5,1,test,diff_days_indoor,5,0,0,0,0,0,0.604250967502594
data/raw/osu_lora/Diff_Days_Indoor_Setup/Day5/Device6/IQ_1.dat,240,18815760,5,5,1,test,diff_days_indoor,5,0,0,0,0,0,0.5657854080200195
data/raw/osu_lora/Diff_Days_Indoor_Setup/Day5/Device6/IQ_1.dat,241,18894159,5,5,1,test,diff_days_indoor,5,0,0,0,0,0,0.6084993481636047
data/raw/osu_lora/Diff_Days_Indoor_Setup/Day5/Device6/IQ_1.dat,242,18972558,5,5,1,test,diff_days_indoor,5,0,0,0,0,0,0.6148934364318848
data/raw/osu_lora/Diff_Days_Indoor_Setup/Day5/Device6/IQ_1.dat,243,19050957,5,5,1,test,diff_days_indoor,5,0,0,0,0,0,0.42904868721961975
data/raw/osu_lora/Diff_Days_Indoor_Setup/Day5/Device6/IQ_1.dat,244,19129356,5,5,1,test,diff_days_indoor,5,0,0,0,0,0,0.6857918500900269
data/raw/osu_lora/Diff_Days_Indoor_Setup/Day5/Device6/IQ_1.dat,245,19207755,5,5,1,test,diff_days_indoor,5,0,0,0,0,0,0.6051992177963257
data/raw/osu_lora/Diff_Days_Indoor_Setup/Day5/Device6/IQ_1.dat,246,19286154,5,5,1,test,diff_days_indoor,5,0,0,0,0,0,0.5888498425483704
data/raw/osu_lora/Diff_Days_Indoor_Setup/Day5/Device6/IQ_1.dat,247,19364553,5,5,1,test,diff_days_indoor,5,0,0,0,0,0,0.5818399786949158
data/raw/osu_lora/Diff_Days_Indoor_Setup/Day5/Device6/IQ_1.dat,248,19442952,5,5,1,test,diff_days_indoor,5,0,0,0,0,0,0.6062986254692078
data/raw/osu_lora/Diff_Days_Indoor_Setup/Day5/Device6/IQ_1.dat,249,19521351,5,5,1,test,diff_days_indoor,5,0,0,0,0,0,0.6026918888092041
data/raw/osu_lora/Diff_Days_Indoor_Setup/Day5/Device6/IQ_1.dat,250,19599750,5,5,1,test,diff_days_indoor,5,0,0,0,0,0,0.4460235834121704
data/raw/osu_lora/Diff_Days_Indoor_Setup/Day5/Device6/IQ_1.dat,251,19678149,5,5,1,test,diff_days_indoor,5,0,0,0,0,0,0.5348736643791199
data/raw/osu_lora/Diff_Days_Indoor_Setup/Day5/Device6/IQ_1.dat,252,19756548,5,5,1,test,diff_days_indoor,5,0,0,0,0,0,0.6211909651756287
data/raw/osu_lora/Diff_Days_Indoor_Setup/Day5/Device6/IQ_1.dat,253,19834947,5,5,1,test,diff_days_indoor,5,0,0,0,0,0,0.6564486026763916
data/raw/osu_lora/Diff_Days_Indoor_Setup/Day5/Device6/IQ_1.dat,254,19913346,5,5,1,test,diff_days_indoor,5,0,0,0,0,0,0.6307132244110107
data/raw/osu_lora/Diff_Days_Indoor_Setup/Day5/Device6/IQ_1.dat,255,19991745,5,5,1,test,diff_days_indoor,5,0,0,0,0,0,0.5718632936477661
data/raw/osu_lora/Diff_Days_Indoor_Setup/Day5/Device7/IQ_1.dat,0,0,6,6,1,test,diff_days_indoor,5,0,0,0,0,0,0.3150348365306854
data/raw/osu_lora/Diff_Days_Indoor_Setup/Day5/Device7/IQ_1.dat,1,78399,6,6,1,test,diff_days_indoor,5,0,0,0,0,0,0.28737109899520874
data/raw/osu_lora/Diff_Days_Indoor_Setup/Day5/Device7/IQ_1.dat,2,156798,6,6,1,test,diff_days_indoor,5,0,0,0,0,0,0.2981252074241638
data/raw/osu_lora/Diff_Days_Indoor_Setup/Day5/Device7/IQ_1.dat,3,235197,6,6,1,test,diff_days_indoor,5,0,0,0,0,0,0.3015863597393036
data/raw/osu_lora/Diff_Days_Indoor_Setup/Day5/Device7/IQ_1.dat,4,313596,6,6,1,test,diff_days_indoor,5,0,0,0,0,0,0.291037380695343
data/raw/osu_lora/Diff_Days_Indoor_Setup/Day5/Device7/IQ_1.dat,5,391995,6,6,1,test,diff_days_indoor,5,0,0,0,0,0,0.2918910086154938
data/raw/osu_lora/Diff_Days_Indoor_Setup/Day5/Device7/IQ_1.dat,6,470394,6,6,1,test,diff_days_indoor,5,0,0,0,0,0,0.2861293852329254
data/raw/osu_lora/Diff_Days_Indoor_Setup/Day5/Device7/IQ_1.dat,7,548793,6,6,1,test,diff_days_indoor,5,0,0,0,0,0,0.29351574182510376
data/raw/osu_lora/Diff_Days_Indoor_Setup/Day5/Device7/IQ_1.dat,8,627192,6,6,1,test,diff_days_indoor,5,0,0,0,0,0,0.29810279607772827
data/raw/osu_lora/Diff_Days_Indoor_Setup/Day5/Device7/IQ_1.dat,9,705591,6,6,1,test,diff_days_indoor,5,0,0,0,0,0,0.294480562210083
data/raw/osu_lora/Diff_Days_Indoor_Setup/Day5/Device7/IQ_1.dat,10,783990,6,6,1,test,diff_days_indoor,5,0,0,0,0,0,0.3227747678756714
data/raw/osu_lora/Diff_Days_Indoor_Setup/Day5/Device7/IQ_1.dat,11,862389,6,6,1,test,diff_days_indoor,5,0,0,0,0,0,0.2894653379917145
data/raw/osu_lora/Diff_Days_Indoor_Setup/Day5/Device7/IQ_1.dat,12,940788,6,6,1,test,diff_days_indoor,5,0,0,0,0,0,0.30261364579200745
data/raw/osu_lora/Diff_Days_Indoor_Setup/Day5/Device7/IQ_1.dat,13,1019187,6,6,1,test,diff_days_indoor,5,0,0,0,0,0,0.29692819714546204
data/raw/osu_lora/Diff_Days_Indoor_Setup/Day5/Device7/IQ_1.dat,14,1097586,6,5,0,test,diff_days_indoor,5,0,0,0,0,0,0.346911758184433
data/raw/osu_lora/Diff_Days_Indoor_Setup/Day5/Device7/IQ_1.dat,15,1175985,6,6,1,test,diff_days_indoor,5,0,0,0,0,0,0.3070411682128906
data/raw/osu_lora/Diff_Days_Indoor_Setup/Day5/Device7/IQ_1.dat,16,1254384,6,6,1,test,diff_days_indoor,5,0,0,0,0,0,0.30329421162605286
data/raw/osu_lora/Diff_Days_Indoor_Setup/Day5/Device7/IQ_1.dat,17,1332783,6,6,1,test,diff_days_indoor,5,0,0,0,0,0,0.2847655713558197
data/raw/osu_lora/Diff_Days_Indoor_Setup/Day5/Device7/IQ_1.dat,18,1411182,6,6,1,test,diff_days_indoor,5,0,0,0,0,0,0.2890085279941559
data/raw/osu_lora/Diff_Days_Indoor_Setup/Day5/Device7/IQ_1.dat,19,1489581,6,6,1,test,diff_days_indoor,5,0,0,0,0,0,0.28791263699531555
data/raw/osu_lora/Diff_Days_Indoor_Setup/Day5/Device7/IQ_1.dat,20,1567980,6,6,1,test,diff_days_indoor,5,0,0,0,0,0,0.296364426612854
data/raw/osu_lora/Diff_Days_Indoor_Setup/Day5/Device7/IQ_1.dat,21,1646379,6,6,1,test,diff_days_indoor,5,0,0,0,0,0,0.2921036183834076
data/raw/osu_lora/Diff_Days_Indoor_Setup/Day5/Device7/IQ_1.dat,22,1724778,6,6,1,test,diff_days_indoor,5,0,0,0,0,0,0.3187862038612366
data/raw/osu_lora/Diff_Days_Indoor_Setup/Day5/Device7/IQ_1.dat,23,1803177,6,5,0,test,diff_days_indoor,5,0,0,0,0,0,0.39065021276474
data/raw/osu_lora/Diff_Days_Indoor_Setup/Day5/Device7/IQ_1.dat,24,1881576,6,6,1,test,diff_days_indoor,5,0,0,0,0,0,0.2932405471801758
data/raw/osu_lora/Diff_Days_Indoor_Setup/Day5/Device7/IQ_1.dat,25,1959975,6,6,1,test,diff_days_indoor,5,0,0,0,0,0,0.2957042455673218
data/raw/osu_lora/Diff_Days_Indoor_Setup/Day5/Device7/IQ_1.dat,26,2038374,6,6,1,test,diff_days_indoor,5,0,0,0,0,0,0.29814764857292175
data/raw/osu_lora/Diff_Days_Indoor_Setup/Day5/Device7/IQ_1.dat,27,2116773,6,6,1,test,diff_days_indoor,5,0,0,0,0,0,0.33395466208457947
data/raw/osu_lora/Diff_Days_Indoor_Setup/Day5/Device7/IQ_1.dat,28,2195172,6,6,1,test,diff_days_indoor,5,0,0,0,0,0,0.29516664147377014
data/raw/osu_lora/Diff_Days_Indoor_Setup/Day5/Device7/IQ_1.dat,29,2273571,6,6,1,test,diff_days_indoor,5,0,0,0,0,0,0.29469919204711914
data/raw/osu_lora/Diff_Days_Indoor_Setup/Day5/Device7/IQ_1.dat,30,2351970,6,6,1,test,diff_days_indoor,5,0,0,0,0,0,0.3026837110519409
data/raw/osu_lora/Diff_Days_Indoor_Setup/Day5/Device7/IQ_1.dat,31,2430369,6,6,1,test,diff_days_indoor,5,0,0,0,0,0,0.2959038019180298
data/raw/osu_lora/Diff_Days_Indoor_Setup/Day5/Device7/IQ_1.dat,32,2508768,6,20,0,test,diff_days_indoor,5,0,0,0,0,0,0.28726819157600403
data/raw/osu_lora/Diff_Days_Indoor_Setup/Day5/Device7/IQ_1.dat,33,2587167,6,6,1,test,diff_days_indoor,5,0,0,0,0,0,0.29615679383277893
data/raw/osu_lora/Diff_Days_Indoor_Setup/Day5/Device7/IQ_1.dat,34,2665566,6,20,0,test,diff_days_indoor,5,0,0,0,0,0,0.31327325105667114
data/raw/osu_lora/Diff_Days_Indoor_Setup/Day5/Device7/IQ_1.dat,35,2743965,6,5,0,test,diff_days_indoor,5,0,0,0,0,0,0.3998331129550934
data/raw/osu_lora/Diff_Days_Indoor_Setup/Day5/Device7/IQ_1.dat,36,2822364,6,5,0,test,diff_days_indoor,5,0,0,0,0,0,0.35195571184158325
data/raw/osu_lora/Diff_Days_Indoor_Setup/Day5/Device7/IQ_1.dat,37,2900763,6,5,0,test,diff_days_indoor,5,0,0,0,0,0,0.5885610580444336
data/raw/osu_lora/Diff_Days_Indoor_Setup/Day5/Device7/IQ_1.dat,38,2979162,6,6,1,test,diff_days_indoor,5,0,0,0,0,0,0.2970064580440521
data/raw/osu_lora/Diff_Days_Indoor_Setup/Day5/Device7/IQ_1.dat,39,3057561,6,6,1,test,diff_days_indoor,5,0,0,0,0,0,0.31882724165916443
data/raw/osu_lora/Diff_Days_Indoor_Setup/Day5/Device7/IQ_1.dat,40,3135960,6,6,1,test,diff_days_indoor,5,0,0,0,0,0,0.30281758308410645
data/raw/osu_lora/Diff_Days_Indoor_Setup/Day5/Device7/IQ_1.dat,41,3214359,6,6,1,test,diff_days_indoor,5,0,0,0,0,0,0.29454419016838074
data/raw/osu_lora/Diff_Days_Indoor_Setup/Day5/Device7/IQ_1.dat,42,3292758,6,7,0,test,diff_days_indoor,5,0,0,0,0,0,0.09805886447429657
data/raw/osu_lora/Diff_Days_Indoor_Setup/Day5/Device7/IQ_1.dat,43,3371157,6,6,1,test,diff_days_indoor,5,0,0,0,0,0,0.30516892671585083
data/raw/osu_lora/Diff_Days_Indoor_Setup/Day5/Device7/IQ_1.dat,44,3449556,6,6,1,test,diff_days_indoor,5,0,0,0,0,0,0.29553893208503723
data/raw/osu_lora/Diff_Days_Indoor_Setup/Day5/Device7/IQ_1.dat,45,3527955,6,6,1,test,diff_days_indoor,5,0,0,0,0,0,0.30829471349716187
data/raw/osu_lora/Diff_Days_Indoor_Setup/Day5/Device7/IQ_1.dat,46,3606354,6,6,1,test,diff_days_indoor,5,0,0,0,0,0,0.3155076503753662
data/raw/osu_lora/Diff_Days_Indoor_Setup/Day5/Device7/IQ_1.dat,47,3684753,6,6,1,test,diff_days_indoor,5,0,0,0,0,0,0.29263877868652344
data/raw/osu_lora/Diff_Days_Indoor_Setup/Day5/Device7/IQ_1.dat,48,3763152,6,6,1,test,diff_days_indoor,5,0,0,0,0,0,0.2870956361293793
data/raw/osu_lora/Diff_Days_Indoor_Setup/Day5/Device7/IQ_1.dat,49,3841551,6,6,1,test,diff_days_indoor,5,0,0,0,0,0,0.3041442334651947
data/raw/osu_lora/Diff_Days_Indoor_Setup/Day5/Device7/IQ_1.dat,50,3919950,6,5,0,test,diff_days_indoor,5,0,0,0,0,0,0.41694432497024536
data/raw/osu_lora/Diff_Days_Indoor_Setup/Day5/Device7/IQ_1.dat,51,3998349,6,6,1,test,diff_days_indoor,5,0,0,0,0,0,0.2918148338794708
data/raw/osu_lora/Diff_Days_Indoor_Setup/Day5/Device7/IQ_1.dat,52,4076748,6,6,1,test,diff_days_indoor,5,0,0,0,0,0,0.2923894226551056
data/raw/osu_lora/Diff_Days_Indoor_Setup/Day5/Device7/IQ_1.dat,53,4155147,6,6,1,test,diff_days_indoor,5,0,0,0,0,0,0.29298779368400574
data/raw/osu_lora/Diff_Days_Indoor_Setup/Day5/Device7/IQ_1.dat,54,4233546,6,6,1,test,diff_days_indoor,5,0,0,0,0,0,0.29511260986328125
data/raw/osu_lora/Diff_Days_Indoor_Setup/Day5/Device7/IQ_1.dat,55,4311945,6,6,1,test,diff_days_indoor,5,0,0,0,0,0,0.30197808146476746
data/raw/osu_lora/Diff_Days_Indoor_Setup/Day5/Device7/IQ_1.dat,56,4390344,6,5,0,test,diff_days_indoor,5,0,0,0,0,0,0.35489776730537415
data/raw/osu_lora/Diff_Days_Indoor_Setup/Day5/Device7/IQ_1.dat,57,4468743,6,6,1,test,diff_days_indoor,5,0,0,0,0,0,0.32132717967033386
data/raw/osu_lora/Diff_Days_Indoor_Setup/Day5/Device7/IQ_1.dat,58,4547142,6,6,1,test,diff_days_indoor,5,0,0,0,0,0,0.2905256748199463
data/raw/osu_lora/Diff_Days_Indoor_Setup/Day5/Device7/IQ_1.dat,59,4625541,6,6,1,test,diff_days_indoor,5,0,0,0,0,0,0.2881215512752533
data/raw/osu_lora/Diff_Days_Indoor_Setup/Day5/Device7/IQ_1.dat,60,4703940,6,6,1,test,diff_days_indoor,5,0,0,0,0,0,0.2990861237049103
data/raw/osu_lora/Diff_Days_Indoor_Setup/Day5/Device7/IQ_1.dat,61,4782339,6,6,1,test,diff_days_indoor,5,0,0,0,0,0,0.3301604390144348
data/raw/osu_lora/Diff_Days_Indoor_Setup/Day5/Device7/IQ_1.dat,62,4860738,6,6,1,test,diff_days_indoor,5,0,0,0,0,0,0.3097388744354248
data/raw/osu_lora/Diff_Days_Indoor_Setup/Day5/Device7/IQ_1.dat,63,4939137,6,20,0,test,diff_days_indoor,5,0,0,0,0,0,0.3324822783470154
data/raw/osu_lora/Diff_Days_Indoor_Setup/Day5/Device7/IQ_1.dat,64,5017536,6,6,1,test,diff_days_indoor,5,0,0,0,0,0,0.3064424395561218
data/raw/osu_lora/Diff_Days_Indoor_Setup/Day5/Device7/IQ_1.dat,65,5095935,6,6,1,test,diff_days_indoor,5,0,0,0,0,0,0.2976306974887848
data/raw/osu_lora/Diff_Days_Indoor_Setup/Day5/Device7/IQ_1.dat,66,5174334,6,6,1,test,diff_days_indoor,5,0,0,0,0,0,0.29449599981307983
data/raw/osu_lora/Diff_Days_Indoor_Setup/Day5/Device7/IQ_1.dat,67,5252733,6,6,1,test,diff_days_indoor,5,0,0,0,0,0,0.2963956594467163
data/raw/osu_lora/Diff_Days_Indoor_Setup/Day5/Device7/IQ_1.dat,68,5331132,6,6,1,test,diff_days_indoor,5,0,0,0,0,0,0.29920417070388794
data/raw/osu_lora/Diff_Days_Indoor_Setup/Day5/Device7/IQ_1.dat,69,5409531,6,6,1,test,diff_days_indoor,5,0,0,0,0,0,0.3278961181640625
data/raw/osu_lora/Diff_Days_Indoor_Setup/Day5/Device7/IQ_1.dat,70,5487930,6,6,1,test,diff_days_indoor,5,0,0,0,0,0,0.29627758264541626
data/raw/osu_lora/Diff_Days_Indoor_Setup/Day5/Device7/IQ_1.dat,71,5566329,6,5,0,test,diff_days_indoor,5,0,0,0,0,0,0.3735797703266144
data/raw/osu_lora/Diff_Days_Indoor_Setup/Day5/Device7/IQ_1.dat,72,5644728,6,6,1,test,diff_days_indoor,5,0,0,0,0,0,0.32307547330856323
data/raw/osu_lora/Diff_Days_Indoor_Setup/Day5/Device7/IQ_1.dat,73,5723127,6,6,1,test,diff_days_indoor,5,0,0,0,0,0,0.2981899678707123
data/raw/osu_lora/Diff_Days_Indoor_Setup/Day5/Device7/IQ_1.dat,74,5801526,6,6,1,test,diff_days_indoor,5,0,0,0,0,0,0.3323742151260376
data/raw/osu_lora/Diff_Days_Indoor_Setup/Day5/Device7/IQ_1.dat,75,5879925,6,6,1,test,diff_days_indoor,5,0,0,0,0,0,0.31863847374916077
data/raw/osu_lora/Diff_Days_Indoor_Setup/Day5/Device7/IQ_1.dat,76,5958324,6,6,1,test,diff_days_indoor,5,0,0,0,0,0,0.3157970905303955
data/raw/osu_lora/Diff_Days_Indoor_Setup/Day5/Device7/IQ_1.dat,77,6036723,6,6,1,test,diff_days_indoor,5,0,0,0,0,0,0.29308485984802246
data/raw/osu_lora/Diff_Days_Indoor_Setup/Day5/Device7/IQ_1.dat,78,6115122,6,6,1,test,diff_days_indoor,5,0,0,0,0,0,0.28520917892456055
data/raw/osu_lora/Diff_Days_Indoor_Setup/Day5/Device7/IQ_1.dat,79,6193521,6,20,0,test,diff_days_indoor,5,0,0,0,0,0,0.30246400833129883
data/raw/osu_lora/Diff_Days_Indoor_Setup/Day5/Device7/IQ_1.dat,80,6271920,6,6,1,test,diff_days_indoor,5,0,0,0,0,0,0.2947252094745636
data/raw/osu_lora/Diff_Days_Indoor_Setup/Day5/Device7/IQ_1.dat,81,6350319,6,6,1,test,diff_days_indoor,5,0,0,0,0,0,0.3098717927932739
data/raw/osu_lora/Diff_Days_Indoor_Setup/Day5/Device7/IQ_1.dat,82,6428718,6,5,0,test,diff_days_indoor,5,0,0,0,0,0,0.43667417764663696
data/raw/osu_lora/Diff_Days_Indoor_Setup/Day5/Device7/IQ_1.dat,83,6507117,6,6,1,test,diff_days_indoor,5,0,0,0,0,0,0.31295672059059143
data/raw/osu_lora/Diff_Days_Indoor_Setup/Day5/Device7/IQ_1.dat,84,6585516,6,6,1,test,diff_days_indoor,5,0,0,0,0,0,0.29833537340164185
data/raw/osu_lora/Diff_Days_Indoor_Setup/Day5/Device7/IQ_1.dat,85,6663915,6,5,0,test,diff_days_indoor,5,0,0,0,0,0,0.33920523524284363
data/raw/osu_lora/Diff_Days_Indoor_Setup/Day5/Device7/IQ_1.dat,86,6742314,6,6,1,test,diff_days_indoor,5,0,0,0,0,0,0.2954648733139038
data/raw/osu_lora/Diff_Days_Indoor_Setup/Day5/Device7/IQ_1.dat,87,6820713,6,6,1,test,diff_days_indoor,5,0,0,0,0,0,0.2955552637577057
data/raw/osu_lora/Diff_Days_Indoor_Setup/Day5/Device7/IQ_1.dat,88,6899112,6,6,1,test,diff_days_indoor,5,0,0,0,0,0,0.29485413432121277
data/raw/osu_lora/Diff_Days_Indoor_Setup/Day5/Device7/IQ_1.dat,89,6977511,6,6,1,test,diff_days_indoor,5,0,0,0,0,0,0.2998305857181549
data/raw/osu_lora/Diff_Days_Indoor_Setup/Day5/Device7/IQ_1.dat,90,7055910,6,6,1,test,diff_days_indoor,5,0,0,0,0,0,0.28768429160118103
data/raw/osu_lora/Diff_Days_Indoor_Setup/Day5/Device7/IQ_1.dat,91,7134309,6,6,1,test,diff_days_indoor,5,0,0,0,0,0,0.2969154417514801
data/raw/osu_lora/Diff_Days_Indoor_Setup/Day5/Device7/IQ_1.dat,92,7212708,6,6,1,test,diff_days_indoor,5,0,0,0,0,0,0.29582658410072327
data/raw/osu_lora/Diff_Days_Indoor_Setup/Day5/Device7/IQ_1.dat,93,7291107,6,6,1,test,diff_days_indoor,5,0,0,0,0,0,0.2944655418395996
data/raw/osu_lora/Diff_Days_Indoor_Setup/Day5/Device7/IQ_1.dat,94,7369506,6,6,1,test,diff_days_indoor,5,0,0,0,0,0,0.29406625032424927
data/raw/osu_lora/Diff_Days_Indoor_Setup/Day5/Device7/IQ_1.dat,95,7447905,6,6,1,test,diff_days_indoor,5,0,0,0,0,0,0.2937387526035309
data/raw/osu_lora/Diff_Days_Indoor_Setup/Day5/Device7/IQ_1.dat,96,7526304,6,5,0,test,diff_days_indoor,5,0,0,0,0,0,0.3543769419193268
data/raw/osu_lora/Diff_Days_Indoor_Setup/Day5/Device7/IQ_1.dat,97,7604703,6,6,1,test,diff_days_indoor,5,0,0,0,0,0,0.33398357033729553
data/raw/osu_lora/Diff_Days_Indoor_Setup/Day5/Device7/IQ_1.dat,98,7683102,6,6,1,test,diff_days_indoor,5,0,0,0,0,0,0.29062190651893616
data/raw/osu_lora/Diff_Days_Indoor_Setup/Day5/Device7/IQ_1.dat,99,7761501,6,6,1,test,diff_days_indoor,5,0,0,0,0,0,0.2938312292098999
data/raw/osu_lora/Diff_Days_Indoor_Setup/Day5/Device7/IQ_1.dat,100,7839900,6,6,1,test,diff_days_indoor,5,0,0,0,0,0,0.29657965898513794
data/raw/osu_lora/Diff_Days_Indoor_Setup/Day5/Device7/IQ_1.dat,101,7918299,6,6,1,test,diff_days_indoor,5,0,0,0,0,0,0.30393752455711365
data/raw/osu_lora/Diff_Days_Indoor_Setup/Day5/Device7/IQ_1.dat,102,7996698,6,6,1,test,diff_days_indoor,5,0,0,0,0,0,0.3133132755756378
data/raw/osu_lora/Diff_Days_Indoor_Setup/Day5/Device7/IQ_1.dat,103,8075097,6,5,0,test,diff_days_indoor,5,0,0,0,0,0,0.37380921840667725
data/raw/osu_lora/Diff_Days_Indoor_Setup/Day5/Device7/IQ_1.dat,104,8153496,6,6,1,test,diff_days_indoor,5,0,0,0,0,0,0.2871426045894623
data/raw/osu_lora/Diff_Days_Indoor_Setup/Day5/Device7/IQ_1.dat,105,8231895,6,6,1,test,diff_days_indoor,5,0,0,0,0,0,0.28952494263648987
data/raw/osu_lora/Diff_Days_Indoor_Setup/Day5/Device7/IQ_1.dat,106,8310294,6,6,1,test,diff_days_indoor,5,0,0,0,0,0,0.32397034764289856
data/raw/osu_lora/Diff_Days_Indoor_Setup/Day5/Device7/IQ_1.dat,107,8388693,6,6,1,test,diff_days_indoor,5,0,0,0,0,0,0.28763213753700256
data/raw/osu_lora/Diff_Days_Indoor_Setup/Day5/Device7/IQ_1.dat,108,8467092,6,5,0,test,diff_days_indoor,5,0,0,0,0,0,0.4139389991760254
data/raw/osu_lora/Diff_Days_Indoor_Setup/Day5/Device7/IQ_1.dat,109,8545491,6,6,1,test,diff_days_indoor,5,0,0,0,0,0,0.29741233587265015
data/raw/osu_lora/Diff_Days_Indoor_Setup/Day5/Device7/IQ_1.dat,110,8623890,6,5,0,test,diff_days_indoor,5,0,0,0,0,0,0.3979664742946625
data/raw/osu_lora/Diff_Days_Indoor_Setup/Day5/Device7/IQ_1.dat,111,8702289,6,6,1,test,diff_days_indoor,5,0,0,0,0,0,0.30336374044418335
data/raw/osu_lora/Diff_Days_Indoor_Setup/Day5/Device7/IQ_1.dat,112,8780688,6,6,1,test,diff_days_indoor,5,0,0,0,0,0,0.29382607340812683
data/raw/osu_lora/Diff_Days_Indoor_Setup/Day5/Device7/IQ_1.dat,113,8859087,6,6,1,test,diff_days_indoor,5,0,0,0,0,0,0.29649412631988525
data/raw/osu_lora/Diff_Days_Indoor_Setup/Day5/Device7/IQ_1.dat,114,8937486,6,6,1,test,diff_days_indoor,5,0,0,0,0,0,0.2948761284351349
data/raw/osu_lora/Diff_Days_Indoor_Setup/Day5/Device7/IQ_1.dat,115,9015885,6,23,0,test,diff_days_indoor,5,0,0,0,0,0,0.09510818123817444
data/raw/osu_lora/Diff_Days_Indoor_Setup/Day5/Device7/IQ_1.dat,116,9094284,6,6,1,test,diff_days_indoor,5,0,0,0,0,0,0.30395233631134033
data/raw/osu_lora/Diff_Days_Indoor_Setup/Day5/Device7/IQ_1.dat,117,9172683,6,6,1,test,diff_days_indoor,5,0,0,0,0,0,0.2959659993648529
data/raw/osu_lora/Diff_Days_Indoor_Setup/Day5/Device7/IQ_1.dat,118,9251082,6,5,0,test,diff_days_indoor,5,0,0,0,0,0,0.40243059396743774
data/raw/osu_lora/Diff_Days_Indoor_Setup/Day5/Device7/IQ_1.dat,119,9329481,6,6,1,test,diff_days_indoor,5,0,0,0,0,0,0.29555726051330566
data/raw/osu_lora/Diff_Days_Indoor_Setup/Day5/Device7/IQ_1.dat,120,9407880,6,6,1,test,diff_days_indoor,5,0,0,0,0,0,0.33044499158859253
data/raw/osu_lora/Diff_Days_Indoor_Setup/Day5/Device7/IQ_1.dat,121,9486279,6,6,1,test,diff_days_indoor,5,0,0,0,0,0,0.29417261481285095
data/raw/osu_lora/Diff_Days_Indoor_Setup/Day5/Device7/IQ_1.dat,122,9564678,6,6,1,test,diff_days_indoor,5,0,0,0,0,0,0.3199368119239807
data/raw/osu_lora/Diff_Days_Indoor_Setup/Day5/Device7/IQ_1.dat,123,9643077,6,6,1,test,diff_days_indoor,5,0,0,0,0,0,0.29558345675468445
data/raw/osu_lora/Diff_Days_Indoor_Setup/Day5/Device7/IQ_1.dat,124,9721476,6,20,0,test,diff_days_indoor,5,0,0,0,0,0,0.29150390625
data/raw/osu_lora/Diff_Days_Indoor_Setup/Day5/Device7/IQ_1.dat,125,9799875,6,6,1,test,diff_days_indoor,5,0,0,0,0,0,0.2894769310951233
data/raw/osu_lora/Diff_Days_Indoor_Setup/Day5/Device7/IQ_1.dat,126,9878274,6,6,1,test,diff_days_indoor,5,0,0,0,0,0,0.29624733328819275
data/raw/osu_lora/Diff_Days_Indoor_Setup/Day5/Device7/IQ_1.dat,127,9956673,6,6,1,test,diff_days_indoor,5,0,0,0,0,0,0.3026469349861145
data/raw/osu_lora/Diff_Days_Indoor_Setup/Day5/Device7/IQ_1.dat,128,10035072,6,6,1,test,diff_days_indoor,5,0,0,0,0,0,0.2968136668205261
data/raw/osu_lora/Diff_Days_Indoor_Setup/Day5/Device7/IQ_1.dat,129,10113471,6,6,1,test,diff_days_indoor,5,0,0,0,0,0,0.3050018846988678
data/raw/osu_lora/Diff_Days_Indoor_Setup/Day5/Device7/IQ_1.dat,130,10191870,6,6,1,test,diff_days_indoor,5,0,0,0,0,0,0.3236837089061737
data/raw/osu_lora/Diff_Days_Indoor_Setup/Day5/Device7/IQ_1.dat,131,10270269,6,6,1,test,diff_days_indoor,5,0,0,0,0,0,0.3044559955596924
data/raw/osu_lora/Diff_Days_Indoor_Setup/Day5/Device7/IQ_1.dat,132,10348668,6,6,1,test,diff_days_indoor,5,0,0,0,0,0,0.29296544194221497
data/raw/osu_lora/Diff_Days_Indoor_Setup/Day5/Device7/IQ_1.dat,133,10427067,6,6,1,test,diff_days_indoor,5,0,0,0,0,0,0.29607537388801575
data/raw/osu_lora/Diff_Days_Indoor_Setup/Day5/Device7/IQ_1.dat,134,10505466,6,6,1,test,diff_days_indoor,5,0,0,0,0,0,0.29173317551612854
data/raw/osu_lora/Diff_Days_Indoor_Setup/Day5/Device7/IQ_1.dat,135,10583865,6,6,1,test,diff_days_indoor,5,0,0,0,0,0,0.32850223779678345
data/raw/osu_lora/Diff_Days_Indoor_Setup/Day5/Device7/IQ_1.dat,136,10662264,6,6,1,test,diff_days_indoor,5,0,0,0,0,0,0.3329333961009979
data/raw/osu_lora/Diff_Days_Indoor_Setup/Day5/Device7/IQ_1.dat,137,10740663,6,6,1,test,diff_days_indoor,5,0,0,0,0,0,0.29460814595222473
data/raw/osu_lora/Diff_Days_Indoor_Setup/Day5/Device7/IQ_1.dat,138,10819062,6,6,1,test,diff_days_indoor,5,0,0,0,0,0,0.30809131264686584
data/raw/osu_lora/Diff_Days_Indoor_Setup/Day5/Device7/IQ_1.dat,139,10897461,6,6,1,test,diff_days_indoor,5,0,0,0,0,0,0.2952919900417328
data/raw/osu_lora/Diff_Days_Indoor_Setup/Day5/Device7/IQ_1.dat,140,10975860,6,6,1,test,diff_days_indoor,5,0,0,0,0,0,0.2948263883590698
data/raw/osu_lora/Diff_Days_Indoor_Setup/Day5/Device7/IQ_1.dat,141,11054259,6,6,1,test,diff_days_indoor,5,0,0,0,0,0,0.2917838394641876
data/raw/osu_lora/Diff_Days_Indoor_Setup/Day5/Device7/IQ_1.dat,142,11132658,6,6,1,test,diff_days_indoor,5,0,0,0,0,0,0.31021344661712646
data/raw/osu_lora/Diff_Days_Indoor_Setup/Day5/Device7/IQ_1.dat,143,11211057,6,5,0,test,diff_days_indoor,5,0,0,0,0,0,0.3775327205657959
data/raw/osu_lora/Diff_Days_Indoor_Setup/Day5/Device7/IQ_1.dat,144,11289456,6,6,1,test,diff_days_indoor,5,0,0,0,0,0,0.2951667308807373
data/raw/osu_lora/Diff_Days_Indoor_Setup/Day5/Device7/IQ_1.dat,145,11367855,6,5,0,test,diff_days_indoor,5,0,0,0,0,0,0.5238890647888184
data/raw/osu_lora/Diff_Days_Indoor_Setup/Day5/Device7/IQ_1.dat,146,11446254,6,6,1,test,diff_days_indoor,5,0,0,0,0,0,0.33332762122154236
data/raw/osu_lora/Diff_Days_Indoor_Setup/Day5/Device7/IQ_1.dat,147,11524653,6,6,1,test,diff_days_indoor,5,0,0,0,0,0,0.31332746148109436
data/raw/osu_lora/Diff_Days_Indoor_Setup/Day5/Device7/IQ_1.dat,148,11603052,6,6,1,test,diff_days_indoor,5,0,0,0,0,0,0.3016059994697571
data/raw/osu_lora/Diff_Days_Indoor_Setup/Day5/Device7/IQ_1.dat,149,11681451,6,6,1,test,diff_days_indoor,5,0,0,0,0,0,0.3158617913722992
data/raw/osu_lora/Diff_Days_Indoor_Setup/Day5/Device7/IQ_1.dat,150,11759850,6,5,0,test,diff_days_indoor,5,0,0,0,0,0,0.3757774829864502
data/raw/osu_lora/Diff_Days_Indoor_Setup/Day5/Device7/IQ_1.dat,151,11838249,6,6,1,test,diff_days_indoor,5,0,0,0,0,0,0.2910580635070801
data/raw/osu_lora/Diff_Days_Indoor_Setup/Day5/Device7/IQ_1.dat,152,11916648,6,6,1,test,diff_days_indoor,5,0,0,0,0,0,0.2842937111854553
data/raw/osu_lora/Diff_Days_Indoor_Setup/Day5/Device7/IQ_1.dat,153,11995047,6,6,1,test,diff_days_indoor,5,0,0,0,0,0,0.30258622765541077
data/raw/osu_lora/Diff_Days_Indoor_Setup/Day5/Device7/IQ_1.dat,154,12073446,6,6,1,test,diff_days_indoor,5,0,0,0,0,0,0.2969496548175812
data/raw/osu_lora/Diff_Days_Indoor_Setup/Day5/Device7/IQ_1.dat,155,12151845,6,5,0,test,diff_days_indoor,5,0,0,0,0,0,0.36740681529045105
data/raw/osu_lora/Diff_Days_Indoor_Setup/Day5/Device7/IQ_1.dat,156,12230244,6,6,1,test,diff_days_indoor,5,0,0,0,0,0,0.3247602880001068
data/raw/osu_lora/Diff_Days_Indoor_Setup/Day5/Device7/IQ_1.dat,157,12308643,6,5,0,test,diff_days_indoor,5,0,0,0,0,0,0.5895170569419861
data/raw/osu_lora/Diff_Days_Indoor_Setup/Day5/Device7/IQ_1.dat,158,12387042,6,6,1,test,diff_days_indoor,5,0,0,0,0,0,0.2908293306827545
data/raw/osu_lora/Diff_Days_Indoor_Setup/Day5/Device7/IQ_1.dat,159,12465441,6,6,1,test,diff_days_indoor,5,0,0,0,0,0,0.2915306091308594
data/raw/osu_lora/Diff_Days_Indoor_Setup/Day5/Device7/IQ_1.dat,160,12543840,6,5,0,test,diff_days_indoor,5,0,0,0,0,0,0.3350776731967926
data/raw/osu_lora/Diff_Days_Indoor_Setup/Day5/Device7/IQ_1.dat,161,12622239,6,6,1,test,diff_days_indoor,5,0,0,0,0,0,0.29405638575553894
data/raw/osu_lora/Diff_Days_Indoor_Setup/Day5/Device7/IQ_1.dat,162,12700638,6,23,0,test,diff_days_indoor,5,0,0,0,0,0,0.09647085517644882
data/raw/osu_lora/Diff_Days_Indoor_Setup/Day5/Device7/IQ_1.dat,163,12779037,6,6,1,test,diff_days_indoor,5,0,0,0,0,0,0.2962443232536316
data/raw/osu_lora/Diff_Days_Indoor_Setup/Day5/Device7/IQ_1.dat,164,12857436,6,6,1,test,diff_days_indoor,5,0,0,0,0,0,0.293905645608902
data/raw/osu_lora/Diff_Days_Indoor_Setup/Day5/Device7/IQ_1.dat,165,12935835,6,6,1,test,diff_days_indoor,5,0,0,0,0,0,0.3267129361629486
data/raw/osu_lora/Diff_Days_Indoor_Setup/Day5/Device7/IQ_1.dat,166,13014234,6,6,1,test,diff_days_indoor,5,0,0,0,0,0,0.2977827489376068
data/raw/osu_lora/Diff_Days_Indoor_Setup/Day5/Device7/IQ_1.dat,167,13092633,6,6,1,test,diff_days_indoor,5,0,0,0,0,0,0.2958775460720062
data/raw/osu_lora/Diff_Days_Indoor_Setup/Day5/Device7/IQ_1.dat,168,13171032,6,6,1,test,diff_days_indoor,5,0,0,0,0,0,0.2901465594768524
data/raw/osu_lora/Diff_Days_Indoor_Setup/Day5/Device7/IQ_1.dat,169,13249431,6,6,1,test,diff_days_indoor,5,0,0,0,0,0,0.32327961921691895
data/raw/osu_lora/Diff_Days_Indoor_Setup/Day5/Device7/IQ_1.dat,170,13327830,6,6,1,test,diff_days_indoor,5,0,0,0,0,0,0.29600489139556885
data/raw/osu_lora/Diff_Days_Indoor_Setup/Day5/Device7/IQ_1.dat,171,13406229,6,6,1,test,diff_days_indoor,5,0,0,0,0,0,0.2930254340171814
data/raw/osu_lora/Diff_Days_Indoor_Setup/Day5/Device7/IQ_1.dat,172,13484628,6,6,1,test,diff_days_indoor,5,0,0,0,0,0,0.29378899931907654
data/raw/osu_lora/Diff_Days_Indoor_Setup/Day5/Device7/IQ_1.dat,173,13563027,6,6,1,test,diff_days_indoor,5,0,0,0,0,0,0.2801714241504669
data/raw/osu_lora/Diff_Days_Indoor_Setup/Day5/Device7/IQ_1.dat,174,13641426,6,6,1,test,diff_days_indoor,5,0,0,0,0,0,0.3068946599960327
data/raw/osu_lora/Diff_Days_Indoor_Setup/Day5/Device7/IQ_1.dat,175,13719825,6,5,0,test,diff_days_indoor,5,0,0,0,0,0,0.36482638120651245
data/raw/osu_lora/Diff_Days_Indoor_Setup/Day5/Device7/IQ_1.dat,176,13798224,6,6,1,test,diff_days_indoor,5,0,0,0,0,0,0.29878851771354675
data/raw/osu_lora/Diff_Days_Indoor_Setup/Day5/Device7/IQ_1.dat,177,13876623,6,6,1,test,diff_days_indoor,5,0,0,0,0,0,0.3295428454875946
data/raw/osu_lora/Diff_Days_Indoor_Setup/Day5/Device7/IQ_1.dat,178,13955022,6,6,1,test,diff_days_indoor,5,0,0,0,0,0,0.2914741039276123
data/raw/osu_lora/Diff_Days_Indoor_Setup/Day5/Device7/IQ_1.dat,179,14033421,6,6,1,test,diff_days_indoor,5,0,0,0,0,0,0.2925604581832886
data/raw/osu_lora/Diff_Days_Indoor_Setup/Day5/Device7/IQ_1.dat,180,14111820,6,6,1,test,diff_days_indoor,5,0,0,0,0,0,0.3091786801815033
data/raw/osu_lora/Diff_Days_Indoor_Setup/Day5/Device7/IQ_1.dat,181,14190219,6,6,1,test,diff_days_indoor,5,0,0,0,0,0,0.3148779273033142
data/raw/osu_lora/Diff_Days_Indoor_Setup/Day5/Device7/IQ_1.dat,182,14268618,6,5,0,test,diff_days_indoor,5,0,0,0,0,0,0.33354881405830383
data/raw/osu_lora/Diff_Days_Indoor_Setup/Day5/Device7/IQ_1.dat,183,14347017,6,6,1,test,diff_days_indoor,5,0,0,0,0,0,0.30387082695961
data/raw/osu_lora/Diff_Days_Indoor_Setup/Day5/Device7/IQ_1.dat,184,14425416,6,6,1,test,diff_days_indoor,5,0,0,0,0,0,0.3163437247276306
data/raw/osu_lora/Diff_Days_Indoor_Setup/Day5/Device7/IQ_1.dat,185,14503815,6,6,1,test,diff_days_indoor,5,0,0,0,0,0,0.29149922728538513
data/raw/osu_lora/Diff_Days_Indoor_Setup/Day5/Device7/IQ_1.dat,186,14582214,6,6,1,test,diff_days_indoor,5,0,0,0,0,0,0.291147381067276
data/raw/osu_lora/Diff_Days_Indoor_Setup/Day5/Device7/IQ_1.dat,187,14660613,6,20,0,test,diff_days_indoor,5,0,0,0,0,0,0.2867341935634613
data/raw/osu_lora/Diff_Days_Indoor_Setup/Day5/Device7/IQ_1.dat,188,14739012,6,6,1,test,diff_days_indoor,5,0,0,0,0,0,0.3001912534236908
data/raw/osu_lora/Diff_Days_Indoor_Setup/Day5/Device7/IQ_1.dat,189,14817411,6,6,1,test,diff_days_indoor,5,0,0,0,0,0,0.2924174964427948
data/raw/osu_lora/Diff_Days_Indoor_Setup/Day5/Device7/IQ_1.dat,190,14895810,6,6,1,test,diff_days_indoor,5,0,0,0,0,0,0.29566287994384766
data/raw/osu_lora/Diff_Days_Indoor_Setup/Day5/Device7/IQ_1.dat,191,14974209,6,6,1,test,diff_days_indoor,5,0,0,0,0,0,0.3353615403175354
data/raw/osu_lora/Diff_Days_Indoor_Setup/Day5/Device7/IQ_1.dat,192,15052608,6,6,1,test,diff_days_indoor,5,0,0,0,0,0,0.3258301615715027
data/raw/osu_lora/Diff_Days_Indoor_Setup/Day5/Device7/IQ_1.dat,193,15131007,6,6,1,test,diff_days_indoor,5,0,0,0,0,0,0.28921929001808167
data/raw/osu_lora/Diff_Days_Indoor_Setup/Day5/Device7/IQ_1.dat,194,15209406,6,6,1,test,diff_days_indoor,5,0,0,0,0,0,0.312645822763443
data/raw/osu_lora/Diff_Days_Indoor_Setup/Day5/Device7/IQ_1.dat,195,15287805,6,6,1,test,diff_days_indoor,5,0,0,0,0,0,0.2952832579612732
data/raw/osu_lora/Diff_Days_Indoor_Setup/Day5/Device7/IQ_1.dat,196,15366204,6,6,1,test,diff_days_indoor,5,0,0,0,0,0,0.32737767696380615
data/raw/osu_lora/Diff_Days_Indoor_Setup/Day5/Device7/IQ_1.dat,197,15444603,6,20,0,test,diff_days_indoor,5,0,0,0,0,0,0.35830381512641907
data/raw/osu_lora/Diff_Days_Indoor_Setup/Day5/Device7/IQ_1.dat,198,15523002,6,6,1,test,diff_days_indoor,5,0,0,0,0,0,0.2938900291919708
data/raw/osu_lora/Diff_Days_Indoor_Setup/Day5/Device7/IQ_1.dat,199,15601401,6,6,1,test,diff_days_indoor,5,0,0,0,0,0,0.2928961217403412
data/raw/osu_lora/Diff_Days_Indoor_Setup/Day5/Device7/IQ_1.dat,200,15679800,6,6,1,test,diff_days_indoor,5,0,0,0,0,0,0.2941294014453888
data/raw/osu_lora/Diff_Days_Indoor_Setup/Day5/Device7/IQ_1.dat,201,15758199,6,6,1,test,diff_days_indoor,5,0,0,0,0,0,0.30538201332092285
data/raw/osu_lora/Diff_Days_Indoor_Setup/Day5/Device7/IQ_1.dat,202,15836598,6,6,1,test,diff_days_indoor,5,0,0,0,0,0,0.32233092188835144
data/raw/osu_lora/Diff_Days_Indoor_Setup/Day5/Device7/IQ_1.dat,203,15914997,6,5,0,test,diff_days_indoor,5,0,0,0,0,0,0.3995960056781769
data/raw/osu_lora/Diff_Days_Indoor_Setup/Day5/Device7/IQ_1.dat,204,15993396,6,6,1,test,diff_days_indoor,5,0,0,0,0,0,0.2977259159088135
data/raw/osu_lora/Diff_Days_Indoor_Setup/Day5/Device7/IQ_1.dat,205,16071795,6,6,1,test,diff_days_indoor,5,0,0,0,0,0,0.29674696922302246
data/raw/osu_lora/Diff_Days_Indoor_Setup/Day5/Device7/IQ_1.dat,206,16150194,6,6,1,test,diff_days_indoor,5,0,0,0,0,0,0.29300642013549805
data/raw/osu_lora/Diff_Days_Indoor_Setup/Day5/Device7/IQ_1.dat,207,16228593,6,6,1,test,diff_days_indoor,5,0,0,0,0,0,0.30406656861305237
data/raw/osu_lora/Diff_Days_Indoor_Setup/Day5/Device7/IQ_1.dat,208,16306992,6,6,1,test,diff_days_indoor,5,0,0,0,0,0,0.31616294384002686
data/raw/osu_lora/Diff_Days_Indoor_Setup/Day5/Device7/IQ_1.dat,209,16385391,6,5,0,test,diff_days_indoor,5,0,0,0,0,0,0.3075563609600067
data/raw/osu_lora/Diff_Days_Indoor_Setup/Day5/Device7/IQ_1.dat,210,16463790,6,6,1,test,diff_days_indoor,5,0,0,0,0,0,0.28977224230766296
data/raw/osu_lora/Diff_Days_Indoor_Setup/Day5/Device7/IQ_1.dat,211,16542189,6,5,0,test,diff_days_indoor,5,0,0,0,0,0,0.3370397090911865
data/raw/osu_lora/Diff_Days_Indoor_Setup/Day5/Device7/IQ_1.dat,212,16620588,6,6,1,test,diff_days_indoor,5,0,0,0,0,0,0.334981769323349
data/raw/osu_lora/Diff_Days_Indoor_Setup/Day5/Device7/IQ_1.dat,213,16698987,6,6,1,test,diff_days_indoor,5,0,0,0,0,0,0.2958129048347473
data/raw/osu_lora/Diff_Days_Indoor_Setup/Day5/Device7/IQ_1.dat,214,16777386,6,6,1,test,diff_days_indoor,5,0,0,0,0,0,0.309751957654953
data/raw/osu_lora/Diff_Days_Indoor_Setup/Day5/Device7/IQ_1.dat,215,16855785,6,6,1,test,diff_days_indoor,5,0,0,0,0,0,0.29775577783584595
data/raw/osu_lora/Diff_Days_Indoor_Setup/Day5/Device7/IQ_1.dat,216,16934184,6,5,0,test,diff_days_indoor,5,0,0,0,0,0,0.5077552795410156
data/raw/osu_lora/Diff_Days_Indoor_Setup/Day5/Device7/IQ_1.dat,217,17012583,6,6,1,test,diff_days_indoor,5,0,0,0,0,0,0.32468336820602417
data/raw/osu_lora/Diff_Days_Indoor_Setup/Day5/Device7/IQ_1.dat,218,17090982,6,6,1,test,diff_days_indoor,5,0,0,0,0,0,0.2946259379386902
data/raw/osu_lora/Diff_Days_Indoor_Setup/Day5/Device7/IQ_1.dat,219,17169381,6,6,1,test,diff_days_indoor,5,0,0,0,0,0,0.29792866110801697
data/raw/osu_lora/Diff_Days_Indoor_Setup/Day5/Device7/IQ_1.dat,220,17247780,6,6,1,test,diff_days_indoor,5,0,0,0,0,0,0.28814440965652466
data/raw/osu_lora/Diff_Days_Indoor_Setup/Day5/Device7/IQ_1.dat,221,17326179,6,5,0,test,diff_days_indoor,5,0,0,0,0,0,0.39810964465141296
data/raw/osu_lora/Diff_Days_Indoor_Setup/Day5/Device7/IQ_1.dat,222,17404578,6,5,0,test,diff_days_indoor,5,0,0,0,0,0,0.4153698980808258
data/raw/osu_lora/Diff_Days_Indoor_Setup/Day5/Device7/IQ_1.dat,223,17482977,6,5,0,test,diff_days_indoor,5,0,0,0,0,0,0.39499983191490173
data/raw/osu_lora/Diff_Days_Indoor_Setup/Day5/Device7/IQ_1.dat,224,17561376,6,6,1,test,diff_days_indoor,5,0,0,0,0,0,0.2919556200504303
data/raw/osu_lora/Diff_Days_Indoor_Setup/Day5/Device7/IQ_1.dat,225,17639775,6,6,1,test,diff_days_indoor,5,0,0,0,0,0,0.2902839481830597
data/raw/osu_lora/Diff_Days_Indoor_Setup/Day5/Device7/IQ_1.dat,226,17718174,6,6,1,test,diff_days_indoor,5,0,0,0,0,0,0.29117414355278015
data/raw/osu_lora/Diff_Days_Indoor_Setup/Day5/Device7/IQ_1.dat,227,17796573,6,20,0,test,diff_days_indoor,5,0,0,0,0,0,0.2903609871864319
data/raw/osu_lora/Diff_Days_Indoor_Setup/Day5/Device7/IQ_1.dat,228,17874972,6,5,0,test,diff_days_indoor,5,0,0,0,0,0,0.3652816414833069
data/raw/osu_lora/Diff_Days_Indoor_Setup/Day5/Device7/IQ_1.dat,229,17953371,6,6,1,test,diff_days_indoor,5,0,0,0,0,0,0.31471189856529236
data/raw/osu_lora/Diff_Days_Indoor_Setup/Day5/Device7/IQ_1.dat,230,18031770,6,5,0,test,diff_days_indoor,5,0,0,0,0,0,0.3868350684642792
data/raw/osu_lora/Diff_Days_Indoor_Setup/Day5/Device7/IQ_1.dat,231,18110169,6,6,1,test,diff_days_indoor,5,0,0,0,0,0,0.329982191324234
data/raw/osu_lora/Diff_Days_Indoor_Setup/Day5/Device7/IQ_1.dat,232,18188568,6,6,1,test,diff_days_indoor,5,0,0,0,0,0,0.3096175193786621
data/raw/osu_lora/Diff_Days_Indoor_Setup/Day5/Device7/IQ_1.dat,233,18266967,6,6,1,test,diff_days_indoor,5,0,0,0,0,0,0.33183252811431885
data/raw/osu_lora/Diff_Days_Indoor_Setup/Day5/Device7/IQ_1.dat,234,18345366,6,6,1,test,diff_days_indoor,5,0,0,0,0,0,0.2945348620414734
data/raw/osu_lora/Diff_Days_Indoor_Setup/Day5/Device7/IQ_1.dat,235,18423765,6,7,0,test,diff_days_indoor,5,0,0,0,0,0,0.08954048901796341
data/raw/osu_lora/Diff_Days_Indoor_Setup/Day5/Device7/IQ_1.dat,236,18502164,6,6,1,test,diff_days_indoor,5,0,0,0,0,0,0.29548221826553345
data/raw/osu_lora/Diff_Days_Indoor_Setup/Day5/Device7/IQ_1.dat,237,18580563,6,6,1,test,diff_days_indoor,5,0,0,0,0,0,0.32928773760795593
data/raw/osu_lora/Diff_Days_Indoor_Setup/Day5/Device7/IQ_1.dat,238,18658962,6,5,0,test,diff_days_indoor,5,0,0,0,0,0,0.3855817914009094
data/raw/osu_lora/Diff_Days_Indoor_Setup/Day5/Device7/IQ_1.dat,239,18737361,6,6,1,test,diff_days_indoor,5,0,0,0,0,0,0.30845361948013306
data/raw/osu_lora/Diff_Days_Indoor_Setup/Day5/Device7/IQ_1.dat,240,18815760,6,6,1,test,diff_days_indoor,5,0,0,0,0,0,0.3051333725452423
data/raw/osu_lora/Diff_Days_Indoor_Setup/Day5/Device7/IQ_1.dat,241,18894159,6,20,0,test,diff_days_indoor,5,0,0,0,0,0,0.28396815061569214
data/raw/osu_lora/Diff_Days_Indoor_Setup/Day5/Device7/IQ_1.dat,242,18972558,6,6,1,test,diff_days_indoor,5,0,0,0,0,0,0.3071436285972595
data/raw/osu_lora/Diff_Days_Indoor_Setup/Day5/Device7/IQ_1.dat,243,19050957,6,6,1,test,diff_days_indoor,5,0,0,0,0,0,0.3360356390476227
data/raw/osu_lora/Diff_Days_Indoor_Setup/Day5/Device7/IQ_1.dat,244,19129356,6,6,1,test,diff_days_indoor,5,0,0,0,0,0,0.2807675302028656
data/raw/osu_lora/Diff_Days_Indoor_Setup/Day5/Device7/IQ_1.dat,245,19207755,6,6,1,test,diff_days_indoor,5,0,0,0,0,0,0.29048559069633484
data/raw/osu_lora/Diff_Days_Indoor_Setup/Day5/Device7/IQ_1.dat,246,19286154,6,6,1,test,diff_days_indoor,5,0,0,0,0,0,0.2789289057254791
data/raw/osu_lora/Diff_Days_Indoor_Setup/Day5/Device7/IQ_1.dat,247,19364553,6,6,1,test,diff_days_indoor,5,0,0,0,0,0,0.2943117320537567
data/raw/osu_lora/Diff_Days_Indoor_Setup/Day5/Device7/IQ_1.dat,248,19442952,6,6,1,test,diff_days_indoor,5,0,0,0,0,0,0.30695995688438416
data/raw/osu_lora/Diff_Days_Indoor_Setup/Day5/Device7/IQ_1.dat,249,19521351,6,6,1,test,diff_days_indoor,5,0,0,0,0,0,0.29952383041381836
data/raw/osu_lora/Diff_Days_Indoor_Setup/Day5/Device7/IQ_1.dat,250,19599750,6,6,1,test,diff_days_indoor,5,0,0,0,0,0,0.3302459120750427
data/raw/osu_lora/Diff_Days_Indoor_Setup/Day5/Device7/IQ_1.dat,251,19678149,6,6,1,test,diff_days_indoor,5,0,0,0,0,0,0.29411864280700684
data/raw/osu_lora/Diff_Days_Indoor_Setup/Day5/Device7/IQ_1.dat,252,19756548,6,6,1,test,diff_days_indoor,5,0,0,0,0,0,0.2925751805305481
data/raw/osu_lora/Diff_Days_Indoor_Setup/Day5/Device7/IQ_1.dat,253,19834947,6,5,0,test,diff_days_indoor,5,0,0,0,0,0,0.35328829288482666
data/raw/osu_lora/Diff_Days_Indoor_Setup/Day5/Device7/IQ_1.dat,254,19913346,6,5,0,test,diff_days_indoor,5,0,0,0,0,0,0.39843955636024475
data/raw/osu_lora/Diff_Days_Indoor_Setup/Day5/Device7/IQ_1.dat,255,19991745,6,6,1,test,diff_days_indoor,5,0,0,0,0,0,0.29053014516830444
data/raw/osu_lora/Diff_Days_Indoor_Setup/Day5/Device8/IQ_1.dat,0,0,7,7,1,test,diff_days_indoor,5,0,0,0,0,0,0.1763909012079239
data/raw/osu_lora/Diff_Days_Indoor_Setup/Day5/Device8/IQ_1.dat,1,78399,7,7,1,test,diff_days_indoor,5,0,0,0,0,0,0.17725443840026855
data/raw/osu_lora/Diff_Days_Indoor_Setup/Day5/Device8/IQ_1.dat,2,156798,7,7,1,test,diff_days_indoor,5,0,0,0,0,0,0.1828608363866806
data/raw/osu_lora/Diff_Days_Indoor_Setup/Day5/Device8/IQ_1.dat,3,235197,7,16,0,test,diff_days_indoor,5,0,0,0,0,0,0.15155839920043945
data/raw/osu_lora/Diff_Days_Indoor_Setup/Day5/Device8/IQ_1.dat,4,313596,7,7,1,test,diff_days_indoor,5,0,0,0,0,0,0.1559951901435852
data/raw/osu_lora/Diff_Days_Indoor_Setup/Day5/Device8/IQ_1.dat,5,391995,7,7,1,test,diff_days_indoor,5,0,0,0,0,0,0.18068966269493103
data/raw/osu_lora/Diff_Days_Indoor_Setup/Day5/Device8/IQ_1.dat,6,470394,7,7,1,test,diff_days_indoor,5,0,0,0,0,0,0.16084282100200653
data/raw/osu_lora/Diff_Days_Indoor_Setup/Day5/Device8/IQ_1.dat,7,548793,7,7,1,test,diff_days_indoor,5,0,0,0,0,0,0.16189341247081757
data/raw/osu_lora/Diff_Days_Indoor_Setup/Day5/Device8/IQ_1.dat,8,627192,7,7,1,test,diff_days_indoor,5,0,0,0,0,0,0.18759630620479584
data/raw/osu_lora/Diff_Days_Indoor_Setup/Day5/Device8/IQ_1.dat,9,705591,7,7,1,test,diff_days_indoor,5,0,0,0,0,0,0.17963169515132904
data/raw/osu_lora/Diff_Days_Indoor_Setup/Day5/Device8/IQ_1.dat,10,783990,7,17,0,test,diff_days_indoor,5,0,0,0,0,0,0.18213380873203278
data/raw/osu_lora/Diff_Days_Indoor_Setup/Day5/Device8/IQ_1.dat,11,862389,7,7,1,test,diff_days_indoor,5,0,0,0,0,0,0.16468428075313568
data/raw/osu_lora/Diff_Days_Indoor_Setup/Day5/Device8/IQ_1.dat,12,940788,7,17,0,test,diff_days_indoor,5,0,0,0,0,0,0.18551012873649597
data/raw/osu_lora/Diff_Days_Indoor_Setup/Day5/Device8/IQ_1.dat,13,1019187,7,17,0,test,diff_days_indoor,5,0,0,0,0,0,0.18301956355571747
data/raw/osu_lora/Diff_Days_Indoor_Setup/Day5/Device8/IQ_1.dat,14,1097586,7,7,1,test,diff_days_indoor,5,0,0,0,0,0,0.17860795557498932
data/raw/osu_lora/Diff_Days_Indoor_Setup/Day5/Device8/IQ_1.dat,15,1175985,7,7,1,test,diff_days_indoor,5,0,0,0,0,0,0.1816382110118866
data/raw/osu_lora/Diff_Days_Indoor_Setup/Day5/Device8/IQ_1.dat,16,1254384,7,7,1,test,diff_days_indoor,5,0,0,0,0,0,0.17226342856884003
data/raw/osu_lora/Diff_Days_Indoor_Setup/Day5/Device8/IQ_1.dat,17,1332783,7,15,0,test,diff_days_indoor,5,0,0,0,0,0,0.18795837461948395
data/raw/osu_lora/Diff_Days_Indoor_Setup/Day5/Device8/IQ_1.dat,18,1411182,7,7,1,test,diff_days_indoor,5,0,0,0,0,0,0.17528583109378815
data/raw/osu_lora/Diff_Days_Indoor_Setup/Day5/Device8/IQ_1.dat,19,1489581,7,7,1,test,diff_days_indoor,5,0,0,0,0,0,0.18532170355319977
data/raw/osu_lora/Diff_Days_Indoor_Setup/Day5/Device8/IQ_1.dat,20,1567980,7,7,1,test,diff_days_indoor,5,0,0,0,0,0,0.18351735174655914
data/raw/osu_lora/Diff_Days_Indoor_Setup/Day5/Device8/IQ_1.dat,21,1646379,7,9,0,test,diff_days_indoor,5,0,0,0,0,0,0.18903616070747375
data/raw/osu_lora/Diff_Days_Indoor_Setup/Day5/Device8/IQ_1.dat,22,1724778,7,7,1,test,diff_days_indoor,5,0,0,0,0,0,0.17932797968387604
data/raw/osu_lora/Diff_Days_Indoor_Setup/Day5/Device8/IQ_1.dat,23,1803177,7,7,1,test,diff_days_indoor,5,0,0,0,0,0,0.1631043255329132
data/raw/osu_lora/Diff_Days_Indoor_Setup/Day5/Device8/IQ_1.dat,24,1881576,7,7,1,test,diff_days_indoor,5,0,0,0,0,0,0.1672922521829605
data/raw/osu_lora/Diff_Days_Indoor_Setup/Day5/Device8/IQ_1.dat,25,1959975,7,17,0,test,diff_days_indoor,5,0,0,0,0,0,0.18491271138191223
data/raw/osu_lora/Diff_Days_Indoor_Setup/Day5/Device8/IQ_1.dat,26,2038374,7,7,1,test,diff_days_indoor,5,0,0,0,0,0,0.15945842862129211
data/raw/osu_lora/Diff_Days_Indoor_Setup/Day5/Device8/IQ_1.dat,27,2116773,7,17,0,test,diff_days_indoor,5,0,0,0,0,0,0.18771252036094666
data/raw/osu_lora/Diff_Days_Indoor_Setup/Day5/Device8/IQ_1.dat,28,2195172,7,7,1,test,diff_days_indoor,5,0,0,0,0,0,0.18010970950126648
data/raw/osu_lora/Diff_Days_Indoor_Setup/Day5/Device8/IQ_1.dat,29,2273571,7,7,1,test,diff_days_indoor,5,0,0,0,0,0,0.1733115315437317
data/raw/osu_lora/Diff_Days_Indoor_Setup/Day5/Device8/IQ_1.dat,30,2351970,7,17,0,test,diff_days_indoor,5,0,0,0,0,0,0.18636947870254517
data/raw/osu_lora/Diff_Days_Indoor_Setup/Day5/Device8/IQ_1.dat,31,2430369,7,7,1,test,diff_days_indoor,5,0,0,0,0,0,0.17554038763046265
data/raw/osu_lora/Diff_Days_Indoor_Setup/Day5/Device8/IQ_1.dat,32,2508768,7,17,0,test,diff_days_indoor,5,0,0,0,0,0,0.18490608036518097
data/raw/osu_lora/Diff_Days_Indoor_Setup/Day5/Device8/IQ_1.dat,33,2587167,7,7,1,test,diff_days_indoor,5,0,0,0,0,0,0.17665907740592957
data/raw/osu_lora/Diff_Days_Indoor_Setup/Day5/Device8/IQ_1.dat,34,2665566,7,7,1,test,diff_days_indoor,5,0,0,0,0,0,0.17240774631500244
data/raw/osu_lora/Diff_Days_Indoor_Setup/Day5/Device8/IQ_1.dat,35,2743965,7,17,0,test,diff_days_indoor,5,0,0,0,0,0,0.18425913155078888
data/raw/osu_lora/Diff_Days_Indoor_Setup/Day5/Device8/IQ_1.dat,36,2822364,7,17,0,test,diff_days_indoor,5,0,0,0,0,0,0.18552033603191376
data/raw/osu_lora/Diff_Days_Indoor_Setup/Day5/Device8/IQ_1.dat,37,2900763,7,7,1,test,diff_days_indoor,5,0,0,0,0,0,0.17610131204128265
data/raw/osu_lora/Diff_Days_Indoor_Setup/Day5/Device8/IQ_1.dat,38,2979162,7,7,1,test,diff_days_indoor,5,0,0,0,0,0,0.1767326146364212
data/raw/osu_lora/Diff_Days_Indoor_Setup/Day5/Device8/IQ_1.dat,39,3057561,7,7,1,test,diff_days_indoor,5,0,0,0,0,0,0.18357311189174652
data/raw/osu_lora/Diff_Days_Indoor_Setup/Day5/Device8/IQ_1.dat,40,3135960,7,7,1,test,diff_days_indoor,5,0,0,0,0,0,0.16277633607387543
data/raw/osu_lora/Diff_Days_Indoor_Setup/Day5/Device8/IQ_1.dat,41,3214359,7,17,0,test,diff_days_indoor,5,0,0,0,0,0,0.1774897575378418
data/raw/osu_lora/Diff_Days_Indoor_Setup/Day5/Device8/IQ_1.dat,42,3292758,7,7,1,test,diff_days_indoor,5,0,0,0,0,0,0.18661938607692719
data/raw/osu_lora/Diff_Days_Indoor_Setup/Day5/Device8/IQ_1.dat,43,3371157,7,7,1,test,diff_days_indoor,5,0,0,0,0,0,0.16926196217536926
data/raw/osu_lora/Diff_Days_Indoor_Setup/Day5/Device8/IQ_1.dat,44,3449556,7,7,1,test,diff_days_indoor,5,0,0,0,0,0,0.18036021292209625
data/raw/osu_lora/Diff_Days_Indoor_Setup/Day5/Device8/IQ_1.dat,45,3527955,7,7,1,test,diff_days_indoor,5,0,0,0,0,0,0.1780804842710495
data/raw/osu_lora/Diff_Days_Indoor_Setup/Day5/Device8/IQ_1.dat,46,3606354,7,7,1,test,diff_days_indoor,5,0,0,0,0,0,0.16297239065170288
data/raw/osu_lora/Diff_Days_Indoor_Setup/Day5/Device8/IQ_1.dat,47,3684753,7,7,1,test,diff_days_indoor,5,0,0,0,0,0,0.13796764612197876
data/raw/osu_lora/Diff_Days_Indoor_Setup/Day5/Device8/IQ_1.dat,48,3763152,7,22,0,test,diff_days_indoor,5,0,0,0,0,0,0.18716111779212952
data/raw/osu_lora/Diff_Days_Indoor_Setup/Day5/Device8/IQ_1.dat,49,3841551,7,17,0,test,diff_days_indoor,5,0,0,0,0,0,0.18981648981571198
data/raw/osu_lora/Diff_Days_Indoor_Setup/Day5/Device8/IQ_1.dat,50,3919950,7,7,1,test,diff_days_indoor,5,0,0,0,0,0,0.1736188381910324
data/raw/osu_lora/Diff_Days_Indoor_Setup/Day5/Device8/IQ_1.dat,51,3998349,7,22,0,test,diff_days_indoor,5,0,0,0,0,0,0.20621207356452942
data/raw/osu_lora/Diff_Days_Indoor_Setup/Day5/Device8/IQ_1.dat,52,4076748,7,16,0,test,diff_days_indoor,5,0,0,0,0,0,0.14740443229675293
data/raw/osu_lora/Diff_Days_Indoor_Setup/Day5/Device8/IQ_1.dat,53,4155147,7,7,1,test,diff_days_indoor,5,0,0,0,0,0,0.179768368601799
data/raw/osu_lora/Diff_Days_Indoor_Setup/Day5/Device8/IQ_1.dat,54,4233546,7,7,1,test,diff_days_indoor,5,0,0,0,0,0,0.1811603307723999
data/raw/osu_lora/Diff_Days_Indoor_Setup/Day5/Device8/IQ_1.dat,55,4311945,7,7,1,test,diff_days_indoor,5,0,0,0,0,0,0.16922175884246826
data/raw/osu_lora/Diff_Days_Indoor_Setup/Day5/Device8/IQ_1.dat,56,4390344,7,15,0,test,diff_days_indoor,5,0,0,0,0,0,0.20330223441123962
data/raw/osu_lora/Diff_Days_Indoor_Setup/Day5/Device8/IQ_1.dat,57,4468743,7,7,1,test,diff_days_indoor,5,0,0,0,0,0,0.18703888356685638
data/raw/osu_lora/Diff_Days_Indoor_Setup/Day5/Device8/IQ_1.dat,58,4547142,7,7,1,test,diff_days_indoor,5,0,0,0,0,0,0.1481926441192627
data/raw/osu_lora/Diff_Days_Indoor_Setup/Day5/Device8/IQ_1.dat,59,4625541,7,17,0,test,diff_days_indoor,5,0,0,0,0,0,0.18200130760669708
data/raw/osu_lora/Diff_Days_Indoor_Setup/Day5/Device8/IQ_1.dat,60,4703940,7,7,1,test,diff_days_indoor,5,0,0,0,0,0,0.15267084538936615
data/raw/osu_lora/Diff_Days_Indoor_Setup/Day5/Device8/IQ_1.dat,61,4782339,7,7,1,test,diff_days_indoor,5,0,0,0,0,0,0.15885375440120697
data/raw/osu_lora/Diff_Days_Indoor_Setup/Day5/Device8/IQ_1.dat,62,4860738,7,7,1,test,diff_days_indoor,5,0,0,0,0,0,0.1687898337841034
data/raw/osu_lora/Diff_Days_Indoor_Setup/Day5/Device8/IQ_1.dat,63,4939137,7,7,1,test,diff_days_indoor,5,0,0,0,0,0,0.18161942064762115
data/raw/osu_lora/Diff_Days_Indoor_Setup/Day5/Device8/IQ_1.dat,64,5017536,7,7,1,test,diff_days_indoor,5,0,0,0,0,0,0.18246512115001678
data/raw/osu_lora/Diff_Days_Indoor_Setup/Day5/Device8/IQ_1.dat,65,5095935,7,7,1,test,diff_days_indoor,5,0,0,0,0,0,0.1844065636396408
data/raw/osu_lora/Diff_Days_Indoor_Setup/Day5/Device8/IQ_1.dat,66,5174334,7,7,1,test,diff_days_indoor,5,0,0,0,0,0,0.18644629418849945
data/raw/osu_lora/Diff_Days_Indoor_Setup/Day5/Device8/IQ_1.dat,67,5252733,7,17,0,test,diff_days_indoor,5,0,0,0,0,0,0.18806156516075134
data/raw/osu_lora/Diff_Days_Indoor_Setup/Day5/Device8/IQ_1.dat,68,5331132,7,7,1,test,diff_days_indoor,5,0,0,0,0,0,0.1481797844171524
data/raw/osu_lora/Diff_Days_Indoor_Setup/Day5/Device8/IQ_1.dat,69,5409531,7,7,1,test,diff_days_indoor,5,0,0,0,0,0,0.18577022850513458
data/raw/osu_lora/Diff_Days_Indoor_Setup/Day5/Device8/IQ_1.dat,70,5487930,7,7,1,test,diff_days_indoor,5,0,0,0,0,0,0.1847747415304184
data/raw/osu_lora/Diff_Days_Indoor_Setup/Day5/Device8/IQ_1.dat,71,5566329,7,7,1,test,diff_days_indoor,5,0,0,0,0,0,0.17744293808937073
data/raw/osu_lora/Diff_Days_Indoor_Setup/Day5/Device8/IQ_1.dat,72,5644728,7,16,0,test,diff_days_indoor,5,0,0,0,0,0,0.14983239769935608
data/raw/osu_lora/Diff_Days_Indoor_Setup/Day5/Device8/IQ_1.dat,73,5723127,7,7,1,test,diff_days_indoor,5,0,0,0,0,0,0.18573975563049316
data/raw/osu_lora/Diff_Days_Indoor_Setup/Day5/Device8/IQ_1.dat,74,5801526,7,17,0,test,diff_days_indoor,5,0,0,0,0,0,0.1874874085187912
data/raw/osu_lora/Diff_Days_Indoor_Setup/Day5/Device8/IQ_1.dat,75,5879925,7,16,0,test,diff_days_indoor,5,0,0,0,0,0,0.15561069548130035
data/raw/osu_lora/Diff_Days_Indoor_Setup/Day5/Device8/IQ_1.dat,76,5958324,7,16,0,test,diff_days_indoor,5,0,0,0,0,0,0.15094994008541107
data/raw/osu_lora/Diff_Days_Indoor_Setup/Day5/Device8/IQ_1.dat,77,6036723,7,17,0,test,diff_days_indoor,5,0,0,0,0,0,0.1822584569454193
data/raw/osu_lora/Diff_Days_Indoor_Setup/Day5/Device8/IQ_1.dat,78,6115122,7,7,1,test,diff_days_indoor,5,0,0,0,0,0,0.16557933390140533
data/raw/osu_lora/Diff_Days_Indoor_Setup/Day5/Device8/IQ_1.dat,79,6193521,7,7,1,test,diff_days_indoor,5,0,0,0,0,0,0.17415954172611237
data/raw/osu_lora/Diff_Days_Indoor_Setup/Day5/Device8/IQ_1.dat,80,6271920,7,7,1,test,diff_days_indoor,5,0,0,0,0,0,0.17741958796977997
data/raw/osu_lora/Diff_Days_Indoor_Setup/Day5/Device8/IQ_1.dat,81,6350319,7,7,1,test,diff_days_indoor,5,0,0,0,0,0,0.18817725777626038
data/raw/osu_lora/Diff_Days_Indoor_Setup/Day5/Device8/IQ_1.dat,82,6428718,7,7,1,test,diff_days_indoor,5,0,0,0,0,0,0.18027140200138092
data/raw/osu_lora/Diff_Days_Indoor_Setup/Day5/Device8/IQ_1.dat,83,6507117,7,7,1,test,diff_days_indoor,5,0,0,0,0,0,0.18082813918590546
data/raw/osu_lora/Diff_Days_Indoor_Setup/Day5/Device8/IQ_1.dat,84,6585516,7,17,0,test,diff_days_indoor,5,0,0,0,0,0,0.18537874519824982
data/raw/osu_lora/Diff_Days_Indoor_Setup/Day5/Device8/IQ_1.dat,85,6663915,7,17,0,test,diff_days_indoor,5,0,0,0,0,0,0.18798041343688965
data/raw/osu_lora/Diff_Days_Indoor_Setup/Day5/Device8/IQ_1.dat,86,6742314,7,7,1,test,diff_days_indoor,5,0,0,0,0,0,0.18547505140304565
data/raw/osu_lora/Diff_Days_Indoor_Setup/Day5/Device8/IQ_1.dat,87,6820713,7,7,1,test,diff_days_indoor,5,0,0,0,0,0,0.17913731932640076
data/raw/osu_lora/Diff_Days_Indoor_Setup/Day5/Device8/IQ_1.dat,88,6899112,7,7,1,test,diff_days_indoor,5,0,0,0,0,0,0.18239785730838776
data/raw/osu_lora/Diff_Days_Indoor_Setup/Day5/Device8/IQ_1.dat,89,6977511,7,22,0,test,diff_days_indoor,5,0,0,0,0,0,0.19799014925956726
data/raw/osu_lora/Diff_Days_Indoor_Setup/Day5/Device8/IQ_1.dat,90,7055910,7,7,1,test,diff_days_indoor,5,0,0,0,0,0,0.152431920170784
data/raw/osu_lora/Diff_Days_Indoor_Setup/Day5/Device8/IQ_1.dat,91,7134309,7,7,1,test,diff_days_indoor,5,0,0,0,0,0,0.17125876247882843
data/raw/osu_lora/Diff_Days_Indoor_Setup/Day5/Device8/IQ_1.dat,92,7212708,7,7,1,test,diff_days_indoor,5,0,0,0,0,0,0.18619874119758606
data/raw/osu_lora/Diff_Days_Indoor_Setup/Day5/Device8/IQ_1.dat,93,7291107,7,7,1,test,diff_days_indoor,5,0,0,0,0,0,0.18465717136859894
data/raw/osu_lora/Diff_Days_Indoor_Setup/Day5/Device8/IQ_1.dat,94,7369506,7,16,0,test,diff_days_indoor,5,0,0,0,0,0,0.09042155742645264
data/raw/osu_lora/Diff_Days_Indoor_Setup/Day5/Device8/IQ_1.dat,95,7447905,7,7,1,test,diff_days_indoor,5,0,0,0,0,0,0.1723872274160385
data/raw/osu_lora/Diff_Days_Indoor_Setup/Day5/Device8/IQ_1.dat,96,7526304,7,7,1,test,diff_days_indoor,5,0,0,0,0,0,0.18439334630966187
data/raw/osu_lora/Diff_Days_Indoor_Setup/Day5/Device8/IQ_1.dat,97,7604703,7,7,1,test,diff_days_indoor,5,0,0,0,0,0,0.1502833217382431
data/raw/osu_lora/Diff_Days_Indoor_Setup/Day5/Device8/IQ_1.dat,98,7683102,7,17,0,test,diff_days_indoor,5,0,0,0,0,0,0.18323765695095062
data/raw/osu_lora/Diff_Days_Indoor_Setup/Day5/Device8/IQ_1.dat,99,7761501,7,7,1,test,diff_days_indoor,5,0,0,0,0,0,0.18407759070396423
data/raw/osu_lora/Diff_Days_Indoor_Setup/Day5/Device8/IQ_1.dat,100,7839900,7,15,0,test,diff_days_indoor,5,0,0,0,0,0,0.24672359228134155
data/raw/osu_lora/Diff_Days_Indoor_Setup/Day5/Device8/IQ_1.dat,101,7918299,7,7,1,test,diff_days_indoor,5,0,0,0,0,0,0.17740511894226074
data/raw/osu_lora/Diff_Days_Indoor_Setup/Day5/Device8/IQ_1.dat,102,7996698,7,7,1,test,diff_days_indoor,5,0,0,0,0,0,0.17133253812789917
data/raw/osu_lora/Diff_Days_Indoor_Setup/Day5/Device8/IQ_1.dat,103,8075097,7,22,0,test,diff_days_indoor,5,0,0,0,0,0,0.21053749322891235
data/raw/osu_lora/Diff_Days_Indoor_Setup/Day5/Device8/IQ_1.dat,104,8153496,7,22,0,test,diff_days_indoor,5,0,0,0,0,0,0.25297319889068604
data/raw/osu_lora/Diff_Days_Indoor_Setup/Day5/Device8/IQ_1.dat,105,8231895,7,7,1,test,diff_days_indoor,5,0,0,0,0,0,0.180557519197464
data/raw/osu_lora/Diff_Days_Indoor_Setup/Day5/Device8/IQ_1.dat,106,8310294,7,7,1,test,diff_days_indoor,5,0,0,0,0,0,0.1692061871290207
data/raw/osu_lora/Diff_Days_Indoor_Setup/Day5/Device8/IQ_1.dat,107,8388693,7,7,1,test,diff_days_indoor,5,0,0,0,0,0,0.17424385249614716
data/raw/osu_lora/Diff_Days_Indoor_Setup/Day5/Device8/IQ_1.dat,108,8467092,7,7,1,test,diff_days_indoor,5,0,0,0,0,0,0.1814192682504654
data/raw/osu_lora/Diff_Days_Indoor_Setup/Day5/Device8/IQ_1.dat,109,8545491,7,7,1,test,diff_days_indoor,5,0,0,0,0,0,0.18682101368904114
data/raw/osu_lora/Diff_Days_Indoor_Setup/Day5/Device8/IQ_1.dat,110,8623890,7,17,0,test,diff_days_indoor,5,0,0,0,0,0,0.18813343346118927
data/raw/osu_lora/Diff_Days_Indoor_Setup/Day5/Device8/IQ_1.dat,111,8702289,7,17,0,test,diff_days_indoor,5,0,0,0,0,0,0.18594403564929962
data/raw/osu_lora/Diff_Days_Indoor_Setup/Day5/Device8/IQ_1.dat,112,8780688,7,17,0,test,diff_days_indoor,5,0,0,0,0,0,0.18413828313350677
data/raw/osu_lora/Diff_Days_Indoor_Setup/Day5/Device8/IQ_1.dat,113,8859087,7,7,1,test,diff_days_indoor,5,0,0,0,0,0,0.18346036970615387
data/raw/osu_lora/Diff_Days_Indoor_Setup/Day5/Device8/IQ_1.dat,114,8937486,7,7,1,test,diff_days_indoor,5,0,0,0,0,0,0.1843402087688446
data/raw/osu_lora/Diff_Days_Indoor_Setup/Day5/Device8/IQ_1.dat,115,9015885,7,15,0,test,diff_days_indoor,5,0,0,0,0,0,0.2210892289876938
data/raw/osu_lora/Diff_Days_Indoor_Setup/Day5/Device8/IQ_1.dat,116,9094284,7,7,1,test,diff_days_indoor,5,0,0,0,0,0,0.17244909703731537
data/raw/osu_lora/Diff_Days_Indoor_Setup/Day5/Device8/IQ_1.dat,117,9172683,7,7,1,test,diff_days_indoor,5,0,0,0,0,0,0.17957478761672974
data/raw/osu_lora/Diff_Days_Indoor_Setup/Day5/Device8/IQ_1.dat,118,9251082,7,7,1,test,diff_days_indoor,5,0,0,0,0,0,0.17429125308990479
data/raw/osu_lora/Diff_Days_Indoor_Setup/Day5/Device8/IQ_1.dat,119,9329481,7,16,0,test,diff_days_indoor,5,0,0,0,0,0,0.1485147476196289
data/raw/osu_lora/Diff_Days_Indoor_Setup/Day5/Device8/IQ_1.dat,120,9407880,7,7,1,test,diff_days_indoor,5,0,0,0,0,0,0.17377550899982452
data/raw/osu_lora/Diff_Days_Indoor_Setup/Day5/Device8/IQ_1.dat,121,9486279,7,17,0,test,diff_days_indoor,5,0,0,0,0,0,0.1886896938085556
data/raw/osu_lora/Diff_Days_Indoor_Setup/Day5/Device8/IQ_1.dat,122,9564678,7,7,1,test,diff_days_indoor,5,0,0,0,0,0,0.18208946287631989
data/raw/osu_lora/Diff_Days_Indoor_Setup/Day5/Device8/IQ_1.dat,123,9643077,7,16,0,test,diff_days_indoor,5,0,0,0,0,0,0.15196457505226135
data/raw/osu_lora/Diff_Days_Indoor_Setup/Day5/Device8/IQ_1.dat,124,9721476,7,7,1,test,diff_days_indoor,5,0,0,0,0,0,0.1736070066690445
data/raw/osu_lora/Diff_Days_Indoor_Setup/Day5/Device8/IQ_1.dat,125,9799875,7,7,1,test,diff_days_indoor,5,0,0,0,0,0,0.16899576783180237
data/raw/osu_lora/Diff_Days_Indoor_Setup/Day5/Device8/IQ_1.dat,126,9878274,7,7,1,test,diff_days_indoor,5,0,0,0,0,0,0.1497138887643814
data/raw/osu_lora/Diff_Days_Indoor_Setup/Day5/Device8/IQ_1.dat,127,9956673,7,7,1,test,diff_days_indoor,5,0,0,0,0,0,0.1676609218120575
data/raw/osu_lora/Diff_Days_Indoor_Setup/Day5/Device8/IQ_1.dat,128,10035072,7,7,1,test,diff_days_indoor,5,0,0,0,0,0,0.1841926872730255
data/raw/osu_lora/Diff_Days_Indoor_Setup/Day5/Device8/IQ_1.dat,129,10113471,7,7,1,test,diff_days_indoor,5,0,0,0,0,0,0.1697283238172531
data/raw/osu_lora/Diff_Days_Indoor_Setup/Day5/Device8/IQ_1.dat,130,10191870,7,17,0,test,diff_days_indoor,5,0,0,0,0,0,0.17785531282424927
data/raw/osu_lora/Diff_Days_Indoor_Setup/Day5/Device8/IQ_1.dat,131,10270269,7,7,1,test,diff_days_indoor,5,0,0,0,0,0,0.14997632801532745
data/raw/osu_lora/Diff_Days_Indoor_Setup/Day5/Device8/IQ_1.dat,132,10348668,7,17,0,test,diff_days_indoor,5,0,0,0,0,0,0.18604010343551636
data/raw/osu_lora/Diff_Days_Indoor_Setup/Day5/Device8/IQ_1.dat,133,10427067,7,17,0,test,diff_days_indoor,5,0,0,0,0,0,0.18493986129760742
data/raw/osu_lora/Diff_Days_Indoor_Setup/Day5/Device8/IQ_1.dat,134,10505466,7,15,0,test,diff_days_indoor,5,0,0,0,0,0,0.18170978128910065
data/raw/osu_lora/Diff_Days_Indoor_Setup/Day5/Device8/IQ_1.dat,135,10583865,7,7,1,test,diff_days_indoor,5,0,0,0,0,0,0.17809616029262543
data/raw/osu_lora/Diff_Days_Indoor_Setup/Day5/Device8/IQ_1.dat,136,10662264,7,7,1,test,diff_days_indoor,5,0,0,0,0,0,0.18471303582191467
data/raw/osu_lora/Diff_Days_Indoor_Setup/Day5/Device8/IQ_1.dat,137,10740663,7,17,0,test,diff_days_indoor,5,0,0,0,0,0,0.1802714616060257
data/raw/osu_lora/Diff_Days_Indoor_Setup/Day5/Device8/IQ_1.dat,138,10819062,7,17,0,test,diff_days_indoor,5,0,0,0,0,0,0.18250980973243713
data/raw/osu_lora/Diff_Days_Indoor_Setup/Day5/Device8/IQ_1.dat,139,10897461,7,17,0,test,diff_days_indoor,5,0,0,0,0,0,0.18326310813426971
data/raw/osu_lora/Diff_Days_Indoor_Setup/Day5/Device8/IQ_1.dat,140,10975860,7,17,0,test,diff_days_indoor,5,0,0,0,0,0,0.18773169815540314
data/raw/osu_lora/Diff_Days_Indoor_Setup/Day5/Device8/IQ_1.dat,141,11054259,7,7,1,test,diff_days_indoor,5,0,0,0,0,0,0.13331426680088043
data/raw/osu_lora/Diff_Days_Indoor_Setup/Day5/Device8/IQ_1.dat,142,11132658,7,17,0,test,diff_days_indoor,5,0,0,0,0,0,0.18793071806430817
data/raw/osu_lora/Diff_Days_Indoor_Setup/Day5/Device8/IQ_1.dat,143,11211057,7,7,1,test,diff_days_indoor,5,0,0,0,0,0,0.17717352509498596
data/raw/osu_lora/Diff_Days_Indoor_Setup/Day5/Device8/IQ_1.dat,144,11289456,7,7,1,test,diff_days_indoor,5,0,0,0,0,0,0.1765323132276535
data/raw/osu_lora/Diff_Days_Indoor_Setup/Day5/Device8/IQ_1.dat,145,11367855,7,7,1,test,diff_days_indoor,5,0,0,0,0,0,0.1690841168165207
data/raw/osu_lora/Diff_Days_Indoor_Setup/Day5/Device8/IQ_1.dat,146,11446254,7,7,1,test,diff_days_indoor,5,0,0,0,0,0,0.18218810856342316
data/raw/osu_lora/Diff_Days_Indoor_Setup/Day5/Device8/IQ_1.dat,147,11524653,7,17,0,test,diff_days_indoor,5,0,0,0,0,0,0.1834723800420761
data/raw/osu_lora/Diff_Days_Indoor_Setup/Day5/Device8/IQ_1.dat,148,11603052,7,7,1,test,diff_days_indoor,5,0,0,0,0,0,0.18261677026748657
data/raw/osu_lora/Diff_Days_Indoor_Setup/Day5/Device8/IQ_1.dat,149,11681451,7,7,1,test,diff_days_indoor,5,0,0,0,0,0,0.15542946755886078
data/raw/osu_lora/Diff_Days_Indoor_Setup/Day5/Device8/IQ_1.dat,150,11759850,7,15,0,test,diff_days_indoor,5,0,0,0,0,0,0.19791880249977112
data/raw/osu_lora/Diff_Days_Indoor_Setup/Day5/Device8/IQ_1.dat,151,11838249,7,7,1,test,diff_days_indoor,5,0,0,0,0,0,0.18543560802936554
data/raw/osu_lora/Diff_Days_Indoor_Setup/Day5/Device8/IQ_1.dat,152,11916648,7,17,0,test,diff_days_indoor,5,0,0,0,0,0,0.185835599899292
data/raw/osu_lora/Diff_Days_Indoor_Setup/Day5/Device8/IQ_1.dat,153,11995047,7,7,1,test,diff_days_indoor,5,0,0,0,0,0,0.18042410910129547
data/raw/osu_lora/Diff_Days_Indoor_Setup/Day5/Device8/IQ_1.dat,154,12073446,7,7,1,test,diff_days_indoor,5,0,0,0,0,0,0.16354477405548096
data/raw/osu_lora/Diff_Days_Indoor_Setup/Day5/Device8/IQ_1.dat,155,12151845,7,7,1,test,diff_days_indoor,5,0,0,0,0,0,0.1725056767463684
data/raw/osu_lora/Diff_Days_Indoor_Setup/Day5/Device8/IQ_1.dat,156,12230244,7,7,1,test,diff_days_indoor,5,0,0,0,0,0,0.1734306365251541
data/raw/osu_lora/Diff_Days_Indoor_Setup/Day5/Device8/IQ_1.dat,157,12308643,7,7,1,test,diff_days_indoor,5,0,0,0,0,0,0.17378778755664825
data/raw/osu_lora/Diff_Days_Indoor_Setup/Day5/Device8/IQ_1.dat,158,12387042,7,17,0,test,diff_days_indoor,5,0,0,0,0,0,0.1858193278312683
data/raw/osu_lora/Diff_Days_Indoor_Setup/Day5/Device8/IQ_1.dat,159,12465441,7,15,0,test,diff_days_indoor,5,0,0,0,0,0,0.22502274811267853
data/raw/osu_lora/Diff_Days_Indoor_Setup/Day5/Device8/IQ_1.dat,160,12543840,7,7,1,test,diff_days_indoor,5,0,0,0,0,0,0.1648777276277542
data/raw/osu_lora/Diff_Days_Indoor_Setup/Day5/Device8/IQ_1.dat,161,12622239,7,7,1,test,diff_days_indoor,5,0,0,0,0,0,0.177680104970932
data/raw/osu_lora/Diff_Days_Indoor_Setup/Day5/Device8/IQ_1.dat,162,12700638,7,22,0,test,diff_days_indoor,5,0,0,0,0,0,0.193449929356575
data/raw/osu_lora/Diff_Days_Indoor_Setup/Day5/Device8/IQ_1.dat,163,12779037,7,7,1,test,diff_days_indoor,5,0,0,0,0,0,0.1656537801027298
data/raw/osu_lora/Diff_Days_Indoor_Setup/Day5/Device8/IQ_1.dat,164,12857436,7,7,1,test,diff_days_indoor,5,0,0,0,0,0,0.16717416048049927
data/raw/osu_lora/Diff_Days_Indoor_Setup/Day5/Device8/IQ_1.dat,165,12935835,7,7,1,test,diff_days_indoor,5,0,0,0,0,0,0.1872863620519638
data/raw/osu_lora/Diff_Days_Indoor_Setup/Day5/Device8/IQ_1.dat,166,13014234,7,7,1,test,diff_days_indoor,5,0,0,0,0,0,0.17218685150146484
data/raw/osu_lora/Diff_Days_Indoor_Setup/Day5/Device8/IQ_1.dat,167,13092633,7,7,1,test,diff_days_indoor,5,0,0,0,0,0,0.14049585163593292
data/raw/osu_lora/Diff_Days_Indoor_Setup/Day5/Device8/IQ_1.dat,168,13171032,7,7,1,test,diff_days_indoor,5,0,0,0,0,0,0.17979884147644043
data/raw/osu_lora/Diff_Days_Indoor_Setup/Day5/Device8/IQ_1.dat,169,13249431,7,15,0,test,diff_days_indoor,5,0,0,0,0,0,0.22295279800891876
data/raw/osu_lora/Diff_Days_Indoor_Setup/Day5/Device8/IQ_1.dat,170,13327830,7,7,1,test,diff_days_indoor,5,0,0,0,0,0,0.14882132411003113
data/raw/osu_lora/Diff_Days_Indoor_Setup/Day5/Device8/IQ_1.dat,171,13406229,7,7,1,test,diff_days_indoor,5,0,0,0,0,0,0.1859426498413086
data/raw/osu_lora/Diff_Days_Indoor_Setup/Day5/Device8/IQ_1.dat,172,13484628,7,7,1,test,diff_days_indoor,5,0,0,0,0,0,0.17530301213264465
data/raw/osu_lora/Diff_Days_Indoor_Setup/Day5/Device8/IQ_1.dat,173,13563027,7,7,1,test,diff_days_indoor,5,0,0,0,0,0,0.182170569896698
data/raw/osu_lora/Diff_Days_Indoor_Setup/Day5/Device8/IQ_1.dat,174,13641426,7,7,1,test,diff_days_indoor,5,0,0,0,0,0,0.17904582619667053
data/raw/osu_lora/Diff_Days_Indoor_Setup/Day5/Device8/IQ_1.dat,175,13719825,7,17,0,test,diff_days_indoor,5,0,0,0,0,0,0.18782532215118408
data/raw/osu_lora/Diff_Days_Indoor_Setup/Day5/Device8/IQ_1.dat,176,13798224,7,15,0,test,diff_days_indoor,5,0,0,0,0,0,0.19571615755558014
data/raw/osu_lora/Diff_Days_Indoor_Setup/Day5/Device8/IQ_1.dat,177,13876623,7,7,1,test,diff_days_indoor,5,0,0,0,0,0,0.1856958568096161
data/raw/osu_lora/Diff_Days_Indoor_Setup/Day5/Device8/IQ_1.dat,178,13955022,7,7,1,test,diff_days_indoor,5,0,0,0,0,0,0.17038705945014954
data/raw/osu_lora/Diff_Days_Indoor_Setup/Day5/Device8/IQ_1.dat,179,14033421,7,7,1,test,diff_days_indoor,5,0,0,0,0,0,0.1844870150089264
data/raw/osu_lora/Diff_Days_Indoor_Setup/Day5/Device8/IQ_1.dat,180,14111820,7,17,0,test,diff_days_indoor,5,0,0,0,0,0,0.1861555427312851
data/raw/osu_lora/Diff_Days_Indoor_Setup/Day5/Device8/IQ_1.dat,181,14190219,7,7,1,test,diff_days_indoor,5,0,0,0,0,0,0.1677064746618271
data/raw/osu_lora/Diff_Days_Indoor_Setup/Day5/Device8/IQ_1.dat,182,14268618,7,17,0,test,diff_days_indoor,5,0,0,0,0,0,0.17978809773921967
data/raw/osu_lora/Diff_Days_Indoor_Setup/Day5/Device8/IQ_1.dat,183,14347017,7,7,1,test,diff_days_indoor,5,0,0,0,0,0,0.1841864436864853
data/raw/osu_lora/Diff_Days_Indoor_Setup/Day5/Device8/IQ_1.dat,184,14425416,7,7,1,test,diff_days_indoor,5,0,0,0,0,0,0.17687053978443146
data/raw/osu_lora/Diff_Days_Indoor_Setup/Day5/Device8/IQ_1.dat,185,14503815,7,7,1,test,diff_days_indoor,5,0,0,0,0,0,0.17739272117614746
data/raw/osu_lora/Diff_Days_Indoor_Setup/Day5/Device8/IQ_1.dat,186,14582214,7,7,1,test,diff_days_indoor,5,0,0,0,0,0,0.18150083720684052
data/raw/osu_lora/Diff_Days_Indoor_Setup/Day5/Device8/IQ_1.dat,187,14660613,7,22,0,test,diff_days_indoor,5,0,0,0,0,0,0.2062387615442276
data/raw/osu_lora/Diff_Days_Indoor_Setup/Day5/Device8/IQ_1.dat,188,14739012,7,7,1,test,diff_days_indoor,5,0,0,0,0,0,0.15108534693717957
data/raw/osu_lora/Diff_Days_Indoor_Setup/Day5/Device8/IQ_1.dat,189,14817411,7,7,1,test,diff_days_indoor,5,0,0,0,0,0,0.1821097880601883
data/raw/osu_lora/Diff_Days_Indoor_Setup/Day5/Device8/IQ_1.dat,190,14895810,7,7,1,test,diff_days_indoor,5,0,0,0,0,0,0.18690544366836548
data/raw/osu_lora/Diff_Days_Indoor_Setup/Day5/Device8/IQ_1.dat,191,14974209,7,7,1,test,diff_days_indoor,5,0,0,0,0,0,0.18840359151363373
data/raw/osu_lora/Diff_Days_Indoor_Setup/Day5/Device8/IQ_1.dat,192,15052608,7,7,1,test,diff_days_indoor,5,0,0,0,0,0,0.1705126166343689
data/raw/osu_lora/Diff_Days_Indoor_Setup/Day5/Device8/IQ_1.dat,193,15131007,7,17,0,test,diff_days_indoor,5,0,0,0,0,0,0.18705283105373383
data/raw/osu_lora/Diff_Days_Indoor_Setup/Day5/Device8/IQ_1.dat,194,15209406,7,17,0,test,diff_days_indoor,5,0,0,0,0,0,0.18628939986228943
data/raw/osu_lora/Diff_Days_Indoor_Setup/Day5/Device8/IQ_1.dat,195,15287805,7,7,1,test,diff_days_indoor,5,0,0,0,0,0,0.17389436066150665
data/raw/osu_lora/Diff_Days_Indoor_Setup/Day5/Device8/IQ_1.dat,196,15366204,7,7,1,test,diff_days_indoor,5,0,0,0,0,0,0.1578812450170517
data/raw/osu_lora/Diff_Days_Indoor_Setup/Day5/Device8/IQ_1.dat,197,15444603,7,7,1,test,diff_days_indoor,5,0,0,0,0,0,0.1831514686346054
data/raw/osu_lora/Diff_Days_Indoor_Setup/Day5/Device8/IQ_1.dat,198,15523002,7,7,1,test,diff_days_indoor,5,0,0,0,0,0,0.17273615300655365
data/raw/osu_lora/Diff_Days_Indoor_Setup/Day5/Device8/IQ_1.dat,199,15601401,7,7,1,test,diff_days_indoor,5,0,0,0,0,0,0.18270409107208252
data/raw/osu_lora/Diff_Days_Indoor_Setup/Day5/Device8/IQ_1.dat,200,15679800,7,7,1,test,diff_days_indoor,5,0,0,0,0,0,0.17061981558799744
data/raw/osu_lora/Diff_Days_Indoor_Setup/Day5/Device8/IQ_1.dat,201,15758199,7,7,1,test,diff_days_indoor,5,0,0,0,0,0,0.1745276004076004
data/raw/osu_lora/Diff_Days_Indoor_Setup/Day5/Device8/IQ_1.dat,202,15836598,7,7,1,test,diff_days_indoor,5,0,0,0,0,0,0.1773616075515747
data/raw/osu_lora/Diff_Days_Indoor_Setup/Day5/Device8/IQ_1.dat,203,15914997,7,7,1,test,diff_days_indoor,5,0,0,0,0,0,0.173197939991951
data/raw/osu_lora/Diff_Days_Indoor_Setup/Day5/Device8/IQ_1.dat,204,15993396,7,7,1,test,diff_days_indoor,5,0,0,0,0,0,0.17380370199680328
data/raw/osu_lora/Diff_Days_Indoor_Setup/Day5/Device8/IQ_1.dat,205,16071795,7,17,0,test,diff_days_indoor,5,0,0,0,0,0,0.18727858364582062
data/raw/osu_lora/Diff_Days_Indoor_Setup/Day5/Device8/IQ_1.dat,206,16150194,7,15,0,test,diff_days_indoor,5,0,0,0,0,0,0.2519349157810211
data/raw/osu_lora/Diff_Days_Indoor_Setup/Day5/Device8/IQ_1.dat,207,16228593,7,7,1,test,diff_days_indoor,5,0,0,0,0,0,0.15984809398651123
data/raw/osu_lora/Diff_Days_Indoor_Setup/Day5/Device8/IQ_1.dat,208,16306992,7,7,1,test,diff_days_indoor,5,0,0,0,0,0,0.18702419102191925
data/raw/osu_lora/Diff_Days_Indoor_Setup/Day5/Device8/IQ_1.dat,209,16385391,7,7,1,test,diff_days_indoor,5,0,0,0,0,0,0.17660747468471527
data/raw/osu_lora/Diff_Days_Indoor_Setup/Day5/Device8/IQ_1.dat,210,16463790,7,7,1,test,diff_days_indoor,5,0,0,0,0,0,0.14978307485580444
data/raw/osu_lora/Diff_Days_Indoor_Setup/Day5/Device8/IQ_1.dat,211,16542189,7,7,1,test,diff_days_indoor,5,0,0,0,0,0,0.18334783613681793
data/raw/osu_lora/Diff_Days_Indoor_Setup/Day5/Device8/IQ_1.dat,212,16620588,7,7,1,test,diff_days_indoor,5,0,0,0,0,0,0.17967315018177032
data/raw/osu_lora/Diff_Days_Indoor_Setup/Day5/Device8/IQ_1.dat,213,16698987,7,7,1,test,diff_days_indoor,5,0,0,0,0,0,0.1848551481962204
data/raw/osu_lora/Diff_Days_Indoor_Setup/Day5/Device8/IQ_1.dat,214,16777386,7,16,0,test,diff_days_indoor,5,0,0,0,0,0,0.09116639196872711
data/raw/osu_lora/Diff_Days_Indoor_Setup/Day5/Device8/IQ_1.dat,215,16855785,7,7,1,test,diff_days_indoor,5,0,0,0,0,0,0.17808307707309723
data/raw/osu_lora/Diff_Days_Indoor_Setup/Day5/Device8/IQ_1.dat,216,16934184,7,7,1,test,diff_days_indoor,5,0,0,0,0,0,0.176439106464386
data/raw/osu_lora/Diff_Days_Indoor_Setup/Day5/Device8/IQ_1.dat,217,17012583,7,7,1,test,diff_days_indoor,5,0,0,0,0,0,0.16897934675216675
data/raw/osu_lora/Diff_Days_Indoor_Setup/Day5/Device8/IQ_1.dat,218,17090982,7,7,1,test,diff_days_indoor,5,0,0,0,0,0,0.18649433553218842
data/raw/osu_lora/Diff_Days_Indoor_Setup/Day5/Device8/IQ_1.dat,219,17169381,7,15,0,test,diff_days_indoor,5,0,0,0,0,0,0.18078719079494476
data/raw/osu_lora/Diff_Days_Indoor_Setup/Day5/Device8/IQ_1.dat,220,17247780,7,17,0,test,diff_days_indoor,5,0,0,0,0,0,0.1849067658185959
data/raw/osu_lora/Diff_Days_Indoor_Setup/Day5/Device8/IQ_1.dat,221,17326179,7,7,1,test,diff_days_indoor,5,0,0,0,0,0,0.18523827195167542
data/raw/osu_lora/Diff_Days_Indoor_Setup/Day5/Device8/IQ_1.dat,222,17404578,7,7,1,test,diff_days_indoor,5,0,0,0,0,0,0.17400184273719788
data/raw/osu_lora/Diff_Days_Indoor_Setup/Day5/Device8/IQ_1.dat,223,17482977,7,15,0,test,diff_days_indoor,5,0,0,0,0,0,0.209526926279068
data/raw/osu_lora/Diff_Days_Indoor_Setup/Day5/Device8/IQ_1.dat,224,17561376,7,17,0,test,diff_days_indoor,5,0,0,0,0,0,0.1878068745136261
data/raw/osu_lora/Diff_Days_Indoor_Setup/Day5/Device8/IQ_1.dat,225,17639775,7,7,1,test,diff_days_indoor,5,0,0,0,0,0,0.17079879343509674
data/raw/osu_lora/Diff_Days_Indoor_Setup/Day5/Device8/IQ_1.dat,226,17718174,7,7,1,test,diff_days_indoor,5,0,0,0,0,0,0.17273950576782227
data/raw/osu_lora/Diff_Days_Indoor_Setup/Day5/Device8/IQ_1.dat,227,17796573,7,7,1,test,diff_days_indoor,5,0,0,0,0,0,0.15757520496845245
data/raw/osu_lora/Diff_Days_Indoor_Setup/Day5/Device8/IQ_1.dat,228,17874972,7,7,1,test,diff_days_indoor,5,0,0,0,0,0,0.1805931180715561
data/raw/osu_lora/Diff_Days_Indoor_Setup/Day5/Device8/IQ_1.dat,229,17953371,7,7,1,test,diff_days_indoor,5,0,0,0,0,0,0.1837615966796875
data/raw/osu_lora/Diff_Days_Indoor_Setup/Day5/Device8/IQ_1.dat,230,18031770,7,7,1,test,diff_days_indoor,5,0,0,0,0,0,0.1761716902256012
data/raw/osu_lora/Diff_Days_Indoor_Setup/Day5/Device8/IQ_1.dat,231,18110169,7,7,1,test,diff_days_indoor,5,0,0,0,0,0,0.1783323585987091
data/raw/osu_lora/Diff_Days_Indoor_Setup/Day5/Device8/IQ_1.dat,232,18188568,7,17,0,test,diff_days_indoor,5,0,0,0,0,0,0.18601928651332855
data/raw/osu_lora/Diff_Days_Indoor_Setup/Day5/Device8/IQ_1.dat,233,18266967,7,7,1,test,diff_days_indoor,5,0,0,0,0,0,0.18494822084903717
data/raw/osu_lora/Diff_Days_Indoor_Setup/Day5/Device8/IQ_1.dat,234,18345366,7,7,1,test,diff_days_indoor,5,0,0,0,0,0,0.18740859627723694
data/raw/osu_lora/Diff_Days_Indoor_Setup/Day5/Device8/IQ_1.dat,235,18423765,7,15,0,test,diff_days_indoor,5,0,0,0,0,0,0.22616863250732422
data/raw/osu_lora/Diff_Days_Indoor_Setup/Day5/Device8/IQ_1.dat,236,18502164,7,7,1,test,diff_days_indoor,5,0,0,0,0,0,0.17519596219062805
data/raw/osu_lora/Diff_Days_Indoor_Setup/Day5/Device8/IQ_1.dat,237,18580563,7,7,1,test,diff_days_indoor,5,0,0,0,0,0,0.18251365423202515
data/raw/osu_lora/Diff_Days_Indoor_Setup/Day5/Device8/IQ_1.dat,238,18658962,7,7,1,test,diff_days_indoor,5,0,0,0,0,0,0.18813778460025787
data/raw/osu_lora/Diff_Days_Indoor_Setup/Day5/Device8/IQ_1.dat,239,18737361,7,7,1,test,diff_days_indoor,5,0,0,0,0,0,0.16661012172698975
data/raw/osu_lora/Diff_Days_Indoor_Setup/Day5/Device8/IQ_1.dat,240,18815760,7,7,1,test,diff_days_indoor,5,0,0,0,0,0,0.16069923341274261
data/raw/osu_lora/Diff_Days_Indoor_Setup/Day5/Device8/IQ_1.dat,241,18894159,7,7,1,test,diff_days_indoor,5,0,0,0,0,0,0.17738467454910278
data/raw/osu_lora/Diff_Days_Indoor_Setup/Day5/Device8/IQ_1.dat,242,18972558,7,7,1,test,diff_days_indoor,5,0,0,0,0,0,0.18869589269161224
data/raw/osu_lora/Diff_Days_Indoor_Setup/Day5/Device8/IQ_1.dat,243,19050957,7,7,1,test,diff_days_indoor,5,0,0,0,0,0,0.15019039809703827
data/raw/osu_lora/Diff_Days_Indoor_Setup/Day5/Device8/IQ_1.dat,244,19129356,7,7,1,test,diff_days_indoor,5,0,0,0,0,0,0.1808142066001892
data/raw/osu_lora/Diff_Days_Indoor_Setup/Day5/Device8/IQ_1.dat,245,19207755,7,7,1,test,diff_days_indoor,5,0,0,0,0,0,0.18053478002548218
data/raw/osu_lora/Diff_Days_Indoor_Setup/Day5/Device8/IQ_1.dat,246,19286154,7,7,1,test,diff_days_indoor,5,0,0,0,0,0,0.1483481079339981
data/raw/osu_lora/Diff_Days_Indoor_Setup/Day5/Device8/IQ_1.dat,247,19364553,7,7,1,test,diff_days_indoor,5,0,0,0,0,0,0.16947351396083832
data/raw/osu_lora/Diff_Days_Indoor_Setup/Day5/Device8/IQ_1.dat,248,19442952,7,7,1,test,diff_days_indoor,5,0,0,0,0,0,0.18688665330410004
data/raw/osu_lora/Diff_Days_Indoor_Setup/Day5/Device8/IQ_1.dat,249,19521351,7,16,0,test,diff_days_indoor,5,0,0,0,0,0,0.15188296139240265
data/raw/osu_lora/Diff_Days_Indoor_Setup/Day5/Device8/IQ_1.dat,250,19599750,7,15,0,test,diff_days_indoor,5,0,0,0,0,0,0.20989122986793518
data/raw/osu_lora/Diff_Days_Indoor_Setup/Day5/Device8/IQ_1.dat,251,19678149,7,7,1,test,diff_days_indoor,5,0,0,0,0,0,0.16395996510982513
data/raw/osu_lora/Diff_Days_Indoor_Setup/Day5/Device8/IQ_1.dat,252,19756548,7,17,0,test,diff_days_indoor,5,0,0,0,0,0,0.18955662846565247
data/raw/osu_lora/Diff_Days_Indoor_Setup/Day5/Device8/IQ_1.dat,253,19834947,7,7,1,test,diff_days_indoor,5,0,0,0,0,0,0.1806189864873886
data/raw/osu_lora/Diff_Days_Indoor_Setup/Day5/Device8/IQ_1.dat,254,19913346,7,7,1,test,diff_days_indoor,5,0,0,0,0,0,0.17376847565174103
data/raw/osu_lora/Diff_Days_Indoor_Setup/Day5/Device8/IQ_1.dat,255,19991745,7,7,1,test,diff_days_indoor,5,0,0,0,0,0,0.1586831510066986
data/raw/osu_lora/Diff_Days_Indoor_Setup/Day5/Device10/IQ_1.dat,0,0,8,8,1,test,diff_days_indoor,5,0,0,0,0,0,0.4444601237773895
data/raw/osu_lora/Diff_Days_Indoor_Setup/Day5/Device10/IQ_1.dat,1,78399,8,20,0,test,diff_days_indoor,5,0,0,0,0,0,0.3700302541255951
data/raw/osu_lora/Diff_Days_Indoor_Setup/Day5/Device10/IQ_1.dat,2,156798,8,20,0,test,diff_days_indoor,5,0,0,0,0,0,0.407075971364975
data/raw/osu_lora/Diff_Days_Indoor_Setup/Day5/Device10/IQ_1.dat,3,235197,8,8,1,test,diff_days_indoor,5,0,0,0,0,0,0.42424631118774414
data/raw/osu_lora/Diff_Days_Indoor_Setup/Day5/Device10/IQ_1.dat,4,313596,8,20,0,test,diff_days_indoor,5,0,0,0,0,0,0.4076360762119293
data/raw/osu_lora/Diff_Days_Indoor_Setup/Day5/Device10/IQ_1.dat,5,391995,8,8,1,test,diff_days_indoor,5,0,0,0,0,0,0.43819743394851685
data/raw/osu_lora/Diff_Days_Indoor_Setup/Day5/Device10/IQ_1.dat,6,470394,8,20,0,test,diff_days_indoor,5,0,0,0,0,0,0.396342009305954
data/raw/osu_lora/Diff_Days_Indoor_Setup/Day5/Device10/IQ_1.dat,7,548793,8,20,0,test,diff_days_indoor,5,0,0,0,0,0,0.4061596095561981
data/raw/osu_lora/Diff_Days_Indoor_Setup/Day5/Device10/IQ_1.dat,8,627192,8,8,1,test,diff_days_indoor,5,0,0,0,0,0,0.47360101342201233
data/raw/osu_lora/Diff_Days_Indoor_Setup/Day5/Device10/IQ_1.dat,9,705591,8,20,0,test,diff_days_indoor,5,0,0,0,0,0,0.38656213879585266
data/raw/osu_lora/Diff_Days_Indoor_Setup/Day5/Device10/IQ_1.dat,10,783990,8,8,1,test,diff_days_indoor,5,0,0,0,0,0,0.4600074291229248
data/raw/osu_lora/Diff_Days_Indoor_Setup/Day5/Device10/IQ_1.dat,11,862389,8,20,0,test,diff_days_indoor,5,0,0,0,0,0,0.29369255900382996
data/raw/osu_lora/Diff_Days_Indoor_Setup/Day5/Device10/IQ_1.dat,12,940788,8,20,0,test,diff_days_indoor,5,0,0,0,0,0,0.38904157280921936
data/raw/osu_lora/Diff_Days_Indoor_Setup/Day5/Device10/IQ_1.dat,13,1019187,8,6,0,test,diff_days_indoor,5,0,0,0,0,0,0.2905713617801666
data/raw/osu_lora/Diff_Days_Indoor_Setup/Day5/Device10/IQ_1.dat,14,1097586,8,8,1,test,diff_days_indoor,5,0,0,0,0,0,0.46227094531059265
data/raw/osu_lora/Diff_Days_Indoor_Setup/Day5/Device10/IQ_1.dat,15,1175985,8,8,1,test,diff_days_indoor,5,0,0,0,0,0,0.4518611431121826
data/raw/osu_lora/Diff_Days_Indoor_Setup/Day5/Device10/IQ_1.dat,16,1254384,8,20,0,test,diff_days_indoor,5,0,0,0,0,0,0.33300185203552246
data/raw/osu_lora/Diff_Days_Indoor_Setup/Day5/Device10/IQ_1.dat,17,1332783,8,8,1,test,diff_days_indoor,5,0,0,0,0,0,0.45846062898635864
data/raw/osu_lora/Diff_Days_Indoor_Setup/Day5/Device10/IQ_1.dat,18,1411182,8,23,0,test,diff_days_indoor,5,0,0,0,0,0,0.11326515674591064
data/raw/osu_lora/Diff_Days_Indoor_Setup/Day5/Device10/IQ_1.dat,19,1489581,8,20,0,test,diff_days_indoor,5,0,0,0,0,0,0.4024888873100281
data/raw/osu_lora/Diff_Days_Indoor_Setup/Day5/Device10/IQ_1.dat,20,1567980,8,8,1,test,diff_days_indoor,5,0,0,0,0,0,0.4332957863807678
data/raw/osu_lora/Diff_Days_Indoor_Setup/Day5/Device10/IQ_1.dat,21,1646379,8,20,0,test,diff_days_indoor,5,0,0,0,0,0,0.3574456572532654
data/raw/osu_lora/Diff_Days_Indoor_Setup/Day5/Device10/IQ_1.dat,22,1724778,8,8,1,test,diff_days_indoor,5,0,0,0,0,0,0.44252824783325195
data/raw/osu_lora/Diff_Days_Indoor_Setup/Day5/Device10/IQ_1.dat,23,1803177,8,8,1,test,diff_days_indoor,5,0,0,0,0,0,0.45955008268356323
data/raw/osu_lora/Diff_Days_Indoor_Setup/Day5/Device10/IQ_1.dat,24,1881576,8,8,1,test,diff_days_indoor,5,0,0,0,0,0,0.44142547249794006
data/raw/osu_lora/Diff_Days_Indoor_Setup/Day5/Device10/IQ_1.dat,25,1959975,8,20,0,test,diff_days_indoor,5,0,0,0,0,0,0.33914127945899963
data/raw/osu_lora/Diff_Days_Indoor_Setup/Day5/Device10/IQ_1.dat,26,2038374,8,8,1,test,diff_days_indoor,5,0,0,0,0,0,0.43771904706954956
data/raw/osu_lora/Diff_Days_Indoor_Setup/Day5/Device10/IQ_1.dat,27,2116773,8,8,1,test,diff_days_indoor,5,0,0,0,0,0,0.46185731887817383
data/raw/osu_lora/Diff_Days_Indoor_Setup/Day5/Device10/IQ_1.dat,28,2195172,8,8,1,test,diff_days_indoor,5,0,0,0,0,0,0.44299864768981934
data/raw/osu_lora/Diff_Days_Indoor_Setup/Day5/Device10/IQ_1.dat,29,2273571,8,8,1,test,diff_days_indoor,5,0,0,0,0,0,0.4694184958934784
data/raw/osu_lora/Diff_Days_Indoor_Setup/Day5/Device10/IQ_1.dat,30,2351970,8,20,0,test,diff_days_indoor,5,0,0,0,0,0,0.39252912998199463
data/raw/osu_lora/Diff_Days_Indoor_Setup/Day5/Device10/IQ_1.dat,31,2430369,8,20,0,test,diff_days_indoor,5,0,0,0,0,0,0.37577110528945923
data/raw/osu_lora/Diff_Days_Indoor_Setup/Day5/Device10/IQ_1.dat,32,2508768,8,20,0,test,diff_days_indoor,5,0,0,0,0,0,0.3620838522911072
data/raw/osu_lora/Diff_Days_Indoor_Setup/Day5/Device10/IQ_1.dat,33,2587167,8,8,1,test,diff_days_indoor,5,0,0,0,0,0,0.43420299887657166
data/raw/osu_lora/Diff_Days_Indoor_Setup/Day5/Device10/IQ_1.dat,34,2665566,8,8,1,test,diff_days_indoor,5,0,0,0,0,0,0.4393014907836914
data/raw/osu_lora/Diff_Days_Indoor_Setup/Day5/Device10/IQ_1.dat,35,2743965,8,8,1,test,diff_days_indoor,5,0,0,0,0,0,0.44671157002449036
data/raw/osu_lora/Diff_Days_Indoor_Setup/Day5/Device10/IQ_1.dat,36,2822364,8,8,1,test,diff_days_indoor,5,0,0,0,0,0,0.4544844627380371
data/raw/osu_lora/Diff_Days_Indoor_Setup/Day5/Device10/IQ_1.dat,37,2900763,8,8,1,test,diff_days_indoor,5,0,0,0,0,0,0.45126959681510925
data/raw/osu_lora/Diff_Days_Indoor_Setup/Day5/Device10/IQ_1.dat,38,2979162,8,20,0,test,diff_days_indoor,5,0,0,0,0,0,0.4092447757720947
data/raw/osu_lora/Diff_Days_Indoor_Setup/Day5/Device10/IQ_1.dat,39,3057561,8,8,1,test,diff_days_indoor,5,0,0,0,0,0,0.45320671796798706
data/raw/osu_lora/Diff_Days_Indoor_Setup/Day5/Device10/IQ_1.dat,40,3135960,8,20,0,test,diff_days_indoor,5,0,0,0,0,0,0.34169235825538635
data/raw/osu_lora/Diff_Days_Indoor_Setup/Day5/Device10/IQ_1.dat,41,3214359,8,8,1,test,diff_days_indoor,5,0,0,0,0,0,0.4709511995315552
data/raw/osu_lora/Diff_Days_Indoor_Setup/Day5/Device10/IQ_1.dat,42,3292758,8,8,1,test,diff_days_indoor,5,0,0,0,0,0,0.41229790449142456
data/raw/osu_lora/Diff_Days_Indoor_Setup/Day5/Device10/IQ_1.dat,43,3371157,8,8,1,test,diff_days_indoor,5,0,0,0,0,0,0.46169090270996094
data/raw/osu_lora/Diff_Days_Indoor_Setup/Day5/Device10/IQ_1.dat,44,3449556,8,8,1,test,diff_days_indoor,5,0,0,0,0,0,0.42671099305152893
data/raw/osu_lora/Diff_Days_Indoor_Setup/Day5/Device10/IQ_1.dat,45,3527955,8,8,1,test,diff_days_indoor,5,0,0,0,0,0,0.44946128129959106
data/raw/osu_lora/Diff_Days_Indoor_Setup/Day5/Device10/IQ_1.dat,46,3606354,8,8,1,test,diff_days_indoor,5,0,0,0,0,0,0.4225425124168396
data/raw/osu_lora/Diff_Days_Indoor_Setup/Day5/Device10/IQ_1.dat,47,3684753,8,20,0,test,diff_days_indoor,5,0,0,0,0,0,0.36334964632987976
data/raw/osu_lora/Diff_Days_Indoor_Setup/Day5/Device10/IQ_1.dat,48,3763152,8,8,1,test,diff_days_indoor,5,0,0,0,0,0,0.43653035163879395
data/raw/osu_lora/Diff_Days_Indoor_Setup/Day5/Device10/IQ_1.dat,49,3841551,8,8,1,test,diff_days_indoor,5,0,0,0,0,0,0.453586608171463
data/raw/osu_lora/Diff_Days_Indoor_Setup/Day5/Device10/IQ_1.dat,50,3919950,8,20,0,test,diff_days_indoor,5,0,0,0,0,0,0.4076588749885559
data/raw/osu_lora/Diff_Days_Indoor_Setup/Day5/Device10/IQ_1.dat,51,3998349,8,8,1,test,diff_days_indoor,5,0,0,0,0,0,0.43886473774909973
data/raw/osu_lora/Diff_Days_Indoor_Setup/Day5/Device10/IQ_1.dat,52,4076748,8,8,1,test,diff_days_indoor,5,0,0,0,0,0,0.441447377204895
data/raw/osu_lora/Diff_Days_Indoor_Setup/Day5/Device10/IQ_1.dat,53,4155147,8,8,1,test,diff_days_indoor,5,0,0,0,0,0,0.4591433107852936
data/raw/osu_lora/Diff_Days_Indoor_Setup/Day5/Device10/IQ_1.dat,54,4233546,8,8,1,test,diff_days_indoor,5,0,0,0,0,0,0.4418017268180847
data/raw/osu_lora/Diff_Days_Indoor_Setup/Day5/Device10/IQ_1.dat,55,4311945,8,8,1,test,diff_days_indoor,5,0,0,0,0,0,0.44194266200065613
data/raw/osu_lora/Diff_Days_Indoor_Setup/Day5/Device10/IQ_1.dat,56,4390344,8,20,0,test,diff_days_indoor,5,0,0,0,0,0,0.40094882249832153
data/raw/osu_lora/Diff_Days_Indoor_Setup/Day5/Device10/IQ_1.dat,57,4468743,8,8,1,test,diff_days_indoor,5,0,0,0,0,0,0.43619152903556824
data/raw/osu_lora/Diff_Days_Indoor_Setup/Day5/Device10/IQ_1.dat,58,4547142,8,20,0,test,diff_days_indoor,5,0,0,0,0,0,0.3803163468837738
data/raw/osu_lora/Diff_Days_Indoor_Setup/Day5/Device10/IQ_1.dat,59,4625541,8,8,1,test,diff_days_indoor,5,0,0,0,0,0,0.41984349489212036
data/raw/osu_lora/Diff_Days_Indoor_Setup/Day5/Device10/IQ_1.dat,60,4703940,8,8,1,test,diff_days_indoor,5,0,0,0,0,0,0.4548643231391907
data/raw/osu_lora/Diff_Days_Indoor_Setup/Day5/Device10/IQ_1.dat,61,4782339,8,8,1,test,diff_days_indoor,5,0,0,0,0,0,0.45666950941085815
data/raw/osu_lora/Diff_Days_Indoor_Setup/Day5/Device10/IQ_1.dat,62,4860738,8,8,1,test,diff_days_indoor,5,0,0,0,0,0,0.4563252925872803
data/raw/osu_lora/Diff_Days_Indoor_Setup/Day5/Device10/IQ_1.dat,63,4939137,8,8,1,test,diff_days_indoor,5,0,0,0,0,0,0.4498472809791565
data/raw/osu_lora/Diff_Days_Indoor_Setup/Day5/Device10/IQ_1.dat,64,5017536,8,20,0,test,diff_days_indoor,5,0,0,0,0,0,0.3986414968967438
data/raw/osu_lora/Diff_Days_Indoor_Setup/Day5/Device10/IQ_1.dat,65,5095935,8,20,0,test,diff_days_indoor,5,0,0,0,0,0,0.28633639216423035
data/raw/osu_lora/Diff_Days_Indoor_Setup/Day5/Device10/IQ_1.dat,66,5174334,8,8,1,test,diff_days_indoor,5,0,0,0,0,0,0.43661168217658997
data/raw/osu_lora/Diff_Days_Indoor_Setup/Day5/Device10/IQ_1.dat,67,5252733,8,8,1,test,diff_days_indoor,5,0,0,0,0,0,0.4296208322048187
data/raw/osu_lora/Diff_Days_Indoor_Setup/Day5/Device10/IQ_1.dat,68,5331132,8,8,1,test,diff_days_indoor,5,0,0,0,0,0,0.4598488211631775
data/raw/osu_lora/Diff_Days_Indoor_Setup/Day5/Device10/IQ_1.dat,69,5409531,8,8,1,test,diff_days_indoor,5,0,0,0,0,0,0.4442024230957031
data/raw/osu_lora/Diff_Days_Indoor_Setup/Day5/Device10/IQ_1.dat,70,5487930,8,8,1,test,diff_days_indoor,5,0,0,0,0,0,0.4299395978450775
data/raw/osu_lora/Diff_Days_Indoor_Setup/Day5/Device10/IQ_1.dat,71,5566329,8,20,0,test,diff_days_indoor,5,0,0,0,0,0,0.37131038308143616
data/raw/osu_lora/Diff_Days_Indoor_Setup/Day5/Device10/IQ_1.dat,72,5644728,8,20,0,test,diff_days_indoor,5,0,0,0,0,0,0.2925048768520355
data/raw/osu_lora/Diff_Days_Indoor_Setup/Day5/Device10/IQ_1.dat,73,5723127,8,8,1,test,diff_days_indoor,5,0,0,0,0,0,0.41210898756980896
data/raw/osu_lora/Diff_Days_Indoor_Setup/Day5/Device10/IQ_1.dat,74,5801526,8,8,1,test,diff_days_indoor,5,0,0,0,0,0,0.43731075525283813
data/raw/osu_lora/Diff_Days_Indoor_Setup/Day5/Device10/IQ_1.dat,75,5879925,8,8,1,test,diff_days_indoor,5,0,0,0,0,0,0.4443879723548889
data/raw/osu_lora/Diff_Days_Indoor_Setup/Day5/Device10/IQ_1.dat,76,5958324,8,8,1,test,diff_days_indoor,5,0,0,0,0,0,0.46077820658683777
data/raw/osu_lora/Diff_Days_Indoor_Setup/Day5/Device10/IQ_1.dat,77,6036723,8,20,0,test,diff_days_indoor,5,0,0,0,0,0,0.40163949131965637
data/raw/osu_lora/Diff_Days_Indoor_Setup/Day5/Device10/IQ_1.dat,78,6115122,8,20,0,test,diff_days_indoor,5,0,0,0,0,0,0.38779914379119873
data/raw/osu_lora/Diff_Days_Indoor_Setup/Day5/Device10/IQ_1.dat,79,6193521,8,8,1,test,diff_days_indoor,5,0,0,0,0,0,0.42599350214004517
data/raw/osu_lora/Diff_Days_Indoor_Setup/Day5/Device10/IQ_1.dat,80,6271920,8,8,1,test,diff_days_indoor,5,0,0,0,0,0,0.4547828435897827
data/raw/osu_lora/Diff_Days_Indoor_Setup/Day5/Device10/IQ_1.dat,81,6350319,8,8,1,test,diff_days_indoor,5,0,0,0,0,0,0.4499148428440094
data/raw/osu_lora/Diff_Days_Indoor_Setup/Day5/Device10/IQ_1.dat,82,6428718,8,8,1,test,diff_days_indoor,5,0,0,0,0,0,0.4080885052680969
data/raw/osu_lora/Diff_Days_Indoor_Setup/Day5/Device10/IQ_1.dat,83,6507117,8,8,1,test,diff_days_indoor,5,0,0,0,0,0,0.4675900340080261
data/raw/osu_lora/Diff_Days_Indoor_Setup/Day5/Device10/IQ_1.dat,84,6585516,8,20,0,test,diff_days_indoor,5,0,0,0,0,0,0.28781652450561523
data/raw/osu_lora/Diff_Days_Indoor_Setup/Day5/Device10/IQ_1.dat,85,6663915,8,8,1,test,diff_days_indoor,5,0,0,0,0,0,0.43217822909355164
data/raw/osu_lora/Diff_Days_Indoor_Setup/Day5/Device10/IQ_1.dat,86,6742314,8,8,1,test,diff_days_indoor,5,0,0,0,0,0,0.4259059727191925
data/raw/osu_lora/Diff_Days_Indoor_Setup/Day5/Device10/IQ_1.dat,87,6820713,8,20,0,test,diff_days_indoor,5,0,0,0,0,0,0.3949584662914276
data/raw/osu_lora/Diff_Days_Indoor_Setup/Day5/Device10/IQ_1.dat,88,6899112,8,8,1,test,diff_days_indoor,5,0,0,0,0,0,0.4243887960910797
data/raw/osu_lora/Diff_Days_Indoor_Setup/Day5/Device10/IQ_1.dat,89,6977511,8,20,0,test,diff_days_indoor,5,0,0,0,0,0,0.38206180930137634
data/raw/osu_lora/Diff_Days_Indoor_Setup/Day5/Device10/IQ_1.dat,90,7055910,8,8,1,test,diff_days_indoor,5,0,0,0,0,0,0.4547255039215088
data/raw/osu_lora/Diff_Days_Indoor_Setup/Day5/Device10/IQ_1.dat,91,7134309,8,7,0,test,diff_days_indoor,5,0,0,0,0,0,0.08895996958017349
data/raw/osu_lora/Diff_Days_Indoor_Setup/Day5/Device10/IQ_1.dat,92,7212708,8,8,1,test,diff_days_indoor,5,0,0,0,0,0,0.430740624666214
data/raw/osu_lora/Diff_Days_Indoor_Setup/Day5/Device10/IQ_1.dat,93,7291107,8,20,0,test,diff_days_indoor,5,0,0,0,0,0,0.40448060631752014
data/raw/osu_lora/Diff_Days_Indoor_Setup/Day5/Device10/IQ_1.dat,94,7369506,8,20,0,test,diff_days_indoor,5,0,0,0,0,0,0.3247734308242798
data/raw/osu_lora/Diff_Days_Indoor_Setup/Day5/Device10/IQ_1.dat,95,7447905,8,20,0,test,diff_days_indoor,5,0,0,0,0,0,0.3722241520881653
data/raw/osu_lora/Diff_Days_Indoor_Setup/Day5/Device10/IQ_1.dat,96,7526304,8,20,0,test,diff_days_indoor,5,0,0,0,0,0,0.4089732766151428
data/raw/osu_lora/Diff_Days_Indoor_Setup/Day5/Device10/IQ_1.dat,97,7604703,8,8,1,test,diff_days_indoor,5,0,0,0,0,0,0.4579881429672241
data/raw/osu_lora/Diff_Days_Indoor_Setup/Day5/Device10/IQ_1.dat,98,7683102,8,20,0,test,diff_days_indoor,5,0,0,0,0,0,0.38798001408576965
data/raw/osu_lora/Diff_Days_Indoor_Setup/Day5/Device10/IQ_1.dat,99,7761501,8,8,1,test,diff_days_indoor,5,0,0,0,0,0,0.4367864727973938
data/raw/osu_lora/Diff_Days_Indoor_Setup/Day5/Device10/IQ_1.dat,100,7839900,8,8,1,test,diff_days_indoor,5,0,0,0,0,0,0.45436030626296997
data/raw/osu_lora/Diff_Days_Indoor_Setup/Day5/Device10/IQ_1.dat,101,7918299,8,8,1,test,diff_days_indoor,5,0,0,0,0,0,0.4498078525066376
data/raw/osu_lora/Diff_Days_Indoor_Setup/Day5/Device10/IQ_1.dat,102,7996698,8,8,1,test,diff_days_indoor,5,0,0,0,0,0,0.4630696773529053
data/raw/osu_lora/Diff_Days_Indoor_Setup/Day5/Device10/IQ_1.dat,103,8075097,8,20,0,test,diff_days_indoor,5,0,0,0,0,0,0.4036501348018646
data/raw/osu_lora/Diff_Days_Indoor_Setup/Day5/Device10/IQ_1.dat,104,8153496,8,20,0,test,diff_days_indoor,5,0,0,0,0,0,0.4100426733493805
data/raw/osu_lora/Diff_Days_Indoor_Setup/Day5/Device10/IQ_1.dat,105,8231895,8,20,0,test,diff_days_indoor,5,0,0,0,0,0,0.3879432678222656
data/raw/osu_lora/Diff_Days_Indoor_Setup/Day5/Device10/IQ_1.dat,106,8310294,8,8,1,test,diff_days_indoor,5,0,0,0,0,0,0.41882866621017456
data/raw/osu_lora/Diff_Days_Indoor_Setup/Day5/Device10/IQ_1.dat,107,8388693,8,8,1,test,diff_days_indoor,5,0,0,0,0,0,0.4380669891834259
data/raw/osu_lora/Diff_Days_Indoor_Setup/Day5/Device10/IQ_1.dat,108,8467092,8,8,1,test,diff_days_indoor,5,0,0,0,0,0,0.4531297981739044
data/raw/osu_lora/Diff_Days_Indoor_Setup/Day5/Device10/IQ_1.dat,109,8545491,8,8,1,test,diff_days_indoor,5,0,0,0,0,0,0.44628244638442993
data/raw/osu_lora/Diff_Days_Indoor_Setup/Day5/Device10/IQ_1.dat,110,8623890,8,8,1,test,diff_days_indoor,5,0,0,0,0,0,0.4144149124622345
data/raw/osu_lora/Diff_Days_Indoor_Setup/Day5/Device10/IQ_1.dat,111,8702289,8,20,0,test,diff_days_indoor,5,0,0,0,0,0,0.41161566972732544
data/raw/osu_lora/Diff_Days_Indoor_Setup/Day5/Device10/IQ_1.dat,112,8780688,8,8,1,test,diff_days_indoor,5,0,0,0,0,0,0.4578006863594055
data/raw/osu_lora/Diff_Days_Indoor_Setup/Day5/Device10/IQ_1.dat,113,8859087,8,20,0,test,diff_days_indoor,5,0,0,0,0,0,0.39390525221824646
data/raw/osu_lora/Diff_Days_Indoor_Setup/Day5/Device10/IQ_1.dat,114,8937486,8,8,1,test,diff_days_indoor,5,0,0,0,0,0,0.45669612288475037
data/raw/osu_lora/Diff_Days_Indoor_Setup/Day5/Device10/IQ_1.dat,115,9015885,8,8,1,test,diff_days_indoor,5,0,0,0,0,0,0.42926278710365295
data/raw/osu_lora/Diff_Days_Indoor_Setup/Day5/Device10/IQ_1.dat,116,9094284,8,8,1,test,diff_days_indoor,5,0,0,0,0,0,0.4325103759765625
data/raw/osu_lora/Diff_Days_Indoor_Setup/Day5/Device10/IQ_1.dat,117,9172683,8,8,1,test,diff_days_indoor,5,0,0,0,0,0,0.42885443568229675
data/raw/osu_lora/Diff_Days_Indoor_Setup/Day5/Device10/IQ_1.dat,118,9251082,8,20,0,test,diff_days_indoor,5,0,0,0,0,0,0.3270629048347473
data/raw/osu_lora/Diff_Days_Indoor_Setup/Day5/Device10/IQ_1.dat,119,9329481,8,20,0,test,diff_days_indoor,5,0,0,0,0,0,0.3567396402359009
data/raw/osu_lora/Diff_Days_Indoor_Setup/Day5/Device10/IQ_1.dat,120,9407880,8,20,0,test,diff_days_indoor,5,0,0,0,0,0,0.32156893610954285
data/raw/osu_lora/Diff_Days_Indoor_Setup/Day5/Device10/IQ_1.dat,121,9486279,8,20,0,test,diff_days_indoor,5,0,0,0,0,0,0.40856024622917175
data/raw/osu_lora/Diff_Days_Indoor_Setup/Day5/Device10/IQ_1.dat,122,9564678,8,20,0,test,diff_days_indoor,5,0,0,0,0,0,0.38777536153793335
data/raw/osu_lora/Diff_Days_Indoor_Setup/Day5/Device10/IQ_1.dat,123,9643077,8,8,1,test,diff_days_indoor,5,0,0,0,0,0,0.4389929473400116
data/raw/osu_lora/Diff_Days_Indoor_Setup/Day5/Device10/IQ_1.dat,124,9721476,8,8,1,test,diff_days_indoor,5,0,0,0,0,0,0.4570910930633545
data/raw/osu_lora/Diff_Days_Indoor_Setup/Day5/Device10/IQ_1.dat,125,9799875,8,8,1,test,diff_days_indoor,5,0,0,0,0,0,0.4330679774284363
data/raw/osu_lora/Diff_Days_Indoor_Setup/Day5/Device10/IQ_1.dat,126,9878274,8,20,0,test,diff_days_indoor,5,0,0,0,0,0,0.4071151316165924
data/raw/osu_lora/Diff_Days_Indoor_Setup/Day5/Device10/IQ_1.dat,127,9956673,8,8,1,test,diff_days_indoor,5,0,0,0,0,0,0.442780464887619
data/raw/osu_lora/Diff_Days_Indoor_Setup/Day5/Device10/IQ_1.dat,128,10035072,8,8,1,test,diff_days_indoor,5,0,0,0,0,0,0.46799707412719727
data/raw/osu_lora/Diff_Days_Indoor_Setup/Day5/Device10/IQ_1.dat,129,10113471,8,8,1,test,diff_days_indoor,5,0,0,0,0,0,0.4156910181045532
data/raw/osu_lora/Diff_Days_Indoor_Setup/Day5/Device10/IQ_1.dat,130,10191870,8,8,1,test,diff_days_indoor,5,0,0,0,0,0,0.45232924818992615
data/raw/osu_lora/Diff_Days_Indoor_Setup/Day5/Device10/IQ_1.dat,131,10270269,8,20,0,test,diff_days_indoor,5,0,0,0,0,0,0.3241572082042694
data/raw/osu_lora/Diff_Days_Indoor_Setup/Day5/Device10/IQ_1.dat,132,10348668,8,8,1,test,diff_days_indoor,5,0,0,0,0,0,0.45283520221710205
data/raw/osu_lora/Diff_Days_Indoor_Setup/Day5/Device10/IQ_1.dat,133,10427067,8,6,0,test,diff_days_indoor,5,0,0,0,0,0,0.2897093892097473
data/raw/osu_lora/Diff_Days_Indoor_Setup/Day5/Device10/IQ_1.dat,134,10505466,8,8,1,test,diff_days_indoor,5,0,0,0,0,0,0.43817079067230225
data/raw/osu_lora/Diff_Days_Indoor_Setup/Day5/Device10/IQ_1.dat,135,10583865,8,8,1,test,diff_days_indoor,5,0,0,0,0,0,0.45399999618530273
data/raw/osu_lora/Diff_Days_Indoor_Setup/Day5/Device10/IQ_1.dat,136,10662264,8,20,0,test,diff_days_indoor,5,0,0,0,0,0,0.40844929218292236
data/raw/osu_lora/Diff_Days_Indoor_Setup/Day5/Device10/IQ_1.dat,137,10740663,8,8,1,test,diff_days_indoor,5,0,0,0,0,0,0.43416428565979004
data/raw/osu_lora/Diff_Days_Indoor_Setup/Day5/Device10/IQ_1.dat,138,10819062,8,6,0,test,diff_days_indoor,5,0,0,0,0,0,0.2555595338344574
data/raw/osu_lora/Diff_Days_Indoor_Setup/Day5/Device10/IQ_1.dat,139,10897461,8,20,0,test,diff_days_indoor,5,0,0,0,0,0,0.38958972692489624
data/raw/osu_lora/Diff_Days_Indoor_Setup/Day5/Device10/IQ_1.dat,140,10975860,8,8,1,test,diff_days_indoor,5,0,0,0,0,0,0.4278647303581238
data/raw/osu_lora/Diff_Days_Indoor_Setup/Day5/Device10/IQ_1.dat,141,11054259,8,20,0,test,diff_days_indoor,5,0,0,0,0,0,0.38484781980514526
data/raw/osu_lora/Diff_Days_Indoor_Setup/Day5/Device10/IQ_1.dat,142,11132658,8,8,1,test,diff_days_indoor,5,0,0,0,0,0,0.43938806653022766
data/raw/osu_lora/Diff_Days_Indoor_Setup/Day5/Device10/IQ_1.dat,143,11211057,8,8,1,test,diff_days_indoor,5,0,0,0,0,0,0.4403553903102875
data/raw/osu_lora/Diff_Days_Indoor_Setup/Day5/Device10/IQ_1.dat,144,11289456,8,8,1,test,diff_days_indoor,5,0,0,0,0,0,0.457640141248703
data/raw/osu_lora/Diff_Days_Indoor_Setup/Day5/Device10/IQ_1.dat,145,11367855,8,20,0,test,diff_days_indoor,5,0,0,0,0,0,0.4006461799144745
data/raw/osu_lora/Diff_Days_Indoor_Setup/Day5/Device10/IQ_1.dat,146,11446254,8,20,0,test,diff_days_indoor,5,0,0,0,0,0,0.37215322256088257
data/raw/osu_lora/Diff_Days_Indoor_Setup/Day5/Device10/IQ_1.dat,147,11524653,8,8,1,test,diff_days_indoor,5,0,0,0,0,0,0.42969927191734314
data/raw/osu_lora/Diff_Days_Indoor_Setup/Day5/Device10/IQ_1.dat,148,11603052,8,8,1,test,diff_days_indoor,5,0,0,0,0,0,0.46369171142578125
data/raw/osu_lora/Diff_Days_Indoor_Setup/Day5/Device10/IQ_1.dat,149,11681451,8,8,1,test,diff_days_indoor,5,0,0,0,0,0,0.41243937611579895
data/raw/osu_lora/Diff_Days_Indoor_Setup/Day5/Device10/IQ_1.dat,150,11759850,8,20,0,test,diff_days_indoor,5,0,0,0,0,0,0.39445456862449646
data/raw/osu_lora/Diff_Days_Indoor_Setup/Day5/Device10/IQ_1.dat,151,11838249,8,20,0,test,diff_days_indoor,5,0,0,0,0,0,0.39595285058021545
data/raw/osu_lora/Diff_Days_Indoor_Setup/Day5/Device10/IQ_1.dat,152,11916648,8,8,1,test,diff_days_indoor,5,0,0,0,0,0,0.43872785568237305
data/raw/osu_lora/Diff_Days_Indoor_Setup/Day5/Device10/IQ_1.dat,153,11995047,8,8,1,test,diff_days_indoor,5,0,0,0,0,0,0.4189419150352478
data/raw/osu_lora/Diff_Days_Indoor_Setup/Day5/Device10/IQ_1.dat,154,12073446,8,8,1,test,diff_days_indoor,5,0,0,0,0,0,0.43839752674102783
data/raw/osu_lora/Diff_Days_Indoor_Setup/Day5/Device10/IQ_1.dat,155,12151845,8,8,1,test,diff_days_indoor,5,0,0,0,0,0,0.45803940296173096
data/raw/osu_lora/Diff_Days_Indoor_Setup/Day5/Device10/IQ_1.dat,156,12230244,8,8,1,test,diff_days_indoor,5,0,0,0,0,0,0.43266019225120544
data/raw/osu_lora/Diff_Days_Indoor_Setup/Day5/Device10/IQ_1.dat,157,12308643,8,8,1,test,diff_days_indoor,5,0,0,0,0,0,0.4216277599334717
data/raw/osu_lora/Diff_Days_Indoor_Setup/Day5/Device10/IQ_1.dat,158,12387042,8,20,0,test,diff_days_indoor,5,0,0,0,0,0,0.40153735876083374
data/raw/osu_lora/Diff_Days_Indoor_Setup/Day5/Device10/IQ_1.dat,159,12465441,8,20,0,test,diff_days_indoor,5,0,0,0,0,0,0.33165091276168823
data/raw/osu_lora/Diff_Days_Indoor_Setup/Day5/Device10/IQ_1.dat,160,12543840,8,20,0,test,diff_days_indoor,5,0,0,0,0,0,0.36495423316955566
data/raw/osu_lora/Diff_Days_Indoor_Setup/Day5/Device10/IQ_1.dat,161,12622239,8,8,1,test,diff_days_indoor,5,0,0,0,0,0,0.46923038363456726
data/raw/osu_lora/Diff_Days_Indoor_Setup/Day5/Device10/IQ_1.dat,162,12700638,8,8,1,test,diff_days_indoor,5,0,0,0,0,0,0.45293891429901123
data/raw/osu_lora/Diff_Days_Indoor_Setup/Day5/Device10/IQ_1.dat,163,12779037,8,8,1,test,diff_days_indoor,5,0,0,0,0,0,0.4383303225040436
data/raw/osu_lora/Diff_Days_Indoor_Setup/Day5/Device10/IQ_1.dat,164,12857436,8,20,0,test,diff_days_indoor,5,0,0,0,0,0,0.3011041581630707
data/raw/osu_lora/Diff_Days_Indoor_Setup/Day5/Device10/IQ_1.dat,165,12935835,8,20,0,test,diff_days_indoor,5,0,0,0,0,0,0.40106189250946045
data/raw/osu_lora/Diff_Days_Indoor_Setup/Day5/Device10/IQ_1.dat,166,13014234,8,8,1,test,diff_days_indoor,5,0,0,0,0,0,0.4501558840274811
data/raw/osu_lora/Diff_Days_Indoor_Setup/Day5/Device10/IQ_1.dat,167,13092633,8,20,0,test,diff_days_indoor,5,0,0,0,0,0,0.4071238338947296
data/raw/osu_lora/Diff_Days_Indoor_Setup/Day5/Device10/IQ_1.dat,168,13171032,8,20,0,test,diff_days_indoor,5,0,0,0,0,0,0.4077382981777191
data/raw/osu_lora/Diff_Days_Indoor_Setup/Day5/Device10/IQ_1.dat,169,13249431,8,20,0,test,diff_days_indoor,5,0,0,0,0,0,0.3822413682937622
data/raw/osu_lora/Diff_Days_Indoor_Setup/Day5/Device10/IQ_1.dat,170,13327830,8,20,0,test,diff_days_indoor,5,0,0,0,0,0,0.3318169116973877
data/raw/osu_lora/Diff_Days_Indoor_Setup/Day5/Device10/IQ_1.dat,171,13406229,8,20,0,test,diff_days_indoor,5,0,0,0,0,0,0.38572099804878235
data/raw/osu_lora/Diff_Days_Indoor_Setup/Day5/Device10/IQ_1.dat,172,13484628,8,20,0,test,diff_days_indoor,5,0,0,0,0,0,0.40287870168685913
data/raw/osu_lora/Diff_Days_Indoor_Setup/Day5/Device10/IQ_1.dat,173,13563027,8,8,1,test,diff_days_indoor,5,0,0,0,0,0,0.45138785243034363
data/raw/osu_lora/Diff_Days_Indoor_Setup/Day5/Device10/IQ_1.dat,174,13641426,8,20,0,test,diff_days_indoor,5,0,0,0,0,0,0.4060823917388916
data/raw/osu_lora/Diff_Days_Indoor_Setup/Day5/Device10/IQ_1.dat,175,13719825,8,8,1,test,diff_days_indoor,5,0,0,0,0,0,0.464340478181839
data/raw/osu_lora/Diff_Days_Indoor_Setup/Day5/Device10/IQ_1.dat,176,13798224,8,20,0,test,diff_days_indoor,5,0,0,0,0,0,0.385994017124176
data/raw/osu_lora/Diff_Days_Indoor_Setup/Day5/Device10/IQ_1.dat,177,13876623,8,20,0,test,diff_days_indoor,5,0,0,0,0,0,0.39885517954826355
data/raw/osu_lora/Diff_Days_Indoor_Setup/Day5/Device10/IQ_1.dat,178,13955022,8,20,0,test,diff_days_indoor,5,0,0,0,0,0,0.4035959541797638
data/raw/osu_lora/Diff_Days_Indoor_Setup/Day5/Device10/IQ_1.dat,179,14033421,8,20,0,test,diff_days_indoor,5,0,0,0,0,0,0.2973420023918152
data/raw/osu_lora/Diff_Days_Indoor_Setup/Day5/Device10/IQ_1.dat,180,14111820,8,8,1,test,diff_days_indoor,5,0,0,0,0,0,0.44974082708358765
data/raw/osu_lora/Diff_Days_Indoor_Setup/Day5/Device10/IQ_1.dat,181,14190219,8,8,1,test,diff_days_indoor,5,0,0,0,0,0,0.4550618827342987
data/raw/osu_lora/Diff_Days_Indoor_Setup/Day5/Device10/IQ_1.dat,182,14268618,8,8,1,test,diff_days_indoor,5,0,0,0,0,0,0.423191100358963
data/raw/osu_lora/Diff_Days_Indoor_Setup/Day5/Device10/IQ_1.dat,183,14347017,8,8,1,test,diff_days_indoor,5,0,0,0,0,0,0.457014799118042
data/raw/osu_lora/Diff_Days_Indoor_Setup/Day5/Device10/IQ_1.dat,184,14425416,8,20,0,test,diff_days_indoor,5,0,0,0,0,0,0.40428426861763
data/raw/osu_lora/Diff_Days_Indoor_Setup/Day5/Device10/IQ_1.dat,185,14503815,8,20,0,test,diff_days_indoor,5,0,0,0,0,0,0.3381323218345642
data/raw/osu_lora/Diff_Days_Indoor_Setup/Day5/Device10/IQ_1.dat,186,14582214,8,8,1,test,diff_days_indoor,5,0,0,0,0,0,0.45318546891212463
data/raw/osu_lora/Diff_Days_Indoor_Setup/Day5/Device10/IQ_1.dat,187,14660613,8,8,1,test,diff_days_indoor,5,0,0,0,0,0,0.4435100555419922
data/raw/osu_lora/Diff_Days_Indoor_Setup/Day5/Device10/IQ_1.dat,188,14739012,8,8,1,test,diff_days_indoor,5,0,0,0,0,0,0.42279917001724243
data/raw/osu_lora/Diff_Days_Indoor_Setup/Day5/Device10/IQ_1.dat,189,14817411,8,8,1,test,diff_days_indoor,5,0,0,0,0,0,0.4433003067970276
data/raw/osu_lora/Diff_Days_Indoor_Setup/Day5/Device10/IQ_1.dat,190,14895810,8,8,1,test,diff_days_indoor,5,0,0,0,0,0,0.43010029196739197
data/raw/osu_lora/Diff_Days_Indoor_Setup/Day5/Device10/IQ_1.dat,191,14974209,8,8,1,test,diff_days_indoor,5,0,0,0,0,0,0.4510186016559601
data/raw/osu_lora/Diff_Days_Indoor_Setup/Day5/Device10/IQ_1.dat,192,15052608,8,20,0,test,diff_days_indoor,5,0,0,0,0,0,0.3919268846511841
data/raw/osu_lora/Diff_Days_Indoor_Setup/Day5/Device10/IQ_1.dat,193,15131007,8,8,1,test,diff_days_indoor,5,0,0,0,0,0,0.41851916909217834
data/raw/osu_lora/Diff_Days_Indoor_Setup/Day5/Device10/IQ_1.dat,194,15209406,8,20,0,test,diff_days_indoor,5,0,0,0,0,0,0.40165218710899353
data/raw/osu_lora/Diff_Days_Indoor_Setup/Day5/Device10/IQ_1.dat,195,15287805,8,20,0,test,diff_days_indoor,5,0,0,0,0,0,0.3965512216091156
data/raw/osu_lora/Diff_Days_Indoor_Setup/Day5/Device10/IQ_1.dat,196,15366204,8,8,1,test,diff_days_indoor,5,0,0,0,0,0,0.45952683687210083
data/raw/osu_lora/Diff_Days_Indoor_Setup/Day5/Device10/IQ_1.dat,197,15444603,8,20,0,test,diff_days_indoor,5,0,0,0,0,0,0.40167123079299927
data/raw/osu_lora/Diff_Days_Indoor_Setup/Day5/Device10/IQ_1.dat,198,15523002,8,20,0,test,diff_days_indoor,5,0,0,0,0,0,0.3106623888015747
data/raw/osu_lora/Diff_Days_Indoor_Setup/Day5/Device10/IQ_1.dat,199,15601401,8,20,0,test,diff_days_indoor,5,0,0,0,0,0,0.3468301594257355
data/raw/osu_lora/Diff_Days_Indoor_Setup/Day5/Device10/IQ_1.dat,200,15679800,8,8,1,test,diff_days_indoor,5,0,0,0,0,0,0.4359656572341919
data/raw/osu_lora/Diff_Days_Indoor_Setup/Day5/Device10/IQ_1.dat,201,15758199,8,8,1,test,diff_days_indoor,5,0,0,0,0,0,0.45391854643821716
data/raw/osu_lora/Diff_Days_Indoor_Setup/Day5/Device10/IQ_1.dat,202,15836598,8,8,1,test,diff_days_indoor,5,0,0,0,0,0,0.45324957370758057
data/raw/osu_lora/Diff_Days_Indoor_Setup/Day5/Device10/IQ_1.dat,203,15914997,8,8,1,test,diff_days_indoor,5,0,0,0,0,0,0.4694307744503021
data/raw/osu_lora/Diff_Days_Indoor_Setup/Day5/Device10/IQ_1.dat,204,15993396,8,6,0,test,diff_days_indoor,5,0,0,0,0,0,0.28992345929145813
data/raw/osu_lora/Diff_Days_Indoor_Setup/Day5/Device10/IQ_1.dat,205,16071795,8,8,1,test,diff_days_indoor,5,0,0,0,0,0,0.4355613589286804
data/raw/osu_lora/Diff_Days_Indoor_Setup/Day5/Device10/IQ_1.dat,206,16150194,8,6,0,test,diff_days_indoor,5,0,0,0,0,0,0.2856796383857727
data/raw/osu_lora/Diff_Days_Indoor_Setup/Day5/Device10/IQ_1.dat,207,16228593,8,8,1,test,diff_days_indoor,5,0,0,0,0,0,0.45147767663002014
data/raw/osu_lora/Diff_Days_Indoor_Setup/Day5/Device10/IQ_1.dat,208,16306992,8,8,1,test,diff_days_indoor,5,0,0,0,0,0,0.44965919852256775
data/raw/osu_lora/Diff_Days_Indoor_Setup/Day5/Device10/IQ_1.dat,209,16385391,8,20,0,test,diff_days_indoor,5,0,0,0,0,0,0.3592488467693329
data/raw/osu_lora/Diff_Days_Indoor_Setup/Day5/Device10/IQ_1.dat,210,16463790,8,8,1,test,diff_days_indoor,5,0,0,0,0,0,0.45126837491989136
data/raw/osu_lora/Diff_Days_Indoor_Setup/Day5/Device10/IQ_1.dat,211,16542189,8,16,0,test,diff_days_indoor,5,0,0,0,0,0,0.09111575037240982
data/raw/osu_lora/Diff_Days_Indoor_Setup/Day5/Device10/IQ_1.dat,212,16620588,8,20,0,test,diff_days_indoor,5,0,0,0,0,0,0.3566514253616333
data/raw/osu_lora/Diff_Days_Indoor_Setup/Day5/Device10/IQ_1.dat,213,16698987,8,8,1,test,diff_days_indoor,5,0,0,0,0,0,0.41296905279159546
data/raw/osu_lora/Diff_Days_Indoor_Setup/Day5/Device10/IQ_1.dat,214,16777386,8,20,0,test,diff_days_indoor,5,0,0,0,0,0,0.2925807237625122
data/raw/osu_lora/Diff_Days_Indoor_Setup/Day5/Device10/IQ_1.dat,215,16855785,8,8,1,test,diff_days_indoor,5,0,0,0,0,0,0.4475127160549164
data/raw/osu_lora/Diff_Days_Indoor_Setup/Day5/Device10/IQ_1.dat,216,16934184,8,20,0,test,diff_days_indoor,5,0,0,0,0,0,0.4021438956260681
data/raw/osu_lora/Diff_Days_Indoor_Setup/Day5/Device10/IQ_1.dat,217,17012583,8,8,1,test,diff_days_indoor,5,0,0,0,0,0,0.46070101857185364
data/raw/osu_lora/Diff_Days_Indoor_Setup/Day5/Device10/IQ_1.dat,218,17090982,8,20,0,test,diff_days_indoor,5,0,0,0,0,0,0.368266761302948
data/raw/osu_lora/Diff_Days_Indoor_Setup/Day5/Device10/IQ_1.dat,219,17169381,8,8,1,test,diff_days_indoor,5,0,0,0,0,0,0.407262921333313
data/raw/osu_lora/Diff_Days_Indoor_Setup/Day5/Device10/IQ_1.dat,220,17247780,8,8,1,test,diff_days_indoor,5,0,0,0,0,0,0.43784067034721375
data/raw/osu_lora/Diff_Days_Indoor_Setup/Day5/Device10/IQ_1.dat,221,17326179,8,8,1,test,diff_days_indoor,5,0,0,0,0,0,0.4713573455810547
data/raw/osu_lora/Diff_Days_Indoor_Setup/Day5/Device10/IQ_1.dat,222,17404578,8,8,1,test,diff_days_indoor,5,0,0,0,0,0,0.4624069035053253
data/raw/osu_lora/Diff_Days_Indoor_Setup/Day5/Device10/IQ_1.dat,223,17482977,8,8,1,test,diff_days_indoor,5,0,0,0,0,0,0.4144000709056854
data/raw/osu_lora/Diff_Days_Indoor_Setup/Day5/Device10/IQ_1.dat,224,17561376,8,8,1,test,diff_days_indoor,5,0,0,0,0,0,0.4287383556365967
data/raw/osu_lora/Diff_Days_Indoor_Setup/Day5/Device10/IQ_1.dat,225,17639775,8,20,0,test,diff_days_indoor,5,0,0,0,0,0,0.4085768163204193
data/raw/osu_lora/Diff_Days_Indoor_Setup/Day5/Device10/IQ_1.dat,226,17718174,8,8,1,test,diff_days_indoor,5,0,0,0,0,0,0.4324212372303009
data/raw/osu_lora/Diff_Days_Indoor_Setup/Day5/Device10/IQ_1.dat,227,17796573,8,8,1,test,diff_days_indoor,5,0,0,0,0,0,0.44051867723464966
data/raw/osu_lora/Diff_Days_Indoor_Setup/Day5/Device10/IQ_1.dat,228,17874972,8,8,1,test,diff_days_indoor,5,0,0,0,0,0,0.4371482729911804
data/raw/osu_lora/Diff_Days_Indoor_Setup/Day5/Device10/IQ_1.dat,229,17953371,8,20,0,test,diff_days_indoor,5,0,0,0,0,0,0.4099953770637512
data/raw/osu_lora/Diff_Days_Indoor_Setup/Day5/Device10/IQ_1.dat,230,18031770,8,8,1,test,diff_days_indoor,5,0,0,0,0,0,0.43449288606643677
data/raw/osu_lora/Diff_Days_Indoor_Setup/Day5/Device10/IQ_1.dat,231,18110169,8,20,0,test,diff_days_indoor,5,0,0,0,0,0,0.40858128666877747
data/raw/osu_lora/Diff_Days_Indoor_Setup/Day5/Device10/IQ_1.dat,232,18188568,8,8,1,test,diff_days_indoor,5,0,0,0,0,0,0.44895657896995544
data/raw/osu_lora/Diff_Days_Indoor_Setup/Day5/Device10/IQ_1.dat,233,18266967,8,8,1,test,diff_days_indoor,5,0,0,0,0,0,0.4402052164077759
data/raw/osu_lora/Diff_Days_Indoor_Setup/Day5/Device10/IQ_1.dat,234,18345366,8,8,1,test,diff_days_indoor,5,0,0,0,0,0,0.4426000714302063
data/raw/osu_lora/Diff_Days_Indoor_Setup/Day5/Device10/IQ_1.dat,235,18423765,8,8,1,test,diff_days_indoor,5,0,0,0,0,0,0.46373769640922546
data/raw/osu_lora/Diff_Days_Indoor_Setup/Day5/Device10/IQ_1.dat,236,18502164,8,8,1,test,diff_days_indoor,5,0,0,0,0,0,0.45804935693740845
data/raw/osu_lora/Diff_Days_Indoor_Setup/Day5/Device10/IQ_1.dat,237,18580563,8,8,1,test,diff_days_indoor,5,0,0,0,0,0,0.43816184997558594
data/raw/osu_lora/Diff_Days_Indoor_Setup/Day5/Device10/IQ_1.dat,238,18658962,8,8,1,test,diff_days_indoor,5,0,0,0,0,0,0.4362180233001709
data/raw/osu_lora/Diff_Days_Indoor_Setup/Day5/Device10/IQ_1.dat,239,18737361,8,20,0,test,diff_days_indoor,5,0,0,0,0,0,0.3725129961967468
data/raw/osu_lora/Diff_Days_Indoor_Setup/Day5/Device10/IQ_1.dat,240,18815760,8,20,0,test,diff_days_indoor,5,0,0,0,0,0,0.3735716640949249
data/raw/osu_lora/Diff_Days_Indoor_Setup/Day5/Device10/IQ_1.dat,241,18894159,8,8,1,test,diff_days_indoor,5,0,0,0,0,0,0.41781696677207947
data/raw/osu_lora/Diff_Days_Indoor_Setup/Day5/Device10/IQ_1.dat,242,18972558,8,8,1,test,diff_days_indoor,5,0,0,0,0,0,0.4374096393585205
data/raw/osu_lora/Diff_Days_Indoor_Setup/Day5/Device10/IQ_1.dat,243,19050957,8,8,1,test,diff_days_indoor,5,0,0,0,0,0,0.4104537069797516
data/raw/osu_lora/Diff_Days_Indoor_Setup/Day5/Device10/IQ_1.dat,244,19129356,8,8,1,test,diff_days_indoor,5,0,0,0,0,0,0.4490913152694702
data/raw/osu_lora/Diff_Days_Indoor_Setup/Day5/Device10/IQ_1.dat,245,19207755,8,8,1,test,diff_days_indoor,5,0,0,0,0,0,0.4298766255378723
data/raw/osu_lora/Diff_Days_Indoor_Setup/Day5/Device10/IQ_1.dat,246,19286154,8,20,0,test,diff_days_indoor,5,0,0,0,0,0,0.3989606499671936
data/raw/osu_lora/Diff_Days_Indoor_Setup/Day5/Device10/IQ_1.dat,247,19364553,8,8,1,test,diff_days_indoor,5,0,0,0,0,0,0.4369519054889679
data/raw/osu_lora/Diff_Days_Indoor_Setup/Day5/Device10/IQ_1.dat,248,19442952,8,8,1,test,diff_days_indoor,5,0,0,0,0,0,0.45500361919403076
data/raw/osu_lora/Diff_Days_Indoor_Setup/Day5/Device10/IQ_1.dat,249,19521351,8,8,1,test,diff_days_indoor,5,0,0,0,0,0,0.4423196315765381
data/raw/osu_lora/Diff_Days_Indoor_Setup/Day5/Device10/IQ_1.dat,250,19599750,8,8,1,test,diff_days_indoor,5,0,0,0,0,0,0.45018768310546875
data/raw/osu_lora/Diff_Days_Indoor_Setup/Day5/Device10/IQ_1.dat,251,19678149,8,6,0,test,diff_days_indoor,5,0,0,0,0,0,0.2849454879760742
data/raw/osu_lora/Diff_Days_Indoor_Setup/Day5/Device10/IQ_1.dat,252,19756548,8,20,0,test,diff_days_indoor,5,0,0,0,0,0,0.398613840341568
data/raw/osu_lora/Diff_Days_Indoor_Setup/Day5/Device10/IQ_1.dat,253,19834947,8,20,0,test,diff_days_indoor,5,0,0,0,0,0,0.30899712443351746
data/raw/osu_lora/Diff_Days_Indoor_Setup/Day5/Device10/IQ_1.dat,254,19913346,8,8,1,test,diff_days_indoor,5,0,0,0,0,0,0.44958314299583435
data/raw/osu_lora/Diff_Days_Indoor_Setup/Day5/Device10/IQ_1.dat,255,19991745,8,20,0,test,diff_days_indoor,5,0,0,0,0,0,0.40462008118629456
data/raw/osu_lora/Diff_Days_Indoor_Setup/Day5/Device11/IQ_1.dat,0,0,9,9,1,test,diff_days_indoor,5,0,0,0,0,0,0.22673723101615906
data/raw/osu_lora/Diff_Days_Indoor_Setup/Day5/Device11/IQ_1.dat,1,78399,9,9,1,test,diff_days_indoor,5,0,0,0,0,0,0.19683749973773956
data/raw/osu_lora/Diff_Days_Indoor_Setup/Day5/Device11/IQ_1.dat,2,156798,9,9,1,test,diff_days_indoor,5,0,0,0,0,0,0.22600498795509338
data/raw/osu_lora/Diff_Days_Indoor_Setup/Day5/Device11/IQ_1.dat,3,235197,9,9,1,test,diff_days_indoor,5,0,0,0,0,0,0.2194259911775589
data/raw/osu_lora/Diff_Days_Indoor_Setup/Day5/Device11/IQ_1.dat,4,313596,9,9,1,test,diff_days_indoor,5,0,0,0,0,0,0.21901117265224457
data/raw/osu_lora/Diff_Days_Indoor_Setup/Day5/Device11/IQ_1.dat,5,391995,9,13,0,test,diff_days_indoor,5,0,0,0,0,0,0.17247585952281952
data/raw/osu_lora/Diff_Days_Indoor_Setup/Day5/Device11/IQ_1.dat,6,470394,9,13,0,test,diff_days_indoor,5,0,0,0,0,0,0.17307184636592865
data/raw/osu_lora/Diff_Days_Indoor_Setup/Day5/Device11/IQ_1.dat,7,548793,9,9,1,test,diff_days_indoor,5,0,0,0,0,0,0.22988049685955048
data/raw/osu_lora/Diff_Days_Indoor_Setup/Day5/Device11/IQ_1.dat,8,627192,9,9,1,test,diff_days_indoor,5,0,0,0,0,0,0.22806930541992188
data/raw/osu_lora/Diff_Days_Indoor_Setup/Day5/Device11/IQ_1.dat,9,705591,9,9,1,test,diff_days_indoor,5,0,0,0,0,0,0.22609540820121765
data/raw/osu_lora/Diff_Days_Indoor_Setup/Day5/Device11/IQ_1.dat,10,783990,9,9,1,test,diff_days_indoor,5,0,0,0,0,0,0.2288045436143875
data/raw/osu_lora/Diff_Days_Indoor_Setup/Day5/Device11/IQ_1.dat,11,862389,9,9,1,test,diff_days_indoor,5,0,0,0,0,0,0.22671903669834137
data/raw/osu_lora/Diff_Days_Indoor_Setup/Day5/Device11/IQ_1.dat,12,940788,9,9,1,test,diff_days_indoor,5,0,0,0,0,0,0.23074093461036682
data/raw/osu_lora/Diff_Days_Indoor_Setup/Day5/Device11/IQ_1.dat,13,1019187,9,9,1,test,diff_days_indoor,5,0,0,0,0,0,0.22928515076637268
data/raw/osu_lora/Diff_Days_Indoor_Setup/Day5/Device11/IQ_1.dat,14,1097586,9,9,1,test,diff_days_indoor,5,0,0,0,0,0,0.19471235573291779
data/raw/osu_lora/Diff_Days_Indoor_Setup/Day5/Device11/IQ_1.dat,15,1175985,9,9,1,test,diff_days_indoor,5,0,0,0,0,0,0.22673487663269043
data/raw/osu_lora/Diff_Days_Indoor_Setup/Day5/Device11/IQ_1.dat,16,1254384,9,9,1,test,diff_days_indoor,5,0,0,0,0,0,0.22441597282886505
data/raw/osu_lora/Diff_Days_Indoor_Setup/Day5/Device11/IQ_1.dat,17,1332783,9,9,1,test,diff_days_indoor,5,0,0,0,0,0,0.23116931319236755
data/raw/osu_lora/Diff_Days_Indoor_Setup/Day5/Device11/IQ_1.dat,18,1411182,9,9,1,test,diff_days_indoor,5,0,0,0,0,0,0.22960174083709717
data/raw/osu_lora/Diff_Days_Indoor_Setup/Day5/Device11/IQ_1.dat,19,1489581,9,9,1,test,diff_days_indoor,5,0,0,0,0,0,0.21789900958538055
data/raw/osu_lora/Diff_Days_Indoor_Setup/Day5/Device11/IQ_1.dat,20,1567980,9,9,1,test,diff_days_indoor,5,0,0,0,0,0,0.2243829369544983
data/raw/osu_lora/Diff_Days_Indoor_Setup/Day5/Device11/IQ_1.dat,21,1646379,9,9,1,test,diff_days_indoor,5,0,0,0,0,0,0.19049273431301117
data/raw/osu_lora/Diff_Days_Indoor_Setup/Day5/Device11/IQ_1.dat,22,1724778,9,14,0,test,diff_days_indoor,5,0,0,0,0,0,0.22515518963336945
data/raw/osu_lora/Diff_Days_Indoor_Setup/Day5/Device11/IQ_1.dat,23,1803177,9,9,1,test,diff_days_indoor,5,0,0,0,0,0,0.19604913890361786
data/raw/osu_lora/Diff_Days_Indoor_Setup/Day5/Device11/IQ_1.dat,24,1881576,9,14,0,test,diff_days_indoor,5,0,0,0,0,0,0.21259716153144836
data/raw/osu_lora/Diff_Days_Indoor_Setup/Day5/Device11/IQ_1.dat,25,1959975,9,14,0,test,diff_days_indoor,5,0,0,0,0,0,0.22944830358028412
data/raw/osu_lora/Diff_Days_Indoor_Setup/Day5/Device11/IQ_1.dat,26,2038374,9,9,1,test,diff_days_indoor,5,0,0,0,0,0,0.22387468814849854
data/raw/osu_lora/Diff_Days_Indoor_Setup/Day5/Device11/IQ_1.dat,27,2116773,9,9,1,test,diff_days_indoor,5,0,0,0,0,0,0.2273302972316742
data/raw/osu_lora/Diff_Days_Indoor_Setup/Day5/Device11/IQ_1.dat,28,2195172,9,9,1,test,diff_days_indoor,5,0,0,0,0,0,0.22720420360565186
data/raw/osu_lora/Diff_Days_Indoor_Setup/Day5/Device11/IQ_1.dat,29,2273571,9,9,1,test,diff_days_indoor,5,0,0,0,0,0,0.22055527567863464
data/raw/osu_lora/Diff_Days_Indoor_Setup/Day5/Device11/IQ_1.dat,30,2351970,9,9,1,test,diff_days_indoor,5,0,0,0,0,0,0.2273879051208496
data/raw/osu_lora/Diff_Days_Indoor_Setup/Day5/Device11/IQ_1.dat,31,2430369,9,9,1,test,diff_days_indoor,5,0,0,0,0,0,0.20550306141376495
data/raw/osu_lora/Diff_Days_Indoor_Setup/Day5/Device11/IQ_1.dat,32,2508768,9,14,0,test,diff_days_indoor,5,0,0,0,0,0,0.2206600308418274
data/raw/osu_lora/Diff_Days_Indoor_Setup/Day5/Device11/IQ_1.dat,33,2587167,9,9,1,test,diff_days_indoor,5,0,0,0,0,0,0.22108371555805206
data/raw/osu_lora/Diff_Days_Indoor_Setup/Day5/Device11/IQ_1.dat,34,2665566,9,21,0,test,diff_days_indoor,5,0,0,0,0,0,0.21109730005264282
data/raw/osu_lora/Diff_Days_Indoor_Setup/Day5/Device11/IQ_1.dat,35,2743965,9,9,1,test,diff_days_indoor,5,0,0,0,0,0,0.22928695380687714
data/raw/osu_lora/Diff_Days_Indoor_Setup/Day5/Device11/IQ_1.dat,36,2822364,9,9,1,test,diff_days_indoor,5,0,0,0,0,0,0.2078849822282791
data/raw/osu_lora/Diff_Days_Indoor_Setup/Day5/Device11/IQ_1.dat,37,2900763,9,9,1,test,diff_days_indoor,5,0,0,0,0,0,0.1832716464996338
data/raw/osu_lora/Diff_Days_Indoor_Setup/Day5/Device11/IQ_1.dat,38,2979162,9,9,1,test,diff_days_indoor,5,0,0,0,0,0,0.2293577641248703
data/raw/osu_lora/Diff_Days_Indoor_Setup/Day5/Device11/IQ_1.dat,39,3057561,9,9,1,test,diff_days_indoor,5,0,0,0,0,0,0.22680765390396118
data/raw/osu_lora/Diff_Days_Indoor_Setup/Day5/Device11/IQ_1.dat,40,3135960,9,9,1,test,diff_days_indoor,5,0,0,0,0,0,0.22777193784713745
data/raw/osu_lora/Diff_Days_Indoor_Setup/Day5/Device11/IQ_1.dat,41,3214359,9,9,1,test,diff_days_indoor,5,0,0,0,0,0,0.2225433737039566
data/raw/osu_lora/Diff_Days_Indoor_Setup/Day5/Device11/IQ_1.dat,42,3292758,9,9,1,test,diff_days_indoor,5,0,0,0,0,0,0.22904062271118164
data/raw/osu_lora/Diff_Days_Indoor_Setup/Day5/Device11/IQ_1.dat,43,3371157,9,9,1,test,diff_days_indoor,5,0,0,0,0,0,0.1756812334060669
data/raw/osu_lora/Diff_Days_Indoor_Setup/Day5/Device11/IQ_1.dat,44,3449556,9,9,1,test,diff_days_indoor,5,0,0,0,0,0,0.22609969973564148
data/raw/osu_lora/Diff_Days_Indoor_Setup/Day5/Device11/IQ_1.dat,45,3527955,9,9,1,test,diff_days_indoor,5,0,0,0,0,0,0.22758878767490387
data/raw/osu_lora/Diff_Days_Indoor_Setup/Day5/Device11/IQ_1.dat,46,3606354,9,9,1,test,diff_days_indoor,5,0,0,0,0,0,0.22741934657096863
data/raw/osu_lora/Diff_Days_Indoor_Setup/Day5/Device11/IQ_1.dat,47,3684753,9,9,1,test,diff_days_indoor,5,0,0,0,0,0,0.22229255735874176
data/raw/osu_lora/Diff_Days_Indoor_Setup/Day5/Device11/IQ_1.dat,48,3763152,9,14,0,test,diff_days_indoor,5,0,0,0,0,0,0.2299715280532837
data/raw/osu_lora/Diff_Days_Indoor_Setup/Day5/Device11/IQ_1.dat,49,3841551,9,9,1,test,diff_days_indoor,5,0,0,0,0,0,0.2163655161857605
data/raw/osu_lora/Diff_Days_Indoor_Setup/Day5/Device11/IQ_1.dat,50,3919950,9,14,0,test,diff_days_indoor,5,0,0,0,0,0,0.21702229976654053
data/raw/osu_lora/Diff_Days_Indoor_Setup/Day5/Device11/IQ_1.dat,51,3998349,9,9,1,test,diff_days_indoor,5,0,0,0,0,0,0.22532323002815247
data/raw/osu_lora/Diff_Days_Indoor_Setup/Day5/Device11/IQ_1.dat,52,4076748,9,13,0,test,diff_days_indoor,5,0,0,0,0,0,0.16719289124011993
data/raw/osu_lora/Diff_Days_Indoor_Setup/Day5/Device11/IQ_1.dat,53,4155147,9,13,0,test,diff_days_indoor,5,0,0,0,0,0,0.16475069522857666
data/raw/osu_lora/Diff_Days_Indoor_Setup/Day5/Device11/IQ_1.dat,54,4233546,9,9,1,test,diff_days_indoor,5,0,0,0,0,0,0.21473102271556854
data/raw/osu_lora/Diff_Days_Indoor_Setup/Day5/Device11/IQ_1.dat,55,4311945,9,9,1,test,diff_days_indoor,5,0,0,0,0,0,0.22925281524658203
data/raw/osu_lora/Diff_Days_Indoor_Setup/Day5/Device11/IQ_1.dat,56,4390344,9,9,1,test,diff_days_indoor,5,0,0,0,0,0,0.22869126498699188
data/raw/osu_lora/Diff_Days_Indoor_Setup/Day5/Device11/IQ_1.dat,57,4468743,9,9,1,test,diff_days_indoor,5,0,0,0,0,0,0.2250700443983078
data/raw/osu_lora/Diff_Days_Indoor_Setup/Day5/Device11/IQ_1.dat,58,4547142,9,9,1,test,diff_days_indoor,5,0,0,0,0,0,0.20524153113365173
data/raw/osu_lora/Diff_Days_Indoor_Setup/Day5/Device11/IQ_1.dat,59,4625541,9,9,1,test,diff_days_indoor,5,0,0,0,0,0,0.201938197016716
data/raw/osu_lora/Diff_Days_Indoor_Setup/Day5/Device11/IQ_1.dat,60,4703940,9,7,0,test,diff_days_indoor,5,0,0,0,0,0,0.12844058871269226
data/raw/osu_lora/Diff_Days_Indoor_Setup/Day5/Device11/IQ_1.dat,61,4782339,9,9,1,test,diff_days_indoor,5,0,0,0,0,0,0.22846940159797668
data/raw/osu_lora/Diff_Days_Indoor_Setup/Day5/Device11/IQ_1.dat,62,4860738,9,9,1,test,diff_days_indoor,5,0,0,0,0,0,0.2154070883989334
data/raw/osu_lora/Diff_Days_Indoor_Setup/Day5/Device11/IQ_1.dat,63,4939137,9,14,0,test,diff_days_indoor,5,0,0,0,0,0,0.21823500096797943
data/raw/osu_lora/Diff_Days_Indoor_Setup/Day5/Device11/IQ_1.dat,64,5017536,9,9,1,test,diff_days_indoor,5,0,0,0,0,0,0.22917118668556213
data/raw/osu_lora/Diff_Days_Indoor_Setup/Day5/Device11/IQ_1.dat,65,5095935,9,9,1,test,diff_days_indoor,5,0,0,0,0,0,0.19500623643398285
data/raw/osu_lora/Diff_Days_Indoor_Setup/Day5/Device11/IQ_1.dat,66,5174334,9,9,1,test,diff_days_indoor,5,0,0,0,0,0,0.22328148782253265
data/raw/osu_lora/Diff_Days_Indoor_Setup/Day5/Device11/IQ_1.dat,67,5252733,9,9,1,test,diff_days_indoor,5,0,0,0,0,0,0.22171637415885925
data/raw/osu_lora/Diff_Days_Indoor_Setup/Day5/Device11/IQ_1.dat,68,5331132,9,9,1,test,diff_days_indoor,5,0,0,0,0,0,0.178681880235672
data/raw/osu_lora/Diff_Days_Indoor_Setup/Day5/Device11/IQ_1.dat,69,5409531,9,9,1,test,diff_days_indoor,5,0,0,0,0,0,0.2105623483657837
data/raw/osu_lora/Diff_Days_Indoor_Setup/Day5/Device11/IQ_1.dat,70,5487930,9,9,1,test,diff_days_indoor,5,0,0,0,0,0,0.22665484249591827
data/raw/osu_lora/Diff_Days_Indoor_Setup/Day5/Device11/IQ_1.dat,71,5566329,9,9,1,test,diff_days_indoor,5,0,0,0,0,0,0.21854804456233978
data/raw/osu_lora/Diff_Days_Indoor_Setup/Day5/Device11/IQ_1.dat,72,5644728,9,9,1,test,diff_days_indoor,5,0,0,0,0,0,0.21979038417339325
data/raw/osu_lora/Diff_Days_Indoor_Setup/Day5/Device11/IQ_1.dat,73,5723127,9,9,1,test,diff_days_indoor,5,0,0,0,0,0,0.20714764297008514
data/raw/osu_lora/Diff_Days_Indoor_Setup/Day5/Device11/IQ_1.dat,74,5801526,9,9,1,test,diff_days_indoor,5,0,0,0,0,0,0.22792553901672363
data/raw/osu_lora/Diff_Days_Indoor_Setup/Day5/Device11/IQ_1.dat,75,5879925,9,9,1,test,diff_days_indoor,5,0,0,0,0,0,0.22833269834518433
data/raw/osu_lora/Diff_Days_Indoor_Setup/Day5/Device11/IQ_1.dat,76,5958324,9,9,1,test,diff_days_indoor,5,0,0,0,0,0,0.22995451092720032
data/raw/osu_lora/Diff_Days_Indoor_Setup/Day5/Device11/IQ_1.dat,77,6036723,9,9,1,test,diff_days_indoor,5,0,0,0,0,0,0.20031872391700745
data/raw/osu_lora/Diff_Days_Indoor_Setup/Day5/Device11/IQ_1.dat,78,6115122,9,9,1,test,diff_days_indoor,5,0,0,0,0,0,0.2295963168144226
data/raw/osu_lora/Diff_Days_Indoor_Setup/Day5/Device11/IQ_1.dat,79,6193521,9,9,1,test,diff_days_indoor,5,0,0,0,0,0,0.19988155364990234
data/raw/osu_lora/Diff_Days_Indoor_Setup/Day5/Device11/IQ_1.dat,80,6271920,9,9,1,test,diff_days_indoor,5,0,0,0,0,0,0.22902898490428925
data/raw/osu_lora/Diff_Days_Indoor_Setup/Day5/Device11/IQ_1.dat,81,6350319,9,9,1,test,diff_days_indoor,5,0,0,0,0,0,0.22445189952850342
data/raw/osu_lora/Diff_Days_Indoor_Setup/Day5/Device11/IQ_1.dat,82,6428718,9,9,1,test,diff_days_indoor,5,0,0,0,0,0,0.22686374187469482
data/raw/osu_lora/Diff_Days_Indoor_Setup/Day5/Device11/IQ_1.dat,83,6507117,9,9,1,test,diff_days_indoor,5,0,0,0,0,0,0.22858811914920807
data/raw/osu_lora/Diff_Days_Indoor_Setup/Day5/Device11/IQ_1.dat,84,6585516,9,9,1,test,diff_days_indoor,5,0,0,0,0,0,0.2252252995967865
data/raw/osu_lora/Diff_Days_Indoor_Setup/Day5/Device11/IQ_1.dat,85,6663915,9,9,1,test,diff_days_indoor,5,0,0,0,0,0,0.22366729378700256
data/raw/osu_lora/Diff_Days_Indoor_Setup/Day5/Device11/IQ_1.dat,86,6742314,9,9,1,test,diff_days_indoor,5,0,0,0,0,0,0.21877813339233398
data/raw/osu_lora/Diff_Days_Indoor_Setup/Day5/Device11/IQ_1.dat,87,6820713,9,9,1,test,diff_days_indoor,5,0,0,0,0,0,0.22758039832115173
data/raw/osu_lora/Diff_Days_Indoor_Setup/Day5/Device11/IQ_1.dat,88,6899112,9,9,1,test,diff_days_indoor,5,0,0,0,0,0,0.22376017272472382
data/raw/osu_lora/Diff_Days_Indoor_Setup/Day5/Device11/IQ_1.dat,89,6977511,9,9,1,test,diff_days_indoor,5,0,0,0,0,0,0.2294420748949051
data/raw/osu_lora/Diff_Days_Indoor_Setup/Day5/Device11/IQ_1.dat,90,7055910,9,9,1,test,diff_days_indoor,5,0,0,0,0,0,0.21418869495391846
data/raw/osu_lora/Diff_Days_Indoor_Setup/Day5/Device11/IQ_1.dat,91,7134309,9,9,1,test,diff_days_indoor,5,0,0,0,0,0,0.22766098380088806
data/raw/osu_lora/Diff_Days_Indoor_Setup/Day5/Device11/IQ_1.dat,92,7212708,9,9,1,test,diff_days_indoor,5,0,0,0,0,0,0.2209639847278595
data/raw/osu_lora/Diff_Days_Indoor_Setup/Day5/Device11/IQ_1.dat,93,7291107,9,9,1,test,diff_days_indoor,5,0,0,0,0,0,0.22873201966285706
data/raw/osu_lora/Diff_Days_Indoor_Setup/Day5/Device11/IQ_1.dat,94,7369506,9,9,1,test,diff_days_indoor,5,0,0,0,0,0,0.20745731890201569
data/raw/osu_lora/Diff_Days_Indoor_Setup/Day5/Device11/IQ_1.dat,95,7447905,9,9,1,test,diff_days_indoor,5,0,0,0,0,0,0.22224247455596924
data/raw/osu_lora/Diff_Days_Indoor_Setup/Day5/Device11/IQ_1.dat,96,7526304,9,9,1,test,diff_days_indoor,5,0,0,0,0,0,0.20033209025859833
data/raw/osu_lora/Diff_Days_Indoor_Setup/Day5/Device11/IQ_1.dat,97,7604703,9,9,1,test,diff_days_indoor,5,0,0,0,0,0,0.22263558208942413
data/raw/osu_lora/Diff_Days_Indoor_Setup/Day5/Device11/IQ_1.dat,98,7683102,9,9,1,test,diff_days_indoor,5,0,0,0,0,0,0.22396612167358398
data/raw/osu_lora/Diff_Days_Indoor_Setup/Day5/Device11/IQ_1.dat,99,7761501,9,9,1,test,diff_days_indoor,5,0,0,0,0,0,0.22908185422420502
data/raw/osu_lora/Diff_Days_Indoor_Setup/Day5/Device11/IQ_1.dat,100,7839900,9,14,0,test,diff_days_indoor,5,0,0,0,0,0,0.23581627011299133
data/raw/osu_lora/Diff_Days_Indoor_Setup/Day5/Device11/IQ_1.dat,101,7918299,9,9,1,test,diff_days_indoor,5,0,0,0,0,0,0.19541747868061066
data/raw/osu_lora/Diff_Days_Indoor_Setup/Day5/Device11/IQ_1.dat,102,7996698,9,14,0,test,diff_days_indoor,5,0,0,0,0,0,0.23701167106628418
data/raw/osu_lora/Diff_Days_Indoor_Setup/Day5/Device11/IQ_1.dat,103,8075097,9,9,1,test,diff_days_indoor,5,0,0,0,0,0,0.23051199316978455
data/raw/osu_lora/Diff_Days_Indoor_Setup/Day5/Device11/IQ_1.dat,104,8153496,9,14,0,test,diff_days_indoor,5,0,0,0,0,0,0.2226976901292801
data/raw/osu_lora/Diff_Days_Indoor_Setup/Day5/Device11/IQ_1.dat,105,8231895,9,9,1,test,diff_days_indoor,5,0,0,0,0,0,0.22842879593372345
data/raw/osu_lora/Diff_Days_Indoor_Setup/Day5/Device11/IQ_1.dat,106,8310294,9,9,1,test,diff_days_indoor,5,0,0,0,0,0,0.1961987167596817
data/raw/osu_lora/Diff_Days_Indoor_Setup/Day5/Device11/IQ_1.dat,107,8388693,9,16,0,test,diff_days_indoor,5,0,0,0,0,0,0.11613773554563522
data/raw/osu_lora/Diff_Days_Indoor_Setup/Day5/Device11/IQ_1.dat,108,8467092,9,9,1,test,diff_days_indoor,5,0,0,0,0,0,0.2283865362405777
data/raw/osu_lora/Diff_Days_Indoor_Setup/Day5/Device11/IQ_1.dat,109,8545491,9,9,1,test,diff_days_indoor,5,0,0,0,0,0,0.21509282290935516
data/raw/osu_lora/Diff_Days_Indoor_Setup/Day5/Device11/IQ_1.dat,110,8623890,9,9,1,test,diff_days_indoor,5,0,0,0,0,0,0.22982828319072723
data/raw/osu_lora/Diff_Days_Indoor_Setup/Day5/Device11/IQ_1.dat,111,8702289,9,9,1,test,diff_days_indoor,5,0,0,0,0,0,0.22303052246570587
data/raw/osu_lora/Diff_Days_Indoor_Setup/Day5/Device11/IQ_1.dat,112,8780688,9,9,1,test,diff_days_indoor,5,0,0,0,0,0,0.22887693345546722
data/raw/osu_lora/Diff_Days_Indoor_Setup/Day5/Device11/IQ_1.dat,113,8859087,9,9,1,test,diff_days_indoor,5,0,0,0,0,0,0.1994108110666275
data/raw/osu_lora/Diff_Days_Indoor_Setup/Day5/Device11/IQ_1.dat,114,8937486,9,16,0,test,diff_days_indoor,5,0,0,0,0,0,0.15502619743347168
data/raw/osu_lora/Diff_Days_Indoor_Setup/Day5/Device11/IQ_1.dat,115,9015885,9,9,1,test,diff_days_indoor,5,0,0,0,0,0,0.22635413706302643
data/raw/osu_lora/Diff_Days_Indoor_Setup/Day5/Device11/IQ_1.dat,116,9094284,9,13,0,test,diff_days_indoor,5,0,0,0,0,0,0.15986976027488708
data/raw/osu_lora/Diff_Days_Indoor_Setup/Day5/Device11/IQ_1.dat,117,9172683,9,14,0,test,diff_days_indoor,5,0,0,0,0,0,0.2344665229320526
data/raw/osu_lora/Diff_Days_Indoor_Setup/Day5/Device11/IQ_1.dat,118,9251082,9,9,1,test,diff_days_indoor,5,0,0,0,0,0,0.21740873157978058
data/raw/osu_lora/Diff_Days_Indoor_Setup/Day5/Device11/IQ_1.dat,119,9329481,9,9,1,test,diff_days_indoor,5,0,0,0,0,0,0.22045369446277618
data/raw/osu_lora/Diff_Days_Indoor_Setup/Day5/Device11/IQ_1.dat,120,9407880,9,9,1,test,diff_days_indoor,5,0,0,0,0,0,0.2227509468793869
data/raw/osu_lora/Diff_Days_Indoor_Setup/Day5/Device11/IQ_1.dat,121,9486279,9,14,0,test,diff_days_indoor,5,0,0,0,0,0,0.23581284284591675
data/raw/osu_lora/Diff_Days_Indoor_Setup/Day5/Device11/IQ_1.dat,122,9564678,9,14,0,test,diff_days_indoor,5,0,0,0,0,0,0.22178395092487335
data/raw/osu_lora/Diff_Days_Indoor_Setup/Day5/Device11/IQ_1.dat,123,9643077,9,9,1,test,diff_days_indoor,5,0,0,0,0,0,0.22261743247509003
data/raw/osu_lora/Diff_Days_Indoor_Setup/Day5/Device11/IQ_1.dat,124,9721476,9,9,1,test,diff_days_indoor,5,0,0,0,0,0,0.23084504902362823
data/raw/osu_lora/Diff_Days_Indoor_Setup/Day5/Device11/IQ_1.dat,125,9799875,9,9,1,test,diff_days_indoor,5,0,0,0,0,0,0.20954693853855133
data/raw/osu_lora/Diff_Days_Indoor_Setup/Day5/Device11/IQ_1.dat,126,9878274,9,9,1,test,diff_days_indoor,5,0,0,0,0,0,0.21369867026805878
data/raw/osu_lora/Diff_Days_Indoor_Setup/Day5/Device11/IQ_1.dat,127,9956673,9,9,1,test,diff_days_indoor,5,0,0,0,0,0,0.2072165459394455
data/raw/osu_lora/Diff_Days_Indoor_Setup/Day5/Device11/IQ_1.dat,128,10035072,9,13,0,test,diff_days_indoor,5,0,0,0,0,0,0.16145677864551544
data/raw/osu_lora/Diff_Days_Indoor_Setup/Day5/Device11/IQ_1.dat,129,10113471,9,14,0,test,diff_days_indoor,5,0,0,0,0,0,0.21563075482845306
data/raw/osu_lora/Diff_Days_Indoor_Setup/Day5/Device11/IQ_1.dat,130,10191870,9,9,1,test,diff_days_indoor,5,0,0,0,0,0,0.22610588371753693
data/raw/osu_lora/Diff_Days_Indoor_Setup/Day5/Device11/IQ_1.dat,131,10270269,9,9,1,test,diff_days_indoor,5,0,0,0,0,0,0.22448138892650604
data/raw/osu_lora/Diff_Days_Indoor_Setup/Day5/Device11/IQ_1.dat,132,10348668,9,9,1,test,diff_days_indoor,5,0,0,0,0,0,0.18756438791751862
data/raw/osu_lora/Diff_Days_Indoor_Setup/Day5/Device11/IQ_1.dat,133,10427067,9,9,1,test,diff_days_indoor,5,0,0,0,0,0,0.2116246074438095
data/raw/osu_lora/Diff_Days_Indoor_Setup/Day5/Device11/IQ_1.dat,134,10505466,9,9,1,test,diff_days_indoor,5,0,0,0,0,0,0.22843404114246368
data/raw/osu_lora/Diff_Days_Indoor_Setup/Day5/Device11/IQ_1.dat,135,10583865,9,9,1,test,diff_days_indoor,5,0,0,0,0,0,0.22456693649291992
data/raw/osu_lora/Diff_Days_Indoor_Setup/Day5/Device11/IQ_1.dat,136,10662264,9,9,1,test,diff_days_indoor,5,0,0,0,0,0,0.2290867269039154
data/raw/osu_lora/Diff_Days_Indoor_Setup/Day5/Device11/IQ_1.dat,137,10740663,9,9,1,test,diff_days_indoor,5,0,0,0,0,0,0.18750859797000885
data/raw/osu_lora/Diff_Days_Indoor_Setup/Day5/Device11/IQ_1.dat,138,10819062,9,9,1,test,diff_days_indoor,5,0,0,0,0,0,0.2180042713880539
data/raw/osu_lora/Diff_Days_Indoor_Setup/Day5/Device11/IQ_1.dat,139,10897461,9,9,1,test,diff_days_indoor,5,0,0,0,0,0,0.21765068173408508
data/raw/osu_lora/Diff_Days_Indoor_Setup/Day5/Device11/IQ_1.dat,140,10975860,9,14,0,test,diff_days_indoor,5,0,0,0,0,0,0.21887606382369995
data/raw/osu_lora/Diff_Days_Indoor_Setup/Day5/Device11/IQ_1.dat,141,11054259,9,9,1,test,diff_days_indoor,5,0,0,0,0,0,0.1870429664850235
data/raw/osu_lora/Diff_Days_Indoor_Setup/Day5/Device11/IQ_1.dat,142,11132658,9,9,1,test,diff_days_indoor,5,0,0,0,0,0,0.2257167547941208
data/raw/osu_lora/Diff_Days_Indoor_Setup/Day5/Device11/IQ_1.dat,143,11211057,9,9,1,test,diff_days_indoor,5,0,0,0,0,0,0.20576022565364838
data/raw/osu_lora/Diff_Days_Indoor_Setup/Day5/Device11/IQ_1.dat,144,11289456,9,9,1,test,diff_days_indoor,5,0,0,0,0,0,0.22018249332904816
data/raw/osu_lora/Diff_Days_Indoor_Setup/Day5/Device11/IQ_1.dat,145,11367855,9,9,1,test,diff_days_indoor,5,0,0,0,0,0,0.22015157341957092
data/raw/osu_lora/Diff_Days_Indoor_Setup/Day5/Device11/IQ_1.dat,146,11446254,9,9,1,test,diff_days_indoor,5,0,0,0,0,0,0.2283264547586441
data/raw/osu_lora/Diff_Days_Indoor_Setup/Day5/Device11/IQ_1.dat,147,11524653,9,14,0,test,diff_days_indoor,5,0,0,0,0,0,0.221957728266716
data/raw/osu_lora/Diff_Days_Indoor_Setup/Day5/Device11/IQ_1.dat,148,11603052,9,9,1,test,diff_days_indoor,5,0,0,0,0,0,0.2287953794002533
data/raw/osu_lora/Diff_Days_Indoor_Setup/Day5/Device11/IQ_1.dat,149,11681451,9,9,1,test,diff_days_indoor,5,0,0,0,0,0,0.22891218960285187
data/raw/osu_lora/Diff_Days_Indoor_Setup/Day5/Device11/IQ_1.dat,150,11759850,9,9,1,test,diff_days_indoor,5,0,0,0,0,0,0.2143346071243286
data/raw/osu_lora/Diff_Days_Indoor_Setup/Day5/Device11/IQ_1.dat,151,11838249,9,13,0,test,diff_days_indoor,5,0,0,0,0,0,0.1693468987941742
data/raw/osu_lora/Diff_Days_Indoor_Setup/Day5/Device11/IQ_1.dat,152,11916648,9,9,1,test,diff_days_indoor,5,0,0,0,0,0,0.2300211489200592
data/raw/osu_lora/Diff_Days_Indoor_Setup/Day5/Device11/IQ_1.dat,153,11995047,9,9,1,test,diff_days_indoor,5,0,0,0,0,0,0.22808073461055756
data/raw/osu_lora/Diff_Days_Indoor_Setup/Day5/Device11/IQ_1.dat,154,12073446,9,9,1,test,diff_days_indoor,5,0,0,0,0,0,0.22363443672657013
data/raw/osu_lora/Diff_Days_Indoor_Setup/Day5/Device11/IQ_1.dat,155,12151845,9,14,0,test,diff_days_indoor,5,0,0,0,0,0,0.21906617283821106
data/raw/osu_lora/Diff_Days_Indoor_Setup/Day5/Device11/IQ_1.dat,156,12230244,9,14,0,test,diff_days_indoor,5,0,0,0,0,0,0.22382676601409912
data/raw/osu_lora/Diff_Days_Indoor_Setup/Day5/Device11/IQ_1.dat,157,12308643,9,9,1,test,diff_days_indoor,5,0,0,0,0,0,0.22717449069023132
data/raw/osu_lora/Diff_Days_Indoor_Setup/Day5/Device11/IQ_1.dat,158,12387042,9,9,1,test,diff_days_indoor,5,0,0,0,0,0,0.2287221997976303
data/raw/osu_lora/Diff_Days_Indoor_Setup/Day5/Device11/IQ_1.dat,159,12465441,9,9,1,test,diff_days_indoor,5,0,0,0,0,0,0.22764724493026733
data/raw/osu_lora/Diff_Days_Indoor_Setup/Day5/Device11/IQ_1.dat,160,12543840,9,9,1,test,diff_days_indoor,5,0,0,0,0,0,0.22745655477046967
data/raw/osu_lora/Diff_Days_Indoor_Setup/Day5/Device11/IQ_1.dat,161,12622239,9,9,1,test,diff_days_indoor,5,0,0,0,0,0,0.22426781058311462
data/raw/osu_lora/Diff_Days_Indoor_Setup/Day5/Device11/IQ_1.dat,162,12700638,9,9,1,test,diff_days_indoor,5,0,0,0,0,0,0.22820094227790833
data/raw/osu_lora/Diff_Days_Indoor_Setup/Day5/Device11/IQ_1.dat,163,12779037,9,9,1,test,diff_days_indoor,5,0,0,0,0,0,0.2024664431810379
data/raw/osu_lora/Diff_Days_Indoor_Setup/Day5/Device11/IQ_1.dat,164,12857436,9,9,1,test,diff_days_indoor,5,0,0,0,0,0,0.22941702604293823
data/raw/osu_lora/Diff_Days_Indoor_Setup/Day5/Device11/IQ_1.dat,165,12935835,9,9,1,test,diff_days_indoor,5,0,0,0,0,0,0.20848967134952545
data/raw/osu_lora/Diff_Days_Indoor_Setup/Day5/Device11/IQ_1.dat,166,13014234,9,9,1,test,diff_days_indoor,5,0,0,0,0,0,0.22694411873817444
data/raw/osu_lora/Diff_Days_Indoor_Setup/Day5/Device11/IQ_1.dat,167,13092633,9,14,0,test,diff_days_indoor,5,0,0,0,0,0,0.24103416502475739
data/raw/osu_lora/Diff_Days_Indoor_Setup/Day5/Device11/IQ_1.dat,168,13171032,9,9,1,test,diff_days_indoor,5,0,0,0,0,0,0.2238941490650177
data/raw/osu_lora/Diff_Days_Indoor_Setup/Day5/Device11/IQ_1.dat,169,13249431,9,9,1,test,diff_days_indoor,5,0,0,0,0,0,0.2263597548007965
data/raw/osu_lora/Diff_Days_Indoor_Setup/Day5/Device11/IQ_1.dat,170,13327830,9,9,1,test,diff_days_indoor,5,0,0,0,0,0,0.225601464509964
data/raw/osu_lora/Diff_Days_Indoor_Setup/Day5/Device11/IQ_1.dat,171,13406229,9,9,1,test,diff_days_indoor,5,0,0,0,0,0,0.2302597314119339
data/raw/osu_lora/Diff_Days_Indoor_Setup/Day5/Device11/IQ_1.dat,172,13484628,9,9,1,test,diff_days_indoor,5,0,0,0,0,0,0.21537114679813385
data/raw/osu_lora/Diff_Days_Indoor_Setup/Day5/Device11/IQ_1.dat,173,13563027,9,9,1,test,diff_days_indoor,5,0,0,0,0,0,0.23039363324642181
data/raw/osu_lora/Diff_Days_Indoor_Setup/Day5/Device11/IQ_1.dat,174,13641426,9,9,1,test,diff_days_indoor,5,0,0,0,0,0,0.22753876447677612
data/raw/osu_lora/Diff_Days_Indoor_Setup/Day5/Device11/IQ_1.dat,175,13719825,9,9,1,test,diff_days_indoor,5,0,0,0,0,0,0.2277151197195053
data/raw/osu_lora/Diff_Days_Indoor_Setup/Day5/Device11/IQ_1.dat,176,13798224,9,9,1,test,diff_days_indoor,5,0,0,0,0,0,0.22600413858890533
data/raw/osu_lora/Diff_Days_Indoor_Setup/Day5/Device11/IQ_1.dat,177,13876623,9,9,1,test,diff_days_indoor,5,0,0,0,0,0,0.22255322337150574
data/raw/osu_lora/Diff_Days_Indoor_Setup/Day5/Device11/IQ_1.dat,178,13955022,9,9,1,test,diff_days_indoor,5,0,0,0,0,0,0.18868574500083923
data/raw/osu_lora/Diff_Days_Indoor_Setup/Day5/Device11/IQ_1.dat,179,14033421,9,9,1,test,diff_days_indoor,5,0,0,0,0,0,0.2118825614452362
data/raw/osu_lora/Diff_Days_Indoor_Setup/Day5/Device11/IQ_1.dat,180,14111820,9,9,1,test,diff_days_indoor,5,0,0,0,0,0,0.1751406341791153
data/raw/osu_lora/Diff_Days_Indoor_Setup/Day5/Device11/IQ_1.dat,181,14190219,9,9,1,test,diff_days_indoor,5,0,0,0,0,0,0.22589750587940216
data/raw/osu_lora/Diff_Days_Indoor_Setup/Day5/Device11/IQ_1.dat,182,14268618,9,9,1,test,diff_days_indoor,5,0,0,0,0,0,0.16402731835842133
data/raw/osu_lora/Diff_Days_Indoor_Setup/Day5/Device11/IQ_1.dat,183,14347017,9,9,1,test,diff_days_indoor,5,0,0,0,0,0,0.2294042855501175
data/raw/osu_lora/Diff_Days_Indoor_Setup/Day5/Device11/IQ_1.dat,184,14425416,9,9,1,test,diff_days_indoor,5,0,0,0,0,0,0.21415138244628906
data/raw/osu_lora/Diff_Days_Indoor_Setup/Day5/Device11/IQ_1.dat,185,14503815,9,9,1,test,diff_days_indoor,5,0,0,0,0,0,0.22935959696769714
data/raw/osu_lora/Diff_Days_Indoor_Setup/Day5/Device11/IQ_1.dat,186,14582214,9,9,1,test,diff_days_indoor,5,0,0,0,0,0,0.2258058488368988
data/raw/osu_lora/Diff_Days_Indoor_Setup/Day5/Device11/IQ_1.dat,187,14660613,9,9,1,test,diff_days_indoor,5,0,0,0,0,0,0.2273477464914322
data/raw/osu_lora/Diff_Days_Indoor_Setup/Day5/Device11/IQ_1.dat,188,14739012,9,9,1,test,diff_days_indoor,5,0,0,0,0,0,0.20014826953411102
data/raw/osu_lora/Diff_Days_Indoor_Setup/Day5/Device11/IQ_1.dat,189,14817411,9,13,0,test,diff_days_indoor,5,0,0,0,0,0,0.16328108310699463
data/raw/osu_lora/Diff_Days_Indoor_Setup/Day5/Device11/IQ_1.dat,190,14895810,9,9,1,test,diff_days_indoor,5,0,0,0,0,0,0.20303742587566376
data/raw/osu_lora/Diff_Days_Indoor_Setup/Day5/Device11/IQ_1.dat,191,14974209,9,9,1,test,diff_days_indoor,5,0,0,0,0,0,0.22557735443115234
data/raw/osu_lora/Diff_Days_Indoor_Setup/Day5/Device11/IQ_1.dat,192,15052608,9,9,1,test,diff_days_indoor,5,0,0,0,0,0,0.1934644728899002
data/raw/osu_lora/Diff_Days_Indoor_Setup/Day5/Device11/IQ_1.dat,193,15131007,9,9,1,test,diff_days_indoor,5,0,0,0,0,0,0.22879192233085632
data/raw/osu_lora/Diff_Days_Indoor_Setup/Day5/Device11/IQ_1.dat,194,15209406,9,9,1,test,diff_days_indoor,5,0,0,0,0,0,0.2306278944015503
data/raw/osu_lora/Diff_Days_Indoor_Setup/Day5/Device11/IQ_1.dat,195,15287805,9,9,1,test,diff_days_indoor,5,0,0,0,0,0,0.218410924077034
data/raw/osu_lora/Diff_Days_Indoor_Setup/Day5/Device11/IQ_1.dat,196,15366204,9,9,1,test,diff_days_indoor,5,0,0,0,0,0,0.22259660065174103
data/raw/osu_lora/Diff_Days_Indoor_Setup/Day5/Device11/IQ_1.dat,197,15444603,9,9,1,test,diff_days_indoor,5,0,0,0,0,0,0.2050866335630417
data/raw/osu_lora/Diff_Days_Indoor_Setup/Day5/Device11/IQ_1.dat,198,15523002,9,9,1,test,diff_days_indoor,5,0,0,0,0,0,0.2257973998785019
data/raw/osu_lora/Diff_Days_Indoor_Setup/Day5/Device11/IQ_1.dat,199,15601401,9,13,0,test,diff_days_indoor,5,0,0,0,0,0,0.17214854061603546
data/raw/osu_lora/Diff_Days_Indoor_Setup/Day5/Device11/IQ_1.dat,200,15679800,9,9,1,test,diff_days_indoor,5,0,0,0,0,0,0.17855995893478394
data/raw/osu_lora/Diff_Days_Indoor_Setup/Day5/Device11/IQ_1.dat,201,15758199,9,14,0,test,diff_days_indoor,5,0,0,0,0,0,0.22401180863380432
data/raw/osu_lora/Diff_Days_Indoor_Setup/Day5/Device11/IQ_1.dat,202,15836598,9,14,0,test,diff_days_indoor,5,0,0,0,0,0,0.23145921528339386
data/raw/osu_lora/Diff_Days_Indoor_Setup/Day5/Device11/IQ_1.dat,203,15914997,9,9,1,test,diff_days_indoor,5,0,0,0,0,0,0.2287808656692505
data/raw/osu_lora/Diff_Days_Indoor_Setup/Day5/Device11/IQ_1.dat,204,15993396,9,9,1,test,diff_days_indoor,5,0,0,0,0,0,0.22183340787887573
data/raw/osu_lora/Diff_Days_Indoor_Setup/Day5/Device11/IQ_1.dat,205,16071795,9,9,1,test,diff_days_indoor,5,0,0,0,0,0,0.22387950122356415
data/raw/osu_lora/Diff_Days_Indoor_Setup/Day5/Device11/IQ_1.dat,206,16150194,9,9,1,test,diff_days_indoor,5,0,0,0,0,0,0.21481552720069885
data/raw/osu_lora/Diff_Days_Indoor_Setup/Day5/Device11/IQ_1.dat,207,16228593,9,9,1,test,diff_days_indoor,5,0,0,0,0,0,0.20188987255096436
data/raw/osu_lora/Diff_Days_Indoor_Setup/Day5/Device11/IQ_1.dat,208,16306992,9,9,1,test,diff_days_indoor,5,0,0,0,0,0,0.22752326726913452
data/raw/osu_lora/Diff_Days_Indoor_Setup/Day5/Device11/IQ_1.dat,209,16385391,9,9,1,test,diff_days_indoor,5,0,0,0,0,0,0.2265051156282425
data/raw/osu_lora/Diff_Days_Indoor_Setup/Day5/Device11/IQ_1.dat,210,16463790,9,14,0,test,diff_days_indoor,5,0,0,0,0,0,0.2410215586423874
data/raw/osu_lora/Diff_Days_Indoor_Setup/Day5/Device11/IQ_1.dat,211,16542189,9,9,1,test,diff_days_indoor,5,0,0,0,0,0,0.22095030546188354
data/raw/osu_lora/Diff_Days_Indoor_Setup/Day5/Device11/IQ_1.dat,212,16620588,9,14,0,test,diff_days_indoor,5,0,0,0,0,0,0.21993878483772278
data/raw/osu_lora/Diff_Days_Indoor_Setup/Day5/Device11/IQ_1.dat,213,16698987,9,14,0,test,diff_days_indoor,5,0,0,0,0,0,0.2296484112739563
data/raw/osu_lora/Diff_Days_Indoor_Setup/Day5/Device11/IQ_1.dat,214,16777386,9,9,1,test,diff_days_indoor,5,0,0,0,0,0,0.2257315069437027
data/raw/osu_lora/Diff_Days_Indoor_Setup/Day5/Device11/IQ_1.dat,215,16855785,9,9,1,test,diff_days_indoor,5,0,0,0,0,0,0.22430378198623657
data/raw/osu_lora/Diff_Days_Indoor_Setup/Day5/Device11/IQ_1.dat,216,16934184,9,9,1,test,diff_days_indoor,5,0,0,0,0,0,0.20147143304347992
data/raw/osu_lora/Diff_Days_Indoor_Setup/Day5/Device11/IQ_1.dat,217,17012583,9,14,0,test,diff_days_indoor,5,0,0,0,0,0,0.22776047885417938
data/raw/osu_lora/Diff_Days_Indoor_Setup/Day5/Device11/IQ_1.dat,218,17090982,9,13,0,test,diff_days_indoor,5,0,0,0,0,0,0.16671709716320038
data/raw/osu_lora/Diff_Days_Indoor_Setup/Day5/Device11/IQ_1.dat,219,17169381,9,9,1,test,diff_days_indoor,5,0,0,0,0,0,0.2277245968580246
data/raw/osu_lora/Diff_Days_Indoor_Setup/Day5/Device11/IQ_1.dat,220,17247780,9,14,0,test,diff_days_indoor,5,0,0,0,0,0,0.2229764610528946
data/raw/osu_lora/Diff_Days_Indoor_Setup/Day5/Device11/IQ_1.dat,221,17326179,9,9,1,test,diff_days_indoor,5,0,0,0,0,0,0.1872713565826416
data/raw/osu_lora/Diff_Days_Indoor_Setup/Day5/Device11/IQ_1.dat,222,17404578,9,9,1,test,diff_days_indoor,5,0,0,0,0,0,0.21012963354587555
data/raw/osu_lora/Diff_Days_Indoor_Setup/Day5/Device11/IQ_1.dat,223,17482977,9,9,1,test,diff_days_indoor,5,0,0,0,0,0,0.21458174288272858
data/raw/osu_lora/Diff_Days_Indoor_Setup/Day5/Device11/IQ_1.dat,224,17561376,9,9,1,test,diff_days_indoor,5,0,0,0,0,0,0.22683937847614288
data/raw/osu_lora/Diff_Days_Indoor_Setup/Day5/Device11/IQ_1.dat,225,17639775,9,14,0,test,diff_days_indoor,5,0,0,0,0,0,0.21987496316432953
data/raw/osu_lora/Diff_Days_Indoor_Setup/Day5/Device11/IQ_1.dat,226,17718174,9,9,1,test,diff_days_indoor,5,0,0,0,0,0,0.21026869118213654
data/raw/osu_lora/Diff_Days_Indoor_Setup/Day5/Device11/IQ_1.dat,227,17796573,9,9,1,test,diff_days_indoor,5,0,0,0,0,0,0.15374372899532318
data/raw/osu_lora/Diff_Days_Indoor_Setup/Day5/Device11/IQ_1.dat,228,17874972,9,9,1,test,diff_days_indoor,5,0,0,0,0,0,0.22879034280776978
data/raw/osu_lora/Diff_Days_Indoor_Setup/Day5/Device11/IQ_1.dat,229,17953371,9,9,1,test,diff_days_indoor,5,0,0,0,0,0,0.21466603875160217
data/raw/osu_lora/Diff_Days_Indoor_Setup/Day5/Device11/IQ_1.dat,230,18031770,9,9,1,test,diff_days_indoor,5,0,0,0,0,0,0.20701947808265686
data/raw/osu_lora/Diff_Days_Indoor_Setup/Day5/Device11/IQ_1.dat,231,18110169,9,9,1,test,diff_days_indoor,5,0,0,0,0,0,0.2248333990573883
data/raw/osu_lora/Diff_Days_Indoor_Setup/Day5/Device11/IQ_1.dat,232,18188568,9,9,1,test,diff_days_indoor,5,0,0,0,0,0,0.22833304107189178
data/raw/osu_lora/Diff_Days_Indoor_Setup/Day5/Device11/IQ_1.dat,233,18266967,9,13,0,test,diff_days_indoor,5,0,0,0,0,0,0.16863475739955902
data/raw/osu_lora/Diff_Days_Indoor_Setup/Day5/Device11/IQ_1.dat,234,18345366,9,9,1,test,diff_days_indoor,5,0,0,0,0,0,0.20348043739795685
data/raw/osu_lora/Diff_Days_Indoor_Setup/Day5/Device11/IQ_1.dat,235,18423765,9,9,1,test,diff_days_indoor,5,0,0,0,0,0,0.22856782376766205
data/raw/osu_lora/Diff_Days_Indoor_Setup/Day5/Device11/IQ_1.dat,236,18502164,9,13,0,test,diff_days_indoor,5,0,0,0,0,0,0.170149564743042
data/raw/osu_lora/Diff_Days_Indoor_Setup/Day5/Device11/IQ_1.dat,237,18580563,9,9,1,test,diff_days_indoor,5,0,0,0,0,0,0.22886821627616882
data/raw/osu_lora/Diff_Days_Indoor_Setup/Day5/Device11/IQ_1.dat,238,18658962,9,9,1,test,diff_days_indoor,5,0,0,0,0,0,0.22591204941272736
data/raw/osu_lora/Diff_Days_Indoor_Setup/Day5/Device11/IQ_1.dat,239,18737361,9,14,0,test,diff_days_indoor,5,0,0,0,0,0,0.21856628358364105
data/raw/osu_lora/Diff_Days_Indoor_Setup/Day5/Device11/IQ_1.dat,240,18815760,9,9,1,test,diff_days_indoor,5,0,0,0,0,0,0.2262084186077118
data/raw/osu_lora/Diff_Days_Indoor_Setup/Day5/Device11/IQ_1.dat,241,18894159,9,9,1,test,diff_days_indoor,5,0,0,0,0,0,0.17940369248390198
data/raw/osu_lora/Diff_Days_Indoor_Setup/Day5/Device11/IQ_1.dat,242,18972558,9,9,1,test,diff_days_indoor,5,0,0,0,0,0,0.22843168675899506
data/raw/osu_lora/Diff_Days_Indoor_Setup/Day5/Device11/IQ_1.dat,243,19050957,9,9,1,test,diff_days_indoor,5,0,0,0,0,0,0.21099217236042023
data/raw/osu_lora/Diff_Days_Indoor_Setup/Day5/Device11/IQ_1.dat,244,19129356,9,9,1,test,diff_days_indoor,5,0,0,0,0,0,0.21035312116146088
data/raw/osu_lora/Diff_Days_Indoor_Setup/Day5/Device11/IQ_1.dat,245,19207755,9,14,0,test,diff_days_indoor,5,0,0,0,0,0,0.22383473813533783
data/raw/osu_lora/Diff_Days_Indoor_Setup/Day5/Device11/IQ_1.dat,246,19286154,9,9,1,test,diff_days_indoor,5,0,0,0,0,0,0.23092623054981232
data/raw/osu_lora/Diff_Days_Indoor_Setup/Day5/Device11/IQ_1.dat,247,19364553,9,9,1,test,diff_days_indoor,5,0,0,0,0,0,0.21863922476768494
data/raw/osu_lora/Diff_Days_Indoor_Setup/Day5/Device11/IQ_1.dat,248,19442952,9,9,1,test,diff_days_indoor,5,0,0,0,0,0,0.22249294817447662
data/raw/osu_lora/Diff_Days_Indoor_Setup/Day5/Device11/IQ_1.dat,249,19521351,9,9,1,test,diff_days_indoor,5,0,0,0,0,0,0.22617235779762268
data/raw/osu_lora/Diff_Days_Indoor_Setup/Day5/Device11/IQ_1.dat,250,19599750,9,9,1,test,diff_days_indoor,5,0,0,0,0,0,0.2296074777841568
data/raw/osu_lora/Diff_Days_Indoor_Setup/Day5/Device11/IQ_1.dat,251,19678149,9,9,1,test,diff_days_indoor,5,0,0,0,0,0,0.22369034588336945
data/raw/osu_lora/Diff_Days_Indoor_Setup/Day5/Device11/IQ_1.dat,252,19756548,9,9,1,test,diff_days_indoor,5,0,0,0,0,0,0.2272939234972
data/raw/osu_lora/Diff_Days_Indoor_Setup/Day5/Device11/IQ_1.dat,253,19834947,9,16,0,test,diff_days_indoor,5,0,0,0,0,0,0.14900946617126465
data/raw/osu_lora/Diff_Days_Indoor_Setup/Day5/Device11/IQ_1.dat,254,19913346,9,9,1,test,diff_days_indoor,5,0,0,0,0,0,0.21189582347869873
data/raw/osu_lora/Diff_Days_Indoor_Setup/Day5/Device11/IQ_1.dat,255,19991745,9,9,1,test,diff_days_indoor,5,0,0,0,0,0,0.22787219285964966
data/raw/osu_lora/Diff_Days_Indoor_Setup/Day5/Device12/IQ_1.dat,0,0,10,10,1,test,diff_days_indoor,5,0,0,0,0,0,0.3391149044036865
data/raw/osu_lora/Diff_Days_Indoor_Setup/Day5/Device12/IQ_1.dat,1,78399,10,21,0,test,diff_days_indoor,5,0,0,0,0,0,0.22303849458694458
data/raw/osu_lora/Diff_Days_Indoor_Setup/Day5/Device12/IQ_1.dat,2,156798,10,14,0,test,diff_days_indoor,5,0,0,0,0,0,0.22647343575954437
data/raw/osu_lora/Diff_Days_Indoor_Setup/Day5/Device12/IQ_1.dat,3,235197,10,21,0,test,diff_days_indoor,5,0,0,0,0,0,0.22780214250087738
data/raw/osu_lora/Diff_Days_Indoor_Setup/Day5/Device12/IQ_1.dat,4,313596,10,10,1,test,diff_days_indoor,5,0,0,0,0,0,0.3213734030723572
data/raw/osu_lora/Diff_Days_Indoor_Setup/Day5/Device12/IQ_1.dat,5,391995,10,21,0,test,diff_days_indoor,5,0,0,0,0,0,0.23245233297348022
data/raw/osu_lora/Diff_Days_Indoor_Setup/Day5/Device12/IQ_1.dat,6,470394,10,14,0,test,diff_days_indoor,5,0,0,0,0,0,0.2291504144668579
data/raw/osu_lora/Diff_Days_Indoor_Setup/Day5/Device12/IQ_1.dat,7,548793,10,10,1,test,diff_days_indoor,5,0,0,0,0,0,0.40958350896835327
data/raw/osu_lora/Diff_Days_Indoor_Setup/Day5/Device12/IQ_1.dat,8,627192,10,21,0,test,diff_days_indoor,5,0,0,0,0,0,0.22769635915756226
data/raw/osu_lora/Diff_Days_Indoor_Setup/Day5/Device12/IQ_1.dat,9,705591,10,10,1,test,diff_days_indoor,5,0,0,0,0,0,0.27036869525909424
data/raw/osu_lora/Diff_Days_Indoor_Setup/Day5/Device12/IQ_1.dat,10,783990,10,10,1,test,diff_days_indoor,5,0,0,0,0,0,0.2278883159160614
data/raw/osu_lora/Diff_Days_Indoor_Setup/Day5/Device12/IQ_1.dat,11,862389,10,14,0,test,diff_days_indoor,5,0,0,0,0,0,0.21869298815727234
data/raw/osu_lora/Diff_Days_Indoor_Setup/Day5/Device12/IQ_1.dat,12,940788,10,10,1,test,diff_days_indoor,5,0,0,0,0,0,0.24559327960014343
data/raw/osu_lora/Diff_Days_Indoor_Setup/Day5/Device12/IQ_1.dat,13,1019187,10,9,0,test,diff_days_indoor,5,0,0,0,0,0,0.22304442524909973
data/raw/osu_lora/Diff_Days_Indoor_Setup/Day5/Device12/IQ_1.dat,14,1097586,10,10,1,test,diff_days_indoor,5,0,0,0,0,0,0.419268935918808
data/raw/osu_lora/Diff_Days_Indoor_Setup/Day5/Device12/IQ_1.dat,15,1175985,10,21,0,test,diff_days_indoor,5,0,0,0,0,0,0.2224201261997223
data/raw/osu_lora/Diff_Days_Indoor_Setup/Day5/Device12/IQ_1.dat,16,1254384,10,9,0,test,diff_days_indoor,5,0,0,0,0,0,0.22436997294425964
data/raw/osu_lora/Diff_Days_Indoor_Setup/Day5/Device12/IQ_1.dat,17,1332783,10,10,1,test,diff_days_indoor,5,0,0,0,0,0,0.33806565403938293
data/raw/osu_lora/Diff_Days_Indoor_Setup/Day5/Device12/IQ_1.dat,18,1411182,10,10,1,test,diff_days_indoor,5,0,0,0,0,0,0.24854297935962677
data/raw/osu_lora/Diff_Days_Indoor_Setup/Day5/Device12/IQ_1.dat,19,1489581,10,10,1,test,diff_days_indoor,5,0,0,0,0,0,0.28864800930023193
data/raw/osu_lora/Diff_Days_Indoor_Setup/Day5/Device12/IQ_1.dat,20,1567980,10,10,1,test,diff_days_indoor,5,0,0,0,0,0,0.3044683039188385
data/raw/osu_lora/Diff_Days_Indoor_Setup/Day5/Device12/IQ_1.dat,21,1646379,10,10,1,test,diff_days_indoor,5,0,0,0,0,0,0.33558911085128784
data/raw/osu_lora/Diff_Days_Indoor_Setup/Day5/Device12/IQ_1.dat,22,1724778,10,10,1,test,diff_days_indoor,5,0,0,0,0,0,0.26614683866500854
data/raw/osu_lora/Diff_Days_Indoor_Setup/Day5/Device12/IQ_1.dat,23,1803177,10,10,1,test,diff_days_indoor,5,0,0,0,0,0,0.4001215100288391
data/raw/osu_lora/Diff_Days_Indoor_Setup/Day5/Device12/IQ_1.dat,24,1881576,10,10,1,test,diff_days_indoor,5,0,0,0,0,0,0.32858535647392273
data/raw/osu_lora/Diff_Days_Indoor_Setup/Day5/Device12/IQ_1.dat,25,1959975,10,9,0,test,diff_days_indoor,5,0,0,0,0,0,0.21661049127578735
data/raw/osu_lora/Diff_Days_Indoor_Setup/Day5/Device12/IQ_1.dat,26,2038374,10,21,0,test,diff_days_indoor,5,0,0,0,0,0,0.21926580369472504
data/raw/osu_lora/Diff_Days_Indoor_Setup/Day5/Device12/IQ_1.dat,27,2116773,10,10,1,test,diff_days_indoor,5,0,0,0,0,0,0.30651137232780457
data/raw/osu_lora/Diff_Days_Indoor_Setup/Day5/Device12/IQ_1.dat,28,2195172,10,9,0,test,diff_days_indoor,5,0,0,0,0,0,0.20550167560577393
data/raw/osu_lora/Diff_Days_Indoor_Setup/Day5/Device12/IQ_1.dat,29,2273571,10,10,1,test,diff_days_indoor,5,0,0,0,0,0,0.28758853673934937
data/raw/osu_lora/Diff_Days_Indoor_Setup/Day5/Device12/IQ_1.dat,30,2351970,10,21,0,test,diff_days_indoor,5,0,0,0,0,0,0.22533424198627472
data/raw/osu_lora/Diff_Days_Indoor_Setup/Day5/Device12/IQ_1.dat,31,2430369,10,14,0,test,diff_days_indoor,5,0,0,0,0,0,0.22812770307064056
data/raw/osu_lora/Diff_Days_Indoor_Setup/Day5/Device12/IQ_1.dat,32,2508768,10,10,1,test,diff_days_indoor,5,0,0,0,0,0,0.4107521176338196
data/raw/osu_lora/Diff_Days_Indoor_Setup/Day5/Device12/IQ_1.dat,33,2587167,10,14,0,test,diff_days_indoor,5,0,0,0,0,0,0.22928835451602936
data/raw/osu_lora/Diff_Days_Indoor_Setup/Day5/Device12/IQ_1.dat,34,2665566,10,10,1,test,diff_days_indoor,5,0,0,0,0,0,0.34581246972084045
data/raw/osu_lora/Diff_Days_Indoor_Setup/Day5/Device12/IQ_1.dat,35,2743965,10,10,1,test,diff_days_indoor,5,0,0,0,0,0,0.28436264395713806
data/raw/osu_lora/Diff_Days_Indoor_Setup/Day5/Device12/IQ_1.dat,36,2822364,10,10,1,test,diff_days_indoor,5,0,0,0,0,0,0.24314360320568085
data/raw/osu_lora/Diff_Days_Indoor_Setup/Day5/Device12/IQ_1.dat,37,2900763,10,14,0,test,diff_days_indoor,5,0,0,0,0,0,0.21601669490337372
data/raw/osu_lora/Diff_Days_Indoor_Setup/Day5/Device12/IQ_1.dat,38,2979162,10,21,0,test,diff_days_indoor,5,0,0,0,0,0,0.22732385993003845
data/raw/osu_lora/Diff_Days_Indoor_Setup/Day5/Device12/IQ_1.dat,39,3057561,10,14,0,test,diff_days_indoor,5,0,0,0,0,0,0.22594505548477173
data/raw/osu_lora/Diff_Days_Indoor_Setup/Day5/Device12/IQ_1.dat,40,3135960,10,14,0,test,diff_days_indoor,5,0,0,0,0,0,0.2345980852842331
data/raw/osu_lora/Diff_Days_Indoor_Setup/Day5/Device12/IQ_1.dat,41,3214359,10,10,1,test,diff_days_indoor,5,0,0,0,0,0,0.39743149280548096
data/raw/osu_lora/Diff_Days_Indoor_Setup/Day5/Device12/IQ_1.dat,42,3292758,10,14,0,test,diff_days_indoor,5,0,0,0,0,0,0.22534264624118805
data/raw/osu_lora/Diff_Days_Indoor_Setup/Day5/Device12/IQ_1.dat,43,3371157,10,14,0,test,diff_days_indoor,5,0,0,0,0,0,0.23015782237052917
data/raw/osu_lora/Diff_Days_Indoor_Setup/Day5/Device12/IQ_1.dat,44,3449556,10,21,0,test,diff_days_indoor,5,0,0,0,0,0,0.2285468727350235
data/raw/osu_lora/Diff_Days_Indoor_Setup/Day5/Device12/IQ_1.dat,45,3527955,10,9,0,test,diff_days_indoor,5,0,0,0,0,0,0.22320495545864105
data/raw/osu_lora/Diff_Days_Indoor_Setup/Day5/Device12/IQ_1.dat,46,3606354,10,10,1,test,diff_days_indoor,5,0,0,0,0,0,0.37291476130485535
data/raw/osu_lora/Diff_Days_Indoor_Setup/Day5/Device12/IQ_1.dat,47,3684753,10,10,1,test,diff_days_indoor,5,0,0,0,0,0,0.25432899594306946
data/raw/osu_lora/Diff_Days_Indoor_Setup/Day5/Device12/IQ_1.dat,48,3763152,10,10,1,test,diff_days_indoor,5,0,0,0,0,0,0.2407350093126297
data/raw/osu_lora/Diff_Days_Indoor_Setup/Day5/Device12/IQ_1.dat,49,3841551,10,14,0,test,diff_days_indoor,5,0,0,0,0,0,0.22172152996063232
data/raw/osu_lora/Diff_Days_Indoor_Setup/Day5/Device12/IQ_1.dat,50,3919950,10,10,1,test,diff_days_indoor,5,0,0,0,0,0,0.26787781715393066
data/raw/osu_lora/Diff_Days_Indoor_Setup/Day5/Device12/IQ_1.dat,51,3998349,10,10,1,test,diff_days_indoor,5,0,0,0,0,0,0.3096963167190552
data/raw/osu_lora/Diff_Days_Indoor_Setup/Day5/Device12/IQ_1.dat,52,4076748,10,10,1,test,diff_days_indoor,5,0,0,0,0,0,0.27872565388679504
data/raw/osu_lora/Diff_Days_Indoor_Setup/Day5/Device12/IQ_1.dat,53,4155147,10,21,0,test,diff_days_indoor,5,0,0,0,0,0,0.22885410487651825
data/raw/osu_lora/Diff_Days_Indoor_Setup/Day5/Device12/IQ_1.dat,54,4233546,10,21,0,test,diff_days_indoor,5,0,0,0,0,0,0.2340429127216339
data/raw/osu_lora/Diff_Days_Indoor_Setup/Day5/Device12/IQ_1.dat,55,4311945,10,10,1,test,diff_days_indoor,5,0,0,0,0,0,0.3452591300010681
data/raw/osu_lora/Diff_Days_Indoor_Setup/Day5/Device12/IQ_1.dat,56,4390344,10,14,0,test,diff_days_indoor,5,0,0,0,0,0,0.21934501826763153
data/raw/osu_lora/Diff_Days_Indoor_Setup/Day5/Device12/IQ_1.dat,57,4468743,10,21,0,test,diff_days_indoor,5,0,0,0,0,0,0.21832238137722015
data/raw/osu_lora/Diff_Days_Indoor_Setup/Day5/Device12/IQ_1.dat,58,4547142,10,21,0,test,diff_days_indoor,5,0,0,0,0,0,0.22830596566200256
data/raw/osu_lora/Diff_Days_Indoor_Setup/Day5/Device12/IQ_1.dat,59,4625541,10,21,0,test,diff_days_indoor,5,0,0,0,0,0,0.24043720960617065
data/raw/osu_lora/Diff_Days_Indoor_Setup/Day5/Device12/IQ_1.dat,60,4703940,10,10,1,test,diff_days_indoor,5,0,0,0,0,0,0.2780708074569702
data/raw/osu_lora/Diff_Days_Indoor_Setup/Day5/Device12/IQ_1.dat,61,4782339,10,10,1,test,diff_days_indoor,5,0,0,0,0,0,0.2705831527709961
data/raw/osu_lora/Diff_Days_Indoor_Setup/Day5/Device12/IQ_1.dat,62,4860738,10,9,0,test,diff_days_indoor,5,0,0,0,0,0,0.22607508301734924
data/raw/osu_lora/Diff_Days_Indoor_Setup/Day5/Device12/IQ_1.dat,63,4939137,10,10,1,test,diff_days_indoor,5,0,0,0,0,0,0.23575104773044586
data/raw/osu_lora/Diff_Days_Indoor_Setup/Day5/Device12/IQ_1.dat,64,5017536,10,14,0,test,diff_days_indoor,5,0,0,0,0,0,0.22806474566459656
data/raw/osu_lora/Diff_Days_Indoor_Setup/Day5/Device12/IQ_1.dat,65,5095935,10,21,0,test,diff_days_indoor,5,0,0,0,0,0,0.22325065732002258
data/raw/osu_lora/Diff_Days_Indoor_Setup/Day5/Device12/IQ_1.dat,66,5174334,10,10,1,test,diff_days_indoor,5,0,0,0,0,0,0.3418414890766144
data/raw/osu_lora/Diff_Days_Indoor_Setup/Day5/Device12/IQ_1.dat,67,5252733,10,10,1,test,diff_days_indoor,5,0,0,0,0,0,0.4166962802410126
data/raw/osu_lora/Diff_Days_Indoor_Setup/Day5/Device12/IQ_1.dat,68,5331132,10,21,0,test,diff_days_indoor,5,0,0,0,0,0,0.23211106657981873
data/raw/osu_lora/Diff_Days_Indoor_Setup/Day5/Device12/IQ_1.dat,69,5409531,10,10,1,test,diff_days_indoor,5,0,0,0,0,0,0.3598145842552185
data/raw/osu_lora/Diff_Days_Indoor_Setup/Day5/Device12/IQ_1.dat,70,5487930,10,21,0,test,diff_days_indoor,5,0,0,0,0,0,0.2263054996728897
data/raw/osu_lora/Diff_Days_Indoor_Setup/Day5/Device12/IQ_1.dat,71,5566329,10,21,0,test,diff_days_indoor,5,0,0,0,0,0,0.23427212238311768
data/raw/osu_lora/Diff_Days_Indoor_Setup/Day5/Device12/IQ_1.dat,72,5644728,10,10,1,test,diff_days_indoor,5,0,0,0,0,0,0.36110836267471313
data/raw/osu_lora/Diff_Days_Indoor_Setup/Day5/Device12/IQ_1.dat,73,5723127,10,10,1,test,diff_days_indoor,5,0,0,0,0,0,0.25951993465423584
data/raw/osu_lora/Diff_Days_Indoor_Setup/Day5/Device12/IQ_1.dat,74,5801526,10,10,1,test,diff_days_indoor,5,0,0,0,0,0,0.22999326884746552
data/raw/osu_lora/Diff_Days_Indoor_Setup/Day5/Device12/IQ_1.dat,75,5879925,10,10,1,test,diff_days_indoor,5,0,0,0,0,0,0.28359147906303406
data/raw/osu_lora/Diff_Days_Indoor_Setup/Day5/Device12/IQ_1.dat,76,5958324,10,10,1,test,diff_days_indoor,5,0,0,0,0,0,0.26139914989471436
data/raw/osu_lora/Diff_Days_Indoor_Setup/Day5/Device12/IQ_1.dat,77,6036723,10,10,1,test,diff_days_indoor,5,0,0,0,0,0,0.25424066185951233
data/raw/osu_lora/Diff_Days_Indoor_Setup/Day5/Device12/IQ_1.dat,78,6115122,10,21,0,test,diff_days_indoor,5,0,0,0,0,0,0.2263299524784088
data/raw/osu_lora/Diff_Days_Indoor_Setup/Day5/Device12/IQ_1.dat,79,6193521,10,10,1,test,diff_days_indoor,5,0,0,0,0,0,0.31892818212509155
data/raw/osu_lora/Diff_Days_Indoor_Setup/Day5/Device12/IQ_1.dat,80,6271920,10,21,0,test,diff_days_indoor,5,0,0,0,0,0,0.22650545835494995
data/raw/osu_lora/Diff_Days_Indoor_Setup/Day5/Device12/IQ_1.dat,81,6350319,10,21,0,test,diff_days_indoor,5,0,0,0,0,0,0.2318132370710373
data/raw/osu_lora/Diff_Days_Indoor_Setup/Day5/Device12/IQ_1.dat,82,6428718,10,14,0,test,diff_days_indoor,5,0,0,0,0,0,0.22449101507663727
data/raw/osu_lora/Diff_Days_Indoor_Setup/Day5/Device12/IQ_1.dat,83,6507117,10,14,0,test,diff_days_indoor,5,0,0,0,0,0,0.22567303478717804
data/raw/osu_lora/Diff_Days_Indoor_Setup/Day5/Device12/IQ_1.dat,84,6585516,10,10,1,test,diff_days_indoor,5,0,0,0,0,0,0.2404165118932724
data/raw/osu_lora/Diff_Days_Indoor_Setup/Day5/Device12/IQ_1.dat,85,6663915,10,10,1,test,diff_days_indoor,5,0,0,0,0,0,0.24377891421318054
data/raw/osu_lora/Diff_Days_Indoor_Setup/Day5/Device12/IQ_1.dat,86,6742314,10,14,0,test,diff_days_indoor,5,0,0,0,0,0,0.22705790400505066
data/raw/osu_lora/Diff_Days_Indoor_Setup/Day5/Device12/IQ_1.dat,87,6820713,10,10,1,test,diff_days_indoor,5,0,0,0,0,0,0.38302502036094666
data/raw/osu_lora/Diff_Days_Indoor_Setup/Day5/Device12/IQ_1.dat,88,6899112,10,21,0,test,diff_days_indoor,5,0,0,0,0,0,0.23066264390945435
data/raw/osu_lora/Diff_Days_Indoor_Setup/Day5/Device12/IQ_1.dat,89,6977511,10,10,1,test,diff_days_indoor,5,0,0,0,0,0,0.25118109583854675
data/raw/osu_lora/Diff_Days_Indoor_Setup/Day5/Device12/IQ_1.dat,90,7055910,10,14,0,test,diff_days_indoor,5,0,0,0,0,0,0.21675461530685425
data/raw/osu_lora/Diff_Days_Indoor_Setup/Day5/Device12/IQ_1.dat,91,7134309,10,10,1,test,diff_days_indoor,5,0,0,0,0,0,0.35154661536216736
data/raw/osu_lora/Diff_Days_Indoor_Setup/Day5/Device12/IQ_1.dat,92,7212708,10,16,0,test,diff_days_indoor,5,0,0,0,0,0,0.09115905314683914
data/raw/osu_lora/Diff_Days_Indoor_Setup/Day5/Device12/IQ_1.dat,93,7291107,10,10,1,test,diff_days_indoor,5,0,0,0,0,0,0.27727097272872925
data/raw/osu_lora/Diff_Days_Indoor_Setup/Day5/Device12/IQ_1.dat,94,7369506,10,14,0,test,diff_days_indoor,5,0,0,0,0,0,0.21250255405902863
data/raw/osu_lora/Diff_Days_Indoor_Setup/Day5/Device12/IQ_1.dat,95,7447905,10,14,0,test,diff_days_indoor,5,0,0,0,0,0,0.23245123028755188
data/raw/osu_lora/Diff_Days_Indoor_Setup/Day5/Device12/IQ_1.dat,96,7526304,10,14,0,test,diff_days_indoor,5,0,0,0,0,0,0.23108425736427307
data/raw/osu_lora/Diff_Days_Indoor_Setup/Day5/Device12/IQ_1.dat,97,7604703,10,10,1,test,diff_days_indoor,5,0,0,0,0,0,0.2541373670101166
data/raw/osu_lora/Diff_Days_Indoor_Setup/Day5/Device12/IQ_1.dat,98,7683102,10,21,0,test,diff_days_indoor,5,0,0,0,0,0,0.22780726850032806
data/raw/osu_lora/Diff_Days_Indoor_Setup/Day5/Device12/IQ_1.dat,99,7761501,10,14,0,test,diff_days_indoor,5,0,0,0,0,0,0.22821484506130219
data/raw/osu_lora/Diff_Days_Indoor_Setup/Day5/Device12/IQ_1.dat,100,7839900,10,21,0,test,diff_days_indoor,5,0,0,0,0,0,0.23409581184387207
data/raw/osu_lora/Diff_Days_Indoor_Setup/Day5/Device12/IQ_1.dat,101,7918299,10,9,0,test,diff_days_indoor,5,0,0,0,0,0,0.2251206785440445
data/raw/osu_lora/Diff_Days_Indoor_Setup/Day5/Device12/IQ_1.dat,102,7996698,10,14,0,test,diff_days_indoor,5,0,0,0,0,0,0.23593291640281677
data/raw/osu_lora/Diff_Days_Indoor_Setup/Day5/Device12/IQ_1.dat,103,8075097,10,21,0,test,diff_days_indoor,5,0,0,0,0,0,0.22276513278484344
data/raw/osu_lora/Diff_Days_Indoor_Setup/Day5/Device12/IQ_1.dat,104,8153496,10,14,0,test,diff_days_indoor,5,0,0,0,0,0,0.22482198476791382
data/raw/osu_lora/Diff_Days_Indoor_Setup/Day5/Device12/IQ_1.dat,105,8231895,10,10,1,test,diff_days_indoor,5,0,0,0,0,0,0.3866015076637268
data/raw/osu_lora/Diff_Days_Indoor_Setup/Day5/Device12/IQ_1.dat,106,8310294,10,10,1,test,diff_days_indoor,5,0,0,0,0,0,0.2724786400794983
data/raw/osu_lora/Diff_Days_Indoor_Setup/Day5/Device12/IQ_1.dat,107,8388693,10,10,1,test,diff_days_indoor,5,0,0,0,0,0,0.24076420068740845
data/raw/osu_lora/Diff_Days_Indoor_Setup/Day5/Device12/IQ_1.dat,108,8467092,10,10,1,test,diff_days_indoor,5,0,0,0,0,0,0.3466600179672241
data/raw/osu_lora/Diff_Days_Indoor_Setup/Day5/Device12/IQ_1.dat,109,8545491,10,14,0,test,diff_days_indoor,5,0,0,0,0,0,0.22720247507095337
data/raw/osu_lora/Diff_Days_Indoor_Setup/Day5/Device12/IQ_1.dat,110,8623890,10,14,0,test,diff_days_indoor,5,0,0,0,0,0,0.22432954609394073
data/raw/osu_lora/Diff_Days_Indoor_Setup/Day5/Device12/IQ_1.dat,111,8702289,10,9,0,test,diff_days_indoor,5,0,0,0,0,0,0.18561463057994843
data/raw/osu_lora/Diff_Days_Indoor_Setup/Day5/Device12/IQ_1.dat,112,8780688,10,10,1,test,diff_days_indoor,5,0,0,0,0,0,0.2741594910621643
data/raw/osu_lora/Diff_Days_Indoor_Setup/Day5/Device12/IQ_1.dat,113,8859087,10,21,0,test,diff_days_indoor,5,0,0,0,0,0,0.2266629934310913
data/raw/osu_lora/Diff_Days_Indoor_Setup/Day5/Device12/IQ_1.dat,114,8937486,10,10,1,test,diff_days_indoor,5,0,0,0,0,0,0.24418053030967712
data/raw/osu_lora/Diff_Days_Indoor_Setup/Day5/Device12/IQ_1.dat,115,9015885,10,21,0,test,diff_days_indoor,5,0,0,0,0,0,0.2317935824394226
data/raw/osu_lora/Diff_Days_Indoor_Setup/Day5/Device12/IQ_1.dat,116,9094284,10,10,1,test,diff_days_indoor,5,0,0,0,0,0,0.3019711971282959
data/raw/osu_lora/Diff_Days_Indoor_Setup/Day5/Device12/IQ_1.dat,117,9172683,10,14,0,test,diff_days_indoor,5,0,0,0,0,0,0.24147605895996094
data/raw/osu_lora/Diff_Days_Indoor_Setup/Day5/Device12/IQ_1.dat,118,9251082,10,10,1,test,diff_days_indoor,5,0,0,0,0,0,0.32614555954933167
data/raw/osu_lora/Diff_Days_Indoor_Setup/Day5/Device12/IQ_1.dat,119,9329481,10,10,1,test,diff_days_indoor,5,0,0,0,0,0,0.2863888740539551
data/raw/osu_lora/Diff_Days_Indoor_Setup/Day5/Device12/IQ_1.dat,120,9407880,10,10,1,test,diff_days_indoor,5,0,0,0,0,0,0.23868700861930847
data/raw/osu_lora/Diff_Days_Indoor_Setup/Day5/Device12/IQ_1.dat,121,9486279,10,21,0,test,diff_days_indoor,5,0,0,0,0,0,0.22756071388721466
data/raw/osu_lora/Diff_Days_Indoor_Setup/Day5/Device12/IQ_1.dat,122,9564678,10,14,0,test,diff_days_indoor,5,0,0,0,0,0,0.23227742314338684
data/raw/osu_lora/Diff_Days_Indoor_Setup/Day5/Device12/IQ_1.dat,123,9643077,10,14,0,test,diff_days_indoor,5,0,0,0,0,0,0.2368689626455307
data/raw/osu_lora/Diff_Days_Indoor_Setup/Day5/Device12/IQ_1.dat,124,9721476,10,10,1,test,diff_days_indoor,5,0,0,0,0,0,0.35554686188697815
data/raw/osu_lora/Diff_Days_Indoor_Setup/Day5/Device12/IQ_1.dat,125,9799875,10,10,1,test,diff_days_indoor,5,0,0,0,0,0,0.3027384579181671
data/raw/osu_lora/Diff_Days_Indoor_Setup/Day5/Device12/IQ_1.dat,126,9878274,10,14,0,test,diff_days_indoor,5,0,0,0,0,0,0.23318611085414886
data/raw/osu_lora/Diff_Days_Indoor_Setup/Day5/Device12/IQ_1.dat,127,9956673,10,10,1,test,diff_days_indoor,5,0,0,0,0,0,0.3657653331756592
data/raw/osu_lora/Diff_Days_Indoor_Setup/Day5/Device12/IQ_1.dat,128,10035072,10,21,0,test,diff_days_indoor,5,0,0,0,0,0,0.2204485833644867
data/raw/osu_lora/Diff_Days_Indoor_Setup/Day5/Device12/IQ_1.dat,129,10113471,10,21,0,test,diff_days_indoor,5,0,0,0,0,0,0.22201137244701385
data/raw/osu_lora/Diff_Days_Indoor_Setup/Day5/Device12/IQ_1.dat,130,10191870,10,14,0,test,diff_days_indoor,5,0,0,0,0,0,0.23312845826148987
data/raw/osu_lora/Diff_Days_Indoor_Setup/Day5/Device12/IQ_1.dat,131,10270269,10,14,0,test,diff_days_indoor,5,0,0,0,0,0,0.21906647086143494
data/raw/osu_lora/Diff_Days_Indoor_Setup/Day5/Device12/IQ_1.dat,132,10348668,10,10,1,test,diff_days_indoor,5,0,0,0,0,0,0.41027623414993286
data/raw/osu_lora/Diff_Days_Indoor_Setup/Day5/Device12/IQ_1.dat,133,10427067,10,21,0,test,diff_days_indoor,5,0,0,0,0,0,0.22966402769088745
data/raw/osu_lora/Diff_Days_Indoor_Setup/Day5/Device12/IQ_1.dat,134,10505466,10,10,1,test,diff_days_indoor,5,0,0,0,0,0,0.30522534251213074
data/raw/osu_lora/Diff_Days_Indoor_Setup/Day5/Device12/IQ_1.dat,135,10583865,10,10,1,test,diff_days_indoor,5,0,0,0,0,0,0.3097479045391083
data/raw/osu_lora/Diff_Days_Indoor_Setup/Day5/Device12/IQ_1.dat,136,10662264,10,14,0,test,diff_days_indoor,5,0,0,0,0,0,0.21163758635520935
data/raw/osu_lora/Diff_Days_Indoor_Setup/Day5/Device12/IQ_1.dat,137,10740663,10,10,1,test,diff_days_indoor,5,0,0,0,0,0,0.24557197093963623
data/raw/osu_lora/Diff_Days_Indoor_Setup/Day5/Device12/IQ_1.dat,138,10819062,10,10,1,test,diff_days_indoor,5,0,0,0,0,0,0.2572535574436188
data/raw/osu_lora/Diff_Days_Indoor_Setup/Day5/Device12/IQ_1.dat,139,10897461,10,21,0,test,diff_days_indoor,5,0,0,0,0,0,0.21656987071037292
data/raw/osu_lora/Diff_Days_Indoor_Setup/Day5/Device12/IQ_1.dat,140,10975860,10,10,1,test,diff_days_indoor,5,0,0,0,0,0,0.3335834741592407
data/raw/osu_lora/Diff_Days_Indoor_Setup/Day5/Device12/IQ_1.dat,141,11054259,10,10,1,test,diff_days_indoor,5,0,0,0,0,0,0.33572545647621155
data/raw/osu_lora/Diff_Days_Indoor_Setup/Day5/Device12/IQ_1.dat,142,11132658,10,21,0,test,diff_days_indoor,5,0,0,0,0,0,0.22155599296092987
data/raw/osu_lora/Diff_Days_Indoor_Setup/Day5/Device12/IQ_1.dat,143,11211057,10,10,1,test,diff_days_indoor,5,0,0,0,0,0,0.2399105578660965
data/raw/osu_lora/Diff_Days_Indoor_Setup/Day5/Device12/IQ_1.dat,144,11289456,10,10,1,test,diff_days_indoor,5,0,0,0,0,0,0.2544531226158142
data/raw/osu_lora/Diff_Days_Indoor_Setup/Day5/Device12/IQ_1.dat,145,11367855,10,9,0,test,diff_days_indoor,5,0,0,0,0,0,0.22880105674266815
data/raw/osu_lora/Diff_Days_Indoor_Setup/Day5/Device12/IQ_1.dat,146,11446254,10,10,1,test,diff_days_indoor,5,0,0,0,0,0,0.23451143503189087
data/raw/osu_lora/Diff_Days_Indoor_Setup/Day5/Device12/IQ_1.dat,147,11524653,10,21,0,test,diff_days_indoor,5,0,0,0,0,0,0.21915303170681
data/raw/osu_lora/Diff_Days_Indoor_Setup/Day5/Device12/IQ_1.dat,148,11603052,10,9,0,test,diff_days_indoor,5,0,0,0,0,0,0.22025208175182343
data/raw/osu_lora/Diff_Days_Indoor_Setup/Day5/Device12/IQ_1.dat,149,11681451,10,21,0,test,diff_days_indoor,5,0,0,0,0,0,0.23362036049365997
data/raw/osu_lora/Diff_Days_Indoor_Setup/Day5/Device12/IQ_1.dat,150,11759850,10,14,0,test,diff_days_indoor,5,0,0,0,0,0,0.23217563331127167
data/raw/osu_lora/Diff_Days_Indoor_Setup/Day5/Device12/IQ_1.dat,151,11838249,10,14,0,test,diff_days_indoor,5,0,0,0,0,0,0.23251138627529144
data/raw/osu_lora/Diff_Days_Indoor_Setup/Day5/Device12/IQ_1.dat,152,11916648,10,10,1,test,diff_days_indoor,5,0,0,0,0,0,0.36153703927993774
data/raw/osu_lora/Diff_Days_Indoor_Setup/Day5/Device12/IQ_1.dat,153,11995047,10,10,1,test,diff_days_indoor,5,0,0,0,0,0,0.28621065616607666
data/raw/osu_lora/Diff_Days_Indoor_Setup/Day5/Device12/IQ_1.dat,154,12073446,10,10,1,test,diff_days_indoor,5,0,0,0,0,0,0.31159287691116333
data/raw/osu_lora/Diff_Days_Indoor_Setup/Day5/Device12/IQ_1.dat,155,12151845,10,10,1,test,diff_days_indoor,5,0,0,0,0,0,0.39351633191108704
data/raw/osu_lora/Diff_Days_Indoor_Setup/Day5/Device12/IQ_1.dat,156,12230244,10,14,0,test,diff_days_indoor,5,0,0,0,0,0,0.22510077059268951
data/raw/osu_lora/Diff_Days_Indoor_Setup/Day5/Device12/IQ_1.dat,157,12308643,10,14,0,test,diff_days_indoor,5,0,0,0,0,0,0.22202737629413605
data/raw/osu_lora/Diff_Days_Indoor_Setup/Day5/Device12/IQ_1.dat,158,12387042,10,14,0,test,diff_days_indoor,5,0,0,0,0,0,0.2215810865163803
data/raw/osu_lora/Diff_Days_Indoor_Setup/Day5/Device12/IQ_1.dat,159,12465441,10,14,0,test,diff_days_indoor,5,0,0,0,0,0,0.23163260519504547
data/raw/osu_lora/Diff_Days_Indoor_Setup/Day5/Device12/IQ_1.dat,160,12543840,10,14,0,test,diff_days_indoor,5,0,0,0,0,0,0.2262367308139801
data/raw/osu_lora/Diff_Days_Indoor_Setup/Day5/Device12/IQ_1.dat,161,12622239,10,21,0,test,diff_days_indoor,5,0,0,0,0,0,0.2317781150341034
data/raw/osu_lora/Diff_Days_Indoor_Setup/Day5/Device12/IQ_1.dat,162,12700638,10,14,0,test,diff_days_indoor,5,0,0,0,0,0,0.2340908944606781
data/raw/osu_lora/Diff_Days_Indoor_Setup/Day5/Device12/IQ_1.dat,163,12779037,10,14,0,test,diff_days_indoor,5,0,0,0,0,0,0.2280113846063614
data/raw/osu_lora/Diff_Days_Indoor_Setup/Day5/Device12/IQ_1.dat,164,12857436,10,10,1,test,diff_days_indoor,5,0,0,0,0,0,0.24104154109954834
data/raw/osu_lora/Diff_Days_Indoor_Setup/Day5/Device12/IQ_1.dat,165,12935835,10,9,0,test,diff_days_indoor,5,0,0,0,0,0,0.20495319366455078
data/raw/osu_lora/Diff_Days_Indoor_Setup/Day5/Device12/IQ_1.dat,166,13014234,10,10,1,test,diff_days_indoor,5,0,0,0,0,0,0.26579979062080383
data/raw/osu_lora/Diff_Days_Indoor_Setup/Day5/Device12/IQ_1.dat,167,13092633,10,14,0,test,diff_days_indoor,5,0,0,0,0,0,0.23128938674926758
data/raw/osu_lora/Diff_Days_Indoor_Setup/Day5/Device12/IQ_1.dat,168,13171032,10,14,0,test,diff_days_indoor,5,0,0,0,0,0,0.24185742437839508
data/raw/osu_lora/Diff_Days_Indoor_Setup/Day5/Device12/IQ_1.dat,169,13249431,10,10,1,test,diff_days_indoor,5,0,0,0,0,0,0.2866389751434326
data/raw/osu_lora/Diff_Days_Indoor_Setup/Day5/Device12/IQ_1.dat,170,13327830,10,10,1,test,diff_days_indoor,5,0,0,0,0,0,0.24109876155853271
data/raw/osu_lora/Diff_Days_Indoor_Setup/Day5/Device12/IQ_1.dat,171,13406229,10,14,0,test,diff_days_indoor,5,0,0,0,0,0,0.22952046990394592
data/raw/osu_lora/Diff_Days_Indoor_Setup/Day5/Device12/IQ_1.dat,172,13484628,10,14,0,test,diff_days_indoor,5,0,0,0,0,0,0.22126293182373047
data/raw/osu_lora/Diff_Days_Indoor_Setup/Day5/Device12/IQ_1.dat,173,13563027,10,14,0,test,diff_days_indoor,5,0,0,0,0,0,0.22554418444633484
data/raw/osu_lora/Diff_Days_Indoor_Setup/Day5/Device12/IQ_1.dat,174,13641426,10,14,0,test,diff_days_indoor,5,0,0,0,0,0,0.2211647629737854
data/raw/osu_lora/Diff_Days_Indoor_Setup/Day5/Device12/IQ_1.dat,175,13719825,10,9,0,test,diff_days_indoor,5,0,0,0,0,0,0.2299795299768448
data/raw/osu_lora/Diff_Days_Indoor_Setup/Day5/Device12/IQ_1.dat,176,13798224,10,10,1,test,diff_days_indoor,5,0,0,0,0,0,0.2376888245344162
data/raw/osu_lora/Diff_Days_Indoor_Setup/Day5/Device12/IQ_1.dat,177,13876623,10,14,0,test,diff_days_indoor,5,0,0,0,0,0,0.24117891490459442
data/raw/osu_lora/Diff_Days_Indoor_Setup/Day5/Device12/IQ_1.dat,178,13955022,10,14,0,test,diff_days_indoor,5,0,0,0,0,0,0.2250221073627472
data/raw/osu_lora/Diff_Days_Indoor_Setup/Day5/Device12/IQ_1.dat,179,14033421,10,10,1,test,diff_days_indoor,5,0,0,0,0,0,0.3882525563240051
data/raw/osu_lora/Diff_Days_Indoor_Setup/Day5/Device12/IQ_1.dat,180,14111820,10,10,1,test,diff_days_indoor,5,0,0,0,0,0,0.272439569234848
data/raw/osu_lora/Diff_Days_Indoor_Setup/Day5/Device12/IQ_1.dat,181,14190219,10,21,0,test,diff_days_indoor,5,0,0,0,0,0,0.2272796928882599
data/raw/osu_lora/Diff_Days_Indoor_Setup/Day5/Device12/IQ_1.dat,182,14268618,10,21,0,test,diff_days_indoor,5,0,0,0,0,0,0.22808191180229187
data/raw/osu_lora/Diff_Days_Indoor_Setup/Day5/Device12/IQ_1.dat,183,14347017,10,14,0,test,diff_days_indoor,5,0,0,0,0,0,0.22578547894954681
data/raw/osu_lora/Diff_Days_Indoor_Setup/Day5/Device12/IQ_1.dat,184,14425416,10,14,0,test,diff_days_indoor,5,0,0,0,0,0,0.22766168415546417
data/raw/osu_lora/Diff_Days_Indoor_Setup/Day5/Device12/IQ_1.dat,185,14503815,10,14,0,test,diff_days_indoor,5,0,0,0,0,0,0.22511586546897888
data/raw/osu_lora/Diff_Days_Indoor_Setup/Day5/Device12/IQ_1.dat,186,14582214,10,10,1,test,diff_days_indoor,5,0,0,0,0,0,0.4140435755252838
data/raw/osu_lora/Diff_Days_Indoor_Setup/Day5/Device12/IQ_1.dat,187,14660613,10,10,1,test,diff_days_indoor,5,0,0,0,0,0,0.3796597421169281
data/raw/osu_lora/Diff_Days_Indoor_Setup/Day5/Device12/IQ_1.dat,188,14739012,10,21,0,test,diff_days_indoor,5,0,0,0,0,0,0.229704350233078
data/raw/osu_lora/Diff_Days_Indoor_Setup/Day5/Device12/IQ_1.dat,189,14817411,10,10,1,test,diff_days_indoor,5,0,0,0,0,0,0.29638487100601196
data/raw/osu_lora/Diff_Days_Indoor_Setup/Day5/Device12/IQ_1.dat,190,14895810,10,14,0,test,diff_days_indoor,5,0,0,0,0,0,0.2343558371067047
data/raw/osu_lora/Diff_Days_Indoor_Setup/Day5/Device12/IQ_1.dat,191,14974209,10,10,1,test,diff_days_indoor,5,0,0,0,0,0,0.3140726089477539
data/raw/osu_lora/Diff_Days_Indoor_Setup/Day5/Device12/IQ_1.dat,192,15052608,10,10,1,test,diff_days_indoor,5,0,0,0,0,0,0.26672983169555664
data/raw/osu_lora/Diff_Days_Indoor_Setup/Day5/Device12/IQ_1.dat,193,15131007,10,10,1,test,diff_days_indoor,5,0,0,0,0,0,0.3739304542541504
data/raw/osu_lora/Diff_Days_Indoor_Setup/Day5/Device12/IQ_1.dat,194,15209406,10,9,0,test,diff_days_indoor,5,0,0,0,0,0,0.22904178500175476
data/raw/osu_lora/Diff_Days_Indoor_Setup/Day5/Device12/IQ_1.dat,195,15287805,10,10,1,test,diff_days_indoor,5,0,0,0,0,0,0.2932707369327545
data/raw/osu_lora/Diff_Days_Indoor_Setup/Day5/Device12/IQ_1.dat,196,15366204,10,10,1,test,diff_days_indoor,5,0,0,0,0,0,0.27077487111091614
data/raw/osu_lora/Diff_Days_Indoor_Setup/Day5/Device12/IQ_1.dat,197,15444603,10,21,0,test,diff_days_indoor,5,0,0,0,0,0,0.22830438613891602
data/raw/osu_lora/Diff_Days_Indoor_Setup/Day5/Device12/IQ_1.dat,198,15523002,10,14,0,test,diff_days_indoor,5,0,0,0,0,0,0.22608846426010132
data/raw/osu_lora/Diff_Days_Indoor_Setup/Day5/Device12/IQ_1.dat,199,15601401,10,21,0,test,diff_days_indoor,5,0,0,0,0,0,0.22621700167655945
data/raw/osu_lora/Diff_Days_Indoor_Setup/Day5/Device12/IQ_1.dat,200,15679800,10,21,0,test,diff_days_indoor,5,0,0,0,0,0,0.22796398401260376
data/raw/osu_lora/Diff_Days_Indoor_Setup/Day5/Device12/IQ_1.dat,201,15758199,10,9,0,test,diff_days_indoor,5,0,0,0,0,0,0.22283576428890228
data/raw/osu_lora/Diff_Days_Indoor_Setup/Day5/Device12/IQ_1.dat,202,15836598,10,10,1,test,diff_days_indoor,5,0,0,0,0,0,0.34365642070770264
data/raw/osu_lora/Diff_Days_Indoor_Setup/Day5/Device12/IQ_1.dat,203,15914997,10,9,0,test,diff_days_indoor,5,0,0,0,0,0,0.22522814571857452
data/raw/osu_lora/Diff_Days_Indoor_Setup/Day5/Device12/IQ_1.dat,204,15993396,10,10,1,test,diff_days_indoor,5,0,0,0,0,0,0.2616911828517914
data/raw/osu_lora/Diff_Days_Indoor_Setup/Day5/Device12/IQ_1.dat,205,16071795,10,10,1,test,diff_days_indoor,5,0,0,0,0,0,0.25008025765419006
data/raw/osu_lora/Diff_Days_Indoor_Setup/Day5/Device12/IQ_1.dat,206,16150194,10,14,0,test,diff_days_indoor,5,0,0,0,0,0,0.2240336686372757
data/raw/osu_lora/Diff_Days_Indoor_Setup/Day5/Device12/IQ_1.dat,207,16228593,10,14,0,test,diff_days_indoor,5,0,0,0,0,0,0.2314819097518921
data/raw/osu_lora/Diff_Days_Indoor_Setup/Day5/Device12/IQ_1.dat,208,16306992,10,14,0,test,diff_days_indoor,5,0,0,0,0,0,0.23293675482273102
data/raw/osu_lora/Diff_Days_Indoor_Setup/Day5/Device12/IQ_1.dat,209,16385391,10,21,0,test,diff_days_indoor,5,0,0,0,0,0,0.22840917110443115
data/raw/osu_lora/Diff_Days_Indoor_Setup/Day5/Device12/IQ_1.dat,210,16463790,10,14,0,test,diff_days_indoor,5,0,0,0,0,0,0.22217586636543274
data/raw/osu_lora/Diff_Days_Indoor_Setup/Day5/Device12/IQ_1.dat,211,16542189,10,9,0,test,diff_days_indoor,5,0,0,0,0,0,0.23015731573104858
data/raw/osu_lora/Diff_Days_Indoor_Setup/Day5/Device12/IQ_1.dat,212,16620588,10,7,0,test,diff_days_indoor,5,0,0,0,0,0,0.11033976823091507
data/raw/osu_lora/Diff_Days_Indoor_Setup/Day5/Device12/IQ_1.dat,213,16698987,10,10,1,test,diff_days_indoor,5,0,0,0,0,0,0.3449365496635437
data/raw/osu_lora/Diff_Days_Indoor_Setup/Day5/Device12/IQ_1.dat,214,16777386,10,10,1,test,diff_days_indoor,5,0,0,0,0,0,0.2657902240753174
data/raw/osu_lora/Diff_Days_Indoor_Setup/Day5/Device12/IQ_1.dat,215,16855785,10,14,0,test,diff_days_indoor,5,0,0,0,0,0,0.22648394107818604
data/raw/osu_lora/Diff_Days_Indoor_Setup/Day5/Device12/IQ_1.dat,216,16934184,10,10,1,test,diff_days_indoor,5,0,0,0,0,0,0.3245936334133148
data/raw/osu_lora/Diff_Days_Indoor_Setup/Day5/Device12/IQ_1.dat,217,17012583,10,10,1,test,diff_days_indoor,5,0,0,0,0,0,0.2457263469696045
data/raw/osu_lora/Diff_Days_Indoor_Setup/Day5/Device12/IQ_1.dat,218,17090982,10,14,0,test,diff_days_indoor,5,0,0,0,0,0,0.22652190923690796
data/raw/osu_lora/Diff_Days_Indoor_Setup/Day5/Device12/IQ_1.dat,219,17169381,10,9,0,test,diff_days_indoor,5,0,0,0,0,0,0.21917061507701874
data/raw/osu_lora/Diff_Days_Indoor_Setup/Day5/Device12/IQ_1.dat,220,17247780,10,10,1,test,diff_days_indoor,5,0,0,0,0,0,0.2823742926120758
data/raw/osu_lora/Diff_Days_Indoor_Setup/Day5/Device12/IQ_1.dat,221,17326179,10,9,0,test,diff_days_indoor,5,0,0,0,0,0,0.22845064103603363
data/raw/osu_lora/Diff_Days_Indoor_Setup/Day5/Device12/IQ_1.dat,222,17404578,10,10,1,test,diff_days_indoor,5,0,0,0,0,0,0.3391731381416321
data/raw/osu_lora/Diff_Days_Indoor_Setup/Day5/Device12/IQ_1.dat,223,17482977,10,9,0,test,diff_days_indoor,5,0,0,0,0,0,0.22648398578166962
data/raw/osu_lora/Diff_Days_Indoor_Setup/Day5/Device12/IQ_1.dat,224,17561376,10,14,0,test,diff_days_indoor,5,0,0,0,0,0,0.23206031322479248
data/raw/osu_lora/Diff_Days_Indoor_Setup/Day5/Device12/IQ_1.dat,225,17639775,10,10,1,test,diff_days_indoor,5,0,0,0,0,0,0.27430978417396545
data/raw/osu_lora/Diff_Days_Indoor_Setup/Day5/Device12/IQ_1.dat,226,17718174,10,14,0,test,diff_days_indoor,5,0,0,0,0,0,0.2312769889831543
data/raw/osu_lora/Diff_Days_Indoor_Setup/Day5/Device12/IQ_1.dat,227,17796573,10,21,0,test,diff_days_indoor,5,0,0,0,0,0,0.23297511041164398
data/raw/osu_lora/Diff_Days_Indoor_Setup/Day5/Device12/IQ_1.dat,228,17874972,10,10,1,test,diff_days_indoor,5,0,0,0,0,0,0.23583805561065674
data/raw/osu_lora/Diff_Days_Indoor_Setup/Day5/Device12/IQ_1.dat,229,17953371,10,10,1,test,diff_days_indoor,5,0,0,0,0,0,0.24408258497714996
data/raw/osu_lora/Diff_Days_Indoor_Setup/Day5/Device12/IQ_1.dat,230,18031770,10,14,0,test,diff_days_indoor,5,0,0,0,0,0,0.2254408448934555
data/raw/osu_lora/Diff_Days_Indoor_Setup/Day5/Device12/IQ_1.dat,231,18110169,10,14,0,test,diff_days_indoor,5,0,0,0,0,0,0.2473296970129013
data/raw/osu_lora/Diff_Days_Indoor_Setup/Day5/Device12/IQ_1.dat,232,18188568,10,10,1,test,diff_days_indoor,5,0,0,0,0,0,0.25821155309677124
data/raw/osu_lora/Diff_Days_Indoor_Setup/Day5/Device12/IQ_1.dat,233,18266967,10,9,0,test,diff_days_indoor,5,0,0,0,0,0,0.22641699016094208
data/raw/osu_lora/Diff_Days_Indoor_Setup/Day5/Device12/IQ_1.dat,234,18345366,10,10,1,test,diff_days_indoor,5,0,0,0,0,0,0.38635554909706116
data/raw/osu_lora/Diff_Days_Indoor_Setup/Day5/Device12/IQ_1.dat,235,18423765,10,10,1,test,diff_days_indoor,5,0,0,0,0,0,0.23373112082481384
data/raw/osu_lora/Diff_Days_Indoor_Setup/Day5/Device12/IQ_1.dat,236,18502164,10,14,0,test,diff_days_indoor,5,0,0,0,0,0,0.2247021347284317
data/raw/osu_lora/Diff_Days_Indoor_Setup/Day5/Device12/IQ_1.dat,237,18580563,10,14,0,test,diff_days_indoor,5,0,0,0,0,0,0.2268873006105423
data/raw/osu_lora/Diff_Days_Indoor_Setup/Day5/Device12/IQ_1.dat,238,18658962,10,21,0,test,diff_days_indoor,5,0,0,0,0,0,0.22641175985336304
data/raw/osu_lora/Diff_Days_Indoor_Setup/Day5/Device12/IQ_1.dat,239,18737361,10,10,1,test,diff_days_indoor,5,0,0,0,0,0,0.24788810312747955
data/raw/osu_lora/Diff_Days_Indoor_Setup/Day5/Device12/IQ_1.dat,240,18815760,10,21,0,test,diff_days_indoor,5,0,0,0,0,0,0.2243836224079132
data/raw/osu_lora/Diff_Days_Indoor_Setup/Day5/Device12/IQ_1.dat,241,18894159,10,14,0,test,diff_days_indoor,5,0,0,0,0,0,0.23128344118595123
data/raw/osu_lora/Diff_Days_Indoor_Setup/Day5/Device12/IQ_1.dat,242,18972558,10,14,0,test,diff_days_indoor,5,0,0,0,0,0,0.23231668770313263
data/raw/osu_lora/Diff_Days_Indoor_Setup/Day5/Device12/IQ_1.dat,243,19050957,10,9,0,test,diff_days_indoor,5,0,0,0,0,0,0.22267886996269226
data/raw/osu_lora/Diff_Days_Indoor_Setup/Day5/Device12/IQ_1.dat,244,19129356,10,10,1,test,diff_days_indoor,5,0,0,0,0,0,0.4066517651081085
data/raw/osu_lora/Diff_Days_Indoor_Setup/Day5/Device12/IQ_1.dat,245,19207755,10,10,1,test,diff_days_indoor,5,0,0,0,0,0,0.2463071048259735
data/raw/osu_lora/Diff_Days_Indoor_Setup/Day5/Device12/IQ_1.dat,246,19286154,10,9,0,test,diff_days_indoor,5,0,0,0,0,0,0.22800765931606293
data/raw/osu_lora/Diff_Days_Indoor_Setup/Day5/Device12/IQ_1.dat,247,19364553,10,21,0,test,diff_days_indoor,5,0,0,0,0,0,0.22061797976493835
data/raw/osu_lora/Diff_Days_Indoor_Setup/Day5/Device12/IQ_1.dat,248,19442952,10,21,0,test,diff_days_indoor,5,0,0,0,0,0,0.22885139286518097
data/raw/osu_lora/Diff_Days_Indoor_Setup/Day5/Device12/IQ_1.dat,249,19521351,10,14,0,test,diff_days_indoor,5,0,0,0,0,0,0.2166586071252823
data/raw/osu_lora/Diff_Days_Indoor_Setup/Day5/Device12/IQ_1.dat,250,19599750,10,14,0,test,diff_days_indoor,5,0,0,0,0,0,0.2276879847049713
data/raw/osu_lora/Diff_Days_Indoor_Setup/Day5/Device12/IQ_1.dat,251,19678149,10,14,0,test,diff_days_indoor,5,0,0,0,0,0,0.22475993633270264
data/raw/osu_lora/Diff_Days_Indoor_Setup/Day5/Device12/IQ_1.dat,252,19756548,10,10,1,test,diff_days_indoor,5,0,0,0,0,0,0.32446953654289246
data/raw/osu_lora/Diff_Days_Indoor_Setup/Day5/Device12/IQ_1.dat,253,19834947,10,10,1,test,diff_days_indoor,5,0,0,0,0,0,0.2607768476009369
data/raw/osu_lora/Diff_Days_Indoor_Setup/Day5/Device12/IQ_1.dat,254,19913346,10,10,1,test,diff_days_indoor,5,0,0,0,0,0,0.2811163365840912
data/raw/osu_lora/Diff_Days_Indoor_Setup/Day5/Device12/IQ_1.dat,255,19991745,10,14,0,test,diff_days_indoor,5,0,0,0,0,0,0.22389042377471924
data/raw/osu_lora/Diff_Days_Indoor_Setup/Day5/Device13/IQ_1.dat,0,0,11,11,1,test,diff_days_indoor,5,0,0,0,0,0,0.6557555198669434
data/raw/osu_lora/Diff_Days_Indoor_Setup/Day5/Device13/IQ_1.dat,1,78399,11,11,1,test,diff_days_indoor,5,0,0,0,0,0,0.5422312617301941
data/raw/osu_lora/Diff_Days_Indoor_Setup/Day5/Device13/IQ_1.dat,2,156798,11,11,1,test,diff_days_indoor,5,0,0,0,0,0,0.5016114115715027
data/raw/osu_lora/Diff_Days_Indoor_Setup/Day5/Device13/IQ_1.dat,3,235197,11,4,0,test,diff_days_indoor,5,0,0,0,0,0,0.5419391393661499
data/raw/osu_lora/Diff_Days_Indoor_Setup/Day5/Device13/IQ_1.dat,4,313596,11,11,1,test,diff_days_indoor,5,0,0,0,0,0,0.6040069460868835
data/raw/osu_lora/Diff_Days_Indoor_Setup/Day5/Device13/IQ_1.dat,5,391995,11,4,0,test,diff_days_indoor,5,0,0,0,0,0,0.531380295753479
data/raw/osu_lora/Diff_Days_Indoor_Setup/Day5/Device13/IQ_1.dat,6,470394,11,11,1,test,diff_days_indoor,5,0,0,0,0,0,0.6382846832275391
data/raw/osu_lora/Diff_Days_Indoor_Setup/Day5/Device13/IQ_1.dat,7,548793,11,4,0,test,diff_days_indoor,5,0,0,0,0,0,0.5870389938354492
data/raw/osu_lora/Diff_Days_Indoor_Setup/Day5/Device13/IQ_1.dat,8,627192,11,11,1,test,diff_days_indoor,5,0,0,0,0,0,0.506707489490509
data/raw/osu_lora/Diff_Days_Indoor_Setup/Day5/Device13/IQ_1.dat,9,705591,11,4,0,test,diff_days_indoor,5,0,0,0,0,0,0.5405221581459045
data/raw/osu_lora/Diff_Days_Indoor_Setup/Day5/Device13/IQ_1.dat,10,783990,11,11,1,test,diff_days_indoor,5,0,0,0,0,0,0.5971247553825378
data/raw/osu_lora/Diff_Days_Indoor_Setup/Day5/Device13/IQ_1.dat,11,862389,11,4,0,test,diff_days_indoor,5,0,0,0,0,0,0.5244307518005371
data/raw/osu_lora/Diff_Days_Indoor_Setup/Day5/Device13/IQ_1.dat,12,940788,11,11,1,test,diff_days_indoor,5,0,0,0,0,0,0.7099118828773499
data/raw/osu_lora/Diff_Days_Indoor_Setup/Day5/Device13/IQ_1.dat,13,1019187,11,11,1,test,diff_days_indoor,5,0,0,0,0,0,0.5879660248756409
data/raw/osu_lora/Diff_Days_Indoor_Setup/Day5/Device13/IQ_1.dat,14,1097586,11,11,1,test,diff_days_indoor,5,0,0,0,0,0,0.6080041527748108
data/raw/osu_lora/Diff_Days_Indoor_Setup/Day5/Device13/IQ_1.dat,15,1175985,11,11,1,test,diff_days_indoor,5,0,0,0,0,0,0.6714209318161011
data/raw/osu_lora/Diff_Days_Indoor_Setup/Day5/Device13/IQ_1.dat,16,1254384,11,4,0,test,diff_days_indoor,5,0,0,0,0,0,0.5419750809669495
data/raw/osu_lora/Diff_Days_Indoor_Setup/Day5/Device13/IQ_1.dat,17,1332783,11,11,1,test,diff_days_indoor,5,0,0,0,0,0,0.5161759257316589
data/raw/osu_lora/Diff_Days_Indoor_Setup/Day5/Device13/IQ_1.dat,18,1411182,11,11,1,test,diff_days_indoor,5,0,0,0,0,0,0.5573225021362305
data/raw/osu_lora/Diff_Days_Indoor_Setup/Day5/Device13/IQ_1.dat,19,1489581,11,11,1,test,diff_days_indoor,5,0,0,0,0,0,0.5829847455024719
data/raw/osu_lora/Diff_Days_Indoor_Setup/Day5/Device13/IQ_1.dat,20,1567980,11,11,1,test,diff_days_indoor,5,0,0,0,0,0,0.532882034778595
data/raw/osu_lora/Diff_Days_Indoor_Setup/Day5/Device13/IQ_1.dat,21,1646379,11,11,1,test,diff_days_indoor,5,0,0,0,0,0,0.5897613167762756
data/raw/osu_lora/Diff_Days_Indoor_Setup/Day5/Device13/IQ_1.dat,22,1724778,11,4,0,test,diff_days_indoor,5,0,0,0,0,0,0.5411208271980286
data/raw/osu_lora/Diff_Days_Indoor_Setup/Day5/Device13/IQ_1.dat,23,1803177,11,11,1,test,diff_days_indoor,5,0,0,0,0,0,0.6980812549591064
data/raw/osu_lora/Diff_Days_Indoor_Setup/Day5/Device13/IQ_1.dat,24,1881576,11,11,1,test,diff_days_indoor,5,0,0,0,0,0,0.5443406105041504
data/raw/osu_lora/Diff_Days_Indoor_Setup/Day5/Device13/IQ_1.dat,25,1959975,11,11,1,test,diff_days_indoor,5,0,0,0,0,0,0.707726001739502
data/raw/osu_lora/Diff_Days_Indoor_Setup/Day5/Device13/IQ_1.dat,26,2038374,11,11,1,test,diff_days_indoor,5,0,0,0,0,0,0.563862144947052
data/raw/osu_lora/Diff_Days_Indoor_Setup/Day5/Device13/IQ_1.dat,27,2116773,11,4,0,test,diff_days_indoor,5,0,0,0,0,0,0.5738612413406372
data/raw/osu_lora/Diff_Days_Indoor_Setup/Day5/Device13/IQ_1.dat,28,2195172,11,11,1,test,diff_days_indoor,5,0,0,0,0,0,0.6792727112770081
data/raw/osu_lora/Diff_Days_Indoor_Setup/Day5/Device13/IQ_1.dat,29,2273571,11,11,1,test,diff_days_indoor,5,0,0,0,0,0,0.5463017225265503
data/raw/osu_lora/Diff_Days_Indoor_Setup/Day5/Device13/IQ_1.dat,30,2351970,11,4,0,test,diff_days_indoor,5,0,0,0,0,0,0.5445875525474548
data/raw/osu_lora/Diff_Days_Indoor_Setup/Day5/Device13/IQ_1.dat,31,2430369,11,4,0,test,diff_days_indoor,5,0,0,0,0,0,0.5047833919525146
data/raw/osu_lora/Diff_Days_Indoor_Setup/Day5/Device13/IQ_1.dat,32,2508768,11,4,0,test,diff_days_indoor,5,0,0,0,0,0,0.5508546233177185
data/raw/osu_lora/Diff_Days_Indoor_Setup/Day5/Device13/IQ_1.dat,33,2587167,11,4,0,test,diff_days_indoor,5,0,0,0,0,0,0.5378512144088745
data/raw/osu_lora/Diff_Days_Indoor_Setup/Day5/Device13/IQ_1.dat,34,2665566,11,11,1,test,diff_days_indoor,5,0,0,0,0,0,0.6443125605583191
data/raw/osu_lora/Diff_Days_Indoor_Setup/Day5/Device13/IQ_1.dat,35,2743965,11,11,1,test,diff_days_indoor,5,0,0,0,0,0,0.6860623359680176
data/raw/osu_lora/Diff_Days_Indoor_Setup/Day5/Device13/IQ_1.dat,36,2822364,11,11,1,test,diff_days_indoor,5,0,0,0,0,0,0.5373231768608093
data/raw/osu_lora/Diff_Days_Indoor_Setup/Day5/Device13/IQ_1.dat,37,2900763,11,11,1,test,diff_days_indoor,5,0,0,0,0,0,0.7071265578269958
data/raw/osu_lora/Diff_Days_Indoor_Setup/Day5/Device13/IQ_1.dat,38,2979162,11,11,1,test,diff_days_indoor,5,0,0,0,0,0,0.6146060228347778
data/raw/osu_lora/Diff_Days_Indoor_Setup/Day5/Device13/IQ_1.dat,39,3057561,11,11,1,test,diff_days_indoor,5,0,0,0,0,0,0.6344954371452332
data/raw/osu_lora/Diff_Days_Indoor_Setup/Day5/Device13/IQ_1.dat,40,3135960,11,11,1,test,diff_days_indoor,5,0,0,0,0,0,0.6446620225906372
data/raw/osu_lora/Diff_Days_Indoor_Setup/Day5/Device13/IQ_1.dat,41,3214359,11,4,0,test,diff_days_indoor,5,0,0,0,0,0,0.542492151260376
data/raw/osu_lora/Diff_Days_Indoor_Setup/Day5/Device13/IQ_1.dat,42,3292758,11,11,1,test,diff_days_indoor,5,0,0,0,0,0,0.6322123408317566
data/raw/osu_lora/Diff_Days_Indoor_Setup/Day5/Device13/IQ_1.dat,43,3371157,11,11,1,test,diff_days_indoor,5,0,0,0,0,0,0.5896009802818298
data/raw/osu_lora/Diff_Days_Indoor_Setup/Day5/Device13/IQ_1.dat,44,3449556,11,4,0,test,diff_days_indoor,5,0,0,0,0,0,0.5477002859115601
data/raw/osu_lora/Diff_Days_Indoor_Setup/Day5/Device13/IQ_1.dat,45,3527955,11,4,0,test,diff_days_indoor,5,0,0,0,0,0,0.5101627707481384
data/raw/osu_lora/Diff_Days_Indoor_Setup/Day5/Device13/IQ_1.dat,46,3606354,11,11,1,test,diff_days_indoor,5,0,0,0,0,0,0.570973813533783
data/raw/osu_lora/Diff_Days_Indoor_Setup/Day5/Device13/IQ_1.dat,47,3684753,11,11,1,test,diff_days_indoor,5,0,0,0,0,0,0.5871390104293823
data/raw/osu_lora/Diff_Days_Indoor_Setup/Day5/Device13/IQ_1.dat,48,3763152,11,11,1,test,diff_days_indoor,5,0,0,0,0,0,0.7453004121780396
data/raw/osu_lora/Diff_Days_Indoor_Setup/Day5/Device13/IQ_1.dat,49,3841551,11,11,1,test,diff_days_indoor,5,0,0,0,0,0,0.7236960530281067
data/raw/osu_lora/Diff_Days_Indoor_Setup/Day5/Device13/IQ_1.dat,50,3919950,11,11,1,test,diff_days_indoor,5,0,0,0,0,0,0.5084618330001831
data/raw/osu_lora/Diff_Days_Indoor_Setup/Day5/Device13/IQ_1.dat,51,3998349,11,11,1,test,diff_days_indoor,5,0,0,0,0,0,0.7261351346969604
data/raw/osu_lora/Diff_Days_Indoor_Setup/Day5/Device13/IQ_1.dat,52,4076748,11,11,1,test,diff_days_indoor,5,0,0,0,0,0,0.5088470578193665
data/raw/osu_lora/Diff_Days_Indoor_Setup/Day5/Device13/IQ_1.dat,53,4155147,11,4,0,test,diff_days_indoor,5,0,0,0,0,0,0.5007188320159912
data/raw/osu_lora/Diff_Days_Indoor_Setup/Day5/Device13/IQ_1.dat,54,4233546,11,11,1,test,diff_days_indoor,5,0,0,0,0,0,0.6696717143058777
data/raw/osu_lora/Diff_Days_Indoor_Setup/Day5/Device13/IQ_1.dat,55,4311945,11,11,1,test,diff_days_indoor,5,0,0,0,0,0,0.5574089884757996
data/raw/osu_lora/Diff_Days_Indoor_Setup/Day5/Device13/IQ_1.dat,56,4390344,11,4,0,test,diff_days_indoor,5,0,0,0,0,0,0.5081835985183716
data/raw/osu_lora/Diff_Days_Indoor_Setup/Day5/Device13/IQ_1.dat,57,4468743,11,11,1,test,diff_days_indoor,5,0,0,0,0,0,0.5056281685829163
data/raw/osu_lora/Diff_Days_Indoor_Setup/Day5/Device13/IQ_1.dat,58,4547142,11,11,1,test,diff_days_indoor,5,0,0,0,0,0,0.5369664430618286
data/raw/osu_lora/Diff_Days_Indoor_Setup/Day5/Device13/IQ_1.dat,59,4625541,11,11,1,test,diff_days_indoor,5,0,0,0,0,0,0.6779910922050476
data/raw/osu_lora/Diff_Days_Indoor_Setup/Day5/Device13/IQ_1.dat,60,4703940,11,4,0,test,diff_days_indoor,5,0,0,0,0,0,0.5325276851654053
data/raw/osu_lora/Diff_Days_Indoor_Setup/Day5/Device13/IQ_1.dat,61,4782339,11,11,1,test,diff_days_indoor,5,0,0,0,0,0,0.74659663438797
data/raw/osu_lora/Diff_Days_Indoor_Setup/Day5/Device13/IQ_1.dat,62,4860738,11,11,1,test,diff_days_indoor,5,0,0,0,0,0,0.6836326122283936
data/raw/osu_lora/Diff_Days_Indoor_Setup/Day5/Device13/IQ_1.dat,63,4939137,11,11,1,test,diff_days_indoor,5,0,0,0,0,0,0.5301671624183655
data/raw/osu_lora/Diff_Days_Indoor_Setup/Day5/Device13/IQ_1.dat,64,5017536,11,4,0,test,diff_days_indoor,5,0,0,0,0,0,0.5986934900283813
data/raw/osu_lora/Diff_Days_Indoor_Setup/Day5/Device13/IQ_1.dat,65,5095935,11,11,1,test,diff_days_indoor,5,0,0,0,0,0,0.689197838306427
data/raw/osu_lora/Diff_Days_Indoor_Setup/Day5/Device13/IQ_1.dat,66,5174334,11,11,1,test,diff_days_indoor,5,0,0,0,0,0,0.5695270895957947
data/raw/osu_lora/Diff_Days_Indoor_Setup/Day5/Device13/IQ_1.dat,67,5252733,11,11,1,test,diff_days_indoor,5,0,0,0,0,0,0.5315527319908142
data/raw/osu_lora/Diff_Days_Indoor_Setup/Day5/Device13/IQ_1.dat,68,5331132,11,11,1,test,diff_days_indoor,5,0,0,0,0,0,0.600671648979187
data/raw/osu_lora/Diff_Days_Indoor_Setup/Day5/Device13/IQ_1.dat,69,5409531,11,11,1,test,diff_days_indoor,5,0,0,0,0,0,0.6512324810028076
data/raw/osu_lora/Diff_Days_Indoor_Setup/Day5/Device13/IQ_1.dat,70,5487930,11,11,1,test,diff_days_indoor,5,0,0,0,0,0,0.5617107152938843
data/raw/osu_lora/Diff_Days_Indoor_Setup/Day5/Device13/IQ_1.dat,71,5566329,11,11,1,test,diff_days_indoor,5,0,0,0,0,0,0.5968078374862671
data/raw/osu_lora/Diff_Days_Indoor_Setup/Day5/Device13/IQ_1.dat,72,5644728,11,4,0,test,diff_days_indoor,5,0,0,0,0,0,0.5108033418655396
data/raw/osu_lora/Diff_Days_Indoor_Setup/Day5/Device13/IQ_1.dat,73,5723127,11,11,1,test,diff_days_indoor,5,0,0,0,0,0,0.560658872127533
data/raw/osu_lora/Diff_Days_Indoor_Setup/Day5/Device13/IQ_1.dat,74,5801526,11,11,1,test,diff_days_indoor,5,0,0,0,0,0,0.5061468482017517
data/raw/osu_lora/Diff_Days_Indoor_Setup/Day5/Device13/IQ_1.dat,75,5879925,11,4,0,test,diff_days_indoor,5,0,0,0,0,0,0.5104944109916687
data/raw/osu_lora/Diff_Days_Indoor_Setup/Day5/Device13/IQ_1.dat,76,5958324,11,11,1,test,diff_days_indoor,5,0,0,0,0,0,0.5564867258071899
data/raw/osu_lora/Diff_Days_Indoor_Setup/Day5/Device13/IQ_1.dat,77,6036723,11,11,1,test,diff_days_indoor,5,0,0,0,0,0,0.5491725206375122
data/raw/osu_lora/Diff_Days_Indoor_Setup/Day5/Device13/IQ_1.dat,78,6115122,11,4,0,test,diff_days_indoor,5,0,0,0,0,0,0.615356981754303
data/raw/osu_lora/Diff_Days_Indoor_Setup/Day5/Device13/IQ_1.dat,79,6193521,11,11,1,test,diff_days_indoor,5,0,0,0,0,0,0.6665601134300232
data/raw/osu_lora/Diff_Days_Indoor_Setup/Day5/Device13/IQ_1.dat,80,6271920,11,4,0,test,diff_days_indoor,5,0,0,0,0,0,0.5197421312332153
data/raw/osu_lora/Diff_Days_Indoor_Setup/Day5/Device13/IQ_1.dat,81,6350319,11,11,1,test,diff_days_indoor,5,0,0,0,0,0,0.5454986691474915
data/raw/osu_lora/Diff_Days_Indoor_Setup/Day5/Device13/IQ_1.dat,82,6428718,11,4,0,test,diff_days_indoor,5,0,0,0,0,0,0.5050674080848694
data/raw/osu_lora/Diff_Days_Indoor_Setup/Day5/Device13/IQ_1.dat,83,6507117,11,11,1,test,diff_days_indoor,5,0,0,0,0,0,0.5921663045883179
data/raw/osu_lora/Diff_Days_Indoor_Setup/Day5/Device13/IQ_1.dat,84,6585516,11,11,1,test,diff_days_indoor,5,0,0,0,0,0,0.598536491394043
data/raw/osu_lora/Diff_Days_Indoor_Setup/Day5/Device13/IQ_1.dat,85,6663915,11,11,1,test,diff_days_indoor,5,0,0,0,0,0,0.6366980075836182
data/raw/osu_lora/Diff_Days_Indoor_Setup/Day5/Device13/IQ_1.dat,86,6742314,11,4,0,test,diff_days_indoor,5,0,0,0,0,0,0.5217090845108032
data/raw/osu_lora/Diff_Days_Indoor_Setup/Day5/Device13/IQ_1.dat,87,6820713,11,11,1,test,diff_days_indoor,5,0,0,0,0,0,0.5879283547401428
data/raw/osu_lora/Diff_Days_Indoor_Setup/Day5/Device13/IQ_1.dat,88,6899112,11,11,1,test,diff_days_indoor,5,0,0,0,0,0,0.5298502445220947
data/raw/osu_lora/Diff_Days_Indoor_Setup/Day5/Device13/IQ_1.dat,89,6977511,11,11,1,test,diff_days_indoor,5,0,0,0,0,0,0.5077105164527893
data/raw/osu_lora/Diff_Days_Indoor_Setup/Day5/Device13/IQ_1.dat,90,7055910,11,11,1,test,diff_days_indoor,5,0,0,0,0,0,0.6442645788192749
data/raw/osu_lora/Diff_Days_Indoor_Setup/Day5/Device13/IQ_1.dat,91,7134309,11,11,1,test,diff_days_indoor,5,0,0,0,0,0,0.5088108777999878
data/raw/osu_lora/Diff_Days_Indoor_Setup/Day5/Device13/IQ_1.dat,92,7212708,11,4,0,test,diff_days_indoor,5,0,0,0,0,0,0.5235135555267334
data/raw/osu_lora/Diff_Days_Indoor_Setup/Day5/Device13/IQ_1.dat,93,7291107,11,11,1,test,diff_days_indoor,5,0,0,0,0,0,0.5041177272796631
data/raw/osu_lora/Diff_Days_Indoor_Setup/Day5/Device13/IQ_1.dat,94,7369506,11,11,1,test,diff_days_indoor,5,0,0,0,0,0,0.7158378958702087
data/raw/osu_lora/Diff_Days_Indoor_Setup/Day5/Device13/IQ_1.dat,95,7447905,11,11,1,test,diff_days_indoor,5,0,0,0,0,0,0.6062366366386414
data/raw/osu_lora/Diff_Days_Indoor_Setup/Day5/Device13/IQ_1.dat,96,7526304,11,11,1,test,diff_days_indoor,5,0,0,0,0,0,0.6687016487121582
data/raw/osu_lora/Diff_Days_Indoor_Setup/Day5/Device13/IQ_1.dat,97,7604703,11,11,1,test,diff_days_indoor,5,0,0,0,0,0,0.6229367256164551
data/raw/osu_lora/Diff_Days_Indoor_Setup/Day5/Device13/IQ_1.dat,98,7683102,11,11,1,test,diff_days_indoor,5,0,0,0,0,0,0.6144827604293823
data/raw/osu_lora/Diff_Days_Indoor_Setup/Day5/Device13/IQ_1.dat,99,7761501,11,11,1,test,diff_days_indoor,5,0,0,0,0,0,0.6859391331672668
data/raw/osu_lora/Diff_Days_Indoor_Setup/Day5/Device13/IQ_1.dat,100,7839900,11,4,0,test,diff_days_indoor,5,0,0,0,0,0,0.5851215720176697
data/raw/osu_lora/Diff_Days_Indoor_Setup/Day5/Device13/IQ_1.dat,101,7918299,11,16,0,test,diff_days_indoor,5,0,0,0,0,0,0.09092818200588226
data/raw/osu_lora/Diff_Days_Indoor_Setup/Day5/Device13/IQ_1.dat,102,7996698,11,11,1,test,diff_days_indoor,5,0,0,0,0,0,0.5071709752082825
data/raw/osu_lora/Diff_Days_Indoor_Setup/Day5/Device13/IQ_1.dat,103,8075097,11,11,1,test,diff_days_indoor,5,0,0,0,0,0,0.5190544128417969
data/raw/osu_lora/Diff_Days_Indoor_Setup/Day5/Device13/IQ_1.dat,104,8153496,11,11,1,test,diff_days_indoor,5,0,0,0,0,0,0.6593241691589355
data/raw/osu_lora/Diff_Days_Indoor_Setup/Day5/Device13/IQ_1.dat,105,8231895,11,11,1,test,diff_days_indoor,5,0,0,0,0,0,0.587256669998169
data/raw/osu_lora/Diff_Days_Indoor_Setup/Day5/Device13/IQ_1.dat,106,8310294,11,4,0,test,diff_days_indoor,5,0,0,0,0,0,0.559037983417511
data/raw/osu_lora/Diff_Days_Indoor_Setup/Day5/Device13/IQ_1.dat,107,8388693,11,11,1,test,diff_days_indoor,5,0,0,0,0,0,0.5905373692512512
data/raw/osu_lora/Diff_Days_Indoor_Setup/Day5/Device13/IQ_1.dat,108,8467092,11,11,1,test,diff_days_indoor,5,0,0,0,0,0,0.740650475025177
data/raw/osu_lora/Diff_Days_Indoor_Setup/Day5/Device13/IQ_1.dat,109,8545491,11,4,0,test,diff_days_indoor,5,0,0,0,0,0,0.5315455794334412
data/raw/osu_lora/Diff_Days_Indoor_Setup/Day5/Device13/IQ_1.dat,110,8623890,11,11,1,test,diff_days_indoor,5,0,0,0,0,0,0.6844631433486938
data/raw/osu_lora/Diff_Days_Indoor_Setup/Day5/Device13/IQ_1.dat,111,8702289,11,4,0,test,diff_days_indoor,5,0,0,0,0,0,0.5073484182357788
data/raw/osu_lora/Diff_Days_Indoor_Setup/Day5/Device13/IQ_1.dat,112,8780688,11,11,1,test,diff_days_indoor,5,0,0,0,0,0,0.7019866704940796
data/raw/osu_lora/Diff_Days_Indoor_Setup/Day5/Device13/IQ_1.dat,113,8859087,11,11,1,test,diff_days_indoor,5,0,0,0,0,0,0.6011743545532227
data/raw/osu_lora/Diff_Days_Indoor_Setup/Day5/Device13/IQ_1.dat,114,8937486,11,4,0,test,diff_days_indoor,5,0,0,0,0,0,0.6553601622581482
data/raw/osu_lora/Diff_Days_Indoor_Setup/Day5/Device13/IQ_1.dat,115,9015885,11,11,1,test,diff_days_indoor,5,0,0,0,0,0,0.5909865498542786
data/raw/osu_lora/Diff_Days_Indoor_Setup/Day5/Device13/IQ_1.dat,116,9094284,11,11,1,test,diff_days_indoor,5,0,0,0,0,0,0.5428360104560852
data/raw/osu_lora/Diff_Days_Indoor_Setup/Day5/Device13/IQ_1.dat,117,9172683,11,11,1,test,diff_days_indoor,5,0,0,0,0,0,0.5363503098487854
data/raw/osu_lora/Diff_Days_Indoor_Setup/Day5/Device13/IQ_1.dat,118,9251082,11,11,1,test,diff_days_indoor,5,0,0,0,0,0,0.5166007876396179
data/raw/osu_lora/Diff_Days_Indoor_Setup/Day5/Device13/IQ_1.dat,119,9329481,11,4,0,test,diff_days_indoor,5,0,0,0,0,0,0.5636763572692871
data/raw/osu_lora/Diff_Days_Indoor_Setup/Day5/Device13/IQ_1.dat,120,9407880,11,11,1,test,diff_days_indoor,5,0,0,0,0,0,0.5659345388412476
data/raw/osu_lora/Diff_Days_Indoor_Setup/Day5/Device13/IQ_1.dat,121,9486279,11,11,1,test,diff_days_indoor,5,0,0,0,0,0,0.5788990259170532
data/raw/osu_lora/Diff_Days_Indoor_Setup/Day5/Device13/IQ_1.dat,122,9564678,11,4,0,test,diff_days_indoor,5,0,0,0,0,0,0.5055899620056152
data/raw/osu_lora/Diff_Days_Indoor_Setup/Day5/Device13/IQ_1.dat,123,9643077,11,11,1,test,diff_days_indoor,5,0,0,0,0,0,0.5296388268470764
data/raw/osu_lora/Diff_Days_Indoor_Setup/Day5/Device13/IQ_1.dat,124,9721476,11,11,1,test,diff_days_indoor,5,0,0,0,0,0,0.640269935131073
data/raw/osu_lora/Diff_Days_Indoor_Setup/Day5/Device13/IQ_1.dat,125,9799875,11,4,0,test,diff_days_indoor,5,0,0,0,0,0,0.5630251169204712
data/raw/osu_lora/Diff_Days_Indoor_Setup/Day5/Device13/IQ_1.dat,126,9878274,11,11,1,test,diff_days_indoor,5,0,0,0,0,0,0.57047039270401
data/raw/osu_lora/Diff_Days_Indoor_Setup/Day5/Device13/IQ_1.dat,127,9956673,11,4,0,test,diff_days_indoor,5,0,0,0,0,0,0.5644979476928711
data/raw/osu_lora/Diff_Days_Indoor_Setup/Day5/Device13/IQ_1.dat,128,10035072,11,4,0,test,diff_days_indoor,5,0,0,0,0,0,0.5336253046989441
data/raw/osu_lora/Diff_Days_Indoor_Setup/Day5/Device13/IQ_1.dat,129,10113471,11,11,1,test,diff_days_indoor,5,0,0,0,0,0,0.5184562802314758
data/raw/osu_lora/Diff_Days_Indoor_Setup/Day5/Device13/IQ_1.dat,130,10191870,11,11,1,test,diff_days_indoor,5,0,0,0,0,0,0.6349575519561768
data/raw/osu_lora/Diff_Days_Indoor_Setup/Day5/Device13/IQ_1.dat,131,10270269,11,4,0,test,diff_days_indoor,5,0,0,0,0,0,0.5279610753059387
data/raw/osu_lora/Diff_Days_Indoor_Setup/Day5/Device13/IQ_1.dat,132,10348668,11,11,1,test,diff_days_indoor,5,0,0,0,0,0,0.7108127474784851
data/raw/osu_lora/Diff_Days_Indoor_Setup/Day5/Device13/IQ_1.dat,133,10427067,11,11,1,test,diff_days_indoor,5,0,0,0,0,0,0.5548167824745178
data/raw/osu_lora/Diff_Days_Indoor_Setup/Day5/Device13/IQ_1.dat,134,10505466,11,11,1,test,diff_days_indoor,5,0,0,0,0,0,0.51798015832901
data/raw/osu_lora/Diff_Days_Indoor_Setup/Day5/Device13/IQ_1.dat,135,10583865,11,11,1,test,diff_days_indoor,5,0,0,0,0,0,0.7468258142471313
data/raw/osu_lora/Diff_Days_Indoor_Setup/Day5/Device13/IQ_1.dat,136,10662264,11,4,0,test,diff_days_indoor,5,0,0,0,0,0,0.6158317923545837
data/raw/osu_lora/Diff_Days_Indoor_Setup/Day5/Device13/IQ_1.dat,137,10740663,11,11,1,test,diff_days_indoor,5,0,0,0,0,0,0.6029691696166992
data/raw/osu_lora/Diff_Days_Indoor_Setup/Day5/Device13/IQ_1.dat,138,10819062,11,11,1,test,diff_days_indoor,5,0,0,0,0,0,0.5887544751167297
data/raw/osu_lora/Diff_Days_Indoor_Setup/Day5/Device13/IQ_1.dat,139,10897461,11,4,0,test,diff_days_indoor,5,0,0,0,0,0,0.5552505850791931
data/raw/osu_lora/Diff_Days_Indoor_Setup/Day5/Device13/IQ_1.dat,140,10975860,11,11,1,test,diff_days_indoor,5,0,0,0,0,0,0.5594925880432129
data/raw/osu_lora/Diff_Days_Indoor_Setup/Day5/Device13/IQ_1.dat,141,11054259,11,11,1,test,diff_days_indoor,5,0,0,0,0,0,0.6270268559455872
data/raw/osu_lora/Diff_Days_Indoor_Setup/Day5/Device13/IQ_1.dat,142,11132658,11,11,1,test,diff_days_indoor,5,0,0,0,0,0,0.534834086894989
data/raw/osu_lora/Diff_Days_Indoor_Setup/Day5/Device13/IQ_1.dat,143,11211057,11,4,0,test,diff_days_indoor,5,0,0,0,0,0,0.5199897885322571
data/raw/osu_lora/Diff_Days_Indoor_Setup/Day5/Device13/IQ_1.dat,144,11289456,11,4,0,test,diff_days_indoor,5,0,0,0,0,0,0.5004308223724365
data/raw/osu_lora/Diff_Days_Indoor_Setup/Day5/Device13/IQ_1.dat,145,11367855,11,11,1,test,diff_days_indoor,5,0,0,0,0,0,0.6231197118759155
data/raw/osu_lora/Diff_Days_Indoor_Setup/Day5/Device13/IQ_1.dat,146,11446254,11,11,1,test,diff_days_indoor,5,0,0,0,0,0,0.5037229657173157
data/raw/osu_lora/Diff_Days_Indoor_Setup/Day5/Device13/IQ_1.dat,147,11524653,11,11,1,test,diff_days_indoor,5,0,0,0,0,0,0.554132878780365
data/raw/osu_lora/Diff_Days_Indoor_Setup/Day5/Device13/IQ_1.dat,148,11603052,11,11,1,test,diff_days_indoor,5,0,0,0,0,0,0.7146952748298645
data/raw/osu_lora/Diff_Days_Indoor_Setup/Day5/Device13/IQ_1.dat,149,11681451,11,4,0,test,diff_days_indoor,5,0,0,0,0,0,0.5636031627655029
data/raw/osu_lora/Diff_Days_Indoor_Setup/Day5/Device13/IQ_1.dat,150,11759850,11,4,0,test,diff_days_indoor,5,0,0,0,0,0,0.5800491571426392
data/raw/osu_lora/Diff_Days_Indoor_Setup/Day5/Device13/IQ_1.dat,151,11838249,11,11,1,test,diff_days_indoor,5,0,0,0,0,0,0.5198618769645691
data/raw/osu_lora/Diff_Days_Indoor_Setup/Day5/Device13/IQ_1.dat,152,11916648,11,11,1,test,diff_days_indoor,5,0,0,0,0,0,0.5807603597640991
data/raw/osu_lora/Diff_Days_Indoor_Setup/Day5/Device13/IQ_1.dat,153,11995047,11,4,0,test,diff_days_indoor,5,0,0,0,0,0,0.5810337662696838
data/raw/osu_lora/Diff_Days_Indoor_Setup/Day5/Device13/IQ_1.dat,154,12073446,11,11,1,test,diff_days_indoor,5,0,0,0,0,0,0.6679320335388184
data/raw/osu_lora/Diff_Days_Indoor_Setup/Day5/Device13/IQ_1.dat,155,12151845,11,11,1,test,diff_days_indoor,5,0,0,0,0,0,0.5387056469917297
data/raw/osu_lora/Diff_Days_Indoor_Setup/Day5/Device13/IQ_1.dat,156,12230244,11,11,1,test,diff_days_indoor,5,0,0,0,0,0,0.6114038825035095
data/raw/osu_lora/Diff_Days_Indoor_Setup/Day5/Device13/IQ_1.dat,157,12308643,11,11,1,test,diff_days_indoor,5,0,0,0,0,0,0.744842529296875
data/raw/osu_lora/Diff_Days_Indoor_Setup/Day5/Device13/IQ_1.dat,158,12387042,11,11,1,test,diff_days_indoor,5,0,0,0,0,0,0.5613805651664734
data/raw/osu_lora/Diff_Days_Indoor_Setup/Day5/Device13/IQ_1.dat,159,12465441,11,11,1,test,diff_days_indoor,5,0,0,0,0,0,0.5828421115875244
data/raw/osu_lora/Diff_Days_Indoor_Setup/Day5/Device13/IQ_1.dat,160,12543840,11,11,1,test,diff_days_indoor,5,0,0,0,0,0,0.662885308265686
data/raw/osu_lora/Diff_Days_Indoor_Setup/Day5/Device13/IQ_1.dat,161,12622239,11,4,0,test,diff_days_indoor,5,0,0,0,0,0,0.5330859422683716
data/raw/osu_lora/Diff_Days_Indoor_Setup/Day5/Device13/IQ_1.dat,162,12700638,11,11,1,test,diff_days_indoor,5,0,0,0,0,0,0.6221587657928467
data/raw/osu_lora/Diff_Days_Indoor_Setup/Day5/Device13/IQ_1.dat,163,12779037,11,11,1,test,diff_days_indoor,5,0,0,0,0,0,0.6313598155975342
data/raw/osu_lora/Diff_Days_Indoor_Setup/Day5/Device13/IQ_1.dat,164,12857436,11,4,0,test,diff_days_indoor,5,0,0,0,0,0,0.5861527323722839
data/raw/osu_lora/Diff_Days_Indoor_Setup/Day5/Device13/IQ_1.dat,165,12935835,11,11,1,test,diff_days_indoor,5,0,0,0,0,0,0.5030782222747803
data/raw/osu_lora/Diff_Days_Indoor_Setup/Day5/Device13/IQ_1.dat,166,13014234,11,4,0,test,diff_days_indoor,5,0,0,0,0,0,0.5434274077415466
data/raw/osu_lora/Diff_Days_Indoor_Setup/Day5/Device13/IQ_1.dat,167,13092633,11,11,1,test,diff_days_indoor,5,0,0,0,0,0,0.5774480700492859
data/raw/osu_lora/Diff_Days_Indoor_Setup/Day5/Device13/IQ_1.dat,168,13171032,11,11,1,test,diff_days_indoor,5,0,0,0,0,0,0.658017635345459
data/raw/osu_lora/Diff_Days_Indoor_Setup/Day5/Device13/IQ_1.dat,169,13249431,11,11,1,test,diff_days_indoor,5,0,0,0,0,0,0.7103891372680664
data/raw/osu_lora/Diff_Days_Indoor_Setup/Day5/Device13/IQ_1.dat,170,13327830,11,4,0,test,diff_days_indoor,5,0,0,0,0,0,0.5696936845779419
data/raw/osu_lora/Diff_Days_Indoor_Setup/Day5/Device13/IQ_1.dat,171,13406229,11,11,1,test,diff_days_indoor,5,0,0,0,0,0,0.6713222861289978
data/raw/osu_lora/Diff_Days_Indoor_Setup/Day5/Device13/IQ_1.dat,172,13484628,11,11,1,test,diff_days_indoor,5,0,0,0,0,0,0.613864004611969
data/raw/osu_lora/Diff_Days_Indoor_Setup/Day5/Device13/IQ_1.dat,173,13563027,11,4,0,test,diff_days_indoor,5,0,0,0,0,0,0.5011728405952454
data/raw/osu_lora/Diff_Days_Indoor_Setup/Day5/Device13/IQ_1.dat,174,13641426,11,11,1,test,diff_days_indoor,5,0,0,0,0,0,0.7218050956726074
data/raw/osu_lora/Diff_Days_Indoor_Setup/Day5/Device13/IQ_1.dat,175,13719825,11,4,0,test,diff_days_indoor,5,0,0,0,0,0,0.5738855004310608
data/raw/osu_lora/Diff_Days_Indoor_Setup/Day5/Device13/IQ_1.dat,176,13798224,11,11,1,test,diff_days_indoor,5,0,0,0,0,0,0.5889565944671631
data/raw/osu_lora/Diff_Days_Indoor_Setup/Day5/Device13/IQ_1.dat,177,13876623,11,11,1,test,diff_days_indoor,5,0,0,0,0,0,0.7342897057533264
data/raw/osu_lora/Diff_Days_Indoor_Setup/Day5/Device13/IQ_1.dat,178,13955022,11,11,1,test,diff_days_indoor,5,0,0,0,0,0,0.5235400795936584
data/raw/osu_lora/Diff_Days_Indoor_Setup/Day5/Device13/IQ_1.dat,179,14033421,11,11,1,test,diff_days_indoor,5,0,0,0,0,0,0.6017468571662903
data/raw/osu_lora/Diff_Days_Indoor_Setup/Day5/Device13/IQ_1.dat,180,14111820,11,11,1,test,diff_days_indoor,5,0,0,0,0,0,0.6415901184082031
data/raw/osu_lora/Diff_Days_Indoor_Setup/Day5/Device13/IQ_1.dat,181,14190219,11,11,1,test,diff_days_indoor,5,0,0,0,0,0,0.6012541055679321
data/raw/osu_lora/Diff_Days_Indoor_Setup/Day5/Device13/IQ_1.dat,182,14268618,11,11,1,test,diff_days_indoor,5,0,0,0,0,0,0.5939823985099792
data/raw/osu_lora/Diff_Days_Indoor_Setup/Day5/Device13/IQ_1.dat,183,14347017,11,11,1,test,diff_days_indoor,5,0,0,0,0,0,0.5496143102645874
data/raw/osu_lora/Diff_Days_Indoor_Setup/Day5/Device13/IQ_1.dat,184,14425416,11,4,0,test,diff_days_indoor,5,0,0,0,0,0,0.5415186882019043
data/raw/osu_lora/Diff_Days_Indoor_Setup/Day5/Device13/IQ_1.dat,185,14503815,11,11,1,test,diff_days_indoor,5,0,0,0,0,0,0.5428133606910706
data/raw/osu_lora/Diff_Days_Indoor_Setup/Day5/Device13/IQ_1.dat,186,14582214,11,11,1,test,diff_days_indoor,5,0,0,0,0,0,0.5013502836227417
data/raw/osu_lora/Diff_Days_Indoor_Setup/Day5/Device13/IQ_1.dat,187,14660613,11,11,1,test,diff_days_indoor,5,0,0,0,0,0,0.6140276789665222
data/raw/osu_lora/Diff_Days_Indoor_Setup/Day5/Device13/IQ_1.dat,188,14739012,11,4,0,test,diff_days_indoor,5,0,0,0,0,0,0.5434898734092712
data/raw/osu_lora/Diff_Days_Indoor_Setup/Day5/Device13/IQ_1.dat,189,14817411,11,11,1,test,diff_days_indoor,5,0,0,0,0,0,0.5280120968818665
data/raw/osu_lora/Diff_Days_Indoor_Setup/Day5/Device13/IQ_1.dat,190,14895810,11,4,0,test,diff_days_indoor,5,0,0,0,0,0,0.5176451206207275
data/raw/osu_lora/Diff_Days_Indoor_Setup/Day5/Device13/IQ_1.dat,191,14974209,11,11,1,test,diff_days_indoor,5,0,0,0,0,0,0.6780551671981812
data/raw/osu_lora/Diff_Days_Indoor_Setup/Day5/Device13/IQ_1.dat,192,15052608,11,4,0,test,diff_days_indoor,5,0,0,0,0,0,0.585304856300354
data/raw/osu_lora/Diff_Days_Indoor_Setup/Day5/Device13/IQ_1.dat,193,15131007,11,4,0,test,diff_days_indoor,5,0,0,0,0,0,0.5433611273765564
data/raw/osu_lora/Diff_Days_Indoor_Setup/Day5/Device13/IQ_1.dat,194,15209406,11,4,0,test,diff_days_indoor,5,0,0,0,0,0,0.5162010192871094
data/raw/osu_lora/Diff_Days_Indoor_Setup/Day5/Device13/IQ_1.dat,195,15287805,11,4,0,test,diff_days_indoor,5,0,0,0,0,0,0.5471483469009399
data/raw/osu_lora/Diff_Days_Indoor_Setup/Day5/Device13/IQ_1.dat,196,15366204,11,4,0,test,diff_days_indoor,5,0,0,0,0,0,0.5396257638931274
data/raw/osu_lora/Diff_Days_Indoor_Setup/Day5/Device13/IQ_1.dat,197,15444603,11,11,1,test,diff_days_indoor,5,0,0,0,0,0,0.5201207399368286
data/raw/osu_lora/Diff_Days_Indoor_Setup/Day5/Device13/IQ_1.dat,198,15523002,11,4,0,test,diff_days_indoor,5,0,0,0,0,0,0.5687395930290222
data/raw/osu_lora/Diff_Days_Indoor_Setup/Day5/Device13/IQ_1.dat,199,15601401,11,11,1,test,diff_days_indoor,5,0,0,0,0,0,0.656787097454071
data/raw/osu_lora/Diff_Days_Indoor_Setup/Day5/Device13/IQ_1.dat,200,15679800,11,4,0,test,diff_days_indoor,5,0,0,0,0,0,0.5800045132637024
data/raw/osu_lora/Diff_Days_Indoor_Setup/Day5/Device13/IQ_1.dat,201,15758199,11,4,0,test,diff_days_indoor,5,0,0,0,0,0,0.5310744047164917
data/raw/osu_lora/Diff_Days_Indoor_Setup/Day5/Device13/IQ_1.dat,202,15836598,11,4,0,test,diff_days_indoor,5,0,0,0,0,0,0.5837039947509766
data/raw/osu_lora/Diff_Days_Indoor_Setup/Day5/Device13/IQ_1.dat,203,15914997,11,11,1,test,diff_days_indoor,5,0,0,0,0,0,0.6788700819015503
data/raw/osu_lora/Diff_Days_Indoor_Setup/Day5/Device13/IQ_1.dat,204,15993396,11,11,1,test,diff_days_indoor,5,0,0,0,0,0,0.5681368112564087
data/raw/osu_lora/Diff_Days_Indoor_Setup/Day5/Device13/IQ_1.dat,205,16071795,11,11,1,test,diff_days_indoor,5,0,0,0,0,0,0.6160291433334351
data/raw/osu_lora/Diff_Days_Indoor_Setup/Day5/Device13/IQ_1.dat,206,16150194,11,11,1,test,diff_days_indoor,5,0,0,0,0,0,0.536572277545929
data/raw/osu_lora/Diff_Days_Indoor_Setup/Day5/Device13/IQ_1.dat,207,16228593,11,11,1,test,diff_days_indoor,5,0,0,0,0,0,0.5636228919029236
data/raw/osu_lora/Diff_Days_Indoor_Setup/Day5/Device13/IQ_1.dat,208,16306992,11,11,1,test,diff_days_indoor,5,0,0,0,0,0,0.676480233669281
data/raw/osu_lora/Diff_Days_Indoor_Setup/Day5/Device13/IQ_1.dat,209,16385391,11,4,0,test,diff_days_indoor,5,0,0,0,0,0,0.5140247941017151
data/raw/osu_lora/Diff_Days_Indoor_Setup/Day5/Device13/IQ_1.dat,210,16463790,11,11,1,test,diff_days_indoor,5,0,0,0,0,0,0.6961516737937927
data/raw/osu_lora/Diff_Days_Indoor_Setup/Day5/Device13/IQ_1.dat,211,16542189,11,11,1,test,diff_days_indoor,5,0,0,0,0,0,0.5394469499588013
data/raw/osu_lora/Diff_Days_Indoor_Setup/Day5/Device13/IQ_1.dat,212,16620588,11,11,1,test,diff_days_indoor,5,0,0,0,0,0,0.5634458661079407
data/raw/osu_lora/Diff_Days_Indoor_Setup/Day5/Device13/IQ_1.dat,213,16698987,11,11,1,test,diff_days_indoor,5,0,0,0,0,0,0.5861397385597229
data/raw/osu_lora/Diff_Days_Indoor_Setup/Day5/Device13/IQ_1.dat,214,16777386,11,11,1,test,diff_days_indoor,5,0,0,0,0,0,0.5965542197227478
data/raw/osu_lora/Diff_Days_Indoor_Setup/Day5/Device13/IQ_1.dat,215,16855785,11,11,1,test,diff_days_indoor,5,0,0,0,0,0,0.5857687592506409
data/raw/osu_lora/Diff_Days_Indoor_Setup/Day5/Device13/IQ_1.dat,216,16934184,11,11,1,test,diff_days_indoor,5,0,0,0,0,0,0.7457156181335449
data/raw/osu_lora/Diff_Days_Indoor_Setup/Day5/Device13/IQ_1.dat,217,17012583,11,11,1,test,diff_days_indoor,5,0,0,0,0,0,0.6023831367492676
data/raw/osu_lora/Diff_Days_Indoor_Setup/Day5/Device13/IQ_1.dat,218,17090982,11,11,1,test,diff_days_indoor,5,0,0,0,0,0,0.6467657685279846
data/raw/osu_lora/Diff_Days_Indoor_Setup/Day5/Device13/IQ_1.dat,219,17169381,11,11,1,test,diff_days_indoor,5,0,0,0,0,0,0.5318567752838135
data/raw/osu_lora/Diff_Days_Indoor_Setup/Day5/Device13/IQ_1.dat,220,17247780,11,11,1,test,diff_days_indoor,5,0,0,0,0,0,0.5142781138420105
data/raw/osu_lora/Diff_Days_Indoor_Setup/Day5/Device13/IQ_1.dat,221,17326179,11,21,0,test,diff_days_indoor,5,0,0,0,0,0,0.2860414981842041
data/raw/osu_lora/Diff_Days_Indoor_Setup/Day5/Device13/IQ_1.dat,222,17404578,11,11,1,test,diff_days_indoor,5,0,0,0,0,0,0.5726270079612732
data/raw/osu_lora/Diff_Days_Indoor_Setup/Day5/Device13/IQ_1.dat,223,17482977,11,11,1,test,diff_days_indoor,5,0,0,0,0,0,0.5253245830535889
data/raw/osu_lora/Diff_Days_Indoor_Setup/Day5/Device13/IQ_1.dat,224,17561376,11,11,1,test,diff_days_indoor,5,0,0,0,0,0,0.6336902976036072
data/raw/osu_lora/Diff_Days_Indoor_Setup/Day5/Device13/IQ_1.dat,225,17639775,11,11,1,test,diff_days_indoor,5,0,0,0,0,0,0.5035703182220459
data/raw/osu_lora/Diff_Days_Indoor_Setup/Day5/Device13/IQ_1.dat,226,17718174,11,4,0,test,diff_days_indoor,5,0,0,0,0,0,0.5809669494628906
data/raw/osu_lora/Diff_Days_Indoor_Setup/Day5/Device13/IQ_1.dat,227,17796573,11,11,1,test,diff_days_indoor,5,0,0,0,0,0,0.5624257326126099
data/raw/osu_lora/Diff_Days_Indoor_Setup/Day5/Device13/IQ_1.dat,228,17874972,11,11,1,test,diff_days_indoor,5,0,0,0,0,0,0.667874813079834
data/raw/osu_lora/Diff_Days_Indoor_Setup/Day5/Device13/IQ_1.dat,229,17953371,11,11,1,test,diff_days_indoor,5,0,0,0,0,0,0.5083398222923279
data/raw/osu_lora/Diff_Days_Indoor_Setup/Day5/Device13/IQ_1.dat,230,18031770,11,11,1,test,diff_days_indoor,5,0,0,0,0,0,0.7105696797370911
data/raw/osu_lora/Diff_Days_Indoor_Setup/Day5/Device13/IQ_1.dat,231,18110169,11,4,0,test,diff_days_indoor,5,0,0,0,0,0,0.5147109031677246
data/raw/osu_lora/Diff_Days_Indoor_Setup/Day5/Device13/IQ_1.dat,232,18188568,11,11,1,test,diff_days_indoor,5,0,0,0,0,0,0.7131308317184448
data/raw/osu_lora/Diff_Days_Indoor_Setup/Day5/Device13/IQ_1.dat,233,18266967,11,11,1,test,diff_days_indoor,5,0,0,0,0,0,0.5742838382720947
data/raw/osu_lora/Diff_Days_Indoor_Setup/Day5/Device13/IQ_1.dat,234,18345366,11,11,1,test,diff_days_indoor,5,0,0,0,0,0,0.5180675983428955
data/raw/osu_lora/Diff_Days_Indoor_Setup/Day5/Device13/IQ_1.dat,235,18423765,11,11,1,test,diff_days_indoor,5,0,0,0,0,0,0.5499247908592224
data/raw/osu_lora/Diff_Days_Indoor_Setup/Day5/Device13/IQ_1.dat,236,18502164,11,11,1,test,diff_days_indoor,5,0,0,0,0,0,0.5676873922348022
data/raw/osu_lora/Diff_Days_Indoor_Setup/Day5/Device13/IQ_1.dat,237,18580563,11,4,0,test,diff_days_indoor,5,0,0,0,0,0,0.5723418593406677
data/raw/osu_lora/Diff_Days_Indoor_Setup/Day5/Device13/IQ_1.dat,238,18658962,11,11,1,test,diff_days_indoor,5,0,0,0,0,0,0.5042683482170105
data/raw/osu_lora/Diff_Days_Indoor_Setup/Day5/Device13/IQ_1.dat,239,18737361,11,4,0,test,diff_days_indoor,5,0,0,0,0,0,0.5151910185813904
data/raw/osu_lora/Diff_Days_Indoor_Setup/Day5/Device13/IQ_1.dat,240,18815760,11,4,0,test,diff_days_indoor,5,0,0,0,0,0,0.5211208462715149
data/raw/osu_lora/Diff_Days_Indoor_Setup/Day5/Device13/IQ_1.dat,241,18894159,11,11,1,test,diff_days_indoor,5,0,0,0,0,0,0.6568624377250671
data/raw/osu_lora/Diff_Days_Indoor_Setup/Day5/Device13/IQ_1.dat,242,18972558,11,11,1,test,diff_days_indoor,5,0,0,0,0,0,0.6409145593643188
data/raw/osu_lora/Diff_Days_Indoor_Setup/Day5/Device13/IQ_1.dat,243,19050957,11,11,1,test,diff_days_indoor,5,0,0,0,0,0,0.6217648386955261
data/raw/osu_lora/Diff_Days_Indoor_Setup/Day5/Device13/IQ_1.dat,244,19129356,11,11,1,test,diff_days_indoor,5,0,0,0,0,0,0.6919492483139038
data/raw/osu_lora/Diff_Days_Indoor_Setup/Day5/Device13/IQ_1.dat,245,19207755,11,11,1,test,diff_days_indoor,5,0,0,0,0,0,0.5201990008354187
data/raw/osu_lora/Diff_Days_Indoor_Setup/Day5/Device13/IQ_1.dat,246,19286154,11,11,1,test,diff_days_indoor,5,0,0,0,0,0,0.6216809749603271
data/raw/osu_lora/Diff_Days_Indoor_Setup/Day5/Device13/IQ_1.dat,247,19364553,11,11,1,test,diff_days_indoor,5,0,0,0,0,0,0.5806703567504883
data/raw/osu_lora/Diff_Days_Indoor_Setup/Day5/Device13/IQ_1.dat,248,19442952,11,11,1,test,diff_days_indoor,5,0,0,0,0,0,0.5418269634246826
data/raw/osu_lora/Diff_Days_Indoor_Setup/Day5/Device13/IQ_1.dat,249,19521351,11,11,1,test,diff_days_indoor,5,0,0,0,0,0,0.5443939566612244
data/raw/osu_lora/Diff_Days_Indoor_Setup/Day5/Device13/IQ_1.dat,250,19599750,11,11,1,test,diff_days_indoor,5,0,0,0,0,0,0.5512636303901672
data/raw/osu_lora/Diff_Days_Indoor_Setup/Day5/Device13/IQ_1.dat,251,19678149,11,4,0,test,diff_days_indoor,5,0,0,0,0,0,0.5524472594261169
data/raw/osu_lora/Diff_Days_Indoor_Setup/Day5/Device13/IQ_1.dat,252,19756548,11,11,1,test,diff_days_indoor,5,0,0,0,0,0,0.6547015309333801
data/raw/osu_lora/Diff_Days_Indoor_Setup/Day5/Device13/IQ_1.dat,253,19834947,11,4,0,test,diff_days_indoor,5,0,0,0,0,0,0.5532903075218201
data/raw/osu_lora/Diff_Days_Indoor_Setup/Day5/Device13/IQ_1.dat,254,19913346,11,11,1,test,diff_days_indoor,5,0,0,0,0,0,0.5037286281585693
data/raw/osu_lora/Diff_Days_Indoor_Setup/Day5/Device13/IQ_1.dat,255,19991745,11,11,1,test,diff_days_indoor,5,0,0,0,0,0,0.614540696144104
data/raw/osu_lora/Diff_Days_Indoor_Setup/Day5/Device14/IQ_1.dat,0,0,12,7,0,test,diff_days_indoor,5,0,0,0,0,0,0.15028411149978638
data/raw/osu_lora/Diff_Days_Indoor_Setup/Day5/Device14/IQ_1.dat,1,78399,12,16,0,test,diff_days_indoor,5,0,0,0,0,0,0.14836452901363373
data/raw/osu_lora/Diff_Days_Indoor_Setup/Day5/Device14/IQ_1.dat,2,156798,12,7,0,test,diff_days_indoor,5,0,0,0,0,0,0.17350934445858002
data/raw/osu_lora/Diff_Days_Indoor_Setup/Day5/Device14/IQ_1.dat,3,235197,12,16,0,test,diff_days_indoor,5,0,0,0,0,0,0.15600994229316711
data/raw/osu_lora/Diff_Days_Indoor_Setup/Day5/Device14/IQ_1.dat,4,313596,12,7,0,test,diff_days_indoor,5,0,0,0,0,0,0.17367996275424957
data/raw/osu_lora/Diff_Days_Indoor_Setup/Day5/Device14/IQ_1.dat,5,391995,12,7,0,test,diff_days_indoor,5,0,0,0,0,0,0.14658191800117493
data/raw/osu_lora/Diff_Days_Indoor_Setup/Day5/Device14/IQ_1.dat,6,470394,12,13,0,test,diff_days_indoor,5,0,0,0,0,0,0.16405552625656128
data/raw/osu_lora/Diff_Days_Indoor_Setup/Day5/Device14/IQ_1.dat,7,548793,12,13,0,test,diff_days_indoor,5,0,0,0,0,0,0.16662675142288208
data/raw/osu_lora/Diff_Days_Indoor_Setup/Day5/Device14/IQ_1.dat,8,627192,12,9,0,test,diff_days_indoor,5,0,0,0,0,0,0.20827241241931915
data/raw/osu_lora/Diff_Days_Indoor_Setup/Day5/Device14/IQ_1.dat,9,705591,12,16,0,test,diff_days_indoor,5,0,0,0,0,0,0.15661200881004333
data/raw/osu_lora/Diff_Days_Indoor_Setup/Day5/Device14/IQ_1.dat,10,783990,12,16,0,test,diff_days_indoor,5,0,0,0,0,0,0.15581202507019043
data/raw/osu_lora/Diff_Days_Indoor_Setup/Day5/Device14/IQ_1.dat,11,862389,12,16,0,test,diff_days_indoor,5,0,0,0,0,0,0.1565508395433426
data/raw/osu_lora/Diff_Days_Indoor_Setup/Day5/Device14/IQ_1.dat,12,940788,12,7,0,test,diff_days_indoor,5,0,0,0,0,0,0.15648454427719116
data/raw/osu_lora/Diff_Days_Indoor_Setup/Day5/Device14/IQ_1.dat,13,1019187,12,13,0,test,diff_days_indoor,5,0,0,0,0,0,0.14115236699581146
data/raw/osu_lora/Diff_Days_Indoor_Setup/Day5/Device14/IQ_1.dat,14,1097586,12,13,0,test,diff_days_indoor,5,0,0,0,0,0,0.16516175866127014
data/raw/osu_lora/Diff_Days_Indoor_Setup/Day5/Device14/IQ_1.dat,15,1175985,12,13,0,test,diff_days_indoor,5,0,0,0,0,0,0.1687726229429245
data/raw/osu_lora/Diff_Days_Indoor_Setup/Day5/Device14/IQ_1.dat,16,1254384,12,13,0,test,diff_days_indoor,5,0,0,0,0,0,0.1634989082813263
data/raw/osu_lora/Diff_Days_Indoor_Setup/Day5/Device14/IQ_1.dat,17,1332783,12,7,0,test,diff_days_indoor,5,0,0,0,0,0,0.15869051218032837
data/raw/osu_lora/Diff_Days_Indoor_Setup/Day5/Device14/IQ_1.dat,18,1411182,12,7,0,test,diff_days_indoor,5,0,0,0,0,0,0.17302072048187256
data/raw/osu_lora/Diff_Days_Indoor_Setup/Day5/Device14/IQ_1.dat,19,1489581,12,7,0,test,diff_days_indoor,5,0,0,0,0,0,0.17286084592342377
data/raw/osu_lora/Diff_Days_Indoor_Setup/Day5/Device14/IQ_1.dat,20,1567980,12,7,0,test,diff_days_indoor,5,0,0,0,0,0,0.1497925966978073
data/raw/osu_lora/Diff_Days_Indoor_Setup/Day5/Device14/IQ_1.dat,21,1646379,12,9,0,test,diff_days_indoor,5,0,0,0,0,0,0.18912261724472046
data/raw/osu_lora/Diff_Days_Indoor_Setup/Day5/Device14/IQ_1.dat,22,1724778,12,7,0,test,diff_days_indoor,5,0,0,0,0,0,0.1507078856229782
data/raw/osu_lora/Diff_Days_Indoor_Setup/Day5/Device14/IQ_1.dat,23,1803177,12,16,0,test,diff_days_indoor,5,0,0,0,0,0,0.15485167503356934
data/raw/osu_lora/Diff_Days_Indoor_Setup/Day5/Device14/IQ_1.dat,24,1881576,12,16,0,test,diff_days_indoor,5,0,0,0,0,0,0.1469394862651825
data/raw/osu_lora/Diff_Days_Indoor_Setup/Day5/Device14/IQ_1.dat,25,1959975,12,13,0,test,diff_days_indoor,5,0,0,0,0,0,0.16673265397548676
data/raw/osu_lora/Diff_Days_Indoor_Setup/Day5/Device14/IQ_1.dat,26,2038374,12,16,0,test,diff_days_indoor,5,0,0,0,0,0,0.15050138533115387
data/raw/osu_lora/Diff_Days_Indoor_Setup/Day5/Device14/IQ_1.dat,27,2116773,12,7,0,test,diff_days_indoor,5,0,0,0,0,0,0.17340511083602905
data/raw/osu_lora/Diff_Days_Indoor_Setup/Day5/Device14/IQ_1.dat,28,2195172,12,16,0,test,diff_days_indoor,5,0,0,0,0,0,0.14846587181091309
data/raw/osu_lora/Diff_Days_Indoor_Setup/Day5/Device14/IQ_1.dat,29,2273571,12,9,0,test,diff_days_indoor,5,0,0,0,0,0,0.20449164509773254
data/raw/osu_lora/Diff_Days_Indoor_Setup/Day5/Device14/IQ_1.dat,30,2351970,12,16,0,test,diff_days_indoor,5,0,0,0,0,0,0.15435469150543213
data/raw/osu_lora/Diff_Days_Indoor_Setup/Day5/Device14/IQ_1.dat,31,2430369,12,7,0,test,diff_days_indoor,5,0,0,0,0,0,0.16434018313884735
data/raw/osu_lora/Diff_Days_Indoor_Setup/Day5/Device14/IQ_1.dat,32,2508768,12,7,0,test,diff_days_indoor,5,0,0,0,0,0,0.1508992612361908
data/raw/osu_lora/Diff_Days_Indoor_Setup/Day5/Device14/IQ_1.dat,33,2587167,12,16,0,test,diff_days_indoor,5,0,0,0,0,0,0.15636838972568512
data/raw/osu_lora/Diff_Days_Indoor_Setup/Day5/Device14/IQ_1.dat,34,2665566,12,7,0,test,diff_days_indoor,5,0,0,0,0,0,0.16846860945224762
data/raw/osu_lora/Diff_Days_Indoor_Setup/Day5/Device14/IQ_1.dat,35,2743965,12,16,0,test,diff_days_indoor,5,0,0,0,0,0,0.14620298147201538
data/raw/osu_lora/Diff_Days_Indoor_Setup/Day5/Device14/IQ_1.dat,36,2822364,12,16,0,test,diff_days_indoor,5,0,0,0,0,0,0.15542933344841003
data/raw/osu_lora/Diff_Days_Indoor_Setup/Day5/Device14/IQ_1.dat,37,2900763,12,16,0,test,diff_days_indoor,5,0,0,0,0,0,0.15633179247379303
data/raw/osu_lora/Diff_Days_Indoor_Setup/Day5/Device14/IQ_1.dat,38,2979162,12,13,0,test,diff_days_indoor,5,0,0,0,0,0,0.1574562042951584
data/raw/osu_lora/Diff_Days_Indoor_Setup/Day5/Device14/IQ_1.dat,39,3057561,12,7,0,test,diff_days_indoor,5,0,0,0,0,0,0.13704945147037506
data/raw/osu_lora/Diff_Days_Indoor_Setup/Day5/Device14/IQ_1.dat,40,3135960,12,7,0,test,diff_days_indoor,5,0,0,0,0,0,0.16425108909606934
data/raw/osu_lora/Diff_Days_Indoor_Setup/Day5/Device14/IQ_1.dat,41,3214359,12,13,0,test,diff_days_indoor,5,0,0,0,0,0,0.15738600492477417
data/raw/osu_lora/Diff_Days_Indoor_Setup/Day5/Device14/IQ_1.dat,42,3292758,12,13,0,test,diff_days_indoor,5,0,0,0,0,0,0.17302612960338593
data/raw/osu_lora/Diff_Days_Indoor_Setup/Day5/Device14/IQ_1.dat,43,3371157,12,7,0,test,diff_days_indoor,5,0,0,0,0,0,0.15594373643398285
data/raw/osu_lora/Diff_Days_Indoor_Setup/Day5/Device14/IQ_1.dat,44,3449556,12,16,0,test,diff_days_indoor,5,0,0,0,0,0,0.14863772690296173
data/raw/osu_lora/Diff_Days_Indoor_Setup/Day5/Device14/IQ_1.dat,45,3527955,12,13,0,test,diff_days_indoor,5,0,0,0,0,0,0.16662529110908508
data/raw/osu_lora/Diff_Days_Indoor_Setup/Day5/Device14/IQ_1.dat,46,3606354,12,16,0,test,diff_days_indoor,5,0,0,0,0,0,0.15324634313583374
data/raw/osu_lora/Diff_Days_Indoor_Setup/Day5/Device14/IQ_1.dat,47,3684753,12,16,0,test,diff_days_indoor,5,0,0,0,0,0,0.1516028344631195
data/raw/osu_lora/Diff_Days_Indoor_Setup/Day5/Device14/IQ_1.dat,48,3763152,12,7,0,test,diff_days_indoor,5,0,0,0,0,0,0.17606079578399658
data/raw/osu_lora/Diff_Days_Indoor_Setup/Day5/Device14/IQ_1.dat,49,3841551,12,13,0,test,diff_days_indoor,5,0,0,0,0,0,0.1606207638978958
data/raw/osu_lora/Diff_Days_Indoor_Setup/Day5/Device14/IQ_1.dat,50,3919950,12,13,0,test,diff_days_indoor,5,0,0,0,0,0,0.16522641479969025
data/raw/osu_lora/Diff_Days_Indoor_Setup/Day5/Device14/IQ_1.dat,51,3998349,12,7,0,test,diff_days_indoor,5,0,0,0,0,0,0.15027104318141937
data/raw/osu_lora/Diff_Days_Indoor_Setup/Day5/Device14/IQ_1.dat,52,4076748,12,16,0,test,diff_days_indoor,5,0,0,0,0,0,0.15418507158756256
data/raw/osu_lora/Diff_Days_Indoor_Setup/Day5/Device14/IQ_1.dat,53,4155147,12,16,0,test,diff_days_indoor,5,0,0,0,0,0,0.154313325881958
data/raw/osu_lora/Diff_Days_Indoor_Setup/Day5/Device14/IQ_1.dat,54,4233546,12,13,0,test,diff_days_indoor,5,0,0,0,0,0,0.16333863139152527
data/raw/osu_lora/Diff_Days_Indoor_Setup/Day5/Device14/IQ_1.dat,55,4311945,12,7,0,test,diff_days_indoor,5,0,0,0,0,0,0.16662433743476868
data/raw/osu_lora/Diff_Days_Indoor_Setup/Day5/Device14/IQ_1.dat,56,4390344,12,16,0,test,diff_days_indoor,5,0,0,0,0,0,0.1547945737838745
data/raw/osu_lora/Diff_Days_Indoor_Setup/Day5/Device14/IQ_1.dat,57,4468743,12,13,0,test,diff_days_indoor,5,0,0,0,0,0,0.16935060918331146
data/raw/osu_lora/Diff_Days_Indoor_Setup/Day5/Device14/IQ_1.dat,58,4547142,12,7,0,test,diff_days_indoor,5,0,0,0,0,0,0.17413760721683502
data/raw/osu_lora/Diff_Days_Indoor_Setup/Day5/Device14/IQ_1.dat,59,4625541,12,16,0,test,diff_days_indoor,5,0,0,0,0,0,0.15464678406715393
data/raw/osu_lora/Diff_Days_Indoor_Setup/Day5/Device14/IQ_1.dat,60,4703940,12,13,0,test,diff_days_indoor,5,0,0,0,0,0,0.16328412294387817
data/raw/osu_lora/Diff_Days_Indoor_Setup/Day5/Device14/IQ_1.dat,61,4782339,12,13,0,test,diff_days_indoor,5,0,0,0,0,0,0.16900748014450073
data/raw/osu_lora/Diff_Days_Indoor_Setup/Day5/Device14/IQ_1.dat,62,4860738,12,7,0,test,diff_days_indoor,5,0,0,0,0,0,0.16016437113285065
data/raw/osu_lora/Diff_Days_Indoor_Setup/Day5/Device14/IQ_1.dat,63,4939137,12,16,0,test,diff_days_indoor,5,0,0,0,0,0,0.15348690748214722
data/raw/osu_lora/Diff_Days_Indoor_Setup/Day5/Device14/IQ_1.dat,64,5017536,12,16,0,test,diff_days_indoor,5,0,0,0,0,0,0.15227694809436798
data/raw/osu_lora/Diff_Days_Indoor_Setup/Day5/Device14/IQ_1.dat,65,5095935,12,7,0,test,diff_days_indoor,5,0,0,0,0,0,0.15832734107971191
data/raw/osu_lora/Diff_Days_Indoor_Setup/Day5/Device14/IQ_1.dat,66,5174334,12,16,0,test,diff_days_indoor,5,0,0,0,0,0,0.15436196327209473
data/raw/osu_lora/Diff_Days_Indoor_Setup/Day5/Device14/IQ_1.dat,67,5252733,12,13,0,test,diff_days_indoor,5,0,0,0,0,0,0.1683681458234787
data/raw/osu_lora/Diff_Days_Indoor_Setup/Day5/Device14/IQ_1.dat,68,5331132,12,16,0,test,diff_days_indoor,5,0,0,0,0,0,0.156100794672966
data/raw/osu_lora/Diff_Days_Indoor_Setup/Day5/Device14/IQ_1.dat,69,5409531,12,13,0,test,diff_days_indoor,5,0,0,0,0,0,0.1659965217113495
data/raw/osu_lora/Diff_Days_Indoor_Setup/Day5/Device14/IQ_1.dat,70,5487930,12,13,0,test,diff_days_indoor,5,0,0,0,0,0,0.1569465845823288
data/raw/osu_lora/Diff_Days_Indoor_Setup/Day5/Device14/IQ_1.dat,71,5566329,12,16,0,test,diff_days_indoor,5,0,0,0,0,0,0.14758996665477753
data/raw/osu_lora/Diff_Days_Indoor_Setup/Day5/Device14/IQ_1.dat,72,5644728,12,16,0,test,diff_days_indoor,5,0,0,0,0,0,0.155964195728302
data/raw/osu_lora/Diff_Days_Indoor_Setup/Day5/Device14/IQ_1.dat,73,5723127,12,13,0,test,diff_days_indoor,5,0,0,0,0,0,0.1700810194015503
data/raw/osu_lora/Diff_Days_Indoor_Setup/Day5/Device14/IQ_1.dat,74,5801526,12,16,0,test,diff_days_indoor,5,0,0,0,0,0,0.14953488111495972
data/raw/osu_lora/Diff_Days_Indoor_Setup/Day5/Device14/IQ_1.dat,75,5879925,12,13,0,test,diff_days_indoor,5,0,0,0,0,0,0.16275164484977722
data/raw/osu_lora/Diff_Days_Indoor_Setup/Day5/Device14/IQ_1.dat,76,5958324,12,16,0,test,diff_days_indoor,5,0,0,0,0,0,0.1548791527748108
data/raw/osu_lora/Diff_Days_Indoor_Setup/Day5/Device14/IQ_1.dat,77,6036723,12,16,0,test,diff_days_indoor,5,0,0,0,0,0,0.15548157691955566
data/raw/osu_lora/Diff_Days_Indoor_Setup/Day5/Device14/IQ_1.dat,78,6115122,12,7,0,test,diff_days_indoor,5,0,0,0,0,0,0.1508714109659195
data/raw/osu_lora/Diff_Days_Indoor_Setup/Day5/Device14/IQ_1.dat,79,6193521,12,13,0,test,diff_days_indoor,5,0,0,0,0,0,0.16354434192180634
data/raw/osu_lora/Diff_Days_Indoor_Setup/Day5/Device14/IQ_1.dat,80,6271920,12,16,0,test,diff_days_indoor,5,0,0,0,0,0,0.15195012092590332
data/raw/osu_lora/Diff_Days_Indoor_Setup/Day5/Device14/IQ_1.dat,81,6350319,12,22,0,test,diff_days_indoor,5,0,0,0,0,0,0.2358790934085846
data/raw/osu_lora/Diff_Days_Indoor_Setup/Day5/Device14/IQ_1.dat,82,6428718,12,16,0,test,diff_days_indoor,5,0,0,0,0,0,0.1452694535255432
data/raw/osu_lora/Diff_Days_Indoor_Setup/Day5/Device14/IQ_1.dat,83,6507117,12,16,0,test,diff_days_indoor,5,0,0,0,0,0,0.14742620289325714
data/raw/osu_lora/Diff_Days_Indoor_Setup/Day5/Device14/IQ_1.dat,84,6585516,12,7,0,test,diff_days_indoor,5,0,0,0,0,0,0.1558806151151657
data/raw/osu_lora/Diff_Days_Indoor_Setup/Day5/Device14/IQ_1.dat,85,6663915,12,16,0,test,diff_days_indoor,5,0,0,0,0,0,0.15683358907699585
data/raw/osu_lora/Diff_Days_Indoor_Setup/Day5/Device14/IQ_1.dat,86,6742314,12,16,0,test,diff_days_indoor,5,0,0,0,0,0,0.09082532674074173
data/raw/osu_lora/Diff_Days_Indoor_Setup/Day5/Device14/IQ_1.dat,87,6820713,12,7,0,test,diff_days_indoor,5,0,0,0,0,0,0.1518779993057251
data/raw/osu_lora/Diff_Days_Indoor_Setup/Day5/Device14/IQ_1.dat,88,6899112,12,7,0,test,diff_days_indoor,5,0,0,0,0,0,0.15710417926311493
data/raw/osu_lora/Diff_Days_Indoor_Setup/Day5/Device14/IQ_1.dat,89,6977511,12,13,0,test,diff_days_indoor,5,0,0,0,0,0,0.1768321692943573
data/raw/osu_lora/Diff_Days_Indoor_Setup/Day5/Device14/IQ_1.dat,90,7055910,12,7,0,test,diff_days_indoor,5,0,0,0,0,0,0.17555567622184753
data/raw/osu_lora/Diff_Days_Indoor_Setup/Day5/Device14/IQ_1.dat,91,7134309,12,7,0,test,diff_days_indoor,5,0,0,0,0,0,0.17055903375148773
data/raw/osu_lora/Diff_Days_Indoor_Setup/Day5/Device14/IQ_1.dat,92,7212708,12,7,0,test,diff_days_indoor,5,0,0,0,0,0,0.18085694313049316
data/raw/osu_lora/Diff_Days_Indoor_Setup/Day5/Device14/IQ_1.dat,93,7291107,12,7,0,test,diff_days_indoor,5,0,0,0,0,0,0.14682787656784058
data/raw/osu_lora/Diff_Days_Indoor_Setup/Day5/Device14/IQ_1.dat,94,7369506,12,13,0,test,diff_days_indoor,5,0,0,0,0,0,0.1700076460838318
data/raw/osu_lora/Diff_Days_Indoor_Setup/Day5/Device14/IQ_1.dat,95,7447905,12,7,0,test,diff_days_indoor,5,0,0,0,0,0,0.17609792947769165
data/raw/osu_lora/Diff_Days_Indoor_Setup/Day5/Device14/IQ_1.dat,96,7526304,12,16,0,test,diff_days_indoor,5,0,0,0,0,0,0.15327228605747223
data/raw/osu_lora/Diff_Days_Indoor_Setup/Day5/Device14/IQ_1.dat,97,7604703,12,7,0,test,diff_days_indoor,5,0,0,0,0,0,0.15039654076099396
data/raw/osu_lora/Diff_Days_Indoor_Setup/Day5/Device14/IQ_1.dat,98,7683102,12,16,0,test,diff_days_indoor,5,0,0,0,0,0,0.15170003473758698
data/raw/osu_lora/Diff_Days_Indoor_Setup/Day5/Device14/IQ_1.dat,99,7761501,12,13,0,test,diff_days_indoor,5,0,0,0,0,0,0.16639013588428497
data/raw/osu_lora/Diff_Days_Indoor_Setup/Day5/Device14/IQ_1.dat,100,7839900,12,16,0,test,diff_days_indoor,5,0,0,0,0,0,0.15460103750228882
data/raw/osu_lora/Diff_Days_Indoor_Setup/Day5/Device14/IQ_1.dat,101,7918299,12,16,0,test,diff_days_indoor,5,0,0,0,0,0,0.15567803382873535
data/raw/osu_lora/Diff_Days_Indoor_Setup/Day5/Device14/IQ_1.dat,102,7996698,12,16,0,test,diff_days_indoor,5,0,0,0,0,0,0.15257486701011658
data/raw/osu_lora/Diff_Days_Indoor_Setup/Day5/Device14/IQ_1.dat,103,8075097,12,16,0,test,diff_days_indoor,5,0,0,0,0,0,0.15545889735221863
data/raw/osu_lora/Diff_Days_Indoor_Setup/Day5/Device14/IQ_1.dat,104,8153496,12,16,0,test,diff_days_indoor,5,0,0,0,0,0,0.1510392427444458
data/raw/osu_lora/Diff_Days_Indoor_Setup/Day5/Device14/IQ_1.dat,105,8231895,12,7,0,test,diff_days_indoor,5,0,0,0,0,0,0.16817711293697357
data/raw/osu_lora/Diff_Days_Indoor_Setup/Day5/Device14/IQ_1.dat,106,8310294,12,16,0,test,diff_days_indoor,5,0,0,0,0,0,0.1507079303264618
data/raw/osu_lora/Diff_Days_Indoor_Setup/Day5/Device14/IQ_1.dat,107,8388693,12,7,0,test,diff_days_indoor,5,0,0,0,0,0,0.15527087450027466
data/raw/osu_lora/Diff_Days_Indoor_Setup/Day5/Device14/IQ_1.dat,108,8467092,12,13,0,test,diff_days_indoor,5,0,0,0,0,0,0.15759125351905823
data/raw/osu_lora/Diff_Days_Indoor_Setup/Day5/Device14/IQ_1.dat,109,8545491,12,7,0,test,diff_days_indoor,5,0,0,0,0,0,0.15079732239246368
data/raw/osu_lora/Diff_Days_Indoor_Setup/Day5/Device14/IQ_1.dat,110,8623890,12,13,0,test,diff_days_indoor,5,0,0,0,0,0,0.16283319890499115
data/raw/osu_lora/Diff_Days_Indoor_Setup/Day5/Device14/IQ_1.dat,111,8702289,12,13,0,test,diff_days_indoor,5,0,0,0,0,0,0.17446470260620117
data/raw/osu_lora/Diff_Days_Indoor_Setup/Day5/Device14/IQ_1.dat,112,8780688,12,7,0,test,diff_days_indoor,5,0,0,0,0,0,0.1483665257692337
data/raw/osu_lora/Diff_Days_Indoor_Setup/Day5/Device14/IQ_1.dat,113,8859087,12,16,0,test,diff_days_indoor,5,0,0,0,0,0,0.15393111109733582
data/raw/osu_lora/Diff_Days_Indoor_Setup/Day5/Device14/IQ_1.dat,114,8937486,12,16,0,test,diff_days_indoor,5,0,0,0,0,0,0.15221133828163147
data/raw/osu_lora/Diff_Days_Indoor_Setup/Day5/Device14/IQ_1.dat,115,9015885,12,9,0,test,diff_days_indoor,5,0,0,0,0,0,0.22483116388320923
data/raw/osu_lora/Diff_Days_Indoor_Setup/Day5/Device14/IQ_1.dat,116,9094284,12,7,0,test,diff_days_indoor,5,0,0,0,0,0,0.17845848202705383
data/raw/osu_lora/Diff_Days_Indoor_Setup/Day5/Device14/IQ_1.dat,117,9172683,12,7,0,test,diff_days_indoor,5,0,0,0,0,0,0.14557458460330963
data/raw/osu_lora/Diff_Days_Indoor_Setup/Day5/Device14/IQ_1.dat,118,9251082,12,16,0,test,diff_days_indoor,5,0,0,0,0,0,0.14943696558475494
data/raw/osu_lora/Diff_Days_Indoor_Setup/Day5/Device14/IQ_1.dat,119,9329481,12,16,0,test,diff_days_indoor,5,0,0,0,0,0,0.15589624643325806
data/raw/osu_lora/Diff_Days_Indoor_Setup/Day5/Device14/IQ_1.dat,120,9407880,12,7,0,test,diff_days_indoor,5,0,0,0,0,0,0.17332546412944794
data/raw/osu_lora/Diff_Days_Indoor_Setup/Day5/Device14/IQ_1.dat,121,9486279,12,16,0,test,diff_days_indoor,5,0,0,0,0,0,0.15518996119499207
data/raw/osu_lora/Diff_Days_Indoor_Setup/Day5/Device14/IQ_1.dat,122,9564678,12,7,0,test,diff_days_indoor,5,0,0,0,0,0,0.1729041039943695
data/raw/osu_lora/Diff_Days_Indoor_Setup/Day5/Device14/IQ_1.dat,123,9643077,12,13,0,test,diff_days_indoor,5,0,0,0,0,0,0.16833536326885223
data/raw/osu_lora/Diff_Days_Indoor_Setup/Day5/Device14/IQ_1.dat,124,9721476,12,7,0,test,diff_days_indoor,5,0,0,0,0,0,0.15309157967567444
data/raw/osu_lora/Diff_Days_Indoor_Setup/Day5/Device14/IQ_1.dat,125,9799875,12,7,0,test,diff_days_indoor,5,0,0,0,0,0,0.15080682933330536
data/raw/osu_lora/Diff_Days_Indoor_Setup/Day5/Device14/IQ_1.dat,126,9878274,12,7,0,test,diff_days_indoor,5,0,0,0,0,0,0.14843566715717316
data/raw/osu_lora/Diff_Days_Indoor_Setup/Day5/Device14/IQ_1.dat,127,9956673,12,13,0,test,diff_days_indoor,5,0,0,0,0,0,0.17401564121246338
data/raw/osu_lora/Diff_Days_Indoor_Setup/Day5/Device14/IQ_1.dat,128,10035072,12,13,0,test,diff_days_indoor,5,0,0,0,0,0,0.17445510625839233
data/raw/osu_lora/Diff_Days_Indoor_Setup/Day5/Device14/IQ_1.dat,129,10113471,12,7,0,test,diff_days_indoor,5,0,0,0,0,0,0.14963208138942719
data/raw/osu_lora/Diff_Days_Indoor_Setup/Day5/Device14/IQ_1.dat,130,10191870,12,16,0,test,diff_days_indoor,5,0,0,0,0,0,0.14697885513305664
data/raw/osu_lora/Diff_Days_Indoor_Setup/Day5/Device14/IQ_1.dat,131,10270269,12,13,0,test,diff_days_indoor,5,0,0,0,0,0,0.16495832800865173
data/raw/osu_lora/Diff_Days_Indoor_Setup/Day5/Device14/IQ_1.dat,132,10348668,12,7,0,test,diff_days_indoor,5,0,0,0,0,0,0.16630998253822327
data/raw/osu_lora/Diff_Days_Indoor_Setup/Day5/Device14/IQ_1.dat,133,10427067,12,9,0,test,diff_days_indoor,5,0,0,0,0,0,0.17043422162532806
data/raw/osu_lora/Diff_Days_Indoor_Setup/Day5/Device14/IQ_1.dat,134,10505466,12,7,0,test,diff_days_indoor,5,0,0,0,0,0,0.1557433009147644
data/raw/osu_lora/Diff_Days_Indoor_Setup/Day5/Device14/IQ_1.dat,135,10583865,12,16,0,test,diff_days_indoor,5,0,0,0,0,0,0.1541605293750763
data/raw/osu_lora/Diff_Days_Indoor_Setup/Day5/Device14/IQ_1.dat,136,10662264,12,13,0,test,diff_days_indoor,5,0,0,0,0,0,0.17000333964824677
data/raw/osu_lora/Diff_Days_Indoor_Setup/Day5/Device14/IQ_1.dat,137,10740663,12,9,0,test,diff_days_indoor,5,0,0,0,0,0,0.16222509741783142
data/raw/osu_lora/Diff_Days_Indoor_Setup/Day5/Device14/IQ_1.dat,138,10819062,12,7,0,test,diff_days_indoor,5,0,0,0,0,0,0.16801948845386505
data/raw/osu_lora/Diff_Days_Indoor_Setup/Day5/Device14/IQ_1.dat,139,10897461,12,7,0,test,diff_days_indoor,5,0,0,0,0,0,0.16680917143821716
data/raw/osu_lora/Diff_Days_Indoor_Setup/Day5/Device14/IQ_1.dat,140,10975860,12,16,0,test,diff_days_indoor,5,0,0,0,0,0,0.15188510715961456
data/raw/osu_lora/Diff_Days_Indoor_Setup/Day5/Device14/IQ_1.dat,141,11054259,12,13,0,test,diff_days_indoor,5,0,0,0,0,0,0.1683456152677536
data/raw/osu_lora/Diff_Days_Indoor_Setup/Day5/Device14/IQ_1.dat,142,11132658,12,7,0,test,diff_days_indoor,5,0,0,0,0,0,0.16038912534713745
data/raw/osu_lora/Diff_Days_Indoor_Setup/Day5/Device14/IQ_1.dat,143,11211057,12,16,0,test,diff_days_indoor,5,0,0,0,0,0,0.1540236473083496
data/raw/osu_lora/Diff_Days_Indoor_Setup/Day5/Device14/IQ_1.dat,144,11289456,12,7,0,test,diff_days_indoor,5,0,0,0,0,0,0.1613304316997528
data/raw/osu_lora/Diff_Days_Indoor_Setup/Day5/Device14/IQ_1.dat,145,11367855,12,13,0,test,diff_days_indoor,5,0,0,0,0,0,0.1595931053161621
data/raw/osu_lora/Diff_Days_Indoor_Setup/Day5/Device14/IQ_1.dat,146,11446254,12,13,0,test,diff_days_indoor,5,0,0,0,0,0,0.15897761285305023
data/raw/osu_lora/Diff_Days_Indoor_Setup/Day5/Device14/IQ_1.dat,147,11524653,12,7,0,test,diff_days_indoor,5,0,0,0,0,0,0.1487780511379242
data/raw/osu_lora/Diff_Days_Indoor_Setup/Day5/Device14/IQ_1.dat,148,11603052,12,13,0,test,diff_days_indoor,5,0,0,0,0,0,0.1557150036096573
data/raw/osu_lora/Diff_Days_Indoor_Setup/Day5/Device14/IQ_1.dat,149,11681451,12,13,0,test,diff_days_indoor,5,0,0,0,0,0,0.17185774445533752
data/raw/osu_lora/Diff_Days_Indoor_Setup/Day5/Device14/IQ_1.dat,150,11759850,12,7,0,test,diff_days_indoor,5,0,0,0,0,0,0.1554872691631317
data/raw/osu_lora/Diff_Days_Indoor_Setup/Day5/Device14/IQ_1.dat,151,11838249,12,15,0,test,diff_days_indoor,5,0,0,0,0,0,0.21357783675193787
data/raw/osu_lora/Diff_Days_Indoor_Setup/Day5/Device14/IQ_1.dat,152,11916648,12,16,0,test,diff_days_indoor,5,0,0,0,0,0,0.15039822459220886
data/raw/osu_lora/Diff_Days_Indoor_Setup/Day5/Device14/IQ_1.dat,153,11995047,12,16,0,test,diff_days_indoor,5,0,0,0,0,0,0.1562269628047943
data/raw/osu_lora/Diff_Days_Indoor_Setup/Day5/Device14/IQ_1.dat,154,12073446,12,7,0,test,diff_days_indoor,5,0,0,0,0,0,0.1702476292848587
data/raw/osu_lora/Diff_Days_Indoor_Setup/Day5/Device14/IQ_1.dat,155,12151845,12,7,0,test,diff_days_indoor,5,0,0,0,0,0,0.15128010511398315
data/raw/osu_lora/Diff_Days_Indoor_Setup/Day5/Device14/IQ_1.dat,156,12230244,12,16,0,test,diff_days_indoor,5,0,0,0,0,0,0.1500934511423111
data/raw/osu_lora/Diff_Days_Indoor_Setup/Day5/Device14/IQ_1.dat,157,12308643,12,16,0,test,diff_days_indoor,5,0,0,0,0,0,0.15070892870426178
data/raw/osu_lora/Diff_Days_Indoor_Setup/Day5/Device14/IQ_1.dat,158,12387042,12,16,0,test,diff_days_indoor,5,0,0,0,0,0,0.1522405743598938
data/raw/osu_lora/Diff_Days_Indoor_Setup/Day5/Device14/IQ_1.dat,159,12465441,12,7,0,test,diff_days_indoor,5,0,0,0,0,0,0.13755333423614502
data/raw/osu_lora/Diff_Days_Indoor_Setup/Day5/Device14/IQ_1.dat,160,12543840,12,13,0,test,diff_days_indoor,5,0,0,0,0,0,0.16427722573280334
data/raw/osu_lora/Diff_Days_Indoor_Setup/Day5/Device14/IQ_1.dat,161,12622239,12,7,0,test,diff_days_indoor,5,0,0,0,0,0,0.17297500371932983
data/raw/osu_lora/Diff_Days_Indoor_Setup/Day5/Device14/IQ_1.dat,162,12700638,12,13,0,test,diff_days_indoor,5,0,0,0,0,0,0.16121819615364075
data/raw/osu_lora/Diff_Days_Indoor_Setup/Day5/Device14/IQ_1.dat,163,12779037,12,16,0,test,diff_days_indoor,5,0,0,0,0,0,0.1550363153219223
data/raw/osu_lora/Diff_Days_Indoor_Setup/Day5/Device14/IQ_1.dat,164,12857436,12,13,0,test,diff_days_indoor,5,0,0,0,0,0,0.16049811244010925
data/raw/osu_lora/Diff_Days_Indoor_Setup/Day5/Device14/IQ_1.dat,165,12935835,12,13,0,test,diff_days_indoor,5,0,0,0,0,0,0.16701626777648926
data/raw/osu_lora/Diff_Days_Indoor_Setup/Day5/Device14/IQ_1.dat,166,13014234,12,16,0,test,diff_days_indoor,5,0,0,0,0,0,0.14961649477481842
data/raw/osu_lora/Diff_Days_Indoor_Setup/Day5/Device14/IQ_1.dat,167,13092633,12,7,0,test,diff_days_indoor,5,0,0,0,0,0,0.17737723886966705
data/raw/osu_lora/Diff_Days_Indoor_Setup/Day5/Device14/IQ_1.dat,168,13171032,12,7,0,test,diff_days_indoor,5,0,0,0,0,0,0.16817694902420044
data/raw/osu_lora/Diff_Days_Indoor_Setup/Day5/Device14/IQ_1.dat,169,13249431,12,7,0,test,diff_days_indoor,5,0,0,0,0,0,0.15542195737361908
data/raw/osu_lora/Diff_Days_Indoor_Setup/Day5/Device14/IQ_1.dat,170,13327830,12,13,0,test,diff_days_indoor,5,0,0,0,0,0,0.1720440834760666
data/raw/osu_lora/Diff_Days_Indoor_Setup/Day5/Device14/IQ_1.dat,171,13406229,12,16,0,test,diff_days_indoor,5,0,0,0,0,0,0.1476256549358368
data/raw/osu_lora/Diff_Days_Indoor_Setup/Day5/Device14/IQ_1.dat,172,13484628,12,16,0,test,diff_days_indoor,5,0,0,0,0,0,0.1512279212474823
data/raw/osu_lora/Diff_Days_Indoor_Setup/Day5/Device14/IQ_1.dat,173,13563027,12,13,0,test,diff_days_indoor,5,0,0,0,0,0,0.15874461829662323
data/raw/osu_lora/Diff_Days_Indoor_Setup/Day5/Device14/IQ_1.dat,174,13641426,12,7,0,test,diff_days_indoor,5,0,0,0,0,0,0.1464231014251709
data/raw/osu_lora/Diff_Days_Indoor_Setup/Day5/Device14/IQ_1.dat,175,13719825,12,13,0,test,diff_days_indoor,5,0,0,0,0,0,0.1610036939382553
data/raw/osu_lora/Diff_Days_Indoor_Setup/Day5/Device14/IQ_1.dat,176,13798224,12,7,0,test,diff_days_indoor,5,0,0,0,0,0,0.15445467829704285
data/raw/osu_lora/Diff_Days_Indoor_Setup/Day5/Device14/IQ_1.dat,177,13876623,12,16,0,test,diff_days_indoor,5,0,0,0,0,0,0.15345165133476257
data/raw/osu_lora/Diff_Days_Indoor_Setup/Day5/Device14/IQ_1.dat,178,13955022,12,7,0,test,diff_days_indoor,5,0,0,0,0,0,0.17595234513282776
data/raw/osu_lora/Diff_Days_Indoor_Setup/Day5/Device14/IQ_1.dat,179,14033421,12,16,0,test,diff_days_indoor,5,0,0,0,0,0,0.15485171973705292
data/raw/osu_lora/Diff_Days_Indoor_Setup/Day5/Device14/IQ_1.dat,180,14111820,12,13,0,test,diff_days_indoor,5,0,0,0,0,0,0.1714402735233307
data/raw/osu_lora/Diff_Days_Indoor_Setup/Day5/Device14/IQ_1.dat,181,14190219,12,9,0,test,diff_days_indoor,5,0,0,0,0,0,0.17735137045383453
data/raw/osu_lora/Diff_Days_Indoor_Setup/Day5/Device14/IQ_1.dat,182,14268618,12,7,0,test,diff_days_indoor,5,0,0,0,0,0,0.1668427586555481
data/raw/osu_lora/Diff_Days_Indoor_Setup/Day5/Device14/IQ_1.dat,183,14347017,12,13,0,test,diff_days_indoor,5,0,0,0,0,0,0.15690039098262787
data/raw/osu_lora/Diff_Days_Indoor_Setup/Day5/Device14/IQ_1.dat,184,14425416,12,16,0,test,diff_days_indoor,5,0,0,0,0,0,0.1512996107339859
data/raw/osu_lora/Diff_Days_Indoor_Setup/Day5/Device14/IQ_1.dat,185,14503815,12,7,0,test,diff_days_indoor,5,0,0,0,0,0,0.16109591722488403
data/raw/osu_lora/Diff_Days_Indoor_Setup/Day5/Device14/IQ_1.dat,186,14582214,12,16,0,test,diff_days_indoor,5,0,0,0,0,0,0.1571970283985138
data/raw/osu_lora/Diff_Days_Indoor_Setup/Day5/Device14/IQ_1.dat,187,14660613,12,16,0,test,diff_days_indoor,5,0,0,0,0,0,0.15621201694011688
data/raw/osu_lora/Diff_Days_Indoor_Setup/Day5/Device14/IQ_1.dat,188,14739012,12,16,0,test,diff_days_indoor,5,0,0,0,0,0,0.15253356099128723
data/raw/osu_lora/Diff_Days_Indoor_Setup/Day5/Device14/IQ_1.dat,189,14817411,12,13,0,test,diff_days_indoor,5,0,0,0,0,0,0.17051416635513306
data/raw/osu_lora/Diff_Days_Indoor_Setup/Day5/Device14/IQ_1.dat,190,14895810,12,13,0,test,diff_days_indoor,5,0,0,0,0,0,0.16510920226573944
data/raw/osu_lora/Diff_Days_Indoor_Setup/Day5/Device14/IQ_1.dat,191,14974209,12,7,0,test,diff_days_indoor,5,0,0,0,0,0,0.1634574979543686
data/raw/osu_lora/Diff_Days_Indoor_Setup/Day5/Device14/IQ_1.dat,192,15052608,12,16,0,test,diff_days_indoor,5,0,0,0,0,0,0.14894571900367737
data/raw/osu_lora/Diff_Days_Indoor_Setup/Day5/Device14/IQ_1.dat,193,15131007,12,16,0,test,diff_days_indoor,5,0,0,0,0,0,0.15195100009441376
data/raw/osu_lora/Diff_Days_Indoor_Setup/Day5/Device14/IQ_1.dat,194,15209406,12,13,0,test,diff_days_indoor,5,0,0,0,0,0,0.1630876511335373
data/raw/osu_lora/Diff_Days_Indoor_Setup/Day5/Device14/IQ_1.dat,195,15287805,12,7,0,test,diff_days_indoor,5,0,0,0,0,0,0.14685924351215363
data/raw/osu_lora/Diff_Days_Indoor_Setup/Day5/Device14/IQ_1.dat,196,15366204,12,13,0,test,diff_days_indoor,5,0,0,0,0,0,0.15777310729026794
data/raw/osu_lora/Diff_Days_Indoor_Setup/Day5/Device14/IQ_1.dat,197,15444603,12,16,0,test,diff_days_indoor,5,0,0,0,0,0,0.15051425993442535
data/raw/osu_lora/Diff_Days_Indoor_Setup/Day5/Device14/IQ_1.dat,198,15523002,12,16,0,test,diff_days_indoor,5,0,0,0,0,0,0.15136228501796722
data/raw/osu_lora/Diff_Days_Indoor_Setup/Day5/Device14/IQ_1.dat,199,15601401,12,13,0,test,diff_days_indoor,5,0,0,0,0,0,0.17263081669807434
data/raw/osu_lora/Diff_Days_Indoor_Setup/Day5/Device14/IQ_1.dat,200,15679800,12,13,0,test,diff_days_indoor,5,0,0,0,0,0,0.17250896990299225
data/raw/osu_lora/Diff_Days_Indoor_Setup/Day5/Device14/IQ_1.dat,201,15758199,12,16,0,test,diff_days_indoor,5,0,0,0,0,0,0.1509409248828888
data/raw/osu_lora/Diff_Days_Indoor_Setup/Day5/Device14/IQ_1.dat,202,15836598,12,16,0,test,diff_days_indoor,5,0,0,0,0,0,0.1556118279695511
data/raw/osu_lora/Diff_Days_Indoor_Setup/Day5/Device14/IQ_1.dat,203,15914997,12,13,0,test,diff_days_indoor,5,0,0,0,0,0,0.16935868561267853
data/raw/osu_lora/Diff_Days_Indoor_Setup/Day5/Device14/IQ_1.dat,204,15993396,12,13,0,test,diff_days_indoor,5,0,0,0,0,0,0.1634451299905777
data/raw/osu_lora/Diff_Days_Indoor_Setup/Day5/Device14/IQ_1.dat,205,16071795,12,7,0,test,diff_days_indoor,5,0,0,0,0,0,0.14805564284324646
data/raw/osu_lora/Diff_Days_Indoor_Setup/Day5/Device14/IQ_1.dat,206,16150194,12,7,0,test,diff_days_indoor,5,0,0,0,0,0,0.11518608033657074
data/raw/osu_lora/Diff_Days_Indoor_Setup/Day5/Device14/IQ_1.dat,207,16228593,12,16,0,test,diff_days_indoor,5,0,0,0,0,0,0.15544132888317108
data/raw/osu_lora/Diff_Days_Indoor_Setup/Day5/Device14/IQ_1.dat,208,16306992,12,7,0,test,diff_days_indoor,5,0,0,0,0,0,0.15994347631931305
data/raw/osu_lora/Diff_Days_Indoor_Setup/Day5/Device14/IQ_1.dat,209,16385391,12,13,0,test,diff_days_indoor,5,0,0,0,0,0,0.17013469338417053
data/raw/osu_lora/Diff_Days_Indoor_Setup/Day5/Device14/IQ_1.dat,210,16463790,12,16,0,test,diff_days_indoor,5,0,0,0,0,0,0.15360678732395172
data/raw/osu_lora/Diff_Days_Indoor_Setup/Day5/Device14/IQ_1.dat,211,16542189,12,7,0,test,diff_days_indoor,5,0,0,0,0,0,0.16004592180252075
data/raw/osu_lora/Diff_Days_Indoor_Setup/Day5/Device14/IQ_1.dat,212,16620588,12,7,0,test,diff_days_indoor,5,0,0,0,0,0,0.17227138578891754
data/raw/osu_lora/Diff_Days_Indoor_Setup/Day5/Device14/IQ_1.dat,213,16698987,12,7,0,test,diff_days_indoor,5,0,0,0,0,0,0.1484690010547638
data/raw/osu_lora/Diff_Days_Indoor_Setup/Day5/Device14/IQ_1.dat,214,16777386,12,16,0,test,diff_days_indoor,5,0,0,0,0,0,0.1491183638572693
data/raw/osu_lora/Diff_Days_Indoor_Setup/Day5/Device14/IQ_1.dat,215,16855785,12,7,0,test,diff_days_indoor,5,0,0,0,0,0,0.16515189409255981
data/raw/osu_lora/Diff_Days_Indoor_Setup/Day5/Device14/IQ_1.dat,216,16934184,12,16,0,test,diff_days_indoor,5,0,0,0,0,0,0.15027804672718048
data/raw/osu_lora/Diff_Days_Indoor_Setup/Day5/Device14/IQ_1.dat,217,17012583,12,7,0,test,diff_days_indoor,5,0,0,0,0,0,0.1468208134174347
data/raw/osu_lora/Diff_Days_Indoor_Setup/Day5/Device14/IQ_1.dat,218,17090982,12,13,0,test,diff_days_indoor,5,0,0,0,0,0,0.16190621256828308
data/raw/osu_lora/Diff_Days_Indoor_Setup/Day5/Device14/IQ_1.dat,219,17169381,12,16,0,test,diff_days_indoor,5,0,0,0,0,0,0.15526334941387177
data/raw/osu_lora/Diff_Days_Indoor_Setup/Day5/Device14/IQ_1.dat,220,17247780,12,16,0,test,diff_days_indoor,5,0,0,0,0,0,0.1517246514558792
data/raw/osu_lora/Diff_Days_Indoor_Setup/Day5/Device14/IQ_1.dat,221,17326179,12,7,0,test,diff_days_indoor,5,0,0,0,0,0,0.17828744649887085
data/raw/osu_lora/Diff_Days_Indoor_Setup/Day5/Device14/IQ_1.dat,222,17404578,12,7,0,test,diff_days_indoor,5,0,0,0,0,0,0.14974166452884674
data/raw/osu_lora/Diff_Days_Indoor_Setup/Day5/Device14/IQ_1.dat,223,17482977,12,7,0,test,diff_days_indoor,5,0,0,0,0,0,0.14912539720535278
data/raw/osu_lora/Diff_Days_Indoor_Setup/Day5/Device14/IQ_1.dat,224,17561376,12,7,0,test,diff_days_indoor,5,0,0,0,0,0,0.18093976378440857
data/raw/osu_lora/Diff_Days_Indoor_Setup/Day5/Device14/IQ_1.dat,225,17639775,12,7,0,test,diff_days_indoor,5,0,0,0,0,0,0.17028135061264038
data/raw/osu_lora/Diff_Days_Indoor_Setup/Day5/Device14/IQ_1.dat,226,17718174,12,16,0,test,diff_days_indoor,5,0,0,0,0,0,0.15186867117881775
data/raw/osu_lora/Diff_Days_Indoor_Setup/Day5/Device14/IQ_1.dat,227,17796573,12,7,0,test,diff_days_indoor,5,0,0,0,0,0,0.1804855316877365
data/raw/osu_lora/Diff_Days_Indoor_Setup/Day5/Device14/IQ_1.dat,228,17874972,12,16,0,test,diff_days_indoor,5,0,0,0,0,0,0.15635734796524048
data/raw/osu_lora/Diff_Days_Indoor_Setup/Day5/Device14/IQ_1.dat,229,17953371,12,7,0,test,diff_days_indoor,5,0,0,0,0,0,0.15935716032981873
data/raw/osu_lora/Diff_Days_Indoor_Setup/Day5/Device14/IQ_1.dat,230,18031770,12,16,0,test,diff_days_indoor,5,0,0,0,0,0,0.15270668268203735
data/raw/osu_lora/Diff_Days_Indoor_Setup/Day5/Device14/IQ_1.dat,231,18110169,12,16,0,test,diff_days_indoor,5,0,0,0,0,0,0.1552138328552246
data/raw/osu_lora/Diff_Days_Indoor_Setup/Day5/Device14/IQ_1.dat,232,18188568,12,7,0,test,diff_days_indoor,5,0,0,0,0,0,0.14629612863063812
data/raw/osu_lora/Diff_Days_Indoor_Setup/Day5/Device14/IQ_1.dat,233,18266967,12,7,0,test,diff_days_indoor,5,0,0,0,0,0,0.15448623895645142
data/raw/osu_lora/Diff_Days_Indoor_Setup/Day5/Device14/IQ_1.dat,234,18345366,12,16,0,test,diff_days_indoor,5,0,0,0,0,0,0.154774010181427
data/raw/osu_lora/Diff_Days_Indoor_Setup/Day5/Device14/IQ_1.dat,235,18423765,12,13,0,test,diff_days_indoor,5,0,0,0,0,0,0.1674623340368271
data/raw/osu_lora/Diff_Days_Indoor_Setup/Day5/Device14/IQ_1.dat,236,18502164,12,7,0,test,diff_days_indoor,5,0,0,0,0,0,0.1612563282251358
data/raw/osu_lora/Diff_Days_Indoor_Setup/Day5/Device14/IQ_1.dat,237,18580563,12,13,0,test,diff_days_indoor,5,0,0,0,0,0,0.1571512073278427
data/raw/osu_lora/Diff_Days_Indoor_Setup/Day5/Device14/IQ_1.dat,238,18658962,12,13,0,test,diff_days_indoor,5,0,0,0,0,0,0.16621999442577362
data/raw/osu_lora/Diff_Days_Indoor_Setup/Day5/Device14/IQ_1.dat,239,18737361,12,16,0,test,diff_days_indoor,5,0,0,0,0,0,0.15661928057670593
data/raw/osu_lora/Diff_Days_Indoor_Setup/Day5/Device14/IQ_1.dat,240,18815760,12,7,0,test,diff_days_indoor,5,0,0,0,0,0,0.1622353345155716
data/raw/osu_lora/Diff_Days_Indoor_Setup/Day5/Device14/IQ_1.dat,241,18894159,12,7,0,test,diff_days_indoor,5,0,0,0,0,0,0.15474265813827515
data/raw/osu_lora/Diff_Days_Indoor_Setup/Day5/Device14/IQ_1.dat,242,18972558,12,7,0,test,diff_days_indoor,5,0,0,0,0,0,0.16780604422092438
data/raw/osu_lora/Diff_Days_Indoor_Setup/Day5/Device14/IQ_1.dat,243,19050957,12,16,0,test,diff_days_indoor,5,0,0,0,0,0,0.1539858877658844
data/raw/osu_lora/Diff_Days_Indoor_Setup/Day5/Device14/IQ_1.dat,244,19129356,12,7,0,test,diff_days_indoor,5,0,0,0,0,0,0.16904273629188538
data/raw/osu_lora/Diff_Days_Indoor_Setup/Day5/Device14/IQ_1.dat,245,19207755,12,7,0,test,diff_days_indoor,5,0,0,0,0,0,0.14988651871681213
data/raw/osu_lora/Diff_Days_Indoor_Setup/Day5/Device14/IQ_1.dat,246,19286154,12,16,0,test,diff_days_indoor,5,0,0,0,0,0,0.15351633727550507
data/raw/osu_lora/Diff_Days_Indoor_Setup/Day5/Device14/IQ_1.dat,247,19364553,12,9,0,test,diff_days_indoor,5,0,0,0,0,0,0.16775624454021454
data/raw/osu_lora/Diff_Days_Indoor_Setup/Day5/Device14/IQ_1.dat,248,19442952,12,16,0,test,diff_days_indoor,5,0,0,0,0,0,0.14812956750392914
data/raw/osu_lora/Diff_Days_Indoor_Setup/Day5/Device14/IQ_1.dat,249,19521351,12,7,0,test,diff_days_indoor,5,0,0,0,0,0,0.15914973616600037
data/raw/osu_lora/Diff_Days_Indoor_Setup/Day5/Device14/IQ_1.dat,250,19599750,12,16,0,test,diff_days_indoor,5,0,0,0,0,0,0.15174049139022827
data/raw/osu_lora/Diff_Days_Indoor_Setup/Day5/Device14/IQ_1.dat,251,19678149,12,16,0,test,diff_days_indoor,5,0,0,0,0,0,0.15288496017456055
data/raw/osu_lora/Diff_Days_Indoor_Setup/Day5/Device14/IQ_1.dat,252,19756548,12,13,0,test,diff_days_indoor,5,0,0,0,0,0,0.15832515060901642
data/raw/osu_lora/Diff_Days_Indoor_Setup/Day5/Device14/IQ_1.dat,253,19834947,12,7,0,test,diff_days_indoor,5,0,0,0,0,0,0.13966940343379974
data/raw/osu_lora/Diff_Days_Indoor_Setup/Day5/Device14/IQ_1.dat,254,19913346,12,13,0,test,diff_days_indoor,5,0,0,0,0,0,0.16795013844966888
data/raw/osu_lora/Diff_Days_Indoor_Setup/Day5/Device14/IQ_1.dat,255,19991745,12,16,0,test,diff_days_indoor,5,0,0,0,0,0,0.14695076644420624
data/raw/osu_lora/Diff_Days_Indoor_Setup/Day5/Device15/IQ_1.dat,0,0,13,16,0,test,diff_days_indoor,5,0,0,0,0,0,0.15684357285499573
data/raw/osu_lora/Diff_Days_Indoor_Setup/Day5/Device15/IQ_1.dat,1,78399,13,16,0,test,diff_days_indoor,5,0,0,0,0,0,0.14837604761123657
data/raw/osu_lora/Diff_Days_Indoor_Setup/Day5/Device15/IQ_1.dat,2,156798,13,16,0,test,diff_days_indoor,5,0,0,0,0,0,0.15365897119045258
data/raw/osu_lora/Diff_Days_Indoor_Setup/Day5/Device15/IQ_1.dat,3,235197,13,13,1,test,diff_days_indoor,5,0,0,0,0,0,0.17297084629535675
data/raw/osu_lora/Diff_Days_Indoor_Setup/Day5/Device15/IQ_1.dat,4,313596,13,13,1,test,diff_days_indoor,5,0,0,0,0,0,0.16423380374908447
data/raw/osu_lora/Diff_Days_Indoor_Setup/Day5/Device15/IQ_1.dat,5,391995,13,13,1,test,diff_days_indoor,5,0,0,0,0,0,0.16081279516220093
data/raw/osu_lora/Diff_Days_Indoor_Setup/Day5/Device15/IQ_1.dat,6,470394,13,13,1,test,diff_days_indoor,5,0,0,0,0,0,0.16910342872142792
data/raw/osu_lora/Diff_Days_Indoor_Setup/Day5/Device15/IQ_1.dat,7,548793,13,9,0,test,diff_days_indoor,5,0,0,0,0,0,0.18205174803733826
data/raw/osu_lora/Diff_Days_Indoor_Setup/Day5/Device15/IQ_1.dat,8,627192,13,9,0,test,diff_days_indoor,5,0,0,0,0,0,0.18598100543022156
data/raw/osu_lora/Diff_Days_Indoor_Setup/Day5/Device15/IQ_1.dat,9,705591,13,7,0,test,diff_days_indoor,5,0,0,0,0,0,0.18364211916923523
data/raw/osu_lora/Diff_Days_Indoor_Setup/Day5/Device15/IQ_1.dat,10,783990,13,13,1,test,diff_days_indoor,5,0,0,0,0,0,0.17014732956886292
data/raw/osu_lora/Diff_Days_Indoor_Setup/Day5/Device15/IQ_1.dat,11,862389,13,16,0,test,diff_days_indoor,5,0,0,0,0,0,0.1536078304052353
data/raw/osu_lora/Diff_Days_Indoor_Setup/Day5/Device15/IQ_1.dat,12,940788,13,13,1,test,diff_days_indoor,5,0,0,0,0,0,0.17090006172657013
data/raw/osu_lora/Diff_Days_Indoor_Setup/Day5/Device15/IQ_1.dat,13,1019187,13,16,0,test,diff_days_indoor,5,0,0,0,0,0,0.1546526551246643
data/raw/osu_lora/Diff_Days_Indoor_Setup/Day5/Device15/IQ_1.dat,14,1097586,13,16,0,test,diff_days_indoor,5,0,0,0,0,0,0.15617318451404572
data/raw/osu_lora/Diff_Days_Indoor_Setup/Day5/Device15/IQ_1.dat,15,1175985,13,13,1,test,diff_days_indoor,5,0,0,0,0,0,0.16150452196598053
data/raw/osu_lora/Diff_Days_Indoor_Setup/Day5/Device15/IQ_1.dat,16,1254384,13,13,1,test,diff_days_indoor,5,0,0,0,0,0,0.17129427194595337
data/raw/osu_lora/Diff_Days_Indoor_Setup/Day5/Device15/IQ_1.dat,17,1332783,13,9,0,test,diff_days_indoor,5,0,0,0,0,0,0.22626745700836182
data/raw/osu_lora/Diff_Days_Indoor_Setup/Day5/Device15/IQ_1.dat,18,1411182,13,16,0,test,diff_days_indoor,5,0,0,0,0,0,0.14972417056560516
data/raw/osu_lora/Diff_Days_Indoor_Setup/Day5/Device15/IQ_1.dat,19,1489581,13,13,1,test,diff_days_indoor,5,0,0,0,0,0,0.1698838323354721
data/raw/osu_lora/Diff_Days_Indoor_Setup/Day5/Device15/IQ_1.dat,20,1567980,13,9,0,test,diff_days_indoor,5,0,0,0,0,0,0.1639629453420639
data/raw/osu_lora/Diff_Days_Indoor_Setup/Day5/Device15/IQ_1.dat,21,1646379,13,16,0,test,diff_days_indoor,5,0,0,0,0,0,0.1482032984495163
data/raw/osu_lora/Diff_Days_Indoor_Setup/Day5/Device15/IQ_1.dat,22,1724778,13,13,1,test,diff_days_indoor,5,0,0,0,0,0,0.13188859820365906
data/raw/osu_lora/Diff_Days_Indoor_Setup/Day5/Device15/IQ_1.dat,23,1803177,13,9,0,test,diff_days_indoor,5,0,0,0,0,0,0.17466717958450317
data/raw/osu_lora/Diff_Days_Indoor_Setup/Day5/Device15/IQ_1.dat,24,1881576,13,13,1,test,diff_days_indoor,5,0,0,0,0,0,0.16481105983257294
data/raw/osu_lora/Diff_Days_Indoor_Setup/Day5/Device15/IQ_1.dat,25,1959975,13,9,0,test,diff_days_indoor,5,0,0,0,0,0,0.2151707410812378
data/raw/osu_lora/Diff_Days_Indoor_Setup/Day5/Device15/IQ_1.dat,26,2038374,13,13,1,test,diff_days_indoor,5,0,0,0,0,0,0.15825676918029785
data/raw/osu_lora/Diff_Days_Indoor_Setup/Day5/Device15/IQ_1.dat,27,2116773,13,13,1,test,diff_days_indoor,5,0,0,0,0,0,0.16396713256835938
data/raw/osu_lora/Diff_Days_Indoor_Setup/Day5/Device15/IQ_1.dat,28,2195172,13,16,0,test,diff_days_indoor,5,0,0,0,0,0,0.14670345187187195
data/raw/osu_lora/Diff_Days_Indoor_Setup/Day5/Device15/IQ_1.dat,29,2273571,13,16,0,test,diff_days_indoor,5,0,0,0,0,0,0.1561112254858017
data/raw/osu_lora/Diff_Days_Indoor_Setup/Day5/Device15/IQ_1.dat,30,2351970,13,13,1,test,diff_days_indoor,5,0,0,0,0,0,0.16639016568660736
data/raw/osu_lora/Diff_Days_Indoor_Setup/Day5/Device15/IQ_1.dat,31,2430369,13,16,0,test,diff_days_indoor,5,0,0,0,0,0,0.1565786600112915
data/raw/osu_lora/Diff_Days_Indoor_Setup/Day5/Device15/IQ_1.dat,32,2508768,13,13,1,test,diff_days_indoor,5,0,0,0,0,0,0.17154376208782196
data/raw/osu_lora/Diff_Days_Indoor_Setup/Day5/Device15/IQ_1.dat,33,2587167,13,16,0,test,diff_days_indoor,5,0,0,0,0,0,0.1495826095342636
data/raw/osu_lora/Diff_Days_Indoor_Setup/Day5/Device15/IQ_1.dat,34,2665566,13,13,1,test,diff_days_indoor,5,0,0,0,0,0,0.1605873852968216
data/raw/osu_lora/Diff_Days_Indoor_Setup/Day5/Device15/IQ_1.dat,35,2743965,13,13,1,test,diff_days_indoor,5,0,0,0,0,0,0.1795480102300644
data/raw/osu_lora/Diff_Days_Indoor_Setup/Day5/Device15/IQ_1.dat,36,2822364,13,16,0,test,diff_days_indoor,5,0,0,0,0,0,0.15137015283107758
data/raw/osu_lora/Diff_Days_Indoor_Setup/Day5/Device15/IQ_1.dat,37,2900763,13,13,1,test,diff_days_indoor,5,0,0,0,0,0,0.1727241426706314
data/raw/osu_lora/Diff_Days_Indoor_Setup/Day5/Device15/IQ_1.dat,38,2979162,13,13,1,test,diff_days_indoor,5,0,0,0,0,0,0.1713983714580536
data/raw/osu_lora/Diff_Days_Indoor_Setup/Day5/Device15/IQ_1.dat,39,3057561,13,7,0,test,diff_days_indoor,5,0,0,0,0,0,0.14669615030288696
data/raw/osu_lora/Diff_Days_Indoor_Setup/Day5/Device15/IQ_1.dat,40,3135960,13,7,0,test,diff_days_indoor,5,0,0,0,0,0,0.1493927538394928
data/raw/osu_lora/Diff_Days_Indoor_Setup/Day5/Device15/IQ_1.dat,41,3214359,13,13,1,test,diff_days_indoor,5,0,0,0,0,0,0.17917628586292267
data/raw/osu_lora/Diff_Days_Indoor_Setup/Day5/Device15/IQ_1.dat,42,3292758,13,13,1,test,diff_days_indoor,5,0,0,0,0,0,0.1672603040933609
data/raw/osu_lora/Diff_Days_Indoor_Setup/Day5/Device15/IQ_1.dat,43,3371157,13,7,0,test,diff_days_indoor,5,0,0,0,0,0,0.16099292039871216
data/raw/osu_lora/Diff_Days_Indoor_Setup/Day5/Device15/IQ_1.dat,44,3449556,13,16,0,test,diff_days_indoor,5,0,0,0,0,0,0.15253041684627533
data/raw/osu_lora/Diff_Days_Indoor_Setup/Day5/Device15/IQ_1.dat,45,3527955,13,16,0,test,diff_days_indoor,5,0,0,0,0,0,0.15588457882404327
data/raw/osu_lora/Diff_Days_Indoor_Setup/Day5/Device15/IQ_1.dat,46,3606354,13,13,1,test,diff_days_indoor,5,0,0,0,0,0,0.1644487977027893
data/raw/osu_lora/Diff_Days_Indoor_Setup/Day5/Device15/IQ_1.dat,47,3684753,13,13,1,test,diff_days_indoor,5,0,0,0,0,0,0.16593927145004272
data/raw/osu_lora/Diff_Days_Indoor_Setup/Day5/Device15/IQ_1.dat,48,3763152,13,7,0,test,diff_days_indoor,5,0,0,0,0,0,0.14420676231384277
data/raw/osu_lora/Diff_Days_Indoor_Setup/Day5/Device15/IQ_1.dat,49,3841551,13,7,0,test,diff_days_indoor,5,0,0,0,0,0,0.15641260147094727
data/raw/osu_lora/Diff_Days_Indoor_Setup/Day5/Device15/IQ_1.dat,50,3919950,13,7,0,test,diff_days_indoor,5,0,0,0,0,0,0.1581987589597702
data/raw/osu_lora/Diff_Days_Indoor_Setup/Day5/Device15/IQ_1.dat,51,3998349,13,16,0,test,diff_days_indoor,5,0,0,0,0,0,0.1560995876789093
data/raw/osu_lora/Diff_Days_Indoor_Setup/Day5/Device15/IQ_1.dat,52,4076748,13,7,0,test,diff_days_indoor,5,0,0,0,0,0,0.16589932143688202
data/raw/osu_lora/Diff_Days_Indoor_Setup/Day5/Device15/IQ_1.dat,53,4155147,13,16,0,test,diff_days_indoor,5,0,0,0,0,0,0.15261901915073395
data/raw/osu_lora/Diff_Days_Indoor_Setup/Day5/Device15/IQ_1.dat,54,4233546,13,9,0,test,diff_days_indoor,5,0,0,0,0,0,0.1670723706483841
data/raw/osu_lora/Diff_Days_Indoor_Setup/Day5/Device15/IQ_1.dat,55,4311945,13,9,0,test,diff_days_indoor,5,0,0,0,0,0,0.17862854897975922
data/raw/osu_lora/Diff_Days_Indoor_Setup/Day5/Device15/IQ_1.dat,56,4390344,13,16,0,test,diff_days_indoor,5,0,0,0,0,0,0.1559048295021057
data/raw/osu_lora/Diff_Days_Indoor_Setup/Day5/Device15/IQ_1.dat,57,4468743,13,7,0,test,diff_days_indoor,5,0,0,0,0,0,0.1709548681974411
data/raw/osu_lora/Diff_Days_Indoor_Setup/Day5/Device15/IQ_1.dat,58,4547142,13,16,0,test,diff_days_indoor,5,0,0,0,0,0,0.154939204454422
data/raw/osu_lora/Diff_Days_Indoor_Setup/Day5/Device15/IQ_1.dat,59,4625541,13,13,1,test,diff_days_indoor,5,0,0,0,0,0,0.16537509858608246
data/raw/osu_lora/Diff_Days_Indoor_Setup/Day5/Device15/IQ_1.dat,60,4703940,13,7,0,test,diff_days_indoor,5,0,0,0,0,0,0.16416899859905243
data/raw/osu_lora/Diff_Days_Indoor_Setup/Day5/Device15/IQ_1.dat,61,4782339,13,13,1,test,diff_days_indoor,5,0,0,0,0,0,0.16416458785533905
data/raw/osu_lora/Diff_Days_Indoor_Setup/Day5/Device15/IQ_1.dat,62,4860738,13,13,1,test,diff_days_indoor,5,0,0,0,0,0,0.16473603248596191
data/raw/osu_lora/Diff_Days_Indoor_Setup/Day5/Device15/IQ_1.dat,63,4939137,13,9,0,test,diff_days_indoor,5,0,0,0,0,0,0.1780833750963211
data/raw/osu_lora/Diff_Days_Indoor_Setup/Day5/Device15/IQ_1.dat,64,5017536,13,13,1,test,diff_days_indoor,5,0,0,0,0,0,0.16369576752185822
data/raw/osu_lora/Diff_Days_Indoor_Setup/Day5/Device15/IQ_1.dat,65,5095935,13,13,1,test,diff_days_indoor,5,0,0,0,0,0,0.170098677277565
data/raw/osu_lora/Diff_Days_Indoor_Setup/Day5/Device15/IQ_1.dat,66,5174334,13,13,1,test,diff_days_indoor,5,0,0,0,0,0,0.16581253707408905
data/raw/osu_lora/Diff_Days_Indoor_Setup/Day5/Device15/IQ_1.dat,67,5252733,13,16,0,test,diff_days_indoor,5,0,0,0,0,0,0.15403573215007782
data/raw/osu_lora/Diff_Days_Indoor_Setup/Day5/Device15/IQ_1.dat,68,5331132,13,7,0,test,diff_days_indoor,5,0,0,0,0,0,0.16561739146709442
data/raw/osu_lora/Diff_Days_Indoor_Setup/Day5/Device15/IQ_1.dat,69,5409531,13,13,1,test,diff_days_indoor,5,0,0,0,0,0,0.16025741398334503
data/raw/osu_lora/Diff_Days_Indoor_Setup/Day5/Device15/IQ_1.dat,70,5487930,13,13,1,test,diff_days_indoor,5,0,0,0,0,0,0.16812846064567566
data/raw/osu_lora/Diff_Days_Indoor_Setup/Day5/Device15/IQ_1.dat,71,5566329,13,13,1,test,diff_days_indoor,5,0,0,0,0,0,0.15751361846923828
data/raw/osu_lora/Diff_Days_Indoor_Setup/Day5/Device15/IQ_1.dat,72,5644728,13,9,0,test,diff_days_indoor,5,0,0,0,0,0,0.1889735907316208
data/raw/osu_lora/Diff_Days_Indoor_Setup/Day5/Device15/IQ_1.dat,73,5723127,13,13,1,test,diff_days_indoor,5,0,0,0,0,0,0.16813965141773224
data/raw/osu_lora/Diff_Days_Indoor_Setup/Day5/Device15/IQ_1.dat,74,5801526,13,7,0,test,diff_days_indoor,5,0,0,0,0,0,0.16047553718090057
data/raw/osu_lora/Diff_Days_Indoor_Setup/Day5/Device15/IQ_1.dat,75,5879925,13,13,1,test,diff_days_indoor,5,0,0,0,0,0,0.15791724622249603
data/raw/osu_lora/Diff_Days_Indoor_Setup/Day5/Device15/IQ_1.dat,76,5958324,13,9,0,test,diff_days_indoor,5,0,0,0,0,0,0.21442079544067383
data/raw/osu_lora/Diff_Days_Indoor_Setup/Day5/Device15/IQ_1.dat,77,6036723,13,9,0,test,diff_days_indoor,5,0,0,0,0,0,0.20846256613731384
data/raw/osu_lora/Diff_Days_Indoor_Setup/Day5/Device15/IQ_1.dat,78,6115122,13,16,0,test,diff_days_indoor,5,0,0,0,0,0,0.14782816171646118
data/raw/osu_lora/Diff_Days_Indoor_Setup/Day5/Device15/IQ_1.dat,79,6193521,13,16,0,test,diff_days_indoor,5,0,0,0,0,0,0.1485169529914856
data/raw/osu_lora/Diff_Days_Indoor_Setup/Day5/Device15/IQ_1.dat,80,6271920,13,13,1,test,diff_days_indoor,5,0,0,0,0,0,0.171079620718956
data/raw/osu_lora/Diff_Days_Indoor_Setup/Day5/Device15/IQ_1.dat,81,6350319,13,13,1,test,diff_days_indoor,5,0,0,0,0,0,0.17036588490009308
data/raw/osu_lora/Diff_Days_Indoor_Setup/Day5/Device15/IQ_1.dat,82,6428718,13,13,1,test,diff_days_indoor,5,0,0,0,0,0,0.16959860920906067
data/raw/osu_lora/Diff_Days_Indoor_Setup/Day5/Device15/IQ_1.dat,83,6507117,13,9,0,test,diff_days_indoor,5,0,0,0,0,0,0.17419181764125824
data/raw/osu_lora/Diff_Days_Indoor_Setup/Day5/Device15/IQ_1.dat,84,6585516,13,13,1,test,diff_days_indoor,5,0,0,0,0,0,0.16491998732089996
data/raw/osu_lora/Diff_Days_Indoor_Setup/Day5/Device15/IQ_1.dat,85,6663915,13,16,0,test,diff_days_indoor,5,0,0,0,0,0,0.14814242720603943
data/raw/osu_lora/Diff_Days_Indoor_Setup/Day5/Device15/IQ_1.dat,86,6742314,13,7,0,test,diff_days_indoor,5,0,0,0,0,0,0.160406231880188
data/raw/osu_lora/Diff_Days_Indoor_Setup/Day5/Device15/IQ_1.dat,87,6820713,13,13,1,test,diff_days_indoor,5,0,0,0,0,0,0.16385367512702942
data/raw/osu_lora/Diff_Days_Indoor_Setup/Day5/Device15/IQ_1.dat,88,6899112,13,13,1,test,diff_days_indoor,5,0,0,0,0,0,0.1584290862083435
data/raw/osu_lora/Diff_Days_Indoor_Setup/Day5/Device15/IQ_1.dat,89,6977511,13,13,1,test,diff_days_indoor,5,0,0,0,0,0,0.17076082527637482
data/raw/osu_lora/Diff_Days_Indoor_Setup/Day5/Device15/IQ_1.dat,90,7055910,13,16,0,test,diff_days_indoor,5,0,0,0,0,0,0.15460430085659027
data/raw/osu_lora/Diff_Days_Indoor_Setup/Day5/Device15/IQ_1.dat,91,7134309,13,16,0,test,diff_days_indoor,5,0,0,0,0,0,0.15249331295490265
data/raw/osu_lora/Diff_Days_Indoor_Setup/Day5/Device15/IQ_1.dat,92,7212708,13,16,0,test,diff_days_indoor,5,0,0,0,0,0,0.15425938367843628
data/raw/osu_lora/Diff_Days_Indoor_Setup/Day5/Device15/IQ_1.dat,93,7291107,13,13,1,test,diff_days_indoor,5,0,0,0,0,0,0.1720491200685501
data/raw/osu_lora/Diff_Days_Indoor_Setup/Day5/Device15/IQ_1.dat,94,7369506,13,7,0,test,diff_days_indoor,5,0,0,0,0,0,0.15027505159378052
data/raw/osu_lora/Diff_Days_Indoor_Setup/Day5/Device15/IQ_1.dat,95,7447905,13,7,0,test,diff_days_indoor,5,0,0,0,0,0,0.09073328971862793
data/raw/osu_lora/Diff_Days_Indoor_Setup/Day5/Device15/IQ_1.dat,96,7526304,13,13,1,test,diff_days_indoor,5,0,0,0,0,0,0.15993157029151917
data/raw/osu_lora/Diff_Days_Indoor_Setup/Day5/Device15/IQ_1.dat,97,7604703,13,16,0,test,diff_days_indoor,5,0,0,0,0,0,0.15310396254062653
data/raw/osu_lora/Diff_Days_Indoor_Setup/Day5/Device15/IQ_1.dat,98,7683102,13,13,1,test,diff_days_indoor,5,0,0,0,0,0,0.16259565949440002
data/raw/osu_lora/Diff_Days_Indoor_Setup/Day5/Device15/IQ_1.dat,99,7761501,13,13,1,test,diff_days_indoor,5,0,0,0,0,0,0.17014457285404205
data/raw/osu_lora/Diff_Days_Indoor_Setup/Day5/Device15/IQ_1.dat,100,7839900,13,16,0,test,diff_days_indoor,5,0,0,0,0,0,0.1488933265209198
data/raw/osu_lora/Diff_Days_Indoor_Setup/Day5/Device15/IQ_1.dat,101,7918299,13,7,0,test,diff_days_indoor,5,0,0,0,0,0,0.16839319467544556
data/raw/osu_lora/Diff_Days_Indoor_Setup/Day5/Device15/IQ_1.dat,102,7996698,13,13,1,test,diff_days_indoor,5,0,0,0,0,0,0.15983130037784576
data/raw/osu_lora/Diff_Days_Indoor_Setup/Day5/Device15/IQ_1.dat,103,8075097,13,16,0,test,diff_days_indoor,5,0,0,0,0,0,0.15160489082336426
data/raw/osu_lora/Diff_Days_Indoor_Setup/Day5/Device15/IQ_1.dat,104,8153496,13,7,0,test,diff_days_indoor,5,0,0,0,0,0,0.1681606024503708
data/raw/osu_lora/Diff_Days_Indoor_Setup/Day5/Device15/IQ_1.dat,105,8231895,13,16,0,test,diff_days_indoor,5,0,0,0,0,0,0.14821060001850128
data/raw/osu_lora/Diff_Days_Indoor_Setup/Day5/Device15/IQ_1.dat,106,8310294,13,13,1,test,diff_days_indoor,5,0,0,0,0,0,0.16750742495059967
data/raw/osu_lora/Diff_Days_Indoor_Setup/Day5/Device15/IQ_1.dat,107,8388693,13,13,1,test,diff_days_indoor,5,0,0,0,0,0,0.1717953085899353
data/raw/osu_lora/Diff_Days_Indoor_Setup/Day5/Device15/IQ_1.dat,108,8467092,13,16,0,test,diff_days_indoor,5,0,0,0,0,0,0.15315018594264984
data/raw/osu_lora/Diff_Days_Indoor_Setup/Day5/Device15/IQ_1.dat,109,8545491,13,16,0,test,diff_days_indoor,5,0,0,0,0,0,0.15292073786258698
data/raw/osu_lora/Diff_Days_Indoor_Setup/Day5/Device15/IQ_1.dat,110,8623890,13,7,0,test,diff_days_indoor,5,0,0,0,0,0,0.16848182678222656
data/raw/osu_lora/Diff_Days_Indoor_Setup/Day5/Device15/IQ_1.dat,111,8702289,13,16,0,test,diff_days_indoor,5,0,0,0,0,0,0.14976266026496887
data/raw/osu_lora/Diff_Days_Indoor_Setup/Day5/Device15/IQ_1.dat,112,8780688,13,16,0,test,diff_days_indoor,5,0,0,0,0,0,0.15561741590499878
data/raw/osu_lora/Diff_Days_Indoor_Setup/Day5/Device15/IQ_1.dat,113,8859087,13,16,0,test,diff_days_indoor,5,0,0,0,0,0,0.1490664929151535
data/raw/osu_lora/Diff_Days_Indoor_Setup/Day5/Device15/IQ_1.dat,114,8937486,13,7,0,test,diff_days_indoor,5,0,0,0,0,0,0.18424008786678314
data/raw/osu_lora/Diff_Days_Indoor_Setup/Day5/Device15/IQ_1.dat,115,9015885,13,9,0,test,diff_days_indoor,5,0,0,0,0,0,0.1781175434589386
data/raw/osu_lora/Diff_Days_Indoor_Setup/Day5/Device15/IQ_1.dat,116,9094284,13,16,0,test,diff_days_indoor,5,0,0,0,0,0,0.1504003405570984
data/raw/osu_lora/Diff_Days_Indoor_Setup/Day5/Device15/IQ_1.dat,117,9172683,13,13,1,test,diff_days_indoor,5,0,0,0,0,0,0.1719636172056198
data/raw/osu_lora/Diff_Days_Indoor_Setup/Day5/Device15/IQ_1.dat,118,9251082,13,13,1,test,diff_days_indoor,5,0,0,0,0,0,0.15861456096172333
data/raw/osu_lora/Diff_Days_Indoor_Setup/Day5/Device15/IQ_1.dat,119,9329481,13,13,1,test,diff_days_indoor,5,0,0,0,0,0,0.16026756167411804
data/raw/osu_lora/Diff_Days_Indoor_Setup/Day5/Device15/IQ_1.dat,120,9407880,13,16,0,test,diff_days_indoor,5,0,0,0,0,0,0.15696686506271362
data/raw/osu_lora/Diff_Days_Indoor_Setup/Day5/Device15/IQ_1.dat,121,9486279,13,16,0,test,diff_days_indoor,5,0,0,0,0,0,0.15522219240665436
data/raw/osu_lora/Diff_Days_Indoor_Setup/Day5/Device15/IQ_1.dat,122,9564678,13,16,0,test,diff_days_indoor,5,0,0,0,0,0,0.1507277637720108
data/raw/osu_lora/Diff_Days_Indoor_Setup/Day5/Device15/IQ_1.dat,123,9643077,13,13,1,test,diff_days_indoor,5,0,0,0,0,0,0.17779895663261414
data/raw/osu_lora/Diff_Days_Indoor_Setup/Day5/Device15/IQ_1.dat,124,9721476,13,9,0,test,diff_days_indoor,5,0,0,0,0,0,0.1866403967142105
data/raw/osu_lora/Diff_Days_Indoor_Setup/Day5/Device15/IQ_1.dat,125,9799875,13,7,0,test,diff_days_indoor,5,0,0,0,0,0,0.17950819432735443
data/raw/osu_lora/Diff_Days_Indoor_Setup/Day5/Device15/IQ_1.dat,126,9878274,13,16,0,test,diff_days_indoor,5,0,0,0,0,0,0.15216459333896637
data/raw/osu_lora/Diff_Days_Indoor_Setup/Day5/Device15/IQ_1.dat,127,9956673,13,9,0,test,diff_days_indoor,5,0,0,0,0,0,0.1853816956281662
data/raw/osu_lora/Diff_Days_Indoor_Setup/Day5/Device15/IQ_1.dat,128,10035072,13,13,1,test,diff_days_indoor,5,0,0,0,0,0,0.16973811388015747
data/raw/osu_lora/Diff_Days_Indoor_Setup/Day5/Device15/IQ_1.dat,129,10113471,13,7,0,test,diff_days_indoor,5,0,0,0,0,0,0.16097642481327057
data/raw/osu_lora/Diff_Days_Indoor_Setup/Day5/Device15/IQ_1.dat,130,10191870,13,9,0,test,diff_days_indoor,5,0,0,0,0,0,0.20727360248565674
data/raw/osu_lora/Diff_Days_Indoor_Setup/Day5/Device15/IQ_1.dat,131,10270269,13,7,0,test,diff_days_indoor,5,0,0,0,0,0,0.15911950170993805
data/raw/osu_lora/Diff_Days_Indoor_Setup/Day5/Device15/IQ_1.dat,132,10348668,13,13,1,test,diff_days_indoor,5,0,0,0,0,0,0.17522762715816498
data/raw/osu_lora/Diff_Days_Indoor_Setup/Day5/Device15/IQ_1.dat,133,10427067,13,13,1,test,diff_days_indoor,5,0,0,0,0,0,0.16728438436985016
data/raw/osu_lora/Diff_Days_Indoor_Setup/Day5/Device15/IQ_1.dat,134,10505466,13,7,0,test,diff_days_indoor,5,0,0,0,0,0,0.1545083224773407
data/raw/osu_lora/Diff_Days_Indoor_Setup/Day5/Device15/IQ_1.dat,135,10583865,13,13,1,test,diff_days_indoor,5,0,0,0,0,0,0.15875257551670074
data/raw/osu_lora/Diff_Days_Indoor_Setup/Day5/Device15/IQ_1.dat,136,10662264,13,13,1,test,diff_days_indoor,5,0,0,0,0,0,0.17213208973407745
data/raw/osu_lora/Diff_Days_Indoor_Setup/Day5/Device15/IQ_1.dat,137,10740663,13,13,1,test,diff_days_indoor,5,0,0,0,0,0,0.17307737469673157
data/raw/osu_lora/Diff_Days_Indoor_Setup/Day5/Device15/IQ_1.dat,138,10819062,13,7,0,test,diff_days_indoor,5,0,0,0,0,0,0.15366694331169128
data/raw/osu_lora/Diff_Days_Indoor_Setup/Day5/Device15/IQ_1.dat,139,10897461,13,13,1,test,diff_days_indoor,5,0,0,0,0,0,0.1668054610490799
data/raw/osu_lora/Diff_Days_Indoor_Setup/Day5/Device15/IQ_1.dat,140,10975860,13,7,0,test,diff_days_indoor,5,0,0,0,0,0,0.1496371626853943
data/raw/osu_lora/Diff_Days_Indoor_Setup/Day5/Device15/IQ_1.dat,141,11054259,13,16,0,test,diff_days_indoor,5,0,0,0,0,0,0.15122103691101074
data/raw/osu_lora/Diff_Days_Indoor_Setup/Day5/Device15/IQ_1.dat,142,11132658,13,16,0,test,diff_days_indoor,5,0,0,0,0,0,0.14255265891551971
data/raw/osu_lora/Diff_Days_Indoor_Setup/Day5/Device15/IQ_1.dat,143,11211057,13,16,0,test,diff_days_indoor,5,0,0,0,0,0,0.1504952311515808
data/raw/osu_lora/Diff_Days_Indoor_Setup/Day5/Device15/IQ_1.dat,144,11289456,13,13,1,test,diff_days_indoor,5,0,0,0,0,0,0.16240115463733673
data/raw/osu_lora/Diff_Days_Indoor_Setup/Day5/Device15/IQ_1.dat,145,11367855,13,13,1,test,diff_days_indoor,5,0,0,0,0,0,0.17078669369220734
data/raw/osu_lora/Diff_Days_Indoor_Setup/Day5/Device15/IQ_1.dat,146,11446254,13,13,1,test,diff_days_indoor,5,0,0,0,0,0,0.17554551362991333
data/raw/osu_lora/Diff_Days_Indoor_Setup/Day5/Device15/IQ_1.dat,147,11524653,13,16,0,test,diff_days_indoor,5,0,0,0,0,0,0.15146231651306152
data/raw/osu_lora/Diff_Days_Indoor_Setup/Day5/Device15/IQ_1.dat,148,11603052,13,7,0,test,diff_days_indoor,5,0,0,0,0,0,0.16351176798343658
data/raw/osu_lora/Diff_Days_Indoor_Setup/Day5/Device15/IQ_1.dat,149,11681451,13,16,0,test,diff_days_indoor,5,0,0,0,0,0,0.15355831384658813
data/raw/osu_lora/Diff_Days_Indoor_Setup/Day5/Device15/IQ_1.dat,150,11759850,13,9,0,test,diff_days_indoor,5,0,0,0,0,0,0.18598219752311707
data/raw/osu_lora/Diff_Days_Indoor_Setup/Day5/Device15/IQ_1.dat,151,11838249,13,7,0,test,diff_days_indoor,5,0,0,0,0,0,0.14597977697849274
data/raw/osu_lora/Diff_Days_Indoor_Setup/Day5/Device15/IQ_1.dat,152,11916648,13,13,1,test,diff_days_indoor,5,0,0,0,0,0,0.1768309772014618
data/raw/osu_lora/Diff_Days_Indoor_Setup/Day5/Device15/IQ_1.dat,153,11995047,13,7,0,test,diff_days_indoor,5,0,0,0,0,0,0.15635046362876892
data/raw/osu_lora/Diff_Days_Indoor_Setup/Day5/Device15/IQ_1.dat,154,12073446,13,16,0,test,diff_days_indoor,5,0,0,0,0,0,0.15340422093868256
data/raw/osu_lora/Diff_Days_Indoor_Setup/Day5/Device15/IQ_1.dat,155,12151845,13,16,0,test,diff_days_indoor,5,0,0,0,0,0,0.15678653120994568
data/raw/osu_lora/Diff_Days_Indoor_Setup/Day5/Device15/IQ_1.dat,156,12230244,13,16,0,test,diff_days_indoor,5,0,0,0,0,0,0.152618870139122
data/raw/osu_lora/Diff_Days_Indoor_Setup/Day5/Device15/IQ_1.dat,157,12308643,13,13,1,test,diff_days_indoor,5,0,0,0,0,0,0.15936177968978882
data/raw/osu_lora/Diff_Days_Indoor_Setup/Day5/Device15/IQ_1.dat,158,12387042,13,13,1,test,diff_days_indoor,5,0,0,0,0,0,0.16990092396736145
data/raw/osu_lora/Diff_Days_Indoor_Setup/Day5/Device15/IQ_1.dat,159,12465441,13,16,0,test,diff_days_indoor,5,0,0,0,0,0,0.15335212647914886
data/raw/osu_lora/Diff_Days_Indoor_Setup/Day5/Device15/IQ_1.dat,160,12543840,13,7,0,test,diff_days_indoor,5,0,0,0,0,0,0.16384540498256683
data/raw/osu_lora/Diff_Days_Indoor_Setup/Day5/Device15/IQ_1.dat,161,12622239,13,13,1,test,diff_days_indoor,5,0,0,0,0,0,0.16440647840499878
data/raw/osu_lora/Diff_Days_Indoor_Setup/Day5/Device15/IQ_1.dat,162,12700638,13,16,0,test,diff_days_indoor,5,0,0,0,0,0,0.14699026942253113
data/raw/osu_lora/Diff_Days_Indoor_Setup/Day5/Device15/IQ_1.dat,163,12779037,13,16,0,test,diff_days_indoor,5,0,0,0,0,0,0.15003791451454163
data/raw/osu_lora/Diff_Days_Indoor_Setup/Day5/Device15/IQ_1.dat,164,12857436,13,13,1,test,diff_days_indoor,5,0,0,0,0,0,0.15858930349349976
data/raw/osu_lora/Diff_Days_Indoor_Setup/Day5/Device15/IQ_1.dat,165,12935835,13,13,1,test,diff_days_indoor,5,0,0,0,0,0,0.16783207654953003
data/raw/osu_lora/Diff_Days_Indoor_Setup/Day5/Device15/IQ_1.dat,166,13014234,13,7,0,test,diff_days_indoor,5,0,0,0,0,0,0.1582966297864914
data/raw/osu_lora/Diff_Days_Indoor_Setup/Day5/Device15/IQ_1.dat,167,13092633,13,16,0,test,diff_days_indoor,5,0,0,0,0,0,0.1497945338487625
data/raw/osu_lora/Diff_Days_Indoor_Setup/Day5/Device15/IQ_1.dat,168,13171032,13,7,0,test,diff_days_indoor,5,0,0,0,0,0,0.1392502635717392
data/raw/osu_lora/Diff_Days_Indoor_Setup/Day5/Device15/IQ_1.dat,169,13249431,13,13,1,test,diff_days_indoor,5,0,0,0,0,0,0.17095841467380524
data/raw/osu_lora/Diff_Days_Indoor_Setup/Day5/Device15/IQ_1.dat,170,13327830,13,16,0,test,diff_days_indoor,5,0,0,0,0,0,0.15541255474090576
data/raw/osu_lora/Diff_Days_Indoor_Setup/Day5/Device15/IQ_1.dat,171,13406229,13,13,1,test,diff_days_indoor,5,0,0,0,0,0,0.17870740592479706
data/raw/osu_lora/Diff_Days_Indoor_Setup/Day5/Device15/IQ_1.dat,172,13484628,13,7,0,test,diff_days_indoor,5,0,0,0,0,0,0.16927453875541687
data/raw/osu_lora/Diff_Days_Indoor_Setup/Day5/Device15/IQ_1.dat,173,13563027,13,16,0,test,diff_days_indoor,5,0,0,0,0,0,0.1501009613275528
data/raw/osu_lora/Diff_Days_Indoor_Setup/Day5/Device15/IQ_1.dat,174,13641426,13,13,1,test,diff_days_indoor,5,0,0,0,0,0,0.16569139063358307
data/raw/osu_lora/Diff_Days_Indoor_Setup/Day5/Device15/IQ_1.dat,175,13719825,13,16,0,test,diff_days_indoor,5,0,0,0,0,0,0.15081967413425446
data/raw/osu_lora/Diff_Days_Indoor_Setup/Day5/Device15/IQ_1.dat,176,13798224,13,13,1,test,diff_days_indoor,5,0,0,0,0,0,0.16881008446216583
data/raw/osu_lora/Diff_Days_Indoor_Setup/Day5/Device15/IQ_1.dat,177,13876623,13,7,0,test,diff_days_indoor,5,0,0,0,0,0,0.14970941841602325
data/raw/osu_lora/Diff_Days_Indoor_Setup/Day5/Device15/IQ_1.dat,178,13955022,13,16,0,test,diff_days_indoor,5,0,0,0,0,0,0.15279552340507507
data/raw/osu_lora/Diff_Days_Indoor_Setup/Day5/Device15/IQ_1.dat,179,14033421,13,16,0,test,diff_days_indoor,5,0,0,0,0,0,0.15595760941505432
data/raw/osu_lora/Diff_Days_Indoor_Setup/Day5/Device15/IQ_1.dat,180,14111820,13,7,0,test,diff_days_indoor,5,0,0,0,0,0,0.15378086268901825
data/raw/osu_lora/Diff_Days_Indoor_Setup/Day5/Device15/IQ_1.dat,181,14190219,13,16,0,test,diff_days_indoor,5,0,0,0,0,0,0.15341666340827942
data/raw/osu_lora/Diff_Days_Indoor_Setup/Day5/Device15/IQ_1.dat,182,14268618,13,16,0,test,diff_days_indoor,5,0,0,0,0,0,0.1555640548467636
data/raw/osu_lora/Diff_Days_Indoor_Setup/Day5/Device15/IQ_1.dat,183,14347017,13,16,0,test,diff_days_indoor,5,0,0,0,0,0,0.15549978613853455
data/raw/osu_lora/Diff_Days_Indoor_Setup/Day5/Device15/IQ_1.dat,184,14425416,13,7,0,test,diff_days_indoor,5,0,0,0,0,0,0.16392044723033905
data/raw/osu_lora/Diff_Days_Indoor_Setup/Day5/Device15/IQ_1.dat,185,14503815,13,7,0,test,diff_days_indoor,5,0,0,0,0,0,0.14860613644123077
data/raw/osu_lora/Diff_Days_Indoor_Setup/Day5/Device15/IQ_1.dat,186,14582214,13,16,0,test,diff_days_indoor,5,0,0,0,0,0,0.15125669538974762
data/raw/osu_lora/Diff_Days_Indoor_Setup/Day5/Device15/IQ_1.dat,187,14660613,13,13,1,test,diff_days_indoor,5,0,0,0,0,0,0.16999661922454834
data/raw/osu_lora/Diff_Days_Indoor_Setup/Day5/Device15/IQ_1.dat,188,14739012,13,7,0,test,diff_days_indoor,5,0,0,0,0,0,0.18501944839954376
data/raw/osu_lora/Diff_Days_Indoor_Setup/Day5/Device15/IQ_1.dat,189,14817411,13,13,1,test,diff_days_indoor,5,0,0,0,0,0,0.1735081970691681
data/raw/osu_lora/Diff_Days_Indoor_Setup/Day5/Device15/IQ_1.dat,190,14895810,13,16,0,test,diff_days_indoor,5,0,0,0,0,0,0.15699055790901184
data/raw/osu_lora/Diff_Days_Indoor_Setup/Day5/Device15/IQ_1.dat,191,14974209,13,7,0,test,diff_days_indoor,5,0,0,0,0,0,0.15991522371768951
data/raw/osu_lora/Diff_Days_Indoor_Setup/Day5/Device15/IQ_1.dat,192,15052608,13,13,1,test,diff_days_indoor,5,0,0,0,0,0,0.1721046268939972
data/raw/osu_lora/Diff_Days_Indoor_Setup/Day5/Device15/IQ_1.dat,193,15131007,13,9,0,test,diff_days_indoor,5,0,0,0,0,0,0.16634418070316315
data/raw/osu_lora/Diff_Days_Indoor_Setup/Day5/Device15/IQ_1.dat,194,15209406,13,7,0,test,diff_days_indoor,5,0,0,0,0,0,0.14706283807754517
data/raw/osu_lora/Diff_Days_Indoor_Setup/Day5/Device15/IQ_1.dat,195,15287805,13,7,0,test,diff_days_indoor,5,0,0,0,0,0,0.14659540355205536
data/raw/osu_lora/Diff_Days_Indoor_Setup/Day5/Device15/IQ_1.dat,196,15366204,13,16,0,test,diff_days_indoor,5,0,0,0,0,0,0.1553136259317398
data/raw/osu_lora/Diff_Days_Indoor_Setup/Day5/Device15/IQ_1.dat,197,15444603,13,13,1,test,diff_days_indoor,5,0,0,0,0,0,0.1649787724018097
data/raw/osu_lora/Diff_Days_Indoor_Setup/Day5/Device15/IQ_1.dat,198,15523002,13,13,1,test,diff_days_indoor,5,0,0,0,0,0,0.17234958708286285
data/raw/osu_lora/Diff_Days_Indoor_Setup/Day5/Device15/IQ_1.dat,199,15601401,13,16,0,test,diff_days_indoor,5,0,0,0,0,0,0.1555960327386856
data/raw/osu_lora/Diff_Days_Indoor_Setup/Day5/Device15/IQ_1.dat,200,15679800,13,16,0,test,diff_days_indoor,5,0,0,0,0,0,0.15433970093727112
data/raw/osu_lora/Diff_Days_Indoor_Setup/Day5/Device15/IQ_1.dat,201,15758199,13,13,1,test,diff_days_indoor,5,0,0,0,0,0,0.16097180545330048
data/raw/osu_lora/Diff_Days_Indoor_Setup/Day5/Device15/IQ_1.dat,202,15836598,13,13,1,test,diff_days_indoor,5,0,0,0,0,0,0.16161201894283295
data/raw/osu_lora/Diff_Days_Indoor_Setup/Day5/Device15/IQ_1.dat,203,15914997,13,16,0,test,diff_days_indoor,5,0,0,0,0,0,0.15321257710456848
data/raw/osu_lora/Diff_Days_Indoor_Setup/Day5/Device15/IQ_1.dat,204,15993396,13,7,0,test,diff_days_indoor,5,0,0,0,0,0,0.14730362594127655
data/raw/osu_lora/Diff_Days_Indoor_Setup/Day5/Device15/IQ_1.dat,205,16071795,13,16,0,test,diff_days_indoor,5,0,0,0,0,0,0.15350647270679474
data/raw/osu_lora/Diff_Days_Indoor_Setup/Day5/Device15/IQ_1.dat,206,16150194,13,7,0,test,diff_days_indoor,5,0,0,0,0,0,0.15681247413158417
data/raw/osu_lora/Diff_Days_Indoor_Setup/Day5/Device15/IQ_1.dat,207,16228593,13,7,0,test,diff_days_indoor,5,0,0,0,0,0,0.16331839561462402
data/raw/osu_lora/Diff_Days_Indoor_Setup/Day5/Device15/IQ_1.dat,208,16306992,13,16,0,test,diff_days_indoor,5,0,0,0,0,0,0.1563420593738556
data/raw/osu_lora/Diff_Days_Indoor_Setup/Day5/Device15/IQ_1.dat,209,16385391,13,16,0,test,diff_days_indoor,5,0,0,0,0,0,0.15427739918231964
data/raw/osu_lora/Diff_Days_Indoor_Setup/Day5/Device15/IQ_1.dat,210,16463790,13,13,1,test,diff_days_indoor,5,0,0,0,0,0,0.178207129240036
data/raw/osu_lora/Diff_Days_Indoor_Setup/Day5/Device15/IQ_1.dat,211,16542189,13,13,1,test,diff_days_indoor,5,0,0,0,0,0,0.1704515814781189
data/raw/osu_lora/Diff_Days_Indoor_Setup/Day5/Device15/IQ_1.dat,212,16620588,13,13,1,test,diff_days_indoor,5,0,0,0,0,0,0.1653403341770172
data/raw/osu_lora/Diff_Days_Indoor_Setup/Day5/Device15/IQ_1.dat,213,16698987,13,13,1,test,diff_days_indoor,5,0,0,0,0,0,0.1636173278093338
data/raw/osu_lora/Diff_Days_Indoor_Setup/Day5/Device15/IQ_1.dat,214,16777386,13,7,0,test,diff_days_indoor,5,0,0,0,0,0,0.16831821203231812
data/raw/osu_lora/Diff_Days_Indoor_Setup/Day5/Device15/IQ_1.dat,215,16855785,13,16,0,test,diff_days_indoor,5,0,0,0,0,0,0.0912078395485878
data/raw/osu_lora/Diff_Days_Indoor_Setup/Day5/Device15/IQ_1.dat,216,16934184,13,16,0,test,diff_days_indoor,5,0,0,0,0,0,0.14700046181678772
data/raw/osu_lora/Diff_Days_Indoor_Setup/Day5/Device15/IQ_1.dat,217,17012583,13,7,0,test,diff_days_indoor,5,0,0,0,0,0,0.1609906703233719
data/raw/osu_lora/Diff_Days_Indoor_Setup/Day5/Device15/IQ_1.dat,218,17090982,13,16,0,test,diff_days_indoor,5,0,0,0,0,0,0.14804533123970032
data/raw/osu_lora/Diff_Days_Indoor_Setup/Day5/Device15/IQ_1.dat,219,17169381,13,7,0,test,diff_days_indoor,5,0,0,0,0,0,0.17222483456134796
data/raw/osu_lora/Diff_Days_Indoor_Setup/Day5/Device15/IQ_1.dat,220,17247780,13,7,0,test,diff_days_indoor,5,0,0,0,0,0,0.14781807363033295
data/raw/osu_lora/Diff_Days_Indoor_Setup/Day5/Device15/IQ_1.dat,221,17326179,13,7,0,test,diff_days_indoor,5,0,0,0,0,0,0.15071934461593628
data/raw/osu_lora/Diff_Days_Indoor_Setup/Day5/Device15/IQ_1.dat,222,17404578,13,13,1,test,diff_days_indoor,5,0,0,0,0,0,0.1695578694343567
data/raw/osu_lora/Diff_Days_Indoor_Setup/Day5/Device15/IQ_1.dat,223,17482977,13,16,0,test,diff_days_indoor,5,0,0,0,0,0,0.15014007687568665
data/raw/osu_lora/Diff_Days_Indoor_Setup/Day5/Device15/IQ_1.dat,224,17561376,13,7,0,test,diff_days_indoor,5,0,0,0,0,0,0.1772286742925644
data/raw/osu_lora/Diff_Days_Indoor_Setup/Day5/Device15/IQ_1.dat,225,17639775,13,7,0,test,diff_days_indoor,5,0,0,0,0,0,0.14746825397014618
data/raw/osu_lora/Diff_Days_Indoor_Setup/Day5/Device15/IQ_1.dat,226,17718174,13,7,0,test,diff_days_indoor,5,0,0,0,0,0,0.14648306369781494
data/raw/osu_lora/Diff_Days_Indoor_Setup/Day5/Device15/IQ_1.dat,227,17796573,13,16,0,test,diff_days_indoor,5,0,0,0,0,0,0.1539096087217331
data/raw/osu_lora/Diff_Days_Indoor_Setup/Day5/Device15/IQ_1.dat,228,17874972,13,13,1,test,diff_days_indoor,5,0,0,0,0,0,0.17772041261196136
data/raw/osu_lora/Diff_Days_Indoor_Setup/Day5/Device15/IQ_1.dat,229,17953371,13,16,0,test,diff_days_indoor,5,0,0,0,0,0,0.15167643129825592
data/raw/osu_lora/Diff_Days_Indoor_Setup/Day5/Device15/IQ_1.dat,230,18031770,13,13,1,test,diff_days_indoor,5,0,0,0,0,0,0.17083783447742462
data/raw/osu_lora/Diff_Days_Indoor_Setup/Day5/Device15/IQ_1.dat,231,18110169,13,16,0,test,diff_days_indoor,5,0,0,0,0,0,0.15208031237125397
data/raw/osu_lora/Diff_Days_Indoor_Setup/Day5/Device15/IQ_1.dat,232,18188568,13,7,0,test,diff_days_indoor,5,0,0,0,0,0,0.16285952925682068
data/raw/osu_lora/Diff_Days_Indoor_Setup/Day5/Device15/IQ_1.dat,233,18266967,13,7,0,test,diff_days_indoor,5,0,0,0,0,0,0.15091362595558167
data/raw/osu_lora/Diff_Days_Indoor_Setup/Day5/Device15/IQ_1.dat,234,18345366,13,7,0,test,diff_days_indoor,5,0,0,0,0,0,0.1502172201871872
data/raw/osu_lora/Diff_Days_Indoor_Setup/Day5/Device15/IQ_1.dat,235,18423765,13,16,0,test,diff_days_indoor,5,0,0,0,0,0,0.15294812619686127
data/raw/osu_lora/Diff_Days_Indoor_Setup/Day5/Device15/IQ_1.dat,236,18502164,13,17,0,test,diff_days_indoor,5,0,0,0,0,0,0.18379443883895874
data/raw/osu_lora/Diff_Days_Indoor_Setup/Day5/Device15/IQ_1.dat,237,18580563,13,9,0,test,diff_days_indoor,5,0,0,0,0,0,0.1654917597770691
data/raw/osu_lora/Diff_Days_Indoor_Setup/Day5/Device15/IQ_1.dat,238,18658962,13,16,0,test,diff_days_indoor,5,0,0,0,0,0,0.15692339837551117
data/raw/osu_lora/Diff_Days_Indoor_Setup/Day5/Device15/IQ_1.dat,239,18737361,13,16,0,test,diff_days_indoor,5,0,0,0,0,0,0.15037325024604797
data/raw/osu_lora/Diff_Days_Indoor_Setup/Day5/Device15/IQ_1.dat,240,18815760,13,13,1,test,diff_days_indoor,5,0,0,0,0,0,0.17757104337215424
data/raw/osu_lora/Diff_Days_Indoor_Setup/Day5/Device15/IQ_1.dat,241,18894159,13,7,0,test,diff_days_indoor,5,0,0,0,0,0,0.15090890228748322
data/raw/osu_lora/Diff_Days_Indoor_Setup/Day5/Device15/IQ_1.dat,242,18972558,13,7,0,test,diff_days_indoor,5,0,0,0,0,0,0.15397663414478302
data/raw/osu_lora/Diff_Days_Indoor_Setup/Day5/Device15/IQ_1.dat,243,19050957,13,13,1,test,diff_days_indoor,5,0,0,0,0,0,0.16767868399620056
data/raw/osu_lora/Diff_Days_Indoor_Setup/Day5/Device15/IQ_1.dat,244,19129356,13,9,0,test,diff_days_indoor,5,0,0,0,0,0,0.1927916705608368
data/raw/osu_lora/Diff_Days_Indoor_Setup/Day5/Device15/IQ_1.dat,245,19207755,13,16,0,test,diff_days_indoor,5,0,0,0,0,0,0.15184170007705688
data/raw/osu_lora/Diff_Days_Indoor_Setup/Day5/Device15/IQ_1.dat,246,19286154,13,16,0,test,diff_days_indoor,5,0,0,0,0,0,0.15422974526882172
data/raw/osu_lora/Diff_Days_Indoor_Setup/Day5/Device15/IQ_1.dat,247,19364553,13,13,1,test,diff_days_indoor,5,0,0,0,0,0,0.17061804234981537
data/raw/osu_lora/Diff_Days_Indoor_Setup/Day5/Device15/IQ_1.dat,248,19442952,13,13,1,test,diff_days_indoor,5,0,0,0,0,0,0.1623477190732956
data/raw/osu_lora/Diff_Days_Indoor_Setup/Day5/Device15/IQ_1.dat,249,19521351,13,7,0,test,diff_days_indoor,5,0,0,0,0,0,0.14767082035541534
data/raw/osu_lora/Diff_Days_Indoor_Setup/Day5/Device15/IQ_1.dat,250,19599750,13,13,1,test,diff_days_indoor,5,0,0,0,0,0,0.17130176723003387
data/raw/osu_lora/Diff_Days_Indoor_Setup/Day5/Device15/IQ_1.dat,251,19678149,13,16,0,test,diff_days_indoor,5,0,0,0,0,0,0.15482719242572784
data/raw/osu_lora/Diff_Days_Indoor_Setup/Day5/Device15/IQ_1.dat,252,19756548,13,13,1,test,diff_days_indoor,5,0,0,0,0,0,0.16762268543243408
data/raw/osu_lora/Diff_Days_Indoor_Setup/Day5/Device15/IQ_1.dat,253,19834947,13,16,0,test,diff_days_indoor,5,0,0,0,0,0,0.15578827261924744
data/raw/osu_lora/Diff_Days_Indoor_Setup/Day5/Device15/IQ_1.dat,254,19913346,13,16,0,test,diff_days_indoor,5,0,0,0,0,0,0.15183548629283905
data/raw/osu_lora/Diff_Days_Indoor_Setup/Day5/Device15/IQ_1.dat,255,19991745,13,13,1,test,diff_days_indoor,5,0,0,0,0,0,0.16149114072322845
data/raw/osu_lora/Diff_Days_Indoor_Setup/Day5/Device16/IQ_1.dat,0,0,14,14,1,test,diff_days_indoor,5,0,0,0,0,0,0.23160254955291748
data/raw/osu_lora/Diff_Days_Indoor_Setup/Day5/Device16/IQ_1.dat,1,78399,14,9,0,test,diff_days_indoor,5,0,0,0,0,0,0.2162104696035385
data/raw/osu_lora/Diff_Days_Indoor_Setup/Day5/Device16/IQ_1.dat,2,156798,14,9,0,test,diff_days_indoor,5,0,0,0,0,0,0.22955815494060516
data/raw/osu_lora/Diff_Days_Indoor_Setup/Day5/Device16/IQ_1.dat,3,235197,14,13,0,test,diff_days_indoor,5,0,0,0,0,0,0.16891203820705414
data/raw/osu_lora/Diff_Days_Indoor_Setup/Day5/Device16/IQ_1.dat,4,313596,14,13,0,test,diff_days_indoor,5,0,0,0,0,0,0.1708427220582962
data/raw/osu_lora/Diff_Days_Indoor_Setup/Day5/Device16/IQ_1.dat,5,391995,14,9,0,test,diff_days_indoor,5,0,0,0,0,0,0.1780419647693634
data/raw/osu_lora/Diff_Days_Indoor_Setup/Day5/Device16/IQ_1.dat,6,470394,14,16,0,test,diff_days_indoor,5,0,0,0,0,0,0.15536761283874512
data/raw/osu_lora/Diff_Days_Indoor_Setup/Day5/Device16/IQ_1.dat,7,548793,14,9,0,test,diff_days_indoor,5,0,0,0,0,0,0.16806769371032715
data/raw/osu_lora/Diff_Days_Indoor_Setup/Day5/Device16/IQ_1.dat,8,627192,14,9,0,test,diff_days_indoor,5,0,0,0,0,0,0.22841015458106995
data/raw/osu_lora/Diff_Days_Indoor_Setup/Day5/Device16/IQ_1.dat,9,705591,14,9,0,test,diff_days_indoor,5,0,0,0,0,0,0.22798459231853485
data/raw/osu_lora/Diff_Days_Indoor_Setup/Day5/Device16/IQ_1.dat,10,783990,14,14,1,test,diff_days_indoor,5,0,0,0,0,0,0.22864703834056854
data/raw/osu_lora/Diff_Days_Indoor_Setup/Day5/Device16/IQ_1.dat,11,862389,14,9,0,test,diff_days_indoor,5,0,0,0,0,0,0.2285676896572113
data/raw/osu_lora/Diff_Days_Indoor_Setup/Day5/Device16/IQ_1.dat,12,940788,14,9,0,test,diff_days_indoor,5,0,0,0,0,0,0.2272956520318985
data/raw/osu_lora/Diff_Days_Indoor_Setup/Day5/Device16/IQ_1.dat,13,1019187,14,13,0,test,diff_days_indoor,5,0,0,0,0,0,0.1654716581106186
data/raw/osu_lora/Diff_Days_Indoor_Setup/Day5/Device16/IQ_1.dat,14,1097586,14,9,0,test,diff_days_indoor,5,0,0,0,0,0,0.20123662054538727
data/raw/osu_lora/Diff_Days_Indoor_Setup/Day5/Device16/IQ_1.dat,15,1175985,14,13,0,test,diff_days_indoor,5,0,0,0,0,0,0.16796259582042694
data/raw/osu_lora/Diff_Days_Indoor_Setup/Day5/Device16/IQ_1.dat,16,1254384,14,13,0,test,diff_days_indoor,5,0,0,0,0,0,0.16885803639888763
data/raw/osu_lora/Diff_Days_Indoor_Setup/Day5/Device16/IQ_1.dat,17,1332783,14,9,0,test,diff_days_indoor,5,0,0,0,0,0,0.22304347157478333
data/raw/osu_lora/Diff_Days_Indoor_Setup/Day5/Device16/IQ_1.dat,18,1411182,14,13,0,test,diff_days_indoor,5,0,0,0,0,0,0.17573706805706024
data/raw/osu_lora/Diff_Days_Indoor_Setup/Day5/Device16/IQ_1.dat,19,1489581,14,14,1,test,diff_days_indoor,5,0,0,0,0,0,0.22601377964019775
data/raw/osu_lora/Diff_Days_Indoor_Setup/Day5/Device16/IQ_1.dat,20,1567980,14,14,1,test,diff_days_indoor,5,0,0,0,0,0,0.23334230482578278
data/raw/osu_lora/Diff_Days_Indoor_Setup/Day5/Device16/IQ_1.dat,21,1646379,14,14,1,test,diff_days_indoor,5,0,0,0,0,0,0.2421826422214508
data/raw/osu_lora/Diff_Days_Indoor_Setup/Day5/Device16/IQ_1.dat,22,1724778,14,9,0,test,diff_days_indoor,5,0,0,0,0,0,0.22628822922706604
data/raw/osu_lora/Diff_Days_Indoor_Setup/Day5/Device16/IQ_1.dat,23,1803177,14,9,0,test,diff_days_indoor,5,0,0,0,0,0,0.2241840809583664
data/raw/osu_lora/Diff_Days_Indoor_Setup/Day5/Device16/IQ_1.dat,24,1881576,14,9,0,test,diff_days_indoor,5,0,0,0,0,0,0.1903662532567978
data/raw/osu_lora/Diff_Days_Indoor_Setup/Day5/Device16/IQ_1.dat,25,1959975,14,9,0,test,diff_days_indoor,5,0,0,0,0,0,0.17155714333057404
data/raw/osu_lora/Diff_Days_Indoor_Setup/Day5/Device16/IQ_1.dat,26,2038374,14,9,0,test,diff_days_indoor,5,0,0,0,0,0,0.2290486991405487
data/raw/osu_lora/Diff_Days_Indoor_Setup/Day5/Device16/IQ_1.dat,27,2116773,14,9,0,test,diff_days_indoor,5,0,0,0,0,0,0.17273245751857758
data/raw/osu_lora/Diff_Days_Indoor_Setup/Day5/Device16/IQ_1.dat,28,2195172,14,9,0,test,diff_days_indoor,5,0,0,0,0,0,0.2054847627878189
data/raw/osu_lora/Diff_Days_Indoor_Setup/Day5/Device16/IQ_1.dat,29,2273571,14,10,0,test,diff_days_indoor,5,0,0,0,0,0,0.24076798558235168
data/raw/osu_lora/Diff_Days_Indoor_Setup/Day5/Device16/IQ_1.dat,30,2351970,14,14,1,test,diff_days_indoor,5,0,0,0,0,0,0.2312803566455841
data/raw/osu_lora/Diff_Days_Indoor_Setup/Day5/Device16/IQ_1.dat,31,2430369,14,14,1,test,diff_days_indoor,5,0,0,0,0,0,0.24798551201820374
data/raw/osu_lora/Diff_Days_Indoor_Setup/Day5/Device16/IQ_1.dat,32,2508768,14,14,1,test,diff_days_indoor,5,0,0,0,0,0,0.22932669520378113
data/raw/osu_lora/Diff_Days_Indoor_Setup/Day5/Device16/IQ_1.dat,33,2587167,14,9,0,test,diff_days_indoor,5,0,0,0,0,0,0.2067878693342209
data/raw/osu_lora/Diff_Days_Indoor_Setup/Day5/Device16/IQ_1.dat,34,2665566,14,13,0,test,diff_days_indoor,5,0,0,0,0,0,0.1633569300174713
data/raw/osu_lora/Diff_Days_Indoor_Setup/Day5/Device16/IQ_1.dat,35,2743965,14,13,0,test,diff_days_indoor,5,0,0,0,0,0,0.17268182337284088
data/raw/osu_lora/Diff_Days_Indoor_Setup/Day5/Device16/IQ_1.dat,36,2822364,14,13,0,test,diff_days_indoor,5,0,0,0,0,0,0.16564880311489105
data/raw/osu_lora/Diff_Days_Indoor_Setup/Day5/Device16/IQ_1.dat,37,2900763,14,9,0,test,diff_days_indoor,5,0,0,0,0,0,0.22771601378917694
data/raw/osu_lora/Diff_Days_Indoor_Setup/Day5/Device16/IQ_1.dat,38,2979162,14,9,0,test,diff_days_indoor,5,0,0,0,0,0,0.22523930668830872
data/raw/osu_lora/Diff_Days_Indoor_Setup/Day5/Device16/IQ_1.dat,39,3057561,14,9,0,test,diff_days_indoor,5,0,0,0,0,0,0.22743098437786102
data/raw/osu_lora/Diff_Days_Indoor_Setup/Day5/Device16/IQ_1.dat,40,3135960,14,14,1,test,diff_days_indoor,5,0,0,0,0,0,0.23378576338291168
data/raw/osu_lora/Diff_Days_Indoor_Setup/Day5/Device16/IQ_1.dat,41,3214359,14,9,0,test,diff_days_indoor,5,0,0,0,0,0,0.22459979355335236
data/raw/osu_lora/Diff_Days_Indoor_Setup/Day5/Device16/IQ_1.dat,42,3292758,14,14,1,test,diff_days_indoor,5,0,0,0,0,0,0.23182912170886993
data/raw/osu_lora/Diff_Days_Indoor_Setup/Day5/Device16/IQ_1.dat,43,3371157,14,14,1,test,diff_days_indoor,5,0,0,0,0,0,0.24174192547798157
data/raw/osu_lora/Diff_Days_Indoor_Setup/Day5/Device16/IQ_1.dat,44,3449556,14,9,0,test,diff_days_indoor,5,0,0,0,0,0,0.22257328033447266
data/raw/osu_lora/Diff_Days_Indoor_Setup/Day5/Device16/IQ_1.dat,45,3527955,14,9,0,test,diff_days_indoor,5,0,0,0,0,0,0.22734962403774261
data/raw/osu_lora/Diff_Days_Indoor_Setup/Day5/Device16/IQ_1.dat,46,3606354,14,9,0,test,diff_days_indoor,5,0,0,0,0,0,0.16914135217666626
data/raw/osu_lora/Diff_Days_Indoor_Setup/Day5/Device16/IQ_1.dat,47,3684753,14,9,0,test,diff_days_indoor,5,0,0,0,0,0,0.216104194521904
data/raw/osu_lora/Diff_Days_Indoor_Setup/Day5/Device16/IQ_1.dat,48,3763152,14,9,0,test,diff_days_indoor,5,0,0,0,0,0,0.22675897181034088
data/raw/osu_lora/Diff_Days_Indoor_Setup/Day5/Device16/IQ_1.dat,49,3841551,14,9,0,test,diff_days_indoor,5,0,0,0,0,0,0.17236344516277313
data/raw/osu_lora/Diff_Days_Indoor_Setup/Day5/Device16/IQ_1.dat,50,3919950,14,14,1,test,diff_days_indoor,5,0,0,0,0,0,0.2402380406856537
data/raw/osu_lora/Diff_Days_Indoor_Setup/Day5/Device16/IQ_1.dat,51,3998349,14,14,1,test,diff_days_indoor,5,0,0,0,0,0,0.2344946414232254
data/raw/osu_lora/Diff_Days_Indoor_Setup/Day5/Device16/IQ_1.dat,52,4076748,14,14,1,test,diff_days_indoor,5,0,0,0,0,0,0.23204056918621063
data/raw/osu_lora/Diff_Days_Indoor_Setup/Day5/Device16/IQ_1.dat,53,4155147,14,9,0,test,diff_days_indoor,5,0,0,0,0,0,0.2178986668586731
data/raw/osu_lora/Diff_Days_Indoor_Setup/Day5/Device16/IQ_1.dat,54,4233546,14,14,1,test,diff_days_indoor,5,0,0,0,0,0,0.2208462655544281
data/raw/osu_lora/Diff_Days_Indoor_Setup/Day5/Device16/IQ_1.dat,55,4311945,14,13,0,test,diff_days_indoor,5,0,0,0,0,0,0.1737806648015976
data/raw/osu_lora/Diff_Days_Indoor_Setup/Day5/Device16/IQ_1.dat,56,4390344,14,9,0,test,diff_days_indoor,5,0,0,0,0,0,0.17134830355644226
data/raw/osu_lora/Diff_Days_Indoor_Setup/Day5/Device16/IQ_1.dat,57,4468743,14,9,0,test,diff_days_indoor,5,0,0,0,0,0,0.2243681699037552
data/raw/osu_lora/Diff_Days_Indoor_Setup/Day5/Device16/IQ_1.dat,58,4547142,14,9,0,test,diff_days_indoor,5,0,0,0,0,0,0.23062504827976227
data/raw/osu_lora/Diff_Days_Indoor_Setup/Day5/Device16/IQ_1.dat,59,4625541,14,9,0,test,diff_days_indoor,5,0,0,0,0,0,0.17332473397254944
data/raw/osu_lora/Diff_Days_Indoor_Setup/Day5/Device16/IQ_1.dat,60,4703940,14,14,1,test,diff_days_indoor,5,0,0,0,0,0,0.22681084275245667
data/raw/osu_lora/Diff_Days_Indoor_Setup/Day5/Device16/IQ_1.dat,61,4782339,14,14,1,test,diff_days_indoor,5,0,0,0,0,0,0.24513758718967438
data/raw/osu_lora/Diff_Days_Indoor_Setup/Day5/Device16/IQ_1.dat,62,4860738,14,9,0,test,diff_days_indoor,5,0,0,0,0,0,0.22822031378746033
data/raw/osu_lora/Diff_Days_Indoor_Setup/Day5/Device16/IQ_1.dat,63,4939137,14,14,1,test,diff_days_indoor,5,0,0,0,0,0,0.22752252221107483
data/raw/osu_lora/Diff_Days_Indoor_Setup/Day5/Device16/IQ_1.dat,64,5017536,14,9,0,test,diff_days_indoor,5,0,0,0,0,0,0.23049698770046234
data/raw/osu_lora/Diff_Days_Indoor_Setup/Day5/Device16/IQ_1.dat,65,5095935,14,9,0,test,diff_days_indoor,5,0,0,0,0,0,0.20298102498054504
data/raw/osu_lora/Diff_Days_Indoor_Setup/Day5/Device16/IQ_1.dat,66,5174334,14,9,0,test,diff_days_indoor,5,0,0,0,0,0,0.22711384296417236
data/raw/osu_lora/Diff_Days_Indoor_Setup/Day5/Device16/IQ_1.dat,67,5252733,14,13,0,test,diff_days_indoor,5,0,0,0,0,0,0.17016743123531342
data/raw/osu_lora/Diff_Days_Indoor_Setup/Day5/Device16/IQ_1.dat,68,5331132,14,9,0,test,diff_days_indoor,5,0,0,0,0,0,0.18927453458309174
data/raw/osu_lora/Diff_Days_Indoor_Setup/Day5/Device16/IQ_1.dat,69,5409531,14,13,0,test,diff_days_indoor,5,0,0,0,0,0,0.16992482542991638
data/raw/osu_lora/Diff_Days_Indoor_Setup/Day5/Device16/IQ_1.dat,70,5487930,14,7,0,test,diff_days_indoor,5,0,0,0,0,0,0.12824219465255737
data/raw/osu_lora/Diff_Days_Indoor_Setup/Day5/Device16/IQ_1.dat,71,5566329,14,14,1,test,diff_days_indoor,5,0,0,0,0,0,0.23228751122951508
data/raw/osu_lora/Diff_Days_Indoor_Setup/Day5/Device16/IQ_1.dat,72,5644728,14,9,0,test,diff_days_indoor,5,0,0,0,0,0,0.2294987440109253
data/raw/osu_lora/Diff_Days_Indoor_Setup/Day5/Device16/IQ_1.dat,73,5723127,14,9,0,test,diff_days_indoor,5,0,0,0,0,0,0.22996042668819427
data/raw/osu_lora/Diff_Days_Indoor_Setup/Day5/Device16/IQ_1.dat,74,5801526,14,14,1,test,diff_days_indoor,5,0,0,0,0,0,0.22959774732589722
data/raw/osu_lora/Diff_Days_Indoor_Setup/Day5/Device16/IQ_1.dat,75,5879925,14,9,0,test,diff_days_indoor,5,0,0,0,0,0,0.22885406017303467
data/raw/osu_lora/Diff_Days_Indoor_Setup/Day5/Device16/IQ_1.dat,76,5958324,14,9,0,test,diff_days_indoor,5,0,0,0,0,0,0.22071701288223267
data/raw/osu_lora/Diff_Days_Indoor_Setup/Day5/Device16/IQ_1.dat,77,6036723,14,9,0,test,diff_days_indoor,5,0,0,0,0,0,0.18396738171577454
data/raw/osu_lora/Diff_Days_Indoor_Setup/Day5/Device16/IQ_1.dat,78,6115122,14,16,0,test,diff_days_indoor,5,0,0,0,0,0,0.15672266483306885
data/raw/osu_lora/Diff_Days_Indoor_Setup/Day5/Device16/IQ_1.dat,79,6193521,14,13,0,test,diff_days_indoor,5,0,0,0,0,0,0.1722424477338791
data/raw/osu_lora/Diff_Days_Indoor_Setup/Day5/Device16/IQ_1.dat,80,6271920,14,13,0,test,diff_days_indoor,5,0,0,0,0,0,0.1747256964445114
data/raw/osu_lora/Diff_Days_Indoor_Setup/Day5/Device16/IQ_1.dat,81,6350319,14,9,0,test,diff_days_indoor,5,0,0,0,0,0,0.2267092764377594
data/raw/osu_lora/Diff_Days_Indoor_Setup/Day5/Device16/IQ_1.dat,82,6428718,14,9,0,test,diff_days_indoor,5,0,0,0,0,0,0.23001933097839355
data/raw/osu_lora/Diff_Days_Indoor_Setup/Day5/Device16/IQ_1.dat,83,6507117,14,9,0,test,diff_days_indoor,5,0,0,0,0,0,0.22824141383171082
data/raw/osu_lora/Diff_Days_Indoor_Setup/Day5/Device16/IQ_1.dat,84,6585516,14,14,1,test,diff_days_indoor,5,0,0,0,0,0,0.23379720747470856
data/raw/osu_lora/Diff_Days_Indoor_Setup/Day5/Device16/IQ_1.dat,85,6663915,14,9,0,test,diff_days_indoor,5,0,0,0,0,0,0.2296621948480606
data/raw/osu_lora/Diff_Days_Indoor_Setup/Day5/Device16/IQ_1.dat,86,6742314,14,13,0,test,diff_days_indoor,5,0,0,0,0,0,0.1720866560935974
data/raw/osu_lora/Diff_Days_Indoor_Setup/Day5/Device16/IQ_1.dat,87,6820713,14,9,0,test,diff_days_indoor,5,0,0,0,0,0,0.17152917385101318
data/raw/osu_lora/Diff_Days_Indoor_Setup/Day5/Device16/IQ_1.dat,88,6899112,14,13,0,test,diff_days_indoor,5,0,0,0,0,0,0.16996635496616364
data/raw/osu_lora/Diff_Days_Indoor_Setup/Day5/Device16/IQ_1.dat,89,6977511,14,9,0,test,diff_days_indoor,5,0,0,0,0,0,0.19810809195041656
data/raw/osu_lora/Diff_Days_Indoor_Setup/Day5/Device16/IQ_1.dat,90,7055910,14,9,0,test,diff_days_indoor,5,0,0,0,0,0,0.21491076052188873
data/raw/osu_lora/Diff_Days_Indoor_Setup/Day5/Device16/IQ_1.dat,91,7134309,14,14,1,test,diff_days_indoor,5,0,0,0,0,0,0.2418661266565323
data/raw/osu_lora/Diff_Days_Indoor_Setup/Day5/Device16/IQ_1.dat,92,7212708,14,21,0,test,diff_days_indoor,5,0,0,0,0,0,0.22623027861118317
data/raw/osu_lora/Diff_Days_Indoor_Setup/Day5/Device16/IQ_1.dat,93,7291107,14,9,0,test,diff_days_indoor,5,0,0,0,0,0,0.2277309000492096
data/raw/osu_lora/Diff_Days_Indoor_Setup/Day5/Device16/IQ_1.dat,94,7369506,14,14,1,test,diff_days_indoor,5,0,0,0,0,0,0.2363172173500061
data/raw/osu_lora/Diff_Days_Indoor_Setup/Day5/Device16/IQ_1.dat,95,7447905,14,14,1,test,diff_days_indoor,5,0,0,0,0,0,0.22876405715942383
data/raw/osu_lora/Diff_Days_Indoor_Setup/Day5/Device16/IQ_1.dat,96,7526304,14,14,1,test,diff_days_indoor,5,0,0,0,0,0,0.22625750303268433
data/raw/osu_lora/Diff_Days_Indoor_Setup/Day5/Device16/IQ_1.dat,97,7604703,14,9,0,test,diff_days_indoor,5,0,0,0,0,0,0.21476952731609344
data/raw/osu_lora/Diff_Days_Indoor_Setup/Day5/Device16/IQ_1.dat,98,7683102,14,9,0,test,diff_days_indoor,5,0,0,0,0,0,0.2280556708574295
data/raw/osu_lora/Diff_Days_Indoor_Setup/Day5/Device16/IQ_1.dat,99,7761501,14,9,0,test,diff_days_indoor,5,0,0,0,0,0,0.20896485447883606
data/raw/osu_lora/Diff_Days_Indoor_Setup/Day5/Device16/IQ_1.dat,100,7839900,14,9,0,test,diff_days_indoor,5,0,0,0,0,0,0.20009392499923706
data/raw/osu_lora/Diff_Days_Indoor_Setup/Day5/Device16/IQ_1.dat,101,7918299,14,9,0,test,diff_days_indoor,5,0,0,0,0,0,0.212016299366951
data/raw/osu_lora/Diff_Days_Indoor_Setup/Day5/Device16/IQ_1.dat,102,7996698,14,14,1,test,diff_days_indoor,5,0,0,0,0,0,0.22971586883068085
data/raw/osu_lora/Diff_Days_Indoor_Setup/Day5/Device16/IQ_1.dat,103,8075097,14,14,1,test,diff_days_indoor,5,0,0,0,0,0,0.23708854615688324
data/raw/osu_lora/Diff_Days_Indoor_Setup/Day5/Device16/IQ_1.dat,104,8153496,14,9,0,test,diff_days_indoor,5,0,0,0,0,0,0.21039578318595886
data/raw/osu_lora/Diff_Days_Indoor_Setup/Day5/Device16/IQ_1.dat,105,8231895,14,14,1,test,diff_days_indoor,5,0,0,0,0,0,0.23103661835193634
data/raw/osu_lora/Diff_Days_Indoor_Setup/Day5/Device16/IQ_1.dat,106,8310294,14,9,0,test,diff_days_indoor,5,0,0,0,0,0,0.22770212590694427
data/raw/osu_lora/Diff_Days_Indoor_Setup/Day5/Device16/IQ_1.dat,107,8388693,14,9,0,test,diff_days_indoor,5,0,0,0,0,0,0.21090078353881836
data/raw/osu_lora/Diff_Days_Indoor_Setup/Day5/Device16/IQ_1.dat,108,8467092,14,13,0,test,diff_days_indoor,5,0,0,0,0,0,0.16950348019599915
data/raw/osu_lora/Diff_Days_Indoor_Setup/Day5/Device16/IQ_1.dat,109,8545491,14,13,0,test,diff_days_indoor,5,0,0,0,0,0,0.15893076360225677
data/raw/osu_lora/Diff_Days_Indoor_Setup/Day5/Device16/IQ_1.dat,110,8623890,14,9,0,test,diff_days_indoor,5,0,0,0,0,0,0.22584952414035797
data/raw/osu_lora/Diff_Days_Indoor_Setup/Day5/Device16/IQ_1.dat,111,8702289,14,13,0,test,diff_days_indoor,5,0,0,0,0,0,0.16202925145626068
data/raw/osu_lora/Diff_Days_Indoor_Setup/Day5/Device16/IQ_1.dat,112,8780688,14,14,1,test,diff_days_indoor,5,0,0,0,0,0,0.25184929370880127
data/raw/osu_lora/Diff_Days_Indoor_Setup/Day5/Device16/IQ_1.dat,113,8859087,14,14,1,test,diff_days_indoor,5,0,0,0,0,0,0.242595836520195
data/raw/osu_lora/Diff_Days_Indoor_Setup/Day5/Device16/IQ_1.dat,114,8937486,14,14,1,test,diff_days_indoor,5,0,0,0,0,0,0.2386138141155243
data/raw/osu_lora/Diff_Days_Indoor_Setup/Day5/Device16/IQ_1.dat,115,9015885,14,9,0,test,diff_days_indoor,5,0,0,0,0,0,0.22692790627479553
data/raw/osu_lora/Diff_Days_Indoor_Setup/Day5/Device16/IQ_1.dat,116,9094284,14,9,0,test,diff_days_indoor,5,0,0,0,0,0,0.2285631150007248
data/raw/osu_lora/Diff_Days_Indoor_Setup/Day5/Device16/IQ_1.dat,117,9172683,14,16,0,test,diff_days_indoor,5,0,0,0,0,0,0.11656880378723145
data/raw/osu_lora/Diff_Days_Indoor_Setup/Day5/Device16/IQ_1.dat,118,9251082,14,9,0,test,diff_days_indoor,5,0,0,0,0,0,0.20056843757629395
data/raw/osu_lora/Diff_Days_Indoor_Setup/Day5/Device16/IQ_1.dat,119,9329481,14,9,0,test,diff_days_indoor,5,0,0,0,0,0,0.18912142515182495
data/raw/osu_lora/Diff_Days_Indoor_Setup/Day5/Device16/IQ_1.dat,120,9407880,14,9,0,test,diff_days_indoor,5,0,0,0,0,0,0.19181521236896515
data/raw/osu_lora/Diff_Days_Indoor_Setup/Day5/Device16/IQ_1.dat,121,9486279,14,9,0,test,diff_days_indoor,5,0,0,0,0,0,0.22790591418743134
data/raw/osu_lora/Diff_Days_Indoor_Setup/Day5/Device16/IQ_1.dat,122,9564678,14,9,0,test,diff_days_indoor,5,0,0,0,0,0,0.2156534343957901
data/raw/osu_lora/Diff_Days_Indoor_Setup/Day5/Device16/IQ_1.dat,123,9643077,14,9,0,test,diff_days_indoor,5,0,0,0,0,0,0.231502503156662
data/raw/osu_lora/Diff_Days_Indoor_Setup/Day5/Device16/IQ_1.dat,124,9721476,14,9,0,test,diff_days_indoor,5,0,0,0,0,0,0.22997626662254333
data/raw/osu_lora/Diff_Days_Indoor_Setup/Day5/Device16/IQ_1.dat,125,9799875,14,14,1,test,diff_days_indoor,5,0,0,0,0,0,0.24514809250831604
data/raw/osu_lora/Diff_Days_Indoor_Setup/Day5/Device16/IQ_1.dat,126,9878274,14,9,0,test,diff_days_indoor,5,0,0,0,0,0,0.20000490546226501
data/raw/osu_lora/Diff_Days_Indoor_Setup/Day5/Device16/IQ_1.dat,127,9956673,14,14,1,test,diff_days_indoor,5,0,0,0,0,0,0.24293850362300873
data/raw/osu_lora/Diff_Days_Indoor_Setup/Day5/Device16/IQ_1.dat,128,10035072,14,9,0,test,diff_days_indoor,5,0,0,0,0,0,0.1956585794687271
data/raw/osu_lora/Diff_Days_Indoor_Setup/Day5/Device16/IQ_1.dat,129,10113471,14,16,0,test,diff_days_indoor,5,0,0,0,0,0,0.15698422491550446
data/raw/osu_lora/Diff_Days_Indoor_Setup/Day5/Device16/IQ_1.dat,130,10191870,14,9,0,test,diff_days_indoor,5,0,0,0,0,0,0.2245149314403534
data/raw/osu_lora/Diff_Days_Indoor_Setup/Day5/Device16/IQ_1.dat,131,10270269,14,9,0,test,diff_days_indoor,5,0,0,0,0,0,0.20784924924373627
data/raw/osu_lora/Diff_Days_Indoor_Setup/Day5/Device16/IQ_1.dat,132,10348668,14,9,0,test,diff_days_indoor,5,0,0,0,0,0,0.2152496576309204
data/raw/osu_lora/Diff_Days_Indoor_Setup/Day5/Device16/IQ_1.dat,133,10427067,14,14,1,test,diff_days_indoor,5,0,0,0,0,0,0.23595686256885529
data/raw/osu_lora/Diff_Days_Indoor_Setup/Day5/Device16/IQ_1.dat,134,10505466,14,9,0,test,diff_days_indoor,5,0,0,0,0,0,0.23047080636024475
data/raw/osu_lora/Diff_Days_Indoor_Setup/Day5/Device16/IQ_1.dat,135,10583865,14,14,1,test,diff_days_indoor,5,0,0,0,0,0,0.254949152469635
data/raw/osu_lora/Diff_Days_Indoor_Setup/Day5/Device16/IQ_1.dat,136,10662264,14,14,1,test,diff_days_indoor,5,0,0,0,0,0,0.23193739354610443
data/raw/osu_lora/Diff_Days_Indoor_Setup/Day5/Device16/IQ_1.dat,137,10740663,14,9,0,test,diff_days_indoor,5,0,0,0,0,0,0.23132957518100739
data/raw/osu_lora/Diff_Days_Indoor_Setup/Day5/Device16/IQ_1.dat,138,10819062,14,13,0,test,diff_days_indoor,5,0,0,0,0,0,0.15967975556850433
data/raw/osu_lora/Diff_Days_Indoor_Setup/Day5/Device16/IQ_1.dat,139,10897461,14,9,0,test,diff_days_indoor,5,0,0,0,0,0,0.22675634920597076
data/raw/osu_lora/Diff_Days_Indoor_Setup/Day5/Device16/IQ_1.dat,140,10975860,14,13,0,test,diff_days_indoor,5,0,0,0,0,0,0.1704609990119934
data/raw/osu_lora/Diff_Days_Indoor_Setup/Day5/Device16/IQ_1.dat,141,11054259,14,9,0,test,diff_days_indoor,5,0,0,0,0,0,0.16762204468250275
data/raw/osu_lora/Diff_Days_Indoor_Setup/Day5/Device16/IQ_1.dat,142,11132658,14,9,0,test,diff_days_indoor,5,0,0,0,0,0,0.17652033269405365
data/raw/osu_lora/Diff_Days_Indoor_Setup/Day5/Device16/IQ_1.dat,143,11211057,14,9,0,test,diff_days_indoor,5,0,0,0,0,0,0.17450684309005737
data/raw/osu_lora/Diff_Days_Indoor_Setup/Day5/Device16/IQ_1.dat,144,11289456,14,14,1,test,diff_days_indoor,5,0,0,0,0,0,0.23396381735801697
data/raw/osu_lora/Diff_Days_Indoor_Setup/Day5/Device16/IQ_1.dat,145,11367855,14,9,0,test,diff_days_indoor,5,0,0,0,0,0,0.22136226296424866
data/raw/osu_lora/Diff_Days_Indoor_Setup/Day5/Device16/IQ_1.dat,146,11446254,14,14,1,test,diff_days_indoor,5,0,0,0,0,0,0.235134556889534
data/raw/osu_lora/Diff_Days_Indoor_Setup/Day5/Device16/IQ_1.dat,147,11524653,14,14,1,test,diff_days_indoor,5,0,0,0,0,0,0.23951369524002075
data/raw/osu_lora/Diff_Days_Indoor_Setup/Day5/Device16/IQ_1.dat,148,11603052,14,9,0,test,diff_days_indoor,5,0,0,0,0,0,0.22704897820949554
data/raw/osu_lora/Diff_Days_Indoor_Setup/Day5/Device16/IQ_1.dat,149,11681451,14,9,0,test,diff_days_indoor,5,0,0,0,0,0,0.22880472242832184
data/raw/osu_lora/Diff_Days_Indoor_Setup/Day5/Device16/IQ_1.dat,150,11759850,14,9,0,test,diff_days_indoor,5,0,0,0,0,0,0.19992274045944214
data/raw/osu_lora/Diff_Days_Indoor_Setup/Day5/Device16/IQ_1.dat,151,11838249,14,13,0,test,diff_days_indoor,5,0,0,0,0,0,0.17379552125930786
data/raw/osu_lora/Diff_Days_Indoor_Setup/Day5/Device16/IQ_1.dat,152,11916648,14,9,0,test,diff_days_indoor,5,0,0,0,0,0,0.22302331030368805
data/raw/osu_lora/Diff_Days_Indoor_Setup/Day5/Device16/IQ_1.dat,153,11995047,14,13,0,test,diff_days_indoor,5,0,0,0,0,0,0.16276730597019196
data/raw/osu_lora/Diff_Days_Indoor_Setup/Day5/Device16/IQ_1.dat,154,12073446,14,9,0,test,diff_days_indoor,5,0,0,0,0,0,0.222162127494812
data/raw/osu_lora/Diff_Days_Indoor_Setup/Day5/Device16/IQ_1.dat,155,12151845,14,9,0,test,diff_days_indoor,5,0,0,0,0,0,0.22801640629768372
data/raw/osu_lora/Diff_Days_Indoor_Setup/Day5/Device16/IQ_1.dat,156,12230244,14,9,0,test,diff_days_indoor,5,0,0,0,0,0,0.23040860891342163
data/raw/osu_lora/Diff_Days_Indoor_Setup/Day5/Device16/IQ_1.dat,157,12308643,14,14,1,test,diff_days_indoor,5,0,0,0,0,0,0.2363673746585846
data/raw/osu_lora/Diff_Days_Indoor_Setup/Day5/Device16/IQ_1.dat,158,12387042,14,9,0,test,diff_days_indoor,5,0,0,0,0,0,0.2280305027961731
data/raw/osu_lora/Diff_Days_Indoor_Setup/Day5/Device16/IQ_1.dat,159,12465441,14,13,0,test,diff_days_indoor,5,0,0,0,0,0,0.16828350722789764
data/raw/osu_lora/Diff_Days_Indoor_Setup/Day5/Device16/IQ_1.dat,160,12543840,14,9,0,test,diff_days_indoor,5,0,0,0,0,0,0.20189686119556427
data/raw/osu_lora/Diff_Days_Indoor_Setup/Day5/Device16/IQ_1.dat,161,12622239,14,9,0,test,diff_days_indoor,5,0,0,0,0,0,0.22865533828735352
data/raw/osu_lora/Diff_Days_Indoor_Setup/Day5/Device16/IQ_1.dat,162,12700638,14,13,0,test,diff_days_indoor,5,0,0,0,0,0,0.17001841962337494
data/raw/osu_lora/Diff_Days_Indoor_Setup/Day5/Device16/IQ_1.dat,163,12779037,14,9,0,test,diff_days_indoor,5,0,0,0,0,0,0.1712457686662674
data/raw/osu_lora/Diff_Days_Indoor_Setup/Day5/Device16/IQ_1.dat,164,12857436,14,14,1,test,diff_days_indoor,5,0,0,0,0,0,0.2192354053258896
data/raw/osu_lora/Diff_Days_Indoor_Setup/Day5/Device16/IQ_1.dat,165,12935835,14,10,0,test,diff_days_indoor,5,0,0,0,0,0,0.3140365481376648
data/raw/osu_lora/Diff_Days_Indoor_Setup/Day5/Device16/IQ_1.dat,166,13014234,14,9,0,test,diff_days_indoor,5,0,0,0,0,0,0.2286873757839203
data/raw/osu_lora/Diff_Days_Indoor_Setup/Day5/Device16/IQ_1.dat,167,13092633,14,14,1,test,diff_days_indoor,5,0,0,0,0,0,0.2376062572002411
data/raw/osu_lora/Diff_Days_Indoor_Setup/Day5/Device16/IQ_1.dat,168,13171032,14,14,1,test,diff_days_indoor,5,0,0,0,0,0,0.23503105342388153
data/raw/osu_lora/Diff_Days_Indoor_Setup/Day5/Device16/IQ_1.dat,169,13249431,14,14,1,test,diff_days_indoor,5,0,0,0,0,0,0.23032520711421967
data/raw/osu_lora/Diff_Days_Indoor_Setup/Day5/Device16/IQ_1.dat,170,13327830,14,9,0,test,diff_days_indoor,5,0,0,0,0,0,0.19968999922275543
data/raw/osu_lora/Diff_Days_Indoor_Setup/Day5/Device16/IQ_1.dat,171,13406229,14,9,0,test,diff_days_indoor,5,0,0,0,0,0,0.22707760334014893
data/raw/osu_lora/Diff_Days_Indoor_Setup/Day5/Device16/IQ_1.dat,172,13484628,14,9,0,test,diff_days_indoor,5,0,0,0,0,0,0.21828697621822357
data/raw/osu_lora/Diff_Days_Indoor_Setup/Day5/Device16/IQ_1.dat,173,13563027,14,13,0,test,diff_days_indoor,5,0,0,0,0,0,0.16769501566886902
data/raw/osu_lora/Diff_Days_Indoor_Setup/Day5/Device16/IQ_1.dat,174,13641426,14,9,0,test,diff_days_indoor,5,0,0,0,0,0,0.22752010822296143
data/raw/osu_lora/Diff_Days_Indoor_Setup/Day5/Device16/IQ_1.dat,175,13719825,14,9,0,test,diff_days_indoor,5,0,0,0,0,0,0.22883735597133636
data/raw/osu_lora/Diff_Days_Indoor_Setup/Day5/Device16/IQ_1.dat,176,13798224,14,10,0,test,diff_days_indoor,5,0,0,0,0,0,0.23778975009918213
data/raw/osu_lora/Diff_Days_Indoor_Setup/Day5/Device16/IQ_1.dat,177,13876623,14,14,1,test,diff_days_indoor,5,0,0,0,0,0,0.24802035093307495
data/raw/osu_lora/Diff_Days_Indoor_Setup/Day5/Device16/IQ_1.dat,178,13955022,14,14,1,test,diff_days_indoor,5,0,0,0,0,0,0.23526540398597717
data/raw/osu_lora/Diff_Days_Indoor_Setup/Day5/Device16/IQ_1.dat,179,14033421,14,9,0,test,diff_days_indoor,5,0,0,0,0,0,0.2299678772687912
data/raw/osu_lora/Diff_Days_Indoor_Setup/Day5/Device16/IQ_1.dat,180,14111820,14,9,0,test,diff_days_indoor,5,0,0,0,0,0,0.20717138051986694
data/raw/osu_lora/Diff_Days_Indoor_Setup/Day5/Device16/IQ_1.dat,181,14190219,14,9,0,test,diff_days_indoor,5,0,0,0,0,0,0.224659264087677
data/raw/osu_lora/Diff_Days_Indoor_Setup/Day5/Device16/IQ_1.dat,182,14268618,14,9,0,test,diff_days_indoor,5,0,0,0,0,0,0.16696639358997345
data/raw/osu_lora/Diff_Days_Indoor_Setup/Day5/Device16/IQ_1.dat,183,14347017,14,9,0,test,diff_days_indoor,5,0,0,0,0,0,0.22944863140583038
data/raw/osu_lora/Diff_Days_Indoor_Setup/Day5/Device16/IQ_1.dat,184,14425416,14,9,0,test,diff_days_indoor,5,0,0,0,0,0,0.18101784586906433
data/raw/osu_lora/Diff_Days_Indoor_Setup/Day5/Device16/IQ_1.dat,185,14503815,14,9,0,test,diff_days_indoor,5,0,0,0,0,0,0.21425408124923706
data/raw/osu_lora/Diff_Days_Indoor_Setup/Day5/Device16/IQ_1.dat,186,14582214,14,14,1,test,diff_days_indoor,5,0,0,0,0,0,0.2201349288225174
data/raw/osu_lora/Diff_Days_Indoor_Setup/Day5/Device16/IQ_1.dat,187,14660613,14,9,0,test,diff_days_indoor,5,0,0,0,0,0,0.22575731575489044
data/raw/osu_lora/Diff_Days_Indoor_Setup/Day5/Device16/IQ_1.dat,188,14739012,14,9,0,test,diff_days_indoor,5,0,0,0,0,0,0.23133671283721924
data/raw/osu_lora/Diff_Days_Indoor_Setup/Day5/Device16/IQ_1.dat,189,14817411,14,14,1,test,diff_days_indoor,5,0,0,0,0,0,0.2364407628774643
data/raw/osu_lora/Diff_Days_Indoor_Setup/Day5/Device16/IQ_1.dat,190,14895810,14,9,0,test,diff_days_indoor,5,0,0,0,0,0,0.21631363034248352
data/raw/osu_lora/Diff_Days_Indoor_Setup/Day5/Device16/IQ_1.dat,191,14974209,14,9,0,test,diff_days_indoor,5,0,0,0,0,0,0.22715121507644653
data/raw/osu_lora/Diff_Days_Indoor_Setup/Day5/Device16/IQ_1.dat,192,15052608,14,9,0,test,diff_days_indoor,5,0,0,0,0,0,0.20938706398010254
data/raw/osu_lora/Diff_Days_Indoor_Setup/Day5/Device16/IQ_1.dat,193,15131007,14,9,0,test,diff_days_indoor,5,0,0,0,0,0,0.18149082362651825
data/raw/osu_lora/Diff_Days_Indoor_Setup/Day5/Device16/IQ_1.dat,194,15209406,14,9,0,test,diff_days_indoor,5,0,0,0,0,0,0.22887900471687317
data/raw/osu_lora/Diff_Days_Indoor_Setup/Day5/Device16/IQ_1.dat,195,15287805,14,9,0,test,diff_days_indoor,5,0,0,0,0,0,0.20438528060913086
data/raw/osu_lora/Diff_Days_Indoor_Setup/Day5/Device16/IQ_1.dat,196,15366204,14,9,0,test,diff_days_indoor,5,0,0,0,0,0,0.22277328372001648
data/raw/osu_lora/Diff_Days_Indoor_Setup/Day5/Device16/IQ_1.dat,197,15444603,14,14,1,test,diff_days_indoor,5,0,0,0,0,0,0.24188880622386932
data/raw/osu_lora/Diff_Days_Indoor_Setup/Day5/Device16/IQ_1.dat,198,15523002,14,9,0,test,diff_days_indoor,5,0,0,0,0,0,0.23025333881378174
data/raw/osu_lora/Diff_Days_Indoor_Setup/Day5/Device16/IQ_1.dat,199,15601401,14,9,0,test,diff_days_indoor,5,0,0,0,0,0,0.22951103746891022
data/raw/osu_lora/Diff_Days_Indoor_Setup/Day5/Device16/IQ_1.dat,200,15679800,14,14,1,test,diff_days_indoor,5,0,0,0,0,0,0.23684009909629822
data/raw/osu_lora/Diff_Days_Indoor_Setup/Day5/Device16/IQ_1.dat,201,15758199,14,9,0,test,diff_days_indoor,5,0,0,0,0,0,0.20806850492954254
data/raw/osu_lora/Diff_Days_Indoor_Setup/Day5/Device16/IQ_1.dat,202,15836598,14,9,0,test,diff_days_indoor,5,0,0,0,0,0,0.2208133488893509
data/raw/osu_lora/Diff_Days_Indoor_Setup/Day5/Device16/IQ_1.dat,203,15914997,14,9,0,test,diff_days_indoor,5,0,0,0,0,0,0.17819593846797943
data/raw/osu_lora/Diff_Days_Indoor_Setup/Day5/Device16/IQ_1.dat,204,15993396,14,9,0,test,diff_days_indoor,5,0,0,0,0,0,0.21969415247440338
data/raw/osu_lora/Diff_Days_Indoor_Setup/Day5/Device16/IQ_1.dat,205,16071795,14,9,0,test,diff_days_indoor,5,0,0,0,0,0,0.2283560186624527
data/raw/osu_lora/Diff_Days_Indoor_Setup/Day5/Device16/IQ_1.dat,206,16150194,14,14,1,test,diff_days_indoor,5,0,0,0,0,0,0.2482999712228775
data/raw/osu_lora/Diff_Days_Indoor_Setup/Day5/Device16/IQ_1.dat,207,16228593,14,14,1,test,diff_days_indoor,5,0,0,0,0,0,0.23394690454006195
data/raw/osu_lora/Diff_Days_Indoor_Setup/Day5/Device16/IQ_1.dat,208,16306992,14,14,1,test,diff_days_indoor,5,0,0,0,0,0,0.22941136360168457
data/raw/osu_lora/Diff_Days_Indoor_Setup/Day5/Device16/IQ_1.dat,209,16385391,14,9,0,test,diff_days_indoor,5,0,0,0,0,0,0.23138852417469025
data/raw/osu_lora/Diff_Days_Indoor_Setup/Day5/Device16/IQ_1.dat,210,16463790,14,10,0,test,diff_days_indoor,5,0,0,0,0,0,0.26628589630126953
data/raw/osu_lora/Diff_Days_Indoor_Setup/Day5/Device16/IQ_1.dat,211,16542189,14,13,0,test,diff_days_indoor,5,0,0,0,0,0,0.16650830209255219
data/raw/osu_lora/Diff_Days_Indoor_Setup/Day5/Device16/IQ_1.dat,212,16620588,14,9,0,test,diff_days_indoor,5,0,0,0,0,0,0.229696124792099
data/raw/osu_lora/Diff_Days_Indoor_Setup/Day5/Device16/IQ_1.dat,213,16698987,14,9,0,test,diff_days_indoor,5,0,0,0,0,0,0.182913139462471
data/raw/osu_lora/Diff_Days_Indoor_Setup/Day5/Device16/IQ_1.dat,214,16777386,14,9,0,test,diff_days_indoor,5,0,0,0,0,0,0.22375306487083435
data/raw/osu_lora/Diff_Days_Indoor_Setup/Day5/Device16/IQ_1.dat,215,16855785,14,13,0,test,diff_days_indoor,5,0,0,0,0,0,0.17379024624824524
data/raw/osu_lora/Diff_Days_Indoor_Setup/Day5/Device16/IQ_1.dat,216,16934184,14,9,0,test,diff_days_indoor,5,0,0,0,0,0,0.2267352193593979
data/raw/osu_lora/Diff_Days_Indoor_Setup/Day5/Device16/IQ_1.dat,217,17012583,14,14,1,test,diff_days_indoor,5,0,0,0,0,0,0.22988440096378326
data/raw/osu_lora/Diff_Days_Indoor_Setup/Day5/Device16/IQ_1.dat,218,17090982,14,14,1,test,diff_days_indoor,5,0,0,0,0,0,0.2550133466720581
data/raw/osu_lora/Diff_Days_Indoor_Setup/Day5/Device16/IQ_1.dat,219,17169381,14,14,1,test,diff_days_indoor,5,0,0,0,0,0,0.23263557255268097
data/raw/osu_lora/Diff_Days_Indoor_Setup/Day5/Device16/IQ_1.dat,220,17247780,14,14,1,test,diff_days_indoor,5,0,0,0,0,0,0.23102568089962006
data/raw/osu_lora/Diff_Days_Indoor_Setup/Day5/Device16/IQ_1.dat,221,17326179,14,9,0,test,diff_days_indoor,5,0,0,0,0,0,0.2304295003414154
data/raw/osu_lora/Diff_Days_Indoor_Setup/Day5/Device16/IQ_1.dat,222,17404578,14,9,0,test,diff_days_indoor,5,0,0,0,0,0,0.22264088690280914
data/raw/osu_lora/Diff_Days_Indoor_Setup/Day5/Device16/IQ_1.dat,223,17482977,14,9,0,test,diff_days_indoor,5,0,0,0,0,0,0.22826477885246277
data/raw/osu_lora/Diff_Days_Indoor_Setup/Day5/Device16/IQ_1.dat,224,17561376,14,9,0,test,diff_days_indoor,5,0,0,0,0,0,0.19075560569763184
data/raw/osu_lora/Diff_Days_Indoor_Setup/Day5/Device16/IQ_1.dat,225,17639775,14,9,0,test,diff_days_indoor,5,0,0,0,0,0,0.2236926406621933
data/raw/osu_lora/Diff_Days_Indoor_Setup/Day5/Device16/IQ_1.dat,226,17718174,14,13,0,test,diff_days_indoor,5,0,0,0,0,0,0.1632309854030609
data/raw/osu_lora/Diff_Days_Indoor_Setup/Day5/Device16/IQ_1.dat,227,17796573,14,14,1,test,diff_days_indoor,5,0,0,0,0,0,0.23191092908382416
data/raw/osu_lora/Diff_Days_Indoor_Setup/Day5/Device16/IQ_1.dat,228,17874972,14,14,1,test,diff_days_indoor,5,0,0,0,0,0,0.23126564919948578
data/raw/osu_lora/Diff_Days_Indoor_Setup/Day5/Device16/IQ_1.dat,229,17953371,14,9,0,test,diff_days_indoor,5,0,0,0,0,0,0.2244659811258316
data/raw/osu_lora/Diff_Days_Indoor_Setup/Day5/Device16/IQ_1.dat,230,18031770,14,14,1,test,diff_days_indoor,5,0,0,0,0,0,0.22023910284042358
data/raw/osu_lora/Diff_Days_Indoor_Setup/Day5/Device16/IQ_1.dat,231,18110169,14,14,1,test,diff_days_indoor,5,0,0,0,0,0,0.23219630122184753
data/raw/osu_lora/Diff_Days_Indoor_Setup/Day5/Device16/IQ_1.dat,232,18188568,14,14,1,test,diff_days_indoor,5,0,0,0,0,0,0.2377653568983078
data/raw/osu_lora/Diff_Days_Indoor_Setup/Day5/Device16/IQ_1.dat,233,18266967,14,9,0,test,diff_days_indoor,5,0,0,0,0,0,0.18685153126716614
data/raw/osu_lora/Diff_Days_Indoor_Setup/Day5/Device16/IQ_1.dat,234,18345366,14,9,0,test,diff_days_indoor,5,0,0,0,0,0,0.20469029247760773
data/raw/osu_lora/Diff_Days_Indoor_Setup/Day5/Device16/IQ_1.dat,235,18423765,14,9,0,test,diff_days_indoor,5,0,0,0,0,0,0.22919894754886627
data/raw/osu_lora/Diff_Days_Indoor_Setup/Day5/Device16/IQ_1.dat,236,18502164,14,13,0,test,diff_days_indoor,5,0,0,0,0,0,0.1675943285226822
data/raw/osu_lora/Diff_Days_Indoor_Setup/Day5/Device16/IQ_1.dat,237,18580563,14,21,0,test,diff_days_indoor,5,0,0,0,0,0,0.21487943828105927
data/raw/osu_lora/Diff_Days_Indoor_Setup/Day5/Device16/IQ_1.dat,238,18658962,14,14,1,test,diff_days_indoor,5,0,0,0,0,0,0.2369174212217331
data/raw/osu_lora/Diff_Days_Indoor_Setup/Day5/Device16/IQ_1.dat,239,18737361,14,14,1,test,diff_days_indoor,5,0,0,0,0,0,0.22151614725589752
data/raw/osu_lora/Diff_Days_Indoor_Setup/Day5/Device16/IQ_1.dat,240,18815760,14,14,1,test,diff_days_indoor,5,0,0,0,0,0,0.23306438326835632
data/raw/osu_lora/Diff_Days_Indoor_Setup/Day5/Device16/IQ_1.dat,241,18894159,14,9,0,test,diff_days_indoor,5,0,0,0,0,0,0.22285708785057068
data/raw/osu_lora/Diff_Days_Indoor_Setup/Day5/Device16/IQ_1.dat,242,18972558,14,10,0,test,diff_days_indoor,5,0,0,0,0,0,0.24161599576473236
data/raw/osu_lora/Diff_Days_Indoor_Setup/Day5/Device16/IQ_1.dat,243,19050957,14,13,0,test,diff_days_indoor,5,0,0,0,0,0,0.16668245196342468
data/raw/osu_lora/Diff_Days_Indoor_Setup/Day5/Device16/IQ_1.dat,244,19129356,14,13,0,test,diff_days_indoor,5,0,0,0,0,0,0.17302212119102478
data/raw/osu_lora/Diff_Days_Indoor_Setup/Day5/Device16/IQ_1.dat,245,19207755,14,9,0,test,diff_days_indoor,5,0,0,0,0,0,0.22830770909786224
data/raw/osu_lora/Diff_Days_Indoor_Setup/Day5/Device16/IQ_1.dat,246,19286154,14,13,0,test,diff_days_indoor,5,0,0,0,0,0,0.16166380047798157
data/raw/osu_lora/Diff_Days_Indoor_Setup/Day5/Device16/IQ_1.dat,247,19364553,14,9,0,test,diff_days_indoor,5,0,0,0,0,0,0.1703350841999054
data/raw/osu_lora/Diff_Days_Indoor_Setup/Day5/Device16/IQ_1.dat,248,19442952,14,9,0,test,diff_days_indoor,5,0,0,0,0,0,0.23081070184707642
data/raw/osu_lora/Diff_Days_Indoor_Setup/Day5/Device16/IQ_1.dat,249,19521351,14,14,1,test,diff_days_indoor,5,0,0,0,0,0,0.2297924906015396
data/raw/osu_lora/Diff_Days_Indoor_Setup/Day5/Device16/IQ_1.dat,250,19599750,14,14,1,test,diff_days_indoor,5,0,0,0,0,0,0.25322282314300537
data/raw/osu_lora/Diff_Days_Indoor_Setup/Day5/Device16/IQ_1.dat,251,19678149,14,9,0,test,diff_days_indoor,5,0,0,0,0,0,0.20047414302825928
data/raw/osu_lora/Diff_Days_Indoor_Setup/Day5/Device16/IQ_1.dat,252,19756548,14,14,1,test,diff_days_indoor,5,0,0,0,0,0,0.2381156086921692
data/raw/osu_lora/Diff_Days_Indoor_Setup/Day5/Device16/IQ_1.dat,253,19834947,14,9,0,test,diff_days_indoor,5,0,0,0,0,0,0.20655778050422668
data/raw/osu_lora/Diff_Days_Indoor_Setup/Day5/Device16/IQ_1.dat,254,19913346,14,13,0,test,diff_days_indoor,5,0,0,0,0,0,0.1602885127067566
data/raw/osu_lora/Diff_Days_Indoor_Setup/Day5/Device16/IQ_1.dat,255,19991745,14,9,0,test,diff_days_indoor,5,0,0,0,0,0,0.2270900458097458
data/raw/osu_lora/Diff_Days_Indoor_Setup/Day5/Device17/IQ_1.dat,0,0,15,15,1,test,diff_days_indoor,5,0,0,0,0,0,0.24648632109165192
data/raw/osu_lora/Diff_Days_Indoor_Setup/Day5/Device17/IQ_1.dat,1,78399,15,15,1,test,diff_days_indoor,5,0,0,0,0,0,0.25947892665863037
data/raw/osu_lora/Diff_Days_Indoor_Setup/Day5/Device17/IQ_1.dat,2,156798,15,15,1,test,diff_days_indoor,5,0,0,0,0,0,0.2503005862236023
data/raw/osu_lora/Diff_Days_Indoor_Setup/Day5/Device17/IQ_1.dat,3,235197,15,15,1,test,diff_days_indoor,5,0,0,0,0,0,0.2526981830596924
data/raw/osu_lora/Diff_Days_Indoor_Setup/Day5/Device17/IQ_1.dat,4,313596,15,15,1,test,diff_days_indoor,5,0,0,0,0,0,0.2534021735191345
data/raw/osu_lora/Diff_Days_Indoor_Setup/Day5/Device17/IQ_1.dat,5,391995,15,7,0,test,diff_days_indoor,5,0,0,0,0,0,0.13714872300624847
data/raw/osu_lora/Diff_Days_Indoor_Setup/Day5/Device17/IQ_1.dat,6,470394,15,15,1,test,diff_days_indoor,5,0,0,0,0,0,0.2575637102127075
data/raw/osu_lora/Diff_Days_Indoor_Setup/Day5/Device17/IQ_1.dat,7,548793,15,22,0,test,diff_days_indoor,5,0,0,0,0,0,0.2640681564807892
data/raw/osu_lora/Diff_Days_Indoor_Setup/Day5/Device17/IQ_1.dat,8,627192,15,15,1,test,diff_days_indoor,5,0,0,0,0,0,0.2386942356824875
data/raw/osu_lora/Diff_Days_Indoor_Setup/Day5/Device17/IQ_1.dat,9,705591,15,15,1,test,diff_days_indoor,5,0,0,0,0,0,0.22545337677001953
data/raw/osu_lora/Diff_Days_Indoor_Setup/Day5/Device17/IQ_1.dat,10,783990,15,19,0,test,diff_days_indoor,5,0,0,0,0,0,0.26119422912597656
data/raw/osu_lora/Diff_Days_Indoor_Setup/Day5/Device17/IQ_1.dat,11,862389,15,19,0,test,diff_days_indoor,5,0,0,0,0,0,0.2780759036540985
data/raw/osu_lora/Diff_Days_Indoor_Setup/Day5/Device17/IQ_1.dat,12,940788,15,22,0,test,diff_days_indoor,5,0,0,0,0,0,0.20914150774478912
data/raw/osu_lora/Diff_Days_Indoor_Setup/Day5/Device17/IQ_1.dat,13,1019187,15,15,1,test,diff_days_indoor,5,0,0,0,0,0,0.25451186299324036
data/raw/osu_lora/Diff_Days_Indoor_Setup/Day5/Device17/IQ_1.dat,14,1097586,15,15,1,test,diff_days_indoor,5,0,0,0,0,0,0.26000821590423584
data/raw/osu_lora/Diff_Days_Indoor_Setup/Day5/Device17/IQ_1.dat,15,1175985,15,22,0,test,diff_days_indoor,5,0,0,0,0,0,0.28352344036102295
data/raw/osu_lora/Diff_Days_Indoor_Setup/Day5/Device17/IQ_1.dat,16,1254384,15,15,1,test,diff_days_indoor,5,0,0,0,0,0,0.2551414668560028
data/raw/osu_lora/Diff_Days_Indoor_Setup/Day5/Device17/IQ_1.dat,17,1332783,15,15,1,test,diff_days_indoor,5,0,0,0,0,0,0.23472370207309723
data/raw/osu_lora/Diff_Days_Indoor_Setup/Day5/Device17/IQ_1.dat,18,1411182,15,15,1,test,diff_days_indoor,5,0,0,0,0,0,0.24842023849487305
data/raw/osu_lora/Diff_Days_Indoor_Setup/Day5/Device17/IQ_1.dat,19,1489581,15,15,1,test,diff_days_indoor,5,0,0,0,0,0,0.2614336311817169
data/raw/osu_lora/Diff_Days_Indoor_Setup/Day5/Device17/IQ_1.dat,20,1567980,15,15,1,test,diff_days_indoor,5,0,0,0,0,0,0.2543588876724243
data/raw/osu_lora/Diff_Days_Indoor_Setup/Day5/Device17/IQ_1.dat,21,1646379,15,22,0,test,diff_days_indoor,5,0,0,0,0,0,0.21503759920597076
data/raw/osu_lora/Diff_Days_Indoor_Setup/Day5/Device17/IQ_1.dat,22,1724778,15,15,1,test,diff_days_indoor,5,0,0,0,0,0,0.2575194835662842
data/raw/osu_lora/Diff_Days_Indoor_Setup/Day5/Device17/IQ_1.dat,23,1803177,15,15,1,test,diff_days_indoor,5,0,0,0,0,0,0.2634596526622772
data/raw/osu_lora/Diff_Days_Indoor_Setup/Day5/Device17/IQ_1.dat,24,1881576,15,15,1,test,diff_days_indoor,5,0,0,0,0,0,0.24195221066474915
data/raw/osu_lora/Diff_Days_Indoor_Setup/Day5/Device17/IQ_1.dat,25,1959975,15,19,0,test,diff_days_indoor,5,0,0,0,0,0,0.283906489610672
data/raw/osu_lora/Diff_Days_Indoor_Setup/Day5/Device17/IQ_1.dat,26,2038374,15,22,0,test,diff_days_indoor,5,0,0,0,0,0,0.21347294747829437
data/raw/osu_lora/Diff_Days_Indoor_Setup/Day5/Device17/IQ_1.dat,27,2116773,15,15,1,test,diff_days_indoor,5,0,0,0,0,0,0.19513553380966187
data/raw/osu_lora/Diff_Days_Indoor_Setup/Day5/Device17/IQ_1.dat,28,2195172,15,15,1,test,diff_days_indoor,5,0,0,0,0,0,0.25730958580970764
data/raw/osu_lora/Diff_Days_Indoor_Setup/Day5/Device17/IQ_1.dat,29,2273571,15,22,0,test,diff_days_indoor,5,0,0,0,0,0,0.2647157907485962
data/raw/osu_lora/Diff_Days_Indoor_Setup/Day5/Device17/IQ_1.dat,30,2351970,15,15,1,test,diff_days_indoor,5,0,0,0,0,0,0.24350768327713013
data/raw/osu_lora/Diff_Days_Indoor_Setup/Day5/Device17/IQ_1.dat,31,2430369,15,7,0,test,diff_days_indoor,5,0,0,0,0,0,0.13278836011886597
data/raw/osu_lora/Diff_Days_Indoor_Setup/Day5/Device17/IQ_1.dat,32,2508768,15,15,1,test,diff_days_indoor,5,0,0,0,0,0,0.22006359696388245
data/raw/osu_lora/Diff_Days_Indoor_Setup/Day5/Device17/IQ_1.dat,33,2587167,15,22,0,test,diff_days_indoor,5,0,0,0,0,0,0.2584480941295624
data/raw/osu_lora/Diff_Days_Indoor_Setup/Day5/Device17/IQ_1.dat,34,2665566,15,15,1,test,diff_days_indoor,5,0,0,0,0,0,0.19403786957263947
data/raw/osu_lora/Diff_Days_Indoor_Setup/Day5/Device17/IQ_1.dat,35,2743965,15,22,0,test,diff_days_indoor,5,0,0,0,0,0,0.28218334913253784
data/raw/osu_lora/Diff_Days_Indoor_Setup/Day5/Device17/IQ_1.dat,36,2822364,15,15,1,test,diff_days_indoor,5,0,0,0,0,0,0.25041455030441284
data/raw/osu_lora/Diff_Days_Indoor_Setup/Day5/Device17/IQ_1.dat,37,2900763,15,15,1,test,diff_days_indoor,5,0,0,0,0,0,0.25527223944664
data/raw/osu_lora/Diff_Days_Indoor_Setup/Day5/Device17/IQ_1.dat,38,2979162,15,17,0,test,diff_days_indoor,5,0,0,0,0,0,0.18257567286491394
data/raw/osu_lora/Diff_Days_Indoor_Setup/Day5/Device17/IQ_1.dat,39,3057561,15,15,1,test,diff_days_indoor,5,0,0,0,0,0,0.25873592495918274
data/raw/osu_lora/Diff_Days_Indoor_Setup/Day5/Device17/IQ_1.dat,40,3135960,15,19,0,test,diff_days_indoor,5,0,0,0,0,0,0.2591075897216797
data/raw/osu_lora/Diff_Days_Indoor_Setup/Day5/Device17/IQ_1.dat,41,3214359,15,15,1,test,diff_days_indoor,5,0,0,0,0,0,0.25328606367111206
data/raw/osu_lora/Diff_Days_Indoor_Setup/Day5/Device17/IQ_1.dat,42,3292758,15,15,1,test,diff_days_indoor,5,0,0,0,0,0,0.2069891095161438
data/raw/osu_lora/Diff_Days_Indoor_Setup/Day5/Device17/IQ_1.dat,43,3371157,15,15,1,test,diff_days_indoor,5,0,0,0,0,0,0.2549941837787628
data/raw/osu_lora/Diff_Days_Indoor_Setup/Day5/Device17/IQ_1.dat,44,3449556,15,19,0,test,diff_days_indoor,5,0,0,0,0,0,0.26910707354545593
data/raw/osu_lora/Diff_Days_Indoor_Setup/Day5/Device17/IQ_1.dat,45,3527955,15,15,1,test,diff_days_indoor,5,0,0,0,0,0,0.2537318468093872
data/raw/osu_lora/Diff_Days_Indoor_Setup/Day5/Device17/IQ_1.dat,46,3606354,15,17,0,test,diff_days_indoor,5,0,0,0,0,0,0.1819809377193451
data/raw/osu_lora/Diff_Days_Indoor_Setup/Day5/Device17/IQ_1.dat,47,3684753,15,15,1,test,diff_days_indoor,5,0,0,0,0,0,0.2526741325855255
data/raw/osu_lora/Diff_Days_Indoor_Setup/Day5/Device17/IQ_1.dat,48,3763152,15,15,1,test,diff_days_indoor,5,0,0,0,0,0,0.26361843943595886
data/raw/osu_lora/Diff_Days_Indoor_Setup/Day5/Device17/IQ_1.dat,49,3841551,15,15,1,test,diff_days_indoor,5,0,0,0,0,0,0.23132546246051788
data/raw/osu_lora/Diff_Days_Indoor_Setup/Day5/Device17/IQ_1.dat,50,3919950,15,15,1,test,diff_days_indoor,5,0,0,0,0,0,0.24981768429279327
data/raw/osu_lora/Diff_Days_Indoor_Setup/Day5/Device17/IQ_1.dat,51,3998349,15,22,0,test,diff_days_indoor,5,0,0,0,0,0,0.274336576461792
data/raw/osu_lora/Diff_Days_Indoor_Setup/Day5/Device17/IQ_1.dat,52,4076748,15,15,1,test,diff_days_indoor,5,0,0,0,0,0,0.22150886058807373
data/raw/osu_lora/Diff_Days_Indoor_Setup/Day5/Device17/IQ_1.dat,53,4155147,15,15,1,test,diff_days_indoor,5,0,0,0,0,0,0.25417560338974
data/raw/osu_lora/Diff_Days_Indoor_Setup/Day5/Device17/IQ_1.dat,54,4233546,15,15,1,test,diff_days_indoor,5,0,0,0,0,0,0.2581002116203308
data/raw/osu_lora/Diff_Days_Indoor_Setup/Day5/Device17/IQ_1.dat,55,4311945,15,15,1,test,diff_days_indoor,5,0,0,0,0,0,0.24956783652305603
data/raw/osu_lora/Diff_Days_Indoor_Setup/Day5/Device17/IQ_1.dat,56,4390344,15,15,1,test,diff_days_indoor,5,0,0,0,0,0,0.25574028491973877
data/raw/osu_lora/Diff_Days_Indoor_Setup/Day5/Device17/IQ_1.dat,57,4468743,15,15,1,test,diff_days_indoor,5,0,0,0,0,0,0.2541678845882416
data/raw/osu_lora/Diff_Days_Indoor_Setup/Day5/Device17/IQ_1.dat,58,4547142,15,22,0,test,diff_days_indoor,5,0,0,0,0,0,0.26859423518180847
data/raw/osu_lora/Diff_Days_Indoor_Setup/Day5/Device17/IQ_1.dat,59,4625541,15,15,1,test,diff_days_indoor,5,0,0,0,0,0,0.25668102502822876
data/raw/osu_lora/Diff_Days_Indoor_Setup/Day5/Device17/IQ_1.dat,60,4703940,15,15,1,test,diff_days_indoor,5,0,0,0,0,0,0.19044704735279083
data/raw/osu_lora/Diff_Days_Indoor_Setup/Day5/Device17/IQ_1.dat,61,4782339,15,15,1,test,diff_days_indoor,5,0,0,0,0,0,0.18689532577991486
data/raw/osu_lora/Diff_Days_Indoor_Setup/Day5/Device17/IQ_1.dat,62,4860738,15,15,1,test,diff_days_indoor,5,0,0,0,0,0,0.20695462822914124
data/raw/osu_lora/Diff_Days_Indoor_Setup/Day5/Device17/IQ_1.dat,63,4939137,15,22,0,test,diff_days_indoor,5,0,0,0,0,0,0.27118203043937683
data/raw/osu_lora/Diff_Days_Indoor_Setup/Day5/Device17/IQ_1.dat,64,5017536,15,15,1,test,diff_days_indoor,5,0,0,0,0,0,0.19829292595386505
data/raw/osu_lora/Diff_Days_Indoor_Setup/Day5/Device17/IQ_1.dat,65,5095935,15,15,1,test,diff_days_indoor,5,0,0,0,0,0,0.191630557179451
data/raw/osu_lora/Diff_Days_Indoor_Setup/Day5/Device17/IQ_1.dat,66,5174334,15,15,1,test,diff_days_indoor,5,0,0,0,0,0,0.24569496512413025
data/raw/osu_lora/Diff_Days_Indoor_Setup/Day5/Device17/IQ_1.dat,67,5252733,15,15,1,test,diff_days_indoor,5,0,0,0,0,0,0.24526311457157135
data/raw/osu_lora/Diff_Days_Indoor_Setup/Day5/Device17/IQ_1.dat,68,5331132,15,15,1,test,diff_days_indoor,5,0,0,0,0,0,0.24988846480846405
data/raw/osu_lora/Diff_Days_Indoor_Setup/Day5/Device17/IQ_1.dat,69,5409531,15,15,1,test,diff_days_indoor,5,0,0,0,0,0,0.25217199325561523
data/raw/osu_lora/Diff_Days_Indoor_Setup/Day5/Device17/IQ_1.dat,70,5487930,15,22,0,test,diff_days_indoor,5,0,0,0,0,0,0.2438151091337204
data/raw/osu_lora/Diff_Days_Indoor_Setup/Day5/Device17/IQ_1.dat,71,5566329,15,19,0,test,diff_days_indoor,5,0,0,0,0,0,0.2592257559299469
data/raw/osu_lora/Diff_Days_Indoor_Setup/Day5/Device17/IQ_1.dat,72,5644728,15,15,1,test,diff_days_indoor,5,0,0,0,0,0,0.22255702316761017
data/raw/osu_lora/Diff_Days_Indoor_Setup/Day5/Device17/IQ_1.dat,73,5723127,15,22,0,test,diff_days_indoor,5,0,0,0,0,0,0.24324944615364075
data/raw/osu_lora/Diff_Days_Indoor_Setup/Day5/Device17/IQ_1.dat,74,5801526,15,15,1,test,diff_days_indoor,5,0,0,0,0,0,0.2558737099170685
data/raw/osu_lora/Diff_Days_Indoor_Setup/Day5/Device17/IQ_1.dat,75,5879925,15,15,1,test,diff_days_indoor,5,0,0,0,0,0,0.25017249584198
data/raw/osu_lora/Diff_Days_Indoor_Setup/Day5/Device17/IQ_1.dat,76,5958324,15,15,1,test,diff_days_indoor,5,0,0,0,0,0,0.24793295562267303
data/raw/osu_lora/Diff_Days_Indoor_Setup/Day5/Device17/IQ_1.dat,77,6036723,15,15,1,test,diff_days_indoor,5,0,0,0,0,0,0.25592562556266785
data/raw/osu_lora/Diff_Days_Indoor_Setup/Day5/Device17/IQ_1.dat,78,6115122,15,7,0,test,diff_days_indoor,5,0,0,0,0,0,0.13482926785945892
data/raw/osu_lora/Diff_Days_Indoor_Setup/Day5/Device17/IQ_1.dat,79,6193521,15,15,1,test,diff_days_indoor,5,0,0,0,0,0,0.24427184462547302
data/raw/osu_lora/Diff_Days_Indoor_Setup/Day5/Device17/IQ_1.dat,80,6271920,15,15,1,test,diff_days_indoor,5,0,0,0,0,0,0.256135493516922
data/raw/osu_lora/Diff_Days_Indoor_Setup/Day5/Device17/IQ_1.dat,81,6350319,15,15,1,test,diff_days_indoor,5,0,0,0,0,0,0.2551155686378479
data/raw/osu_lora/Diff_Days_Indoor_Setup/Day5/Device17/IQ_1.dat,82,6428718,15,15,1,test,diff_days_indoor,5,0,0,0,0,0,0.23436395823955536
data/raw/osu_lora/Diff_Days_Indoor_Setup/Day5/Device17/IQ_1.dat,83,6507117,15,15,1,test,diff_days_indoor,5,0,0,0,0,0,0.25262653827667236
data/raw/osu_lora/Diff_Days_Indoor_Setup/Day5/Device17/IQ_1.dat,84,6585516,15,15,1,test,diff_days_indoor,5,0,0,0,0,0,0.2565567195415497
data/raw/osu_lora/Diff_Days_Indoor_Setup/Day5/Device17/IQ_1.dat,85,6663915,15,17,0,test,diff_days_indoor,5,0,0,0,0,0,0.18237443268299103
data/raw/osu_lora/Diff_Days_Indoor_Setup/Day5/Device17/IQ_1.dat,86,6742314,15,15,1,test,diff_days_indoor,5,0,0,0,0,0,0.20670390129089355
data/raw/osu_lora/Diff_Days_Indoor_Setup/Day5/Device17/IQ_1.dat,87,6820713,15,19,0,test,diff_days_indoor,5,0,0,0,0,0,0.2675251066684723
data/raw/osu_lora/Diff_Days_Indoor_Setup/Day5/Device17/IQ_1.dat,88,6899112,15,15,1,test,diff_days_indoor,5,0,0,0,0,0,0.24684439599514008
data/raw/osu_lora/Diff_Days_Indoor_Setup/Day5/Device17/IQ_1.dat,89,6977511,15,15,1,test,diff_days_indoor,5,0,0,0,0,0,0.24938401579856873
data/raw/osu_lora/Diff_Days_Indoor_Setup/Day5/Device17/IQ_1.dat,90,7055910,15,15,1,test,diff_days_indoor,5,0,0,0,0,0,0.25769054889678955
data/raw/osu_lora/Diff_Days_Indoor_Setup/Day5/Device17/IQ_1.dat,91,7134309,15,15,1,test,diff_days_indoor,5,0,0,0,0,0,0.22427253425121307
data/raw/osu_lora/Diff_Days_Indoor_Setup/Day5/Device17/IQ_1.dat,92,7212708,15,15,1,test,diff_days_indoor,5,0,0,0,0,0,0.25500547885894775
data/raw/osu_lora/Diff_Days_Indoor_Setup/Day5/Device17/IQ_1.dat,93,7291107,15,22,0,test,diff_days_indoor,5,0,0,0,0,0,0.2547284960746765
data/raw/osu_lora/Diff_Days_Indoor_Setup/Day5/Device17/IQ_1.dat,94,7369506,15,15,1,test,diff_days_indoor,5,0,0,0,0,0,0.23476195335388184
data/raw/osu_lora/Diff_Days_Indoor_Setup/Day5/Device17/IQ_1.dat,95,7447905,15,15,1,test,diff_days_indoor,5,0,0,0,0,0,0.2523851990699768
data/raw/osu_lora/Diff_Days_Indoor_Setup/Day5/Device17/IQ_1.dat,96,7526304,15,15,1,test,diff_days_indoor,5,0,0,0,0,0,0.2552950382232666
data/raw/osu_lora/Diff_Days_Indoor_Setup/Day5/Device17/IQ_1.dat,97,7604703,15,22,0,test,diff_days_indoor,5,0,0,0,0,0,0.2749285101890564
data/raw/osu_lora/Diff_Days_Indoor_Setup/Day5/Device17/IQ_1.dat,98,7683102,15,15,1,test,diff_days_indoor,5,0,0,0,0,0,0.2500971257686615
data/raw/osu_lora/Diff_Days_Indoor_Setup/Day5/Device17/IQ_1.dat,99,7761501,15,19,0,test,diff_days_indoor,5,0,0,0,0,0,0.3468770980834961
data/raw/osu_lora/Diff_Days_Indoor_Setup/Day5/Device17/IQ_1.dat,100,7839900,15,15,1,test,diff_days_indoor,5,0,0,0,0,0,0.2541350722312927
data/raw/osu_lora/Diff_Days_Indoor_Setup/Day5/Device17/IQ_1.dat,101,7918299,15,15,1,test,diff_days_indoor,5,0,0,0,0,0,0.2575693130493164
data/raw/osu_lora/Diff_Days_Indoor_Setup/Day5/Device17/IQ_1.dat,102,7996698,15,19,0,test,diff_days_indoor,5,0,0,0,0,0,0.2581309378147125
data/raw/osu_lora/Diff_Days_Indoor_Setup/Day5/Device17/IQ_1.dat,103,8075097,15,15,1,test,diff_days_indoor,5,0,0,0,0,0,0.18053479492664337
data/raw/osu_lora/Diff_Days_Indoor_Setup/Day5/Device17/IQ_1.dat,104,8153496,15,15,1,test,diff_days_indoor,5,0,0,0,0,0,0.23755164444446564
data/raw/osu_lora/Diff_Days_Indoor_Setup/Day5/Device17/IQ_1.dat,105,8231895,15,15,1,test,diff_days_indoor,5,0,0,0,0,0,0.2512643039226532
data/raw/osu_lora/Diff_Days_Indoor_Setup/Day5/Device17/IQ_1.dat,106,8310294,15,22,0,test,diff_days_indoor,5,0,0,0,0,0,0.2606440484523773
data/raw/osu_lora/Diff_Days_Indoor_Setup/Day5/Device17/IQ_1.dat,107,8388693,15,15,1,test,diff_days_indoor,5,0,0,0,0,0,0.23386284708976746
data/raw/osu_lora/Diff_Days_Indoor_Setup/Day5/Device17/IQ_1.dat,108,8467092,15,22,0,test,diff_days_indoor,5,0,0,0,0,0,0.27830877900123596
data/raw/osu_lora/Diff_Days_Indoor_Setup/Day5/Device17/IQ_1.dat,109,8545491,15,15,1,test,diff_days_indoor,5,0,0,0,0,0,0.2065759003162384
data/raw/osu_lora/Diff_Days_Indoor_Setup/Day5/Device17/IQ_1.dat,110,8623890,15,17,0,test,diff_days_indoor,5,0,0,0,0,0,0.18297837674617767
data/raw/osu_lora/Diff_Days_Indoor_Setup/Day5/Device17/IQ_1.dat,111,8702289,15,15,1,test,diff_days_indoor,5,0,0,0,0,0,0.18447478115558624
data/raw/osu_lora/Diff_Days_Indoor_Setup/Day5/Device17/IQ_1.dat,112,8780688,15,22,0,test,diff_days_indoor,5,0,0,0,0,0,0.2630898654460907
data/raw/osu_lora/Diff_Days_Indoor_Setup/Day5/Device17/IQ_1.dat,113,8859087,15,15,1,test,diff_days_indoor,5,0,0,0,0,0,0.25181975960731506
data/raw/osu_lora/Diff_Days_Indoor_Setup/Day5/Device17/IQ_1.dat,114,8937486,15,19,0,test,diff_days_indoor,5,0,0,0,0,0,0.2619874179363251
data/raw/osu_lora/Diff_Days_Indoor_Setup/Day5/Device17/IQ_1.dat,115,9015885,15,15,1,test,diff_days_indoor,5,0,0,0,0,0,0.20606324076652527
data/raw/osu_lora/Diff_Days_Indoor_Setup/Day5/Device17/IQ_1.dat,116,9094284,15,15,1,test,diff_days_indoor,5,0,0,0,0,0,0.25148722529411316
data/raw/osu_lora/Diff_Days_Indoor_Setup/Day5/Device17/IQ_1.dat,117,9172683,15,15,1,test,diff_days_indoor,5,0,0,0,0,0,0.2597466707229614
data/raw/osu_lora/Diff_Days_Indoor_Setup/Day5/Device17/IQ_1.dat,118,9251082,15,15,1,test,diff_days_indoor,5,0,0,0,0,0,0.1906641572713852
data/raw/osu_lora/Diff_Days_Indoor_Setup/Day5/Device17/IQ_1.dat,119,9329481,15,15,1,test,diff_days_indoor,5,0,0,0,0,0,0.1844305396080017
data/raw/osu_lora/Diff_Days_Indoor_Setup/Day5/Device17/IQ_1.dat,120,9407880,15,15,1,test,diff_days_indoor,5,0,0,0,0,0,0.24744351208209991
data/raw/osu_lora/Diff_Days_Indoor_Setup/Day5/Device17/IQ_1.dat,121,9486279,15,22,0,test,diff_days_indoor,5,0,0,0,0,0,0.2571295499801636
data/raw/osu_lora/Diff_Days_Indoor_Setup/Day5/Device17/IQ_1.dat,122,9564678,15,15,1,test,diff_days_indoor,5,0,0,0,0,0,0.25700098276138306
data/raw/osu_lora/Diff_Days_Indoor_Setup/Day5/Device17/IQ_1.dat,123,9643077,15,15,1,test,diff_days_indoor,5,0,0,0,0,0,0.2323649823665619
data/raw/osu_lora/Diff_Days_Indoor_Setup/Day5/Device17/IQ_1.dat,124,9721476,15,15,1,test,diff_days_indoor,5,0,0,0,0,0,0.2524164617061615
data/raw/osu_lora/Diff_Days_Indoor_Setup/Day5/Device17/IQ_1.dat,125,9799875,15,7,0,test,diff_days_indoor,5,0,0,0,0,0,0.14042812585830688
data/raw/osu_lora/Diff_Days_Indoor_Setup/Day5/Device17/IQ_1.dat,126,9878274,15,15,1,test,diff_days_indoor,5,0,0,0,0,0,0.23923856019973755
data/raw/osu_lora/Diff_Days_Indoor_Setup/Day5/Device17/IQ_1.dat,127,9956673,15,15,1,test,diff_days_indoor,5,0,0,0,0,0,0.2487272173166275
data/raw/osu_lora/Diff_Days_Indoor_Setup/Day5/Device17/IQ_1.dat,128,10035072,15,15,1,test,diff_days_indoor,5,0,0,0,0,0,0.2329157292842865
data/raw/osu_lora/Diff_Days_Indoor_Setup/Day5/Device17/IQ_1.dat,129,10113471,15,22,0,test,diff_days_indoor,5,0,0,0,0,0,0.2190351039171219
data/raw/osu_lora/Diff_Days_Indoor_Setup/Day5/Device17/IQ_1.dat,130,10191870,15,15,1,test,diff_days_indoor,5,0,0,0,0,0,0.2551771402359009
data/raw/osu_lora/Diff_Days_Indoor_Setup/Day5/Device17/IQ_1.dat,131,10270269,15,15,1,test,diff_days_indoor,5,0,0,0,0,0,0.21354904770851135
data/raw/osu_lora/Diff_Days_Indoor_Setup/Day5/Device17/IQ_1.dat,132,10348668,15,17,0,test,diff_days_indoor,5,0,0,0,0,0,0.1846894770860672
data/raw/osu_lora/Diff_Days_Indoor_Setup/Day5/Device17/IQ_1.dat,133,10427067,15,15,1,test,diff_days_indoor,5,0,0,0,0,0,0.22858025133609772
data/raw/osu_lora/Diff_Days_Indoor_Setup/Day5/Device17/IQ_1.dat,134,10505466,15,15,1,test,diff_days_indoor,5,0,0,0,0,0,0.257193922996521
data/raw/osu_lora/Diff_Days_Indoor_Setup/Day5/Device17/IQ_1.dat,135,10583865,15,15,1,test,diff_days_indoor,5,0,0,0,0,0,0.25906968116760254
data/raw/osu_lora/Diff_Days_Indoor_Setup/Day5/Device17/IQ_1.dat,136,10662264,15,15,1,test,diff_days_indoor,5,0,0,0,0,0,0.25048691034317017
data/raw/osu_lora/Diff_Days_Indoor_Setup/Day5/Device17/IQ_1.dat,137,10740663,15,17,0,test,diff_days_indoor,5,0,0,0,0,0,0.18538203835487366
data/raw/osu_lora/Diff_Days_Indoor_Setup/Day5/Device17/IQ_1.dat,138,10819062,15,15,1,test,diff_days_indoor,5,0,0,0,0,0,0.24029086530208588
data/raw/osu_lora/Diff_Days_Indoor_Setup/Day5/Device17/IQ_1.dat,139,10897461,15,22,0,test,diff_days_indoor,5,0,0,0,0,0,0.2546609342098236
data/raw/osu_lora/Diff_Days_Indoor_Setup/Day5/Device17/IQ_1.dat,140,10975860,15,15,1,test,diff_days_indoor,5,0,0,0,0,0,0.26128527522087097
data/raw/osu_lora/Diff_Days_Indoor_Setup/Day5/Device17/IQ_1.dat,141,11054259,15,15,1,test,diff_days_indoor,5,0,0,0,0,0,0.25562766194343567
data/raw/osu_lora/Diff_Days_Indoor_Setup/Day5/Device17/IQ_1.dat,142,11132658,15,22,0,test,diff_days_indoor,5,0,0,0,0,0,0.26537927985191345
data/raw/osu_lora/Diff_Days_Indoor_Setup/Day5/Device17/IQ_1.dat,143,11211057,15,15,1,test,diff_days_indoor,5,0,0,0,0,0,0.25962722301483154
data/raw/osu_lora/Diff_Days_Indoor_Setup/Day5/Device17/IQ_1.dat,144,11289456,15,15,1,test,diff_days_indoor,5,0,0,0,0,0,0.2044139951467514
data/raw/osu_lora/Diff_Days_Indoor_Setup/Day5/Device17/IQ_1.dat,145,11367855,15,15,1,test,diff_days_indoor,5,0,0,0,0,0,0.25049206614494324
data/raw/osu_lora/Diff_Days_Indoor_Setup/Day5/Device17/IQ_1.dat,146,11446254,15,22,0,test,diff_days_indoor,5,0,0,0,0,0,0.268130898475647
data/raw/osu_lora/Diff_Days_Indoor_Setup/Day5/Device17/IQ_1.dat,147,11524653,15,15,1,test,diff_days_indoor,5,0,0,0,0,0,0.25321224331855774
data/raw/osu_lora/Diff_Days_Indoor_Setup/Day5/Device17/IQ_1.dat,148,11603052,15,22,0,test,diff_days_indoor,5,0,0,0,0,0,0.2551632821559906
data/raw/osu_lora/Diff_Days_Indoor_Setup/Day5/Device17/IQ_1.dat,149,11681451,15,15,1,test,diff_days_indoor,5,0,0,0,0,0,0.23428814113140106
data/raw/osu_lora/Diff_Days_Indoor_Setup/Day5/Device17/IQ_1.dat,150,11759850,15,17,0,test,diff_days_indoor,5,0,0,0,0,0,0.18365390598773956
data/raw/osu_lora/Diff_Days_Indoor_Setup/Day5/Device17/IQ_1.dat,151,11838249,15,7,0,test,diff_days_indoor,5,0,0,0,0,0,0.13019238412380219
data/raw/osu_lora/Diff_Days_Indoor_Setup/Day5/Device17/IQ_1.dat,152,11916648,15,15,1,test,diff_days_indoor,5,0,0,0,0,0,0.18886059522628784
data/raw/osu_lora/Diff_Days_Indoor_Setup/Day5/Device17/IQ_1.dat,153,11995047,15,15,1,test,diff_days_indoor,5,0,0,0,0,0,0.25706619024276733
data/raw/osu_lora/Diff_Days_Indoor_Setup/Day5/Device17/IQ_1.dat,154,12073446,15,15,1,test,diff_days_indoor,5,0,0,0,0,0,0.24918225407600403
data/raw/osu_lora/Diff_Days_Indoor_Setup/Day5/Device17/IQ_1.dat,155,12151845,15,15,1,test,diff_days_indoor,5,0,0,0,0,0,0.24017605185508728
data/raw/osu_lora/Diff_Days_Indoor_Setup/Day5/Device17/IQ_1.dat,156,12230244,15,15,1,test,diff_days_indoor,5,0,0,0,0,0,0.24201132357120514
data/raw/osu_lora/Diff_Days_Indoor_Setup/Day5/Device17/IQ_1.dat,157,12308643,15,17,0,test,diff_days_indoor,5,0,0,0,0,0,0.17963674664497375
data/raw/osu_lora/Diff_Days_Indoor_Setup/Day5/Device17/IQ_1.dat,158,12387042,15,17,0,test,diff_days_indoor,5,0,0,0,0,0,0.18624186515808105
data/raw/osu_lora/Diff_Days_Indoor_Setup/Day5/Device17/IQ_1.dat,159,12465441,15,15,1,test,diff_days_indoor,5,0,0,0,0,0,0.2558804452419281
data/raw/osu_lora/Diff_Days_Indoor_Setup/Day5/Device17/IQ_1.dat,160,12543840,15,15,1,test,diff_days_indoor,5,0,0,0,0,0,0.2537550628185272
data/raw/osu_lora/Diff_Days_Indoor_Setup/Day5/Device17/IQ_1.dat,161,12622239,15,15,1,test,diff_days_indoor,5,0,0,0,0,0,0.2573850154876709
data/raw/osu_lora/Diff_Days_Indoor_Setup/Day5/Device17/IQ_1.dat,162,12700638,15,15,1,test,diff_days_indoor,5,0,0,0,0,0,0.1905529946088791
data/raw/osu_lora/Diff_Days_Indoor_Setup/Day5/Device17/IQ_1.dat,163,12779037,15,15,1,test,diff_days_indoor,5,0,0,0,0,0,0.25131821632385254
data/raw/osu_lora/Diff_Days_Indoor_Setup/Day5/Device17/IQ_1.dat,164,12857436,15,15,1,test,diff_days_indoor,5,0,0,0,0,0,0.24573656916618347
data/raw/osu_lora/Diff_Days_Indoor_Setup/Day5/Device17/IQ_1.dat,165,12935835,15,15,1,test,diff_days_indoor,5,0,0,0,0,0,0.25152522325515747
data/raw/osu_lora/Diff_Days_Indoor_Setup/Day5/Device17/IQ_1.dat,166,13014234,15,15,1,test,diff_days_indoor,5,0,0,0,0,0,0.25951239466667175
data/raw/osu_lora/Diff_Days_Indoor_Setup/Day5/Device17/IQ_1.dat,167,13092633,15,15,1,test,diff_days_indoor,5,0,0,0,0,0,0.2508365213871002
data/raw/osu_lora/Diff_Days_Indoor_Setup/Day5/Device17/IQ_1.dat,168,13171032,15,22,0,test,diff_days_indoor,5,0,0,0,0,0,0.25696074962615967
data/raw/osu_lora/Diff_Days_Indoor_Setup/Day5/Device17/IQ_1.dat,169,13249431,15,15,1,test,diff_days_indoor,5,0,0,0,0,0,0.24024033546447754
data/raw/osu_lora/Diff_Days_Indoor_Setup/Day5/Device17/IQ_1.dat,170,13327830,15,22,0,test,diff_days_indoor,5,0,0,0,0,0,0.29055488109588623
data/raw/osu_lora/Diff_Days_Indoor_Setup/Day5/Device17/IQ_1.dat,171,13406229,15,15,1,test,diff_days_indoor,5,0,0,0,0,0,0.2531529664993286
data/raw/osu_lora/Diff_Days_Indoor_Setup/Day5/Device17/IQ_1.dat,172,13484628,15,15,1,test,diff_days_indoor,5,0,0,0,0,0,0.2480299472808838
data/raw/osu_lora/Diff_Days_Indoor_Setup/Day5/Device17/IQ_1.dat,173,13563027,15,15,1,test,diff_days_indoor,5,0,0,0,0,0,0.24907511472702026
data/raw/osu_lora/Diff_Days_Indoor_Setup/Day5/Device17/IQ_1.dat,174,13641426,15,15,1,test,diff_days_indoor,5,0,0,0,0,0,0.2509600818157196
data/raw/osu_lora/Diff_Days_Indoor_Setup/Day5/Device17/IQ_1.dat,175,13719825,15,15,1,test,diff_days_indoor,5,0,0,0,0,0,0.2570863664150238
data/raw/osu_lora/Diff_Days_Indoor_Setup/Day5/Device17/IQ_1.dat,176,13798224,15,15,1,test,diff_days_indoor,5,0,0,0,0,0,0.24649938941001892
data/raw/osu_lora/Diff_Days_Indoor_Setup/Day5/Device17/IQ_1.dat,177,13876623,15,15,1,test,diff_days_indoor,5,0,0,0,0,0,0.2501783072948456
data/raw/osu_lora/Diff_Days_Indoor_Setup/Day5/Device17/IQ_1.dat,178,13955022,15,15,1,test,diff_days_indoor,5,0,0,0,0,0,0.25277289748191833
data/raw/osu_lora/Diff_Days_Indoor_Setup/Day5/Device17/IQ_1.dat,179,14033421,15,22,0,test,diff_days_indoor,5,0,0,0,0,0,0.2494732290506363
data/raw/osu_lora/Diff_Days_Indoor_Setup/Day5/Device17/IQ_1.dat,180,14111820,15,17,0,test,diff_days_indoor,5,0,0,0,0,0,0.18265430629253387
data/raw/osu_lora/Diff_Days_Indoor_Setup/Day5/Device17/IQ_1.dat,181,14190219,15,15,1,test,diff_days_indoor,5,0,0,0,0,0,0.25161153078079224
data/raw/osu_lora/Diff_Days_Indoor_Setup/Day5/Device17/IQ_1.dat,182,14268618,15,15,1,test,diff_days_indoor,5,0,0,0,0,0,0.24894562363624573
data/raw/osu_lora/Diff_Days_Indoor_Setup/Day5/Device17/IQ_1.dat,183,14347017,15,17,0,test,diff_days_indoor,5,0,0,0,0,0,0.1861412525177002
data/raw/osu_lora/Diff_Days_Indoor_Setup/Day5/Device17/IQ_1.dat,184,14425416,15,15,1,test,diff_days_indoor,5,0,0,0,0,0,0.20338094234466553
data/raw/osu_lora/Diff_Days_Indoor_Setup/Day5/Device17/IQ_1.dat,185,14503815,15,15,1,test,diff_days_indoor,5,0,0,0,0,0,0.24626392126083374
data/raw/osu_lora/Diff_Days_Indoor_Setup/Day5/Device17/IQ_1.dat,186,14582214,15,15,1,test,diff_days_indoor,5,0,0,0,0,0,0.22079601883888245
data/raw/osu_lora/Diff_Days_Indoor_Setup/Day5/Device17/IQ_1.dat,187,14660613,15,15,1,test,diff_days_indoor,5,0,0,0,0,0,0.25111865997314453
data/raw/osu_lora/Diff_Days_Indoor_Setup/Day5/Device17/IQ_1.dat,188,14739012,15,15,1,test,diff_days_indoor,5,0,0,0,0,0,0.25107115507125854
data/raw/osu_lora/Diff_Days_Indoor_Setup/Day5/Device17/IQ_1.dat,189,14817411,15,15,1,test,diff_days_indoor,5,0,0,0,0,0,0.25335782766342163
data/raw/osu_lora/Diff_Days_Indoor_Setup/Day5/Device17/IQ_1.dat,190,14895810,15,15,1,test,diff_days_indoor,5,0,0,0,0,0,0.2598468065261841
data/raw/osu_lora/Diff_Days_Indoor_Setup/Day5/Device17/IQ_1.dat,191,14974209,15,22,0,test,diff_days_indoor,5,0,0,0,0,0,0.2688550353050232
data/raw/osu_lora/Diff_Days_Indoor_Setup/Day5/Device17/IQ_1.dat,192,15052608,15,15,1,test,diff_days_indoor,5,0,0,0,0,0,0.23533840477466583
data/raw/osu_lora/Diff_Days_Indoor_Setup/Day5/Device17/IQ_1.dat,193,15131007,15,22,0,test,diff_days_indoor,5,0,0,0,0,0,0.2280559092760086
data/raw/osu_lora/Diff_Days_Indoor_Setup/Day5/Device17/IQ_1.dat,194,15209406,15,22,0,test,diff_days_indoor,5,0,0,0,0,0,0.22812381386756897
data/raw/osu_lora/Diff_Days_Indoor_Setup/Day5/Device17/IQ_1.dat,195,15287805,15,22,0,test,diff_days_indoor,5,0,0,0,0,0,0.2223193347454071
data/raw/osu_lora/Diff_Days_Indoor_Setup/Day5/Device17/IQ_1.dat,196,15366204,15,15,1,test,diff_days_indoor,5,0,0,0,0,0,0.24628375470638275
data/raw/osu_lora/Diff_Days_Indoor_Setup/Day5/Device17/IQ_1.dat,197,15444603,15,15,1,test,diff_days_indoor,5,0,0,0,0,0,0.260207861661911
data/raw/osu_lora/Diff_Days_Indoor_Setup/Day5/Device17/IQ_1.dat,198,15523002,15,16,0,test,diff_days_indoor,5,0,0,0,0,0,0.11760425567626953
data/raw/osu_lora/Diff_Days_Indoor_Setup/Day5/Device17/IQ_1.dat,199,15601401,15,15,1,test,diff_days_indoor,5,0,0,0,0,0,0.25296083092689514
data/raw/osu_lora/Diff_Days_Indoor_Setup/Day5/Device17/IQ_1.dat,200,15679800,15,15,1,test,diff_days_indoor,5,0,0,0,0,0,0.25652453303337097
data/raw/osu_lora/Diff_Days_Indoor_Setup/Day5/Device17/IQ_1.dat,201,15758199,15,15,1,test,diff_days_indoor,5,0,0,0,0,0,0.23372039198875427
data/raw/osu_lora/Diff_Days_Indoor_Setup/Day5/Device17/IQ_1.dat,202,15836598,15,15,1,test,diff_days_indoor,5,0,0,0,0,0,0.2572717070579529
data/raw/osu_lora/Diff_Days_Indoor_Setup/Day5/Device17/IQ_1.dat,203,15914997,15,15,1,test,diff_days_indoor,5,0,0,0,0,0,0.2516389489173889
data/raw/osu_lora/Diff_Days_Indoor_Setup/Day5/Device17/IQ_1.dat,204,15993396,15,15,1,test,diff_days_indoor,5,0,0,0,0,0,0.2512182593345642
data/raw/osu_lora/Diff_Days_Indoor_Setup/Day5/Device17/IQ_1.dat,205,16071795,15,15,1,test,diff_days_indoor,5,0,0,0,0,0,0.206222802400589
data/raw/osu_lora/Diff_Days_Indoor_Setup/Day5/Device17/IQ_1.dat,206,16150194,15,22,0,test,diff_days_indoor,5,0,0,0,0,0,0.26575738191604614
data/raw/osu_lora/Diff_Days_Indoor_Setup/Day5/Device17/IQ_1.dat,207,16228593,15,15,1,test,diff_days_indoor,5,0,0,0,0,0,0.26151493191719055
data/raw/osu_lora/Diff_Days_Indoor_Setup/Day5/Device17/IQ_1.dat,208,16306992,15,15,1,test,diff_days_indoor,5,0,0,0,0,0,0.2419709414243698
data/raw/osu_lora/Diff_Days_Indoor_Setup/Day5/Device17/IQ_1.dat,209,16385391,15,15,1,test,diff_days_indoor,5,0,0,0,0,0,0.25760844349861145
data/raw/osu_lora/Diff_Days_Indoor_Setup/Day5/Device17/IQ_1.dat,210,16463790,15,15,1,test,diff_days_indoor,5,0,0,0,0,0,0.2527565658092499
data/raw/osu_lora/Diff_Days_Indoor_Setup/Day5/Device17/IQ_1.dat,211,16542189,15,15,1,test,diff_days_indoor,5,0,0,0,0,0,0.20331908762454987
data/raw/osu_lora/Diff_Days_Indoor_Setup/Day5/Device17/IQ_1.dat,212,16620588,15,22,0,test,diff_days_indoor,5,0,0,0,0,0,0.2740951478481293
data/raw/osu_lora/Diff_Days_Indoor_Setup/Day5/Device17/IQ_1.dat,213,16698987,15,15,1,test,diff_days_indoor,5,0,0,0,0,0,0.25156521797180176
data/raw/osu_lora/Diff_Days_Indoor_Setup/Day5/Device17/IQ_1.dat,214,16777386,15,15,1,test,diff_days_indoor,5,0,0,0,0,0,0.25365906953811646
data/raw/osu_lora/Diff_Days_Indoor_Setup/Day5/Device17/IQ_1.dat,215,16855785,15,15,1,test,diff_days_indoor,5,0,0,0,0,0,0.24741536378860474
data/raw/osu_lora/Diff_Days_Indoor_Setup/Day5/Device17/IQ_1.dat,216,16934184,15,22,0,test,diff_days_indoor,5,0,0,0,0,0,0.25238490104675293
data/raw/osu_lora/Diff_Days_Indoor_Setup/Day5/Device17/IQ_1.dat,217,17012583,15,15,1,test,diff_days_indoor,5,0,0,0,0,0,0.2503470182418823
data/raw/osu_lora/Diff_Days_Indoor_Setup/Day5/Device17/IQ_1.dat,218,17090982,15,22,0,test,diff_days_indoor,5,0,0,0,0,0,0.2539060413837433
data/raw/osu_lora/Diff_Days_Indoor_Setup/Day5/Device17/IQ_1.dat,219,17169381,15,19,0,test,diff_days_indoor,5,0,0,0,0,0,0.2697237730026245
data/raw/osu_lora/Diff_Days_Indoor_Setup/Day5/Device17/IQ_1.dat,220,17247780,15,15,1,test,diff_days_indoor,5,0,0,0,0,0,0.22795186936855316
data/raw/osu_lora/Diff_Days_Indoor_Setup/Day5/Device17/IQ_1.dat,221,17326179,15,15,1,test,diff_days_indoor,5,0,0,0,0,0,0.2565847933292389
data/raw/osu_lora/Diff_Days_Indoor_Setup/Day5/Device17/IQ_1.dat,222,17404578,15,15,1,test,diff_days_indoor,5,0,0,0,0,0,0.22438949346542358
data/raw/osu_lora/Diff_Days_Indoor_Setup/Day5/Device17/IQ_1.dat,223,17482977,15,15,1,test,diff_days_indoor,5,0,0,0,0,0,0.22795194387435913
data/raw/osu_lora/Diff_Days_Indoor_Setup/Day5/Device17/IQ_1.dat,224,17561376,15,7,0,test,diff_days_indoor,5,0,0,0,0,0,0.16137385368347168
data/raw/osu_lora/Diff_Days_Indoor_Setup/Day5/Device17/IQ_1.dat,225,17639775,15,15,1,test,diff_days_indoor,5,0,0,0,0,0,0.2505078911781311
data/raw/osu_lora/Diff_Days_Indoor_Setup/Day5/Device17/IQ_1.dat,226,17718174,15,15,1,test,diff_days_indoor,5,0,0,0,0,0,0.2550960183143616
data/raw/osu_lora/Diff_Days_Indoor_Setup/Day5/Device17/IQ_1.dat,227,17796573,15,15,1,test,diff_days_indoor,5,0,0,0,0,0,0.20165520906448364
data/raw/osu_lora/Diff_Days_Indoor_Setup/Day5/Device17/IQ_1.dat,228,17874972,15,15,1,test,diff_days_indoor,5,0,0,0,0,0,0.24842174351215363
data/raw/osu_lora/Diff_Days_Indoor_Setup/Day5/Device17/IQ_1.dat,229,17953371,15,15,1,test,diff_days_indoor,5,0,0,0,0,0,0.2569962739944458
data/raw/osu_lora/Diff_Days_Indoor_Setup/Day5/Device17/IQ_1.dat,230,18031770,15,15,1,test,diff_days_indoor,5,0,0,0,0,0,0.22244136035442352
data/raw/osu_lora/Diff_Days_Indoor_Setup/Day5/Device17/IQ_1.dat,231,18110169,15,17,0,test,diff_days_indoor,5,0,0,0,0,0,0.1874045431613922
data/raw/osu_lora/Diff_Days_Indoor_Setup/Day5/Device17/IQ_1.dat,232,18188568,15,15,1,test,diff_days_indoor,5,0,0,0,0,0,0.2379438877105713
data/raw/osu_lora/Diff_Days_Indoor_Setup/Day5/Device17/IQ_1.dat,233,18266967,15,15,1,test,diff_days_indoor,5,0,0,0,0,0,0.2527618706226349
data/raw/osu_lora/Diff_Days_Indoor_Setup/Day5/Device17/IQ_1.dat,234,18345366,15,15,1,test,diff_days_indoor,5,0,0,0,0,0,0.25862616300582886
data/raw/osu_lora/Diff_Days_Indoor_Setup/Day5/Device17/IQ_1.dat,235,18423765,15,15,1,test,diff_days_indoor,5,0,0,0,0,0,0.1928110122680664
data/raw/osu_lora/Diff_Days_Indoor_Setup/Day5/Device17/IQ_1.dat,236,18502164,15,15,1,test,diff_days_indoor,5,0,0,0,0,0,0.2545534670352936
data/raw/osu_lora/Diff_Days_Indoor_Setup/Day5/Device17/IQ_1.dat,237,18580563,15,15,1,test,diff_days_indoor,5,0,0,0,0,0,0.18847566843032837
data/raw/osu_lora/Diff_Days_Indoor_Setup/Day5/Device17/IQ_1.dat,238,18658962,15,15,1,test,diff_days_indoor,5,0,0,0,0,0,0.25515857338905334
data/raw/osu_lora/Diff_Days_Indoor_Setup/Day5/Device17/IQ_1.dat,239,18737361,15,15,1,test,diff_days_indoor,5,0,0,0,0,0,0.18825559318065643
data/raw/osu_lora/Diff_Days_Indoor_Setup/Day5/Device17/IQ_1.dat,240,18815760,15,15,1,test,diff_days_indoor,5,0,0,0,0,0,0.22995534539222717
data/raw/osu_lora/Diff_Days_Indoor_Setup/Day5/Device17/IQ_1.dat,241,18894159,15,15,1,test,diff_days_indoor,5,0,0,0,0,0,0.2604685127735138
data/raw/osu_lora/Diff_Days_Indoor_Setup/Day5/Device17/IQ_1.dat,242,18972558,15,15,1,test,diff_days_indoor,5,0,0,0,0,0,0.2547667920589447
data/raw/osu_lora/Diff_Days_Indoor_Setup/Day5/Device17/IQ_1.dat,243,19050957,15,15,1,test,diff_days_indoor,5,0,0,0,0,0,0.2538633942604065
data/raw/osu_lora/Diff_Days_Indoor_Setup/Day5/Device17/IQ_1.dat,244,19129356,15,22,0,test,diff_days_indoor,5,0,0,0,0,0,0.25718924403190613
data/raw/osu_lora/Diff_Days_Indoor_Setup/Day5/Device17/IQ_1.dat,245,19207755,15,7,0,test,diff_days_indoor,5,0,0,0,0,0,0.1489586979150772
data/raw/osu_lora/Diff_Days_Indoor_Setup/Day5/Device17/IQ_1.dat,246,19286154,15,15,1,test,diff_days_indoor,5,0,0,0,0,0,0.255706250667572
data/raw/osu_lora/Diff_Days_Indoor_Setup/Day5/Device17/IQ_1.dat,247,19364553,15,15,1,test,diff_days_indoor,5,0,0,0,0,0,0.25976213812828064
data/raw/osu_lora/Diff_Days_Indoor_Setup/Day5/Device17/IQ_1.dat,248,19442952,15,15,1,test,diff_days_indoor,5,0,0,0,0,0,0.21285420656204224
data/raw/osu_lora/Diff_Days_Indoor_Setup/Day5/Device17/IQ_1.dat,249,19521351,15,15,1,test,diff_days_indoor,5,0,0,0,0,0,0.20428678393363953
data/raw/osu_lora/Diff_Days_Indoor_Setup/Day5/Device17/IQ_1.dat,250,19599750,15,15,1,test,diff_days_indoor,5,0,0,0,0,0,0.24963441491127014
data/raw/osu_lora/Diff_Days_Indoor_Setup/Day5/Device17/IQ_1.dat,251,19678149,15,15,1,test,diff_days_indoor,5,0,0,0,0,0,0.26270490884780884
data/raw/osu_lora/Diff_Days_Indoor_Setup/Day5/Device17/IQ_1.dat,252,19756548,15,15,1,test,diff_days_indoor,5,0,0,0,0,0,0.21662376821041107
data/raw/osu_lora/Diff_Days_Indoor_Setup/Day5/Device17/IQ_1.dat,253,19834947,15,17,0,test,diff_days_indoor,5,0,0,0,0,0,0.18547244369983673
data/raw/osu_lora/Diff_Days_Indoor_Setup/Day5/Device17/IQ_1.dat,254,19913346,15,15,1,test,diff_days_indoor,5,0,0,0,0,0,0.2522837519645691
data/raw/osu_lora/Diff_Days_Indoor_Setup/Day5/Device17/IQ_1.dat,255,19991745,15,15,1,test,diff_days_indoor,5,0,0,0,0,0,0.24793830513954163
data/raw/osu_lora/Diff_Days_Indoor_Setup/Day5/Device18/IQ_1.dat,0,0,16,13,0,test,diff_days_indoor,5,0,0,0,0,0,0.16630519926548004
data/raw/osu_lora/Diff_Days_Indoor_Setup/Day5/Device18/IQ_1.dat,1,78399,16,7,0,test,diff_days_indoor,5,0,0,0,0,0,0.18196000158786774
data/raw/osu_lora/Diff_Days_Indoor_Setup/Day5/Device18/IQ_1.dat,2,156798,16,7,0,test,diff_days_indoor,5,0,0,0,0,0,0.15098516643047333
data/raw/osu_lora/Diff_Days_Indoor_Setup/Day5/Device18/IQ_1.dat,3,235197,16,16,1,test,diff_days_indoor,5,0,0,0,0,0,0.1543387472629547
data/raw/osu_lora/Diff_Days_Indoor_Setup/Day5/Device18/IQ_1.dat,4,313596,16,16,1,test,diff_days_indoor,5,0,0,0,0,0,0.1450592428445816
data/raw/osu_lora/Diff_Days_Indoor_Setup/Day5/Device18/IQ_1.dat,5,391995,16,7,0,test,diff_days_indoor,5,0,0,0,0,0,0.17662610113620758
data/raw/osu_lora/Diff_Days_Indoor_Setup/Day5/Device18/IQ_1.dat,6,470394,16,16,1,test,diff_days_indoor,5,0,0,0,0,0,0.15030504763126373
data/raw/osu_lora/Diff_Days_Indoor_Setup/Day5/Device18/IQ_1.dat,7,548793,16,7,0,test,diff_days_indoor,5,0,0,0,0,0,0.15282338857650757
data/raw/osu_lora/Diff_Days_Indoor_Setup/Day5/Device18/IQ_1.dat,8,627192,16,7,0,test,diff_days_indoor,5,0,0,0,0,0,0.17331631481647491
data/raw/osu_lora/Diff_Days_Indoor_Setup/Day5/Device18/IQ_1.dat,9,705591,16,7,0,test,diff_days_indoor,5,0,0,0,0,0,0.17897294461727142
data/raw/osu_lora/Diff_Days_Indoor_Setup/Day5/Device18/IQ_1.dat,10,783990,16,16,1,test,diff_days_indoor,5,0,0,0,0,0,0.14819271862506866
data/raw/osu_lora/Diff_Days_Indoor_Setup/Day5/Device18/IQ_1.dat,11,862389,16,16,1,test,diff_days_indoor,5,0,0,0,0,0,0.155024453997612
data/raw/osu_lora/Diff_Days_Indoor_Setup/Day5/Device18/IQ_1.dat,12,940788,16,16,1,test,diff_days_indoor,5,0,0,0,0,0,0.15207965672016144
data/raw/osu_lora/Diff_Days_Indoor_Setup/Day5/Device18/IQ_1.dat,13,1019187,16,7,0,test,diff_days_indoor,5,0,0,0,0,0,0.15087027847766876
data/raw/osu_lora/Diff_Days_Indoor_Setup/Day5/Device18/IQ_1.dat,14,1097586,16,16,1,test,diff_days_indoor,5,0,0,0,0,0,0.14840823411941528
data/raw/osu_lora/Diff_Days_Indoor_Setup/Day5/Device18/IQ_1.dat,15,1175985,16,7,0,test,diff_days_indoor,5,0,0,0,0,0,0.1627696305513382
data/raw/osu_lora/Diff_Days_Indoor_Setup/Day5/Device18/IQ_1.dat,16,1254384,16,7,0,test,diff_days_indoor,5,0,0,0,0,0,0.15085841715335846
data/raw/osu_lora/Diff_Days_Indoor_Setup/Day5/Device18/IQ_1.dat,17,1332783,16,13,0,test,diff_days_indoor,5,0,0,0,0,0,0.16205479204654694
data/raw/osu_lora/Diff_Days_Indoor_Setup/Day5/Device18/IQ_1.dat,18,1411182,16,13,0,test,diff_days_indoor,5,0,0,0,0,0,0.16408362984657288
data/raw/osu_lora/Diff_Days_Indoor_Setup/Day5/Device18/IQ_1.dat,19,1489581,16,7,0,test,diff_days_indoor,5,0,0,0,0,0,0.1542765349149704
data/raw/osu_lora/Diff_Days_Indoor_Setup/Day5/Device18/IQ_1.dat,20,1567980,16,7,0,test,diff_days_indoor,5,0,0,0,0,0,0.1536055952310562
data/raw/osu_lora/Diff_Days_Indoor_Setup/Day5/Device18/IQ_1.dat,21,1646379,16,16,1,test,diff_days_indoor,5,0,0,0,0,0,0.15424005687236786
data/raw/osu_lora/Diff_Days_Indoor_Setup/Day5/Device18/IQ_1.dat,22,1724778,16,16,1,test,diff_days_indoor,5,0,0,0,0,0,0.1565438061952591
data/raw/osu_lora/Diff_Days_Indoor_Setup/Day5/Device18/IQ_1.dat,23,1803177,16,16,1,test,diff_days_indoor,5,0,0,0,0,0,0.1553122103214264
data/raw/osu_lora/Diff_Days_Indoor_Setup/Day5/Device18/IQ_1.dat,24,1881576,16,16,1,test,diff_days_indoor,5,0,0,0,0,0,0.15628014504909515
data/raw/osu_lora/Diff_Days_Indoor_Setup/Day5/Device18/IQ_1.dat,25,1959975,16,7,0,test,diff_days_indoor,5,0,0,0,0,0,0.1672876924276352
data/raw/osu_lora/Diff_Days_Indoor_Setup/Day5/Device18/IQ_1.dat,26,2038374,16,7,0,test,diff_days_indoor,5,0,0,0,0,0,0.1693796068429947
data/raw/osu_lora/Diff_Days_Indoor_Setup/Day5/Device18/IQ_1.dat,27,2116773,16,7,0,test,diff_days_indoor,5,0,0,0,0,0,0.15706698596477509
data/raw/osu_lora/Diff_Days_Indoor_Setup/Day5/Device18/IQ_1.dat,28,2195172,16,7,0,test,diff_days_indoor,5,0,0,0,0,0,0.17108918726444244
data/raw/osu_lora/Diff_Days_Indoor_Setup/Day5/Device18/IQ_1.dat,29,2273571,16,16,1,test,diff_days_indoor,5,0,0,0,0,0,0.1543615162372589
data/raw/osu_lora/Diff_Days_Indoor_Setup/Day5/Device18/IQ_1.dat,30,2351970,16,7,0,test,diff_days_indoor,5,0,0,0,0,0,0.15947356820106506
data/raw/osu_lora/Diff_Days_Indoor_Setup/Day5/Device18/IQ_1.dat,31,2430369,16,16,1,test,diff_days_indoor,5,0,0,0,0,0,0.14889965951442719
data/raw/osu_lora/Diff_Days_Indoor_Setup/Day5/Device18/IQ_1.dat,32,2508768,16,7,0,test,diff_days_indoor,5,0,0,0,0,0,0.14690925180912018
data/raw/osu_lora/Diff_Days_Indoor_Setup/Day5/Device18/IQ_1.dat,33,2587167,16,7,0,test,diff_days_indoor,5,0,0,0,0,0,0.14695818722248077
data/raw/osu_lora/Diff_Days_Indoor_Setup/Day5/Device18/IQ_1.dat,34,2665566,16,7,0,test,diff_days_indoor,5,0,0,0,0,0,0.1488397717475891
data/raw/osu_lora/Diff_Days_Indoor_Setup/Day5/Device18/IQ_1.dat,35,2743965,16,7,0,test,diff_days_indoor,5,0,0,0,0,0,0.1629815697669983
data/raw/osu_lora/Diff_Days_Indoor_Setup/Day5/Device18/IQ_1.dat,36,2822364,16,7,0,test,diff_days_indoor,5,0,0,0,0,0,0.11495183408260345
data/raw/osu_lora/Diff_Days_Indoor_Setup/Day5/Device18/IQ_1.dat,37,2900763,16,7,0,test,diff_days_indoor,5,0,0,0,0,0,0.1545584499835968
data/raw/osu_lora/Diff_Days_Indoor_Setup/Day5/Device18/IQ_1.dat,38,2979162,16,16,1,test,diff_days_indoor,5,0,0,0,0,0,0.1485792100429535
data/raw/osu_lora/Diff_Days_Indoor_Setup/Day5/Device18/IQ_1.dat,39,3057561,16,13,0,test,diff_days_indoor,5,0,0,0,0,0,0.16125226020812988
data/raw/osu_lora/Diff_Days_Indoor_Setup/Day5/Device18/IQ_1.dat,40,3135960,16,16,1,test,diff_days_indoor,5,0,0,0,0,0,0.1491096168756485
data/raw/osu_lora/Diff_Days_Indoor_Setup/Day5/Device18/IQ_1.dat,41,3214359,16,7,0,test,diff_days_indoor,5,0,0,0,0,0,0.17109018564224243
data/raw/osu_lora/Diff_Days_Indoor_Setup/Day5/Device18/IQ_1.dat,42,3292758,16,16,1,test,diff_days_indoor,5,0,0,0,0,0,0.14758287370204926
data/raw/osu_lora/Diff_Days_Indoor_Setup/Day5/Device18/IQ_1.dat,43,3371157,16,16,1,test,diff_days_indoor,5,0,0,0,0,0,0.15101192891597748
data/raw/osu_lora/Diff_Days_Indoor_Setup/Day5/Device18/IQ_1.dat,44,3449556,16,7,0,test,diff_days_indoor,5,0,0,0,0,0,0.18039213120937347
data/raw/osu_lora/Diff_Days_Indoor_Setup/Day5/Device18/IQ_1.dat,45,3527955,16,7,0,test,diff_days_indoor,5,0,0,0,0,0,0.1854107826948166
data/raw/osu_lora/Diff_Days_Indoor_Setup/Day5/Device18/IQ_1.dat,46,3606354,16,7,0,test,diff_days_indoor,5,0,0,0,0,0,0.1517038196325302
data/raw/osu_lora/Diff_Days_Indoor_Setup/Day5/Device18/IQ_1.dat,47,3684753,16,7,0,test,diff_days_indoor,5,0,0,0,0,0,0.14534083008766174
data/raw/osu_lora/Diff_Days_Indoor_Setup/Day5/Device18/IQ_1.dat,48,3763152,16,16,1,test,diff_days_indoor,5,0,0,0,0,0,0.14986754953861237
data/raw/osu_lora/Diff_Days_Indoor_Setup/Day5/Device18/IQ_1.dat,49,3841551,16,7,0,test,diff_days_indoor,5,0,0,0,0,0,0.16904665529727936
data/raw/osu_lora/Diff_Days_Indoor_Setup/Day5/Device18/IQ_1.dat,50,3919950,16,7,0,test,diff_days_indoor,5,0,0,0,0,0,0.16058185696601868
data/raw/osu_lora/Diff_Days_Indoor_Setup/Day5/Device18/IQ_1.dat,51,3998349,16,7,0,test,diff_days_indoor,5,0,0,0,0,0,0.16565997898578644
data/raw/osu_lora/Diff_Days_Indoor_Setup/Day5/Device18/IQ_1.dat,52,4076748,16,7,0,test,diff_days_indoor,5,0,0,0,0,0,0.1800655871629715
data/raw/osu_lora/Diff_Days_Indoor_Setup/Day5/Device18/IQ_1.dat,53,4155147,16,7,0,test,diff_days_indoor,5,0,0,0,0,0,0.17540356516838074
data/raw/osu_lora/Diff_Days_Indoor_Setup/Day5/Device18/IQ_1.dat,54,4233546,16,16,1,test,diff_days_indoor,5,0,0,0,0,0,0.15328779816627502
data/raw/osu_lora/Diff_Days_Indoor_Setup/Day5/Device18/IQ_1.dat,55,4311945,16,7,0,test,diff_days_indoor,5,0,0,0,0,0,0.1777418851852417
data/raw/osu_lora/Diff_Days_Indoor_Setup/Day5/Device18/IQ_1.dat,56,4390344,16,7,0,test,diff_days_indoor,5,0,0,0,0,0,0.14717745780944824
data/raw/osu_lora/Diff_Days_Indoor_Setup/Day5/Device18/IQ_1.dat,57,4468743,16,7,0,test,diff_days_indoor,5,0,0,0,0,0,0.1653698980808258
data/raw/osu_lora/Diff_Days_Indoor_Setup/Day5/Device18/IQ_1.dat,58,4547142,16,16,1,test,diff_days_indoor,5,0,0,0,0,0,0.1525954306125641
data/raw/osu_lora/Diff_Days_Indoor_Setup/Day5/Device18/IQ_1.dat,59,4625541,16,7,0,test,diff_days_indoor,5,0,0,0,0,0,0.18105711042881012
data/raw/osu_lora/Diff_Days_Indoor_Setup/Day5/Device18/IQ_1.dat,60,4703940,16,16,1,test,diff_days_indoor,5,0,0,0,0,0,0.14991165697574615
data/raw/osu_lora/Diff_Days_Indoor_Setup/Day5/Device18/IQ_1.dat,61,4782339,16,13,0,test,diff_days_indoor,5,0,0,0,0,0,0.16543452441692352
data/raw/osu_lora/Diff_Days_Indoor_Setup/Day5/Device18/IQ_1.dat,62,4860738,16,7,0,test,diff_days_indoor,5,0,0,0,0,0,0.14998607337474823
data/raw/osu_lora/Diff_Days_Indoor_Setup/Day5/Device18/IQ_1.dat,63,4939137,16,7,0,test,diff_days_indoor,5,0,0,0,0,0,0.1749919354915619
data/raw/osu_lora/Diff_Days_Indoor_Setup/Day5/Device18/IQ_1.dat,64,5017536,16,16,1,test,diff_days_indoor,5,0,0,0,0,0,0.15150722861289978
data/raw/osu_lora/Diff_Days_Indoor_Setup/Day5/Device18/IQ_1.dat,65,5095935,16,13,0,test,diff_days_indoor,5,0,0,0,0,0,0.1681050807237625
data/raw/osu_lora/Diff_Days_Indoor_Setup/Day5/Device18/IQ_1.dat,66,5174334,16,16,1,test,diff_days_indoor,5,0,0,0,0,0,0.14777129888534546
data/raw/osu_lora/Diff_Days_Indoor_Setup/Day5/Device18/IQ_1.dat,67,5252733,16,7,0,test,diff_days_indoor,5,0,0,0,0,0,0.15236029028892517
data/raw/osu_lora/Diff_Days_Indoor_Setup/Day5/Device18/IQ_1.dat,68,5331132,16,13,0,test,diff_days_indoor,5,0,0,0,0,0,0.15930797159671783
data/raw/osu_lora/Diff_Days_Indoor_Setup/Day5/Device18/IQ_1.dat,69,5409531,16,16,1,test,diff_days_indoor,5,0,0,0,0,0,0.14757856726646423
data/raw/osu_lora/Diff_Days_Indoor_Setup/Day5/Device18/IQ_1.dat,70,5487930,16,7,0,test,diff_days_indoor,5,0,0,0,0,0,0.18691386282444
data/raw/osu_lora/Diff_Days_Indoor_Setup/Day5/Device18/IQ_1.dat,71,5566329,16,16,1,test,diff_days_indoor,5,0,0,0,0,0,0.15343596041202545
data/raw/osu_lora/Diff_Days_Indoor_Setup/Day5/Device18/IQ_1.dat,72,5644728,16,7,0,test,diff_days_indoor,5,0,0,0,0,0,0.16614297032356262
data/raw/osu_lora/Diff_Days_Indoor_Setup/Day5/Device18/IQ_1.dat,73,5723127,16,13,0,test,diff_days_indoor,5,0,0,0,0,0,0.17095066606998444
data/raw/osu_lora/Diff_Days_Indoor_Setup/Day5/Device18/IQ_1.dat,74,5801526,16,16,1,test,diff_days_indoor,5,0,0,0,0,0,0.15727806091308594
data/raw/osu_lora/Diff_Days_Indoor_Setup/Day5/Device18/IQ_1.dat,75,5879925,16,16,1,test,diff_days_indoor,5,0,0,0,0,0,0.15161702036857605
data/raw/osu_lora/Diff_Days_Indoor_Setup/Day5/Device18/IQ_1.dat,76,5958324,16,16,1,test,diff_days_indoor,5,0,0,0,0,0,0.14566904306411743
data/raw/osu_lora/Diff_Days_Indoor_Setup/Day5/Device18/IQ_1.dat,77,6036723,16,16,1,test,diff_days_indoor,5,0,0,0,0,0,0.1492127925157547
data/raw/osu_lora/Diff_Days_Indoor_Setup/Day5/Device18/IQ_1.dat,78,6115122,16,13,0,test,diff_days_indoor,5,0,0,0,0,0,0.1733955293893814
data/raw/osu_lora/Diff_Days_Indoor_Setup/Day5/Device18/IQ_1.dat,79,6193521,16,7,0,test,diff_days_indoor,5,0,0,0,0,0,0.1483103632926941
data/raw/osu_lora/Diff_Days_Indoor_Setup/Day5/Device18/IQ_1.dat,80,6271920,16,7,0,test,diff_days_indoor,5,0,0,0,0,0,0.1470761001110077
data/raw/osu_lora/Diff_Days_Indoor_Setup/Day5/Device18/IQ_1.dat,81,6350319,16,7,0,test,diff_days_indoor,5,0,0,0,0,0,0.15846392512321472
data/raw/osu_lora/Diff_Days_Indoor_Setup/Day5/Device18/IQ_1.dat,82,6428718,16,7,0,test,diff_days_indoor,5,0,0,0,0,0,0.18442189693450928
data/raw/osu_lora/Diff_Days_Indoor_Setup/Day5/Device18/IQ_1.dat,83,6507117,16,16,1,test,diff_days_indoor,5,0,0,0,0,0,0.1281532198190689
data/raw/osu_lora/Diff_Days_Indoor_Setup/Day5/Device18/IQ_1.dat,84,6585516,16,16,1,test,diff_days_indoor,5,0,0,0,0,0,0.14986947178840637
data/raw/osu_lora/Diff_Days_Indoor_Setup/Day5/Device18/IQ_1.dat,85,6663915,16,16,1,test,diff_days_indoor,5,0,0,0,0,0,0.14815033972263336
data/raw/osu_lora/Diff_Days_Indoor_Setup/Day5/Device18/IQ_1.dat,86,6742314,16,7,0,test,diff_days_indoor,5,0,0,0,0,0,0.14721304178237915
data/raw/osu_lora/Diff_Days_Indoor_Setup/Day5/Device18/IQ_1.dat,87,6820713,16,13,0,test,diff_days_indoor,5,0,0,0,0,0,0.15575452148914337
data/raw/osu_lora/Diff_Days_Indoor_Setup/Day5/Device18/IQ_1.dat,88,6899112,16,7,0,test,diff_days_indoor,5,0,0,0,0,0,0.15549615025520325
data/raw/osu_lora/Diff_Days_Indoor_Setup/Day5/Device18/IQ_1.dat,89,6977511,16,7,0,test,diff_days_indoor,5,0,0,0,0,0,0.17341361939907074
data/raw/osu_lora/Diff_Days_Indoor_Setup/Day5/Device18/IQ_1.dat,90,7055910,16,7,0,test,diff_days_indoor,5,0,0,0,0,0,0.17210499942302704
data/raw/osu_lora/Diff_Days_Indoor_Setup/Day5/Device18/IQ_1.dat,91,7134309,16,16,1,test,diff_days_indoor,5,0,0,0,0,0,0.15376277267932892
data/raw/osu_lora/Diff_Days_Indoor_Setup/Day5/Device18/IQ_1.dat,92,7212708,16,7,0,test,diff_days_indoor,5,0,0,0,0,0,0.1641346663236618
data/raw/osu_lora/Diff_Days_Indoor_Setup/Day5/Device18/IQ_1.dat,93,7291107,16,7,0,test,diff_days_indoor,5,0,0,0,0,0,0.1484231948852539
data/raw/osu_lora/Diff_Days_Indoor_Setup/Day5/Device18/IQ_1.dat,94,7369506,16,7,0,test,diff_days_indoor,5,0,0,0,0,0,0.16051572561264038
data/raw/osu_lora/Diff_Days_Indoor_Setup/Day5/Device18/IQ_1.dat,95,7447905,16,16,1,test,diff_days_indoor,5,0,0,0,0,0,0.1513921618461609
data/raw/osu_lora/Diff_Days_Indoor_Setup/Day5/Device18/IQ_1.dat,96,7526304,16,16,1,test,diff_days_indoor,5,0,0,0,0,0,0.15543410181999207
data/raw/osu_lora/Diff_Days_Indoor_Setup/Day5/Device18/IQ_1.dat,97,7604703,16,7,0,test,diff_days_indoor,5,0,0,0,0,0,0.16749684512615204
data/raw/osu_lora/Diff_Days_Indoor_Setup/Day5/Device18/IQ_1.dat,98,7683102,16,16,1,test,diff_days_indoor,5,0,0,0,0,0,0.1507662534713745
data/raw/osu_lora/Diff_Days_Indoor_Setup/Day5/Device18/IQ_1.dat,99,7761501,16,7,0,test,diff_days_indoor,5,0,0,0,0,0,0.1673104614019394
data/raw/osu_lora/Diff_Days_Indoor_Setup/Day5/Device18/IQ_1.dat,100,7839900,16,7,0,test,diff_days_indoor,5,0,0,0,0,0,0.17023085057735443
data/raw/osu_lora/Diff_Days_Indoor_Setup/Day5/Device18/IQ_1.dat,101,7918299,16,7,0,test,diff_days_indoor,5,0,0,0,0,0,0.14814889430999756
data/raw/osu_lora/Diff_Days_Indoor_Setup/Day5/Device18/IQ_1.dat,102,7996698,16,7,0,test,diff_days_indoor,5,0,0,0,0,0,0.17343255877494812
data/raw/osu_lora/Diff_Days_Indoor_Setup/Day5/Device18/IQ_1.dat,103,8075097,16,7,0,test,diff_days_indoor,5,0,0,0,0,0,0.1741245836019516
data/raw/osu_lora/Diff_Days_Indoor_Setup/Day5/Device18/IQ_1.dat,104,8153496,16,7,0,test,diff_days_indoor,5,0,0,0,0,0,0.14957530796527863
data/raw/osu_lora/Diff_Days_Indoor_Setup/Day5/Device18/IQ_1.dat,105,8231895,16,13,0,test,diff_days_indoor,5,0,0,0,0,0,0.16055461764335632
data/raw/osu_lora/Diff_Days_Indoor_Setup/Day5/Device18/IQ_1.dat,106,8310294,16,7,0,test,diff_days_indoor,5,0,0,0,0,0,0.1811257004737854
data/raw/osu_lora/Diff_Days_Indoor_Setup/Day5/Device18/IQ_1.dat,107,8388693,16,7,0,test,diff_days_indoor,5,0,0,0,0,0,0.15191079676151276
data/raw/osu_lora/Diff_Days_Indoor_Setup/Day5/Device18/IQ_1.dat,108,8467092,16,7,0,test,diff_days_indoor,5,0,0,0,0,0,0.14895306527614594
data/raw/osu_lora/Diff_Days_Indoor_Setup/Day5/Device18/IQ_1.dat,109,8545491,16,7,0,test,diff_days_indoor,5,0,0,0,0,0,0.14260073006153107
data/raw/osu_lora/Diff_Days_Indoor_Setup/Day5/Device18/IQ_1.dat,110,8623890,16,7,0,test,diff_days_indoor,5,0,0,0,0,0,0.17867647111415863
data/raw/osu_lora/Diff_Days_Indoor_Setup/Day5/Device18/IQ_1.dat,111,8702289,16,7,0,test,diff_days_indoor,5,0,0,0,0,0,0.17049381136894226
data/raw/osu_lora/Diff_Days_Indoor_Setup/Day5/Device18/IQ_1.dat,112,8780688,16,16,1,test,diff_days_indoor,5,0,0,0,0,0,0.15487214922904968
data/raw/osu_lora/Diff_Days_Indoor_Setup/Day5/Device18/IQ_1.dat,113,8859087,16,7,0,test,diff_days_indoor,5,0,0,0,0,0,0.1758812963962555
data/raw/osu_lora/Diff_Days_Indoor_Setup/Day5/Device18/IQ_1.dat,114,8937486,16,16,1,test,diff_days_indoor,5,0,0,0,0,0,0.1481642723083496
data/raw/osu_lora/Diff_Days_Indoor_Setup/Day5/Device18/IQ_1.dat,115,9015885,16,16,1,test,diff_days_indoor,5,0,0,0,0,0,0.14769373834133148
data/raw/osu_lora/Diff_Days_Indoor_Setup/Day5/Device18/IQ_1.dat,116,9094284,16,13,0,test,diff_days_indoor,5,0,0,0,0,0,0.16020190715789795
data/raw/osu_lora/Diff_Days_Indoor_Setup/Day5/Device18/IQ_1.dat,117,9172683,16,16,1,test,diff_days_indoor,5,0,0,0,0,0,0.1514439880847931
data/raw/osu_lora/Diff_Days_Indoor_Setup/Day5/Device18/IQ_1.dat,118,9251082,16,7,0,test,diff_days_indoor,5,0,0,0,0,0,0.16731055080890656
data/raw/osu_lora/Diff_Days_Indoor_Setup/Day5/Device18/IQ_1.dat,119,9329481,16,16,1,test,diff_days_indoor,5,0,0,0,0,0,0.1568250209093094
data/raw/osu_lora/Diff_Days_Indoor_Setup/Day5/Device18/IQ_1.dat,120,9407880,16,16,1,test,diff_days_indoor,5,0,0,0,0,0,0.15080960094928741
data/raw/osu_lora/Diff_Days_Indoor_Setup/Day5/Device18/IQ_1.dat,121,9486279,16,7,0,test,diff_days_indoor,5,0,0,0,0,0,0.18143950402736664
data/raw/osu_lora/Diff_Days_Indoor_Setup/Day5/Device18/IQ_1.dat,122,9564678,16,16,1,test,diff_days_indoor,5,0,0,0,0,0,0.15257136523723602
data/raw/osu_lora/Diff_Days_Indoor_Setup/Day5/Device18/IQ_1.dat,123,9643077,16,16,1,test,diff_days_indoor,5,0,0,0,0,0,0.14815908670425415
data/raw/osu_lora/Diff_Days_Indoor_Setup/Day5/Device18/IQ_1.dat,124,9721476,16,7,0,test,diff_days_indoor,5,0,0,0,0,0,0.1655261218547821
data/raw/osu_lora/Diff_Days_Indoor_Setup/Day5/Device18/IQ_1.dat,125,9799875,16,7,0,test,diff_days_indoor,5,0,0,0,0,0,0.17748628556728363
data/raw/osu_lora/Diff_Days_Indoor_Setup/Day5/Device18/IQ_1.dat,126,9878274,16,7,0,test,diff_days_indoor,5,0,0,0,0,0,0.16169895231723785
data/raw/osu_lora/Diff_Days_Indoor_Setup/Day5/Device18/IQ_1.dat,127,9956673,16,16,1,test,diff_days_indoor,5,0,0,0,0,0,0.15279342234134674
data/raw/osu_lora/Diff_Days_Indoor_Setup/Day5/Device18/IQ_1.dat,128,10035072,16,7,0,test,diff_days_indoor,5,0,0,0,0,0,0.16026677191257477
data/raw/osu_lora/Diff_Days_Indoor_Setup/Day5/Device18/IQ_1.dat,129,10113471,16,7,0,test,diff_days_indoor,5,0,0,0,0,0,0.178275004029274
data/raw/osu_lora/Diff_Days_Indoor_Setup/Day5/Device18/IQ_1.dat,130,10191870,16,13,0,test,diff_days_indoor,5,0,0,0,0,0,0.1616511344909668
data/raw/osu_lora/Diff_Days_Indoor_Setup/Day5/Device18/IQ_1.dat,131,10270269,16,16,1,test,diff_days_indoor,5,0,0,0,0,0,0.15146085619926453
data/raw/osu_lora/Diff_Days_Indoor_Setup/Day5/Device18/IQ_1.dat,132,10348668,16,7,0,test,diff_days_indoor,5,0,0,0,0,0,0.14919805526733398
data/raw/osu_lora/Diff_Days_Indoor_Setup/Day5/Device18/IQ_1.dat,133,10427067,16,13,0,test,diff_days_indoor,5,0,0,0,0,0,0.16315233707427979
data/raw/osu_lora/Diff_Days_Indoor_Setup/Day5/Device18/IQ_1.dat,134,10505466,16,7,0,test,diff_days_indoor,5,0,0,0,0,0,0.14992256462574005
data/raw/osu_lora/Diff_Days_Indoor_Setup/Day5/Device18/IQ_1.dat,135,10583865,16,16,1,test,diff_days_indoor,5,0,0,0,0,0,0.1508455127477646
data/raw/osu_lora/Diff_Days_Indoor_Setup/Day5/Device18/IQ_1.dat,136,10662264,16,7,0,test,diff_days_indoor,5,0,0,0,0,0,0.16588538885116577
data/raw/osu_lora/Diff_Days_Indoor_Setup/Day5/Device18/IQ_1.dat,137,10740663,16,9,0,test,diff_days_indoor,5,0,0,0,0,0,0.17944477498531342
data/raw/osu_lora/Diff_Days_Indoor_Setup/Day5/Device18/IQ_1.dat,138,10819062,16,13,0,test,diff_days_indoor,5,0,0,0,0,0,0.16343989968299866
data/raw/osu_lora/Diff_Days_Indoor_Setup/Day5/Device18/IQ_1.dat,139,10897461,16,7,0,test,diff_days_indoor,5,0,0,0,0,0,0.15507164597511292
data/raw/osu_lora/Diff_Days_Indoor_Setup/Day5/Device18/IQ_1.dat,140,10975860,16,7,0,test,diff_days_indoor,5,0,0,0,0,0,0.14930960536003113
data/raw/osu_lora/Diff_Days_Indoor_Setup/Day5/Device18/IQ_1.dat,141,11054259,16,7,0,test,diff_days_indoor,5,0,0,0,0,0,0.16236141324043274
data/raw/osu_lora/Diff_Days_Indoor_Setup/Day5/Device18/IQ_1.dat,142,11132658,16,16,1,test,diff_days_indoor,5,0,0,0,0,0,0.15608984231948853
data/raw/osu_lora/Diff_Days_Indoor_Setup/Day5/Device18/IQ_1.dat,143,11211057,16,7,0,test,diff_days_indoor,5,0,0,0,0,0,0.14866569638252258
data/raw/osu_lora/Diff_Days_Indoor_Setup/Day5/Device18/IQ_1.dat,144,11289456,16,13,0,test,diff_days_indoor,5,0,0,0,0,0,0.1711304783821106
data/raw/osu_lora/Diff_Days_Indoor_Setup/Day5/Device18/IQ_1.dat,145,11367855,16,7,0,test,diff_days_indoor,5,0,0,0,0,0,0.16352663934230804
data/raw/osu_lora/Diff_Days_Indoor_Setup/Day5/Device18/IQ_1.dat,146,11446254,16,7,0,test,diff_days_indoor,5,0,0,0,0,0,0.15322047472000122
data/raw/osu_lora/Diff_Days_Indoor_Setup/Day5/Device18/IQ_1.dat,147,11524653,16,7,0,test,diff_days_indoor,5,0,0,0,0,0,0.16465511918067932
data/raw/osu_lora/Diff_Days_Indoor_Setup/Day5/Device18/IQ_1.dat,148,11603052,16,7,0,test,diff_days_indoor,5,0,0,0,0,0,0.15182824432849884
data/raw/osu_lora/Diff_Days_Indoor_Setup/Day5/Device18/IQ_1.dat,149,11681451,16,7,0,test,diff_days_indoor,5,0,0,0,0,0,0.1508762687444687
data/raw/osu_lora/Diff_Days_Indoor_Setup/Day5/Device18/IQ_1.dat,150,11759850,16,16,1,test,diff_days_indoor,5,0,0,0,0,0,0.15672667324543
data/raw/osu_lora/Diff_Days_Indoor_Setup/Day5/Device18/IQ_1.dat,151,11838249,16,7,0,test,diff_days_indoor,5,0,0,0,0,0,0.1741284281015396
data/raw/osu_lora/Diff_Days_Indoor_Setup/Day5/Device18/IQ_1.dat,152,11916648,16,7,0,test,diff_days_indoor,5,0,0,0,0,0,0.1538616567850113
data/raw/osu_lora/Diff_Days_Indoor_Setup/Day5/Device18/IQ_1.dat,153,11995047,16,7,0,test,diff_days_indoor,5,0,0,0,0,0,0.16375349462032318
data/raw/osu_lora/Diff_Days_Indoor_Setup/Day5/Device18/IQ_1.dat,154,12073446,16,16,1,test,diff_days_indoor,5,0,0,0,0,0,0.14918336272239685
data/raw/osu_lora/Diff_Days_Indoor_Setup/Day5/Device18/IQ_1.dat,155,12151845,16,7,0,test,diff_days_indoor,5,0,0,0,0,0,0.15841954946517944
data/raw/osu_lora/Diff_Days_Indoor_Setup/Day5/Device18/IQ_1.dat,156,12230244,16,16,1,test,diff_days_indoor,5,0,0,0,0,0,0.09995876252651215
data/raw/osu_lora/Diff_Days_Indoor_Setup/Day5/Device18/IQ_1.dat,157,12308643,16,16,1,test,diff_days_indoor,5,0,0,0,0,0,0.15249203145503998
data/raw/osu_lora/Diff_Days_Indoor_Setup/Day5/Device18/IQ_1.dat,158,12387042,16,7,0,test,diff_days_indoor,5,0,0,0,0,0,0.16207876801490784
data/raw/osu_lora/Diff_Days_Indoor_Setup/Day5/Device18/IQ_1.dat,159,12465441,16,16,1,test,diff_days_indoor,5,0,0,0,0,0,0.15368668735027313
data/raw/osu_lora/Diff_Days_Indoor_Setup/Day5/Device18/IQ_1.dat,160,12543840,16,7,0,test,diff_days_indoor,5,0,0,0,0,0,0.16478231549263
data/raw/osu_lora/Diff_Days_Indoor_Setup/Day5/Device18/IQ_1.dat,161,12622239,16,7,0,test,diff_days_indoor,5,0,0,0,0,0,0.1738022267818451
data/raw/osu_lora/Diff_Days_Indoor_Setup/Day5/Device18/IQ_1.dat,162,12700638,16,7,0,test,diff_days_indoor,5,0,0,0,0,0,0.17595022916793823
data/raw/osu_lora/Diff_Days_Indoor_Setup/Day5/Device18/IQ_1.dat,163,12779037,16,7,0,test,diff_days_indoor,5,0,0,0,0,0,0.16636379063129425
data/raw/osu_lora/Diff_Days_Indoor_Setup/Day5/Device18/IQ_1.dat,164,12857436,16,7,0,test,diff_days_indoor,5,0,0,0,0,0,0.14940501749515533
data/raw/osu_lora/Diff_Days_Indoor_Setup/Day5/Device18/IQ_1.dat,165,12935835,16,7,0,test,diff_days_indoor,5,0,0,0,0,0,0.1802247315645218
data/raw/osu_lora/Diff_Days_Indoor_Setup/Day5/Device18/IQ_1.dat,166,13014234,16,7,0,test,diff_days_indoor,5,0,0,0,0,0,0.18000510334968567
data/raw/osu_lora/Diff_Days_Indoor_Setup/Day5/Device18/IQ_1.dat,167,13092633,16,16,1,test,diff_days_indoor,5,0,0,0,0,0,0.1558200567960739
data/raw/osu_lora/Diff_Days_Indoor_Setup/Day5/Device18/IQ_1.dat,168,13171032,16,16,1,test,diff_days_indoor,5,0,0,0,0,0,0.1549329310655594
data/raw/osu_lora/Diff_Days_Indoor_Setup/Day5/Device18/IQ_1.dat,169,13249431,16,7,0,test,diff_days_indoor,5,0,0,0,0,0,0.1532244086265564
data/raw/osu_lora/Diff_Days_Indoor_Setup/Day5/Device18/IQ_1.dat,170,13327830,16,7,0,test,diff_days_indoor,5,0,0,0,0,0,0.14674577116966248
data/raw/osu_lora/Diff_Days_Indoor_Setup/Day5/Device18/IQ_1.dat,171,13406229,16,16,1,test,diff_days_indoor,5,0,0,0,0,0,0.1534499228000641
data/raw/osu_lora/Diff_Days_Indoor_Setup/Day5/Device18/IQ_1.dat,172,13484628,16,7,0,test,diff_days_indoor,5,0,0,0,0,0,0.16002044081687927
data/raw/osu_lora/Diff_Days_Indoor_Setup/Day5/Device18/IQ_1.dat,173,13563027,16,16,1,test,diff_days_indoor,5,0,0,0,0,0,0.15009093284606934
data/raw/osu_lora/Diff_Days_Indoor_Setup/Day5/Device18/IQ_1.dat,174,13641426,16,7,0,test,diff_days_indoor,5,0,0,0,0,0,0.16364626586437225
data/raw/osu_lora/Diff_Days_Indoor_Setup/Day5/Device18/IQ_1.dat,175,13719825,16,7,0,test,diff_days_indoor,5,0,0,0,0,0,0.18169550597667694
data/raw/osu_lora/Diff_Days_Indoor_Setup/Day5/Device18/IQ_1.dat,176,13798224,16,16,1,test,diff_days_indoor,5,0,0,0,0,0,0.15165844559669495
data/raw/osu_lora/Diff_Days_Indoor_Setup/Day5/Device18/IQ_1.dat,177,13876623,16,7,0,test,diff_days_indoor,5,0,0,0,0,0,0.1831313669681549
data/raw/osu_lora/Diff_Days_Indoor_Setup/Day5/Device18/IQ_1.dat,178,13955022,16,13,0,test,diff_days_indoor,5,0,0,0,0,0,0.15656732022762299
data/raw/osu_lora/Diff_Days_Indoor_Setup/Day5/Device18/IQ_1.dat,179,14033421,16,7,0,test,diff_days_indoor,5,0,0,0,0,0,0.17246019840240479
data/raw/osu_lora/Diff_Days_Indoor_Setup/Day5/Device18/IQ_1.dat,180,14111820,16,7,0,test,diff_days_indoor,5,0,0,0,0,0,0.16393837332725525
data/raw/osu_lora/Diff_Days_Indoor_Setup/Day5/Device18/IQ_1.dat,181,14190219,16,16,1,test,diff_days_indoor,5,0,0,0,0,0,0.15606854856014252
data/raw/osu_lora/Diff_Days_Indoor_Setup/Day5/Device18/IQ_1.dat,182,14268618,16,7,0,test,diff_days_indoor,5,0,0,0,0,0,0.1497783362865448
data/raw/osu_lora/Diff_Days_Indoor_Setup/Day5/Device18/IQ_1.dat,183,14347017,16,7,0,test,diff_days_indoor,5,0,0,0,0,0,0.17714431881904602
data/raw/osu_lora/Diff_Days_Indoor_Setup/Day5/Device18/IQ_1.dat,184,14425416,16,7,0,test,diff_days_indoor,5,0,0,0,0,0,0.14758244156837463
data/raw/osu_lora/Diff_Days_Indoor_Setup/Day5/Device18/IQ_1.dat,185,14503815,16,13,0,test,diff_days_indoor,5,0,0,0,0,0,0.16969174146652222
data/raw/osu_lora/Diff_Days_Indoor_Setup/Day5/Device18/IQ_1.dat,186,14582214,16,7,0,test,diff_days_indoor,5,0,0,0,0,0,0.18675342202186584
data/raw/osu_lora/Diff_Days_Indoor_Setup/Day5/Device18/IQ_1.dat,187,14660613,16,16,1,test,diff_days_indoor,5,0,0,0,0,0,0.14647610485553741
data/raw/osu_lora/Diff_Days_Indoor_Setup/Day5/Device18/IQ_1.dat,188,14739012,16,16,1,test,diff_days_indoor,5,0,0,0,0,0,0.15660926699638367
data/raw/osu_lora/Diff_Days_Indoor_Setup/Day5/Device18/IQ_1.dat,189,14817411,16,16,1,test,diff_days_indoor,5,0,0,0,0,0,0.1540941447019577
data/raw/osu_lora/Diff_Days_Indoor_Setup/Day5/Device18/IQ_1.dat,190,14895810,16,7,0,test,diff_days_indoor,5,0,0,0,0,0,0.1540871113538742
data/raw/osu_lora/Diff_Days_Indoor_Setup/Day5/Device18/IQ_1.dat,191,14974209,16,16,1,test,diff_days_indoor,5,0,0,0,0,0,0.1532234102487564
data/raw/osu_lora/Diff_Days_Indoor_Setup/Day5/Device18/IQ_1.dat,192,15052608,16,7,0,test,diff_days_indoor,5,0,0,0,0,0,0.17660114169120789
data/raw/osu_lora/Diff_Days_Indoor_Setup/Day5/Device18/IQ_1.dat,193,15131007,16,13,0,test,diff_days_indoor,5,0,0,0,0,0,0.17078928649425507
data/raw/osu_lora/Diff_Days_Indoor_Setup/Day5/Device18/IQ_1.dat,194,15209406,16,7,0,test,diff_days_indoor,5,0,0,0,0,0,0.180225670337677
data/raw/osu_lora/Diff_Days_Indoor_Setup/Day5/Device18/IQ_1.dat,195,15287805,16,7,0,test,diff_days_indoor,5,0,0,0,0,0,0.165786013007164
data/raw/osu_lora/Diff_Days_Indoor_Setup/Day5/Device18/IQ_1.dat,196,15366204,16,16,1,test,diff_days_indoor,5,0,0,0,0,0,0.15321777760982513
data/raw/osu_lora/Diff_Days_Indoor_Setup/Day5/Device18/IQ_1.dat,197,15444603,16,16,1,test,diff_days_indoor,5,0,0,0,0,0,0.14751526713371277
data/raw/osu_lora/Diff_Days_Indoor_Setup/Day5/Device18/IQ_1.dat,198,15523002,16,13,0,test,diff_days_indoor,5,0,0,0,0,0,0.15997864305973053
data/raw/osu_lora/Diff_Days_Indoor_Setup/Day5/Device18/IQ_1.dat,199,15601401,16,7,0,test,diff_days_indoor,5,0,0,0,0,0,0.17375947535037994
data/raw/osu_lora/Diff_Days_Indoor_Setup/Day5/Device18/IQ_1.dat,200,15679800,16,16,1,test,diff_days_indoor,5,0,0,0,0,0,0.15525272488594055
data/raw/osu_lora/Diff_Days_Indoor_Setup/Day5/Device18/IQ_1.dat,201,15758199,16,7,0,test,diff_days_indoor,5,0,0,0,0,0,0.1467902660369873
data/raw/osu_lora/Diff_Days_Indoor_Setup/Day5/Device18/IQ_1.dat,202,15836598,16,7,0,test,diff_days_indoor,5,0,0,0,0,0,0.16119487583637238
data/raw/osu_lora/Diff_Days_Indoor_Setup/Day5/Device18/IQ_1.dat,203,15914997,16,9,0,test,diff_days_indoor,5,0,0,0,0,0,0.1655750423669815
data/raw/osu_lora/Diff_Days_Indoor_Setup/Day5/Device18/IQ_1.dat,204,15993396,16,7,0,test,diff_days_indoor,5,0,0,0,0,0,0.17173604667186737
data/raw/osu_lora/Diff_Days_Indoor_Setup/Day5/Device18/IQ_1.dat,205,16071795,16,16,1,test,diff_days_indoor,5,0,0,0,0,0,0.15369175374507904
data/raw/osu_lora/Diff_Days_Indoor_Setup/Day5/Device18/IQ_1.dat,206,16150194,16,7,0,test,diff_days_indoor,5,0,0,0,0,0,0.14902038872241974
data/raw/osu_lora/Diff_Days_Indoor_Setup/Day5/Device18/IQ_1.dat,207,16228593,16,13,0,test,diff_days_indoor,5,0,0,0,0,0,0.1766679733991623
data/raw/osu_lora/Diff_Days_Indoor_Setup/Day5/Device18/IQ_1.dat,208,16306992,16,7,0,test,diff_days_indoor,5,0,0,0,0,0,0.1804511845111847
data/raw/osu_lora/Diff_Days_Indoor_Setup/Day5/Device18/IQ_1.dat,209,16385391,16,7,0,test,diff_days_indoor,5,0,0,0,0,0,0.16988642513751984
data/raw/osu_lora/Diff_Days_Indoor_Setup/Day5/Device18/IQ_1.dat,210,16463790,16,16,1,test,diff_days_indoor,5,0,0,0,0,0,0.14647239446640015
data/raw/osu_lora/Diff_Days_Indoor_Setup/Day5/Device18/IQ_1.dat,211,16542189,16,16,1,test,diff_days_indoor,5,0,0,0,0,0,0.15436683595180511
data/raw/osu_lora/Diff_Days_Indoor_Setup/Day5/Device18/IQ_1.dat,212,16620588,16,7,0,test,diff_days_indoor,5,0,0,0,0,0,0.15801982581615448
data/raw/osu_lora/Diff_Days_Indoor_Setup/Day5/Device18/IQ_1.dat,213,16698987,16,16,1,test,diff_days_indoor,5,0,0,0,0,0,0.1519470512866974
data/raw/osu_lora/Diff_Days_Indoor_Setup/Day5/Device18/IQ_1.dat,214,16777386,16,7,0,test,diff_days_indoor,5,0,0,0,0,0,0.1697433590888977
data/raw/osu_lora/Diff_Days_Indoor_Setup/Day5/Device18/IQ_1.dat,215,16855785,16,13,0,test,diff_days_indoor,5,0,0,0,0,0,0.16379114985466003
data/raw/osu_lora/Diff_Days_Indoor_Setup/Day5/Device18/IQ_1.dat,216,16934184,16,7,0,test,diff_days_indoor,5,0,0,0,0,0,0.17860420048236847
data/raw/osu_lora/Diff_Days_Indoor_Setup/Day5/Device18/IQ_1.dat,217,17012583,16,7,0,test,diff_days_indoor,5,0,0,0,0,0,0.16561204195022583
data/raw/osu_lora/Diff_Days_Indoor_Setup/Day5/Device18/IQ_1.dat,218,17090982,16,16,1,test,diff_days_indoor,5,0,0,0,0,0,0.15292145311832428
data/raw/osu_lora/Diff_Days_Indoor_Setup/Day5/Device18/IQ_1.dat,219,17169381,16,7,0,test,diff_days_indoor,5,0,0,0,0,0,0.15344083309173584
data/raw/osu_lora/Diff_Days_Indoor_Setup/Day5/Device18/IQ_1.dat,220,17247780,16,7,0,test,diff_days_indoor,5,0,0,0,0,0,0.16581721603870392
data/raw/osu_lora/Diff_Days_Indoor_Setup/Day5/Device18/IQ_1.dat,221,17326179,16,7,0,test,diff_days_indoor,5,0,0,0,0,0,0.18338045477867126
data/raw/osu_lora/Diff_Days_Indoor_Setup/Day5/Device18/IQ_1.dat,222,17404578,16,7,0,test,diff_days_indoor,5,0,0,0,0,0,0.15429283678531647
data/raw/osu_lora/Diff_Days_Indoor_Setup/Day5/Device18/IQ_1.dat,223,17482977,16,16,1,test,diff_days_indoor,5,0,0,0,0,0,0.14810028672218323
data/raw/osu_lora/Diff_Days_Indoor_Setup/Day5/Device18/IQ_1.dat,224,17561376,16,7,0,test,diff_days_indoor,5,0,0,0,0,0,0.1646558791399002
data/raw/osu_lora/Diff_Days_Indoor_Setup/Day5/Device18/IQ_1.dat,225,17639775,16,16,1,test,diff_days_indoor,5,0,0,0,0,0,0.15582768619060516
data/raw/osu_lora/Diff_Days_Indoor_Setup/Day5/Device18/IQ_1.dat,226,17718174,16,7,0,test,diff_days_indoor,5,0,0,0,0,0,0.14761483669281006
data/raw/osu_lora/Diff_Days_Indoor_Setup/Day5/Device18/IQ_1.dat,227,17796573,16,7,0,test,diff_days_indoor,5,0,0,0,0,0,0.16971392929553986
data/raw/osu_lora/Diff_Days_Indoor_Setup/Day5/Device18/IQ_1.dat,228,17874972,16,7,0,test,diff_days_indoor,5,0,0,0,0,0,0.14592844247817993
data/raw/osu_lora/Diff_Days_Indoor_Setup/Day5/Device18/IQ_1.dat,229,17953371,16,7,0,test,diff_days_indoor,5,0,0,0,0,0,0.13717028498649597
data/raw/osu_lora/Diff_Days_Indoor_Setup/Day5/Device18/IQ_1.dat,230,18031770,16,7,0,test,diff_days_indoor,5,0,0,0,0,0,0.1674891710281372
data/raw/osu_lora/Diff_Days_Indoor_Setup/Day5/Device18/IQ_1.dat,231,18110169,16,7,0,test,diff_days_indoor,5,0,0,0,0,0,0.14705884456634521
data/raw/osu_lora/Diff_Days_Indoor_Setup/Day5/Device18/IQ_1.dat,232,18188568,16,13,0,test,diff_days_indoor,5,0,0,0,0,0,0.17607314884662628
data/raw/osu_lora/Diff_Days_Indoor_Setup/Day5/Device18/IQ_1.dat,233,18266967,16,7,0,test,diff_days_indoor,5,0,0,0,0,0,0.1503322571516037
data/raw/osu_lora/Diff_Days_Indoor_Setup/Day5/Device18/IQ_1.dat,234,18345366,16,7,0,test,diff_days_indoor,5,0,0,0,0,0,0.15803571045398712
data/raw/osu_lora/Diff_Days_Indoor_Setup/Day5/Device18/IQ_1.dat,235,18423765,16,16,1,test,diff_days_indoor,5,0,0,0,0,0,0.1553686112165451
data/raw/osu_lora/Diff_Days_Indoor_Setup/Day5/Device18/IQ_1.dat,236,18502164,16,7,0,test,diff_days_indoor,5,0,0,0,0,0,0.1630772203207016
data/raw/osu_lora/Diff_Days_Indoor_Setup/Day5/Device18/IQ_1.dat,237,18580563,16,16,1,test,diff_days_indoor,5,0,0,0,0,0,0.15047700703144073
data/raw/osu_lora/Diff_Days_Indoor_Setup/Day5/Device18/IQ_1.dat,238,18658962,16,7,0,test,diff_days_indoor,5,0,0,0,0,0,0.18076379597187042
data/raw/osu_lora/Diff_Days_Indoor_Setup/Day5/Device18/IQ_1.dat,239,18737361,16,7,0,test,diff_days_indoor,5,0,0,0,0,0,0.1704133152961731
data/raw/osu_lora/Diff_Days_Indoor_Setup/Day5/Device18/IQ_1.dat,240,18815760,16,16,1,test,diff_days_indoor,5,0,0,0,0,0,0.14647580683231354
data/raw/osu_lora/Diff_Days_Indoor_Setup/Day5/Device18/IQ_1.dat,241,18894159,16,7,0,test,diff_days_indoor,5,0,0,0,0,0,0.16795825958251953
data/raw/osu_lora/Diff_Days_Indoor_Setup/Day5/Device18/IQ_1.dat,242,18972558,16,7,0,test,diff_days_indoor,5,0,0,0,0,0,0.14844951033592224
data/raw/osu_lora/Diff_Days_Indoor_Setup/Day5/Device18/IQ_1.dat,243,19050957,16,16,1,test,diff_days_indoor,5,0,0,0,0,0,0.14772498607635498
data/raw/osu_lora/Diff_Days_Indoor_Setup/Day5/Device18/IQ_1.dat,244,19129356,16,7,0,test,diff_days_indoor,5,0,0,0,0,0,0.1473655104637146
data/raw/osu_lora/Diff_Days_Indoor_Setup/Day5/Device18/IQ_1.dat,245,19207755,16,7,0,test,diff_days_indoor,5,0,0,0,0,0,0.18237370252609253
data/raw/osu_lora/Diff_Days_Indoor_Setup/Day5/Device18/IQ_1.dat,246,19286154,16,7,0,test,diff_days_indoor,5,0,0,0,0,0,0.163839191198349
data/raw/osu_lora/Diff_Days_Indoor_Setup/Day5/Device18/IQ_1.dat,247,19364553,16,7,0,test,diff_days_indoor,5,0,0,0,0,0,0.16580134630203247
data/raw/osu_lora/Diff_Days_Indoor_Setup/Day5/Device18/IQ_1.dat,248,19442952,16,7,0,test,diff_days_indoor,5,0,0,0,0,0,0.14792411029338837
data/raw/osu_lora/Diff_Days_Indoor_Setup/Day5/Device18/IQ_1.dat,249,19521351,16,17,0,test,diff_days_indoor,5,0,0,0,0,0,0.18571756780147552
data/raw/osu_lora/Diff_Days_Indoor_Setup/Day5/Device18/IQ_1.dat,250,19599750,16,13,0,test,diff_days_indoor,5,0,0,0,0,0,0.15944288671016693
data/raw/osu_lora/Diff_Days_Indoor_Setup/Day5/Device18/IQ_1.dat,251,19678149,16,16,1,test,diff_days_indoor,5,0,0,0,0,0,0.15238334238529205
data/raw/osu_lora/Diff_Days_Indoor_Setup/Day5/Device18/IQ_1.dat,252,19756548,16,7,0,test,diff_days_indoor,5,0,0,0,0,0,0.17445018887519836
data/raw/osu_lora/Diff_Days_Indoor_Setup/Day5/Device18/IQ_1.dat,253,19834947,16,16,1,test,diff_days_indoor,5,0,0,0,0,0,0.15572966635227203
data/raw/osu_lora/Diff_Days_Indoor_Setup/Day5/Device18/IQ_1.dat,254,19913346,16,7,0,test,diff_days_indoor,5,0,0,0,0,0,0.14761309325695038
data/raw/osu_lora/Diff_Days_Indoor_Setup/Day5/Device18/IQ_1.dat,255,19991745,16,7,0,test,diff_days_indoor,5,0,0,0,0,0,0.15872378647327423
data/raw/osu_lora/Diff_Days_Indoor_Setup/Day5/Device19/IQ_1.dat,0,0,17,7,0,test,diff_days_indoor,5,0,0,0,0,0,0.18344108760356903
data/raw/osu_lora/Diff_Days_Indoor_Setup/Day5/Device19/IQ_1.dat,1,78399,17,7,0,test,diff_days_indoor,5,0,0,0,0,0,0.179217129945755
data/raw/osu_lora/Diff_Days_Indoor_Setup/Day5/Device19/IQ_1.dat,2,156798,17,7,0,test,diff_days_indoor,5,0,0,0,0,0,0.1713513433933258
data/raw/osu_lora/Diff_Days_Indoor_Setup/Day5/Device19/IQ_1.dat,3,235197,17,7,0,test,diff_days_indoor,5,0,0,0,0,0,0.17451459169387817
data/raw/osu_lora/Diff_Days_Indoor_Setup/Day5/Device19/IQ_1.dat,4,313596,17,17,1,test,diff_days_indoor,5,0,0,0,0,0,0.17985299229621887
data/raw/osu_lora/Diff_Days_Indoor_Setup/Day5/Device19/IQ_1.dat,5,391995,17,7,0,test,diff_days_indoor,5,0,0,0,0,0,0.18072184920310974
data/raw/osu_lora/Diff_Days_Indoor_Setup/Day5/Device19/IQ_1.dat,6,470394,17,17,1,test,diff_days_indoor,5,0,0,0,0,0,0.1800784021615982
data/raw/osu_lora/Diff_Days_Indoor_Setup/Day5/Device19/IQ_1.dat,7,548793,17,7,0,test,diff_days_indoor,5,0,0,0,0,0,0.18389305472373962
data/raw/osu_lora/Diff_Days_Indoor_Setup/Day5/Device19/IQ_1.dat,8,627192,17,7,0,test,diff_days_indoor,5,0,0,0,0,0,0.167525053024292
data/raw/osu_lora/Diff_Days_Indoor_Setup/Day5/Device19/IQ_1.dat,9,705591,17,7,0,test,diff_days_indoor,5,0,0,0,0,0,0.18465222418308258
data/raw/osu_lora/Diff_Days_Indoor_Setup/Day5/Device19/IQ_1.dat,10,783990,17,7,0,test,diff_days_indoor,5,0,0,0,0,0,0.17288105189800262
data/raw/osu_lora/Diff_Days_Indoor_Setup/Day5/Device19/IQ_1.dat,11,862389,17,7,0,test,diff_days_indoor,5,0,0,0,0,0,0.17704971134662628
data/raw/osu_lora/Diff_Days_Indoor_Setup/Day5/Device19/IQ_1.dat,12,940788,17,7,0,test,diff_days_indoor,5,0,0,0,0,0,0.18302905559539795
data/raw/osu_lora/Diff_Days_Indoor_Setup/Day5/Device19/IQ_1.dat,13,1019187,17,15,0,test,diff_days_indoor,5,0,0,0,0,0,0.17750784754753113
data/raw/osu_lora/Diff_Days_Indoor_Setup/Day5/Device19/IQ_1.dat,14,1097586,17,17,1,test,diff_days_indoor,5,0,0,0,0,0,0.18739230930805206
data/raw/osu_lora/Diff_Days_Indoor_Setup/Day5/Device19/IQ_1.dat,15,1175985,17,7,0,test,diff_days_indoor,5,0,0,0,0,0,0.1692028045654297
data/raw/osu_lora/Diff_Days_Indoor_Setup/Day5/Device19/IQ_1.dat,16,1254384,17,15,0,test,diff_days_indoor,5,0,0,0,0,0,0.246943399310112
data/raw/osu_lora/Diff_Days_Indoor_Setup/Day5/Device19/IQ_1.dat,17,1332783,17,15,0,test,diff_days_indoor,5,0,0,0,0,0,0.2248062938451767
data/raw/osu_lora/Diff_Days_Indoor_Setup/Day5/Device19/IQ_1.dat,18,1411182,17,17,1,test,diff_days_indoor,5,0,0,0,0,0,0.17865535616874695
data/raw/osu_lora/Diff_Days_Indoor_Setup/Day5/Device19/IQ_1.dat,19,1489581,17,7,0,test,diff_days_indoor,5,0,0,0,0,0,0.18470104038715363
data/raw/osu_lora/Diff_Days_Indoor_Setup/Day5/Device19/IQ_1.dat,20,1567980,17,7,0,test,diff_days_indoor,5,0,0,0,0,0,0.18123072385787964
data/raw/osu_lora/Diff_Days_Indoor_Setup/Day5/Device19/IQ_1.dat,21,1646379,17,7,0,test,diff_days_indoor,5,0,0,0,0,0,0.1501133143901825
data/raw/osu_lora/Diff_Days_Indoor_Setup/Day5/Device19/IQ_1.dat,22,1724778,17,7,0,test,diff_days_indoor,5,0,0,0,0,0,0.17819678783416748
data/raw/osu_lora/Diff_Days_Indoor_Setup/Day5/Device19/IQ_1.dat,23,1803177,17,7,0,test,diff_days_indoor,5,0,0,0,0,0,0.1833695024251938
data/raw/osu_lora/Diff_Days_Indoor_Setup/Day5/Device19/IQ_1.dat,24,1881576,17,7,0,test,diff_days_indoor,5,0,0,0,0,0,0.18502764403820038
data/raw/osu_lora/Diff_Days_Indoor_Setup/Day5/Device19/IQ_1.dat,25,1959975,17,17,1,test,diff_days_indoor,5,0,0,0,0,0,0.18999427556991577
data/raw/osu_lora/Diff_Days_Indoor_Setup/Day5/Device19/IQ_1.dat,26,2038374,17,7,0,test,diff_days_indoor,5,0,0,0,0,0,0.17604601383209229
data/raw/osu_lora/Diff_Days_Indoor_Setup/Day5/Device19/IQ_1.dat,27,2116773,17,7,0,test,diff_days_indoor,5,0,0,0,0,0,0.15464189648628235
data/raw/osu_lora/Diff_Days_Indoor_Setup/Day5/Device19/IQ_1.dat,28,2195172,17,7,0,test,diff_days_indoor,5,0,0,0,0,0,0.16386497020721436
data/raw/osu_lora/Diff_Days_Indoor_Setup/Day5/Device19/IQ_1.dat,29,2273571,17,7,0,test,diff_days_indoor,5,0,0,0,0,0,0.18927915394306183
data/raw/osu_lora/Diff_Days_Indoor_Setup/Day5/Device19/IQ_1.dat,30,2351970,17,7,0,test,diff_days_indoor,5,0,0,0,0,0,0.17633169889450073
data/raw/osu_lora/Diff_Days_Indoor_Setup/Day5/Device19/IQ_1.dat,31,2430369,17,15,0,test,diff_days_indoor,5,0,0,0,0,0,0.1943829208612442
data/raw/osu_lora/Diff_Days_Indoor_Setup/Day5/Device19/IQ_1.dat,32,2508768,17,7,0,test,diff_days_indoor,5,0,0,0,0,0,0.17402271926403046
data/raw/osu_lora/Diff_Days_Indoor_Setup/Day5/Device19/IQ_1.dat,33,2587167,17,17,1,test,diff_days_indoor,5,0,0,0,0,0,0.18670125305652618
data/raw/osu_lora/Diff_Days_Indoor_Setup/Day5/Device19/IQ_1.dat,34,2665566,17,7,0,test,diff_days_indoor,5,0,0,0,0,0,0.1705644279718399
data/raw/osu_lora/Diff_Days_Indoor_Setup/Day5/Device19/IQ_1.dat,35,2743965,17,17,1,test,diff_days_indoor,5,0,0,0,0,0,0.18556423485279083
data/raw/osu_lora/Diff_Days_Indoor_Setup/Day5/Device19/IQ_1.dat,36,2822364,17,7,0,test,diff_days_indoor,5,0,0,0,0,0,0.17644676566123962
data/raw/osu_lora/Diff_Days_Indoor_Setup/Day5/Device19/IQ_1.dat,37,2900763,17,7,0,test,diff_days_indoor,5,0,0,0,0,0,0.18058916926383972
data/raw/osu_lora/Diff_Days_Indoor_Setup/Day5/Device19/IQ_1.dat,38,2979162,17,7,0,test,diff_days_indoor,5,0,0,0,0,0,0.18466609716415405
data/raw/osu_lora/Diff_Days_Indoor_Setup/Day5/Device19/IQ_1.dat,39,3057561,17,17,1,test,diff_days_indoor,5,0,0,0,0,0,0.18287299573421478
data/raw/osu_lora/Diff_Days_Indoor_Setup/Day5/Device19/IQ_1.dat,40,3135960,17,7,0,test,diff_days_indoor,5,0,0,0,0,0,0.17240799963474274
data/raw/osu_lora/Diff_Days_Indoor_Setup/Day5/Device19/IQ_1.dat,41,3214359,17,22,0,test,diff_days_indoor,5,0,0,0,0,0,0.2624950110912323
data/raw/osu_lora/Diff_Days_Indoor_Setup/Day5/Device19/IQ_1.dat,42,3292758,17,7,0,test,diff_days_indoor,5,0,0,0,0,0,0.14115509390830994
data/raw/osu_lora/Diff_Days_Indoor_Setup/Day5/Device19/IQ_1.dat,43,3371157,17,7,0,test,diff_days_indoor,5,0,0,0,0,0,0.17949990928173065
data/raw/osu_lora/Diff_Days_Indoor_Setup/Day5/Device19/IQ_1.dat,44,3449556,17,15,0,test,diff_days_indoor,5,0,0,0,0,0,0.20980936288833618
data/raw/osu_lora/Diff_Days_Indoor_Setup/Day5/Device19/IQ_1.dat,45,3527955,17,7,0,test,diff_days_indoor,5,0,0,0,0,0,0.170553058385849
data/raw/osu_lora/Diff_Days_Indoor_Setup/Day5/Device19/IQ_1.dat,46,3606354,17,7,0,test,diff_days_indoor,5,0,0,0,0,0,0.14968693256378174
data/raw/osu_lora/Diff_Days_Indoor_Setup/Day5/Device19/IQ_1.dat,47,3684753,17,17,1,test,diff_days_indoor,5,0,0,0,0,0,0.18432343006134033
data/raw/osu_lora/Diff_Days_Indoor_Setup/Day5/Device19/IQ_1.dat,48,3763152,17,7,0,test,diff_days_indoor,5,0,0,0,0,0,0.18727312982082367
data/raw/osu_lora/Diff_Days_Indoor_Setup/Day5/Device19/IQ_1.dat,49,3841551,17,7,0,test,diff_days_indoor,5,0,0,0,0,0,0.15238289535045624
data/raw/osu_lora/Diff_Days_Indoor_Setup/Day5/Device19/IQ_1.dat,50,3919950,17,7,0,test,diff_days_indoor,5,0,0,0,0,0,0.18671442568302155
data/raw/osu_lora/Diff_Days_Indoor_Setup/Day5/Device19/IQ_1.dat,51,3998349,17,7,0,test,diff_days_indoor,5,0,0,0,0,0,0.1827109307050705
data/raw/osu_lora/Diff_Days_Indoor_Setup/Day5/Device19/IQ_1.dat,52,4076748,17,7,0,test,diff_days_indoor,5,0,0,0,0,0,0.17751845717430115
data/raw/osu_lora/Diff_Days_Indoor_Setup/Day5/Device19/IQ_1.dat,53,4155147,17,7,0,test,diff_days_indoor,5,0,0,0,0,0,0.17293371260166168
data/raw/osu_lora/Diff_Days_Indoor_Setup/Day5/Device19/IQ_1.dat,54,4233546,17,7,0,test,diff_days_indoor,5,0,0,0,0,0,0.15640737116336823
data/raw/osu_lora/Diff_Days_Indoor_Setup/Day5/Device19/IQ_1.dat,55,4311945,17,7,0,test,diff_days_indoor,5,0,0,0,0,0,0.17231468856334686
data/raw/osu_lora/Diff_Days_Indoor_Setup/Day5/Device19/IQ_1.dat,56,4390344,17,16,0,test,diff_days_indoor,5,0,0,0,0,0,0.15102966129779816
data/raw/osu_lora/Diff_Days_Indoor_Setup/Day5/Device19/IQ_1.dat,57,4468743,17,17,1,test,diff_days_indoor,5,0,0,0,0,0,0.1839507818222046
data/raw/osu_lora/Diff_Days_Indoor_Setup/Day5/Device19/IQ_1.dat,58,4547142,17,7,0,test,diff_days_indoor,5,0,0,0,0,0,0.18410061299800873
data/raw/osu_lora/Diff_Days_Indoor_Setup/Day5/Device19/IQ_1.dat,59,4625541,17,7,0,test,diff_days_indoor,5,0,0,0,0,0,0.1774631291627884
data/raw/osu_lora/Diff_Days_Indoor_Setup/Day5/Device19/IQ_1.dat,60,4703940,17,15,0,test,diff_days_indoor,5,0,0,0,0,0,0.18810543417930603
data/raw/osu_lora/Diff_Days_Indoor_Setup/Day5/Device19/IQ_1.dat,61,4782339,17,7,0,test,diff_days_indoor,5,0,0,0,0,0,0.1565912961959839
data/raw/osu_lora/Diff_Days_Indoor_Setup/Day5/Device19/IQ_1.dat,62,4860738,17,17,1,test,diff_days_indoor,5,0,0,0,0,0,0.1869160383939743
data/raw/osu_lora/Diff_Days_Indoor_Setup/Day5/Device19/IQ_1.dat,63,4939137,17,7,0,test,diff_days_indoor,5,0,0,0,0,0,0.1843699812889099
data/raw/osu_lora/Diff_Days_Indoor_Setup/Day5/Device19/IQ_1.dat,64,5017536,17,7,0,test,diff_days_indoor,5,0,0,0,0,0,0.17707377672195435
data/raw/osu_lora/Diff_Days_Indoor_Setup/Day5/Device19/IQ_1.dat,65,5095935,17,7,0,test,diff_days_indoor,5,0,0,0,0,0,0.1845196932554245
data/raw/osu_lora/Diff_Days_Indoor_Setup/Day5/Device19/IQ_1.dat,66,5174334,17,7,0,test,diff_days_indoor,5,0,0,0,0,0,0.1838483065366745
data/raw/osu_lora/Diff_Days_Indoor_Setup/Day5/Device19/IQ_1.dat,67,5252733,17,7,0,test,diff_days_indoor,5,0,0,0,0,0,0.18352873623371124
data/raw/osu_lora/Diff_Days_Indoor_Setup/Day5/Device19/IQ_1.dat,68,5331132,17,7,0,test,diff_days_indoor,5,0,0,0,0,0,0.12953771650791168
data/raw/osu_lora/Diff_Days_Indoor_Setup/Day5/Device19/IQ_1.dat,69,5409531,17,7,0,test,diff_days_indoor,5,0,0,0,0,0,0.18530505895614624
data/raw/osu_lora/Diff_Days_Indoor_Setup/Day5/Device19/IQ_1.dat,70,5487930,17,17,1,test,diff_days_indoor,5,0,0,0,0,0,0.1870572715997696
data/raw/osu_lora/Diff_Days_Indoor_Setup/Day5/Device19/IQ_1.dat,71,5566329,17,7,0,test,diff_days_indoor,5,0,0,0,0,0,0.1814330518245697
data/raw/osu_lora/Diff_Days_Indoor_Setup/Day5/Device19/IQ_1.dat,72,5644728,17,7,0,test,diff_days_indoor,5,0,0,0,0,0,0.18139950931072235
data/raw/osu_lora/Diff_Days_Indoor_Setup/Day5/Device19/IQ_1.dat,73,5723127,17,7,0,test,diff_days_indoor,5,0,0,0,0,0,0.18240754306316376
data/raw/osu_lora/Diff_Days_Indoor_Setup/Day5/Device19/IQ_1.dat,74,5801526,17,7,0,test,diff_days_indoor,5,0,0,0,0,0,0.16873730719089508
data/raw/osu_lora/Diff_Days_Indoor_Setup/Day5/Device19/IQ_1.dat,75,5879925,17,7,0,test,diff_days_indoor,5,0,0,0,0,0,0.1791829615831375
data/raw/osu_lora/Diff_Days_Indoor_Setup/Day5/Device19/IQ_1.dat,76,5958324,17,17,1,test,diff_days_indoor,5,0,0,0,0,0,0.18543563783168793
data/raw/osu_lora/Diff_Days_Indoor_Setup/Day5/Device19/IQ_1.dat,77,6036723,17,15,0,test,diff_days_indoor,5,0,0,0,0,0,0.233370840549469
data/raw/osu_lora/Diff_Days_Indoor_Setup/Day5/Device19/IQ_1.dat,78,6115122,17,17,1,test,diff_days_indoor,5,0,0,0,0,0,0.18179599940776825
data/raw/osu_lora/Diff_Days_Indoor_Setup/Day5/Device19/IQ_1.dat,79,6193521,17,7,0,test,diff_days_indoor,5,0,0,0,0,0,0.17650055885314941
data/raw/osu_lora/Diff_Days_Indoor_Setup/Day5/Device19/IQ_1.dat,80,6271920,17,17,1,test,diff_days_indoor,5,0,0,0,0,0,0.1923283487558365
data/raw/osu_lora/Diff_Days_Indoor_Setup/Day5/Device19/IQ_1.dat,81,6350319,17,7,0,test,diff_days_indoor,5,0,0,0,0,0,0.18109405040740967
data/raw/osu_lora/Diff_Days_Indoor_Setup/Day5/Device19/IQ_1.dat,82,6428718,17,7,0,test,diff_days_indoor,5,0,0,0,0,0,0.18915151059627533
data/raw/osu_lora/Diff_Days_Indoor_Setup/Day5/Device19/IQ_1.dat,83,6507117,17,7,0,test,diff_days_indoor,5,0,0,0,0,0,0.17770197987556458
data/raw/osu_lora/Diff_Days_Indoor_Setup/Day5/Device19/IQ_1.dat,84,6585516,17,7,0,test,diff_days_indoor,5,0,0,0,0,0,0.18193891644477844
data/raw/osu_lora/Diff_Days_Indoor_Setup/Day5/Device19/IQ_1.dat,85,6663915,17,15,0,test,diff_days_indoor,5,0,0,0,0,0,0.17832991480827332
data/raw/osu_lora/Diff_Days_Indoor_Setup/Day5/Device19/IQ_1.dat,86,6742314,17,7,0,test,diff_days_indoor,5,0,0,0,0,0,0.18314746022224426
data/raw/osu_lora/Diff_Days_Indoor_Setup/Day5/Device19/IQ_1.dat,87,6820713,17,22,0,test,diff_days_indoor,5,0,0,0,0,0,0.22400638461112976
data/raw/osu_lora/Diff_Days_Indoor_Setup/Day5/Device19/IQ_1.dat,88,6899112,17,15,0,test,diff_days_indoor,5,0,0,0,0,0,0.19387339055538177
data/raw/osu_lora/Diff_Days_Indoor_Setup/Day5/Device19/IQ_1.dat,89,6977511,17,7,0,test,diff_days_indoor,5,0,0,0,0,0,0.15377359092235565
data/raw/osu_lora/Diff_Days_Indoor_Setup/Day5/Device19/IQ_1.dat,90,7055910,17,7,0,test,diff_days_indoor,5,0,0,0,0,0,0.18018844723701477
data/raw/osu_lora/Diff_Days_Indoor_Setup/Day5/Device19/IQ_1.dat,91,7134309,17,7,0,test,diff_days_indoor,5,0,0,0,0,0,0.18719585239887238
data/raw/osu_lora/Diff_Days_Indoor_Setup/Day5/Device19/IQ_1.dat,92,7212708,17,17,1,test,diff_days_indoor,5,0,0,0,0,0,0.18685680627822876
data/raw/osu_lora/Diff_Days_Indoor_Setup/Day5/Device19/IQ_1.dat,93,7291107,17,17,1,test,diff_days_indoor,5,0,0,0,0,0,0.18216745555400848
data/raw/osu_lora/Diff_Days_Indoor_Setup/Day5/Device19/IQ_1.dat,94,7369506,17,7,0,test,diff_days_indoor,5,0,0,0,0,0,0.18366432189941406
data/raw/osu_lora/Diff_Days_Indoor_Setup/Day5/Device19/IQ_1.dat,95,7447905,17,7,0,test,diff_days_indoor,5,0,0,0,0,0,0.18576763570308685
data/raw/osu_lora/Diff_Days_Indoor_Setup/Day5/Device19/IQ_1.dat,96,7526304,17,7,0,test,diff_days_indoor,5,0,0,0,0,0,0.18032781779766083
data/raw/osu_lora/Diff_Days_Indoor_Setup/Day5/Device19/IQ_1.dat,97,7604703,17,7,0,test,diff_days_indoor,5,0,0,0,0,0,0.16818171739578247
data/raw/osu_lora/Diff_Days_Indoor_Setup/Day5/Device19/IQ_1.dat,98,7683102,17,17,1,test,diff_days_indoor,5,0,0,0,0,0,0.18516848981380463
data/raw/osu_lora/Diff_Days_Indoor_Setup/Day5/Device19/IQ_1.dat,99,7761501,17,7,0,test,diff_days_indoor,5,0,0,0,0,0,0.16037313640117645
data/raw/osu_lora/Diff_Days_Indoor_Setup/Day5/Device19/IQ_1.dat,100,7839900,17,7,0,test,diff_days_indoor,5,0,0,0,0,0,0.1497640460729599
data/raw/osu_lora/Diff_Days_Indoor_Setup/Day5/Device19/IQ_1.dat,101,7918299,17,7,0,test,diff_days_indoor,5,0,0,0,0,0,0.1748560070991516
data/raw/osu_lora/Diff_Days_Indoor_Setup/Day5/Device19/IQ_1.dat,102,7996698,17,7,0,test,diff_days_indoor,5,0,0,0,0,0,0.1849437654018402
data/raw/osu_lora/Diff_Days_Indoor_Setup/Day5/Device19/IQ_1.dat,103,8075097,17,7,0,test,diff_days_indoor,5,0,0,0,0,0,0.17185257375240326
data/raw/osu_lora/Diff_Days_Indoor_Setup/Day5/Device19/IQ_1.dat,104,8153496,17,7,0,test,diff_days_indoor,5,0,0,0,0,0,0.17214755713939667
data/raw/osu_lora/Diff_Days_Indoor_Setup/Day5/Device19/IQ_1.dat,105,8231895,17,7,0,test,diff_days_indoor,5,0,0,0,0,0,0.17723822593688965
data/raw/osu_lora/Diff_Days_Indoor_Setup/Day5/Device19/IQ_1.dat,106,8310294,17,17,1,test,diff_days_indoor,5,0,0,0,0,0,0.18691794574260712
data/raw/osu_lora/Diff_Days_Indoor_Setup/Day5/Device19/IQ_1.dat,107,8388693,17,7,0,test,diff_days_indoor,5,0,0,0,0,0,0.17965185642242432
data/raw/osu_lora/Diff_Days_Indoor_Setup/Day5/Device19/IQ_1.dat,108,8467092,17,16,0,test,diff_days_indoor,5,0,0,0,0,0,0.15028589963912964
data/raw/osu_lora/Diff_Days_Indoor_Setup/Day5/Device19/IQ_1.dat,109,8545491,17,7,0,test,diff_days_indoor,5,0,0,0,0,0,0.1631307452917099
data/raw/osu_lora/Diff_Days_Indoor_Setup/Day5/Device19/IQ_1.dat,110,8623890,17,17,1,test,diff_days_indoor,5,0,0,0,0,0,0.1916673481464386
data/raw/osu_lora/Diff_Days_Indoor_Setup/Day5/Device19/IQ_1.dat,111,8702289,17,7,0,test,diff_days_indoor,5,0,0,0,0,0,0.17051084339618683
data/raw/osu_lora/Diff_Days_Indoor_Setup/Day5/Device19/IQ_1.dat,112,8780688,17,7,0,test,diff_days_indoor,5,0,0,0,0,0,0.18629513680934906
data/raw/osu_lora/Diff_Days_Indoor_Setup/Day5/Device19/IQ_1.dat,113,8859087,17,7,0,test,diff_days_indoor,5,0,0,0,0,0,0.1737208217382431
data/raw/osu_lora/Diff_Days_Indoor_Setup/Day5/Device19/IQ_1.dat,114,8937486,17,17,1,test,diff_days_indoor,5,0,0,0,0,0,0.17876240611076355
data/raw/osu_lora/Diff_Days_Indoor_Setup/Day5/Device19/IQ_1.dat,115,9015885,17,16,0,test,diff_days_indoor,5,0,0,0,0,0,0.125642791390419
data/raw/osu_lora/Diff_Days_Indoor_Setup/Day5/Device19/IQ_1.dat,116,9094284,17,22,0,test,diff_days_indoor,5,0,0,0,0,0,0.18367351591587067
data/raw/osu_lora/Diff_Days_Indoor_Setup/Day5/Device19/IQ_1.dat,117,9172683,17,17,1,test,diff_days_indoor,5,0,0,0,0,0,0.1882971078157425
data/raw/osu_lora/Diff_Days_Indoor_Setup/Day5/Device19/IQ_1.dat,118,9251082,17,7,0,test,diff_days_indoor,5,0,0,0,0,0,0.17411130666732788
data/raw/osu_lora/Diff_Days_Indoor_Setup/Day5/Device19/IQ_1.dat,119,9329481,17,7,0,test,diff_days_indoor,5,0,0,0,0,0,0.17603333294391632
data/raw/osu_lora/Diff_Days_Indoor_Setup/Day5/Device19/IQ_1.dat,120,9407880,17,17,1,test,diff_days_indoor,5,0,0,0,0,0,0.18547913432121277
data/raw/osu_lora/Diff_Days_Indoor_Setup/Day5/Device19/IQ_1.dat,121,9486279,17,15,0,test,diff_days_indoor,5,0,0,0,0,0,0.17781943082809448
data/raw/osu_lora/Diff_Days_Indoor_Setup/Day5/Device19/IQ_1.dat,122,9564678,17,17,1,test,diff_days_indoor,5,0,0,0,0,0,0.18738369643688202
data/raw/osu_lora/Diff_Days_Indoor_Setup/Day5/Device19/IQ_1.dat,123,9643077,17,7,0,test,diff_days_indoor,5,0,0,0,0,0,0.17529137432575226
data/raw/osu_lora/Diff_Days_Indoor_Setup/Day5/Device19/IQ_1.dat,124,9721476,17,17,1,test,diff_days_indoor,5,0,0,0,0,0,0.1862117052078247
data/raw/osu_lora/Diff_Days_Indoor_Setup/Day5/Device19/IQ_1.dat,125,9799875,17,17,1,test,diff_days_indoor,5,0,0,0,0,0,0.18725252151489258
data/raw/osu_lora/Diff_Days_Indoor_Setup/Day5/Device19/IQ_1.dat,126,9878274,17,7,0,test,diff_days_indoor,5,0,0,0,0,0,0.18485672771930695
data/raw/osu_lora/Diff_Days_Indoor_Setup/Day5/Device19/IQ_1.dat,127,9956673,17,7,0,test,diff_days_indoor,5,0,0,0,0,0,0.18212297558784485
data/raw/osu_lora/Diff_Days_Indoor_Setup/Day5/Device19/IQ_1.dat,128,10035072,17,7,0,test,diff_days_indoor,5,0,0,0,0,0,0.17295575141906738
data/raw/osu_lora/Diff_Days_Indoor_Setup/Day5/Device19/IQ_1.dat,129,10113471,17,7,0,test,diff_days_indoor,5,0,0,0,0,0,0.17792963981628418
data/raw/osu_lora/Diff_Days_Indoor_Setup/Day5/Device19/IQ_1.dat,130,10191870,17,7,0,test,diff_days_indoor,5,0,0,0,0,0,0.1799144297838211
data/raw/osu_lora/Diff_Days_Indoor_Setup/Day5/Device19/IQ_1.dat,131,10270269,17,15,0,test,diff_days_indoor,5,0,0,0,0,0,0.18574459850788116
data/raw/osu_lora/Diff_Days_Indoor_Setup/Day5/Device19/IQ_1.dat,132,10348668,17,7,0,test,diff_days_indoor,5,0,0,0,0,0,0.18432560563087463
data/raw/osu_lora/Diff_Days_Indoor_Setup/Day5/Device19/IQ_1.dat,133,10427067,17,7,0,test,diff_days_indoor,5,0,0,0,0,0,0.18515421450138092
data/raw/osu_lora/Diff_Days_Indoor_Setup/Day5/Device19/IQ_1.dat,134,10505466,17,17,1,test,diff_days_indoor,5,0,0,0,0,0,0.1896110475063324
data/raw/osu_lora/Diff_Days_Indoor_Setup/Day5/Device19/IQ_1.dat,135,10583865,17,7,0,test,diff_days_indoor,5,0,0,0,0,0,0.18554674088954926
data/raw/osu_lora/Diff_Days_Indoor_Setup/Day5/Device19/IQ_1.dat,136,10662264,17,15,0,test,diff_days_indoor,5,0,0,0,0,0,0.20192983746528625
data/raw/osu_lora/Diff_Days_Indoor_Setup/Day5/Device19/IQ_1.dat,137,10740663,17,7,0,test,diff_days_indoor,5,0,0,0,0,0,0.17421585321426392
data/raw/osu_lora/Diff_Days_Indoor_Setup/Day5/Device19/IQ_1.dat,138,10819062,17,7,0,test,diff_days_indoor,5,0,0,0,0,0,0.18360348045825958
data/raw/osu_lora/Diff_Days_Indoor_Setup/Day5/Device19/IQ_1.dat,139,10897461,17,17,1,test,diff_days_indoor,5,0,0,0,0,0,0.1888485699892044
data/raw/osu_lora/Diff_Days_Indoor_Setup/Day5/Device19/IQ_1.dat,140,10975860,17,7,0,test,diff_days_indoor,5,0,0,0,0,0,0.16892153024673462
data/raw/osu_lora/Diff_Days_Indoor_Setup/Day5/Device19/IQ_1.dat,141,11054259,17,7,0,test,diff_days_indoor,5,0,0,0,0,0,0.1429080367088318
data/raw/osu_lora/Diff_Days_Indoor_Setup/Day5/Device19/IQ_1.dat,142,11132658,17,7,0,test,diff_days_indoor,5,0,0,0,0,0,0.18133875727653503
data/raw/osu_lora/Diff_Days_Indoor_Setup/Day5/Device19/IQ_1.dat,143,11211057,17,7,0,test,diff_days_indoor,5,0,0,0,0,0,0.18119797110557556
data/raw/osu_lora/Diff_Days_Indoor_Setup/Day5/Device19/IQ_1.dat,144,11289456,17,7,0,test,diff_days_indoor,5,0,0,0,0,0,0.1777748167514801
data/raw/osu_lora/Diff_Days_Indoor_Setup/Day5/Device19/IQ_1.dat,145,11367855,17,7,0,test,diff_days_indoor,5,0,0,0,0,0,0.18525750935077667
data/raw/osu_lora/Diff_Days_Indoor_Setup/Day5/Device19/IQ_1.dat,146,11446254,17,7,0,test,diff_days_indoor,5,0,0,0,0,0,0.18293307721614838
data/raw/osu_lora/Diff_Days_Indoor_Setup/Day5/Device19/IQ_1.dat,147,11524653,17,7,0,test,diff_days_indoor,5,0,0,0,0,0,0.15861567854881287
data/raw/osu_lora/Diff_Days_Indoor_Setup/Day5/Device19/IQ_1.dat,148,11603052,17,7,0,test,diff_days_indoor,5,0,0,0,0,0,0.16695113480091095
data/raw/osu_lora/Diff_Days_Indoor_Setup/Day5/Device19/IQ_1.dat,149,11681451,17,22,0,test,diff_days_indoor,5,0,0,0,0,0,0.24907293915748596
data/raw/osu_lora/Diff_Days_Indoor_Setup/Day5/Device19/IQ_1.dat,150,11759850,17,15,0,test,diff_days_indoor,5,0,0,0,0,0,0.24006442725658417
data/raw/osu_lora/Diff_Days_Indoor_Setup/Day5/Device19/IQ_1.dat,151,11838249,17,17,1,test,diff_days_indoor,5,0,0,0,0,0,0.17867407202720642
data/raw/osu_lora/Diff_Days_Indoor_Setup/Day5/Device19/IQ_1.dat,152,11916648,17,7,0,test,diff_days_indoor,5,0,0,0,0,0,0.17862507700920105
data/raw/osu_lora/Diff_Days_Indoor_Setup/Day5/Device19/IQ_1.dat,153,11995047,17,7,0,test,diff_days_indoor,5,0,0,0,0,0,0.17749270796775818
data/raw/osu_lora/Diff_Days_Indoor_Setup/Day5/Device19/IQ_1.dat,154,12073446,17,7,0,test,diff_days_indoor,5,0,0,0,0,0,0.179851233959198
data/raw/osu_lora/Diff_Days_Indoor_Setup/Day5/Device19/IQ_1.dat,155,12151845,17,7,0,test,diff_days_indoor,5,0,0,0,0,0,0.16929475963115692
data/raw/osu_lora/Diff_Days_Indoor_Setup/Day5/Device19/IQ_1.dat,156,12230244,17,7,0,test,diff_days_indoor,5,0,0,0,0,0,0.16060292720794678
data/raw/osu_lora/Diff_Days_Indoor_Setup/Day5/Device19/IQ_1.dat,157,12308643,17,17,1,test,diff_days_indoor,5,0,0,0,0,0,0.18634895980358124
data/raw/osu_lora/Diff_Days_Indoor_Setup/Day5/Device19/IQ_1.dat,158,12387042,17,7,0,test,diff_days_indoor,5,0,0,0,0,0,0.18060359358787537
data/raw/osu_lora/Diff_Days_Indoor_Setup/Day5/Device19/IQ_1.dat,159,12465441,17,7,0,test,diff_days_indoor,5,0,0,0,0,0,0.17994150519371033
data/raw/osu_lora/Diff_Days_Indoor_Setup/Day5/Device19/IQ_1.dat,160,12543840,17,7,0,test,diff_days_indoor,5,0,0,0,0,0,0.1797812134027481
data/raw/osu_lora/Diff_Days_Indoor_Setup/Day5/Device19/IQ_1.dat,161,12622239,17,7,0,test,diff_days_indoor,5,0,0,0,0,0,0.18587720394134521
data/raw/osu_lora/Diff_Days_Indoor_Setup/Day5/Device19/IQ_1.dat,162,12700638,17,7,0,test,diff_days_indoor,5,0,0,0,0,0,0.14637567102909088
data/raw/osu_lora/Diff_Days_Indoor_Setup/Day5/Device19/IQ_1.dat,163,12779037,17,7,0,test,diff_days_indoor,5,0,0,0,0,0,0.18510858714580536
data/raw/osu_lora/Diff_Days_Indoor_Setup/Day5/Device19/IQ_1.dat,164,12857436,17,7,0,test,diff_days_indoor,5,0,0,0,0,0,0.1811790019273758
data/raw/osu_lora/Diff_Days_Indoor_Setup/Day5/Device19/IQ_1.dat,165,12935835,17,7,0,test,diff_days_indoor,5,0,0,0,0,0,0.17043326795101166
data/raw/osu_lora/Diff_Days_Indoor_Setup/Day5/Device19/IQ_1.dat,166,13014234,17,7,0,test,diff_days_indoor,5,0,0,0,0,0,0.16867519915103912
data/raw/osu_lora/Diff_Days_Indoor_Setup/Day5/Device19/IQ_1.dat,167,13092633,17,17,1,test,diff_days_indoor,5,0,0,0,0,0,0.18492908775806427
data/raw/osu_lora/Diff_Days_Indoor_Setup/Day5/Device19/IQ_1.dat,168,13171032,17,17,1,test,diff_days_indoor,5,0,0,0,0,0,0.1846444308757782
data/raw/osu_lora/Diff_Days_Indoor_Setup/Day5/Device19/IQ_1.dat,169,13249431,17,16,0,test,diff_days_indoor,5,0,0,0,0,0,0.14927086234092712
data/raw/osu_lora/Diff_Days_Indoor_Setup/Day5/Device19/IQ_1.dat,170,13327830,17,7,0,test,diff_days_indoor,5,0,0,0,0,0,0.15718229115009308
data/raw/osu_lora/Diff_Days_Indoor_Setup/Day5/Device19/IQ_1.dat,171,13406229,17,7,0,test,diff_days_indoor,5,0,0,0,0,0,0.17944028973579407
data/raw/osu_lora/Diff_Days_Indoor_Setup/Day5/Device19/IQ_1.dat,172,13484628,17,7,0,test,diff_days_indoor,5,0,0,0,0,0,0.18170806765556335
data/raw/osu_lora/Diff_Days_Indoor_Setup/Day5/Device19/IQ_1.dat,173,13563027,17,7,0,test,diff_days_indoor,5,0,0,0,0,0,0.17606212198734283
data/raw/osu_lora/Diff_Days_Indoor_Setup/Day5/Device19/IQ_1.dat,174,13641426,17,7,0,test,diff_days_indoor,5,0,0,0,0,0,0.16554194688796997
data/raw/osu_lora/Diff_Days_Indoor_Setup/Day5/Device19/IQ_1.dat,175,13719825,17,7,0,test,diff_days_indoor,5,0,0,0,0,0,0.16576912999153137
data/raw/osu_lora/Diff_Days_Indoor_Setup/Day5/Device19/IQ_1.dat,176,13798224,17,7,0,test,diff_days_indoor,5,0,0,0,0,0,0.18035872280597687
data/raw/osu_lora/Diff_Days_Indoor_Setup/Day5/Device19/IQ_1.dat,177,13876623,17,17,1,test,diff_days_indoor,5,0,0,0,0,0,0.18505530059337616
data/raw/osu_lora/Diff_Days_Indoor_Setup/Day5/Device19/IQ_1.dat,178,13955022,17,17,1,test,diff_days_indoor,5,0,0,0,0,0,0.18615871667861938
data/raw/osu_lora/Diff_Days_Indoor_Setup/Day5/Device19/IQ_1.dat,179,14033421,17,17,1,test,diff_days_indoor,5,0,0,0,0,0,0.17926156520843506
data/raw/osu_lora/Diff_Days_Indoor_Setup/Day5/Device19/IQ_1.dat,180,14111820,17,17,1,test,diff_days_indoor,5,0,0,0,0,0,0.1829320788383484
data/raw/osu_lora/Diff_Days_Indoor_Setup/Day5/Device19/IQ_1.dat,181,14190219,17,7,0,test,diff_days_indoor,5,0,0,0,0,0,0.17661882936954498
data/raw/osu_lora/Diff_Days_Indoor_Setup/Day5/Device19/IQ_1.dat,182,14268618,17,7,0,test,diff_days_indoor,5,0,0,0,0,0,0.1855306178331375
data/raw/osu_lora/Diff_Days_Indoor_Setup/Day5/Device19/IQ_1.dat,183,14347017,17,22,0,test,diff_days_indoor,5,0,0,0,0,0,0.2107013314962387
data/raw/osu_lora/Diff_Days_Indoor_Setup/Day5/Device19/IQ_1.dat,184,14425416,17,7,0,test,diff_days_indoor,5,0,0,0,0,0,0.17965826392173767
data/raw/osu_lora/Diff_Days_Indoor_Setup/Day5/Device19/IQ_1.dat,185,14503815,17,7,0,test,diff_days_indoor,5,0,0,0,0,0,0.18229882419109344
data/raw/osu_lora/Diff_Days_Indoor_Setup/Day5/Device19/IQ_1.dat,186,14582214,17,7,0,test,diff_days_indoor,5,0,0,0,0,0,0.18558166921138763
data/raw/osu_lora/Diff_Days_Indoor_Setup/Day5/Device19/IQ_1.dat,187,14660613,17,7,0,test,diff_days_indoor,5,0,0,0,0,0,0.17539235949516296
data/raw/osu_lora/Diff_Days_Indoor_Setup/Day5/Device19/IQ_1.dat,188,14739012,17,7,0,test,diff_days_indoor,5,0,0,0,0,0,0.13043206930160522
data/raw/osu_lora/Diff_Days_Indoor_Setup/Day5/Device19/IQ_1.dat,189,14817411,17,7,0,test,diff_days_indoor,5,0,0,0,0,0,0.1755596101284027
data/raw/osu_lora/Diff_Days_Indoor_Setup/Day5/Device19/IQ_1.dat,190,14895810,17,17,1,test,diff_days_indoor,5,0,0,0,0,0,0.18163126707077026
data/raw/osu_lora/Diff_Days_Indoor_Setup/Day5/Device19/IQ_1.dat,191,14974209,17,7,0,test,diff_days_indoor,5,0,0,0,0,0,0.1614256501197815
data/raw/osu_lora/Diff_Days_Indoor_Setup/Day5/Device19/IQ_1.dat,192,15052608,17,7,0,test,diff_days_indoor,5,0,0,0,0,0,0.18656893074512482
data/raw/osu_lora/Diff_Days_Indoor_Setup/Day5/Device19/IQ_1.dat,193,15131007,17,7,0,test,diff_days_indoor,5,0,0,0,0,0,0.18534260988235474
data/raw/osu_lora/Diff_Days_Indoor_Setup/Day5/Device19/IQ_1.dat,194,15209406,17,7,0,test,diff_days_indoor,5,0,0,0,0,0,0.18143697082996368
data/raw/osu_lora/Diff_Days_Indoor_Setup/Day5/Device19/IQ_1.dat,195,15287805,17,7,0,test,diff_days_indoor,5,0,0,0,0,0,0.1625732183456421
data/raw/osu_lora/Diff_Days_Indoor_Setup/Day5/Device19/IQ_1.dat,196,15366204,17,17,1,test,diff_days_indoor,5,0,0,0,0,0,0.1880834847688675
data/raw/osu_lora/Diff_Days_Indoor_Setup/Day5/Device19/IQ_1.dat,197,15444603,17,15,0,test,diff_days_indoor,5,0,0,0,0,0,0.25147300958633423
data/raw/osu_lora/Diff_Days_Indoor_Setup/Day5/Device19/IQ_1.dat,198,15523002,17,17,1,test,diff_days_indoor,5,0,0,0,0,0,0.18790221214294434
data/raw/osu_lora/Diff_Days_Indoor_Setup/Day5/Device19/IQ_1.dat,199,15601401,17,7,0,test,diff_days_indoor,5,0,0,0,0,0,0.17384816706180573
data/raw/osu_lora/Diff_Days_Indoor_Setup/Day5/Device19/IQ_1.dat,200,15679800,17,7,0,test,diff_days_indoor,5,0,0,0,0,0,0.1829216331243515
data/raw/osu_lora/Diff_Days_Indoor_Setup/Day5/Device19/IQ_1.dat,201,15758199,17,17,1,test,diff_days_indoor,5,0,0,0,0,0,0.18806089460849762
data/raw/osu_lora/Diff_Days_Indoor_Setup/Day5/Device19/IQ_1.dat,202,15836598,17,17,1,test,diff_days_indoor,5,0,0,0,0,0,0.1804460734128952
data/raw/osu_lora/Diff_Days_Indoor_Setup/Day5/Device19/IQ_1.dat,203,15914997,17,7,0,test,diff_days_indoor,5,0,0,0,0,0,0.18132729828357697
data/raw/osu_lora/Diff_Days_Indoor_Setup/Day5/Device19/IQ_1.dat,204,15993396,17,22,0,test,diff_days_indoor,5,0,0,0,0,0,0.2209262102842331
data/raw/osu_lora/Diff_Days_Indoor_Setup/Day5/Device19/IQ_1.dat,205,16071795,17,17,1,test,diff_days_indoor,5,0,0,0,0,0,0.18344344198703766
data/raw/osu_lora/Diff_Days_Indoor_Setup/Day5/Device19/IQ_1.dat,206,16150194,17,17,1,test,diff_days_indoor,5,0,0,0,0,0,0.18531174957752228
data/raw/osu_lora/Diff_Days_Indoor_Setup/Day5/Device19/IQ_1.dat,207,16228593,17,17,1,test,diff_days_indoor,5,0,0,0,0,0,0.18799303472042084
data/raw/osu_lora/Diff_Days_Indoor_Setup/Day5/Device19/IQ_1.dat,208,16306992,17,17,1,test,diff_days_indoor,5,0,0,0,0,0,0.18675094842910767
data/raw/osu_lora/Diff_Days_Indoor_Setup/Day5/Device19/IQ_1.dat,209,16385391,17,15,0,test,diff_days_indoor,5,0,0,0,0,0,0.2344820350408554
data/raw/osu_lora/Diff_Days_Indoor_Setup/Day5/Device19/IQ_1.dat,210,16463790,17,7,0,test,diff_days_indoor,5,0,0,0,0,0,0.18408092856407166
data/raw/osu_lora/Diff_Days_Indoor_Setup/Day5/Device19/IQ_1.dat,211,16542189,17,17,1,test,diff_days_indoor,5,0,0,0,0,0,0.17833849787712097
data/raw/osu_lora/Diff_Days_Indoor_Setup/Day5/Device19/IQ_1.dat,212,16620588,17,7,0,test,diff_days_indoor,5,0,0,0,0,0,0.18367072939872742
data/raw/osu_lora/Diff_Days_Indoor_Setup/Day5/Device19/IQ_1.dat,213,16698987,17,7,0,test,diff_days_indoor,5,0,0,0,0,0,0.18658211827278137
data/raw/osu_lora/Diff_Days_Indoor_Setup/Day5/Device19/IQ_1.dat,214,16777386,17,17,1,test,diff_days_indoor,5,0,0,0,0,0,0.18266214430332184
data/raw/osu_lora/Diff_Days_Indoor_Setup/Day5/Device19/IQ_1.dat,215,16855785,17,15,0,test,diff_days_indoor,5,0,0,0,0,0,0.18072830140590668
data/raw/osu_lora/Diff_Days_Indoor_Setup/Day5/Device19/IQ_1.dat,216,16934184,17,7,0,test,diff_days_indoor,5,0,0,0,0,0,0.17178285121917725
data/raw/osu_lora/Diff_Days_Indoor_Setup/Day5/Device19/IQ_1.dat,217,17012583,17,16,0,test,diff_days_indoor,5,0,0,0,0,0,0.15343183279037476
data/raw/osu_lora/Diff_Days_Indoor_Setup/Day5/Device19/IQ_1.dat,218,17090982,17,7,0,test,diff_days_indoor,5,0,0,0,0,0,0.1674841046333313
data/raw/osu_lora/Diff_Days_Indoor_Setup/Day5/Device19/IQ_1.dat,219,17169381,17,17,1,test,diff_days_indoor,5,0,0,0,0,0,0.18362411856651306
data/raw/osu_lora/Diff_Days_Indoor_Setup/Day5/Device19/IQ_1.dat,220,17247780,17,16,0,test,diff_days_indoor,5,0,0,0,0,0,0.15245838463306427
data/raw/osu_lora/Diff_Days_Indoor_Setup/Day5/Device19/IQ_1.dat,221,17326179,17,7,0,test,diff_days_indoor,5,0,0,0,0,0,0.17532601952552795
data/raw/osu_lora/Diff_Days_Indoor_Setup/Day5/Device19/IQ_1.dat,222,17404578,17,7,0,test,diff_days_indoor,5,0,0,0,0,0,0.1792040914297104
data/raw/osu_lora/Diff_Days_Indoor_Setup/Day5/Device19/IQ_1.dat,223,17482977,17,7,0,test,diff_days_indoor,5,0,0,0,0,0,0.1810249239206314
data/raw/osu_lora/Diff_Days_Indoor_Setup/Day5/Device19/IQ_1.dat,224,17561376,17,7,0,test,diff_days_indoor,5,0,0,0,0,0,0.1828870326280594
data/raw/osu_lora/Diff_Days_Indoor_Setup/Day5/Device19/IQ_1.dat,225,17639775,17,7,0,test,diff_days_indoor,5,0,0,0,0,0,0.17583277821540833
data/raw/osu_lora/Diff_Days_Indoor_Setup/Day5/Device19/IQ_1.dat,226,17718174,17,7,0,test,diff_days_indoor,5,0,0,0,0,0,0.18046794831752777
data/raw/osu_lora/Diff_Days_Indoor_Setup/Day5/Device19/IQ_1.dat,227,17796573,17,7,0,test,diff_days_indoor,5,0,0,0,0,0,0.18103119730949402
data/raw/osu_lora/Diff_Days_Indoor_Setup/Day5/Device19/IQ_1.dat,228,17874972,17,7,0,test,diff_days_indoor,5,0,0,0,0,0,0.17186450958251953
data/raw/osu_lora/Diff_Days_Indoor_Setup/Day5/Device19/IQ_1.dat,229,17953371,17,7,0,test,diff_days_indoor,5,0,0,0,0,0,0.17735180258750916
data/raw/osu_lora/Diff_Days_Indoor_Setup/Day5/Device19/IQ_1.dat,230,18031770,17,7,0,test,diff_days_indoor,5,0,0,0,0,0,0.1768621802330017
data/raw/osu_lora/Diff_Days_Indoor_Setup/Day5/Device19/IQ_1.dat,231,18110169,17,7,0,test,diff_days_indoor,5,0,0,0,0,0,0.1827939748764038
data/raw/osu_lora/Diff_Days_Indoor_Setup/Day5/Device19/IQ_1.dat,232,18188568,17,7,0,test,diff_days_indoor,5,0,0,0,0,0,0.1681119054555893
data/raw/osu_lora/Diff_Days_Indoor_Setup/Day5/Device19/IQ_1.dat,233,18266967,17,7,0,test,diff_days_indoor,5,0,0,0,0,0,0.18637828528881073
data/raw/osu_lora/Diff_Days_Indoor_Setup/Day5/Device19/IQ_1.dat,234,18345366,17,7,0,test,diff_days_indoor,5,0,0,0,0,0,0.1683719903230667
data/raw/osu_lora/Diff_Days_Indoor_Setup/Day5/Device19/IQ_1.dat,235,18423765,17,9,0,test,diff_days_indoor,5,0,0,0,0,0,0.16085922718048096
data/raw/osu_lora/Diff_Days_Indoor_Setup/Day5/Device19/IQ_1.dat,236,18502164,17,7,0,test,diff_days_indoor,5,0,0,0,0,0,0.1783255785703659
data/raw/osu_lora/Diff_Days_Indoor_Setup/Day5/Device19/IQ_1.dat,237,18580563,17,17,1,test,diff_days_indoor,5,0,0,0,0,0,0.18408890068531036
data/raw/osu_lora/Diff_Days_Indoor_Setup/Day5/Device19/IQ_1.dat,238,18658962,17,7,0,test,diff_days_indoor,5,0,0,0,0,0,0.17634403705596924
data/raw/osu_lora/Diff_Days_Indoor_Setup/Day5/Device19/IQ_1.dat,239,18737361,17,7,0,test,diff_days_indoor,5,0,0,0,0,0,0.1647370457649231
data/raw/osu_lora/Diff_Days_Indoor_Setup/Day5/Device19/IQ_1.dat,240,18815760,17,15,0,test,diff_days_indoor,5,0,0,0,0,0,0.18098703026771545
data/raw/osu_lora/Diff_Days_Indoor_Setup/Day5/Device19/IQ_1.dat,241,18894159,17,17,1,test,diff_days_indoor,5,0,0,0,0,0,0.183235302567482
data/raw/osu_lora/Diff_Days_Indoor_Setup/Day5/Device19/IQ_1.dat,242,18972558,17,7,0,test,diff_days_indoor,5,0,0,0,0,0,0.18639223277568817
data/raw/osu_lora/Diff_Days_Indoor_Setup/Day5/Device19/IQ_1.dat,243,19050957,17,7,0,test,diff_days_indoor,5,0,0,0,0,0,0.17269951105117798
data/raw/osu_lora/Diff_Days_Indoor_Setup/Day5/Device19/IQ_1.dat,244,19129356,17,7,0,test,diff_days_indoor,5,0,0,0,0,0,0.17797811329364777
data/raw/osu_lora/Diff_Days_Indoor_Setup/Day5/Device19/IQ_1.dat,245,19207755,17,17,1,test,diff_days_indoor,5,0,0,0,0,0,0.18042726814746857
data/raw/osu_lora/Diff_Days_Indoor_Setup/Day5/Device19/IQ_1.dat,246,19286154,17,17,1,test,diff_days_indoor,5,0,0,0,0,0,0.18263322114944458
data/raw/osu_lora/Diff_Days_Indoor_Setup/Day5/Device19/IQ_1.dat,247,19364553,17,7,0,test,diff_days_indoor,5,0,0,0,0,0,0.1707829236984253
data/raw/osu_lora/Diff_Days_Indoor_Setup/Day5/Device19/IQ_1.dat,248,19442952,17,7,0,test,diff_days_indoor,5,0,0,0,0,0,0.16574238240718842
data/raw/osu_lora/Diff_Days_Indoor_Setup/Day5/Device19/IQ_1.dat,249,19521351,17,17,1,test,diff_days_indoor,5,0,0,0,0,0,0.18305400013923645
data/raw/osu_lora/Diff_Days_Indoor_Setup/Day5/Device19/IQ_1.dat,250,19599750,17,7,0,test,diff_days_indoor,5,0,0,0,0,0,0.15580138564109802
data/raw/osu_lora/Diff_Days_Indoor_Setup/Day5/Device19/IQ_1.dat,251,19678149,17,7,0,test,diff_days_indoor,5,0,0,0,0,0,0.18203087151050568
data/raw/osu_lora/Diff_Days_Indoor_Setup/Day5/Device19/IQ_1.dat,252,19756548,17,17,1,test,diff_days_indoor,5,0,0,0,0,0,0.17980289459228516
data/raw/osu_lora/Diff_Days_Indoor_Setup/Day5/Device19/IQ_1.dat,253,19834947,17,7,0,test,diff_days_indoor,5,0,0,0,0,0,0.18472954630851746
data/raw/osu_lora/Diff_Days_Indoor_Setup/Day5/Device19/IQ_1.dat,254,19913346,17,7,0,test,diff_days_indoor,5,0,0,0,0,0,0.18150918185710907
data/raw/osu_lora/Diff_Days_Indoor_Setup/Day5/Device19/IQ_1.dat,255,19991745,17,7,0,test,diff_days_indoor,5,0,0,0,0,0,0.18107445538043976
data/raw/osu_lora/Diff_Days_Indoor_Setup/Day5/Device20/IQ_1.dat,0,0,18,9,0,test,diff_days_indoor,5,0,0,0,0,0,0.21401168406009674
data/raw/osu_lora/Diff_Days_Indoor_Setup/Day5/Device20/IQ_1.dat,1,78399,18,9,0,test,diff_days_indoor,5,0,0,0,0,0,0.16650623083114624
data/raw/osu_lora/Diff_Days_Indoor_Setup/Day5/Device20/IQ_1.dat,2,156798,18,13,0,test,diff_days_indoor,5,0,0,0,0,0,0.1679975390434265
data/raw/osu_lora/Diff_Days_Indoor_Setup/Day5/Device20/IQ_1.dat,3,235197,18,13,0,test,diff_days_indoor,5,0,0,0,0,0,0.16191469132900238
data/raw/osu_lora/Diff_Days_Indoor_Setup/Day5/Device20/IQ_1.dat,4,313596,18,9,0,test,diff_days_indoor,5,0,0,0,0,0,0.21815380454063416
data/raw/osu_lora/Diff_Days_Indoor_Setup/Day5/Device20/IQ_1.dat,5,391995,18,9,0,test,diff_days_indoor,5,0,0,0,0,0,0.19420339167118073
data/raw/osu_lora/Diff_Days_Indoor_Setup/Day5/Device20/IQ_1.dat,6,470394,18,16,0,test,diff_days_indoor,5,0,0,0,0,0,0.15343037247657776
data/raw/osu_lora/Diff_Days_Indoor_Setup/Day5/Device20/IQ_1.dat,7,548793,18,13,0,test,diff_days_indoor,5,0,0,0,0,0,0.17609907686710358
data/raw/osu_lora/Diff_Days_Indoor_Setup/Day5/Device20/IQ_1.dat,8,627192,18,13,0,test,diff_days_indoor,5,0,0,0,0,0,0.16814306378364563
data/raw/osu_lora/Diff_Days_Indoor_Setup/Day5/Device20/IQ_1.dat,9,705591,18,9,0,test,diff_days_indoor,5,0,0,0,0,0,0.2166355848312378
data/raw/osu_lora/Diff_Days_Indoor_Setup/Day5/Device20/IQ_1.dat,10,783990,18,9,0,test,diff_days_indoor,5,0,0,0,0,0,0.20084650814533234
data/raw/osu_lora/Diff_Days_Indoor_Setup/Day5/Device20/IQ_1.dat,11,862389,18,16,0,test,diff_days_indoor,5,0,0,0,0,0,0.15637601912021637
data/raw/osu_lora/Diff_Days_Indoor_Setup/Day5/Device20/IQ_1.dat,12,940788,18,9,0,test,diff_days_indoor,5,0,0,0,0,0,0.16198739409446716
data/raw/osu_lora/Diff_Days_Indoor_Setup/Day5/Device20/IQ_1.dat,13,1019187,18,9,0,test,diff_days_indoor,5,0,0,0,0,0,0.22899793088436127
data/raw/osu_lora/Diff_Days_Indoor_Setup/Day5/Device20/IQ_1.dat,14,1097586,18,9,0,test,diff_days_indoor,5,0,0,0,0,0,0.20227257907390594
data/raw/osu_lora/Diff_Days_Indoor_Setup/Day5/Device20/IQ_1.dat,15,1175985,18,13,0,test,diff_days_indoor,5,0,0,0,0,0,0.1686762273311615
data/raw/osu_lora/Diff_Days_Indoor_Setup/Day5/Device20/IQ_1.dat,16,1254384,18,9,0,test,diff_days_indoor,5,0,0,0,0,0,0.1982584446668625
data/raw/osu_lora/Diff_Days_Indoor_Setup/Day5/Device20/IQ_1.dat,17,1332783,18,9,0,test,diff_days_indoor,5,0,0,0,0,0,0.19359353184700012
data/raw/osu_lora/Diff_Days_Indoor_Setup/Day5/Device20/IQ_1.dat,18,1411182,18,13,0,test,diff_days_indoor,5,0,0,0,0,0,0.16836301982402802
data/raw/osu_lora/Diff_Days_Indoor_Setup/Day5/Device20/IQ_1.dat,19,1489581,18,9,0,test,diff_days_indoor,5,0,0,0,0,0,0.22484779357910156
data/raw/osu_lora/Diff_Days_Indoor_Setup/Day5/Device20/IQ_1.dat,20,1567980,18,13,0,test,diff_days_indoor,5,0,0,0,0,0,0.16350139677524567
data/raw/osu_lora/Diff_Days_Indoor_Setup/Day5/Device20/IQ_1.dat,21,1646379,18,9,0,test,diff_days_indoor,5,0,0,0,0,0,0.22778397798538208
data/raw/osu_lora/Diff_Days_Indoor_Setup/Day5/Device20/IQ_1.dat,22,1724778,18,9,0,test,diff_days_indoor,5,0,0,0,0,0,0.19026947021484375
data/raw/osu_lora/Diff_Days_Indoor_Setup/Day5/Device20/IQ_1.dat,23,1803177,18,13,0,test,diff_days_indoor,5,0,0,0,0,0,0.15281693637371063
data/raw/osu_lora/Diff_Days_Indoor_Setup/Day5/Device20/IQ_1.dat,24,1881576,18,9,0,test,diff_days_indoor,5,0,0,0,0,0,0.22756443917751312
data/raw/osu_lora/Diff_Days_Indoor_Setup/Day5/Device20/IQ_1.dat,25,1959975,18,9,0,test,diff_days_indoor,5,0,0,0,0,0,0.1744091659784317
data/raw/osu_lora/Diff_Days_Indoor_Setup/Day5/Device20/IQ_1.dat,26,2038374,18,13,0,test,diff_days_indoor,5,0,0,0,0,0,0.17173178493976593
data/raw/osu_lora/Diff_Days_Indoor_Setup/Day5/Device20/IQ_1.dat,27,2116773,18,13,0,test,diff_days_indoor,5,0,0,0,0,0,0.17432476580142975
data/raw/osu_lora/Diff_Days_Indoor_Setup/Day5/Device20/IQ_1.dat,28,2195172,18,13,0,test,diff_days_indoor,5,0,0,0,0,0,0.17129279673099518
data/raw/osu_lora/Diff_Days_Indoor_Setup/Day5/Device20/IQ_1.dat,29,2273571,18,9,0,test,diff_days_indoor,5,0,0,0,0,0,0.16884073615074158
data/raw/osu_lora/Diff_Days_Indoor_Setup/Day5/Device20/IQ_1.dat,30,2351970,18,13,0,test,diff_days_indoor,5,0,0,0,0,0,0.16952282190322876
data/raw/osu_lora/Diff_Days_Indoor_Setup/Day5/Device20/IQ_1.dat,31,2430369,18,13,0,test,diff_days_indoor,5,0,0,0,0,0,0.16295892000198364
data/raw/osu_lora/Diff_Days_Indoor_Setup/Day5/Device20/IQ_1.dat,32,2508768,18,13,0,test,diff_days_indoor,5,0,0,0,0,0,0.1586185097694397
data/raw/osu_lora/Diff_Days_Indoor_Setup/Day5/Device20/IQ_1.dat,33,2587167,18,13,0,test,diff_days_indoor,5,0,0,0,0,0,0.16766196489334106
data/raw/osu_lora/Diff_Days_Indoor_Setup/Day5/Device20/IQ_1.dat,34,2665566,18,9,0,test,diff_days_indoor,5,0,0,0,0,0,0.2199224829673767
data/raw/osu_lora/Diff_Days_Indoor_Setup/Day5/Device20/IQ_1.dat,35,2743965,18,13,0,test,diff_days_indoor,5,0,0,0,0,0,0.17273706197738647
data/raw/osu_lora/Diff_Days_Indoor_Setup/Day5/Device20/IQ_1.dat,36,2822364,18,9,0,test,diff_days_indoor,5,0,0,0,0,0,0.19805502891540527
data/raw/osu_lora/Diff_Days_Indoor_Setup/Day5/Device20/IQ_1.dat,37,2900763,18,9,0,test,diff_days_indoor,5,0,0,0,0,0,0.22345638275146484
data/raw/osu_lora/Diff_Days_Indoor_Setup/Day5/Device20/IQ_1.dat,38,2979162,18,13,0,test,diff_days_indoor,5,0,0,0,0,0,0.16795587539672852
data/raw/osu_lora/Diff_Days_Indoor_Setup/Day5/Device20/IQ_1.dat,39,3057561,18,13,0,test,diff_days_indoor,5,0,0,0,0,0,0.1699950397014618
data/raw/osu_lora/Diff_Days_Indoor_Setup/Day5/Device20/IQ_1.dat,40,3135960,18,16,0,test,diff_days_indoor,5,0,0,0,0,0,0.1558445394039154
data/raw/osu_lora/Diff_Days_Indoor_Setup/Day5/Device20/IQ_1.dat,41,3214359,18,9,0,test,diff_days_indoor,5,0,0,0,0,0,0.20221184194087982
data/raw/osu_lora/Diff_Days_Indoor_Setup/Day5/Device20/IQ_1.dat,42,3292758,18,9,0,test,diff_days_indoor,5,0,0,0,0,0,0.21951758861541748
data/raw/osu_lora/Diff_Days_Indoor_Setup/Day5/Device20/IQ_1.dat,43,3371157,18,7,0,test,diff_days_indoor,5,0,0,0,0,0,0.1696450412273407
data/raw/osu_lora/Diff_Days_Indoor_Setup/Day5/Device20/IQ_1.dat,44,3449556,18,9,0,test,diff_days_indoor,5,0,0,0,0,0,0.22810356318950653
data/raw/osu_lora/Diff_Days_Indoor_Setup/Day5/Device20/IQ_1.dat,45,3527955,18,9,0,test,diff_days_indoor,5,0,0,0,0,0,0.22872476279735565
data/raw/osu_lora/Diff_Days_Indoor_Setup/Day5/Device20/IQ_1.dat,46,3606354,18,9,0,test,diff_days_indoor,5,0,0,0,0,0,0.1934002935886383
data/raw/osu_lora/Diff_Days_Indoor_Setup/Day5/Device20/IQ_1.dat,47,3684753,18,13,0,test,diff_days_indoor,5,0,0,0,0,0,0.16912060976028442
data/raw/osu_lora/Diff_Days_Indoor_Setup/Day5/Device20/IQ_1.dat,48,3763152,18,13,0,test,diff_days_indoor,5,0,0,0,0,0,0.1687694787979126
data/raw/osu_lora/Diff_Days_Indoor_Setup/Day5/Device20/IQ_1.dat,49,3841551,18,13,0,test,diff_days_indoor,5,0,0,0,0,0,0.17013119161128998
data/raw/osu_lora/Diff_Days_Indoor_Setup/Day5/Device20/IQ_1.dat,50,3919950,18,13,0,test,diff_days_indoor,5,0,0,0,0,0,0.1764063686132431
data/raw/osu_lora/Diff_Days_Indoor_Setup/Day5/Device20/IQ_1.dat,51,3998349,18,9,0,test,diff_days_indoor,5,0,0,0,0,0,0.21086466312408447
data/raw/osu_lora/Diff_Days_Indoor_Setup/Day5/Device20/IQ_1.dat,52,4076748,18,9,0,test,diff_days_indoor,5,0,0,0,0,0,0.1782890111207962
data/raw/osu_lora/Diff_Days_Indoor_Setup/Day5/Device20/IQ_1.dat,53,4155147,18,9,0,test,diff_days_indoor,5,0,0,0,0,0,0.22063031792640686
data/raw/osu_lora/Diff_Days_Indoor_Setup/Day5/Device20/IQ_1.dat,54,4233546,18,9,0,test,diff_days_indoor,5,0,0,0,0,0,0.2291507124900818
data/raw/osu_lora/Diff_Days_Indoor_Setup/Day5/Device20/IQ_1.dat,55,4311945,18,9,0,test,diff_days_indoor,5,0,0,0,0,0,0.2212577760219574
data/raw/osu_lora/Diff_Days_Indoor_Setup/Day5/Device20/IQ_1.dat,56,4390344,18,9,0,test,diff_days_indoor,5,0,0,0,0,0,0.16479144990444183
data/raw/osu_lora/Diff_Days_Indoor_Setup/Day5/Device20/IQ_1.dat,57,4468743,18,9,0,test,diff_days_indoor,5,0,0,0,0,0,0.19136130809783936
data/raw/osu_lora/Diff_Days_Indoor_Setup/Day5/Device20/IQ_1.dat,58,4547142,18,9,0,test,diff_days_indoor,5,0,0,0,0,0,0.20778779685497284
data/raw/osu_lora/Diff_Days_Indoor_Setup/Day5/Device20/IQ_1.dat,59,4625541,18,13,0,test,diff_days_indoor,5,0,0,0,0,0,0.170233815908432
data/raw/osu_lora/Diff_Days_Indoor_Setup/Day5/Device20/IQ_1.dat,60,4703940,18,9,0,test,diff_days_indoor,5,0,0,0,0,0,0.18986378610134125
data/raw/osu_lora/Diff_Days_Indoor_Setup/Day5/Device20/IQ_1.dat,61,4782339,18,13,0,test,diff_days_indoor,5,0,0,0,0,0,0.1724514365196228
data/raw/osu_lora/Diff_Days_Indoor_Setup/Day5/Device20/IQ_1.dat,62,4860738,18,9,0,test,diff_days_indoor,5,0,0,0,0,0,0.21196670830249786
data/raw/osu_lora/Diff_Days_Indoor_Setup/Day5/Device20/IQ_1.dat,63,4939137,18,9,0,test,diff_days_indoor,5,0,0,0,0,0,0.22550545632839203
data/raw/osu_lora/Diff_Days_Indoor_Setup/Day5/Device20/IQ_1.dat,64,5017536,18,13,0,test,diff_days_indoor,5,0,0,0,0,0,0.16790123283863068
data/raw/osu_lora/Diff_Days_Indoor_Setup/Day5/Device20/IQ_1.dat,65,5095935,18,9,0,test,diff_days_indoor,5,0,0,0,0,0,0.22100138664245605
data/raw/osu_lora/Diff_Days_Indoor_Setup/Day5/Device20/IQ_1.dat,66,5174334,18,9,0,test,diff_days_indoor,5,0,0,0,0,0,0.18453145027160645
data/raw/osu_lora/Diff_Days_Indoor_Setup/Day5/Device20/IQ_1.dat,67,5252733,18,9,0,test,diff_days_indoor,5,0,0,0,0,0,0.22439666092395782
data/raw/osu_lora/Diff_Days_Indoor_Setup/Day5/Device20/IQ_1.dat,68,5331132,18,13,0,test,diff_days_indoor,5,0,0,0,0,0,0.16283626854419708
data/raw/osu_lora/Diff_Days_Indoor_Setup/Day5/Device20/IQ_1.dat,69,5409531,18,13,0,test,diff_days_indoor,5,0,0,0,0,0,0.16880108416080475
data/raw/osu_lora/Diff_Days_Indoor_Setup/Day5/Device20/IQ_1.dat,70,5487930,18,7,0,test,diff_days_indoor,5,0,0,0,0,0,0.1208844780921936
data/raw/osu_lora/Diff_Days_Indoor_Setup/Day5/Device20/IQ_1.dat,71,5566329,18,9,0,test,diff_days_indoor,5,0,0,0,0,0,0.21856330335140228
data/raw/osu_lora/Diff_Days_Indoor_Setup/Day5/Device20/IQ_1.dat,72,5644728,18,13,0,test,diff_days_indoor,5,0,0,0,0,0,0.16665512323379517
data/raw/osu_lora/Diff_Days_Indoor_Setup/Day5/Device20/IQ_1.dat,73,5723127,18,9,0,test,diff_days_indoor,5,0,0,0,0,0,0.22846156358718872
data/raw/osu_lora/Diff_Days_Indoor_Setup/Day5/Device20/IQ_1.dat,74,5801526,18,9,0,test,diff_days_indoor,5,0,0,0,0,0,0.21642136573791504
data/raw/osu_lora/Diff_Days_Indoor_Setup/Day5/Device20/IQ_1.dat,75,5879925,18,13,0,test,diff_days_indoor,5,0,0,0,0,0,0.17221161723136902
data/raw/osu_lora/Diff_Days_Indoor_Setup/Day5/Device20/IQ_1.dat,76,5958324,18,16,0,test,diff_days_indoor,5,0,0,0,0,0,0.1563718467950821
data/raw/osu_lora/Diff_Days_Indoor_Setup/Day5/Device20/IQ_1.dat,77,6036723,18,9,0,test,diff_days_indoor,5,0,0,0,0,0,0.16359058022499084
data/raw/osu_lora/Diff_Days_Indoor_Setup/Day5/Device20/IQ_1.dat,78,6115122,18,9,0,test,diff_days_indoor,5,0,0,0,0,0,0.22772857546806335
data/raw/osu_lora/Diff_Days_Indoor_Setup/Day5/Device20/IQ_1.dat,79,6193521,18,7,0,test,diff_days_indoor,5,0,0,0,0,0,0.16051967442035675
data/raw/osu_lora/Diff_Days_Indoor_Setup/Day5/Device20/IQ_1.dat,80,6271920,18,9,0,test,diff_days_indoor,5,0,0,0,0,0,0.22149346768856049
data/raw/osu_lora/Diff_Days_Indoor_Setup/Day5/Device20/IQ_1.dat,81,6350319,18,13,0,test,diff_days_indoor,5,0,0,0,0,0,0.1565268635749817
data/raw/osu_lora/Diff_Days_Indoor_Setup/Day5/Device20/IQ_1.dat,82,6428718,18,9,0,test,diff_days_indoor,5,0,0,0,0,0,0.18928296864032745
data/raw/osu_lora/Diff_Days_Indoor_Setup/Day5/Device20/IQ_1.dat,83,6507117,18,9,0,test,diff_days_indoor,5,0,0,0,0,0,0.185924232006073
data/raw/osu_lora/Diff_Days_Indoor_Setup/Day5/Device20/IQ_1.dat,84,6585516,18,9,0,test,diff_days_indoor,5,0,0,0,0,0,0.19533906877040863
data/raw/osu_lora/Diff_Days_Indoor_Setup/Day5/Device20/IQ_1.dat,85,6663915,18,9,0,test,diff_days_indoor,5,0,0,0,0,0,0.16337768733501434
data/raw/osu_lora/Diff_Days_Indoor_Setup/Day5/Device20/IQ_1.dat,86,6742314,18,9,0,test,diff_days_indoor,5,0,0,0,0,0,0.18732516467571259
data/raw/osu_lora/Diff_Days_Indoor_Setup/Day5/Device20/IQ_1.dat,87,6820713,18,13,0,test,diff_days_indoor,5,0,0,0,0,0,0.17047721147537231
data/raw/osu_lora/Diff_Days_Indoor_Setup/Day5/Device20/IQ_1.dat,88,6899112,18,16,0,test,diff_days_indoor,5,0,0,0,0,0,0.1562141329050064
data/raw/osu_lora/Diff_Days_Indoor_Setup/Day5/Device20/IQ_1.dat,89,6977511,18,13,0,test,diff_days_indoor,5,0,0,0,0,0,0.16570788621902466
data/raw/osu_lora/Diff_Days_Indoor_Setup/Day5/Device20/IQ_1.dat,90,7055910,18,9,0,test,diff_days_indoor,5,0,0,0,0,0,0.21192602813243866
data/raw/osu_lora/Diff_Days_Indoor_Setup/Day5/Device20/IQ_1.dat,91,7134309,18,7,0,test,diff_days_indoor,5,0,0,0,0,0,0.14700466394424438
data/raw/osu_lora/Diff_Days_Indoor_Setup/Day5/Device20/IQ_1.dat,92,7212708,18,9,0,test,diff_days_indoor,5,0,0,0,0,0,0.20936664938926697
data/raw/osu_lora/Diff_Days_Indoor_Setup/Day5/Device20/IQ_1.dat,93,7291107,18,13,0,test,diff_days_indoor,5,0,0,0,0,0,0.16370165348052979
data/raw/osu_lora/Diff_Days_Indoor_Setup/Day5/Device20/IQ_1.dat,94,7369506,18,9,0,test,diff_days_indoor,5,0,0,0,0,0,0.17361412942409515
data/raw/osu_lora/Diff_Days_Indoor_Setup/Day5/Device20/IQ_1.dat,95,7447905,18,9,0,test,diff_days_indoor,5,0,0,0,0,0,0.16741865873336792
data/raw/osu_lora/Diff_Days_Indoor_Setup/Day5/Device20/IQ_1.dat,96,7526304,18,13,0,test,diff_days_indoor,5,0,0,0,0,0,0.16336281597614288
data/raw/osu_lora/Diff_Days_Indoor_Setup/Day5/Device20/IQ_1.dat,97,7604703,18,9,0,test,diff_days_indoor,5,0,0,0,0,0,0.1768389344215393
data/raw/osu_lora/Diff_Days_Indoor_Setup/Day5/Device20/IQ_1.dat,98,7683102,18,9,0,test,diff_days_indoor,5,0,0,0,0,0,0.17461851239204407
data/raw/osu_lora/Diff_Days_Indoor_Setup/Day5/Device20/IQ_1.dat,99,7761501,18,9,0,test,diff_days_indoor,5,0,0,0,0,0,0.21843308210372925
data/raw/osu_lora/Diff_Days_Indoor_Setup/Day5/Device20/IQ_1.dat,100,7839900,18,13,0,test,diff_days_indoor,5,0,0,0,0,0,0.17337118089199066
data/raw/osu_lora/Diff_Days_Indoor_Setup/Day5/Device20/IQ_1.dat,101,7918299,18,9,0,test,diff_days_indoor,5,0,0,0,0,0,0.22441107034683228
data/raw/osu_lora/Diff_Days_Indoor_Setup/Day5/Device20/IQ_1.dat,102,7996698,18,9,0,test,diff_days_indoor,5,0,0,0,0,0,0.22681647539138794
data/raw/osu_lora/Diff_Days_Indoor_Setup/Day5/Device20/IQ_1.dat,103,8075097,18,9,0,test,diff_days_indoor,5,0,0,0,0,0,0.2286611795425415
data/raw/osu_lora/Diff_Days_Indoor_Setup/Day5/Device20/IQ_1.dat,104,8153496,18,9,0,test,diff_days_indoor,5,0,0,0,0,0,0.2231062352657318
data/raw/osu_lora/Diff_Days_Indoor_Setup/Day5/Device20/IQ_1.dat,105,8231895,18,13,0,test,diff_days_indoor,5,0,0,0,0,0,0.1679254174232483
data/raw/osu_lora/Diff_Days_Indoor_Setup/Day5/Device20/IQ_1.dat,106,8310294,18,13,0,test,diff_days_indoor,5,0,0,0,0,0,0.164469912648201
data/raw/osu_lora/Diff_Days_Indoor_Setup/Day5/Device20/IQ_1.dat,107,8388693,18,9,0,test,diff_days_indoor,5,0,0,0,0,0,0.22816155850887299
data/raw/osu_lora/Diff_Days_Indoor_Setup/Day5/Device20/IQ_1.dat,108,8467092,18,9,0,test,diff_days_indoor,5,0,0,0,0,0,0.18011081218719482
data/raw/osu_lora/Diff_Days_Indoor_Setup/Day5/Device20/IQ_1.dat,109,8545491,18,14,0,test,diff_days_indoor,5,0,0,0,0,0,0.22447112202644348
data/raw/osu_lora/Diff_Days_Indoor_Setup/Day5/Device20/IQ_1.dat,110,8623890,18,9,0,test,diff_days_indoor,5,0,0,0,0,0,0.2128610759973526
data/raw/osu_lora/Diff_Days_Indoor_Setup/Day5/Device20/IQ_1.dat,111,8702289,18,9,0,test,diff_days_indoor,5,0,0,0,0,0,0.22831213474273682
data/raw/osu_lora/Diff_Days_Indoor_Setup/Day5/Device20/IQ_1.dat,112,8780688,18,9,0,test,diff_days_indoor,5,0,0,0,0,0,0.19093842804431915
data/raw/osu_lora/Diff_Days_Indoor_Setup/Day5/Device20/IQ_1.dat,113,8859087,18,13,0,test,diff_days_indoor,5,0,0,0,0,0,0.17013560235500336
data/raw/osu_lora/Diff_Days_Indoor_Setup/Day5/Device20/IQ_1.dat,114,8937486,18,13,0,test,diff_days_indoor,5,0,0,0,0,0,0.1592118889093399
data/raw/osu_lora/Diff_Days_Indoor_Setup/Day5/Device20/IQ_1.dat,115,9015885,18,9,0,test,diff_days_indoor,5,0,0,0,0,0,0.20964978635311127
data/raw/osu_lora/Diff_Days_Indoor_Setup/Day5/Device20/IQ_1.dat,116,9094284,18,13,0,test,diff_days_indoor,5,0,0,0,0,0,0.17484426498413086
data/raw/osu_lora/Diff_Days_Indoor_Setup/Day5/Device20/IQ_1.dat,117,9172683,18,9,0,test,diff_days_indoor,5,0,0,0,0,0,0.16093866527080536
data/raw/osu_lora/Diff_Days_Indoor_Setup/Day5/Device20/IQ_1.dat,118,9251082,18,9,0,test,diff_days_indoor,5,0,0,0,0,0,0.22798311710357666
data/raw/osu_lora/Diff_Days_Indoor_Setup/Day5/Device20/IQ_1.dat,119,9329481,18,9,0,test,diff_days_indoor,5,0,0,0,0,0,0.20722104609012604
data/raw/osu_lora/Diff_Days_Indoor_Setup/Day5/Device20/IQ_1.dat,120,9407880,18,9,0,test,diff_days_indoor,5,0,0,0,0,0,0.22838491201400757
data/raw/osu_lora/Diff_Days_Indoor_Setup/Day5/Device20/IQ_1.dat,121,9486279,18,9,0,test,diff_days_indoor,5,0,0,0,0,0,0.22577938437461853
data/raw/osu_lora/Diff_Days_Indoor_Setup/Day5/Device20/IQ_1.dat,122,9564678,18,13,0,test,diff_days_indoor,5,0,0,0,0,0,0.17019420862197876
data/raw/osu_lora/Diff_Days_Indoor_Setup/Day5/Device20/IQ_1.dat,123,9643077,18,13,0,test,diff_days_indoor,5,0,0,0,0,0,0.17269836366176605
data/raw/osu_lora/Diff_Days_Indoor_Setup/Day5/Device20/IQ_1.dat,124,9721476,18,9,0,test,diff_days_indoor,5,0,0,0,0,0,0.22692711651325226
data/raw/osu_lora/Diff_Days_Indoor_Setup/Day5/Device20/IQ_1.dat,125,9799875,18,9,0,test,diff_days_indoor,5,0,0,0,0,0,0.20953398942947388
data/raw/osu_lora/Diff_Days_Indoor_Setup/Day5/Device20/IQ_1.dat,126,9878274,18,9,0,test,diff_days_indoor,5,0,0,0,0,0,0.16741956770420074
data/raw/osu_lora/Diff_Days_Indoor_Setup/Day5/Device20/IQ_1.dat,127,9956673,18,9,0,test,diff_days_indoor,5,0,0,0,0,0,0.20645546913146973
data/raw/osu_lora/Diff_Days_Indoor_Setup/Day5/Device20/IQ_1.dat,128,10035072,18,9,0,test,diff_days_indoor,5,0,0,0,0,0,0.22843340039253235
data/raw/osu_lora/Diff_Days_Indoor_Setup/Day5/Device20/IQ_1.dat,129,10113471,18,9,0,test,diff_days_indoor,5,0,0,0,0,0,0.21421536803245544
data/raw/osu_lora/Diff_Days_Indoor_Setup/Day5/Device20/IQ_1.dat,130,10191870,18,9,0,test,diff_days_indoor,5,0,0,0,0,0,0.2269517481327057
data/raw/osu_lora/Diff_Days_Indoor_Setup/Day5/Device20/IQ_1.dat,131,10270269,18,9,0,test,diff_days_indoor,5,0,0,0,0,0,0.23049071431159973
data/raw/osu_lora/Diff_Days_Indoor_Setup/Day5/Device20/IQ_1.dat,132,10348668,18,9,0,test,diff_days_indoor,5,0,0,0,0,0,0.22206491231918335
data/raw/osu_lora/Diff_Days_Indoor_Setup/Day5/Device20/IQ_1.dat,133,10427067,18,9,0,test,diff_days_indoor,5,0,0,0,0,0,0.22844339907169342
data/raw/osu_lora/Diff_Days_Indoor_Setup/Day5/Device20/IQ_1.dat,134,10505466,18,9,0,test,diff_days_indoor,5,0,0,0,0,0,0.22986142337322235
data/raw/osu_lora/Diff_Days_Indoor_Setup/Day5/Device20/IQ_1.dat,135,10583865,18,13,0,test,diff_days_indoor,5,0,0,0,0,0,0.16794276237487793
data/raw/osu_lora/Diff_Days_Indoor_Setup/Day5/Device20/IQ_1.dat,136,10662264,18,9,0,test,diff_days_indoor,5,0,0,0,0,0,0.19396142661571503
data/raw/osu_lora/Diff_Days_Indoor_Setup/Day5/Device20/IQ_1.dat,137,10740663,18,9,0,test,diff_days_indoor,5,0,0,0,0,0,0.1985493004322052
data/raw/osu_lora/Diff_Days_Indoor_Setup/Day5/Device20/IQ_1.dat,138,10819062,18,9,0,test,diff_days_indoor,5,0,0,0,0,0,0.2267979085445404
data/raw/osu_lora/Diff_Days_Indoor_Setup/Day5/Device20/IQ_1.dat,139,10897461,18,9,0,test,diff_days_indoor,5,0,0,0,0,0,0.21337652206420898
data/raw/osu_lora/Diff_Days_Indoor_Setup/Day5/Device20/IQ_1.dat,140,10975860,18,9,0,test,diff_days_indoor,5,0,0,0,0,0,0.1772345006465912
data/raw/osu_lora/Diff_Days_Indoor_Setup/Day5/Device20/IQ_1.dat,141,11054259,18,13,0,test,diff_days_indoor,5,0,0,0,0,0,0.17160218954086304
data/raw/osu_lora/Diff_Days_Indoor_Setup/Day5/Device20/IQ_1.dat,142,11132658,18,9,0,test,diff_days_indoor,5,0,0,0,0,0,0.22580599784851074
data/raw/osu_lora/Diff_Days_Indoor_Setup/Day5/Device20/IQ_1.dat,143,11211057,18,9,0,test,diff_days_indoor,5,0,0,0,0,0,0.20706352591514587
data/raw/osu_lora/Diff_Days_Indoor_Setup/Day5/Device20/IQ_1.dat,144,11289456,18,9,0,test,diff_days_indoor,5,0,0,0,0,0,0.21109801530838013
data/raw/osu_lora/Diff_Days_Indoor_Setup/Day5/Device20/IQ_1.dat,145,11367855,18,13,0,test,diff_days_indoor,5,0,0,0,0,0,0.16930033266544342
data/raw/osu_lora/Diff_Days_Indoor_Setup/Day5/Device20/IQ_1.dat,146,11446254,18,9,0,test,diff_days_indoor,5,0,0,0,0,0,0.166559100151062
data/raw/osu_lora/Diff_Days_Indoor_Setup/Day5/Device20/IQ_1.dat,147,11524653,18,13,0,test,diff_days_indoor,5,0,0,0,0,0,0.16715583205223083
data/raw/osu_lora/Diff_Days_Indoor_Setup/Day5/Device20/IQ_1.dat,148,11603052,18,9,0,test,diff_days_indoor,5,0,0,0,0,0,0.19459587335586548
data/raw/osu_lora/Diff_Days_Indoor_Setup/Day5/Device20/IQ_1.dat,149,11681451,18,9,0,test,diff_days_indoor,5,0,0,0,0,0,0.20439404249191284
data/raw/osu_lora/Diff_Days_Indoor_Setup/Day5/Device20/IQ_1.dat,150,11759850,18,9,0,test,diff_days_indoor,5,0,0,0,0,0,0.19009317457675934
data/raw/osu_lora/Diff_Days_Indoor_Setup/Day5/Device20/IQ_1.dat,151,11838249,18,13,0,test,diff_days_indoor,5,0,0,0,0,0,0.17611880600452423
data/raw/osu_lora/Diff_Days_Indoor_Setup/Day5/Device20/IQ_1.dat,152,11916648,18,13,0,test,diff_days_indoor,5,0,0,0,0,0,0.16697460412979126
data/raw/osu_lora/Diff_Days_Indoor_Setup/Day5/Device20/IQ_1.dat,153,11995047,18,9,0,test,diff_days_indoor,5,0,0,0,0,0,0.21599522233009338
data/raw/osu_lora/Diff_Days_Indoor_Setup/Day5/Device20/IQ_1.dat,154,12073446,18,9,0,test,diff_days_indoor,5,0,0,0,0,0,0.17332373559474945
data/raw/osu_lora/Diff_Days_Indoor_Setup/Day5/Device20/IQ_1.dat,155,12151845,18,13,0,test,diff_days_indoor,5,0,0,0,0,0,0.17051643133163452
data/raw/osu_lora/Diff_Days_Indoor_Setup/Day5/Device20/IQ_1.dat,156,12230244,18,9,0,test,diff_days_indoor,5,0,0,0,0,0,0.22129307687282562
data/raw/osu_lora/Diff_Days_Indoor_Setup/Day5/Device20/IQ_1.dat,157,12308643,18,9,0,test,diff_days_indoor,5,0,0,0,0,0,0.22363123297691345
data/raw/osu_lora/Diff_Days_Indoor_Setup/Day5/Device20/IQ_1.dat,158,12387042,18,9,0,test,diff_days_indoor,5,0,0,0,0,0,0.18442824482917786
data/raw/osu_lora/Diff_Days_Indoor_Setup/Day5/Device20/IQ_1.dat,159,12465441,18,9,0,test,diff_days_indoor,5,0,0,0,0,0,0.2291429042816162
data/raw/osu_lora/Diff_Days_Indoor_Setup/Day5/Device20/IQ_1.dat,160,12543840,18,9,0,test,diff_days_indoor,5,0,0,0,0,0,0.16996809840202332
data/raw/osu_lora/Diff_Days_Indoor_Setup/Day5/Device20/IQ_1.dat,161,12622239,18,9,0,test,diff_days_indoor,5,0,0,0,0,0,0.16417786478996277
data/raw/osu_lora/Diff_Days_Indoor_Setup/Day5/Device20/IQ_1.dat,162,12700638,18,16,0,test,diff_days_indoor,5,0,0,0,0,0,0.15295377373695374
data/raw/osu_lora/Diff_Days_Indoor_Setup/Day5/Device20/IQ_1.dat,163,12779037,18,13,0,test,diff_days_indoor,5,0,0,0,0,0,0.16102232038974762
data/raw/osu_lora/Diff_Days_Indoor_Setup/Day5/Device20/IQ_1.dat,164,12857436,18,14,0,test,diff_days_indoor,5,0,0,0,0,0,0.22362320125102997
data/raw/osu_lora/Diff_Days_Indoor_Setup/Day5/Device20/IQ_1.dat,165,12935835,18,9,0,test,diff_days_indoor,5,0,0,0,0,0,0.20498861372470856
data/raw/osu_lora/Diff_Days_Indoor_Setup/Day5/Device20/IQ_1.dat,166,13014234,18,13,0,test,diff_days_indoor,5,0,0,0,0,0,0.17093020677566528
data/raw/osu_lora/Diff_Days_Indoor_Setup/Day5/Device20/IQ_1.dat,167,13092633,18,9,0,test,diff_days_indoor,5,0,0,0,0,0,0.19827823340892792
data/raw/osu_lora/Diff_Days_Indoor_Setup/Day5/Device20/IQ_1.dat,168,13171032,18,13,0,test,diff_days_indoor,5,0,0,0,0,0,0.16684313118457794
data/raw/osu_lora/Diff_Days_Indoor_Setup/Day5/Device20/IQ_1.dat,169,13249431,18,9,0,test,diff_days_indoor,5,0,0,0,0,0,0.2286899983882904
data/raw/osu_lora/Diff_Days_Indoor_Setup/Day5/Device20/IQ_1.dat,170,13327830,18,13,0,test,diff_days_indoor,5,0,0,0,0,0,0.1736825704574585
data/raw/osu_lora/Diff_Days_Indoor_Setup/Day5/Device20/IQ_1.dat,171,13406229,18,9,0,test,diff_days_indoor,5,0,0,0,0,0,0.22792112827301025
data/raw/osu_lora/Diff_Days_Indoor_Setup/Day5/Device20/IQ_1.dat,172,13484628,18,9,0,test,diff_days_indoor,5,0,0,0,0,0,0.22620753943920135
data/raw/osu_lora/Diff_Days_Indoor_Setup/Day5/Device20/IQ_1.dat,173,13563027,18,9,0,test,diff_days_indoor,5,0,0,0,0,0,0.19792763888835907
data/raw/osu_lora/Diff_Days_Indoor_Setup/Day5/Device20/IQ_1.dat,174,13641426,18,9,0,test,diff_days_indoor,5,0,0,0,0,0,0.22458526492118835
data/raw/osu_lora/Diff_Days_Indoor_Setup/Day5/Device20/IQ_1.dat,175,13719825,18,9,0,test,diff_days_indoor,5,0,0,0,0,0,0.22300030291080475
data/raw/osu_lora/Diff_Days_Indoor_Setup/Day5/Device20/IQ_1.dat,176,13798224,18,9,0,test,diff_days_indoor,5,0,0,0,0,0,0.17186883091926575
data/raw/osu_lora/Diff_Days_Indoor_Setup/Day5/Device20/IQ_1.dat,177,13876623,18,13,0,test,diff_days_indoor,5,0,0,0,0,0,0.16981996595859528
data/raw/osu_lora/Diff_Days_Indoor_Setup/Day5/Device20/IQ_1.dat,178,13955022,18,9,0,test,diff_days_indoor,5,0,0,0,0,0,0.19383402168750763
data/raw/osu_lora/Diff_Days_Indoor_Setup/Day5/Device20/IQ_1.dat,179,14033421,18,13,0,test,diff_days_indoor,5,0,0,0,0,0,0.16924047470092773
data/raw/osu_lora/Diff_Days_Indoor_Setup/Day5/Device20/IQ_1.dat,180,14111820,18,9,0,test,diff_days_indoor,5,0,0,0,0,0,0.22171518206596375
data/raw/osu_lora/Diff_Days_Indoor_Setup/Day5/Device20/IQ_1.dat,181,14190219,18,13,0,test,diff_days_indoor,5,0,0,0,0,0,0.17013615369796753
data/raw/osu_lora/Diff_Days_Indoor_Setup/Day5/Device20/IQ_1.dat,182,14268618,18,9,0,test,diff_days_indoor,5,0,0,0,0,0,0.22785770893096924
data/raw/osu_lora/Diff_Days_Indoor_Setup/Day5/Device20/IQ_1.dat,183,14347017,18,9,0,test,diff_days_indoor,5,0,0,0,0,0,0.21392090618610382
data/raw/osu_lora/Diff_Days_Indoor_Setup/Day5/Device20/IQ_1.dat,184,14425416,18,16,0,test,diff_days_indoor,5,0,0,0,0,0,0.1544453650712967
data/raw/osu_lora/Diff_Days_Indoor_Setup/Day5/Device20/IQ_1.dat,185,14503815,18,9,0,test,diff_days_indoor,5,0,0,0,0,0,0.23067665100097656
data/raw/osu_lora/Diff_Days_Indoor_Setup/Day5/Device20/IQ_1.dat,186,14582214,18,9,0,test,diff_days_indoor,5,0,0,0,0,0,0.20370782911777496
data/raw/osu_lora/Diff_Days_Indoor_Setup/Day5/Device20/IQ_1.dat,187,14660613,18,9,0,test,diff_days_indoor,5,0,0,0,0,0,0.21741540729999542
data/raw/osu_lora/Diff_Days_Indoor_Setup/Day5/Device20/IQ_1.dat,188,14739012,18,9,0,test,diff_days_indoor,5,0,0,0,0,0,0.21965785324573517
data/raw/osu_lora/Diff_Days_Indoor_Setup/Day5/Device20/IQ_1.dat,189,14817411,18,13,0,test,diff_days_indoor,5,0,0,0,0,0,0.1640811711549759
data/raw/osu_lora/Diff_Days_Indoor_Setup/Day5/Device20/IQ_1.dat,190,14895810,18,9,0,test,diff_days_indoor,5,0,0,0,0,0,0.21240703761577606
data/raw/osu_lora/Diff_Days_Indoor_Setup/Day5/Device20/IQ_1.dat,191,14974209,18,9,0,test,diff_days_indoor,5,0,0,0,0,0,0.2291196584701538
data/raw/osu_lora/Diff_Days_Indoor_Setup/Day5/Device20/IQ_1.dat,192,15052608,18,9,0,test,diff_days_indoor,5,0,0,0,0,0,0.18995630741119385
data/raw/osu_lora/Diff_Days_Indoor_Setup/Day5/Device20/IQ_1.dat,193,15131007,18,9,0,test,diff_days_indoor,5,0,0,0,0,0,0.1799696385860443
data/raw/osu_lora/Diff_Days_Indoor_Setup/Day5/Device20/IQ_1.dat,194,15209406,18,9,0,test,diff_days_indoor,5,0,0,0,0,0,0.2267075479030609
data/raw/osu_lora/Diff_Days_Indoor_Setup/Day5/Device20/IQ_1.dat,195,15287805,18,9,0,test,diff_days_indoor,5,0,0,0,0,0,0.22541995346546173
data/raw/osu_lora/Diff_Days_Indoor_Setup/Day5/Device20/IQ_1.dat,196,15366204,18,13,0,test,diff_days_indoor,5,0,0,0,0,0,0.16614452004432678
data/raw/osu_lora/Diff_Days_Indoor_Setup/Day5/Device20/IQ_1.dat,197,15444603,18,9,0,test,diff_days_indoor,5,0,0,0,0,0,0.17595060169696808
data/raw/osu_lora/Diff_Days_Indoor_Setup/Day5/Device20/IQ_1.dat,198,15523002,18,13,0,test,diff_days_indoor,5,0,0,0,0,0,0.16708575189113617
data/raw/osu_lora/Diff_Days_Indoor_Setup/Day5/Device20/IQ_1.dat,199,15601401,18,16,0,test,diff_days_indoor,5,0,0,0,0,0,0.15343256294727325
data/raw/osu_lora/Diff_Days_Indoor_Setup/Day5/Device20/IQ_1.dat,200,15679800,18,13,0,test,diff_days_indoor,5,0,0,0,0,0,0.16781994700431824
data/raw/osu_lora/Diff_Days_Indoor_Setup/Day5/Device20/IQ_1.dat,201,15758199,18,9,0,test,diff_days_indoor,5,0,0,0,0,0,0.1736358404159546
data/raw/osu_lora/Diff_Days_Indoor_Setup/Day5/Device20/IQ_1.dat,202,15836598,18,13,0,test,diff_days_indoor,5,0,0,0,0,0,0.16336125135421753
data/raw/osu_lora/Diff_Days_Indoor_Setup/Day5/Device20/IQ_1.dat,203,15914997,18,9,0,test,diff_days_indoor,5,0,0,0,0,0,0.22627763450145721
data/raw/osu_lora/Diff_Days_Indoor_Setup/Day5/Device20/IQ_1.dat,204,15993396,18,13,0,test,diff_days_indoor,5,0,0,0,0,0,0.16549162566661835
data/raw/osu_lora/Diff_Days_Indoor_Setup/Day5/Device20/IQ_1.dat,205,16071795,18,9,0,test,diff_days_indoor,5,0,0,0,0,0,0.2141510546207428
data/raw/osu_lora/Diff_Days_Indoor_Setup/Day5/Device20/IQ_1.dat,206,16150194,18,13,0,test,diff_days_indoor,5,0,0,0,0,0,0.16691584885120392
data/raw/osu_lora/Diff_Days_Indoor_Setup/Day5/Device20/IQ_1.dat,207,16228593,18,13,0,test,diff_days_indoor,5,0,0,0,0,0,0.17051655054092407
data/raw/osu_lora/Diff_Days_Indoor_Setup/Day5/Device20/IQ_1.dat,208,16306992,18,9,0,test,diff_days_indoor,5,0,0,0,0,0,0.16823898255825043
data/raw/osu_lora/Diff_Days_Indoor_Setup/Day5/Device20/IQ_1.dat,209,16385391,18,13,0,test,diff_days_indoor,5,0,0,0,0,0,0.16903352737426758
data/raw/osu_lora/Diff_Days_Indoor_Setup/Day5/Device20/IQ_1.dat,210,16463790,18,9,0,test,diff_days_indoor,5,0,0,0,0,0,0.206559419631958
data/raw/osu_lora/Diff_Days_Indoor_Setup/Day5/Device20/IQ_1.dat,211,16542189,18,13,0,test,diff_days_indoor,5,0,0,0,0,0,0.16892726719379425
data/raw/osu_lora/Diff_Days_Indoor_Setup/Day5/Device20/IQ_1.dat,212,16620588,18,9,0,test,diff_days_indoor,5,0,0,0,0,0,0.22829996049404144
data/raw/osu_lora/Diff_Days_Indoor_Setup/Day5/Device20/IQ_1.dat,213,16698987,18,9,0,test,diff_days_indoor,5,0,0,0,0,0,0.20028340816497803
data/raw/osu_lora/Diff_Days_Indoor_Setup/Day5/Device20/IQ_1.dat,214,16777386,18,9,0,test,diff_days_indoor,5,0,0,0,0,0,0.17374825477600098
data/raw/osu_lora/Diff_Days_Indoor_Setup/Day5/Device20/IQ_1.dat,215,16855785,18,9,0,test,diff_days_indoor,5,0,0,0,0,0,0.21420572698116302
data/raw/osu_lora/Diff_Days_Indoor_Setup/Day5/Device20/IQ_1.dat,216,16934184,18,16,0,test,diff_days_indoor,5,0,0,0,0,0,0.14588899910449982
data/raw/osu_lora/Diff_Days_Indoor_Setup/Day5/Device20/IQ_1.dat,217,17012583,18,9,0,test,diff_days_indoor,5,0,0,0,0,0,0.19835831224918365
data/raw/osu_lora/Diff_Days_Indoor_Setup/Day5/Device20/IQ_1.dat,218,17090982,18,9,0,test,diff_days_indoor,5,0,0,0,0,0,0.2043047547340393
data/raw/osu_lora/Diff_Days_Indoor_Setup/Day5/Device20/IQ_1.dat,219,17169381,18,13,0,test,diff_days_indoor,5,0,0,0,0,0,0.16817595064640045
data/raw/osu_lora/Diff_Days_Indoor_Setup/Day5/Device20/IQ_1.dat,220,17247780,18,9,0,test,diff_days_indoor,5,0,0,0,0,0,0.20291703939437866
data/raw/osu_lora/Diff_Days_Indoor_Setup/Day5/Device20/IQ_1.dat,221,17326179,18,13,0,test,diff_days_indoor,5,0,0,0,0,0,0.16578218340873718
data/raw/osu_lora/Diff_Days_Indoor_Setup/Day5/Device20/IQ_1.dat,222,17404578,18,9,0,test,diff_days_indoor,5,0,0,0,0,0,0.22786110639572144
data/raw/osu_lora/Diff_Days_Indoor_Setup/Day5/Device20/IQ_1.dat,223,17482977,18,13,0,test,diff_days_indoor,5,0,0,0,0,0,0.16803927719593048
data/raw/osu_lora/Diff_Days_Indoor_Setup/Day5/Device20/IQ_1.dat,224,17561376,18,13,0,test,diff_days_indoor,5,0,0,0,0,0,0.170035257935524
data/raw/osu_lora/Diff_Days_Indoor_Setup/Day5/Device20/IQ_1.dat,225,17639775,18,13,0,test,diff_days_indoor,5,0,0,0,0,0,0.1661689579486847
data/raw/osu_lora/Diff_Days_Indoor_Setup/Day5/Device20/IQ_1.dat,226,17718174,18,13,0,test,diff_days_indoor,5,0,0,0,0,0,0.15841758251190186
data/raw/osu_lora/Diff_Days_Indoor_Setup/Day5/Device20/IQ_1.dat,227,17796573,18,9,0,test,diff_days_indoor,5,0,0,0,0,0,0.22819800674915314
data/raw/osu_lora/Diff_Days_Indoor_Setup/Day5/Device20/IQ_1.dat,228,17874972,18,13,0,test,diff_days_indoor,5,0,0,0,0,0,0.17372463643550873
data/raw/osu_lora/Diff_Days_Indoor_Setup/Day5/Device20/IQ_1.dat,229,17953371,18,9,0,test,diff_days_indoor,5,0,0,0,0,0,0.22864751517772675
data/raw/osu_lora/Diff_Days_Indoor_Setup/Day5/Device20/IQ_1.dat,230,18031770,18,9,0,test,diff_days_indoor,5,0,0,0,0,0,0.2170867770910263
data/raw/osu_lora/Diff_Days_Indoor_Setup/Day5/Device20/IQ_1.dat,231,18110169,18,13,0,test,diff_days_indoor,5,0,0,0,0,0,0.16259777545928955
data/raw/osu_lora/Diff_Days_Indoor_Setup/Day5/Device20/IQ_1.dat,232,18188568,18,16,0,test,diff_days_indoor,5,0,0,0,0,0,0.1566348522901535
data/raw/osu_lora/Diff_Days_Indoor_Setup/Day5/Device20/IQ_1.dat,233,18266967,18,9,0,test,diff_days_indoor,5,0,0,0,0,0,0.2201482057571411
data/raw/osu_lora/Diff_Days_Indoor_Setup/Day5/Device20/IQ_1.dat,234,18345366,18,9,0,test,diff_days_indoor,5,0,0,0,0,0,0.22679699957370758
data/raw/osu_lora/Diff_Days_Indoor_Setup/Day5/Device20/IQ_1.dat,235,18423765,18,9,0,test,diff_days_indoor,5,0,0,0,0,0,0.21882839500904083
data/raw/osu_lora/Diff_Days_Indoor_Setup/Day5/Device20/IQ_1.dat,236,18502164,18,9,0,test,diff_days_indoor,5,0,0,0,0,0,0.19993120431900024
data/raw/osu_lora/Diff_Days_Indoor_Setup/Day5/Device20/IQ_1.dat,237,18580563,18,9,0,test,diff_days_indoor,5,0,0,0,0,0,0.22655241191387177
data/raw/osu_lora/Diff_Days_Indoor_Setup/Day5/Device20/IQ_1.dat,238,18658962,18,9,0,test,diff_days_indoor,5,0,0,0,0,0,0.22332607209682465
data/raw/osu_lora/Diff_Days_Indoor_Setup/Day5/Device20/IQ_1.dat,239,18737361,18,9,0,test,diff_days_indoor,5,0,0,0,0,0,0.22427129745483398
data/raw/osu_lora/Diff_Days_Indoor_Setup/Day5/Device20/IQ_1.dat,240,18815760,18,9,0,test,diff_days_indoor,5,0,0,0,0,0,0.2270384132862091
data/raw/osu_lora/Diff_Days_Indoor_Setup/Day5/Device20/IQ_1.dat,241,18894159,18,9,0,test,diff_days_indoor,5,0,0,0,0,0,0.19816215336322784
data/raw/osu_lora/Diff_Days_Indoor_Setup/Day5/Device20/IQ_1.dat,242,18972558,18,9,0,test,diff_days_indoor,5,0,0,0,0,0,0.19913610816001892
data/raw/osu_lora/Diff_Days_Indoor_Setup/Day5/Device20/IQ_1.dat,243,19050957,18,9,0,test,diff_days_indoor,5,0,0,0,0,0,0.2042076140642166
data/raw/osu_lora/Diff_Days_Indoor_Setup/Day5/Device20/IQ_1.dat,244,19129356,18,9,0,test,diff_days_indoor,5,0,0,0,0,0,0.22602222859859467
data/raw/osu_lora/Diff_Days_Indoor_Setup/Day5/Device20/IQ_1.dat,245,19207755,18,9,0,test,diff_days_indoor,5,0,0,0,0,0,0.2036370486021042
data/raw/osu_lora/Diff_Days_Indoor_Setup/Day5/Device20/IQ_1.dat,246,19286154,18,13,0,test,diff_days_indoor,5,0,0,0,0,0,0.16344496607780457
data/raw/osu_lora/Diff_Days_Indoor_Setup/Day5/Device20/IQ_1.dat,247,19364553,18,9,0,test,diff_days_indoor,5,0,0,0,0,0,0.21136869490146637
data/raw/osu_lora/Diff_Days_Indoor_Setup/Day5/Device20/IQ_1.dat,248,19442952,18,9,0,test,diff_days_indoor,5,0,0,0,0,0,0.22534558176994324
data/raw/osu_lora/Diff_Days_Indoor_Setup/Day5/Device20/IQ_1.dat,249,19521351,18,9,0,test,diff_days_indoor,5,0,0,0,0,0,0.20606566965579987
data/raw/osu_lora/Diff_Days_Indoor_Setup/Day5/Device20/IQ_1.dat,250,19599750,18,9,0,test,diff_days_indoor,5,0,0,0,0,0,0.22229911386966705
data/raw/osu_lora/Diff_Days_Indoor_Setup/Day5/Device20/IQ_1.dat,251,19678149,18,9,0,test,diff_days_indoor,5,0,0,0,0,0,0.22990983724594116
data/raw/osu_lora/Diff_Days_Indoor_Setup/Day5/Device20/IQ_1.dat,252,19756548,18,9,0,test,diff_days_indoor,5,0,0,0,0,0,0.21181045472621918
data/raw/osu_lora/Diff_Days_Indoor_Setup/Day5/Device20/IQ_1.dat,253,19834947,18,13,0,test,diff_days_indoor,5,0,0,0,0,0,0.16917338967323303
data/raw/osu_lora/Diff_Days_Indoor_Setup/Day5/Device20/IQ_1.dat,254,19913346,18,9,0,test,diff_days_indoor,5,0,0,0,0,0,0.2300788015127182
data/raw/osu_lora/Diff_Days_Indoor_Setup/Day5/Device20/IQ_1.dat,255,19991745,18,9,0,test,diff_days_indoor,5,0,0,0,0,0,0.18993033468723297
data/raw/osu_lora/Diff_Days_Indoor_Setup/Day5/Device21/IQ_1.dat,0,0,19,19,1,test,diff_days_indoor,5,0,0,0,0,0,0.3425315320491791
data/raw/osu_lora/Diff_Days_Indoor_Setup/Day5/Device21/IQ_1.dat,1,78399,19,19,1,test,diff_days_indoor,5,0,0,0,0,0,0.3472200036048889
data/raw/osu_lora/Diff_Days_Indoor_Setup/Day5/Device21/IQ_1.dat,2,156798,19,5,0,test,diff_days_indoor,5,0,0,0,0,0,0.3820250630378723
data/raw/osu_lora/Diff_Days_Indoor_Setup/Day5/Device21/IQ_1.dat,3,235197,19,19,1,test,diff_days_indoor,5,0,0,0,0,0,0.31465259194374084
data/raw/osu_lora/Diff_Days_Indoor_Setup/Day5/Device21/IQ_1.dat,4,313596,19,19,1,test,diff_days_indoor,5,0,0,0,0,0,0.32293590903282166
data/raw/osu_lora/Diff_Days_Indoor_Setup/Day5/Device21/IQ_1.dat,5,391995,19,19,1,test,diff_days_indoor,5,0,0,0,0,0,0.31492456793785095
data/raw/osu_lora/Diff_Days_Indoor_Setup/Day5/Device21/IQ_1.dat,6,470394,19,19,1,test,diff_days_indoor,5,0,0,0,0,0,0.3347456455230713
data/raw/osu_lora/Diff_Days_Indoor_Setup/Day5/Device21/IQ_1.dat,7,548793,19,19,1,test,diff_days_indoor,5,0,0,0,0,0,0.38719165325164795
data/raw/osu_lora/Diff_Days_Indoor_Setup/Day5/Device21/IQ_1.dat,8,627192,19,7,0,test,diff_days_indoor,5,0,0,0,0,0,0.12785197794437408
data/raw/osu_lora/Diff_Days_Indoor_Setup/Day5/Device21/IQ_1.dat,9,705591,19,19,1,test,diff_days_indoor,5,0,0,0,0,0,0.33920323848724365
data/raw/osu_lora/Diff_Days_Indoor_Setup/Day5/Device21/IQ_1.dat,10,783990,19,19,1,test,diff_days_indoor,5,0,0,0,0,0,0.37228646874427795
data/raw/osu_lora/Diff_Days_Indoor_Setup/Day5/Device21/IQ_1.dat,11,862389,19,19,1,test,diff_days_indoor,5,0,0,0,0,0,0.3162845969200134
data/raw/osu_lora/Diff_Days_Indoor_Setup/Day5/Device21/IQ_1.dat,12,940788,19,19,1,test,diff_days_indoor,5,0,0,0,0,0,0.3285874128341675
data/raw/osu_lora/Diff_Days_Indoor_Setup/Day5/Device21/IQ_1.dat,13,1019187,19,19,1,test,diff_days_indoor,5,0,0,0,0,0,0.33870160579681396
data/raw/osu_lora/Diff_Days_Indoor_Setup/Day5/Device21/IQ_1.dat,14,1097586,19,19,1,test,diff_days_indoor,5,0,0,0,0,0,0.3465017080307007
data/raw/osu_lora/Diff_Days_Indoor_Setup/Day5/Device21/IQ_1.dat,15,1175985,19,5,0,test,diff_days_indoor,5,0,0,0,0,0,0.3521842062473297
data/raw/osu_lora/Diff_Days_Indoor_Setup/Day5/Device21/IQ_1.dat,16,1254384,19,19,1,test,diff_days_indoor,5,0,0,0,0,0,0.2768215537071228
data/raw/osu_lora/Diff_Days_Indoor_Setup/Day5/Device21/IQ_1.dat,17,1332783,19,19,1,test,diff_days_indoor,5,0,0,0,0,0,0.34935516119003296
data/raw/osu_lora/Diff_Days_Indoor_Setup/Day5/Device21/IQ_1.dat,18,1411182,19,19,1,test,diff_days_indoor,5,0,0,0,0,0,0.3287464380264282
data/raw/osu_lora/Diff_Days_Indoor_Setup/Day5/Device21/IQ_1.dat,19,1489581,19,19,1,test,diff_days_indoor,5,0,0,0,0,0,0.29727986454963684
data/raw/osu_lora/Diff_Days_Indoor_Setup/Day5/Device21/IQ_1.dat,20,1567980,19,19,1,test,diff_days_indoor,5,0,0,0,0,0,0.3149266839027405
data/raw/osu_lora/Diff_Days_Indoor_Setup/Day5/Device21/IQ_1.dat,21,1646379,19,19,1,test,diff_days_indoor,5,0,0,0,0,0,0.29548120498657227
data/raw/osu_lora/Diff_Days_Indoor_Setup/Day5/Device21/IQ_1.dat,22,1724778,19,19,1,test,diff_days_indoor,5,0,0,0,0,0,0.337383896112442
data/raw/osu_lora/Diff_Days_Indoor_Setup/Day5/Device21/IQ_1.dat,23,1803177,19,5,0,test,diff_days_indoor,5,0,0,0,0,0,0.44173383712768555
data/raw/osu_lora/Diff_Days_Indoor_Setup/Day5/Device21/IQ_1.dat,24,1881576,19,19,1,test,diff_days_indoor,5,0,0,0,0,0,0.3109974265098572
data/raw/osu_lora/Diff_Days_Indoor_Setup/Day5/Device21/IQ_1.dat,25,1959975,19,19,1,test,diff_days_indoor,5,0,0,0,0,0,0.3312598466873169
data/raw/osu_lora/Diff_Days_Indoor_Setup/Day5/Device21/IQ_1.dat,26,2038374,19,19,1,test,diff_days_indoor,5,0,0,0,0,0,0.3157725930213928
data/raw/osu_lora/Diff_Days_Indoor_Setup/Day5/Device21/IQ_1.dat,27,2116773,19,19,1,test,diff_days_indoor,5,0,0,0,0,0,0.33038461208343506
data/raw/osu_lora/Diff_Days_Indoor_Setup/Day5/Device21/IQ_1.dat,28,2195172,19,19,1,test,diff_days_indoor,5,0,0,0,0,0,0.3429115414619446
data/raw/osu_lora/Diff_Days_Indoor_Setup/Day5/Device21/IQ_1.dat,29,2273571,19,19,1,test,diff_days_indoor,5,0,0,0,0,0,0.34267550706863403
data/raw/osu_lora/Diff_Days_Indoor_Setup/Day5/Device21/IQ_1.dat,30,2351970,19,19,1,test,diff_days_indoor,5,0,0,0,0,0,0.28229770064353943
data/raw/osu_lora/Diff_Days_Indoor_Setup/Day5/Device21/IQ_1.dat,31,2430369,19,19,1,test,diff_days_indoor,5,0,0,0,0,0,0.30630946159362793
data/raw/osu_lora/Diff_Days_Indoor_Setup/Day5/Device21/IQ_1.dat,32,2508768,19,19,1,test,diff_days_indoor,5,0,0,0,0,0,0.32421427965164185
data/raw/osu_lora/Diff_Days_Indoor_Setup/Day5/Device21/IQ_1.dat,33,2587167,19,19,1,test,diff_days_indoor,5,0,0,0,0,0,0.3456916809082031
data/raw/osu_lora/Diff_Days_Indoor_Setup/Day5/Device21/IQ_1.dat,34,2665566,19,19,1,test,diff_days_indoor,5,0,0,0,0,0,0.29641398787498474
data/raw/osu_lora/Diff_Days_Indoor_Setup/Day5/Device21/IQ_1.dat,35,2743965,19,19,1,test,diff_days_indoor,5,0,0,0,0,0,0.2790493965148926
data/raw/osu_lora/Diff_Days_Indoor_Setup/Day5/Device21/IQ_1.dat,36,2822364,19,19,1,test,diff_days_indoor,5,0,0,0,0,0,0.30572009086608887
data/raw/osu_lora/Diff_Days_Indoor_Setup/Day5/Device21/IQ_1.dat,37,2900763,19,5,0,test,diff_days_indoor,5,0,0,0,0,0,0.4057430326938629
data/raw/osu_lora/Diff_Days_Indoor_Setup/Day5/Device21/IQ_1.dat,38,2979162,19,5,0,test,diff_days_indoor,5,0,0,0,0,0,0.38847360014915466
data/raw/osu_lora/Diff_Days_Indoor_Setup/Day5/Device21/IQ_1.dat,39,3057561,19,15,0,test,diff_days_indoor,5,0,0,0,0,0,0.1611289083957672
data/raw/osu_lora/Diff_Days_Indoor_Setup/Day5/Device21/IQ_1.dat,40,3135960,19,19,1,test,diff_days_indoor,5,0,0,0,0,0,0.3642145097255707
data/raw/osu_lora/Diff_Days_Indoor_Setup/Day5/Device21/IQ_1.dat,41,3214359,19,19,1,test,diff_days_indoor,5,0,0,0,0,0,0.3311100900173187
data/raw/osu_lora/Diff_Days_Indoor_Setup/Day5/Device21/IQ_1.dat,42,3292758,19,19,1,test,diff_days_indoor,5,0,0,0,0,0,0.34467628598213196
data/raw/osu_lora/Diff_Days_Indoor_Setup/Day5/Device21/IQ_1.dat,43,3371157,19,19,1,test,diff_days_indoor,5,0,0,0,0,0,0.329220175743103
data/raw/osu_lora/Diff_Days_Indoor_Setup/Day5/Device21/IQ_1.dat,44,3449556,19,19,1,test,diff_days_indoor,5,0,0,0,0,0,0.3357478380203247
data/raw/osu_lora/Diff_Days_Indoor_Setup/Day5/Device21/IQ_1.dat,45,3527955,19,19,1,test,diff_days_indoor,5,0,0,0,0,0,0.36595916748046875
data/raw/osu_lora/Diff_Days_Indoor_Setup/Day5/Device21/IQ_1.dat,46,3606354,19,19,1,test,diff_days_indoor,5,0,0,0,0,0,0.3019615113735199
data/raw/osu_lora/Diff_Days_Indoor_Setup/Day5/Device21/IQ_1.dat,47,3684753,19,19,1,test,diff_days_indoor,5,0,0,0,0,0,0.3070186376571655
data/raw/osu_lora/Diff_Days_Indoor_Setup/Day5/Device21/IQ_1.dat,48,3763152,19,19,1,test,diff_days_indoor,5,0,0,0,0,0,0.30765587091445923
data/raw/osu_lora/Diff_Days_Indoor_Setup/Day5/Device21/IQ_1.dat,49,3841551,19,19,1,test,diff_days_indoor,5,0,0,0,0,0,0.286003977060318
data/raw/osu_lora/Diff_Days_Indoor_Setup/Day5/Device21/IQ_1.dat,50,3919950,19,19,1,test,diff_days_indoor,5,0,0,0,0,0,0.32507947087287903
data/raw/osu_lora/Diff_Days_Indoor_Setup/Day5/Device21/IQ_1.dat,51,3998349,19,19,1,test,diff_days_indoor,5,0,0,0,0,0,0.3341656029224396
data/raw/osu_lora/Diff_Days_Indoor_Setup/Day5/Device21/IQ_1.dat,52,4076748,19,19,1,test,diff_days_indoor,5,0,0,0,0,0,0.3091887831687927
data/raw/osu_lora/Diff_Days_Indoor_Setup/Day5/Device21/IQ_1.dat,53,4155147,19,19,1,test,diff_days_indoor,5,0,0,0,0,0,0.3314897119998932
data/raw/osu_lora/Diff_Days_Indoor_Setup/Day5/Device21/IQ_1.dat,54,4233546,19,5,0,test,diff_days_indoor,5,0,0,0,0,0,0.4273998737335205
data/raw/osu_lora/Diff_Days_Indoor_Setup/Day5/Device21/IQ_1.dat,55,4311945,19,19,1,test,diff_days_indoor,5,0,0,0,0,0,0.31466925144195557
data/raw/osu_lora/Diff_Days_Indoor_Setup/Day5/Device21/IQ_1.dat,56,4390344,19,19,1,test,diff_days_indoor,5,0,0,0,0,0,0.31881508231163025
data/raw/osu_lora/Diff_Days_Indoor_Setup/Day5/Device21/IQ_1.dat,57,4468743,19,19,1,test,diff_days_indoor,5,0,0,0,0,0,0.33050617575645447
data/raw/osu_lora/Diff_Days_Indoor_Setup/Day5/Device21/IQ_1.dat,58,4547142,19,19,1,test,diff_days_indoor,5,0,0,0,0,0,0.3522256314754486
data/raw/osu_lora/Diff_Days_Indoor_Setup/Day5/Device21/IQ_1.dat,59,4625541,19,5,0,test,diff_days_indoor,5,0,0,0,0,0,0.4866390526294708
data/raw/osu_lora/Diff_Days_Indoor_Setup/Day5/Device21/IQ_1.dat,60,4703940,19,19,1,test,diff_days_indoor,5,0,0,0,0,0,0.3491324186325073
data/raw/osu_lora/Diff_Days_Indoor_Setup/Day5/Device21/IQ_1.dat,61,4782339,19,19,1,test,diff_days_indoor,5,0,0,0,0,0,0.3267934322357178
data/raw/osu_lora/Diff_Days_Indoor_Setup/Day5/Device21/IQ_1.dat,62,4860738,19,19,1,test,diff_days_indoor,5,0,0,0,0,0,0.2959483563899994
data/raw/osu_lora/Diff_Days_Indoor_Setup/Day5/Device21/IQ_1.dat,63,4939137,19,19,1,test,diff_days_indoor,5,0,0,0,0,0,0.28345784544944763
data/raw/osu_lora/Diff_Days_Indoor_Setup/Day5/Device21/IQ_1.dat,64,5017536,19,19,1,test,diff_days_indoor,5,0,0,0,0,0,0.31097033619880676
data/raw/osu_lora/Diff_Days_Indoor_Setup/Day5/Device21/IQ_1.dat,65,5095935,19,19,1,test,diff_days_indoor,5,0,0,0,0,0,0.25253427028656006
data/raw/osu_lora/Diff_Days_Indoor_Setup/Day5/Device21/IQ_1.dat,66,5174334,19,19,1,test,diff_days_indoor,5,0,0,0,0,0,0.31254690885543823
data/raw/osu_lora/Diff_Days_Indoor_Setup/Day5/Device21/IQ_1.dat,67,5252733,19,19,1,test,diff_days_indoor,5,0,0,0,0,0,0.33649584650993347
data/raw/osu_lora/Diff_Days_Indoor_Setup/Day5/Device21/IQ_1.dat,68,5331132,19,5,0,test,diff_days_indoor,5,0,0,0,0,0,0.38221046328544617
data/raw/osu_lora/Diff_Days_Indoor_Setup/Day5/Device21/IQ_1.dat,69,5409531,19,19,1,test,diff_days_indoor,5,0,0,0,0,0,0.3368745446205139
data/raw/osu_lora/Diff_Days_Indoor_Setup/Day5/Device21/IQ_1.dat,70,5487930,19,15,0,test,diff_days_indoor,5,0,0,0,0,0,0.19784808158874512
data/raw/osu_lora/Diff_Days_Indoor_Setup/Day5/Device21/IQ_1.dat,71,5566329,19,19,1,test,diff_days_indoor,5,0,0,0,0,0,0.3252619206905365
data/raw/osu_lora/Diff_Days_Indoor_Setup/Day5/Device21/IQ_1.dat,72,5644728,19,5,0,test,diff_days_indoor,5,0,0,0,0,0,0.39215973019599915
data/raw/osu_lora/Diff_Days_Indoor_Setup/Day5/Device21/IQ_1.dat,73,5723127,19,19,1,test,diff_days_indoor,5,0,0,0,0,0,0.3177100718021393
data/raw/osu_lora/Diff_Days_Indoor_Setup/Day5/Device21/IQ_1.dat,74,5801526,19,19,1,test,diff_days_indoor,5,0,0,0,0,0,0.3680727183818817
data/raw/osu_lora/Diff_Days_Indoor_Setup/Day5/Device21/IQ_1.dat,75,5879925,19,19,1,test,diff_days_indoor,5,0,0,0,0,0,0.3476276099681854
data/raw/osu_lora/Diff_Days_Indoor_Setup/Day5/Device21/IQ_1.dat,76,5958324,19,19,1,test,diff_days_indoor,5,0,0,0,0,0,0.31963443756103516
data/raw/osu_lora/Diff_Days_Indoor_Setup/Day5/Device21/IQ_1.dat,77,6036723,19,19,1,test,diff_days_indoor,5,0,0,0,0,0,0.35633134841918945
data/raw/osu_lora/Diff_Days_Indoor_Setup/Day5/Device21/IQ_1.dat,78,6115122,19,19,1,test,diff_days_indoor,5,0,0,0,0,0,0.31567084789276123
data/raw/osu_lora/Diff_Days_Indoor_Setup/Day5/Device21/IQ_1.dat,79,6193521,19,19,1,test,diff_days_indoor,5,0,0,0,0,0,0.3539056181907654
data/raw/osu_lora/Diff_Days_Indoor_Setup/Day5/Device21/IQ_1.dat,80,6271920,19,19,1,test,diff_days_indoor,5,0,0,0,0,0,0.2889191210269928
data/raw/osu_lora/Diff_Days_Indoor_Setup/Day5/Device21/IQ_1.dat,81,6350319,19,19,1,test,diff_days_indoor,5,0,0,0,0,0,0.34380462765693665
data/raw/osu_lora/Diff_Days_Indoor_Setup/Day5/Device21/IQ_1.dat,82,6428718,19,19,1,test,diff_days_indoor,5,0,0,0,0,0,0.3007960617542267
data/raw/osu_lora/Diff_Days_Indoor_Setup/Day5/Device21/IQ_1.dat,83,6507117,19,15,0,test,diff_days_indoor,5,0,0,0,0,0,0.25179579854011536
data/raw/osu_lora/Diff_Days_Indoor_Setup/Day5/Device21/IQ_1.dat,84,6585516,19,5,0,test,diff_days_indoor,5,0,0,0,0,0,0.37345945835113525
data/raw/osu_lora/Diff_Days_Indoor_Setup/Day5/Device21/IQ_1.dat,85,6663915,19,5,0,test,diff_days_indoor,5,0,0,0,0,0,0.4964209794998169
data/raw/osu_lora/Diff_Days_Indoor_Setup/Day5/Device21/IQ_1.dat,86,6742314,19,5,0,test,diff_days_indoor,5,0,0,0,0,0,0.3783423602581024
data/raw/osu_lora/Diff_Days_Indoor_Setup/Day5/Device21/IQ_1.dat,87,6820713,19,19,1,test,diff_days_indoor,5,0,0,0,0,0,0.33941176533699036
data/raw/osu_lora/Diff_Days_Indoor_Setup/Day5/Device21/IQ_1.dat,88,6899112,19,19,1,test,diff_days_indoor,5,0,0,0,0,0,0.3517414331436157
data/raw/osu_lora/Diff_Days_Indoor_Setup/Day5/Device21/IQ_1.dat,89,6977511,19,19,1,test,diff_days_indoor,5,0,0,0,0,0,0.324820876121521
data/raw/osu_lora/Diff_Days_Indoor_Setup/Day5/Device21/IQ_1.dat,90,7055910,19,19,1,test,diff_days_indoor,5,0,0,0,0,0,0.32889801263809204
data/raw/osu_lora/Diff_Days_Indoor_Setup/Day5/Device21/IQ_1.dat,91,7134309,19,19,1,test,diff_days_indoor,5,0,0,0,0,0,0.34583958983421326
data/raw/osu_lora/Diff_Days_Indoor_Setup/Day5/Device21/IQ_1.dat,92,7212708,19,5,0,test,diff_days_indoor,5,0,0,0,0,0,0.3763866126537323
data/raw/osu_lora/Diff_Days_Indoor_Setup/Day5/Device21/IQ_1.dat,93,7291107,19,19,1,test,diff_days_indoor,5,0,0,0,0,0,0.2962222099304199
data/raw/osu_lora/Diff_Days_Indoor_Setup/Day5/Device21/IQ_1.dat,94,7369506,19,19,1,test,diff_days_indoor,5,0,0,0,0,0,0.31784942746162415
data/raw/osu_lora/Diff_Days_Indoor_Setup/Day5/Device21/IQ_1.dat,95,7447905,19,19,1,test,diff_days_indoor,5,0,0,0,0,0,0.2776400148868561
data/raw/osu_lora/Diff_Days_Indoor_Setup/Day5/Device21/IQ_1.dat,96,7526304,19,19,1,test,diff_days_indoor,5,0,0,0,0,0,0.264009028673172
data/raw/osu_lora/Diff_Days_Indoor_Setup/Day5/Device21/IQ_1.dat,97,7604703,19,19,1,test,diff_days_indoor,5,0,0,0,0,0,0.31336313486099243
data/raw/osu_lora/Diff_Days_Indoor_Setup/Day5/Device21/IQ_1.dat,98,7683102,19,19,1,test,diff_days_indoor,5,0,0,0,0,0,0.33673322200775146
data/raw/osu_lora/Diff_Days_Indoor_Setup/Day5/Device21/IQ_1.dat,99,7761501,19,19,1,test,diff_days_indoor,5,0,0,0,0,0,0.3040371537208557
data/raw/osu_lora/Diff_Days_Indoor_Setup/Day5/Device21/IQ_1.dat,100,7839900,19,19,1,test,diff_days_indoor,5,0,0,0,0,0,0.3467681109905243
data/raw/osu_lora/Diff_Days_Indoor_Setup/Day5/Device21/IQ_1.dat,101,7918299,19,15,0,test,diff_days_indoor,5,0,0,0,0,0,0.1775486171245575
data/raw/osu_lora/Diff_Days_Indoor_Setup/Day5/Device21/IQ_1.dat,102,7996698,19,19,1,test,diff_days_indoor,5,0,0,0,0,0,0.3430823087692261
data/raw/osu_lora/Diff_Days_Indoor_Setup/Day5/Device21/IQ_1.dat,103,8075097,19,19,1,test,diff_days_indoor,5,0,0,0,0,0,0.31865790486335754
data/raw/osu_lora/Diff_Days_Indoor_Setup/Day5/Device21/IQ_1.dat,104,8153496,19,19,1,test,diff_days_indoor,5,0,0,0,0,0,0.33199724555015564
data/raw/osu_lora/Diff_Days_Indoor_Setup/Day5/Device21/IQ_1.dat,105,8231895,19,19,1,test,diff_days_indoor,5,0,0,0,0,0,0.345162957906723
data/raw/osu_lora/Diff_Days_Indoor_Setup/Day5/Device21/IQ_1.dat,106,8310294,19,19,1,test,diff_days_indoor,5,0,0,0,0,0,0.3511800467967987
data/raw/osu_lora/Diff_Days_Indoor_Setup/Day5/Device21/IQ_1.dat,107,8388693,19,19,1,test,diff_days_indoor,5,0,0,0,0,0,0.298989474773407
data/raw/osu_lora/Diff_Days_Indoor_Setup/Day5/Device21/IQ_1.dat,108,8467092,19,19,1,test,diff_days_indoor,5,0,0,0,0,0,0.28960344195365906
data/raw/osu_lora/Diff_Days_Indoor_Setup/Day5/Device21/IQ_1.dat,109,8545491,19,19,1,test,diff_days_indoor,5,0,0,0,0,0,0.2793510854244232
data/raw/osu_lora/Diff_Days_Indoor_Setup/Day5/Device21/IQ_1.dat,110,8623890,19,19,1,test,diff_days_indoor,5,0,0,0,0,0,0.317422479391098
data/raw/osu_lora/Diff_Days_Indoor_Setup/Day5/Device21/IQ_1.dat,111,8702289,19,19,1,test,diff_days_indoor,5,0,0,0,0,0,0.2995865046977997
data/raw/osu_lora/Diff_Days_Indoor_Setup/Day5/Device21/IQ_1.dat,112,8780688,19,19,1,test,diff_days_indoor,5,0,0,0,0,0,0.31193506717681885
data/raw/osu_lora/Diff_Days_Indoor_Setup/Day5/Device21/IQ_1.dat,113,8859087,19,19,1,test,diff_days_indoor,5,0,0,0,0,0,0.32621484994888306
data/raw/osu_lora/Diff_Days_Indoor_Setup/Day5/Device21/IQ_1.dat,114,8937486,19,19,1,test,diff_days_indoor,5,0,0,0,0,0,0.31719696521759033
data/raw/osu_lora/Diff_Days_Indoor_Setup/Day5/Device21/IQ_1.dat,115,9015885,19,5,0,test,diff_days_indoor,5,0,0,0,0,0,0.3763843774795532
data/raw/osu_lora/Diff_Days_Indoor_Setup/Day5/Device21/IQ_1.dat,116,9094284,19,19,1,test,diff_days_indoor,5,0,0,0,0,0,0.34689462184906006
data/raw/osu_lora/Diff_Days_Indoor_Setup/Day5/Device21/IQ_1.dat,117,9172683,19,5,0,test,diff_days_indoor,5,0,0,0,0,0,0.5455867052078247
data/raw/osu_lora/Diff_Days_Indoor_Setup/Day5/Device21/IQ_1.dat,118,9251082,19,19,1,test,diff_days_indoor,5,0,0,0,0,0,0.3171367347240448
data/raw/osu_lora/Diff_Days_Indoor_Setup/Day5/Device21/IQ_1.dat,119,9329481,19,19,1,test,diff_days_indoor,5,0,0,0,0,0,0.31930211186408997
data/raw/osu_lora/Diff_Days_Indoor_Setup/Day5/Device21/IQ_1.dat,120,9407880,19,5,0,test,diff_days_indoor,5,0,0,0,0,0,0.34748849272727966
data/raw/osu_lora/Diff_Days_Indoor_Setup/Day5/Device21/IQ_1.dat,121,9486279,19,19,1,test,diff_days_indoor,5,0,0,0,0,0,0.367963582277298
data/raw/osu_lora/Diff_Days_Indoor_Setup/Day5/Device21/IQ_1.dat,122,9564678,19,19,1,test,diff_days_indoor,5,0,0,0,0,0,0.3281819224357605
data/raw/osu_lora/Diff_Days_Indoor_Setup/Day5/Device21/IQ_1.dat,123,9643077,19,5,0,test,diff_days_indoor,5,0,0,0,0,0,0.35115090012550354
data/raw/osu_lora/Diff_Days_Indoor_Setup/Day5/Device21/IQ_1.dat,124,9721476,19,5,0,test,diff_days_indoor,5,0,0,0,0,0,0.3140341341495514
data/raw/osu_lora/Diff_Days_Indoor_Setup/Day5/Device21/IQ_1.dat,125,9799875,19,15,0,test,diff_days_indoor,5,0,0,0,0,0,0.2529796063899994
data/raw/osu_lora/Diff_Days_Indoor_Setup/Day5/Device21/IQ_1.dat,126,9878274,19,19,1,test,diff_days_indoor,5,0,0,0,0,0,0.2990434169769287
data/raw/osu_lora/Diff_Days_Indoor_Setup/Day5/Device21/IQ_1.dat,127,9956673,19,19,1,test,diff_days_indoor,5,0,0,0,0,0,0.3069392740726471
data/raw/osu_lora/Diff_Days_Indoor_Setup/Day5/Device21/IQ_1.dat,128,10035072,19,19,1,test,diff_days_indoor,5,0,0,0,0,0,0.3023855984210968
data/raw/osu_lora/Diff_Days_Indoor_Setup/Day5/Device21/IQ_1.dat,129,10113471,19,19,1,test,diff_days_indoor,5,0,0,0,0,0,0.30686452984809875
data/raw/osu_lora/Diff_Days_Indoor_Setup/Day5/Device21/IQ_1.dat,130,10191870,19,5,0,test,diff_days_indoor,5,0,0,0,0,0,0.35441237688064575
data/raw/osu_lora/Diff_Days_Indoor_Setup/Day5/Device21/IQ_1.dat,131,10270269,19,19,1,test,diff_days_indoor,5,0,0,0,0,0,0.33615294098854065
data/raw/osu_lora/Diff_Days_Indoor_Setup/Day5/Device21/IQ_1.dat,132,10348668,19,19,1,test,diff_days_indoor,5,0,0,0,0,0,0.221620574593544
data/raw/osu_lora/Diff_Days_Indoor_Setup/Day5/Device21/IQ_1.dat,133,10427067,19,19,1,test,diff_days_indoor,5,0,0,0,0,0,0.3560393154621124
data/raw/osu_lora/Diff_Days_Indoor_Setup/Day5/Device21/IQ_1.dat,134,10505466,19,5,0,test,diff_days_indoor,5,0,0,0,0,0,0.3438556492328644
data/raw/osu_lora/Diff_Days_Indoor_Setup/Day5/Device21/IQ_1.dat,135,10583865,19,19,1,test,diff_days_indoor,5,0,0,0,0,0,0.27235954999923706
data/raw/osu_lora/Diff_Days_Indoor_Setup/Day5/Device21/IQ_1.dat,136,10662264,19,19,1,test,diff_days_indoor,5,0,0,0,0,0,0.3185875713825226
data/raw/osu_lora/Diff_Days_Indoor_Setup/Day5/Device21/IQ_1.dat,137,10740663,19,19,1,test,diff_days_indoor,5,0,0,0,0,0,0.3457997143268585
data/raw/osu_lora/Diff_Days_Indoor_Setup/Day5/Device21/IQ_1.dat,138,10819062,19,19,1,test,diff_days_indoor,5,0,0,0,0,0,0.3267417848110199
data/raw/osu_lora/Diff_Days_Indoor_Setup/Day5/Device21/IQ_1.dat,139,10897461,19,19,1,test,diff_days_indoor,5,0,0,0,0,0,0.32749050855636597
data/raw/osu_lora/Diff_Days_Indoor_Setup/Day5/Device21/IQ_1.dat,140,10975860,19,19,1,test,diff_days_indoor,5,0,0,0,0,0,0.30575719475746155
data/raw/osu_lora/Diff_Days_Indoor_Setup/Day5/Device21/IQ_1.dat,141,11054259,19,19,1,test,diff_days_indoor,5,0,0,0,0,0,0.28292718529701233
data/raw/osu_lora/Diff_Days_Indoor_Setup/Day5/Device21/IQ_1.dat,142,11132658,19,5,0,test,diff_days_indoor,5,0,0,0,0,0,0.32344648241996765
data/raw/osu_lora/Diff_Days_Indoor_Setup/Day5/Device21/IQ_1.dat,143,11211057,19,19,1,test,diff_days_indoor,5,0,0,0,0,0,0.30368199944496155
data/raw/osu_lora/Diff_Days_Indoor_Setup/Day5/Device21/IQ_1.dat,144,11289456,19,19,1,test,diff_days_indoor,5,0,0,0,0,0,0.31860288977622986
data/raw/osu_lora/Diff_Days_Indoor_Setup/Day5/Device21/IQ_1.dat,145,11367855,19,19,1,test,diff_days_indoor,5,0,0,0,0,0,0.2752544581890106
data/raw/osu_lora/Diff_Days_Indoor_Setup/Day5/Device21/IQ_1.dat,146,11446254,19,5,0,test,diff_days_indoor,5,0,0,0,0,0,0.4009630084037781
data/raw/osu_lora/Diff_Days_Indoor_Setup/Day5/Device21/IQ_1.dat,147,11524653,19,19,1,test,diff_days_indoor,5,0,0,0,0,0,0.3729705512523651
data/raw/osu_lora/Diff_Days_Indoor_Setup/Day5/Device21/IQ_1.dat,148,11603052,19,19,1,test,diff_days_indoor,5,0,0,0,0,0,0.3323122262954712
data/raw/osu_lora/Diff_Days_Indoor_Setup/Day5/Device21/IQ_1.dat,149,11681451,19,19,1,test,diff_days_indoor,5,0,0,0,0,0,0.3149079382419586
data/raw/osu_lora/Diff_Days_Indoor_Setup/Day5/Device21/IQ_1.dat,150,11759850,19,19,1,test,diff_days_indoor,5,0,0,0,0,0,0.31629958748817444
data/raw/osu_lora/Diff_Days_Indoor_Setup/Day5/Device21/IQ_1.dat,151,11838249,19,19,1,test,diff_days_indoor,5,0,0,0,0,0,0.3410443067550659
data/raw/osu_lora/Diff_Days_Indoor_Setup/Day5/Device21/IQ_1.dat,152,11916648,19,19,1,test,diff_days_indoor,5,0,0,0,0,0,0.34228742122650146
data/raw/osu_lora/Diff_Days_Indoor_Setup/Day5/Device21/IQ_1.dat,153,11995047,19,19,1,test,diff_days_indoor,5,0,0,0,0,0,0.3192019760608673
data/raw/osu_lora/Diff_Days_Indoor_Setup/Day5/Device21/IQ_1.dat,154,12073446,19,5,0,test,diff_days_indoor,5,0,0,0,0,0,0.41262903809547424
data/raw/osu_lora/Diff_Days_Indoor_Setup/Day5/Device21/IQ_1.dat,155,12151845,19,19,1,test,diff_days_indoor,5,0,0,0,0,0,0.3269864618778229
data/raw/osu_lora/Diff_Days_Indoor_Setup/Day5/Device21/IQ_1.dat,156,12230244,19,19,1,test,diff_days_indoor,5,0,0,0,0,0,0.2835414409637451
data/raw/osu_lora/Diff_Days_Indoor_Setup/Day5/Device21/IQ_1.dat,157,12308643,19,19,1,test,diff_days_indoor,5,0,0,0,0,0,0.3412701487541199
data/raw/osu_lora/Diff_Days_Indoor_Setup/Day5/Device21/IQ_1.dat,158,12387042,19,19,1,test,diff_days_indoor,5,0,0,0,0,0,0.2878998816013336
data/raw/osu_lora/Diff_Days_Indoor_Setup/Day5/Device21/IQ_1.dat,159,12465441,19,19,1,test,diff_days_indoor,5,0,0,0,0,0,0.35821840167045593
data/raw/osu_lora/Diff_Days_Indoor_Setup/Day5/Device21/IQ_1.dat,160,12543840,19,19,1,test,diff_days_indoor,5,0,0,0,0,0,0.32869717478752136
data/raw/osu_lora/Diff_Days_Indoor_Setup/Day5/Device21/IQ_1.dat,161,12622239,19,19,1,test,diff_days_indoor,5,0,0,0,0,0,0.3147457540035248
data/raw/osu_lora/Diff_Days_Indoor_Setup/Day5/Device21/IQ_1.dat,162,12700638,19,19,1,test,diff_days_indoor,5,0,0,0,0,0,0.30707046389579773
data/raw/osu_lora/Diff_Days_Indoor_Setup/Day5/Device21/IQ_1.dat,163,12779037,19,15,0,test,diff_days_indoor,5,0,0,0,0,0,0.225343257188797
data/raw/osu_lora/Diff_Days_Indoor_Setup/Day5/Device21/IQ_1.dat,164,12857436,19,19,1,test,diff_days_indoor,5,0,0,0,0,0,0.33970320224761963
data/raw/osu_lora/Diff_Days_Indoor_Setup/Day5/Device21/IQ_1.dat,165,12935835,19,5,0,test,diff_days_indoor,5,0,0,0,0,0,0.34860366582870483
data/raw/osu_lora/Diff_Days_Indoor_Setup/Day5/Device21/IQ_1.dat,166,13014234,19,19,1,test,diff_days_indoor,5,0,0,0,0,0,0.30323275923728943
data/raw/osu_lora/Diff_Days_Indoor_Setup/Day5/Device21/IQ_1.dat,167,13092633,19,19,1,test,diff_days_indoor,5,0,0,0,0,0,0.33789414167404175
data/raw/osu_lora/Diff_Days_Indoor_Setup/Day5/Device21/IQ_1.dat,168,13171032,19,19,1,test,diff_days_indoor,5,0,0,0,0,0,0.3514057993888855
data/raw/osu_lora/Diff_Days_Indoor_Setup/Day5/Device21/IQ_1.dat,169,13249431,19,19,1,test,diff_days_indoor,5,0,0,0,0,0,0.3009430170059204
data/raw/osu_lora/Diff_Days_Indoor_Setup/Day5/Device21/IQ_1.dat,170,13327830,19,19,1,test,diff_days_indoor,5,0,0,0,0,0,0.34860342741012573
data/raw/osu_lora/Diff_Days_Indoor_Setup/Day5/Device21/IQ_1.dat,171,13406229,19,15,0,test,diff_days_indoor,5,0,0,0,0,0,0.2531900405883789
data/raw/osu_lora/Diff_Days_Indoor_Setup/Day5/Device21/IQ_1.dat,172,13484628,19,19,1,test,diff_days_indoor,5,0,0,0,0,0,0.3150692880153656
data/raw/osu_lora/Diff_Days_Indoor_Setup/Day5/Device21/IQ_1.dat,173,13563027,19,19,1,test,diff_days_indoor,5,0,0,0,0,0,0.3027343451976776
data/raw/osu_lora/Diff_Days_Indoor_Setup/Day5/Device21/IQ_1.dat,174,13641426,19,19,1,test,diff_days_indoor,5,0,0,0,0,0,0.31496462225914
data/raw/osu_lora/Diff_Days_Indoor_Setup/Day5/Device21/IQ_1.dat,175,13719825,19,19,1,test,diff_days_indoor,5,0,0,0,0,0,0.3426154851913452
data/raw/osu_lora/Diff_Days_Indoor_Setup/Day5/Device21/IQ_1.dat,176,13798224,19,19,1,test,diff_days_indoor,5,0,0,0,0,0,0.2724239230155945
data/raw/osu_lora/Diff_Days_Indoor_Setup/Day5/Device21/IQ_1.dat,177,13876623,19,5,0,test,diff_days_indoor,5,0,0,0,0,0,0.4403393864631653
data/raw/osu_lora/Diff_Days_Indoor_Setup/Day5/Device21/IQ_1.dat,178,13955022,19,19,1,test,diff_days_indoor,5,0,0,0,0,0,0.3807699978351593
data/raw/osu_lora/Diff_Days_Indoor_Setup/Day5/Device21/IQ_1.dat,179,14033421,19,5,0,test,diff_days_indoor,5,0,0,0,0,0,0.3258511424064636
data/raw/osu_lora/Diff_Days_Indoor_Setup/Day5/Device21/IQ_1.dat,180,14111820,19,19,1,test,diff_days_indoor,5,0,0,0,0,0,0.3279508054256439
data/raw/osu_lora/Diff_Days_Indoor_Setup/Day5/Device21/IQ_1.dat,181,14190219,19,15,0,test,diff_days_indoor,5,0,0,0,0,0,0.25483691692352295
data/raw/osu_lora/Diff_Days_Indoor_Setup/Day5/Device21/IQ_1.dat,182,14268618,19,5,0,test,diff_days_indoor,5,0,0,0,0,0,0.4279229938983917
data/raw/osu_lora/Diff_Days_Indoor_Setup/Day5/Device21/IQ_1.dat,183,14347017,19,5,0,test,diff_days_indoor,5,0,0,0,0,0,0.38175347447395325
data/raw/osu_lora/Diff_Days_Indoor_Setup/Day5/Device21/IQ_1.dat,184,14425416,19,19,1,test,diff_days_indoor,5,0,0,0,0,0,0.3313920497894287
data/raw/osu_lora/Diff_Days_Indoor_Setup/Day5/Device21/IQ_1.dat,185,14503815,19,5,0,test,diff_days_indoor,5,0,0,0,0,0,0.4218515455722809
data/raw/osu_lora/Diff_Days_Indoor_Setup/Day5/Device21/IQ_1.dat,186,14582214,19,19,1,test,diff_days_indoor,5,0,0,0,0,0,0.35811904072761536
data/raw/osu_lora/Diff_Days_Indoor_Setup/Day5/Device21/IQ_1.dat,187,14660613,19,19,1,test,diff_days_indoor,5,0,0,0,0,0,0.303877592086792
data/raw/osu_lora/Diff_Days_Indoor_Setup/Day5/Device21/IQ_1.dat,188,14739012,19,19,1,test,diff_days_indoor,5,0,0,0,0,0,0.3226967453956604
data/raw/osu_lora/Diff_Days_Indoor_Setup/Day5/Device21/IQ_1.dat,189,14817411,19,19,1,test,diff_days_indoor,5,0,0,0,0,0,0.28764858841896057
data/raw/osu_lora/Diff_Days_Indoor_Setup/Day5/Device21/IQ_1.dat,190,14895810,19,19,1,test,diff_days_indoor,5,0,0,0,0,0,0.3300124704837799
data/raw/osu_lora/Diff_Days_Indoor_Setup/Day5/Device21/IQ_1.dat,191,14974209,19,19,1,test,diff_days_indoor,5,0,0,0,0,0,0.29520490765571594
data/raw/osu_lora/Diff_Days_Indoor_Setup/Day5/Device21/IQ_1.dat,192,15052608,19,19,1,test,diff_days_indoor,5,0,0,0,0,0,0.3117014765739441
data/raw/osu_lora/Diff_Days_Indoor_Setup/Day5/Device21/IQ_1.dat,193,15131007,19,19,1,test,diff_days_indoor,5,0,0,0,0,0,0.31406086683273315
data/raw/osu_lora/Diff_Days_Indoor_Setup/Day5/Device21/IQ_1.dat,194,15209406,19,19,1,test,diff_days_indoor,5,0,0,0,0,0,0.24230584502220154
data/raw/osu_lora/Diff_Days_Indoor_Setup/Day5/Device21/IQ_1.dat,195,15287805,19,19,1,test,diff_days_indoor,5,0,0,0,0,0,0.35225072503089905
data/raw/osu_lora/Diff_Days_Indoor_Setup/Day5/Device21/IQ_1.dat,196,15366204,19,19,1,test,diff_days_indoor,5,0,0,0,0,0,0.2957528829574585
data/raw/osu_lora/Diff_Days_Indoor_Setup/Day5/Device21/IQ_1.dat,197,15444603,19,19,1,test,diff_days_indoor,5,0,0,0,0,0,0.3519311845302582
data/raw/osu_lora/Diff_Days_Indoor_Setup/Day5/Device21/IQ_1.dat,198,15523002,19,19,1,test,diff_days_indoor,5,0,0,0,0,0,0.32745033502578735
data/raw/osu_lora/Diff_Days_Indoor_Setup/Day5/Device21/IQ_1.dat,199,15601401,19,5,0,test,diff_days_indoor,5,0,0,0,0,0,0.31686344742774963
data/raw/osu_lora/Diff_Days_Indoor_Setup/Day5/Device21/IQ_1.dat,200,15679800,19,19,1,test,diff_days_indoor,5,0,0,0,0,0,0.30010703206062317
data/raw/osu_lora/Diff_Days_Indoor_Setup/Day5/Device21/IQ_1.dat,201,15758199,19,19,1,test,diff_days_indoor,5,0,0,0,0,0,0.28398019075393677
data/raw/osu_lora/Diff_Days_Indoor_Setup/Day5/Device21/IQ_1.dat,202,15836598,19,19,1,test,diff_days_indoor,5,0,0,0,0,0,0.28830686211586
data/raw/osu_lora/Diff_Days_Indoor_Setup/Day5/Device21/IQ_1.dat,203,15914997,19,19,1,test,diff_days_indoor,5,0,0,0,0,0,0.3414700925350189
data/raw/osu_lora/Diff_Days_Indoor_Setup/Day5/Device21/IQ_1.dat,204,15993396,19,19,1,test,diff_days_indoor,5,0,0,0,0,0,0.2968776524066925
data/raw/osu_lora/Diff_Days_Indoor_Setup/Day5/Device21/IQ_1.dat,205,16071795,19,19,1,test,diff_days_indoor,5,0,0,0,0,0,0.32500383257865906
data/raw/osu_lora/Diff_Days_Indoor_Setup/Day5/Device21/IQ_1.dat,206,16150194,19,19,1,test,diff_days_indoor,5,0,0,0,0,0,0.277156800031662
data/raw/osu_lora/Diff_Days_Indoor_Setup/Day5/Device21/IQ_1.dat,207,16228593,19,5,0,test,diff_days_indoor,5,0,0,0,0,0,0.3274303674697876
data/raw/osu_lora/Diff_Days_Indoor_Setup/Day5/Device21/IQ_1.dat,208,16306992,19,5,0,test,diff_days_indoor,5,0,0,0,0,0,0.4815114736557007
data/raw/osu_lora/Diff_Days_Indoor_Setup/Day5/Device21/IQ_1.dat,209,16385391,19,19,1,test,diff_days_indoor,5,0,0,0,0,0,0.30735549330711365
data/raw/osu_lora/Diff_Days_Indoor_Setup/Day5/Device21/IQ_1.dat,210,16463790,19,5,0,test,diff_days_indoor,5,0,0,0,0,0,0.37291473150253296
data/raw/osu_lora/Diff_Days_Indoor_Setup/Day5/Device21/IQ_1.dat,211,16542189,19,19,1,test,diff_days_indoor,5,0,0,0,0,0,0.3165357708930969
data/raw/osu_lora/Diff_Days_Indoor_Setup/Day5/Device21/IQ_1.dat,212,16620588,19,19,1,test,diff_days_indoor,5,0,0,0,0,0,0.29940956830978394
data/raw/osu_lora/Diff_Days_Indoor_Setup/Day5/Device21/IQ_1.dat,213,16698987,19,19,1,test,diff_days_indoor,5,0,0,0,0,0,0.34334999322891235
data/raw/osu_lora/Diff_Days_Indoor_Setup/Day5/Device21/IQ_1.dat,214,16777386,19,19,1,test,diff_days_indoor,5,0,0,0,0,0,0.32441115379333496
data/raw/osu_lora/Diff_Days_Indoor_Setup/Day5/Device21/IQ_1.dat,215,16855785,19,19,1,test,diff_days_indoor,5,0,0,0,0,0,0.28871646523475647
data/raw/osu_lora/Diff_Days_Indoor_Setup/Day5/Device21/IQ_1.dat,216,16934184,19,19,1,test,diff_days_indoor,5,0,0,0,0,0,0.33361491560935974
data/raw/osu_lora/Diff_Days_Indoor_Setup/Day5/Device21/IQ_1.dat,217,17012583,19,5,0,test,diff_days_indoor,5,0,0,0,0,0,0.41229015588760376
data/raw/osu_lora/Diff_Days_Indoor_Setup/Day5/Device21/IQ_1.dat,218,17090982,19,19,1,test,diff_days_indoor,5,0,0,0,0,0,0.28614139556884766
data/raw/osu_lora/Diff_Days_Indoor_Setup/Day5/Device21/IQ_1.dat,219,17169381,19,19,1,test,diff_days_indoor,5,0,0,0,0,0,0.31359201669692993
data/raw/osu_lora/Diff_Days_Indoor_Setup/Day5/Device21/IQ_1.dat,220,17247780,19,19,1,test,diff_days_indoor,5,0,0,0,0,0,0.2823619246482849
data/raw/osu_lora/Diff_Days_Indoor_Setup/Day5/Device21/IQ_1.dat,221,17326179,19,19,1,test,diff_days_indoor,5,0,0,0,0,0,0.32176998257637024
data/raw/osu_lora/Diff_Days_Indoor_Setup/Day5/Device21/IQ_1.dat,222,17404578,19,19,1,test,diff_days_indoor,5,0,0,0,0,0,0.30086761713027954
data/raw/osu_lora/Diff_Days_Indoor_Setup/Day5/Device21/IQ_1.dat,223,17482977,19,19,1,test,diff_days_indoor,5,0,0,0,0,0,0.34678763151168823
data/raw/osu_lora/Diff_Days_Indoor_Setup/Day5/Device21/IQ_1.dat,224,17561376,19,19,1,test,diff_days_indoor,5,0,0,0,0,0,0.3325631320476532
data/raw/osu_lora/Diff_Days_Indoor_Setup/Day5/Device21/IQ_1.dat,225,17639775,19,19,1,test,diff_days_indoor,5,0,0,0,0,0,0.2828754186630249
data/raw/osu_lora/Diff_Days_Indoor_Setup/Day5/Device21/IQ_1.dat,226,17718174,19,19,1,test,diff_days_indoor,5,0,0,0,0,0,0.34667351841926575
data/raw/osu_lora/Diff_Days_Indoor_Setup/Day5/Device21/IQ_1.dat,227,17796573,19,19,1,test,diff_days_indoor,5,0,0,0,0,0,0.34753546118736267
data/raw/osu_lora/Diff_Days_Indoor_Setup/Day5/Device21/IQ_1.dat,228,17874972,19,19,1,test,diff_days_indoor,5,0,0,0,0,0,0.3748568594455719
data/raw/osu_lora/Diff_Days_Indoor_Setup/Day5/Device21/IQ_1.dat,229,17953371,19,19,1,test,diff_days_indoor,5,0,0,0,0,0,0.3319913148880005
data/raw/osu_lora/Diff_Days_Indoor_Setup/Day5/Device21/IQ_1.dat,230,18031770,19,5,0,test,diff_days_indoor,5,0,0,0,0,0,0.5900580883026123
data/raw/osu_lora/Diff_Days_Indoor_Setup/Day5/Device21/IQ_1.dat,231,18110169,19,19,1,test,diff_days_indoor,5,0,0,0,0,0,0.3358193039894104
data/raw/osu_lora/Diff_Days_Indoor_Setup/Day5/Device21/IQ_1.dat,232,18188568,19,19,1,test,diff_days_indoor,5,0,0,0,0,0,0.3366709053516388
data/raw/osu_lora/Diff_Days_Indoor_Setup/Day5/Device21/IQ_1.dat,233,18266967,19,19,1,test,diff_days_indoor,5,0,0,0,0,0,0.2748590111732483
data/raw/osu_lora/Diff_Days_Indoor_Setup/Day5/Device21/IQ_1.dat,234,18345366,19,19,1,test,diff_days_indoor,5,0,0,0,0,0,0.3654739558696747
data/raw/osu_lora/Diff_Days_Indoor_Setup/Day5/Device21/IQ_1.dat,235,18423765,19,19,1,test,diff_days_indoor,5,0,0,0,0,0,0.2582686245441437
data/raw/osu_lora/Diff_Days_Indoor_Setup/Day5/Device21/IQ_1.dat,236,18502164,19,19,1,test,diff_days_indoor,5,0,0,0,0,0,0.3090994954109192
data/raw/osu_lora/Diff_Days_Indoor_Setup/Day5/Device21/IQ_1.dat,237,18580563,19,15,0,test,diff_days_indoor,5,0,0,0,0,0,0.2589968144893646
data/raw/osu_lora/Diff_Days_Indoor_Setup/Day5/Device21/IQ_1.dat,238,18658962,19,19,1,test,diff_days_indoor,5,0,0,0,0,0,0.37593021988868713
data/raw/osu_lora/Diff_Days_Indoor_Setup/Day5/Device21/IQ_1.dat,239,18737361,19,5,0,test,diff_days_indoor,5,0,0,0,0,0,0.38207685947418213
data/raw/osu_lora/Diff_Days_Indoor_Setup/Day5/Device21/IQ_1.dat,240,18815760,19,19,1,test,diff_days_indoor,5,0,0,0,0,0,0.30702707171440125
data/raw/osu_lora/Diff_Days_Indoor_Setup/Day5/Device21/IQ_1.dat,241,18894159,19,5,0,test,diff_days_indoor,5,0,0,0,0,0,0.5045813322067261
data/raw/osu_lora/Diff_Days_Indoor_Setup/Day5/Device21/IQ_1.dat,242,18972558,19,19,1,test,diff_days_indoor,5,0,0,0,0,0,0.3260796368122101
data/raw/osu_lora/Diff_Days_Indoor_Setup/Day5/Device21/IQ_1.dat,243,19050957,19,19,1,test,diff_days_indoor,5,0,0,0,0,0,0.2820832133293152
data/raw/osu_lora/Diff_Days_Indoor_Setup/Day5/Device21/IQ_1.dat,244,19129356,19,19,1,test,diff_days_indoor,5,0,0,0,0,0,0.33849310874938965
data/raw/osu_lora/Diff_Days_Indoor_Setup/Day5/Device21/IQ_1.dat,245,19207755,19,19,1,test,diff_days_indoor,5,0,0,0,0,0,0.360617458820343
data/raw/osu_lora/Diff_Days_Indoor_Setup/Day5/Device21/IQ_1.dat,246,19286154,19,19,1,test,diff_days_indoor,5,0,0,0,0,0,0.3000135123729706
data/raw/osu_lora/Diff_Days_Indoor_Setup/Day5/Device21/IQ_1.dat,247,19364553,19,5,0,test,diff_days_indoor,5,0,0,0,0,0,0.38223427534103394
data/raw/osu_lora/Diff_Days_Indoor_Setup/Day5/Device21/IQ_1.dat,248,19442952,19,19,1,test,diff_days_indoor,5,0,0,0,0,0,0.3389032781124115
data/raw/osu_lora/Diff_Days_Indoor_Setup/Day5/Device21/IQ_1.dat,249,19521351,19,15,0,test,diff_days_indoor,5,0,0,0,0,0,0.2629951238632202
data/raw/osu_lora/Diff_Days_Indoor_Setup/Day5/Device21/IQ_1.dat,250,19599750,19,19,1,test,diff_days_indoor,5,0,0,0,0,0,0.33321613073349
data/raw/osu_lora/Diff_Days_Indoor_Setup/Day5/Device21/IQ_1.dat,251,19678149,19,19,1,test,diff_days_indoor,5,0,0,0,0,0,0.3240564465522766
data/raw/osu_lora/Diff_Days_Indoor_Setup/Day5/Device21/IQ_1.dat,252,19756548,19,5,0,test,diff_days_indoor,5,0,0,0,0,0,0.40958040952682495
data/raw/osu_lora/Diff_Days_Indoor_Setup/Day5/Device21/IQ_1.dat,253,19834947,19,19,1,test,diff_days_indoor,5,0,0,0,0,0,0.29823988676071167
data/raw/osu_lora/Diff_Days_Indoor_Setup/Day5/Device21/IQ_1.dat,254,19913346,19,19,1,test,diff_days_indoor,5,0,0,0,0,0,0.2707214951515198
data/raw/osu_lora/Diff_Days_Indoor_Setup/Day5/Device21/IQ_1.dat,255,19991745,19,19,1,test,diff_days_indoor,5,0,0,0,0,0,0.3463999032974243
data/raw/osu_lora/Diff_Days_Indoor_Setup/Day5/Device22/IQ_1.dat,0,0,20,6,0,test,diff_days_indoor,5,0,0,0,0,0,0.295049250125885
data/raw/osu_lora/Diff_Days_Indoor_Setup/Day5/Device22/IQ_1.dat,1,78399,20,8,0,test,diff_days_indoor,5,0,0,0,0,0,0.4164623022079468
data/raw/osu_lora/Diff_Days_Indoor_Setup/Day5/Device22/IQ_1.dat,2,156798,20,20,1,test,diff_days_indoor,5,0,0,0,0,0,0.3685954213142395
data/raw/osu_lora/Diff_Days_Indoor_Setup/Day5/Device22/IQ_1.dat,3,235197,20,20,1,test,diff_days_indoor,5,0,0,0,0,0,0.39123567938804626
data/raw/osu_lora/Diff_Days_Indoor_Setup/Day5/Device22/IQ_1.dat,4,313596,20,20,1,test,diff_days_indoor,5,0,0,0,0,0,0.4046049416065216
data/raw/osu_lora/Diff_Days_Indoor_Setup/Day5/Device22/IQ_1.dat,5,391995,20,6,0,test,diff_days_indoor,5,0,0,0,0,0,0.29978272318840027
data/raw/osu_lora/Diff_Days_Indoor_Setup/Day5/Device22/IQ_1.dat,6,470394,20,20,1,test,diff_days_indoor,5,0,0,0,0,0,0.3034147620201111
data/raw/osu_lora/Diff_Days_Indoor_Setup/Day5/Device22/IQ_1.dat,7,548793,20,6,0,test,diff_days_indoor,5,0,0,0,0,0,0.3227497339248657
data/raw/osu_lora/Diff_Days_Indoor_Setup/Day5/Device22/IQ_1.dat,8,627192,20,6,0,test,diff_days_indoor,5,0,0,0,0,0,0.28631797432899475
data/raw/osu_lora/Diff_Days_Indoor_Setup/Day5/Device22/IQ_1.dat,9,705591,20,20,1,test,diff_days_indoor,5,0,0,0,0,0,0.3140402138233185
data/raw/osu_lora/Diff_Days_Indoor_Setup/Day5/Device22/IQ_1.dat,10,783990,20,6,0,test,diff_days_indoor,5,0,0,0,0,0,0.2900417149066925
data/raw/osu_lora/Diff_Days_Indoor_Setup/Day5/Device22/IQ_1.dat,11,862389,20,20,1,test,diff_days_indoor,5,0,0,0,0,0,0.329917311668396
data/raw/osu_lora/Diff_Days_Indoor_Setup/Day5/Device22/IQ_1.dat,12,940788,20,7,0,test,diff_days_indoor,5,0,0,0,0,0,0.08884098380804062
data/raw/osu_lora/Diff_Days_Indoor_Setup/Day5/Device22/IQ_1.dat,13,1019187,20,20,1,test,diff_days_indoor,5,0,0,0,0,0,0.4079115092754364
data/raw/osu_lora/Diff_Days_Indoor_Setup/Day5/Device22/IQ_1.dat,14,1097586,20,20,1,test,diff_days_indoor,5,0,0,0,0,0,0.29412102699279785
data/raw/osu_lora/Diff_Days_Indoor_Setup/Day5/Device22/IQ_1.dat,15,1175985,20,6,0,test,diff_days_indoor,5,0,0,0,0,0,0.29558637738227844
data/raw/osu_lora/Diff_Days_Indoor_Setup/Day5/Device22/IQ_1.dat,16,1254384,20,6,0,test,diff_days_indoor,5,0,0,0,0,0,0.27946045994758606
data/raw/osu_lora/Diff_Days_Indoor_Setup/Day5/Device22/IQ_1.dat,17,1332783,20,20,1,test,diff_days_indoor,5,0,0,0,0,0,0.31592902541160583
data/raw/osu_lora/Diff_Days_Indoor_Setup/Day5/Device22/IQ_1.dat,18,1411182,20,8,0,test,diff_days_indoor,5,0,0,0,0,0,0.4142358899116516
data/raw/osu_lora/Diff_Days_Indoor_Setup/Day5/Device22/IQ_1.dat,19,1489581,20,6,0,test,diff_days_indoor,5,0,0,0,0,0,0.29624712467193604
data/raw/osu_lora/Diff_Days_Indoor_Setup/Day5/Device22/IQ_1.dat,20,1567980,20,6,0,test,diff_days_indoor,5,0,0,0,0,0,0.28902187943458557
data/raw/osu_lora/Diff_Days_Indoor_Setup/Day5/Device22/IQ_1.dat,21,1646379,20,20,1,test,diff_days_indoor,5,0,0,0,0,0,0.3113763630390167
data/raw/osu_lora/Diff_Days_Indoor_Setup/Day5/Device22/IQ_1.dat,22,1724778,20,8,0,test,diff_days_indoor,5,0,0,0,0,0,0.4281986653804779
data/raw/osu_lora/Diff_Days_Indoor_Setup/Day5/Device22/IQ_1.dat,23,1803177,20,20,1,test,diff_days_indoor,5,0,0,0,0,0,0.40232422947883606
data/raw/osu_lora/Diff_Days_Indoor_Setup/Day5/Device22/IQ_1.dat,24,1881576,20,20,1,test,diff_days_indoor,5,0,0,0,0,0,0.3099808990955353
data/raw/osu_lora/Diff_Days_Indoor_Setup/Day5/Device22/IQ_1.dat,25,1959975,20,20,1,test,diff_days_indoor,5,0,0,0,0,0,0.29781171679496765
data/raw/osu_lora/Diff_Days_Indoor_Setup/Day5/Device22/IQ_1.dat,26,2038374,20,20,1,test,diff_days_indoor,5,0,0,0,0,0,0.3123578131198883
data/raw/osu_lora/Diff_Days_Indoor_Setup/Day5/Device22/IQ_1.dat,27,2116773,20,6,0,test,diff_days_indoor,5,0,0,0,0,0,0.28759765625
data/raw/osu_lora/Diff_Days_Indoor_Setup/Day5/Device22/IQ_1.dat,28,2195172,20,20,1,test,diff_days_indoor,5,0,0,0,0,0,0.3177586793899536
data/raw/osu_lora/Diff_Days_Indoor_Setup/Day5/Device22/IQ_1.dat,29,2273571,20,20,1,test,diff_days_indoor,5,0,0,0,0,0,0.35599780082702637
data/raw/osu_lora/Diff_Days_Indoor_Setup/Day5/Device22/IQ_1.dat,30,2351970,20,20,1,test,diff_days_indoor,5,0,0,0,0,0,0.31498971581459045
data/raw/osu_lora/Diff_Days_Indoor_Setup/Day5/Device22/IQ_1.dat,31,2430369,20,20,1,test,diff_days_indoor,5,0,0,0,0,0,0.3030356168746948
data/raw/osu_lora/Diff_Days_Indoor_Setup/Day5/Device22/IQ_1.dat,32,2508768,20,6,0,test,diff_days_indoor,5,0,0,0,0,0,0.28969061374664307
data/raw/osu_lora/Diff_Days_Indoor_Setup/Day5/Device22/IQ_1.dat,33,2587167,20,8,0,test,diff_days_indoor,5,0,0,0,0,0,0.4248676002025604
data/raw/osu_lora/Diff_Days_Indoor_Setup/Day5/Device22/IQ_1.dat,34,2665566,20,6,0,test,diff_days_indoor,5,0,0,0,0,0,0.2899070382118225
data/raw/osu_lora/Diff_Days_Indoor_Setup/Day5/Device22/IQ_1.dat,35,2743965,20,20,1,test,diff_days_indoor,5,0,0,0,0,0,0.37105271220207214
data/raw/osu_lora/Diff_Days_Indoor_Setup/Day5/Device22/IQ_1.dat,36,2822364,20,20,1,test,diff_days_indoor,5,0,0,0,0,0,0.32261985540390015
data/raw/osu_lora/Diff_Days_Indoor_Setup/Day5/Device22/IQ_1.dat,37,2900763,20,20,1,test,diff_days_indoor,5,0,0,0,0,0,0.30939817428588867
data/raw/osu_lora/Diff_Days_Indoor_Setup/Day5/Device22/IQ_1.dat,38,2979162,20,20,1,test,diff_days_indoor,5,0,0,0,0,0,0.3003760576248169
data/raw/osu_lora/Diff_Days_Indoor_Setup/Day5/Device22/IQ_1.dat,39,3057561,20,6,0,test,diff_days_indoor,5,0,0,0,0,0,0.28298139572143555
data/raw/osu_lora/Diff_Days_Indoor_Setup/Day5/Device22/IQ_1.dat,40,3135960,20,6,0,test,diff_days_indoor,5,0,0,0,0,0,0.28696468472480774
data/raw/osu_lora/Diff_Days_Indoor_Setup/Day5/Device22/IQ_1.dat,41,3214359,20,6,0,test,diff_days_indoor,5,0,0,0,0,0,0.2933713495731354
data/raw/osu_lora/Diff_Days_Indoor_Setup/Day5/Device22/IQ_1.dat,42,3292758,20,20,1,test,diff_days_indoor,5,0,0,0,0,0,0.3794321119785309
data/raw/osu_lora/Diff_Days_Indoor_Setup/Day5/Device22/IQ_1.dat,43,3371157,20,20,1,test,diff_days_indoor,5,0,0,0,0,0,0.31830811500549316
data/raw/osu_lora/Diff_Days_Indoor_Setup/Day5/Device22/IQ_1.dat,44,3449556,20,6,0,test,diff_days_indoor,5,0,0,0,0,0,0.2880798578262329
data/raw/osu_lora/Diff_Days_Indoor_Setup/Day5/Device22/IQ_1.dat,45,3527955,20,6,0,test,diff_days_indoor,5,0,0,0,0,0,0.2924593985080719
data/raw/osu_lora/Diff_Days_Indoor_Setup/Day5/Device22/IQ_1.dat,46,3606354,20,20,1,test,diff_days_indoor,5,0,0,0,0,0,0.30726802349090576
data/raw/osu_lora/Diff_Days_Indoor_Setup/Day5/Device22/IQ_1.dat,47,3684753,20,6,0,test,diff_days_indoor,5,0,0,0,0,0,0.29271063208580017
data/raw/osu_lora/Diff_Days_Indoor_Setup/Day5/Device22/IQ_1.dat,48,3763152,20,20,1,test,diff_days_indoor,5,0,0,0,0,0,0.40158015489578247
data/raw/osu_lora/Diff_Days_Indoor_Setup/Day5/Device22/IQ_1.dat,49,3841551,20,20,1,test,diff_days_indoor,5,0,0,0,0,0,0.39667779207229614
data/raw/osu_lora/Diff_Days_Indoor_Setup/Day5/Device22/IQ_1.dat,50,3919950,20,6,0,test,diff_days_indoor,5,0,0,0,0,0,0.28108227252960205
data/raw/osu_lora/Diff_Days_Indoor_Setup/Day5/Device22/IQ_1.dat,51,3998349,20,20,1,test,diff_days_indoor,5,0,0,0,0,0,0.33598437905311584
data/raw/osu_lora/Diff_Days_Indoor_Setup/Day5/Device22/IQ_1.dat,52,4076748,20,6,0,test,diff_days_indoor,5,0,0,0,0,0,0.2978608012199402
data/raw/osu_lora/Diff_Days_Indoor_Setup/Day5/Device22/IQ_1.dat,53,4155147,20,6,0,test,diff_days_indoor,5,0,0,0,0,0,0.28999465703964233
data/raw/osu_lora/Diff_Days_Indoor_Setup/Day5/Device22/IQ_1.dat,54,4233546,20,5,0,test,diff_days_indoor,5,0,0,0,0,0,0.5321148037910461
data/raw/osu_lora/Diff_Days_Indoor_Setup/Day5/Device22/IQ_1.dat,55,4311945,20,20,1,test,diff_days_indoor,5,0,0,0,0,0,0.40556150674819946
data/raw/osu_lora/Diff_Days_Indoor_Setup/Day5/Device22/IQ_1.dat,56,4390344,20,20,1,test,diff_days_indoor,5,0,0,0,0,0,0.31741344928741455
data/raw/osu_lora/Diff_Days_Indoor_Setup/Day5/Device22/IQ_1.dat,57,4468743,20,6,0,test,diff_days_indoor,5,0,0,0,0,0,0.28788280487060547
data/raw/osu_lora/Diff_Days_Indoor_Setup/Day5/Device22/IQ_1.dat,58,4547142,20,20,1,test,diff_days_indoor,5,0,0,0,0,0,0.3055562376976013
data/raw/osu_lora/Diff_Days_Indoor_Setup/Day5/Device22/IQ_1.dat,59,4625541,20,6,0,test,diff_days_indoor,5,0,0,0,0,0,0.21271827816963196
data/raw/osu_lora/Diff_Days_Indoor_Setup/Day5/Device22/IQ_1.dat,60,4703940,20,20,1,test,diff_days_indoor,5,0,0,0,0,0,0.3577749729156494
data/raw/osu_lora/Diff_Days_Indoor_Setup/Day5/Device22/IQ_1.dat,61,4782339,20,6,0,test,diff_days_indoor,5,0,0,0,0,0,0.28458380699157715
data/raw/osu_lora/Diff_Days_Indoor_Setup/Day5/Device22/IQ_1.dat,62,4860738,20,6,0,test,diff_days_indoor,5,0,0,0,0,0,0.29257598519325256
data/raw/osu_lora/Diff_Days_Indoor_Setup/Day5/Device22/IQ_1.dat,63,4939137,20,20,1,test,diff_days_indoor,5,0,0,0,0,0,0.3103860318660736
data/raw/osu_lora/Diff_Days_Indoor_Setup/Day5/Device22/IQ_1.dat,64,5017536,20,20,1,test,diff_days_indoor,5,0,0,0,0,0,0.3425900638103485
data/raw/osu_lora/Diff_Days_Indoor_Setup/Day5/Device22/IQ_1.dat,65,5095935,20,20,1,test,diff_days_indoor,5,0,0,0,0,0,0.34198546409606934
data/raw/osu_lora/Diff_Days_Indoor_Setup/Day5/Device22/IQ_1.dat,66,5174334,20,6,0,test,diff_days_indoor,5,0,0,0,0,0,0.29629048705101013
data/raw/osu_lora/Diff_Days_Indoor_Setup/Day5/Device22/IQ_1.dat,67,5252733,20,20,1,test,diff_days_indoor,5,0,0,0,0,0,0.2968405485153198
data/raw/osu_lora/Diff_Days_Indoor_Setup/Day5/Device22/IQ_1.dat,68,5331132,20,20,1,test,diff_days_indoor,5,0,0,0,0,0,0.391328901052475
data/raw/osu_lora/Diff_Days_Indoor_Setup/Day5/Device22/IQ_1.dat,69,5409531,20,20,1,test,diff_days_indoor,5,0,0,0,0,0,0.3151310980319977
data/raw/osu_lora/Diff_Days_Indoor_Setup/Day5/Device22/IQ_1.dat,70,5487930,20,8,0,test,diff_days_indoor,5,0,0,0,0,0,0.41263216733932495
data/raw/osu_lora/Diff_Days_Indoor_Setup/Day5/Device22/IQ_1.dat,71,5566329,20,6,0,test,diff_days_indoor,5,0,0,0,0,0,0.29240891337394714
data/raw/osu_lora/Diff_Days_Indoor_Setup/Day5/Device22/IQ_1.dat,72,5644728,20,6,0,test,diff_days_indoor,5,0,0,0,0,0,0.2851390838623047
data/raw/osu_lora/Diff_Days_Indoor_Setup/Day5/Device22/IQ_1.dat,73,5723127,20,6,0,test,diff_days_indoor,5,0,0,0,0,0,0.2847535312175751
data/raw/osu_lora/Diff_Days_Indoor_Setup/Day5/Device22/IQ_1.dat,74,5801526,20,20,1,test,diff_days_indoor,5,0,0,0,0,0,0.3435213565826416
data/raw/osu_lora/Diff_Days_Indoor_Setup/Day5/Device22/IQ_1.dat,75,5879925,20,20,1,test,diff_days_indoor,5,0,0,0,0,0,0.32538819313049316
data/raw/osu_lora/Diff_Days_Indoor_Setup/Day5/Device22/IQ_1.dat,76,5958324,20,20,1,test,diff_days_indoor,5,0,0,0,0,0,0.3282743990421295
data/raw/osu_lora/Diff_Days_Indoor_Setup/Day5/Device22/IQ_1.dat,77,6036723,20,20,1,test,diff_days_indoor,5,0,0,0,0,0,0.28924694657325745
data/raw/osu_lora/Diff_Days_Indoor_Setup/Day5/Device22/IQ_1.dat,78,6115122,20,20,1,test,diff_days_indoor,5,0,0,0,0,0,0.3042493760585785
data/raw/osu_lora/Diff_Days_Indoor_Setup/Day5/Device22/IQ_1.dat,79,6193521,20,20,1,test,diff_days_indoor,5,0,0,0,0,0,0.30018192529678345
data/raw/osu_lora/Diff_Days_Indoor_Setup/Day5/Device22/IQ_1.dat,80,6271920,20,6,0,test,diff_days_indoor,5,0,0,0,0,0,0.2926521301269531
data/raw/osu_lora/Diff_Days_Indoor_Setup/Day5/Device22/IQ_1.dat,81,6350319,20,6,0,test,diff_days_indoor,5,0,0,0,0,0,0.297390878200531
data/raw/osu_lora/Diff_Days_Indoor_Setup/Day5/Device22/IQ_1.dat,82,6428718,20,20,1,test,diff_days_indoor,5,0,0,0,0,0,0.4012807011604309
data/raw/osu_lora/Diff_Days_Indoor_Setup/Day5/Device22/IQ_1.dat,83,6507117,20,20,1,test,diff_days_indoor,5,0,0,0,0,0,0.39916321635246277
data/raw/osu_lora/Diff_Days_Indoor_Setup/Day5/Device22/IQ_1.dat,84,6585516,20,20,1,test,diff_days_indoor,5,0,0,0,0,0,0.3883778750896454
data/raw/osu_lora/Diff_Days_Indoor_Setup/Day5/Device22/IQ_1.dat,85,6663915,20,6,0,test,diff_days_indoor,5,0,0,0,0,0,0.29800650477409363
data/raw/osu_lora/Diff_Days_Indoor_Setup/Day5/Device22/IQ_1.dat,86,6742314,20,20,1,test,diff_days_indoor,5,0,0,0,0,0,0.3116552531719208
data/raw/osu_lora/Diff_Days_Indoor_Setup/Day5/Device22/IQ_1.dat,87,6820713,20,20,1,test,diff_days_indoor,5,0,0,0,0,0,0.3163563311100006
data/raw/osu_lora/Diff_Days_Indoor_Setup/Day5/Device22/IQ_1.dat,88,6899112,20,20,1,test,diff_days_indoor,5,0,0,0,0,0,0.29826539754867554
data/raw/osu_lora/Diff_Days_Indoor_Setup/Day5/Device22/IQ_1.dat,89,6977511,20,20,1,test,diff_days_indoor,5,0,0,0,0,0,0.36480966210365295
data/raw/osu_lora/Diff_Days_Indoor_Setup/Day5/Device22/IQ_1.dat,90,7055910,20,6,0,test,diff_days_indoor,5,0,0,0,0,0,0.28212442994117737
data/raw/osu_lora/Diff_Days_Indoor_Setup/Day5/Device22/IQ_1.dat,91,7134309,20,20,1,test,diff_days_indoor,5,0,0,0,0,0,0.3452429175376892
data/raw/osu_lora/Diff_Days_Indoor_Setup/Day5/Device22/IQ_1.dat,92,7212708,20,20,1,test,diff_days_indoor,5,0,0,0,0,0,0.3202035427093506
data/raw/osu_lora/Diff_Days_Indoor_Setup/Day5/Device22/IQ_1.dat,93,7291107,20,6,0,test,diff_days_indoor,5,0,0,0,0,0,0.2905273735523224
data/raw/osu_lora/Diff_Days_Indoor_Setup/Day5/Device22/IQ_1.dat,94,7369506,20,20,1,test,diff_days_indoor,5,0,0,0,0,0,0.3641115427017212
data/raw/osu_lora/Diff_Days_Indoor_Setup/Day5/Device22/IQ_1.dat,95,7447905,20,20,1,test,diff_days_indoor,5,0,0,0,0,0,0.37780705094337463
data/raw/osu_lora/Diff_Days_Indoor_Setup/Day5/Device22/IQ_1.dat,96,7526304,20,20,1,test,diff_days_indoor,5,0,0,0,0,0,0.33179953694343567
data/raw/osu_lora/Diff_Days_Indoor_Setup/Day5/Device22/IQ_1.dat,97,7604703,20,20,1,test,diff_days_indoor,5,0,0,0,0,0,0.3894602656364441
data/raw/osu_lora/Diff_Days_Indoor_Setup/Day5/Device22/IQ_1.dat,98,7683102,20,20,1,test,diff_days_indoor,5,0,0,0,0,0,0.2962057888507843
data/raw/osu_lora/Diff_Days_Indoor_Setup/Day5/Device22/IQ_1.dat,99,7761501,20,6,0,test,diff_days_indoor,5,0,0,0,0,0,0.2894608676433563
data/raw/osu_lora/Diff_Days_Indoor_Setup/Day5/Device22/IQ_1.dat,100,7839900,20,6,0,test,diff_days_indoor,5,0,0,0,0,0,0.2941065728664398
data/raw/osu_lora/Diff_Days_Indoor_Setup/Day5/Device22/IQ_1.dat,101,7918299,20,20,1,test,diff_days_indoor,5,0,0,0,0,0,0.3554321527481079
data/raw/osu_lora/Diff_Days_Indoor_Setup/Day5/Device22/IQ_1.dat,102,7996698,20,20,1,test,diff_days_indoor,5,0,0,0,0,0,0.37258803844451904
data/raw/osu_lora/Diff_Days_Indoor_Setup/Day5/Device22/IQ_1.dat,103,8075097,20,20,1,test,diff_days_indoor,5,0,0,0,0,0,0.29444941878318787
data/raw/osu_lora/Diff_Days_Indoor_Setup/Day5/Device22/IQ_1.dat,104,8153496,20,6,0,test,diff_days_indoor,5,0,0,0,0,0,0.28001949191093445
data/raw/osu_lora/Diff_Days_Indoor_Setup/Day5/Device22/IQ_1.dat,105,8231895,20,20,1,test,diff_days_indoor,5,0,0,0,0,0,0.37842103838920593
data/raw/osu_lora/Diff_Days_Indoor_Setup/Day5/Device22/IQ_1.dat,106,8310294,20,6,0,test,diff_days_indoor,5,0,0,0,0,0,0.2983679175376892
data/raw/osu_lora/Diff_Days_Indoor_Setup/Day5/Device22/IQ_1.dat,107,8388693,20,20,1,test,diff_days_indoor,5,0,0,0,0,0,0.34014707803726196
data/raw/osu_lora/Diff_Days_Indoor_Setup/Day5/Device22/IQ_1.dat,108,8467092,20,20,1,test,diff_days_indoor,5,0,0,0,0,0,0.33948415517807007
data/raw/osu_lora/Diff_Days_Indoor_Setup/Day5/Device22/IQ_1.dat,109,8545491,20,20,1,test,diff_days_indoor,5,0,0,0,0,0,0.3070189356803894
data/raw/osu_lora/Diff_Days_Indoor_Setup/Day5/Device22/IQ_1.dat,110,8623890,20,8,0,test,diff_days_indoor,5,0,0,0,0,0,0.41336652636528015
data/raw/osu_lora/Diff_Days_Indoor_Setup/Day5/Device22/IQ_1.dat,111,8702289,20,20,1,test,diff_days_indoor,5,0,0,0,0,0,0.3592749834060669
data/raw/osu_lora/Diff_Days_Indoor_Setup/Day5/Device22/IQ_1.dat,112,8780688,20,20,1,test,diff_days_indoor,5,0,0,0,0,0,0.29617273807525635
data/raw/osu_lora/Diff_Days_Indoor_Setup/Day5/Device22/IQ_1.dat,113,8859087,20,6,0,test,diff_days_indoor,5,0,0,0,0,0,0.2845546007156372
data/raw/osu_lora/Diff_Days_Indoor_Setup/Day5/Device22/IQ_1.dat,114,8937486,20,6,0,test,diff_days_indoor,5,0,0,0,0,0,0.2926532030105591
data/raw/osu_lora/Diff_Days_Indoor_Setup/Day5/Device22/IQ_1.dat,115,9015885,20,20,1,test,diff_days_indoor,5,0,0,0,0,0,0.3638894259929657
data/raw/osu_lora/Diff_Days_Indoor_Setup/Day5/Device22/IQ_1.dat,116,9094284,20,6,0,test,diff_days_indoor,5,0,0,0,0,0,0.2903560400009155
data/raw/osu_lora/Diff_Days_Indoor_Setup/Day5/Device22/IQ_1.dat,117,9172683,20,20,1,test,diff_days_indoor,5,0,0,0,0,0,0.37338289618492126
data/raw/osu_lora/Diff_Days_Indoor_Setup/Day5/Device22/IQ_1.dat,118,9251082,20,20,1,test,diff_days_indoor,5,0,0,0,0,0,0.29876044392585754
data/raw/osu_lora/Diff_Days_Indoor_Setup/Day5/Device22/IQ_1.dat,119,9329481,20,20,1,test,diff_days_indoor,5,0,0,0,0,0,0.294916033744812
data/raw/osu_lora/Diff_Days_Indoor_Setup/Day5/Device22/IQ_1.dat,120,9407880,20,6,0,test,diff_days_indoor,5,0,0,0,0,0,0.28491687774658203
data/raw/osu_lora/Diff_Days_Indoor_Setup/Day5/Device22/IQ_1.dat,121,9486279,20,20,1,test,diff_days_indoor,5,0,0,0,0,0,0.3476172387599945
data/raw/osu_lora/Diff_Days_Indoor_Setup/Day5/Device22/IQ_1.dat,122,9564678,20,8,0,test,diff_days_indoor,5,0,0,0,0,0,0.4132164418697357
data/raw/osu_lora/Diff_Days_Indoor_Setup/Day5/Device22/IQ_1.dat,123,9643077,20,6,0,test,diff_days_indoor,5,0,0,0,0,0,0.2798554003238678
data/raw/osu_lora/Diff_Days_Indoor_Setup/Day5/Device22/IQ_1.dat,124,9721476,20,20,1,test,diff_days_indoor,5,0,0,0,0,0,0.4108675420284271
data/raw/osu_lora/Diff_Days_Indoor_Setup/Day5/Device22/IQ_1.dat,125,9799875,20,6,0,test,diff_days_indoor,5,0,0,0,0,0,0.29085344076156616
data/raw/osu_lora/Diff_Days_Indoor_Setup/Day5/Device22/IQ_1.dat,126,9878274,20,20,1,test,diff_days_indoor,5,0,0,0,0,0,0.3556360602378845
data/raw/osu_lora/Diff_Days_Indoor_Setup/Day5/Device22/IQ_1.dat,127,9956673,20,5,0,test,diff_days_indoor,5,0,0,0,0,0,0.3809966742992401
data/raw/osu_lora/Diff_Days_Indoor_Setup/Day5/Device22/IQ_1.dat,128,10035072,20,20,1,test,diff_days_indoor,5,0,0,0,0,0,0.31260842084884644
data/raw/osu_lora/Diff_Days_Indoor_Setup/Day5/Device22/IQ_1.dat,129,10113471,20,20,1,test,diff_days_indoor,5,0,0,0,0,0,0.29466724395751953
data/raw/osu_lora/Diff_Days_Indoor_Setup/Day5/Device22/IQ_1.dat,130,10191870,20,6,0,test,diff_days_indoor,5,0,0,0,0,0,0.29653066396713257
data/raw/osu_lora/Diff_Days_Indoor_Setup/Day5/Device22/IQ_1.dat,131,10270269,20,20,1,test,diff_days_indoor,5,0,0,0,0,0,0.39425909519195557
data/raw/osu_lora/Diff_Days_Indoor_Setup/Day5/Device22/IQ_1.dat,132,10348668,20,16,0,test,diff_days_indoor,5,0,0,0,0,0,0.09105358272790909
data/raw/osu_lora/Diff_Days_Indoor_Setup/Day5/Device22/IQ_1.dat,133,10427067,20,20,1,test,diff_days_indoor,5,0,0,0,0,0,0.3952425718307495
data/raw/osu_lora/Diff_Days_Indoor_Setup/Day5/Device22/IQ_1.dat,134,10505466,20,20,1,test,diff_days_indoor,5,0,0,0,0,0,0.38957738876342773
data/raw/osu_lora/Diff_Days_Indoor_Setup/Day5/Device22/IQ_1.dat,135,10583865,20,6,0,test,diff_days_indoor,5,0,0,0,0,0,0.289758563041687
data/raw/osu_lora/Diff_Days_Indoor_Setup/Day5/Device22/IQ_1.dat,136,10662264,20,8,0,test,diff_days_indoor,5,0,0,0,0,0,0.42276811599731445
data/raw/osu_lora/Diff_Days_Indoor_Setup/Day5/Device22/IQ_1.dat,137,10740663,20,20,1,test,diff_days_indoor,5,0,0,0,0,0,0.33727389574050903
data/raw/osu_lora/Diff_Days_Indoor_Setup/Day5/Device22/IQ_1.dat,138,10819062,20,20,1,test,diff_days_indoor,5,0,0,0,0,0,0.35281041264533997
data/raw/osu_lora/Diff_Days_Indoor_Setup/Day5/Device22/IQ_1.dat,139,10897461,20,6,0,test,diff_days_indoor,5,0,0,0,0,0,0.29502859711647034
data/raw/osu_lora/Diff_Days_Indoor_Setup/Day5/Device22/IQ_1.dat,140,10975860,20,6,0,test,diff_days_indoor,5,0,0,0,0,0,0.28458505868911743
data/raw/osu_lora/Diff_Days_Indoor_Setup/Day5/Device22/IQ_1.dat,141,11054259,20,20,1,test,diff_days_indoor,5,0,0,0,0,0,0.40237414836883545
data/raw/osu_lora/Diff_Days_Indoor_Setup/Day5/Device22/IQ_1.dat,142,11132658,20,20,1,test,diff_days_indoor,5,0,0,0,0,0,0.4048837721347809
data/raw/osu_lora/Diff_Days_Indoor_Setup/Day5/Device22/IQ_1.dat,143,11211057,20,8,0,test,diff_days_indoor,5,0,0,0,0,0,0.45505383610725403
data/raw/osu_lora/Diff_Days_Indoor_Setup/Day5/Device22/IQ_1.dat,144,11289456,20,6,0,test,diff_days_indoor,5,0,0,0,0,0,0.2811381220817566
data/raw/osu_lora/Diff_Days_Indoor_Setup/Day5/Device22/IQ_1.dat,145,11367855,20,6,0,test,diff_days_indoor,5,0,0,0,0,0,0.28350692987442017
data/raw/osu_lora/Diff_Days_Indoor_Setup/Day5/Device22/IQ_1.dat,146,11446254,20,6,0,test,diff_days_indoor,5,0,0,0,0,0,0.28891223669052124
data/raw/osu_lora/Diff_Days_Indoor_Setup/Day5/Device22/IQ_1.dat,147,11524653,20,20,1,test,diff_days_indoor,5,0,0,0,0,0,0.29311713576316833
data/raw/osu_lora/Diff_Days_Indoor_Setup/Day5/Device22/IQ_1.dat,148,11603052,20,6,0,test,diff_days_indoor,5,0,0,0,0,0,0.2811774015426636
data/raw/osu_lora/Diff_Days_Indoor_Setup/Day5/Device22/IQ_1.dat,149,11681451,20,20,1,test,diff_days_indoor,5,0,0,0,0,0,0.312555730342865
data/raw/osu_lora/Diff_Days_Indoor_Setup/Day5/Device22/IQ_1.dat,150,11759850,20,6,0,test,diff_days_indoor,5,0,0,0,0,0,0.28005480766296387
data/raw/osu_lora/Diff_Days_Indoor_Setup/Day5/Device22/IQ_1.dat,151,11838249,20,20,1,test,diff_days_indoor,5,0,0,0,0,0,0.29095250368118286
data/raw/osu_lora/Diff_Days_Indoor_Setup/Day5/Device22/IQ_1.dat,152,11916648,20,6,0,test,diff_days_indoor,5,0,0,0,0,0,0.2809237837791443
data/raw/osu_lora/Diff_Days_Indoor_Setup/Day5/Device22/IQ_1.dat,153,11995047,20,8,0,test,diff_days_indoor,5,0,0,0,0,0,0.4462936222553253
data/raw/osu_lora/Diff_Days_Indoor_Setup/Day5/Device22/IQ_1.dat,154,12073446,20,6,0,test,diff_days_indoor,5,0,0,0,0,0,0.29506567120552063
data/raw/osu_lora/Diff_Days_Indoor_Setup/Day5/Device22/IQ_1.dat,155,12151845,20,20,1,test,diff_days_indoor,5,0,0,0,0,0,0.3887379467487335
data/raw/osu_lora/Diff_Days_Indoor_Setup/Day5/Device22/IQ_1.dat,156,12230244,20,20,1,test,diff_days_indoor,5,0,0,0,0,0,0.31253212690353394
data/raw/osu_lora/Diff_Days_Indoor_Setup/Day5/Device22/IQ_1.dat,157,12308643,20,6,0,test,diff_days_indoor,5,0,0,0,0,0,0.285289466381073
data/raw/osu_lora/Diff_Days_Indoor_Setup/Day5/Device22/IQ_1.dat,158,12387042,20,20,1,test,diff_days_indoor,5,0,0,0,0,0,0.3845723271369934
data/raw/osu_lora/Diff_Days_Indoor_Setup/Day5/Device22/IQ_1.dat,159,12465441,20,20,1,test,diff_days_indoor,5,0,0,0,0,0,0.2930228114128113
data/raw/osu_lora/Diff_Days_Indoor_Setup/Day5/Device22/IQ_1.dat,160,12543840,20,6,0,test,diff_days_indoor,5,0,0,0,0,0,0.2873954176902771
data/raw/osu_lora/Diff_Days_Indoor_Setup/Day5/Device22/IQ_1.dat,161,12622239,20,6,0,test,diff_days_indoor,5,0,0,0,0,0,0.2940079867839813
data/raw/osu_lora/Diff_Days_Indoor_Setup/Day5/Device22/IQ_1.dat,162,12700638,20,20,1,test,diff_days_indoor,5,0,0,0,0,0,0.33284950256347656
data/raw/osu_lora/Diff_Days_Indoor_Setup/Day5/Device22/IQ_1.dat,163,12779037,20,6,0,test,diff_days_indoor,5,0,0,0,0,0,0.2860404849052429
data/raw/osu_lora/Diff_Days_Indoor_Setup/Day5/Device22/IQ_1.dat,164,12857436,20,6,0,test,diff_days_indoor,5,0,0,0,0,0,0.28905433416366577
data/raw/osu_lora/Diff_Days_Indoor_Setup/Day5/Device22/IQ_1.dat,165,12935835,20,20,1,test,diff_days_indoor,5,0,0,0,0,0,0.31277981400489807
data/raw/osu_lora/Diff_Days_Indoor_Setup/Day5/Device22/IQ_1.dat,166,13014234,20,20,1,test,diff_days_indoor,5,0,0,0,0,0,0.34541136026382446
data/raw/osu_lora/Diff_Days_Indoor_Setup/Day5/Device22/IQ_1.dat,167,13092633,20,20,1,test,diff_days_indoor,5,0,0,0,0,0,0.2966459095478058
data/raw/osu_lora/Diff_Days_Indoor_Setup/Day5/Device22/IQ_1.dat,168,13171032,20,20,1,test,diff_days_indoor,5,0,0,0,0,0,0.4035486876964569
data/raw/osu_lora/Diff_Days_Indoor_Setup/Day5/Device22/IQ_1.dat,169,13249431,20,20,1,test,diff_days_indoor,5,0,0,0,0,0,0.3611612319946289
data/raw/osu_lora/Diff_Days_Indoor_Setup/Day5/Device22/IQ_1.dat,170,13327830,20,6,0,test,diff_days_indoor,5,0,0,0,0,0,0.28501731157302856
data/raw/osu_lora/Diff_Days_Indoor_Setup/Day5/Device22/IQ_1.dat,171,13406229,20,20,1,test,diff_days_indoor,5,0,0,0,0,0,0.331445574760437
data/raw/osu_lora/Diff_Days_Indoor_Setup/Day5/Device22/IQ_1.dat,172,13484628,20,6,0,test,diff_days_indoor,5,0,0,0,0,0,0.2987920045852661
data/raw/osu_lora/Diff_Days_Indoor_Setup/Day5/Device22/IQ_1.dat,173,13563027,20,6,0,test,diff_days_indoor,5,0,0,0,0,0,0.2855357825756073
data/raw/osu_lora/Diff_Days_Indoor_Setup/Day5/Device22/IQ_1.dat,174,13641426,20,5,0,test,diff_days_indoor,5,0,0,0,0,0,0.33776262402534485
data/raw/osu_lora/Diff_Days_Indoor_Setup/Day5/Device22/IQ_1.dat,175,13719825,20,20,1,test,diff_days_indoor,5,0,0,0,0,0,0.37986546754837036
data/raw/osu_lora/Diff_Days_Indoor_Setup/Day5/Device22/IQ_1.dat,176,13798224,20,20,1,test,diff_days_indoor,5,0,0,0,0,0,0.3757520020008087
data/raw/osu_lora/Diff_Days_Indoor_Setup/Day5/Device22/IQ_1.dat,177,13876623,20,6,0,test,diff_days_indoor,5,0,0,0,0,0,0.2893713712692261
data/raw/osu_lora/Diff_Days_Indoor_Setup/Day5/Device22/IQ_1.dat,178,13955022,20,20,1,test,diff_days_indoor,5,0,0,0,0,0,0.3746780455112457
data/raw/osu_lora/Diff_Days_Indoor_Setup/Day5/Device22/IQ_1.dat,179,14033421,20,6,0,test,diff_days_indoor,5,0,0,0,0,0,0.2894666790962219
data/raw/osu_lora/Diff_Days_Indoor_Setup/Day5/Device22/IQ_1.dat,180,14111820,20,20,1,test,diff_days_indoor,5,0,0,0,0,0,0.32941365242004395
data/raw/osu_lora/Diff_Days_Indoor_Setup/Day5/Device22/IQ_1.dat,181,14190219,20,20,1,test,diff_days_indoor,5,0,0,0,0,0,0.2799356281757355
data/raw/osu_lora/Diff_Days_Indoor_Setup/Day5/Device22/IQ_1.dat,182,14268618,20,20,1,test,diff_days_indoor,5,0,0,0,0,0,0.40909114480018616
data/raw/osu_lora/Diff_Days_Indoor_Setup/Day5/Device22/IQ_1.dat,183,14347017,20,20,1,test,diff_days_indoor,5,0,0,0,0,0,0.28082790970802307
data/raw/osu_lora/Diff_Days_Indoor_Setup/Day5/Device22/IQ_1.dat,184,14425416,20,20,1,test,diff_days_indoor,5,0,0,0,0,0,0.32055649161338806
data/raw/osu_lora/Diff_Days_Indoor_Setup/Day5/Device22/IQ_1.dat,185,14503815,20,20,1,test,diff_days_indoor,5,0,0,0,0,0,0.4001540541648865
data/raw/osu_lora/Diff_Days_Indoor_Setup/Day5/Device22/IQ_1.dat,186,14582214,20,6,0,test,diff_days_indoor,5,0,0,0,0,0,0.29727450013160706
data/raw/osu_lora/Diff_Days_Indoor_Setup/Day5/Device22/IQ_1.dat,187,14660613,20,20,1,test,diff_days_indoor,5,0,0,0,0,0,0.30303049087524414
data/raw/osu_lora/Diff_Days_Indoor_Setup/Day5/Device22/IQ_1.dat,188,14739012,20,20,1,test,diff_days_indoor,5,0,0,0,0,0,0.39214205741882324
data/raw/osu_lora/Diff_Days_Indoor_Setup/Day5/Device22/IQ_1.dat,189,14817411,20,20,1,test,diff_days_indoor,5,0,0,0,0,0,0.30399560928344727
data/raw/osu_lora/Diff_Days_Indoor_Setup/Day5/Device22/IQ_1.dat,190,14895810,20,8,0,test,diff_days_indoor,5,0,0,0,0,0,0.4116888642311096
data/raw/osu_lora/Diff_Days_Indoor_Setup/Day5/Device22/IQ_1.dat,191,14974209,20,6,0,test,diff_days_indoor,5,0,0,0,0,0,0.28238630294799805
data/raw/osu_lora/Diff_Days_Indoor_Setup/Day5/Device22/IQ_1.dat,192,15052608,20,6,0,test,diff_days_indoor,5,0,0,0,0,0,0.2930755019187927
data/raw/osu_lora/Diff_Days_Indoor_Setup/Day5/Device22/IQ_1.dat,193,15131007,20,20,1,test,diff_days_indoor,5,0,0,0,0,0,0.2936214804649353
data/raw/osu_lora/Diff_Days_Indoor_Setup/Day5/Device22/IQ_1.dat,194,15209406,20,20,1,test,diff_days_indoor,5,0,0,0,0,0,0.3051708936691284
data/raw/osu_lora/Diff_Days_Indoor_Setup/Day5/Device22/IQ_1.dat,195,15287805,20,20,1,test,diff_days_indoor,5,0,0,0,0,0,0.39778462052345276
data/raw/osu_lora/Diff_Days_Indoor_Setup/Day5/Device22/IQ_1.dat,196,15366204,20,20,1,test,diff_days_indoor,5,0,0,0,0,0,0.3706018328666687
data/raw/osu_lora/Diff_Days_Indoor_Setup/Day5/Device22/IQ_1.dat,197,15444603,20,20,1,test,diff_days_indoor,5,0,0,0,0,0,0.3018149137496948
data/raw/osu_lora/Diff_Days_Indoor_Setup/Day5/Device22/IQ_1.dat,198,15523002,20,20,1,test,diff_days_indoor,5,0,0,0,0,0,0.31129226088523865
data/raw/osu_lora/Diff_Days_Indoor_Setup/Day5/Device22/IQ_1.dat,199,15601401,20,6,0,test,diff_days_indoor,5,0,0,0,0,0,0.28549429774284363
data/raw/osu_lora/Diff_Days_Indoor_Setup/Day5/Device22/IQ_1.dat,200,15679800,20,6,0,test,diff_days_indoor,5,0,0,0,0,0,0.2915214002132416
data/raw/osu_lora/Diff_Days_Indoor_Setup/Day5/Device22/IQ_1.dat,201,15758199,20,6,0,test,diff_days_indoor,5,0,0,0,0,0,0.288438081741333
data/raw/osu_lora/Diff_Days_Indoor_Setup/Day5/Device22/IQ_1.dat,202,15836598,20,8,0,test,diff_days_indoor,5,0,0,0,0,0,0.4129510819911957
data/raw/osu_lora/Diff_Days_Indoor_Setup/Day5/Device22/IQ_1.dat,203,15914997,20,20,1,test,diff_days_indoor,5,0,0,0,0,0,0.4075853228569031
data/raw/osu_lora/Diff_Days_Indoor_Setup/Day5/Device22/IQ_1.dat,204,15993396,20,20,1,test,diff_days_indoor,5,0,0,0,0,0,0.4087165892124176
data/raw/osu_lora/Diff_Days_Indoor_Setup/Day5/Device22/IQ_1.dat,205,16071795,20,6,0,test,diff_days_indoor,5,0,0,0,0,0,0.30304986238479614
data/raw/osu_lora/Diff_Days_Indoor_Setup/Day5/Device22/IQ_1.dat,206,16150194,20,20,1,test,diff_days_indoor,5,0,0,0,0,0,0.30277562141418457
data/raw/osu_lora/Diff_Days_Indoor_Setup/Day5/Device22/IQ_1.dat,207,16228593,20,20,1,test,diff_days_indoor,5,0,0,0,0,0,0.38656383752822876
data/raw/osu_lora/Diff_Days_Indoor_Setup/Day5/Device22/IQ_1.dat,208,16306992,20,20,1,test,diff_days_indoor,5,0,0,0,0,0,0.30675363540649414
data/raw/osu_lora/Diff_Days_Indoor_Setup/Day5/Device22/IQ_1.dat,209,16385391,20,20,1,test,diff_days_indoor,5,0,0,0,0,0,0.37212589383125305
data/raw/osu_lora/Diff_Days_Indoor_Setup/Day5/Device22/IQ_1.dat,210,16463790,20,20,1,test,diff_days_indoor,5,0,0,0,0,0,0.36065396666526794
data/raw/osu_lora/Diff_Days_Indoor_Setup/Day5/Device22/IQ_1.dat,211,16542189,20,20,1,test,diff_days_indoor,5,0,0,0,0,0,0.40557312965393066
data/raw/osu_lora/Diff_Days_Indoor_Setup/Day5/Device22/IQ_1.dat,212,16620588,20,20,1,test,diff_days_indoor,5,0,0,0,0,0,0.36502623558044434
data/raw/osu_lora/Diff_Days_Indoor_Setup/Day5/Device22/IQ_1.dat,213,16698987,20,20,1,test,diff_days_indoor,5,0,0,0,0,0,0.3909573554992676
data/raw/osu_lora/Diff_Days_Indoor_Setup/Day5/Device22/IQ_1.dat,214,16777386,20,20,1,test,diff_days_indoor,5,0,0,0,0,0,0.40705373883247375
data/raw/osu_lora/Diff_Days_Indoor_Setup/Day5/Device22/IQ_1.dat,215,16855785,20,20,1,test,diff_days_indoor,5,0,0,0,0,0,0.3488389253616333
data/raw/osu_lora/Diff_Days_Indoor_Setup/Day5/Device22/IQ_1.dat,216,16934184,20,8,0,test,diff_days_indoor,5,0,0,0,0,0,0.42230409383773804
data/raw/osu_lora/Diff_Days_Indoor_Setup/Day5/Device22/IQ_1.dat,217,17012583,20,20,1,test,diff_days_indoor,5,0,0,0,0,0,0.321321964263916
data/raw/osu_lora/Diff_Days_Indoor_Setup/Day5/Device22/IQ_1.dat,218,17090982,20,20,1,test,diff_days_indoor,5,0,0,0,0,0,0.28379330039024353
data/raw/osu_lora/Diff_Days_Indoor_Setup/Day5/Device22/IQ_1.dat,219,17169381,20,20,1,test,diff_days_indoor,5,0,0,0,0,0,0.3160662055015564
data/raw/osu_lora/Diff_Days_Indoor_Setup/Day5/Device22/IQ_1.dat,220,17247780,20,20,1,test,diff_days_indoor,5,0,0,0,0,0,0.3586510419845581
data/raw/osu_lora/Diff_Days_Indoor_Setup/Day5/Device22/IQ_1.dat,221,17326179,20,20,1,test,diff_days_indoor,5,0,0,0,0,0,0.3773774206638336
data/raw/osu_lora/Diff_Days_Indoor_Setup/Day5/Device22/IQ_1.dat,222,17404578,20,20,1,test,diff_days_indoor,5,0,0,0,0,0,0.39396217465400696
data/raw/osu_lora/Diff_Days_Indoor_Setup/Day5/Device22/IQ_1.dat,223,17482977,20,20,1,test,diff_days_indoor,5,0,0,0,0,0,0.32260221242904663
data/raw/osu_lora/Diff_Days_Indoor_Setup/Day5/Device22/IQ_1.dat,224,17561376,20,20,1,test,diff_days_indoor,5,0,0,0,0,0,0.3120109736919403
data/raw/osu_lora/Diff_Days_Indoor_Setup/Day5/Device22/IQ_1.dat,225,17639775,20,20,1,test,diff_days_indoor,5,0,0,0,0,0,0.3181220591068268
data/raw/osu_lora/Diff_Days_Indoor_Setup/Day5/Device22/IQ_1.dat,226,17718174,20,6,0,test,diff_days_indoor,5,0,0,0,0,0,0.2823478579521179
data/raw/osu_lora/Diff_Days_Indoor_Setup/Day5/Device22/IQ_1.dat,227,17796573,20,20,1,test,diff_days_indoor,5,0,0,0,0,0,0.406565397977829
data/raw/osu_lora/Diff_Days_Indoor_Setup/Day5/Device22/IQ_1.dat,228,17874972,20,8,0,test,diff_days_indoor,5,0,0,0,0,0,0.41555681824684143
data/raw/osu_lora/Diff_Days_Indoor_Setup/Day5/Device22/IQ_1.dat,229,17953371,20,20,1,test,diff_days_indoor,5,0,0,0,0,0,0.37902510166168213
data/raw/osu_lora/Diff_Days_Indoor_Setup/Day5/Device22/IQ_1.dat,230,18031770,20,20,1,test,diff_days_indoor,5,0,0,0,0,0,0.39810052514076233
data/raw/osu_lora/Diff_Days_Indoor_Setup/Day5/Device22/IQ_1.dat,231,18110169,20,20,1,test,diff_days_indoor,5,0,0,0,0,0,0.4086751341819763
data/raw/osu_lora/Diff_Days_Indoor_Setup/Day5/Device22/IQ_1.dat,232,18188568,20,20,1,test,diff_days_indoor,5,0,0,0,0,0,0.39344966411590576
data/raw/osu_lora/Diff_Days_Indoor_Setup/Day5/Device22/IQ_1.dat,233,18266967,20,20,1,test,diff_days_indoor,5,0,0,0,0,0,0.29427477717399597
data/raw/osu_lora/Diff_Days_Indoor_Setup/Day5/Device22/IQ_1.dat,234,18345366,20,20,1,test,diff_days_indoor,5,0,0,0,0,0,0.3149905204772949
data/raw/osu_lora/Diff_Days_Indoor_Setup/Day5/Device22/IQ_1.dat,235,18423765,20,20,1,test,diff_days_indoor,5,0,0,0,0,0,0.3199150562286377
data/raw/osu_lora/Diff_Days_Indoor_Setup/Day5/Device22/IQ_1.dat,236,18502164,20,20,1,test,diff_days_indoor,5,0,0,0,0,0,0.3501575291156769
data/raw/osu_lora/Diff_Days_Indoor_Setup/Day5/Device22/IQ_1.dat,237,18580563,20,20,1,test,diff_days_indoor,5,0,0,0,0,0,0.31230518221855164
data/raw/osu_lora/Diff_Days_Indoor_Setup/Day5/Device22/IQ_1.dat,238,18658962,20,20,1,test,diff_days_indoor,5,0,0,0,0,0,0.29079970717430115
data/raw/osu_lora/Diff_Days_Indoor_Setup/Day5/Device22/IQ_1.dat,239,18737361,20,6,0,test,diff_days_indoor,5,0,0,0,0,0,0.2906237840652466
data/raw/osu_lora/Diff_Days_Indoor_Setup/Day5/Device22/IQ_1.dat,240,18815760,20,6,0,test,diff_days_indoor,5,0,0,0,0,0,0.2801419794559479
data/raw/osu_lora/Diff_Days_Indoor_Setup/Day5/Device22/IQ_1.dat,241,18894159,20,20,1,test,diff_days_indoor,5,0,0,0,0,0,0.3758530914783478
data/raw/osu_lora/Diff_Days_Indoor_Setup/Day5/Device22/IQ_1.dat,242,18972558,20,20,1,test,diff_days_indoor,5,0,0,0,0,0,0.40089890360832214
data/raw/osu_lora/Diff_Days_Indoor_Setup/Day5/Device22/IQ_1.dat,243,19050957,20,20,1,test,diff_days_indoor,5,0,0,0,0,0,0.3186629116535187
data/raw/osu_lora/Diff_Days_Indoor_Setup/Day5/Device22/IQ_1.dat,244,19129356,20,20,1,test,diff_days_indoor,5,0,0,0,0,0,0.40827876329421997
data/raw/osu_lora/Diff_Days_Indoor_Setup/Day5/Device22/IQ_1.dat,245,19207755,20,6,0,test,diff_days_indoor,5,0,0,0,0,0,0.29768437147140503
data/raw/osu_lora/Diff_Days_Indoor_Setup/Day5/Device22/IQ_1.dat,246,19286154,20,20,1,test,diff_days_indoor,5,0,0,0,0,0,0.29270505905151367
data/raw/osu_lora/Diff_Days_Indoor_Setup/Day5/Device22/IQ_1.dat,247,19364553,20,6,0,test,diff_days_indoor,5,0,0,0,0,0,0.3045459985733032
data/raw/osu_lora/Diff_Days_Indoor_Setup/Day5/Device22/IQ_1.dat,248,19442952,20,8,0,test,diff_days_indoor,5,0,0,0,0,0,0.42973607778549194
data/raw/osu_lora/Diff_Days_Indoor_Setup/Day5/Device22/IQ_1.dat,249,19521351,20,20,1,test,diff_days_indoor,5,0,0,0,0,0,0.3689731955528259
data/raw/osu_lora/Diff_Days_Indoor_Setup/Day5/Device22/IQ_1.dat,250,19599750,20,20,1,test,diff_days_indoor,5,0,0,0,0,0,0.29874151945114136
data/raw/osu_lora/Diff_Days_Indoor_Setup/Day5/Device22/IQ_1.dat,251,19678149,20,8,0,test,diff_days_indoor,5,0,0,0,0,0,0.4363889992237091
data/raw/osu_lora/Diff_Days_Indoor_Setup/Day5/Device22/IQ_1.dat,252,19756548,20,7,0,test,diff_days_indoor,5,0,0,0,0,0,0.11762305349111557
data/raw/osu_lora/Diff_Days_Indoor_Setup/Day5/Device22/IQ_1.dat,253,19834947,20,20,1,test,diff_days_indoor,5,0,0,0,0,0,0.38712185621261597
data/raw/osu_lora/Diff_Days_Indoor_Setup/Day5/Device22/IQ_1.dat,254,19913346,20,20,1,test,diff_days_indoor,5,0,0,0,0,0,0.2857923209667206
data/raw/osu_lora/Diff_Days_Indoor_Setup/Day5/Device22/IQ_1.dat,255,19991745,20,20,1,test,diff_days_indoor,5,0,0,0,0,0,0.4088567793369293
data/raw/osu_lora/Diff_Days_Indoor_Setup/Day5/Device23/IQ_1.dat,0,0,21,21,1,test,diff_days_indoor,5,0,0,0,0,0,0.22029487788677216
data/raw/osu_lora/Diff_Days_Indoor_Setup/Day5/Device23/IQ_1.dat,1,78399,21,14,0,test,diff_days_indoor,5,0,0,0,0,0,0.22326034307479858
data/raw/osu_lora/Diff_Days_Indoor_Setup/Day5/Device23/IQ_1.dat,2,156798,21,10,0,test,diff_days_indoor,5,0,0,0,0,0,0.24353045225143433
data/raw/osu_lora/Diff_Days_Indoor_Setup/Day5/Device23/IQ_1.dat,3,235197,21,10,0,test,diff_days_indoor,5,0,0,0,0,0,0.2711518704891205
data/raw/osu_lora/Diff_Days_Indoor_Setup/Day5/Device23/IQ_1.dat,4,313596,21,9,0,test,diff_days_indoor,5,0,0,0,0,0,0.22265738248825073
data/raw/osu_lora/Diff_Days_Indoor_Setup/Day5/Device23/IQ_1.dat,5,391995,21,14,0,test,diff_days_indoor,5,0,0,0,0,0,0.22128775715827942
data/raw/osu_lora/Diff_Days_Indoor_Setup/Day5/Device23/IQ_1.dat,6,470394,21,14,0,test,diff_days_indoor,5,0,0,0,0,0,0.241180419921875
data/raw/osu_lora/Diff_Days_Indoor_Setup/Day5/Device23/IQ_1.dat,7,548793,21,9,0,test,diff_days_indoor,5,0,0,0,0,0,0.22656452655792236
data/raw/osu_lora/Diff_Days_Indoor_Setup/Day5/Device23/IQ_1.dat,8,627192,21,14,0,test,diff_days_indoor,5,0,0,0,0,0,0.23349529504776
data/raw/osu_lora/Diff_Days_Indoor_Setup/Day5/Device23/IQ_1.dat,9,705591,21,9,0,test,diff_days_indoor,5,0,0,0,0,0,0.2276049703359604
data/raw/osu_lora/Diff_Days_Indoor_Setup/Day5/Device23/IQ_1.dat,10,783990,21,9,0,test,diff_days_indoor,5,0,0,0,0,0,0.22848880290985107
data/raw/osu_lora/Diff_Days_Indoor_Setup/Day5/Device23/IQ_1.dat,11,862389,21,21,1,test,diff_days_indoor,5,0,0,0,0,0,0.21660320460796356
data/raw/osu_lora/Diff_Days_Indoor_Setup/Day5/Device23/IQ_1.dat,12,940788,21,9,0,test,diff_days_indoor,5,0,0,0,0,0,0.2166455239057541
data/raw/osu_lora/Diff_Days_Indoor_Setup/Day5/Device23/IQ_1.dat,13,1019187,21,14,0,test,diff_days_indoor,5,0,0,0,0,0,0.22393809258937836
data/raw/osu_lora/Diff_Days_Indoor_Setup/Day5/Device23/IQ_1.dat,14,1097586,21,14,0,test,diff_days_indoor,5,0,0,0,0,0,0.21117934584617615
data/raw/osu_lora/Diff_Days_Indoor_Setup/Day5/Device23/IQ_1.dat,15,1175985,21,9,0,test,diff_days_indoor,5,0,0,0,0,0,0.21214978396892548
data/raw/osu_lora/Diff_Days_Indoor_Setup/Day5/Device23/IQ_1.dat,16,1254384,21,9,0,test,diff_days_indoor,5,0,0,0,0,0,0.21424734592437744
data/raw/osu_lora/Diff_Days_Indoor_Setup/Day5/Device23/IQ_1.dat,17,1332783,21,14,0,test,diff_days_indoor,5,0,0,0,0,0,0.22648806869983673
data/raw/osu_lora/Diff_Days_Indoor_Setup/Day5/Device23/IQ_1.dat,18,1411182,21,9,0,test,diff_days_indoor,5,0,0,0,0,0,0.22778922319412231
data/raw/osu_lora/Diff_Days_Indoor_Setup/Day5/Device23/IQ_1.dat,19,1489581,21,14,0,test,diff_days_indoor,5,0,0,0,0,0,0.23150010406970978
data/raw/osu_lora/Diff_Days_Indoor_Setup/Day5/Device23/IQ_1.dat,20,1567980,21,9,0,test,diff_days_indoor,5,0,0,0,0,0,0.22482414543628693
data/raw/osu_lora/Diff_Days_Indoor_Setup/Day5/Device23/IQ_1.dat,21,1646379,21,9,0,test,diff_days_indoor,5,0,0,0,0,0,0.21715465188026428
data/raw/osu_lora/Diff_Days_Indoor_Setup/Day5/Device23/IQ_1.dat,22,1724778,21,9,0,test,diff_days_indoor,5,0,0,0,0,0,0.22841894626617432
data/raw/osu_lora/Diff_Days_Indoor_Setup/Day5/Device23/IQ_1.dat,23,1803177,21,14,0,test,diff_days_indoor,5,0,0,0,0,0,0.21994049847126007
data/raw/osu_lora/Diff_Days_Indoor_Setup/Day5/Device23/IQ_1.dat,24,1881576,21,9,0,test,diff_days_indoor,5,0,0,0,0,0,0.22771796584129333
data/raw/osu_lora/Diff_Days_Indoor_Setup/Day5/Device23/IQ_1.dat,25,1959975,21,14,0,test,diff_days_indoor,5,0,0,0,0,0,0.22358834743499756
data/raw/osu_lora/Diff_Days_Indoor_Setup/Day5/Device23/IQ_1.dat,26,2038374,21,14,0,test,diff_days_indoor,5,0,0,0,0,0,0.2175932675600052
data/raw/osu_lora/Diff_Days_Indoor_Setup/Day5/Device23/IQ_1.dat,27,2116773,21,14,0,test,diff_days_indoor,5,0,0,0,0,0,0.2210228443145752
data/raw/osu_lora/Diff_Days_Indoor_Setup/Day5/Device23/IQ_1.dat,28,2195172,21,9,0,test,diff_days_indoor,5,0,0,0,0,0,0.2221018373966217
data/raw/osu_lora/Diff_Days_Indoor_Setup/Day5/Device23/IQ_1.dat,29,2273571,21,9,0,test,diff_days_indoor,5,0,0,0,0,0,0.22397516667842865
data/raw/osu_lora/Diff_Days_Indoor_Setup/Day5/Device23/IQ_1.dat,30,2351970,21,14,0,test,diff_days_indoor,5,0,0,0,0,0,0.22709043323993683
data/raw/osu_lora/Diff_Days_Indoor_Setup/Day5/Device23/IQ_1.dat,31,2430369,21,14,0,test,diff_days_indoor,5,0,0,0,0,0,0.22949565947055817
data/raw/osu_lora/Diff_Days_Indoor_Setup/Day5/Device23/IQ_1.dat,32,2508768,21,9,0,test,diff_days_indoor,5,0,0,0,0,0,0.2199399471282959
data/raw/osu_lora/Diff_Days_Indoor_Setup/Day5/Device23/IQ_1.dat,33,2587167,21,14,0,test,diff_days_indoor,5,0,0,0,0,0,0.2220989316701889
data/raw/osu_lora/Diff_Days_Indoor_Setup/Day5/Device23/IQ_1.dat,34,2665566,21,9,0,test,diff_days_indoor,5,0,0,0,0,0,0.22937993705272675
data/raw/osu_lora/Diff_Days_Indoor_Setup/Day5/Device23/IQ_1.dat,35,2743965,21,21,1,test,diff_days_indoor,5,0,0,0,0,0,0.22613461315631866
data/raw/osu_lora/Diff_Days_Indoor_Setup/Day5/Device23/IQ_1.dat,36,2822364,21,9,0,test,diff_days_indoor,5,0,0,0,0,0,0.22270244359970093
data/raw/osu_lora/Diff_Days_Indoor_Setup/Day5/Device23/IQ_1.dat,37,2900763,21,14,0,test,diff_days_indoor,5,0,0,0,0,0,0.23668470978736877
data/raw/osu_lora/Diff_Days_Indoor_Setup/Day5/Device23/IQ_1.dat,38,2979162,21,14,0,test,diff_days_indoor,5,0,0,0,0,0,0.2196195125579834
data/raw/osu_lora/Diff_Days_Indoor_Setup/Day5/Device23/IQ_1.dat,39,3057561,21,14,0,test,diff_days_indoor,5,0,0,0,0,0,0.2285757064819336
data/raw/osu_lora/Diff_Days_Indoor_Setup/Day5/Device23/IQ_1.dat,40,3135960,21,14,0,test,diff_days_indoor,5,0,0,0,0,0,0.22547943890094757
data/raw/osu_lora/Diff_Days_Indoor_Setup/Day5/Device23/IQ_1.dat,41,3214359,21,9,0,test,diff_days_indoor,5,0,0,0,0,0,0.22512413561344147
data/raw/osu_lora/Diff_Days_Indoor_Setup/Day5/Device23/IQ_1.dat,42,3292758,21,14,0,test,diff_days_indoor,5,0,0,0,0,0,0.2279835194349289
data/raw/osu_lora/Diff_Days_Indoor_Setup/Day5/Device23/IQ_1.dat,43,3371157,21,21,1,test,diff_days_indoor,5,0,0,0,0,0,0.22861772775650024
data/raw/osu_lora/Diff_Days_Indoor_Setup/Day5/Device23/IQ_1.dat,44,3449556,21,9,0,test,diff_days_indoor,5,0,0,0,0,0,0.220650315284729
data/raw/osu_lora/Diff_Days_Indoor_Setup/Day5/Device23/IQ_1.dat,45,3527955,21,10,0,test,diff_days_indoor,5,0,0,0,0,0,0.2654494345188141
data/raw/osu_lora/Diff_Days_Indoor_Setup/Day5/Device23/IQ_1.dat,46,3606354,21,9,0,test,diff_days_indoor,5,0,0,0,0,0,0.21433526277542114
data/raw/osu_lora/Diff_Days_Indoor_Setup/Day5/Device23/IQ_1.dat,47,3684753,21,21,1,test,diff_days_indoor,5,0,0,0,0,0,0.22249218821525574
data/raw/osu_lora/Diff_Days_Indoor_Setup/Day5/Device23/IQ_1.dat,48,3763152,21,10,0,test,diff_days_indoor,5,0,0,0,0,0,0.23334284126758575
data/raw/osu_lora/Diff_Days_Indoor_Setup/Day5/Device23/IQ_1.dat,49,3841551,21,9,0,test,diff_days_indoor,5,0,0,0,0,0,0.22276130318641663
data/raw/osu_lora/Diff_Days_Indoor_Setup/Day5/Device23/IQ_1.dat,50,3919950,21,14,0,test,diff_days_indoor,5,0,0,0,0,0,0.2217678427696228
data/raw/osu_lora/Diff_Days_Indoor_Setup/Day5/Device23/IQ_1.dat,51,3998349,21,21,1,test,diff_days_indoor,5,0,0,0,0,0,0.2073937952518463
data/raw/osu_lora/Diff_Days_Indoor_Setup/Day5/Device23/IQ_1.dat,52,4076748,21,14,0,test,diff_days_indoor,5,0,0,0,0,0,0.22667595744132996
data/raw/osu_lora/Diff_Days_Indoor_Setup/Day5/Device23/IQ_1.dat,53,4155147,21,14,0,test,diff_days_indoor,5,0,0,0,0,0,0.2241670787334442
data/raw/osu_lora/Diff_Days_Indoor_Setup/Day5/Device23/IQ_1.dat,54,4233546,21,9,0,test,diff_days_indoor,5,0,0,0,0,0,0.22617556154727936
data/raw/osu_lora/Diff_Days_Indoor_Setup/Day5/Device23/IQ_1.dat,55,4311945,21,21,1,test,diff_days_indoor,5,0,0,0,0,0,0.2245827168226242
data/raw/osu_lora/Diff_Days_Indoor_Setup/Day5/Device23/IQ_1.dat,56,4390344,21,10,0,test,diff_days_indoor,5,0,0,0,0,0,0.24050267040729523
data/raw/osu_lora/Diff_Days_Indoor_Setup/Day5/Device23/IQ_1.dat,57,4468743,21,14,0,test,diff_days_indoor,5,0,0,0,0,0,0.23530250787734985
data/raw/osu_lora/Diff_Days_Indoor_Setup/Day5/Device23/IQ_1.dat,58,4547142,21,14,0,test,diff_days_indoor,5,0,0,0,0,0,0.22211743891239166
data/raw/osu_lora/Diff_Days_Indoor_Setup/Day5/Device23/IQ_1.dat,59,4625541,21,10,0,test,diff_days_indoor,5,0,0,0,0,0,0.23335681855678558
data/raw/osu_lora/Diff_Days_Indoor_Setup/Day5/Device23/IQ_1.dat,60,4703940,21,14,0,test,diff_days_indoor,5,0,0,0,0,0,0.22413279116153717
data/raw/osu_lora/Diff_Days_Indoor_Setup/Day5/Device23/IQ_1.dat,61,4782339,21,14,0,test,diff_days_indoor,5,0,0,0,0,0,0.22324244678020477
data/raw/osu_lora/Diff_Days_Indoor_Setup/Day5/Device23/IQ_1.dat,62,4860738,21,9,0,test,diff_days_indoor,5,0,0,0,0,0,0.2165471315383911
data/raw/osu_lora/Diff_Days_Indoor_Setup/Day5/Device23/IQ_1.dat,63,4939137,21,10,0,test,diff_days_indoor,5,0,0,0,0,0,0.23811016976833344
data/raw/osu_lora/Diff_Days_Indoor_Setup/Day5/Device23/IQ_1.dat,64,5017536,21,9,0,test,diff_days_indoor,5,0,0,0,0,0,0.21312446892261505
data/raw/osu_lora/Diff_Days_Indoor_Setup/Day5/Device23/IQ_1.dat,65,5095935,21,14,0,test,diff_days_indoor,5,0,0,0,0,0,0.2266019880771637
data/raw/osu_lora/Diff_Days_Indoor_Setup/Day5/Device23/IQ_1.dat,66,5174334,21,9,0,test,diff_days_indoor,5,0,0,0,0,0,0.21521811187267303
data/raw/osu_lora/Diff_Days_Indoor_Setup/Day5/Device23/IQ_1.dat,67,5252733,21,14,0,test,diff_days_indoor,5,0,0,0,0,0,0.22624623775482178
data/raw/osu_lora/Diff_Days_Indoor_Setup/Day5/Device23/IQ_1.dat,68,5331132,21,9,0,test,diff_days_indoor,5,0,0,0,0,0,0.22776374220848083
data/raw/osu_lora/Diff_Days_Indoor_Setup/Day5/Device23/IQ_1.dat,69,5409531,21,9,0,test,diff_days_indoor,5,0,0,0,0,0,0.22966231405735016
data/raw/osu_lora/Diff_Days_Indoor_Setup/Day5/Device23/IQ_1.dat,70,5487930,21,14,0,test,diff_days_indoor,5,0,0,0,0,0,0.21980053186416626
data/raw/osu_lora/Diff_Days_Indoor_Setup/Day5/Device23/IQ_1.dat,71,5566329,21,13,0,test,diff_days_indoor,5,0,0,0,0,0,0.1659431755542755
data/raw/osu_lora/Diff_Days_Indoor_Setup/Day5/Device23/IQ_1.dat,72,5644728,21,14,0,test,diff_days_indoor,5,0,0,0,0,0,0.22834813594818115
data/raw/osu_lora/Diff_Days_Indoor_Setup/Day5/Device23/IQ_1.dat,73,5723127,21,14,0,test,diff_days_indoor,5,0,0,0,0,0,0.2276601940393448
data/raw/osu_lora/Diff_Days_Indoor_Setup/Day5/Device23/IQ_1.dat,74,5801526,21,14,0,test,diff_days_indoor,5,0,0,0,0,0,0.22561825811862946
data/raw/osu_lora/Diff_Days_Indoor_Setup/Day5/Device23/IQ_1.dat,75,5879925,21,14,0,test,diff_days_indoor,5,0,0,0,0,0,0.23317845165729523
data/raw/osu_lora/Diff_Days_Indoor_Setup/Day5/Device23/IQ_1.dat,76,5958324,21,9,0,test,diff_days_indoor,5,0,0,0,0,0,0.22489841282367706
data/raw/osu_lora/Diff_Days_Indoor_Setup/Day5/Device23/IQ_1.dat,77,6036723,21,14,0,test,diff_days_indoor,5,0,0,0,0,0,0.2232625037431717
data/raw/osu_lora/Diff_Days_Indoor_Setup/Day5/Device23/IQ_1.dat,78,6115122,21,14,0,test,diff_days_indoor,5,0,0,0,0,0,0.22339510917663574
data/raw/osu_lora/Diff_Days_Indoor_Setup/Day5/Device23/IQ_1.dat,79,6193521,21,9,0,test,diff_days_indoor,5,0,0,0,0,0,0.2240583449602127
data/raw/osu_lora/Diff_Days_Indoor_Setup/Day5/Device23/IQ_1.dat,80,6271920,21,9,0,test,diff_days_indoor,5,0,0,0,0,0,0.22449225187301636
data/raw/osu_lora/Diff_Days_Indoor_Setup/Day5/Device23/IQ_1.dat,81,6350319,21,14,0,test,diff_days_indoor,5,0,0,0,0,0,0.24158376455307007
data/raw/osu_lora/Diff_Days_Indoor_Setup/Day5/Device23/IQ_1.dat,82,6428718,21,14,0,test,diff_days_indoor,5,0,0,0,0,0,0.2429141253232956
data/raw/osu_lora/Diff_Days_Indoor_Setup/Day5/Device23/IQ_1.dat,83,6507117,21,9,0,test,diff_days_indoor,5,0,0,0,0,0,0.22613202035427094
data/raw/osu_lora/Diff_Days_Indoor_Setup/Day5/Device23/IQ_1.dat,84,6585516,21,21,1,test,diff_days_indoor,5,0,0,0,0,0,0.23206375539302826
data/raw/osu_lora/Diff_Days_Indoor_Setup/Day5/Device23/IQ_1.dat,85,6663915,21,14,0,test,diff_days_indoor,5,0,0,0,0,0,0.22964699566364288
data/raw/osu_lora/Diff_Days_Indoor_Setup/Day5/Device23/IQ_1.dat,86,6742314,21,9,0,test,diff_days_indoor,5,0,0,0,0,0,0.22803771495819092
data/raw/osu_lora/Diff_Days_Indoor_Setup/Day5/Device23/IQ_1.dat,87,6820713,21,21,1,test,diff_days_indoor,5,0,0,0,0,0,0.2252330332994461
data/raw/osu_lora/Diff_Days_Indoor_Setup/Day5/Device23/IQ_1.dat,88,6899112,21,9,0,test,diff_days_indoor,5,0,0,0,0,0,0.22544564306735992
data/raw/osu_lora/Diff_Days_Indoor_Setup/Day5/Device23/IQ_1.dat,89,6977511,21,9,0,test,diff_days_indoor,5,0,0,0,0,0,0.22139325737953186
data/raw/osu_lora/Diff_Days_Indoor_Setup/Day5/Device23/IQ_1.dat,90,7055910,21,9,0,test,diff_days_indoor,5,0,0,0,0,0,0.22739017009735107
data/raw/osu_lora/Diff_Days_Indoor_Setup/Day5/Device23/IQ_1.dat,91,7134309,21,21,1,test,diff_days_indoor,5,0,0,0,0,0,0.21595613658428192
data/raw/osu_lora/Diff_Days_Indoor_Setup/Day5/Device23/IQ_1.dat,92,7212708,21,9,0,test,diff_days_indoor,5,0,0,0,0,0,0.22447073459625244
data/raw/osu_lora/Diff_Days_Indoor_Setup/Day5/Device23/IQ_1.dat,93,7291107,21,14,0,test,diff_days_indoor,5,0,0,0,0,0,0.22723279893398285
data/raw/osu_lora/Diff_Days_Indoor_Setup/Day5/Device23/IQ_1.dat,94,7369506,21,10,0,test,diff_days_indoor,5,0,0,0,0,0,0.2554172873497009
data/raw/osu_lora/Diff_Days_Indoor_Setup/Day5/Device23/IQ_1.dat,95,7447905,21,14,0,test,diff_days_indoor,5,0,0,0,0,0,0.2334069162607193
data/raw/osu_lora/Diff_Days_Indoor_Setup/Day5/Device23/IQ_1.dat,96,7526304,21,14,0,test,diff_days_indoor,5,0,0,0,0,0,0.2228623330593109
data/raw/osu_lora/Diff_Days_Indoor_Setup/Day5/Device23/IQ_1.dat,97,7604703,21,9,0,test,diff_days_indoor,5,0,0,0,0,0,0.22618168592453003
data/raw/osu_lora/Diff_Days_Indoor_Setup/Day5/Device23/IQ_1.dat,98,7683102,21,14,0,test,diff_days_indoor,5,0,0,0,0,0,0.22602488100528717
data/raw/osu_lora/Diff_Days_Indoor_Setup/Day5/Device23/IQ_1.dat,99,7761501,21,10,0,test,diff_days_indoor,5,0,0,0,0,0,0.29511791467666626
data/raw/osu_lora/Diff_Days_Indoor_Setup/Day5/Device23/IQ_1.dat,100,7839900,21,9,0,test,diff_days_indoor,5,0,0,0,0,0,0.2173929512500763
data/raw/osu_lora/Diff_Days_Indoor_Setup/Day5/Device23/IQ_1.dat,101,7918299,21,14,0,test,diff_days_indoor,5,0,0,0,0,0,0.22418278455734253
data/raw/osu_lora/Diff_Days_Indoor_Setup/Day5/Device23/IQ_1.dat,102,7996698,21,14,0,test,diff_days_indoor,5,0,0,0,0,0,0.223783940076828
data/raw/osu_lora/Diff_Days_Indoor_Setup/Day5/Device23/IQ_1.dat,103,8075097,21,10,0,test,diff_days_indoor,5,0,0,0,0,0,0.23288001120090485
data/raw/osu_lora/Diff_Days_Indoor_Setup/Day5/Device23/IQ_1.dat,104,8153496,21,9,0,test,diff_days_indoor,5,0,0,0,0,0,0.22579602897167206
data/raw/osu_lora/Diff_Days_Indoor_Setup/Day5/Device23/IQ_1.dat,105,8231895,21,14,0,test,diff_days_indoor,5,0,0,0,0,0,0.21924813091754913
data/raw/osu_lora/Diff_Days_Indoor_Setup/Day5/Device23/IQ_1.dat,106,8310294,21,14,0,test,diff_days_indoor,5,0,0,0,0,0,0.22552929818630219
data/raw/osu_lora/Diff_Days_Indoor_Setup/Day5/Device23/IQ_1.dat,107,8388693,21,14,0,test,diff_days_indoor,5,0,0,0,0,0,0.22445915639400482
data/raw/osu_lora/Diff_Days_Indoor_Setup/Day5/Device23/IQ_1.dat,108,8467092,21,14,0,test,diff_days_indoor,5,0,0,0,0,0,0.22369760274887085
data/raw/osu_lora/Diff_Days_Indoor_Setup/Day5/Device23/IQ_1.dat,109,8545491,21,21,1,test,diff_days_indoor,5,0,0,0,0,0,0.223176509141922
data/raw/osu_lora/Diff_Days_Indoor_Setup/Day5/Device23/IQ_1.dat,110,8623890,21,21,1,test,diff_days_indoor,5,0,0,0,0,0,0.22783981263637543
data/raw/osu_lora/Diff_Days_Indoor_Setup/Day5/Device23/IQ_1.dat,111,8702289,21,9,0,test,diff_days_indoor,5,0,0,0,0,0,0.22314250469207764
data/raw/osu_lora/Diff_Days_Indoor_Setup/Day5/Device23/IQ_1.dat,112,8780688,21,14,0,test,diff_days_indoor,5,0,0,0,0,0,0.2193155139684677
data/raw/osu_lora/Diff_Days_Indoor_Setup/Day5/Device23/IQ_1.dat,113,8859087,21,14,0,test,diff_days_indoor,5,0,0,0,0,0,0.22295497357845306
data/raw/osu_lora/Diff_Days_Indoor_Setup/Day5/Device23/IQ_1.dat,114,8937486,21,14,0,test,diff_days_indoor,5,0,0,0,0,0,0.21440638601779938
data/raw/osu_lora/Diff_Days_Indoor_Setup/Day5/Device23/IQ_1.dat,115,9015885,21,9,0,test,diff_days_indoor,5,0,0,0,0,0,0.22634372115135193
data/raw/osu_lora/Diff_Days_Indoor_Setup/Day5/Device23/IQ_1.dat,116,9094284,21,10,0,test,diff_days_indoor,5,0,0,0,0,0,0.30266332626342773
data/raw/osu_lora/Diff_Days_Indoor_Setup/Day5/Device23/IQ_1.dat,117,9172683,21,21,1,test,diff_days_indoor,5,0,0,0,0,0,0.22440876066684723
data/raw/osu_lora/Diff_Days_Indoor_Setup/Day5/Device23/IQ_1.dat,118,9251082,21,9,0,test,diff_days_indoor,5,0,0,0,0,0,0.2275836020708084
data/raw/osu_lora/Diff_Days_Indoor_Setup/Day5/Device23/IQ_1.dat,119,9329481,21,21,1,test,diff_days_indoor,5,0,0,0,0,0,0.2181268185377121
data/raw/osu_lora/Diff_Days_Indoor_Setup/Day5/Device23/IQ_1.dat,120,9407880,21,14,0,test,diff_days_indoor,5,0,0,0,0,0,0.22588473558425903
data/raw/osu_lora/Diff_Days_Indoor_Setup/Day5/Device23/IQ_1.dat,121,9486279,21,14,0,test,diff_days_indoor,5,0,0,0,0,0,0.22196580469608307
data/raw/osu_lora/Diff_Days_Indoor_Setup/Day5/Device23/IQ_1.dat,122,9564678,21,10,0,test,diff_days_indoor,5,0,0,0,0,0,0.2642431855201721
data/raw/osu_lora/Diff_Days_Indoor_Setup/Day5/Device23/IQ_1.dat,123,9643077,21,14,0,test,diff_days_indoor,5,0,0,0,0,0,0.22720257937908173
data/raw/osu_lora/Diff_Days_Indoor_Setup/Day5/Device23/IQ_1.dat,124,9721476,21,9,0,test,diff_days_indoor,5,0,0,0,0,0,0.22317293286323547
data/raw/osu_lora/Diff_Days_Indoor_Setup/Day5/Device23/IQ_1.dat,125,9799875,21,9,0,test,diff_days_indoor,5,0,0,0,0,0,0.22619333863258362
data/raw/osu_lora/Diff_Days_Indoor_Setup/Day5/Device23/IQ_1.dat,126,9878274,21,9,0,test,diff_days_indoor,5,0,0,0,0,0,0.22753585875034332
data/raw/osu_lora/Diff_Days_Indoor_Setup/Day5/Device23/IQ_1.dat,127,9956673,21,14,0,test,diff_days_indoor,5,0,0,0,0,0,0.22546257078647614
data/raw/osu_lora/Diff_Days_Indoor_Setup/Day5/Device23/IQ_1.dat,128,10035072,21,14,0,test,diff_days_indoor,5,0,0,0,0,0,0.20961825549602509
data/raw/osu_lora/Diff_Days_Indoor_Setup/Day5/Device23/IQ_1.dat,129,10113471,21,14,0,test,diff_days_indoor,5,0,0,0,0,0,0.23066386580467224
data/raw/osu_lora/Diff_Days_Indoor_Setup/Day5/Device23/IQ_1.dat,130,10191870,21,9,0,test,diff_days_indoor,5,0,0,0,0,0,0.22847715020179749
data/raw/osu_lora/Diff_Days_Indoor_Setup/Day5/Device23/IQ_1.dat,131,10270269,21,14,0,test,diff_days_indoor,5,0,0,0,0,0,0.23380963504314423
data/raw/osu_lora/Diff_Days_Indoor_Setup/Day5/Device23/IQ_1.dat,132,10348668,21,9,0,test,diff_days_indoor,5,0,0,0,0,0,0.2232775241136551
data/raw/osu_lora/Diff_Days_Indoor_Setup/Day5/Device23/IQ_1.dat,133,10427067,21,14,0,test,diff_days_indoor,5,0,0,0,0,0,0.22261030972003937
data/raw/osu_lora/Diff_Days_Indoor_Setup/Day5/Device23/IQ_1.dat,134,10505466,21,14,0,test,diff_days_indoor,5,0,0,0,0,0,0.22621208429336548
data/raw/osu_lora/Diff_Days_Indoor_Setup/Day5/Device23/IQ_1.dat,135,10583865,21,16,0,test,diff_days_indoor,5,0,0,0,0,0,0.09221166372299194
data/raw/osu_lora/Diff_Days_Indoor_Setup/Day5/Device23/IQ_1.dat,136,10662264,21,10,0,test,diff_days_indoor,5,0,0,0,0,0,0.29657110571861267
data/raw/osu_lora/Diff_Days_Indoor_Setup/Day5/Device23/IQ_1.dat,137,10740663,21,14,0,test,diff_days_indoor,5,0,0,0,0,0,0.22803989052772522
data/raw/osu_lora/Diff_Days_Indoor_Setup/Day5/Device23/IQ_1.dat,138,10819062,21,9,0,test,diff_days_indoor,5,0,0,0,0,0,0.2295779138803482
data/raw/osu_lora/Diff_Days_Indoor_Setup/Day5/Device23/IQ_1.dat,139,10897461,21,21,1,test,diff_days_indoor,5,0,0,0,0,0,0.22768862545490265
data/raw/osu_lora/Diff_Days_Indoor_Setup/Day5/Device23/IQ_1.dat,140,10975860,21,9,0,test,diff_days_indoor,5,0,0,0,0,0,0.22713424265384674
data/raw/osu_lora/Diff_Days_Indoor_Setup/Day5/Device23/IQ_1.dat,141,11054259,21,9,0,test,diff_days_indoor,5,0,0,0,0,0,0.21481578052043915
data/raw/osu_lora/Diff_Days_Indoor_Setup/Day5/Device23/IQ_1.dat,142,11132658,21,9,0,test,diff_days_indoor,5,0,0,0,0,0,0.22824881970882416
data/raw/osu_lora/Diff_Days_Indoor_Setup/Day5/Device23/IQ_1.dat,143,11211057,21,14,0,test,diff_days_indoor,5,0,0,0,0,0,0.21744389832019806
data/raw/osu_lora/Diff_Days_Indoor_Setup/Day5/Device23/IQ_1.dat,144,11289456,21,13,0,test,diff_days_indoor,5,0,0,0,0,0,0.16597522795200348
data/raw/osu_lora/Diff_Days_Indoor_Setup/Day5/Device23/IQ_1.dat,145,11367855,21,14,0,test,diff_days_indoor,5,0,0,0,0,0,0.22362884879112244
data/raw/osu_lora/Diff_Days_Indoor_Setup/Day5/Device23/IQ_1.dat,146,11446254,21,21,1,test,diff_days_indoor,5,0,0,0,0,0,0.2363215535879135
data/raw/osu_lora/Diff_Days_Indoor_Setup/Day5/Device23/IQ_1.dat,147,11524653,21,14,0,test,diff_days_indoor,5,0,0,0,0,0,0.23760929703712463
data/raw/osu_lora/Diff_Days_Indoor_Setup/Day5/Device23/IQ_1.dat,148,11603052,21,14,0,test,diff_days_indoor,5,0,0,0,0,0,0.22803330421447754
data/raw/osu_lora/Diff_Days_Indoor_Setup/Day5/Device23/IQ_1.dat,149,11681451,21,14,0,test,diff_days_indoor,5,0,0,0,0,0,0.21208928525447845
data/raw/osu_lora/Diff_Days_Indoor_Setup/Day5/Device23/IQ_1.dat,150,11759850,21,14,0,test,diff_days_indoor,5,0,0,0,0,0,0.22306205332279205
data/raw/osu_lora/Diff_Days_Indoor_Setup/Day5/Device23/IQ_1.dat,151,11838249,21,14,0,test,diff_days_indoor,5,0,0,0,0,0,0.22365818917751312
data/raw/osu_lora/Diff_Days_Indoor_Setup/Day5/Device23/IQ_1.dat,152,11916648,21,14,0,test,diff_days_indoor,5,0,0,0,0,0,0.21773599088191986
data/raw/osu_lora/Diff_Days_Indoor_Setup/Day5/Device23/IQ_1.dat,153,11995047,21,9,0,test,diff_days_indoor,5,0,0,0,0,0,0.22452552616596222
data/raw/osu_lora/Diff_Days_Indoor_Setup/Day5/Device23/IQ_1.dat,154,12073446,21,9,0,test,diff_days_indoor,5,0,0,0,0,0,0.22643780708312988
data/raw/osu_lora/Diff_Days_Indoor_Setup/Day5/Device23/IQ_1.dat,155,12151845,21,10,0,test,diff_days_indoor,5,0,0,0,0,0,0.2520325481891632
data/raw/osu_lora/Diff_Days_Indoor_Setup/Day5/Device23/IQ_1.dat,156,12230244,21,14,0,test,diff_days_indoor,5,0,0,0,0,0,0.22733093798160553
data/raw/osu_lora/Diff_Days_Indoor_Setup/Day5/Device23/IQ_1.dat,157,12308643,21,21,1,test,diff_days_indoor,5,0,0,0,0,0,0.22957168519496918
data/raw/osu_lora/Diff_Days_Indoor_Setup/Day5/Device23/IQ_1.dat,158,12387042,21,9,0,test,diff_days_indoor,5,0,0,0,0,0,0.22890448570251465
data/raw/osu_lora/Diff_Days_Indoor_Setup/Day5/Device23/IQ_1.dat,159,12465441,21,14,0,test,diff_days_indoor,5,0,0,0,0,0,0.22362244129180908
data/raw/osu_lora/Diff_Days_Indoor_Setup/Day5/Device23/IQ_1.dat,160,12543840,21,9,0,test,diff_days_indoor,5,0,0,0,0,0,0.2273024618625641
data/raw/osu_lora/Diff_Days_Indoor_Setup/Day5/Device23/IQ_1.dat,161,12622239,21,14,0,test,diff_days_indoor,5,0,0,0,0,0,0.22630228102207184
data/raw/osu_lora/Diff_Days_Indoor_Setup/Day5/Device23/IQ_1.dat,162,12700638,21,14,0,test,diff_days_indoor,5,0,0,0,0,0,0.2270209640264511
data/raw/osu_lora/Diff_Days_Indoor_Setup/Day5/Device23/IQ_1.dat,163,12779037,21,21,1,test,diff_days_indoor,5,0,0,0,0,0,0.2254025936126709
data/raw/osu_lora/Diff_Days_Indoor_Setup/Day5/Device23/IQ_1.dat,164,12857436,21,21,1,test,diff_days_indoor,5,0,0,0,0,0,0.22338680922985077
data/raw/osu_lora/Diff_Days_Indoor_Setup/Day5/Device23/IQ_1.dat,165,12935835,21,14,0,test,diff_days_indoor,5,0,0,0,0,0,0.2289094626903534
data/raw/osu_lora/Diff_Days_Indoor_Setup/Day5/Device23/IQ_1.dat,166,13014234,21,14,0,test,diff_days_indoor,5,0,0,0,0,0,0.21563799679279327
data/raw/osu_lora/Diff_Days_Indoor_Setup/Day5/Device23/IQ_1.dat,167,13092633,21,14,0,test,diff_days_indoor,5,0,0,0,0,0,0.22105030715465546
data/raw/osu_lora/Diff_Days_Indoor_Setup/Day5/Device23/IQ_1.dat,168,13171032,21,14,0,test,diff_days_indoor,5,0,0,0,0,0,0.2237810492515564
data/raw/osu_lora/Diff_Days_Indoor_Setup/Day5/Device23/IQ_1.dat,169,13249431,21,9,0,test,diff_days_indoor,5,0,0,0,0,0,0.2297452837228775
data/raw/osu_lora/Diff_Days_Indoor_Setup/Day5/Device23/IQ_1.dat,170,13327830,21,14,0,test,diff_days_indoor,5,0,0,0,0,0,0.2207796573638916
data/raw/osu_lora/Diff_Days_Indoor_Setup/Day5/Device23/IQ_1.dat,171,13406229,21,9,0,test,diff_days_indoor,5,0,0,0,0,0,0.22130583226680756
data/raw/osu_lora/Diff_Days_Indoor_Setup/Day5/Device23/IQ_1.dat,172,13484628,21,10,0,test,diff_days_indoor,5,0,0,0,0,0,0.2427389919757843
data/raw/osu_lora/Diff_Days_Indoor_Setup/Day5/Device23/IQ_1.dat,173,13563027,21,9,0,test,diff_days_indoor,5,0,0,0,0,0,0.22585031390190125
data/raw/osu_lora/Diff_Days_Indoor_Setup/Day5/Device23/IQ_1.dat,174,13641426,21,14,0,test,diff_days_indoor,5,0,0,0,0,0,0.21434980630874634
data/raw/osu_lora/Diff_Days_Indoor_Setup/Day5/Device23/IQ_1.dat,175,13719825,21,14,0,test,diff_days_indoor,5,0,0,0,0,0,0.2192794680595398
data/raw/osu_lora/Diff_Days_Indoor_Setup/Day5/Device23/IQ_1.dat,176,13798224,21,9,0,test,diff_days_indoor,5,0,0,0,0,0,0.22930008172988892
data/raw/osu_lora/Diff_Days_Indoor_Setup/Day5/Device23/IQ_1.dat,177,13876623,21,14,0,test,diff_days_indoor,5,0,0,0,0,0,0.22924241423606873
data/raw/osu_lora/Diff_Days_Indoor_Setup/Day5/Device23/IQ_1.dat,178,13955022,21,14,0,test,diff_days_indoor,5,0,0,0,0,0,0.2213451862335205
data/raw/osu_lora/Diff_Days_Indoor_Setup/Day5/Device23/IQ_1.dat,179,14033421,21,21,1,test,diff_days_indoor,5,0,0,0,0,0,0.22503343224525452
data/raw/osu_lora/Diff_Days_Indoor_Setup/Day5/Device23/IQ_1.dat,180,14111820,21,14,0,test,diff_days_indoor,5,0,0,0,0,0,0.2224966585636139
data/raw/osu_lora/Diff_Days_Indoor_Setup/Day5/Device23/IQ_1.dat,181,14190219,21,14,0,test,diff_days_indoor,5,0,0,0,0,0,0.22660580277442932
data/raw/osu_lora/Diff_Days_Indoor_Setup/Day5/Device23/IQ_1.dat,182,14268618,21,21,1,test,diff_days_indoor,5,0,0,0,0,0,0.22720801830291748
data/raw/osu_lora/Diff_Days_Indoor_Setup/Day5/Device23/IQ_1.dat,183,14347017,21,14,0,test,diff_days_indoor,5,0,0,0,0,0,0.21327388286590576
data/raw/osu_lora/Diff_Days_Indoor_Setup/Day5/Device23/IQ_1.dat,184,14425416,21,10,0,test,diff_days_indoor,5,0,0,0,0,0,0.2631102204322815
data/raw/osu_lora/Diff_Days_Indoor_Setup/Day5/Device23/IQ_1.dat,185,14503815,21,21,1,test,diff_days_indoor,5,0,0,0,0,0,0.22553208470344543
data/raw/osu_lora/Diff_Days_Indoor_Setup/Day5/Device23/IQ_1.dat,186,14582214,21,10,0,test,diff_days_indoor,5,0,0,0,0,0,0.2910001277923584
data/raw/osu_lora/Diff_Days_Indoor_Setup/Day5/Device23/IQ_1.dat,187,14660613,21,14,0,test,diff_days_indoor,5,0,0,0,0,0,0.22352978587150574
data/raw/osu_lora/Diff_Days_Indoor_Setup/Day5/Device23/IQ_1.dat,188,14739012,21,9,0,test,diff_days_indoor,5,0,0,0,0,0,0.2210829257965088
data/raw/osu_lora/Diff_Days_Indoor_Setup/Day5/Device23/IQ_1.dat,189,14817411,21,9,0,test,diff_days_indoor,5,0,0,0,0,0,0.2229066789150238
data/raw/osu_lora/Diff_Days_Indoor_Setup/Day5/Device23/IQ_1.dat,190,14895810,21,14,0,test,diff_days_indoor,5,0,0,0,0,0,0.22951306402683258
data/raw/osu_lora/Diff_Days_Indoor_Setup/Day5/Device23/IQ_1.dat,191,14974209,21,9,0,test,diff_days_indoor,5,0,0,0,0,0,0.20540209114551544
data/raw/osu_lora/Diff_Days_Indoor_Setup/Day5/Device23/IQ_1.dat,192,15052608,21,10,0,test,diff_days_indoor,5,0,0,0,0,0,0.3309273421764374
data/raw/osu_lora/Diff_Days_Indoor_Setup/Day5/Device23/IQ_1.dat,193,15131007,21,9,0,test,diff_days_indoor,5,0,0,0,0,0,0.20974548161029816
data/raw/osu_lora/Diff_Days_Indoor_Setup/Day5/Device23/IQ_1.dat,194,15209406,21,14,0,test,diff_days_indoor,5,0,0,0,0,0,0.2166094034910202
data/raw/osu_lora/Diff_Days_Indoor_Setup/Day5/Device23/IQ_1.dat,195,15287805,21,10,0,test,diff_days_indoor,5,0,0,0,0,0,0.2627255320549011
data/raw/osu_lora/Diff_Days_Indoor_Setup/Day5/Device23/IQ_1.dat,196,15366204,21,9,0,test,diff_days_indoor,5,0,0,0,0,0,0.22517356276512146
data/raw/osu_lora/Diff_Days_Indoor_Setup/Day5/Device23/IQ_1.dat,197,15444603,21,14,0,test,diff_days_indoor,5,0,0,0,0,0,0.2309892177581787
data/raw/osu_lora/Diff_Days_Indoor_Setup/Day5/Device23/IQ_1.dat,198,15523002,21,21,1,test,diff_days_indoor,5,0,0,0,0,0,0.22948014736175537
data/raw/osu_lora/Diff_Days_Indoor_Setup/Day5/Device23/IQ_1.dat,199,15601401,21,14,0,test,diff_days_indoor,5,0,0,0,0,0,0.21576933562755585
data/raw/osu_lora/Diff_Days_Indoor_Setup/Day5/Device23/IQ_1.dat,200,15679800,21,9,0,test,diff_days_indoor,5,0,0,0,0,0,0.22799129784107208
data/raw/osu_lora/Diff_Days_Indoor_Setup/Day5/Device23/IQ_1.dat,201,15758199,21,9,0,test,diff_days_indoor,5,0,0,0,0,0,0.22107011079788208
data/raw/osu_lora/Diff_Days_Indoor_Setup/Day5/Device23/IQ_1.dat,202,15836598,21,14,0,test,diff_days_indoor,5,0,0,0,0,0,0.2207564264535904
data/raw/osu_lora/Diff_Days_Indoor_Setup/Day5/Device23/IQ_1.dat,203,15914997,21,14,0,test,diff_days_indoor,5,0,0,0,0,0,0.2236713021993637
data/raw/osu_lora/Diff_Days_Indoor_Setup/Day5/Device23/IQ_1.dat,204,15993396,21,21,1,test,diff_days_indoor,5,0,0,0,0,0,0.22344180941581726
data/raw/osu_lora/Diff_Days_Indoor_Setup/Day5/Device23/IQ_1.dat,205,16071795,21,14,0,test,diff_days_indoor,5,0,0,0,0,0,0.2224438637495041
data/raw/osu_lora/Diff_Days_Indoor_Setup/Day5/Device23/IQ_1.dat,206,16150194,21,14,0,test,diff_days_indoor,5,0,0,0,0,0,0.22280733287334442
data/raw/osu_lora/Diff_Days_Indoor_Setup/Day5/Device23/IQ_1.dat,207,16228593,21,9,0,test,diff_days_indoor,5,0,0,0,0,0,0.22707988321781158
data/raw/osu_lora/Diff_Days_Indoor_Setup/Day5/Device23/IQ_1.dat,208,16306992,21,9,0,test,diff_days_indoor,5,0,0,0,0,0,0.21541082859039307
data/raw/osu_lora/Diff_Days_Indoor_Setup/Day5/Device23/IQ_1.dat,209,16385391,21,14,0,test,diff_days_indoor,5,0,0,0,0,0,0.22065246105194092
data/raw/osu_lora/Diff_Days_Indoor_Setup/Day5/Device23/IQ_1.dat,210,16463790,21,14,0,test,diff_days_indoor,5,0,0,0,0,0,0.22987768054008484
data/raw/osu_lora/Diff_Days_Indoor_Setup/Day5/Device23/IQ_1.dat,211,16542189,21,10,0,test,diff_days_indoor,5,0,0,0,0,0,0.2623128890991211
data/raw/osu_lora/Diff_Days_Indoor_Setup/Day5/Device23/IQ_1.dat,212,16620588,21,14,0,test,diff_days_indoor,5,0,0,0,0,0,0.22693096101284027
data/raw/osu_lora/Diff_Days_Indoor_Setup/Day5/Device23/IQ_1.dat,213,16698987,21,9,0,test,diff_days_indoor,5,0,0,0,0,0,0.22885513305664062
data/raw/osu_lora/Diff_Days_Indoor_Setup/Day5/Device23/IQ_1.dat,214,16777386,21,21,1,test,diff_days_indoor,5,0,0,0,0,0,0.20709110796451569
data/raw/osu_lora/Diff_Days_Indoor_Setup/Day5/Device23/IQ_1.dat,215,16855785,21,9,0,test,diff_days_indoor,5,0,0,0,0,0,0.22415344417095184
data/raw/osu_lora/Diff_Days_Indoor_Setup/Day5/Device23/IQ_1.dat,216,16934184,21,9,0,test,diff_days_indoor,5,0,0,0,0,0,0.21675488352775574
data/raw/osu_lora/Diff_Days_Indoor_Setup/Day5/Device23/IQ_1.dat,217,17012583,21,9,0,test,diff_days_indoor,5,0,0,0,0,0,0.22804686427116394
data/raw/osu_lora/Diff_Days_Indoor_Setup/Day5/Device23/IQ_1.dat,218,17090982,21,10,0,test,diff_days_indoor,5,0,0,0,0,0,0.23392432928085327
data/raw/osu_lora/Diff_Days_Indoor_Setup/Day5/Device23/IQ_1.dat,219,17169381,21,9,0,test,diff_days_indoor,5,0,0,0,0,0,0.22860123217105865
data/raw/osu_lora/Diff_Days_Indoor_Setup/Day5/Device23/IQ_1.dat,220,17247780,21,9,0,test,diff_days_indoor,5,0,0,0,0,0,0.2127997726202011
data/raw/osu_lora/Diff_Days_Indoor_Setup/Day5/Device23/IQ_1.dat,221,17326179,21,21,1,test,diff_days_indoor,5,0,0,0,0,0,0.22901585698127747
data/raw/osu_lora/Diff_Days_Indoor_Setup/Day5/Device23/IQ_1.dat,222,17404578,21,14,0,test,diff_days_indoor,5,0,0,0,0,0,0.21443749964237213
data/raw/osu_lora/Diff_Days_Indoor_Setup/Day5/Device23/IQ_1.dat,223,17482977,21,9,0,test,diff_days_indoor,5,0,0,0,0,0,0.22495760023593903
data/raw/osu_lora/Diff_Days_Indoor_Setup/Day5/Device23/IQ_1.dat,224,17561376,21,9,0,test,diff_days_indoor,5,0,0,0,0,0,0.2256162464618683
data/raw/osu_lora/Diff_Days_Indoor_Setup/Day5/Device23/IQ_1.dat,225,17639775,21,9,0,test,diff_days_indoor,5,0,0,0,0,0,0.22848300635814667
data/raw/osu_lora/Diff_Days_Indoor_Setup/Day5/Device23/IQ_1.dat,226,17718174,21,14,0,test,diff_days_indoor,5,0,0,0,0,0,0.23214973509311676
data/raw/osu_lora/Diff_Days_Indoor_Setup/Day5/Device23/IQ_1.dat,227,17796573,21,14,0,test,diff_days_indoor,5,0,0,0,0,0,0.2218945473432541
data/raw/osu_lora/Diff_Days_Indoor_Setup/Day5/Device23/IQ_1.dat,228,17874972,21,9,0,test,diff_days_indoor,5,0,0,0,0,0,0.22090743482112885
data/raw/osu_lora/Diff_Days_Indoor_Setup/Day5/Device23/IQ_1.dat,229,17953371,21,10,0,test,diff_days_indoor,5,0,0,0,0,0,0.33364662528038025
data/raw/osu_lora/Diff_Days_Indoor_Setup/Day5/Device23/IQ_1.dat,230,18031770,21,14,0,test,diff_days_indoor,5,0,0,0,0,0,0.22211800515651703
data/raw/osu_lora/Diff_Days_Indoor_Setup/Day5/Device23/IQ_1.dat,231,18110169,21,9,0,test,diff_days_indoor,5,0,0,0,0,0,0.22512786090373993
data/raw/osu_lora/Diff_Days_Indoor_Setup/Day5/Device23/IQ_1.dat,232,18188568,21,10,0,test,diff_days_indoor,5,0,0,0,0,0,0.299416184425354
data/raw/osu_lora/Diff_Days_Indoor_Setup/Day5/Device23/IQ_1.dat,233,18266967,21,9,0,test,diff_days_indoor,5,0,0,0,0,0,0.22877366840839386
data/raw/osu_lora/Diff_Days_Indoor_Setup/Day5/Device23/IQ_1.dat,234,18345366,21,14,0,test,diff_days_indoor,5,0,0,0,0,0,0.21184402704238892
data/raw/osu_lora/Diff_Days_Indoor_Setup/Day5/Device23/IQ_1.dat,235,18423765,21,9,0,test,diff_days_indoor,5,0,0,0,0,0,0.2272106409072876
data/raw/osu_lora/Diff_Days_Indoor_Setup/Day5/Device23/IQ_1.dat,236,18502164,21,21,1,test,diff_days_indoor,5,0,0,0,0,0,0.22316689789295197
data/raw/osu_lora/Diff_Days_Indoor_Setup/Day5/Device23/IQ_1.dat,237,18580563,21,9,0,test,diff_days_indoor,5,0,0,0,0,0,0.22874869406223297
data/raw/osu_lora/Diff_Days_Indoor_Setup/Day5/Device23/IQ_1.dat,238,18658962,21,14,0,test,diff_days_indoor,5,0,0,0,0,0,0.2241251915693283
data/raw/osu_lora/Diff_Days_Indoor_Setup/Day5/Device23/IQ_1.dat,239,18737361,21,9,0,test,diff_days_indoor,5,0,0,0,0,0,0.21989557147026062
data/raw/osu_lora/Diff_Days_Indoor_Setup/Day5/Device23/IQ_1.dat,240,18815760,21,14,0,test,diff_days_indoor,5,0,0,0,0,0,0.2273128777742386
data/raw/osu_lora/Diff_Days_Indoor_Setup/Day5/Device23/IQ_1.dat,241,18894159,21,9,0,test,diff_days_indoor,5,0,0,0,0,0,0.22631770372390747
data/raw/osu_lora/Diff_Days_Indoor_Setup/Day5/Device23/IQ_1.dat,242,18972558,21,10,0,test,diff_days_indoor,5,0,0,0,0,0,0.2746374309062958
data/raw/osu_lora/Diff_Days_Indoor_Setup/Day5/Device23/IQ_1.dat,243,19050957,21,14,0,test,diff_days_indoor,5,0,0,0,0,0,0.2160671353340149
data/raw/osu_lora/Diff_Days_Indoor_Setup/Day5/Device23/IQ_1.dat,244,19129356,21,21,1,test,diff_days_indoor,5,0,0,0,0,0,0.2196144312620163
data/raw/osu_lora/Diff_Days_Indoor_Setup/Day5/Device23/IQ_1.dat,245,19207755,21,14,0,test,diff_days_indoor,5,0,0,0,0,0,0.21583835780620575
data/raw/osu_lora/Diff_Days_Indoor_Setup/Day5/Device23/IQ_1.dat,246,19286154,21,14,0,test,diff_days_indoor,5,0,0,0,0,0,0.22339273989200592
data/raw/osu_lora/Diff_Days_Indoor_Setup/Day5/Device23/IQ_1.dat,247,19364553,21,9,0,test,diff_days_indoor,5,0,0,0,0,0,0.2300506979227066
data/raw/osu_lora/Diff_Days_Indoor_Setup/Day5/Device23/IQ_1.dat,248,19442952,21,14,0,test,diff_days_indoor,5,0,0,0,0,0,0.2231825739145279
data/raw/osu_lora/Diff_Days_Indoor_Setup/Day5/Device23/IQ_1.dat,249,19521351,21,14,0,test,diff_days_indoor,5,0,0,0,0,0,0.22220753133296967
data/raw/osu_lora/Diff_Days_Indoor_Setup/Day5/Device23/IQ_1.dat,250,19599750,21,14,0,test,diff_days_indoor,5,0,0,0,0,0,0.23663300275802612
data/raw/osu_lora/Diff_Days_Indoor_Setup/Day5/Device23/IQ_1.dat,251,19678149,21,14,0,test,diff_days_indoor,5,0,0,0,0,0,0.22152107954025269
data/raw/osu_lora/Diff_Days_Indoor_Setup/Day5/Device23/IQ_1.dat,252,19756548,21,14,0,test,diff_days_indoor,5,0,0,0,0,0,0.22497637569904327
data/raw/osu_lora/Diff_Days_Indoor_Setup/Day5/Device23/IQ_1.dat,253,19834947,21,9,0,test,diff_days_indoor,5,0,0,0,0,0,0.22568483650684357
data/raw/osu_lora/Diff_Days_Indoor_Setup/Day5/Device23/IQ_1.dat,254,19913346,21,14,0,test,diff_days_indoor,5,0,0,0,0,0,0.22992022335529327
data/raw/osu_lora/Diff_Days_Indoor_Setup/Day5/Device23/IQ_1.dat,255,19991745,21,16,0,test,diff_days_indoor,5,0,0,0,0,0,0.09113968163728714
data/raw/osu_lora/Diff_Days_Indoor_Setup/Day5/Device24/IQ_1.dat,0,0,22,22,1,test,diff_days_indoor,5,0,0,0,0,0,0.30710673332214355
data/raw/osu_lora/Diff_Days_Indoor_Setup/Day5/Device24/IQ_1.dat,1,78399,22,22,1,test,diff_days_indoor,5,0,0,0,0,0,0.19075527787208557
data/raw/osu_lora/Diff_Days_Indoor_Setup/Day5/Device24/IQ_1.dat,2,156798,22,17,0,test,diff_days_indoor,5,0,0,0,0,0,0.1882791519165039
data/raw/osu_lora/Diff_Days_Indoor_Setup/Day5/Device24/IQ_1.dat,3,235197,22,22,1,test,diff_days_indoor,5,0,0,0,0,0,0.26224690675735474
data/raw/osu_lora/Diff_Days_Indoor_Setup/Day5/Device24/IQ_1.dat,4,313596,22,22,1,test,diff_days_indoor,5,0,0,0,0,0,0.24912787973880768
data/raw/osu_lora/Diff_Days_Indoor_Setup/Day5/Device24/IQ_1.dat,5,391995,22,22,1,test,diff_days_indoor,5,0,0,0,0,0,0.2715255916118622
data/raw/osu_lora/Diff_Days_Indoor_Setup/Day5/Device24/IQ_1.dat,6,470394,22,22,1,test,diff_days_indoor,5,0,0,0,0,0,0.3079085648059845
data/raw/osu_lora/Diff_Days_Indoor_Setup/Day5/Device24/IQ_1.dat,7,548793,22,22,1,test,diff_days_indoor,5,0,0,0,0,0,0.2917170822620392
data/raw/osu_lora/Diff_Days_Indoor_Setup/Day5/Device24/IQ_1.dat,8,627192,22,7,0,test,diff_days_indoor,5,0,0,0,0,0,0.11560041457414627
data/raw/osu_lora/Diff_Days_Indoor_Setup/Day5/Device24/IQ_1.dat,9,705591,22,22,1,test,diff_days_indoor,5,0,0,0,0,0,0.24947389960289001
data/raw/osu_lora/Diff_Days_Indoor_Setup/Day5/Device24/IQ_1.dat,10,783990,22,22,1,test,diff_days_indoor,5,0,0,0,0,0,0.2668425440788269
data/raw/osu_lora/Diff_Days_Indoor_Setup/Day5/Device24/IQ_1.dat,11,862389,22,22,1,test,diff_days_indoor,5,0,0,0,0,0,0.26501670479774475
data/raw/osu_lora/Diff_Days_Indoor_Setup/Day5/Device24/IQ_1.dat,12,940788,22,22,1,test,diff_days_indoor,5,0,0,0,0,0,0.26675689220428467
data/raw/osu_lora/Diff_Days_Indoor_Setup/Day5/Device24/IQ_1.dat,13,1019187,22,22,1,test,diff_days_indoor,5,0,0,0,0,0,0.2908046245574951
data/raw/osu_lora/Diff_Days_Indoor_Setup/Day5/Device24/IQ_1.dat,14,1097586,22,22,1,test,diff_days_indoor,5,0,0,0,0,0,0.27548646926879883
data/raw/osu_lora/Diff_Days_Indoor_Setup/Day5/Device24/IQ_1.dat,15,1175985,22,15,0,test,diff_days_indoor,5,0,0,0,0,0,0.23110300302505493
data/raw/osu_lora/Diff_Days_Indoor_Setup/Day5/Device24/IQ_1.dat,16,1254384,22,22,1,test,diff_days_indoor,5,0,0,0,0,0,0.24773943424224854
data/raw/osu_lora/Diff_Days_Indoor_Setup/Day5/Device24/IQ_1.dat,17,1332783,22,15,0,test,diff_days_indoor,5,0,0,0,0,0,0.25548824667930603
data/raw/osu_lora/Diff_Days_Indoor_Setup/Day5/Device24/IQ_1.dat,18,1411182,22,22,1,test,diff_days_indoor,5,0,0,0,0,0,0.261395126581192
data/raw/osu_lora/Diff_Days_Indoor_Setup/Day5/Device24/IQ_1.dat,19,1489581,22,15,0,test,diff_days_indoor,5,0,0,0,0,0,0.2603362202644348
data/raw/osu_lora/Diff_Days_Indoor_Setup/Day5/Device24/IQ_1.dat,20,1567980,22,22,1,test,diff_days_indoor,5,0,0,0,0,0,0.2600165009498596
data/raw/osu_lora/Diff_Days_Indoor_Setup/Day5/Device24/IQ_1.dat,21,1646379,22,7,0,test,diff_days_indoor,5,0,0,0,0,0,0.1749739944934845
data/raw/osu_lora/Diff_Days_Indoor_Setup/Day5/Device24/IQ_1.dat,22,1724778,22,22,1,test,diff_days_indoor,5,0,0,0,0,0,0.2892289459705353
data/raw/osu_lora/Diff_Days_Indoor_Setup/Day5/Device24/IQ_1.dat,23,1803177,22,22,1,test,diff_days_indoor,5,0,0,0,0,0,0.2703602910041809
data/raw/osu_lora/Diff_Days_Indoor_Setup/Day5/Device24/IQ_1.dat,24,1881576,22,22,1,test,diff_days_indoor,5,0,0,0,0,0,0.2818644046783447
data/raw/osu_lora/Diff_Days_Indoor_Setup/Day5/Device24/IQ_1.dat,25,1959975,22,22,1,test,diff_days_indoor,5,0,0,0,0,0,0.2718964219093323
data/raw/osu_lora/Diff_Days_Indoor_Setup/Day5/Device24/IQ_1.dat,26,2038374,22,22,1,test,diff_days_indoor,5,0,0,0,0,0,0.25407248735427856
data/raw/osu_lora/Diff_Days_Indoor_Setup/Day5/Device24/IQ_1.dat,27,2116773,22,22,1,test,diff_days_indoor,5,0,0,0,0,0,0.3274969458580017
data/raw/osu_lora/Diff_Days_Indoor_Setup/Day5/Device24/IQ_1.dat,28,2195172,22,22,1,test,diff_days_indoor,5,0,0,0,0,0,0.2498175948858261
data/raw/osu_lora/Diff_Days_Indoor_Setup/Day5/Device24/IQ_1.dat,29,2273571,22,19,0,test,diff_days_indoor,5,0,0,0,0,0,0.4066337049007416
data/raw/osu_lora/Diff_Days_Indoor_Setup/Day5/Device24/IQ_1.dat,30,2351970,22,22,1,test,diff_days_indoor,5,0,0,0,0,0,0.2732229232788086
data/raw/osu_lora/Diff_Days_Indoor_Setup/Day5/Device24/IQ_1.dat,31,2430369,22,22,1,test,diff_days_indoor,5,0,0,0,0,0,0.2664663791656494
data/raw/osu_lora/Diff_Days_Indoor_Setup/Day5/Device24/IQ_1.dat,32,2508768,22,22,1,test,diff_days_indoor,5,0,0,0,0,0,0.2833576500415802
data/raw/osu_lora/Diff_Days_Indoor_Setup/Day5/Device24/IQ_1.dat,33,2587167,22,15,0,test,diff_days_indoor,5,0,0,0,0,0,0.22740286588668823
data/raw/osu_lora/Diff_Days_Indoor_Setup/Day5/Device24/IQ_1.dat,34,2665566,22,15,0,test,diff_days_indoor,5,0,0,0,0,0,0.22232842445373535
data/raw/osu_lora/Diff_Days_Indoor_Setup/Day5/Device24/IQ_1.dat,35,2743965,22,22,1,test,diff_days_indoor,5,0,0,0,0,0,0.28073376417160034
data/raw/osu_lora/Diff_Days_Indoor_Setup/Day5/Device24/IQ_1.dat,36,2822364,22,22,1,test,diff_days_indoor,5,0,0,0,0,0,0.27918532490730286
data/raw/osu_lora/Diff_Days_Indoor_Setup/Day5/Device24/IQ_1.dat,37,2900763,22,17,0,test,diff_days_indoor,5,0,0,0,0,0,0.19289490580558777
data/raw/osu_lora/Diff_Days_Indoor_Setup/Day5/Device24/IQ_1.dat,38,2979162,22,22,1,test,diff_days_indoor,5,0,0,0,0,0,0.3264112174510956
data/raw/osu_lora/Diff_Days_Indoor_Setup/Day5/Device24/IQ_1.dat,39,3057561,22,15,0,test,diff_days_indoor,5,0,0,0,0,0,0.23430633544921875
data/raw/osu_lora/Diff_Days_Indoor_Setup/Day5/Device24/IQ_1.dat,40,3135960,22,22,1,test,diff_days_indoor,5,0,0,0,0,0,0.22048945724964142
data/raw/osu_lora/Diff_Days_Indoor_Setup/Day5/Device24/IQ_1.dat,41,3214359,22,22,1,test,diff_days_indoor,5,0,0,0,0,0,0.21445424854755402
data/raw/osu_lora/Diff_Days_Indoor_Setup/Day5/Device24/IQ_1.dat,42,3292758,22,22,1,test,diff_days_indoor,5,0,0,0,0,0,0.3034819960594177
data/raw/osu_lora/Diff_Days_Indoor_Setup/Day5/Device24/IQ_1.dat,43,3371157,22,22,1,test,diff_days_indoor,5,0,0,0,0,0,0.26223865151405334
data/raw/osu_lora/Diff_Days_Indoor_Setup/Day5/Device24/IQ_1.dat,44,3449556,22,15,0,test,diff_days_indoor,5,0,0,0,0,0,0.25982609391212463
data/raw/osu_lora/Diff_Days_Indoor_Setup/Day5/Device24/IQ_1.dat,45,3527955,22,17,0,test,diff_days_indoor,5,0,0,0,0,0,0.1879914551973343
data/raw/osu_lora/Diff_Days_Indoor_Setup/Day5/Device24/IQ_1.dat,46,3606354,22,22,1,test,diff_days_indoor,5,0,0,0,0,0,0.23487743735313416
data/raw/osu_lora/Diff_Days_Indoor_Setup/Day5/Device24/IQ_1.dat,47,3684753,22,22,1,test,diff_days_indoor,5,0,0,0,0,0,0.25050830841064453
data/raw/osu_lora/Diff_Days_Indoor_Setup/Day5/Device24/IQ_1.dat,48,3763152,22,22,1,test,diff_days_indoor,5,0,0,0,0,0,0.2668148875236511
data/raw/osu_lora/Diff_Days_Indoor_Setup/Day5/Device24/IQ_1.dat,49,3841551,22,7,0,test,diff_days_indoor,5,0,0,0,0,0,0.18636953830718994
data/raw/osu_lora/Diff_Days_Indoor_Setup/Day5/Device24/IQ_1.dat,50,3919950,22,22,1,test,diff_days_indoor,5,0,0,0,0,0,0.29209476709365845
data/raw/osu_lora/Diff_Days_Indoor_Setup/Day5/Device24/IQ_1.dat,51,3998349,22,22,1,test,diff_days_indoor,5,0,0,0,0,0,0.26325929164886475
data/raw/osu_lora/Diff_Days_Indoor_Setup/Day5/Device24/IQ_1.dat,52,4076748,22,15,0,test,diff_days_indoor,5,0,0,0,0,0,0.2559559643268585
data/raw/osu_lora/Diff_Days_Indoor_Setup/Day5/Device24/IQ_1.dat,53,4155147,22,22,1,test,diff_days_indoor,5,0,0,0,0,0,0.2808155417442322
data/raw/osu_lora/Diff_Days_Indoor_Setup/Day5/Device24/IQ_1.dat,54,4233546,22,22,1,test,diff_days_indoor,5,0,0,0,0,0,0.2900790870189667
data/raw/osu_lora/Diff_Days_Indoor_Setup/Day5/Device24/IQ_1.dat,55,4311945,22,7,0,test,diff_days_indoor,5,0,0,0,0,0,0.15863052010536194
data/raw/osu_lora/Diff_Days_Indoor_Setup/Day5/Device24/IQ_1.dat,56,4390344,22,22,1,test,diff_days_indoor,5,0,0,0,0,0,0.2686517536640167
data/raw/osu_lora/Diff_Days_Indoor_Setup/Day5/Device24/IQ_1.dat,57,4468743,22,15,0,test,diff_days_indoor,5,0,0,0,0,0,0.2527215778827667
data/raw/osu_lora/Diff_Days_Indoor_Setup/Day5/Device24/IQ_1.dat,58,4547142,22,15,0,test,diff_days_indoor,5,0,0,0,0,0,0.23017217218875885
data/raw/osu_lora/Diff_Days_Indoor_Setup/Day5/Device24/IQ_1.dat,59,4625541,22,22,1,test,diff_days_indoor,5,0,0,0,0,0,0.2719342112541199
data/raw/osu_lora/Diff_Days_Indoor_Setup/Day5/Device24/IQ_1.dat,60,4703940,22,19,0,test,diff_days_indoor,5,0,0,0,0,0,0.2859768569469452
data/raw/osu_lora/Diff_Days_Indoor_Setup/Day5/Device24/IQ_1.dat,61,4782339,22,22,1,test,diff_days_indoor,5,0,0,0,0,0,0.2530066967010498
data/raw/osu_lora/Diff_Days_Indoor_Setup/Day5/Device24/IQ_1.dat,62,4860738,22,7,0,test,diff_days_indoor,5,0,0,0,0,0,0.18255925178527832
data/raw/osu_lora/Diff_Days_Indoor_Setup/Day5/Device24/IQ_1.dat,63,4939137,22,22,1,test,diff_days_indoor,5,0,0,0,0,0,0.29662925004959106
data/raw/osu_lora/Diff_Days_Indoor_Setup/Day5/Device24/IQ_1.dat,64,5017536,22,22,1,test,diff_days_indoor,5,0,0,0,0,0,0.2508666217327118
data/raw/osu_lora/Diff_Days_Indoor_Setup/Day5/Device24/IQ_1.dat,65,5095935,22,15,0,test,diff_days_indoor,5,0,0,0,0,0,0.22505146265029907
data/raw/osu_lora/Diff_Days_Indoor_Setup/Day5/Device24/IQ_1.dat,66,5174334,22,22,1,test,diff_days_indoor,5,0,0,0,0,0,0.2609887421131134
data/raw/osu_lora/Diff_Days_Indoor_Setup/Day5/Device24/IQ_1.dat,67,5252733,22,22,1,test,diff_days_indoor,5,0,0,0,0,0,0.2298479974269867
data/raw/osu_lora/Diff_Days_Indoor_Setup/Day5/Device24/IQ_1.dat,68,5331132,22,22,1,test,diff_days_indoor,5,0,0,0,0,0,0.31466859579086304
data/raw/osu_lora/Diff_Days_Indoor_Setup/Day5/Device24/IQ_1.dat,69,5409531,22,22,1,test,diff_days_indoor,5,0,0,0,0,0,0.3242504298686981
data/raw/osu_lora/Diff_Days_Indoor_Setup/Day5/Device24/IQ_1.dat,70,5487930,22,22,1,test,diff_days_indoor,5,0,0,0,0,0,0.22998633980751038
data/raw/osu_lora/Diff_Days_Indoor_Setup/Day5/Device24/IQ_1.dat,71,5566329,22,22,1,test,diff_days_indoor,5,0,0,0,0,0,0.29269328713417053
data/raw/osu_lora/Diff_Days_Indoor_Setup/Day5/Device24/IQ_1.dat,72,5644728,22,22,1,test,diff_days_indoor,5,0,0,0,0,0,0.27658215165138245
data/raw/osu_lora/Diff_Days_Indoor_Setup/Day5/Device24/IQ_1.dat,73,5723127,22,22,1,test,diff_days_indoor,5,0,0,0,0,0,0.25175103545188904
data/raw/osu_lora/Diff_Days_Indoor_Setup/Day5/Device24/IQ_1.dat,74,5801526,22,22,1,test,diff_days_indoor,5,0,0,0,0,0,0.1928183138370514
data/raw/osu_lora/Diff_Days_Indoor_Setup/Day5/Device24/IQ_1.dat,75,5879925,22,22,1,test,diff_days_indoor,5,0,0,0,0,0,0.3259340226650238
data/raw/osu_lora/Diff_Days_Indoor_Setup/Day5/Device24/IQ_1.dat,76,5958324,22,22,1,test,diff_days_indoor,5,0,0,0,0,0,0.2585340738296509
data/raw/osu_lora/Diff_Days_Indoor_Setup/Day5/Device24/IQ_1.dat,77,6036723,22,15,0,test,diff_days_indoor,5,0,0,0,0,0,0.23011937737464905
data/raw/osu_lora/Diff_Days_Indoor_Setup/Day5/Device24/IQ_1.dat,78,6115122,22,22,1,test,diff_days_indoor,5,0,0,0,0,0,0.29448074102401733
data/raw/osu_lora/Diff_Days_Indoor_Setup/Day5/Device24/IQ_1.dat,79,6193521,22,22,1,test,diff_days_indoor,5,0,0,0,0,0,0.2751637399196625
data/raw/osu_lora/Diff_Days_Indoor_Setup/Day5/Device24/IQ_1.dat,80,6271920,22,22,1,test,diff_days_indoor,5,0,0,0,0,0,0.26132312417030334
data/raw/osu_lora/Diff_Days_Indoor_Setup/Day5/Device24/IQ_1.dat,81,6350319,22,7,0,test,diff_days_indoor,5,0,0,0,0,0,0.1311226487159729
data/raw/osu_lora/Diff_Days_Indoor_Setup/Day5/Device24/IQ_1.dat,82,6428718,22,22,1,test,diff_days_indoor,5,0,0,0,0,0,0.2762886583805084
data/raw/osu_lora/Diff_Days_Indoor_Setup/Day5/Device24/IQ_1.dat,83,6507117,22,22,1,test,diff_days_indoor,5,0,0,0,0,0,0.21501214802265167
data/raw/osu_lora/Diff_Days_Indoor_Setup/Day5/Device24/IQ_1.dat,84,6585516,22,22,1,test,diff_days_indoor,5,0,0,0,0,0,0.2134821116924286
data/raw/osu_lora/Diff_Days_Indoor_Setup/Day5/Device24/IQ_1.dat,85,6663915,22,22,1,test,diff_days_indoor,5,0,0,0,0,0,0.23473533987998962
data/raw/osu_lora/Diff_Days_Indoor_Setup/Day5/Device24/IQ_1.dat,86,6742314,22,22,1,test,diff_days_indoor,5,0,0,0,0,0,0.2383764386177063
data/raw/osu_lora/Diff_Days_Indoor_Setup/Day5/Device24/IQ_1.dat,87,6820713,22,15,0,test,diff_days_indoor,5,0,0,0,0,0,0.24736441671848297
data/raw/osu_lora/Diff_Days_Indoor_Setup/Day5/Device24/IQ_1.dat,88,6899112,22,7,0,test,diff_days_indoor,5,0,0,0,0,0,0.18749725818634033
data/raw/osu_lora/Diff_Days_Indoor_Setup/Day5/Device24/IQ_1.dat,89,6977511,22,22,1,test,diff_days_indoor,5,0,0,0,0,0,0.30281132459640503
data/raw/osu_lora/Diff_Days_Indoor_Setup/Day5/Device24/IQ_1.dat,90,7055910,22,22,1,test,diff_days_indoor,5,0,0,0,0,0,0.25626397132873535
data/raw/osu_lora/Diff_Days_Indoor_Setup/Day5/Device24/IQ_1.dat,91,7134309,22,15,0,test,diff_days_indoor,5,0,0,0,0,0,0.22594963014125824
data/raw/osu_lora/Diff_Days_Indoor_Setup/Day5/Device24/IQ_1.dat,92,7212708,22,15,0,test,diff_days_indoor,5,0,0,0,0,0,0.1962795853614807
data/raw/osu_lora/Diff_Days_Indoor_Setup/Day5/Device24/IQ_1.dat,93,7291107,22,22,1,test,diff_days_indoor,5,0,0,0,0,0,0.3251860737800598
data/raw/osu_lora/Diff_Days_Indoor_Setup/Day5/Device24/IQ_1.dat,94,7369506,22,15,0,test,diff_days_indoor,5,0,0,0,0,0,0.2365492284297943
data/raw/osu_lora/Diff_Days_Indoor_Setup/Day5/Device24/IQ_1.dat,95,7447905,22,22,1,test,diff_days_indoor,5,0,0,0,0,0,0.32574138045310974
data/raw/osu_lora/Diff_Days_Indoor_Setup/Day5/Device24/IQ_1.dat,96,7526304,22,15,0,test,diff_days_indoor,5,0,0,0,0,0,0.24642136693000793
data/raw/osu_lora/Diff_Days_Indoor_Setup/Day5/Device24/IQ_1.dat,97,7604703,22,22,1,test,diff_days_indoor,5,0,0,0,0,0,0.262480765581131
data/raw/osu_lora/Diff_Days_Indoor_Setup/Day5/Device24/IQ_1.dat,98,7683102,22,22,1,test,diff_days_indoor,5,0,0,0,0,0,0.2583814561367035
data/raw/osu_lora/Diff_Days_Indoor_Setup/Day5/Device24/IQ_1.dat,99,7761501,22,22,1,test,diff_days_indoor,5,0,0,0,0,0,0.222036212682724
data/raw/osu_lora/Diff_Days_Indoor_Setup/Day5/Device24/IQ_1.dat,100,7839900,22,22,1,test,diff_days_indoor,5,0,0,0,0,0,0.3337910771369934
data/raw/osu_lora/Diff_Days_Indoor_Setup/Day5/Device24/IQ_1.dat,101,7918299,22,22,1,test,diff_days_indoor,5,0,0,0,0,0,0.3006870746612549
data/raw/osu_lora/Diff_Days_Indoor_Setup/Day5/Device24/IQ_1.dat,102,7996698,22,22,1,test,diff_days_indoor,5,0,0,0,0,0,0.21362417936325073
data/raw/osu_lora/Diff_Days_Indoor_Setup/Day5/Device24/IQ_1.dat,103,8075097,22,22,1,test,diff_days_indoor,5,0,0,0,0,0,0.2729645371437073
data/raw/osu_lora/Diff_Days_Indoor_Setup/Day5/Device24/IQ_1.dat,104,8153496,22,22,1,test,diff_days_indoor,5,0,0,0,0,0,0.3118419349193573
data/raw/osu_lora/Diff_Days_Indoor_Setup/Day5/Device24/IQ_1.dat,105,8231895,22,22,1,test,diff_days_indoor,5,0,0,0,0,0,0.27728888392448425
data/raw/osu_lora/Diff_Days_Indoor_Setup/Day5/Device24/IQ_1.dat,106,8310294,22,15,0,test,diff_days_indoor,5,0,0,0,0,0,0.1909395009279251
data/raw/osu_lora/Diff_Days_Indoor_Setup/Day5/Device24/IQ_1.dat,107,8388693,22,22,1,test,diff_days_indoor,5,0,0,0,0,0,0.2856261730194092
data/raw/osu_lora/Diff_Days_Indoor_Setup/Day5/Device24/IQ_1.dat,108,8467092,22,22,1,test,diff_days_indoor,5,0,0,0,0,0,0.2736985385417938
data/raw/osu_lora/Diff_Days_Indoor_Setup/Day5/Device24/IQ_1.dat,109,8545491,22,22,1,test,diff_days_indoor,5,0,0,0,0,0,0.253495454788208
data/raw/osu_lora/Diff_Days_Indoor_Setup/Day5/Device24/IQ_1.dat,110,8623890,22,22,1,test,diff_days_indoor,5,0,0,0,0,0,0.23692744970321655
data/raw/osu_lora/Diff_Days_Indoor_Setup/Day5/Device24/IQ_1.dat,111,8702289,22,22,1,test,diff_days_indoor,5,0,0,0,0,0,0.267381489276886
data/raw/osu_lora/Diff_Days_Indoor_Setup/Day5/Device24/IQ_1.dat,112,8780688,22,17,0,test,diff_days_indoor,5,0,0,0,0,0,0.1871001124382019
data/raw/osu_lora/Diff_Days_Indoor_Setup/Day5/Device24/IQ_1.dat,113,8859087,22,22,1,test,diff_days_indoor,5,0,0,0,0,0,0.18542034924030304
data/raw/osu_lora/Diff_Days_Indoor_Setup/Day5/Device24/IQ_1.dat,114,8937486,22,22,1,test,diff_days_indoor,5,0,0,0,0,0,0.29705682396888733
data/raw/osu_lora/Diff_Days_Indoor_Setup/Day5/Device24/IQ_1.dat,115,9015885,22,22,1,test,diff_days_indoor,5,0,0,0,0,0,0.24787408113479614
data/raw/osu_lora/Diff_Days_Indoor_Setup/Day5/Device24/IQ_1.dat,116,9094284,22,22,1,test,diff_days_indoor,5,0,0,0,0,0,0.21527528762817383
data/raw/osu_lora/Diff_Days_Indoor_Setup/Day5/Device24/IQ_1.dat,117,9172683,22,22,1,test,diff_days_indoor,5,0,0,0,0,0,0.2459985911846161
data/raw/osu_lora/Diff_Days_Indoor_Setup/Day5/Device24/IQ_1.dat,118,9251082,22,22,1,test,diff_days_indoor,5,0,0,0,0,0,0.25356560945510864
data/raw/osu_lora/Diff_Days_Indoor_Setup/Day5/Device24/IQ_1.dat,119,9329481,22,22,1,test,diff_days_indoor,5,0,0,0,0,0,0.2864690124988556
data/raw/osu_lora/Diff_Days_Indoor_Setup/Day5/Device24/IQ_1.dat,120,9407880,22,22,1,test,diff_days_indoor,5,0,0,0,0,0,0.24601122736930847
data/raw/osu_lora/Diff_Days_Indoor_Setup/Day5/Device24/IQ_1.dat,121,9486279,22,7,0,test,diff_days_indoor,5,0,0,0,0,0,0.1907869577407837
data/raw/osu_lora/Diff_Days_Indoor_Setup/Day5/Device24/IQ_1.dat,122,9564678,22,17,0,test,diff_days_indoor,5,0,0,0,0,0,0.18670935928821564
data/raw/osu_lora/Diff_Days_Indoor_Setup/Day5/Device24/IQ_1.dat,123,9643077,22,19,0,test,diff_days_indoor,5,0,0,0,0,0,0.2807468771934509
data/raw/osu_lora/Diff_Days_Indoor_Setup/Day5/Device24/IQ_1.dat,124,9721476,22,19,0,test,diff_days_indoor,5,0,0,0,0,0,0.26895326375961304
data/raw/osu_lora/Diff_Days_Indoor_Setup/Day5/Device24/IQ_1.dat,125,9799875,22,15,0,test,diff_days_indoor,5,0,0,0,0,0,0.2509087324142456
data/raw/osu_lora/Diff_Days_Indoor_Setup/Day5/Device24/IQ_1.dat,126,9878274,22,15,0,test,diff_days_indoor,5,0,0,0,0,0,0.25444334745407104
data/raw/osu_lora/Diff_Days_Indoor_Setup/Day5/Device24/IQ_1.dat,127,9956673,22,19,0,test,diff_days_indoor,5,0,0,0,0,0,0.27979540824890137
data/raw/osu_lora/Diff_Days_Indoor_Setup/Day5/Device24/IQ_1.dat,128,10035072,22,7,0,test,diff_days_indoor,5,0,0,0,0,0,0.12862680852413177
data/raw/osu_lora/Diff_Days_Indoor_Setup/Day5/Device24/IQ_1.dat,129,10113471,22,22,1,test,diff_days_indoor,5,0,0,0,0,0,0.26909294724464417
data/raw/osu_lora/Diff_Days_Indoor_Setup/Day5/Device24/IQ_1.dat,130,10191870,22,22,1,test,diff_days_indoor,5,0,0,0,0,0,0.2951976954936981
data/raw/osu_lora/Diff_Days_Indoor_Setup/Day5/Device24/IQ_1.dat,131,10270269,22,22,1,test,diff_days_indoor,5,0,0,0,0,0,0.21877329051494598
data/raw/osu_lora/Diff_Days_Indoor_Setup/Day5/Device24/IQ_1.dat,132,10348668,22,22,1,test,diff_days_indoor,5,0,0,0,0,0,0.21947939693927765
data/raw/osu_lora/Diff_Days_Indoor_Setup/Day5/Device24/IQ_1.dat,133,10427067,22,22,1,test,diff_days_indoor,5,0,0,0,0,0,0.2766755521297455
data/raw/osu_lora/Diff_Days_Indoor_Setup/Day5/Device24/IQ_1.dat,134,10505466,22,19,0,test,diff_days_indoor,5,0,0,0,0,0,0.2565263509750366
data/raw/osu_lora/Diff_Days_Indoor_Setup/Day5/Device24/IQ_1.dat,135,10583865,22,22,1,test,diff_days_indoor,5,0,0,0,0,0,0.2735523283481598
data/raw/osu_lora/Diff_Days_Indoor_Setup/Day5/Device24/IQ_1.dat,136,10662264,22,22,1,test,diff_days_indoor,5,0,0,0,0,0,0.2650633156299591
data/raw/osu_lora/Diff_Days_Indoor_Setup/Day5/Device24/IQ_1.dat,137,10740663,22,22,1,test,diff_days_indoor,5,0,0,0,0,0,0.2823224663734436
data/raw/osu_lora/Diff_Days_Indoor_Setup/Day5/Device24/IQ_1.dat,138,10819062,22,22,1,test,diff_days_indoor,5,0,0,0,0,0,0.2695477604866028
data/raw/osu_lora/Diff_Days_Indoor_Setup/Day5/Device24/IQ_1.dat,139,10897461,22,22,1,test,diff_days_indoor,5,0,0,0,0,0,0.2860966920852661
data/raw/osu_lora/Diff_Days_Indoor_Setup/Day5/Device24/IQ_1.dat,140,10975860,22,22,1,test,diff_days_indoor,5,0,0,0,0,0,0.23618821799755096
data/raw/osu_lora/Diff_Days_Indoor_Setup/Day5/Device24/IQ_1.dat,141,11054259,22,22,1,test,diff_days_indoor,5,0,0,0,0,0,0.18295083940029144
data/raw/osu_lora/Diff_Days_Indoor_Setup/Day5/Device24/IQ_1.dat,142,11132658,22,22,1,test,diff_days_indoor,5,0,0,0,0,0,0.26854178309440613
data/raw/osu_lora/Diff_Days_Indoor_Setup/Day5/Device24/IQ_1.dat,143,11211057,22,22,1,test,diff_days_indoor,5,0,0,0,0,0,0.2910558581352234
data/raw/osu_lora/Diff_Days_Indoor_Setup/Day5/Device24/IQ_1.dat,144,11289456,22,15,0,test,diff_days_indoor,5,0,0,0,0,0,0.2559858560562134
data/raw/osu_lora/Diff_Days_Indoor_Setup/Day5/Device24/IQ_1.dat,145,11367855,22,22,1,test,diff_days_indoor,5,0,0,0,0,0,0.26964136958122253
data/raw/osu_lora/Diff_Days_Indoor_Setup/Day5/Device24/IQ_1.dat,146,11446254,22,22,1,test,diff_days_indoor,5,0,0,0,0,0,0.23341283202171326
data/raw/osu_lora/Diff_Days_Indoor_Setup/Day5/Device24/IQ_1.dat,147,11524653,22,22,1,test,diff_days_indoor,5,0,0,0,0,0,0.31654518842697144
data/raw/osu_lora/Diff_Days_Indoor_Setup/Day5/Device24/IQ_1.dat,148,11603052,22,22,1,test,diff_days_indoor,5,0,0,0,0,0,0.36138054728507996
data/raw/osu_lora/Diff_Days_Indoor_Setup/Day5/Device24/IQ_1.dat,149,11681451,22,19,0,test,diff_days_indoor,5,0,0,0,0,0,0.35852986574172974
data/raw/osu_lora/Diff_Days_Indoor_Setup/Day5/Device24/IQ_1.dat,150,11759850,22,22,1,test,diff_days_indoor,5,0,0,0,0,0,0.21849580109119415
data/raw/osu_lora/Diff_Days_Indoor_Setup/Day5/Device24/IQ_1.dat,151,11838249,22,22,1,test,diff_days_indoor,5,0,0,0,0,0,0.2777957320213318
data/raw/osu_lora/Diff_Days_Indoor_Setup/Day5/Device24/IQ_1.dat,152,11916648,22,22,1,test,diff_days_indoor,5,0,0,0,0,0,0.351132333278656
data/raw/osu_lora/Diff_Days_Indoor_Setup/Day5/Device24/IQ_1.dat,153,11995047,22,15,0,test,diff_days_indoor,5,0,0,0,0,0,0.18917274475097656
data/raw/osu_lora/Diff_Days_Indoor_Setup/Day5/Device24/IQ_1.dat,154,12073446,22,15,0,test,diff_days_indoor,5,0,0,0,0,0,0.16852562129497528
data/raw/osu_lora/Diff_Days_Indoor_Setup/Day5/Device24/IQ_1.dat,155,12151845,22,22,1,test,diff_days_indoor,5,0,0,0,0,0,0.26191699504852295
data/raw/osu_lora/Diff_Days_Indoor_Setup/Day5/Device24/IQ_1.dat,156,12230244,22,15,0,test,diff_days_indoor,5,0,0,0,0,0,0.2407604157924652
data/raw/osu_lora/Diff_Days_Indoor_Setup/Day5/Device24/IQ_1.dat,157,12308643,22,22,1,test,diff_days_indoor,5,0,0,0,0,0,0.2524809241294861
data/raw/osu_lora/Diff_Days_Indoor_Setup/Day5/Device24/IQ_1.dat,158,12387042,22,22,1,test,diff_days_indoor,5,0,0,0,0,0,0.2145306020975113
data/raw/osu_lora/Diff_Days_Indoor_Setup/Day5/Device24/IQ_1.dat,159,12465441,22,15,0,test,diff_days_indoor,5,0,0,0,0,0,0.20990437269210815
data/raw/osu_lora/Diff_Days_Indoor_Setup/Day5/Device24/IQ_1.dat,160,12543840,22,22,1,test,diff_days_indoor,5,0,0,0,0,0,0.20091824233531952
data/raw/osu_lora/Diff_Days_Indoor_Setup/Day5/Device24/IQ_1.dat,161,12622239,22,22,1,test,diff_days_indoor,5,0,0,0,0,0,0.21347683668136597
data/raw/osu_lora/Diff_Days_Indoor_Setup/Day5/Device24/IQ_1.dat,162,12700638,22,22,1,test,diff_days_indoor,5,0,0,0,0,0,0.2872791290283203
data/raw/osu_lora/Diff_Days_Indoor_Setup/Day5/Device24/IQ_1.dat,163,12779037,22,15,0,test,diff_days_indoor,5,0,0,0,0,0,0.24870827794075012
data/raw/osu_lora/Diff_Days_Indoor_Setup/Day5/Device24/IQ_1.dat,164,12857436,22,22,1,test,diff_days_indoor,5,0,0,0,0,0,0.2598136365413666
data/raw/osu_lora/Diff_Days_Indoor_Setup/Day5/Device24/IQ_1.dat,165,12935835,22,22,1,test,diff_days_indoor,5,0,0,0,0,0,0.2139323651790619
data/raw/osu_lora/Diff_Days_Indoor_Setup/Day5/Device24/IQ_1.dat,166,13014234,22,22,1,test,diff_days_indoor,5,0,0,0,0,0,0.2630530595779419
data/raw/osu_lora/Diff_Days_Indoor_Setup/Day5/Device24/IQ_1.dat,167,13092633,22,22,1,test,diff_days_indoor,5,0,0,0,0,0,0.2557022273540497
data/raw/osu_lora/Diff_Days_Indoor_Setup/Day5/Device24/IQ_1.dat,168,13171032,22,22,1,test,diff_days_indoor,5,0,0,0,0,0,0.3261007070541382
data/raw/osu_lora/Diff_Days_Indoor_Setup/Day5/Device24/IQ_1.dat,169,13249431,22,22,1,test,diff_days_indoor,5,0,0,0,0,0,0.19885283708572388
data/raw/osu_lora/Diff_Days_Indoor_Setup/Day5/Device24/IQ_1.dat,170,13327830,22,22,1,test,diff_days_indoor,5,0,0,0,0,0,0.2804994583129883
data/raw/osu_lora/Diff_Days_Indoor_Setup/Day5/Device24/IQ_1.dat,171,13406229,22,22,1,test,diff_days_indoor,5,0,0,0,0,0,0.2677485942840576
data/raw/osu_lora/Diff_Days_Indoor_Setup/Day5/Device24/IQ_1.dat,172,13484628,22,22,1,test,diff_days_indoor,5,0,0,0,0,0,0.257764995098114
data/raw/osu_lora/Diff_Days_Indoor_Setup/Day5/Device24/IQ_1.dat,173,13563027,22,22,1,test,diff_days_indoor,5,0,0,0,0,0,0.2885623574256897
data/raw/osu_lora/Diff_Days_Indoor_Setup/Day5/Device24/IQ_1.dat,174,13641426,22,22,1,test,diff_days_indoor,5,0,0,0,0,0,0.2825736999511719
data/raw/osu_lora/Diff_Days_Indoor_Setup/Day5/Device24/IQ_1.dat,175,13719825,22,7,0,test,diff_days_indoor,5,0,0,0,0,0,0.16396094858646393
data/raw/osu_lora/Diff_Days_Indoor_Setup/Day5/Device24/IQ_1.dat,176,13798224,22,22,1,test,diff_days_indoor,5,0,0,0,0,0,0.29862239956855774
data/raw/osu_lora/Diff_Days_Indoor_Setup/Day5/Device24/IQ_1.dat,177,13876623,22,22,1,test,diff_days_indoor,5,0,0,0,0,0,0.26130637526512146
data/raw/osu_lora/Diff_Days_Indoor_Setup/Day5/Device24/IQ_1.dat,178,13955022,22,15,0,test,diff_days_indoor,5,0,0,0,0,0,0.1978939324617386
data/raw/osu_lora/Diff_Days_Indoor_Setup/Day5/Device24/IQ_1.dat,179,14033421,22,22,1,test,diff_days_indoor,5,0,0,0,0,0,0.21208548545837402
data/raw/osu_lora/Diff_Days_Indoor_Setup/Day5/Device24/IQ_1.dat,180,14111820,22,22,1,test,diff_days_indoor,5,0,0,0,0,0,0.2630547881126404
data/raw/osu_lora/Diff_Days_Indoor_Setup/Day5/Device24/IQ_1.dat,181,14190219,22,15,0,test,diff_days_indoor,5,0,0,0,0,0,0.2465074509382248
data/raw/osu_lora/Diff_Days_Indoor_Setup/Day5/Device24/IQ_1.dat,182,14268618,22,7,0,test,diff_days_indoor,5,0,0,0,0,0,0.18076206743717194
data/raw/osu_lora/Diff_Days_Indoor_Setup/Day5/Device24/IQ_1.dat,183,14347017,22,7,0,test,diff_days_indoor,5,0,0,0,0,0,0.17923471331596375
data/raw/osu_lora/Diff_Days_Indoor_Setup/Day5/Device24/IQ_1.dat,184,14425416,22,15,0,test,diff_days_indoor,5,0,0,0,0,0,0.2517491281032562
data/raw/osu_lora/Diff_Days_Indoor_Setup/Day5/Device24/IQ_1.dat,185,14503815,22,22,1,test,diff_days_indoor,5,0,0,0,0,0,0.2547289729118347
data/raw/osu_lora/Diff_Days_Indoor_Setup/Day5/Device24/IQ_1.dat,186,14582214,22,22,1,test,diff_days_indoor,5,0,0,0,0,0,0.2793181240558624
data/raw/osu_lora/Diff_Days_Indoor_Setup/Day5/Device24/IQ_1.dat,187,14660613,22,7,0,test,diff_days_indoor,5,0,0,0,0,0,0.18299224972724915
data/raw/osu_lora/Diff_Days_Indoor_Setup/Day5/Device24/IQ_1.dat,188,14739012,22,22,1,test,diff_days_indoor,5,0,0,0,0,0,0.19883319735527039
data/raw/osu_lora/Diff_Days_Indoor_Setup/Day5/Device24/IQ_1.dat,189,14817411,22,22,1,test,diff_days_indoor,5,0,0,0,0,0,0.26817312836647034
data/raw/osu_lora/Diff_Days_Indoor_Setup/Day5/Device24/IQ_1.dat,190,14895810,22,22,1,test,diff_days_indoor,5,0,0,0,0,0,0.26522019505500793
data/raw/osu_lora/Diff_Days_Indoor_Setup/Day5/Device24/IQ_1.dat,191,14974209,22,22,1,test,diff_days_indoor,5,0,0,0,0,0,0.2418106496334076
data/raw/osu_lora/Diff_Days_Indoor_Setup/Day5/Device24/IQ_1.dat,192,15052608,22,22,1,test,diff_days_indoor,5,0,0,0,0,0,0.28597116470336914
data/raw/osu_lora/Diff_Days_Indoor_Setup/Day5/Device24/IQ_1.dat,193,15131007,22,22,1,test,diff_days_indoor,5,0,0,0,0,0,0.2561129927635193
data/raw/osu_lora/Diff_Days_Indoor_Setup/Day5/Device24/IQ_1.dat,194,15209406,22,22,1,test,diff_days_indoor,5,0,0,0,0,0,0.24228450655937195
data/raw/osu_lora/Diff_Days_Indoor_Setup/Day5/Device24/IQ_1.dat,195,15287805,22,22,1,test,diff_days_indoor,5,0,0,0,0,0,0.262904554605484
data/raw/osu_lora/Diff_Days_Indoor_Setup/Day5/Device24/IQ_1.dat,196,15366204,22,22,1,test,diff_days_indoor,5,0,0,0,0,0,0.32120776176452637
data/raw/osu_lora/Diff_Days_Indoor_Setup/Day5/Device24/IQ_1.dat,197,15444603,22,22,1,test,diff_days_indoor,5,0,0,0,0,0,0.2491980940103531
data/raw/osu_lora/Diff_Days_Indoor_Setup/Day5/Device24/IQ_1.dat,198,15523002,22,22,1,test,diff_days_indoor,5,0,0,0,0,0,0.24863296747207642
data/raw/osu_lora/Diff_Days_Indoor_Setup/Day5/Device24/IQ_1.dat,199,15601401,22,22,1,test,diff_days_indoor,5,0,0,0,0,0,0.353884756565094
data/raw/osu_lora/Diff_Days_Indoor_Setup/Day5/Device24/IQ_1.dat,200,15679800,22,22,1,test,diff_days_indoor,5,0,0,0,0,0,0.28228092193603516
data/raw/osu_lora/Diff_Days_Indoor_Setup/Day5/Device24/IQ_1.dat,201,15758199,22,7,0,test,diff_days_indoor,5,0,0,0,0,0,0.12160135060548782
data/raw/osu_lora/Diff_Days_Indoor_Setup/Day5/Device24/IQ_1.dat,202,15836598,22,22,1,test,diff_days_indoor,5,0,0,0,0,0,0.2711045444011688
data/raw/osu_lora/Diff_Days_Indoor_Setup/Day5/Device24/IQ_1.dat,203,15914997,22,22,1,test,diff_days_indoor,5,0,0,0,0,0,0.2730083763599396
data/raw/osu_lora/Diff_Days_Indoor_Setup/Day5/Device24/IQ_1.dat,204,15993396,22,22,1,test,diff_days_indoor,5,0,0,0,0,0,0.2309417426586151
data/raw/osu_lora/Diff_Days_Indoor_Setup/Day5/Device24/IQ_1.dat,205,16071795,22,22,1,test,diff_days_indoor,5,0,0,0,0,0,0.3323652744293213
data/raw/osu_lora/Diff_Days_Indoor_Setup/Day5/Device24/IQ_1.dat,206,16150194,22,22,1,test,diff_days_indoor,5,0,0,0,0,0,0.2561953663825989
data/raw/osu_lora/Diff_Days_Indoor_Setup/Day5/Device24/IQ_1.dat,207,16228593,22,22,1,test,diff_days_indoor,5,0,0,0,0,0,0.2507067918777466
data/raw/osu_lora/Diff_Days_Indoor_Setup/Day5/Device24/IQ_1.dat,208,16306992,22,22,1,test,diff_days_indoor,5,0,0,0,0,0,0.21068744361400604
data/raw/osu_lora/Diff_Days_Indoor_Setup/Day5/Device24/IQ_1.dat,209,16385391,22,22,1,test,diff_days_indoor,5,0,0,0,0,0,0.3197805881500244
data/raw/osu_lora/Diff_Days_Indoor_Setup/Day5/Device24/IQ_1.dat,210,16463790,22,22,1,test,diff_days_indoor,5,0,0,0,0,0,0.2741302251815796
data/raw/osu_lora/Diff_Days_Indoor_Setup/Day5/Device24/IQ_1.dat,211,16542189,22,22,1,test,diff_days_indoor,5,0,0,0,0,0,0.27644187211990356
data/raw/osu_lora/Diff_Days_Indoor_Setup/Day5/Device24/IQ_1.dat,212,16620588,22,15,0,test,diff_days_indoor,5,0,0,0,0,0,0.2464607208967209
data/raw/osu_lora/Diff_Days_Indoor_Setup/Day5/Device24/IQ_1.dat,213,16698987,22,22,1,test,diff_days_indoor,5,0,0,0,0,0,0.28094643354415894
data/raw/osu_lora/Diff_Days_Indoor_Setup/Day5/Device24/IQ_1.dat,214,16777386,22,22,1,test,diff_days_indoor,5,0,0,0,0,0,0.2565237879753113
data/raw/osu_lora/Diff_Days_Indoor_Setup/Day5/Device24/IQ_1.dat,215,16855785,22,22,1,test,diff_days_indoor,5,0,0,0,0,0,0.2802664041519165
data/raw/osu_lora/Diff_Days_Indoor_Setup/Day5/Device24/IQ_1.dat,216,16934184,22,22,1,test,diff_days_indoor,5,0,0,0,0,0,0.27820104360580444
data/raw/osu_lora/Diff_Days_Indoor_Setup/Day5/Device24/IQ_1.dat,217,17012583,22,22,1,test,diff_days_indoor,5,0,0,0,0,0,0.34049561619758606
data/raw/osu_lora/Diff_Days_Indoor_Setup/Day5/Device24/IQ_1.dat,218,17090982,22,15,0,test,diff_days_indoor,5,0,0,0,0,0,0.234866201877594
data/raw/osu_lora/Diff_Days_Indoor_Setup/Day5/Device24/IQ_1.dat,219,17169381,22,22,1,test,diff_days_indoor,5,0,0,0,0,0,0.22024932503700256
data/raw/osu_lora/Diff_Days_Indoor_Setup/Day5/Device24/IQ_1.dat,220,17247780,22,22,1,test,diff_days_indoor,5,0,0,0,0,0,0.2813046872615814
data/raw/osu_lora/Diff_Days_Indoor_Setup/Day5/Device24/IQ_1.dat,221,17326179,22,22,1,test,diff_days_indoor,5,0,0,0,0,0,0.29065343737602234
data/raw/osu_lora/Diff_Days_Indoor_Setup/Day5/Device24/IQ_1.dat,222,17404578,22,19,0,test,diff_days_indoor,5,0,0,0,0,0,0.3089287579059601
data/raw/osu_lora/Diff_Days_Indoor_Setup/Day5/Device24/IQ_1.dat,223,17482977,22,22,1,test,diff_days_indoor,5,0,0,0,0,0,0.24031859636306763
data/raw/osu_lora/Diff_Days_Indoor_Setup/Day5/Device24/IQ_1.dat,224,17561376,22,22,1,test,diff_days_indoor,5,0,0,0,0,0,0.260433554649353
data/raw/osu_lora/Diff_Days_Indoor_Setup/Day5/Device24/IQ_1.dat,225,17639775,22,22,1,test,diff_days_indoor,5,0,0,0,0,0,0.27934080362319946
data/raw/osu_lora/Diff_Days_Indoor_Setup/Day5/Device24/IQ_1.dat,226,17718174,22,22,1,test,diff_days_indoor,5,0,0,0,0,0,0.26030001044273376
data/raw/osu_lora/Diff_Days_Indoor_Setup/Day5/Device24/IQ_1.dat,227,17796573,22,22,1,test,diff_days_indoor,5,0,0,0,0,0,0.2649933099746704
data/raw/osu_lora/Diff_Days_Indoor_Setup/Day5/Device24/IQ_1.dat,228,17874972,22,15,0,test,diff_days_indoor,5,0,0,0,0,0,0.24428032338619232
data/raw/osu_lora/Diff_Days_Indoor_Setup/Day5/Device24/IQ_1.dat,229,17953371,22,22,1,test,diff_days_indoor,5,0,0,0,0,0,0.3116529881954193
data/raw/osu_lora/Diff_Days_Indoor_Setup/Day5/Device24/IQ_1.dat,230,18031770,22,7,0,test,diff_days_indoor,5,0,0,0,0,0,0.19017678499221802
data/raw/osu_lora/Diff_Days_Indoor_Setup/Day5/Device24/IQ_1.dat,231,18110169,22,22,1,test,diff_days_indoor,5,0,0,0,0,0,0.23515069484710693
data/raw/osu_lora/Diff_Days_Indoor_Setup/Day5/Device24/IQ_1.dat,232,18188568,22,15,0,test,diff_days_indoor,5,0,0,0,0,0,0.23103998601436615
data/raw/osu_lora/Diff_Days_Indoor_Setup/Day5/Device24/IQ_1.dat,233,18266967,22,22,1,test,diff_days_indoor,5,0,0,0,0,0,0.23819777369499207
data/raw/osu_lora/Diff_Days_Indoor_Setup/Day5/Device24/IQ_1.dat,234,18345366,22,22,1,test,diff_days_indoor,5,0,0,0,0,0,0.23296622931957245
data/raw/osu_lora/Diff_Days_Indoor_Setup/Day5/Device24/IQ_1.dat,235,18423765,22,22,1,test,diff_days_indoor,5,0,0,0,0,0,0.33562061190605164
data/raw/osu_lora/Diff_Days_Indoor_Setup/Day5/Device24/IQ_1.dat,236,18502164,22,22,1,test,diff_days_indoor,5,0,0,0,0,0,0.1902582198381424
data/raw/osu_lora/Diff_Days_Indoor_Setup/Day5/Device24/IQ_1.dat,237,18580563,22,15,0,test,diff_days_indoor,5,0,0,0,0,0,0.25143682956695557
data/raw/osu_lora/Diff_Days_Indoor_Setup/Day5/Device24/IQ_1.dat,238,18658962,22,22,1,test,diff_days_indoor,5,0,0,0,0,0,0.21248997747898102
data/raw/osu_lora/Diff_Days_Indoor_Setup/Day5/Device24/IQ_1.dat,239,18737361,22,22,1,test,diff_days_indoor,5,0,0,0,0,0,0.1982942372560501
data/raw/osu_lora/Diff_Days_Indoor_Setup/Day5/Device24/IQ_1.dat,240,18815760,22,22,1,test,diff_days_indoor,5,0,0,0,0,0,0.25456130504608154
data/raw/osu_lora/Diff_Days_Indoor_Setup/Day5/Device24/IQ_1.dat,241,18894159,22,22,1,test,diff_days_indoor,5,0,0,0,0,0,0.26126396656036377
data/raw/osu_lora/Diff_Days_Indoor_Setup/Day5/Device24/IQ_1.dat,242,18972558,22,17,0,test,diff_days_indoor,5,0,0,0,0,0,0.1912911832332611
data/raw/osu_lora/Diff_Days_Indoor_Setup/Day5/Device24/IQ_1.dat,243,19050957,22,22,1,test,diff_days_indoor,5,0,0,0,0,0,0.3327048718929291
data/raw/osu_lora/Diff_Days_Indoor_Setup/Day5/Device24/IQ_1.dat,244,19129356,22,22,1,test,diff_days_indoor,5,0,0,0,0,0,0.19260697066783905
data/raw/osu_lora/Diff_Days_Indoor_Setup/Day5/Device24/IQ_1.dat,245,19207755,22,15,0,test,diff_days_indoor,5,0,0,0,0,0,0.19545350968837738
data/raw/osu_lora/Diff_Days_Indoor_Setup/Day5/Device24/IQ_1.dat,246,19286154,22,22,1,test,diff_days_indoor,5,0,0,0,0,0,0.2600553631782532
data/raw/osu_lora/Diff_Days_Indoor_Setup/Day5/Device24/IQ_1.dat,247,19364553,22,22,1,test,diff_days_indoor,5,0,0,0,0,0,0.23845361173152924
data/raw/osu_lora/Diff_Days_Indoor_Setup/Day5/Device24/IQ_1.dat,248,19442952,22,7,0,test,diff_days_indoor,5,0,0,0,0,0,0.13347722589969635
data/raw/osu_lora/Diff_Days_Indoor_Setup/Day5/Device24/IQ_1.dat,249,19521351,22,22,1,test,diff_days_indoor,5,0,0,0,0,0,0.21389275789260864
data/raw/osu_lora/Diff_Days_Indoor_Setup/Day5/Device24/IQ_1.dat,250,19599750,22,15,0,test,diff_days_indoor,5,0,0,0,0,0,0.24028761684894562
data/raw/osu_lora/Diff_Days_Indoor_Setup/Day5/Device24/IQ_1.dat,251,19678149,22,17,0,test,diff_days_indoor,5,0,0,0,0,0,0.1837725192308426
data/raw/osu_lora/Diff_Days_Indoor_Setup/Day5/Device24/IQ_1.dat,252,19756548,22,22,1,test,diff_days_indoor,5,0,0,0,0,0,0.2791479825973511
data/raw/osu_lora/Diff_Days_Indoor_Setup/Day5/Device24/IQ_1.dat,253,19834947,22,15,0,test,diff_days_indoor,5,0,0,0,0,0,0.23315997421741486
data/raw/osu_lora/Diff_Days_Indoor_Setup/Day5/Device24/IQ_1.dat,254,19913346,22,22,1,test,diff_days_indoor,5,0,0,0,0,0,0.25582054257392883
data/raw/osu_lora/Diff_Days_Indoor_Setup/Day5/Device24/IQ_1.dat,255,19991745,22,22,1,test,diff_days_indoor,5,0,0,0,0,0,0.27038124203681946
data/raw/osu_lora/Diff_Days_Indoor_Setup/Day5/Device25/IQ_1.dat,0,0,23,15,0,test,diff_days_indoor,5,0,0,0,0,0,0.2510666847229004
data/raw/osu_lora/Diff_Days_Indoor_Setup/Day5/Device25/IQ_1.dat,1,78399,23,15,0,test,diff_days_indoor,5,0,0,0,0,0,0.2625018060207367
data/raw/osu_lora/Diff_Days_Indoor_Setup/Day5/Device25/IQ_1.dat,2,156798,23,15,0,test,diff_days_indoor,5,0,0,0,0,0,0.2392417937517166
data/raw/osu_lora/Diff_Days_Indoor_Setup/Day5/Device25/IQ_1.dat,3,235197,23,15,0,test,diff_days_indoor,5,0,0,0,0,0,0.2600955069065094
data/raw/osu_lora/Diff_Days_Indoor_Setup/Day5/Device25/IQ_1.dat,4,313596,23,15,0,test,diff_days_indoor,5,0,0,0,0,0,0.25231415033340454
data/raw/osu_lora/Diff_Days_Indoor_Setup/Day5/Device25/IQ_1.dat,5,391995,23,19,0,test,diff_days_indoor,5,0,0,0,0,0,0.25539103150367737
data/raw/osu_lora/Diff_Days_Indoor_Setup/Day5/Device25/IQ_1.dat,6,470394,23,19,0,test,diff_days_indoor,5,0,0,0,0,0,0.25204819440841675
data/raw/osu_lora/Diff_Days_Indoor_Setup/Day5/Device25/IQ_1.dat,7,548793,23,17,0,test,diff_days_indoor,5,0,0,0,0,0,0.18538513779640198
data/raw/osu_lora/Diff_Days_Indoor_Setup/Day5/Device25/IQ_1.dat,8,627192,23,15,0,test,diff_days_indoor,5,0,0,0,0,0,0.2574748396873474
data/raw/osu_lora/Diff_Days_Indoor_Setup/Day5/Device25/IQ_1.dat,9,705591,23,17,0,test,diff_days_indoor,5,0,0,0,0,0,0.18543466925621033
data/raw/osu_lora/Diff_Days_Indoor_Setup/Day5/Device25/IQ_1.dat,10,783990,23,19,0,test,diff_days_indoor,5,0,0,0,0,0,0.2858201563358307
data/raw/osu_lora/Diff_Days_Indoor_Setup/Day5/Device25/IQ_1.dat,11,862389,23,15,0,test,diff_days_indoor,5,0,0,0,0,0,0.26434749364852905
data/raw/osu_lora/Diff_Days_Indoor_Setup/Day5/Device25/IQ_1.dat,12,940788,23,15,0,test,diff_days_indoor,5,0,0,0,0,0,0.25717979669570923
data/raw/osu_lora/Diff_Days_Indoor_Setup/Day5/Device25/IQ_1.dat,13,1019187,23,15,0,test,diff_days_indoor,5,0,0,0,0,0,0.2417105734348297
data/raw/osu_lora/Diff_Days_Indoor_Setup/Day5/Device25/IQ_1.dat,14,1097586,23,7,0,test,diff_days_indoor,5,0,0,0,0,0,0.11017581820487976
data/raw/osu_lora/Diff_Days_Indoor_Setup/Day5/Device25/IQ_1.dat,15,1175985,23,15,0,test,diff_days_indoor,5,0,0,0,0,0,0.2545892000198364
data/raw/osu_lora/Diff_Days_Indoor_Setup/Day5/Device25/IQ_1.dat,16,1254384,23,15,0,test,diff_days_indoor,5,0,0,0,0,0,0.2625800371170044
data/raw/osu_lora/Diff_Days_Indoor_Setup/Day5/Device25/IQ_1.dat,17,1332783,23,15,0,test,diff_days_indoor,5,0,0,0,0,0,0.2293277233839035
data/raw/osu_lora/Diff_Days_Indoor_Setup/Day5/Device25/IQ_1.dat,18,1411182,23,15,0,test,diff_days_indoor,5,0,0,0,0,0,0.2366415560245514
data/raw/osu_lora/Diff_Days_Indoor_Setup/Day5/Device25/IQ_1.dat,19,1489581,23,15,0,test,diff_days_indoor,5,0,0,0,0,0,0.25411340594291687
data/raw/osu_lora/Diff_Days_Indoor_Setup/Day5/Device25/IQ_1.dat,20,1567980,23,19,0,test,diff_days_indoor,5,0,0,0,0,0,0.2988676428794861
data/raw/osu_lora/Diff_Days_Indoor_Setup/Day5/Device25/IQ_1.dat,21,1646379,23,15,0,test,diff_days_indoor,5,0,0,0,0,0,0.23430491983890533
data/raw/osu_lora/Diff_Days_Indoor_Setup/Day5/Device25/IQ_1.dat,22,1724778,23,15,0,test,diff_days_indoor,5,0,0,0,0,0,0.22900545597076416
data/raw/osu_lora/Diff_Days_Indoor_Setup/Day5/Device25/IQ_1.dat,23,1803177,23,15,0,test,diff_days_indoor,5,0,0,0,0,0,0.25736284255981445
data/raw/osu_lora/Diff_Days_Indoor_Setup/Day5/Device25/IQ_1.dat,24,1881576,23,22,0,test,diff_days_indoor,5,0,0,0,0,0,0.259150892496109
data/raw/osu_lora/Diff_Days_Indoor_Setup/Day5/Device25/IQ_1.dat,25,1959975,23,15,0,test,diff_days_indoor,5,0,0,0,0,0,0.264705628156662
data/raw/osu_lora/Diff_Days_Indoor_Setup/Day5/Device25/IQ_1.dat,26,2038374,23,15,0,test,diff_days_indoor,5,0,0,0,0,0,0.24564357101917267
data/raw/osu_lora/Diff_Days_Indoor_Setup/Day5/Device25/IQ_1.dat,27,2116773,23,15,0,test,diff_days_indoor,5,0,0,0,0,0,0.21924597024917603
data/raw/osu_lora/Diff_Days_Indoor_Setup/Day5/Device25/IQ_1.dat,28,2195172,23,15,0,test,diff_days_indoor,5,0,0,0,0,0,0.25319284200668335
data/raw/osu_lora/Diff_Days_Indoor_Setup/Day5/Device25/IQ_1.dat,29,2273571,23,15,0,test,diff_days_indoor,5,0,0,0,0,0,0.25476163625717163
data/raw/osu_lora/Diff_Days_Indoor_Setup/Day5/Device25/IQ_1.dat,30,2351970,23,15,0,test,diff_days_indoor,5,0,0,0,0,0,0.25641387701034546
data/raw/osu_lora/Diff_Days_Indoor_Setup/Day5/Device25/IQ_1.dat,31,2430369,23,15,0,test,diff_days_indoor,5,0,0,0,0,0,0.24616141617298126
data/raw/osu_lora/Diff_Days_Indoor_Setup/Day5/Device25/IQ_1.dat,32,2508768,23,15,0,test,diff_days_indoor,5,0,0,0,0,0,0.2425449937582016
data/raw/osu_lora/Diff_Days_Indoor_Setup/Day5/Device25/IQ_1.dat,33,2587167,23,22,0,test,diff_days_indoor,5,0,0,0,0,0,0.26018303632736206
data/raw/osu_lora/Diff_Days_Indoor_Setup/Day5/Device25/IQ_1.dat,34,2665566,23,15,0,test,diff_days_indoor,5,0,0,0,0,0,0.2546648383140564
data/raw/osu_lora/Diff_Days_Indoor_Setup/Day5/Device25/IQ_1.dat,35,2743965,23,19,0,test,diff_days_indoor,5,0,0,0,0,0,0.3411947786808014
data/raw/osu_lora/Diff_Days_Indoor_Setup/Day5/Device25/IQ_1.dat,36,2822364,23,15,0,test,diff_days_indoor,5,0,0,0,0,0,0.21080906689167023
data/raw/osu_lora/Diff_Days_Indoor_Setup/Day5/Device25/IQ_1.dat,37,2900763,23,15,0,test,diff_days_indoor,5,0,0,0,0,0,0.24992598593235016
data/raw/osu_lora/Diff_Days_Indoor_Setup/Day5/Device25/IQ_1.dat,38,2979162,23,15,0,test,diff_days_indoor,5,0,0,0,0,0,0.25045064091682434
data/raw/osu_lora/Diff_Days_Indoor_Setup/Day5/Device25/IQ_1.dat,39,3057561,23,15,0,test,diff_days_indoor,5,0,0,0,0,0,0.23458939790725708
data/raw/osu_lora/Diff_Days_Indoor_Setup/Day5/Device25/IQ_1.dat,40,3135960,23,15,0,test,diff_days_indoor,5,0,0,0,0,0,0.20121155679225922
data/raw/osu_lora/Diff_Days_Indoor_Setup/Day5/Device25/IQ_1.dat,41,3214359,23,22,0,test,diff_days_indoor,5,0,0,0,0,0,0.267580509185791
data/raw/osu_lora/Diff_Days_Indoor_Setup/Day5/Device25/IQ_1.dat,42,3292758,23,15,0,test,diff_days_indoor,5,0,0,0,0,0,0.2546684145927429
data/raw/osu_lora/Diff_Days_Indoor_Setup/Day5/Device25/IQ_1.dat,43,3371157,23,15,0,test,diff_days_indoor,5,0,0,0,0,0,0.22763696312904358
data/raw/osu_lora/Diff_Days_Indoor_Setup/Day5/Device25/IQ_1.dat,44,3449556,23,22,0,test,diff_days_indoor,5,0,0,0,0,0,0.2570950388908386
data/raw/osu_lora/Diff_Days_Indoor_Setup/Day5/Device25/IQ_1.dat,45,3527955,23,15,0,test,diff_days_indoor,5,0,0,0,0,0,0.257366418838501
data/raw/osu_lora/Diff_Days_Indoor_Setup/Day5/Device25/IQ_1.dat,46,3606354,23,15,0,test,diff_days_indoor,5,0,0,0,0,0,0.2536599040031433
data/raw/osu_lora/Diff_Days_Indoor_Setup/Day5/Device25/IQ_1.dat,47,3684753,23,15,0,test,diff_days_indoor,5,0,0,0,0,0,0.25209343433380127
data/raw/osu_lora/Diff_Days_Indoor_Setup/Day5/Device25/IQ_1.dat,48,3763152,23,15,0,test,diff_days_indoor,5,0,0,0,0,0,0.24620606005191803
data/raw/osu_lora/Diff_Days_Indoor_Setup/Day5/Device25/IQ_1.dat,49,3841551,23,15,0,test,diff_days_indoor,5,0,0,0,0,0,0.25917255878448486
data/raw/osu_lora/Diff_Days_Indoor_Setup/Day5/Device25/IQ_1.dat,50,3919950,23,15,0,test,diff_days_indoor,5,0,0,0,0,0,0.258091539144516
data/raw/osu_lora/Diff_Days_Indoor_Setup/Day5/Device25/IQ_1.dat,51,3998349,23,15,0,test,diff_days_indoor,5,0,0,0,0,0,0.2594448924064636
data/raw/osu_lora/Diff_Days_Indoor_Setup/Day5/Device25/IQ_1.dat,52,4076748,23,15,0,test,diff_days_indoor,5,0,0,0,0,0,0.252561092376709
data/raw/osu_lora/Diff_Days_Indoor_Setup/Day5/Device25/IQ_1.dat,53,4155147,23,15,0,test,diff_days_indoor,5,0,0,0,0,0,0.255741685628891
data/raw/osu_lora/Diff_Days_Indoor_Setup/Day5/Device25/IQ_1.dat,54,4233546,23,15,0,test,diff_days_indoor,5,0,0,0,0,0,0.2523094117641449
data/raw/osu_lora/Diff_Days_Indoor_Setup/Day5/Device25/IQ_1.dat,55,4311945,23,15,0,test,diff_days_indoor,5,0,0,0,0,0,0.2404172569513321
data/raw/osu_lora/Diff_Days_Indoor_Setup/Day5/Device25/IQ_1.dat,56,4390344,23,15,0,test,diff_days_indoor,5,0,0,0,0,0,0.25940144062042236
data/raw/osu_lora/Diff_Days_Indoor_Setup/Day5/Device25/IQ_1.dat,57,4468743,23,15,0,test,diff_days_indoor,5,0,0,0,0,0,0.24841894209384918
data/raw/osu_lora/Diff_Days_Indoor_Setup/Day5/Device25/IQ_1.dat,58,4547142,23,15,0,test,diff_days_indoor,5,0,0,0,0,0,0.2526848614215851
data/raw/osu_lora/Diff_Days_Indoor_Setup/Day5/Device25/IQ_1.dat,59,4625541,23,15,0,test,diff_days_indoor,5,0,0,0,0,0,0.2511664032936096
data/raw/osu_lora/Diff_Days_Indoor_Setup/Day5/Device25/IQ_1.dat,60,4703940,23,15,0,test,diff_days_indoor,5,0,0,0,0,0,0.25078070163726807
data/raw/osu_lora/Diff_Days_Indoor_Setup/Day5/Device25/IQ_1.dat,61,4782339,23,7,0,test,diff_days_indoor,5,0,0,0,0,0,0.14842966198921204
data/raw/osu_lora/Diff_Days_Indoor_Setup/Day5/Device25/IQ_1.dat,62,4860738,23,15,0,test,diff_days_indoor,5,0,0,0,0,0,0.25558286905288696
data/raw/osu_lora/Diff_Days_Indoor_Setup/Day5/Device25/IQ_1.dat,63,4939137,23,15,0,test,diff_days_indoor,5,0,0,0,0,0,0.2533189654350281
data/raw/osu_lora/Diff_Days_Indoor_Setup/Day5/Device25/IQ_1.dat,64,5017536,23,15,0,test,diff_days_indoor,5,0,0,0,0,0,0.2422434538602829
data/raw/osu_lora/Diff_Days_Indoor_Setup/Day5/Device25/IQ_1.dat,65,5095935,23,15,0,test,diff_days_indoor,5,0,0,0,0,0,0.2326691746711731
data/raw/osu_lora/Diff_Days_Indoor_Setup/Day5/Device25/IQ_1.dat,66,5174334,23,15,0,test,diff_days_indoor,5,0,0,0,0,0,0.253709077835083
data/raw/osu_lora/Diff_Days_Indoor_Setup/Day5/Device25/IQ_1.dat,67,5252733,23,15,0,test,diff_days_indoor,5,0,0,0,0,0,0.21979568898677826
data/raw/osu_lora/Diff_Days_Indoor_Setup/Day5/Device25/IQ_1.dat,68,5331132,23,17,0,test,diff_days_indoor,5,0,0,0,0,0,0.1821841448545456
data/raw/osu_lora/Diff_Days_Indoor_Setup/Day5/Device25/IQ_1.dat,69,5409531,23,15,0,test,diff_days_indoor,5,0,0,0,0,0,0.25449296832084656
data/raw/osu_lora/Diff_Days_Indoor_Setup/Day5/Device25/IQ_1.dat,70,5487930,23,15,0,test,diff_days_indoor,5,0,0,0,0,0,0.2583405077457428
data/raw/osu_lora/Diff_Days_Indoor_Setup/Day5/Device25/IQ_1.dat,71,5566329,23,19,0,test,diff_days_indoor,5,0,0,0,0,0,0.25517538189888
data/raw/osu_lora/Diff_Days_Indoor_Setup/Day5/Device25/IQ_1.dat,72,5644728,23,19,0,test,diff_days_indoor,5,0,0,0,0,0,0.25749456882476807
data/raw/osu_lora/Diff_Days_Indoor_Setup/Day5/Device25/IQ_1.dat,73,5723127,23,22,0,test,diff_days_indoor,5,0,0,0,0,0,0.22315393388271332
data/raw/osu_lora/Diff_Days_Indoor_Setup/Day5/Device25/IQ_1.dat,74,5801526,23,22,0,test,diff_days_indoor,5,0,0,0,0,0,0.24245591461658478
data/raw/osu_lora/Diff_Days_Indoor_Setup/Day5/Device25/IQ_1.dat,75,5879925,23,15,0,test,diff_days_indoor,5,0,0,0,0,0,0.22678203880786896
data/raw/osu_lora/Diff_Days_Indoor_Setup/Day5/Device25/IQ_1.dat,76,5958324,23,15,0,test,diff_days_indoor,5,0,0,0,0,0,0.2614247500896454
data/raw/osu_lora/Diff_Days_Indoor_Setup/Day5/Device25/IQ_1.dat,77,6036723,23,22,0,test,diff_days_indoor,5,0,0,0,0,0,0.2524239420890808
data/raw/osu_lora/Diff_Days_Indoor_Setup/Day5/Device25/IQ_1.dat,78,6115122,23,22,0,test,diff_days_indoor,5,0,0,0,0,0,0.24598664045333862
data/raw/osu_lora/Diff_Days_Indoor_Setup/Day5/Device25/IQ_1.dat,79,6193521,23,19,0,test,diff_days_indoor,5,0,0,0,0,0,0.27647876739501953
data/raw/osu_lora/Diff_Days_Indoor_Setup/Day5/Device25/IQ_1.dat,80,6271920,23,22,0,test,diff_days_indoor,5,0,0,0,0,0,0.2552928626537323
data/raw/osu_lora/Diff_Days_Indoor_Setup/Day5/Device25/IQ_1.dat,81,6350319,23,15,0,test,diff_days_indoor,5,0,0,0,0,0,0.2540053129196167
data/raw/osu_lora/Diff_Days_Indoor_Setup/Day5/Device25/IQ_1.dat,82,6428718,23,22,0,test,diff_days_indoor,5,0,0,0,0,0,0.2540535628795624
data/raw/osu_lora/Diff_Days_Indoor_Setup/Day5/Device25/IQ_1.dat,83,6507117,23,15,0,test,diff_days_indoor,5,0,0,0,0,0,0.24034886062145233
data/raw/osu_lora/Diff_Days_Indoor_Setup/Day5/Device25/IQ_1.dat,84,6585516,23,15,0,test,diff_days_indoor,5,0,0,0,0,0,0.25863316655158997
data/raw/osu_lora/Diff_Days_Indoor_Setup/Day5/Device25/IQ_1.dat,85,6663915,23,15,0,test,diff_days_indoor,5,0,0,0,0,0,0.24174420535564423
data/raw/osu_lora/Diff_Days_Indoor_Setup/Day5/Device25/IQ_1.dat,86,6742314,23,15,0,test,diff_days_indoor,5,0,0,0,0,0,0.2596813142299652
data/raw/osu_lora/Diff_Days_Indoor_Setup/Day5/Device25/IQ_1.dat,87,6820713,23,23,1,test,diff_days_indoor,5,0,0,0,0,0,0.11069239675998688
data/raw/osu_lora/Diff_Days_Indoor_Setup/Day5/Device25/IQ_1.dat,88,6899112,23,15,0,test,diff_days_indoor,5,0,0,0,0,0,0.2501281201839447
data/raw/osu_lora/Diff_Days_Indoor_Setup/Day5/Device25/IQ_1.dat,89,6977511,23,15,0,test,diff_days_indoor,5,0,0,0,0,0,0.2515006959438324
data/raw/osu_lora/Diff_Days_Indoor_Setup/Day5/Device25/IQ_1.dat,90,7055910,23,15,0,test,diff_days_indoor,5,0,0,0,0,0,0.2463914304971695
data/raw/osu_lora/Diff_Days_Indoor_Setup/Day5/Device25/IQ_1.dat,91,7134309,23,19,0,test,diff_days_indoor,5,0,0,0,0,0,0.2516024708747864
data/raw/osu_lora/Diff_Days_Indoor_Setup/Day5/Device25/IQ_1.dat,92,7212708,23,15,0,test,diff_days_indoor,5,0,0,0,0,0,0.25217553973197937
data/raw/osu_lora/Diff_Days_Indoor_Setup/Day5/Device25/IQ_1.dat,93,7291107,23,15,0,test,diff_days_indoor,5,0,0,0,0,0,0.25694042444229126
data/raw/osu_lora/Diff_Days_Indoor_Setup/Day5/Device25/IQ_1.dat,94,7369506,23,17,0,test,diff_days_indoor,5,0,0,0,0,0,0.18305760622024536
data/raw/osu_lora/Diff_Days_Indoor_Setup/Day5/Device25/IQ_1.dat,95,7447905,23,15,0,test,diff_days_indoor,5,0,0,0,0,0,0.25784915685653687
data/raw/osu_lora/Diff_Days_Indoor_Setup/Day5/Device25/IQ_1.dat,96,7526304,23,19,0,test,diff_days_indoor,5,0,0,0,0,0,0.2974330186843872
data/raw/osu_lora/Diff_Days_Indoor_Setup/Day5/Device25/IQ_1.dat,97,7604703,23,15,0,test,diff_days_indoor,5,0,0,0,0,0,0.2532151937484741
data/raw/osu_lora/Diff_Days_Indoor_Setup/Day5/Device25/IQ_1.dat,98,7683102,23,15,0,test,diff_days_indoor,5,0,0,0,0,0,0.2572053074836731
data/raw/osu_lora/Diff_Days_Indoor_Setup/Day5/Device25/IQ_1.dat,99,7761501,23,15,0,test,diff_days_indoor,5,0,0,0,0,0,0.25544536113739014
data/raw/osu_lora/Diff_Days_Indoor_Setup/Day5/Device25/IQ_1.dat,100,7839900,23,15,0,test,diff_days_indoor,5,0,0,0,0,0,0.2490437626838684
data/raw/osu_lora/Diff_Days_Indoor_Setup/Day5/Device25/IQ_1.dat,101,7918299,23,22,0,test,diff_days_indoor,5,0,0,0,0,0,0.26382365822792053
data/raw/osu_lora/Diff_Days_Indoor_Setup/Day5/Device25/IQ_1.dat,102,7996698,23,15,0,test,diff_days_indoor,5,0,0,0,0,0,0.2612113952636719
data/raw/osu_lora/Diff_Days_Indoor_Setup/Day5/Device25/IQ_1.dat,103,8075097,23,15,0,test,diff_days_indoor,5,0,0,0,0,0,0.25477632880210876
data/raw/osu_lora/Diff_Days_Indoor_Setup/Day5/Device25/IQ_1.dat,104,8153496,23,15,0,test,diff_days_indoor,5,0,0,0,0,0,0.2573050260543823
data/raw/osu_lora/Diff_Days_Indoor_Setup/Day5/Device25/IQ_1.dat,105,8231895,23,15,0,test,diff_days_indoor,5,0,0,0,0,0,0.25795385241508484
data/raw/osu_lora/Diff_Days_Indoor_Setup/Day5/Device25/IQ_1.dat,106,8310294,23,22,0,test,diff_days_indoor,5,0,0,0,0,0,0.25427064299583435
data/raw/osu_lora/Diff_Days_Indoor_Setup/Day5/Device25/IQ_1.dat,107,8388693,23,15,0,test,diff_days_indoor,5,0,0,0,0,0,0.25489869713783264
data/raw/osu_lora/Diff_Days_Indoor_Setup/Day5/Device25/IQ_1.dat,108,8467092,23,22,0,test,diff_days_indoor,5,0,0,0,0,0,0.2493463009595871
data/raw/osu_lora/Diff_Days_Indoor_Setup/Day5/Device25/IQ_1.dat,109,8545491,23,15,0,test,diff_days_indoor,5,0,0,0,0,0,0.24463312327861786
data/raw/osu_lora/Diff_Days_Indoor_Setup/Day5/Device25/IQ_1.dat,110,8623890,23,15,0,test,diff_days_indoor,5,0,0,0,0,0,0.24937604367733002
data/raw/osu_lora/Diff_Days_Indoor_Setup/Day5/Device25/IQ_1.dat,111,8702289,23,15,0,test,diff_days_indoor,5,0,0,0,0,0,0.25499242544174194
data/raw/osu_lora/Diff_Days_Indoor_Setup/Day5/Device25/IQ_1.dat,112,8780688,23,15,0,test,diff_days_indoor,5,0,0,0,0,0,0.19402572512626648
data/raw/osu_lora/Diff_Days_Indoor_Setup/Day5/Device25/IQ_1.dat,113,8859087,23,15,0,test,diff_days_indoor,5,0,0,0,0,0,0.2560782730579376
data/raw/osu_lora/Diff_Days_Indoor_Setup/Day5/Device25/IQ_1.dat,114,8937486,23,15,0,test,diff_days_indoor,5,0,0,0,0,0,0.2615877091884613
data/raw/osu_lora/Diff_Days_Indoor_Setup/Day5/Device25/IQ_1.dat,115,9015885,23,15,0,test,diff_days_indoor,5,0,0,0,0,0,0.25485149025917053
data/raw/osu_lora/Diff_Days_Indoor_Setup/Day5/Device25/IQ_1.dat,116,9094284,23,15,0,test,diff_days_indoor,5,0,0,0,0,0,0.2408076524734497
data/raw/osu_lora/Diff_Days_Indoor_Setup/Day5/Device25/IQ_1.dat,117,9172683,23,22,0,test,diff_days_indoor,5,0,0,0,0,0,0.25715455412864685
data/raw/osu_lora/Diff_Days_Indoor_Setup/Day5/Device25/IQ_1.dat,118,9251082,23,15,0,test,diff_days_indoor,5,0,0,0,0,0,0.2617994248867035
data/raw/osu_lora/Diff_Days_Indoor_Setup/Day5/Device25/IQ_1.dat,119,9329481,23,15,0,test,diff_days_indoor,5,0,0,0,0,0,0.20153504610061646
data/raw/osu_lora/Diff_Days_Indoor_Setup/Day5/Device25/IQ_1.dat,120,9407880,23,22,0,test,diff_days_indoor,5,0,0,0,0,0,0.27091437578201294
data/raw/osu_lora/Diff_Days_Indoor_Setup/Day5/Device25/IQ_1.dat,121,9486279,23,15,0,test,diff_days_indoor,5,0,0,0,0,0,0.25353553891181946
data/raw/osu_lora/Diff_Days_Indoor_Setup/Day5/Device25/IQ_1.dat,122,9564678,23,15,0,test,diff_days_indoor,5,0,0,0,0,0,0.19791290163993835
data/raw/osu_lora/Diff_Days_Indoor_Setup/Day5/Device25/IQ_1.dat,123,9643077,23,15,0,test,diff_days_indoor,5,0,0,0,0,0,0.2614434063434601
data/raw/osu_lora/Diff_Days_Indoor_Setup/Day5/Device25/IQ_1.dat,124,9721476,23,15,0,test,diff_days_indoor,5,0,0,0,0,0,0.2562282383441925
data/raw/osu_lora/Diff_Days_Indoor_Setup/Day5/Device25/IQ_1.dat,125,9799875,23,15,0,test,diff_days_indoor,5,0,0,0,0,0,0.25973454117774963
data/raw/osu_lora/Diff_Days_Indoor_Setup/Day5/Device25/IQ_1.dat,126,9878274,23,15,0,test,diff_days_indoor,5,0,0,0,0,0,0.25974753499031067
data/raw/osu_lora/Diff_Days_Indoor_Setup/Day5/Device25/IQ_1.dat,127,9956673,23,17,0,test,diff_days_indoor,5,0,0,0,0,0,0.17911528050899506
data/raw/osu_lora/Diff_Days_Indoor_Setup/Day5/Device25/IQ_1.dat,128,10035072,23,15,0,test,diff_days_indoor,5,0,0,0,0,0,0.258225679397583
data/raw/osu_lora/Diff_Days_Indoor_Setup/Day5/Device25/IQ_1.dat,129,10113471,23,17,0,test,diff_days_indoor,5,0,0,0,0,0,0.18637610971927643
data/raw/osu_lora/Diff_Days_Indoor_Setup/Day5/Device25/IQ_1.dat,130,10191870,23,15,0,test,diff_days_indoor,5,0,0,0,0,0,0.2594250738620758
data/raw/osu_lora/Diff_Days_Indoor_Setup/Day5/Device25/IQ_1.dat,131,10270269,23,15,0,test,diff_days_indoor,5,0,0,0,0,0,0.25097426772117615
data/raw/osu_lora/Diff_Days_Indoor_Setup/Day5/Device25/IQ_1.dat,132,10348668,23,15,0,test,diff_days_indoor,5,0,0,0,0,0,0.24886952340602875
data/raw/osu_lora/Diff_Days_Indoor_Setup/Day5/Device25/IQ_1.dat,133,10427067,23,15,0,test,diff_days_indoor,5,0,0,0,0,0,0.2551439106464386
data/raw/osu_lora/Diff_Days_Indoor_Setup/Day5/Device25/IQ_1.dat,134,10505466,23,7,0,test,diff_days_indoor,5,0,0,0,0,0,0.12497199326753616
data/raw/osu_lora/Diff_Days_Indoor_Setup/Day5/Device25/IQ_1.dat,135,10583865,23,19,0,test,diff_days_indoor,5,0,0,0,0,0,0.2628115117549896
data/raw/osu_lora/Diff_Days_Indoor_Setup/Day5/Device25/IQ_1.dat,136,10662264,23,15,0,test,diff_days_indoor,5,0,0,0,0,0,0.2557183504104614
data/raw/osu_lora/Diff_Days_Indoor_Setup/Day5/Device25/IQ_1.dat,137,10740663,23,15,0,test,diff_days_indoor,5,0,0,0,0,0,0.24855808913707733
data/raw/osu_lora/Diff_Days_Indoor_Setup/Day5/Device25/IQ_1.dat,138,10819062,23,15,0,test,diff_days_indoor,5,0,0,0,0,0,0.2608553469181061
data/raw/osu_lora/Diff_Days_Indoor_Setup/Day5/Device25/IQ_1.dat,139,10897461,23,15,0,test,diff_days_indoor,5,0,0,0,0,0,0.25707271695137024
data/raw/osu_lora/Diff_Days_Indoor_Setup/Day5/Device25/IQ_1.dat,140,10975860,23,15,0,test,diff_days_indoor,5,0,0,0,0,0,0.2559517025947571
data/raw/osu_lora/Diff_Days_Indoor_Setup/Day5/Device25/IQ_1.dat,141,11054259,23,15,0,test,diff_days_indoor,5,0,0,0,0,0,0.24999070167541504
data/raw/osu_lora/Diff_Days_Indoor_Setup/Day5/Device25/IQ_1.dat,142,11132658,23,15,0,test,diff_days_indoor,5,0,0,0,0,0,0.24044837057590485
data/raw/osu_lora/Diff_Days_Indoor_Setup/Day5/Device25/IQ_1.dat,143,11211057,23,15,0,test,diff_days_indoor,5,0,0,0,0,0,0.255565881729126
data/raw/osu_lora/Diff_Days_Indoor_Setup/Day5/Device25/IQ_1.dat,144,11289456,23,15,0,test,diff_days_indoor,5,0,0,0,0,0,0.24913521111011505
data/raw/osu_lora/Diff_Days_Indoor_Setup/Day5/Device25/IQ_1.dat,145,11367855,23,15,0,test,diff_days_indoor,5,0,0,0,0,0,0.24815206229686737
data/raw/osu_lora/Diff_Days_Indoor_Setup/Day5/Device25/IQ_1.dat,146,11446254,23,15,0,test,diff_days_indoor,5,0,0,0,0,0,0.25418490171432495
data/raw/osu_lora/Diff_Days_Indoor_Setup/Day5/Device25/IQ_1.dat,147,11524653,23,15,0,test,diff_days_indoor,5,0,0,0,0,0,0.22981132566928864
data/raw/osu_lora/Diff_Days_Indoor_Setup/Day5/Device25/IQ_1.dat,148,11603052,23,15,0,test,diff_days_indoor,5,0,0,0,0,0,0.24266192317008972
data/raw/osu_lora/Diff_Days_Indoor_Setup/Day5/Device25/IQ_1.dat,149,11681451,23,15,0,test,diff_days_indoor,5,0,0,0,0,0,0.2529435455799103
data/raw/osu_lora/Diff_Days_Indoor_Setup/Day5/Device25/IQ_1.dat,150,11759850,23,15,0,test,diff_days_indoor,5,0,0,0,0,0,0.2499236762523651
data/raw/osu_lora/Diff_Days_Indoor_Setup/Day5/Device25/IQ_1.dat,151,11838249,23,15,0,test,diff_days_indoor,5,0,0,0,0,0,0.26527026295661926
data/raw/osu_lora/Diff_Days_Indoor_Setup/Day5/Device25/IQ_1.dat,152,11916648,23,22,0,test,diff_days_indoor,5,0,0,0,0,0,0.25226539373397827
data/raw/osu_lora/Diff_Days_Indoor_Setup/Day5/Device25/IQ_1.dat,153,11995047,23,22,0,test,diff_days_indoor,5,0,0,0,0,0,0.2716967463493347
data/raw/osu_lora/Diff_Days_Indoor_Setup/Day5/Device25/IQ_1.dat,154,12073446,23,15,0,test,diff_days_indoor,5,0,0,0,0,0,0.25124645233154297
data/raw/osu_lora/Diff_Days_Indoor_Setup/Day5/Device25/IQ_1.dat,155,12151845,23,15,0,test,diff_days_indoor,5,0,0,0,0,0,0.2544029653072357
data/raw/osu_lora/Diff_Days_Indoor_Setup/Day5/Device25/IQ_1.dat,156,12230244,23,15,0,test,diff_days_indoor,5,0,0,0,0,0,0.2540815472602844
data/raw/osu_lora/Diff_Days_Indoor_Setup/Day5/Device25/IQ_1.dat,157,12308643,23,19,0,test,diff_days_indoor,5,0,0,0,0,0,0.2500903606414795
data/raw/osu_lora/Diff_Days_Indoor_Setup/Day5/Device25/IQ_1.dat,158,12387042,23,19,0,test,diff_days_indoor,5,0,0,0,0,0,0.26125869154930115
data/raw/osu_lora/Diff_Days_Indoor_Setup/Day5/Device25/IQ_1.dat,159,12465441,23,15,0,test,diff_days_indoor,5,0,0,0,0,0,0.261459618806839
data/raw/osu_lora/Diff_Days_Indoor_Setup/Day5/Device25/IQ_1.dat,160,12543840,23,23,1,test,diff_days_indoor,5,0,0,0,0,0,0.21629765629768372
data/raw/osu_lora/Diff_Days_Indoor_Setup/Day5/Device25/IQ_1.dat,161,12622239,23,19,0,test,diff_days_indoor,5,0,0,0,0,0,0.2712758481502533
data/raw/osu_lora/Diff_Days_Indoor_Setup/Day5/Device25/IQ_1.dat,162,12700638,23,15,0,test,diff_days_indoor,5,0,0,0,0,0,0.25598031282424927
data/raw/osu_lora/Diff_Days_Indoor_Setup/Day5/Device25/IQ_1.dat,163,12779037,23,15,0,test,diff_days_indoor,5,0,0,0,0,0,0.2542843818664551
data/raw/osu_lora/Diff_Days_Indoor_Setup/Day5/Device25/IQ_1.dat,164,12857436,23,22,0,test,diff_days_indoor,5,0,0,0,0,0,0.26304250955581665
data/raw/osu_lora/Diff_Days_Indoor_Setup/Day5/Device25/IQ_1.dat,165,12935835,23,15,0,test,diff_days_indoor,5,0,0,0,0,0,0.24315637350082397
data/raw/osu_lora/Diff_Days_Indoor_Setup/Day5/Device25/IQ_1.dat,166,13014234,23,17,0,test,diff_days_indoor,5,0,0,0,0,0,0.18001240491867065
data/raw/osu_lora/Diff_Days_Indoor_Setup/Day5/Device25/IQ_1.dat,167,13092633,23,15,0,test,diff_days_indoor,5,0,0,0,0,0,0.25636500120162964
data/raw/osu_lora/Diff_Days_Indoor_Setup/Day5/Device25/IQ_1.dat,168,13171032,23,19,0,test,diff_days_indoor,5,0,0,0,0,0,0.2560734450817108
data/raw/osu_lora/Diff_Days_Indoor_Setup/Day5/Device25/IQ_1.dat,169,13249431,23,19,0,test,diff_days_indoor,5,0,0,0,0,0,0.30482086539268494
data/raw/osu_lora/Diff_Days_Indoor_Setup/Day5/Device25/IQ_1.dat,170,13327830,23,19,0,test,diff_days_indoor,5,0,0,0,0,0,0.2753349244594574
data/raw/osu_lora/Diff_Days_Indoor_Setup/Day5/Device25/IQ_1.dat,171,13406229,23,15,0,test,diff_days_indoor,5,0,0,0,0,0,0.24444231390953064
data/raw/osu_lora/Diff_Days_Indoor_Setup/Day5/Device25/IQ_1.dat,172,13484628,23,15,0,test,diff_days_indoor,5,0,0,0,0,0,0.25695115327835083
data/raw/osu_lora/Diff_Days_Indoor_Setup/Day5/Device25/IQ_1.dat,173,13563027,23,19,0,test,diff_days_indoor,5,0,0,0,0,0,0.27218401432037354
data/raw/osu_lora/Diff_Days_Indoor_Setup/Day5/Device25/IQ_1.dat,174,13641426,23,22,0,test,diff_days_indoor,5,0,0,0,0,0,0.2438732534646988
data/raw/osu_lora/Diff_Days_Indoor_Setup/Day5/Device25/IQ_1.dat,175,13719825,23,22,0,test,diff_days_indoor,5,0,0,0,0,0,0.22125929594039917
data/raw/osu_lora/Diff_Days_Indoor_Setup/Day5/Device25/IQ_1.dat,176,13798224,23,19,0,test,diff_days_indoor,5,0,0,0,0,0,0.25756585597991943
data/raw/osu_lora/Diff_Days_Indoor_Setup/Day5/Device25/IQ_1.dat,177,13876623,23,15,0,test,diff_days_indoor,5,0,0,0,0,0,0.23865720629692078
data/raw/osu_lora/Diff_Days_Indoor_Setup/Day5/Device25/IQ_1.dat,178,13955022,23,15,0,test,diff_days_indoor,5,0,0,0,0,0,0.24786201119422913
data/raw/osu_lora/Diff_Days_Indoor_Setup/Day5/Device25/IQ_1.dat,179,14033421,23,19,0,test,diff_days_indoor,5,0,0,0,0,0,0.2487051784992218
data/raw/osu_lora/Diff_Days_Indoor_Setup/Day5/Device25/IQ_1.dat,180,14111820,23,22,0,test,diff_days_indoor,5,0,0,0,0,0,0.2732452154159546
data/raw/osu_lora/Diff_Days_Indoor_Setup/Day5/Device25/IQ_1.dat,181,14190219,23,7,0,test,diff_days_indoor,5,0,0,0,0,0,0.15460564196109772
data/raw/osu_lora/Diff_Days_Indoor_Setup/Day5/Device25/IQ_1.dat,182,14268618,23,15,0,test,diff_days_indoor,5,0,0,0,0,0,0.2551136314868927
data/raw/osu_lora/Diff_Days_Indoor_Setup/Day5/Device25/IQ_1.dat,183,14347017,23,15,0,test,diff_days_indoor,5,0,0,0,0,0,0.25669053196907043
data/raw/osu_lora/Diff_Days_Indoor_Setup/Day5/Device25/IQ_1.dat,184,14425416,23,15,0,test,diff_days_indoor,5,0,0,0,0,0,0.23456627130508423
data/raw/osu_lora/Diff_Days_Indoor_Setup/Day5/Device25/IQ_1.dat,185,14503815,23,15,0,test,diff_days_indoor,5,0,0,0,0,0,0.25383031368255615
data/raw/osu_lora/Diff_Days_Indoor_Setup/Day5/Device25/IQ_1.dat,186,14582214,23,19,0,test,diff_days_indoor,5,0,0,0,0,0,0.2675768733024597
data/raw/osu_lora/Diff_Days_Indoor_Setup/Day5/Device25/IQ_1.dat,187,14660613,23,15,0,test,diff_days_indoor,5,0,0,0,0,0,0.26256057620048523
data/raw/osu_lora/Diff_Days_Indoor_Setup/Day5/Device25/IQ_1.dat,188,14739012,23,15,0,test,diff_days_indoor,5,0,0,0,0,0,0.2229003757238388
data/raw/osu_lora/Diff_Days_Indoor_Setup/Day5/Device25/IQ_1.dat,189,14817411,23,15,0,test,diff_days_indoor,5,0,0,0,0,0,0.18477055430412292
data/raw/osu_lora/Diff_Days_Indoor_Setup/Day5/Device25/IQ_1.dat,190,14895810,23,19,0,test,diff_days_indoor,5,0,0,0,0,0,0.25909483432769775
data/raw/osu_lora/Diff_Days_Indoor_Setup/Day5/Device25/IQ_1.dat,191,14974209,23,15,0,test,diff_days_indoor,5,0,0,0,0,0,0.2620139718055725
data/raw/osu_lora/Diff_Days_Indoor_Setup/Day5/Device25/IQ_1.dat,192,15052608,23,19,0,test,diff_days_indoor,5,0,0,0,0,0,0.2644541263580322
data/raw/osu_lora/Diff_Days_Indoor_Setup/Day5/Device25/IQ_1.dat,193,15131007,23,15,0,test,diff_days_indoor,5,0,0,0,0,0,0.23535257577896118
data/raw/osu_lora/Diff_Days_Indoor_Setup/Day5/Device25/IQ_1.dat,194,15209406,23,15,0,test,diff_days_indoor,5,0,0,0,0,0,0.24725933372974396
data/raw/osu_lora/Diff_Days_Indoor_Setup/Day5/Device25/IQ_1.dat,195,15287805,23,15,0,test,diff_days_indoor,5,0,0,0,0,0,0.1918221414089203
data/raw/osu_lora/Diff_Days_Indoor_Setup/Day5/Device25/IQ_1.dat,196,15366204,23,15,0,test,diff_days_indoor,5,0,0,0,0,0,0.260488897562027
data/raw/osu_lora/Diff_Days_Indoor_Setup/Day5/Device25/IQ_1.dat,197,15444603,23,15,0,test,diff_days_indoor,5,0,0,0,0,0,0.2642577290534973
data/raw/osu_lora/Diff_Days_Indoor_Setup/Day5/Device25/IQ_1.dat,198,15523002,23,15,0,test,diff_days_indoor,5,0,0,0,0,0,0.2412727028131485
data/raw/osu_lora/Diff_Days_Indoor_Setup/Day5/Device25/IQ_1.dat,199,15601401,23,19,0,test,diff_days_indoor,5,0,0,0,0,0,0.2678530514240265
data/raw/osu_lora/Diff_Days_Indoor_Setup/Day5/Device25/IQ_1.dat,200,15679800,23,15,0,test,diff_days_indoor,5,0,0,0,0,0,0.23150068521499634
data/raw/osu_lora/Diff_Days_Indoor_Setup/Day5/Device25/IQ_1.dat,201,15758199,23,15,0,test,diff_days_indoor,5,0,0,0,0,0,0.2551347017288208
data/raw/osu_lora/Diff_Days_Indoor_Setup/Day5/Device25/IQ_1.dat,202,15836598,23,22,0,test,diff_days_indoor,5,0,0,0,0,0,0.2538963854312897
data/raw/osu_lora/Diff_Days_Indoor_Setup/Day5/Device25/IQ_1.dat,203,15914997,23,22,0,test,diff_days_indoor,5,0,0,0,0,0,0.25912657380104065
data/raw/osu_lora/Diff_Days_Indoor_Setup/Day5/Device25/IQ_1.dat,204,15993396,23,15,0,test,diff_days_indoor,5,0,0,0,0,0,0.25688761472702026
data/raw/osu_lora/Diff_Days_Indoor_Setup/Day5/Device25/IQ_1.dat,205,16071795,23,19,0,test,diff_days_indoor,5,0,0,0,0,0,0.283433735370636
data/raw/osu_lora/Diff_Days_Indoor_Setup/Day5/Device25/IQ_1.dat,206,16150194,23,15,0,test,diff_days_indoor,5,0,0,0,0,0,0.2566663920879364
data/raw/osu_lora/Diff_Days_Indoor_Setup/Day5/Device25/IQ_1.dat,207,16228593,23,7,0,test,diff_days_indoor,5,0,0,0,0,0,0.08870164304971695
data/raw/osu_lora/Diff_Days_Indoor_Setup/Day5/Device25/IQ_1.dat,208,16306992,23,15,0,test,diff_days_indoor,5,0,0,0,0,0,0.2542763352394104
data/raw/osu_lora/Diff_Days_Indoor_Setup/Day5/Device25/IQ_1.dat,209,16385391,23,22,0,test,diff_days_indoor,5,0,0,0,0,0,0.25221893191337585
data/raw/osu_lora/Diff_Days_Indoor_Setup/Day5/Device25/IQ_1.dat,210,16463790,23,15,0,test,diff_days_indoor,5,0,0,0,0,0,0.25752851366996765
data/raw/osu_lora/Diff_Days_Indoor_Setup/Day5/Device25/IQ_1.dat,211,16542189,23,22,0,test,diff_days_indoor,5,0,0,0,0,0,0.259000301361084
data/raw/osu_lora/Diff_Days_Indoor_Setup/Day5/Device25/IQ_1.dat,212,16620588,23,15,0,test,diff_days_indoor,5,0,0,0,0,0,0.25224313139915466
data/raw/osu_lora/Diff_Days_Indoor_Setup/Day5/Device25/IQ_1.dat,213,16698987,23,15,0,test,diff_days_indoor,5,0,0,0,0,0,0.25760772824287415
data/raw/osu_lora/Diff_Days_Indoor_Setup/Day5/Device25/IQ_1.dat,214,16777386,23,15,0,test,diff_days_indoor,5,0,0,0,0,0,0.2187993973493576
data/raw/osu_lora/Diff_Days_Indoor_Setup/Day5/Device25/IQ_1.dat,215,16855785,23,15,0,test,diff_days_indoor,5,0,0,0,0,0,0.26112887263298035
data/raw/osu_lora/Diff_Days_Indoor_Setup/Day5/Device25/IQ_1.dat,216,16934184,23,19,0,test,diff_days_indoor,5,0,0,0,0,0,0.2967291474342346
data/raw/osu_lora/Diff_Days_Indoor_Setup/Day5/Device25/IQ_1.dat,217,17012583,23,15,0,test,diff_days_indoor,5,0,0,0,0,0,0.25673869252204895
data/raw/osu_lora/Diff_Days_Indoor_Setup/Day5/Device25/IQ_1.dat,218,17090982,23,15,0,test,diff_days_indoor,5,0,0,0,0,0,0.26342472434043884
data/raw/osu_lora/Diff_Days_Indoor_Setup/Day5/Device25/IQ_1.dat,219,17169381,23,15,0,test,diff_days_indoor,5,0,0,0,0,0,0.25697457790374756
data/raw/osu_lora/Diff_Days_Indoor_Setup/Day5/Device25/IQ_1.dat,220,17247780,23,15,0,test,diff_days_indoor,5,0,0,0,0,0,0.2581319212913513
data/raw/osu_lora/Diff_Days_Indoor_Setup/Day5/Device25/IQ_1.dat,221,17326179,23,15,0,test,diff_days_indoor,5,0,0,0,0,0,0.25601276755332947
data/raw/osu_lora/Diff_Days_Indoor_Setup/Day5/Device25/IQ_1.dat,222,17404578,23,15,0,test,diff_days_indoor,5,0,0,0,0,0,0.25258854031562805
data/raw/osu_lora/Diff_Days_Indoor_Setup/Day5/Device25/IQ_1.dat,223,17482977,23,15,0,test,diff_days_indoor,5,0,0,0,0,0,0.25568270683288574
data/raw/osu_lora/Diff_Days_Indoor_Setup/Day5/Device25/IQ_1.dat,224,17561376,23,15,0,test,diff_days_indoor,5,0,0,0,0,0,0.25645723938941956
data/raw/osu_lora/Diff_Days_Indoor_Setup/Day5/Device25/IQ_1.dat,225,17639775,23,15,0,test,diff_days_indoor,5,0,0,0,0,0,0.25526848435401917
data/raw/osu_lora/Diff_Days_Indoor_Setup/Day5/Device25/IQ_1.dat,226,17718174,23,15,0,test,diff_days_indoor,5,0,0,0,0,0,0.2497524917125702
data/raw/osu_lora/Diff_Days_Indoor_Setup/Day5/Device25/IQ_1.dat,227,17796573,23,15,0,test,diff_days_indoor,5,0,0,0,0,0,0.2537446916103363
data/raw/osu_lora/Diff_Days_Indoor_Setup/Day5/Device25/IQ_1.dat,228,17874972,23,19,0,test,diff_days_indoor,5,0,0,0,0,0,0.2879828214645386
data/raw/osu_lora/Diff_Days_Indoor_Setup/Day5/Device25/IQ_1.dat,229,17953371,23,15,0,test,diff_days_indoor,5,0,0,0,0,0,0.24173595011234283
data/raw/osu_lora/Diff_Days_Indoor_Setup/Day5/Device25/IQ_1.dat,230,18031770,23,19,0,test,diff_days_indoor,5,0,0,0,0,0,0.28425517678260803
data/raw/osu_lora/Diff_Days_Indoor_Setup/Day5/Device25/IQ_1.dat,231,18110169,23,15,0,test,diff_days_indoor,5,0,0,0,0,0,0.251609206199646
data/raw/osu_lora/Diff_Days_Indoor_Setup/Day5/Device25/IQ_1.dat,232,18188568,23,15,0,test,diff_days_indoor,5,0,0,0,0,0,0.237171933054924
data/raw/osu_lora/Diff_Days_Indoor_Setup/Day5/Device25/IQ_1.dat,233,18266967,23,19,0,test,diff_days_indoor,5,0,0,0,0,0,0.24846750497817993
data/raw/osu_lora/Diff_Days_Indoor_Setup/Day5/Device25/IQ_1.dat,234,18345366,23,15,0,test,diff_days_indoor,5,0,0,0,0,0,0.2581426799297333
data/raw/osu_lora/Diff_Days_Indoor_Setup/Day5/Device25/IQ_1.dat,235,18423765,23,15,0,test,diff_days_indoor,5,0,0,0,0,0,0.2472870796918869
data/raw/osu_lora/Diff_Days_Indoor_Setup/Day5/Device25/IQ_1.dat,236,18502164,23,15,0,test,diff_days_indoor,5,0,0,0,0,0,0.19145554304122925
data/raw/osu_lora/Diff_Days_Indoor_Setup/Day5/Device25/IQ_1.dat,237,18580563,23,15,0,test,diff_days_indoor,5,0,0,0,0,0,0.2508605420589447
data/raw/osu_lora/Diff_Days_Indoor_Setup/Day5/Device25/IQ_1.dat,238,18658962,23,15,0,test,diff_days_indoor,5,0,0,0,0,0,0.26150384545326233
data/raw/osu_lora/Diff_Days_Indoor_Setup/Day5/Device25/IQ_1.dat,239,18737361,23,15,0,test,diff_days_indoor,5,0,0,0,0,0,0.2341768443584442
data/raw/osu_lora/Diff_Days_Indoor_Setup/Day5/Device25/IQ_1.dat,240,18815760,23,15,0,test,diff_days_indoor,5,0,0,0,0,0,0.2524832785129547
data/raw/osu_lora/Diff_Days_Indoor_Setup/Day5/Device25/IQ_1.dat,241,18894159,23,15,0,test,diff_days_indoor,5,0,0,0,0,0,0.2518872022628784
data/raw/osu_lora/Diff_Days_Indoor_Setup/Day5/Device25/IQ_1.dat,242,18972558,23,15,0,test,diff_days_indoor,5,0,0,0,0,0,0.2628878057003021
data/raw/osu_lora/Diff_Days_Indoor_Setup/Day5/Device25/IQ_1.dat,243,19050957,23,15,0,test,diff_days_indoor,5,0,0,0,0,0,0.25812235474586487
data/raw/osu_lora/Diff_Days_Indoor_Setup/Day5/Device25/IQ_1.dat,244,19129356,23,15,0,test,diff_days_indoor,5,0,0,0,0,0,0.24255697429180145
data/raw/osu_lora/Diff_Days_Indoor_Setup/Day5/Device25/IQ_1.dat,245,19207755,23,15,0,test,diff_days_indoor,5,0,0,0,0,0,0.2559908926486969
data/raw/osu_lora/Diff_Days_Indoor_Setup/Day5/Device25/IQ_1.dat,246,19286154,23,15,0,test,diff_days_indoor,5,0,0,0,0,0,0.2589772939682007
data/raw/osu_lora/Diff_Days_Indoor_Setup/Day5/Device25/IQ_1.dat,247,19364553,23,15,0,test,diff_days_indoor,5,0,0,0,0,0,0.24484573304653168
data/raw/osu_lora/Diff_Days_Indoor_Setup/Day5/Device25/IQ_1.dat,248,19442952,23,15,0,test,diff_days_indoor,5,0,0,0,0,0,0.22995345294475555
data/raw/osu_lora/Diff_Days_Indoor_Setup/Day5/Device25/IQ_1.dat,249,19521351,23,17,0,test,diff_days_indoor,5,0,0,0,0,0,0.18827608227729797
data/raw/osu_lora/Diff_Days_Indoor_Setup/Day5/Device25/IQ_1.dat,250,19599750,23,15,0,test,diff_days_indoor,5,0,0,0,0,0,0.25697433948516846
data/raw/osu_lora/Diff_Days_Indoor_Setup/Day5/Device25/IQ_1.dat,251,19678149,23,15,0,test,diff_days_indoor,5,0,0,0,0,0,0.26336172223091125
data/raw/osu_lora/Diff_Days_Indoor_Setup/Day5/Device25/IQ_1.dat,252,19756548,23,15,0,test,diff_days_indoor,5,0,0,0,0,0,0.2573138475418091
data/raw/osu_lora/Diff_Days_Indoor_Setup/Day5/Device25/IQ_1.dat,253,19834947,23,19,0,test,diff_days_indoor,5,0,0,0,0,0,0.2764470875263214
data/raw/osu_lora/Diff_Days_Indoor_Setup/Day5/Device25/IQ_1.dat,254,19913346,23,7,0,test,diff_days_indoor,5,0,0,0,0,0,0.13396021723747253
data/raw/osu_lora/Diff_Days_Indoor_Setup/Day5/Device25/IQ_1.dat,255,19991745,23,15,0,test,diff_days_indoor,5,0,0,0,0,0,0.2597474455833435
